gameID_pred,id,response,irt,source_id,rank,normalizedPredicted,data-category,model,type
,01JVAF37FPWWXW16QGYYTRXSZW-animals,dog,4058.0,01JRZMD7YGCM4R3WQAZZ3T4YC7-animals,1,,animals,human,human
01JVAEPB64PH0YYRWPMKJ8YEJY,01JVAF37FPWWXW16QGYYTRXSZW-animals,cat,1721.0,01JRZMD7YGCM4R3WQAZZ3T4YC7-animals,2,cat,animals,human,human
01JVAEPB64PH0YYRWPMKJ8YEJY,01JVAF37FPWWXW16QGYYTRXSZW-animals,pig,1441.0,01JRZMD7YGCM4R3WQAZZ3T4YC7-animals,3,rat,animals,human,human
01JVAEPB64PH0YYRWPMKJ8YEJY,01JVAF37FPWWXW16QGYYTRXSZW-animals,zebra,2314.0,01JRZMD7YGCM4R3WQAZZ3T4YC7-animals,4,horse,animals,human,human
01JVAEPB64PH0YYRWPMKJ8YEJY,01JVAF37FPWWXW16QGYYTRXSZW-animals,horse,2886.0,01JRZMD7YGCM4R3WQAZZ3T4YC7-animals,5,lion,animals,human,human
01JVAEPB64PH0YYRWPMKJ8YEJY,01JVAF37FPWWXW16QGYYTRXSZW-animals,snake,7620.0,01JRZMD7YGCM4R3WQAZZ3T4YC7-animals,6,cow,animals,human,human
01JVAEPB64PH0YYRWPMKJ8YEJY,01JVAF37FPWWXW16QGYYTRXSZW-animals,spider,1954.0,01JRZMD7YGCM4R3WQAZZ3T4YC7-animals,7,crocodile,animals,human,human
01JVAEPB64PH0YYRWPMKJ8YEJY,01JVAF37FPWWXW16QGYYTRXSZW-animals,dinosaur,4902.0,01JRZMD7YGCM4R3WQAZZ3T4YC7-animals,8,ant,animals,human,human
01JVAEPB64PH0YYRWPMKJ8YEJY,01JVAF37FPWWXW16QGYYTRXSZW-animals,hippo,6703.0,01JRZMD7YGCM4R3WQAZZ3T4YC7-animals,9,antelope,animals,human,human
01JVAEPB64PH0YYRWPMKJ8YEJY,01JVAF37FPWWXW16QGYYTRXSZW-animals,elephant,2416.0,01JRZMD7YGCM4R3WQAZZ3T4YC7-animals,10,rat,animals,human,human
01JVAEPB64PH0YYRWPMKJ8YEJY,01JVAF37FPWWXW16QGYYTRXSZW-animals,bear,3287.0,01JRZMD7YGCM4R3WQAZZ3T4YC7-animals,11,lion,animals,human,human
01JVAEPB64PH0YYRWPMKJ8YEJY,01JVAF37FPWWXW16QGYYTRXSZW-animals,monkey,2937.0,01JRZMD7YGCM4R3WQAZZ3T4YC7-animals,12,monkey,animals,human,human
01JVAEPB64PH0YYRWPMKJ8YEJY,01JVAF37FPWWXW16QGYYTRXSZW-animals,dragonfly,13971.0,01JRZMD7YGCM4R3WQAZZ3T4YC7-animals,13,chimpanzee,animals,human,human
01JVAEPB64PH0YYRWPMKJ8YEJY,01JVAF37FPWWXW16QGYYTRXSZW-animals,fly,2528.0,01JRZMD7YGCM4R3WQAZZ3T4YC7-animals,14,mosquito,animals,human,human
01JVAEPB64PH0YYRWPMKJ8YEJY,01JVAF37FPWWXW16QGYYTRXSZW-animals,anaconda,5858.0,01JRZMD7YGCM4R3WQAZZ3T4YC7-animals,15,mosquito,animals,human,human
01JVAEPB64PH0YYRWPMKJ8YEJY,01JVAF37FPWWXW16QGYYTRXSZW-animals,rat,6481.0,01JRZMD7YGCM4R3WQAZZ3T4YC7-animals,16,cobra,animals,human,human
01JVAEPB64PH0YYRWPMKJ8YEJY,01JVAF37FPWWXW16QGYYTRXSZW-animals,frog,7743.0,01JRZMD7YGCM4R3WQAZZ3T4YC7-animals,17,toad,animals,human,human
01JVAEPB64PH0YYRWPMKJ8YEJY,01JVAF37FPWWXW16QGYYTRXSZW-animals,lion,9950.0,01JRZMD7YGCM4R3WQAZZ3T4YC7-animals,18,toad,animals,human,human
01JVAEPB64PH0YYRWPMKJ8YEJY,01JVAF37FPWWXW16QGYYTRXSZW-animals,cheetah,2242.0,01JRZMD7YGCM4R3WQAZZ3T4YC7-animals,19,hyena,animals,human,human
01JVAEPB64PH0YYRWPMKJ8YEJY,01JVAF37FPWWXW16QGYYTRXSZW-animals,jaguar,5190.0,01JRZMD7YGCM4R3WQAZZ3T4YC7-animals,20,tiger,animals,human,human
01JVAEPB64PH0YYRWPMKJ8YEJY,01JVAF37FPWWXW16QGYYTRXSZW-animals,mouse,13412.0,01JRZMD7YGCM4R3WQAZZ3T4YC7-animals,21,tiger,animals,human,human
01JVAEPB64PH0YYRWPMKJ8YEJY,01JVAF37FPWWXW16QGYYTRXSZW-animals,rabbit,8109.0,01JRZMD7YGCM4R3WQAZZ3T4YC7-animals,22,cock,animals,human,human
01JVAEPB64PH0YYRWPMKJ8YEJY,01JVAF37FPWWXW16QGYYTRXSZW-animals,hedgehog,4606.0,01JRZMD7YGCM4R3WQAZZ3T4YC7-animals,23,snail,animals,human,human
01JVAEPB64PH0YYRWPMKJ8YEJY,01JVAF37FPWWXW16QGYYTRXSZW-animals,ladybug,5585.0,01JRZMD7YGCM4R3WQAZZ3T4YC7-animals,24,fox,animals,human,human
01JVAEPB64PH0YYRWPMKJ8YEJY,01JVAF37FPWWXW16QGYYTRXSZW-animals,mouse,12905.0,01JRZMD7YGCM4R3WQAZZ3T4YC7-animals,25,squirrel,animals,human,human
01JVAEPB64PH0YYRWPMKJ8YEJY,01JVAF37FPWWXW16QGYYTRXSZW-animals,ostrich,6272.0,01JRZMD7YGCM4R3WQAZZ3T4YC7-animals,26,hyena,animals,human,human
01JVAEPB64PH0YYRWPMKJ8YEJY,01JVAF37FPWWXW16QGYYTRXSZW-animals,fish,1478.0,01JRZMD7YGCM4R3WQAZZ3T4YC7-animals,27,hen,animals,human,human
01JVAEPB64PH0YYRWPMKJ8YEJY,01JVAF37FPWWXW16QGYYTRXSZW-animals,starfish,6126.0,01JRZMD7YGCM4R3WQAZZ3T4YC7-animals,28,eagle,animals,human,human
01JVAEPB64PH0YYRWPMKJ8YEJY,01JVAF37FPWWXW16QGYYTRXSZW-animals,shark,2993.0,01JRZMD7YGCM4R3WQAZZ3T4YC7-animals,29,shark,animals,human,human
01JVAEPB64PH0YYRWPMKJ8YEJY,01JVAF37FPWWXW16QGYYTRXSZW-animals,leopard,15187.0,01JRZMD7YGCM4R3WQAZZ3T4YC7-animals,30,starfish,animals,human,human
,01JVAEZRVYKAN9Q0C020PH6DMJ-animals,cat,2411.0,01JRZVVD8WBQEKB5T84KZDZJ3F-animals,1,,animals,human,human
01JVAEPB5MKP7WR3WJ05XG1BEG,01JVAEZRVYKAN9Q0C020PH6DMJ-animals,cow,751.0,01JRZVVD8WBQEKB5T84KZDZJ3F-animals,2,dog,animals,human,human
01JVAEPB5MKP7WR3WJ05XG1BEG,01JVAEZRVYKAN9Q0C020PH6DMJ-animals,horse,1034.0,01JRZVVD8WBQEKB5T84KZDZJ3F-animals,3,dog,animals,human,human
01JVAEPB5MKP7WR3WJ05XG1BEG,01JVAEZRVYKAN9Q0C020PH6DMJ-animals,pig,1443.0,01JRZVVD8WBQEKB5T84KZDZJ3F-animals,4,fish,animals,human,human
01JVAEPB5MKP7WR3WJ05XG1BEG,01JVAEZRVYKAN9Q0C020PH6DMJ-animals,chimpanzee,2079.0,01JRZVVD8WBQEKB5T84KZDZJ3F-animals,5,eagle,animals,human,human
01JVAEPB5MKP7WR3WJ05XG1BEG,01JVAEZRVYKAN9Q0C020PH6DMJ-animals,elephant,1582.0,01JRZVVD8WBQEKB5T84KZDZJ3F-animals,6,fish,animals,human,human
01JVAEPB5MKP7WR3WJ05XG1BEG,01JVAEZRVYKAN9Q0C020PH6DMJ-animals,tiger,973.0,01JRZVVD8WBQEKB5T84KZDZJ3F-animals,7,fish,animals,human,human
01JVAEPB5MKP7WR3WJ05XG1BEG,01JVAEZRVYKAN9Q0C020PH6DMJ-animals,lion,2126.0,01JRZVVD8WBQEKB5T84KZDZJ3F-animals,8,fish,animals,human,human
01JVAEPB5MKP7WR3WJ05XG1BEG,01JVAEZRVYKAN9Q0C020PH6DMJ-animals,puma,1037.0,01JRZVVD8WBQEKB5T84KZDZJ3F-animals,9,fish,animals,human,human
01JVAEPB5MKP7WR3WJ05XG1BEG,01JVAEZRVYKAN9Q0C020PH6DMJ-animals,cheetah,2049.0,01JRZVVD8WBQEKB5T84KZDZJ3F-animals,10,fish,animals,human,human
01JVAEPB5MKP7WR3WJ05XG1BEG,01JVAEZRVYKAN9Q0C020PH6DMJ-animals,rhino,1654.0,01JRZVVD8WBQEKB5T84KZDZJ3F-animals,11,fish,animals,human,human
01JVAEPB5MKP7WR3WJ05XG1BEG,01JVAEZRVYKAN9Q0C020PH6DMJ-animals,flamingo,3602.0,01JRZVVD8WBQEKB5T84KZDZJ3F-animals,12,fish,animals,human,human
01JVAEPB5MKP7WR3WJ05XG1BEG,01JVAEZRVYKAN9Q0C020PH6DMJ-animals,porcupine,4372.0,01JRZVVD8WBQEKB5T84KZDZJ3F-animals,13,fish,animals,human,human
01JVAEPB5MKP7WR3WJ05XG1BEG,01JVAEZRVYKAN9Q0C020PH6DMJ-animals,dolphin,2730.0,01JRZVVD8WBQEKB5T84KZDZJ3F-animals,14,fish,animals,human,human
01JVAEPB5MKP7WR3WJ05XG1BEG,01JVAEZRVYKAN9Q0C020PH6DMJ-animals,blue whale,4102.0,01JRZVVD8WBQEKB5T84KZDZJ3F-animals,15,fish,animals,human,human
01JVAEPB5MKP7WR3WJ05XG1BEG,01JVAEZRVYKAN9Q0C020PH6DMJ-animals,great white shark,3964.0,01JRZVVD8WBQEKB5T84KZDZJ3F-animals,16,fish,animals,human,human
01JVAEPB5MKP7WR3WJ05XG1BEG,01JVAEZRVYKAN9Q0C020PH6DMJ-animals,hammerhead shark,4242.0,01JRZVVD8WBQEKB5T84KZDZJ3F-animals,17,eel,animals,human,human
01JVAEPB5MKP7WR3WJ05XG1BEG,01JVAEZRVYKAN9Q0C020PH6DMJ-animals,basking shark,2895.0,01JRZVVD8WBQEKB5T84KZDZJ3F-animals,18,fish,animals,human,human
01JVAEPB5MKP7WR3WJ05XG1BEG,01JVAEZRVYKAN9Q0C020PH6DMJ-animals,tortoise,3003.0,01JRZVVD8WBQEKB5T84KZDZJ3F-animals,19,fish,animals,human,human
01JVAEPB5MKP7WR3WJ05XG1BEG,01JVAEZRVYKAN9Q0C020PH6DMJ-animals,terrapin,1625.0,01JRZVVD8WBQEKB5T84KZDZJ3F-animals,20,fish,animals,human,human
01JVAEPB5MKP7WR3WJ05XG1BEG,01JVAEZRVYKAN9Q0C020PH6DMJ-animals,turtle,1989.0,01JRZVVD8WBQEKB5T84KZDZJ3F-animals,21,fish,animals,human,human
01JVAEPB5MKP7WR3WJ05XG1BEG,01JVAEZRVYKAN9Q0C020PH6DMJ-animals,snapping turtle,4641.0,01JRZVVD8WBQEKB5T84KZDZJ3F-animals,22,fish,animals,human,human
01JVAEPB5MKP7WR3WJ05XG1BEG,01JVAEZRVYKAN9Q0C020PH6DMJ-animals,antelope,4326.0,01JRZVVD8WBQEKB5T84KZDZJ3F-animals,23,fish,animals,human,human
01JVAEPB5MKP7WR3WJ05XG1BEG,01JVAEZRVYKAN9Q0C020PH6DMJ-animals,anteater,2322.0,01JRZVVD8WBQEKB5T84KZDZJ3F-animals,24,fish,animals,human,human
01JVAEPB5MKP7WR3WJ05XG1BEG,01JVAEZRVYKAN9Q0C020PH6DMJ-animals,duck-billed platypus,7573.0,01JRZVVD8WBQEKB5T84KZDZJ3F-animals,25,fish,animals,human,human
01JVAEPB5MKP7WR3WJ05XG1BEG,01JVAEZRVYKAN9Q0C020PH6DMJ-animals,dog,1582.0,01JRZVVD8WBQEKB5T84KZDZJ3F-animals,26,fish,animals,human,human
01JVAEPB5MKP7WR3WJ05XG1BEG,01JVAEZRVYKAN9Q0C020PH6DMJ-animals,hamster,1278.0,01JRZVVD8WBQEKB5T84KZDZJ3F-animals,27,fish,animals,human,human
01JVAEPB5MKP7WR3WJ05XG1BEG,01JVAEZRVYKAN9Q0C020PH6DMJ-animals,guinea pig,3471.0,01JRZVVD8WBQEKB5T84KZDZJ3F-animals,28,fish,animals,human,human
01JVAEPB5MKP7WR3WJ05XG1BEG,01JVAEZRVYKAN9Q0C020PH6DMJ-animals,rabbit,1432.0,01JRZVVD8WBQEKB5T84KZDZJ3F-animals,29,goldfish,animals,human,human
01JVAEPB5MKP7WR3WJ05XG1BEG,01JVAEZRVYKAN9Q0C020PH6DMJ-animals,hare,1346.0,01JRZVVD8WBQEKB5T84KZDZJ3F-animals,30,goldfish,animals,human,human
01JVAEPB5MKP7WR3WJ05XG1BEG,01JVAEZRVYKAN9Q0C020PH6DMJ-animals,carp,2436.0,01JRZVVD8WBQEKB5T84KZDZJ3F-animals,31,goldfish,animals,human,human
01JVAEPB5MKP7WR3WJ05XG1BEG,01JVAEZRVYKAN9Q0C020PH6DMJ-animals,roach,1076.0,01JRZVVD8WBQEKB5T84KZDZJ3F-animals,32,goldfish,animals,human,human
01JVAEPB5MKP7WR3WJ05XG1BEG,01JVAEZRVYKAN9Q0C020PH6DMJ-animals,tench,1533.0,01JRZVVD8WBQEKB5T84KZDZJ3F-animals,33,goldfish,animals,human,human
01JVAEPB5MKP7WR3WJ05XG1BEG,01JVAEZRVYKAN9Q0C020PH6DMJ-animals,bream,2382.0,01JRZVVD8WBQEKB5T84KZDZJ3F-animals,34,goldfish,animals,human,human
01JVAEPB5MKP7WR3WJ05XG1BEG,01JVAEZRVYKAN9Q0C020PH6DMJ-animals,perch,1349.0,01JRZVVD8WBQEKB5T84KZDZJ3F-animals,35,goldfish,animals,human,human
01JVAEPB5MKP7WR3WJ05XG1BEG,01JVAEZRVYKAN9Q0C020PH6DMJ-animals,tuna,1341.0,01JRZVVD8WBQEKB5T84KZDZJ3F-animals,36,goldfish,animals,human,human
01JVAEPB5MKP7WR3WJ05XG1BEG,01JVAEZRVYKAN9Q0C020PH6DMJ-animals,ant,3528.0,01JRZVVD8WBQEKB5T84KZDZJ3F-animals,37,goldfish,animals,human,human
01JVAEPB5MKP7WR3WJ05XG1BEG,01JVAEZRVYKAN9Q0C020PH6DMJ-animals,gazelle,8841.0,01JRZVVD8WBQEKB5T84KZDZJ3F-animals,38,goldfish,animals,human,human
01JVAEPB5MKP7WR3WJ05XG1BEG,01JVAEZRVYKAN9Q0C020PH6DMJ-animals,macaque monkey,11009.0,01JRZVVD8WBQEKB5T84KZDZJ3F-animals,39,goldfish,animals,human,human
01JVAEPB5MKP7WR3WJ05XG1BEG,01JVAEZRVYKAN9Q0C020PH6DMJ-animals,gorilla,1931.0,01JRZVVD8WBQEKB5T84KZDZJ3F-animals,40,goldfish,animals,human,human
01JVAEPB5MKP7WR3WJ05XG1BEG,01JVAEZRVYKAN9Q0C020PH6DMJ-animals,sheep,6395.0,01JRZVVD8WBQEKB5T84KZDZJ3F-animals,41,goldfish,animals,human,human
01JVAEPB5MKP7WR3WJ05XG1BEG,01JVAEZRVYKAN9Q0C020PH6DMJ-animals,donkey,3173.0,01JRZVVD8WBQEKB5T84KZDZJ3F-animals,42,goldfish,animals,human,human
01JVAEPB5MKP7WR3WJ05XG1BEG,01JVAEZRVYKAN9Q0C020PH6DMJ-animals,ass,1605.0,01JRZVVD8WBQEKB5T84KZDZJ3F-animals,43,goldfish,animals,human,human
01JVAEPB5MKP7WR3WJ05XG1BEG,01JVAEZRVYKAN9Q0C020PH6DMJ-animals,falcon,15172.0,01JRZVVD8WBQEKB5T84KZDZJ3F-animals,44,goldfish,animals,human,human
01JVAEPB5MKP7WR3WJ05XG1BEG,01JVAEZRVYKAN9Q0C020PH6DMJ-animals,eagle,1994.0,01JRZVVD8WBQEKB5T84KZDZJ3F-animals,45,goldfish,animals,human,human
01JVAEPB5MKP7WR3WJ05XG1BEG,01JVAEZRVYKAN9Q0C020PH6DMJ-animals,robin,4384.0,01JRZVVD8WBQEKB5T84KZDZJ3F-animals,46,goldfish,animals,human,human
01JVAEPB5MKP7WR3WJ05XG1BEG,01JVAEZRVYKAN9Q0C020PH6DMJ-animals,finch,935.0,01JRZVVD8WBQEKB5T84KZDZJ3F-animals,47,goldfish,animals,human,human
01JVAEPB5MKP7WR3WJ05XG1BEG,01JVAEZRVYKAN9Q0C020PH6DMJ-animals,parakeet,2798.0,01JRZVVD8WBQEKB5T84KZDZJ3F-animals,48,goldfish,animals,human,human
01JVAEPB5MKP7WR3WJ05XG1BEG,01JVAEZRVYKAN9Q0C020PH6DMJ-animals,rat,4452.0,01JRZVVD8WBQEKB5T84KZDZJ3F-animals,49,goldfish,animals,human,human
01JVAEPB5MKP7WR3WJ05XG1BEG,01JVAEZRVYKAN9Q0C020PH6DMJ-animals,mouse,842.0,01JRZVVD8WBQEKB5T84KZDZJ3F-animals,50,goldfish,animals,human,human
01JVAEPB5MKP7WR3WJ05XG1BEG,01JVAEZRVYKAN9Q0C020PH6DMJ-animals,dormouse,1853.0,01JRZVVD8WBQEKB5T84KZDZJ3F-animals,51,goldfish,animals,human,human
01JVAEPB5MKP7WR3WJ05XG1BEG,01JVAEZRVYKAN9Q0C020PH6DMJ-animals,shrew,4108.0,01JRZVVD8WBQEKB5T84KZDZJ3F-animals,52,goldfish,animals,human,human
01JVAEPB5MKP7WR3WJ05XG1BEG,01JVAEZRVYKAN9Q0C020PH6DMJ-animals,raccoon,7907.0,01JRZVVD8WBQEKB5T84KZDZJ3F-animals,53,goldfish,animals,human,human
01JVAEPB5MKP7WR3WJ05XG1BEG,01JVAEZRVYKAN9Q0C020PH6DMJ-animals,pony,1771.0,01JRZVVD8WBQEKB5T84KZDZJ3F-animals,54,goldfish,animals,human,human
01JVAEPB5MKP7WR3WJ05XG1BEG,01JVAEZRVYKAN9Q0C020PH6DMJ-animals,highland cattle,8186.0,01JRZVVD8WBQEKB5T84KZDZJ3F-animals,55,goldfish,animals,human,human
,01JVAF47534ZSKB4R4YGQR455D-animals,bird,4052.0,01JRZV24TKM8XJQ7CXX2T3ZWGX-animals,1,,animals,human,human
01JVAEPB5JVEARW0VCG493E001,01JVAF47534ZSKB4R4YGQR455D-animals,cat,1013.0,01JRZV24TKM8XJQ7CXX2T3ZWGX-animals,2,cat,animals,human,human
01JVAEPB5JVEARW0VCG493E001,01JVAF47534ZSKB4R4YGQR455D-animals,dog,1331.0,01JRZV24TKM8XJQ7CXX2T3ZWGX-animals,3,dog,animals,human,human
01JVAEPB5JVEARW0VCG493E001,01JVAF47534ZSKB4R4YGQR455D-animals,horse,1359.0,01JRZV24TKM8XJQ7CXX2T3ZWGX-animals,4,mouse,animals,human,human
01JVAEPB5JVEARW0VCG493E001,01JVAF47534ZSKB4R4YGQR455D-animals,sloth,6736.0,01JRZV24TKM8XJQ7CXX2T3ZWGX-animals,5,sheep,animals,human,human
01JVAEPB5JVEARW0VCG493E001,01JVAF47534ZSKB4R4YGQR455D-animals,capybara,1634.0,01JRZV24TKM8XJQ7CXX2T3ZWGX-animals,6,koala,animals,human,human
01JVAEPB5JVEARW0VCG493E001,01JVAF47534ZSKB4R4YGQR455D-animals,llama,2858.0,01JRZV24TKM8XJQ7CXX2T3ZWGX-animals,7,wombat,animals,human,human
01JVAEPB5JVEARW0VCG493E001,01JVAF47534ZSKB4R4YGQR455D-animals,alpaca,1441.0,01JRZV24TKM8XJQ7CXX2T3ZWGX-animals,8,camel,animals,human,human
01JVAEPB5JVEARW0VCG493E001,01JVAF47534ZSKB4R4YGQR455D-animals,rabbit,2659.0,01JRZV24TKM8XJQ7CXX2T3ZWGX-animals,9,camel,animals,human,human
01JVAEPB5JVEARW0VCG493E001,01JVAF47534ZSKB4R4YGQR455D-animals,skunk,2520.0,01JRZV24TKM8XJQ7CXX2T3ZWGX-animals,10,hare,animals,human,human
01JVAEPB5JVEARW0VCG493E001,01JVAF47534ZSKB4R4YGQR455D-animals,mole,1908.0,01JRZV24TKM8XJQ7CXX2T3ZWGX-animals,11,turtle,animals,human,human
01JVAEPB5JVEARW0VCG493E001,01JVAF47534ZSKB4R4YGQR455D-animals,aardvark,6653.0,01JRZV24TKM8XJQ7CXX2T3ZWGX-animals,12,mouse,animals,human,human
01JVAEPB5JVEARW0VCG493E001,01JVAF47534ZSKB4R4YGQR455D-animals,anteater,2824.0,01JRZV24TKM8XJQ7CXX2T3ZWGX-animals,13,snake,animals,human,human
01JVAEPB5JVEARW0VCG493E001,01JVAF47534ZSKB4R4YGQR455D-animals,cheetah,1752.0,01JRZV24TKM8XJQ7CXX2T3ZWGX-animals,14,bear,animals,human,human
01JVAEPB5JVEARW0VCG493E001,01JVAF47534ZSKB4R4YGQR455D-animals,lion,1372.0,01JRZV24TKM8XJQ7CXX2T3ZWGX-animals,15,puma,animals,human,human
01JVAEPB5JVEARW0VCG493E001,01JVAF47534ZSKB4R4YGQR455D-animals,panther,3570.0,01JRZV24TKM8XJQ7CXX2T3ZWGX-animals,16,tiger,animals,human,human
01JVAEPB5JVEARW0VCG493E001,01JVAF47534ZSKB4R4YGQR455D-animals,tiger,1767.0,01JRZV24TKM8XJQ7CXX2T3ZWGX-animals,17,puma,animals,human,human
01JVAEPB5JVEARW0VCG493E001,01JVAF47534ZSKB4R4YGQR455D-animals,bobcat,1559.0,01JRZV24TKM8XJQ7CXX2T3ZWGX-animals,18,elephant,animals,human,human
01JVAEPB5JVEARW0VCG493E001,01JVAF47534ZSKB4R4YGQR455D-animals,cougar,2395.0,01JRZV24TKM8XJQ7CXX2T3ZWGX-animals,19,puma,animals,human,human
01JVAEPB5JVEARW0VCG493E001,01JVAF47534ZSKB4R4YGQR455D-animals,ferret,5235.0,01JRZV24TKM8XJQ7CXX2T3ZWGX-animals,20,ocelot,animals,human,human
01JVAEPB5JVEARW0VCG493E001,01JVAF47534ZSKB4R4YGQR455D-animals,mouse,3105.0,01JRZV24TKM8XJQ7CXX2T3ZWGX-animals,21,otter,animals,human,human
01JVAEPB5JVEARW0VCG493E001,01JVAF47534ZSKB4R4YGQR455D-animals,rat,626.0,01JRZV24TKM8XJQ7CXX2T3ZWGX-animals,22,gerbil,animals,human,human
01JVAEPB5JVEARW0VCG493E001,01JVAF47534ZSKB4R4YGQR455D-animals,hippo,10081.0,01JRZV24TKM8XJQ7CXX2T3ZWGX-animals,23,squirrel,animals,human,human
01JVAEPB5JVEARW0VCG493E001,01JVAF47534ZSKB4R4YGQR455D-animals,rhino,3369.0,01JRZV24TKM8XJQ7CXX2T3ZWGX-animals,24,rhinocerus,animals,human,human
01JVAEPB5JVEARW0VCG493E001,01JVAF47534ZSKB4R4YGQR455D-animals,giraffe,3717.0,01JRZV24TKM8XJQ7CXX2T3ZWGX-animals,25,zebra,animals,human,human
01JVAEPB5JVEARW0VCG493E001,01JVAF47534ZSKB4R4YGQR455D-animals,coyote,6611.0,01JRZV24TKM8XJQ7CXX2T3ZWGX-animals,26,owl,animals,human,human
01JVAEPB5JVEARW0VCG493E001,01JVAF47534ZSKB4R4YGQR455D-animals,wolf,1090.0,01JRZV24TKM8XJQ7CXX2T3ZWGX-animals,27,hyena,animals,human,human
01JVAEPB5JVEARW0VCG493E001,01JVAF47534ZSKB4R4YGQR455D-animals,fox,1733.0,01JRZV24TKM8XJQ7CXX2T3ZWGX-animals,28,hyena,animals,human,human
01JVAEPB5JVEARW0VCG493E001,01JVAF47534ZSKB4R4YGQR455D-animals,raccoon,7204.0,01JRZV24TKM8XJQ7CXX2T3ZWGX-animals,29,cervet,animals,human,human
01JVAEPB5JVEARW0VCG493E001,01JVAF47534ZSKB4R4YGQR455D-animals,possum,5394.0,01JRZV24TKM8XJQ7CXX2T3ZWGX-animals,30,deer,animals,human,human
01JVAEPB5JVEARW0VCG493E001,01JVAF47534ZSKB4R4YGQR455D-animals,cardinal,12326.0,01JRZV24TKM8XJQ7CXX2T3ZWGX-animals,31,kangaroo,animals,human,human
01JVAEPB5JVEARW0VCG493E001,01JVAF47534ZSKB4R4YGQR455D-animals,robin,4052.0,01JRZV24TKM8XJQ7CXX2T3ZWGX-animals,32,ostrich,animals,human,human
01JVAEPB5JVEARW0VCG493E001,01JVAF47534ZSKB4R4YGQR455D-animals,beaver,9977.0,01JRZV24TKM8XJQ7CXX2T3ZWGX-animals,33,parakeet,animals,human,human
01JVAEPB5JVEARW0VCG493E001,01JVAF47534ZSKB4R4YGQR455D-animals,stork,9393.0,01JRZV24TKM8XJQ7CXX2T3ZWGX-animals,34,otter,animals,human,human
01JVAEPB5JVEARW0VCG493E001,01JVAF47534ZSKB4R4YGQR455D-animals,hawk,6234.0,01JRZV24TKM8XJQ7CXX2T3ZWGX-animals,35,ostrich,animals,human,human
01JVAEPB5JVEARW0VCG493E001,01JVAF47534ZSKB4R4YGQR455D-animals,eagle,718.0,01JRZV24TKM8XJQ7CXX2T3ZWGX-animals,36,eagle,animals,human,human
01JVAEPB5JVEARW0VCG493E001,01JVAF47534ZSKB4R4YGQR455D-animals,lemur,7545.0,01JRZV24TKM8XJQ7CXX2T3ZWGX-animals,37,falcon,animals,human,human
01JVAEPB5JVEARW0VCG493E001,01JVAF47534ZSKB4R4YGQR455D-animals,monkey,1943.0,01JRZV24TKM8XJQ7CXX2T3ZWGX-animals,38,lepur,animals,human,human
01JVAEPB5JVEARW0VCG493E001,01JVAF47534ZSKB4R4YGQR455D-animals,chimpanzee,5880.0,01JRZV24TKM8XJQ7CXX2T3ZWGX-animals,39,gorilla,animals,human,human
01JVAEPB5JVEARW0VCG493E001,01JVAF47534ZSKB4R4YGQR455D-animals,orangutan,5801.0,01JRZV24TKM8XJQ7CXX2T3ZWGX-animals,40,gorilla,animals,human,human
01JVAEPB5JVEARW0VCG493E001,01JVAF47534ZSKB4R4YGQR455D-animals,zebra,13681.0,01JRZV24TKM8XJQ7CXX2T3ZWGX-animals,41,baboon,animals,human,human
01JVAEPB5JVEARW0VCG493E001,01JVAF47534ZSKB4R4YGQR455D-animals,hyena,3200.0,01JRZV24TKM8XJQ7CXX2T3ZWGX-animals,42,donkey,animals,human,human
,01JVAF6ABNHH8Q88CFWYYARSMB-animals,dog,6025.0,01JRZVAVM79EMN2RP0TP6WPYP9-animals,1,,animals,human,human
01JVAEPB5RXK8NSZBC6A9C3ZS8,01JVAF6ABNHH8Q88CFWYYARSMB-animals,cat,3072.0,01JRZVAVM79EMN2RP0TP6WPYP9-animals,2,cat,animals,human,human
01JVAEPB5RXK8NSZBC6A9C3ZS8,01JVAF6ABNHH8Q88CFWYYARSMB-animals,mouse,1699.0,01JRZVAVM79EMN2RP0TP6WPYP9-animals,3,mouse,animals,human,human
01JVAEPB5RXK8NSZBC6A9C3ZS8,01JVAF6ABNHH8Q88CFWYYARSMB-animals,guinea pig,3558.0,01JRZVAVM79EMN2RP0TP6WPYP9-animals,4,rat,animals,human,human
01JVAEPB5RXK8NSZBC6A9C3ZS8,01JVAF6ABNHH8Q88CFWYYARSMB-animals,horse,1583.0,01JRZVAVM79EMN2RP0TP6WPYP9-animals,5,hamster,animals,human,human
01JVAEPB5RXK8NSZBC6A9C3ZS8,01JVAF6ABNHH8Q88CFWYYARSMB-animals,cow,1301.0,01JRZVAVM79EMN2RP0TP6WPYP9-animals,6,donkey,animals,human,human
01JVAEPB5RXK8NSZBC6A9C3ZS8,01JVAF6ABNHH8Q88CFWYYARSMB-animals,pig,1304.0,01JRZVAVM79EMN2RP0TP6WPYP9-animals,7,sheep,animals,human,human
01JVAEPB5RXK8NSZBC6A9C3ZS8,01JVAF6ABNHH8Q88CFWYYARSMB-animals,hen,1218.0,01JRZVAVM79EMN2RP0TP6WPYP9-animals,8,sheep,animals,human,human
01JVAEPB5RXK8NSZBC6A9C3ZS8,01JVAF6ABNHH8Q88CFWYYARSMB-animals,chicken,3747.0,01JRZVAVM79EMN2RP0TP6WPYP9-animals,9,chicken,animals,human,human
01JVAEPB5RXK8NSZBC6A9C3ZS8,01JVAF6ABNHH8Q88CFWYYARSMB-animals,donkey,2282.0,01JRZVAVM79EMN2RP0TP6WPYP9-animals,10,sheep,animals,human,human
01JVAEPB5RXK8NSZBC6A9C3ZS8,01JVAF6ABNHH8Q88CFWYYARSMB-animals,elephant,2391.0,01JRZVAVM79EMN2RP0TP6WPYP9-animals,11,mule,animals,human,human
01JVAEPB5RXK8NSZBC6A9C3ZS8,01JVAF6ABNHH8Q88CFWYYARSMB-animals,monkey,2700.0,01JRZVAVM79EMN2RP0TP6WPYP9-animals,12,rhino,animals,human,human
01JVAEPB5RXK8NSZBC6A9C3ZS8,01JVAF6ABNHH8Q88CFWYYARSMB-animals,bird,1862.0,01JRZVAVM79EMN2RP0TP6WPYP9-animals,13,rhino,animals,human,human
01JVAEPB5RXK8NSZBC6A9C3ZS8,01JVAF6ABNHH8Q88CFWYYARSMB-animals,hippo,4223.0,01JRZVAVM79EMN2RP0TP6WPYP9-animals,14,insect,animals,human,human
01JVAEPB5RXK8NSZBC6A9C3ZS8,01JVAF6ABNHH8Q88CFWYYARSMB-animals,wolf,3386.0,01JRZVAVM79EMN2RP0TP6WPYP9-animals,15,rhino,animals,human,human
01JVAEPB5RXK8NSZBC6A9C3ZS8,01JVAF6ABNHH8Q88CFWYYARSMB-animals,goat,1947.0,01JRZVAVM79EMN2RP0TP6WPYP9-animals,16,fox,animals,human,human
01JVAEPB5RXK8NSZBC6A9C3ZS8,01JVAF6ABNHH8Q88CFWYYARSMB-animals,bear,3902.0,01JRZVAVM79EMN2RP0TP6WPYP9-animals,17,sheep,animals,human,human
01JVAEPB5RXK8NSZBC6A9C3ZS8,01JVAF6ABNHH8Q88CFWYYARSMB-animals,giraffe,3202.0,01JRZVAVM79EMN2RP0TP6WPYP9-animals,18,racoon,animals,human,human
01JVAEPB5RXK8NSZBC6A9C3ZS8,01JVAF6ABNHH8Q88CFWYYARSMB-animals,antelope,2612.0,01JRZVAVM79EMN2RP0TP6WPYP9-animals,19,rhino,animals,human,human
01JVAEPB5RXK8NSZBC6A9C3ZS8,01JVAF6ABNHH8Q88CFWYYARSMB-animals,ferret,5482.0,01JRZVAVM79EMN2RP0TP6WPYP9-animals,20,deer,animals,human,human
01JVAEPB5RXK8NSZBC6A9C3ZS8,01JVAF6ABNHH8Q88CFWYYARSMB-animals,rat,5174.0,01JRZVAVM79EMN2RP0TP6WPYP9-animals,21,stoat,animals,human,human
01JVAEPB5RXK8NSZBC6A9C3ZS8,01JVAF6ABNHH8Q88CFWYYARSMB-animals,fish,3151.0,01JRZVAVM79EMN2RP0TP6WPYP9-animals,22,hamster,animals,human,human
01JVAEPB5RXK8NSZBC6A9C3ZS8,01JVAF6ABNHH8Q88CFWYYARSMB-animals,baboon,4697.0,01JRZVAVM79EMN2RP0TP6WPYP9-animals,23,shark,animals,human,human
01JVAEPB5RXK8NSZBC6A9C3ZS8,01JVAF6ABNHH8Q88CFWYYARSMB-animals,skunk,7533.0,01JRZVAVM79EMN2RP0TP6WPYP9-animals,24,chimpanzee,animals,human,human
01JVAEPB5RXK8NSZBC6A9C3ZS8,01JVAF6ABNHH8Q88CFWYYARSMB-animals,deer,5432.0,01JRZVAVM79EMN2RP0TP6WPYP9-animals,25,racoon,animals,human,human
01JVAEPB5RXK8NSZBC6A9C3ZS8,01JVAF6ABNHH8Q88CFWYYARSMB-animals,stag,2804.0,01JRZVAVM79EMN2RP0TP6WPYP9-animals,26,cow,animals,human,human
01JVAEPB5RXK8NSZBC6A9C3ZS8,01JVAF6ABNHH8Q88CFWYYARSMB-animals,leopard,9512.0,01JRZVAVM79EMN2RP0TP6WPYP9-animals,27,roe,animals,human,human
01JVAEPB5RXK8NSZBC6A9C3ZS8,01JVAF6ABNHH8Q88CFWYYARSMB-animals,lion,2479.0,01JRZVAVM79EMN2RP0TP6WPYP9-animals,28,tiger,animals,human,human
01JVAEPB5RXK8NSZBC6A9C3ZS8,01JVAF6ABNHH8Q88CFWYYARSMB-animals,cheetah,4558.0,01JRZVAVM79EMN2RP0TP6WPYP9-animals,29,tiger,animals,human,human
01JVAEPB5RXK8NSZBC6A9C3ZS8,01JVAF6ABNHH8Q88CFWYYARSMB-animals,snake,7279.0,01JRZVAVM79EMN2RP0TP6WPYP9-animals,30,tiger,animals,human,human
01JVAEPB5RXK8NSZBC6A9C3ZS8,01JVAF6ABNHH8Q88CFWYYARSMB-animals,badger,5752.0,01JRZVAVM79EMN2RP0TP6WPYP9-animals,31,eel,animals,human,human
01JVAEPB5RXK8NSZBC6A9C3ZS8,01JVAF6ABNHH8Q88CFWYYARSMB-animals,mole,4356.0,01JRZVAVM79EMN2RP0TP6WPYP9-animals,32,mole,animals,human,human
01JVAEPB5RXK8NSZBC6A9C3ZS8,01JVAF6ABNHH8Q88CFWYYARSMB-animals,hamster,6340.0,01JRZVAVM79EMN2RP0TP6WPYP9-animals,33,hedgehog,animals,human,human
01JVAEPB5RXK8NSZBC6A9C3ZS8,01JVAF6ABNHH8Q88CFWYYARSMB-animals,sea lion,6703.0,01JRZVAVM79EMN2RP0TP6WPYP9-animals,34,marmoset,animals,human,human
01JVAEPB5RXK8NSZBC6A9C3ZS8,01JVAF6ABNHH8Q88CFWYYARSMB-animals,vole,3483.0,01JRZVAVM79EMN2RP0TP6WPYP9-animals,35,seal,animals,human,human
01JVAEPB5RXK8NSZBC6A9C3ZS8,01JVAF6ABNHH8Q88CFWYYARSMB-animals,fox,4498.0,01JRZVAVM79EMN2RP0TP6WPYP9-animals,36,fieldmouse,animals,human,human
01JVAEPB5RXK8NSZBC6A9C3ZS8,01JVAF6ABNHH8Q88CFWYYARSMB-animals,rooster,12835.0,01JRZVAVM79EMN2RP0TP6WPYP9-animals,37,hedgehog,animals,human,human
01JVAEPB5RXK8NSZBC6A9C3ZS8,01JVAF6ABNHH8Q88CFWYYARSMB-animals,gibbon,15956.0,01JRZVAVM79EMN2RP0TP6WPYP9-animals,38,stork,animals,human,human
,01JVAF5XM4D5H0DD196SH7JDMF-clothes,t-shirt,5308.0,01JRZV2A3QHG5RC1BX6J3T3H91-clothes,1,,clothes,human,human
01JVAEPB6CAK670MCWB5AS5G1A,01JVAF5XM4D5H0DD196SH7JDMF-clothes,trousers,4012.0,01JRZV2A3QHG5RC1BX6J3T3H91-clothes,2,pants,clothes,human,human
01JVAEPB6CAK670MCWB5AS5G1A,01JVAF5XM4D5H0DD196SH7JDMF-clothes,jeans,1234.0,01JRZV2A3QHG5RC1BX6J3T3H91-clothes,3,socks,clothes,human,human
01JVAEPB6CAK670MCWB5AS5G1A,01JVAF5XM4D5H0DD196SH7JDMF-clothes,skirt,1410.0,01JRZV2A3QHG5RC1BX6J3T3H91-clothes,4,belt,clothes,human,human
01JVAEPB6CAK670MCWB5AS5G1A,01JVAF5XM4D5H0DD196SH7JDMF-clothes,bra,1130.0,01JRZV2A3QHG5RC1BX6J3T3H91-clothes,5,dress,clothes,human,human
01JVAEPB6CAK670MCWB5AS5G1A,01JVAF5XM4D5H0DD196SH7JDMF-clothes,jumper,2659.0,01JRZV2A3QHG5RC1BX6J3T3H91-clothes,6,intimate,clothes,human,human
01JVAEPB6CAK670MCWB5AS5G1A,01JVAF5XM4D5H0DD196SH7JDMF-clothes,cardigan,2158.0,01JRZV2A3QHG5RC1BX6J3T3H91-clothes,7,romper,clothes,human,human
01JVAEPB6CAK670MCWB5AS5G1A,01JVAF5XM4D5H0DD196SH7JDMF-clothes,vest,2346.0,01JRZV2A3QHG5RC1BX6J3T3H91-clothes,8,blazer,clothes,human,human
01JVAEPB6CAK670MCWB5AS5G1A,01JVAF5XM4D5H0DD196SH7JDMF-clothes,sweatpants,6253.0,01JRZV2A3QHG5RC1BX6J3T3H91-clothes,9,tie,clothes,human,human
01JVAEPB6CAK670MCWB5AS5G1A,01JVAF5XM4D5H0DD196SH7JDMF-clothes,sock,2561.0,01JRZV2A3QHG5RC1BX6J3T3H91-clothes,10,hoodie,clothes,human,human
01JVAEPB6CAK670MCWB5AS5G1A,01JVAF5XM4D5H0DD196SH7JDMF-clothes,shoe,5021.0,01JRZV2A3QHG5RC1BX6J3T3H91-clothes,11,shoes,clothes,human,human
01JVAEPB6CAK670MCWB5AS5G1A,01JVAF5XM4D5H0DD196SH7JDMF-clothes,knickers,9942.0,01JRZV2A3QHG5RC1BX6J3T3H91-clothes,12,coat,clothes,human,human
01JVAEPB6CAK670MCWB5AS5G1A,01JVAF5XM4D5H0DD196SH7JDMF-clothes,boxer shorts,4178.0,01JRZV2A3QHG5RC1BX6J3T3H91-clothes,13,pants,clothes,human,human
01JVAEPB6CAK670MCWB5AS5G1A,01JVAF5XM4D5H0DD196SH7JDMF-clothes,thong,2765.0,01JRZV2A3QHG5RC1BX6J3T3H91-clothes,14,underwear,clothes,human,human
01JVAEPB6CAK670MCWB5AS5G1A,01JVAF5XM4D5H0DD196SH7JDMF-clothes,dress,3381.0,01JRZV2A3QHG5RC1BX6J3T3H91-clothes,15,bikini,clothes,human,human
01JVAEPB6CAK670MCWB5AS5G1A,01JVAF5XM4D5H0DD196SH7JDMF-clothes,suit,3072.0,01JRZV2A3QHG5RC1BX6J3T3H91-clothes,16,sweater,clothes,human,human
01JVAEPB6CAK670MCWB5AS5G1A,01JVAF5XM4D5H0DD196SH7JDMF-clothes,tie,1431.0,01JRZV2A3QHG5RC1BX6J3T3H91-clothes,17,shirt,clothes,human,human
01JVAEPB6CAK670MCWB5AS5G1A,01JVAF5XM4D5H0DD196SH7JDMF-clothes,shirt,3073.0,01JRZV2A3QHG5RC1BX6J3T3H91-clothes,18,blazer,clothes,human,human
01JVAEPB6CAK670MCWB5AS5G1A,01JVAF5XM4D5H0DD196SH7JDMF-clothes,waistcoat,7651.0,01JRZV2A3QHG5RC1BX6J3T3H91-clothes,19,trousers,clothes,human,human
01JVAEPB6CAK670MCWB5AS5G1A,01JVAF5XM4D5H0DD196SH7JDMF-clothes,coat,4431.0,01JRZV2A3QHG5RC1BX6J3T3H91-clothes,20,hat,clothes,human,human
01JVAEPB6CAK670MCWB5AS5G1A,01JVAF5XM4D5H0DD196SH7JDMF-clothes,raincoat,9320.0,01JRZV2A3QHG5RC1BX6J3T3H91-clothes,21,gloves,clothes,human,human
01JVAEPB6CAK670MCWB5AS5G1A,01JVAF5XM4D5H0DD196SH7JDMF-clothes,tracksuit,13006.0,01JRZV2A3QHG5RC1BX6J3T3H91-clothes,22,umbrella,clothes,human,human
01JVAEPB6CAK670MCWB5AS5G1A,01JVAF5XM4D5H0DD196SH7JDMF-clothes,jumpsuit,8745.0,01JRZV2A3QHG5RC1BX6J3T3H91-clothes,23,joggers,clothes,human,human
01JVAEPB6CAK670MCWB5AS5G1A,01JVAF5XM4D5H0DD196SH7JDMF-clothes,hat,6287.0,01JRZV2A3QHG5RC1BX6J3T3H91-clothes,24,swimsuit,clothes,human,human
01JVAEPB6CAK670MCWB5AS5G1A,01JVAF5XM4D5H0DD196SH7JDMF-clothes,scarf,5399.0,01JRZV2A3QHG5RC1BX6J3T3H91-clothes,25,glasses,clothes,human,human
01JVAEPB6CAK670MCWB5AS5G1A,01JVAF5XM4D5H0DD196SH7JDMF-clothes,glove,2403.0,01JRZV2A3QHG5RC1BX6J3T3H91-clothes,26,gloves,clothes,human,human
01JVAEPB6CAK670MCWB5AS5G1A,01JVAF5XM4D5H0DD196SH7JDMF-clothes,gilet,4835.0,01JRZV2A3QHG5RC1BX6J3T3H91-clothes,27,purse,clothes,human,human
01JVAEPB6CAK670MCWB5AS5G1A,01JVAF5XM4D5H0DD196SH7JDMF-clothes,leggings,21485.0,01JRZV2A3QHG5RC1BX6J3T3H91-clothes,28,glasses,clothes,human,human
01JVAEPB6CAK670MCWB5AS5G1A,01JVAF5XM4D5H0DD196SH7JDMF-clothes,tights,3700.0,01JRZV2A3QHG5RC1BX6J3T3H91-clothes,29,shoes,clothes,human,human
01JVAEPB6CAK670MCWB5AS5G1A,01JVAF5XM4D5H0DD196SH7JDMF-clothes,stocking,2739.0,01JRZV2A3QHG5RC1BX6J3T3H91-clothes,30,shoes,clothes,human,human
01JVAEPB6CAK670MCWB5AS5G1A,01JVAF5XM4D5H0DD196SH7JDMF-clothes,suspenders,3926.0,01JRZV2A3QHG5RC1BX6J3T3H91-clothes,31,shoes,clothes,human,human
01JVAEPB6CAK670MCWB5AS5G1A,01JVAF5XM4D5H0DD196SH7JDMF-clothes,bodysuit,6834.0,01JRZV2A3QHG5RC1BX6J3T3H91-clothes,32,tie,clothes,human,human
01JVAEPB6CAK670MCWB5AS5G1A,01JVAF5XM4D5H0DD196SH7JDMF-clothes,belt,7882.0,01JRZV2A3QHG5RC1BX6J3T3H91-clothes,33,bra,clothes,human,human
01K4DSNAE9AY8ZR0T2SXHVFJQW,01K4DTR80E6WHZ8C90BW75NHYR-clothes,tie,1144.0,01JRZVAVM79EMN2RP0TP6WPYP9-clothes,5,skirt,clothes,human,human
01K4DSNAE9AY8ZR0T2SXHVFJQW,01K4DTR80E6WHZ8C90BW75NHYR-clothes,coat,1376.0,01JRZVAVM79EMN2RP0TP6WPYP9-clothes,6,glove,clothes,human,human
,01K4DT0KJNXNCY0X95HXJN6PPZ-clothes,t-shirt,14247.0,01JRZWQWV673K9MRS7JRNHV6K1-clothes,1,,clothes,human,human
01K4DSN8PVN8NV0X1CSQGEA04Q,01K4DT0KJNXNCY0X95HXJN6PPZ-clothes,pants,6120.0,01JRZWQWV673K9MRS7JRNHV6K1-clothes,2,jeans,clothes,human,human
01K4DSN8PVN8NV0X1CSQGEA04Q,01K4DT0KJNXNCY0X95HXJN6PPZ-clothes,vest,13689.0,01JRZWQWV673K9MRS7JRNHV6K1-clothes,3,socks,clothes,human,human
01K4DSN8PVN8NV0X1CSQGEA04Q,01K4DT0KJNXNCY0X95HXJN6PPZ-clothes,tank top,15002.0,01JRZWQWV673K9MRS7JRNHV6K1-clothes,4,socks,clothes,human,human
01K4DSN8PVN8NV0X1CSQGEA04Q,01K4DT0KJNXNCY0X95HXJN6PPZ-clothes,denim jeans,14692.0,01JRZWQWV673K9MRS7JRNHV6K1-clothes,5,poloshirt,clothes,human,human
01K4DSN8PVN8NV0X1CSQGEA04Q,01K4DT0KJNXNCY0X95HXJN6PPZ-clothes,jacket,16281.0,01JRZWQWV673K9MRS7JRNHV6K1-clothes,6,boxershorts,clothes,human,human
01K4DSN8PVN8NV0X1CSQGEA04Q,01K4DT0KJNXNCY0X95HXJN6PPZ-clothes,shoe,13164.0,01JRZWQWV673K9MRS7JRNHV6K1-clothes,7,shirt,clothes,human,human
01K4DSN8PVN8NV0X1CSQGEA04Q,01K4DT0KJNXNCY0X95HXJN6PPZ-clothes,tennis shoe,16754.0,01JRZWQWV673K9MRS7JRNHV6K1-clothes,8,socks,clothes,human,human
01K4DSN8PVN8NV0X1CSQGEA04Q,01K4DT0KJNXNCY0X95HXJN6PPZ-clothes,gown,13797.0,01JRZWQWV673K9MRS7JRNHV6K1-clothes,9,sneakers,clothes,human,human
01K4DSN8PVN8NV0X1CSQGEA04Q,01K4DT0KJNXNCY0X95HXJN6PPZ-clothes,slipper,12807.0,01JRZWQWV673K9MRS7JRNHV6K1-clothes,10,sneakers,clothes,human,human
01K4DSN8PVN8NV0X1CSQGEA04Q,01K4DT0KJNXNCY0X95HXJN6PPZ-clothes,boot,14942.0,01JRZWQWV673K9MRS7JRNHV6K1-clothes,11,sneakers,clothes,human,human
01K4DSN8PVN8NV0X1CSQGEA04Q,01K4DT0KJNXNCY0X95HXJN6PPZ-clothes,nike jeans,12749.0,01JRZWQWV673K9MRS7JRNHV6K1-clothes,12,sneakers,clothes,human,human
01K4DSN8PVN8NV0X1CSQGEA04Q,01K4DT0KJNXNCY0X95HXJN6PPZ-clothes,winter coat,15049.0,01JRZWQWV673K9MRS7JRNHV6K1-clothes,13,sneakers,clothes,human,human
01KEYTFAN3JRDYNTY1REQYYPC6,01KEYVD7RTT8VTHFJAHAHXA2Z3,mop,19867.0,01JYPFSEQVH489T1JVYRWT2W75-supermarket,1,,supermarket,human,human
01KEYTFAN3JRDYNTY1REQYYPC6,01KEYVD7RTT8VTHFJAHAHXA2Z3,yogurt,13656.0,01JYPFSEQVH489T1JVYRWT2W75-supermarket,2,bucket,supermarket,human,human
01KEYTFAN3JRDYNTY1REQYYPC6,01KEYVD7RTT8VTHFJAHAHXA2Z3,fruit,58104.0,01JYPFSEQVH489T1JVYRWT2W75-supermarket,3,cheese,supermarket,human,human
01KEYTFAN3JRDYNTY1REQYYPC6,01KEYVD7RTT8VTHFJAHAHXA2Z3,meat,5917.0,01JYPFSEQVH489T1JVYRWT2W75-supermarket,4,vegetables,supermarket,human,human
01KEYTFAN3JRDYNTY1REQYYPC6,01KEYVD7RTT8VTHFJAHAHXA2Z3,beverage,33601.0,01JYPFSEQVH489T1JVYRWT2W75-supermarket,5,cheese,supermarket,human,human
01KEYTFAN3JRDYNTY1REQYYPC6,01KEYVD7RTT8VTHFJAHAHXA2Z3,cake,8498.0,01JYPFSEQVH489T1JVYRWT2W75-supermarket,6,juice,supermarket,human,human
01KEYTFAN3JRDYNTY1REQYYPC6,01KEYVD7RTT8VTHFJAHAHXA2Z3,bread,5341.0,01JYPFSEQVH489T1JVYRWT2W75-supermarket,7,biscuit,supermarket,human,human
01KEYTFAN3JRDYNTY1REQYYPC6,01KEYVD7RTT8VTHFJAHAHXA2Z3,can drink,9809.0,01JYPFSEQVH489T1JVYRWT2W75-supermarket,8,butter,supermarket,human,human
01KEYTFAN3JRDYNTY1REQYYPC6,01KEYVD7RTT8VTHFJAHAHXA2Z3,beer,7239.0,01JYPFSEQVH489T1JVYRWT2W75-supermarket,9,coffee,supermarket,human,human
01KEYTFAN3JRDYNTY1REQYYPC6,01KEYVD7RTT8VTHFJAHAHXA2Z3,pasta,5764.0,01JYPFSEQVH489T1JVYRWT2W75-supermarket,10,wine,supermarket,human,human
01KEYTFAN3JRDYNTY1REQYYPC6,01KEYVD7RTT8VTHFJAHAHXA2Z3,flour,4362.0,01JYPFSEQVH489T1JVYRWT2W75-supermarket,11,sauce,supermarket,human,human
01KEYTFAN3JRDYNTY1REQYYPC6,01KEYVD7RTT8VTHFJAHAHXA2Z3,toy,4453.0,01JYPFSEQVH489T1JVYRWT2W75-supermarket,12,sugar,supermarket,human,human
01KEYTFBSJCT0MQA1RFTSJXABN,01KEYZH7BSTB592TT103VYHRE1,cap,57321.0,01JRZV0B4SEM67S8GTXT3X71NK-supermarket,1,,supermarket,human,human
01KEYTFBSJCT0MQA1RFTSJXABN,01KEYZH7BSTB592TT103VYHRE1,beef,4100.0,01JRZV0B4SEM67S8GTXT3X71NK-supermarket,2,bottle,supermarket,human,human
01KEYTFBSJCT0MQA1RFTSJXABN,01KEYZH7BSTB592TT103VYHRE1,goat,6502.0,01JRZV0B4SEM67S8GTXT3X71NK-supermarket,3,steak,supermarket,human,human
01KEYTFBSJCT0MQA1RFTSJXABN,01KEYZH7BSTB592TT103VYHRE1,water,15599.0,01JRZV0B4SEM67S8GTXT3X71NK-supermarket,4,meat,supermarket,human,human
01KEYTFBSJCT0MQA1RFTSJXABN,01KEYZH7BSTB592TT103VYHRE1,juice,8640.0,01JRZV0B4SEM67S8GTXT3X71NK-supermarket,5,butter,supermarket,human,human
01KEYTFBSJCT0MQA1RFTSJXABN,01KEYZH7BSTB592TT103VYHRE1,wine,2918.0,01JRZV0B4SEM67S8GTXT3X71NK-supermarket,6,apple,supermarket,human,human
01KEYTFBSJCT0MQA1RFTSJXABN,01KEYZH7BSTB592TT103VYHRE1,glass,15264.0,01JRZV0B4SEM67S8GTXT3X71NK-supermarket,7,beer,supermarket,human,human
01KEYTFBSJCT0MQA1RFTSJXABN,01KEYZH7BSTB592TT103VYHRE1,toy,3122.0,01JRZV0B4SEM67S8GTXT3X71NK-supermarket,8,milk,supermarket,human,human
01KEYTFBSJCT0MQA1RFTSJXABN,01KEYZH7BSTB592TT103VYHRE1,bag,5786.0,01JRZV0B4SEM67S8GTXT3X71NK-supermarket,9,ball,supermarket,human,human
,01JVAFN3CV9XMSN70B88BMN7DM-animals,cat,7206.0,01JRZV487V6JBCV4PWJXMYDRHE-animals,1,,animals,human,human
01JVAEPB5FATJ1B4T6TXCTMPJC,01JVAFN3CV9XMSN70B88BMN7DM-animals,dog,6682.0,01JRZV487V6JBCV4PWJXMYDRHE-animals,2,dog,animals,human,human
01JVAEPB5FATJ1B4T6TXCTMPJC,01JVAFN3CV9XMSN70B88BMN7DM-animals,rabbit,2859.0,01JRZV487V6JBCV4PWJXMYDRHE-animals,3,puppy,animals,human,human
01JVAEPB5FATJ1B4T6TXCTMPJC,01JVAFN3CV9XMSN70B88BMN7DM-animals,horse,4828.0,01JRZV487V6JBCV4PWJXMYDRHE-animals,4,turtle,animals,human,human
01JVAEPB5FATJ1B4T6TXCTMPJC,01JVAFN3CV9XMSN70B88BMN7DM-animals,pig,3691.0,01JRZV487V6JBCV4PWJXMYDRHE-animals,5,cow,animals,human,human
01JVAEPB5FATJ1B4T6TXCTMPJC,01JVAFN3CV9XMSN70B88BMN7DM-animals,sheep,1488.0,01JRZV487V6JBCV4PWJXMYDRHE-animals,6,cow,animals,human,human
01JVAEPB5FATJ1B4T6TXCTMPJC,01JVAFN3CV9XMSN70B88BMN7DM-animals,lamb,1663.0,01JRZV487V6JBCV4PWJXMYDRHE-animals,7,cow,animals,human,human
01JVAEPB5FATJ1B4T6TXCTMPJC,01JVAFN3CV9XMSN70B88BMN7DM-animals,foal,3566.0,01JRZV487V6JBCV4PWJXMYDRHE-animals,8,cow,animals,human,human
01JVAEPB5FATJ1B4T6TXCTMPJC,01JVAFN3CV9XMSN70B88BMN7DM-animals,stallion,2774.0,01JRZV487V6JBCV4PWJXMYDRHE-animals,9,cow,animals,human,human
01JVAEPB5FATJ1B4T6TXCTMPJC,01JVAFN3CV9XMSN70B88BMN7DM-animals,mare,1243.0,01JRZV487V6JBCV4PWJXMYDRHE-animals,10,cow,animals,human,human
01JVAEPB5FATJ1B4T6TXCTMPJC,01JVAFN3CV9XMSN70B88BMN7DM-animals,llama,6204.0,01JRZV487V6JBCV4PWJXMYDRHE-animals,11,cow,animals,human,human
01JVAEPB5FATJ1B4T6TXCTMPJC,01JVAFN3CV9XMSN70B88BMN7DM-animals,alpaca,3250.0,01JRZV487V6JBCV4PWJXMYDRHE-animals,12,cow,animals,human,human
01JVAEPB5FATJ1B4T6TXCTMPJC,01JVAFN3CV9XMSN70B88BMN7DM-animals,sloth,4864.0,01JRZV487V6JBCV4PWJXMYDRHE-animals,13,ostrich,animals,human,human
01JVAEPB5FATJ1B4T6TXCTMPJC,01JVAFN3CV9XMSN70B88BMN7DM-animals,penguin,4991.0,01JRZV487V6JBCV4PWJXMYDRHE-animals,14,panda,animals,human,human
01JVAEPB5FATJ1B4T6TXCTMPJC,01JVAFN3CV9XMSN70B88BMN7DM-animals,parrot,3238.0,01JRZV487V6JBCV4PWJXMYDRHE-animals,15,seal,animals,human,human
01JVAEPB5FATJ1B4T6TXCTMPJC,01JVAFN3CV9XMSN70B88BMN7DM-animals,budgie,3109.0,01JRZV487V6JBCV4PWJXMYDRHE-animals,16,chicken,animals,human,human
01JVAEPB5FATJ1B4T6TXCTMPJC,01JVAFN3CV9XMSN70B88BMN7DM-animals,magpie,4545.0,01JRZV487V6JBCV4PWJXMYDRHE-animals,17,elephant,animals,human,human
01JVAEPB5FATJ1B4T6TXCTMPJC,01JVAFN3CV9XMSN70B88BMN7DM-animals,eagle,1914.0,01JRZV487V6JBCV4PWJXMYDRHE-animals,18,crow,animals,human,human
01JVAEPB5FATJ1B4T6TXCTMPJC,01JVAFN3CV9XMSN70B88BMN7DM-animals,vulture,3910.0,01JRZV487V6JBCV4PWJXMYDRHE-animals,19,buzzard,animals,human,human
01JVAEPB5FATJ1B4T6TXCTMPJC,01JVAFN3CV9XMSN70B88BMN7DM-animals,goat,11044.0,01JRZV487V6JBCV4PWJXMYDRHE-animals,20,buzzard,animals,human,human
01JVAEPB5FATJ1B4T6TXCTMPJC,01JVAFN3CV9XMSN70B88BMN7DM-animals,cow,5558.0,01JRZV487V6JBCV4PWJXMYDRHE-animals,21,cow,animals,human,human
01JVAEPB5FATJ1B4T6TXCTMPJC,01JVAFN3CV9XMSN70B88BMN7DM-animals,shark,34800.0,01JRZV487V6JBCV4PWJXMYDRHE-animals,22,calf,animals,human,human
01JVAEPB5FATJ1B4T6TXCTMPJC,01JVAFN3CV9XMSN70B88BMN7DM-animals,fish,3375.0,01JRZV487V6JBCV4PWJXMYDRHE-animals,23,whale,animals,human,human
01JVAEPB5FATJ1B4T6TXCTMPJC,01JVAFN3CV9XMSN70B88BMN7DM-animals,dolphin,3427.0,01JRZV487V6JBCV4PWJXMYDRHE-animals,24,turtle,animals,human,human
01JVAEPB5FATJ1B4T6TXCTMPJC,01JVAFN3CV9XMSN70B88BMN7DM-animals,caterpillar,6098.0,01JRZV487V6JBCV4PWJXMYDRHE-animals,25,whale,animals,human,human
01JVAEPB5FATJ1B4T6TXCTMPJC,01JVAFN3CV9XMSN70B88BMN7DM-animals,butterfly,8469.0,01JRZV487V6JBCV4PWJXMYDRHE-animals,26,butterfly,animals,human,human
01JVAEPB5FATJ1B4T6TXCTMPJC,01JVAFN3CV9XMSN70B88BMN7DM-animals,spider,7788.0,01JRZV487V6JBCV4PWJXMYDRHE-animals,27,worm,animals,human,human
01JVAEPB5FATJ1B4T6TXCTMPJC,01JVAFN3CV9XMSN70B88BMN7DM-animals,parakeet,8639.0,01JRZV487V6JBCV4PWJXMYDRHE-animals,28,ant,animals,human,human
01JVAEPB5FATJ1B4T6TXCTMPJC,01JVAFN3CV9XMSN70B88BMN7DM-animals,piglet,10749.0,01JRZV487V6JBCV4PWJXMYDRHE-animals,29,ant,animals,human,human
,01JVAG91RXE7PEF4VXW3JBQPDA-supermarket,tomato puree,6755.0,01JRZV70AGXQF7GD5HNSWNZ4AY-supermarket,1,,supermarket,human,human
01JVAEPB7BH2P57ZD3NJJMQKQA,01JVAG91RXE7PEF4VXW3JBQPDA-supermarket,chopped tomato,5076.0,01JRZV70AGXQF7GD5HNSWNZ4AY-supermarket,2,pasta,supermarket,human,human
01JVAEPB7BH2P57ZD3NJJMQKQA,01JVAG91RXE7PEF4VXW3JBQPDA-supermarket,banana,1584.0,01JRZV70AGXQF7GD5HNSWNZ4AY-supermarket,3,spaghetti,supermarket,human,human
01JVAEPB7BH2P57ZD3NJJMQKQA,01JVAG91RXE7PEF4VXW3JBQPDA-supermarket,bread,1605.0,01JRZV70AGXQF7GD5HNSWNZ4AY-supermarket,4,apples,supermarket,human,human
01JVAEPB7BH2P57ZD3NJJMQKQA,01JVAG91RXE7PEF4VXW3JBQPDA-supermarket,milk,1828.0,01JRZV70AGXQF7GD5HNSWNZ4AY-supermarket,5,milk,supermarket,human,human
01JVAEPB7BH2P57ZD3NJJMQKQA,01JVAG91RXE7PEF4VXW3JBQPDA-supermarket,cheese,2832.0,01JRZV70AGXQF7GD5HNSWNZ4AY-supermarket,6,egg,supermarket,human,human
01JVAEPB7BH2P57ZD3NJJMQKQA,01JVAG91RXE7PEF4VXW3JBQPDA-supermarket,ham,2309.0,01JRZV70AGXQF7GD5HNSWNZ4AY-supermarket,7,egg,supermarket,human,human
01JVAEPB7BH2P57ZD3NJJMQKQA,01JVAG91RXE7PEF4VXW3JBQPDA-supermarket,pepper,2465.0,01JRZV70AGXQF7GD5HNSWNZ4AY-supermarket,8,egg,supermarket,human,human
01JVAEPB7BH2P57ZD3NJJMQKQA,01JVAG91RXE7PEF4VXW3JBQPDA-supermarket,salt,1553.0,01JRZV70AGXQF7GD5HNSWNZ4AY-supermarket,9,onions,supermarket,human,human
01JVAEPB7BH2P57ZD3NJJMQKQA,01JVAG91RXE7PEF4VXW3JBQPDA-supermarket,foil,1356.0,01JRZV70AGXQF7GD5HNSWNZ4AY-supermarket,10,oil,supermarket,human,human
01JVAEPB7BH2P57ZD3NJJMQKQA,01JVAG91RXE7PEF4VXW3JBQPDA-supermarket,cling film,2937.0,01JRZV70AGXQF7GD5HNSWNZ4AY-supermarket,11,clingfilm,supermarket,human,human
01JVAEPB7BH2P57ZD3NJJMQKQA,01JVAG91RXE7PEF4VXW3JBQPDA-supermarket,greaseproof paper,3906.0,01JRZV70AGXQF7GD5HNSWNZ4AY-supermarket,12,binbags,supermarket,human,human
01JVAEPB7BH2P57ZD3NJJMQKQA,01JVAG91RXE7PEF4VXW3JBQPDA-supermarket,cloth,1916.0,01JRZV70AGXQF7GD5HNSWNZ4AY-supermarket,13,binbags,supermarket,human,human
01JVAEPB7BH2P57ZD3NJJMQKQA,01JVAG91RXE7PEF4VXW3JBQPDA-supermarket,washing up liquid,3895.0,01JRZV70AGXQF7GD5HNSWNZ4AY-supermarket,14,laundrydetergent,supermarket,human,human
01JVAEPB7BH2P57ZD3NJJMQKQA,01JVAG91RXE7PEF4VXW3JBQPDA-supermarket,courgette,2304.0,01JRZV70AGXQF7GD5HNSWNZ4AY-supermarket,15,sponges,supermarket,human,human
01JVAEPB7BH2P57ZD3NJJMQKQA,01JVAG91RXE7PEF4VXW3JBQPDA-supermarket,broccoli,4328.0,01JRZV70AGXQF7GD5HNSWNZ4AY-supermarket,16,onions,supermarket,human,human
01JVAEPB7BH2P57ZD3NJJMQKQA,01JVAG91RXE7PEF4VXW3JBQPDA-supermarket,carrot,2587.0,01JRZV70AGXQF7GD5HNSWNZ4AY-supermarket,17,carrots,supermarket,human,human
01JVAEPB7BH2P57ZD3NJJMQKQA,01JVAG91RXE7PEF4VXW3JBQPDA-supermarket,potato,1646.0,01JRZV70AGXQF7GD5HNSWNZ4AY-supermarket,18,potatoes,supermarket,human,human
01JVAEPB7BH2P57ZD3NJJMQKQA,01JVAG91RXE7PEF4VXW3JBQPDA-supermarket,raspberry,3029.0,01JRZV70AGXQF7GD5HNSWNZ4AY-supermarket,19,onions,supermarket,human,human
,01K4DT05H6EFD0P9TWFMRN6BH0-supermarket,fruit,16081.0,01K0Q7BXN1Z53TFSM2528EKS38-supermarket,1,,supermarket,human,human
01K4DSN8PQNGNN5NDBN1YRA9C2,01K4DT05H6EFD0P9TWFMRN6BH0-supermarket,milk,10481.0,01K0Q7BXN1Z53TFSM2528EKS38-supermarket,2,banana,supermarket,human,human
01K4DSN8PQNGNN5NDBN1YRA9C2,01K4DT05H6EFD0P9TWFMRN6BH0-supermarket,beef,5467.0,01K0Q7BXN1Z53TFSM2528EKS38-supermarket,3,white,supermarket,human,human
01K4DSN8PQNGNN5NDBN1YRA9C2,01K4DT05H6EFD0P9TWFMRN6BH0-supermarket,chicken,3333.0,01K0Q7BXN1Z53TFSM2528EKS38-supermarket,4,chicken,supermarket,human,human
01K4DSN8PQNGNN5NDBN1YRA9C2,01K4DT05H6EFD0P9TWFMRN6BH0-supermarket,chocolate,8705.0,01K0Q7BXN1Z53TFSM2528EKS38-supermarket,5,cheese,supermarket,human,human
01K4DSN8PQNGNN5NDBN1YRA9C2,01K4DT05H6EFD0P9TWFMRN6BH0-supermarket,peanut,3757.0,01K0Q7BXN1Z53TFSM2528EKS38-supermarket,6,chips,supermarket,human,human
01K4DSN8PQNGNN5NDBN1YRA9C2,01K4DT05H6EFD0P9TWFMRN6BH0-supermarket,toilet paper,7702.0,01K0Q7BXN1Z53TFSM2528EKS38-supermarket,7,candy,supermarket,human,human
01K4DSN8PQNGNN5NDBN1YRA9C2,01K4DT05H6EFD0P9TWFMRN6BH0-supermarket,chip,7416.0,01K0Q7BXN1Z53TFSM2528EKS38-supermarket,8,soap,supermarket,human,human
01K4DSN8PQNGNN5NDBN1YRA9C2,01K4DT05H6EFD0P9TWFMRN6BH0-supermarket,egg,8044.0,01K0Q7BXN1Z53TFSM2528EKS38-supermarket,9,cheese,supermarket,human,human
01K4DSN8PQNGNN5NDBN1YRA9C2,01K4DT05H6EFD0P9TWFMRN6BH0-supermarket,soap,8829.0,01K0Q7BXN1Z53TFSM2528EKS38-supermarket,10,butter,supermarket,human,human
01K4DSN8PQNGNN5NDBN1YRA9C2,01K4DT05H6EFD0P9TWFMRN6BH0-supermarket,deodorant,5975.0,01K0Q7BXN1Z53TFSM2528EKS38-supermarket,11,butter,supermarket,human,human
01K4DSN8PQNGNN5NDBN1YRA9C2,01K4DT05H6EFD0P9TWFMRN6BH0-supermarket,lotion,3960.0,01K0Q7BXN1Z53TFSM2528EKS38-supermarket,12,toothpaste,supermarket,human,human
01K4DSN8PQNGNN5NDBN1YRA9C2,01K4DT05H6EFD0P9TWFMRN6BH0-supermarket,bread,12775.0,01K0Q7BXN1Z53TFSM2528EKS38-supermarket,13,toothbrush,supermarket,human,human
01K4DSN8PQNGNN5NDBN1YRA9C2,01K4DT05H6EFD0P9TWFMRN6BH0-supermarket,popcorn,11396.0,01K0Q7BXN1Z53TFSM2528EKS38-supermarket,14,mayonaise,supermarket,human,human
01K4DSN8PQNGNN5NDBN1YRA9C2,01K4DT05H6EFD0P9TWFMRN6BH0-supermarket,water,4853.0,01K0Q7BXN1Z53TFSM2528EKS38-supermarket,15,sodas,supermarket,human,human
01K4DSN8PQNGNN5NDBN1YRA9C2,01K4DT05H6EFD0P9TWFMRN6BH0-supermarket,juice,4107.0,01K0Q7BXN1Z53TFSM2528EKS38-supermarket,16,soda,supermarket,human,human
01K4DSN8PQNGNN5NDBN1YRA9C2,01K4DT05H6EFD0P9TWFMRN6BH0-supermarket,plate,4884.0,01K0Q7BXN1Z53TFSM2528EKS38-supermarket,17,soda,supermarket,human,human
01K4DSN8PQNGNN5NDBN1YRA9C2,01K4DT05H6EFD0P9TWFMRN6BH0-supermarket,cup,7341.0,01K0Q7BXN1Z53TFSM2528EKS38-supermarket,18,utensils,supermarket,human,human
01K4DSN8PQNGNN5NDBN1YRA9C2,01K4DT05H6EFD0P9TWFMRN6BH0-supermarket,coffee,8939.0,01K0Q7BXN1Z53TFSM2528EKS38-supermarket,19,utensils,supermarket,human,human
01K4DSN8PQNGNN5NDBN1YRA9C2,01K4DT05H6EFD0P9TWFMRN6BH0-supermarket,tea,1146.0,01K0Q7BXN1Z53TFSM2528EKS38-supermarket,20,sugar,supermarket,human,human
01K4DSN8PQNGNN5NDBN1YRA9C2,01K4DT05H6EFD0P9TWFMRN6BH0-supermarket,sugar,6000.0,01K0Q7BXN1Z53TFSM2528EKS38-supermarket,21,butter,supermarket,human,human
01K4DSN8PQNGNN5NDBN1YRA9C2,01K4DT05H6EFD0P9TWFMRN6BH0-supermarket,cake,5673.0,01K0Q7BXN1Z53TFSM2528EKS38-supermarket,22,salt,supermarket,human,human
01K4DSN8PQNGNN5NDBN1YRA9C2,01K4DT05H6EFD0P9TWFMRN6BH0-supermarket,scone,1687.0,01K0Q7BXN1Z53TFSM2528EKS38-supermarket,23,cookies,supermarket,human,human
01K4DSN8PQNGNN5NDBN1YRA9C2,01K4DT05H6EFD0P9TWFMRN6BH0-supermarket,muffin,2250.0,01K0Q7BXN1Z53TFSM2528EKS38-supermarket,24,cookies,supermarket,human,human
01K4DSN8PQNGNN5NDBN1YRA9C2,01K4DT05H6EFD0P9TWFMRN6BH0-supermarket,magazine,7976.0,01K0Q7BXN1Z53TFSM2528EKS38-supermarket,25,cupcakes,supermarket,human,human
01K4DSN8PQNGNN5NDBN1YRA9C2,01K4DT05H6EFD0P9TWFMRN6BH0-supermarket,newspaper,2400.0,01K0Q7BXN1Z53TFSM2528EKS38-supermarket,26,book,supermarket,human,human
,01JVAH11A9HDR68SC6EJ69A8RE-animals,dog,4385.0,01JRZVQDBYC12WH6QK6KG8CQD1-animals,1,,animals,human,human
01JVAEPB5JVEARW0VCFS9NJASF,01JVAH11A9HDR68SC6EJ69A8RE-animals,cat,3148.0,01JRZVQDBYC12WH6QK6KG8CQD1-animals,2,cat,animals,human,human
01JVAEPB5JVEARW0VCFS9NJASF,01JVAH11A9HDR68SC6EJ69A8RE-animals,hyena,2793.0,01JRZVQDBYC12WH6QK6KG8CQD1-animals,3,parrot,animals,human,human
01JVAEPB5JVEARW0VCFS9NJASF,01JVAH11A9HDR68SC6EJ69A8RE-animals,giraffe,3862.0,01JRZVQDBYC12WH6QK6KG8CQD1-animals,4,lion,animals,human,human
01JVAEPB5JVEARW0VCFS9NJASF,01JVAH11A9HDR68SC6EJ69A8RE-animals,elephant,4039.0,01JRZVQDBYC12WH6QK6KG8CQD1-animals,5,hippo,animals,human,human
01JVAEPB5JVEARW0VCFS9NJASF,01JVAH11A9HDR68SC6EJ69A8RE-animals,mouse,3247.0,01JRZVQDBYC12WH6QK6KG8CQD1-animals,6,lion,animals,human,human
01JVAEPB5JVEARW0VCFS9NJASF,01JVAH11A9HDR68SC6EJ69A8RE-animals,lion,2753.0,01JRZVQDBYC12WH6QK6KG8CQD1-animals,7,frog,animals,human,human
01JVAEPB5JVEARW0VCFS9NJASF,01JVAH11A9HDR68SC6EJ69A8RE-animals,cheetah,5971.0,01JRZVQDBYC12WH6QK6KG8CQD1-animals,8,rhino,animals,human,human
01JVAEPB5JVEARW0VCFS9NJASF,01JVAH11A9HDR68SC6EJ69A8RE-animals,porcupine,5793.0,01JRZVQDBYC12WH6QK6KG8CQD1-animals,9,leopard,animals,human,human
01JVAEPB5JVEARW0VCFS9NJASF,01JVAH11A9HDR68SC6EJ69A8RE-animals,rat,5526.0,01JRZVQDBYC12WH6QK6KG8CQD1-animals,10,jaguar,animals,human,human
01JVAEPB5JVEARW0VCFS9NJASF,01JVAH11A9HDR68SC6EJ69A8RE-animals,fox,4357.0,01JRZVQDBYC12WH6QK6KG8CQD1-animals,11,gerbil,animals,human,human
01JVAEPB5JVEARW0VCFS9NJASF,01JVAH11A9HDR68SC6EJ69A8RE-animals,ferret,7869.0,01JRZVQDBYC12WH6QK6KG8CQD1-animals,12,wolf,animals,human,human
01JVAEPB5JVEARW0VCFS9NJASF,01JVAH11A9HDR68SC6EJ69A8RE-animals,fish,7682.0,01JRZVQDBYC12WH6QK6KG8CQD1-animals,13,monkey,animals,human,human
01JVAEPB5JVEARW0VCFS9NJASF,01JVAH11A9HDR68SC6EJ69A8RE-animals,shark,2536.0,01JRZVQDBYC12WH6QK6KG8CQD1-animals,14,bird,animals,human,human
01JVAEPB5JVEARW0VCFS9NJASF,01JVAH11A9HDR68SC6EJ69A8RE-animals,orca,2688.0,01JRZVQDBYC12WH6QK6KG8CQD1-animals,15,dolphin,animals,human,human
01JVAEPB5JVEARW0VCFS9NJASF,01JVAH11A9HDR68SC6EJ69A8RE-animals,dolphin,4148.0,01JRZVQDBYC12WH6QK6KG8CQD1-animals,16,penguin,animals,human,human
01JVAEPB5JVEARW0VCFS9NJASF,01JVAH11A9HDR68SC6EJ69A8RE-animals,bird,7753.0,01JRZVQDBYC12WH6QK6KG8CQD1-animals,17,whale,animals,human,human
01JVAEPB5JVEARW0VCFS9NJASF,01JVAH11A9HDR68SC6EJ69A8RE-animals,vulture,6117.0,01JRZVQDBYC12WH6QK6KG8CQD1-animals,18,parrot,animals,human,human
01JVAEPB5JVEARW0VCFS9NJASF,01JVAH11A9HDR68SC6EJ69A8RE-animals,jaguar,11422.0,01JRZVQDBYC12WH6QK6KG8CQD1-animals,19,hawk,animals,human,human
01JVAEPB5JVEARW0VCFS9NJASF,01JVAH11A9HDR68SC6EJ69A8RE-animals,anteater,6039.0,01JRZVQDBYC12WH6QK6KG8CQD1-animals,20,puma,animals,human,human
01JVAEPB5JVEARW0VCFS9NJASF,01JVAH11A9HDR68SC6EJ69A8RE-animals,armadillo,8623.0,01JRZVQDBYC12WH6QK6KG8CQD1-animals,21,echidna,animals,human,human
01JVAEPB5JVEARW0VCFS9NJASF,01JVAH11A9HDR68SC6EJ69A8RE-animals,frog,7482.0,01JRZVQDBYC12WH6QK6KG8CQD1-animals,22,hedghog,animals,human,human
01JVAEPB5JVEARW0VCFS9NJASF,01JVAH11A9HDR68SC6EJ69A8RE-animals,alligator,8949.0,01JRZVQDBYC12WH6QK6KG8CQD1-animals,23,toad,animals,human,human
01JVAEPB5JVEARW0VCFS9NJASF,01JVAH11A9HDR68SC6EJ69A8RE-animals,crocodile,5197.0,01JRZVQDBYC12WH6QK6KG8CQD1-animals,24,crocodile,animals,human,human
01JVAEPB5JVEARW0VCFS9NJASF,01JVAH11A9HDR68SC6EJ69A8RE-animals,swan,5518.0,01JRZVQDBYC12WH6QK6KG8CQD1-animals,25,gecko,animals,human,human
01JVAEPB5JVEARW0VCFS9NJASF,01JVAH11A9HDR68SC6EJ69A8RE-animals,duck,3366.0,01JRZVQDBYC12WH6QK6KG8CQD1-animals,26,snake,animals,human,human
01JVAEPB5JVEARW0VCFS9NJASF,01JVAH11A9HDR68SC6EJ69A8RE-animals,weasel,16120.0,01JRZVQDBYC12WH6QK6KG8CQD1-animals,27,herring,animals,human,human
01JVAEPB5JVEARW0VCFS9NJASF,01JVAH11A9HDR68SC6EJ69A8RE-animals,mink,6885.0,01JRZVQDBYC12WH6QK6KG8CQD1-animals,28,crow,animals,human,human
01JVAEPB5JVEARW0VCFS9NJASF,01JVAH11A9HDR68SC6EJ69A8RE-animals,bobcat,6571.0,01JRZVQDBYC12WH6QK6KG8CQD1-animals,29,pig,animals,human,human
01JVAEPB5JVEARW0VCFS9NJASF,01JVAH11A9HDR68SC6EJ69A8RE-animals,rhino,7051.0,01JRZVQDBYC12WH6QK6KG8CQD1-animals,30,bat,animals,human,human
,01K4DTEBXXJ9BN4F0VB5WTE2RS-animals,cat,4092.0,01JRZTYPA683EJCD98JEP0H9HZ-animals,1,,animals,human,human
01K4DSNAEZ11GV3JZ3K1Y1Z5JC,01K4DTEBXXJ9BN4F0VB5WTE2RS-animals,dog,1441.0,01JRZTYPA683EJCD98JEP0H9HZ-animals,2,dog,animals,human,human
01K4DSNAEZ11GV3JZ3K1Y1Z5JC,01K4DTEBXXJ9BN4F0VB5WTE2RS-animals,horse,4666.0,01JRZTYPA683EJCD98JEP0H9HZ-animals,3,mouse,animals,human,human
01K4DSNAEZ11GV3JZ3K1Y1Z5JC,01K4DTEBXXJ9BN4F0VB5WTE2RS-animals,donkey,2338.0,01JRZTYPA683EJCD98JEP0H9HZ-animals,4,cow,animals,human,human
01K4DSNAEZ11GV3JZ3K1Y1Z5JC,01K4DTEBXXJ9BN4F0VB5WTE2RS-animals,giraffe,11546.0,01JRZTYPA683EJCD98JEP0H9HZ-animals,5,goat,animals,human,human
01K4DSNAEZ11GV3JZ3K1Y1Z5JC,01K4DTEBXXJ9BN4F0VB5WTE2RS-animals,tiger,14523.0,01JRZTYPA683EJCD98JEP0H9HZ-animals,6,lion,animals,human,human
01K4DSNAEZ11GV3JZ3K1Y1Z5JC,01K4DTEBXXJ9BN4F0VB5WTE2RS-animals,whale,2439.0,01JRZTYPA683EJCD98JEP0H9HZ-animals,7,lion,animals,human,human
01K4DSNAEZ11GV3JZ3K1Y1Z5JC,01K4DTEBXXJ9BN4F0VB5WTE2RS-animals,elephant,17343.0,01JRZTYPA683EJCD98JEP0H9HZ-animals,8,dophin,animals,human,human
01K4DSNAEZ11GV3JZ3K1Y1Z5JC,01K4DTEBXXJ9BN4F0VB5WTE2RS-animals,panda,4599.0,01JRZTYPA683EJCD98JEP0H9HZ-animals,9,lion,animals,human,human
01K4DSNAEZ11GV3JZ3K1Y1Z5JC,01K4DTEBXXJ9BN4F0VB5WTE2RS-animals,penguin,3772.0,01JRZTYPA683EJCD98JEP0H9HZ-animals,10,lion,animals,human,human
01K4DSNAEZ11GV3JZ3K1Y1Z5JC,01K4DTEBXXJ9BN4F0VB5WTE2RS-animals,turtle,3024.0,01JRZTYPA683EJCD98JEP0H9HZ-animals,11,polarbear,animals,human,human
01K4DSNAEZ11GV3JZ3K1Y1Z5JC,01K4DTEBXXJ9BN4F0VB5WTE2RS-animals,bear,2862.0,01JRZTYPA683EJCD98JEP0H9HZ-animals,12,tortoise,animals,human,human
01K4DSNAEZ11GV3JZ3K1Y1Z5JC,01K4DTEBXXJ9BN4F0VB5WTE2RS-animals,lion,10819.0,01JRZTYPA683EJCD98JEP0H9HZ-animals,13,lion,animals,human,human
01K4DSNAEZ11GV3JZ3K1Y1Z5JC,01K4DTEBXXJ9BN4F0VB5WTE2RS-animals,leopard,9194.0,01JRZTYPA683EJCD98JEP0H9HZ-animals,14,rhino,animals,human,human
01K4DSNAEZ11GV3JZ3K1Y1Z5JC,01K4DTEBXXJ9BN4F0VB5WTE2RS-animals,bison,4000.0,01JRZTYPA683EJCD98JEP0H9HZ-animals,15,cheetah,animals,human,human
01K4DSNAEZ11GV3JZ3K1Y1Z5JC,01K4DTEBXXJ9BN4F0VB5WTE2RS-animals,snake,5513.0,01JRZTYPA683EJCD98JEP0H9HZ-animals,16,elk,animals,human,human
01K4DSNAEZ11GV3JZ3K1Y1Z5JC,01K4DTEBXXJ9BN4F0VB5WTE2RS-animals,fox,4385.0,01JRZTYPA683EJCD98JEP0H9HZ-animals,17,lizard,animals,human,human
01K4DSNAEZ11GV3JZ3K1Y1Z5JC,01K4DTEBXXJ9BN4F0VB5WTE2RS-animals,bat,2851.0,01JRZTYPA683EJCD98JEP0H9HZ-animals,18,mouse,animals,human,human
01K4DSNAEZ11GV3JZ3K1Y1Z5JC,01K4DTEBXXJ9BN4F0VB5WTE2RS-animals,lynx,17260.0,01JRZTYPA683EJCD98JEP0H9HZ-animals,19,squirrel,animals,human,human
01K4DSNAEZ11GV3JZ3K1Y1Z5JC,01K4DTEBXXJ9BN4F0VB5WTE2RS-animals,capybara,4283.0,01JRZTYPA683EJCD98JEP0H9HZ-animals,20,squirrel,animals,human,human
01K4DSNAEZ11GV3JZ3K1Y1Z5JC,01K4DTEBXXJ9BN4F0VB5WTE2RS-animals,zebra,12392.0,01JRZTYPA683EJCD98JEP0H9HZ-animals,21,pig,animals,human,human
01K4DSNAEZ11GV3JZ3K1Y1Z5JC,01K4DTEBXXJ9BN4F0VB5WTE2RS-animals,squirrel,8699.0,01JRZTYPA683EJCD98JEP0H9HZ-animals,22,hippopotamus,animals,human,human
01K4DSNAEZ11GV3JZ3K1Y1Z5JC,01K4DTEBXXJ9BN4F0VB5WTE2RS-animals,shark,7330.0,01JRZTYPA683EJCD98JEP0H9HZ-animals,23,racoon,animals,human,human
01K4DSNAEZ11GV3JZ3K1Y1Z5JC,01K4DTEBXXJ9BN4F0VB5WTE2RS-animals,wolf,9127.0,01JRZTYPA683EJCD98JEP0H9HZ-animals,24,racoon,animals,human,human
01K4DSNAEZ11GV3JZ3K1Y1Z5JC,01K4DTEBXXJ9BN4F0VB5WTE2RS-animals,monkey,4554.0,01JRZTYPA683EJCD98JEP0H9HZ-animals,25,racoon,animals,human,human
,01K4DTCNN0QR8ZHT9FCAY6XEC2-animals,sheep,17855.0,01JRZV6APGR2Z1CJV7RQ7CB46Q-animals,1,,animals,human,human
01K4DSN8PZH0VA9P9XQXF1BCS0,01K4DTCNN0QR8ZHT9FCAY6XEC2-animals,goat,3535.0,01JRZV6APGR2Z1CJV7RQ7CB46Q-animals,2,pig,animals,human,human
01K4DSN8PZH0VA9P9XQXF1BCS0,01K4DTCNN0QR8ZHT9FCAY6XEC2-animals,dog,2162.0,01JRZV6APGR2Z1CJV7RQ7CB46Q-animals,3,pig,animals,human,human
01K4DSN8PZH0VA9P9XQXF1BCS0,01K4DTCNN0QR8ZHT9FCAY6XEC2-animals,cat,2381.0,01JRZV6APGR2Z1CJV7RQ7CB46Q-animals,4,cat,animals,human,human
01K4DSN8PZH0VA9P9XQXF1BCS0,01K4DTCNN0QR8ZHT9FCAY6XEC2-animals,horse,2943.0,01JRZV6APGR2Z1CJV7RQ7CB46Q-animals,5,mouse,animals,human,human
01K4DSN8PZH0VA9P9XQXF1BCS0,01K4DTCNN0QR8ZHT9FCAY6XEC2-animals,donkey,3169.0,01JRZV6APGR2Z1CJV7RQ7CB46Q-animals,6,pig,animals,human,human
01K4DSN8PZH0VA9P9XQXF1BCS0,01K4DTCNN0QR8ZHT9FCAY6XEC2-animals,lion,6771.0,01JRZV6APGR2Z1CJV7RQ7CB46Q-animals,7,pig,animals,human,human
01K4DSN8PZH0VA9P9XQXF1BCS0,01K4DTCNN0QR8ZHT9FCAY6XEC2-animals,tiger,7076.0,01JRZV6APGR2Z1CJV7RQ7CB46Q-animals,8,cougar,animals,human,human
01K4DSN8PZH0VA9P9XQXF1BCS0,01K4DTCNN0QR8ZHT9FCAY6XEC2-animals,buffalo,11240.0,01JRZV6APGR2Z1CJV7RQ7CB46Q-animals,9,cougar,animals,human,human
01K4DSN8PZH0VA9P9XQXF1BCS0,01K4DTCNN0QR8ZHT9FCAY6XEC2-animals,cow,5833.0,01JRZV6APGR2Z1CJV7RQ7CB46Q-animals,10,wolf,animals,human,human
01K4DSN8PZH0VA9P9XQXF1BCS0,01K4DTCNN0QR8ZHT9FCAY6XEC2-animals,rhino,7489.0,01JRZV6APGR2Z1CJV7RQ7CB46Q-animals,11,deer,animals,human,human
01K4DSN8PZH0VA9P9XQXF1BCS0,01K4DTCNN0QR8ZHT9FCAY6XEC2-animals,elephant,5065.0,01JRZV6APGR2Z1CJV7RQ7CB46Q-animals,12,deer,animals,human,human
01K4DSN8PZH0VA9P9XQXF1BCS0,01K4DTCNN0QR8ZHT9FCAY6XEC2-animals,monkey,3741.0,01JRZV6APGR2Z1CJV7RQ7CB46Q-animals,13,bison,animals,human,human
01K4DSN8PZH0VA9P9XQXF1BCS0,01K4DTCNN0QR8ZHT9FCAY6XEC2-animals,gorilla,1892.0,01JRZV6APGR2Z1CJV7RQ7CB46Q-animals,14,snake,animals,human,human
01K4DSN8PZH0VA9P9XQXF1BCS0,01K4DTCNN0QR8ZHT9FCAY6XEC2-animals,chimpanzee,8128.0,01JRZV6APGR2Z1CJV7RQ7CB46Q-animals,15,sloth,animals,human,human
01K4DSN8PZH0VA9P9XQXF1BCS0,01K4DTCNN0QR8ZHT9FCAY6XEC2-animals,rat,7791.0,01JRZV6APGR2Z1CJV7RQ7CB46Q-animals,16,sloth,animals,human,human
01K4DSN8PZH0VA9P9XQXF1BCS0,01K4DTCNN0QR8ZHT9FCAY6XEC2-animals,leopard,7084.0,01JRZV6APGR2Z1CJV7RQ7CB46Q-animals,17,mouse,animals,human,human
01K4DSN8PZH0VA9P9XQXF1BCS0,01K4DTCNN0QR8ZHT9FCAY6XEC2-animals,antelope,10207.0,01JRZV6APGR2Z1CJV7RQ7CB46Q-animals,18,cougar,animals,human,human
01K4DSN8PZH0VA9P9XQXF1BCS0,01K4DTCNN0QR8ZHT9FCAY6XEC2-animals,bison,5678.0,01JRZV6APGR2Z1CJV7RQ7CB46Q-animals,19,deer,animals,human,human
01K4DSN8PZH0VA9P9XQXF1BCS0,01K4DTCNN0QR8ZHT9FCAY6XEC2-animals,pig,4280.0,01JRZV6APGR2Z1CJV7RQ7CB46Q-animals,20,deer,animals,human,human
01K4DSN8PZH0VA9P9XQXF1BCS0,01K4DTCNN0QR8ZHT9FCAY6XEC2-animals,warthog,9600.0,01JRZV6APGR2Z1CJV7RQ7CB46Q-animals,21,mouse,animals,human,human
01K4DSN8PZH0VA9P9XQXF1BCS0,01K4DTCNN0QR8ZHT9FCAY6XEC2-animals,dolphin,17499.0,01JRZV6APGR2Z1CJV7RQ7CB46Q-animals,22,deer,animals,human,human
01K4DSN8PZH0VA9P9XQXF1BCS0,01K4DTCNN0QR8ZHT9FCAY6XEC2-animals,whale,5199.0,01JRZV6APGR2Z1CJV7RQ7CB46Q-animals,23,trout,animals,human,human
01K4DSN8PZH0VA9P9XQXF1BCS0,01K4DTCNN0QR8ZHT9FCAY6XEC2-animals,bear,15312.0,01JRZV6APGR2Z1CJV7RQ7CB46Q-animals,24,shark,animals,human,human
,01K4DTMHHC7XH0M3VA74XEB0PR-animals,dog,4801.0,01JRZMMYQSHKC8GD5HSV7QW7VW-animals,1,,animals,human,human
01K4DSNAEKR0MB7ACW8MVYXVHB,01K4DTMHHC7XH0M3VA74XEB0PR-animals,cat,1715.0,01JRZMMYQSHKC8GD5HSV7QW7VW-animals,2,cat,animals,human,human
01K4DSNAEKR0MB7ACW8MVYXVHB,01K4DTMHHC7XH0M3VA74XEB0PR-animals,zebra,2827.0,01JRZMMYQSHKC8GD5HSV7QW7VW-animals,3,mouse,animals,human,human
01K4DSNAEKR0MB7ACW8MVYXVHB,01K4DTMHHC7XH0M3VA74XEB0PR-animals,cow,1711.0,01JRZMMYQSHKC8GD5HSV7QW7VW-animals,4,giraffe,animals,human,human
01K4DSNAEKR0MB7ACW8MVYXVHB,01K4DTMHHC7XH0M3VA74XEB0PR-animals,camel,2486.0,01JRZMMYQSHKC8GD5HSV7QW7VW-animals,5,horse,animals,human,human
01K4DSNAEKR0MB7ACW8MVYXVHB,01K4DTMHHC7XH0M3VA74XEB0PR-animals,horse,2770.0,01JRZMMYQSHKC8GD5HSV7QW7VW-animals,6,chicken,animals,human,human
01K4DSNAEKR0MB7ACW8MVYXVHB,01K4DTMHHC7XH0M3VA74XEB0PR-animals,rabbit,2611.0,01JRZMMYQSHKC8GD5HSV7QW7VW-animals,7,pig,animals,human,human
01K4DSNAEKR0MB7ACW8MVYXVHB,01K4DTMHHC7XH0M3VA74XEB0PR-animals,elephant,4425.0,01JRZMMYQSHKC8GD5HSV7QW7VW-animals,8,bunny,animals,human,human
01K4DSNAEKR0MB7ACW8MVYXVHB,01K4DTMHHC7XH0M3VA74XEB0PR-animals,lion,3161.0,01JRZMMYQSHKC8GD5HSV7QW7VW-animals,9,lion,animals,human,human
01K4DSNAEKR0MB7ACW8MVYXVHB,01K4DTMHHC7XH0M3VA74XEB0PR-animals,tiger,5751.0,01JRZMMYQSHKC8GD5HSV7QW7VW-animals,10,tiger,animals,human,human
01K4DSNAEKR0MB7ACW8MVYXVHB,01K4DTMHHC7XH0M3VA74XEB0PR-animals,snake,5147.0,01JRZMMYQSHKC8GD5HSV7QW7VW-animals,11,antelope,animals,human,human
01K4DSNAEKR0MB7ACW8MVYXVHB,01K4DTMHHC7XH0M3VA74XEB0PR-animals,ant,16635.0,01JRZMMYQSHKC8GD5HSV7QW7VW-animals,12,lizard,animals,human,human
01K4DSNAEKR0MB7ACW8MVYXVHB,01K4DTMHHC7XH0M3VA74XEB0PR-animals,llama,13899.0,01JRZMMYQSHKC8GD5HSV7QW7VW-animals,13,spider,animals,human,human
01K4DSNAEKR0MB7ACW8MVYXVHB,01K4DTMHHC7XH0M3VA74XEB0PR-animals,hare,8476.0,01JRZMMYQSHKC8GD5HSV7QW7VW-animals,14,alpaca,animals,human,human
01K4DSNAEKR0MB7ACW8MVYXVHB,01K4DTMHHC7XH0M3VA74XEB0PR-animals,flea,12477.0,01JRZMMYQSHKC8GD5HSV7QW7VW-animals,15,rabbit,animals,human,human
01K4DSNAEKR0MB7ACW8MVYXVHB,01K4DTMHHC7XH0M3VA74XEB0PR-animals,hippopotamus,33837.0,01JRZMMYQSHKC8GD5HSV7QW7VW-animals,16,grasshopper,animals,human,human
01K4DSNAEKR0MB7ACW8MVYXVHB,01K4DTMHHC7XH0M3VA74XEB0PR-animals,pony,10292.0,01JRZMMYQSHKC8GD5HSV7QW7VW-animals,17,rhino,animals,human,human
01K4DSNAEKR0MB7ACW8MVYXVHB,01K4DTMHHC7XH0M3VA74XEB0PR-animals,dromedary,6881.0,01JRZMMYQSHKC8GD5HSV7QW7VW-animals,18,dog,animals,human,human
01K4DSNAEKR0MB7ACW8MVYXVHB,01K4DTMHHC7XH0M3VA74XEB0PR-animals,kangaroo,3097.0,01JRZMMYQSHKC8GD5HSV7QW7VW-animals,19,lizard,animals,human,human
01K4DSNAEKR0MB7ACW8MVYXVHB,01K4DTMHHC7XH0M3VA74XEB0PR-animals,bull,19077.0,01JRZMMYQSHKC8GD5HSV7QW7VW-animals,20,joey,animals,human,human
01K4DSNAEKR0MB7ACW8MVYXVHB,01K4DTMHHC7XH0M3VA74XEB0PR-animals,deer,6973.0,01JRZMMYQSHKC8GD5HSV7QW7VW-animals,21,heifer,animals,human,human
01K4DSNAEKR0MB7ACW8MVYXVHB,01K4DTMHHC7XH0M3VA74XEB0PR-animals,foal,5174.0,01JRZMMYQSHKC8GD5HSV7QW7VW-animals,22,antelope,animals,human,human
,01K4DTGJ3AWEPFTTFAKJDMR1AB-supermarket,cheese,5405.0,01JRZTZ6WE38X65HPAXWT0X5AV-supermarket,1,,supermarket,human,human
01K4DSNAFD3SCCMPZ8DMCQX0X4,01K4DTGJ3AWEPFTTFAKJDMR1AB-supermarket,milk,2968.0,01JRZTZ6WE38X65HPAXWT0X5AV-supermarket,2,bread,supermarket,human,human
01K4DSNAFD3SCCMPZ8DMCQX0X4,01K4DTGJ3AWEPFTTFAKJDMR1AB-supermarket,egg,2126.0,01JRZTZ6WE38X65HPAXWT0X5AV-supermarket,3,coffee,supermarket,human,human
01K4DSNAFD3SCCMPZ8DMCQX0X4,01K4DTGJ3AWEPFTTFAKJDMR1AB-supermarket,cereal,3022.0,01JRZTZ6WE38X65HPAXWT0X5AV-supermarket,4,bread,supermarket,human,human
01K4DSNAFD3SCCMPZ8DMCQX0X4,01K4DTGJ3AWEPFTTFAKJDMR1AB-supermarket,bread,1722.0,01JRZTZ6WE38X65HPAXWT0X5AV-supermarket,5,bread,supermarket,human,human
01K4DSNAFD3SCCMPZ8DMCQX0X4,01K4DTGJ3AWEPFTTFAKJDMR1AB-supermarket,meat,44881.0,01JRZTZ6WE38X65HPAXWT0X5AV-supermarket,6,jam,supermarket,human,human
01K4DSNAFD3SCCMPZ8DMCQX0X4,01K4DTGJ3AWEPFTTFAKJDMR1AB-supermarket,syrup,11571.0,01JRZTZ6WE38X65HPAXWT0X5AV-supermarket,7,fish,supermarket,human,human
01K4DSNAFD3SCCMPZ8DMCQX0X4,01K4DTGJ3AWEPFTTFAKJDMR1AB-supermarket,tomato,4718.0,01JRZTZ6WE38X65HPAXWT0X5AV-supermarket,8,jam,supermarket,human,human
01K4DSNAFD3SCCMPZ8DMCQX0X4,01K4DTGJ3AWEPFTTFAKJDMR1AB-supermarket,jam,2752.0,01JRZTZ6WE38X65HPAXWT0X5AV-supermarket,9,cucmbers,supermarket,human,human
01K4DSNAFD3SCCMPZ8DMCQX0X4,01K4DTGJ3AWEPFTTFAKJDMR1AB-supermarket,peanut butter,4208.0,01JRZTZ6WE38X65HPAXWT0X5AV-supermarket,10,coffee,supermarket,human,human
01K4DSNAFD3SCCMPZ8DMCQX0X4,01K4DTGJ3AWEPFTTFAKJDMR1AB-supermarket,juice,13463.0,01JRZTZ6WE38X65HPAXWT0X5AV-supermarket,11,margarine,supermarket,human,human
01K4DSNAFD3SCCMPZ8DMCQX0X4,01K4DTGJ3AWEPFTTFAKJDMR1AB-supermarket,grape,4218.0,01JRZTZ6WE38X65HPAXWT0X5AV-supermarket,12,ketchup,supermarket,human,human
01K4DSNAFD3SCCMPZ8DMCQX0X4,01K4DTGJ3AWEPFTTFAKJDMR1AB-supermarket,apple,2712.0,01JRZTZ6WE38X65HPAXWT0X5AV-supermarket,13,apples,supermarket,human,human
01K4DSNAFD3SCCMPZ8DMCQX0X4,01K4DTGJ3AWEPFTTFAKJDMR1AB-supermarket,pear,1711.0,01JRZTZ6WE38X65HPAXWT0X5AV-supermarket,14,bananas,supermarket,human,human
01K4DSNAFD3SCCMPZ8DMCQX0X4,01K4DTGJ3AWEPFTTFAKJDMR1AB-supermarket,lettuce,14485.0,01JRZTZ6WE38X65HPAXWT0X5AV-supermarket,15,bananas,supermarket,human,human
01K4DSNAFD3SCCMPZ8DMCQX0X4,01K4DTGJ3AWEPFTTFAKJDMR1AB-supermarket,cabbage,2624.0,01JRZTZ6WE38X65HPAXWT0X5AV-supermarket,16,cucumbers,supermarket,human,human
01K4DSNAFD3SCCMPZ8DMCQX0X4,01K4DTGJ3AWEPFTTFAKJDMR1AB-supermarket,yogurt,6938.0,01JRZTZ6WE38X65HPAXWT0X5AV-supermarket,17,cucumbers,supermarket,human,human
01K4DSNAFD3SCCMPZ8DMCQX0X4,01K4DTGJ3AWEPFTTFAKJDMR1AB-supermarket,ketchup,4162.0,01JRZTZ6WE38X65HPAXWT0X5AV-supermarket,18,cream,supermarket,human,human
01K4DSNAFD3SCCMPZ8DMCQX0X4,01K4DTGJ3AWEPFTTFAKJDMR1AB-supermarket,mustard,2617.0,01JRZTZ6WE38X65HPAXWT0X5AV-supermarket,19,mustard,supermarket,human,human
01K4DSNAFD3SCCMPZ8DMCQX0X4,01K4DTGJ3AWEPFTTFAKJDMR1AB-supermarket,mayo,12024.0,01JRZTZ6WE38X65HPAXWT0X5AV-supermarket,20,saladcream,supermarket,human,human
01K4DSNAFD3SCCMPZ8DMCQX0X4,01K4DTGJ3AWEPFTTFAKJDMR1AB-supermarket,pickle,17839.0,01JRZTZ6WE38X65HPAXWT0X5AV-supermarket,21,saladcream,supermarket,human,human
01K4DSNAFD3SCCMPZ8DMCQX0X4,01K4DTGJ3AWEPFTTFAKJDMR1AB-supermarket,tuna,12466.0,01JRZTZ6WE38X65HPAXWT0X5AV-supermarket,22,onions,supermarket,human,human
,01K4DTVJ4K6HVQ4RBT7J6Z12MC-supermarket,bean,3563.0,01JYPGRVW2VEX29F172T6SCS96-supermarket,1,,supermarket,human,human
01K4DSNB9SX5YV7CBV77VWX93G,01K4DTVJ4K6HVQ4RBT7J6Z12MC-supermarket,banana,2408.0,01JYPGRVW2VEX29F172T6SCS96-supermarket,2,rice,supermarket,human,human
01K4DSNB9SX5YV7CBV77VWX93G,01K4DTVJ4K6HVQ4RBT7J6Z12MC-supermarket,egg,3993.0,01JYPGRVW2VEX29F172T6SCS96-supermarket,3,bread,supermarket,human,human
01K4DSNB9SX5YV7CBV77VWX93G,01K4DTVJ4K6HVQ4RBT7J6Z12MC-supermarket,bread,1919.0,01JYPGRVW2VEX29F172T6SCS96-supermarket,4,milk,supermarket,human,human
01K4DSNB9SX5YV7CBV77VWX93G,01K4DTVJ4K6HVQ4RBT7J6Z12MC-supermarket,milk,2185.0,01JYPGRVW2VEX29F172T6SCS96-supermarket,5,milk,supermarket,human,human
01K4DSNB9SX5YV7CBV77VWX93G,01K4DTVJ4K6HVQ4RBT7J6Z12MC-supermarket,sausage,3101.0,01JYPGRVW2VEX29F172T6SCS96-supermarket,6,cereal,supermarket,human,human
01K4DSNB9SX5YV7CBV77VWX93G,01K4DTVJ4K6HVQ4RBT7J6Z12MC-supermarket,grape,6989.0,01JYPGRVW2VEX29F172T6SCS96-supermarket,7,potatos,supermarket,human,human
01K4DSNB9SX5YV7CBV77VWX93G,01K4DTVJ4K6HVQ4RBT7J6Z12MC-supermarket,chicken,2829.0,01JYPGRVW2VEX29F172T6SCS96-supermarket,8,buns,supermarket,human,human
01K4DSNB9SX5YV7CBV77VWX93G,01K4DTVJ4K6HVQ4RBT7J6Z12MC-supermarket,beef,1498.0,01JYPGRVW2VEX29F172T6SCS96-supermarket,9,spices,supermarket,human,human
01K4DSNB9SX5YV7CBV77VWX93G,01K4DTVJ4K6HVQ4RBT7J6Z12MC-supermarket,mince,1207.0,01JYPGRVW2VEX29F172T6SCS96-supermarket,10,pork,supermarket,human,human
01K4DSNB9SX5YV7CBV77VWX93G,01K4DTVJ4K6HVQ4RBT7J6Z12MC-supermarket,lamb,3561.0,01JYPGRVW2VEX29F172T6SCS96-supermarket,11,pork,supermarket,human,human
01K4DSNB9SX5YV7CBV77VWX93G,01K4DTVJ4K6HVQ4RBT7J6Z12MC-supermarket,rice,1000.0,01JYPGRVW2VEX29F172T6SCS96-supermarket,12,pork,supermarket,human,human
01K4DSNB9SX5YV7CBV77VWX93G,01K4DTVJ4K6HVQ4RBT7J6Z12MC-supermarket,pasta,1788.0,01JYPGRVW2VEX29F172T6SCS96-supermarket,13,cheese,supermarket,human,human
01K4DSNB9SX5YV7CBV77VWX93G,01K4DTVJ4K6HVQ4RBT7J6Z12MC-supermarket,pasta sauce,1781.0,01JYPGRVW2VEX29F172T6SCS96-supermarket,14,sauce,supermarket,human,human
01K4DSNB9SX5YV7CBV77VWX93G,01K4DTVJ4K6HVQ4RBT7J6Z12MC-supermarket,noodle,2528.0,01JYPGRVW2VEX29F172T6SCS96-supermarket,15,frenchbread,supermarket,human,human
01K4DSNB9SX5YV7CBV77VWX93G,01K4DTVJ4K6HVQ4RBT7J6Z12MC-supermarket,cracker,2964.0,01JYPGRVW2VEX29F172T6SCS96-supermarket,16,butter,supermarket,human,human
01K4DSNB9SX5YV7CBV77VWX93G,01K4DTVJ4K6HVQ4RBT7J6Z12MC-supermarket,potato,11089.0,01JYPGRVW2VEX29F172T6SCS96-supermarket,17,cheese,supermarket,human,human
01K4DSNB9SX5YV7CBV77VWX93G,01K4DTVJ4K6HVQ4RBT7J6Z12MC-supermarket,chicken nugget,9981.0,01JYPGRVW2VEX29F172T6SCS96-supermarket,18,cheese,supermarket,human,human
01K4DSNB9SX5YV7CBV77VWX93G,01K4DTVJ4K6HVQ4RBT7J6Z12MC-supermarket,pineapple,9245.0,01JYPGRVW2VEX29F172T6SCS96-supermarket,19,cheese,supermarket,human,human
01K4DSNB9SX5YV7CBV77VWX93G,01K4DTVJ4K6HVQ4RBT7J6Z12MC-supermarket,carrot,10322.0,01JYPGRVW2VEX29F172T6SCS96-supermarket,20,cheese,supermarket,human,human
01K4DSNB9SX5YV7CBV77VWX93G,01K4DTVJ4K6HVQ4RBT7J6Z12MC-supermarket,pea,8922.0,01JYPGRVW2VEX29F172T6SCS96-supermarket,21,beans,supermarket,human,human
01K4DSNB9SX5YV7CBV77VWX93G,01K4DTVJ4K6HVQ4RBT7J6Z12MC-supermarket,corn,9989.0,01JYPGRVW2VEX29F172T6SCS96-supermarket,22,beans,supermarket,human,human
01K4DSNB9SX5YV7CBV77VWX93G,01K4DTVJ4K6HVQ4RBT7J6Z12MC-supermarket,leek,11565.0,01JYPGRVW2VEX29F172T6SCS96-supermarket,23,beans,supermarket,human,human
01K4DSNB9SX5YV7CBV77VWX93G,01K4DTVJ4K6HVQ4RBT7J6Z12MC-supermarket,burger,9294.0,01JYPGRVW2VEX29F172T6SCS96-supermarket,24,squash,supermarket,human,human
01K4DSNB9SX5YV7CBV77VWX93G,01K4DTVJ4K6HVQ4RBT7J6Z12MC-supermarket,tomato,10773.0,01JYPGRVW2VEX29F172T6SCS96-supermarket,25,buns,supermarket,human,human
01K4DSNB9SX5YV7CBV77VWX93G,01K4DTVJ4K6HVQ4RBT7J6Z12MC-supermarket,butter,9919.0,01JYPGRVW2VEX29F172T6SCS96-supermarket,26,lettuce,supermarket,human,human
01K4DSNB9SX5YV7CBV77VWX93G,01K4DTVJ4K6HVQ4RBT7J6Z12MC-supermarket,cheese,11501.0,01JYPGRVW2VEX29F172T6SCS96-supermarket,27,cheese,supermarket,human,human
01K4DSNB9SX5YV7CBV77VWX93G,01K4DTVJ4K6HVQ4RBT7J6Z12MC-supermarket,orange juice,11794.0,01JYPGRVW2VEX29F172T6SCS96-supermarket,28,ketchup,supermarket,human,human
01K4DSNB9SX5YV7CBV77VWX93G,01K4DTVJ4K6HVQ4RBT7J6Z12MC-supermarket,bagel,11377.0,01JYPGRVW2VEX29F172T6SCS96-supermarket,29,icecream,supermarket,human,human
,01K4DTW1N9N4PS7MGS2YT6HTEZ-clothes,wool,21460.0,01JYPG3ASP3VRKXQ3884VZJT46-clothes,1,,clothes,human,human
01K4DSNB9V24J04377GGGDDS81,01K4DTW1N9N4PS7MGS2YT6HTEZ-clothes,jacket,20252.0,01JYPG3ASP3VRKXQ3884VZJT46-clothes,2,cotton,clothes,human,human
01K4DSNB9V24J04377GGGDDS81,01K4DTW1N9N4PS7MGS2YT6HTEZ-clothes,t-shirt,14313.0,01JYPG3ASP3VRKXQ3884VZJT46-clothes,3,jean,clothes,human,human
01K4DSNB9V24J04377GGGDDS81,01K4DTW1N9N4PS7MGS2YT6HTEZ-clothes,jeans,6197.0,01JYPG3ASP3VRKXQ3884VZJT46-clothes,4,dress,clothes,human,human
01K4DSNB9V24J04377GGGDDS81,01K4DTW1N9N4PS7MGS2YT6HTEZ-clothes,dress,3329.0,01JYPG3ASP3VRKXQ3884VZJT46-clothes,5,dress,clothes,human,human
01K4DSNB9V24J04377GGGDDS81,01K4DTW1N9N4PS7MGS2YT6HTEZ-clothes,skirt,6940.0,01JYPG3ASP3VRKXQ3884VZJT46-clothes,6,skirt,clothes,human,human
01K4DSNB9V24J04377GGGDDS81,01K4DTW1N9N4PS7MGS2YT6HTEZ-clothes,shorts,5052.0,01JYPG3ASP3VRKXQ3884VZJT46-clothes,7,pants,clothes,human,human
01K4DSNB9V24J04377GGGDDS81,01K4DTW1N9N4PS7MGS2YT6HTEZ-clothes,sock,10328.0,01JYPG3ASP3VRKXQ3884VZJT46-clothes,8,pants,clothes,human,human
01K4DSNB9V24J04377GGGDDS81,01K4DTW1N9N4PS7MGS2YT6HTEZ-clothes,hat,4268.0,01JYPG3ASP3VRKXQ3884VZJT46-clothes,9,pants,clothes,human,human
01K4DSNB9V24J04377GGGDDS81,01K4DTW1N9N4PS7MGS2YT6HTEZ-clothes,shoe,3765.0,01JYPG3ASP3VRKXQ3884VZJT46-clothes,10,pants,clothes,human,human
01K4DSNB9V24J04377GGGDDS81,01K4DTW1N9N4PS7MGS2YT6HTEZ-clothes,belt,2977.0,01JYPG3ASP3VRKXQ3884VZJT46-clothes,11,pants,clothes,human,human
01K4DSNB9V24J04377GGGDDS81,01K4DTW1N9N4PS7MGS2YT6HTEZ-clothes,hoodie,3989.0,01JYPG3ASP3VRKXQ3884VZJT46-clothes,12,pants,clothes,human,human
01K4DSNB9V24J04377GGGDDS81,01K4DTW1N9N4PS7MGS2YT6HTEZ-clothes,glove,4266.0,01JYPG3ASP3VRKXQ3884VZJT46-clothes,13,pants,clothes,human,human
01K4DSNB9V24J04377GGGDDS81,01K4DTW1N9N4PS7MGS2YT6HTEZ-clothes,coat,5641.0,01JYPG3ASP3VRKXQ3884VZJT46-clothes,14,pants,clothes,human,human
01K4DSNB9V24J04377GGGDDS81,01K4DTW1N9N4PS7MGS2YT6HTEZ-clothes,bra,2182.0,01JYPG3ASP3VRKXQ3884VZJT46-clothes,15,scarf,clothes,human,human
01K4DSNB9V24J04377GGGDDS81,01K4DTW1N9N4PS7MGS2YT6HTEZ-clothes,tie,6875.0,01JYPG3ASP3VRKXQ3884VZJT46-clothes,16,underwear,clothes,human,human
01K4DSNB9V24J04377GGGDDS81,01K4DTW1N9N4PS7MGS2YT6HTEZ-clothes,scarf,4035.0,01JYPG3ASP3VRKXQ3884VZJT46-clothes,17,pants,clothes,human,human
01K4DSNB9V24J04377GGGDDS81,01K4DTW1N9N4PS7MGS2YT6HTEZ-clothes,cardigan,7448.0,01JYPG3ASP3VRKXQ3884VZJT46-clothes,18,pants,clothes,human,human
01K4DSNB9V24J04377GGGDDS81,01K4DTW1N9N4PS7MGS2YT6HTEZ-clothes,boot,23746.0,01JYPG3ASP3VRKXQ3884VZJT46-clothes,19,pants,clothes,human,human
01K4DSNB9V24J04377GGGDDS81,01K4DTW1N9N4PS7MGS2YT6HTEZ-clothes,pajamas,15172.0,01JYPG3ASP3VRKXQ3884VZJT46-clothes,20,pants,clothes,human,human
,01JVAF93ASEP74WAFFMF6MZMXX-clothes,jacket,5867.0,01JRZV6APGR2Z1CJV7RQ7CB46Q-clothes,1,,clothes,human,human
01JVAEPB6NNFSEGYFXB6TQVFPT,01JVAF93ASEP74WAFFMF6MZMXX-clothes,sweater,6076.0,01JRZV6APGR2Z1CJV7RQ7CB46Q-clothes,2,coat,clothes,human,human
01JVAEPB6NNFSEGYFXB6TQVFPT,01JVAF93ASEP74WAFFMF6MZMXX-clothes,t-shirt,6241.0,01JRZV6APGR2Z1CJV7RQ7CB46Q-clothes,3,jumper,clothes,human,human
01JVAEPB6NNFSEGYFXB6TQVFPT,01JVAF93ASEP74WAFFMF6MZMXX-clothes,vest,5774.0,01JRZV6APGR2Z1CJV7RQ7CB46Q-clothes,4,skirt,clothes,human,human
01JVAEPB6NNFSEGYFXB6TQVFPT,01JVAF93ASEP74WAFFMF6MZMXX-clothes,briefs,6490.0,01JRZV6APGR2Z1CJV7RQ7CB46Q-clothes,5,underwear,clothes,human,human
01JVAEPB6NNFSEGYFXB6TQVFPT,01JVAF93ASEP74WAFFMF6MZMXX-clothes,scarf,3358.0,01JRZV6APGR2Z1CJV7RQ7CB46Q-clothes,6,knickers,clothes,human,human
01JVAEPB6NNFSEGYFXB6TQVFPT,01JVAF93ASEP74WAFFMF6MZMXX-clothes,boxer,8522.0,01JRZV6APGR2Z1CJV7RQ7CB46Q-clothes,7,tie,clothes,human,human
01JVAEPB6NNFSEGYFXB6TQVFPT,01JVAF93ASEP74WAFFMF6MZMXX-clothes,sock,3378.0,01JRZV6APGR2Z1CJV7RQ7CB46Q-clothes,8,brief,clothes,human,human
01JVAEPB6NNFSEGYFXB6TQVFPT,01JVAF93ASEP74WAFFMF6MZMXX-clothes,coat,3526.0,01JRZV6APGR2Z1CJV7RQ7CB46Q-clothes,9,tights,clothes,human,human
01JVAEPB6NNFSEGYFXB6TQVFPT,01JVAF93ASEP74WAFFMF6MZMXX-clothes,beanie,7789.0,01JRZV6APGR2Z1CJV7RQ7CB46Q-clothes,10,umbrella,clothes,human,human
01JVAEPB6NNFSEGYFXB6TQVFPT,01JVAF93ASEP74WAFFMF6MZMXX-clothes,leggings,5259.0,01JRZV6APGR2Z1CJV7RQ7CB46Q-clothes,11,cap,clothes,human,human
01JVAEPB6NNFSEGYFXB6TQVFPT,01JVAF93ASEP74WAFFMF6MZMXX-clothes,stocking,4642.0,01JRZV6APGR2Z1CJV7RQ7CB46Q-clothes,12,jeans,clothes,human,human
01JVAEPB6NNFSEGYFXB6TQVFPT,01JVAF93ASEP74WAFFMF6MZMXX-clothes,belt,5331.0,01JRZV6APGR2Z1CJV7RQ7CB46Q-clothes,13,trousers,clothes,human,human
01JVAEPB6NNFSEGYFXB6TQVFPT,01JVAF93ASEP74WAFFMF6MZMXX-clothes,polo,21034.0,01JRZV6APGR2Z1CJV7RQ7CB46Q-clothes,14,button,clothes,human,human
01JVAEPB6NNFSEGYFXB6TQVFPT,01JVAF93ASEP74WAFFMF6MZMXX-clothes,blouse,6270.0,01JRZV6APGR2Z1CJV7RQ7CB46Q-clothes,15,top,clothes,human,human
01JVAEPB6NNFSEGYFXB6TQVFPT,01JVAF93ASEP74WAFFMF6MZMXX-clothes,skirt,2361.0,01JRZV6APGR2Z1CJV7RQ7CB46Q-clothes,16,dress,clothes,human,human
01JVAEPB6NNFSEGYFXB6TQVFPT,01JVAF93ASEP74WAFFMF6MZMXX-clothes,shorts,2703.0,01JRZV6APGR2Z1CJV7RQ7CB46Q-clothes,17,shirt,clothes,human,human
01JVAEPB6NNFSEGYFXB6TQVFPT,01JVAF93ASEP74WAFFMF6MZMXX-clothes,trousers,3898.0,01JRZV6APGR2Z1CJV7RQ7CB46Q-clothes,18,skirt,clothes,human,human
01JVAEPB6NNFSEGYFXB6TQVFPT,01JVAF93ASEP74WAFFMF6MZMXX-clothes,denim,2056.0,01JRZV6APGR2Z1CJV7RQ7CB46Q-clothes,19,shorts,clothes,human,human
01JVAEPB6NNFSEGYFXB6TQVFPT,01JVAF93ASEP74WAFFMF6MZMXX-clothes,chino,13192.0,01JRZV6APGR2Z1CJV7RQ7CB46Q-clothes,20,cotton,clothes,human,human
01JVAEPB6NNFSEGYFXB6TQVFPT,01JVAF93ASEP74WAFFMF6MZMXX-clothes,flannel,11536.0,01JRZV6APGR2Z1CJV7RQ7CB46Q-clothes,21,pants,clothes,human,human
01JVAEPB6NNFSEGYFXB6TQVFPT,01JVAF93ASEP74WAFFMF6MZMXX-clothes,glove,7762.0,01JRZV6APGR2Z1CJV7RQ7CB46Q-clothes,22,towel,clothes,human,human
01JVAEPB6NNFSEGYFXB6TQVFPT,01JVAF93ASEP74WAFFMF6MZMXX-clothes,cap,7334.0,01JRZV6APGR2Z1CJV7RQ7CB46Q-clothes,23,hat,clothes,human,human
01JVAEPB6NNFSEGYFXB6TQVFPT,01JVAF93ASEP74WAFFMF6MZMXX-clothes,hat,9719.0,01JRZV6APGR2Z1CJV7RQ7CB46Q-clothes,24,sunglasses,clothes,human,human
01JVAEPB6NNFSEGYFXB6TQVFPT,01JVAF93ASEP74WAFFMF6MZMXX-clothes,shirt,14832.0,01JRZV6APGR2Z1CJV7RQ7CB46Q-clothes,25,cap,clothes,human,human
,01JVAF9M0X99M2JBMG8JCN6NZP-clothes,dress,4852.0,01JRZTYPA683EJCD98JEP0H9HZ-clothes,1,,clothes,human,human
01JVAEPB68WP3EF8WVQV14YTEN,01JVAF9M0X99M2JBMG8JCN6NZP-clothes,shirt,2416.0,01JRZTYPA683EJCD98JEP0H9HZ-clothes,2,well,clothes,human,human
01JVAEPB68WP3EF8WVQV14YTEN,01JVAF9M0X99M2JBMG8JCN6NZP-clothes,pants,1874.0,01JRZTYPA683EJCD98JEP0H9HZ-clothes,3,tie,clothes,human,human
01JVAEPB68WP3EF8WVQV14YTEN,01JVAF9M0X99M2JBMG8JCN6NZP-clothes,jeans,1098.0,01JRZTYPA683EJCD98JEP0H9HZ-clothes,4,rubbish,clothes,human,human
01JVAEPB68WP3EF8WVQV14YTEN,01JVAF9M0X99M2JBMG8JCN6NZP-clothes,shoe,1977.0,01JRZTYPA683EJCD98JEP0H9HZ-clothes,5,trousers,clothes,human,human
01JVAEPB68WP3EF8WVQV14YTEN,01JVAF9M0X99M2JBMG8JCN6NZP-clothes,hat,2676.0,01JRZTYPA683EJCD98JEP0H9HZ-clothes,6,feet,clothes,human,human
01JVAEPB68WP3EF8WVQV14YTEN,01JVAF9M0X99M2JBMG8JCN6NZP-clothes,cap,719.0,01JRZTYPA683EJCD98JEP0H9HZ-clothes,7,bonnet,clothes,human,human
01JVAEPB68WP3EF8WVQV14YTEN,01JVAF9M0X99M2JBMG8JCN6NZP-clothes,t-shirt,3929.0,01JRZTYPA683EJCD98JEP0H9HZ-clothes,8,bunnet,clothes,human,human
01JVAEPB68WP3EF8WVQV14YTEN,01JVAF9M0X99M2JBMG8JCN6NZP-clothes,hoodie,1617.0,01JRZTYPA683EJCD98JEP0H9HZ-clothes,9,loose,clothes,human,human
01JVAEPB68WP3EF8WVQV14YTEN,01JVAF9M0X99M2JBMG8JCN6NZP-clothes,jacket,2126.0,01JRZTYPA683EJCD98JEP0H9HZ-clothes,10,jacket,clothes,human,human
01JVAEPB68WP3EF8WVQV14YTEN,01JVAF9M0X99M2JBMG8JCN6NZP-clothes,coat,2899.0,01JRZTYPA683EJCD98JEP0H9HZ-clothes,11,coat,clothes,human,human
01JVAEPB68WP3EF8WVQV14YTEN,01JVAF9M0X99M2JBMG8JCN6NZP-clothes,sock,4506.0,01JRZTYPA683EJCD98JEP0H9HZ-clothes,12,rain,clothes,human,human
01JVAEPB68WP3EF8WVQV14YTEN,01JVAF9M0X99M2JBMG8JCN6NZP-clothes,boxers,3250.0,01JRZTYPA683EJCD98JEP0H9HZ-clothes,13,shoes,clothes,human,human
01JVAEPB68WP3EF8WVQV14YTEN,01JVAF9M0X99M2JBMG8JCN6NZP-clothes,polo,9628.0,01JRZTYPA683EJCD98JEP0H9HZ-clothes,14,shorts,clothes,human,human
01JVAEPB68WP3EF8WVQV14YTEN,01JVAF9M0X99M2JBMG8JCN6NZP-clothes,belt,13826.0,01JRZTYPA683EJCD98JEP0H9HZ-clothes,15,shirt,clothes,human,human
01JVAEPB68WP3EF8WVQV14YTEN,01JVAF9M0X99M2JBMG8JCN6NZP-clothes,glass,14182.0,01JRZTYPA683EJCD98JEP0H9HZ-clothes,16,braces,clothes,human,human
,01K4DTK70KC6ZSQ18F8WX3ZWTX-clothes,shirt,15796.0,01K0QAKARRSHGD0NXEFHVRACY9-clothes,1,,clothes,human,human
01K4DSNAED95MCXR7K3X6HK14Z,01K4DTK70KC6ZSQ18F8WX3ZWTX-clothes,pants,3049.0,01K0QAKARRSHGD0NXEFHVRACY9-clothes,2,tie,clothes,human,human
01K4DSNAED95MCXR7K3X6HK14Z,01K4DTK70KC6ZSQ18F8WX3ZWTX-clothes,shoe,2347.0,01K0QAKARRSHGD0NXEFHVRACY9-clothes,3,shoes,clothes,human,human
01K4DSNAED95MCXR7K3X6HK14Z,01K4DTK70KC6ZSQ18F8WX3ZWTX-clothes,sock,3211.0,01K0QAKARRSHGD0NXEFHVRACY9-clothes,4,socks,clothes,human,human
01K4DSNAED95MCXR7K3X6HK14Z,01K4DTK70KC6ZSQ18F8WX3ZWTX-clothes,scarf,2862.0,01K0QAKARRSHGD0NXEFHVRACY9-clothes,5,boots,clothes,human,human
01K4DSNAED95MCXR7K3X6HK14Z,01K4DTK70KC6ZSQ18F8WX3ZWTX-clothes,underwear,5799.0,01K0QAKARRSHGD0NXEFHVRACY9-clothes,6,hat,clothes,human,human
01K4DSNAED95MCXR7K3X6HK14Z,01K4DTK70KC6ZSQ18F8WX3ZWTX-clothes,bra,2095.0,01K0QAKARRSHGD0NXEFHVRACY9-clothes,7,shirt,clothes,human,human
01K4DSNAED95MCXR7K3X6HK14Z,01K4DTK70KC6ZSQ18F8WX3ZWTX-clothes,fishnet,5913.0,01K0QAKARRSHGD0NXEFHVRACY9-clothes,8,knickers,clothes,human,human
01K4DSNAED95MCXR7K3X6HK14Z,01K4DTK70KC6ZSQ18F8WX3ZWTX-clothes,tuxedo,9787.0,01K0QAKARRSHGD0NXEFHVRACY9-clothes,9,stockings,clothes,human,human
01K4DSNAED95MCXR7K3X6HK14Z,01K4DTK70KC6ZSQ18F8WX3ZWTX-clothes,suit,2170.0,01K0QAKARRSHGD0NXEFHVRACY9-clothes,10,bowtie,clothes,human,human
01K4DSNAED95MCXR7K3X6HK14Z,01K4DTK70KC6ZSQ18F8WX3ZWTX-clothes,jacket,2216.0,01K0QAKARRSHGD0NXEFHVRACY9-clothes,11,jacket,clothes,human,human
01K4DSNAED95MCXR7K3X6HK14Z,01K4DTK70KC6ZSQ18F8WX3ZWTX-clothes,vest,1499.0,01K0QAKARRSHGD0NXEFHVRACY9-clothes,12,trousers,clothes,human,human
01K4DSNAED95MCXR7K3X6HK14Z,01K4DTK70KC6ZSQ18F8WX3ZWTX-clothes,hoodie,4686.0,01K0QAKARRSHGD0NXEFHVRACY9-clothes,13,tshirt,clothes,human,human
01K4DSNAED95MCXR7K3X6HK14Z,01K4DTK70KC6ZSQ18F8WX3ZWTX-clothes,shorts,5088.0,01K0QAKARRSHGD0NXEFHVRACY9-clothes,14,hat,clothes,human,human
01K4DSNAED95MCXR7K3X6HK14Z,01K4DTK70KC6ZSQ18F8WX3ZWTX-clothes,blazer,18367.0,01K0QAKARRSHGD0NXEFHVRACY9-clothes,15,sneakers,clothes,human,human
01K4DSNAED95MCXR7K3X6HK14Z,01K4DTK70KC6ZSQ18F8WX3ZWTX-clothes,jeans,11704.0,01K0QAKARRSHGD0NXEFHVRACY9-clothes,16,joggers,clothes,human,human
01K4DSNAED95MCXR7K3X6HK14Z,01K4DTK70KC6ZSQ18F8WX3ZWTX-clothes,flannel,10539.0,01K0QAKARRSHGD0NXEFHVRACY9-clothes,17,tshirt,clothes,human,human
01K4DSNAED95MCXR7K3X6HK14Z,01K4DTK70KC6ZSQ18F8WX3ZWTX-clothes,blouse,7552.0,01K0QAKARRSHGD0NXEFHVRACY9-clothes,18,towel,clothes,human,human
01K4DSNAED95MCXR7K3X6HK14Z,01K4DTK70KC6ZSQ18F8WX3ZWTX-clothes,skirt,4700.0,01K0QAKARRSHGD0NXEFHVRACY9-clothes,19,jacket,clothes,human,human
01K4DSNAED95MCXR7K3X6HK14Z,01K4DTK70KC6ZSQ18F8WX3ZWTX-clothes,dress,2118.0,01K0QAKARRSHGD0NXEFHVRACY9-clothes,20,tights,clothes,human,human
01K4DSNAED95MCXR7K3X6HK14Z,01K4DTK70KC6ZSQ18F8WX3ZWTX-clothes,crop top,5601.0,01K0QAKARRSHGD0NXEFHVRACY9-clothes,21,tights,clothes,human,human
01K4DSNAED95MCXR7K3X6HK14Z,01K4DTK70KC6ZSQ18F8WX3ZWTX-clothes,t-shirt,8027.0,01K0QAKARRSHGD0NXEFHVRACY9-clothes,22,miniskirt,clothes,human,human
01K4DSNAED95MCXR7K3X6HK14Z,01K4DTK70KC6ZSQ18F8WX3ZWTX-clothes,turtleneck,3372.0,01K0QAKARRSHGD0NXEFHVRACY9-clothes,23,jacket,clothes,human,human
01K4DSNAED95MCXR7K3X6HK14Z,01K4DTK70KC6ZSQ18F8WX3ZWTX-clothes,sweater,14442.0,01K0QAKARRSHGD0NXEFHVRACY9-clothes,24,jacket,clothes,human,human
01K4DSNAED95MCXR7K3X6HK14Z,01K4DTK70KC6ZSQ18F8WX3ZWTX-clothes,leggings,10023.0,01K0QAKARRSHGD0NXEFHVRACY9-clothes,25,sneakers,clothes,human,human
01KEYTFAM90VDC69DWEZW40FNZ,01KEYVFEC16T9EY56NX1QB87J7,dog,3536.0,01JYPF9GM7P9V2JTTNJX1NGK95-animals,1,,animals,human,human
01KEYTFAM90VDC69DWEZW40FNZ,01KEYVFEC16T9EY56NX1QB87J7,cat,1354.0,01JYPF9GM7P9V2JTTNJX1NGK95-animals,2,cat,animals,human,human
01KEYTFAM90VDC69DWEZW40FNZ,01KEYVFEC16T9EY56NX1QB87J7,rabbit,1285.0,01JYPF9GM7P9V2JTTNJX1NGK95-animals,3,mouse,animals,human,human
01KEYTFAM90VDC69DWEZW40FNZ,01KEYVFEC16T9EY56NX1QB87J7,pig,1674.0,01JYPF9GM7P9V2JTTNJX1NGK95-animals,4,hare,animals,human,human
01KEYTFAM90VDC69DWEZW40FNZ,01KEYVFEC16T9EY56NX1QB87J7,goat,1357.0,01JYPF9GM7P9V2JTTNJX1NGK95-animals,5,horse,animals,human,human
01KEYTFAM90VDC69DWEZW40FNZ,01KEYVFEC16T9EY56NX1QB87J7,horse,3390.0,01JYPF9GM7P9V2JTTNJX1NGK95-animals,6,cow,animals,human,human
01KEYTFAM90VDC69DWEZW40FNZ,01KEYVFEC16T9EY56NX1QB87J7,zebra,2531.0,01JYPF9GM7P9V2JTTNJX1NGK95-animals,7,cow,animals,human,human
01KEYTFAM90VDC69DWEZW40FNZ,01KEYVFEC16T9EY56NX1QB87J7,lion,2047.0,01JYPF9GM7P9V2JTTNJX1NGK95-animals,8,rhino,animals,human,human
01KEYTFAM90VDC69DWEZW40FNZ,01KEYVFEC16T9EY56NX1QB87J7,tiger,1978.0,01JYPF9GM7P9V2JTTNJX1NGK95-animals,9,tiger,animals,human,human
01KEYTFAM90VDC69DWEZW40FNZ,01KEYVFEC16T9EY56NX1QB87J7,monkey,1848.0,01JYPF9GM7P9V2JTTNJX1NGK95-animals,10,jaguar,animals,human,human
01KEYTFAM90VDC69DWEZW40FNZ,01KEYVFEC16T9EY56NX1QB87J7,bear,2062.0,01JYPF9GM7P9V2JTTNJX1NGK95-animals,11,ape,animals,human,human
01KEYTFAM90VDC69DWEZW40FNZ,01KEYVFEC16T9EY56NX1QB87J7,hippopotamus,2917.0,01JYPF9GM7P9V2JTTNJX1NGK95-animals,12,jaguar,animals,human,human
01KEYTFAM90VDC69DWEZW40FNZ,01KEYVFEC16T9EY56NX1QB87J7,snake,3920.0,01JYPF9GM7P9V2JTTNJX1NGK95-animals,13,giraffe,animals,human,human
01KEYTFAM90VDC69DWEZW40FNZ,01KEYVFEC16T9EY56NX1QB87J7,rat,3853.0,01JYPF9GM7P9V2JTTNJX1NGK95-animals,14,water,animals,human,human
01KEYTFAM90VDC69DWEZW40FNZ,01KEYVFEC16T9EY56NX1QB87J7,guinea pig,4410.0,01JYPF9GM7P9V2JTTNJX1NGK95-animals,15,mouse,animals,human,human
01KEYTFAM90VDC69DWEZW40FNZ,01KEYVFEC16T9EY56NX1QB87J7,mouse,4046.0,01JYPF9GM7P9V2JTTNJX1NGK95-animals,16,hamster,animals,human,human
01KEYTFAM90VDC69DWEZW40FNZ,01KEYVFEC16T9EY56NX1QB87J7,donkey,37871.0,01JYPF9GM7P9V2JTTNJX1NGK95-animals,17,hamster,animals,human,human
01KEYTFAM90VDC69DWEZW40FNZ,01KEYVFEC16T9EY56NX1QB87J7,raccoon,32913.0,01JYPF9GM7P9V2JTTNJX1NGK95-animals,18,horse,animals,human,human
01KEYTFAM90VDC69DWEZW40FNZ,01KEYVFEC16T9EY56NX1QB87J7,wolf,4816.0,01JYPF9GM7P9V2JTTNJX1NGK95-animals,19,emu,animals,human,human
01KEYTFAM90VDC69DWEZW40FNZ,01KEYVFEC16T9EY56NX1QB87J7,chipmunk,13412.0,01JYPF9GM7P9V2JTTNJX1NGK95-animals,20,zebra,animals,human,human
01KEYTFAM90VDC69DWEZW40FNZ,01KEYVFEC16T9EY56NX1QB87J7,elephant,5183.0,01JYPF9GM7P9V2JTTNJX1NGK95-animals,21,owl,animals,human,human
01KEYTFAM90VDC69DWEZW40FNZ,01KEYVFEC16T9EY56NX1QB87J7,deer,6861.0,01JYPF9GM7P9V2JTTNJX1NGK95-animals,22,giraffe,animals,human,human
01KEYTFAM90VDC69DWEZW40FNZ,01KEYVFEC16T9EY56NX1QB87J7,sheep,7275.0,01JYPF9GM7P9V2JTTNJX1NGK95-animals,23,giraffe,animals,human,human
01KEYTFAM90VDC69DWEZW40FNZ,01KEYVFEC16T9EY56NX1QB87J7,cow,3003.0,01JYPF9GM7P9V2JTTNJX1NGK95-animals,24,ram,animals,human,human
01KEYTFAM90VDC69DWEZW40FNZ,01KEYVFEC16T9EY56NX1QB87J7,hen,2193.0,01JYPF9GM7P9V2JTTNJX1NGK95-animals,25,emu,animals,human,human
01KEYTFAM90VDC69DWEZW40FNZ,01KEYVFEC16T9EY56NX1QB87J7,kangaroo,15008.0,01JYPF9GM7P9V2JTTNJX1NGK95-animals,26,chicken,animals,human,human
01KEYTFAM90VDC69DWEZW40FNZ,01KEYVFEC16T9EY56NX1QB87J7,koala,7214.0,01JYPF9GM7P9V2JTTNJX1NGK95-animals,27,wallaby,animals,human,human
01KEYTFAN2NCES2JN44V3Q91KE,01KEYV1BM6M9HJCFKV0JCKYV2G,cereal,7037.0,01K0Q6Z1W2GQJS4CAW17ZE24VX-supermarket,1,,supermarket,human,human
01KEYTFAN2NCES2JN44V3Q91KE,01KEYV1BM6M9HJCFKV0JCKYV2G,pancake mix,4951.0,01K0Q6Z1W2GQJS4CAW17ZE24VX-supermarket,2,cornflakes,supermarket,human,human
01KEYTFAN2NCES2JN44V3Q91KE,01KEYV1BM6M9HJCFKV0JCKYV2G,can of soup,7504.0,01K0Q6Z1W2GQJS4CAW17ZE24VX-supermarket,3,cooking,supermarket,human,human
01KEYTFAN2NCES2JN44V3Q91KE,01KEYV1BM6M9HJCFKV0JCKYV2G,meat,4881.0,01K0Q6Z1W2GQJS4CAW17ZE24VX-supermarket,4,packet,supermarket,human,human
01KEYTFAN2NCES2JN44V3Q91KE,01KEYV1BM6M9HJCFKV0JCKYV2G,vegetable,4840.0,01K0Q6Z1W2GQJS4CAW17ZE24VX-supermarket,5,ham,supermarket,human,human
01KEYTFAN2NCES2JN44V3Q91KE,01KEYV1BM6M9HJCFKV0JCKYV2G,fish,5031.0,01K0Q6Z1W2GQJS4CAW17ZE24VX-supermarket,6,fruit,supermarket,human,human
01KEYTFAN2NCES2JN44V3Q91KE,01KEYV1BM6M9HJCFKV0JCKYV2G,maple syrup,4845.0,01K0Q6Z1W2GQJS4CAW17ZE24VX-supermarket,7,bone,supermarket,human,human
01KEYTFAN2NCES2JN44V3Q91KE,01KEYV1BM6M9HJCFKV0JCKYV2G,bean,9593.0,01K0Q6Z1W2GQJS4CAW17ZE24VX-supermarket,8,pickle,supermarket,human,human
01KEYTFAN2NCES2JN44V3Q91KE,01KEYV1BM6M9HJCFKV0JCKYV2G,carrot,2962.0,01K0Q6Z1W2GQJS4CAW17ZE24VX-supermarket,9,nut,supermarket,human,human
01KEYTFAN2NCES2JN44V3Q91KE,01KEYV1BM6M9HJCFKV0JCKYV2G,milk,5479.0,01K0Q6Z1W2GQJS4CAW17ZE24VX-supermarket,10,dicedcarrot,supermarket,human,human
01KEYTFAN2NCES2JN44V3Q91KE,01KEYV1BM6M9HJCFKV0JCKYV2G,egg,3522.0,01K0Q6Z1W2GQJS4CAW17ZE24VX-supermarket,11,drink,supermarket,human,human
01KEYTFAN2NCES2JN44V3Q91KE,01KEYV1BM6M9HJCFKV0JCKYV2G,bread,1807.0,01K0Q6Z1W2GQJS4CAW17ZE24VX-supermarket,12,omelette,supermarket,human,human
01KEYTFAN2NCES2JN44V3Q91KE,01KEYV1BM6M9HJCFKV0JCKYV2G,waffle,7459.0,01K0Q6Z1W2GQJS4CAW17ZE24VX-supermarket,13,jam,supermarket,human,human
01KEYTFAN2NCES2JN44V3Q91KE,01KEYV1BM6M9HJCFKV0JCKYV2G,ice cream,6457.0,01K0Q6Z1W2GQJS4CAW17ZE24VX-supermarket,14,toaster,supermarket,human,human
01KEYTFAN2NCES2JN44V3Q91KE,01KEYV1BM6M9HJCFKV0JCKYV2G,orange juice,9859.0,01K0Q6Z1W2GQJS4CAW17ZE24VX-supermarket,15,chocolate,supermarket,human,human
01KEYTFAN2NCES2JN44V3Q91KE,01KEYV1BM6M9HJCFKV0JCKYV2G,strawberry,10038.0,01K0Q6Z1W2GQJS4CAW17ZE24VX-supermarket,16,apple,supermarket,human,human
01KEYTFAN2NCES2JN44V3Q91KE,01KEYV1BM6M9HJCFKV0JCKYV2G,basket,8900.0,01K0Q6Z1W2GQJS4CAW17ZE24VX-supermarket,17,apple,supermarket,human,human
01KEYTFAN2NCES2JN44V3Q91KE,01KEYV1BM6M9HJCFKV0JCKYV2G,cart,5944.0,01K0Q6Z1W2GQJS4CAW17ZE24VX-supermarket,18,roll,supermarket,human,human
01KEYTFAN2NCES2JN44V3Q91KE,01KEYV1BM6M9HJCFKV0JCKYV2G,soda,14898.0,01K0Q6Z1W2GQJS4CAW17ZE24VX-supermarket,19,trolley,supermarket,human,human
01KEYTFAN2NCES2JN44V3Q91KE,01KEYV1BM6M9HJCFKV0JCKYV2G,sandwich,12308.0,01K0Q6Z1W2GQJS4CAW17ZE24VX-supermarket,20,water,supermarket,human,human
01KEYTFAN2NCES2JN44V3Q91KE,01KEYV1BM6M9HJCFKV0JCKYV2G,frozen dinner,13102.0,01K0Q6Z1W2GQJS4CAW17ZE24VX-supermarket,21,pickle,supermarket,human,human
01KEYTFAN2NCES2JN44V3Q91KE,01KEYV1BM6M9HJCFKV0JCKYV2G,yogurt,4347.0,01K0Q6Z1W2GQJS4CAW17ZE24VX-supermarket,22,microwave,supermarket,human,human
01KEYTFAN2NCES2JN44V3Q91KE,01KEYV1BM6M9HJCFKV0JCKYV2G,cranberry juice,10272.0,01K0Q6Z1W2GQJS4CAW17ZE24VX-supermarket,23,fruit,supermarket,human,human
01KEYTFAN2NCES2JN44V3Q91KE,01KEYV1BM6M9HJCFKV0JCKYV2G,peanut butter,5827.0,01K0Q6Z1W2GQJS4CAW17ZE24VX-supermarket,24,apple,supermarket,human,human
01KEYTFAN2NCES2JN44V3Q91KE,01KEYV1BM6M9HJCFKV0JCKYV2G,nutella,5111.0,01K0Q6Z1W2GQJS4CAW17ZE24VX-supermarket,25,jam,supermarket,human,human
,01K4DW0Q0JWSMGCBZCFZ9GRX74-supermarket,soap,6330.0,01K0QANW9996SC99X3V24CRMG9-supermarket,1,,supermarket,human,human
01K4DSNC6ZW5XVHKTMGCT795MP,01K4DW0Q0JWSMGCBZCFZ9GRX74-supermarket,perfume,3751.0,01K0QANW9996SC99X3V24CRMG9-supermarket,2,papertowel,supermarket,human,human
01K4DSNC6ZW5XVHKTMGCT795MP,01K4DW0Q0JWSMGCBZCFZ9GRX74-supermarket,body lotion,2937.0,01K0QANW9996SC99X3V24CRMG9-supermarket,3,sponge,supermarket,human,human
01K4DSNC6ZW5XVHKTMGCT795MP,01K4DW0Q0JWSMGCBZCFZ9GRX74-supermarket,slipper,4740.0,01K0QANW9996SC99X3V24CRMG9-supermarket,4,toothpaste,supermarket,human,human
01K4DSNC6ZW5XVHKTMGCT795MP,01K4DW0Q0JWSMGCBZCFZ9GRX74-supermarket,hair cream,2977.0,01K0QANW9996SC99X3V24CRMG9-supermarket,5,dressinggown,supermarket,human,human
01K4DSNC6ZW5XVHKTMGCT795MP,01K4DW0Q0JWSMGCBZCFZ9GRX74-supermarket,milk,1954.0,01K0QANW9996SC99X3V24CRMG9-supermarket,6,shampoo,supermarket,human,human
01K4DSNC6ZW5XVHKTMGCT795MP,01K4DW0Q0JWSMGCBZCFZ9GRX74-supermarket,sugar,1613.0,01K0QANW9996SC99X3V24CRMG9-supermarket,7,eggs,supermarket,human,human
01K4DSNC6ZW5XVHKTMGCT795MP,01K4DW0Q0JWSMGCBZCFZ9GRX74-supermarket,sweet,4079.0,01K0QANW9996SC99X3V24CRMG9-supermarket,8,eggs,supermarket,human,human
01K4DSNC6ZW5XVHKTMGCT795MP,01K4DW0Q0JWSMGCBZCFZ9GRX74-supermarket,honey,3464.0,01K0QANW9996SC99X3V24CRMG9-supermarket,9,salt,supermarket,human,human
01K4DSNC6ZW5XVHKTMGCT795MP,01K4DW0Q0JWSMGCBZCFZ9GRX74-supermarket,ice cream,2887.0,01K0QANW9996SC99X3V24CRMG9-supermarket,10,syrup,supermarket,human,human
01K4DSNC6ZW5XVHKTMGCT795MP,01K4DW0Q0JWSMGCBZCFZ9GRX74-supermarket,gum,4997.0,01K0QANW9996SC99X3V24CRMG9-supermarket,11,chocolate,supermarket,human,human
01K4DSNC6ZW5XVHKTMGCT795MP,01K4DW0Q0JWSMGCBZCFZ9GRX74-supermarket,tissue,8913.0,01K0QANW9996SC99X3V24CRMG9-supermarket,12,candy,supermarket,human,human
01K4DSNC6ZW5XVHKTMGCT795MP,01K4DW0Q0JWSMGCBZCFZ9GRX74-supermarket,paper,9050.0,01K0QANW9996SC99X3V24CRMG9-supermarket,13,cleaner,supermarket,human,human
01K4DSNC6ZW5XVHKTMGCT795MP,01K4DW0Q0JWSMGCBZCFZ9GRX74-supermarket,soda,50515.0,01K0QANW9996SC99X3V24CRMG9-supermarket,14,bleach,supermarket,human,human
01K4DSNC6ZW5XVHKTMGCT795MP,01K4DW0Q0JWSMGCBZCFZ9GRX74-supermarket,chocolate,6134.0,01K0QANW9996SC99X3V24CRMG9-supermarket,15,alcohol,supermarket,human,human
01K4DSNC6ZW5XVHKTMGCT795MP,01K4DW0Q0JWSMGCBZCFZ9GRX74-supermarket,wipe,3183.0,01K0QANW9996SC99X3V24CRMG9-supermarket,16,candy,supermarket,human,human
01K4DSNC6ZW5XVHKTMGCT795MP,01K4DW0Q0JWSMGCBZCFZ9GRX74-supermarket,bowl,5470.0,01K0QANW9996SC99X3V24CRMG9-supermarket,17,toiletpaper,supermarket,human,human
01K4DSNC6ZW5XVHKTMGCT795MP,01K4DW0Q0JWSMGCBZCFZ9GRX74-supermarket,water,2804.0,01K0QANW9996SC99X3V24CRMG9-supermarket,18,plates,supermarket,human,human
01K4DSNC6ZW5XVHKTMGCT795MP,01K4DW0Q0JWSMGCBZCFZ9GRX74-supermarket,snack,2072.0,01K0QANW9996SC99X3V24CRMG9-supermarket,19,cups,supermarket,human,human
01K4DSNC6ZW5XVHKTMGCT795MP,01K4DW0Q0JWSMGCBZCFZ9GRX74-supermarket,egg,1214.0,01K0QANW9996SC99X3V24CRMG9-supermarket,20,potatoes,supermarket,human,human
01K4DSNC6ZW5XVHKTMGCT795MP,01K4DW0Q0JWSMGCBZCFZ9GRX74-supermarket,cake,3370.0,01K0QANW9996SC99X3V24CRMG9-supermarket,21,jelly,supermarket,human,human
01K4DSNC6ZW5XVHKTMGCT795MP,01K4DW0Q0JWSMGCBZCFZ9GRX74-supermarket,brook,6647.0,01K0QANW9996SC99X3V24CRMG9-supermarket,22,bread,supermarket,human,human
01K4DSNC6ZW5XVHKTMGCT795MP,01K4DW0Q0JWSMGCBZCFZ9GRX74-supermarket,shirt,10752.0,01K0QANW9996SC99X3V24CRMG9-supermarket,23,bread,supermarket,human,human
01K4DSNC6ZW5XVHKTMGCT795MP,01K4DW0Q0JWSMGCBZCFZ9GRX74-supermarket,food,5072.0,01K0QANW9996SC99X3V24CRMG9-supermarket,24,d,supermarket,human,human
01K4DSNC6ZW5XVHKTMGCT795MP,01K4DW0Q0JWSMGCBZCFZ9GRX74-supermarket,cable,6455.0,01K0QANW9996SC99X3V24CRMG9-supermarket,25,bread,supermarket,human,human
01K4DSNC6ZW5XVHKTMGCT795MP,01K4DW0Q0JWSMGCBZCFZ9GRX74-supermarket,toy,4971.0,01K0QANW9996SC99X3V24CRMG9-supermarket,26,bread,supermarket,human,human
01K4DSNC6ZW5XVHKTMGCT795MP,01K4DW0Q0JWSMGCBZCFZ9GRX74-supermarket,makeup,5402.0,01K0QANW9996SC99X3V24CRMG9-supermarket,27,bread,supermarket,human,human
01K4DSNC6ZW5XVHKTMGCT795MP,01K4DW0Q0JWSMGCBZCFZ9GRX74-supermarket,spray,7411.0,01K0QANW9996SC99X3V24CRMG9-supermarket,28,bread,supermarket,human,human
,01K4DTJFPJYPKNEG34MEN6V2MC-clothes,t-shirt,4965.0,01JYPG7PZJNHF56HQPDWJP54A1-clothes,1,,clothes,human,human
01K4DSNAEAZEH7YCKTN41X7MN1,01K4DTJFPJYPKNEG34MEN6V2MC-clothes,shorts,1833.0,01JYPG7PZJNHF56HQPDWJP54A1-clothes,2,shorts,clothes,human,human
01K4DSNAEAZEH7YCKTN41X7MN1,01K4DTJFPJYPKNEG34MEN6V2MC-clothes,trousers,2013.0,01JYPG7PZJNHF56HQPDWJP54A1-clothes,3,socks,clothes,human,human
01K4DSNAEAZEH7YCKTN41X7MN1,01K4DTJFPJYPKNEG34MEN6V2MC-clothes,skirt,1606.0,01JYPG7PZJNHF56HQPDWJP54A1-clothes,4,shirt,clothes,human,human
01K4DSNAEAZEH7YCKTN41X7MN1,01K4DTJFPJYPKNEG34MEN6V2MC-clothes,dress,2004.0,01JYPG7PZJNHF56HQPDWJP54A1-clothes,5,blouse,clothes,human,human
01K4DSNAEAZEH7YCKTN41X7MN1,01K4DTJFPJYPKNEG34MEN6V2MC-clothes,suit,1439.0,01JYPG7PZJNHF56HQPDWJP54A1-clothes,6,tights,clothes,human,human
01K4DSNAEAZEH7YCKTN41X7MN1,01K4DTJFPJYPKNEG34MEN6V2MC-clothes,sock,2743.0,01JYPG7PZJNHF56HQPDWJP54A1-clothes,7,jacket,clothes,human,human
01K4DSNAEAZEH7YCKTN41X7MN1,01K4DTJFPJYPKNEG34MEN6V2MC-clothes,bra,1477.0,01JYPG7PZJNHF56HQPDWJP54A1-clothes,8,tie,clothes,human,human
01K4DSNAEAZEH7YCKTN41X7MN1,01K4DTJFPJYPKNEG34MEN6V2MC-clothes,boxers,3960.0,01JYPG7PZJNHF56HQPDWJP54A1-clothes,9,pants,clothes,human,human
01K4DSNAEAZEH7YCKTN41X7MN1,01K4DTJFPJYPKNEG34MEN6V2MC-clothes,briefs,2209.0,01JYPG7PZJNHF56HQPDWJP54A1-clothes,10,pants,clothes,human,human
01K4DSNAEAZEH7YCKTN41X7MN1,01K4DTJFPJYPKNEG34MEN6V2MC-clothes,scarf,2788.0,01JYPG7PZJNHF56HQPDWJP54A1-clothes,11,shirt,clothes,human,human
01K4DSNAEAZEH7YCKTN41X7MN1,01K4DTJFPJYPKNEG34MEN6V2MC-clothes,knickers,2910.0,01JYPG7PZJNHF56HQPDWJP54A1-clothes,12,hat,clothes,human,human
01K4DSNAEAZEH7YCKTN41X7MN1,01K4DTJFPJYPKNEG34MEN6V2MC-clothes,glove,2513.0,01JYPG7PZJNHF56HQPDWJP54A1-clothes,13,tights,clothes,human,human
01K4DSNAEAZEH7YCKTN41X7MN1,01K4DTJFPJYPKNEG34MEN6V2MC-clothes,tie,6132.0,01JYPG7PZJNHF56HQPDWJP54A1-clothes,14,hat,clothes,human,human
01K4DSNAEAZEH7YCKTN41X7MN1,01K4DTJFPJYPKNEG34MEN6V2MC-clothes,bandana,2733.0,01JYPG7PZJNHF56HQPDWJP54A1-clothes,15,shirt,clothes,human,human
01K4DSNAEAZEH7YCKTN41X7MN1,01K4DTJFPJYPKNEG34MEN6V2MC-clothes,jumper,3444.0,01JYPG7PZJNHF56HQPDWJP54A1-clothes,16,cowl,clothes,human,human
01K4DSNAEAZEH7YCKTN41X7MN1,01K4DTJFPJYPKNEG34MEN6V2MC-clothes,hoodie,4296.0,01JYPG7PZJNHF56HQPDWJP54A1-clothes,17,cardigan,clothes,human,human
01K4DSNAEAZEH7YCKTN41X7MN1,01K4DTJFPJYPKNEG34MEN6V2MC-clothes,sweater,2267.0,01JYPG7PZJNHF56HQPDWJP54A1-clothes,18,sweatshirt,clothes,human,human
01K4DSNAEAZEH7YCKTN41X7MN1,01K4DTJFPJYPKNEG34MEN6V2MC-clothes,cardigan,6726.0,01JYPG7PZJNHF56HQPDWJP54A1-clothes,19,jumper,clothes,human,human
01K4DSNAEAZEH7YCKTN41X7MN1,01K4DTJFPJYPKNEG34MEN6V2MC-clothes,coat,4887.0,01JYPG7PZJNHF56HQPDWJP54A1-clothes,20,jumper,clothes,human,human
01K4DSNAEAZEH7YCKTN41X7MN1,01K4DTJFPJYPKNEG34MEN6V2MC-clothes,jacket,2619.0,01JYPG7PZJNHF56HQPDWJP54A1-clothes,21,jacket,clothes,human,human
01K4DSNAEAZEH7YCKTN41X7MN1,01K4DTJFPJYPKNEG34MEN6V2MC-clothes,overall,2400.0,01JYPG7PZJNHF56HQPDWJP54A1-clothes,22,waistcoat,clothes,human,human
01K4DSNAEAZEH7YCKTN41X7MN1,01K4DTJFPJYPKNEG34MEN6V2MC-clothes,dungarees,3453.0,01JYPG7PZJNHF56HQPDWJP54A1-clothes,23,dungaress,clothes,human,human
01K4DSNAEAZEH7YCKTN41X7MN1,01K4DTJFPJYPKNEG34MEN6V2MC-clothes,vest,15483.0,01JYPG7PZJNHF56HQPDWJP54A1-clothes,24,chaps,clothes,human,human
01K4DSNAEAZEH7YCKTN41X7MN1,01K4DTJFPJYPKNEG34MEN6V2MC-clothes,hat,20666.0,01JYPG7PZJNHF56HQPDWJP54A1-clothes,25,longjohns,clothes,human,human
01K4DSNAEAZEH7YCKTN41X7MN1,01K4DTJFPJYPKNEG34MEN6V2MC-clothes,earmuff,21199.0,01JYPG7PZJNHF56HQPDWJP54A1-clothes,26,thermals,clothes,human,human
01K4DSNAEAZEH7YCKTN41X7MN1,01K4DTJFPJYPKNEG34MEN6V2MC-clothes,neckerchief,21513.0,01JYPG7PZJNHF56HQPDWJP54A1-clothes,27,thermals,clothes,human,human
01K4DSNAEAZEH7YCKTN41X7MN1,01K4DTJFPJYPKNEG34MEN6V2MC-clothes,leggings,20562.0,01JYPG7PZJNHF56HQPDWJP54A1-clothes,28,scarf,clothes,human,human
,01K4DWBJP1Y2YZGFBSKTEJ77ZR-clothes,shirt,19691.0,01JYPG033ST6GW5Z1AWCJ8YVAC-clothes,1,,clothes,human,human
01K4DSNC6V3BF07PG7JP41SY05,01K4DWBJP1Y2YZGFBSKTEJ77ZR-clothes,t-shirt,13628.0,01JYPG033ST6GW5Z1AWCJ8YVAC-clothes,2,pants,clothes,human,human
01K4DSNC6V3BF07PG7JP41SY05,01K4DWBJP1Y2YZGFBSKTEJ77ZR-clothes,boxers,6063.0,01JYPG033ST6GW5Z1AWCJ8YVAC-clothes,3,sweatshirts,clothes,human,human
01K4DSNC6V3BF07PG7JP41SY05,01K4DWBJP1Y2YZGFBSKTEJ77ZR-clothes,pants,5297.0,01JYPG033ST6GW5Z1AWCJ8YVAC-clothes,4,pants,clothes,human,human
01K4DSNC6V3BF07PG7JP41SY05,01K4DWBJP1Y2YZGFBSKTEJ77ZR-clothes,trousers,6049.0,01JYPG033ST6GW5Z1AWCJ8YVAC-clothes,5,socks,clothes,human,human
01K4DSNC6V3BF07PG7JP41SY05,01K4DWBJP1Y2YZGFBSKTEJ77ZR-clothes,hoodie,3207.0,01JYPG033ST6GW5Z1AWCJ8YVAC-clothes,6,slacks,clothes,human,human
01K4DSNC6V3BF07PG7JP41SY05,01K4DWBJP1Y2YZGFBSKTEJ77ZR-clothes,tank top,9390.0,01JYPG033ST6GW5Z1AWCJ8YVAC-clothes,7,sweatshirts,clothes,human,human
01K4DSNC6V3BF07PG7JP41SY05,01K4DWBJP1Y2YZGFBSKTEJ77ZR-clothes,dress,3034.0,01JYPG033ST6GW5Z1AWCJ8YVAC-clothes,8,shoes,clothes,human,human
01K4DSNC6V3BF07PG7JP41SY05,01K4DWBJP1Y2YZGFBSKTEJ77ZR-clothes,jeans,3794.0,01JYPG033ST6GW5Z1AWCJ8YVAC-clothes,9,tops,clothes,human,human
01K4DSNC6V3BF07PG7JP41SY05,01K4DWBJP1Y2YZGFBSKTEJ77ZR-clothes,skirt,5070.0,01JYPG033ST6GW5Z1AWCJ8YVAC-clothes,10,boots,clothes,human,human
01K4DSNC6V3BF07PG7JP41SY05,01K4DWBJP1Y2YZGFBSKTEJ77ZR-clothes,sweatpants,4813.0,01JYPG033ST6GW5Z1AWCJ8YVAC-clothes,11,tie,clothes,human,human
01K4DSNC6V3BF07PG7JP41SY05,01K4DWBJP1Y2YZGFBSKTEJ77ZR-clothes,shorts,4534.0,01JYPG033ST6GW5Z1AWCJ8YVAC-clothes,12,sneakers,clothes,human,human
01K4DSNC6V3BF07PG7JP41SY05,01K4DWBJP1Y2YZGFBSKTEJ77ZR-clothes,suit,4128.0,01JYPG033ST6GW5Z1AWCJ8YVAC-clothes,13,underwear,clothes,human,human
01K4DSNC6V3BF07PG7JP41SY05,01K4DWBJP1Y2YZGFBSKTEJ77ZR-clothes,cardigan,4883.0,01JYPG033ST6GW5Z1AWCJ8YVAC-clothes,14,tie,clothes,human,human
01K4DSNC6V3BF07PG7JP41SY05,01K4DWBJP1Y2YZGFBSKTEJ77ZR-clothes,leggings,7946.0,01JYPG033ST6GW5Z1AWCJ8YVAC-clothes,15,sweater,clothes,human,human
01K4DSNC6V3BF07PG7JP41SY05,01K4DWBJP1Y2YZGFBSKTEJ77ZR-clothes,polo shirt,5201.0,01JYPG033ST6GW5Z1AWCJ8YVAC-clothes,16,legwarmers,clothes,human,human
01K4DSNC6V3BF07PG7JP41SY05,01K4DWBJP1Y2YZGFBSKTEJ77ZR-clothes,wetsuit,3711.0,01JYPG033ST6GW5Z1AWCJ8YVAC-clothes,17,buttondownshirt,clothes,human,human
01K4DSNC6V3BF07PG7JP41SY05,01K4DWBJP1Y2YZGFBSKTEJ77ZR-clothes,jumpsuit,7591.0,01JYPG033ST6GW5Z1AWCJ8YVAC-clothes,18,snorkel,clothes,human,human
01K4DSNC6V3BF07PG7JP41SY05,01K4DWBJP1Y2YZGFBSKTEJ77ZR-clothes,jacket,7046.0,01JYPG033ST6GW5Z1AWCJ8YVAC-clothes,19,longjohns,clothes,human,human
01K4DSNC6V3BF07PG7JP41SY05,01K4DWBJP1Y2YZGFBSKTEJ77ZR-clothes,crop top,4512.0,01JYPG033ST6GW5Z1AWCJ8YVAC-clothes,20,scarf,clothes,human,human
01K4DSNC6V3BF07PG7JP41SY05,01K4DWBJP1Y2YZGFBSKTEJ77ZR-clothes,overall,5823.0,01JYPG033ST6GW5Z1AWCJ8YVAC-clothes,21,bikini,clothes,human,human
01K4DSNC6V3BF07PG7JP41SY05,01K4DWBJP1Y2YZGFBSKTEJ77ZR-clothes,button-up shirt,8569.0,01JYPG033ST6GW5Z1AWCJ8YVAC-clothes,22,coveralls,clothes,human,human
01K4DSNC6V3BF07PG7JP41SY05,01K4DWBJP1Y2YZGFBSKTEJ77ZR-clothes,tracksuit,5006.0,01JYPG033ST6GW5Z1AWCJ8YVAC-clothes,23,tie,clothes,human,human
01K4DSNC6V3BF07PG7JP41SY05,01K4DWBJP1Y2YZGFBSKTEJ77ZR-clothes,trench coat,6598.0,01JYPG033ST6GW5Z1AWCJ8YVAC-clothes,24,sneakers,clothes,human,human
01K4DSNC6V3BF07PG7JP41SY05,01K4DWBJP1Y2YZGFBSKTEJ77ZR-clothes,camisole,11887.0,01JYPG033ST6GW5Z1AWCJ8YVAC-clothes,25,furcoat,clothes,human,human
01K4DSNC6V3BF07PG7JP41SY05,01K4DWBJP1Y2YZGFBSKTEJ77ZR-clothes,tube top,4756.0,01JYPG033ST6GW5Z1AWCJ8YVAC-clothes,26,bra,clothes,human,human
01K4DSNC6V3BF07PG7JP41SY05,01K4DWBJP1Y2YZGFBSKTEJ77ZR-clothes,turtleneck,6310.0,01JYPG033ST6GW5Z1AWCJ8YVAC-clothes,27,sli[,clothes,human,human
,01K4DTZ70KYG36TTPPJ5Z6W45T-clothes,shirt,3720.0,01JRZV3XTJWWF63QQ562QC4XMM-clothes,1,,clothes,human,human
01K4DSNB9ZS4NNCJ1FCA38ETNM,01K4DTZ70KYG36TTPPJ5Z6W45T-clothes,skirt,2317.0,01JRZV3XTJWWF63QQ562QC4XMM-clothes,2,pants,clothes,human,human
01K4DSNB9ZS4NNCJ1FCA38ETNM,01K4DTZ70KYG36TTPPJ5Z6W45T-clothes,dress,3296.0,01JRZV3XTJWWF63QQ562QC4XMM-clothes,3,shoes,clothes,human,human
01K4DSNB9ZS4NNCJ1FCA38ETNM,01K4DTZ70KYG36TTPPJ5Z6W45T-clothes,underwear,4409.0,01JRZV3XTJWWF63QQ562QC4XMM-clothes,4,blouse,clothes,human,human
01K4DSNB9ZS4NNCJ1FCA38ETNM,01K4DTZ70KYG36TTPPJ5Z6W45T-clothes,shoe,1569.0,01JRZV3XTJWWF63QQ562QC4XMM-clothes,5,socks,clothes,human,human
01K4DSNB9ZS4NNCJ1FCA38ETNM,01K4DTZ70KYG36TTPPJ5Z6W45T-clothes,belt,1460.0,01JRZV3XTJWWF63QQ562QC4XMM-clothes,6,socks,clothes,human,human
01K4DSNB9ZS4NNCJ1FCA38ETNM,01K4DTZ70KYG36TTPPJ5Z6W45T-clothes,leather,4002.0,01JRZV3XTJWWF63QQ562QC4XMM-clothes,7,scarf,clothes,human,human
01K4DSNB9ZS4NNCJ1FCA38ETNM,01K4DTZ70KYG36TTPPJ5Z6W45T-clothes,sock,8979.0,01JRZV3XTJWWF63QQ562QC4XMM-clothes,8,boots,clothes,human,human
01K4DSNB9ZS4NNCJ1FCA38ETNM,01K4DTZ70KYG36TTPPJ5Z6W45T-clothes,tie,3449.0,01JRZV3XTJWWF63QQ562QC4XMM-clothes,9,boots,clothes,human,human
01K4DSNB9ZS4NNCJ1FCA38ETNM,01K4DTZ70KYG36TTPPJ5Z6W45T-clothes,lace,3697.0,01JRZV3XTJWWF63QQ562QC4XMM-clothes,10,suit,clothes,human,human
01K4DSNB9ZS4NNCJ1FCA38ETNM,01K4DTZ70KYG36TTPPJ5Z6W45T-clothes,tights,3708.0,01JRZV3XTJWWF63QQ562QC4XMM-clothes,11,suit,clothes,human,human
01K4DSNB9ZS4NNCJ1FCA38ETNM,01K4DTZ70KYG36TTPPJ5Z6W45T-clothes,glove,13003.0,01JRZV3XTJWWF63QQ562QC4XMM-clothes,12,jacket,clothes,human,human
01K4DSNB9ZS4NNCJ1FCA38ETNM,01K4DTZ70KYG36TTPPJ5Z6W45T-clothes,ring,6670.0,01JRZV3XTJWWF63QQ562QC4XMM-clothes,13,hat,clothes,human,human
01K4DSNB9ZS4NNCJ1FCA38ETNM,01K4DTZ70KYG36TTPPJ5Z6W45T-clothes,watch,9803.0,01JRZV3XTJWWF63QQ562QC4XMM-clothes,14,scarf,clothes,human,human
01K4DSNB9ZS4NNCJ1FCA38ETNM,01K4DTZ70KYG36TTPPJ5Z6W45T-clothes,hat,5729.0,01JRZV3XTJWWF63QQ562QC4XMM-clothes,15,wristband,clothes,human,human
01K4DSNB9ZS4NNCJ1FCA38ETNM,01K4DTZ70KYG36TTPPJ5Z6W45T-clothes,scrunchie,9126.0,01JRZV3XTJWWF63QQ562QC4XMM-clothes,16,scarf,clothes,human,human
01K4DSNB9ZS4NNCJ1FCA38ETNM,01K4DTZ70KYG36TTPPJ5Z6W45T-clothes,headband,8063.0,01JRZV3XTJWWF63QQ562QC4XMM-clothes,17,scarf,clothes,human,human
01K4DSNB9ZS4NNCJ1FCA38ETNM,01K4DTZ70KYG36TTPPJ5Z6W45T-clothes,necklace,6452.0,01JRZV3XTJWWF63QQ562QC4XMM-clothes,18,scarf,clothes,human,human
01K4DSNB9ZS4NNCJ1FCA38ETNM,01K4DTZ70KYG36TTPPJ5Z6W45T-clothes,mask,9941.0,01JRZV3XTJWWF63QQ562QC4XMM-clothes,19,scarf,clothes,human,human
01K4DSNB9ZS4NNCJ1FCA38ETNM,01K4DTZ70KYG36TTPPJ5Z6W45T-clothes,scarf,4569.0,01JRZV3XTJWWF63QQ562QC4XMM-clothes,20,scarf,clothes,human,human
01K4DSNB9ZS4NNCJ1FCA38ETNM,01K4DTZ70KYG36TTPPJ5Z6W45T-clothes,ponytail,14078.0,01JRZV3XTJWWF63QQ562QC4XMM-clothes,21,coat,clothes,human,human
01K4DSNB9ZS4NNCJ1FCA38ETNM,01K4DTZ70KYG36TTPPJ5Z6W45T-clothes,hair clip,13125.0,01JRZV3XTJWWF63QQ562QC4XMM-clothes,22,bracelet,clothes,human,human
01K4DSNB9ZS4NNCJ1FCA38ETNM,01K4DTZ70KYG36TTPPJ5Z6W45T-clothes,cufflink,4996.0,01JRZV3XTJWWF63QQ562QC4XMM-clothes,23,earrings,clothes,human,human
01K4DSNB9ZS4NNCJ1FCA38ETNM,01K4DTZ70KYG36TTPPJ5Z6W45T-clothes,bracelet,8877.0,01JRZV3XTJWWF63QQ562QC4XMM-clothes,24,earrings,clothes,human,human
01K4DSNB9ZS4NNCJ1FCA38ETNM,01K4DTZ70KYG36TTPPJ5Z6W45T-clothes,armband,9352.0,01JRZV3XTJWWF63QQ562QC4XMM-clothes,25,earrings,clothes,human,human
01K4DSNB9ZS4NNCJ1FCA38ETNM,01K4DTZ70KYG36TTPPJ5Z6W45T-clothes,earring,10818.0,01JRZV3XTJWWF63QQ562QC4XMM-clothes,26,earrings,clothes,human,human
01KEYTFAMSR45EMS4Z4B1D4XV5,01KEYW9NC088ADQQE1P7Z4JQ09,sugar,8931.0,01JRZWQWV673K9MRS7JRNHV6K1-supermarket,1,,supermarket,human,human
01KEYTFAMSR45EMS4Z4B1D4XV5,01KEYW9NC088ADQQE1P7Z4JQ09,bean,3467.0,01JRZWQWV673K9MRS7JRNHV6K1-supermarket,2,flour,supermarket,human,human
01KEYTFAMSR45EMS4Z4B1D4XV5,01KEYW9NC088ADQQE1P7Z4JQ09,bread,3051.0,01JRZWQWV673K9MRS7JRNHV6K1-supermarket,3,seed,supermarket,human,human
01KEYTFAMSR45EMS4Z4B1D4XV5,01KEYW9NC088ADQQE1P7Z4JQ09,rice,4220.0,01JRZWQWV673K9MRS7JRNHV6K1-supermarket,4,milk,supermarket,human,human
01KEYTFAMSR45EMS4Z4B1D4XV5,01KEYW9NC088ADQQE1P7Z4JQ09,cereal,3424.0,01JRZWQWV673K9MRS7JRNHV6K1-supermarket,5,meat,supermarket,human,human
01KEYTFAMSR45EMS4Z4B1D4XV5,01KEYW9NC088ADQQE1P7Z4JQ09,dishwashing liquid,11321.0,01JRZWQWV673K9MRS7JRNHV6K1-supermarket,6,milk,supermarket,human,human
01KEYTFAMSR45EMS4Z4B1D4XV5,01KEYW9NC088ADQQE1P7Z4JQ09,maize meal,13176.0,01JRZWQWV673K9MRS7JRNHV6K1-supermarket,7,towels,supermarket,human,human
01KEYTFAMSR45EMS4Z4B1D4XV5,01KEYW9NC088ADQQE1P7Z4JQ09,pie,6095.0,01JRZWQWV673K9MRS7JRNHV6K1-supermarket,8,meat,supermarket,human,human
01KEYTFAMSR45EMS4Z4B1D4XV5,01KEYW9NC088ADQQE1P7Z4JQ09,egg,7634.0,01JRZWQWV673K9MRS7JRNHV6K1-supermarket,9,donut,supermarket,human,human
01KEYTFAMSR45EMS4Z4B1D4XV5,01KEYW9NC088ADQQE1P7Z4JQ09,muffin,10200.0,01JRZWQWV673K9MRS7JRNHV6K1-supermarket,10,oil,supermarket,human,human
01KEYTFAMSR45EMS4Z4B1D4XV5,01KEYW9NC088ADQQE1P7Z4JQ09,powdered soup,16020.0,01JRZWQWV673K9MRS7JRNHV6K1-supermarket,11,meat,supermarket,human,human
01KEYTFAMSR45EMS4Z4B1D4XV5,01KEYW9NC088ADQQE1P7Z4JQ09,coffee,7009.0,01JRZWQWV673K9MRS7JRNHV6K1-supermarket,12,meat,supermarket,human,human
01KEYTFAMSR45EMS4Z4B1D4XV5,01KEYW9NC088ADQQE1P7Z4JQ09,tea,2892.0,01JRZWQWV673K9MRS7JRNHV6K1-supermarket,13,juice,supermarket,human,human
01KEYTFAMSR45EMS4Z4B1D4XV5,01KEYW9NC088ADQQE1P7Z4JQ09,soap,12950.0,01JRZWQWV673K9MRS7JRNHV6K1-supermarket,14,juice,supermarket,human,human
01KEYTFAMSR45EMS4Z4B1D4XV5,01KEYW9NC088ADQQE1P7Z4JQ09,earbud,6865.0,01JRZWQWV673K9MRS7JRNHV6K1-supermarket,15,meat,supermarket,human,human
01KEYTFAMSR45EMS4Z4B1D4XV5,01KEYW9NC088ADQQE1P7Z4JQ09,towel,9319.0,01JRZWQWV673K9MRS7JRNHV6K1-supermarket,16,coffee,supermarket,human,human
01KEYTFAMSR45EMS4Z4B1D4XV5,01KEYW9NC088ADQQE1P7Z4JQ09,microwave,8284.0,01JRZWQWV673K9MRS7JRNHV6K1-supermarket,17,paper,supermarket,human,human
01KEYTFAMSR45EMS4Z4B1D4XV5,01KEYW9NC088ADQQE1P7Z4JQ09,stove,5619.0,01JRZWQWV673K9MRS7JRNHV6K1-supermarket,18,pan,supermarket,human,human
01KEYTFAMSR45EMS4Z4B1D4XV5,01KEYW9NC088ADQQE1P7Z4JQ09,spoon,7550.0,01JRZWQWV673K9MRS7JRNHV6K1-supermarket,19,toaster,supermarket,human,human
01KEYTFAMSR45EMS4Z4B1D4XV5,01KEYW9NC088ADQQE1P7Z4JQ09,fork,7345.0,01JRZWQWV673K9MRS7JRNHV6K1-supermarket,20,fork,supermarket,human,human
01KEYTFAMSR45EMS4Z4B1D4XV5,01KEYW9NC088ADQQE1P7Z4JQ09,knife,5435.0,01JRZWQWV673K9MRS7JRNHV6K1-supermarket,21,plate,supermarket,human,human
01KEYTFAMSR45EMS4Z4B1D4XV5,01KEYW9NC088ADQQE1P7Z4JQ09,dish,7773.0,01JRZWQWV673K9MRS7JRNHV6K1-supermarket,22,spatula,supermarket,human,human
01KEYTFAMSR45EMS4Z4B1D4XV5,01KEYW9NC088ADQQE1P7Z4JQ09,cloth,9672.0,01JRZWQWV673K9MRS7JRNHV6K1-supermarket,23,plate,supermarket,human,human
01KEYTFANJ683ZGPH09T9CP5A5,01KEYV18G66YTXQJCBJHD82TNM,t-shirt,4387.0,01JYPF9WMDWGJ362NDP8MARNR4-clothes,1,,clothes,human,human
01KEYTFANJ683ZGPH09T9CP5A5,01KEYV18G66YTXQJCBJHD82TNM,shorts,7129.0,01JYPF9WMDWGJ362NDP8MARNR4-clothes,2,boxers,clothes,human,human
01KEYTFANJ683ZGPH09T9CP5A5,01KEYV18G66YTXQJCBJHD82TNM,underwear,2741.0,01JYPF9WMDWGJ362NDP8MARNR4-clothes,3,socks,clothes,human,human
01KEYTFANJ683ZGPH09T9CP5A5,01KEYV18G66YTXQJCBJHD82TNM,dress,2756.0,01JYPF9WMDWGJ362NDP8MARNR4-clothes,4,socks,clothes,human,human
01KEYTFANJ683ZGPH09T9CP5A5,01KEYV18G66YTXQJCBJHD82TNM,trousers,3441.0,01JYPF9WMDWGJ362NDP8MARNR4-clothes,5,shoes,clothes,human,human
01KEYTFANJ683ZGPH09T9CP5A5,01KEYV18G66YTXQJCBJHD82TNM,skirt,4110.0,01JYPF9WMDWGJ362NDP8MARNR4-clothes,6,socks,clothes,human,human
01KEYTFANJ683ZGPH09T9CP5A5,01KEYV18G66YTXQJCBJHD82TNM,tie,3379.0,01JYPF9WMDWGJ362NDP8MARNR4-clothes,7,nylons,clothes,human,human
01KEYTFANJ683ZGPH09T9CP5A5,01KEYV18G66YTXQJCBJHD82TNM,cap,3504.0,01JYPF9WMDWGJ362NDP8MARNR4-clothes,8,scarf,clothes,human,human
01KEYTFANJ683ZGPH09T9CP5A5,01KEYV18G66YTXQJCBJHD82TNM,sock,14284.0,01JYPF9WMDWGJ362NDP8MARNR4-clothes,9,hat,clothes,human,human
01KEYTFANJ683ZGPH09T9CP5A5,01KEYV18G66YTXQJCBJHD82TNM,jumper,7448.0,01JYPF9WMDWGJ362NDP8MARNR4-clothes,10,shoe,clothes,human,human
01KEYTFANJ683ZGPH09T9CP5A5,01KEYV18G66YTXQJCBJHD82TNM,scarf,2796.0,01JYPF9WMDWGJ362NDP8MARNR4-clothes,11,bra,clothes,human,human
01KEYTFANJ683ZGPH09T9CP5A5,01KEYV18G66YTXQJCBJHD82TNM,bra,4250.0,01JYPF9WMDWGJ362NDP8MARNR4-clothes,12,sweater,clothes,human,human
01KEYTFANJ683ZGPH09T9CP5A5,01KEYV18G66YTXQJCBJHD82TNM,belt,3594.0,01JYPF9WMDWGJ362NDP8MARNR4-clothes,13,sweater,clothes,human,human
01KEYTFANJ683ZGPH09T9CP5A5,01KEYV18G66YTXQJCBJHD82TNM,hat,22571.0,01JYPF9WMDWGJ362NDP8MARNR4-clothes,14,sweater,clothes,human,human
01KEYTFANJ683ZGPH09T9CP5A5,01KEYV18G66YTXQJCBJHD82TNM,blazer,9629.0,01JYPF9WMDWGJ362NDP8MARNR4-clothes,15,sweater,clothes,human,human
01KEYTFANJ683ZGPH09T9CP5A5,01KEYV18G66YTXQJCBJHD82TNM,jeans,9176.0,01JYPF9WMDWGJ362NDP8MARNR4-clothes,16,shirt,clothes,human,human
01KEYTFANJ683ZGPH09T9CP5A5,01KEYV18G66YTXQJCBJHD82TNM,jeorts,3236.0,01JYPF9WMDWGJ362NDP8MARNR4-clothes,17,sweater,clothes,human,human
01KEYTFANJ683ZGPH09T9CP5A5,01KEYV18G66YTXQJCBJHD82TNM,bikini,3714.0,01JYPF9WMDWGJ362NDP8MARNR4-clothes,18,sweater,clothes,human,human
01KEYTFANJ683ZGPH09T9CP5A5,01KEYV18G66YTXQJCBJHD82TNM,cardigan,2370.0,01JYPF9WMDWGJ362NDP8MARNR4-clothes,19,sweater,clothes,human,human
01KEYTFANJ683ZGPH09T9CP5A5,01KEYV18G66YTXQJCBJHD82TNM,jacket,2013.0,01JYPF9WMDWGJ362NDP8MARNR4-clothes,20,sweater,clothes,human,human
01KEYTFANJ683ZGPH09T9CP5A5,01KEYV18G66YTXQJCBJHD82TNM,coat,2214.0,01JYPF9WMDWGJ362NDP8MARNR4-clothes,21,coat,clothes,human,human
01KEYTFANJ683ZGPH09T9CP5A5,01KEYV18G66YTXQJCBJHD82TNM,glove,5032.0,01JYPF9WMDWGJ362NDP8MARNR4-clothes,22,glove,clothes,human,human
01KEYTFANJ683ZGPH09T9CP5A5,01KEYV18G66YTXQJCBJHD82TNM,leggings,3613.0,01JYPF9WMDWGJ362NDP8MARNR4-clothes,23,earmuff,clothes,human,human
01KEYTFANJ683ZGPH09T9CP5A5,01KEYV18G66YTXQJCBJHD82TNM,vest,2214.0,01JYPF9WMDWGJ362NDP8MARNR4-clothes,24,sneaker,clothes,human,human
01KEYTFANJ683ZGPH09T9CP5A5,01KEYV18G66YTXQJCBJHD82TNM,shirt,27305.0,01JYPF9WMDWGJ362NDP8MARNR4-clothes,25,bowtie,clothes,human,human
01KEYTFANJ683ZGPH09T9CP5A5,01KEYV18G66YTXQJCBJHD82TNM,apron,16368.0,01JYPF9WMDWGJ362NDP8MARNR4-clothes,26,suit,clothes,human,human
,01K4DW0QMQST76JDSFKGWGEPTT-clothes,shirt,3228.0,01JRZTZ6WE38X65HPAXWT0X5AV-clothes,1,,clothes,human,human
01K4DSNC6WQ3NGDHP1DCRP2PAY,01K4DW0QMQST76JDSFKGWGEPTT-clothes,shoe,1693.0,01JRZTZ6WE38X65HPAXWT0X5AV-clothes,2,top,clothes,human,human
01K4DSNC6WQ3NGDHP1DCRP2PAY,01K4DW0QMQST76JDSFKGWGEPTT-clothes,pants,1575.0,01JRZTZ6WE38X65HPAXWT0X5AV-clothes,3,socks,clothes,human,human
01K4DSNC6WQ3NGDHP1DCRP2PAY,01K4DW0QMQST76JDSFKGWGEPTT-clothes,jacket,1674.0,01JRZTZ6WE38X65HPAXWT0X5AV-clothes,4,jeans,clothes,human,human
01K4DSNC6WQ3NGDHP1DCRP2PAY,01K4DW0QMQST76JDSFKGWGEPTT-clothes,tank top,2103.0,01JRZTZ6WE38X65HPAXWT0X5AV-clothes,5,shirt,clothes,human,human
01K4DSNC6WQ3NGDHP1DCRP2PAY,01K4DW0QMQST76JDSFKGWGEPTT-clothes,sweater,2382.0,01JRZTZ6WE38X65HPAXWT0X5AV-clothes,6,bikini,clothes,human,human
01K4DSNC6WQ3NGDHP1DCRP2PAY,01K4DW0QMQST76JDSFKGWGEPTT-clothes,underwear,3576.0,01JRZTZ6WE38X65HPAXWT0X5AV-clothes,7,jumper,clothes,human,human
01K4DSNC6WQ3NGDHP1DCRP2PAY,01K4DW0QMQST76JDSFKGWGEPTT-clothes,boxers,3748.0,01JRZTZ6WE38X65HPAXWT0X5AV-clothes,8,socks,clothes,human,human
01K4DSNC6WQ3NGDHP1DCRP2PAY,01K4DW0QMQST76JDSFKGWGEPTT-clothes,dress,2715.0,01JRZTZ6WE38X65HPAXWT0X5AV-clothes,9,pants,clothes,human,human
01K4DSNC6WQ3NGDHP1DCRP2PAY,01K4DW0QMQST76JDSFKGWGEPTT-clothes,button-down,4050.0,01JRZTZ6WE38X65HPAXWT0X5AV-clothes,10,socks,clothes,human,human
01K4DSNC6WQ3NGDHP1DCRP2PAY,01K4DW0QMQST76JDSFKGWGEPTT-clothes,jeans,2761.0,01JRZTZ6WE38X65HPAXWT0X5AV-clothes,11,blazer,clothes,human,human
01K4DSNC6WQ3NGDHP1DCRP2PAY,01K4DW0QMQST76JDSFKGWGEPTT-clothes,hat,5798.0,01JRZTZ6WE38X65HPAXWT0X5AV-clothes,12,cardigan,clothes,human,human
01K4DSNC6WQ3NGDHP1DCRP2PAY,01K4DW0QMQST76JDSFKGWGEPTT-clothes,cap,1308.0,01JRZTZ6WE38X65HPAXWT0X5AV-clothes,13,sunglasses,clothes,human,human
01K4DSNC6WQ3NGDHP1DCRP2PAY,01K4DW0QMQST76JDSFKGWGEPTT-clothes,mitten,3297.0,01JRZTZ6WE38X65HPAXWT0X5AV-clothes,14,scarf,clothes,human,human
01K4DSNC6WQ3NGDHP1DCRP2PAY,01K4DW0QMQST76JDSFKGWGEPTT-clothes,glove,1656.0,01JRZTZ6WE38X65HPAXWT0X5AV-clothes,15,gloves,clothes,human,human
01K4DSNC6WQ3NGDHP1DCRP2PAY,01K4DW0QMQST76JDSFKGWGEPTT-clothes,scarf,2060.0,01JRZTZ6WE38X65HPAXWT0X5AV-clothes,16,scarf,clothes,human,human
01K4DSNC6WQ3NGDHP1DCRP2PAY,01K4DW0QMQST76JDSFKGWGEPTT-clothes,jewelry,2546.0,01JRZTZ6WE38X65HPAXWT0X5AV-clothes,17,coat,clothes,human,human
01K4DSNC6WQ3NGDHP1DCRP2PAY,01K4DW0QMQST76JDSFKGWGEPTT-clothes,ring,1640.0,01JRZTZ6WE38X65HPAXWT0X5AV-clothes,18,bag,clothes,human,human
01K4DSNC6WQ3NGDHP1DCRP2PAY,01K4DW0QMQST76JDSFKGWGEPTT-clothes,watch,1848.0,01JRZTZ6WE38X65HPAXWT0X5AV-clothes,19,bracelet,clothes,human,human
01K4DSNC6WQ3NGDHP1DCRP2PAY,01K4DW0QMQST76JDSFKGWGEPTT-clothes,hoodie,16548.0,01JRZTZ6WE38X65HPAXWT0X5AV-clothes,20,bracelet,clothes,human,human
01K4DSNC6WQ3NGDHP1DCRP2PAY,01K4DW0QMQST76JDSFKGWGEPTT-clothes,bow,3070.0,01JRZTZ6WE38X65HPAXWT0X5AV-clothes,21,coat,clothes,human,human
01K4DSNC6WQ3NGDHP1DCRP2PAY,01K4DW0QMQST76JDSFKGWGEPTT-clothes,tie,1160.0,01JRZTZ6WE38X65HPAXWT0X5AV-clothes,22,tie,clothes,human,human
01K4DSNC6WQ3NGDHP1DCRP2PAY,01K4DW0QMQST76JDSFKGWGEPTT-clothes,slipper,6197.0,01JRZTZ6WE38X65HPAXWT0X5AV-clothes,23,collar,clothes,human,human
01K4DSNC6WQ3NGDHP1DCRP2PAY,01K4DW0QMQST76JDSFKGWGEPTT-clothes,mumu,2331.0,01JRZTZ6WE38X65HPAXWT0X5AV-clothes,24,socks,clothes,human,human
01K4DSNC6WQ3NGDHP1DCRP2PAY,01K4DW0QMQST76JDSFKGWGEPTT-clothes,collar,4308.0,01JRZTZ6WE38X65HPAXWT0X5AV-clothes,25,bag,clothes,human,human
01K4DSNC6WQ3NGDHP1DCRP2PAY,01K4DW0QMQST76JDSFKGWGEPTT-clothes,cufflink,3752.0,01JRZTZ6WE38X65HPAXWT0X5AV-clothes,26,earrings,clothes,human,human
01K4DSNC6WQ3NGDHP1DCRP2PAY,01K4DW0QMQST76JDSFKGWGEPTT-clothes,onesie,32140.0,01JRZTZ6WE38X65HPAXWT0X5AV-clothes,27,suit,clothes,human,human
01KEYTFBT046V9HMD5E7P92DGC,01KEZ07KK8BNXYYZ2681AX7QJF,goat,9603.0,01JRZV0B4SEM67S8GTXT3X71NK-animals,1,,animals,human,human
01KEYTFBT046V9HMD5E7P92DGC,01KEZ07KK8BNXYYZ2681AX7QJF,cat,3097.0,01JRZV0B4SEM67S8GTXT3X71NK-animals,2,sheep,animals,human,human
01KEYTFBT046V9HMD5E7P92DGC,01KEZ07KK8BNXYYZ2681AX7QJF,sheep,4040.0,01JRZV0B4SEM67S8GTXT3X71NK-animals,3,dog,animals,human,human
01KEYTFBT046V9HMD5E7P92DGC,01KEZ07KK8BNXYYZ2681AX7QJF,ram,11876.0,01JRZV0B4SEM67S8GTXT3X71NK-animals,4,dog,animals,human,human
01KEYTFBT046V9HMD5E7P92DGC,01KEZ07KK8BNXYYZ2681AX7QJF,lion,13563.0,01JRZV0B4SEM67S8GTXT3X71NK-animals,5,cow,animals,human,human
01KEYTFBT046V9HMD5E7P92DGC,01KEZ07KK8BNXYYZ2681AX7QJF,tiger,4267.0,01JRZV0B4SEM67S8GTXT3X71NK-animals,6,tiger,animals,human,human
01KEYTFBT046V9HMD5E7P92DGC,01KEZ07KK8BNXYYZ2681AX7QJF,panther,4868.0,01JRZV0B4SEM67S8GTXT3X71NK-animals,7,giraffe,animals,human,human
01KEYTFBT046V9HMD5E7P92DGC,01KEZ07KK8BNXYYZ2681AX7QJF,cheetah,7323.0,01JRZV0B4SEM67S8GTXT3X71NK-animals,8,leopard,animals,human,human
01KEYTFBT046V9HMD5E7P92DGC,01KEZ07KK8BNXYYZ2681AX7QJF,fox,6020.0,01JRZV0B4SEM67S8GTXT3X71NK-animals,9,leopard,animals,human,human
01KEYTFBT046V9HMD5E7P92DGC,01KEZ07KK8BNXYYZ2681AX7QJF,wolf,2375.0,01JRZV0B4SEM67S8GTXT3X71NK-animals,10,weasel,animals,human,human
01KEYTFBT046V9HMD5E7P92DGC,01KEZ07KK8BNXYYZ2681AX7QJF,ant,2214.0,01JRZV0B4SEM67S8GTXT3X71NK-animals,11,dog,animals,human,human
01KEYTFBT046V9HMD5E7P92DGC,01KEZ07KK8BNXYYZ2681AX7QJF,termite,3133.0,01JRZV0B4SEM67S8GTXT3X71NK-animals,12,grasshopper,animals,human,human
01KEYTFBT046V9HMD5E7P92DGC,01KEZ07KK8BNXYYZ2681AX7QJF,bee,2326.0,01JRZV0B4SEM67S8GTXT3X71NK-animals,13,cockroach,animals,human,human
01KEYTFBT046V9HMD5E7P92DGC,01KEZ07KK8BNXYYZ2681AX7QJF,grasshopper,3831.0,01JRZV0B4SEM67S8GTXT3X71NK-animals,14,fly,animals,human,human
01KEYTFBT046V9HMD5E7P92DGC,01KEZ07KK8BNXYYZ2681AX7QJF,mantis,8459.0,01JRZV0B4SEM67S8GTXT3X71NK-animals,15,cricket,animals,human,human
01KEYTFBT046V9HMD5E7P92DGC,01KEZ07KK8BNXYYZ2681AX7QJF,woodpecker,11441.0,01JRZV0B4SEM67S8GTXT3X71NK-animals,16,cricket,animals,human,human
01KEYTFBT046V9HMD5E7P92DGC,01KEZ07KK8BNXYYZ2681AX7QJF,dove,3221.0,01JRZV0B4SEM67S8GTXT3X71NK-animals,17,robin,animals,human,human
01KEYTFBT046V9HMD5E7P92DGC,01KEZ07KK8BNXYYZ2681AX7QJF,falcon,2839.0,01JRZV0B4SEM67S8GTXT3X71NK-animals,18,duck,animals,human,human
01KEYTFBT046V9HMD5E7P92DGC,01KEZ07KK8BNXYYZ2681AX7QJF,eagle,7556.0,01JRZV0B4SEM67S8GTXT3X71NK-animals,19,hawk,animals,human,human
01KEYTFBT046V9HMD5E7P92DGC,01KEZ07KK8BNXYYZ2681AX7QJF,vulture,4875.0,01JRZV0B4SEM67S8GTXT3X71NK-animals,20,hawk,animals,human,human
01KEYTFBT046V9HMD5E7P92DGC,01KEZ07KK8BNXYYZ2681AX7QJF,viper,17435.0,01JRZV0B4SEM67S8GTXT3X71NK-animals,21,crow,animals,human,human
01KEYTFBT046V9HMD5E7P92DGC,01KEZ07KK8BNXYYZ2681AX7QJF,python,15010.0,01JRZV0B4SEM67S8GTXT3X71NK-animals,22,anaconda,animals,human,human
01KEYTFBT046V9HMD5E7P92DGC,01KEZ07KK8BNXYYZ2681AX7QJF,turtle,5038.0,01JRZV0B4SEM67S8GTXT3X71NK-animals,23,rattlesnake,animals,human,human
01KEYTFBT046V9HMD5E7P92DGC,01KEZ07KK8BNXYYZ2681AX7QJF,butterfly,13336.0,01JRZV0B4SEM67S8GTXT3X71NK-animals,24,alligator,animals,human,human
01KEYTFBT046V9HMD5E7P92DGC,01KEZ07KK8BNXYYZ2681AX7QJF,cow,8994.0,01JRZV0B4SEM67S8GTXT3X71NK-animals,25,fly,animals,human,human
01KEYTFBSFKNJPK9SMJXRRVFND,01KEZ03WT3GKW133G5MAH3226F,fruit,25588.0,01JYPFCXMAYESJN6JFNPGP0R4M-supermarket,1,,supermarket,human,human
01KEYTFBSFKNJPK9SMJXRRVFND,01KEZ03WT3GKW133G5MAH3226F,watermelon,7738.0,01JYPFCXMAYESJN6JFNPGP0R4M-supermarket,2,fruit,supermarket,human,human
01KEYTFBSFKNJPK9SMJXRRVFND,01KEZ03WT3GKW133G5MAH3226F,banana,3870.0,01JYPFCXMAYESJN6JFNPGP0R4M-supermarket,3,banana,supermarket,human,human
01KEYTFBSFKNJPK9SMJXRRVFND,01KEZ03WT3GKW133G5MAH3226F,corn flake,7532.0,01JYPFCXMAYESJN6JFNPGP0R4M-supermarket,4,apple,supermarket,human,human
01KEYTFBSFKNJPK9SMJXRRVFND,01KEZ03WT3GKW133G5MAH3226F,clothing,5055.0,01JYPFCXMAYESJN6JFNPGP0R4M-supermarket,5,milk,supermarket,human,human
01KEYTFBSFKNJPK9SMJXRRVFND,01KEZ03WT3GKW133G5MAH3226F,toy,3272.0,01JYPFCXMAYESJN6JFNPGP0R4M-supermarket,6,house,supermarket,human,human
01KEYTFBSFKNJPK9SMJXRRVFND,01KEZ03WT3GKW133G5MAH3226F,kitchenware,9021.0,01JYPFCXMAYESJN6JFNPGP0R4M-supermarket,7,milk,supermarket,human,human
01KEYTFBSFKNJPK9SMJXRRVFND,01KEZ03WT3GKW133G5MAH3226F,utensil,5259.0,01JYPFCXMAYESJN6JFNPGP0R4M-supermarket,8,towels,supermarket,human,human
01KEYTFBSFKNJPK9SMJXRRVFND,01KEZ03WT3GKW133G5MAH3226F,shoe,5342.0,01JYPFCXMAYESJN6JFNPGP0R4M-supermarket,9,ice,supermarket,human,human
01KEYTFBSFKNJPK9SMJXRRVFND,01KEZ03WT3GKW133G5MAH3226F,snack,4744.0,01JYPFCXMAYESJN6JFNPGP0R4M-supermarket,10,pan,supermarket,human,human
01KEYTFBSFKNJPK9SMJXRRVFND,01KEZ03WT3GKW133G5MAH3226F,cosmetic,6121.0,01JYPFCXMAYESJN6JFNPGP0R4M-supermarket,11,food,supermarket,human,human
01KEYTFBSFKNJPK9SMJXRRVFND,01KEZ03WT3GKW133G5MAH3226F,foodstuff,9662.0,01JYPFCXMAYESJN6JFNPGP0R4M-supermarket,12,medicine,supermarket,human,human
01KEYTFBSFKNJPK9SMJXRRVFND,01KEZ03WT3GKW133G5MAH3226F,drink,3994.0,01JYPFCXMAYESJN6JFNPGP0R4M-supermarket,13,box,supermarket,human,human
01KEYTFBSFKNJPK9SMJXRRVFND,01KEZ03WT3GKW133G5MAH3226F,appliance,8552.0,01JYPFCXMAYESJN6JFNPGP0R4M-supermarket,14,water,supermarket,human,human
01KEYTFBSFKNJPK9SMJXRRVFND,01KEZ03WT3GKW133G5MAH3226F,soda,9043.0,01JYPFCXMAYESJN6JFNPGP0R4M-supermarket,15,spoon,supermarket,human,human
01KEYTFBSFKNJPK9SMJXRRVFND,01KEZ03WT3GKW133G5MAH3226F,ice cream,8135.0,01JYPFCXMAYESJN6JFNPGP0R4M-supermarket,16,hat,supermarket,human,human
01KEYTFBSFKNJPK9SMJXRRVFND,01KEZ03WT3GKW133G5MAH3226F,fridge,16189.0,01JYPFCXMAYESJN6JFNPGP0R4M-supermarket,17,movie,supermarket,human,human
01KEYTFBSFKNJPK9SMJXRRVFND,01KEZ03WT3GKW133G5MAH3226F,bread,5136.0,01JYPFCXMAYESJN6JFNPGP0R4M-supermarket,18,man,supermarket,human,human
01KEYTFBSFKNJPK9SMJXRRVFND,01KEZ03WT3GKW133G5MAH3226F,coke,4079.0,01JYPFCXMAYESJN6JFNPGP0R4M-supermarket,19,soda,supermarket,human,human
01KEYTFBSFKNJPK9SMJXRRVFND,01KEZ03WT3GKW133G5MAH3226F,perfume,10064.0,01JYPFCXMAYESJN6JFNPGP0R4M-supermarket,20,red,supermarket,human,human
01KEYTFBSFKNJPK9SMJXRRVFND,01KEZ03WT3GKW133G5MAH3226F,body spray,5100.0,01JYPFCXMAYESJN6JFNPGP0R4M-supermarket,21,hot,supermarket,human,human
01KEYTFBSFKNJPK9SMJXRRVFND,01KEZ03WT3GKW133G5MAH3226F,clock,4202.0,01JYPFCXMAYESJN6JFNPGP0R4M-supermarket,22,news,supermarket,human,human
01KEYTFBSFKNJPK9SMJXRRVFND,01KEZ03WT3GKW133G5MAH3226F,detergent,7579.0,01JYPFCXMAYESJN6JFNPGP0R4M-supermarket,23,woman,supermarket,human,human
01KFVAEZ8P00QACP05TYYQCDAT,01KFVAQ15QJ0N3KDWANS6941BF,meat,7719.0,01JYPFJZM63XTP91KNX22SHHQZ-supermarket,1,,supermarket,human,human
01KFVAEZ8P00QACP05TYYQCDAT,01KFVAQ15QJ0N3KDWANS6941BF,fruit,2858.0,01JYPFJZM63XTP91KNX22SHHQZ-supermarket,2,cow,supermarket,human,human
01KFVAEZ8P00QACP05TYYQCDAT,01KFVAQ15QJ0N3KDWANS6941BF,vegetable,4460.0,01JYPFJZM63XTP91KNX22SHHQZ-supermarket,3,veg,supermarket,human,human
01KFVAEZ8P00QACP05TYYQCDAT,01KFVAQ15QJ0N3KDWANS6941BF,milk,5606.0,01JYPFJZM63XTP91KNX22SHHQZ-supermarket,4,carrot,supermarket,human,human
01KFVAEZ8P00QACP05TYYQCDAT,01KFVAQ15QJ0N3KDWANS6941BF,dairy,2214.0,01JYPFJZM63XTP91KNX22SHHQZ-supermarket,5,cow,supermarket,human,human
01KFVAEZ8P00QACP05TYYQCDAT,01KFVAQ15QJ0N3KDWANS6941BF,cheese,2715.0,01JYPFJZM63XTP91KNX22SHHQZ-supermarket,6,cow,supermarket,human,human
01KFVAEZ8P00QACP05TYYQCDAT,01KFVAQ15QJ0N3KDWANS6941BF,yogurt,7260.0,01JYPFJZM63XTP91KNX22SHHQZ-supermarket,7,cake,supermarket,human,human
01KFVAEZ8P00QACP05TYYQCDAT,01KFVAQ15QJ0N3KDWANS6941BF,detergent,4702.0,01JYPFJZM63XTP91KNX22SHHQZ-supermarket,8,icecream,supermarket,human,human
01KFVAEZ8P00QACP05TYYQCDAT,01KFVAQ15QJ0N3KDWANS6941BF,dish soap,3334.0,01JYPFJZM63XTP91KNX22SHHQZ-supermarket,9,washing,supermarket,human,human
01KFVAEZ8P00QACP05TYYQCDAT,01KFVAQ15QJ0N3KDWANS6941BF,apple,2761.0,01JYPFJZM63XTP91KNX22SHHQZ-supermarket,10,sink,supermarket,human,human
01KFVAEZ8P00QACP05TYYQCDAT,01KFVAQ15QJ0N3KDWANS6941BF,lettuce,3124.0,01JYPFJZM63XTP91KNX22SHHQZ-supermarket,11,phone,supermarket,human,human
01KFVAEZ8P00QACP05TYYQCDAT,01KFVAQ15QJ0N3KDWANS6941BF,carrot,3458.0,01JYPFJZM63XTP91KNX22SHHQZ-supermarket,12,cucumber,supermarket,human,human
01KFVAEZ8P00QACP05TYYQCDAT,01KFVAQ15QJ0N3KDWANS6941BF,potato,7453.0,01JYPFJZM63XTP91KNX22SHHQZ-supermarket,13,orange,supermarket,human,human
01KFVAEZ8P00QACP05TYYQCDAT,01KFVAQ15QJ0N3KDWANS6941BF,fish,10807.0,01JYPFJZM63XTP91KNX22SHHQZ-supermarket,14,yellow,supermarket,human,human
01KFVAEZ8P00QACP05TYYQCDAT,01KFVAQ15QJ0N3KDWANS6941BF,steak,2060.0,01JYPFJZM63XTP91KNX22SHHQZ-supermarket,15,meat,supermarket,human,human
01KFVAEZ8P00QACP05TYYQCDAT,01KFVAQ15QJ0N3KDWANS6941BF,beef,1586.0,01JYPFJZM63XTP91KNX22SHHQZ-supermarket,16,cow,supermarket,human,human
01KFVAEZ8P00QACP05TYYQCDAT,01KFVAQ15QJ0N3KDWANS6941BF,pork,2597.0,01JYPFJZM63XTP91KNX22SHHQZ-supermarket,17,lamb,supermarket,human,human
01KFVAEZ8P00QACP05TYYQCDAT,01KFVAQ15QJ0N3KDWANS6941BF,strawberry,17497.0,01JYPFJZM63XTP91KNX22SHHQZ-supermarket,18,lamb,supermarket,human,human
01KFVAEZ8P00QACP05TYYQCDAT,01KFVAQ15QJ0N3KDWANS6941BF,blackberry,7012.0,01JYPFJZM63XTP91KNX22SHHQZ-supermarket,19,raspberry,supermarket,human,human
01KFVAEZ8P00QACP05TYYQCDAT,01KFVAQ15QJ0N3KDWANS6941BF,raspberry,6377.0,01JYPFJZM63XTP91KNX22SHHQZ-supermarket,20,blueberry,supermarket,human,human
01KFVAEZ8P00QACP05TYYQCDAT,01KFVAQ15QJ0N3KDWANS6941BF,water,4074.0,01JYPFJZM63XTP91KNX22SHHQZ-supermarket,21,blueberry,supermarket,human,human
01KFVAEZ8P00QACP05TYYQCDAT,01KFVAQ15QJ0N3KDWANS6941BF,frozen pizza,10378.0,01JYPFJZM63XTP91KNX22SHHQZ-supermarket,22,tqap,supermarket,human,human
01KFVAEZ8P00QACP05TYYQCDAT,01KFVAQ15QJ0N3KDWANS6941BF,chicken nugget,7909.0,01JYPFJZM63XTP91KNX22SHHQZ-supermarket,23,freezer,supermarket,human,human
01KFVAEZ8P00QACP05TYYQCDAT,01KFVAQ15QJ0N3KDWANS6941BF,greek yogurt,4272.0,01JYPFJZM63XTP91KNX22SHHQZ-supermarket,24,ketchup,supermarket,human,human
01KFVAEZ8P00QACP05TYYQCDAT,01KFVAQ15QJ0N3KDWANS6941BF,granola,6258.0,01JYPFJZM63XTP91KNX22SHHQZ-supermarket,25,greecde,supermarket,human,human
01KFVAEZ8P00QACP05TYYQCDAT,01KFVAQ15QJ0N3KDWANS6941BF,peanut butter,7733.0,01JYPFJZM63XTP91KNX22SHHQZ-supermarket,26,honey,supermarket,human,human
01KFVAEZ8P00QACP05TYYQCDAT,01KFVAQ15QJ0N3KDWANS6941BF,cart,3097.0,01JYPFJZM63XTP91KNX22SHHQZ-supermarket,27,jar,supermarket,human,human
01KFVAEZ8P00QACP05TYYQCDAT,01KFVAQ15QJ0N3KDWANS6941BF,tuna,12537.0,01JYPFJZM63XTP91KNX22SHHQZ-supermarket,28,till,supermarket,human,human
01KFVAEZ8P00QACP05TYYQCDAT,01KFVAQ15QJ0N3KDWANS6941BF,breakfast bar,10101.0,01JYPFJZM63XTP91KNX22SHHQZ-supermarket,29,sweetcorn,supermarket,human,human
01KFVAEZ8P00QACP05TYYQCDAT,01KFVAQ15QJ0N3KDWANS6941BF,protein bar,5446.0,01JYPFJZM63XTP91KNX22SHHQZ-supermarket,30,crisps,supermarket,human,human
01KFVAEZ7XT6F3X9J84CCD9CRE,01KFVB4WW841Q5AG47NA866WJ3,cat,6291.0,01JRZVZSHRSYTEMFHWQ5S7MR6A-animals,1,,animals,human,human
01KFVAEZ7XT6F3X9J84CCD9CRE,01KFVB4WW841Q5AG47NA866WJ3,dog,4889.0,01JRZVZSHRSYTEMFHWQ5S7MR6A-animals,2,dog,animals,human,human
01KFVAEZ7XT6F3X9J84CCD9CRE,01KFVB4WW841Q5AG47NA866WJ3,bear,3403.0,01JRZVZSHRSYTEMFHWQ5S7MR6A-animals,3,bird,animals,human,human
01KFVAEZ7XT6F3X9J84CCD9CRE,01KFVB4WW841Q5AG47NA866WJ3,elephant,4130.0,01JRZVZSHRSYTEMFHWQ5S7MR6A-animals,4,fish,animals,human,human
01KFVAEZ7XT6F3X9J84CCD9CRE,01KFVB4WW841Q5AG47NA866WJ3,rabbit,6973.0,01JRZVZSHRSYTEMFHWQ5S7MR6A-animals,5,giraffe,animals,human,human
01KFVAEZ7XT6F3X9J84CCD9CRE,01KFVB4WW841Q5AG47NA866WJ3,lion,7604.0,01JRZVZSHRSYTEMFHWQ5S7MR6A-animals,6,deer,animals,human,human
01KFVAEZ7XT6F3X9J84CCD9CRE,01KFVB4WW841Q5AG47NA866WJ3,rhino,4699.0,01JRZVZSHRSYTEMFHWQ5S7MR6A-animals,7,tiger,animals,human,human
01KFVAEZ7XT6F3X9J84CCD9CRE,01KFVB4WW841Q5AG47NA866WJ3,cheetah,8803.0,01JRZVZSHRSYTEMFHWQ5S7MR6A-animals,8,hippo,animals,human,human
01KFVAEZ7XT6F3X9J84CCD9CRE,01KFVB4WW841Q5AG47NA866WJ3,giraffe,17905.0,01JRZVZSHRSYTEMFHWQ5S7MR6A-animals,9,jaguar,animals,human,human
01KFVAEZ7XT6F3X9J84CCD9CRE,01KFVB4WW841Q5AG47NA866WJ3,monkey,5403.0,01JRZVZSHRSYTEMFHWQ5S7MR6A-animals,10,hippo,animals,human,human
01KFVAEZ7XT6F3X9J84CCD9CRE,01KFVB4WW841Q5AG47NA866WJ3,gorilla,9164.0,01JRZVZSHRSYTEMFHWQ5S7MR6A-animals,11,alligator,animals,human,human
01KFVAEZ7XT6F3X9J84CCD9CRE,01KFVB4WW841Q5AG47NA866WJ3,zebra,6537.0,01JRZVZSHRSYTEMFHWQ5S7MR6A-animals,12,chimp,animals,human,human
01KFVAEZ7XT6F3X9J84CCD9CRE,01KFVB4WW841Q5AG47NA866WJ3,hyena,17903.0,01JRZVZSHRSYTEMFHWQ5S7MR6A-animals,13,hyena,animals,human,human
01KFVAEZ7XT6F3X9J84CCD9CRE,01KFVB4WW841Q5AG47NA866WJ3,deer,4196.0,01JRZVZSHRSYTEMFHWQ5S7MR6A-animals,14,hippo,animals,human,human
01KFVAEZ7XT6F3X9J84CCD9CRE,01KFVB4WW841Q5AG47NA866WJ3,snake,22746.0,01JRZVZSHRSYTEMFHWQ5S7MR6A-animals,15,moose,animals,human,human
01KFVAEZ7XT6F3X9J84CCD9CRE,01KFVB4WW841Q5AG47NA866WJ3,donkey,8427.0,01JRZVZSHRSYTEMFHWQ5S7MR6A-animals,16,mouse,animals,human,human
01KFVAEZ7XT6F3X9J84CCD9CRE,01KFVB4WW841Q5AG47NA866WJ3,horse,3400.0,01JRZVZSHRSYTEMFHWQ5S7MR6A-animals,17,horse,animals,human,human
01KFVAEZ7XT6F3X9J84CCD9CRE,01KFVB4WW841Q5AG47NA866WJ3,ostrich,12941.0,01JRZVZSHRSYTEMFHWQ5S7MR6A-animals,18,moose,animals,human,human
01KFVAEZ7XT6F3X9J84CCD9CRE,01KFVB4WW841Q5AG47NA866WJ3,crocodile,7820.0,01JRZVZSHRSYTEMFHWQ5S7MR6A-animals,19,emu,animals,human,human
01KFVAEZ7XT6F3X9J84CCD9CRE,01KFVB4WW841Q5AG47NA866WJ3,lizard,9765.0,01JRZVZSHRSYTEMFHWQ5S7MR6A-animals,20,alligator,animals,human,human
01KFVAEZ7XT6F3X9J84CCD9CRE,01KFVB4WW841Q5AG47NA866WJ3,eagle,6430.0,01JRZVZSHRSYTEMFHWQ5S7MR6A-animals,21,alligator,animals,human,human
01KFVAEZ8YT4YRHVJWY4EF17SD,01KFVAYAM064FQQDRW3ZBFFE8Q,trolley,9193.0,01JRZV1479JENTNGP52K0MK94A-supermarket,1,,supermarket,human,human
01KFVAEZ8YT4YRHVJWY4EF17SD,01KFVAYAM064FQQDRW3ZBFFE8Q,cart,3621.0,01JRZV1479JENTNGP52K0MK94A-supermarket,2,shopping,supermarket,human,human
01KFVAEZ8YT4YRHVJWY4EF17SD,01KFVAYAM064FQQDRW3ZBFFE8Q,basket,4185.0,01JRZV1479JENTNGP52K0MK94A-supermarket,3,shopping,supermarket,human,human
01KFVAEZ8YT4YRHVJWY4EF17SD,01KFVAYAM064FQQDRW3ZBFFE8Q,till,7415.0,01JRZV1479JENTNGP52K0MK94A-supermarket,4,handle,supermarket,human,human
01KFVAEZ8YT4YRHVJWY4EF17SD,01KFVAYAM064FQQDRW3ZBFFE8Q,scale,6347.0,01JRZV1479JENTNGP52K0MK94A-supermarket,5,cashier,supermarket,human,human
01KFVAEZ8YT4YRHVJWY4EF17SD,01KFVAYAM064FQQDRW3ZBFFE8Q,card machine,5234.0,01JRZV1479JENTNGP52K0MK94A-supermarket,6,weight,supermarket,human,human
01KFVAEZ8YT4YRHVJWY4EF17SD,01KFVAYAM064FQQDRW3ZBFFE8Q,food,7053.0,01JRZV1479JENTNGP52K0MK94A-supermarket,7,shelf,supermarket,human,human
01KFVAEZ8YT4YRHVJWY4EF17SD,01KFVAYAM064FQQDRW3ZBFFE8Q,fresh produce aisle,10959.0,01JRZV1479JENTNGP52K0MK94A-supermarket,8,freezer,supermarket,human,human
01KFVAEZ8YT4YRHVJWY4EF17SD,01KFVAYAM064FQQDRW3ZBFFE8Q,bakery,6005.0,01JRZV1479JENTNGP52K0MK94A-supermarket,9,,supermarket,human,human
01KFVAEZ8YT4YRHVJWY4EF17SD,01KFVAYAM064FQQDRW3ZBFFE8Q,toilet paper,9174.0,01JRZV1479JENTNGP52K0MK94A-supermarket,10,meatcounter,supermarket,human,human
01KFVAEZ8YT4YRHVJWY4EF17SD,01KFVAYAM064FQQDRW3ZBFFE8Q,freezer,11045.0,01JRZV1479JENTNGP52K0MK94A-supermarket,11,cerea;l,supermarket,human,human
01KFVAEZ8YT4YRHVJWY4EF17SD,01KFVAYAM064FQQDRW3ZBFFE8Q,chill aisle,7504.0,01JRZV1479JENTNGP52K0MK94A-supermarket,12,list,supermarket,human,human
01KFVAEZ8YT4YRHVJWY4EF17SD,01KFVAYAM064FQQDRW3ZBFFE8Q,checkout,12002.0,01JRZV1479JENTNGP52K0MK94A-supermarket,13,fruitandvegetable,supermarket,human,human
01KFVAEZ8YT4YRHVJWY4EF17SD,01KFVAYAM064FQQDRW3ZBFFE8Q,automatic door,8593.0,01JRZV1479JENTNGP52K0MK94A-supermarket,14,debitcar,supermarket,human,human
01KFVAEZ8YT4YRHVJWY4EF17SD,01KFVAYAM064FQQDRW3ZBFFE8Q,cheese aisle,17085.0,01JRZV1479JENTNGP52K0MK94A-supermarket,15,shoppingbags,supermarket,human,human
01KFVAEZ8YT4YRHVJWY4EF17SD,01KFVAYAM064FQQDRW3ZBFFE8Q,condiment,12335.0,01JRZV1479JENTNGP52K0MK94A-supermarket,16,fruitandvegetable,supermarket,human,human
01KFVAEZ8YT4YRHVJWY4EF17SD,01KFVAYAM064FQQDRW3ZBFFE8Q,toiletry,8333.0,01JRZV1479JENTNGP52K0MK94A-supermarket,17,sauces,supermarket,human,human
01KFVAEZ8YT4YRHVJWY4EF17SD,01KFVAYAM064FQQDRW3ZBFFE8Q,hair dye,15007.0,01JRZV1479JENTNGP52K0MK94A-supermarket,18,driedgoods,supermarket,human,human
01KFVAEZ8YT4YRHVJWY4EF17SD,01KFVAYAM064FQQDRW3ZBFFE8Q,crisp,10357.0,01JRZV1479JENTNGP52K0MK94A-supermarket,19,vegetables,supermarket,human,human
01KFVAEZ8YT4YRHVJWY4EF17SD,01KFVAYAM064FQQDRW3ZBFFE8Q,chocolate,3704.0,01JRZV1479JENTNGP52K0MK94A-supermarket,20,flowers,supermarket,human,human
01KEYTFBSRMQADZ41VGCW3QP4C,01KEZ0DGHAYJKCDMAGCDF2MQF6,t-shirt,5547.0,01K0Q88CCPAM2K81SENBWE9C4K-clothes,1,,clothes,human,human
01KEYTFBSRMQADZ41VGCW3QP4C,01KEZ0DGHAYJKCDMAGCDF2MQF6,trousers,2423.0,01K0Q88CCPAM2K81SENBWE9C4K-clothes,2,pants,clothes,human,human
01KEYTFBSRMQADZ41VGCW3QP4C,01KEZ0DGHAYJKCDMAGCDF2MQF6,shirt,673.0,01K0Q88CCPAM2K81SENBWE9C4K-clothes,3,socks,clothes,human,human
01KEYTFBSRMQADZ41VGCW3QP4C,01KEZ0DGHAYJKCDMAGCDF2MQF6,blouse,4207.0,01K0Q88CCPAM2K81SENBWE9C4K-clothes,4,jacket,clothes,human,human
01KEYTFBSRMQADZ41VGCW3QP4C,01KEZ0DGHAYJKCDMAGCDF2MQF6,pants,2462.0,01K0Q88CCPAM2K81SENBWE9C4K-clothes,5,shoes,clothes,human,human
01KEYTFBSRMQADZ41VGCW3QP4C,01KEZ0DGHAYJKCDMAGCDF2MQF6,sock,1528.0,01K0Q88CCPAM2K81SENBWE9C4K-clothes,6,socks,clothes,human,human
01KEYTFBSRMQADZ41VGCW3QP4C,01KEZ0DGHAYJKCDMAGCDF2MQF6,tie,699.0,01K0Q88CCPAM2K81SENBWE9C4K-clothes,7,shoe,clothes,human,human
01KEYTFBSRMQADZ41VGCW3QP4C,01KEZ0DGHAYJKCDMAGCDF2MQF6,blazer,1142.0,01K0Q88CCPAM2K81SENBWE9C4K-clothes,8,jacket,clothes,human,human
01KEYTFBSRMQADZ41VGCW3QP4C,01KEZ0DGHAYJKCDMAGCDF2MQF6,cardigan,1915.0,01K0Q88CCPAM2K81SENBWE9C4K-clothes,9,hat,clothes,human,human
01KEYTFBSRMQADZ41VGCW3QP4C,01KEZ0DGHAYJKCDMAGCDF2MQF6,sweater,2697.0,01K0Q88CCPAM2K81SENBWE9C4K-clothes,10,sweater,clothes,human,human
01KEYTFBSRMQADZ41VGCW3QP4C,01KEZ0DGHAYJKCDMAGCDF2MQF6,jumper,2671.0,01K0Q88CCPAM2K81SENBWE9C4K-clothes,11,sweatshirt,clothes,human,human
01KEYTFBSRMQADZ41VGCW3QP4C,01KEZ0DGHAYJKCDMAGCDF2MQF6,dress,2360.0,01K0Q88CCPAM2K81SENBWE9C4K-clothes,12,dress,clothes,human,human
01KEYTFBSRMQADZ41VGCW3QP4C,01KEZ0DGHAYJKCDMAGCDF2MQF6,skirt,1189.0,01K0Q88CCPAM2K81SENBWE9C4K-clothes,13,skirt,clothes,human,human
01KEYTFBSRMQADZ41VGCW3QP4C,01KEZ0DGHAYJKCDMAGCDF2MQF6,shorts,1588.0,01K0Q88CCPAM2K81SENBWE9C4K-clothes,14,tights,clothes,human,human
01KEYTFBSRMQADZ41VGCW3QP4C,01KEZ0DGHAYJKCDMAGCDF2MQF6,hat,1662.0,01K0Q88CCPAM2K81SENBWE9C4K-clothes,15,shoe,clothes,human,human
01KEYTFBSRMQADZ41VGCW3QP4C,01KEZ0DGHAYJKCDMAGCDF2MQF6,scarf,2140.0,01K0Q88CCPAM2K81SENBWE9C4K-clothes,16,cap,clothes,human,human
01KEYTFBSRMQADZ41VGCW3QP4C,01KEZ0DGHAYJKCDMAGCDF2MQF6,jacket,2722.0,01K0Q88CCPAM2K81SENBWE9C4K-clothes,17,shoe,clothes,human,human
01KEYTFBSRMQADZ41VGCW3QP4C,01KEZ0DGHAYJKCDMAGCDF2MQF6,coat,1608.0,01K0Q88CCPAM2K81SENBWE9C4K-clothes,18,coat,clothes,human,human
01KEYTFBSRMQADZ41VGCW3QP4C,01KEZ0DGHAYJKCDMAGCDF2MQF6,tights,11198.0,01K0Q88CCPAM2K81SENBWE9C4K-clothes,19,shoe,clothes,human,human
01KEYTFBSRMQADZ41VGCW3QP4C,01KEZ0DGHAYJKCDMAGCDF2MQF6,bra,4816.0,01K0Q88CCPAM2K81SENBWE9C4K-clothes,20,shoe,clothes,human,human
01KEYTFBSRMQADZ41VGCW3QP4C,01KEZ0DGHAYJKCDMAGCDF2MQF6,jeans,40695.0,01K0Q88CCPAM2K81SENBWE9C4K-clothes,21,panty,clothes,human,human
01KEYTFBSRMQADZ41VGCW3QP4C,01KEZ0DGHAYJKCDMAGCDF2MQF6,leggings,7721.0,01K0Q88CCPAM2K81SENBWE9C4K-clothes,22,underwear,clothes,human,human
01KEYTFBSRMQADZ41VGCW3QP4C,01KEZ0DGHAYJKCDMAGCDF2MQF6,bikini,11173.0,01K0Q88CCPAM2K81SENBWE9C4K-clothes,23,shoe,clothes,human,human
01KEYTFBSRMQADZ41VGCW3QP4C,01KEZ0DGHAYJKCDMAGCDF2MQF6,nightdress,5350.0,01K0Q88CCPAM2K81SENBWE9C4K-clothes,24,suit,clothes,human,human
01KEYTFBSRMQADZ41VGCW3QP4C,01KEZ0DGHAYJKCDMAGCDF2MQF6,boxers,10200.0,01K0Q88CCPAM2K81SENBWE9C4K-clothes,25,pajama,clothes,human,human
01KEYTFBSRMQADZ41VGCW3QP4C,01KEZ0DGHAYJKCDMAGCDF2MQF6,kimono,7165.0,01K0Q88CCPAM2K81SENBWE9C4K-clothes,26,briefs,clothes,human,human
01KEYTFBSRMQADZ41VGCW3QP4C,01KEZ0DGHAYJKCDMAGCDF2MQF6,leotard,5209.0,01K0Q88CCPAM2K81SENBWE9C4K-clothes,27,robe,clothes,human,human
01KEYTFBSRMQADZ41VGCW3QP4C,01KEZ0DGHAYJKCDMAGCDF2MQF6,pinafore,9189.0,01K0Q88CCPAM2K81SENBWE9C4K-clothes,28,shoe,clothes,human,human
01KEYTFBSRMQADZ41VGCW3QP4C,01KEZ0DGHAYJKCDMAGCDF2MQF6,dungarees,5857.0,01K0Q88CCPAM2K81SENBWE9C4K-clothes,29,ghee,clothes,human,human
01KEYTFBSM2SW6JCFEYG14S97Z,01KEYZY7FDYNJJ55XDXBFC8CHP,shirt,7130.0,01JS023W449S8VDZVV1TTHD45Y-clothes,1,,clothes,human,human
01KEYTFBSM2SW6JCFEYG14S97Z,01KEYZY7FDYNJJ55XDXBFC8CHP,pants,1711.0,01JS023W449S8VDZVV1TTHD45Y-clothes,2,trouser,clothes,human,human
01KEYTFBSM2SW6JCFEYG14S97Z,01KEYZY7FDYNJJ55XDXBFC8CHP,sock,1642.0,01JS023W449S8VDZVV1TTHD45Y-clothes,3,belt,clothes,human,human
01KEYTFBSM2SW6JCFEYG14S97Z,01KEYZY7FDYNJJ55XDXBFC8CHP,underwear,2292.0,01JS023W449S8VDZVV1TTHD45Y-clothes,4,shoe,clothes,human,human
01KEYTFBSM2SW6JCFEYG14S97Z,01KEYZY7FDYNJJ55XDXBFC8CHP,shoe,1636.0,01JS023W449S8VDZVV1TTHD45Y-clothes,5,bra,clothes,human,human
01KEYTFBSM2SW6JCFEYG14S97Z,01KEYZY7FDYNJJ55XDXBFC8CHP,watch,7499.0,01JS023W449S8VDZVV1TTHD45Y-clothes,6,cap,clothes,human,human
01KEYTFBSM2SW6JCFEYG14S97Z,01KEYZY7FDYNJJ55XDXBFC8CHP,belt,2398.0,01JS023W449S8VDZVV1TTHD45Y-clothes,7,glasses,clothes,human,human
01KEYTFBSM2SW6JCFEYG14S97Z,01KEYZY7FDYNJJ55XDXBFC8CHP,shoelace,5157.0,01JS023W449S8VDZVV1TTHD45Y-clothes,8,tie,clothes,human,human
01KEYTFBSM2SW6JCFEYG14S97Z,01KEYZY7FDYNJJ55XDXBFC8CHP,bracelet,13165.0,01JS023W449S8VDZVV1TTHD45Y-clothes,9,tie,clothes,human,human
01KEYTFBSM2SW6JCFEYG14S97Z,01KEYZY7FDYNJJ55XDXBFC8CHP,ring,1766.0,01JS023W449S8VDZVV1TTHD45Y-clothes,10,earring,clothes,human,human
01KEYTFBSM2SW6JCFEYG14S97Z,01KEYZY7FDYNJJ55XDXBFC8CHP,undershirt,7008.0,01JS023W449S8VDZVV1TTHD45Y-clothes,11,chain,clothes,human,human
01KEYTFBSM2SW6JCFEYG14S97Z,01KEYZY7FDYNJJ55XDXBFC8CHP,thong,4079.0,01JS023W449S8VDZVV1TTHD45Y-clothes,12,cap,clothes,human,human
01KEYTFBSM2SW6JCFEYG14S97Z,01KEYZY7FDYNJJ55XDXBFC8CHP,bra,1917.0,01JS023W449S8VDZVV1TTHD45Y-clothes,13,bra,clothes,human,human
01KEYTFBSM2SW6JCFEYG14S97Z,01KEYZY7FDYNJJ55XDXBFC8CHP,sweatshirt,7916.0,01JS023W449S8VDZVV1TTHD45Y-clothes,14,earring,clothes,human,human
01KEYTFBSM2SW6JCFEYG14S97Z,01KEYZY7FDYNJJ55XDXBFC8CHP,hoodie,2311.0,01JS023W449S8VDZVV1TTHD45Y-clothes,15,earring,clothes,human,human
01KEYTFBSM2SW6JCFEYG14S97Z,01KEYZY7FDYNJJ55XDXBFC8CHP,jacket,4377.0,01JS023W449S8VDZVV1TTHD45Y-clothes,16,jacket,clothes,human,human
01KEYTFBSM2SW6JCFEYG14S97Z,01KEYZY7FDYNJJ55XDXBFC8CHP,hat,5486.0,01JS023W449S8VDZVV1TTHD45Y-clothes,17,cap,clothes,human,human
01KEYTFBSM2SW6JCFEYG14S97Z,01KEYZY7FDYNJJ55XDXBFC8CHP,beanie,2041.0,01JS023W449S8VDZVV1TTHD45Y-clothes,18,earring,clothes,human,human
01KEYTFBSM2SW6JCFEYG14S97Z,01KEYZY7FDYNJJ55XDXBFC8CHP,bandana,9219.0,01JS023W449S8VDZVV1TTHD45Y-clothes,19,chain,clothes,human,human
01KEYTFBSM2SW6JCFEYG14S97Z,01KEYZY7FDYNJJ55XDXBFC8CHP,scarf,4746.0,01JS023W449S8VDZVV1TTHD45Y-clothes,20,muffler,clothes,human,human
01KEYTFBSM2SW6JCFEYG14S97Z,01KEYZY7FDYNJJ55XDXBFC8CHP,earmuff,6117.0,01JS023W449S8VDZVV1TTHD45Y-clothes,21,tie,clothes,human,human
01KEYTFBSM2SW6JCFEYG14S97Z,01KEYZY7FDYNJJ55XDXBFC8CHP,headband,6964.0,01JS023W449S8VDZVV1TTHD45Y-clothes,22,glove,clothes,human,human
01KEYTFBSM2SW6JCFEYG14S97Z,01KEYZY7FDYNJJ55XDXBFC8CHP,wristband,3254.0,01JS023W449S8VDZVV1TTHD45Y-clothes,23,glove,clothes,human,human
01KEYTFBSM2SW6JCFEYG14S97Z,01KEYZY7FDYNJJ55XDXBFC8CHP,leggings,20572.0,01JS023W449S8VDZVV1TTHD45Y-clothes,24,glove,clothes,human,human
01KEYTFBSM2SW6JCFEYG14S97Z,01KEYZY7FDYNJJ55XDXBFC8CHP,sandal,9670.0,01JS023W449S8VDZVV1TTHD45Y-clothes,25,glove,clothes,human,human
01KEYTFBSM2SW6JCFEYG14S97Z,01KEYZY7FDYNJJ55XDXBFC8CHP,slide,4831.0,01JS023W449S8VDZVV1TTHD45Y-clothes,26,slipper,clothes,human,human
01KEYTFBSM2SW6JCFEYG14S97Z,01KEYZY7FDYNJJ55XDXBFC8CHP,high heel,4201.0,01JS023W449S8VDZVV1TTHD45Y-clothes,27,sweater,clothes,human,human
01KEYTFBSM2SW6JCFEYG14S97Z,01KEYZY7FDYNJJ55XDXBFC8CHP,sneaker,5349.0,01JS023W449S8VDZVV1TTHD45Y-clothes,28,stilleto,clothes,human,human
01KEYTFBSM2SW6JCFEYG14S97Z,01KEYZY7FDYNJJ55XDXBFC8CHP,boot,3342.0,01JS023W449S8VDZVV1TTHD45Y-clothes,29,backpack,clothes,human,human
01KEYTFBSM2SW6JCFEYG14S97Z,01KEYZY7FDYNJJ55XDXBFC8CHP,chaps,9722.0,01JS023W449S8VDZVV1TTHD45Y-clothes,30,tie,clothes,human,human
01KFVAEZ8ZX1FDD1FZZTKW4P6C,01KFVAYRA2VJ54ZSNMY62M8A2T,soap,12966.0,01JRZV6APGR2Z1CJV7RQ7CB46Q-supermarket,1,,supermarket,human,human
01KFVAEZ8ZX1FDD1FZZTKW4P6C,01KFVAYRA2VJ54ZSNMY62M8A2T,sugar,8722.0,01JRZV6APGR2Z1CJV7RQ7CB46Q-supermarket,2,clean,supermarket,human,human
01KFVAEZ8ZX1FDD1FZZTKW4P6C,01KFVAYRA2VJ54ZSNMY62M8A2T,salt,4045.0,01JRZV6APGR2Z1CJV7RQ7CB46Q-supermarket,3,sand,supermarket,human,human
01KFVAEZ8ZX1FDD1FZZTKW4P6C,01KFVAYRA2VJ54ZSNMY62M8A2T,soda,2026.0,01JRZV6APGR2Z1CJV7RQ7CB46Q-supermarket,4,sand,supermarket,human,human
01KFVAEZ8ZX1FDD1FZZTKW4P6C,01KFVAYRA2VJ54ZSNMY62M8A2T,oil,7744.0,01JRZV6APGR2Z1CJV7RQ7CB46Q-supermarket,5,soil,supermarket,human,human
01KFVAEZ8ZX1FDD1FZZTKW4P6C,01KFVAYRA2VJ54ZSNMY62M8A2T,tissue,1947.0,01JRZV6APGR2Z1CJV7RQ7CB46Q-supermarket,6,ale,supermarket,human,human
01KFVAEZ8ZX1FDD1FZZTKW4P6C,01KFVAYRA2VJ54ZSNMY62M8A2T,egg,6702.0,01JRZV6APGR2Z1CJV7RQ7CB46Q-supermarket,7,water,supermarket,human,human
01KFVAEZ8ZX1FDD1FZZTKW4P6C,01KFVAYRA2VJ54ZSNMY62M8A2T,toothpaste,7664.0,01JRZV6APGR2Z1CJV7RQ7CB46Q-supermarket,8,flour,supermarket,human,human
01KFVAEZ8ZX1FDD1FZZTKW4P6C,01KFVAYRA2VJ54ZSNMY62M8A2T,chocolate,12702.0,01JRZV6APGR2Z1CJV7RQ7CB46Q-supermarket,9,soda,supermarket,human,human
01KFVAEZ8ZX1FDD1FZZTKW4P6C,01KFVAYRA2VJ54ZSNMY62M8A2T,bread,5536.0,01JRZV6APGR2Z1CJV7RQ7CB46Q-supermarket,10,cereal,supermarket,human,human
01KFVAEZ8ZX1FDD1FZZTKW4P6C,01KFVAYRA2VJ54ZSNMY62M8A2T,milk,8772.0,01JRZV6APGR2Z1CJV7RQ7CB46Q-supermarket,11,meat,supermarket,human,human
01KFVAEZ8ZX1FDD1FZZTKW4P6C,01KFVAYRA2VJ54ZSNMY62M8A2T,flour,14196.0,01JRZV6APGR2Z1CJV7RQ7CB46Q-supermarket,12,cheese,supermarket,human,human
01KFVAEZ8ZX1FDD1FZZTKW4P6C,01KFVAYRA2VJ54ZSNMY62M8A2T,crisp,17879.0,01JRZV6APGR2Z1CJV7RQ7CB46Q-supermarket,13,yogurt,supermarket,human,human
01KFVAEZ8ZX1FDD1FZZTKW4P6C,01KFVAYRA2VJ54ZSNMY62M8A2T,biscuit,6157.0,01JRZV6APGR2Z1CJV7RQ7CB46Q-supermarket,14,lotion,supermarket,human,human
01KFVAEZ8ZX1FDD1FZZTKW4P6C,01KFVAYRA2VJ54ZSNMY62M8A2T,apple,3988.0,01JRZV6APGR2Z1CJV7RQ7CB46Q-supermarket,15,tissue,supermarket,human,human
01KFVAEZ8ZX1FDD1FZZTKW4P6C,01KFVAYRA2VJ54ZSNMY62M8A2T,meat,2739.0,01JRZV6APGR2Z1CJV7RQ7CB46Q-supermarket,16,orange,supermarket,human,human
01KFVAEZ8ZX1FDD1FZZTKW4P6C,01KFVAYRA2VJ54ZSNMY62M8A2T,chicken,2607.0,01JRZV6APGR2Z1CJV7RQ7CB46Q-supermarket,17,icecream,supermarket,human,human
01KFVAEZ8ZX1FDD1FZZTKW4P6C,01KFVAYRA2VJ54ZSNMY62M8A2T,fish,5081.0,01JRZV6APGR2Z1CJV7RQ7CB46Q-supermarket,18,hamburger,supermarket,human,human
01KFVAEZ8ZX1FDD1FZZTKW4P6C,01KFVAYRA2VJ54ZSNMY62M8A2T,sausage,4148.0,01JRZV6APGR2Z1CJV7RQ7CB46Q-supermarket,19,beef,supermarket,human,human
01KFVAEZ8ZX1FDD1FZZTKW4P6C,01KFVAYRA2VJ54ZSNMY62M8A2T,perfume,17374.0,01JRZV6APGR2Z1CJV7RQ7CB46Q-supermarket,20,pork,supermarket,human,human
01KFVAEZ8ZX1FDD1FZZTKW4P6C,01KFVAYRA2VJ54ZSNMY62M8A2T,tomato sauce,11461.0,01JRZV6APGR2Z1CJV7RQ7CB46Q-supermarket,21,deodorant,supermarket,human,human
01KEYTFAMZWFPJBDZEJY9EMZGP,01KEYVW7D1RC7MRZQCKWQAXZEJ,sock,6808.0,01JRZV1479JENTNGP52K0MK94A-clothes,1,,clothes,human,human
01KEYTFAMZWFPJBDZEJY9EMZGP,01KEYVW7D1RC7MRZQCKWQAXZEJ,shoe,2901.0,01JRZV1479JENTNGP52K0MK94A-clothes,2,shoe,clothes,human,human
01KEYTFAMZWFPJBDZEJY9EMZGP,01KEYVW7D1RC7MRZQCKWQAXZEJ,t-shirt,3416.0,01JRZV1479JENTNGP52K0MK94A-clothes,3,foot,clothes,human,human
01KEYTFAMZWFPJBDZEJY9EMZGP,01KEYVW7D1RC7MRZQCKWQAXZEJ,trousers,3535.0,01JRZV1479JENTNGP52K0MK94A-clothes,4,pants,clothes,human,human
01KEYTFAMZWFPJBDZEJY9EMZGP,01KEYVW7D1RC7MRZQCKWQAXZEJ,pants,3033.0,01JRZV1479JENTNGP52K0MK94A-clothes,5,jacket,clothes,human,human
01KEYTFAMZWFPJBDZEJY9EMZGP,01KEYVW7D1RC7MRZQCKWQAXZEJ,shirt,6251.0,01JRZV1479JENTNGP52K0MK94A-clothes,6,skirt,clothes,human,human
01KEYTFAMZWFPJBDZEJY9EMZGP,01KEYVW7D1RC7MRZQCKWQAXZEJ,skirt,5834.0,01JRZV1479JENTNGP52K0MK94A-clothes,7,sweater,clothes,human,human
01KEYTFAMZWFPJBDZEJY9EMZGP,01KEYVW7D1RC7MRZQCKWQAXZEJ,top,3635.0,01JRZV1479JENTNGP52K0MK94A-clothes,8,stockings,clothes,human,human
01KEYTFAMZWFPJBDZEJY9EMZGP,01KEYVW7D1RC7MRZQCKWQAXZEJ,shorts,6067.0,01JRZV1479JENTNGP52K0MK94A-clothes,9,,clothes,human,human
01KEYTFAMZWFPJBDZEJY9EMZGP,01KEYVW7D1RC7MRZQCKWQAXZEJ,blouse,11634.0,01JRZV1479JENTNGP52K0MK94A-clothes,10,sneakers,clothes,human,human
01KEYTFAMZWFPJBDZEJY9EMZGP,01KEYVW7D1RC7MRZQCKWQAXZEJ,coat,2667.0,01JRZV1479JENTNGP52K0MK94A-clothes,11,pyjamas,clothes,human,human
01KEYTFAMZWFPJBDZEJY9EMZGP,01KEYVW7D1RC7MRZQCKWQAXZEJ,jacket,3256.0,01JRZV1479JENTNGP52K0MK94A-clothes,12,jat,clothes,human,human
01KEYTFAMZWFPJBDZEJY9EMZGP,01KEYVW7D1RC7MRZQCKWQAXZEJ,blazer,6528.0,01JRZV1479JENTNGP52K0MK94A-clothes,13,hat,clothes,human,human
01KEYTFAMZWFPJBDZEJY9EMZGP,01KEYVW7D1RC7MRZQCKWQAXZEJ,belt,6168.0,01JRZV1479JENTNGP52K0MK94A-clothes,14,tunic,clothes,human,human
01KEYTFAMZWFPJBDZEJY9EMZGP,01KEYVW7D1RC7MRZQCKWQAXZEJ,sash,4159.0,01JRZV1479JENTNGP52K0MK94A-clothes,15,pants,clothes,human,human
01KEYTFAMZWFPJBDZEJY9EMZGP,01KEYVW7D1RC7MRZQCKWQAXZEJ,jeans,12569.0,01JRZV1479JENTNGP52K0MK94A-clothes,16,jose,clothes,human,human
01KEYTFAMZWFPJBDZEJY9EMZGP,01KEYVW7D1RC7MRZQCKWQAXZEJ,leggings,7184.0,01JRZV1479JENTNGP52K0MK94A-clothes,17,boota,clothes,human,human
01KEYTFAMZWFPJBDZEJY9EMZGP,01KEYVW7D1RC7MRZQCKWQAXZEJ,bralette,9187.0,01JRZV1479JENTNGP52K0MK94A-clothes,18,tights,clothes,human,human
01KEYTFAMZWFPJBDZEJY9EMZGP,01KEYVW7D1RC7MRZQCKWQAXZEJ,jeggings,5503.0,01JRZV1479JENTNGP52K0MK94A-clothes,19,tube,clothes,human,human
01KEYTFAMZWFPJBDZEJY9EMZGP,01KEYVW7D1RC7MRZQCKWQAXZEJ,dress,11596.0,01JRZV1479JENTNGP52K0MK94A-clothes,20,tights,clothes,human,human
01KEYTFAMZWFPJBDZEJY9EMZGP,01KEYVW7D1RC7MRZQCKWQAXZEJ,vest,10714.0,01JRZV1479JENTNGP52K0MK94A-clothes,21,tunic,clothes,human,human
01KEYTFAMZWFPJBDZEJY9EMZGP,01KEYVW7D1RC7MRZQCKWQAXZEJ,pinafore,10673.0,01JRZV1479JENTNGP52K0MK94A-clothes,22,sweater,clothes,human,human
01KEYTFAMZWFPJBDZEJY9EMZGP,01KEYVW7D1RC7MRZQCKWQAXZEJ,skort,6830.0,01JRZV1479JENTNGP52K0MK94A-clothes,23,petticoat,clothes,human,human
01KEYTFAMZWFPJBDZEJY9EMZGP,01KEYVW7D1RC7MRZQCKWQAXZEJ,sweatpants,16128.0,01JRZV1479JENTNGP52K0MK94A-clothes,24,culotte,clothes,human,human
01KEYTFAMZWFPJBDZEJY9EMZGP,01KEYVW7D1RC7MRZQCKWQAXZEJ,joggers,11382.0,01JRZV1479JENTNGP52K0MK94A-clothes,25,sneakers,clothes,human,human
01KFVAG2V8PJ0QY9KS6E176BWZ,01KFVC2RWMV2HHTG63TPCJDVGK,dog,4343.0,01JRZV6NY3FP07MPKF3JPHW3P2-animals,1,,animals,human,human
01KFVAG2V8PJ0QY9KS6E176BWZ,01KFVC2RWMV2HHTG63TPCJDVGK,cat,1414.0,01JRZV6NY3FP07MPKF3JPHW3P2-animals,2,collar,animals,human,human
01KFVAG2V8PJ0QY9KS6E176BWZ,01KFVC2RWMV2HHTG63TPCJDVGK,fox,2285.0,01JRZV6NY3FP07MPKF3JPHW3P2-animals,3,bird,animals,human,human
01KFVAG2V8PJ0QY9KS6E176BWZ,01KFVC2RWMV2HHTG63TPCJDVGK,kangaroo,5795.0,01JRZV6NY3FP07MPKF3JPHW3P2-animals,4,bird,animals,human,human
01KFVAG2V8PJ0QY9KS6E176BWZ,01KFVC2RWMV2HHTG63TPCJDVGK,lion,4595.0,01JRZV6NY3FP07MPKF3JPHW3P2-animals,5,platypus,animals,human,human
01KFVAG2V8PJ0QY9KS6E176BWZ,01KFVC2RWMV2HHTG63TPCJDVGK,giraffe,2234.0,01JRZV6NY3FP07MPKF3JPHW3P2-animals,6,tiger,animals,human,human
01KFVAG2V8PJ0QY9KS6E176BWZ,01KFVC2RWMV2HHTG63TPCJDVGK,leopard,8256.0,01JRZV6NY3FP07MPKF3JPHW3P2-animals,7,elephant,animals,human,human
01KFVAG2V8PJ0QY9KS6E176BWZ,01KFVC2RWMV2HHTG63TPCJDVGK,koala,2589.0,01JRZV6NY3FP07MPKF3JPHW3P2-animals,8,cheetah,animals,human,human
01KFVAG2V8PJ0QY9KS6E176BWZ,01KFVC2RWMV2HHTG63TPCJDVGK,bird,5411.0,01JRZV6NY3FP07MPKF3JPHW3P2-animals,9,wombat,animals,human,human
01KFVAG2V8PJ0QY9KS6E176BWZ,01KFVC2RWMV2HHTG63TPCJDVGK,goat,6746.0,01JRZV6NY3FP07MPKF3JPHW3P2-animals,10,snake,animals,human,human
01KFVAG2V8PJ0QY9KS6E176BWZ,01KFVC2RWMV2HHTG63TPCJDVGK,horse,3320.0,01JRZV6NY3FP07MPKF3JPHW3P2-animals,11,cow,animals,human,human
01KFVAG2V8PJ0QY9KS6E176BWZ,01KFVC2RWMV2HHTG63TPCJDVGK,zebra,1821.0,01JRZV6NY3FP07MPKF3JPHW3P2-animals,12,donkey,animals,human,human
01KFVAG2V8PJ0QY9KS6E176BWZ,01KFVC2RWMV2HHTG63TPCJDVGK,monkey,6207.0,01JRZV6NY3FP07MPKF3JPHW3P2-animals,13,camel,animals,human,human
01KFVAG2V8PJ0QY9KS6E176BWZ,01KFVC2RWMV2HHTG63TPCJDVGK,rabbit,12189.0,01JRZV6NY3FP07MPKF3JPHW3P2-animals,14,cheetah,animals,human,human
01KFVAG2V8PJ0QY9KS6E176BWZ,01KFVC2RWMV2HHTG63TPCJDVGK,hamster,1603.0,01JRZV6NY3FP07MPKF3JPHW3P2-animals,15,deer,animals,human,human
01KFVAG2V8PJ0QY9KS6E176BWZ,01KFVC2RWMV2HHTG63TPCJDVGK,rat,1473.0,01JRZV6NY3FP07MPKF3JPHW3P2-animals,16,mouse,animals,human,human
01KFVAG2V8PJ0QY9KS6E176BWZ,01KFVC2RWMV2HHTG63TPCJDVGK,pig,11913.0,01JRZV6NY3FP07MPKF3JPHW3P2-animals,17,mouse,animals,human,human
01KFVAG2V8PJ0QY9KS6E176BWZ,01KFVC2RWMV2HHTG63TPCJDVGK,lamb,6810.0,01JRZV6NY3FP07MPKF3JPHW3P2-animals,18,cow,animals,human,human
01KFVAG2V8PJ0QY9KS6E176BWZ,01KFVC2RWMV2HHTG63TPCJDVGK,bear,7889.0,01JRZV6NY3FP07MPKF3JPHW3P2-animals,19,sheep,animals,human,human
01KFVAG2V8PJ0QY9KS6E176BWZ,01KFVC2RWMV2HHTG63TPCJDVGK,chicken,5535.0,01JRZV6NY3FP07MPKF3JPHW3P2-animals,20,chicken,animals,human,human
01KFVAG2V8PJ0QY9KS6E176BWZ,01KFVC2RWMV2HHTG63TPCJDVGK,rooster,2087.0,01JRZV6NY3FP07MPKF3JPHW3P2-animals,21,hen,animals,human,human
01KFVAG2V8PJ0QY9KS6E176BWZ,01KFVC2RWMV2HHTG63TPCJDVGK,cockerel,12760.0,01JRZV6NY3FP07MPKF3JPHW3P2-animals,22,turkey,animals,human,human
01KFVAG2V8PJ0QY9KS6E176BWZ,01KFVC2RWMV2HHTG63TPCJDVGK,polar bear,4700.0,01JRZV6NY3FP07MPKF3JPHW3P2-animals,23,turkey,animals,human,human
01KFVAG2V8PJ0QY9KS6E176BWZ,01KFVC2RWMV2HHTG63TPCJDVGK,grizzly bear,3240.0,01JRZV6NY3FP07MPKF3JPHW3P2-animals,24,grizzlybear,animals,human,human
01KFVAG2V8PJ0QY9KS6E176BWZ,01KFVC2RWMV2HHTG63TPCJDVGK,elephant,25642.0,01JRZV6NY3FP07MPKF3JPHW3P2-animals,25,mountainlion,animals,human,human
01KFVAG2V8PJ0QY9KS6E176BWZ,01KFVC2RWMV2HHTG63TPCJDVGK,cheetah,10992.0,01JRZV6NY3FP07MPKF3JPHW3P2-animals,26,tiger,animals,human,human
01KEYTFBSKCVDS2QAXRBQKWHQH,01KEYZR1FRXJS09BJJN4PN6VPE,shirt,2789.0,01K0Q6Y62VMNQA32X7HZPVWD2P-clothes,1,,clothes,human,human
01KEYTFBSKCVDS2QAXRBQKWHQH,01KEYZR1FRXJS09BJJN4PN6VPE,pants,1820.0,01K0Q6Y62VMNQA32X7HZPVWD2P-clothes,2,pants,clothes,human,human
01KEYTFBSKCVDS2QAXRBQKWHQH,01KEYZR1FRXJS09BJJN4PN6VPE,sock,1248.0,01K0Q6Y62VMNQA32X7HZPVWD2P-clothes,3,shoe,clothes,human,human
01KEYTFBSKCVDS2QAXRBQKWHQH,01KEYZR1FRXJS09BJJN4PN6VPE,hat,2166.0,01K0Q6Y62VMNQA32X7HZPVWD2P-clothes,4,shoe,clothes,human,human
01KEYTFBSKCVDS2QAXRBQKWHQH,01KEYZR1FRXJS09BJJN4PN6VPE,dress,4539.0,01K0Q6Y62VMNQA32X7HZPVWD2P-clothes,5,scarf,clothes,human,human
01KEYTFBSKCVDS2QAXRBQKWHQH,01KEYZR1FRXJS09BJJN4PN6VPE,shorts,2678.0,01K0Q6Y62VMNQA32X7HZPVWD2P-clothes,6,necklace,clothes,human,human
01KEYTFBSKCVDS2QAXRBQKWHQH,01KEYZR1FRXJS09BJJN4PN6VPE,boxers,5532.0,01K0Q6Y62VMNQA32X7HZPVWD2P-clothes,7,tall,clothes,human,human
01KEYTFBSKCVDS2QAXRBQKWHQH,01KEYZR1FRXJS09BJJN4PN6VPE,underwear,2433.0,01K0Q6Y62VMNQA32X7HZPVWD2P-clothes,8,ring,clothes,human,human
01KEYTFBSKCVDS2QAXRBQKWHQH,01KEYZR1FRXJS09BJJN4PN6VPE,panties,1839.0,01K0Q6Y62VMNQA32X7HZPVWD2P-clothes,9,socks,clothes,human,human
01KEYTFBSKCVDS2QAXRBQKWHQH,01KEYZR1FRXJS09BJJN4PN6VPE,stocking,2769.0,01K0Q6Y62VMNQA32X7HZPVWD2P-clothes,10,hose,clothes,human,human
01KEYTFBSKCVDS2QAXRBQKWHQH,01KEYZR1FRXJS09BJJN4PN6VPE,blouse,2922.0,01K0Q6Y62VMNQA32X7HZPVWD2P-clothes,11,tights,clothes,human,human
01KEYTFBSKCVDS2QAXRBQKWHQH,01KEYZR1FRXJS09BJJN4PN6VPE,jacket,1556.0,01K0Q6Y62VMNQA32X7HZPVWD2P-clothes,12,skirt,clothes,human,human
01KEYTFBSKCVDS2QAXRBQKWHQH,01KEYZR1FRXJS09BJJN4PN6VPE,glove,3810.0,01K0Q6Y62VMNQA32X7HZPVWD2P-clothes,13,coat,clothes,human,human
01KEYTFBSKCVDS2QAXRBQKWHQH,01KEYZR1FRXJS09BJJN4PN6VPE,coat,2660.0,01K0Q6Y62VMNQA32X7HZPVWD2P-clothes,14,mitten,clothes,human,human
01KEYTFBSKCVDS2QAXRBQKWHQH,01KEYZR1FRXJS09BJJN4PN6VPE,belt,7816.0,01K0Q6Y62VMNQA32X7HZPVWD2P-clothes,15,jacket,clothes,human,human
01KEYTFBSKCVDS2QAXRBQKWHQH,01KEYZR1FRXJS09BJJN4PN6VPE,spandex,8646.0,01K0Q6Y62VMNQA32X7HZPVWD2P-clothes,16,braces,clothes,human,human
01KEYTFBSKCVDS2QAXRBQKWHQH,01KEYZR1FRXJS09BJJN4PN6VPE,scarf,8443.0,01K0Q6Y62VMNQA32X7HZPVWD2P-clothes,17,lycra,clothes,human,human
01KEYTFBSKCVDS2QAXRBQKWHQH,01KEYZR1FRXJS09BJJN4PN6VPE,t-shirt,8329.0,01K0Q6Y62VMNQA32X7HZPVWD2P-clothes,18,jacket,clothes,human,human
01KEYTFBSKCVDS2QAXRBQKWHQH,01KEYZR1FRXJS09BJJN4PN6VPE,dress shirt,2684.0,01K0Q6Y62VMNQA32X7HZPVWD2P-clothes,19,jacket,clothes,human,human
01KEYTFBSKCVDS2QAXRBQKWHQH,01KEYZR1FRXJS09BJJN4PN6VPE,khaki,8849.0,01K0Q6Y62VMNQA32X7HZPVWD2P-clothes,20,skirt,clothes,human,human
01KEYTFBSKCVDS2QAXRBQKWHQH,01KEYZR1FRXJS09BJJN4PN6VPE,leg warmer,6384.0,01K0Q6Y62VMNQA32X7HZPVWD2P-clothes,21,green,clothes,human,human
01KEYTFBSKCVDS2QAXRBQKWHQH,01KEYZR1FRXJS09BJJN4PN6VPE,turtleneck,11703.0,01K0Q6Y62VMNQA32X7HZPVWD2P-clothes,22,mitten,clothes,human,human
01KEYTFBSKCVDS2QAXRBQKWHQH,01KEYZR1FRXJS09BJJN4PN6VPE,windbreaker,40445.0,01K0Q6Y62VMNQA32X7HZPVWD2P-clothes,23,jumper,clothes,human,human
01KEYTFBSKCVDS2QAXRBQKWHQH,01KEYZR1FRXJS09BJJN4PN6VPE,sweater,18550.0,01K0Q6Y62VMNQA32X7HZPVWD2P-clothes,24,jacket,clothes,human,human
01KEYTFBSKCVDS2QAXRBQKWHQH,01KEYZR1FRXJS09BJJN4PN6VPE,sweatshirt,11680.0,01K0Q6Y62VMNQA32X7HZPVWD2P-clothes,25,jumper,clothes,human,human
01KEYTFBSKCVDS2QAXRBQKWHQH,01KEYZR1FRXJS09BJJN4PN6VPE,sweatpants,2736.0,01K0Q6Y62VMNQA32X7HZPVWD2P-clothes,26,jumper,clothes,human,human
01KFVAEZ8S9R19QE34Q2MNWSE9,01KFVASFF11VAP9EVDDPGV2WNW,shirt,5584.0,01JRZVQDBYC12WH6QK6KG8CQD1-clothes,1,,clothes,human,human
01KFVAEZ8S9R19QE34Q2MNWSE9,01KFVASFF11VAP9EVDDPGV2WNW,tie,2588.0,01JRZVQDBYC12WH6QK6KG8CQD1-clothes,2,pants,clothes,human,human
01KFVAEZ8S9R19QE34Q2MNWSE9,01KFVASFF11VAP9EVDDPGV2WNW,pants,3663.0,01JRZVQDBYC12WH6QK6KG8CQD1-clothes,3,pants,clothes,human,human
01KFVAEZ8S9R19QE34Q2MNWSE9,01KFVASFF11VAP9EVDDPGV2WNW,shorts,4741.0,01JRZVQDBYC12WH6QK6KG8CQD1-clothes,4,shoe,clothes,human,human
01KFVAEZ8S9R19QE34Q2MNWSE9,01KFVASFF11VAP9EVDDPGV2WNW,jacket,3787.0,01JRZVQDBYC12WH6QK6KG8CQD1-clothes,5,shoe,clothes,human,human
01KFVAEZ8S9R19QE34Q2MNWSE9,01KFVASFF11VAP9EVDDPGV2WNW,vest,3398.0,01JRZVQDBYC12WH6QK6KG8CQD1-clothes,6,mitten,clothes,human,human
01KFVAEZ8S9R19QE34Q2MNWSE9,01KFVASFF11VAP9EVDDPGV2WNW,sock,7695.0,01JRZVQDBYC12WH6QK6KG8CQD1-clothes,7,scarf,clothes,human,human
01KFVAEZ8S9R19QE34Q2MNWSE9,01KFVASFF11VAP9EVDDPGV2WNW,shoe,4596.0,01JRZVQDBYC12WH6QK6KG8CQD1-clothes,8,shoe,clothes,human,human
01KFVAEZ8S9R19QE34Q2MNWSE9,01KFVASFF11VAP9EVDDPGV2WNW,boot,4851.0,01JRZVQDBYC12WH6QK6KG8CQD1-clothes,9,heel,clothes,human,human
01KFVAEZ8S9R19QE34Q2MNWSE9,01KFVASFF11VAP9EVDDPGV2WNW,underwear,7469.0,01JRZVQDBYC12WH6QK6KG8CQD1-clothes,10,sneaker,clothes,human,human
01KFVAEZ8S9R19QE34Q2MNWSE9,01KFVASFF11VAP9EVDDPGV2WNW,belt,7938.0,01JRZVQDBYC12WH6QK6KG8CQD1-clothes,11,bra,clothes,human,human
01KFVAEZ8S9R19QE34Q2MNWSE9,01KFVASFF11VAP9EVDDPGV2WNW,glove,4903.0,01JRZVQDBYC12WH6QK6KG8CQD1-clothes,12,glove,clothes,human,human
01KFVAEZ8S9R19QE34Q2MNWSE9,01KFVASFF11VAP9EVDDPGV2WNW,hat,9947.0,01JRZVQDBYC12WH6QK6KG8CQD1-clothes,13,mitten,clothes,human,human
01KFVAEZ8S9R19QE34Q2MNWSE9,01KFVASFF11VAP9EVDDPGV2WNW,lingerie,7407.0,01JRZVQDBYC12WH6QK6KG8CQD1-clothes,14,scarf,clothes,human,human
01KFVAEZ8S9R19QE34Q2MNWSE9,01KFVASFF11VAP9EVDDPGV2WNW,bra,7072.0,01JRZVQDBYC12WH6QK6KG8CQD1-clothes,15,nightgown,clothes,human,human
01KFVAEZ8S9R19QE34Q2MNWSE9,01KFVASFF11VAP9EVDDPGV2WNW,flannel,48189.0,01JRZVQDBYC12WH6QK6KG8CQD1-clothes,16,underwear,clothes,human,human
01KFVAEZ8S9R19QE34Q2MNWSE9,01KFVASFF11VAP9EVDDPGV2WNW,undershirt,5744.0,01JRZVQDBYC12WH6QK6KG8CQD1-clothes,17,sweater,clothes,human,human
01KFVAEZ8S9R19QE34Q2MNWSE9,01KFVASFF11VAP9EVDDPGV2WNW,boxer,7667.0,01JRZVQDBYC12WH6QK6KG8CQD1-clothes,18,longjohn,clothes,human,human
01KFVAEZ8S9R19QE34Q2MNWSE9,01KFVASFF11VAP9EVDDPGV2WNW,panty,13366.0,01JRZVQDBYC12WH6QK6KG8CQD1-clothes,19,brief,clothes,human,human
01KFVAEZ8S9R19QE34Q2MNWSE9,01KFVASFF11VAP9EVDDPGV2WNW,handkerchief,11988.0,01JRZVQDBYC12WH6QK6KG8CQD1-clothes,20,brief,clothes,human,human
01KEYTFAMZWFPJBDZEK9DGS3JW,01KEYTRZKAHGXZT41YC1A8F7YJ,dress,13242.0,01JRZV0B4SEM67S8GTXT3X71NK-clothes,1,,clothes,human,human
01KEYTFAMZWFPJBDZEK9DGS3JW,01KEYTRZKAHGXZT41YC1A8F7YJ,shirt,4648.0,01JRZV0B4SEM67S8GTXT3X71NK-clothes,2,shoe,clothes,human,human
01KEYTFAMZWFPJBDZEK9DGS3JW,01KEYTRZKAHGXZT41YC1A8F7YJ,nike shoe,10404.0,01JRZV0B4SEM67S8GTXT3X71NK-clothes,3,pants,clothes,human,human
01KEYTFAMZWFPJBDZEK9DGS3JW,01KEYTRZKAHGXZT41YC1A8F7YJ,van,2780.0,01JRZV0B4SEM67S8GTXT3X71NK-clothes,4,socks,clothes,human,human
01KEYTFAMZWFPJBDZEK9DGS3JW,01KEYTRZKAHGXZT41YC1A8F7YJ,sweater,8937.0,01JRZV0B4SEM67S8GTXT3X71NK-clothes,5,they’re,clothes,human,human
01KEYTFAMZWFPJBDZEK9DGS3JW,01KEYTRZKAHGXZT41YC1A8F7YJ,scarf,11941.0,01JRZV0B4SEM67S8GTXT3X71NK-clothes,6,jumper,clothes,human,human
01KEYTFAMZWFPJBDZEK9DGS3JW,01KEYTRZKAHGXZT41YC1A8F7YJ,coat,2576.0,01JRZV0B4SEM67S8GTXT3X71NK-clothes,7,cap,clothes,human,human
01KEYTFAMZWFPJBDZEK9DGS3JW,01KEYTRZKAHGXZT41YC1A8F7YJ,jacket,10568.0,01JRZV0B4SEM67S8GTXT3X71NK-clothes,8,jacket,clothes,human,human
01KEYTFAMZWFPJBDZEK9DGS3JW,01KEYTRZKAHGXZT41YC1A8F7YJ,denim jacket,6319.0,01JRZV0B4SEM67S8GTXT3X71NK-clothes,9,jumper,clothes,human,human
01KEYTFAMZWFPJBDZEK9DGS3JW,01KEYTRZKAHGXZT41YC1A8F7YJ,pants,12118.0,01JRZV0B4SEM67S8GTXT3X71NK-clothes,10,jeans,clothes,human,human
01KEYTFAMZWFPJBDZEK9DGS3JW,01KEYTRZKAHGXZT41YC1A8F7YJ,singlet,7830.0,01JRZV0B4SEM67S8GTXT3X71NK-clothes,11,trousers,clothes,human,human
01KEYTFAMZWFPJBDZEK9DGS3JW,01KEYTRZKAHGXZT41YC1A8F7YJ,croc,9761.0,01JRZV0B4SEM67S8GTXT3X71NK-clothes,12,top,clothes,human,human
01KEYTFAMZWFPJBDZEK9DGS3JW,01KEYTRZKAHGXZT41YC1A8F7YJ,earring,45217.0,01JRZV0B4SEM67S8GTXT3X71NK-clothes,13,sneakers,clothes,human,human
01KEYTFAMZWFPJBDZEK9DGS3JW,01KEYTRZKAHGXZT41YC1A8F7YJ,bra,7807.0,01JRZV0B4SEM67S8GTXT3X71NK-clothes,14,bracelet,clothes,human,human
01KEYTFAMZWFPJBDZEK9DGS3JW,01KEYTRZKAHGXZT41YC1A8F7YJ,boxers,8322.0,01JRZV0B4SEM67S8GTXT3X71NK-clothes,15,pants,clothes,human,human
01KEYTFAMZWFPJBDZEK9DGS3JW,01KEYTRZKAHGXZT41YC1A8F7YJ,trunk,2809.0,01JRZV0B4SEM67S8GTXT3X71NK-clothes,16,briefs,clothes,human,human
01KFVAG2TZTPP33ARARWBDNMJ5,01KFVCGYEAS68PW8YHR6FQKQSE,dog,6038.0,01JRZTVYQ9BYTS2A4K40EER079-animals,1,,animals,human,human
01KFVAG2TZTPP33ARARWBDNMJ5,01KFVCGYEAS68PW8YHR6FQKQSE,cat,1498.0,01JRZTVYQ9BYTS2A4K40EER079-animals,2,cat,animals,human,human
01KFVAG2TZTPP33ARARWBDNMJ5,01KFVCGYEAS68PW8YHR6FQKQSE,bear,1568.0,01JRZTVYQ9BYTS2A4K40EER079-animals,3,kitten,animals,human,human
01KFVAG2TZTPP33ARARWBDNMJ5,01KFVCGYEAS68PW8YHR6FQKQSE,turkey,2513.0,01JRZTVYQ9BYTS2A4K40EER079-animals,4,teeth,animals,human,human
01KFVAG2TZTPP33ARARWBDNMJ5,01KFVCGYEAS68PW8YHR6FQKQSE,squirrel,10445.0,01JRZTVYQ9BYTS2A4K40EER079-animals,5,christmas,animals,human,human
01KFVAG2TZTPP33ARARWBDNMJ5,01KFVCGYEAS68PW8YHR6FQKQSE,monkey,2737.0,01JRZTVYQ9BYTS2A4K40EER079-animals,6,tree,animals,human,human
01KFVAG2TZTPP33ARARWBDNMJ5,01KFVCGYEAS68PW8YHR6FQKQSE,lion,1786.0,01JRZTVYQ9BYTS2A4K40EER079-animals,7,jungle,animals,human,human
01KFVAG2TZTPP33ARARWBDNMJ5,01KFVCGYEAS68PW8YHR6FQKQSE,tiger,2430.0,01JRZTVYQ9BYTS2A4K40EER079-animals,8,tiger,animals,human,human
01KFVAG2TZTPP33ARARWBDNMJ5,01KFVCGYEAS68PW8YHR6FQKQSE,bird,8326.0,01JRZTVYQ9BYTS2A4K40EER079-animals,9,elephant,animals,human,human
01KFVAG2TZTPP33ARARWBDNMJ5,01KFVCGYEAS68PW8YHR6FQKQSE,eagle,2397.0,01JRZTVYQ9BYTS2A4K40EER079-animals,10,fly,animals,human,human
01KFVAG2TZTPP33ARARWBDNMJ5,01KFVCGYEAS68PW8YHR6FQKQSE,falcon,5165.0,01JRZTVYQ9BYTS2A4K40EER079-animals,11,nest,animals,human,human
01KFVAG2TZTPP33ARARWBDNMJ5,01KFVCGYEAS68PW8YHR6FQKQSE,salmon,4847.0,01JRZTVYQ9BYTS2A4K40EER079-animals,12,sparrow,animals,human,human
01KFVAG2TZTPP33ARARWBDNMJ5,01KFVCGYEAS68PW8YHR6FQKQSE,raccoon,5737.0,01JRZTVYQ9BYTS2A4K40EER079-animals,13,fish,animals,human,human
01KFVAG2TZTPP33ARARWBDNMJ5,01KFVCGYEAS68PW8YHR6FQKQSE,elephant,6314.0,01JRZTVYQ9BYTS2A4K40EER079-animals,14,stripes,animals,human,human
01KFVAG2TZTPP33ARARWBDNMJ5,01KFVCGYEAS68PW8YHR6FQKQSE,giraffe,4431.0,01JRZTVYQ9BYTS2A4K40EER079-animals,15,trunk,animals,human,human
01KFVAG2TZTPP33ARARWBDNMJ5,01KFVCGYEAS68PW8YHR6FQKQSE,rhino,5745.0,01JRZTVYQ9BYTS2A4K40EER079-animals,16,neck,animals,human,human
01KFVAG2TZTPP33ARARWBDNMJ5,01KFVCGYEAS68PW8YHR6FQKQSE,liger,5574.0,01JRZTVYQ9BYTS2A4K40EER079-animals,17,hippo,animals,human,human
01KFVAG2TZTPP33ARARWBDNMJ5,01KFVCGYEAS68PW8YHR6FQKQSE,hamster,6974.0,01JRZTVYQ9BYTS2A4K40EER079-animals,18,lion,animals,human,human
01KFVAG2TZTPP33ARARWBDNMJ5,01KFVCGYEAS68PW8YHR6FQKQSE,ferret,5605.0,01JRZTVYQ9BYTS2A4K40EER079-animals,19,gerbil,animals,human,human
01KFVAG2TZTPP33ARARWBDNMJ5,01KFVCGYEAS68PW8YHR6FQKQSE,baboon,6505.0,01JRZTVYQ9BYTS2A4K40EER079-animals,20,gerbil,animals,human,human
01KFVAG2TZTPP33ARARWBDNMJ5,01KFVCGYEAS68PW8YHR6FQKQSE,jaguar,5933.0,01JRZTVYQ9BYTS2A4K40EER079-animals,21,monkey,animals,human,human
01KFVAG2TZTPP33ARARWBDNMJ5,01KFVCGYEAS68PW8YHR6FQKQSE,pelican,15593.0,01JRZTVYQ9BYTS2A4K40EER079-animals,22,cougar,animals,human,human
01KFVAG2TZTPP33ARARWBDNMJ5,01KFVCGYEAS68PW8YHR6FQKQSE,grouse,6624.0,01JRZTVYQ9BYTS2A4K40EER079-animals,23,penguin,animals,human,human
01KFVAG2TZTPP33ARARWBDNMJ5,01KFVCGYEAS68PW8YHR6FQKQSE,peacock,8237.0,01JRZTVYQ9BYTS2A4K40EER079-animals,24,pheasant,animals,human,human
01KFVAG2TZTPP33ARARWBDNMJ5,01KFVCGYEAS68PW8YHR6FQKQSE,pig,8973.0,01JRZTVYQ9BYTS2A4K40EER079-animals,25,feathers,animals,human,human
01KFVAG2TZTPP33ARARWBDNMJ5,01KFVCGYEAS68PW8YHR6FQKQSE,cow,1501.0,01JRZTVYQ9BYTS2A4K40EER079-animals,26,w,animals,human,human
01KFVAG2TZTPP33ARARWBDNMJ5,01KFVCGYEAS68PW8YHR6FQKQSE,chicken,3028.0,01JRZTVYQ9BYTS2A4K40EER079-animals,27,sheep,animals,human,human
01KFVAG2TZTPP33ARARWBDNMJ5,01KFVCGYEAS68PW8YHR6FQKQSE,goat,2215.0,01JRZTVYQ9BYTS2A4K40EER079-animals,28,goose,animals,human,human
01KFVAG2TZTPP33ARARWBDNMJ5,01KFVCGYEAS68PW8YHR6FQKQSE,lamb,3717.0,01JRZTVYQ9BYTS2A4K40EER079-animals,29,lamb,animals,human,human
01KFVAG2TZTPP33ARARWBDNMJ5,01KFVCGYEAS68PW8YHR6FQKQSE,alligator,7719.0,01JRZTVYQ9BYTS2A4K40EER079-animals,30,calf,animals,human,human
01KEYTFBTHFVQ343GAZSAJYGR4,01KEYZKGQTNTXQSS6KX3H0MD7Y,top,10268.0,01JYPG6RE16ZG23V0MV5QWCQG1-clothes,1,,clothes,human,human
01KEYTFBTHFVQ343GAZSAJYGR4,01KEYZKGQTNTXQSS6KX3H0MD7Y,jeans,7292.0,01JYPG6RE16ZG23V0MV5QWCQG1-clothes,2,tanktop,clothes,human,human
01KEYTFBTHFVQ343GAZSAJYGR4,01KEYZKGQTNTXQSS6KX3H0MD7Y,shirt,4030.0,01JYPG6RE16ZG23V0MV5QWCQG1-clothes,3,jacket,clothes,human,human
01KEYTFBTHFVQ343GAZSAJYGR4,01KEYZKGQTNTXQSS6KX3H0MD7Y,skirt,3738.0,01JYPG6RE16ZG23V0MV5QWCQG1-clothes,4,shoes,clothes,human,human
01KEYTFBTHFVQ343GAZSAJYGR4,01KEYZKGQTNTXQSS6KX3H0MD7Y,pants,4788.0,01JYPG6RE16ZG23V0MV5QWCQG1-clothes,5,shoes,clothes,human,human
01KEYTFBTHFVQ343GAZSAJYGR4,01KEYZKGQTNTXQSS6KX3H0MD7Y,trousers,6960.0,01JYPG6RE16ZG23V0MV5QWCQG1-clothes,6,shorts,clothes,human,human
01KEYTFBTHFVQ343GAZSAJYGR4,01KEYZKGQTNTXQSS6KX3H0MD7Y,hoodie,11021.0,01JYPG6RE16ZG23V0MV5QWCQG1-clothes,7,shorts,clothes,human,human
01KEYTFBTHFVQ343GAZSAJYGR4,01KEYZKGQTNTXQSS6KX3H0MD7Y,head warmer,6551.0,01JYPG6RE16ZG23V0MV5QWCQG1-clothes,8,sweater,clothes,human,human
01KEYTFBTHFVQ343GAZSAJYGR4,01KEYZKGQTNTXQSS6KX3H0MD7Y,bra,5791.0,01JYPG6RE16ZG23V0MV5QWCQG1-clothes,9,earmuffs,clothes,human,human
01KEYTFBTHFVQ343GAZSAJYGR4,01KEYZKGQTNTXQSS6KX3H0MD7Y,mini,5757.0,01JYPG6RE16ZG23V0MV5QWCQG1-clothes,10,panties,clothes,human,human
01KEYTFBTHFVQ343GAZSAJYGR4,01KEYZKGQTNTXQSS6KX3H0MD7Y,sock,14587.0,01JYPG6RE16ZG23V0MV5QWCQG1-clothes,11,midi,clothes,human,human
01KEYTFBTHFVQ343GAZSAJYGR4,01KEYZKGQTNTXQSS6KX3H0MD7Y,earring,7491.0,01JYPG6RE16ZG23V0MV5QWCQG1-clothes,12,shoe,clothes,human,human
01KEYTFBTHFVQ343GAZSAJYGR4,01KEYZKGQTNTXQSS6KX3H0MD7Y,scarf,16517.0,01JYPG6RE16ZG23V0MV5QWCQG1-clothes,13,necklace,clothes,human,human
01KEYTFBTHFVQ343GAZSAJYGR4,01KEYZKGQTNTXQSS6KX3H0MD7Y,bandana,5464.0,01JYPG6RE16ZG23V0MV5QWCQG1-clothes,14,hat,clothes,human,human
01KEYTFBTHFVQ343GAZSAJYGR4,01KEYZKGQTNTXQSS6KX3H0MD7Y,jacket,8758.0,01JYPG6RE16ZG23V0MV5QWCQG1-clothes,15,shoe,clothes,human,human
01KEYTFBTHFVQ343GAZSAJYGR4,01KEYZKGQTNTXQSS6KX3H0MD7Y,suit,4025.0,01JYPG6RE16ZG23V0MV5QWCQG1-clothes,16,shoe,clothes,human,human
01KEYTFBTHFVQ343GAZSAJYGR4,01KEYZKGQTNTXQSS6KX3H0MD7Y,tie,3450.0,01JYPG6RE16ZG23V0MV5QWCQG1-clothes,17,tie,clothes,human,human
01KEYTFBTHFVQ343GAZSAJYGR4,01KEYZKGQTNTXQSS6KX3H0MD7Y,bow tie,3916.0,01JYPG6RE16ZG23V0MV5QWCQG1-clothes,18,bowtie,clothes,human,human
01KEYTFBTHFVQ343GAZSAJYGR4,01KEYZKGQTNTXQSS6KX3H0MD7Y,singlet,11317.0,01JYPG6RE16ZG23V0MV5QWCQG1-clothes,19,ascot,clothes,human,human
01KEYTFBTHFVQ343GAZSAJYGR4,01KEYZKGQTNTXQSS6KX3H0MD7Y,vest,4508.0,01JYPG6RE16ZG23V0MV5QWCQG1-clothes,20,collar,clothes,human,human
01KEYTFBTHFVQ343GAZSAJYGR4,01KEYZKGQTNTXQSS6KX3H0MD7Y,jersey,3423.0,01JYPG6RE16ZG23V0MV5QWCQG1-clothes,21,waistcoat,clothes,human,human
01KEYTFBTHFVQ343GAZSAJYGR4,01KEYZKGQTNTXQSS6KX3H0MD7Y,boxer,12732.0,01JYPG6RE16ZG23V0MV5QWCQG1-clothes,22,shoes,clothes,human,human
01KEYTFBTHFVQ343GAZSAJYGR4,01KEYZKGQTNTXQSS6KX3H0MD7Y,jogger,15521.0,01JYPG6RE16ZG23V0MV5QWCQG1-clothes,23,brief,clothes,human,human
01KFVAEZ9167475A0B8FAAWNQT,01KFVAS55RVPPKKNB1GZP7JTB0,dress,5921.0,01JRZVZSHRSYTEMFHWQ5S7MR6A-clothes,1,,clothes,human,human
01KFVAEZ9167475A0B8FAAWNQT,01KFVAS55RVPPKKNB1GZP7JTB0,trousers,5359.0,01JRZVZSHRSYTEMFHWQ5S7MR6A-clothes,2,wardrobe,clothes,human,human
01KFVAEZ9167475A0B8FAAWNQT,01KFVAS55RVPPKKNB1GZP7JTB0,shirt,8877.0,01JRZVZSHRSYTEMFHWQ5S7MR6A-clothes,3,socks,clothes,human,human
01KFVAEZ9167475A0B8FAAWNQT,01KFVAS55RVPPKKNB1GZP7JTB0,skirt,5513.0,01JRZVZSHRSYTEMFHWQ5S7MR6A-clothes,4,tie,clothes,human,human
01KFVAEZ9167475A0B8FAAWNQT,01KFVAS55RVPPKKNB1GZP7JTB0,tie,3343.0,01JRZVZSHRSYTEMFHWQ5S7MR6A-clothes,5,socks,clothes,human,human
01KFVAEZ9167475A0B8FAAWNQT,01KFVAS55RVPPKKNB1GZP7JTB0,shorts,5795.0,01JRZVZSHRSYTEMFHWQ5S7MR6A-clothes,6,suit,clothes,human,human
01KFVAEZ9167475A0B8FAAWNQT,01KFVAS55RVPPKKNB1GZP7JTB0,sock,4272.0,01JRZVZSHRSYTEMFHWQ5S7MR6A-clothes,7,tall,clothes,human,human
01KFVAEZ9167475A0B8FAAWNQT,01KFVAS55RVPPKKNB1GZP7JTB0,hat,4087.0,01JRZVZSHRSYTEMFHWQ5S7MR6A-clothes,8,shoe,clothes,human,human
01KFVAEZ9167475A0B8FAAWNQT,01KFVAS55RVPPKKNB1GZP7JTB0,beanie,5221.0,01JRZVZSHRSYTEMFHWQ5S7MR6A-clothes,9,head,clothes,human,human
01KFVAEZ9167475A0B8FAAWNQT,01KFVAS55RVPPKKNB1GZP7JTB0,coat,3956.0,01JRZVZSHRSYTEMFHWQ5S7MR6A-clothes,10,hat,clothes,human,human
01KFVAEZ9167475A0B8FAAWNQT,01KFVAS55RVPPKKNB1GZP7JTB0,vest,7867.0,01JRZVZSHRSYTEMFHWQ5S7MR6A-clothes,11,jacket,clothes,human,human
01KFVAEZ9167475A0B8FAAWNQT,01KFVAS55RVPPKKNB1GZP7JTB0,t-shirt,5148.0,01JRZVZSHRSYTEMFHWQ5S7MR6A-clothes,12,shirt,clothes,human,human
01KFVAEZ9167475A0B8FAAWNQT,01KFVAS55RVPPKKNB1GZP7JTB0,stocking,25713.0,01JRZVZSHRSYTEMFHWQ5S7MR6A-clothes,13,jumper,clothes,human,human
01KFVAEZ9167475A0B8FAAWNQT,01KFVAS55RVPPKKNB1GZP7JTB0,jacket,12678.0,01JRZVZSHRSYTEMFHWQ5S7MR6A-clothes,14,sock,clothes,human,human
01KFVAEZ9167475A0B8FAAWNQT,01KFVAS55RVPPKKNB1GZP7JTB0,pyjamas,5524.0,01JRZVZSHRSYTEMFHWQ5S7MR6A-clothes,15,tie,clothes,human,human
01KFVAEZ9167475A0B8FAAWNQT,01KFVAS55RVPPKKNB1GZP7JTB0,nightie,8002.0,01JRZVZSHRSYTEMFHWQ5S7MR6A-clothes,16,sock,clothes,human,human
01KFVAEZ9167475A0B8FAAWNQT,01KFVAS55RVPPKKNB1GZP7JTB0,gown,4872.0,01JRZVZSHRSYTEMFHWQ5S7MR6A-clothes,17,pyjama,clothes,human,human
01KFVAEZ9167475A0B8FAAWNQT,01KFVAS55RVPPKKNB1GZP7JTB0,scarf,9926.0,01JRZVZSHRSYTEMFHWQ5S7MR6A-clothes,18,dress,clothes,human,human
01KFVAEZ9167475A0B8FAAWNQT,01KFVAS55RVPPKKNB1GZP7JTB0,glove,5346.0,01JRZVZSHRSYTEMFHWQ5S7MR6A-clothes,19,tie,clothes,human,human
01KFVAEZ9167475A0B8FAAWNQT,01KFVAS55RVPPKKNB1GZP7JTB0,belt,9091.0,01JRZVZSHRSYTEMFHWQ5S7MR6A-clothes,20,ock,clothes,human,human
01KFVAEZ9167475A0B8FAAWNQT,01KFVAS55RVPPKKNB1GZP7JTB0,underwear,21420.0,01JRZVZSHRSYTEMFHWQ5S7MR6A-clothes,21,trousers,clothes,human,human
01KFVAEZ9167475A0B8FAAWNQT,01KFVAS55RVPPKKNB1GZP7JTB0,bra,7522.0,01JRZVZSHRSYTEMFHWQ5S7MR6A-clothes,22,panties,clothes,human,human
01KEYTFBSNRG77PHC251A7M8Y5,01KEZ0HEMPFD98J4K1KVMPHK9V,skirt,4729.0,01K0Q77VMVCQB4802BTH93BS6M-clothes,1,,clothes,human,human
01KEYTFBSNRG77PHC251A7M8Y5,01KEZ0HEMPFD98J4K1KVMPHK9V,dress,1993.0,01K0Q77VMVCQB4802BTH93BS6M-clothes,2,shorts,clothes,human,human
01KEYTFBSNRG77PHC251A7M8Y5,01KEZ0HEMPFD98J4K1KVMPHK9V,t-shirt,3065.0,01K0Q77VMVCQB4802BTH93BS6M-clothes,3,skirt,clothes,human,human
01KEYTFBSNRG77PHC251A7M8Y5,01KEZ0HEMPFD98J4K1KVMPHK9V,underwear,2853.0,01K0Q77VMVCQB4802BTH93BS6M-clothes,4,shorts,clothes,human,human
01KEYTFBSNRG77PHC251A7M8Y5,01KEZ0HEMPFD98J4K1KVMPHK9V,shirt,1547.0,01K0Q77VMVCQB4802BTH93BS6M-clothes,5,socks,clothes,human,human
01KEYTFBSNRG77PHC251A7M8Y5,01KEZ0HEMPFD98J4K1KVMPHK9V,trousers,2354.0,01K0Q77VMVCQB4802BTH93BS6M-clothes,6,shoes,clothes,human,human
01KEYTFBSNRG77PHC251A7M8Y5,01KEZ0HEMPFD98J4K1KVMPHK9V,swimsuit,5003.0,01K0Q77VMVCQB4802BTH93BS6M-clothes,7,blazer,clothes,human,human
01KEYTFBSNRG77PHC251A7M8Y5,01KEZ0HEMPFD98J4K1KVMPHK9V,sock,2592.0,01K0Q77VMVCQB4802BTH93BS6M-clothes,8,suit,clothes,human,human
01KEYTFBSNRG77PHC251A7M8Y5,01KEZ0HEMPFD98J4K1KVMPHK9V,shorts,10575.0,01K0Q77VMVCQB4802BTH93BS6M-clothes,9,hat,clothes,human,human
01KEYTFBSNRG77PHC251A7M8Y5,01KEZ0HEMPFD98J4K1KVMPHK9V,pants,7143.0,01K0Q77VMVCQB4802BTH93BS6M-clothes,10,shoe,clothes,human,human
01KEYTFBSNRG77PHC251A7M8Y5,01KEZ0HEMPFD98J4K1KVMPHK9V,nightie,2768.0,01K0Q77VMVCQB4802BTH93BS6M-clothes,11,jeans,clothes,human,human
01KEYTFBSNRG77PHC251A7M8Y5,01KEZ0HEMPFD98J4K1KVMPHK9V,boxers,3899.0,01K0Q77VMVCQB4802BTH93BS6M-clothes,12,pajamas,clothes,human,human
01KEYTFBSNRG77PHC251A7M8Y5,01KEZ0HEMPFD98J4K1KVMPHK9V,vest,6607.0,01K0Q77VMVCQB4802BTH93BS6M-clothes,13,briefs,clothes,human,human
01KEYTFBSNRG77PHC251A7M8Y5,01KEZ0HEMPFD98J4K1KVMPHK9V,tie,20068.0,01K0Q77VMVCQB4802BTH93BS6M-clothes,14,cardigan,clothes,human,human
01KEYTFBSNRG77PHC251A7M8Y5,01KEZ0HEMPFD98J4K1KVMPHK9V,sweater,5516.0,01K0Q77VMVCQB4802BTH93BS6M-clothes,15,bonnet,clothes,human,human
01KEYTFBSNRG77PHC251A7M8Y5,01KEZ0HEMPFD98J4K1KVMPHK9V,jumper,2348.0,01K0Q77VMVCQB4802BTH93BS6M-clothes,16,jacket,clothes,human,human
01KEYTFBSNRG77PHC251A7M8Y5,01KEZ0HEMPFD98J4K1KVMPHK9V,hat,13301.0,01K0Q77VMVCQB4802BTH93BS6M-clothes,17,leggings,clothes,human,human
01KEYTFBSNRG77PHC251A7M8Y5,01KEZ0HEMPFD98J4K1KVMPHK9V,scarf,2462.0,01K0Q77VMVCQB4802BTH93BS6M-clothes,18,robe,clothes,human,human
01KEYTFBSNRG77PHC251A7M8Y5,01KEZ0HEMPFD98J4K1KVMPHK9V,glove,2805.0,01K0Q77VMVCQB4802BTH93BS6M-clothes,19,mittens,clothes,human,human
01KEYTFBSNRG77PHC251A7M8Y5,01KEZ0HEMPFD98J4K1KVMPHK9V,coat,13130.0,01K0Q77VMVCQB4802BTH93BS6M-clothes,20,headband,clothes,human,human
01KEYTFBSNRG77PHC251A7M8Y5,01KEZ0HEMPFD98J4K1KVMPHK9V,blazer,10114.0,01K0Q77VMVCQB4802BTH93BS6M-clothes,21,sweatshirt,clothes,human,human
01KEYTFBSNRG77PHC251A7M8Y5,01KEZ0HEMPFD98J4K1KVMPHK9V,jacket,2379.0,01K0Q77VMVCQB4802BTH93BS6M-clothes,22,skort,clothes,human,human
01KEYTFBSNRG77PHC251A7M8Y5,01KEZ0HEMPFD98J4K1KVMPHK9V,boot,3906.0,01K0Q77VMVCQB4802BTH93BS6M-clothes,23,romper,clothes,human,human
01KEYTFBSNRG77PHC251A7M8Y5,01KEZ0HEMPFD98J4K1KVMPHK9V,shoe,2383.0,01K0Q77VMVCQB4802BTH93BS6M-clothes,24,cleat,clothes,human,human
01KEYTFBSNRG77PHC251A7M8Y5,01KEZ0HEMPFD98J4K1KVMPHK9V,flip flop,3632.0,01K0Q77VMVCQB4802BTH93BS6M-clothes,25,sandal,clothes,human,human
01KEYTFBSNRG77PHC251A7M8Y5,01KEZ0HEMPFD98J4K1KVMPHK9V,briefs,3929.0,01K0Q77VMVCQB4802BTH93BS6M-clothes,26,sandals,clothes,human,human
01KEYTFBSNRG77PHC251A7M8Y5,01KEZ0HEMPFD98J4K1KVMPHK9V,dungarees,14046.0,01K0Q77VMVCQB4802BTH93BS6M-clothes,27,boxers,clothes,human,human
01KEYTFBSNRG77PHC251A7M8Y5,01KEZ0HEMPFD98J4K1KVMPHK9V,leggings,16103.0,01K0Q77VMVCQB4802BTH93BS6M-clothes,28,undies,clothes,human,human
01KEYTFBSNRG77PHC251A7M8Y5,01KEZ0HEMPFD98J4K1KVMPHK9V,joggers,1862.0,01K0Q77VMVCQB4802BTH93BS6M-clothes,29,capris,clothes,human,human
01KEYTFBSNRG77PHC251A7M8Y5,01KEZ0HEMPFD98J4K1KVMPHK9V,leotard,4966.0,01K0Q77VMVCQB4802BTH93BS6M-clothes,30,socks,clothes,human,human
,01JVAFCWE6RJ4EXMZ2ZBSE91QN-supermarket,bread,5505.0,01JRZM8B5AP49HDHKE9WA4CFM3-supermarket,1,,supermarket,human,human
01JVAEPB7260HHPPFDM19JCSA7,01JVAFCWE6RJ4EXMZ2ZBSE91QN-supermarket,milk,1069.0,01JRZM8B5AP49HDHKE9WA4CFM3-supermarket,2,butter,supermarket,human,human
01JVAEPB7260HHPPFDM19JCSA7,01JVAFCWE6RJ4EXMZ2ZBSE91QN-supermarket,sugar,2383.0,01JRZM8B5AP49HDHKE9WA4CFM3-supermarket,3,coffee,supermarket,human,human
01JVAEPB7260HHPPFDM19JCSA7,01JVAFCWE6RJ4EXMZ2ZBSE91QN-supermarket,flour,3765.0,01JRZM8B5AP49HDHKE9WA4CFM3-supermarket,4,tea,supermarket,human,human
01JVAEPB7260HHPPFDM19JCSA7,01JVAFCWE6RJ4EXMZ2ZBSE91QN-supermarket,cheese,3823.0,01JRZM8B5AP49HDHKE9WA4CFM3-supermarket,5,eggs,supermarket,human,human
01JVAEPB7260HHPPFDM19JCSA7,01JVAFCWE6RJ4EXMZ2ZBSE91QN-supermarket,pastry,2836.0,01JRZM8B5AP49HDHKE9WA4CFM3-supermarket,6,butter,supermarket,human,human
01JVAEPB7260HHPPFDM19JCSA7,01JVAFCWE6RJ4EXMZ2ZBSE91QN-supermarket,pie,2173.0,01JRZM8B5AP49HDHKE9WA4CFM3-supermarket,7,eggs,supermarket,human,human
01JVAEPB7260HHPPFDM19JCSA7,01JVAFCWE6RJ4EXMZ2ZBSE91QN-supermarket,corned beef,10991.0,01JRZM8B5AP49HDHKE9WA4CFM3-supermarket,8,pizza,supermarket,human,human
01JVAEPB7260HHPPFDM19JCSA7,01JVAFCWE6RJ4EXMZ2ZBSE91QN-supermarket,bean,9651.0,01JRZM8B5AP49HDHKE9WA4CFM3-supermarket,9,oven,supermarket,human,human
01JVAEPB7260HHPPFDM19JCSA7,01JVAFCWE6RJ4EXMZ2ZBSE91QN-supermarket,honey,3588.0,01JRZM8B5AP49HDHKE9WA4CFM3-supermarket,10,rice,supermarket,human,human
01JVAEPB7260HHPPFDM19JCSA7,01JVAFCWE6RJ4EXMZ2ZBSE91QN-supermarket,cereal,2456.0,01JRZM8B5AP49HDHKE9WA4CFM3-supermarket,11,eggs,supermarket,human,human
01JVAEPB7260HHPPFDM19JCSA7,01JVAFCWE6RJ4EXMZ2ZBSE91QN-supermarket,chip,4623.0,01JRZM8B5AP49HDHKE9WA4CFM3-supermarket,12,milk,supermarket,human,human
01JVAEPB7260HHPPFDM19JCSA7,01JVAFCWE6RJ4EXMZ2ZBSE91QN-supermarket,crisp,1721.0,01JRZM8B5AP49HDHKE9WA4CFM3-supermarket,13,chocolate,supermarket,human,human
01JVAEPB7260HHPPFDM19JCSA7,01JVAFCWE6RJ4EXMZ2ZBSE91QN-supermarket,bacon,4752.0,01JRZM8B5AP49HDHKE9WA4CFM3-supermarket,14,biscuits,supermarket,human,human
01JVAEPB7260HHPPFDM19JCSA7,01JVAFCWE6RJ4EXMZ2ZBSE91QN-supermarket,ham,1131.0,01JRZM8B5AP49HDHKE9WA4CFM3-supermarket,15,eggs,supermarket,human,human
01JVAEPB7260HHPPFDM19JCSA7,01JVAFCWE6RJ4EXMZ2ZBSE91QN-supermarket,sausage,3424.0,01JRZM8B5AP49HDHKE9WA4CFM3-supermarket,16,pork,supermarket,human,human
01JVAEPB7260HHPPFDM19JCSA7,01JVAFCWE6RJ4EXMZ2ZBSE91QN-supermarket,beef,1597.0,01JRZM8B5AP49HDHKE9WA4CFM3-supermarket,17,beef,supermarket,human,human
01JVAEPB7260HHPPFDM19JCSA7,01JVAFCWE6RJ4EXMZ2ZBSE91QN-supermarket,lamb,1538.0,01JRZM8B5AP49HDHKE9WA4CFM3-supermarket,18,patty,supermarket,human,human
01JVAEPB7260HHPPFDM19JCSA7,01JVAFCWE6RJ4EXMZ2ZBSE91QN-supermarket,pork,3297.0,01JRZM8B5AP49HDHKE9WA4CFM3-supermarket,19,chicken,supermarket,human,human
01JVAEPB7260HHPPFDM19JCSA7,01JVAFCWE6RJ4EXMZ2ZBSE91QN-supermarket,turkey,5549.0,01JRZM8B5AP49HDHKE9WA4CFM3-supermarket,20,beacon,supermarket,human,human
01JVAEPB7260HHPPFDM19JCSA7,01JVAFCWE6RJ4EXMZ2ZBSE91QN-supermarket,chicken,966.0,01JRZM8B5AP49HDHKE9WA4CFM3-supermarket,21,chicken,supermarket,human,human
01JVAEPB7260HHPPFDM19JCSA7,01JVAFCWE6RJ4EXMZ2ZBSE91QN-supermarket,egg,831.0,01JRZM8B5AP49HDHKE9WA4CFM3-supermarket,22,fish,supermarket,human,human
01JVAEPB7260HHPPFDM19JCSA7,01JVAFCWE6RJ4EXMZ2ZBSE91QN-supermarket,chocolate,7301.0,01JRZM8B5AP49HDHKE9WA4CFM3-supermarket,23,omelette,supermarket,human,human
01JVAEPB7260HHPPFDM19JCSA7,01JVAFCWE6RJ4EXMZ2ZBSE91QN-supermarket,cream,1771.0,01JRZM8B5AP49HDHKE9WA4CFM3-supermarket,24,sweets,supermarket,human,human
01JVAEPB7260HHPPFDM19JCSA7,01JVAFCWE6RJ4EXMZ2ZBSE91QN-supermarket,yogurt,2384.0,01JRZM8B5AP49HDHKE9WA4CFM3-supermarket,25,cake,supermarket,human,human
01JVAEPB7260HHPPFDM19JCSA7,01JVAFCWE6RJ4EXMZ2ZBSE91QN-supermarket,salmon,14452.0,01JRZM8B5AP49HDHKE9WA4CFM3-supermarket,26,icecream,supermarket,human,human
01JVAEPB7260HHPPFDM19JCSA7,01JVAFCWE6RJ4EXMZ2ZBSE91QN-supermarket,cod,1478.0,01JRZM8B5AP49HDHKE9WA4CFM3-supermarket,27,fish,supermarket,human,human
01JVAEPB7260HHPPFDM19JCSA7,01JVAFCWE6RJ4EXMZ2ZBSE91QN-supermarket,fish finger,2997.0,01JRZM8B5AP49HDHKE9WA4CFM3-supermarket,28,hake,supermarket,human,human
01JVAEPB7260HHPPFDM19JCSA7,01JVAFCWE6RJ4EXMZ2ZBSE91QN-supermarket,haddock,3808.0,01JRZM8B5AP49HDHKE9WA4CFM3-supermarket,29,salad,supermarket,human,human
01JVAEPB7260HHPPFDM19JCSA7,01JVAFCWE6RJ4EXMZ2ZBSE91QN-supermarket,washing up liquid,8261.0,01JRZM8B5AP49HDHKE9WA4CFM3-supermarket,30,tuna,supermarket,human,human
01JVAEPB7260HHPPFDM19JCSA7,01JVAFCWE6RJ4EXMZ2ZBSE91QN-supermarket,nappy,5631.0,01JRZM8B5AP49HDHKE9WA4CFM3-supermarket,31,towels,supermarket,human,human
01JVAEPB7260HHPPFDM19JCSA7,01JVAFCWE6RJ4EXMZ2ZBSE91QN-supermarket,oil,4670.0,01JRZM8B5AP49HDHKE9WA4CFM3-supermarket,32,napkins,supermarket,human,human
01JVAEPB7260HHPPFDM19JCSA7,01JVAFCWE6RJ4EXMZ2ZBSE91QN-supermarket,tissue,4223.0,01JRZM8B5AP49HDHKE9WA4CFM3-supermarket,33,butter,supermarket,human,human
01JVAEPB7260HHPPFDM19JCSA7,01JVAFCWE6RJ4EXMZ2ZBSE91QN-supermarket,coke,2288.0,01JRZM8B5AP49HDHKE9WA4CFM3-supermarket,34,foil,supermarket,human,human
01JVAEPB7260HHPPFDM19JCSA7,01JVAFCWE6RJ4EXMZ2ZBSE91QN-supermarket,fanta,1780.0,01JRZM8B5AP49HDHKE9WA4CFM3-supermarket,35,juice,supermarket,human,human
01JVAEPB7260HHPPFDM19JCSA7,01JVAFCWE6RJ4EXMZ2ZBSE91QN-supermarket,cream soda,3957.0,01JRZM8B5AP49HDHKE9WA4CFM3-supermarket,36,orangejuice,supermarket,human,human
01JVAEPB7260HHPPFDM19JCSA7,01JVAFCWE6RJ4EXMZ2ZBSE91QN-supermarket,lemon juice,4308.0,01JRZM8B5AP49HDHKE9WA4CFM3-supermarket,37,coke,supermarket,human,human
01JVAEPB7260HHPPFDM19JCSA7,01JVAFCWE6RJ4EXMZ2ZBSE91QN-supermarket,orange,2989.0,01JRZM8B5AP49HDHKE9WA4CFM3-supermarket,38,tea,supermarket,human,human
01JVAEPB7260HHPPFDM19JCSA7,01JVAFCWE6RJ4EXMZ2ZBSE91QN-supermarket,apple,819.0,01JRZM8B5AP49HDHKE9WA4CFM3-supermarket,39,grape,supermarket,human,human
01JVAEPB7260HHPPFDM19JCSA7,01JVAFCWE6RJ4EXMZ2ZBSE91QN-supermarket,banana,6227.0,01JRZM8B5AP49HDHKE9WA4CFM3-supermarket,40,grape,supermarket,human,human
01JVAEPB7260HHPPFDM19JCSA7,01JVAFCWE6RJ4EXMZ2ZBSE91QN-supermarket,broccoli,4939.0,01JRZM8B5AP49HDHKE9WA4CFM3-supermarket,41,pineapples,supermarket,human,human
01JVAEPB7260HHPPFDM19JCSA7,01JVAFCWE6RJ4EXMZ2ZBSE91QN-supermarket,cabbage,1553.0,01JRZM8B5AP49HDHKE9WA4CFM3-supermarket,42,spinash,supermarket,human,human
01JVAEPB7260HHPPFDM19JCSA7,01JVAFCWE6RJ4EXMZ2ZBSE91QN-supermarket,carrot,3179.0,01JRZM8B5AP49HDHKE9WA4CFM3-supermarket,43,spinach,supermarket,human,human
01JVAEPB7260HHPPFDM19JCSA7,01JVAFCWE6RJ4EXMZ2ZBSE91QN-supermarket,mince,7418.0,01JRZM8B5AP49HDHKE9WA4CFM3-supermarket,44,potatoes,supermarket,human,human
01KEYTFBSVVQR27BYHD480HT3E,01KEYZY6YV4ZRT5KJT83QP7QKW,sock,6643.0,01K0Q6SN6P2FN88DVW3FHPEN8E-clothes,1,,clothes,human,human
01KEYTFBSVVQR27BYHD480HT3E,01KEYZY6YV4ZRT5KJT83QP7QKW,shirt,2664.0,01K0Q6SN6P2FN88DVW3FHPEN8E-clothes,2,shoe,clothes,human,human
01KEYTFBSVVQR27BYHD480HT3E,01KEYZY6YV4ZRT5KJT83QP7QKW,skirt,2551.0,01K0Q6SN6P2FN88DVW3FHPEN8E-clothes,3,pants,clothes,human,human
01KEYTFBSVVQR27BYHD480HT3E,01KEYZY6YV4ZRT5KJT83QP7QKW,blouse,2851.0,01K0Q6SN6P2FN88DVW3FHPEN8E-clothes,4,dress,clothes,human,human
01KEYTFBSVVQR27BYHD480HT3E,01KEYZY6YV4ZRT5KJT83QP7QKW,pants,3572.0,01K0Q6SN6P2FN88DVW3FHPEN8E-clothes,5,hat,clothes,human,human
01KEYTFBSVVQR27BYHD480HT3E,01KEYZY6YV4ZRT5KJT83QP7QKW,underwear,4103.0,01K0Q6SN6P2FN88DVW3FHPEN8E-clothes,6,shoes,clothes,human,human
01KEYTFBSVVQR27BYHD480HT3E,01KEYZY6YV4ZRT5KJT83QP7QKW,tie,3969.0,01K0Q6SN6P2FN88DVW3FHPEN8E-clothes,7,bra,clothes,human,human
01KEYTFBSVVQR27BYHD480HT3E,01KEYZY6YV4ZRT5KJT83QP7QKW,blazer,5024.0,01K0Q6SN6P2FN88DVW3FHPEN8E-clothes,8,suitjacket,clothes,human,human
01KEYTFBSVVQR27BYHD480HT3E,01KEYZY6YV4ZRT5KJT83QP7QKW,jacket,3617.0,01K0Q6SN6P2FN88DVW3FHPEN8E-clothes,9,sweater,clothes,human,human
01KEYTFBSVVQR27BYHD480HT3E,01KEYZY6YV4ZRT5KJT83QP7QKW,pajamas,5828.0,01K0Q6SN6P2FN88DVW3FHPEN8E-clothes,10,coat,clothes,human,human
01KEYTFBSVVQR27BYHD480HT3E,01KEYZY6YV4ZRT5KJT83QP7QKW,suit,37101.0,01K0Q6SN6P2FN88DVW3FHPEN8E-clothes,11,slippers,clothes,human,human
01KEYTFBSVVQR27BYHD480HT3E,01KEYZY6YV4ZRT5KJT83QP7QKW,t-shirt,7859.0,01K0Q6SN6P2FN88DVW3FHPEN8E-clothes,12,sweater,clothes,human,human
01KEYTFBSVVQR27BYHD480HT3E,01KEYZY6YV4ZRT5KJT83QP7QKW,tank top,6887.0,01K0Q6SN6P2FN88DVW3FHPEN8E-clothes,13,swimsuit,clothes,human,human
01KEYTFBSVVQR27BYHD480HT3E,01KEYZY6YV4ZRT5KJT83QP7QKW,scarf,13737.0,01K0Q6SN6P2FN88DVW3FHPEN8E-clothes,14,sweater,clothes,human,human
01KEYTFBSVVQR27BYHD480HT3E,01KEYZY6YV4ZRT5KJT83QP7QKW,shorts,32544.0,01K0Q6SN6P2FN88DVW3FHPEN8E-clothes,15,gloves,clothes,human,human
01KEYTFBSVVQR27BYHD480HT3E,01KEYZY6YV4ZRT5KJT83QP7QKW,sweater,13975.0,01K0Q6SN6P2FN88DVW3FHPEN8E-clothes,16,gloves,clothes,human,human
01KEYTFBSVVQR27BYHD480HT3E,01KEYZY6YV4ZRT5KJT83QP7QKW,sweatpants,4931.0,01K0Q6SN6P2FN88DVW3FHPEN8E-clothes,17,shoes,clothes,human,human
01KEYTFBSVVQR27BYHD480HT3E,01KEYZY6YV4ZRT5KJT83QP7QKW,sweatshirt,5251.0,01K0Q6SN6P2FN88DVW3FHPEN8E-clothes,18,swimsuit,clothes,human,human
01KEYTFBSVVQR27BYHD480HT3E,01KEYZY6YV4ZRT5KJT83QP7QKW,hoodie,3228.0,01K0Q6SN6P2FN88DVW3FHPEN8E-clothes,19,leggings,clothes,human,human
01KEYTFBSVVQR27BYHD480HT3E,01KEYZY6YV4ZRT5KJT83QP7QKW,bikini,11259.0,01K0Q6SN6P2FN88DVW3FHPEN8E-clothes,20,coat,clothes,human,human
,01JVAG0KXSA4VF5PR87KMMCMVY-clothes,t-shirt,5343.0,01JRZME5HD6ARCPV9Z5DB4RZQ7-clothes,1,,clothes,human,human
01JVAEPB60CFQW2Y0DG9SYVNJS,01JVAG0KXSA4VF5PR87KMMCMVY-clothes,blouse,2080.0,01JRZME5HD6ARCPV9Z5DB4RZQ7-clothes,2,pants,clothes,human,human
01JVAEPB60CFQW2Y0DG9SYVNJS,01JVAG0KXSA4VF5PR87KMMCMVY-clothes,top,1308.0,01JRZME5HD6ARCPV9Z5DB4RZQ7-clothes,3,skirt,clothes,human,human
01JVAEPB60CFQW2Y0DG9SYVNJS,01JVAG0KXSA4VF5PR87KMMCMVY-clothes,trousers,2697.0,01JRZME5HD6ARCPV9Z5DB4RZQ7-clothes,4,pants,clothes,human,human
01JVAEPB60CFQW2Y0DG9SYVNJS,01JVAG0KXSA4VF5PR87KMMCMVY-clothes,tie,2231.0,01JRZME5HD6ARCPV9Z5DB4RZQ7-clothes,5,skirt,clothes,human,human
01JVAEPB60CFQW2Y0DG9SYVNJS,01JVAG0KXSA4VF5PR87KMMCMVY-clothes,glove,1854.0,01JRZME5HD6ARCPV9Z5DB4RZQ7-clothes,6,suit,clothes,human,human
01JVAEPB60CFQW2Y0DG9SYVNJS,01JVAG0KXSA4VF5PR87KMMCMVY-clothes,shorts,2802.0,01JRZME5HD6ARCPV9Z5DB4RZQ7-clothes,7,hat,clothes,human,human
01JVAEPB60CFQW2Y0DG9SYVNJS,01JVAG0KXSA4VF5PR87KMMCMVY-clothes,skirt,2036.0,01JRZME5HD6ARCPV9Z5DB4RZQ7-clothes,8,shoes,clothes,human,human
01JVAEPB60CFQW2Y0DG9SYVNJS,01JVAG0KXSA4VF5PR87KMMCMVY-clothes,jumper,2411.0,01JRZME5HD6ARCPV9Z5DB4RZQ7-clothes,9,shoes,clothes,human,human
01JVAEPB60CFQW2Y0DG9SYVNJS,01JVAG0KXSA4VF5PR87KMMCMVY-clothes,cardigan,2349.0,01JRZME5HD6ARCPV9Z5DB4RZQ7-clothes,10,hat,clothes,human,human
01JVAEPB60CFQW2Y0DG9SYVNJS,01JVAG0KXSA4VF5PR87KMMCMVY-clothes,knickers,5471.0,01JRZME5HD6ARCPV9Z5DB4RZQ7-clothes,11,shoes,clothes,human,human
01JVAEPB60CFQW2Y0DG9SYVNJS,01JVAG0KXSA4VF5PR87KMMCMVY-clothes,vest,1622.0,01JRZME5HD6ARCPV9Z5DB4RZQ7-clothes,12,socks,clothes,human,human
01JVAEPB60CFQW2Y0DG9SYVNJS,01JVAG0KXSA4VF5PR87KMMCMVY-clothes,sock,1763.0,01JRZME5HD6ARCPV9Z5DB4RZQ7-clothes,13,socks,clothes,human,human
01JVAEPB60CFQW2Y0DG9SYVNJS,01JVAG0KXSA4VF5PR87KMMCMVY-clothes,tights,2296.0,01JRZME5HD6ARCPV9Z5DB4RZQ7-clothes,14,suit,clothes,human,human
01JVAEPB60CFQW2Y0DG9SYVNJS,01JVAG0KXSA4VF5PR87KMMCMVY-clothes,leggings,2389.0,01JRZME5HD6ARCPV9Z5DB4RZQ7-clothes,15,hat,clothes,human,human
01JVAEPB60CFQW2Y0DG9SYVNJS,01JVAG0KXSA4VF5PR87KMMCMVY-clothes,dress,4111.0,01JRZME5HD6ARCPV9Z5DB4RZQ7-clothes,16,hat,clothes,human,human
01JVAEPB60CFQW2Y0DG9SYVNJS,01JVAG0KXSA4VF5PR87KMMCMVY-clothes,suit,1747.0,01JRZME5HD6ARCPV9Z5DB4RZQ7-clothes,17,scarf,clothes,human,human
01JVAEPB60CFQW2Y0DG9SYVNJS,01JVAG0KXSA4VF5PR87KMMCMVY-clothes,cape,6391.0,01JRZME5HD6ARCPV9Z5DB4RZQ7-clothes,18,hat,clothes,human,human
01JVAEPB60CFQW2Y0DG9SYVNJS,01JVAG0KXSA4VF5PR87KMMCMVY-clothes,coat,3534.0,01JRZME5HD6ARCPV9Z5DB4RZQ7-clothes,19,scarf,clothes,human,human
01JVAEPB60CFQW2Y0DG9SYVNJS,01JVAG0KXSA4VF5PR87KMMCMVY-clothes,jacket,2328.0,01JRZME5HD6ARCPV9Z5DB4RZQ7-clothes,20,hat,clothes,human,human
01JVAEPB60CFQW2Y0DG9SYVNJS,01JVAG0KXSA4VF5PR87KMMCMVY-clothes,tank top,20536.0,01JRZME5HD6ARCPV9Z5DB4RZQ7-clothes,21,scarf,clothes,human,human
01JVAEPB60CFQW2Y0DG9SYVNJS,01JVAG0KXSA4VF5PR87KMMCMVY-clothes,sweater,5854.0,01JRZME5HD6ARCPV9Z5DB4RZQ7-clothes,22,bra,clothes,human,human
01JVAEPB60CFQW2Y0DG9SYVNJS,01JVAG0KXSA4VF5PR87KMMCMVY-clothes,tracksuit,7285.0,01JRZME5HD6ARCPV9Z5DB4RZQ7-clothes,23,scarf,clothes,human,human
01JVAEPB60CFQW2Y0DG9SYVNJS,01JVAG0KXSA4VF5PR87KMMCMVY-clothes,dressing gown,7753.0,01JRZME5HD6ARCPV9Z5DB4RZQ7-clothes,24,bra,clothes,human,human
01JVAEPB60CFQW2Y0DG9SYVNJS,01JVAG0KXSA4VF5PR87KMMCMVY-clothes,pyjamas,10292.0,01JRZME5HD6ARCPV9Z5DB4RZQ7-clothes,25,hat,clothes,human,human
01JVAEPB60CFQW2Y0DG9SYVNJS,01JVAG0KXSA4VF5PR87KMMCMVY-clothes,joggers,3663.0,01JRZME5HD6ARCPV9Z5DB4RZQ7-clothes,26,scarf,clothes,human,human
01JVAEPB60CFQW2Y0DG9SYVNJS,01JVAG0KXSA4VF5PR87KMMCMVY-clothes,hat,10182.0,01JRZME5HD6ARCPV9Z5DB4RZQ7-clothes,27,hat,clothes,human,human
01JVAEPB60CFQW2Y0DG9SYVNJS,01JVAG0KXSA4VF5PR87KMMCMVY-clothes,beret,6891.0,01JRZME5HD6ARCPV9Z5DB4RZQ7-clothes,28,scarf,clothes,human,human
01JVAEPB60CFQW2Y0DG9SYVNJS,01JVAG0KXSA4VF5PR87KMMCMVY-clothes,cap,7144.0,01JRZME5HD6ARCPV9Z5DB4RZQ7-clothes,29,scarf,clothes,human,human
01JVAEPB60CFQW2Y0DG9SYVNJS,01JVAG0KXSA4VF5PR87KMMCMVY-clothes,tiara,8430.0,01JRZME5HD6ARCPV9Z5DB4RZQ7-clothes,30,scarf,clothes,human,human
01JVAEPB60CFQW2Y0DG9SYVNJS,01JVAG0KXSA4VF5PR87KMMCMVY-clothes,shirt,8220.0,01JRZME5HD6ARCPV9Z5DB4RZQ7-clothes,31,scarf,clothes,human,human
01JVAEPB60CFQW2Y0DG9SYVNJS,01JVAG0KXSA4VF5PR87KMMCMVY-clothes,waistcoat,8153.0,01JRZME5HD6ARCPV9Z5DB4RZQ7-clothes,32,scarf,clothes,human,human
01JVAEPB60CFQW2Y0DG9SYVNJS,01JVAG0KXSA4VF5PR87KMMCMVY-clothes,petticoat,4656.0,01JRZME5HD6ARCPV9Z5DB4RZQ7-clothes,33,scarf,clothes,human,human
01JVAEPB60CFQW2Y0DG9SYVNJS,01JVAG0KXSA4VF5PR87KMMCMVY-clothes,underskirt,7850.0,01JRZME5HD6ARCPV9Z5DB4RZQ7-clothes,34,scarf,clothes,human,human
01JVAEPB60CFQW2Y0DG9SYVNJS,01JVAG0KXSA4VF5PR87KMMCMVY-clothes,bikini,3759.0,01JRZME5HD6ARCPV9Z5DB4RZQ7-clothes,35,scarf,clothes,human,human
,01JVAFF3XGFSGVZD12B5D63FYV-animals,dog,3475.0,01JRZV44VFMQYSTX1F95VC95QV-animals,1,,animals,human,human
01JVAEPB5PX8G82XMDDCH4KMVE,01JVAFF3XGFSGVZD12B5D63FYV-animals,cat,854.0,01JRZV44VFMQYSTX1F95VC95QV-animals,2,cat,animals,human,human
01JVAEPB5PX8G82XMDDCH4KMVE,01JVAFF3XGFSGVZD12B5D63FYV-animals,mouse,3374.0,01JRZV44VFMQYSTX1F95VC95QV-animals,3,bird,animals,human,human
01JVAEPB5PX8G82XMDDCH4KMVE,01JVAFF3XGFSGVZD12B5D63FYV-animals,bird,1521.0,01JRZV44VFMQYSTX1F95VC95QV-animals,4,fish,animals,human,human
01JVAEPB5PX8G82XMDDCH4KMVE,01JVAFF3XGFSGVZD12B5D63FYV-animals,tiger,1106.0,01JRZV44VFMQYSTX1F95VC95QV-animals,5,horse,animals,human,human
01JVAEPB5PX8G82XMDDCH4KMVE,01JVAFF3XGFSGVZD12B5D63FYV-animals,lion,1974.0,01JRZV44VFMQYSTX1F95VC95QV-animals,6,lion,animals,human,human
01JVAEPB5PX8G82XMDDCH4KMVE,01JVAFF3XGFSGVZD12B5D63FYV-animals,elephant,3261.0,01JRZV44VFMQYSTX1F95VC95QV-animals,7,bear,animals,human,human
01JVAEPB5PX8G82XMDDCH4KMVE,01JVAFF3XGFSGVZD12B5D63FYV-animals,deer,3568.0,01JRZV44VFMQYSTX1F95VC95QV-animals,8,bear,animals,human,human
01JVAEPB5PX8G82XMDDCH4KMVE,01JVAFF3XGFSGVZD12B5D63FYV-animals,horse,1104.0,01JRZV44VFMQYSTX1F95VC95QV-animals,9,fish,animals,human,human
01JVAEPB5PX8G82XMDDCH4KMVE,01JVAFF3XGFSGVZD12B5D63FYV-animals,pony,1044.0,01JRZV44VFMQYSTX1F95VC95QV-animals,10,cow,animals,human,human
01JVAEPB5PX8G82XMDDCH4KMVE,01JVAFF3XGFSGVZD12B5D63FYV-animals,sparrow,7138.0,01JRZV44VFMQYSTX1F95VC95QV-animals,11,cow,animals,human,human
01JVAEPB5PX8G82XMDDCH4KMVE,01JVAFF3XGFSGVZD12B5D63FYV-animals,blue tit,4986.0,01JRZV44VFMQYSTX1F95VC95QV-animals,12,cow,animals,human,human
01JVAEPB5PX8G82XMDDCH4KMVE,01JVAFF3XGFSGVZD12B5D63FYV-animals,snake,4356.0,01JRZV44VFMQYSTX1F95VC95QV-animals,13,cow,animals,human,human
01JVAEPB5PX8G82XMDDCH4KMVE,01JVAFF3XGFSGVZD12B5D63FYV-animals,worm,1358.0,01JRZV44VFMQYSTX1F95VC95QV-animals,14,lizzard,animals,human,human
01JVAEPB5PX8G82XMDDCH4KMVE,01JVAFF3XGFSGVZD12B5D63FYV-animals,ant,1614.0,01JRZV44VFMQYSTX1F95VC95QV-animals,15,bird,animals,human,human
01JVAEPB5PX8G82XMDDCH4KMVE,01JVAFF3XGFSGVZD12B5D63FYV-animals,butterfly,5800.0,01JRZV44VFMQYSTX1F95VC95QV-animals,16,spider,animals,human,human
01JVAEPB5PX8G82XMDDCH4KMVE,01JVAFF3XGFSGVZD12B5D63FYV-animals,dragonfly,7392.0,01JRZV44VFMQYSTX1F95VC95QV-animals,17,moth,animals,human,human
01JVAEPB5PX8G82XMDDCH4KMVE,01JVAFF3XGFSGVZD12B5D63FYV-animals,beetle,1468.0,01JRZV44VFMQYSTX1F95VC95QV-animals,18,moth,animals,human,human
01JVAEPB5PX8G82XMDDCH4KMVE,01JVAFF3XGFSGVZD12B5D63FYV-animals,earwig,1790.0,01JRZV44VFMQYSTX1F95VC95QV-animals,19,roach,animals,human,human
01JVAEPB5PX8G82XMDDCH4KMVE,01JVAFF3XGFSGVZD12B5D63FYV-animals,slug,2070.0,01JRZV44VFMQYSTX1F95VC95QV-animals,20,roach,animals,human,human
01JVAEPB5PX8G82XMDDCH4KMVE,01JVAFF3XGFSGVZD12B5D63FYV-animals,snail,2626.0,01JRZV44VFMQYSTX1F95VC95QV-animals,21,worm,animals,human,human
01JVAEPB5PX8G82XMDDCH4KMVE,01JVAFF3XGFSGVZD12B5D63FYV-animals,jellyfish,1897.0,01JRZV44VFMQYSTX1F95VC95QV-animals,22,turtle,animals,human,human
01JVAEPB5PX8G82XMDDCH4KMVE,01JVAFF3XGFSGVZD12B5D63FYV-animals,octopus,1631.0,01JRZV44VFMQYSTX1F95VC95QV-animals,23,dolphin,animals,human,human
01JVAEPB5PX8G82XMDDCH4KMVE,01JVAFF3XGFSGVZD12B5D63FYV-animals,squid,4380.0,01JRZV44VFMQYSTX1F95VC95QV-animals,24,dolphin,animals,human,human
01JVAEPB5PX8G82XMDDCH4KMVE,01JVAFF3XGFSGVZD12B5D63FYV-animals,whale,5172.0,01JRZV44VFMQYSTX1F95VC95QV-animals,25,dolphin,animals,human,human
01JVAEPB5PX8G82XMDDCH4KMVE,01JVAFF3XGFSGVZD12B5D63FYV-animals,shark,2035.0,01JRZV44VFMQYSTX1F95VC95QV-animals,26,dolpin,animals,human,human
01JVAEPB5PX8G82XMDDCH4KMVE,01JVAFF3XGFSGVZD12B5D63FYV-animals,fish,1091.0,01JRZV44VFMQYSTX1F95VC95QV-animals,27,dolphin,animals,human,human
01JVAEPB5PX8G82XMDDCH4KMVE,01JVAFF3XGFSGVZD12B5D63FYV-animals,clownfish,5593.0,01JRZV44VFMQYSTX1F95VC95QV-animals,28,dophin,animals,human,human
01JVAEPB5PX8G82XMDDCH4KMVE,01JVAFF3XGFSGVZD12B5D63FYV-animals,hawk,4471.0,01JRZV44VFMQYSTX1F95VC95QV-animals,29,dolphin,animals,human,human
01JVAEPB5PX8G82XMDDCH4KMVE,01JVAFF3XGFSGVZD12B5D63FYV-animals,giraffe,5090.0,01JRZV44VFMQYSTX1F95VC95QV-animals,30,eagle,animals,human,human
01JVAEPB5PX8G82XMDDCH4KMVE,01JVAFF3XGFSGVZD12B5D63FYV-animals,sheep,2408.0,01JRZV44VFMQYSTX1F95VC95QV-animals,31,monkey,animals,human,human
01JVAEPB5PX8G82XMDDCH4KMVE,01JVAFF3XGFSGVZD12B5D63FYV-animals,cow,2653.0,01JRZV44VFMQYSTX1F95VC95QV-animals,32,lamb,animals,human,human
01JVAEPB5PX8G82XMDDCH4KMVE,01JVAFF3XGFSGVZD12B5D63FYV-animals,anteater,5096.0,01JRZV44VFMQYSTX1F95VC95QV-animals,33,moose,animals,human,human
01JVAEPB5PX8G82XMDDCH4KMVE,01JVAFF3XGFSGVZD12B5D63FYV-animals,owl,8054.0,01JRZV44VFMQYSTX1F95VC95QV-animals,34,moose,animals,human,human
01JVAEPB5PX8G82XMDDCH4KMVE,01JVAFF3XGFSGVZD12B5D63FYV-animals,spider,11178.0,01JRZV44VFMQYSTX1F95VC95QV-animals,35,eagle,animals,human,human
01JVAEPB5PX8G82XMDDCH4KMVE,01JVAFF3XGFSGVZD12B5D63FYV-animals,wasp,1817.0,01JRZV44VFMQYSTX1F95VC95QV-animals,36,roach,animals,human,human
01JVAEPB5PX8G82XMDDCH4KMVE,01JVAFF3XGFSGVZD12B5D63FYV-animals,bee,934.0,01JRZV44VFMQYSTX1F95VC95QV-animals,37,bee,animals,human,human
01JVAEPB5PX8G82XMDDCH4KMVE,01JVAFF3XGFSGVZD12B5D63FYV-animals,fly,1434.0,01JRZV44VFMQYSTX1F95VC95QV-animals,38,hornet,animals,human,human
01JVAEPB5PX8G82XMDDCH4KMVE,01JVAFF3XGFSGVZD12B5D63FYV-animals,rat,14184.0,01JRZV44VFMQYSTX1F95VC95QV-animals,39,eagle,animals,human,human
,01JVAFJY7KEYR7QQQCFY9FX0W2-supermarket,bean,4412.0,01JRZVAVM79EMN2RP0TP6WPYP9-supermarket,1,,supermarket,human,human
01JVAEPB75YTJGNNJ9D1XKN715,01JVAFJY7KEYR7QQQCFY9FX0W2-supermarket,bread,2631.0,01JRZVAVM79EMN2RP0TP6WPYP9-supermarket,2,carrots,supermarket,human,human
01JVAEPB75YTJGNNJ9D1XKN715,01JVAFJY7KEYR7QQQCFY9FX0W2-supermarket,milk,1655.0,01JRZVAVM79EMN2RP0TP6WPYP9-supermarket,3,buns,supermarket,human,human
01JVAEPB75YTJGNNJ9D1XKN715,01JVAFJY7KEYR7QQQCFY9FX0W2-supermarket,egg,1393.0,01JRZVAVM79EMN2RP0TP6WPYP9-supermarket,4,eggs,supermarket,human,human
01JVAEPB75YTJGNNJ9D1XKN715,01JVAFJY7KEYR7QQQCFY9FX0W2-supermarket,cereal,4266.0,01JRZVAVM79EMN2RP0TP6WPYP9-supermarket,5,steak,supermarket,human,human
01JVAEPB75YTJGNNJ9D1XKN715,01JVAFJY7KEYR7QQQCFY9FX0W2-supermarket,butter,3752.0,01JRZVAVM79EMN2RP0TP6WPYP9-supermarket,6,ketchup,supermarket,human,human
01JVAEPB75YTJGNNJ9D1XKN715,01JVAFJY7KEYR7QQQCFY9FX0W2-supermarket,margarine,3274.0,01JRZVAVM79EMN2RP0TP6WPYP9-supermarket,7,coffee,supermarket,human,human
01JVAEPB75YTJGNNJ9D1XKN715,01JVAFJY7KEYR7QQQCFY9FX0W2-supermarket,vegetable,2922.0,01JRZVAVM79EMN2RP0TP6WPYP9-supermarket,8,flour,supermarket,human,human
01JVAEPB75YTJGNNJ9D1XKN715,01JVAFJY7KEYR7QQQCFY9FX0W2-supermarket,fruit,3851.0,01JRZVAVM79EMN2RP0TP6WPYP9-supermarket,9,sugar,supermarket,human,human
01JVAEPB75YTJGNNJ9D1XKN715,01JVAFJY7KEYR7QQQCFY9FX0W2-supermarket,spice,2456.0,01JRZVAVM79EMN2RP0TP6WPYP9-supermarket,10,potatoes,supermarket,human,human
01JVAEPB75YTJGNNJ9D1XKN715,01JVAFJY7KEYR7QQQCFY9FX0W2-supermarket,drink,2451.0,01JRZVAVM79EMN2RP0TP6WPYP9-supermarket,11,salt,supermarket,human,human
01JVAEPB75YTJGNNJ9D1XKN715,01JVAFJY7KEYR7QQQCFY9FX0W2-supermarket,pop,1985.0,01JRZVAVM79EMN2RP0TP6WPYP9-supermarket,12,desserts,supermarket,human,human
01JVAEPB75YTJGNNJ9D1XKN715,01JVAFJY7KEYR7QQQCFY9FX0W2-supermarket,yoghurt,12207.0,01JRZVAVM79EMN2RP0TP6WPYP9-supermarket,13,cookies,supermarket,human,human
01JVAEPB75YTJGNNJ9D1XKN715,01JVAFJY7KEYR7QQQCFY9FX0W2-supermarket,cake,3420.0,01JRZVAVM79EMN2RP0TP6WPYP9-supermarket,14,dogfood,supermarket,human,human
01JVAEPB75YTJGNNJ9D1XKN715,01JVAFJY7KEYR7QQQCFY9FX0W2-supermarket,cheese,5395.0,01JRZVAVM79EMN2RP0TP6WPYP9-supermarket,15,petfood,supermarket,human,human
01JVAEPB75YTJGNNJ9D1XKN715,01JVAFJY7KEYR7QQQCFY9FX0W2-supermarket,ham,3209.0,01JRZVAVM79EMN2RP0TP6WPYP9-supermarket,16,coffee,supermarket,human,human
01JVAEPB75YTJGNNJ9D1XKN715,01JVAFJY7KEYR7QQQCFY9FX0W2-supermarket,meat,3321.0,01JRZVAVM79EMN2RP0TP6WPYP9-supermarket,17,tuna,supermarket,human,human
01JVAEPB75YTJGNNJ9D1XKN715,01JVAFJY7KEYR7QQQCFY9FX0W2-supermarket,steak,4186.0,01JRZVAVM79EMN2RP0TP6WPYP9-supermarket,18,chicken,supermarket,human,human
01JVAEPB75YTJGNNJ9D1XKN715,01JVAFJY7KEYR7QQQCFY9FX0W2-supermarket,tin,2516.0,01JRZVAVM79EMN2RP0TP6WPYP9-supermarket,19,chicken,supermarket,human,human
01JVAEPB75YTJGNNJ9D1XKN715,01JVAFJY7KEYR7QQQCFY9FX0W2-supermarket,chip,4997.0,01JRZVAVM79EMN2RP0TP6WPYP9-supermarket,20,sausage,supermarket,human,human
01JVAEPB75YTJGNNJ9D1XKN715,01JVAFJY7KEYR7QQQCFY9FX0W2-supermarket,fish,2829.0,01JRZVAVM79EMN2RP0TP6WPYP9-supermarket,21,gum,supermarket,human,human
01JVAEPB75YTJGNNJ9D1XKN715,01JVAFJY7KEYR7QQQCFY9FX0W2-supermarket,sweet,6182.0,01JRZVAVM79EMN2RP0TP6WPYP9-supermarket,22,lard,supermarket,human,human
01JVAEPB75YTJGNNJ9D1XKN715,01JVAFJY7KEYR7QQQCFY9FX0W2-supermarket,confectionery,3050.0,01JRZVAVM79EMN2RP0TP6WPYP9-supermarket,23,lemons,supermarket,human,human
01JVAEPB75YTJGNNJ9D1XKN715,01JVAFJY7KEYR7QQQCFY9FX0W2-supermarket,crisp,2328.0,01JRZVAVM79EMN2RP0TP6WPYP9-supermarket,24,chocolate,supermarket,human,human
01JVAEPB75YTJGNNJ9D1XKN715,01JVAFJY7KEYR7QQQCFY9FX0W2-supermarket,jam,2398.0,01JRZVAVM79EMN2RP0TP6WPYP9-supermarket,25,coffee,supermarket,human,human
01JVAEPB75YTJGNNJ9D1XKN715,01JVAFJY7KEYR7QQQCFY9FX0W2-supermarket,marmalade,4071.0,01JRZVAVM79EMN2RP0TP6WPYP9-supermarket,26,peanutbutter,supermarket,human,human
01JVAEPB75YTJGNNJ9D1XKN715,01JVAFJY7KEYR7QQQCFY9FX0W2-supermarket,rice,11211.0,01JRZVAVM79EMN2RP0TP6WPYP9-supermarket,27,syrup,supermarket,human,human
01JVAEPB75YTJGNNJ9D1XKN715,01JVAFJY7KEYR7QQQCFY9FX0W2-supermarket,poppadom,7149.0,01JRZVAVM79EMN2RP0TP6WPYP9-supermarket,28,noodles,supermarket,human,human
01JVAEPB75YTJGNNJ9D1XKN715,01JVAFJY7KEYR7QQQCFY9FX0W2-supermarket,sauce,3244.0,01JRZVAVM79EMN2RP0TP6WPYP9-supermarket,29,pasta,supermarket,human,human
01JVAEPB75YTJGNNJ9D1XKN715,01JVAFJY7KEYR7QQQCFY9FX0W2-supermarket,condiment,3090.0,01JRZVAVM79EMN2RP0TP6WPYP9-supermarket,30,sauce,supermarket,human,human
01JVAEPB75YTJGNNJ9D1XKN715,01JVAFJY7KEYR7QQQCFY9FX0W2-supermarket,sandwich,8430.0,01JRZVAVM79EMN2RP0TP6WPYP9-supermarket,31,dressing,supermarket,human,human
01JVAEPB75YTJGNNJ9D1XKN715,01JVAFJY7KEYR7QQQCFY9FX0W2-supermarket,tea bag,6824.0,01JRZVAVM79EMN2RP0TP6WPYP9-supermarket,32,carrots,supermarket,human,human
01JVAEPB75YTJGNNJ9D1XKN715,01JVAFJY7KEYR7QQQCFY9FX0W2-supermarket,coffee,3562.0,01JRZVAVM79EMN2RP0TP6WPYP9-supermarket,33,cream,supermarket,human,human
01JVAEPB75YTJGNNJ9D1XKN715,01JVAFJY7KEYR7QQQCFY9FX0W2-supermarket,flour,6182.0,01JRZVAVM79EMN2RP0TP6WPYP9-supermarket,34,lettuce,supermarket,human,human
01JVAEPB75YTJGNNJ9D1XKN715,01JVAFJY7KEYR7QQQCFY9FX0W2-supermarket,sugar,2366.0,01JRZVAVM79EMN2RP0TP6WPYP9-supermarket,35,sugar,supermarket,human,human
01JVAEPB75YTJGNNJ9D1XKN715,01JVAFJY7KEYR7QQQCFY9FX0W2-supermarket,washing powder,12496.0,01JRZVAVM79EMN2RP0TP6WPYP9-supermarket,36,salt,supermarket,human,human
01JVAEPB75YTJGNNJ9D1XKN715,01JVAFJY7KEYR7QQQCFY9FX0W2-supermarket,tablet,9232.0,01JRZVAVM79EMN2RP0TP6WPYP9-supermarket,37,soap,supermarket,human,human
01JVAEPB75YTJGNNJ9D1XKN715,01JVAFJY7KEYR7QQQCFY9FX0W2-supermarket,medicine,2677.0,01JRZVAVM79EMN2RP0TP6WPYP9-supermarket,38,shampoo,supermarket,human,human
01JVAEPB75YTJGNNJ9D1XKN715,01JVAFJY7KEYR7QQQCFY9FX0W2-supermarket,wipe,5219.0,01JRZVAVM79EMN2RP0TP6WPYP9-supermarket,39,wine,supermarket,human,human
,01JVAF784A0X2JX99GMCA7AS7H-supermarket,fish,7686.0,01JRZMXC6J5VRHG4070J0B63FB-supermarket,1,,supermarket,human,human
01JVAEPB6QH1NR9QK19T2132V5,01JVAF784A0X2JX99GMCA7AS7H-supermarket,meat,1229.0,01JRZMXC6J5VRHG4070J0B63FB-supermarket,2,bread,supermarket,human,human
01JVAEPB6QH1NR9QK19T2132V5,01JVAF784A0X2JX99GMCA7AS7H-supermarket,bean,1931.0,01JRZMXC6J5VRHG4070J0B63FB-supermarket,3,food,supermarket,human,human
01JVAEPB6QH1NR9QK19T2132V5,01JVAF784A0X2JX99GMCA7AS7H-supermarket,chocolate,3543.0,01JRZMXC6J5VRHG4070J0B63FB-supermarket,4,rice,supermarket,human,human
01JVAEPB6QH1NR9QK19T2132V5,01JVAF784A0X2JX99GMCA7AS7H-supermarket,chicken,2932.0,01JRZMXC6J5VRHG4070J0B63FB-supermarket,5,candy,supermarket,human,human
01JVAEPB6QH1NR9QK19T2132V5,01JVAF784A0X2JX99GMCA7AS7H-supermarket,pasta,1513.0,01JRZMXC6J5VRHG4070J0B63FB-supermarket,6,fries,supermarket,human,human
01JVAEPB6QH1NR9QK19T2132V5,01JVAF784A0X2JX99GMCA7AS7H-supermarket,egg,1926.0,01JRZMXC6J5VRHG4070J0B63FB-supermarket,7,cake,supermarket,human,human
01JVAEPB6QH1NR9QK19T2132V5,01JVAF784A0X2JX99GMCA7AS7H-supermarket,milk,1080.0,01JRZMXC6J5VRHG4070J0B63FB-supermarket,8,sweet,supermarket,human,human
01JVAEPB6QH1NR9QK19T2132V5,01JVAF784A0X2JX99GMCA7AS7H-supermarket,cheese,1225.0,01JRZMXC6J5VRHG4070J0B63FB-supermarket,9,bread,supermarket,human,human
01JVAEPB6QH1NR9QK19T2132V5,01JVAF784A0X2JX99GMCA7AS7H-supermarket,bread,3494.0,01JRZMXC6J5VRHG4070J0B63FB-supermarket,10,juice,supermarket,human,human
01JVAEPB6QH1NR9QK19T2132V5,01JVAF784A0X2JX99GMCA7AS7H-supermarket,crumpet,1808.0,01JRZMXC6J5VRHG4070J0B63FB-supermarket,11,candy,supermarket,human,human
01JVAEPB6QH1NR9QK19T2132V5,01JVAF784A0X2JX99GMCA7AS7H-supermarket,crisp,4679.0,01JRZMXC6J5VRHG4070J0B63FB-supermarket,12,yogurt,supermarket,human,human
01JVAEPB6QH1NR9QK19T2132V5,01JVAF784A0X2JX99GMCA7AS7H-supermarket,fizzy pop,5320.0,01JRZMXC6J5VRHG4070J0B63FB-supermarket,13,pineapple,supermarket,human,human
01JVAEPB6QH1NR9QK19T2132V5,01JVAF784A0X2JX99GMCA7AS7H-supermarket,peanut,3995.0,01JRZMXC6J5VRHG4070J0B63FB-supermarket,14,popcorn,supermarket,human,human
01JVAEPB6QH1NR9QK19T2132V5,01JVAF784A0X2JX99GMCA7AS7H-supermarket,almond,2194.0,01JRZMXC6J5VRHG4070J0B63FB-supermarket,15,nuts,supermarket,human,human
01JVAEPB6QH1NR9QK19T2132V5,01JVAF784A0X2JX99GMCA7AS7H-supermarket,pistachio,4242.0,01JRZMXC6J5VRHG4070J0B63FB-supermarket,16,cookies,supermarket,human,human
01JVAEPB6QH1NR9QK19T2132V5,01JVAF784A0X2JX99GMCA7AS7H-supermarket,bleach,10813.0,01JRZMXC6J5VRHG4070J0B63FB-supermarket,17,soda,supermarket,human,human
01JVAEPB6QH1NR9QK19T2132V5,01JVAF784A0X2JX99GMCA7AS7H-supermarket,bin bag,2219.0,01JRZMXC6J5VRHG4070J0B63FB-supermarket,18,energydrink,supermarket,human,human
01JVAEPB6QH1NR9QK19T2132V5,01JVAF784A0X2JX99GMCA7AS7H-supermarket,broom,4510.0,01JRZMXC6J5VRHG4070J0B63FB-supermarket,19,frizzydrink,supermarket,human,human
01JVAEPB6QH1NR9QK19T2132V5,01JVAF784A0X2JX99GMCA7AS7H-supermarket,magazine,2083.0,01JRZMXC6J5VRHG4070J0B63FB-supermarket,20,skateboard,supermarket,human,human
01JVAEPB6QH1NR9QK19T2132V5,01JVAF784A0X2JX99GMCA7AS7H-supermarket,book,2052.0,01JRZMXC6J5VRHG4070J0B63FB-supermarket,21,washingmachine,supermarket,human,human
01JVAEPB6QH1NR9QK19T2132V5,01JVAF784A0X2JX99GMCA7AS7H-supermarket,apple,2205.0,01JRZMXC6J5VRHG4070J0B63FB-supermarket,22,dishes,supermarket,human,human
01JVAEPB6QH1NR9QK19T2132V5,01JVAF784A0X2JX99GMCA7AS7H-supermarket,banana,3662.0,01JRZMXC6J5VRHG4070J0B63FB-supermarket,23,cups,supermarket,human,human
01JVAEPB6QH1NR9QK19T2132V5,01JVAF784A0X2JX99GMCA7AS7H-supermarket,strawberry,4976.0,01JRZMXC6J5VRHG4070J0B63FB-supermarket,24,pineapple,supermarket,human,human
01JVAEPB6QH1NR9QK19T2132V5,01JVAF784A0X2JX99GMCA7AS7H-supermarket,raspberry,2799.0,01JRZMXC6J5VRHG4070J0B63FB-supermarket,25,rasberries,supermarket,human,human
01JVAEPB6QH1NR9QK19T2132V5,01JVAF784A0X2JX99GMCA7AS7H-supermarket,orange,1452.0,01JRZMXC6J5VRHG4070J0B63FB-supermarket,26,cherries,supermarket,human,human
01JVAEPB6QH1NR9QK19T2132V5,01JVAF784A0X2JX99GMCA7AS7H-supermarket,peach,2075.0,01JRZMXC6J5VRHG4070J0B63FB-supermarket,27,mangos,supermarket,human,human
01JVAEPB6QH1NR9QK19T2132V5,01JVAF784A0X2JX99GMCA7AS7H-supermarket,apricot,2739.0,01JRZMXC6J5VRHG4070J0B63FB-supermarket,28,cucumber,supermarket,human,human
01JVAEPB6QH1NR9QK19T2132V5,01JVAF784A0X2JX99GMCA7AS7H-supermarket,pineapple,6103.0,01JRZMXC6J5VRHG4070J0B63FB-supermarket,29,peas,supermarket,human,human
01JVAEPB6QH1NR9QK19T2132V5,01JVAF784A0X2JX99GMCA7AS7H-supermarket,broccoli,5014.0,01JRZMXC6J5VRHG4070J0B63FB-supermarket,30,rice,supermarket,human,human
01JVAEPB6QH1NR9QK19T2132V5,01JVAF784A0X2JX99GMCA7AS7H-supermarket,cauliflower,3754.0,01JRZMXC6J5VRHG4070J0B63FB-supermarket,31,calliflower,supermarket,human,human
01JVAEPB6QH1NR9QK19T2132V5,01JVAF784A0X2JX99GMCA7AS7H-supermarket,leek,7668.0,01JRZMXC6J5VRHG4070J0B63FB-supermarket,32,watermelon,supermarket,human,human
01JVAEPB6QH1NR9QK19T2132V5,01JVAF784A0X2JX99GMCA7AS7H-supermarket,bell pepper,7417.0,01JRZMXC6J5VRHG4070J0B63FB-supermarket,33,carrot,supermarket,human,human
01JVAEPB6QH1NR9QK19T2132V5,01JVAF784A0X2JX99GMCA7AS7H-supermarket,sausage,5283.0,01JRZMXC6J5VRHG4070J0B63FB-supermarket,34,grapes,supermarket,human,human
01JVAEPB6QH1NR9QK19T2132V5,01JVAF784A0X2JX99GMCA7AS7H-supermarket,cottage cheese,8568.0,01JRZMXC6J5VRHG4070J0B63FB-supermarket,35,bacon,supermarket,human,human
01JVAEPB6QH1NR9QK19T2132V5,01JVAF784A0X2JX99GMCA7AS7H-supermarket,potato,3865.0,01JRZMXC6J5VRHG4070J0B63FB-supermarket,36,groundbeef,supermarket,human,human
01JVAEPB6QH1NR9QK19T2132V5,01JVAF784A0X2JX99GMCA7AS7H-supermarket,wine,9710.0,01JRZMXC6J5VRHG4070J0B63FB-supermarket,37,chickenbreast,supermarket,human,human
01JVAEPB6QH1NR9QK19T2132V5,01JVAF784A0X2JX99GMCA7AS7H-supermarket,beer,742.0,01JRZMXC6J5VRHG4070J0B63FB-supermarket,38,frizzydrinks,supermarket,human,human
01JVAEPB6QH1NR9QK19T2132V5,01JVAF784A0X2JX99GMCA7AS7H-supermarket,whisky,1353.0,01JRZMXC6J5VRHG4070J0B63FB-supermarket,39,juice,supermarket,human,human
01JVAEPB6QH1NR9QK19T2132V5,01JVAF784A0X2JX99GMCA7AS7H-supermarket,vodka,2960.0,01JRZMXC6J5VRHG4070J0B63FB-supermarket,40,wine,supermarket,human,human
01JVAEPB6QH1NR9QK19T2132V5,01JVAF784A0X2JX99GMCA7AS7H-supermarket,biscuit,14460.0,01JRZMXC6J5VRHG4070J0B63FB-supermarket,41,redbull,supermarket,human,human
,01JVAFAM3KY5GTTS3MDVQN558Q-clothes,watch,4115.0,01JRZV6NY3FP07MPKF3JPHW3P2-clothes,1,,clothes,human,human
01JVAEPB6XARYNH9PK2PMMEHG9,01JVAFAM3KY5GTTS3MDVQN558Q-clothes,top,2446.0,01JRZV6NY3FP07MPKF3JPHW3P2-clothes,2,tie,clothes,human,human
01JVAEPB6XARYNH9PK2PMMEHG9,01JVAFAM3KY5GTTS3MDVQN558Q-clothes,shoe,1243.0,01JRZV6NY3FP07MPKF3JPHW3P2-clothes,3,shirt,clothes,human,human
01JVAEPB6XARYNH9PK2PMMEHG9,01JVAFAM3KY5GTTS3MDVQN558Q-clothes,boot,854.0,01JRZV6NY3FP07MPKF3JPHW3P2-clothes,4,trousers,clothes,human,human
01JVAEPB6XARYNH9PK2PMMEHG9,01JVAFAM3KY5GTTS3MDVQN558Q-clothes,sunglasses,5303.0,01JRZV6NY3FP07MPKF3JPHW3P2-clothes,5,socks,clothes,human,human
01JVAEPB6XARYNH9PK2PMMEHG9,01JVAFAM3KY5GTTS3MDVQN558Q-clothes,tie,1830.0,01JRZV6NY3FP07MPKF3JPHW3P2-clothes,6,hat,clothes,human,human
01JVAEPB6XARYNH9PK2PMMEHG9,01JVAFAM3KY5GTTS3MDVQN558Q-clothes,shirt,1197.0,01JRZV6NY3FP07MPKF3JPHW3P2-clothes,7,shirt,clothes,human,human
01JVAEPB6XARYNH9PK2PMMEHG9,01JVAFAM3KY5GTTS3MDVQN558Q-clothes,jeans,2203.0,01JRZV6NY3FP07MPKF3JPHW3P2-clothes,8,vest,clothes,human,human
01JVAEPB6XARYNH9PK2PMMEHG9,01JVAFAM3KY5GTTS3MDVQN558Q-clothes,tracksuit,2864.0,01JRZV6NY3FP07MPKF3JPHW3P2-clothes,9,socks,clothes,human,human
01JVAEPB6XARYNH9PK2PMMEHG9,01JVAFAM3KY5GTTS3MDVQN558Q-clothes,tracksuit top,3146.0,01JRZV6NY3FP07MPKF3JPHW3P2-clothes,10,coat,clothes,human,human
01JVAEPB6XARYNH9PK2PMMEHG9,01JVAFAM3KY5GTTS3MDVQN558Q-clothes,tracksuit bottoms,3810.0,01JRZV6NY3FP07MPKF3JPHW3P2-clothes,11,tracksuitbottoms,clothes,human,human
01JVAEPB6XARYNH9PK2PMMEHG9,01JVAFAM3KY5GTTS3MDVQN558Q-clothes,smart trousers,3157.0,01JRZV6NY3FP07MPKF3JPHW3P2-clothes,12,trainers,clothes,human,human
01JVAEPB6XARYNH9PK2PMMEHG9,01JVAFAM3KY5GTTS3MDVQN558Q-clothes,belt,2066.0,01JRZV6NY3FP07MPKF3JPHW3P2-clothes,13,slacks,clothes,human,human
01JVAEPB6XARYNH9PK2PMMEHG9,01JVAFAM3KY5GTTS3MDVQN558Q-clothes,slipper,4414.0,01JRZV6NY3FP07MPKF3JPHW3P2-clothes,14,blouse,clothes,human,human
01JVAEPB6XARYNH9PK2PMMEHG9,01JVAFAM3KY5GTTS3MDVQN558Q-clothes,dressing gown,3045.0,01JRZV6NY3FP07MPKF3JPHW3P2-clothes,15,socks,clothes,human,human
01JVAEPB6XARYNH9PK2PMMEHG9,01JVAFAM3KY5GTTS3MDVQN558Q-clothes,boxers,3386.0,01JRZV6NY3FP07MPKF3JPHW3P2-clothes,16,pyjamas,clothes,human,human
01JVAEPB6XARYNH9PK2PMMEHG9,01JVAFAM3KY5GTTS3MDVQN558Q-clothes,pants,955.0,01JRZV6NY3FP07MPKF3JPHW3P2-clothes,17,underwear,clothes,human,human
01JVAEPB6XARYNH9PK2PMMEHG9,01JVAFAM3KY5GTTS3MDVQN558Q-clothes,bikini,1811.0,01JRZV6NY3FP07MPKF3JPHW3P2-clothes,18,knickers,clothes,human,human
01JVAEPB6XARYNH9PK2PMMEHG9,01JVAFAM3KY5GTTS3MDVQN558Q-clothes,dress,1713.0,01JRZV6NY3FP07MPKF3JPHW3P2-clothes,19,swimsuit,clothes,human,human
01JVAEPB6XARYNH9PK2PMMEHG9,01JVAFAM3KY5GTTS3MDVQN558Q-clothes,bra,3102.0,01JRZV6NY3FP07MPKF3JPHW3P2-clothes,20,cardigan,clothes,human,human
01JVAEPB6XARYNH9PK2PMMEHG9,01JVAFAM3KY5GTTS3MDVQN558Q-clothes,lingerie,3597.0,01JRZV6NY3FP07MPKF3JPHW3P2-clothes,21,knickers,clothes,human,human
01JVAEPB6XARYNH9PK2PMMEHG9,01JVAFAM3KY5GTTS3MDVQN558Q-clothes,t-shirt,7426.0,01JRZV6NY3FP07MPKF3JPHW3P2-clothes,22,tights,clothes,human,human
01JVAEPB6XARYNH9PK2PMMEHG9,01JVAFAM3KY5GTTS3MDVQN558Q-clothes,long sleeve top,5129.0,01JRZV6NY3FP07MPKF3JPHW3P2-clothes,23,vest,clothes,human,human
01JVAEPB6XARYNH9PK2PMMEHG9,01JVAFAM3KY5GTTS3MDVQN558Q-clothes,hoodie,6943.0,01JRZV6NY3FP07MPKF3JPHW3P2-clothes,24,shortsleevetop,clothes,human,human
01JVAEPB6XARYNH9PK2PMMEHG9,01JVAFAM3KY5GTTS3MDVQN558Q-clothes,fleece,1463.0,01JRZV6NY3FP07MPKF3JPHW3P2-clothes,25,sweatshirt,clothes,human,human
01JVAEPB6XARYNH9PK2PMMEHG9,01JVAFAM3KY5GTTS3MDVQN558Q-clothes,coat,5465.0,01JRZV6NY3FP07MPKF3JPHW3P2-clothes,26,sweatshirt,clothes,human,human
01JVAEPB6XARYNH9PK2PMMEHG9,01JVAFAM3KY5GTTS3MDVQN558Q-clothes,pajamas,1933.0,01JRZV6NY3FP07MPKF3JPHW3P2-clothes,27,pullover,clothes,human,human
01JVAEPB6XARYNH9PK2PMMEHG9,01JVAFAM3KY5GTTS3MDVQN558Q-clothes,headband,12935.0,01JRZV6NY3FP07MPKF3JPHW3P2-clothes,28,nightdress,clothes,human,human
01JVAEPB6XARYNH9PK2PMMEHG9,01JVAFAM3KY5GTTS3MDVQN558Q-clothes,football boot,15167.0,01JRZV6NY3FP07MPKF3JPHW3P2-clothes,29,scarf,clothes,human,human
01JVAEPB6XARYNH9PK2PMMEHG9,01JVAFAM3KY5GTTS3MDVQN558Q-clothes,football shirt,2471.0,01JRZV6NY3FP07MPKF3JPHW3P2-clothes,30,wellingtons,clothes,human,human
01JVAEPB6XARYNH9PK2PMMEHG9,01JVAFAM3KY5GTTS3MDVQN558Q-clothes,shorts,1836.0,01JRZV6NY3FP07MPKF3JPHW3P2-clothes,31,footballshorts,clothes,human,human
01JVAEPB6XARYNH9PK2PMMEHG9,01JVAFAM3KY5GTTS3MDVQN558Q-clothes,tights,1967.0,01JRZV6NY3FP07MPKF3JPHW3P2-clothes,32,socks,clothes,human,human
01JVAEPB6XARYNH9PK2PMMEHG9,01JVAFAM3KY5GTTS3MDVQN558Q-clothes,flat cap,8597.0,01JRZV6NY3FP07MPKF3JPHW3P2-clothes,33,socks,clothes,human,human
01JVAEPB6XARYNH9PK2PMMEHG9,01JVAFAM3KY5GTTS3MDVQN558Q-clothes,baseball cap,2898.0,01JRZV6NY3FP07MPKF3JPHW3P2-clothes,34,baseballcap,clothes,human,human
01JVAEPB6XARYNH9PK2PMMEHG9,01JVAFAM3KY5GTTS3MDVQN558Q-clothes,gilet,6316.0,01JRZV6NY3FP07MPKF3JPHW3P2-clothes,35,headphones,clothes,human,human
,01K4DT91MGFDMX8H4XMKCPSV69-animals,cat,4795.0,01K0Q7HCS1G821XS83N6ANKJSP-animals,1,,animals,human,human
01K4DSN8Q0QEPQJJR06WGXGP7H,01K4DT91MGFDMX8H4XMKCPSV69-animals,dog,1684.0,01K0Q7HCS1G821XS83N6ANKJSP-animals,2,food,animals,human,human
01K4DSN8Q0QEPQJJR06WGXGP7H,01K4DT91MGFDMX8H4XMKCPSV69-animals,tiger,1768.0,01K0Q7HCS1G821XS83N6ANKJSP-animals,3,cat,animals,human,human
01K4DSN8Q0QEPQJJR06WGXGP7H,01K4DT91MGFDMX8H4XMKCPSV69-animals,lion,2400.0,01K0Q7HCS1G821XS83N6ANKJSP-animals,4,lion,animals,human,human
01K4DSN8Q0QEPQJJR06WGXGP7H,01K4DT91MGFDMX8H4XMKCPSV69-animals,penguin,4475.0,01K0Q7HCS1G821XS83N6ANKJSP-animals,5,tiger,animals,human,human
01K4DSN8Q0QEPQJJR06WGXGP7H,01K4DT91MGFDMX8H4XMKCPSV69-animals,zebra,3429.0,01K0Q7HCS1G821XS83N6ANKJSP-animals,6,ice,animals,human,human
01K4DSN8Q0QEPQJJR06WGXGP7H,01K4DT91MGFDMX8H4XMKCPSV69-animals,horse,2653.0,01K0Q7HCS1G821XS83N6ANKJSP-animals,7,coyote,animals,human,human
01K4DSN8Q0QEPQJJR06WGXGP7H,01K4DT91MGFDMX8H4XMKCPSV69-animals,giraffe,9194.0,01K0Q7HCS1G821XS83N6ANKJSP-animals,8,donkey,animals,human,human
01K4DSN8Q0QEPQJJR06WGXGP7H,01K4DT91MGFDMX8H4XMKCPSV69-animals,polar bear,4072.0,01K0Q7HCS1G821XS83N6ANKJSP-animals,9,zebra,animals,human,human
01K4DSN8Q0QEPQJJR06WGXGP7H,01K4DT91MGFDMX8H4XMKCPSV69-animals,pony,3236.0,01K0Q7HCS1G821XS83N6ANKJSP-animals,10,panda,animals,human,human
01K4DSN8Q0QEPQJJR06WGXGP7H,01K4DT91MGFDMX8H4XMKCPSV69-animals,donkey,3313.0,01K0Q7HCS1G821XS83N6ANKJSP-animals,11,horse,animals,human,human
01K4DSN8Q0QEPQJJR06WGXGP7H,01K4DT91MGFDMX8H4XMKCPSV69-animals,lizard,5486.0,01K0Q7HCS1G821XS83N6ANKJSP-animals,12,coyote,animals,human,human
01K4DSN8Q0QEPQJJR06WGXGP7H,01K4DT91MGFDMX8H4XMKCPSV69-animals,crocodile,3620.0,01K0Q7HCS1G821XS83N6ANKJSP-animals,13,snake,animals,human,human
01K4DSN8Q0QEPQJJR06WGXGP7H,01K4DT91MGFDMX8H4XMKCPSV69-animals,snake,3034.0,01K0Q7HCS1G821XS83N6ANKJSP-animals,14,alligator,animals,human,human
01K4DSN8Q0QEPQJJR06WGXGP7H,01K4DT91MGFDMX8H4XMKCPSV69-animals,panda,2294.0,01K0Q7HCS1G821XS83N6ANKJSP-animals,15,lizard,animals,human,human
01K4DSN8Q0QEPQJJR06WGXGP7H,01K4DT91MGFDMX8H4XMKCPSV69-animals,bear,4505.0,01K0Q7HCS1G821XS83N6ANKJSP-animals,16,bear,animals,human,human
01K4DSN8Q0QEPQJJR06WGXGP7H,01K4DT91MGFDMX8H4XMKCPSV69-animals,puma,7746.0,01K0Q7HCS1G821XS83N6ANKJSP-animals,17,panda,animals,human,human
01K4DSN8Q0QEPQJJR06WGXGP7H,01K4DT91MGFDMX8H4XMKCPSV69-animals,leopard,3606.0,01K0Q7HCS1G821XS83N6ANKJSP-animals,18,cat,animals,human,human
01K4DSN8Q0QEPQJJR06WGXGP7H,01K4DT91MGFDMX8H4XMKCPSV69-animals,cow,12527.0,01K0Q7HCS1G821XS83N6ANKJSP-animals,19,cheetah,animals,human,human
01K4DSN8Q0QEPQJJR06WGXGP7H,01K4DT91MGFDMX8H4XMKCPSV69-animals,lamb,3577.0,01K0Q7HCS1G821XS83N6ANKJSP-animals,20,chicken,animals,human,human
01K4DSN8Q0QEPQJJR06WGXGP7H,01K4DT91MGFDMX8H4XMKCPSV69-animals,pig,2254.0,01K0Q7HCS1G821XS83N6ANKJSP-animals,21,deer,animals,human,human
01K4DSN8Q0QEPQJJR06WGXGP7H,01K4DT91MGFDMX8H4XMKCPSV69-animals,fox,1903.0,01K0Q7HCS1G821XS83N6ANKJSP-animals,22,chicken,animals,human,human
01K4DSN8Q0QEPQJJR06WGXGP7H,01K4DT91MGFDMX8H4XMKCPSV69-animals,wolf,2030.0,01K0Q7HCS1G821XS83N6ANKJSP-animals,23,hen,animals,human,human
01K4DSN8Q0QEPQJJR06WGXGP7H,01K4DT91MGFDMX8H4XMKCPSV69-animals,deer,2633.0,01K0Q7HCS1G821XS83N6ANKJSP-animals,24,coyote,animals,human,human
01K4DSN8Q0QEPQJJR06WGXGP7H,01K4DT91MGFDMX8H4XMKCPSV69-animals,skunk,5821.0,01K0Q7HCS1G821XS83N6ANKJSP-animals,25,lamb,animals,human,human
01K4DSN8Q0QEPQJJR06WGXGP7H,01K4DT91MGFDMX8H4XMKCPSV69-animals,mole,2543.0,01K0Q7HCS1G821XS83N6ANKJSP-animals,26,racoon,animals,human,human
01K4DSN8Q0QEPQJJR06WGXGP7H,01K4DT91MGFDMX8H4XMKCPSV69-animals,vole,2897.0,01K0Q7HCS1G821XS83N6ANKJSP-animals,27,mouse,animals,human,human
01K4DSN8Q0QEPQJJR06WGXGP7H,01K4DT91MGFDMX8H4XMKCPSV69-animals,tortoise,3765.0,01K0Q7HCS1G821XS83N6ANKJSP-animals,28,mouse,animals,human,human
01K4DSN8Q0QEPQJJR06WGXGP7H,01K4DT91MGFDMX8H4XMKCPSV69-animals,otter,2520.0,01K0Q7HCS1G821XS83N6ANKJSP-animals,29,dolphin,animals,human,human
01K4DSN8Q0QEPQJJR06WGXGP7H,01K4DT91MGFDMX8H4XMKCPSV69-animals,rat,17930.0,01K0Q7HCS1G821XS83N6ANKJSP-animals,30,beaver,animals,human,human
01K4DSN8Q0QEPQJJR06WGXGP7H,01K4DT91MGFDMX8H4XMKCPSV69-animals,mouse,3197.0,01K0Q7HCS1G821XS83N6ANKJSP-animals,31,mouse,animals,human,human
01K4DSN8Q0QEPQJJR06WGXGP7H,01K4DT91MGFDMX8H4XMKCPSV69-animals,rabbit,15014.0,01K0Q7HCS1G821XS83N6ANKJSP-animals,32,cat,animals,human,human
01K4DSN8Q0QEPQJJR06WGXGP7H,01K4DT91MGFDMX8H4XMKCPSV69-animals,camel,7590.0,01K0Q7HCS1G821XS83N6ANKJSP-animals,33,racoon,animals,human,human
01K4DSN8Q0QEPQJJR06WGXGP7H,01K4DT91MGFDMX8H4XMKCPSV69-animals,elephant,4899.0,01K0Q7HCS1G821XS83N6ANKJSP-animals,34,horse,animals,human,human
01K4DSN8Q0QEPQJJR06WGXGP7H,01K4DT91MGFDMX8H4XMKCPSV69-animals,hippopotamus,2665.0,01K0Q7HCS1G821XS83N6ANKJSP-animals,35,zebra,animals,human,human
,01JVAF6XKDZCFHWFSJBG8M3Z04-clothes,trousers,5685.0,01JRZVAVM79EMN2RP0TP6WPYP9-clothes,1,,clothes,human,human
01JVAEPB6B8S084JJ3QZEWAQPN,01JVAF6XKDZCFHWFSJBG8M3Z04-clothes,t-shirt,2595.0,01JRZVAVM79EMN2RP0TP6WPYP9-clothes,2,shorts,clothes,human,human
01JVAEPB6B8S084JJ3QZEWAQPN,01JVAF6XKDZCFHWFSJBG8M3Z04-clothes,shoe,3366.0,01JRZVAVM79EMN2RP0TP6WPYP9-clothes,3,shirt,clothes,human,human
01JVAEPB6B8S084JJ3QZEWAQPN,01JVAF6XKDZCFHWFSJBG8M3Z04-clothes,sock,1309.0,01JRZVAVM79EMN2RP0TP6WPYP9-clothes,4,sock,clothes,human,human
01JVAEPB6B8S084JJ3QZEWAQPN,01JVAF6XKDZCFHWFSJBG8M3Z04-clothes,jumper,3596.0,01JRZVAVM79EMN2RP0TP6WPYP9-clothes,7,jacket,clothes,human,human
01JVAEPB6B8S084JJ3QZEWAQPN,01JVAF6XKDZCFHWFSJBG8M3Z04-clothes,jacket,1717.0,01JRZVAVM79EMN2RP0TP6WPYP9-clothes,8,vest,clothes,human,human
01JVAEPB6B8S084JJ3QZEWAQPN,01JVAF6XKDZCFHWFSJBG8M3Z04-clothes,blazer,3709.0,01JRZVAVM79EMN2RP0TP6WPYP9-clothes,9,vest,clothes,human,human
01JVAEPB6B8S084JJ3QZEWAQPN,01JVAF6XKDZCFHWFSJBG8M3Z04-clothes,blouse,10055.0,01JRZVAVM79EMN2RP0TP6WPYP9-clothes,10,sweatshirt,clothes,human,human
01JVAEPB6B8S084JJ3QZEWAQPN,01JVAF6XKDZCFHWFSJBG8M3Z04-clothes,hoodie,3677.0,01JRZVAVM79EMN2RP0TP6WPYP9-clothes,11,shirt,clothes,human,human
01JVAEPB6B8S084JJ3QZEWAQPN,01JVAF6XKDZCFHWFSJBG8M3Z04-clothes,tracksuit,4107.0,01JRZVAVM79EMN2RP0TP6WPYP9-clothes,12,sweater,clothes,human,human
01JVAEPB6B8S084JJ3QZEWAQPN,01JVAF6XKDZCFHWFSJBG8M3Z04-clothes,jeans,2230.0,01JRZVAVM79EMN2RP0TP6WPYP9-clothes,13,shorts,clothes,human,human
01JVAEPB6B8S084JJ3QZEWAQPN,01JVAF6XKDZCFHWFSJBG8M3Z04-clothes,flares,2128.0,01JRZVAVM79EMN2RP0TP6WPYP9-clothes,14,cords,clothes,human,human
01JVAEPB6B8S084JJ3QZEWAQPN,01JVAF6XKDZCFHWFSJBG8M3Z04-clothes,leggings,2781.0,01JRZVAVM79EMN2RP0TP6WPYP9-clothes,15,shoes,clothes,human,human
01JVAEPB6B8S084JJ3QZEWAQPN,01JVAF6XKDZCFHWFSJBG8M3Z04-clothes,shorts,4413.0,01JRZVAVM79EMN2RP0TP6WPYP9-clothes,16,shorts,clothes,human,human
01JVAEPB6B8S084JJ3QZEWAQPN,01JVAF6XKDZCFHWFSJBG8M3Z04-clothes,skirt,2661.0,01JRZVAVM79EMN2RP0TP6WPYP9-clothes,17,trainers,clothes,human,human
01JVAEPB6B8S084JJ3QZEWAQPN,01JVAF6XKDZCFHWFSJBG8M3Z04-clothes,dress,2257.0,01JRZVAVM79EMN2RP0TP6WPYP9-clothes,18,trainers,clothes,human,human
01JVAEPB6B8S084JJ3QZEWAQPN,01JVAF6XKDZCFHWFSJBG8M3Z04-clothes,onesie,2633.0,01JRZVAVM79EMN2RP0TP6WPYP9-clothes,19,jeans,clothes,human,human
01JVAEPB6B8S084JJ3QZEWAQPN,01JVAF6XKDZCFHWFSJBG8M3Z04-clothes,gown,2940.0,01JRZVAVM79EMN2RP0TP6WPYP9-clothes,20,pyjamas,clothes,human,human
01JVAEPB6B8S084JJ3QZEWAQPN,01JVAF6XKDZCFHWFSJBG8M3Z04-clothes,leg warmer,10635.0,01JRZVAVM79EMN2RP0TP6WPYP9-clothes,21,nightgown,clothes,human,human
01JVAEPB6B8S084JJ3QZEWAQPN,01JVAF6XKDZCFHWFSJBG8M3Z04-clothes,cagoule,2690.0,01JRZVAVM79EMN2RP0TP6WPYP9-clothes,22,slippers,clothes,human,human
01JVAEPB6B8S084JJ3QZEWAQPN,01JVAF6XKDZCFHWFSJBG8M3Z04-clothes,tuxedo,9857.0,01JRZVAVM79EMN2RP0TP6WPYP9-clothes,23,raincoat,clothes,human,human
01JVAEPB6B8S084JJ3QZEWAQPN,01JVAF6XKDZCFHWFSJBG8M3Z04-clothes,waistcoat,9312.0,01JRZVAVM79EMN2RP0TP6WPYP9-clothes,24,bowtie,clothes,human,human
01JVAEPB6B8S084JJ3QZEWAQPN,01JVAF6XKDZCFHWFSJBG8M3Z04-clothes,raincoat,8763.0,01JRZVAVM79EMN2RP0TP6WPYP9-clothes,25,cufflinks,clothes,human,human
01JVAEPB6B8S084JJ3QZEWAQPN,01JVAF6XKDZCFHWFSJBG8M3Z04-clothes,tights,6019.0,01JRZVAVM79EMN2RP0TP6WPYP9-clothes,26,vest,clothes,human,human
01JVAEPB6B8S084JJ3QZEWAQPN,01JVAF6XKDZCFHWFSJBG8M3Z04-clothes,dungarees,11996.0,01JRZVAVM79EMN2RP0TP6WPYP9-clothes,27,socks,clothes,human,human
01JVAEPB6B8S084JJ3QZEWAQPN,01JVAF6XKDZCFHWFSJBG8M3Z04-clothes,halterneck,8361.0,01JRZVAVM79EMN2RP0TP6WPYP9-clothes,28,braces,clothes,human,human
01JVAEPB6B8S084JJ3QZEWAQPN,01JVAF6XKDZCFHWFSJBG8M3Z04-clothes,culottes,4225.0,01JRZVAVM79EMN2RP0TP6WPYP9-clothes,29,sweater,clothes,human,human
01JVAEPB6B8S084JJ3QZEWAQPN,01JVAF6XKDZCFHWFSJBG8M3Z04-clothes,salopettes,5182.0,01JRZVAVM79EMN2RP0TP6WPYP9-clothes,30,tie,clothes,human,human
01JVAEPB6B8S084JJ3QZEWAQPN,01JVAF6XKDZCFHWFSJBG8M3Z04-clothes,fishnets,5235.0,01JRZVAVM79EMN2RP0TP6WPYP9-clothes,31,shoes,clothes,human,human
01JVAEPB6B8S084JJ3QZEWAQPN,01JVAF6XKDZCFHWFSJBG8M3Z04-clothes,scarf,6010.0,01JRZVAVM79EMN2RP0TP6WPYP9-clothes,32,stockings,clothes,human,human
01JVAEPB6B8S084JJ3QZEWAQPN,01JVAF6XKDZCFHWFSJBG8M3Z04-clothes,glove,2097.0,01JRZVAVM79EMN2RP0TP6WPYP9-clothes,33,tie,clothes,human,human
01JVAEPB6B8S084JJ3QZEWAQPN,01JVAF6XKDZCFHWFSJBG8M3Z04-clothes,boot,2544.0,01JRZVAVM79EMN2RP0TP6WPYP9-clothes,34,hat,clothes,human,human
,01JVAGG43CV4DMKYX74SNT1YAP-animals,dog,5144.0,01JS023W449S8VDZVV1TTHD45Y-animals,1,,animals,human,human
01JVAEPB5SVK9HQMA4BQA2QXWJ,01JVAGG43CV4DMKYX74SNT1YAP-animals,cat,2233.0,01JS023W449S8VDZVV1TTHD45Y-animals,2,cat,animals,human,human
01JVAEPB5SVK9HQMA4BQA2QXWJ,01JVAGG43CV4DMKYX74SNT1YAP-animals,tiger,5158.0,01JS023W449S8VDZVV1TTHD45Y-animals,3,mouse,animals,human,human
01JVAEPB5SVK9HQMA4BQA2QXWJ,01JVAGG43CV4DMKYX74SNT1YAP-animals,lion,1940.0,01JS023W449S8VDZVV1TTHD45Y-animals,4,lion,animals,human,human
01JVAEPB5SVK9HQMA4BQA2QXWJ,01JVAGG43CV4DMKYX74SNT1YAP-animals,elephant,3979.0,01JS023W449S8VDZVV1TTHD45Y-animals,5,cheetah,animals,human,human
01JVAEPB5SVK9HQMA4BQA2QXWJ,01JVAGG43CV4DMKYX74SNT1YAP-animals,jackal,6569.0,01JS023W449S8VDZVV1TTHD45Y-animals,6,zebra,animals,human,human
01JVAEPB5SVK9HQMA4BQA2QXWJ,01JVAGG43CV4DMKYX74SNT1YAP-animals,hyena,4469.0,01JS023W449S8VDZVV1TTHD45Y-animals,7,zebra,animals,human,human
01JVAEPB5SVK9HQMA4BQA2QXWJ,01JVAGG43CV4DMKYX74SNT1YAP-animals,black bear,7740.0,01JS023W449S8VDZVV1TTHD45Y-animals,8,warthog,animals,human,human
01JVAEPB5SVK9HQMA4BQA2QXWJ,01JVAGG43CV4DMKYX74SNT1YAP-animals,brown bear,2892.0,01JS023W449S8VDZVV1TTHD45Y-animals,9,polarbear,animals,human,human
01JVAEPB5SVK9HQMA4BQA2QXWJ,01JVAGG43CV4DMKYX74SNT1YAP-animals,polar bear,3521.0,01JS023W449S8VDZVV1TTHD45Y-animals,10,polarbear,animals,human,human
01JVAEPB5SVK9HQMA4BQA2QXWJ,01JVAGG43CV4DMKYX74SNT1YAP-animals,hippo,5742.0,01JS023W449S8VDZVV1TTHD45Y-animals,11,penguin,animals,human,human
01JVAEPB5SVK9HQMA4BQA2QXWJ,01JVAGG43CV4DMKYX74SNT1YAP-animals,pig,3208.0,01JS023W449S8VDZVV1TTHD45Y-animals,12,rhino,animals,human,human
01JVAEPB5SVK9HQMA4BQA2QXWJ,01JVAGG43CV4DMKYX74SNT1YAP-animals,cow,1591.0,01JS023W449S8VDZVV1TTHD45Y-animals,13,meercat,animals,human,human
01JVAEPB5SVK9HQMA4BQA2QXWJ,01JVAGG43CV4DMKYX74SNT1YAP-animals,chicken,3153.0,01JS023W449S8VDZVV1TTHD45Y-animals,14,chicken,animals,human,human
01JVAEPB5SVK9HQMA4BQA2QXWJ,01JVAGG43CV4DMKYX74SNT1YAP-animals,rooster,2414.0,01JS023W449S8VDZVV1TTHD45Y-animals,15,lamb,animals,human,human
01JVAEPB5SVK9HQMA4BQA2QXWJ,01JVAGG43CV4DMKYX74SNT1YAP-animals,fox,3112.0,01JS023W449S8VDZVV1TTHD45Y-animals,16,duck,animals,human,human
01JVAEPB5SVK9HQMA4BQA2QXWJ,01JVAGG43CV4DMKYX74SNT1YAP-animals,bird,6993.0,01JS023W449S8VDZVV1TTHD45Y-animals,17,hen,animals,human,human
01JVAEPB5SVK9HQMA4BQA2QXWJ,01JVAGG43CV4DMKYX74SNT1YAP-animals,parrot,1580.0,01JS023W449S8VDZVV1TTHD45Y-animals,18,pigeon,animals,human,human
01JVAEPB5SVK9HQMA4BQA2QXWJ,01JVAGG43CV4DMKYX74SNT1YAP-animals,hawk,4012.0,01JS023W449S8VDZVV1TTHD45Y-animals,19,canary,animals,human,human
01JVAEPB5SVK9HQMA4BQA2QXWJ,01JVAGG43CV4DMKYX74SNT1YAP-animals,owl,2573.0,01JS023W449S8VDZVV1TTHD45Y-animals,20,eagle,animals,human,human
01JVAEPB5SVK9HQMA4BQA2QXWJ,01JVAGG43CV4DMKYX74SNT1YAP-animals,crow,4202.0,01JS023W449S8VDZVV1TTHD45Y-animals,21,eagles,animals,human,human
01JVAEPB5SVK9HQMA4BQA2QXWJ,01JVAGG43CV4DMKYX74SNT1YAP-animals,bat,1331.0,01JS023W449S8VDZVV1TTHD45Y-animals,22,eagles,animals,human,human
01JVAEPB5SVK9HQMA4BQA2QXWJ,01JVAGG43CV4DMKYX74SNT1YAP-animals,penguin,9752.0,01JS023W449S8VDZVV1TTHD45Y-animals,23,eagles,animals,human,human
01JVAEPB5SVK9HQMA4BQA2QXWJ,01JVAGG43CV4DMKYX74SNT1YAP-animals,otter,1497.0,01JS023W449S8VDZVV1TTHD45Y-animals,24,seals,animals,human,human
01JVAEPB5SVK9HQMA4BQA2QXWJ,01JVAGG43CV4DMKYX74SNT1YAP-animals,opossum,10623.0,01JS023W449S8VDZVV1TTHD45Y-animals,25,beavers,animals,human,human
01JVAEPB5SVK9HQMA4BQA2QXWJ,01JVAGG43CV4DMKYX74SNT1YAP-animals,beaver,4110.0,01JS023W449S8VDZVV1TTHD45Y-animals,26,beavers,animals,human,human
01JVAEPB5SVK9HQMA4BQA2QXWJ,01JVAGG43CV4DMKYX74SNT1YAP-animals,duck,2026.0,01JS023W449S8VDZVV1TTHD45Y-animals,27,hedgehog,animals,human,human
01JVAEPB5SVK9HQMA4BQA2QXWJ,01JVAGG43CV4DMKYX74SNT1YAP-animals,pit bull,13352.0,01JS023W449S8VDZVV1TTHD45Y-animals,28,swans,animals,human,human
01JVAEPB5SVK9HQMA4BQA2QXWJ,01JVAGG43CV4DMKYX74SNT1YAP-animals,leopard,14505.0,01JS023W449S8VDZVV1TTHD45Y-animals,29,germanshepherds,animals,human,human
01JVAEPB5SVK9HQMA4BQA2QXWJ,01JVAGG43CV4DMKYX74SNT1YAP-animals,cheetah,9203.0,01JS023W449S8VDZVV1TTHD45Y-animals,30,panther,animals,human,human
01JVAEPB5SVK9HQMA4BQA2QXWJ,01JVAGG43CV4DMKYX74SNT1YAP-animals,jaguar,5434.0,01JS023W449S8VDZVV1TTHD45Y-animals,31,panther,animals,human,human
01JVAEPB5SVK9HQMA4BQA2QXWJ,01JVAGG43CV4DMKYX74SNT1YAP-animals,goat,8252.0,01JS023W449S8VDZVV1TTHD45Y-animals,32,cougars,animals,human,human
01JVAEPB5SVK9HQMA4BQA2QXWJ,01JVAGG43CV4DMKYX74SNT1YAP-animals,lamb,3516.0,01JS023W449S8VDZVV1TTHD45Y-animals,33,rams,animals,human,human
01JVAEPB5SVK9HQMA4BQA2QXWJ,01JVAGG43CV4DMKYX74SNT1YAP-animals,hamster,11558.0,01JS023W449S8VDZVV1TTHD45Y-animals,34,sheep,animals,human,human
,01JVAH00VADVS703F6DYX2DQVV-animals,dog,7077.0,01JRZVTTBTQQRWK9V4FE1N7KX1-animals,1,,animals,human,human
01JVAEPB5PX8G82XMDDW4BEEXV,01JVAH00VADVS703F6DYX2DQVV-animals,cat,1831.0,01JRZVTTBTQQRWK9V4FE1N7KX1-animals,2,cat,animals,human,human
01JVAEPB5PX8G82XMDDW4BEEXV,01JVAH00VADVS703F6DYX2DQVV-animals,fish,2442.0,01JRZVTTBTQQRWK9V4FE1N7KX1-animals,3,rabbit,animals,human,human
01JVAEPB5PX8G82XMDDW4BEEXV,01JVAH00VADVS703F6DYX2DQVV-animals,penguin,3077.0,01JRZVTTBTQQRWK9V4FE1N7KX1-animals,4,rabbit,animals,human,human
01JVAEPB5PX8G82XMDDW4BEEXV,01JVAH00VADVS703F6DYX2DQVV-animals,lion,1757.0,01JRZVTTBTQQRWK9V4FE1N7KX1-animals,5,bird,animals,human,human
01JVAEPB5PX8G82XMDDW4BEEXV,01JVAH00VADVS703F6DYX2DQVV-animals,giraffe,2162.0,01JRZVTTBTQQRWK9V4FE1N7KX1-animals,6,tiger,animals,human,human
01JVAEPB5PX8G82XMDDW4BEEXV,01JVAH00VADVS703F6DYX2DQVV-animals,tiger,2644.0,01JRZVTTBTQQRWK9V4FE1N7KX1-animals,7,tiger,animals,human,human
01JVAEPB5PX8G82XMDDW4BEEXV,01JVAH00VADVS703F6DYX2DQVV-animals,leopard,2121.0,01JRZVTTBTQQRWK9V4FE1N7KX1-animals,8,rhino,animals,human,human
01JVAEPB5PX8G82XMDDW4BEEXV,01JVAH00VADVS703F6DYX2DQVV-animals,antelope,6426.0,01JRZVTTBTQQRWK9V4FE1N7KX1-animals,9,cheetah,animals,human,human
01JVAEPB5PX8G82XMDDW4BEEXV,01JVAH00VADVS703F6DYX2DQVV-animals,gorilla,5684.0,01JRZVTTBTQQRWK9V4FE1N7KX1-animals,10,deer,animals,human,human
01JVAEPB5PX8G82XMDDW4BEEXV,01JVAH00VADVS703F6DYX2DQVV-animals,lemur,2903.0,01JRZVTTBTQQRWK9V4FE1N7KX1-animals,11,monkey,animals,human,human
01JVAEPB5PX8G82XMDDW4BEEXV,01JVAH00VADVS703F6DYX2DQVV-animals,spider monkey,3741.0,01JRZVTTBTQQRWK9V4FE1N7KX1-animals,12,meerkat,animals,human,human
01JVAEPB5PX8G82XMDDW4BEEXV,01JVAH00VADVS703F6DYX2DQVV-animals,ant,1485.0,01JRZVTTBTQQRWK9V4FE1N7KX1-animals,13,chimpanze,animals,human,human
01JVAEPB5PX8G82XMDDW4BEEXV,01JVAH00VADVS703F6DYX2DQVV-animals,spider,2143.0,01JRZVTTBTQQRWK9V4FE1N7KX1-animals,14,spder,animals,human,human
01JVAEPB5PX8G82XMDDW4BEEXV,01JVAH00VADVS703F6DYX2DQVV-animals,elephant,2964.0,01JRZVTTBTQQRWK9V4FE1N7KX1-animals,15,scorpion,animals,human,human
01JVAEPB5PX8G82XMDDW4BEEXV,01JVAH00VADVS703F6DYX2DQVV-animals,chimp,5330.0,01JRZVTTBTQQRWK9V4FE1N7KX1-animals,16,rhino,animals,human,human
01JVAEPB5PX8G82XMDDW4BEEXV,01JVAH00VADVS703F6DYX2DQVV-animals,sloth,9482.0,01JRZVTTBTQQRWK9V4FE1N7KX1-animals,17,orangutan,animals,human,human
01JVAEPB5PX8G82XMDDW4BEEXV,01JVAH00VADVS703F6DYX2DQVV-animals,chinchilla,6222.0,01JRZVTTBTQQRWK9V4FE1N7KX1-animals,18,anteater,animals,human,human
01JVAEPB5PX8G82XMDDW4BEEXV,01JVAH00VADVS703F6DYX2DQVV-animals,hamster,1733.0,01JRZVTTBTQQRWK9V4FE1N7KX1-animals,19,hamster,animals,human,human
01JVAEPB5PX8G82XMDDW4BEEXV,01JVAH00VADVS703F6DYX2DQVV-animals,bear,3658.0,01JRZVTTBTQQRWK9V4FE1N7KX1-animals,20,guineapig,animals,human,human
01JVAEPB5PX8G82XMDDW4BEEXV,01JVAH00VADVS703F6DYX2DQVV-animals,panda,6402.0,01JRZVTTBTQQRWK9V4FE1N7KX1-animals,21,koala,animals,human,human
01JVAEPB5PX8G82XMDDW4BEEXV,01JVAH00VADVS703F6DYX2DQVV-animals,lizard,6204.0,01JRZVTTBTQQRWK9V4FE1N7KX1-animals,22,blackbear,animals,human,human
01JVAEPB5PX8G82XMDDW4BEEXV,01JVAH00VADVS703F6DYX2DQVV-animals,komodo dragon,5268.0,01JRZVTTBTQQRWK9V4FE1N7KX1-animals,23,komododragon,animals,human,human
01JVAEPB5PX8G82XMDDW4BEEXV,01JVAH00VADVS703F6DYX2DQVV-animals,macaque,5337.0,01JRZVTTBTQQRWK9V4FE1N7KX1-animals,24,eel,animals,human,human
01JVAEPB5PX8G82XMDDW4BEEXV,01JVAH00VADVS703F6DYX2DQVV-animals,deer,6264.0,01JRZVTTBTQQRWK9V4FE1N7KX1-animals,25,parrot,animals,human,human
01JVAEPB5PX8G82XMDDW4BEEXV,01JVAH00VADVS703F6DYX2DQVV-animals,rabbit,4931.0,01JRZVTTBTQQRWK9V4FE1N7KX1-animals,26,antelope,animals,human,human
01JVAEPB5PX8G82XMDDW4BEEXV,01JVAH00VADVS703F6DYX2DQVV-animals,rat,1212.0,01JRZVTTBTQQRWK9V4FE1N7KX1-animals,27,bunny,animals,human,human
01JVAEPB5PX8G82XMDDW4BEEXV,01JVAH00VADVS703F6DYX2DQVV-animals,mouse,1840.0,01JRZVTTBTQQRWK9V4FE1N7KX1-animals,28,mice,animals,human,human
01JVAEPB5PX8G82XMDDW4BEEXV,01JVAH00VADVS703F6DYX2DQVV-animals,vole,1057.0,01JRZVTTBTQQRWK9V4FE1N7KX1-animals,29,mice,animals,human,human
01JVAEPB5PX8G82XMDDW4BEEXV,01JVAH00VADVS703F6DYX2DQVV-animals,shrew,2527.0,01JRZVTTBTQQRWK9V4FE1N7KX1-animals,30,badger,animals,human,human
01JVAEPB5PX8G82XMDDW4BEEXV,01JVAH00VADVS703F6DYX2DQVV-animals,mole,3269.0,01JRZVTTBTQQRWK9V4FE1N7KX1-animals,31,badger,animals,human,human
01JVAEPB5PX8G82XMDDW4BEEXV,01JVAH00VADVS703F6DYX2DQVV-animals,hedgehog,8201.0,01JRZVTTBTQQRWK9V4FE1N7KX1-animals,32,badger,animals,human,human
01JVAEPB5PX8G82XMDDW4BEEXV,01JVAH00VADVS703F6DYX2DQVV-animals,porcupine,2597.0,01JRZVTTBTQQRWK9V4FE1N7KX1-animals,33,badger,animals,human,human
01JVAEPB5PX8G82XMDDW4BEEXV,01JVAH00VADVS703F6DYX2DQVV-animals,puma,5119.0,01JRZVTTBTQQRWK9V4FE1N7KX1-animals,34,badger,animals,human,human
01JVAEPB5PX8G82XMDDW4BEEXV,01JVAH00VADVS703F6DYX2DQVV-animals,jaguar,1456.0,01JRZVTTBTQQRWK9V4FE1N7KX1-animals,35,koala,animals,human,human
01JVAEPB5PX8G82XMDDW4BEEXV,01JVAH00VADVS703F6DYX2DQVV-animals,lynx,2803.0,01JRZVTTBTQQRWK9V4FE1N7KX1-animals,36,leopard,animals,human,human
01JVAEPB5PX8G82XMDDW4BEEXV,01JVAH00VADVS703F6DYX2DQVV-animals,owl,7115.0,01JRZVTTBTQQRWK9V4FE1N7KX1-animals,37,bobcat,animals,human,human
01JVAEPB5PX8G82XMDDW4BEEXV,01JVAH00VADVS703F6DYX2DQVV-animals,ostrich,3066.0,01JRZVTTBTQQRWK9V4FE1N7KX1-animals,38,parrot,animals,human,human
01JVAEPB5PX8G82XMDDW4BEEXV,01JVAH00VADVS703F6DYX2DQVV-animals,kangaroo,2427.0,01JRZVTTBTQQRWK9V4FE1N7KX1-animals,39,emu,animals,human,human
01JVAEPB5PX8G82XMDDW4BEEXV,01JVAH00VADVS703F6DYX2DQVV-animals,koala,3657.0,01JRZVTTBTQQRWK9V4FE1N7KX1-animals,40,emu,animals,human,human
01JVAEPB5PX8G82XMDDW4BEEXV,01JVAH00VADVS703F6DYX2DQVV-animals,eagle,7919.0,01JRZVTTBTQQRWK9V4FE1N7KX1-animals,41,emu,animals,human,human
01JVAEPB5PX8G82XMDDW4BEEXV,01JVAH00VADVS703F6DYX2DQVV-animals,robin,2861.0,01JRZVTTBTQQRWK9V4FE1N7KX1-animals,42,raven,animals,human,human
01JVAEPB5PX8G82XMDDW4BEEXV,01JVAH00VADVS703F6DYX2DQVV-animals,thrush,2486.0,01JRZVTTBTQQRWK9V4FE1N7KX1-animals,43,raven,animals,human,human
01JVAEPB5PX8G82XMDDW4BEEXV,01JVAH00VADVS703F6DYX2DQVV-animals,blackbird,2211.0,01JRZVTTBTQQRWK9V4FE1N7KX1-animals,44,pigeon,animals,human,human
01JVAEPB5PX8G82XMDDW4BEEXV,01JVAH00VADVS703F6DYX2DQVV-animals,wren,2889.0,01JRZVTTBTQQRWK9V4FE1N7KX1-animals,45,pigeon,animals,human,human
,01JVAGGHDDQH6C30R7EJHKDA13-supermarket,bean,7182.0,01JRZYT564ZWTP3BH3AJPNGKCA-supermarket,1,,supermarket,human,human
01JVAEPB7D4A1KV9AMQB1WTE29,01JVAGGHDDQH6C30R7EJHKDA13-supermarket,orange,2405.0,01JRZYT564ZWTP3BH3AJPNGKCA-supermarket,2,salad,supermarket,human,human
01JVAEPB7D4A1KV9AMQB1WTE29,01JVAGGHDDQH6C30R7EJHKDA13-supermarket,apple,3358.0,01JRZYT564ZWTP3BH3AJPNGKCA-supermarket,3,apple,supermarket,human,human
01JVAEPB7D4A1KV9AMQB1WTE29,01JVAGGHDDQH6C30R7EJHKDA13-supermarket,eggplant,1895.0,01JRZYT564ZWTP3BH3AJPNGKCA-supermarket,4,banana,supermarket,human,human
01JVAEPB7D4A1KV9AMQB1WTE29,01JVAGGHDDQH6C30R7EJHKDA13-supermarket,egg,1388.0,01JRZYT564ZWTP3BH3AJPNGKCA-supermarket,5,tomato,supermarket,human,human
01JVAEPB7D4A1KV9AMQB1WTE29,01JVAGGHDDQH6C30R7EJHKDA13-supermarket,strawberry,9803.0,01JRZYT564ZWTP3BH3AJPNGKCA-supermarket,6,chicken,supermarket,human,human
01JVAEPB7D4A1KV9AMQB1WTE29,01JVAGGHDDQH6C30R7EJHKDA13-supermarket,ham,2616.0,01JRZYT564ZWTP3BH3AJPNGKCA-supermarket,7,blueberry,supermarket,human,human
01JVAEPB7D4A1KV9AMQB1WTE29,01JVAGGHDDQH6C30R7EJHKDA13-supermarket,cheese,2536.0,01JRZYT564ZWTP3BH3AJPNGKCA-supermarket,8,sausage,supermarket,human,human
01JVAEPB7D4A1KV9AMQB1WTE29,01JVAGGHDDQH6C30R7EJHKDA13-supermarket,bread,1516.0,01JRZYT564ZWTP3BH3AJPNGKCA-supermarket,9,milk,supermarket,human,human
01JVAEPB7D4A1KV9AMQB1WTE29,01JVAGGHDDQH6C30R7EJHKDA13-supermarket,bacon,4707.0,01JRZYT564ZWTP3BH3AJPNGKCA-supermarket,10,milk,supermarket,human,human
01JVAEPB7D4A1KV9AMQB1WTE29,01JVAGGHDDQH6C30R7EJHKDA13-supermarket,spaghetti,4976.0,01JRZYT564ZWTP3BH3AJPNGKCA-supermarket,11,cereal,supermarket,human,human
01JVAEPB7D4A1KV9AMQB1WTE29,01JVAGGHDDQH6C30R7EJHKDA13-supermarket,pasta,1164.0,01JRZYT564ZWTP3BH3AJPNGKCA-supermarket,12,milk,supermarket,human,human
01JVAEPB7D4A1KV9AMQB1WTE29,01JVAGGHDDQH6C30R7EJHKDA13-supermarket,oil,2900.0,01JRZYT564ZWTP3BH3AJPNGKCA-supermarket,13,tomato,supermarket,human,human
01JVAEPB7D4A1KV9AMQB1WTE29,01JVAGGHDDQH6C30R7EJHKDA13-supermarket,yogurt,1822.0,01JRZYT564ZWTP3BH3AJPNGKCA-supermarket,14,tomato,supermarket,human,human
01JVAEPB7D4A1KV9AMQB1WTE29,01JVAGGHDDQH6C30R7EJHKDA13-supermarket,oat,3482.0,01JRZYT564ZWTP3BH3AJPNGKCA-supermarket,15,cheese,supermarket,human,human
01JVAEPB7D4A1KV9AMQB1WTE29,01JVAGGHDDQH6C30R7EJHKDA13-supermarket,flour,5355.0,01JRZYT564ZWTP3BH3AJPNGKCA-supermarket,16,milk,supermarket,human,human
01JVAEPB7D4A1KV9AMQB1WTE29,01JVAGGHDDQH6C30R7EJHKDA13-supermarket,sugar,1823.0,01JRZYT564ZWTP3BH3AJPNGKCA-supermarket,17,bread,supermarket,human,human
01JVAEPB7D4A1KV9AMQB1WTE29,01JVAGGHDDQH6C30R7EJHKDA13-supermarket,icing sugar,5365.0,01JRZYT564ZWTP3BH3AJPNGKCA-supermarket,18,salt,supermarket,human,human
01JVAEPB7D4A1KV9AMQB1WTE29,01JVAGGHDDQH6C30R7EJHKDA13-supermarket,roll,5052.0,01JRZYT564ZWTP3BH3AJPNGKCA-supermarket,19,salt,supermarket,human,human
01JVAEPB7D4A1KV9AMQB1WTE29,01JVAGGHDDQH6C30R7EJHKDA13-supermarket,cheese spread,5732.0,01JRZYT564ZWTP3BH3AJPNGKCA-supermarket,20,milk,supermarket,human,human
01JVAEPB7D4A1KV9AMQB1WTE29,01JVAGGHDDQH6C30R7EJHKDA13-supermarket,milk,1293.0,01JRZYT564ZWTP3BH3AJPNGKCA-supermarket,21,milk,supermarket,human,human
01JVAEPB7D4A1KV9AMQB1WTE29,01JVAGGHDDQH6C30R7EJHKDA13-supermarket,berry,6078.0,01JRZYT564ZWTP3BH3AJPNGKCA-supermarket,22,cereal,supermarket,human,human
01JVAEPB7D4A1KV9AMQB1WTE29,01JVAGGHDDQH6C30R7EJHKDA13-supermarket,blueberry,4065.0,01JRZYT564ZWTP3BH3AJPNGKCA-supermarket,23,oatmeal,supermarket,human,human
01JVAEPB7D4A1KV9AMQB1WTE29,01JVAGGHDDQH6C30R7EJHKDA13-supermarket,raspberry,3210.0,01JRZYT564ZWTP3BH3AJPNGKCA-supermarket,24,blackberry,supermarket,human,human
01JVAEPB7D4A1KV9AMQB1WTE29,01JVAGGHDDQH6C30R7EJHKDA13-supermarket,chocolate,8442.0,01JRZYT564ZWTP3BH3AJPNGKCA-supermarket,25,blackberry,supermarket,human,human
01JVAEPB7D4A1KV9AMQB1WTE29,01JVAGGHDDQH6C30R7EJHKDA13-supermarket,bread flour,6658.0,01JRZYT564ZWTP3BH3AJPNGKCA-supermarket,26,raisin,supermarket,human,human
01JVAEPB7D4A1KV9AMQB1WTE29,01JVAGGHDDQH6C30R7EJHKDA13-supermarket,custard,6304.0,01JRZYT564ZWTP3BH3AJPNGKCA-supermarket,27,yeast,supermarket,human,human
01JVAEPB7D4A1KV9AMQB1WTE29,01JVAGGHDDQH6C30R7EJHKDA13-supermarket,noodle,3241.0,01JRZYT564ZWTP3BH3AJPNGKCA-supermarket,28,pudding,supermarket,human,human
01JVAEPB7D4A1KV9AMQB1WTE29,01JVAGGHDDQH6C30R7EJHKDA13-supermarket,rice,2825.0,01JRZYT564ZWTP3BH3AJPNGKCA-supermarket,29,steak,supermarket,human,human
01JVAEPB7D4A1KV9AMQB1WTE29,01JVAGGHDDQH6C30R7EJHKDA13-supermarket,sweet sour sauce,5480.0,01JRZYT564ZWTP3BH3AJPNGKCA-supermarket,30,soup,supermarket,human,human
01JVAEPB7D4A1KV9AMQB1WTE29,01JVAGGHDDQH6C30R7EJHKDA13-supermarket,soy sauce,3408.0,01JRZYT564ZWTP3BH3AJPNGKCA-supermarket,31,chicken,supermarket,human,human
01JVAEPB7D4A1KV9AMQB1WTE29,01JVAGGHDDQH6C30R7EJHKDA13-supermarket,ketchup,1449.0,01JRZYT564ZWTP3BH3AJPNGKCA-supermarket,32,plumsauce,supermarket,human,human
01JVAEPB7D4A1KV9AMQB1WTE29,01JVAGGHDDQH6C30R7EJHKDA13-supermarket,mustard,1684.0,01JRZYT564ZWTP3BH3AJPNGKCA-supermarket,33,mustard,supermarket,human,human
01JVAEPB7D4A1KV9AMQB1WTE29,01JVAGGHDDQH6C30R7EJHKDA13-supermarket,mayonnaise,4875.0,01JRZYT564ZWTP3BH3AJPNGKCA-supermarket,34,relish,supermarket,human,human
01JVAEPB7D4A1KV9AMQB1WTE29,01JVAGGHDDQH6C30R7EJHKDA13-supermarket,salad cream,4798.0,01JRZYT564ZWTP3BH3AJPNGKCA-supermarket,35,relish,supermarket,human,human
01JVAEPB7D4A1KV9AMQB1WTE29,01JVAGGHDDQH6C30R7EJHKDA13-supermarket,brown sauce,8374.0,01JRZYT564ZWTP3BH3AJPNGKCA-supermarket,36,lettuce,supermarket,human,human
01JVAEPB7D4A1KV9AMQB1WTE29,01JVAGGHDDQH6C30R7EJHKDA13-supermarket,caramel,3042.0,01JRZYT564ZWTP3BH3AJPNGKCA-supermarket,37,relish,supermarket,human,human
01JVAEPB7D4A1KV9AMQB1WTE29,01JVAGGHDDQH6C30R7EJHKDA13-supermarket,butter,6853.0,01JRZYT564ZWTP3BH3AJPNGKCA-supermarket,38,chocolatesauce,supermarket,human,human
01JVAEPB7D4A1KV9AMQB1WTE29,01JVAGGHDDQH6C30R7EJHKDA13-supermarket,lard,4279.0,01JRZYT564ZWTP3BH3AJPNGKCA-supermarket,39,margarine,supermarket,human,human
01JVAEPB7D4A1KV9AMQB1WTE29,01JVAGGHDDQH6C30R7EJHKDA13-supermarket,baking spread,9654.0,01JRZYT564ZWTP3BH3AJPNGKCA-supermarket,40,oliveoil,supermarket,human,human
01JVAEPB7D4A1KV9AMQB1WTE29,01JVAGGHDDQH6C30R7EJHKDA13-supermarket,laundry liquid,6123.0,01JRZYT564ZWTP3BH3AJPNGKCA-supermarket,41,oliveoil,supermarket,human,human
,01JVAFNXR2J9DFXN56JSZE59KV-clothes,shirt,5600.0,01JRZTZ95WQK3WYTWKZG0DHHSD-clothes,1,,clothes,human,human
01JVAEPB6ABZ3QRD0PVY7S3C5T,01JVAFNXR2J9DFXN56JSZE59KV-clothes,tie,5053.0,01JRZTZ95WQK3WYTWKZG0DHHSD-clothes,2,top,clothes,human,human
01JVAEPB6ABZ3QRD0PVY7S3C5T,01JVAFNXR2J9DFXN56JSZE59KV-clothes,trousers,3250.0,01JRZTZ95WQK3WYTWKZG0DHHSD-clothes,3,neck,clothes,human,human
01JVAEPB6ABZ3QRD0PVY7S3C5T,01JVAFNXR2J9DFXN56JSZE59KV-clothes,belt,2929.0,01JRZTZ95WQK3WYTWKZG0DHHSD-clothes,4,socks,clothes,human,human
01JVAEPB6ABZ3QRD0PVY7S3C5T,01JVAFNXR2J9DFXN56JSZE59KV-clothes,shorts,2595.0,01JRZTZ95WQK3WYTWKZG0DHHSD-clothes,5,buckle,clothes,human,human
01JVAEPB6ABZ3QRD0PVY7S3C5T,01JVAFNXR2J9DFXN56JSZE59KV-clothes,knickers,3161.0,01JRZTZ95WQK3WYTWKZG0DHHSD-clothes,6,socks,clothes,human,human
01JVAEPB6ABZ3QRD0PVY7S3C5T,01JVAFNXR2J9DFXN56JSZE59KV-clothes,sock,1957.0,01JRZTZ95WQK3WYTWKZG0DHHSD-clothes,7,socks,clothes,human,human
01JVAEPB6ABZ3QRD0PVY7S3C5T,01JVAFNXR2J9DFXN56JSZE59KV-clothes,jacket,3301.0,01JRZTZ95WQK3WYTWKZG0DHHSD-clothes,8,shoes,clothes,human,human
01JVAEPB6ABZ3QRD0PVY7S3C5T,01JVAFNXR2J9DFXN56JSZE59KV-clothes,jeans,4919.0,01JRZTZ95WQK3WYTWKZG0DHHSD-clothes,9,hat,clothes,human,human
01JVAEPB6ABZ3QRD0PVY7S3C5T,01JVAFNXR2J9DFXN56JSZE59KV-clothes,pants,2674.0,01JRZTZ95WQK3WYTWKZG0DHHSD-clothes,10,pocket,clothes,human,human
01JVAEPB6ABZ3QRD0PVY7S3C5T,01JVAFNXR2J9DFXN56JSZE59KV-clothes,glove,3415.0,01JRZTZ95WQK3WYTWKZG0DHHSD-clothes,11,undies,clothes,human,human
01JVAEPB6ABZ3QRD0PVY7S3C5T,01JVAFNXR2J9DFXN56JSZE59KV-clothes,hat,1679.0,01JRZTZ95WQK3WYTWKZG0DHHSD-clothes,12,sweater,clothes,human,human
01JVAEPB6ABZ3QRD0PVY7S3C5T,01JVAFNXR2J9DFXN56JSZE59KV-clothes,scarf,2626.0,01JRZTZ95WQK3WYTWKZG0DHHSD-clothes,13,coat,clothes,human,human
01JVAEPB6ABZ3QRD0PVY7S3C5T,01JVAFNXR2J9DFXN56JSZE59KV-clothes,cap,16208.0,01JRZTZ95WQK3WYTWKZG0DHHSD-clothes,14,red,clothes,human,human
01JVAEPB6ABZ3QRD0PVY7S3C5T,01JVAFNXR2J9DFXN56JSZE59KV-clothes,coat,14085.0,01JRZTZ95WQK3WYTWKZG0DHHSD-clothes,15,helmet,clothes,human,human
01JVAEPB6ABZ3QRD0PVY7S3C5T,01JVAFNXR2J9DFXN56JSZE59KV-clothes,wellington boot,10002.0,01JRZTZ95WQK3WYTWKZG0DHHSD-clothes,16,jumper,clothes,human,human
01JVAEPB6ABZ3QRD0PVY7S3C5T,01JVAFNXR2J9DFXN56JSZE59KV-clothes,slipper,3366.0,01JRZTZ95WQK3WYTWKZG0DHHSD-clothes,17,trainers,clothes,human,human
01JVAEPB6ABZ3QRD0PVY7S3C5T,01JVAFNXR2J9DFXN56JSZE59KV-clothes,flip flop,4209.0,01JRZTZ95WQK3WYTWKZG0DHHSD-clothes,18,trainers,clothes,human,human
01JVAEPB6ABZ3QRD0PVY7S3C5T,01JVAFNXR2J9DFXN56JSZE59KV-clothes,sandal,8546.0,01JRZTZ95WQK3WYTWKZG0DHHSD-clothes,19,trainers,clothes,human,human
01JVAEPB6ABZ3QRD0PVY7S3C5T,01JVAFNXR2J9DFXN56JSZE59KV-clothes,sweatshirt,5364.0,01JRZTZ95WQK3WYTWKZG0DHHSD-clothes,20,trainers,clothes,human,human
01JVAEPB6ABZ3QRD0PVY7S3C5T,01JVAFNXR2J9DFXN56JSZE59KV-clothes,t-shirt,3569.0,01JRZTZ95WQK3WYTWKZG0DHHSD-clothes,21,jumper,clothes,human,human
01JVAEPB6ABZ3QRD0PVY7S3C5T,01JVAFNXR2J9DFXN56JSZE59KV-clothes,muscle shirt,4405.0,01JRZTZ95WQK3WYTWKZG0DHHSD-clothes,22,vest,clothes,human,human
01JVAEPB6ABZ3QRD0PVY7S3C5T,01JVAFNXR2J9DFXN56JSZE59KV-clothes,anorak,6545.0,01JRZTZ95WQK3WYTWKZG0DHHSD-clothes,23,bra,clothes,human,human
01JVAEPB6ABZ3QRD0PVY7S3C5T,01JVAFNXR2J9DFXN56JSZE59KV-clothes,bowler hat,3776.0,01JRZTZ95WQK3WYTWKZG0DHHSD-clothes,24,booblehat,clothes,human,human
01JVAEPB6ABZ3QRD0PVY7S3C5T,01JVAFNXR2J9DFXN56JSZE59KV-clothes,top hat,4244.0,01JRZTZ95WQK3WYTWKZG0DHHSD-clothes,25,bobblehat,clothes,human,human
01JVAEPB6ABZ3QRD0PVY7S3C5T,01JVAFNXR2J9DFXN56JSZE59KV-clothes,balaclava,9411.0,01JRZTZ95WQK3WYTWKZG0DHHSD-clothes,26,flatcap,clothes,human,human
01JVAEPB6ABZ3QRD0PVY7S3C5T,01JVAFNXR2J9DFXN56JSZE59KV-clothes,headband,7793.0,01JRZTZ95WQK3WYTWKZG0DHHSD-clothes,27,bobblehat,clothes,human,human
01JVAEPB6ABZ3QRD0PVY7S3C5T,01JVAFNXR2J9DFXN56JSZE59KV-clothes,vest,7866.0,01JRZTZ95WQK3WYTWKZG0DHHSD-clothes,28,sweatband,clothes,human,human
01JVAEPB6ABZ3QRD0PVY7S3C5T,01JVAFNXR2J9DFXN56JSZE59KV-clothes,wristband,9796.0,01JRZTZ95WQK3WYTWKZG0DHHSD-clothes,29,pullover,clothes,human,human
01JVAEPB6ABZ3QRD0PVY7S3C5T,01JVAFNXR2J9DFXN56JSZE59KV-clothes,plimsoll,8894.0,01JRZTZ95WQK3WYTWKZG0DHHSD-clothes,30,bra,clothes,human,human
01JVAEPB6ABZ3QRD0PVY7S3C5T,01JVAFNXR2J9DFXN56JSZE59KV-clothes,trainer,5158.0,01JRZTZ95WQK3WYTWKZG0DHHSD-clothes,31,trainers,clothes,human,human
,01JVAFQEFCFR9BRED0HHWNQ7CC-clothes,shirt,3531.0,01JRZVB1ZZWP72ABKRJBM128E4-clothes,1,,clothes,human,human
01JVAEPB6B8S084JJ3QJ21F4EK,01JVAFQEFCFR9BRED0HHWNQ7CC-clothes,skirt,1676.0,01JRZVB1ZZWP72ABKRJBM128E4-clothes,2,pants,clothes,human,human
01JVAEPB6B8S084JJ3QJ21F4EK,01JVAFQEFCFR9BRED0HHWNQ7CC-clothes,tennis shoe,6276.0,01JRZVB1ZZWP72ABKRJBM128E4-clothes,3,shorts,clothes,human,human
01JVAEPB6B8S084JJ3QJ21F4EK,01JVAFQEFCFR9BRED0HHWNQ7CC-clothes,flip flop,2679.0,01JRZVB1ZZWP72ABKRJBM128E4-clothes,4,underwear,clothes,human,human
01JVAEPB6B8S084JJ3QJ21F4EK,01JVAFQEFCFR9BRED0HHWNQ7CC-clothes,sandal,4270.0,01JRZVB1ZZWP72ABKRJBM128E4-clothes,5,jeans,clothes,human,human
01JVAEPB6B8S084JJ3QJ21F4EK,01JVAFQEFCFR9BRED0HHWNQ7CC-clothes,pants,3721.0,01JRZVB1ZZWP72ABKRJBM128E4-clothes,6,runningshoes,clothes,human,human
01JVAEPB6B8S084JJ3QJ21F4EK,01JVAFQEFCFR9BRED0HHWNQ7CC-clothes,trousers,2986.0,01JRZVB1ZZWP72ABKRJBM128E4-clothes,7,jeans,clothes,human,human
01JVAEPB6B8S084JJ3QJ21F4EK,01JVAFQEFCFR9BRED0HHWNQ7CC-clothes,shorts,2429.0,01JRZVB1ZZWP72ABKRJBM128E4-clothes,8,blouse,clothes,human,human
01JVAEPB6B8S084JJ3QJ21F4EK,01JVAFQEFCFR9BRED0HHWNQ7CC-clothes,sock,9370.0,01JRZVB1ZZWP72ABKRJBM128E4-clothes,9,jacket,clothes,human,human
01JVAEPB6B8S084JJ3QJ21F4EK,01JVAFQEFCFR9BRED0HHWNQ7CC-clothes,hat,5176.0,01JRZVB1ZZWP72ABKRJBM128E4-clothes,10,shoes,clothes,human,human
01JVAEPB6B8S084JJ3QJ21F4EK,01JVAFQEFCFR9BRED0HHWNQ7CC-clothes,fedora,1514.0,01JRZVB1ZZWP72ABKRJBM128E4-clothes,11,scarf,clothes,human,human
01JVAEPB6B8S084JJ3QJ21F4EK,01JVAFQEFCFR9BRED0HHWNQ7CC-clothes,bandana,6569.0,01JRZVB1ZZWP72ABKRJBM128E4-clothes,12,baseballcap,clothes,human,human
01JVAEPB6B8S084JJ3QJ21F4EK,01JVAFQEFCFR9BRED0HHWNQ7CC-clothes,headband,5119.0,01JRZVB1ZZWP72ABKRJBM128E4-clothes,13,gloves,clothes,human,human
01JVAEPB6B8S084JJ3QJ21F4EK,01JVAFQEFCFR9BRED0HHWNQ7CC-clothes,scarf,3995.0,01JRZVB1ZZWP72ABKRJBM128E4-clothes,14,parka,clothes,human,human
01JVAEPB6B8S084JJ3QJ21F4EK,01JVAFQEFCFR9BRED0HHWNQ7CC-clothes,necklace,3279.0,01JRZVB1ZZWP72ABKRJBM128E4-clothes,15,raincoat,clothes,human,human
01JVAEPB6B8S084JJ3QJ21F4EK,01JVAFQEFCFR9BRED0HHWNQ7CC-clothes,glove,4395.0,01JRZVB1ZZWP72ABKRJBM128E4-clothes,16,watch,clothes,human,human
01JVAEPB6B8S084JJ3QJ21F4EK,01JVAFQEFCFR9BRED0HHWNQ7CC-clothes,mitten,1305.0,01JRZVB1ZZWP72ABKRJBM128E4-clothes,17,socks,clothes,human,human
01JVAEPB6B8S084JJ3QJ21F4EK,01JVAFQEFCFR9BRED0HHWNQ7CC-clothes,jeans,9100.0,01JRZVB1ZZWP72ABKRJBM128E4-clothes,18,parka,clothes,human,human
01JVAEPB6B8S084JJ3QJ21F4EK,01JVAFQEFCFR9BRED0HHWNQ7CC-clothes,button down,6091.0,01JRZVB1ZZWP72ABKRJBM128E4-clothes,19,hat,clothes,human,human
01JVAEPB6B8S084JJ3QJ21F4EK,01JVAFQEFCFR9BRED0HHWNQ7CC-clothes,long sleeve shirt,5350.0,01JRZVB1ZZWP72ABKRJBM128E4-clothes,20,pullover,clothes,human,human
01JVAEPB6B8S084JJ3QJ21F4EK,01JVAFQEFCFR9BRED0HHWNQ7CC-clothes,dress,2426.0,01JRZVB1ZZWP72ABKRJBM128E4-clothes,21,shortsleeveshirt,clothes,human,human
01JVAEPB6B8S084JJ3QJ21F4EK,01JVAFQEFCFR9BRED0HHWNQ7CC-clothes,high heel,14155.0,01JRZVB1ZZWP72ABKRJBM128E4-clothes,22,gown,clothes,human,human
01JVAEPB6B8S084JJ3QJ21F4EK,01JVAFQEFCFR9BRED0HHWNQ7CC-clothes,boot,1442.0,01JRZVB1ZZWP72ABKRJBM128E4-clothes,23,runningshoes,clothes,human,human
01JVAEPB6B8S084JJ3QJ21F4EK,01JVAFQEFCFR9BRED0HHWNQ7CC-clothes,girdle,10904.0,01JRZVB1ZZWP72ABKRJBM128E4-clothes,24,thermalunderwear,clothes,human,human
01JVAEPB6B8S084JJ3QJ21F4EK,01JVAFQEFCFR9BRED0HHWNQ7CC-clothes,suit,1776.0,01JRZVB1ZZWP72ABKRJBM128E4-clothes,25,stockings,clothes,human,human
01JVAEPB6B8S084JJ3QJ21F4EK,01JVAFQEFCFR9BRED0HHWNQ7CC-clothes,tie,788.0,01JRZVB1ZZWP72ABKRJBM128E4-clothes,26,vest,clothes,human,human
01JVAEPB6B8S084JJ3QJ21F4EK,01JVAFQEFCFR9BRED0HHWNQ7CC-clothes,tuxedo,3825.0,01JRZVB1ZZWP72ABKRJBM128E4-clothes,27,socks,clothes,human,human
01JVAEPB6B8S084JJ3QJ21F4EK,01JVAFQEFCFR9BRED0HHWNQ7CC-clothes,gown,1144.0,01JRZVB1ZZWP72ABKRJBM128E4-clothes,28,tshirt,clothes,human,human
01JVAEPB6B8S084JJ3QJ21F4EK,01JVAFQEFCFR9BRED0HHWNQ7CC-clothes,cufflink,3740.0,01JRZVB1ZZWP72ABKRJBM128E4-clothes,29,dress,clothes,human,human
01JVAEPB6B8S084JJ3QJ21F4EK,01JVAFQEFCFR9BRED0HHWNQ7CC-clothes,vest,7162.0,01JRZVB1ZZWP72ABKRJBM128E4-clothes,30,pin,clothes,human,human
01JVAEPB6B8S084JJ3QJ21F4EK,01JVAFQEFCFR9BRED0HHWNQ7CC-clothes,bow tie,2997.0,01JRZVB1ZZWP72ABKRJBM128E4-clothes,31,pants,clothes,human,human
01JVAEPB6B8S084JJ3QJ21F4EK,01JVAFQEFCFR9BRED0HHWNQ7CC-clothes,tutu,9824.0,01JRZVB1ZZWP72ABKRJBM128E4-clothes,32,necktie,clothes,human,human
01JVAEPB6B8S084JJ3QJ21F4EK,01JVAFQEFCFR9BRED0HHWNQ7CC-clothes,skort,8819.0,01JRZVB1ZZWP72ABKRJBM128E4-clothes,33,necktie,clothes,human,human
01JVAEPB6B8S084JJ3QJ21F4EK,01JVAFQEFCFR9BRED0HHWNQ7CC-clothes,bootie,12293.0,01JRZVB1ZZWP72ABKRJBM128E4-clothes,34,necktie,clothes,human,human
,01K4DTF1JRF4XTM6XJZFP1F526-animals,dog,8152.0,01K0Q78GGR3WY6WCZXSPBW9GVE-animals,1,,animals,human,human
01K4DSNAF3747GB3E5H3YDWMV5,01K4DTF1JRF4XTM6XJZFP1F526-animals,cat,1621.0,01K0Q78GGR3WY6WCZXSPBW9GVE-animals,2,cat,animals,human,human
01K4DSNAF3747GB3E5H3YDWMV5,01K4DTF1JRF4XTM6XJZFP1F526-animals,horse,2236.0,01K0Q78GGR3WY6WCZXSPBW9GVE-animals,3,rabbit,animals,human,human
01K4DSNAF3747GB3E5H3YDWMV5,01K4DTF1JRF4XTM6XJZFP1F526-animals,cow,1528.0,01K0Q78GGR3WY6WCZXSPBW9GVE-animals,4,rabbit,animals,human,human
01K4DSNAF3747GB3E5H3YDWMV5,01K4DTF1JRF4XTM6XJZFP1F526-animals,snake,2897.0,01K0Q78GGR3WY6WCZXSPBW9GVE-animals,5,sheep,animals,human,human
01K4DSNAF3747GB3E5H3YDWMV5,01K4DTF1JRF4XTM6XJZFP1F526-animals,rabbit,3073.0,01K0Q78GGR3WY6WCZXSPBW9GVE-animals,6,lizard,animals,human,human
01K4DSNAF3747GB3E5H3YDWMV5,01K4DTF1JRF4XTM6XJZFP1F526-animals,bird,3160.0,01K0Q78GGR3WY6WCZXSPBW9GVE-animals,7,lion,animals,human,human
01K4DSNAF3747GB3E5H3YDWMV5,01K4DTF1JRF4XTM6XJZFP1F526-animals,elephant,5727.0,01K0Q78GGR3WY6WCZXSPBW9GVE-animals,8,lion,animals,human,human
01K4DSNAF3747GB3E5H3YDWMV5,01K4DTF1JRF4XTM6XJZFP1F526-animals,tiger,2795.0,01K0Q78GGR3WY6WCZXSPBW9GVE-animals,9,giraffe,animals,human,human
01K4DSNAF3747GB3E5H3YDWMV5,01K4DTF1JRF4XTM6XJZFP1F526-animals,lion,1983.0,01K0Q78GGR3WY6WCZXSPBW9GVE-animals,10,lion,animals,human,human
01K4DSNAF3747GB3E5H3YDWMV5,01K4DTF1JRF4XTM6XJZFP1F526-animals,flamingo,5058.0,01K0Q78GGR3WY6WCZXSPBW9GVE-animals,11,bear,animals,human,human
01K4DSNAF3747GB3E5H3YDWMV5,01K4DTF1JRF4XTM6XJZFP1F526-animals,penguin,3586.0,01K0Q78GGR3WY6WCZXSPBW9GVE-animals,12,whale,animals,human,human
01K4DSNAF3747GB3E5H3YDWMV5,01K4DTF1JRF4XTM6XJZFP1F526-animals,rhino,4377.0,01K0Q78GGR3WY6WCZXSPBW9GVE-animals,13,seal,animals,human,human
01K4DSNAF3747GB3E5H3YDWMV5,01K4DTF1JRF4XTM6XJZFP1F526-animals,hippopotamus,2104.0,01K0Q78GGR3WY6WCZXSPBW9GVE-animals,14,girsffe,animals,human,human
01K4DSNAF3747GB3E5H3YDWMV5,01K4DTF1JRF4XTM6XJZFP1F526-animals,mouse,5041.0,01K0Q78GGR3WY6WCZXSPBW9GVE-animals,15,crocodile,animals,human,human
01K4DSNAF3747GB3E5H3YDWMV5,01K4DTF1JRF4XTM6XJZFP1F526-animals,pig,2006.0,01K0Q78GGR3WY6WCZXSPBW9GVE-animals,16,hamster,animals,human,human
01K4DSNAF3747GB3E5H3YDWMV5,01K4DTF1JRF4XTM6XJZFP1F526-animals,chicken,1338.0,01K0Q78GGR3WY6WCZXSPBW9GVE-animals,17,sheep,animals,human,human
01K4DSNAF3747GB3E5H3YDWMV5,01K4DTF1JRF4XTM6XJZFP1F526-animals,hen,1703.0,01K0Q78GGR3WY6WCZXSPBW9GVE-animals,18,sheep,animals,human,human
01K4DSNAF3747GB3E5H3YDWMV5,01K4DTF1JRF4XTM6XJZFP1F526-animals,worm,11942.0,01K0Q78GGR3WY6WCZXSPBW9GVE-animals,19,sheep,animals,human,human
01K4DSNAF3747GB3E5H3YDWMV5,01K4DTF1JRF4XTM6XJZFP1F526-animals,ant,4127.0,01K0Q78GGR3WY6WCZXSPBW9GVE-animals,20,bee,animals,human,human
01K4DSNAF3747GB3E5H3YDWMV5,01K4DTF1JRF4XTM6XJZFP1F526-animals,grasshopper,11270.0,01K0Q78GGR3WY6WCZXSPBW9GVE-animals,21,wasp,animals,human,human
01K4DSNAF3747GB3E5H3YDWMV5,01K4DTF1JRF4XTM6XJZFP1F526-animals,butterfly,14721.0,01K0Q78GGR3WY6WCZXSPBW9GVE-animals,22,cricket,animals,human,human
01K4DSNAF3747GB3E5H3YDWMV5,01K4DTF1JRF4XTM6XJZFP1F526-animals,moth,2668.0,01K0Q78GGR3WY6WCZXSPBW9GVE-animals,23,moth,animals,human,human
01K4DSNAF3747GB3E5H3YDWMV5,01K4DTF1JRF4XTM6XJZFP1F526-animals,bee,11361.0,01K0Q78GGR3WY6WCZXSPBW9GVE-animals,24,spider,animals,human,human
01K4DSNAF3747GB3E5H3YDWMV5,01K4DTF1JRF4XTM6XJZFP1F526-animals,zebra,3173.0,01K0Q78GGR3WY6WCZXSPBW9GVE-animals,25,wasp,animals,human,human
01K4DSNAF3747GB3E5H3YDWMV5,01K4DTF1JRF4XTM6XJZFP1F526-animals,jaguar,11963.0,01K0Q78GGR3WY6WCZXSPBW9GVE-animals,26,lion,animals,human,human
01K4DSNAF3747GB3E5H3YDWMV5,01K4DTF1JRF4XTM6XJZFP1F526-animals,pigeon,10300.0,01K0Q78GGR3WY6WCZXSPBW9GVE-animals,27,cheetah,animals,human,human
01K4DSNAF3747GB3E5H3YDWMV5,01K4DTF1JRF4XTM6XJZFP1F526-animals,kangaroo,13214.0,01K0Q78GGR3WY6WCZXSPBW9GVE-animals,28,eagle,animals,human,human
01K4DSNAF3747GB3E5H3YDWMV5,01K4DTF1JRF4XTM6XJZFP1F526-animals,koala,13496.0,01K0Q78GGR3WY6WCZXSPBW9GVE-animals,29,wallaby,animals,human,human
01K4DSNAF3747GB3E5H3YDWMV5,01K4DTF1JRF4XTM6XJZFP1F526-animals,polar bear,3695.0,01K0Q78GGR3WY6WCZXSPBW9GVE-animals,30,sloth,animals,human,human
01K4DSNAF3747GB3E5H3YDWMV5,01K4DTF1JRF4XTM6XJZFP1F526-animals,bear,8717.0,01K0Q78GGR3WY6WCZXSPBW9GVE-animals,31,seal,animals,human,human
,01K4DTEGAZKAJFZAKSTBYQ5NZT-animals,cat,5391.0,01JRZTZ95WQK3WYTWKZG0DHHSD-animals,1,,animals,human,human
01K4DSN8PZH0VA9P9XQP0EFA19,01K4DTEGAZKAJFZAKSTBYQ5NZT-animals,dog,2380.0,01JRZTZ95WQK3WYTWKZG0DHHSD-animals,2,dog,animals,human,human
01K4DSN8PZH0VA9P9XQP0EFA19,01K4DTEGAZKAJFZAKSTBYQ5NZT-animals,aardvark,4394.0,01JRZTZ95WQK3WYTWKZG0DHHSD-animals,3,cow,animals,human,human
01K4DSN8PZH0VA9P9XQP0EFA19,01K4DTEGAZKAJFZAKSTBYQ5NZT-animals,monkey,5841.0,01JRZTZ95WQK3WYTWKZG0DHHSD-animals,4,antelope,animals,human,human
01K4DSN8PZH0VA9P9XQP0EFA19,01K4DTEGAZKAJFZAKSTBYQ5NZT-animals,camel,2901.0,01JRZTZ95WQK3WYTWKZG0DHHSD-animals,5,chimp,animals,human,human
01K4DSN8PZH0VA9P9XQP0EFA19,01K4DTEGAZKAJFZAKSTBYQ5NZT-animals,horse,2807.0,01JRZTZ95WQK3WYTWKZG0DHHSD-animals,6,giraffe,animals,human,human
01K4DSN8PZH0VA9P9XQP0EFA19,01K4DTEGAZKAJFZAKSTBYQ5NZT-animals,cow,4538.0,01JRZTZ95WQK3WYTWKZG0DHHSD-animals,7,donkey,animals,human,human
01K4DSN8PZH0VA9P9XQP0EFA19,01K4DTEGAZKAJFZAKSTBYQ5NZT-animals,sheep,1988.0,01JRZTZ95WQK3WYTWKZG0DHHSD-animals,8,sheep,animals,human,human
01K4DSN8PZH0VA9P9XQP0EFA19,01K4DTEGAZKAJFZAKSTBYQ5NZT-animals,lamb,1665.0,01JRZTZ95WQK3WYTWKZG0DHHSD-animals,9,pig,animals,human,human
01K4DSN8PZH0VA9P9XQP0EFA19,01K4DTEGAZKAJFZAKSTBYQ5NZT-animals,goat,3400.0,01JRZTZ95WQK3WYTWKZG0DHHSD-animals,10,pig,animals,human,human
01K4DSN8PZH0VA9P9XQP0EFA19,01K4DTEGAZKAJFZAKSTBYQ5NZT-animals,buffalo,5455.0,01JRZTZ95WQK3WYTWKZG0DHHSD-animals,11,pig,animals,human,human
01K4DSN8PZH0VA9P9XQP0EFA19,01K4DTEGAZKAJFZAKSTBYQ5NZT-animals,lion,3754.0,01JRZTZ95WQK3WYTWKZG0DHHSD-animals,12,pig,animals,human,human
01K4DSN8PZH0VA9P9XQP0EFA19,01K4DTEGAZKAJFZAKSTBYQ5NZT-animals,cheetah,2406.0,01JRZTZ95WQK3WYTWKZG0DHHSD-animals,13,tiger,animals,human,human
01K4DSN8PZH0VA9P9XQP0EFA19,01K4DTEGAZKAJFZAKSTBYQ5NZT-animals,jaguar,2577.0,01JRZTZ95WQK3WYTWKZG0DHHSD-animals,14,tiger,animals,human,human
01K4DSN8PZH0VA9P9XQP0EFA19,01K4DTEGAZKAJFZAKSTBYQ5NZT-animals,leopard,3815.0,01JRZTZ95WQK3WYTWKZG0DHHSD-animals,15,tiger,animals,human,human
01K4DSN8PZH0VA9P9XQP0EFA19,01K4DTEGAZKAJFZAKSTBYQ5NZT-animals,snake,4119.0,01JRZTZ95WQK3WYTWKZG0DHHSD-animals,16,tiger,animals,human,human
01K4DSN8PZH0VA9P9XQP0EFA19,01K4DTEGAZKAJFZAKSTBYQ5NZT-animals,lizard,3849.0,01JRZTZ95WQK3WYTWKZG0DHHSD-animals,17,lizard,animals,human,human
01K4DSN8PZH0VA9P9XQP0EFA19,01K4DTEGAZKAJFZAKSTBYQ5NZT-animals,gecko,2880.0,01JRZTZ95WQK3WYTWKZG0DHHSD-animals,18,frog,animals,human,human
01K4DSN8PZH0VA9P9XQP0EFA19,01K4DTEGAZKAJFZAKSTBYQ5NZT-animals,anteater,5284.0,01JRZTZ95WQK3WYTWKZG0DHHSD-animals,19,frog,animals,human,human
01K4DSN8PZH0VA9P9XQP0EFA19,01K4DTEGAZKAJFZAKSTBYQ5NZT-animals,crocodile,9036.0,01JRZTZ95WQK3WYTWKZG0DHHSD-animals,20,toad,animals,human,human
01K4DSN8PZH0VA9P9XQP0EFA19,01K4DTEGAZKAJFZAKSTBYQ5NZT-animals,alligator,4588.0,01JRZTZ95WQK3WYTWKZG0DHHSD-animals,21,alligator,animals,human,human
01K4DSN8PZH0VA9P9XQP0EFA19,01K4DTEGAZKAJFZAKSTBYQ5NZT-animals,fish,4949.0,01JRZTZ95WQK3WYTWKZG0DHHSD-animals,22,frog,animals,human,human
01K4DSN8PZH0VA9P9XQP0EFA19,01K4DTEGAZKAJFZAKSTBYQ5NZT-animals,whale,1608.0,01JRZTZ95WQK3WYTWKZG0DHHSD-animals,23,shark,animals,human,human
01K4DSN8PZH0VA9P9XQP0EFA19,01K4DTEGAZKAJFZAKSTBYQ5NZT-animals,dolphin,3540.0,01JRZTZ95WQK3WYTWKZG0DHHSD-animals,24,shark,animals,human,human
01K4DSN8PZH0VA9P9XQP0EFA19,01K4DTEGAZKAJFZAKSTBYQ5NZT-animals,shark,2700.0,01JRZTZ95WQK3WYTWKZG0DHHSD-animals,25,shark,animals,human,human
01K4DSN8PZH0VA9P9XQP0EFA19,01K4DTEGAZKAJFZAKSTBYQ5NZT-animals,octopus,3107.0,01JRZTZ95WQK3WYTWKZG0DHHSD-animals,26,eel,animals,human,human
01K4DSN8PZH0VA9P9XQP0EFA19,01K4DTEGAZKAJFZAKSTBYQ5NZT-animals,cuttlefish,4243.0,01JRZTZ95WQK3WYTWKZG0DHHSD-animals,27,eel,animals,human,human
01K4DSN8PZH0VA9P9XQP0EFA19,01K4DTEGAZKAJFZAKSTBYQ5NZT-animals,starfish,8917.0,01JRZTZ95WQK3WYTWKZG0DHHSD-animals,28,squid,animals,human,human
01K4DSN8PZH0VA9P9XQP0EFA19,01K4DTEGAZKAJFZAKSTBYQ5NZT-animals,crab,3553.0,01JRZTZ95WQK3WYTWKZG0DHHSD-animals,29,squid,animals,human,human
01K4DSN8PZH0VA9P9XQP0EFA19,01K4DTEGAZKAJFZAKSTBYQ5NZT-animals,lobster,3542.0,01JRZTZ95WQK3WYTWKZG0DHHSD-animals,30,lobster,animals,human,human
01K4DSN8PZH0VA9P9XQP0EFA19,01K4DTEGAZKAJFZAKSTBYQ5NZT-animals,prawn,3010.0,01JRZTZ95WQK3WYTWKZG0DHHSD-animals,31,squid,animals,human,human
01K4DSN8PZH0VA9P9XQP0EFA19,01K4DTEGAZKAJFZAKSTBYQ5NZT-animals,orca,4776.0,01JRZTZ95WQK3WYTWKZG0DHHSD-animals,32,squid,animals,human,human
01K4DSN8PZH0VA9P9XQP0EFA19,01K4DTEGAZKAJFZAKSTBYQ5NZT-animals,killer whale,4059.0,01JRZTZ95WQK3WYTWKZG0DHHSD-animals,33,beluga,animals,human,human
01K4DSN8PZH0VA9P9XQP0EFA19,01K4DTEGAZKAJFZAKSTBYQ5NZT-animals,crow,3593.0,01JRZTZ95WQK3WYTWKZG0DHHSD-animals,34,beluga,animals,human,human
01K4DSN8PZH0VA9P9XQP0EFA19,01K4DTEGAZKAJFZAKSTBYQ5NZT-animals,robin,6158.0,01JRZTZ95WQK3WYTWKZG0DHHSD-animals,35,parrot,animals,human,human
01K4DSN8PZH0VA9P9XQP0EFA19,01K4DTEGAZKAJFZAKSTBYQ5NZT-animals,blackbird,4622.0,01JRZTZ95WQK3WYTWKZG0DHHSD-animals,36,eagle,animals,human,human
01K4DSN8PZH0VA9P9XQP0EFA19,01K4DTEGAZKAJFZAKSTBYQ5NZT-animals,pigeon,5693.0,01JRZTZ95WQK3WYTWKZG0DHHSD-animals,37,eagle,animals,human,human
01K4DSN8PZH0VA9P9XQP0EFA19,01K4DTEGAZKAJFZAKSTBYQ5NZT-animals,ostrich,3751.0,01JRZTZ95WQK3WYTWKZG0DHHSD-animals,38,eagle,animals,human,human
01K4DSN8PZH0VA9P9XQP0EFA19,01K4DTEGAZKAJFZAKSTBYQ5NZT-animals,emu,2969.0,01JRZTZ95WQK3WYTWKZG0DHHSD-animals,39,eagle,animals,human,human
01K4DSN8PZH0VA9P9XQP0EFA19,01K4DTEGAZKAJFZAKSTBYQ5NZT-animals,alpaca,3625.0,01JRZTZ95WQK3WYTWKZG0DHHSD-animals,40,eagle,animals,human,human
01K4DSN8PZH0VA9P9XQP0EFA19,01K4DTEGAZKAJFZAKSTBYQ5NZT-animals,donkey,3518.0,01JRZTZ95WQK3WYTWKZG0DHHSD-animals,41,llama,animals,human,human
01K4DSN8PZH0VA9P9XQP0EFA19,01K4DTEGAZKAJFZAKSTBYQ5NZT-animals,mule,3551.0,01JRZTZ95WQK3WYTWKZG0DHHSD-animals,42,mule,animals,human,human
01K4DSN8PZH0VA9P9XQP0EFA19,01K4DTEGAZKAJFZAKSTBYQ5NZT-animals,duck,2577.0,01JRZTZ95WQK3WYTWKZG0DHHSD-animals,43,horse,animals,human,human
01K4DSN8PZH0VA9P9XQP0EFA19,01K4DTEGAZKAJFZAKSTBYQ5NZT-animals,swan,2617.0,01JRZTZ95WQK3WYTWKZG0DHHSD-animals,44,mallet,animals,human,human
,01K4DTCSNT3M7E3JV6D5RWWJVD-supermarket,broccoli,16854.0,01JRZV53T5D6P8DAW3P48PQSX0-supermarket,1,,supermarket,human,human
01K4DSNBAPE2BNDFNXKPVZ86GC,01K4DTCSNT3M7E3JV6D5RWWJVD-supermarket,milk,5107.0,01JRZV53T5D6P8DAW3P48PQSX0-supermarket,2,eggs,supermarket,human,human
01K4DSNBAPE2BNDFNXKPVZ86GC,01K4DTCSNT3M7E3JV6D5RWWJVD-supermarket,egg,2625.0,01JRZV53T5D6P8DAW3P48PQSX0-supermarket,3,eggs,supermarket,human,human
01K4DSNBAPE2BNDFNXKPVZ86GC,01K4DTCSNT3M7E3JV6D5RWWJVD-supermarket,bread,4214.0,01JRZV53T5D6P8DAW3P48PQSX0-supermarket,4,bread,supermarket,human,human
01K4DSNBAPE2BNDFNXKPVZ86GC,01K4DTCSNT3M7E3JV6D5RWWJVD-supermarket,butter,2752.0,01JRZV53T5D6P8DAW3P48PQSX0-supermarket,5,chicken,supermarket,human,human
01K4DSNBAPE2BNDFNXKPVZ86GC,01K4DTCSNT3M7E3JV6D5RWWJVD-supermarket,cheese,4016.0,01JRZV53T5D6P8DAW3P48PQSX0-supermarket,6,meat,supermarket,human,human
01K4DSNBAPE2BNDFNXKPVZ86GC,01K4DTCSNT3M7E3JV6D5RWWJVD-supermarket,chicken,4267.0,01JRZV53T5D6P8DAW3P48PQSX0-supermarket,7,yogurt,supermarket,human,human
01K4DSNBAPE2BNDFNXKPVZ86GC,01K4DTCSNT3M7E3JV6D5RWWJVD-supermarket,apple,3072.0,01JRZV53T5D6P8DAW3P48PQSX0-supermarket,8,beef,supermarket,human,human
01K4DSNBAPE2BNDFNXKPVZ86GC,01K4DTCSNT3M7E3JV6D5RWWJVD-supermarket,banana,4697.0,01JRZV53T5D6P8DAW3P48PQSX0-supermarket,9,corn,supermarket,human,human
01K4DSNBAPE2BNDFNXKPVZ86GC,01K4DTCSNT3M7E3JV6D5RWWJVD-supermarket,rice,4346.0,01JRZV53T5D6P8DAW3P48PQSX0-supermarket,10,oranges,supermarket,human,human
01K4DSNBAPE2BNDFNXKPVZ86GC,01K4DTCSNT3M7E3JV6D5RWWJVD-supermarket,pasta,3758.0,01JRZV53T5D6P8DAW3P48PQSX0-supermarket,11,pasta,supermarket,human,human
01K4DSNBAPE2BNDFNXKPVZ86GC,01K4DTCSNT3M7E3JV6D5RWWJVD-supermarket,cereal,3709.0,01JRZV53T5D6P8DAW3P48PQSX0-supermarket,12,beef,supermarket,human,human
01K4DSNBAPE2BNDFNXKPVZ86GC,01K4DTCSNT3M7E3JV6D5RWWJVD-supermarket,orange,5578.0,01JRZV53T5D6P8DAW3P48PQSX0-supermarket,13,pancakes,supermarket,human,human
01K4DSNBAPE2BNDFNXKPVZ86GC,01K4DTCSNT3M7E3JV6D5RWWJVD-supermarket,toilet paper,6114.0,01JRZV53T5D6P8DAW3P48PQSX0-supermarket,14,strawberries,supermarket,human,human
01K4DSNBAPE2BNDFNXKPVZ86GC,01K4DTCSNT3M7E3JV6D5RWWJVD-supermarket,shampoo,5346.0,01JRZV53T5D6P8DAW3P48PQSX0-supermarket,15,papertowels,supermarket,human,human
01K4DSNBAPE2BNDFNXKPVZ86GC,01K4DTCSNT3M7E3JV6D5RWWJVD-supermarket,laundry detergent,6029.0,01JRZV53T5D6P8DAW3P48PQSX0-supermarket,16,soap,supermarket,human,human
01K4DSNBAPE2BNDFNXKPVZ86GC,01K4DTCSNT3M7E3JV6D5RWWJVD-supermarket,soap,17110.0,01JRZV53T5D6P8DAW3P48PQSX0-supermarket,17,soap,supermarket,human,human
01K4DSNBAPE2BNDFNXKPVZ86GC,01K4DTCSNT3M7E3JV6D5RWWJVD-supermarket,yogurt,4774.0,01JRZV53T5D6P8DAW3P48PQSX0-supermarket,18,napkins,supermarket,human,human
01K4DSNBAPE2BNDFNXKPVZ86GC,01K4DTCSNT3M7E3JV6D5RWWJVD-supermarket,lettuce,4222.0,01JRZV53T5D6P8DAW3P48PQSX0-supermarket,19,icecream,supermarket,human,human
01K4DSNBAPE2BNDFNXKPVZ86GC,01K4DTCSNT3M7E3JV6D5RWWJVD-supermarket,tomato,6223.0,01JRZV53T5D6P8DAW3P48PQSX0-supermarket,20,tomatoes,supermarket,human,human
01K4DSNBAPE2BNDFNXKPVZ86GC,01K4DTCSNT3M7E3JV6D5RWWJVD-supermarket,cracker,6790.0,01JRZV53T5D6P8DAW3P48PQSX0-supermarket,21,cucumbers,supermarket,human,human
01K4DSNBAPE2BNDFNXKPVZ86GC,01K4DTCSNT3M7E3JV6D5RWWJVD-supermarket,peanut,4745.0,01JRZV53T5D6P8DAW3P48PQSX0-supermarket,22,cookies,supermarket,human,human
01K4DSNBAPE2BNDFNXKPVZ86GC,01K4DTCSNT3M7E3JV6D5RWWJVD-supermarket,peanut butter,6248.0,01JRZV53T5D6P8DAW3P48PQSX0-supermarket,23,chips,supermarket,human,human
01K4DSNBAPE2BNDFNXKPVZ86GC,01K4DTCSNT3M7E3JV6D5RWWJVD-supermarket,jam,2148.0,01JRZV53T5D6P8DAW3P48PQSX0-supermarket,24,jelly,supermarket,human,human
01K4DSNBAPE2BNDFNXKPVZ86GC,01K4DTCSNT3M7E3JV6D5RWWJVD-supermarket,frozen pizza,5702.0,01JRZV53T5D6P8DAW3P48PQSX0-supermarket,25,cookies,supermarket,human,human
01K4DSNBAPE2BNDFNXKPVZ86GC,01K4DTCSNT3M7E3JV6D5RWWJVD-supermarket,ice cream,4722.0,01JRZV53T5D6P8DAW3P48PQSX0-supermarket,26,pasta,supermarket,human,human
01K4DSNBAPE2BNDFNXKPVZ86GC,01K4DTCSNT3M7E3JV6D5RWWJVD-supermarket,paper towel,5357.0,01JRZV53T5D6P8DAW3P48PQSX0-supermarket,27,pancakes,supermarket,human,human
01K4DSNBAPE2BNDFNXKPVZ86GC,01K4DTCSNT3M7E3JV6D5RWWJVD-supermarket,coffee,4625.0,01JRZV53T5D6P8DAW3P48PQSX0-supermarket,28,napkins,supermarket,human,human
01K4DSNBAPE2BNDFNXKPVZ86GC,01K4DTCSNT3M7E3JV6D5RWWJVD-supermarket,tea,3128.0,01JRZV53T5D6P8DAW3P48PQSX0-supermarket,29,tea,supermarket,human,human
01K4DSNBAPE2BNDFNXKPVZ86GC,01K4DTCSNT3M7E3JV6D5RWWJVD-supermarket,canned bean,5150.0,01JRZV53T5D6P8DAW3P48PQSX0-supermarket,30,biscuits,supermarket,human,human
01K4DSNBAPE2BNDFNXKPVZ86GC,01K4DTCSNT3M7E3JV6D5RWWJVD-supermarket,ground beef,8986.0,01JRZV53T5D6P8DAW3P48PQSX0-supermarket,31,cannedvegetables,supermarket,human,human
01K4DSNBAPE2BNDFNXKPVZ86GC,01K4DTCSNT3M7E3JV6D5RWWJVD-supermarket,pencil,5154.0,01JRZV53T5D6P8DAW3P48PQSX0-supermarket,32,steak,supermarket,human,human
01KFVAEZ9167475A0B8T84NA87,01KFVB4BB0BKXT7QY4G17DSMKN,skirt,6224.0,01K0Q7WPENZRHSHAZHNY6GVHSS-clothes,1,,clothes,human,human
01KFVAEZ9167475A0B8T84NA87,01KFVB4BB0BKXT7QY4G17DSMKN,blouse,2265.0,01K0Q7WPENZRHSHAZHNY6GVHSS-clothes,2,dress,clothes,human,human
01KFVAEZ9167475A0B8T84NA87,01KFVB4BB0BKXT7QY4G17DSMKN,shirt,2851.0,01K0Q7WPENZRHSHAZHNY6GVHSS-clothes,3,pants,clothes,human,human
01KFVAEZ9167475A0B8T84NA87,01KFVB4BB0BKXT7QY4G17DSMKN,trousers,2975.0,01K0Q7WPENZRHSHAZHNY6GVHSS-clothes,4,top,clothes,human,human
01KFVAEZ9167475A0B8T84NA87,01KFVB4BB0BKXT7QY4G17DSMKN,coat,3193.0,01K0Q7WPENZRHSHAZHNY6GVHSS-clothes,5,pants,clothes,human,human
01KFVAEZ9167475A0B8T84NA87,01KFVB4BB0BKXT7QY4G17DSMKN,jacket,2919.0,01K0Q7WPENZRHSHAZHNY6GVHSS-clothes,6,hat,clothes,human,human
01KFVAEZ9167475A0B8T84NA87,01KFVB4BB0BKXT7QY4G17DSMKN,sock,3751.0,01K0Q7WPENZRHSHAZHNY6GVHSS-clothes,7,fleece,clothes,human,human
01KFVAEZ9167475A0B8T84NA87,01KFVB4BB0BKXT7QY4G17DSMKN,shorts,8503.0,01K0Q7WPENZRHSHAZHNY6GVHSS-clothes,8,shoe,clothes,human,human
01KFVAEZ9167475A0B8T84NA87,01KFVB4BB0BKXT7QY4G17DSMKN,singlet,3682.0,01K0Q7WPENZRHSHAZHNY6GVHSS-clothes,9,pant,clothes,human,human
01KFVAEZ9167475A0B8T84NA87,01KFVB4BB0BKXT7QY4G17DSMKN,cap,2586.0,01K0Q7WPENZRHSHAZHNY6GVHSS-clothes,10,cuff,clothes,human,human
01KFVAEZ9167475A0B8T84NA87,01KFVB4BB0BKXT7QY4G17DSMKN,blazer,4902.0,01K0Q7WPENZRHSHAZHNY6GVHSS-clothes,11,hat,clothes,human,human
01KFVAEZ9167475A0B8T84NA87,01KFVB4BB0BKXT7QY4G17DSMKN,pants,10970.0,01K0Q7WPENZRHSHAZHNY6GVHSS-clothes,12,puffer,clothes,human,human
01KFVAEZ9167475A0B8T84NA87,01KFVB4BB0BKXT7QY4G17DSMKN,trunks,12102.0,01K0Q7WPENZRHSHAZHNY6GVHSS-clothes,13,jean,clothes,human,human
01KFVAEZ9167475A0B8T84NA87,01KFVB4BB0BKXT7QY4G17DSMKN,shoe,29830.0,01K0Q7WPENZRHSHAZHNY6GVHSS-clothes,14,back,clothes,human,human
01KFVAEZ9167475A0B8T84NA87,01KFVB4BB0BKXT7QY4G17DSMKN,kimono,13311.0,01K0Q7WPENZRHSHAZHNY6GVHSS-clothes,15,lace,clothes,human,human
01KFVAEZ9167475A0B8T84NA87,01KFVB4BB0BKXT7QY4G17DSMKN,shawl,17401.0,01K0Q7WPENZRHSHAZHNY6GVHSS-clothes,16,robe,clothes,human,human
01KFVAEZ9167475A0B8T84NA87,01KFVB4BB0BKXT7QY4G17DSMKN,jeans,8182.0,01K0Q7WPENZRHSHAZHNY6GVHSS-clothes,17,drape,clothes,human,human
01KFVAEZ9167475A0B8T84NA87,01KFVB4BB0BKXT7QY4G17DSMKN,glove,14202.0,01K0Q7WPENZRHSHAZHNY6GVHSS-clothes,18,pant,clothes,human,human
,01K4DT41SADYAM07T7XZ3VHRJG-animals,cat,3752.0,01K0Q6ZH97V77T9VN0T9CXYFJS-animals,1,,animals,human,human
01K4DSN8PXAD4ZBZ5XC3R45JKR,01K4DT41SADYAM07T7XZ3VHRJG-animals,dog,1249.0,01K0Q6ZH97V77T9VN0T9CXYFJS-animals,2,dog,animals,human,human
01K4DSN8PXAD4ZBZ5XC3R45JKR,01K4DT41SADYAM07T7XZ3VHRJG-animals,rabbit,1717.0,01K0Q6ZH97V77T9VN0T9CXYFJS-animals,3,horse,animals,human,human
01K4DSN8PXAD4ZBZ5XC3R45JKR,01K4DT41SADYAM07T7XZ3VHRJG-animals,deer,1283.0,01K0Q6ZH97V77T9VN0T9CXYFJS-animals,4,hare,animals,human,human
01K4DSN8PXAD4ZBZ5XC3R45JKR,01K4DT41SADYAM07T7XZ3VHRJG-animals,mongoose,2308.0,01K0Q6ZH97V77T9VN0T9CXYFJS-animals,5,horse,animals,human,human
01K4DSN8PXAD4ZBZ5XC3R45JKR,01K4DT41SADYAM07T7XZ3VHRJG-animals,elephant,5453.0,01K0Q6ZH97V77T9VN0T9CXYFJS-animals,6,elephant,animals,human,human
01K4DSN8PXAD4ZBZ5XC3R45JKR,01K4DT41SADYAM07T7XZ3VHRJG-animals,giraffe,3516.0,01K0Q6ZH97V77T9VN0T9CXYFJS-animals,7,tiger,animals,human,human
01K4DSN8PXAD4ZBZ5XC3R45JKR,01K4DT41SADYAM07T7XZ3VHRJG-animals,tiger,2246.0,01K0Q6ZH97V77T9VN0T9CXYFJS-animals,8,lion,animals,human,human
01K4DSN8PXAD4ZBZ5XC3R45JKR,01K4DT41SADYAM07T7XZ3VHRJG-animals,lion,1409.0,01K0Q6ZH97V77T9VN0T9CXYFJS-animals,9,lion,animals,human,human
01K4DSN8PXAD4ZBZ5XC3R45JKR,01K4DT41SADYAM07T7XZ3VHRJG-animals,caterpillar,3127.0,01K0Q6ZH97V77T9VN0T9CXYFJS-animals,10,puma,animals,human,human
01K4DSN8PXAD4ZBZ5XC3R45JKR,01K4DT41SADYAM07T7XZ3VHRJG-animals,bird,1346.0,01K0Q6ZH97V77T9VN0T9CXYFJS-animals,11,butterfly,animals,human,human
01K4DSN8PXAD4ZBZ5XC3R45JKR,01K4DT41SADYAM07T7XZ3VHRJG-animals,mouse,1143.0,01K0Q6ZH97V77T9VN0T9CXYFJS-animals,12,dove,animals,human,human
01K4DSN8PXAD4ZBZ5XC3R45JKR,01K4DT41SADYAM07T7XZ3VHRJG-animals,rat,1490.0,01K0Q6ZH97V77T9VN0T9CXYFJS-animals,13,rat,animals,human,human
01K4DSN8PXAD4ZBZ5XC3R45JKR,01K4DT41SADYAM07T7XZ3VHRJG-animals,sparrow,3506.0,01K0Q6ZH97V77T9VN0T9CXYFJS-animals,14,worm,animals,human,human
01K4DSN8PXAD4ZBZ5XC3R45JKR,01K4DT41SADYAM07T7XZ3VHRJG-animals,eagle,1929.0,01K0Q6ZH97V77T9VN0T9CXYFJS-animals,15,hawk,animals,human,human
01K4DSN8PXAD4ZBZ5XC3R45JKR,01K4DT41SADYAM07T7XZ3VHRJG-animals,hippopotamus,1851.0,01K0Q6ZH97V77T9VN0T9CXYFJS-animals,16,hawk,animals,human,human
01K4DSN8PXAD4ZBZ5XC3R45JKR,01K4DT41SADYAM07T7XZ3VHRJG-animals,dolphin,3394.0,01K0Q6ZH97V77T9VN0T9CXYFJS-animals,17,rhono,animals,human,human
01K4DSN8PXAD4ZBZ5XC3R45JKR,01K4DT41SADYAM07T7XZ3VHRJG-animals,fish,2550.0,01K0Q6ZH97V77T9VN0T9CXYFJS-animals,18,whale,animals,human,human
01K4DSN8PXAD4ZBZ5XC3R45JKR,01K4DT41SADYAM07T7XZ3VHRJG-animals,clownfish,5575.0,01K0Q6ZH97V77T9VN0T9CXYFJS-animals,19,bird,animals,human,human
01K4DSN8PXAD4ZBZ5XC3R45JKR,01K4DT41SADYAM07T7XZ3VHRJG-animals,moose,8439.0,01K0Q6ZH97V77T9VN0T9CXYFJS-animals,20,goldfish,animals,human,human
01K4DSN8PXAD4ZBZ5XC3R45JKR,01K4DT41SADYAM07T7XZ3VHRJG-animals,wolf,4859.0,01K0Q6ZH97V77T9VN0T9CXYFJS-animals,21,elk,animals,human,human
01K4DSN8PXAD4ZBZ5XC3R45JKR,01K4DT41SADYAM07T7XZ3VHRJG-animals,cheetah,3087.0,01K0Q6ZH97V77T9VN0T9CXYFJS-animals,22,dingo,animals,human,human
01K4DSN8PXAD4ZBZ5XC3R45JKR,01K4DT41SADYAM07T7XZ3VHRJG-animals,ferret,6756.0,01K0Q6ZH97V77T9VN0T9CXYFJS-animals,23,leopard,animals,human,human
01K4DSN8PXAD4ZBZ5XC3R45JKR,01K4DT41SADYAM07T7XZ3VHRJG-animals,groundhog,8529.0,01K0Q6ZH97V77T9VN0T9CXYFJS-animals,24,weasel,animals,human,human
01K4DSN8PXAD4ZBZ5XC3R45JKR,01K4DT41SADYAM07T7XZ3VHRJG-animals,lemur,8677.0,01K0Q6ZH97V77T9VN0T9CXYFJS-animals,25,hedgehog,animals,human,human
01K4DSN8PXAD4ZBZ5XC3R45JKR,01K4DT41SADYAM07T7XZ3VHRJG-animals,ant,9291.0,01K0Q6ZH97V77T9VN0T9CXYFJS-animals,26,monkey,animals,human,human
01K4DSN8PXAD4ZBZ5XC3R45JKR,01K4DT41SADYAM07T7XZ3VHRJG-animals,fly,2841.0,01K0Q6ZH97V77T9VN0T9CXYFJS-animals,27,bee,animals,human,human
01K4DSN8PXAD4ZBZ5XC3R45JKR,01K4DT41SADYAM07T7XZ3VHRJG-animals,spider,1457.0,01K0Q6ZH97V77T9VN0T9CXYFJS-animals,28,wasp,animals,human,human
01K4DSN8PXAD4ZBZ5XC3R45JKR,01K4DT41SADYAM07T7XZ3VHRJG-animals,snake,1805.0,01K0Q6ZH97V77T9VN0T9CXYFJS-animals,29,bee,animals,human,human
01K4DSN8PXAD4ZBZ5XC3R45JKR,01K4DT41SADYAM07T7XZ3VHRJG-animals,lizard,3464.0,01K0Q6ZH97V77T9VN0T9CXYFJS-animals,30,worm,animals,human,human
01K4DSN8PXAD4ZBZ5XC3R45JKR,01K4DT41SADYAM07T7XZ3VHRJG-animals,gecko,7560.0,01K0Q6ZH97V77T9VN0T9CXYFJS-animals,31,scorpion,animals,human,human
01K4DSN8PXAD4ZBZ5XC3R45JKR,01K4DT41SADYAM07T7XZ3VHRJG-animals,chameleon,6307.0,01K0Q6ZH97V77T9VN0T9CXYFJS-animals,32,dingo,animals,human,human
01K4DSN8PXAD4ZBZ5XC3R45JKR,01K4DT41SADYAM07T7XZ3VHRJG-animals,komodo dragon,9284.0,01K0Q6ZH97V77T9VN0T9CXYFJS-animals,33,hyena,animals,human,human
01K4DSN8PXAD4ZBZ5XC3R45JKR,01K4DT41SADYAM07T7XZ3VHRJG-animals,elk,17988.0,01K0Q6ZH97V77T9VN0T9CXYFJS-animals,34,hyena,animals,human,human
01K4DSN8PXAD4ZBZ5XC3R45JKR,01K4DT41SADYAM07T7XZ3VHRJG-animals,reindeer,8701.0,01K0Q6ZH97V77T9VN0T9CXYFJS-animals,35,moose,animals,human,human
01K4DSN8PXAD4ZBZ5XC3R45JKR,01K4DT41SADYAM07T7XZ3VHRJG-animals,bunny,5979.0,01K0Q6ZH97V77T9VN0T9CXYFJS-animals,36,stag,animals,human,human
01K4DSN8PXAD4ZBZ5XC3R45JKR,01K4DT41SADYAM07T7XZ3VHRJG-animals,dodo,6048.0,01K0Q6ZH97V77T9VN0T9CXYFJS-animals,37,hare,animals,human,human
01K4DSN8PXAD4ZBZ5XC3R45JKR,01K4DT41SADYAM07T7XZ3VHRJG-animals,peacock,4446.0,01K0Q6ZH97V77T9VN0T9CXYFJS-animals,38,ostrich,animals,human,human
01K4DSN8PXAD4ZBZ5XC3R45JKR,01K4DT41SADYAM07T7XZ3VHRJG-animals,robin,2131.0,01K0Q6ZH97V77T9VN0T9CXYFJS-animals,39,penguin,animals,human,human
01K4DSN8PXAD4ZBZ5XC3R45JKR,01K4DT41SADYAM07T7XZ3VHRJG-animals,chicken,1668.0,01K0Q6ZH97V77T9VN0T9CXYFJS-animals,40,blackbird,animals,human,human
,01K4DTDYA00QEQQ3KF1XYFQMEQ-supermarket,coca cola,9584.0,01K0Q74BNAG2BKXNJKS32EVFQM-supermarket,1,,supermarket,human,human
01K4DSN8Q2QP2G4KSWJ3B99C0X,01K4DTDYA00QEQQ3KF1XYFQMEQ-supermarket,apple,4355.0,01K0Q74BNAG2BKXNJKS32EVFQM-supermarket,2,soda,supermarket,human,human
01K4DSN8Q2QP2G4KSWJ3B99C0X,01K4DTDYA00QEQQ3KF1XYFQMEQ-supermarket,pear,2012.0,01K0Q74BNAG2BKXNJKS32EVFQM-supermarket,3,snack,supermarket,human,human
01K4DSN8Q2QP2G4KSWJ3B99C0X,01K4DTDYA00QEQQ3KF1XYFQMEQ-supermarket,bean,1579.0,01K0Q74BNAG2BKXNJKS32EVFQM-supermarket,4,orange,supermarket,human,human
01K4DSN8Q2QP2G4KSWJ3B99C0X,01K4DTDYA00QEQQ3KF1XYFQMEQ-supermarket,laundry powder,4719.0,01K0Q74BNAG2BKXNJKS32EVFQM-supermarket,5,rice,supermarket,human,human
01K4DSN8Q2QP2G4KSWJ3B99C0X,01K4DTDYA00QEQQ3KF1XYFQMEQ-supermarket,chicken nugget,6981.0,01K0Q74BNAG2BKXNJKS32EVFQM-supermarket,6,soap,supermarket,human,human
01K4DSN8Q2QP2G4KSWJ3B99C0X,01K4DTDYA00QEQQ3KF1XYFQMEQ-supermarket,frozen pea,4388.0,01K0Q74BNAG2BKXNJKS32EVFQM-supermarket,7,fries,supermarket,human,human
01K4DSN8Q2QP2G4KSWJ3B99C0X,01K4DTDYA00QEQQ3KF1XYFQMEQ-supermarket,mango,4909.0,01K0Q74BNAG2BKXNJKS32EVFQM-supermarket,8,fruits,supermarket,human,human
01K4DSN8Q2QP2G4KSWJ3B99C0X,01K4DTDYA00QEQQ3KF1XYFQMEQ-supermarket,lemon,1741.0,01K0Q74BNAG2BKXNJKS32EVFQM-supermarket,9,apple,supermarket,human,human
01K4DSN8Q2QP2G4KSWJ3B99C0X,01K4DTDYA00QEQQ3KF1XYFQMEQ-supermarket,steak pie,4412.0,01K0Q74BNAG2BKXNJKS32EVFQM-supermarket,10,lime,supermarket,human,human
01K4DSN8Q2QP2G4KSWJ3B99C0X,01K4DTDYA00QEQQ3KF1XYFQMEQ-supermarket,washing up liquid,9424.0,01K0Q74BNAG2BKXNJKS32EVFQM-supermarket,11,roast,supermarket,human,human
01K4DSN8Q2QP2G4KSWJ3B99C0X,01K4DTDYA00QEQQ3KF1XYFQMEQ-supermarket,bed sheet,8831.0,01K0Q74BNAG2BKXNJKS32EVFQM-supermarket,12,laundrydetergent,supermarket,human,human
01K4DSN8Q2QP2G4KSWJ3B99C0X,01K4DTDYA00QEQQ3KF1XYFQMEQ-supermarket,orange,5614.0,01K0Q74BNAG2BKXNJKS32EVFQM-supermarket,13,hairproducts,supermarket,human,human
01K4DSN8Q2QP2G4KSWJ3B99C0X,01K4DTDYA00QEQQ3KF1XYFQMEQ-supermarket,bread,6107.0,01K0Q74BNAG2BKXNJKS32EVFQM-supermarket,14,peaches,supermarket,human,human
01K4DSN8Q2QP2G4KSWJ3B99C0X,01K4DTDYA00QEQQ3KF1XYFQMEQ-supermarket,milk,1284.0,01K0Q74BNAG2BKXNJKS32EVFQM-supermarket,15,cheese,supermarket,human,human
01K4DSN8Q2QP2G4KSWJ3B99C0X,01K4DTDYA00QEQQ3KF1XYFQMEQ-supermarket,cheese,10215.0,01K0Q74BNAG2BKXNJKS32EVFQM-supermarket,16,lunchmeat,supermarket,human,human
01K4DSN8Q2QP2G4KSWJ3B99C0X,01K4DTDYA00QEQQ3KF1XYFQMEQ-supermarket,yoghurt,4457.0,01K0Q74BNAG2BKXNJKS32EVFQM-supermarket,17,crackers,supermarket,human,human
01K4DSN8Q2QP2G4KSWJ3B99C0X,01K4DTDYA00QEQQ3KF1XYFQMEQ-supermarket,egg,4545.0,01K0Q74BNAG2BKXNJKS32EVFQM-supermarket,18,pudding,supermarket,human,human
01K4DSN8Q2QP2G4KSWJ3B99C0X,01K4DTDYA00QEQQ3KF1XYFQMEQ-supermarket,sausage,7455.0,01K0Q74BNAG2BKXNJKS32EVFQM-supermarket,19,ham,supermarket,human,human
01K4DSN8Q2QP2G4KSWJ3B99C0X,01K4DTDYA00QEQQ3KF1XYFQMEQ-supermarket,chicken,3774.0,01K0Q74BNAG2BKXNJKS32EVFQM-supermarket,20,hashbrowns,supermarket,human,human
01K4DSN8Q2QP2G4KSWJ3B99C0X,01K4DTDYA00QEQQ3KF1XYFQMEQ-supermarket,beef,4120.0,01K0Q74BNAG2BKXNJKS32EVFQM-supermarket,21,steak,supermarket,human,human
01K4DSN8Q2QP2G4KSWJ3B99C0X,01K4DTDYA00QEQQ3KF1XYFQMEQ-supermarket,pork,2499.0,01K0Q74BNAG2BKXNJKS32EVFQM-supermarket,22,brisket,supermarket,human,human
01K4DSN8Q2QP2G4KSWJ3B99C0X,01K4DTDYA00QEQQ3KF1XYFQMEQ-supermarket,cheese and onion roll,8798.0,01K0Q74BNAG2BKXNJKS32EVFQM-supermarket,23,groundbeef,supermarket,human,human
01K4DSN8Q2QP2G4KSWJ3B99C0X,01K4DTDYA00QEQQ3KF1XYFQMEQ-supermarket,salt,1988.0,01K0Q74BNAG2BKXNJKS32EVFQM-supermarket,24,onions,supermarket,human,human
01K4DSN8Q2QP2G4KSWJ3B99C0X,01K4DTDYA00QEQQ3KF1XYFQMEQ-supermarket,pepper,1370.0,01K0Q74BNAG2BKXNJKS32EVFQM-supermarket,25,sugar,supermarket,human,human
01K4DSN8Q2QP2G4KSWJ3B99C0X,01K4DTDYA00QEQQ3KF1XYFQMEQ-supermarket,ginger,8695.0,01K0Q74BNAG2BKXNJKS32EVFQM-supermarket,26,salt,supermarket,human,human
01K4DSN8Q2QP2G4KSWJ3B99C0X,01K4DTDYA00QEQQ3KF1XYFQMEQ-supermarket,tortilla wrap,5269.0,01K0Q74BNAG2BKXNJKS32EVFQM-supermarket,27,tumeric,supermarket,human,human
01K4DSN8Q2QP2G4KSWJ3B99C0X,01K4DTDYA00QEQQ3KF1XYFQMEQ-supermarket,salsa,3999.0,01K0Q74BNAG2BKXNJKS32EVFQM-supermarket,28,soup,supermarket,human,human
01K4DSN8Q2QP2G4KSWJ3B99C0X,01K4DTDYA00QEQQ3KF1XYFQMEQ-supermarket,crisp,2453.0,01K0Q74BNAG2BKXNJKS32EVFQM-supermarket,29,tortillachips,supermarket,human,human
01K4DSN8Q2QP2G4KSWJ3B99C0X,01K4DTDYA00QEQQ3KF1XYFQMEQ-supermarket,frozen chip,4523.0,01K0Q74BNAG2BKXNJKS32EVFQM-supermarket,30,chocolate,supermarket,human,human
01K4DSN8Q2QP2G4KSWJ3B99C0X,01K4DTDYA00QEQQ3KF1XYFQMEQ-supermarket,ravioli,9153.0,01K0Q74BNAG2BKXNJKS32EVFQM-supermarket,31,snacks,supermarket,human,human
01K4DSN8Q2QP2G4KSWJ3B99C0X,01K4DTDYA00QEQQ3KF1XYFQMEQ-supermarket,spaghetti,5254.0,01K0Q74BNAG2BKXNJKS32EVFQM-supermarket,32,pasta,supermarket,human,human
01K4DSN8Q2QP2G4KSWJ3B99C0X,01K4DTDYA00QEQQ3KF1XYFQMEQ-supermarket,ketchup,8659.0,01K0Q74BNAG2BKXNJKS32EVFQM-supermarket,33,alfredo,supermarket,human,human
01K4DSN8Q2QP2G4KSWJ3B99C0X,01K4DTDYA00QEQQ3KF1XYFQMEQ-supermarket,mayo,6094.0,01K0Q74BNAG2BKXNJKS32EVFQM-supermarket,34,mustard,supermarket,human,human
,01K4DTHHQQM0WBVJWD6YH3VE24-supermarket,chip,6905.0,01JRZVQDBYC12WH6QK6KG8CQD1-supermarket,1,,supermarket,human,human
01K4DSNAFAAG85DWBPZS1WEKPX,01K4DTHHQQM0WBVJWD6YH3VE24-supermarket,milk,5319.0,01JRZVQDBYC12WH6QK6KG8CQD1-supermarket,2,fish,supermarket,human,human
01K4DSNAFAAG85DWBPZS1WEKPX,01K4DTHHQQM0WBVJWD6YH3VE24-supermarket,cookie,3394.0,01JRZVQDBYC12WH6QK6KG8CQD1-supermarket,3,bread,supermarket,human,human
01K4DSNAFAAG85DWBPZS1WEKPX,01K4DTHHQQM0WBVJWD6YH3VE24-supermarket,cheese,3945.0,01JRZVQDBYC12WH6QK6KG8CQD1-supermarket,4,biscuits,supermarket,human,human
01K4DSNAFAAG85DWBPZS1WEKPX,01K4DTHHQQM0WBVJWD6YH3VE24-supermarket,bread,2164.0,01JRZVQDBYC12WH6QK6KG8CQD1-supermarket,5,bacon,supermarket,human,human
01K4DSNAFAAG85DWBPZS1WEKPX,01K4DTHHQQM0WBVJWD6YH3VE24-supermarket,beef,3086.0,01JRZVQDBYC12WH6QK6KG8CQD1-supermarket,6,jam,supermarket,human,human
01K4DSNAFAAG85DWBPZS1WEKPX,01K4DTHHQQM0WBVJWD6YH3VE24-supermarket,chicken,3418.0,01JRZVQDBYC12WH6QK6KG8CQD1-supermarket,7,chicken,supermarket,human,human
01K4DSNAFAAG85DWBPZS1WEKPX,01K4DTHHQQM0WBVJWD6YH3VE24-supermarket,shampoo,6121.0,01JRZVQDBYC12WH6QK6KG8CQD1-supermarket,8,eggs,supermarket,human,human
01K4DSNAFAAG85DWBPZS1WEKPX,01K4DTHHQQM0WBVJWD6YH3VE24-supermarket,pork,7864.0,01JRZVQDBYC12WH6QK6KG8CQD1-supermarket,9,showergel,supermarket,human,human
01K4DSNAFAAG85DWBPZS1WEKPX,01K4DTHHQQM0WBVJWD6YH3VE24-supermarket,butter,2917.0,01JRZVQDBYC12WH6QK6KG8CQD1-supermarket,10,beef,supermarket,human,human
01K4DSNAFAAG85DWBPZS1WEKPX,01K4DTHHQQM0WBVJWD6YH3VE24-supermarket,oil,2415.0,01JRZVQDBYC12WH6QK6KG8CQD1-supermarket,11,ham,supermarket,human,human
01K4DSNAFAAG85DWBPZS1WEKPX,01K4DTHHQQM0WBVJWD6YH3VE24-supermarket,cereal,3155.0,01JRZVQDBYC12WH6QK6KG8CQD1-supermarket,12,pasta,supermarket,human,human
01K4DSNAFAAG85DWBPZS1WEKPX,01K4DTHHQQM0WBVJWD6YH3VE24-supermarket,nut,2787.0,01JRZVQDBYC12WH6QK6KG8CQD1-supermarket,13,crisps,supermarket,human,human
01K4DSNAFAAG85DWBPZS1WEKPX,01K4DTHHQQM0WBVJWD6YH3VE24-supermarket,gum,5615.0,01JRZVQDBYC12WH6QK6KG8CQD1-supermarket,14,chocolate,supermarket,human,human
01K4DSNAFAAG85DWBPZS1WEKPX,01K4DTHHQQM0WBVJWD6YH3VE24-supermarket,frozen meal,7236.0,01JRZVQDBYC12WH6QK6KG8CQD1-supermarket,15,chocolate,supermarket,human,human
01K4DSNAFAAG85DWBPZS1WEKPX,01K4DTHHQQM0WBVJWD6YH3VE24-supermarket,potato,5668.0,01JRZVQDBYC12WH6QK6KG8CQD1-supermarket,16,icecream,supermarket,human,human
01K4DSNAFAAG85DWBPZS1WEKPX,01K4DTHHQQM0WBVJWD6YH3VE24-supermarket,ice,3906.0,01JRZVQDBYC12WH6QK6KG8CQD1-supermarket,17,apples,supermarket,human,human
01K4DSNAFAAG85DWBPZS1WEKPX,01K4DTHHQQM0WBVJWD6YH3VE24-supermarket,punch,5995.0,01JRZVQDBYC12WH6QK6KG8CQD1-supermarket,18,cream,supermarket,human,human
01K4DSNAFAAG85DWBPZS1WEKPX,01K4DTHHQQM0WBVJWD6YH3VE24-supermarket,soda,2239.0,01JRZVQDBYC12WH6QK6KG8CQD1-supermarket,19,wine,supermarket,human,human
01K4DSNAFAAG85DWBPZS1WEKPX,01K4DTHHQQM0WBVJWD6YH3VE24-supermarket,water,2922.0,01JRZVQDBYC12WH6QK6KG8CQD1-supermarket,20,water,supermarket,human,human
01K4DSNAFAAG85DWBPZS1WEKPX,01K4DTHHQQM0WBVJWD6YH3VE24-supermarket,creamer,3509.0,01JRZVQDBYC12WH6QK6KG8CQD1-supermarket,21,vinegar,supermarket,human,human
01K4DSNAFAAG85DWBPZS1WEKPX,01K4DTHHQQM0WBVJWD6YH3VE24-supermarket,coffee,2742.0,01JRZVQDBYC12WH6QK6KG8CQD1-supermarket,22,pudding,supermarket,human,human
01K4DSNAFAAG85DWBPZS1WEKPX,01K4DTHHQQM0WBVJWD6YH3VE24-supermarket,bun,7298.0,01JRZVQDBYC12WH6QK6KG8CQD1-supermarket,23,tea,supermarket,human,human
01K4DSNAFAAG85DWBPZS1WEKPX,01K4DTHHQQM0WBVJWD6YH3VE24-supermarket,hot dog,5427.0,01JRZVQDBYC12WH6QK6KG8CQD1-supermarket,24,tea,supermarket,human,human
01K4DSNAFAAG85DWBPZS1WEKPX,01K4DTHHQQM0WBVJWD6YH3VE24-supermarket,fruit,4636.0,01JRZVQDBYC12WH6QK6KG8CQD1-supermarket,25,beefburgers,supermarket,human,human
01K4DSNAFAAG85DWBPZS1WEKPX,01K4DTHHQQM0WBVJWD6YH3VE24-supermarket,bean,4397.0,01JRZVQDBYC12WH6QK6KG8CQD1-supermarket,26,vegetables,supermarket,human,human
01K4DSNAFAAG85DWBPZS1WEKPX,01K4DTHHQQM0WBVJWD6YH3VE24-supermarket,vegetable,4326.0,01JRZVQDBYC12WH6QK6KG8CQD1-supermarket,27,spaghetti,supermarket,human,human
01K4DSNAFAAG85DWBPZS1WEKPX,01K4DTHHQQM0WBVJWD6YH3VE24-supermarket,granola,6645.0,01JRZVQDBYC12WH6QK6KG8CQD1-supermarket,28,potatoes,supermarket,human,human
01K4DSNAFAAG85DWBPZS1WEKPX,01K4DTHHQQM0WBVJWD6YH3VE24-supermarket,kale,15600.0,01JRZVQDBYC12WH6QK6KG8CQD1-supermarket,29,pasta,supermarket,human,human
01K4DSNAFAAG85DWBPZS1WEKPX,01K4DTHHQQM0WBVJWD6YH3VE24-supermarket,spinach,4534.0,01JRZVQDBYC12WH6QK6KG8CQD1-supermarket,30,potatoes,supermarket,human,human
01K4DSNAFAAG85DWBPZS1WEKPX,01K4DTHHQQM0WBVJWD6YH3VE24-supermarket,donut,8711.0,01JRZVQDBYC12WH6QK6KG8CQD1-supermarket,31,cauliflower,supermarket,human,human
01K4DSNAFAAG85DWBPZS1WEKPX,01K4DTHHQQM0WBVJWD6YH3VE24-supermarket,beer,4579.0,01JRZVQDBYC12WH6QK6KG8CQD1-supermarket,32,biscuits,supermarket,human,human
01K4DSNAFAAG85DWBPZS1WEKPX,01K4DTHHQQM0WBVJWD6YH3VE24-supermarket,liquor,4292.0,01JRZVQDBYC12WH6QK6KG8CQD1-supermarket,33,wine,supermarket,human,human
01K4DSNAFAAG85DWBPZS1WEKPX,01K4DTHHQQM0WBVJWD6YH3VE24-supermarket,foil,8305.0,01JRZVQDBYC12WH6QK6KG8CQD1-supermarket,34,wine,supermarket,human,human
,01K4DTD9SBF9BDJEA4TF1Z1NJD-animals,pig,5126.0,01JRZV1479JENTNGP52K0MK94A-animals,1,,animals,human,human
01K4DSN8PYWP8BZ8NEGN4F6DFZ,01K4DTD9SBF9BDJEA4TF1Z1NJD-animals,dog,1689.0,01JRZV1479JENTNGP52K0MK94A-animals,2,farm,animals,human,human
01K4DSN8PYWP8BZ8NEGN4F6DFZ,01K4DTD9SBF9BDJEA4TF1Z1NJD-animals,cat,1723.0,01JRZV1479JENTNGP52K0MK94A-animals,3,cat,animals,human,human
01K4DSN8PYWP8BZ8NEGN4F6DFZ,01K4DTD9SBF9BDJEA4TF1Z1NJD-animals,sheep,3237.0,01JRZV1479JENTNGP52K0MK94A-animals,4,pet,animals,human,human
01K4DSN8PYWP8BZ8NEGN4F6DFZ,01K4DTD9SBF9BDJEA4TF1Z1NJD-animals,cow,1210.0,01JRZV1479JENTNGP52K0MK94A-animals,5,farm,animals,human,human
01K4DSN8PYWP8BZ8NEGN4F6DFZ,01K4DTD9SBF9BDJEA4TF1Z1NJD-animals,goat,1868.0,01JRZV1479JENTNGP52K0MK94A-animals,6,milk,animals,human,human
01K4DSN8PYWP8BZ8NEGN4F6DFZ,01K4DTD9SBF9BDJEA4TF1Z1NJD-animals,llama,5471.0,01JRZV1479JENTNGP52K0MK94A-animals,7,farm,animals,human,human
01K4DSN8PYWP8BZ8NEGN4F6DFZ,01K4DTD9SBF9BDJEA4TF1Z1NJD-animals,bird,3324.0,01JRZV1479JENTNGP52K0MK94A-animals,8,zoo,animals,human,human
01K4DSN8PYWP8BZ8NEGN4F6DFZ,01K4DTD9SBF9BDJEA4TF1Z1NJD-animals,elephant,11903.0,01JRZV1479JENTNGP52K0MK94A-animals,9,fly,animals,human,human
01K4DSN8PYWP8BZ8NEGN4F6DFZ,01K4DTD9SBF9BDJEA4TF1Z1NJD-animals,tiger,1702.0,01JRZV1479JENTNGP52K0MK94A-animals,10,monkey,animals,human,human
01K4DSN8PYWP8BZ8NEGN4F6DFZ,01K4DTD9SBF9BDJEA4TF1Z1NJD-animals,lion,2099.0,01JRZV1479JENTNGP52K0MK94A-animals,11,lion,animals,human,human
01K4DSN8PYWP8BZ8NEGN4F6DFZ,01K4DTD9SBF9BDJEA4TF1Z1NJD-animals,giraffe,5036.0,01JRZV1479JENTNGP52K0MK94A-animals,12,gazelle,animals,human,human
01K4DSN8PYWP8BZ8NEGN4F6DFZ,01K4DTD9SBF9BDJEA4TF1Z1NJD-animals,hippopotamus,6864.0,01JRZV1479JENTNGP52K0MK94A-animals,13,monkey,animals,human,human
01K4DSN8PYWP8BZ8NEGN4F6DFZ,01K4DTD9SBF9BDJEA4TF1Z1NJD-animals,panda,2407.0,01JRZV1479JENTNGP52K0MK94A-animals,14,rhino,animals,human,human
01K4DSN8PYWP8BZ8NEGN4F6DFZ,01K4DTD9SBF9BDJEA4TF1Z1NJD-animals,polar bear,4178.0,01JRZV1479JENTNGP52K0MK94A-animals,15,monkey,animals,human,human
01K4DSN8PYWP8BZ8NEGN4F6DFZ,01K4DTD9SBF9BDJEA4TF1Z1NJD-animals,snake,6448.0,01JRZV1479JENTNGP52K0MK94A-animals,16,raccoon,animals,human,human
01K4DSN8PYWP8BZ8NEGN4F6DFZ,01K4DTD9SBF9BDJEA4TF1Z1NJD-animals,toad,3664.0,01JRZV1479JENTNGP52K0MK94A-animals,17,lizard,animals,human,human
01K4DSN8PYWP8BZ8NEGN4F6DFZ,01K4DTD9SBF9BDJEA4TF1Z1NJD-animals,frog,2504.0,01JRZV1479JENTNGP52K0MK94A-animals,18,frog,animals,human,human
01K4DSN8PYWP8BZ8NEGN4F6DFZ,01K4DTD9SBF9BDJEA4TF1Z1NJD-animals,tadpole,2777.0,01JRZV1479JENTNGP52K0MK94A-animals,19,fly,animals,human,human
01K4DSN8PYWP8BZ8NEGN4F6DFZ,01K4DTD9SBF9BDJEA4TF1Z1NJD-animals,fish,5091.0,01JRZV1479JENTNGP52K0MK94A-animals,20,fish,animals,human,human
01K4DSN8PYWP8BZ8NEGN4F6DFZ,01K4DTD9SBF9BDJEA4TF1Z1NJD-animals,shark,1524.0,01JRZV1479JENTNGP52K0MK94A-animals,21,shark,animals,human,human
01K4DSN8PYWP8BZ8NEGN4F6DFZ,01K4DTD9SBF9BDJEA4TF1Z1NJD-animals,dolphin,4807.0,01JRZV1479JENTNGP52K0MK94A-animals,22,whale,animals,human,human
01K4DSN8PYWP8BZ8NEGN4F6DFZ,01K4DTD9SBF9BDJEA4TF1Z1NJD-animals,whale,1883.0,01JRZV1479JENTNGP52K0MK94A-animals,23,whale,animals,human,human
01K4DSN8PYWP8BZ8NEGN4F6DFZ,01K4DTD9SBF9BDJEA4TF1Z1NJD-animals,crab,11251.0,01JRZV1479JENTNGP52K0MK94A-animals,24,octopus,animals,human,human
01K4DSN8PYWP8BZ8NEGN4F6DFZ,01K4DTD9SBF9BDJEA4TF1Z1NJD-animals,lobster,3381.0,01JRZV1479JENTNGP52K0MK94A-animals,25,lobster,animals,human,human
01K4DSN8PYWP8BZ8NEGN4F6DFZ,01K4DTD9SBF9BDJEA4TF1Z1NJD-animals,squid,5021.0,01JRZV1479JENTNGP52K0MK94A-animals,26,shrimp,animals,human,human
01K4DSN8PYWP8BZ8NEGN4F6DFZ,01K4DTD9SBF9BDJEA4TF1Z1NJD-animals,octopus,4096.0,01JRZV1479JENTNGP52K0MK94A-animals,27,octopus,animals,human,human
01K4DSN8PYWP8BZ8NEGN4F6DFZ,01K4DTD9SBF9BDJEA4TF1Z1NJD-animals,rat,6167.0,01JRZV1479JENTNGP52K0MK94A-animals,28,shrimp,animals,human,human
01K4DSN8PYWP8BZ8NEGN4F6DFZ,01K4DTD9SBF9BDJEA4TF1Z1NJD-animals,mouse,4373.0,01JRZV1479JENTNGP52K0MK94A-animals,29,mouse,animals,human,human
01K4DSN8PYWP8BZ8NEGN4F6DFZ,01K4DTD9SBF9BDJEA4TF1Z1NJD-animals,squirrel,5962.0,01JRZV1479JENTNGP52K0MK94A-animals,30,squirrel,animals,human,human
01K4DSN8PYWP8BZ8NEGN4F6DFZ,01K4DTD9SBF9BDJEA4TF1Z1NJD-animals,pigeon,9157.0,01JRZV1479JENTNGP52K0MK94A-animals,31,rabbit,animals,human,human
01K4DSN8PYWP8BZ8NEGN4F6DFZ,01K4DTD9SBF9BDJEA4TF1Z1NJD-animals,chicken,7989.0,01JRZV1479JENTNGP52K0MK94A-animals,32,crow,animals,human,human
01K4DSN8PYWP8BZ8NEGN4F6DFZ,01K4DTD9SBF9BDJEA4TF1Z1NJD-animals,pheasant,6061.0,01JRZV1479JENTNGP52K0MK94A-animals,33,duck,animals,human,human
01K4DSN8PYWP8BZ8NEGN4F6DFZ,01K4DTD9SBF9BDJEA4TF1Z1NJD-animals,peacock,3882.0,01JRZV1479JENTNGP52K0MK94A-animals,34,goose,animals,human,human
01K4DSN8PYWP8BZ8NEGN4F6DFZ,01K4DTD9SBF9BDJEA4TF1Z1NJD-animals,dove,3050.0,01JRZV1479JENTNGP52K0MK94A-animals,35,goose,animals,human,human
01K4DSN8PYWP8BZ8NEGN4F6DFZ,01K4DTD9SBF9BDJEA4TF1Z1NJD-animals,rooster,5563.0,01JRZV1479JENTNGP52K0MK94A-animals,36,crow,animals,human,human
01K4DSN8PYWP8BZ8NEGN4F6DFZ,01K4DTD9SBF9BDJEA4TF1Z1NJD-animals,hawk,3676.0,01JRZV1479JENTNGP52K0MK94A-animals,37,chicke,animals,human,human
,01K4DTEFDGN7WBBTC9SSG9XG02-supermarket,butter,4518.0,01K0Q7CAZFAKGXA20YQWZ4ECG0-supermarket,1,,supermarket,human,human
01K4DSN8PRTSPWDTKH0VYMSN7A,01K4DTEFDGN7WBBTC9SSG9XG02-supermarket,milk,2076.0,01K0Q7CAZFAKGXA20YQWZ4ECG0-supermarket,2,eggs,supermarket,human,human
01K4DSN8PRTSPWDTKH0VYMSN7A,01K4DTEFDGN7WBBTC9SSG9XG02-supermarket,egg,1842.0,01K0Q7CAZFAKGXA20YQWZ4ECG0-supermarket,3,bread,supermarket,human,human
01K4DSN8PRTSPWDTKH0VYMSN7A,01K4DTEFDGN7WBBTC9SSG9XG02-supermarket,carrot,5893.0,01K0Q7CAZFAKGXA20YQWZ4ECG0-supermarket,4,bread,supermarket,human,human
01K4DSN8PRTSPWDTKH0VYMSN7A,01K4DTEFDGN7WBBTC9SSG9XG02-supermarket,bean,2447.0,01K0Q7CAZFAKGXA20YQWZ4ECG0-supermarket,5,apples,supermarket,human,human
01K4DSN8PRTSPWDTKH0VYMSN7A,01K4DTEFDGN7WBBTC9SSG9XG02-supermarket,jam,1796.0,01K0Q7CAZFAKGXA20YQWZ4ECG0-supermarket,6,tomatoes,supermarket,human,human
01K4DSN8PRTSPWDTKH0VYMSN7A,01K4DTEFDGN7WBBTC9SSG9XG02-supermarket,cream,3954.0,01K0Q7CAZFAKGXA20YQWZ4ECG0-supermarket,7,bread,supermarket,human,human
01K4DSN8PRTSPWDTKH0VYMSN7A,01K4DTEFDGN7WBBTC9SSG9XG02-supermarket,drink,5495.0,01K0Q7CAZFAKGXA20YQWZ4ECG0-supermarket,8,coffee,supermarket,human,human
01K4DSN8PRTSPWDTKH0VYMSN7A,01K4DTEFDGN7WBBTC9SSG9XG02-supermarket,cereal,2970.0,01K0Q7CAZFAKGXA20YQWZ4ECG0-supermarket,9,peanutbutter,supermarket,human,human
01K4DSN8PRTSPWDTKH0VYMSN7A,01K4DTEFDGN7WBBTC9SSG9XG02-supermarket,flour,2790.0,01K0Q7CAZFAKGXA20YQWZ4ECG0-supermarket,10,milk,supermarket,human,human
01K4DSN8PRTSPWDTKH0VYMSN7A,01K4DTEFDGN7WBBTC9SSG9XG02-supermarket,sugar,2656.0,01K0Q7CAZFAKGXA20YQWZ4ECG0-supermarket,11,salt,supermarket,human,human
01K4DSN8PRTSPWDTKH0VYMSN7A,01K4DTEFDGN7WBBTC9SSG9XG02-supermarket,flavouring,4428.0,01K0Q7CAZFAKGXA20YQWZ4ECG0-supermarket,12,salt,supermarket,human,human
01K4DSN8PRTSPWDTKH0VYMSN7A,01K4DTEFDGN7WBBTC9SSG9XG02-supermarket,bread,5045.0,01K0Q7CAZFAKGXA20YQWZ4ECG0-supermarket,13,vanilla,supermarket,human,human
01K4DSN8PRTSPWDTKH0VYMSN7A,01K4DTEFDGN7WBBTC9SSG9XG02-supermarket,cake,2812.0,01K0Q7CAZFAKGXA20YQWZ4ECG0-supermarket,14,wine,supermarket,human,human
01K4DSN8PRTSPWDTKH0VYMSN7A,01K4DTEFDGN7WBBTC9SSG9XG02-supermarket,chip,2939.0,01K0Q7CAZFAKGXA20YQWZ4ECG0-supermarket,15,apples,supermarket,human,human
01K4DSN8PRTSPWDTKH0VYMSN7A,01K4DTEFDGN7WBBTC9SSG9XG02-supermarket,fish,3690.0,01K0Q7CAZFAKGXA20YQWZ4ECG0-supermarket,16,apples,supermarket,human,human
01K4DSN8PRTSPWDTKH0VYMSN7A,01K4DTEFDGN7WBBTC9SSG9XG02-supermarket,ham,1684.0,01K0Q7CAZFAKGXA20YQWZ4ECG0-supermarket,17,tartersauce,supermarket,human,human
01K4DSN8PRTSPWDTKH0VYMSN7A,01K4DTEFDGN7WBBTC9SSG9XG02-supermarket,beef,2069.0,01K0Q7CAZFAKGXA20YQWZ4ECG0-supermarket,18,lemons,supermarket,human,human
01K4DSN8PRTSPWDTKH0VYMSN7A,01K4DTEFDGN7WBBTC9SSG9XG02-supermarket,chicken,3674.0,01K0Q7CAZFAKGXA20YQWZ4ECG0-supermarket,19,chicken,supermarket,human,human
01K4DSN8PRTSPWDTKH0VYMSN7A,01K4DTEFDGN7WBBTC9SSG9XG02-supermarket,pasta,2195.0,01K0Q7CAZFAKGXA20YQWZ4ECG0-supermarket,20,pork,supermarket,human,human
01K4DSN8PRTSPWDTKH0VYMSN7A,01K4DTEFDGN7WBBTC9SSG9XG02-supermarket,gravy,3031.0,01K0Q7CAZFAKGXA20YQWZ4ECG0-supermarket,21,tomatosauce,supermarket,human,human
01K4DSN8PRTSPWDTKH0VYMSN7A,01K4DTEFDGN7WBBTC9SSG9XG02-supermarket,soup,2769.0,01K0Q7CAZFAKGXA20YQWZ4ECG0-supermarket,22,mushrooms,supermarket,human,human
01K4DSN8PRTSPWDTKH0VYMSN7A,01K4DTEFDGN7WBBTC9SSG9XG02-supermarket,pasty,4088.0,01K0Q7CAZFAKGXA20YQWZ4ECG0-supermarket,23,peanutbutter,supermarket,human,human
01K4DSN8PRTSPWDTKH0VYMSN7A,01K4DTEFDGN7WBBTC9SSG9XG02-supermarket,cat food,6256.0,01K0Q7CAZFAKGXA20YQWZ4ECG0-supermarket,24,pork,supermarket,human,human
01K4DSN8PRTSPWDTKH0VYMSN7A,01K4DTEFDGN7WBBTC9SSG9XG02-supermarket,dog food,4227.0,01K0Q7CAZFAKGXA20YQWZ4ECG0-supermarket,25,catlitter,supermarket,human,human
01K4DSN8PRTSPWDTKH0VYMSN7A,01K4DTEFDGN7WBBTC9SSG9XG02-supermarket,ice cream,4069.0,01K0Q7CAZFAKGXA20YQWZ4ECG0-supermarket,26,birdfood,supermarket,human,human
01K4DSN8PRTSPWDTKH0VYMSN7A,01K4DTEFDGN7WBBTC9SSG9XG02-supermarket,apple,3306.0,01K0Q7CAZFAKGXA20YQWZ4ECG0-supermarket,27,whippedcream,supermarket,human,human
01K4DSN8PRTSPWDTKH0VYMSN7A,01K4DTEFDGN7WBBTC9SSG9XG02-supermarket,orange,2952.0,01K0Q7CAZFAKGXA20YQWZ4ECG0-supermarket,28,oranges,supermarket,human,human
01K4DSN8PRTSPWDTKH0VYMSN7A,01K4DTEFDGN7WBBTC9SSG9XG02-supermarket,banana,3108.0,01K0Q7CAZFAKGXA20YQWZ4ECG0-supermarket,29,bananas,supermarket,human,human
01K4DSN8PRTSPWDTKH0VYMSN7A,01K4DTEFDGN7WBBTC9SSG9XG02-supermarket,grape,3252.0,01K0Q7CAZFAKGXA20YQWZ4ECG0-supermarket,30,peaches,supermarket,human,human
01K4DSN8PRTSPWDTKH0VYMSN7A,01K4DTEFDGN7WBBTC9SSG9XG02-supermarket,plum,3602.0,01K0Q7CAZFAKGXA20YQWZ4ECG0-supermarket,31,tomatoes,supermarket,human,human
01K4DSN8PRTSPWDTKH0VYMSN7A,01K4DTEFDGN7WBBTC9SSG9XG02-supermarket,pear,4153.0,01K0Q7CAZFAKGXA20YQWZ4ECG0-supermarket,32,onions,supermarket,human,human
01K4DSN8PRTSPWDTKH0VYMSN7A,01K4DTEFDGN7WBBTC9SSG9XG02-supermarket,noodle,3348.0,01K0Q7CAZFAKGXA20YQWZ4ECG0-supermarket,33,peaches,supermarket,human,human
01K4DSN8PRTSPWDTKH0VYMSN7A,01K4DTEFDGN7WBBTC9SSG9XG02-supermarket,sauce,4163.0,01K0Q7CAZFAKGXA20YQWZ4ECG0-supermarket,34,salt,supermarket,human,human
01K4DSN8PRTSPWDTKH0VYMSN7A,01K4DTEFDGN7WBBTC9SSG9XG02-supermarket,biscuit,4251.0,01K0Q7CAZFAKGXA20YQWZ4ECG0-supermarket,35,dishsoap,supermarket,human,human
01K4DSN8PRTSPWDTKH0VYMSN7A,01K4DTEFDGN7WBBTC9SSG9XG02-supermarket,paper towel,4940.0,01K0Q7CAZFAKGXA20YQWZ4ECG0-supermarket,36,bread,supermarket,human,human
01K4DSN8PRTSPWDTKH0VYMSN7A,01K4DTEFDGN7WBBTC9SSG9XG02-supermarket,soap,3095.0,01K0Q7CAZFAKGXA20YQWZ4ECG0-supermarket,37,toiletpaper,supermarket,human,human
01K4DSN8PRTSPWDTKH0VYMSN7A,01K4DTEFDGN7WBBTC9SSG9XG02-supermarket,toothpaste,3828.0,01K0Q7CAZFAKGXA20YQWZ4ECG0-supermarket,38,napkins,supermarket,human,human
01K4DSN8PRTSPWDTKH0VYMSN7A,01K4DTEFDGN7WBBTC9SSG9XG02-supermarket,toothbrush,4943.0,01K0Q7CAZFAKGXA20YQWZ4ECG0-supermarket,39,shampoo,supermarket,human,human
01K4DSN8PRTSPWDTKH0VYMSN7A,01K4DTEFDGN7WBBTC9SSG9XG02-supermarket,mouthwash,5793.0,01K0Q7CAZFAKGXA20YQWZ4ECG0-supermarket,40,shampoo,supermarket,human,human
01K4DSN8PRTSPWDTKH0VYMSN7A,01K4DTEFDGN7WBBTC9SSG9XG02-supermarket,paracetamol,7153.0,01K0Q7CAZFAKGXA20YQWZ4ECG0-supermarket,41,shampoo,supermarket,human,human
01K4DSN8PRTSPWDTKH0VYMSN7A,01K4DTEFDGN7WBBTC9SSG9XG02-supermarket,plaster,2581.0,01K0Q7CAZFAKGXA20YQWZ4ECG0-supermarket,42,dentalfloss,supermarket,human,human
01K4DSN8PRTSPWDTKH0VYMSN7A,01K4DTEFDGN7WBBTC9SSG9XG02-supermarket,antiseptic cream,6365.0,01K0Q7CAZFAKGXA20YQWZ4ECG0-supermarket,43,comb,supermarket,human,human
01K4DSN8PRTSPWDTKH0VYMSN7A,01K4DTEFDGN7WBBTC9SSG9XG02-supermarket,bandage,5165.0,01K0Q7CAZFAKGXA20YQWZ4ECG0-supermarket,44,bandaids,supermarket,human,human
01K4DSN8PRTSPWDTKH0VYMSN7A,01K4DTEFDGN7WBBTC9SSG9XG02-supermarket,vitamin,9667.0,01K0Q7CAZFAKGXA20YQWZ4ECG0-supermarket,45,alcohol,supermarket,human,human
,01JVAH81GBS5NM2V87KQJ2Q83B-clothes,blouse,4618.0,01JRZV24TKM8XJQ7CXX2T3ZWGX-clothes,1,,clothes,human,human
01JVAGTZAXRN7VXRM5AF3MX00X,01JVAH81GBS5NM2V87KQJ2Q83B-clothes,shirt,774.0,01JRZV24TKM8XJQ7CXX2T3ZWGX-clothes,2,trousers,clothes,human,human
01JVAGTZAXRN7VXRM5AF3MX00X,01JVAH81GBS5NM2V87KQJ2Q83B-clothes,pants,1599.0,01JRZV24TKM8XJQ7CXX2T3ZWGX-clothes,3,sweater,clothes,human,human
01JVAGTZAXRN7VXRM5AF3MX00X,01JVAH81GBS5NM2V87KQJ2Q83B-clothes,capris,2094.0,01JRZV24TKM8XJQ7CXX2T3ZWGX-clothes,4,socks,clothes,human,human
01JVAGTZAXRN7VXRM5AF3MX00X,01JVAH81GBS5NM2V87KQJ2Q83B-clothes,shoe,2802.0,01JRZV24TKM8XJQ7CXX2T3ZWGX-clothes,5,shoes,clothes,human,human
01JVAGTZAXRN7VXRM5AF3MX00X,01JVAH81GBS5NM2V87KQJ2Q83B-clothes,boot,2291.0,01JRZV24TKM8XJQ7CXX2T3ZWGX-clothes,6,hat,clothes,human,human
01JVAGTZAXRN7VXRM5AF3MX00X,01JVAH81GBS5NM2V87KQJ2Q83B-clothes,high heel,3031.0,01JRZV24TKM8XJQ7CXX2T3ZWGX-clothes,7,gloves,clothes,human,human
01JVAGTZAXRN7VXRM5AF3MX00X,01JVAH81GBS5NM2V87KQJ2Q83B-clothes,sock,5053.0,01JRZV24TKM8XJQ7CXX2T3ZWGX-clothes,8,cardigan,clothes,human,human
01JVAGTZAXRN7VXRM5AF3MX00X,01JVAH81GBS5NM2V87KQJ2Q83B-clothes,hat,4324.0,01JRZV24TKM8XJQ7CXX2T3ZWGX-clothes,9,gloves,clothes,human,human
01JVAGTZAXRN7VXRM5AF3MX00X,01JVAH81GBS5NM2V87KQJ2Q83B-clothes,sun hat,1420.0,01JRZV24TKM8XJQ7CXX2T3ZWGX-clothes,10,gloves,clothes,human,human
01JVAGTZAXRN7VXRM5AF3MX00X,01JVAH81GBS5NM2V87KQJ2Q83B-clothes,baseball cap,5343.0,01JRZV24TKM8XJQ7CXX2T3ZWGX-clothes,11,baseballcap,clothes,human,human
01JVAGTZAXRN7VXRM5AF3MX00X,01JVAH81GBS5NM2V87KQJ2Q83B-clothes,fedora,3052.0,01JRZV24TKM8XJQ7CXX2T3ZWGX-clothes,12,scarf,clothes,human,human
01JVAGTZAXRN7VXRM5AF3MX00X,01JVAH81GBS5NM2V87KQJ2Q83B-clothes,hiking boot,7141.0,01JRZV24TKM8XJQ7CXX2T3ZWGX-clothes,13,sombrero,clothes,human,human
01JVAGTZAXRN7VXRM5AF3MX00X,01JVAH81GBS5NM2V87KQJ2Q83B-clothes,sandal,4122.0,01JRZV24TKM8XJQ7CXX2T3ZWGX-clothes,14,combatboots,clothes,human,human
01JVAGTZAXRN7VXRM5AF3MX00X,01JVAH81GBS5NM2V87KQJ2Q83B-clothes,slipper,5548.0,01JRZV24TKM8XJQ7CXX2T3ZWGX-clothes,15,scarf,clothes,human,human
01JVAGTZAXRN7VXRM5AF3MX00X,01JVAH81GBS5NM2V87KQJ2Q83B-clothes,raincoat,2777.0,01JRZV24TKM8XJQ7CXX2T3ZWGX-clothes,16,scarf,clothes,human,human
01JVAGTZAXRN7VXRM5AF3MX00X,01JVAH81GBS5NM2V87KQJ2Q83B-clothes,jacket,7940.0,01JRZV24TKM8XJQ7CXX2T3ZWGX-clothes,17,overcoat,clothes,human,human
01JVAGTZAXRN7VXRM5AF3MX00X,01JVAH81GBS5NM2V87KQJ2Q83B-clothes,denim jacket,3894.0,01JRZV24TKM8XJQ7CXX2T3ZWGX-clothes,18,coat,clothes,human,human
01JVAGTZAXRN7VXRM5AF3MX00X,01JVAH81GBS5NM2V87KQJ2Q83B-clothes,fleece jacket,4557.0,01JRZV24TKM8XJQ7CXX2T3ZWGX-clothes,19,leatherjacket,clothes,human,human
01JVAGTZAXRN7VXRM5AF3MX00X,01JVAH81GBS5NM2V87KQJ2Q83B-clothes,wool sock,4570.0,01JRZV24TKM8XJQ7CXX2T3ZWGX-clothes,20,leatherjacket,clothes,human,human
01JVAGTZAXRN7VXRM5AF3MX00X,01JVAH81GBS5NM2V87KQJ2Q83B-clothes,athletic sock,9397.0,01JRZV24TKM8XJQ7CXX2T3ZWGX-clothes,21,cowboyboots,clothes,human,human
01JVAGTZAXRN7VXRM5AF3MX00X,01JVAH81GBS5NM2V87KQJ2Q83B-clothes,jockstrap,3349.0,01JRZV24TKM8XJQ7CXX2T3ZWGX-clothes,22,gymsocks,clothes,human,human
01JVAGTZAXRN7VXRM5AF3MX00X,01JVAH81GBS5NM2V87KQJ2Q83B-clothes,yoga pants,13584.0,01JRZV24TKM8XJQ7CXX2T3ZWGX-clothes,23,underpants,clothes,human,human
01JVAGTZAXRN7VXRM5AF3MX00X,01JVAH81GBS5NM2V87KQJ2Q83B-clothes,scarf,17866.0,01JRZV24TKM8XJQ7CXX2T3ZWGX-clothes,24,gymbra,clothes,human,human
01JVAGTZAXRN7VXRM5AF3MX00X,01JVAH81GBS5NM2V87KQJ2Q83B-clothes,t-shirt,12304.0,01JRZV24TKM8XJQ7CXX2T3ZWGX-clothes,25,woolhat,clothes,human,human
01JVAGTZAXRN7VXRM5AF3MX00X,01JVAH81GBS5NM2V87KQJ2Q83B-clothes,dress,6490.0,01JRZV24TKM8XJQ7CXX2T3ZWGX-clothes,26,camisole,clothes,human,human
01JVAGTZAXRN7VXRM5AF3MX00X,01JVAH81GBS5NM2V87KQJ2Q83B-clothes,skirt,6106.0,01JRZV24TKM8XJQ7CXX2T3ZWGX-clothes,27,skirt,clothes,human,human
01JVAGTZAXRN7VXRM5AF3MX00X,01JVAH81GBS5NM2V87KQJ2Q83B-clothes,mini-skirt,11438.0,01JRZV24TKM8XJQ7CXX2T3ZWGX-clothes,28,cardigan,clothes,human,human
01JVAGTZAXRN7VXRM5AF3MX00X,01JVAH81GBS5NM2V87KQJ2Q83B-clothes,kilt,2353.0,01JRZV24TKM8XJQ7CXX2T3ZWGX-clothes,29,maxiskirt,clothes,human,human
01JVAGTZAXRN7VXRM5AF3MX00X,01JVAH81GBS5NM2V87KQJ2Q83B-clothes,slacks,8022.0,01JRZV24TKM8XJQ7CXX2T3ZWGX-clothes,30,midiskirt,clothes,human,human
01JVAGTZAXRN7VXRM5AF3MX00X,01JVAH81GBS5NM2V87KQJ2Q83B-clothes,chinos,2643.0,01JRZV24TKM8XJQ7CXX2T3ZWGX-clothes,31,trousers,clothes,human,human
01KEYTFBSYCBSHF8N4VMKWPS8S,01KEZ0H2WGFA1Z9Y740MT121CC,t-shirt,5453.0,01JRZMD7YGCM4R3WQAZZ3T4YC7-clothes,1,,clothes,human,human
01KEYTFBSYCBSHF8N4VMKWPS8S,01KEZ0H2WGFA1Z9Y740MT121CC,shirt,2680.0,01JRZMD7YGCM4R3WQAZZ3T4YC7-clothes,2,trousers,clothes,human,human
01KEYTFBSYCBSHF8N4VMKWPS8S,01KEZ0H2WGFA1Z9Y740MT121CC,vest,1513.0,01JRZMD7YGCM4R3WQAZZ3T4YC7-clothes,3,trousers,clothes,human,human
01KEYTFBSYCBSHF8N4VMKWPS8S,01KEZ0H2WGFA1Z9Y740MT121CC,underwear,2604.0,01JRZMD7YGCM4R3WQAZZ3T4YC7-clothes,4,jacket,clothes,human,human
01KEYTFBSYCBSHF8N4VMKWPS8S,01KEZ0H2WGFA1Z9Y740MT121CC,top,2702.0,01JRZMD7YGCM4R3WQAZZ3T4YC7-clothes,5,socks,clothes,human,human
01KEYTFBSYCBSHF8N4VMKWPS8S,01KEZ0H2WGFA1Z9Y740MT121CC,hoodie,1895.0,01JRZMD7YGCM4R3WQAZZ3T4YC7-clothes,6,bottoms,clothes,human,human
01KEYTFBSYCBSHF8N4VMKWPS8S,01KEZ0H2WGFA1Z9Y740MT121CC,joggers,3677.0,01JRZMD7YGCM4R3WQAZZ3T4YC7-clothes,7,jumper,clothes,human,human
01KEYTFBSYCBSHF8N4VMKWPS8S,01KEZ0H2WGFA1Z9Y740MT121CC,quarter zip,6876.0,01JRZMD7YGCM4R3WQAZZ3T4YC7-clothes,8,tracksuit,clothes,human,human
01KEYTFBSYCBSHF8N4VMKWPS8S,01KEZ0H2WGFA1Z9Y740MT121CC,nightwear,8663.0,01JRZMD7YGCM4R3WQAZZ3T4YC7-clothes,9,fleece,clothes,human,human
01KEYTFBSYCBSHF8N4VMKWPS8S,01KEZ0H2WGFA1Z9Y740MT121CC,scarf,10892.0,01JRZMD7YGCM4R3WQAZZ3T4YC7-clothes,10,pyjamas,clothes,human,human
01KEYTFBSYCBSHF8N4VMKWPS8S,01KEZ0H2WGFA1Z9Y740MT121CC,glove,3071.0,01JRZMD7YGCM4R3WQAZZ3T4YC7-clothes,11,hat,clothes,human,human
01KEYTFBSYCBSHF8N4VMKWPS8S,01KEZ0H2WGFA1Z9Y740MT121CC,hat,3338.0,01JRZMD7YGCM4R3WQAZZ3T4YC7-clothes,12,hat,clothes,human,human
01KEYTFBSYCBSHF8N4VMKWPS8S,01KEZ0H2WGFA1Z9Y740MT121CC,beanie,2160.0,01JRZMD7YGCM4R3WQAZZ3T4YC7-clothes,13,socks,clothes,human,human
01KEYTFBSYCBSHF8N4VMKWPS8S,01KEZ0H2WGFA1Z9Y740MT121CC,designer t-shirt,11316.0,01JRZMD7YGCM4R3WQAZZ3T4YC7-clothes,14,cap,clothes,human,human
01KEYTFBSYCBSHF8N4VMKWPS8S,01KEZ0H2WGFA1Z9Y740MT121CC,designer hoodie,4066.0,01JRZMD7YGCM4R3WQAZZ3T4YC7-clothes,15,trousers,clothes,human,human
01KEYTFBSYCBSHF8N4VMKWPS8S,01KEZ0H2WGFA1Z9Y740MT121CC,designer jeans,5916.0,01JRZMD7YGCM4R3WQAZZ3T4YC7-clothes,16,designerjacket,clothes,human,human
01KEYTFBSYCBSHF8N4VMKWPS8S,01KEZ0H2WGFA1Z9Y740MT121CC,dress,7953.0,01JRZMD7YGCM4R3WQAZZ3T4YC7-clothes,17,designerbag,clothes,human,human
01KEYTFBSYCBSHF8N4VMKWPS8S,01KEZ0H2WGFA1Z9Y740MT121CC,bra,13785.0,01JRZMD7YGCM4R3WQAZZ3T4YC7-clothes,18,skirt,clothes,human,human
01KEYTFBSYCBSHF8N4VMKWPS8S,01KEZ0H2WGFA1Z9Y740MT121CC,bikini,8590.0,01JRZMD7YGCM4R3WQAZZ3T4YC7-clothes,19,pants,clothes,human,human
01KEYTFBSYCBSHF8N4VMKWPS8S,01KEZ0H2WGFA1Z9Y740MT121CC,sock,9794.0,01JRZMD7YGCM4R3WQAZZ3T4YC7-clothes,20,swimsuit,clothes,human,human
01KEYTFBSYCBSHF8N4VMKWPS8S,01KEZ0H2WGFA1Z9Y740MT121CC,ankle sock,13963.0,01JRZMD7YGCM4R3WQAZZ3T4YC7-clothes,21,shoe,clothes,human,human
01KEYTFBSYCBSHF8N4VMKWPS8S,01KEZ0H2WGFA1Z9Y740MT121CC,bottom,10119.0,01JRZMD7YGCM4R3WQAZZ3T4YC7-clothes,22,trainersock,clothes,human,human
01KEYTFBSYCBSHF8N4VMKWPS8S,01KEZ0H2WGFA1Z9Y740MT121CC,pajamas,6859.0,01JRZMD7YGCM4R3WQAZZ3T4YC7-clothes,23,trouser,clothes,human,human
01KEYTFBSYCBSHF8N4VMKWPS8S,01KEZ0H2WGFA1Z9Y740MT121CC,boxers,5776.0,01JRZMD7YGCM4R3WQAZZ3T4YC7-clothes,24,dressinggown,clothes,human,human
,01JVAGSQ6J3MNKTZX7V8ZKWWDX-clothes,shoe,4123.0,01JRZV487V6JBCV4PWJXMYDRHE-clothes,1,,clothes,human,human
01JVAEPB6NNFSEGYFXBFB68GJN,01JVAGSQ6J3MNKTZX7V8ZKWWDX-clothes,sock,2277.0,01JRZV487V6JBCV4PWJXMYDRHE-clothes,2,socks,clothes,human,human
01JVAEPB6NNFSEGYFXBFB68GJN,01JVAGSQ6J3MNKTZX7V8ZKWWDX-clothes,trousers,2246.0,01JRZV487V6JBCV4PWJXMYDRHE-clothes,3,pants,clothes,human,human
01JVAEPB6NNFSEGYFXBFB68GJN,01JVAGSQ6J3MNKTZX7V8ZKWWDX-clothes,leggings,2087.0,01JRZV487V6JBCV4PWJXMYDRHE-clothes,4,shrt,clothes,human,human
01JVAEPB6NNFSEGYFXBFB68GJN,01JVAGSQ6J3MNKTZX7V8ZKWWDX-clothes,jeans,4817.0,01JRZV487V6JBCV4PWJXMYDRHE-clothes,5,skirt,clothes,human,human
01JVAEPB6NNFSEGYFXBFB68GJN,01JVAGSQ6J3MNKTZX7V8ZKWWDX-clothes,pants,4244.0,01JRZV487V6JBCV4PWJXMYDRHE-clothes,6,slacks,clothes,human,human
01JVAEPB6NNFSEGYFXBFB68GJN,01JVAGSQ6J3MNKTZX7V8ZKWWDX-clothes,knickers,2085.0,01JRZV487V6JBCV4PWJXMYDRHE-clothes,7,shirt,clothes,human,human
01JVAEPB6NNFSEGYFXBFB68GJN,01JVAGSQ6J3MNKTZX7V8ZKWWDX-clothes,underpants,2798.0,01JRZV487V6JBCV4PWJXMYDRHE-clothes,8,slacks,clothes,human,human
01JVAEPB6NNFSEGYFXBFB68GJN,01JVAGSQ6J3MNKTZX7V8ZKWWDX-clothes,y-fronts,2086.0,01JRZV487V6JBCV4PWJXMYDRHE-clothes,9,shirt,clothes,human,human
01JVAEPB6NNFSEGYFXBFB68GJN,01JVAGSQ6J3MNKTZX7V8ZKWWDX-clothes,shirt,5301.0,01JRZV487V6JBCV4PWJXMYDRHE-clothes,10,ll,clothes,human,human
01JVAEPB6NNFSEGYFXBFB68GJN,01JVAGSQ6J3MNKTZX7V8ZKWWDX-clothes,button-down,2546.0,01JRZV487V6JBCV4PWJXMYDRHE-clothes,11,blouse,clothes,human,human
01JVAEPB6NNFSEGYFXBFB68GJN,01JVAGSQ6J3MNKTZX7V8ZKWWDX-clothes,peplum top,3111.0,01JRZV487V6JBCV4PWJXMYDRHE-clothes,12,blouse,clothes,human,human
01JVAEPB6NNFSEGYFXBFB68GJN,01JVAGSQ6J3MNKTZX7V8ZKWWDX-clothes,jacket,4174.0,01JRZV487V6JBCV4PWJXMYDRHE-clothes,13,tshirt,clothes,human,human
01JVAEPB6NNFSEGYFXBFB68GJN,01JVAGSQ6J3MNKTZX7V8ZKWWDX-clothes,t-shirt,2541.0,01JRZV487V6JBCV4PWJXMYDRHE-clothes,14,coat,clothes,human,human
01JVAEPB6NNFSEGYFXBFB68GJN,01JVAGSQ6J3MNKTZX7V8ZKWWDX-clothes,hat,6644.0,01JRZV487V6JBCV4PWJXMYDRHE-clothes,15,blouse,clothes,human,human
01JVAEPB6NNFSEGYFXBFB68GJN,01JVAGSQ6J3MNKTZX7V8ZKWWDX-clothes,sunglasses,3497.0,01JRZV487V6JBCV4PWJXMYDRHE-clothes,16,cap,clothes,human,human
01JVAEPB6NNFSEGYFXBFB68GJN,01JVAGSQ6J3MNKTZX7V8ZKWWDX-clothes,necklace,4163.0,01JRZV487V6JBCV4PWJXMYDRHE-clothes,17,shades,clothes,human,human
01JVAEPB6NNFSEGYFXBFB68GJN,01JVAGSQ6J3MNKTZX7V8ZKWWDX-clothes,ring,2209.0,01JRZV487V6JBCV4PWJXMYDRHE-clothes,18,earriings,clothes,human,human
01JVAEPB6NNFSEGYFXBFB68GJN,01JVAGSQ6J3MNKTZX7V8ZKWWDX-clothes,coat,12579.0,01JRZV487V6JBCV4PWJXMYDRHE-clothes,19,earings,clothes,human,human
01JVAEPB6NNFSEGYFXBFB68GJN,01JVAGSQ6J3MNKTZX7V8ZKWWDX-clothes,skinny jeans,10068.0,01JRZV487V6JBCV4PWJXMYDRHE-clothes,20,jacket,clothes,human,human
01JVAEPB6NNFSEGYFXBFB68GJN,01JVAGSQ6J3MNKTZX7V8ZKWWDX-clothes,wide leg pants,6469.0,01JRZV487V6JBCV4PWJXMYDRHE-clothes,21,flarejeans,clothes,human,human
01JVAEPB6NNFSEGYFXBFB68GJN,01JVAGSQ6J3MNKTZX7V8ZKWWDX-clothes,bra,3007.0,01JRZV487V6JBCV4PWJXMYDRHE-clothes,22,ump,clothes,human,human
01JVAEPB6NNFSEGYFXBFB68GJN,01JVAGSQ6J3MNKTZX7V8ZKWWDX-clothes,tights,2261.0,01JRZV487V6JBCV4PWJXMYDRHE-clothes,23,tshirt,clothes,human,human
01JVAEPB6NNFSEGYFXBFB68GJN,01JVAGSQ6J3MNKTZX7V8ZKWWDX-clothes,stocking,3284.0,01JRZV487V6JBCV4PWJXMYDRHE-clothes,24,underwear,clothes,human,human
01JVAEPB6NNFSEGYFXBFB68GJN,01JVAGSQ6J3MNKTZX7V8ZKWWDX-clothes,suspenders,3228.0,01JRZV487V6JBCV4PWJXMYDRHE-clothes,25,socks,clothes,human,human
01JVAEPB6NNFSEGYFXBFB68GJN,01JVAGSQ6J3MNKTZX7V8ZKWWDX-clothes,fishnet tights,6755.0,01JRZV487V6JBCV4PWJXMYDRHE-clothes,26,belt,clothes,human,human
01JVAEPB6NNFSEGYFXBFB68GJN,01JVAGSQ6J3MNKTZX7V8ZKWWDX-clothes,boy shorts,6571.0,01JRZV487V6JBCV4PWJXMYDRHE-clothes,27,belt,clothes,human,human
01JVAEPB6NNFSEGYFXBFB68GJN,01JVAGSQ6J3MNKTZX7V8ZKWWDX-clothes,denim shorts,3641.0,01JRZV487V6JBCV4PWJXMYDRHE-clothes,28,belt,clothes,human,human
01JVAEPB6NNFSEGYFXBFB68GJN,01JVAGSQ6J3MNKTZX7V8ZKWWDX-clothes,dress,3190.0,01JRZV487V6JBCV4PWJXMYDRHE-clothes,29,cargoshorts,clothes,human,human
01JVAEPB6NNFSEGYFXBFB68GJN,01JVAGSQ6J3MNKTZX7V8ZKWWDX-clothes,maxi dress,3423.0,01JRZV487V6JBCV4PWJXMYDRHE-clothes,30,skirt,clothes,human,human
01JVAEPB6NNFSEGYFXBFB68GJN,01JVAGSQ6J3MNKTZX7V8ZKWWDX-clothes,mini dress,3332.0,01JRZV487V6JBCV4PWJXMYDRHE-clothes,31,skir,clothes,human,human
01JVAEPB6NNFSEGYFXBFB68GJN,01JVAGSQ6J3MNKTZX7V8ZKWWDX-clothes,midi dress,4884.0,01JRZV487V6JBCV4PWJXMYDRHE-clothes,32,skirt,clothes,human,human
01JVAEPB6NNFSEGYFXBFB68GJN,01JVAGSQ6J3MNKTZX7V8ZKWWDX-clothes,skirt,7010.0,01JRZV487V6JBCV4PWJXMYDRHE-clothes,33,skirt,clothes,human,human
01JVAEPB6NNFSEGYFXBFB68GJN,01JVAGSQ6J3MNKTZX7V8ZKWWDX-clothes,maxi skirt,3090.0,01JRZV487V6JBCV4PWJXMYDRHE-clothes,34,tiights,clothes,human,human
01JVAEPB6NNFSEGYFXBFB68GJN,01JVAGSQ6J3MNKTZX7V8ZKWWDX-clothes,denim skirt,3419.0,01JRZV487V6JBCV4PWJXMYDRHE-clothes,35,blouse,clothes,human,human
01JVAEPB6NNFSEGYFXBFB68GJN,01JVAGSQ6J3MNKTZX7V8ZKWWDX-clothes,leather skirt,3009.0,01JRZV487V6JBCV4PWJXMYDRHE-clothes,36,ll,clothes,human,human
01JVAEPB6NNFSEGYFXBFB68GJN,01JVAGSQ6J3MNKTZX7V8ZKWWDX-clothes,midi skirt,4482.0,01JRZV487V6JBCV4PWJXMYDRHE-clothes,37,tshirt,clothes,human,human
01JVAEPB6NNFSEGYFXBFB68GJN,01JVAGSQ6J3MNKTZX7V8ZKWWDX-clothes,mini skirt,6432.0,01JRZV487V6JBCV4PWJXMYDRHE-clothes,38,tshirt,clothes,human,human
01JVAEPB6NNFSEGYFXBFB68GJN,01JVAGSQ6J3MNKTZX7V8ZKWWDX-clothes,bracelet,8539.0,01JRZV487V6JBCV4PWJXMYDRHE-clothes,39,miniskirt,clothes,human,human
,01K4DTGX917JGYZGWCPY8M7TNW-supermarket,shopping cart,15474.0,01JRZVQH4TCPW9YYQ8XC990GTH-supermarket,1,,supermarket,human,human
01K4DSNAFC1Q5VT4HWF3WCJ8TY,01K4DTGX917JGYZGWCPY8M7TNW-supermarket,bacon,8371.0,01JRZVQH4TCPW9YYQ8XC990GTH-supermarket,2,shop,supermarket,human,human
01K4DSNAFC1Q5VT4HWF3WCJ8TY,01K4DTGX917JGYZGWCPY8M7TNW-supermarket,paper towel,9746.0,01JRZVQH4TCPW9YYQ8XC990GTH-supermarket,3,pig,supermarket,human,human
01K4DSNAFC1Q5VT4HWF3WCJ8TY,01K4DTGX917JGYZGWCPY8M7TNW-supermarket,trash bag,4623.0,01JRZVQH4TCPW9YYQ8XC990GTH-supermarket,4,icecream,supermarket,human,human
01K4DSNAFC1Q5VT4HWF3WCJ8TY,01K4DTGX917JGYZGWCPY8M7TNW-supermarket,water bottle,9147.0,01JRZVQH4TCPW9YYQ8XC990GTH-supermarket,5,fish,supermarket,human,human
01K4DSNAFC1Q5VT4HWF3WCJ8TY,01K4DTGX917JGYZGWCPY8M7TNW-supermarket,self-checkout,12926.0,01JRZVQH4TCPW9YYQ8XC990GTH-supermarket,6,cola,supermarket,human,human
01K4DSNAFC1Q5VT4HWF3WCJ8TY,01K4DTGX917JGYZGWCPY8M7TNW-supermarket,apple,6896.0,01JRZVQH4TCPW9YYQ8XC990GTH-supermarket,7,pay,supermarket,human,human
01K4DSNAFC1Q5VT4HWF3WCJ8TY,01K4DTGX917JGYZGWCPY8M7TNW-supermarket,carrot,2344.0,01JRZVQH4TCPW9YYQ8XC990GTH-supermarket,8,bananas,supermarket,human,human
01K4DSNAFC1Q5VT4HWF3WCJ8TY,01K4DTGX917JGYZGWCPY8M7TNW-supermarket,banana,3367.0,01JRZVQH4TCPW9YYQ8XC990GTH-supermarket,9,bananas,supermarket,human,human
01K4DSNAFC1Q5VT4HWF3WCJ8TY,01K4DTGX917JGYZGWCPY8M7TNW-supermarket,lettuce,1921.0,01JRZVQH4TCPW9YYQ8XC990GTH-supermarket,10,fish,supermarket,human,human
01K4DSNAFC1Q5VT4HWF3WCJ8TY,01K4DTGX917JGYZGWCPY8M7TNW-supermarket,cabbage,3303.0,01JRZVQH4TCPW9YYQ8XC990GTH-supermarket,11,tomato,supermarket,human,human
01K4DSNAFC1Q5VT4HWF3WCJ8TY,01K4DTGX917JGYZGWCPY8M7TNW-supermarket,grapefruit,8853.0,01JRZVQH4TCPW9YYQ8XC990GTH-supermarket,12,tomato,supermarket,human,human
01K4DSNAFC1Q5VT4HWF3WCJ8TY,01K4DTGX917JGYZGWCPY8M7TNW-supermarket,bread,5566.0,01JRZVQH4TCPW9YYQ8XC990GTH-supermarket,13,tomato,supermarket,human,human
01K4DSNAFC1Q5VT4HWF3WCJ8TY,01K4DTGX917JGYZGWCPY8M7TNW-supermarket,burger,4670.0,01JRZVQH4TCPW9YYQ8XC990GTH-supermarket,14,tomato,supermarket,human,human
01K4DSNAFC1Q5VT4HWF3WCJ8TY,01K4DTGX917JGYZGWCPY8M7TNW-supermarket,butter,3429.0,01JRZVQH4TCPW9YYQ8XC990GTH-supermarket,15,pickle,supermarket,human,human
01K4DSNAFC1Q5VT4HWF3WCJ8TY,01K4DTGX917JGYZGWCPY8M7TNW-supermarket,milk,1471.0,01JRZVQH4TCPW9YYQ8XC990GTH-supermarket,16,tomato,supermarket,human,human
01K4DSNAFC1Q5VT4HWF3WCJ8TY,01K4DTGX917JGYZGWCPY8M7TNW-supermarket,cheese,1571.0,01JRZVQH4TCPW9YYQ8XC990GTH-supermarket,17,coffee,supermarket,human,human
01K4DSNAFC1Q5VT4HWF3WCJ8TY,01K4DTGX917JGYZGWCPY8M7TNW-supermarket,egg,3244.0,01JRZVQH4TCPW9YYQ8XC990GTH-supermarket,18,coffee,supermarket,human,human
01K4DSNAFC1Q5VT4HWF3WCJ8TY,01K4DTGX917JGYZGWCPY8M7TNW-supermarket,beef,5836.0,01JRZVQH4TCPW9YYQ8XC990GTH-supermarket,19,coffee,supermarket,human,human
01K4DSNAFC1Q5VT4HWF3WCJ8TY,01K4DTGX917JGYZGWCPY8M7TNW-supermarket,chicken,1988.0,01JRZVQH4TCPW9YYQ8XC990GTH-supermarket,20,coffee,supermarket,human,human
01K4DSNAFC1Q5VT4HWF3WCJ8TY,01K4DTGX917JGYZGWCPY8M7TNW-supermarket,fish,5979.0,01JRZVQH4TCPW9YYQ8XC990GTH-supermarket,21,coffee,supermarket,human,human
01K4DSNAFC1Q5VT4HWF3WCJ8TY,01K4DTGX917JGYZGWCPY8M7TNW-supermarket,rice,7864.0,01JRZVQH4TCPW9YYQ8XC990GTH-supermarket,22,coffee,supermarket,human,human
01K4DSNAFC1Q5VT4HWF3WCJ8TY,01K4DTGX917JGYZGWCPY8M7TNW-supermarket,pasta,3351.0,01JRZVQH4TCPW9YYQ8XC990GTH-supermarket,23,coffee,supermarket,human,human
01K4DSNAFC1Q5VT4HWF3WCJ8TY,01K4DTGX917JGYZGWCPY8M7TNW-supermarket,salt,2459.0,01JRZVQH4TCPW9YYQ8XC990GTH-supermarket,24,coffee,supermarket,human,human
01K4DSNAFC1Q5VT4HWF3WCJ8TY,01K4DTGX917JGYZGWCPY8M7TNW-supermarket,pepper,6207.0,01JRZVQH4TCPW9YYQ8XC990GTH-supermarket,25,coffee,supermarket,human,human
01K4DSNAFC1Q5VT4HWF3WCJ8TY,01K4DTGX917JGYZGWCPY8M7TNW-supermarket,mustard,5938.0,01JRZVQH4TCPW9YYQ8XC990GTH-supermarket,26,coffee,supermarket,human,human
01K4DSNAFC1Q5VT4HWF3WCJ8TY,01K4DTGX917JGYZGWCPY8M7TNW-supermarket,peach,10357.0,01JRZVQH4TCPW9YYQ8XC990GTH-supermarket,27,coffee,supermarket,human,human
01K4DSNAFC1Q5VT4HWF3WCJ8TY,01K4DTGX917JGYZGWCPY8M7TNW-supermarket,coffee,3779.0,01JRZVQH4TCPW9YYQ8XC990GTH-supermarket,28,coffee,supermarket,human,human
01K4DSNAFC1Q5VT4HWF3WCJ8TY,01K4DTGX917JGYZGWCPY8M7TNW-supermarket,tea,1454.0,01JRZVQH4TCPW9YYQ8XC990GTH-supermarket,29,tea,supermarket,human,human
01K4DSNAFC1Q5VT4HWF3WCJ8TY,01K4DTGX917JGYZGWCPY8M7TNW-supermarket,soda,4394.0,01JRZVQH4TCPW9YYQ8XC990GTH-supermarket,30,beef,supermarket,human,human
01K4DSNAFC1Q5VT4HWF3WCJ8TY,01K4DTGX917JGYZGWCPY8M7TNW-supermarket,dish soap,5999.0,01JRZVQH4TCPW9YYQ8XC990GTH-supermarket,31,beef,supermarket,human,human
,01K4DTKQTE0VJ3A3MEH6GVX0DH-animals,fox,3700.0,01JRZM8B5AP49HDHKE9WA4CFM3-animals,1,,animals,human,human
01K4DSNAF8WNNFEP5PVJYCPXTB,01K4DTKQTE0VJ3A3MEH6GVX0DH-animals,badger,1709.0,01JRZM8B5AP49HDHKE9WA4CFM3-animals,2,wolf,animals,human,human
01K4DSNAF8WNNFEP5PVJYCPXTB,01K4DTKQTE0VJ3A3MEH6GVX0DH-animals,mouse,1082.0,01JRZM8B5AP49HDHKE9WA4CFM3-animals,3,honey,animals,human,human
01K4DSNAF8WNNFEP5PVJYCPXTB,01K4DTKQTE0VJ3A3MEH6GVX0DH-animals,tiger,1262.0,01JRZM8B5AP49HDHKE9WA4CFM3-animals,4,cat,animals,human,human
01K4DSNAF8WNNFEP5PVJYCPXTB,01K4DTKQTE0VJ3A3MEH6GVX0DH-animals,frog,1180.0,01JRZM8B5AP49HDHKE9WA4CFM3-animals,5,lion,animals,human,human
01K4DSNAF8WNNFEP5PVJYCPXTB,01K4DTKQTE0VJ3A3MEH6GVX0DH-animals,lizard,1392.0,01JRZM8B5AP49HDHKE9WA4CFM3-animals,6,rabbit,animals,human,human
01K4DSNAF8WNNFEP5PVJYCPXTB,01K4DTKQTE0VJ3A3MEH6GVX0DH-animals,cat,1447.0,01JRZM8B5AP49HDHKE9WA4CFM3-animals,7,snake,animals,human,human
01K4DSNAF8WNNFEP5PVJYCPXTB,01K4DTKQTE0VJ3A3MEH6GVX0DH-animals,dog,2096.0,01JRZM8B5AP49HDHKE9WA4CFM3-animals,8,dog,animals,human,human
01K4DSNAF8WNNFEP5PVJYCPXTB,01K4DTKQTE0VJ3A3MEH6GVX0DH-animals,spider,1300.0,01JRZM8B5AP49HDHKE9WA4CFM3-animals,9,wolf,animals,human,human
01K4DSNAF8WNNFEP5PVJYCPXTB,01K4DTKQTE0VJ3A3MEH6GVX0DH-animals,duck,3277.0,01JRZM8B5AP49HDHKE9WA4CFM3-animals,10,snake,animals,human,human
01K4DSNAF8WNNFEP5PVJYCPXTB,01K4DTKQTE0VJ3A3MEH6GVX0DH-animals,panda,1612.0,01JRZM8B5AP49HDHKE9WA4CFM3-animals,11,chicken,animals,human,human
01K4DSNAF8WNNFEP5PVJYCPXTB,01K4DTKQTE0VJ3A3MEH6GVX0DH-animals,elephant,1390.0,01JRZM8B5AP49HDHKE9WA4CFM3-animals,12,bear,animals,human,human
01K4DSNAF8WNNFEP5PVJYCPXTB,01K4DTKQTE0VJ3A3MEH6GVX0DH-animals,dolphin,4298.0,01JRZM8B5AP49HDHKE9WA4CFM3-animals,13,crocodile,animals,human,human
01K4DSNAF8WNNFEP5PVJYCPXTB,01K4DTKQTE0VJ3A3MEH6GVX0DH-animals,monkey,2427.0,01JRZM8B5AP49HDHKE9WA4CFM3-animals,14,shark,animals,human,human
01K4DSNAF8WNNFEP5PVJYCPXTB,01K4DTKQTE0VJ3A3MEH6GVX0DH-animals,bull,2048.0,01JRZM8B5AP49HDHKE9WA4CFM3-animals,15,tiger,animals,human,human
01K4DSNAF8WNNFEP5PVJYCPXTB,01K4DTKQTE0VJ3A3MEH6GVX0DH-animals,cow,1542.0,01JRZM8B5AP49HDHKE9WA4CFM3-animals,16,cow,animals,human,human
01K4DSNAF8WNNFEP5PVJYCPXTB,01K4DTKQTE0VJ3A3MEH6GVX0DH-animals,chicken,1273.0,01JRZM8B5AP49HDHKE9WA4CFM3-animals,17,horse,animals,human,human
01K4DSNAF8WNNFEP5PVJYCPXTB,01K4DTKQTE0VJ3A3MEH6GVX0DH-animals,horse,3415.0,01JRZM8B5AP49HDHKE9WA4CFM3-animals,18,hamster,animals,human,human
01K4DSNAF8WNNFEP5PVJYCPXTB,01K4DTKQTE0VJ3A3MEH6GVX0DH-animals,ladybird,2762.0,01JRZM8B5AP49HDHKE9WA4CFM3-animals,19,whale,animals,human,human
01K4DSNAF8WNNFEP5PVJYCPXTB,01K4DTKQTE0VJ3A3MEH6GVX0DH-animals,magpie,3586.0,01JRZM8B5AP49HDHKE9WA4CFM3-animals,20,butterfly,animals,human,human
01K4DSNAF8WNNFEP5PVJYCPXTB,01K4DTKQTE0VJ3A3MEH6GVX0DH-animals,hedgehog,7223.0,01JRZM8B5AP49HDHKE9WA4CFM3-animals,21,pigeon,animals,human,human
01K4DSNAF8WNNFEP5PVJYCPXTB,01K4DTKQTE0VJ3A3MEH6GVX0DH-animals,snake,2793.0,01JRZM8B5AP49HDHKE9WA4CFM3-animals,22,pigeon,animals,human,human
01K4DSNAF8WNNFEP5PVJYCPXTB,01K4DTKQTE0VJ3A3MEH6GVX0DH-animals,rat,1498.0,01JRZM8B5AP49HDHKE9WA4CFM3-animals,23,lion,animals,human,human
01K4DSNAF8WNNFEP5PVJYCPXTB,01K4DTKQTE0VJ3A3MEH6GVX0DH-animals,emu,5368.0,01JRZM8B5AP49HDHKE9WA4CFM3-animals,24,lion,animals,human,human
01K4DSNAF8WNNFEP5PVJYCPXTB,01K4DTKQTE0VJ3A3MEH6GVX0DH-animals,ostrich,1858.0,01JRZM8B5AP49HDHKE9WA4CFM3-animals,25,lion,animals,human,human
01K4DSNAF8WNNFEP5PVJYCPXTB,01K4DTKQTE0VJ3A3MEH6GVX0DH-animals,ant,4074.0,01JRZM8B5AP49HDHKE9WA4CFM3-animals,26,kiwi,animals,human,human
01K4DSNAF8WNNFEP5PVJYCPXTB,01K4DTKQTE0VJ3A3MEH6GVX0DH-animals,rooster,8392.0,01JRZM8B5AP49HDHKE9WA4CFM3-animals,27,spider,animals,human,human
01K4DSNAF8WNNFEP5PVJYCPXTB,01K4DTKQTE0VJ3A3MEH6GVX0DH-animals,whale,11860.0,01JRZM8B5AP49HDHKE9WA4CFM3-animals,28,goose,animals,human,human
01K4DSNAF8WNNFEP5PVJYCPXTB,01K4DTKQTE0VJ3A3MEH6GVX0DH-animals,fish,3015.0,01JRZM8B5AP49HDHKE9WA4CFM3-animals,29,shark,animals,human,human
01K4DSNAF8WNNFEP5PVJYCPXTB,01K4DTKQTE0VJ3A3MEH6GVX0DH-animals,chaffinch,16324.0,01JRZM8B5AP49HDHKE9WA4CFM3-animals,30,shark,animals,human,human
01K4DSNAF8WNNFEP5PVJYCPXTB,01K4DTKQTE0VJ3A3MEH6GVX0DH-animals,bear,5724.0,01JRZM8B5AP49HDHKE9WA4CFM3-animals,31,shark,animals,human,human
01K4DSNAF8WNNFEP5PVJYCPXTB,01K4DTKQTE0VJ3A3MEH6GVX0DH-animals,ape,8929.0,01JRZM8B5AP49HDHKE9WA4CFM3-animals,32,shark,animals,human,human
01K4DSNAF8WNNFEP5PVJYCPXTB,01K4DTKQTE0VJ3A3MEH6GVX0DH-animals,lion,11302.0,01JRZM8B5AP49HDHKE9WA4CFM3-animals,33,sharl,animals,human,human
01K4DSNAF8WNNFEP5PVJYCPXTB,01K4DTKQTE0VJ3A3MEH6GVX0DH-animals,cheetah,6465.0,01JRZM8B5AP49HDHKE9WA4CFM3-animals,34,zebra,animals,human,human
01K4DSNAF8WNNFEP5PVJYCPXTB,01K4DTKQTE0VJ3A3MEH6GVX0DH-animals,hyena,10094.0,01JRZM8B5AP49HDHKE9WA4CFM3-animals,35,zebra,animals,human,human
01K4DSNAF8WNNFEP5PVJYCPXTB,01K4DTKQTE0VJ3A3MEH6GVX0DH-animals,cockroach,10455.0,01JRZM8B5AP49HDHKE9WA4CFM3-animals,36,zebra,animals,human,human
01K4DSNAF8WNNFEP5PVJYCPXTB,01K4DTKQTE0VJ3A3MEH6GVX0DH-animals,stick insect,16876.0,01JRZM8B5AP49HDHKE9WA4CFM3-animals,37,zebra,animals,human,human
01K4DSNAF8WNNFEP5PVJYCPXTB,01K4DTKQTE0VJ3A3MEH6GVX0DH-animals,maggot,4357.0,01JRZM8B5AP49HDHKE9WA4CFM3-animals,38,zebra,animals,human,human
,01K4DV9B5VQRBCJR0FRQV4RZW1-animals,cat,5872.0,01K0Q8VFHSNZQXGBKKM8RP2756-animals,1,,animals,human,human
01K4DSNBA8JYSESAWXWPS1SGS3,01K4DV9B5VQRBCJR0FRQV4RZW1-animals,dog,2062.0,01K0Q8VFHSNZQXGBKKM8RP2756-animals,2,dog,animals,human,human
01K4DSNBA8JYSESAWXWPS1SGS3,01K4DV9B5VQRBCJR0FRQV4RZW1-animals,lion,1758.0,01K0Q8VFHSNZQXGBKKM8RP2756-animals,3,[og,animals,human,human
01K4DSNBA8JYSESAWXWPS1SGS3,01K4DV9B5VQRBCJR0FRQV4RZW1-animals,elephant,6745.0,01K0Q8VFHSNZQXGBKKM8RP2756-animals,4,tiger,animals,human,human
01K4DSNBA8JYSESAWXWPS1SGS3,01K4DV9B5VQRBCJR0FRQV4RZW1-animals,mouse,6041.0,01K0Q8VFHSNZQXGBKKM8RP2756-animals,5,tiger,animals,human,human
01K4DSNBA8JYSESAWXWPS1SGS3,01K4DV9B5VQRBCJR0FRQV4RZW1-animals,rat,3321.0,01K0Q8VFHSNZQXGBKKM8RP2756-animals,6,penguine,animals,human,human
01K4DSNBA8JYSESAWXWPS1SGS3,01K4DV9B5VQRBCJR0FRQV4RZW1-animals,tiger,9089.0,01K0Q8VFHSNZQXGBKKM8RP2756-animals,7,tiger,animals,human,human
01K4DSNBA8JYSESAWXWPS1SGS3,01K4DV9B5VQRBCJR0FRQV4RZW1-animals,badger,2345.0,01K0Q8VFHSNZQXGBKKM8RP2756-animals,8,panda,animals,human,human
01K4DSNBA8JYSESAWXWPS1SGS3,01K4DV9B5VQRBCJR0FRQV4RZW1-animals,wolverine,5754.0,01K0Q8VFHSNZQXGBKKM8RP2756-animals,9,racoon,animals,human,human
01K4DSNBA8JYSESAWXWPS1SGS3,01K4DV9B5VQRBCJR0FRQV4RZW1-animals,fox,2604.0,01K0Q8VFHSNZQXGBKKM8RP2756-animals,10,wolf,animals,human,human
01K4DSNBA8JYSESAWXWPS1SGS3,01K4DV9B5VQRBCJR0FRQV4RZW1-animals,wolf,2979.0,01K0Q8VFHSNZQXGBKKM8RP2756-animals,11,wolf,animals,human,human
01K4DSNBA8JYSESAWXWPS1SGS3,01K4DV9B5VQRBCJR0FRQV4RZW1-animals,panda,2831.0,01K0Q8VFHSNZQXGBKKM8RP2756-animals,12,racoon,animals,human,human
01K4DSNBA8JYSESAWXWPS1SGS3,01K4DV9B5VQRBCJR0FRQV4RZW1-animals,bear,1719.0,01K0Q8VFHSNZQXGBKKM8RP2756-animals,13,giraff,animals,human,human
01K4DSNBA8JYSESAWXWPS1SGS3,01K4DV9B5VQRBCJR0FRQV4RZW1-animals,zebra,3678.0,01K0Q8VFHSNZQXGBKKM8RP2756-animals,14,deer,animals,human,human
01K4DSNBA8JYSESAWXWPS1SGS3,01K4DV9B5VQRBCJR0FRQV4RZW1-animals,horse,4845.0,01K0Q8VFHSNZQXGBKKM8RP2756-animals,15,deer,animals,human,human
01K4DSNBA8JYSESAWXWPS1SGS3,01K4DV9B5VQRBCJR0FRQV4RZW1-animals,goat,3879.0,01K0Q8VFHSNZQXGBKKM8RP2756-animals,16,cow,animals,human,human
01K4DSNBA8JYSESAWXWPS1SGS3,01K4DV9B5VQRBCJR0FRQV4RZW1-animals,pig,1020.0,01K0Q8VFHSNZQXGBKKM8RP2756-animals,17,sheep,animals,human,human
01K4DSNBA8JYSESAWXWPS1SGS3,01K4DV9B5VQRBCJR0FRQV4RZW1-animals,bat,29899.0,01K0Q8VFHSNZQXGBKKM8RP2756-animals,18,cow,animals,human,human
01K4DSNBA8JYSESAWXWPS1SGS3,01K4DV9B5VQRBCJR0FRQV4RZW1-animals,bird,1382.0,01K0Q8VFHSNZQXGBKKM8RP2756-animals,19,cow,animals,human,human
01K4DSNBA8JYSESAWXWPS1SGS3,01K4DV9B5VQRBCJR0FRQV4RZW1-animals,raven,2800.0,01K0Q8VFHSNZQXGBKKM8RP2756-animals,20,cow,animals,human,human
01K4DSNBA8JYSESAWXWPS1SGS3,01K4DV9B5VQRBCJR0FRQV4RZW1-animals,crow,2221.0,01K0Q8VFHSNZQXGBKKM8RP2756-animals,21,crow,animals,human,human
01K4DSNBA8JYSESAWXWPS1SGS3,01K4DV9B5VQRBCJR0FRQV4RZW1-animals,donkey,4149.0,01K0Q8VFHSNZQXGBKKM8RP2756-animals,22,cow,animals,human,human
01K4DSNBA8JYSESAWXWPS1SGS3,01K4DV9B5VQRBCJR0FRQV4RZW1-animals,rabbit,5255.0,01K0Q8VFHSNZQXGBKKM8RP2756-animals,23,giraffe,animals,human,human
01K4DSNBA8JYSESAWXWPS1SGS3,01K4DV9B5VQRBCJR0FRQV4RZW1-animals,chicken,3353.0,01K0Q8VFHSNZQXGBKKM8RP2756-animals,24,racoon,animals,human,human
01K4DSNBA8JYSESAWXWPS1SGS3,01K4DV9B5VQRBCJR0FRQV4RZW1-animals,turkey,4108.0,01K0Q8VFHSNZQXGBKKM8RP2756-animals,25,duck,animals,human,human
01K4DSNBA8JYSESAWXWPS1SGS3,01K4DV9B5VQRBCJR0FRQV4RZW1-animals,salmon,6623.0,01K0Q8VFHSNZQXGBKKM8RP2756-animals,26,duck,animals,human,human
01K4DSNBA8JYSESAWXWPS1SGS3,01K4DV9B5VQRBCJR0FRQV4RZW1-animals,mussel,12191.0,01K0Q8VFHSNZQXGBKKM8RP2756-animals,27,cow,animals,human,human
01K4DSNBA8JYSESAWXWPS1SGS3,01K4DV9B5VQRBCJR0FRQV4RZW1-animals,koi,13291.0,01K0Q8VFHSNZQXGBKKM8RP2756-animals,28,monkey,animals,human,human
01K4DSNBA8JYSESAWXWPS1SGS3,01K4DV9B5VQRBCJR0FRQV4RZW1-animals,goldfish,4583.0,01K0Q8VFHSNZQXGBKKM8RP2756-animals,29,tuna,animals,human,human
01K4DSNBA8JYSESAWXWPS1SGS3,01K4DV9B5VQRBCJR0FRQV4RZW1-animals,possum,6039.0,01K0Q8VFHSNZQXGBKKM8RP2756-animals,30,tuna,animals,human,human
01K4DSNBA8JYSESAWXWPS1SGS3,01K4DV9B5VQRBCJR0FRQV4RZW1-animals,raccoon,6364.0,01K0Q8VFHSNZQXGBKKM8RP2756-animals,31,skunk,animals,human,human
,01K4DTN0PZ6B0P6J99M8HSEG1M-animals,dog,3509.0,01JYPGS31V4PV4W4T1QXZCSFHH-animals,1,,animals,human,human
01K4DSNBAB5BQ2M01ZKCFNN0YX,01K4DTN0PZ6B0P6J99M8HSEG1M-animals,cat,1034.0,01JYPGS31V4PV4W4T1QXZCSFHH-animals,2,cat,animals,human,human
01K4DSNBAB5BQ2M01ZKCFNN0YX,01K4DTN0PZ6B0P6J99M8HSEG1M-animals,lion,1628.0,01JYPGS31V4PV4W4T1QXZCSFHH-animals,3,mouse,animals,human,human
01K4DSNBAB5BQ2M01ZKCFNN0YX,01K4DTN0PZ6B0P6J99M8HSEG1M-animals,spider,2573.0,01JYPGS31V4PV4W4T1QXZCSFHH-animals,4,tiger,animals,human,human
01K4DSNBAB5BQ2M01ZKCFNN0YX,01K4DTN0PZ6B0P6J99M8HSEG1M-animals,dolphin,5215.0,01JYPGS31V4PV4W4T1QXZCSFHH-animals,5,fly,animals,human,human
01K4DSNBAB5BQ2M01ZKCFNN0YX,01K4DTN0PZ6B0P6J99M8HSEG1M-animals,rabbit,1639.0,01JYPGS31V4PV4W4T1QXZCSFHH-animals,6,whale,animals,human,human
01K4DSNBAB5BQ2M01ZKCFNN0YX,01K4DTN0PZ6B0P6J99M8HSEG1M-animals,bird,1483.0,01JYPGS31V4PV4W4T1QXZCSFHH-animals,7,hare,animals,human,human
01K4DSNBAB5BQ2M01ZKCFNN0YX,01K4DTN0PZ6B0P6J99M8HSEG1M-animals,chicken,3426.0,01JYPGS31V4PV4W4T1QXZCSFHH-animals,8,worm,animals,human,human
01K4DSNBAB5BQ2M01ZKCFNN0YX,01K4DTN0PZ6B0P6J99M8HSEG1M-animals,duck,1381.0,01JYPGS31V4PV4W4T1QXZCSFHH-animals,9,hen,animals,human,human
01K4DSNBAB5BQ2M01ZKCFNN0YX,01K4DTN0PZ6B0P6J99M8HSEG1M-animals,cow,965.0,01JYPGS31V4PV4W4T1QXZCSFHH-animals,10,cow,animals,human,human
01K4DSNBAB5BQ2M01ZKCFNN0YX,01K4DTN0PZ6B0P6J99M8HSEG1M-animals,pig,1248.0,01JYPGS31V4PV4W4T1QXZCSFHH-animals,11,sheep,animals,human,human
01K4DSNBAB5BQ2M01ZKCFNN0YX,01K4DTN0PZ6B0P6J99M8HSEG1M-animals,horse,2621.0,01JYPGS31V4PV4W4T1QXZCSFHH-animals,12,sheep,animals,human,human
01K4DSNBAB5BQ2M01ZKCFNN0YX,01K4DTN0PZ6B0P6J99M8HSEG1M-animals,donkey,1910.0,01JYPGS31V4PV4W4T1QXZCSFHH-animals,13,sheep,animals,human,human
01K4DSNBAB5BQ2M01ZKCFNN0YX,01K4DTN0PZ6B0P6J99M8HSEG1M-animals,rat,2582.0,01JYPGS31V4PV4W4T1QXZCSFHH-animals,14,llama,animals,human,human
01K4DSNBAB5BQ2M01ZKCFNN0YX,01K4DTN0PZ6B0P6J99M8HSEG1M-animals,mouse,3745.0,01JYPGS31V4PV4W4T1QXZCSFHH-animals,15,snakes,animals,human,human
01K4DSNBAB5BQ2M01ZKCFNN0YX,01K4DTN0PZ6B0P6J99M8HSEG1M-animals,fish,6264.0,01JYPGS31V4PV4W4T1QXZCSFHH-animals,16,hamster,animals,human,human
01K4DSNBAB5BQ2M01ZKCFNN0YX,01K4DTN0PZ6B0P6J99M8HSEG1M-animals,ant,5205.0,01JYPGS31V4PV4W4T1QXZCSFHH-animals,17,shark,animals,human,human
01K4DSNBAB5BQ2M01ZKCFNN0YX,01K4DTN0PZ6B0P6J99M8HSEG1M-animals,bear,5405.0,01JYPGS31V4PV4W4T1QXZCSFHH-animals,18,beetle,animals,human,human
01K4DSNBAB5BQ2M01ZKCFNN0YX,01K4DTN0PZ6B0P6J99M8HSEG1M-animals,butterfly,5418.0,01JYPGS31V4PV4W4T1QXZCSFHH-animals,19,cub,animals,human,human
01K4DSNBAB5BQ2M01ZKCFNN0YX,01K4DTN0PZ6B0P6J99M8HSEG1M-animals,moth,1710.0,01JYPGS31V4PV4W4T1QXZCSFHH-animals,20,moth,animals,human,human
01K4DSNBAB5BQ2M01ZKCFNN0YX,01K4DTN0PZ6B0P6J99M8HSEG1M-animals,tiger,6815.0,01JYPGS31V4PV4W4T1QXZCSFHH-animals,21,bee,animals,human,human
01K4DSNBAB5BQ2M01ZKCFNN0YX,01K4DTN0PZ6B0P6J99M8HSEG1M-animals,guinea pig,10534.0,01JYPGS31V4PV4W4T1QXZCSFHH-animals,22,lion,animals,human,human
01K4DSNBAB5BQ2M01ZKCFNN0YX,01K4DTN0PZ6B0P6J99M8HSEG1M-animals,bull,6820.0,01JYPGS31V4PV4W4T1QXZCSFHH-animals,23,hamsters,animals,human,human
01K4DSNBAB5BQ2M01ZKCFNN0YX,01K4DTN0PZ6B0P6J99M8HSEG1M-animals,lamb,5697.0,01JYPGS31V4PV4W4T1QXZCSFHH-animals,24,bear,animals,human,human
01K4DSNBAB5BQ2M01ZKCFNN0YX,01K4DTN0PZ6B0P6J99M8HSEG1M-animals,sheep,1207.0,01JYPGS31V4PV4W4T1QXZCSFHH-animals,25,heep,animals,human,human
01K4DSNBAB5BQ2M01ZKCFNN0YX,01K4DTN0PZ6B0P6J99M8HSEG1M-animals,deer,4866.0,01JYPGS31V4PV4W4T1QXZCSFHH-animals,26,cow,animals,human,human
01K4DSNBAB5BQ2M01ZKCFNN0YX,01K4DTN0PZ6B0P6J99M8HSEG1M-animals,vulture,22221.0,01JYPGS31V4PV4W4T1QXZCSFHH-animals,27,fawn,animals,human,human
01K4DSNBAB5BQ2M01ZKCFNN0YX,01K4DTN0PZ6B0P6J99M8HSEG1M-animals,urchin,6873.0,01JYPGS31V4PV4W4T1QXZCSFHH-animals,28,eagle,animals,human,human
01K4DSNBAB5BQ2M01ZKCFNN0YX,01K4DTN0PZ6B0P6J99M8HSEG1M-animals,whale,4354.0,01JYPGS31V4PV4W4T1QXZCSFHH-animals,29,crab,animals,human,human
01K4DSNBAB5BQ2M01ZKCFNN0YX,01K4DTN0PZ6B0P6J99M8HSEG1M-animals,shark,3002.0,01JYPGS31V4PV4W4T1QXZCSFHH-animals,30,shark,animals,human,human
01K4DSNBAB5BQ2M01ZKCFNN0YX,01K4DTN0PZ6B0P6J99M8HSEG1M-animals,starfish,2226.0,01JYPGS31V4PV4W4T1QXZCSFHH-animals,31,fish,animals,human,human
01K4DSNBAB5BQ2M01ZKCFNN0YX,01K4DTN0PZ6B0P6J99M8HSEG1M-animals,jellyfish,3620.0,01JYPGS31V4PV4W4T1QXZCSFHH-animals,32,dolphin,animals,human,human
01K4DSNBAB5BQ2M01ZKCFNN0YX,01K4DTN0PZ6B0P6J99M8HSEG1M-animals,hamster,3858.0,01JYPGS31V4PV4W4T1QXZCSFHH-animals,33,carp,animals,human,human
01K4DSNBAB5BQ2M01ZKCFNN0YX,01K4DTN0PZ6B0P6J99M8HSEG1M-animals,hare,6854.0,01JYPGS31V4PV4W4T1QXZCSFHH-animals,34,guineapig,animals,human,human
01K4DSNBAB5BQ2M01ZKCFNN0YX,01K4DTN0PZ6B0P6J99M8HSEG1M-animals,parrot,4357.0,01JYPGS31V4PV4W4T1QXZCSFHH-animals,35,rabbit,animals,human,human
01K4DSNBAB5BQ2M01ZKCFNN0YX,01K4DTN0PZ6B0P6J99M8HSEG1M-animals,budgie,2636.0,01JYPGS31V4PV4W4T1QXZCSFHH-animals,36,bird,animals,human,human
01K4DSNBAB5BQ2M01ZKCFNN0YX,01K4DTN0PZ6B0P6J99M8HSEG1M-animals,goose,4636.0,01JYPGS31V4PV4W4T1QXZCSFHH-animals,37,birds,animals,human,human
01K4DSNBAB5BQ2M01ZKCFNN0YX,01K4DTN0PZ6B0P6J99M8HSEG1M-animals,chinchilla,7687.0,01JYPGS31V4PV4W4T1QXZCSFHH-animals,38,duck,animals,human,human
01K4DSNBAB5BQ2M01ZKCFNN0YX,01K4DTN0PZ6B0P6J99M8HSEG1M-animals,tortoise,2113.0,01JYPGS31V4PV4W4T1QXZCSFHH-animals,39,rats,animals,human,human
01K4DSNBAB5BQ2M01ZKCFNN0YX,01K4DTN0PZ6B0P6J99M8HSEG1M-animals,turtle,5114.0,01JYPGS31V4PV4W4T1QXZCSFHH-animals,40,turtle,animals,human,human
,01K4DVK0T2KRFJYCTB2XX6S335-animals,penguin,4442.0,01K0Q98Q24ZKFVRJQB122V8AF6-animals,1,,animals,human,human
01K4DSNC6NPHTMWR7B3Y9NWFNM,01K4DVK0T2KRFJYCTB2XX6S335-animals,dog,1215.0,01K0Q98Q24ZKFVRJQB122V8AF6-animals,2,elephant,animals,human,human
01K4DSNC6NPHTMWR7B3Y9NWFNM,01K4DVK0T2KRFJYCTB2XX6S335-animals,cat,951.0,01K0Q98Q24ZKFVRJQB122V8AF6-animals,3,cat,animals,human,human
01K4DSNC6NPHTMWR7B3Y9NWFNM,01K4DVK0T2KRFJYCTB2XX6S335-animals,rabbit,1427.0,01K0Q98Q24ZKFVRJQB122V8AF6-animals,4,bird,animals,human,human
01K4DSNC6NPHTMWR7B3Y9NWFNM,01K4DVK0T2KRFJYCTB2XX6S335-animals,squirrel,2188.0,01K0Q98Q24ZKFVRJQB122V8AF6-animals,5,fox,animals,human,human
01K4DSNC6NPHTMWR7B3Y9NWFNM,01K4DVK0T2KRFJYCTB2XX6S335-animals,panda,1880.0,01K0Q98Q24ZKFVRJQB122V8AF6-animals,6,bird,animals,human,human
01K4DSNC6NPHTMWR7B3Y9NWFNM,01K4DVK0T2KRFJYCTB2XX6S335-animals,grizzly bear,2322.0,01K0Q98Q24ZKFVRJQB122V8AF6-animals,7,giraffe,animals,human,human
01K4DSNC6NPHTMWR7B3Y9NWFNM,01K4DVK0T2KRFJYCTB2XX6S335-animals,polar bear,2874.0,01K0Q98Q24ZKFVRJQB122V8AF6-animals,8,bear,animals,human,human
01K4DSNC6NPHTMWR7B3Y9NWFNM,01K4DVK0T2KRFJYCTB2XX6S335-animals,bird,8620.0,01K0Q98Q24ZKFVRJQB122V8AF6-animals,9,horse,animals,human,human
01K4DSNC6NPHTMWR7B3Y9NWFNM,01K4DVK0T2KRFJYCTB2XX6S335-animals,dolphin,6218.0,01K0Q98Q24ZKFVRJQB122V8AF6-animals,10,fish,animals,human,human
01K4DSNC6NPHTMWR7B3Y9NWFNM,01K4DVK0T2KRFJYCTB2XX6S335-animals,gopher,9326.0,01K0Q98Q24ZKFVRJQB122V8AF6-animals,11,whale,animals,human,human
01K4DSNC6NPHTMWR7B3Y9NWFNM,01K4DVK0T2KRFJYCTB2XX6S335-animals,beaver,2887.0,01K0Q98Q24ZKFVRJQB122V8AF6-animals,12,beaver,animals,human,human
01K4DSNC6NPHTMWR7B3Y9NWFNM,01K4DVK0T2KRFJYCTB2XX6S335-animals,lion,7391.0,01K0Q98Q24ZKFVRJQB122V8AF6-animals,13,chipmunk,animals,human,human
01K4DSNC6NPHTMWR7B3Y9NWFNM,01K4DVK0T2KRFJYCTB2XX6S335-animals,hippopotamus,3282.0,01K0Q98Q24ZKFVRJQB122V8AF6-animals,14,tiger,animals,human,human
01K4DSNC6NPHTMWR7B3Y9NWFNM,01K4DVK0T2KRFJYCTB2XX6S335-animals,tiger,2670.0,01K0Q98Q24ZKFVRJQB122V8AF6-animals,15,elephant,animals,human,human
01K4DSNC6NPHTMWR7B3Y9NWFNM,01K4DVK0T2KRFJYCTB2XX6S335-animals,leopard,4952.0,01K0Q98Q24ZKFVRJQB122V8AF6-animals,16,monkey,animals,human,human
01K4DSNC6NPHTMWR7B3Y9NWFNM,01K4DVK0T2KRFJYCTB2XX6S335-animals,jaguar,4015.0,01K0Q98Q24ZKFVRJQB122V8AF6-animals,17,panther,animals,human,human
01K4DSNC6NPHTMWR7B3Y9NWFNM,01K4DVK0T2KRFJYCTB2XX6S335-animals,panther,5179.0,01K0Q98Q24ZKFVRJQB122V8AF6-animals,18,panther,animals,human,human
01K4DSNC6NPHTMWR7B3Y9NWFNM,01K4DVK0T2KRFJYCTB2XX6S335-animals,monkey,3987.0,01K0Q98Q24ZKFVRJQB122V8AF6-animals,19,turtle,animals,human,human
01K4DSNC6NPHTMWR7B3Y9NWFNM,01K4DVK0T2KRFJYCTB2XX6S335-animals,gorilla,1857.0,01K0Q98Q24ZKFVRJQB122V8AF6-animals,20,chimpanzee,animals,human,human
01K4DSNC6NPHTMWR7B3Y9NWFNM,01K4DVK0T2KRFJYCTB2XX6S335-animals,sloth,12514.0,01K0Q98Q24ZKFVRJQB122V8AF6-animals,21,orangutan,animals,human,human
01K4DSNC6NPHTMWR7B3Y9NWFNM,01K4DVK0T2KRFJYCTB2XX6S335-animals,cheetah,4755.0,01K0Q98Q24ZKFVRJQB122V8AF6-animals,22,koala,animals,human,human
01K4DSNC6NPHTMWR7B3Y9NWFNM,01K4DVK0T2KRFJYCTB2XX6S335-animals,hyena,2122.0,01K0Q98Q24ZKFVRJQB122V8AF6-animals,23,kangaroo,animals,human,human
01K4DSNC6NPHTMWR7B3Y9NWFNM,01K4DVK0T2KRFJYCTB2XX6S335-animals,boar,6334.0,01K0Q98Q24ZKFVRJQB122V8AF6-animals,24,wolf,animals,human,human
01K4DSNC6NPHTMWR7B3Y9NWFNM,01K4DVK0T2KRFJYCTB2XX6S335-animals,frog,3537.0,01K0Q98Q24ZKFVRJQB122V8AF6-animals,25,pig,animals,human,human
01K4DSNC6NPHTMWR7B3Y9NWFNM,01K4DVK0T2KRFJYCTB2XX6S335-animals,bunny,12749.0,01K0Q98Q24ZKFVRJQB122V8AF6-animals,26,turtle,animals,human,human
01K4DSNC6NPHTMWR7B3Y9NWFNM,01K4DVK0T2KRFJYCTB2XX6S335-animals,hamster,12968.0,01K0Q98Q24ZKFVRJQB122V8AF6-animals,27,antelope,animals,human,human
01K4DSNC6NPHTMWR7B3Y9NWFNM,01K4DVK0T2KRFJYCTB2XX6S335-animals,snake,1398.0,01K0Q98Q24ZKFVRJQB122V8AF6-animals,28,squirrel,animals,human,human
01K4DSNC6NPHTMWR7B3Y9NWFNM,01K4DVK0T2KRFJYCTB2XX6S335-animals,tarantula,3486.0,01K0Q98Q24ZKFVRJQB122V8AF6-animals,29,lizard,animals,human,human
01K4DSNC6NPHTMWR7B3Y9NWFNM,01K4DVK0T2KRFJYCTB2XX6S335-animals,whale,7729.0,01K0Q98Q24ZKFVRJQB122V8AF6-animals,30,bat,animals,human,human
01K4DSNC6NPHTMWR7B3Y9NWFNM,01K4DVK0T2KRFJYCTB2XX6S335-animals,koala,9952.0,01K0Q98Q24ZKFVRJQB122V8AF6-animals,31,shark,animals,human,human
01K4DSNC6NPHTMWR7B3Y9NWFNM,01K4DVK0T2KRFJYCTB2XX6S335-animals,otter,16845.0,01K0Q98Q24ZKFVRJQB122V8AF6-animals,32,kangaroo,animals,human,human
01K4DSNC6NPHTMWR7B3Y9NWFNM,01K4DVK0T2KRFJYCTB2XX6S335-animals,sea lion,3247.0,01K0Q98Q24ZKFVRJQB122V8AF6-animals,33,platypus,animals,human,human
,01K4DWXETBNRFEVHYV9FT2HPS9-supermarket,apple,6862.0,01JRZV2A3QHG5RC1BX6J3T3H91-supermarket,1,,supermarket,human,human
01K4DSNC72V4DEHFTBZK9CEAFH,01K4DWXETBNRFEVHYV9FT2HPS9-supermarket,banana,2047.0,01JRZV2A3QHG5RC1BX6J3T3H91-supermarket,2,pear,supermarket,human,human
01K4DSNC72V4DEHFTBZK9CEAFH,01K4DWXETBNRFEVHYV9FT2HPS9-supermarket,carrot,3478.0,01JRZV2A3QHG5RC1BX6J3T3H91-supermarket,3,pear,supermarket,human,human
01K4DSNC72V4DEHFTBZK9CEAFH,01K4DWXETBNRFEVHYV9FT2HPS9-supermarket,deodorant,4514.0,01JRZV2A3QHG5RC1BX6J3T3H91-supermarket,4,squash,supermarket,human,human
01K4DSNC72V4DEHFTBZK9CEAFH,01K4DWXETBNRFEVHYV9FT2HPS9-supermarket,egg,1837.0,01JRZV2A3QHG5RC1BX6J3T3H91-supermarket,5,toiletpaper,supermarket,human,human
01K4DSNC72V4DEHFTBZK9CEAFH,01K4DWXETBNRFEVHYV9FT2HPS9-supermarket,fish,2386.0,01JRZV2A3QHG5RC1BX6J3T3H91-supermarket,6,milk,supermarket,human,human
01K4DSNC72V4DEHFTBZK9CEAFH,01K4DWXETBNRFEVHYV9FT2HPS9-supermarket,gel,6630.0,01JRZV2A3QHG5RC1BX6J3T3H91-supermarket,7,grapes,supermarket,human,human
01K4DSNC72V4DEHFTBZK9CEAFH,01K4DWXETBNRFEVHYV9FT2HPS9-supermarket,ham,4290.0,01JRZV2A3QHG5RC1BX6J3T3H91-supermarket,8,hairpins,supermarket,human,human
01K4DSNC72V4DEHFTBZK9CEAFH,01K4DWXETBNRFEVHYV9FT2HPS9-supermarket,jam,2270.0,01JRZV2A3QHG5RC1BX6J3T3H91-supermarket,9,icecream,supermarket,human,human
01K4DSNC72V4DEHFTBZK9CEAFH,01K4DWXETBNRFEVHYV9FT2HPS9-supermarket,lemon,4065.0,01JRZV2A3QHG5RC1BX6J3T3H91-supermarket,10,kandycorn,supermarket,human,human
01K4DSNC72V4DEHFTBZK9CEAFH,01K4DWXETBNRFEVHYV9FT2HPS9-supermarket,nut,7197.0,01JRZV2A3QHG5RC1BX6J3T3H91-supermarket,11,milk,supermarket,human,human
01K4DSNC72V4DEHFTBZK9CEAFH,01K4DWXETBNRFEVHYV9FT2HPS9-supermarket,olive,3927.0,01JRZV2A3QHG5RC1BX6J3T3H91-supermarket,12,pears,supermarket,human,human
01K4DSNC72V4DEHFTBZK9CEAFH,01K4DWXETBNRFEVHYV9FT2HPS9-supermarket,pineapple,4157.0,01JRZV2A3QHG5RC1BX6J3T3H91-supermarket,13,pears,supermarket,human,human
01K4DSNC72V4DEHFTBZK9CEAFH,01K4DWXETBNRFEVHYV9FT2HPS9-supermarket,sandwich spread,11874.0,01JRZV2A3QHG5RC1BX6J3T3H91-supermarket,14,quickoats,supermarket,human,human
01K4DSNC72V4DEHFTBZK9CEAFH,01K4DWXETBNRFEVHYV9FT2HPS9-supermarket,tuna,1871.0,01JRZV2A3QHG5RC1BX6J3T3H91-supermarket,15,tunafish,supermarket,human,human
01K4DSNC72V4DEHFTBZK9CEAFH,01K4DWXETBNRFEVHYV9FT2HPS9-supermarket,window cleaner,5403.0,01JRZV2A3QHG5RC1BX6J3T3H91-supermarket,16,waterbottle,supermarket,human,human
01K4DSNC72V4DEHFTBZK9CEAFH,01K4DWXETBNRFEVHYV9FT2HPS9-supermarket,avocado,8514.0,01JRZV2A3QHG5RC1BX6J3T3H91-supermarket,17,yams,supermarket,human,human
01K4DSNC72V4DEHFTBZK9CEAFH,01K4DWXETBNRFEVHYV9FT2HPS9-supermarket,bread,3582.0,01JRZV2A3QHG5RC1BX6J3T3H91-supermarket,18,broccoli,supermarket,human,human
01K4DSNC72V4DEHFTBZK9CEAFH,01K4DWXETBNRFEVHYV9FT2HPS9-supermarket,cucumber,3262.0,01JRZV2A3QHG5RC1BX6J3T3H91-supermarket,19,cannedfish,supermarket,human,human
01K4DSNC72V4DEHFTBZK9CEAFH,01K4DWXETBNRFEVHYV9FT2HPS9-supermarket,frozen pea,13008.0,01JRZV2A3QHG5RC1BX6J3T3H91-supermarket,20,dillpickle,supermarket,human,human
01K4DSNC72V4DEHFTBZK9CEAFH,01K4DWXETBNRFEVHYV9FT2HPS9-supermarket,jelly,17411.0,01JRZV2A3QHG5RC1BX6J3T3H91-supermarket,21,grapes,supermarket,human,human
01K4DSNC72V4DEHFTBZK9CEAFH,01K4DWXETBNRFEVHYV9FT2HPS9-supermarket,lamb,7672.0,01JRZV2A3QHG5RC1BX6J3T3H91-supermarket,22,icecream,supermarket,human,human
01K4DSNC72V4DEHFTBZK9CEAFH,01K4DWXETBNRFEVHYV9FT2HPS9-supermarket,melon,5748.0,01JRZV2A3QHG5RC1BX6J3T3H91-supermarket,23,mayo,supermarket,human,human
01K4DSNC72V4DEHFTBZK9CEAFH,01K4DWXETBNRFEVHYV9FT2HPS9-supermarket,nutella,7175.0,01JRZV2A3QHG5RC1BX6J3T3H91-supermarket,24,nuts,supermarket,human,human
01K4DSNC72V4DEHFTBZK9CEAFH,01K4DWXETBNRFEVHYV9FT2HPS9-supermarket,oven chip,6540.0,01JRZV2A3QHG5RC1BX6J3T3H91-supermarket,25,pears,supermarket,human,human
01K4DSNC72V4DEHFTBZK9CEAFH,01K4DWXETBNRFEVHYV9FT2HPS9-supermarket,potato,6244.0,01JRZV2A3QHG5RC1BX6J3T3H91-supermarket,26,pears,supermarket,human,human
01K4DSNC72V4DEHFTBZK9CEAFH,01K4DWXETBNRFEVHYV9FT2HPS9-supermarket,roasted peanut,8409.0,01JRZV2A3QHG5RC1BX6J3T3H91-supermarket,27,radishes,supermarket,human,human
01K4DSNC72V4DEHFTBZK9CEAFH,01K4DWXETBNRFEVHYV9FT2HPS9-supermarket,sausage,4394.0,01JRZV2A3QHG5RC1BX6J3T3H91-supermarket,28,steak,supermarket,human,human
01K4DSNC72V4DEHFTBZK9CEAFH,01K4DWXETBNRFEVHYV9FT2HPS9-supermarket,tinned fruit,5117.0,01JRZV2A3QHG5RC1BX6J3T3H91-supermarket,29,tacoshells,supermarket,human,human
01K4DSNC72V4DEHFTBZK9CEAFH,01K4DWXETBNRFEVHYV9FT2HPS9-supermarket,cereal,7172.0,01JRZV2A3QHG5RC1BX6J3T3H91-supermarket,30,water,supermarket,human,human
01K4DSNC72V4DEHFTBZK9CEAFH,01K4DWXETBNRFEVHYV9FT2HPS9-supermarket,salad,2452.0,01JRZV2A3QHG5RC1BX6J3T3H91-supermarket,31,dates,supermarket,human,human
01K4DSNC74R2MAJW07P2G9JMK3,01K4DVHFH5QJJHDQYYGYT9EV88-supermarket,strawberry,3530.0,01JRZV70AGXQF7GD5HNSWNZ4AY-supermarket,20,apples,supermarket,human,human
01K4DSNC74R2MAJW07P2G9JMK3,01K4DVHFH5QJJHDQYYGYT9EV88-supermarket,bread roll,2148.0,01JRZV70AGXQF7GD5HNSWNZ4AY-supermarket,21,lemons,supermarket,human,human
01K4DSNC74R2MAJW07P2G9JMK3,01K4DVHFH5QJJHDQYYGYT9EV88-supermarket,blueberry,4467.0,01JRZV70AGXQF7GD5HNSWNZ4AY-supermarket,22,juice,supermarket,human,human
01K4DSNC74R2MAJW07P2G9JMK3,01K4DVHFH5QJJHDQYYGYT9EV88-supermarket,chicken,11773.0,01JRZV70AGXQF7GD5HNSWNZ4AY-supermarket,23,apples,supermarket,human,human
01K4DSNC74R2MAJW07P2G9JMK3,01K4DVHFH5QJJHDQYYGYT9EV88-supermarket,bacon,3591.0,01JRZV70AGXQF7GD5HNSWNZ4AY-supermarket,24,beef,supermarket,human,human
01K4DSNC74R2MAJW07P2G9JMK3,01K4DVHFH5QJJHDQYYGYT9EV88-supermarket,steak,2536.0,01JRZV70AGXQF7GD5HNSWNZ4AY-supermarket,25,sausage,supermarket,human,human
01K4DSNC74R2MAJW07P2G9JMK3,01K4DVHFH5QJJHDQYYGYT9EV88-supermarket,fish,1395.0,01JRZV70AGXQF7GD5HNSWNZ4AY-supermarket,26,porkchops,supermarket,human,human
01K4DSNC74R2MAJW07P2G9JMK3,01K4DVHFH5QJJHDQYYGYT9EV88-supermarket,fish finger,2348.0,01JRZV70AGXQF7GD5HNSWNZ4AY-supermarket,27,lemons,supermarket,human,human
01K4DSNC74R2MAJW07P2G9JMK3,01K4DVHFH5QJJHDQYYGYT9EV88-supermarket,chip,1544.0,01JRZV70AGXQF7GD5HNSWNZ4AY-supermarket,28,mayo,supermarket,human,human
01K4DSNC74R2MAJW07P2G9JMK3,01K4DVHFH5QJJHDQYYGYT9EV88-supermarket,doughnut,9090.0,01JRZV70AGXQF7GD5HNSWNZ4AY-supermarket,29,ketchup,supermarket,human,human
01K4DSNC74R2MAJW07P2G9JMK3,01K4DVHFH5QJJHDQYYGYT9EV88-supermarket,crisp,2154.0,01JRZV70AGXQF7GD5HNSWNZ4AY-supermarket,30,cereal,supermarket,human,human
01K4DSNC74R2MAJW07P2G9JMK3,01K4DVHFH5QJJHDQYYGYT9EV88-supermarket,wrap,3250.0,01JRZV70AGXQF7GD5HNSWNZ4AY-supermarket,31,coffee,supermarket,human,human
01K4DSNC74R2MAJW07P2G9JMK3,01K4DVHFH5QJJHDQYYGYT9EV88-supermarket,tortilla,4314.0,01JRZV70AGXQF7GD5HNSWNZ4AY-supermarket,32,lettuce,supermarket,human,human
01K4DSNC74R2MAJW07P2G9JMK3,01K4DVHFH5QJJHDQYYGYT9EV88-supermarket,biscuit,5584.0,01JRZV70AGXQF7GD5HNSWNZ4AY-supermarket,33,lettuce,supermarket,human,human
01K4DSNC74R2MAJW07P2G9JMK3,01K4DVHFH5QJJHDQYYGYT9EV88-supermarket,ice cream,2184.0,01JRZV70AGXQF7GD5HNSWNZ4AY-supermarket,34,gravy,supermarket,human,human
01K4DSNC74R2MAJW07P2G9JMK3,01K4DVHFH5QJJHDQYYGYT9EV88-supermarket,easter egg,2982.0,01JRZV70AGXQF7GD5HNSWNZ4AY-supermarket,35,cake,supermarket,human,human
01K4DSNC74R2MAJW07P2G9JMK3,01K4DVHFH5QJJHDQYYGYT9EV88-supermarket,egg,1048.0,01JRZV70AGXQF7GD5HNSWNZ4AY-supermarket,36,chocolate,supermarket,human,human
01K4DSNC74R2MAJW07P2G9JMK3,01K4DVHFH5QJJHDQYYGYT9EV88-supermarket,sugar,1654.0,01JRZV70AGXQF7GD5HNSWNZ4AY-supermarket,37,chocolatemilk,supermarket,human,human
01K4DSNC74R2MAJW07P2G9JMK3,01K4DVHFH5QJJHDQYYGYT9EV88-supermarket,flour,1900.0,01JRZV70AGXQF7GD5HNSWNZ4AY-supermarket,38,vanilla,supermarket,human,human
01K4DSNC74R2MAJW07P2G9JMK3,01K4DVHFH5QJJHDQYYGYT9EV88-supermarket,pastry,3130.0,01JRZV70AGXQF7GD5HNSWNZ4AY-supermarket,39,vanilla,supermarket,human,human
01K4DSNC74R2MAJW07P2G9JMK3,01K4DVHFH5QJJHDQYYGYT9EV88-supermarket,cream,2879.0,01JRZV70AGXQF7GD5HNSWNZ4AY-supermarket,40,paprika,supermarket,human,human
01K4DSNC74R2MAJW07P2G9JMK3,01K4DVHFH5QJJHDQYYGYT9EV88-supermarket,milkshake,4238.0,01JRZV70AGXQF7GD5HNSWNZ4AY-supermarket,41,turkey,supermarket,human,human
01K4DSNC74R2MAJW07P2G9JMK3,01K4DVHFH5QJJHDQYYGYT9EV88-supermarket,pop,1906.0,01JRZV70AGXQF7GD5HNSWNZ4AY-supermarket,42,energydrink,supermarket,human,human
01K4DSNC74R2MAJW07P2G9JMK3,01K4DVHFH5QJJHDQYYGYT9EV88-supermarket,coca cola,2889.0,01JRZV70AGXQF7GD5HNSWNZ4AY-supermarket,43,energydrink,supermarket,human,human
01K4DSNC74R2MAJW07P2G9JMK3,01K4DVHFH5QJJHDQYYGYT9EV88-supermarket,corn flake,4710.0,01JRZV70AGXQF7GD5HNSWNZ4AY-supermarket,44,juice,supermarket,human,human
01K4DSNC74R2MAJW07P2G9JMK3,01K4DVHFH5QJJHDQYYGYT9EV88-supermarket,rice krispy,3793.0,01JRZV70AGXQF7GD5HNSWNZ4AY-supermarket,45,juice,supermarket,human,human
01K4DSNC74R2MAJW07P2G9JMK3,01K4DVHFH5QJJHDQYYGYT9EV88-supermarket,coco pop,3081.0,01JRZV70AGXQF7GD5HNSWNZ4AY-supermarket,46,cookies,supermarket,human,human
01K4DSNC74R2MAJW07P2G9JMK3,01K4DVHFH5QJJHDQYYGYT9EV88-supermarket,cleaning spray,5423.0,01JRZV70AGXQF7GD5HNSWNZ4AY-supermarket,47,brownies,supermarket,human,human
01K4DSNC74R2MAJW07P2G9JMK3,01K4DVHFH5QJJHDQYYGYT9EV88-supermarket,toilet roll,3129.0,01JRZV70AGXQF7GD5HNSWNZ4AY-supermarket,48,windex,supermarket,human,human
01K4DSNC74R2MAJW07P2G9JMK3,01K4DVHFH5QJJHDQYYGYT9EV88-supermarket,kitchen roll,5469.0,01JRZV70AGXQF7GD5HNSWNZ4AY-supermarket,49,papertowel,supermarket,human,human
01K4DSNC74R2MAJW07P2G9JMK3,01K4DVHFH5QJJHDQYYGYT9EV88-supermarket,wipe,3458.0,01JRZV70AGXQF7GD5HNSWNZ4AY-supermarket,50,cilantro,supermarket,human,human
01K4DSNC74R2MAJW07P2G9JMK3,01K4DVHFH5QJJHDQYYGYT9EV88-supermarket,match,9321.0,01JRZV70AGXQF7GD5HNSWNZ4AY-supermarket,51,towel,supermarket,human,human
01KEYTFAN3JRDYNTY1R6EM54H5,01KEYTKK6D9ATWBC3333Q51KS3,dog,5466.0,01JYPFB1YDBB87K8WP98HJEANK-animals,1,,animals,human,human
01KEYTFAN3JRDYNTY1R6EM54H5,01KEYTKK6D9ATWBC3333Q51KS3,cat,1173.0,01JYPFB1YDBB87K8WP98HJEANK-animals,2,cat,animals,human,human
01KEYTFAN3JRDYNTY1R6EM54H5,01KEYTKK6D9ATWBC3333Q51KS3,horse,1432.0,01JYPFB1YDBB87K8WP98HJEANK-animals,3,kitten,animals,human,human
01KEYTFAN3JRDYNTY1R6EM54H5,01KEYTKK6D9ATWBC3333Q51KS3,elephant,1674.0,01JYPFB1YDBB87K8WP98HJEANK-animals,4,pig,animals,human,human
01KEYTFAN3JRDYNTY1R6EM54H5,01KEYTKK6D9ATWBC3333Q51KS3,squirrel,1816.0,01JYPFB1YDBB87K8WP98HJEANK-animals,5,tiger,animals,human,human
01KEYTFAN3JRDYNTY1R6EM54H5,01KEYTKK6D9ATWBC3333Q51KS3,panther,3575.0,01JYPFB1YDBB87K8WP98HJEANK-animals,6,rabbit,animals,human,human
01KEYTFAN3JRDYNTY1R6EM54H5,01KEYTKK6D9ATWBC3333Q51KS3,bird,4281.0,01JYPFB1YDBB87K8WP98HJEANK-animals,7,cougar,animals,human,human
01KEYTFAN3JRDYNTY1R6EM54H5,01KEYTKK6D9ATWBC3333Q51KS3,lizard,8287.0,01JYPFB1YDBB87K8WP98HJEANK-animals,8,rabbit,animals,human,human
01KEYTFAN3JRDYNTY1R6EM54H5,01KEYTKK6D9ATWBC3333Q51KS3,rhino,4456.0,01JYPFB1YDBB87K8WP98HJEANK-animals,9,snake,animals,human,human
01KEYTFAN3JRDYNTY1R6EM54H5,01KEYTKK6D9ATWBC3333Q51KS3,frog,6729.0,01JYPFB1YDBB87K8WP98HJEANK-animals,10,cheetah,animals,human,human
01KEYTFAN3JRDYNTY1R6EM54H5,01KEYTKK6D9ATWBC3333Q51KS3,fish,942.0,01JYPFB1YDBB87K8WP98HJEANK-animals,11,mouse,animals,human,human
01KEYTFAN3JRDYNTY1R6EM54H5,01KEYTKK6D9ATWBC3333Q51KS3,cheetah,7816.0,01JYPFB1YDBB87K8WP98HJEANK-animals,12,duck,animals,human,human
01KEYTFAN3JRDYNTY1R6EM54H5,01KEYTKK6D9ATWBC3333Q51KS3,lion,1057.0,01JYPFB1YDBB87K8WP98HJEANK-animals,13,tiger,animals,human,human
01KEYTFAN3JRDYNTY1R6EM54H5,01KEYTKK6D9ATWBC3333Q51KS3,tiger,927.0,01JYPFB1YDBB87K8WP98HJEANK-animals,14,tiger,animals,human,human
01KEYTFAN3JRDYNTY1R6EM54H5,01KEYTKK6D9ATWBC3333Q51KS3,giraffe,2680.0,01JYPFB1YDBB87K8WP98HJEANK-animals,15,monkey,animals,human,human
01KEYTFAN3JRDYNTY1R6EM54H5,01KEYTKK6D9ATWBC3333Q51KS3,penguin,7003.0,01JYPFB1YDBB87K8WP98HJEANK-animals,16,monkey,animals,human,human
01KEYTFAN3JRDYNTY1R6EM54H5,01KEYTKK6D9ATWBC3333Q51KS3,snake,3461.0,01JYPFB1YDBB87K8WP98HJEANK-animals,17,zebra,animals,human,human
01KEYTFAN3JRDYNTY1R6EM54H5,01KEYTKK6D9ATWBC3333Q51KS3,worm,2090.0,01JYPFB1YDBB87K8WP98HJEANK-animals,18,rabbit,animals,human,human
01KEYTFAN3JRDYNTY1R6EM54H5,01KEYTKK6D9ATWBC3333Q51KS3,skunk,8750.0,01JYPFB1YDBB87K8WP98HJEANK-animals,19,guineapig,animals,human,human
01KEYTFAN3JRDYNTY1R6EM54H5,01KEYTKK6D9ATWBC3333Q51KS3,opossum,2937.0,01JYPFB1YDBB87K8WP98HJEANK-animals,20,eagle,animals,human,human
01KEYTFAN3JRDYNTY1R6EM54H5,01KEYTKK6D9ATWBC3333Q51KS3,raccoon,2664.0,01JYPFB1YDBB87K8WP98HJEANK-animals,21,rodent,animals,human,human
01KEYTFAN3JRDYNTY1R6EM54H5,01KEYTKK6D9ATWBC3333Q51KS3,deer,1424.0,01JYPFB1YDBB87K8WP98HJEANK-animals,22,pig,animals,human,human
01KEYTFAN3JRDYNTY1R6EM54H5,01KEYTKK6D9ATWBC3333Q51KS3,fox,2503.0,01JYPFB1YDBB87K8WP98HJEANK-animals,23,antelope,animals,human,human
01KEYTFAN3JRDYNTY1R6EM54H5,01KEYTKK6D9ATWBC3333Q51KS3,wolf,1081.0,01JYPFB1YDBB87K8WP98HJEANK-animals,24,owl,animals,human,human
01KEYTFAN3JRDYNTY1R6EM54H5,01KEYTKK6D9ATWBC3333Q51KS3,coyote,3785.0,01JYPFB1YDBB87K8WP98HJEANK-animals,25,monkey,animals,human,human
01KEYTFAN3JRDYNTY1R6EM54H5,01KEYTKK6D9ATWBC3333Q51KS3,antelope,9151.0,01JYPFB1YDBB87K8WP98HJEANK-animals,26,roadrunner,animals,human,human
01KEYTFAN3JRDYNTY1R6EM54H5,01KEYTKK6D9ATWBC3333Q51KS3,alligator,3944.0,01JYPFB1YDBB87K8WP98HJEANK-animals,27,zebra,animals,human,human
01KEYTFAN3JRDYNTY1R6EM54H5,01KEYTKK6D9ATWBC3333Q51KS3,crocodile,2786.0,01JYPFB1YDBB87K8WP98HJEANK-animals,28,crocodile,animals,human,human
01KEYTFAN3JRDYNTY1R6EM54H5,01KEYTKK6D9ATWBC3333Q51KS3,tadpole,14143.0,01JYPFB1YDBB87K8WP98HJEANK-animals,29,monkey,animals,human,human
01KEYTFAN3JRDYNTY1R6EM54H5,01KEYTKK6D9ATWBC3333Q51KS3,grasshopper,5350.0,01JYPFB1YDBB87K8WP98HJEANK-animals,30,polliwog,animals,human,human
01KEYTFAN3JRDYNTY1R6EM54H5,01KEYTKK6D9ATWBC3333Q51KS3,moth,3121.0,01JYPFB1YDBB87K8WP98HJEANK-animals,31,mosquito,animals,human,human
01KEYTFAN3JRDYNTY1R6EM54H5,01KEYTKK6D9ATWBC3333Q51KS3,bee,1545.0,01JYPFB1YDBB87K8WP98HJEANK-animals,32,ant,animals,human,human
01KEYTFAN3JRDYNTY1R6EM54H5,01KEYTKK6D9ATWBC3333Q51KS3,wasp,2591.0,01JYPFB1YDBB87K8WP98HJEANK-animals,33,butterfly,animals,human,human
01KEYTFAN3JRDYNTY1R6EM54H5,01KEYTKK6D9ATWBC3333Q51KS3,bear,7249.0,01JYPFB1YDBB87K8WP98HJEANK-animals,34,hornet,animals,human,human
01KEYTFAN3JRDYNTY1R6EM54H5,01KEYTKK6D9ATWBC3333Q51KS3,chipmunk,35075.0,01JYPFB1YDBB87K8WP98HJEANK-animals,35,cub,animals,human,human
,01K4DVRSNYEHVMVZQ5JSRAZE1P-animals,dog,7926.0,01JS02HXTE4SS192QNCYFTQXPB-animals,1,,animals,human,human
01K4DSNC6MTMWMPQRSTZWJFXRW,01K4DVRSNYEHVMVZQ5JSRAZE1P-animals,cat,630.0,01JS02HXTE4SS192QNCYFTQXPB-animals,2,cats,animals,human,human
01K4DSNC6MTMWMPQRSTZWJFXRW,01K4DVRSNYEHVMVZQ5JSRAZE1P-animals,lion,1311.0,01JS02HXTE4SS192QNCYFTQXPB-animals,3,hamsters,animals,human,human
01K4DSNC6MTMWMPQRSTZWJFXRW,01K4DVRSNYEHVMVZQ5JSRAZE1P-animals,turtle,3100.0,01JS02HXTE4SS192QNCYFTQXPB-animals,4,tigers,animals,human,human
01K4DSNC6MTMWMPQRSTZWJFXRW,01K4DVRSNYEHVMVZQ5JSRAZE1P-animals,fish,732.0,01JS02HXTE4SS192QNCYFTQXPB-animals,5,fish,animals,human,human
01K4DSNC6MTMWMPQRSTZWJFXRW,01K4DVRSNYEHVMVZQ5JSRAZE1P-animals,dolphin,1797.0,01JS02HXTE4SS192QNCYFTQXPB-animals,6,sharks,animals,human,human
01K4DSNC6MTMWMPQRSTZWJFXRW,01K4DVRSNYEHVMVZQ5JSRAZE1P-animals,whale,2075.0,01JS02HXTE4SS192QNCYFTQXPB-animals,7,shark,animals,human,human
01K4DSNC6MTMWMPQRSTZWJFXRW,01K4DVRSNYEHVMVZQ5JSRAZE1P-animals,ant,1688.0,01JS02HXTE4SS192QNCYFTQXPB-animals,8,shark,animals,human,human
01K4DSNC6MTMWMPQRSTZWJFXRW,01K4DVRSNYEHVMVZQ5JSRAZE1P-animals,cockroach,6114.0,01JS02HXTE4SS192QNCYFTQXPB-animals,9,ladybug,animals,human,human
01K4DSNC6MTMWMPQRSTZWJFXRW,01K4DVRSNYEHVMVZQ5JSRAZE1P-animals,fly,6650.0,01JS02HXTE4SS192QNCYFTQXPB-animals,10,spider,animals,human,human
01K4DSNC6MTMWMPQRSTZWJFXRW,01K4DVRSNYEHVMVZQ5JSRAZE1P-animals,pig,9795.0,01JS02HXTE4SS192QNCYFTQXPB-animals,11,spider,animals,human,human
01K4DSNC6MTMWMPQRSTZWJFXRW,01K4DVRSNYEHVMVZQ5JSRAZE1P-animals,cow,701.0,01JS02HXTE4SS192QNCYFTQXPB-animals,12,cow,animals,human,human
01K4DSNC6MTMWMPQRSTZWJFXRW,01K4DVRSNYEHVMVZQ5JSRAZE1P-animals,chicken,11137.0,01JS02HXTE4SS192QNCYFTQXPB-animals,13,horse,animals,human,human
01K4DSNC6MTMWMPQRSTZWJFXRW,01K4DVRSNYEHVMVZQ5JSRAZE1P-animals,turkey,4600.0,01JS02HXTE4SS192QNCYFTQXPB-animals,14,horse,animals,human,human
01K4DSNC6MTMWMPQRSTZWJFXRW,01K4DVRSNYEHVMVZQ5JSRAZE1P-animals,deer,4752.0,01JS02HXTE4SS192QNCYFTQXPB-animals,15,rooster,animals,human,human
01K4DSNC6MTMWMPQRSTZWJFXRW,01K4DVRSNYEHVMVZQ5JSRAZE1P-animals,bear,987.0,01JS02HXTE4SS192QNCYFTQXPB-animals,16,moose,animals,human,human
01K4DSNC6MTMWMPQRSTZWJFXRW,01K4DVRSNYEHVMVZQ5JSRAZE1P-animals,penguin,1628.0,01JS02HXTE4SS192QNCYFTQXPB-animals,17,moose,animals,human,human
01K4DSNC6MTMWMPQRSTZWJFXRW,01K4DVRSNYEHVMVZQ5JSRAZE1P-animals,seal,1868.0,01JS02HXTE4SS192QNCYFTQXPB-animals,18,polarbear,animals,human,human
01K4DSNC6MTMWMPQRSTZWJFXRW,01K4DVRSNYEHVMVZQ5JSRAZE1P-animals,walrus,973.0,01JS02HXTE4SS192QNCYFTQXPB-animals,19,polarbear,animals,human,human
01K4DSNC6MTMWMPQRSTZWJFXRW,01K4DVRSNYEHVMVZQ5JSRAZE1P-animals,aardvark,19595.0,01JS02HXTE4SS192QNCYFTQXPB-animals,20,whale,animals,human,human
01K4DSNC6MTMWMPQRSTZWJFXRW,01K4DVRSNYEHVMVZQ5JSRAZE1P-animals,bunny,7724.0,01JS02HXTE4SS192QNCYFTQXPB-animals,21,rabbit,animals,human,human
01K4DSNC6MTMWMPQRSTZWJFXRW,01K4DVRSNYEHVMVZQ5JSRAZE1P-animals,rabbit,1100.0,01JS02HXTE4SS192QNCYFTQXPB-animals,22,rabbit,animals,human,human
01K4DSNC6MTMWMPQRSTZWJFXRW,01K4DVRSNYEHVMVZQ5JSRAZE1P-animals,monkey,3745.0,01JS02HXTE4SS192QNCYFTQXPB-animals,23,dog,animals,human,human
01K4DSNC6MTMWMPQRSTZWJFXRW,01K4DVRSNYEHVMVZQ5JSRAZE1P-animals,chimpanzee,2875.0,01JS02HXTE4SS192QNCYFTQXPB-animals,24,jaguar,animals,human,human
01K4DSNC6MTMWMPQRSTZWJFXRW,01K4DVRSNYEHVMVZQ5JSRAZE1P-animals,ape,679.0,01JS02HXTE4SS192QNCYFTQXPB-animals,25,cougar,animals,human,human
01K4DSNC6MTMWMPQRSTZWJFXRW,01K4DVRSNYEHVMVZQ5JSRAZE1P-animals,panda,934.0,01JS02HXTE4SS192QNCYFTQXPB-animals,26,gorilla,animals,human,human
01K4DSNC6MTMWMPQRSTZWJFXRW,01K4DVRSNYEHVMVZQ5JSRAZE1P-animals,viper,7257.0,01JS02HXTE4SS192QNCYFTQXPB-animals,27,sloth,animals,human,human
01K4DSNC6MTMWMPQRSTZWJFXRW,01K4DVRSNYEHVMVZQ5JSRAZE1P-animals,boa constrictor,2318.0,01JS02HXTE4SS192QNCYFTQXPB-animals,28,snake,animals,human,human
01K4DSNC6MTMWMPQRSTZWJFXRW,01K4DVRSNYEHVMVZQ5JSRAZE1P-animals,rattlesnake,2484.0,01JS02HXTE4SS192QNCYFTQXPB-animals,29,snake,animals,human,human
01K4DSNC6MTMWMPQRSTZWJFXRW,01K4DVRSNYEHVMVZQ5JSRAZE1P-animals,hedgehog,13742.0,01JS02HXTE4SS192QNCYFTQXPB-animals,30,snake,animals,human,human
01K4DSNC6MTMWMPQRSTZWJFXRW,01K4DVRSNYEHVMVZQ5JSRAZE1P-animals,eagle,13239.0,01JS02HXTE4SS192QNCYFTQXPB-animals,31,groundhog,animals,human,human
01K4DSNC6MTMWMPQRSTZWJFXRW,01K4DVRSNYEHVMVZQ5JSRAZE1P-animals,falcon,2060.0,01JS02HXTE4SS192QNCYFTQXPB-animals,32,bird,animals,human,human
01K4DSNC6MTMWMPQRSTZWJFXRW,01K4DVRSNYEHVMVZQ5JSRAZE1P-animals,crab,11716.0,01JS02HXTE4SS192QNCYFTQXPB-animals,33,robin,animals,human,human
01K4DSNC6MTMWMPQRSTZWJFXRW,01K4DVRSNYEHVMVZQ5JSRAZE1P-animals,lobster,1467.0,01JS02HXTE4SS192QNCYFTQXPB-animals,34,lobster,animals,human,human
01K4DSNC6MTMWMPQRSTZWJFXRW,01K4DVRSNYEHVMVZQ5JSRAZE1P-animals,shrimp,6005.0,01JS02HXTE4SS192QNCYFTQXPB-animals,35,shark,animals,human,human
01K4DSNC6MTMWMPQRSTZWJFXRW,01K4DVRSNYEHVMVZQ5JSRAZE1P-animals,goose,12360.0,01JS02HXTE4SS192QNCYFTQXPB-animals,36,catfish,animals,human,human
,01K4DX2DECRV1FWZBETW1GFVBY-animals,cat,16162.0,01JRZV53T5D6P8DAW3P48PQSX0-animals,1,,animals,human,human
01K4DSNC6R83SNHF5WDJBD7RK4,01K4DX2DECRV1FWZBETW1GFVBY-animals,lion,3980.0,01JRZV53T5D6P8DAW3P48PQSX0-animals,2,dog,animals,human,human
01K4DSNC6R83SNHF5WDJBD7RK4,01K4DX2DECRV1FWZBETW1GFVBY-animals,elephant,3871.0,01JRZV53T5D6P8DAW3P48PQSX0-animals,3,tiger,animals,human,human
01K4DSNC6R83SNHF5WDJBD7RK4,01K4DX2DECRV1FWZBETW1GFVBY-animals,tiger,3567.0,01JRZV53T5D6P8DAW3P48PQSX0-animals,4,rhino,animals,human,human
01K4DSNC6R83SNHF5WDJBD7RK4,01K4DX2DECRV1FWZBETW1GFVBY-animals,giraffe,4863.0,01JRZV53T5D6P8DAW3P48PQSX0-animals,5,leopard,animals,human,human
01K4DSNC6R83SNHF5WDJBD7RK4,01K4DX2DECRV1FWZBETW1GFVBY-animals,zebra,3417.0,01JRZV53T5D6P8DAW3P48PQSX0-animals,6,hippo,animals,human,human
01K4DSNC6R83SNHF5WDJBD7RK4,01K4DX2DECRV1FWZBETW1GFVBY-animals,kangaroo,5343.0,01JRZV53T5D6P8DAW3P48PQSX0-animals,7,bear,animals,human,human
01K4DSNC6R83SNHF5WDJBD7RK4,01K4DX2DECRV1FWZBETW1GFVBY-animals,bear,3604.0,01JRZV53T5D6P8DAW3P48PQSX0-animals,8,crocodile,animals,human,human
01K4DSNC6R83SNHF5WDJBD7RK4,01K4DX2DECRV1FWZBETW1GFVBY-animals,fox,2615.0,01JRZV53T5D6P8DAW3P48PQSX0-animals,9,panda,animals,human,human
01K4DSNC6R83SNHF5WDJBD7RK4,01K4DX2DECRV1FWZBETW1GFVBY-animals,monkey,2761.0,01JRZV53T5D6P8DAW3P48PQSX0-animals,10,badger,animals,human,human
01K4DSNC6R83SNHF5WDJBD7RK4,01K4DX2DECRV1FWZBETW1GFVBY-animals,dolphin,4578.0,01JRZV53T5D6P8DAW3P48PQSX0-animals,11,horse,animals,human,human
01K4DSNC6R83SNHF5WDJBD7RK4,01K4DX2DECRV1FWZBETW1GFVBY-animals,eagle,3666.0,01JRZV53T5D6P8DAW3P48PQSX0-animals,12,whale,animals,human,human
01K4DSNC6R83SNHF5WDJBD7RK4,01K4DX2DECRV1FWZBETW1GFVBY-animals,snake,2732.0,01JRZV53T5D6P8DAW3P48PQSX0-animals,13,wolf,animals,human,human
01K4DSNC6R83SNHF5WDJBD7RK4,01K4DX2DECRV1FWZBETW1GFVBY-animals,crocodile,4893.0,01JRZV53T5D6P8DAW3P48PQSX0-animals,14,tortoise,animals,human,human
01K4DSNC6R83SNHF5WDJBD7RK4,01K4DX2DECRV1FWZBETW1GFVBY-animals,penguin,9603.0,01JRZV53T5D6P8DAW3P48PQSX0-animals,15,alligator,animals,human,human
01K4DSNC6R83SNHF5WDJBD7RK4,01K4DX2DECRV1FWZBETW1GFVBY-animals,wolf,5150.0,01JRZV53T5D6P8DAW3P48PQSX0-animals,16,hippo,animals,human,human
01K4DSNC6R83SNHF5WDJBD7RK4,01K4DX2DECRV1FWZBETW1GFVBY-animals,dog,4083.0,01JRZV53T5D6P8DAW3P48PQSX0-animals,17,hippo,animals,human,human
01K4DSNC6R83SNHF5WDJBD7RK4,01K4DX2DECRV1FWZBETW1GFVBY-animals,parrot,11049.0,01JRZV53T5D6P8DAW3P48PQSX0-animals,18,rabbit,animals,human,human
01K4DSNC6R83SNHF5WDJBD7RK4,01K4DX2DECRV1FWZBETW1GFVBY-animals,hippopotamus,6853.0,01JRZV53T5D6P8DAW3P48PQSX0-animals,19,rabbit,animals,human,human
01K4DSNC6R83SNHF5WDJBD7RK4,01K4DX2DECRV1FWZBETW1GFVBY-animals,rhinoceros,5880.0,01JRZV53T5D6P8DAW3P48PQSX0-animals,20,rabbit,animals,human,human
01K4DSNC6R83SNHF5WDJBD7RK4,01K4DX2DECRV1FWZBETW1GFVBY-animals,chimpanzee,5680.0,01JRZV53T5D6P8DAW3P48PQSX0-animals,21,rabbit,animals,human,human
01K4DSNC6R83SNHF5WDJBD7RK4,01K4DX2DECRV1FWZBETW1GFVBY-animals,octopus,5854.0,01JRZV53T5D6P8DAW3P48PQSX0-animals,22,rabbit,animals,human,human
01K4DSNC6R83SNHF5WDJBD7RK4,01K4DX2DECRV1FWZBETW1GFVBY-animals,owl,3589.0,01JRZV53T5D6P8DAW3P48PQSX0-animals,23,rabbit,animals,human,human
01K4DSNC6R83SNHF5WDJBD7RK4,01K4DX2DECRV1FWZBETW1GFVBY-animals,cheetah,7416.0,01JRZV53T5D6P8DAW3P48PQSX0-animals,24,rabbit,animals,human,human
01K4DSNC6R83SNHF5WDJBD7RK4,01K4DX2DECRV1FWZBETW1GFVBY-animals,deer,2083.0,01JRZV53T5D6P8DAW3P48PQSX0-animals,25,rabbit,animals,human,human
01K4DSNC6R83SNHF5WDJBD7RK4,01K4DX2DECRV1FWZBETW1GFVBY-animals,moose,2799.0,01JRZV53T5D6P8DAW3P48PQSX0-animals,26,rabbit,animals,human,human
01K4DSNC6R83SNHF5WDJBD7RK4,01K4DX2DECRV1FWZBETW1GFVBY-animals,tortoise,4336.0,01JRZV53T5D6P8DAW3P48PQSX0-animals,27,rabbit,animals,human,human
01K4DSNC6R83SNHF5WDJBD7RK4,01K4DX2DECRV1FWZBETW1GFVBY-animals,llama,3922.0,01JRZV53T5D6P8DAW3P48PQSX0-animals,28,rabbit,animals,human,human
01K4DSNC6R83SNHF5WDJBD7RK4,01K4DX2DECRV1FWZBETW1GFVBY-animals,bat,2240.0,01JRZV53T5D6P8DAW3P48PQSX0-animals,29,rabbit,animals,human,human
01K4DSNC6R83SNHF5WDJBD7RK4,01K4DX2DECRV1FWZBETW1GFVBY-animals,squirrel,8663.0,01JRZV53T5D6P8DAW3P48PQSX0-animals,30,rabbit,animals,human,human
01K4DSNC6R83SNHF5WDJBD7RK4,01K4DX2DECRV1FWZBETW1GFVBY-animals,flamingo,8245.0,01JRZV53T5D6P8DAW3P48PQSX0-animals,31,rabbit,animals,human,human
01K4DSNC6R83SNHF5WDJBD7RK4,01K4DX2DECRV1FWZBETW1GFVBY-animals,hedgehog,5867.0,01JRZV53T5D6P8DAW3P48PQSX0-animals,32,rabbit,animals,human,human
,01K4DW1PN2FTF3JTD2W3SKKYFN-supermarket,bread,5559.0,01K0Q6R8WK3AM04PNGRZGFG7KN-supermarket,1,,supermarket,human,human
01K4DSNC6PDX2YMWTPVJGYF8AP,01K4DW1PN2FTF3JTD2W3SKKYFN-supermarket,milk,2940.0,01K0Q6R8WK3AM04PNGRZGFG7KN-supermarket,2,bakery,supermarket,human,human
01K4DSNC6PDX2YMWTPVJGYF8AP,01K4DW1PN2FTF3JTD2W3SKKYFN-supermarket,juice,1895.0,01K0Q6R8WK3AM04PNGRZGFG7KN-supermarket,3,cereal,supermarket,human,human
01K4DSNC6PDX2YMWTPVJGYF8AP,01K4DW1PN2FTF3JTD2W3SKKYFN-supermarket,soda,1214.0,01K0Q6R8WK3AM04PNGRZGFG7KN-supermarket,4,orange,supermarket,human,human
01K4DSNC6PDX2YMWTPVJGYF8AP,01K4DW1PN2FTF3JTD2W3SKKYFN-supermarket,coffee,2027.0,01K0Q6R8WK3AM04PNGRZGFG7KN-supermarket,5,water,supermarket,human,human
01K4DSNC6PDX2YMWTPVJGYF8AP,01K4DW1PN2FTF3JTD2W3SKKYFN-supermarket,water,6036.0,01K0Q6R8WK3AM04PNGRZGFG7KN-supermarket,6,tea,supermarket,human,human
01K4DSNC6PDX2YMWTPVJGYF8AP,01K4DW1PN2FTF3JTD2W3SKKYFN-supermarket,tea,3487.0,01K0Q6R8WK3AM04PNGRZGFG7KN-supermarket,7,beans,supermarket,human,human
01K4DSNC6PDX2YMWTPVJGYF8AP,01K4DW1PN2FTF3JTD2W3SKKYFN-supermarket,chip,5695.0,01K0Q6R8WK3AM04PNGRZGFG7KN-supermarket,8,biscuits,supermarket,human,human
01K4DSNC6PDX2YMWTPVJGYF8AP,01K4DW1PN2FTF3JTD2W3SKKYFN-supermarket,cracker,2902.0,01K0Q6R8WK3AM04PNGRZGFG7KN-supermarket,9,sweets,supermarket,human,human
01K4DSNC6PDX2YMWTPVJGYF8AP,01K4DW1PN2FTF3JTD2W3SKKYFN-supermarket,cookie,8581.0,01K0Q6R8WK3AM04PNGRZGFG7KN-supermarket,10,chocolates,supermarket,human,human
01K4DSNC6PDX2YMWTPVJGYF8AP,01K4DW1PN2FTF3JTD2W3SKKYFN-supermarket,brownie,3232.0,01K0Q6R8WK3AM04PNGRZGFG7KN-supermarket,11,candy,supermarket,human,human
01K4DSNC6PDX2YMWTPVJGYF8AP,01K4DW1PN2FTF3JTD2W3SKKYFN-supermarket,cake,2560.0,01K0Q6R8WK3AM04PNGRZGFG7KN-supermarket,12,cakes,supermarket,human,human
01K4DSNC6PDX2YMWTPVJGYF8AP,01K4DW1PN2FTF3JTD2W3SKKYFN-supermarket,batter,11098.0,01K0Q6R8WK3AM04PNGRZGFG7KN-supermarket,13,donut,supermarket,human,human
01K4DSNC6PDX2YMWTPVJGYF8AP,01K4DW1PN2FTF3JTD2W3SKKYFN-supermarket,flour,1970.0,01K0Q6R8WK3AM04PNGRZGFG7KN-supermarket,14,syrup,supermarket,human,human
01K4DSNC6PDX2YMWTPVJGYF8AP,01K4DW1PN2FTF3JTD2W3SKKYFN-supermarket,sugar,1151.0,01K0Q6R8WK3AM04PNGRZGFG7KN-supermarket,15,rice,supermarket,human,human
01K4DSNC6PDX2YMWTPVJGYF8AP,01K4DW1PN2FTF3JTD2W3SKKYFN-supermarket,salt,759.0,01K0Q6R8WK3AM04PNGRZGFG7KN-supermarket,16,salt,supermarket,human,human
01K4DSNC6PDX2YMWTPVJGYF8AP,01K4DW1PN2FTF3JTD2W3SKKYFN-supermarket,pepper,2689.0,01K0Q6R8WK3AM04PNGRZGFG7KN-supermarket,17,pepper,supermarket,human,human
01K4DSNC6PDX2YMWTPVJGYF8AP,01K4DW1PN2FTF3JTD2W3SKKYFN-supermarket,dressing,7019.0,01K0Q6R8WK3AM04PNGRZGFG7KN-supermarket,18,ketchup,supermarket,human,human
01K4DSNC6PDX2YMWTPVJGYF8AP,01K4DW1PN2FTF3JTD2W3SKKYFN-supermarket,fruit,1936.0,01K0Q6R8WK3AM04PNGRZGFG7KN-supermarket,19,mayonnaise,supermarket,human,human
01K4DSNC6PDX2YMWTPVJGYF8AP,01K4DW1PN2FTF3JTD2W3SKKYFN-supermarket,vegetable,3121.0,01K0Q6R8WK3AM04PNGRZGFG7KN-supermarket,20,vegetables,supermarket,human,human
01K4DSNC6PDX2YMWTPVJGYF8AP,01K4DW1PN2FTF3JTD2W3SKKYFN-supermarket,toilet paper,9921.0,01K0Q6R8WK3AM04PNGRZGFG7KN-supermarket,21,carrots,supermarket,human,human
01K4DSNC6PDX2YMWTPVJGYF8AP,01K4DW1PN2FTF3JTD2W3SKKYFN-supermarket,paper towel,2557.0,01K0Q6R8WK3AM04PNGRZGFG7KN-supermarket,22,kitchenpaper,supermarket,human,human
01K4DSNC6PDX2YMWTPVJGYF8AP,01K4DW1PN2FTF3JTD2W3SKKYFN-supermarket,toothpaste,9644.0,01K0Q6R8WK3AM04PNGRZGFG7KN-supermarket,23,soap,supermarket,human,human
01K4DSNC6PDX2YMWTPVJGYF8AP,01K4DW1PN2FTF3JTD2W3SKKYFN-supermarket,candy,11838.0,01K0Q6R8WK3AM04PNGRZGFG7KN-supermarket,24,soap,supermarket,human,human
01K4DSNC6PDX2YMWTPVJGYF8AP,01K4DW1PN2FTF3JTD2W3SKKYFN-supermarket,apple,10592.0,01K0Q6R8WK3AM04PNGRZGFG7KN-supermarket,25,donuts,supermarket,human,human
01K4DSNC6PDX2YMWTPVJGYF8AP,01K4DW1PN2FTF3JTD2W3SKKYFN-supermarket,banana,3050.0,01K0Q6R8WK3AM04PNGRZGFG7KN-supermarket,26,banana,supermarket,human,human
01K4DSNC6PDX2YMWTPVJGYF8AP,01K4DW1PN2FTF3JTD2W3SKKYFN-supermarket,kiwi,1755.0,01K0Q6R8WK3AM04PNGRZGFG7KN-supermarket,27,orange,supermarket,human,human
01K4DSNC6PDX2YMWTPVJGYF8AP,01K4DW1PN2FTF3JTD2W3SKKYFN-supermarket,mango,2466.0,01K0Q6R8WK3AM04PNGRZGFG7KN-supermarket,28,strawberry,supermarket,human,human
01K4DSNC6PDX2YMWTPVJGYF8AP,01K4DW1PN2FTF3JTD2W3SKKYFN-supermarket,watermelon,4653.0,01K0Q6R8WK3AM04PNGRZGFG7KN-supermarket,29,orange,supermarket,human,human
01K4DSNC6PDX2YMWTPVJGYF8AP,01K4DW1PN2FTF3JTD2W3SKKYFN-supermarket,grape,2443.0,01K0Q6R8WK3AM04PNGRZGFG7KN-supermarket,30,orange,supermarket,human,human
01K4DSNC6PDX2YMWTPVJGYF8AP,01K4DW1PN2FTF3JTD2W3SKKYFN-supermarket,raspberry,2393.0,01K0Q6R8WK3AM04PNGRZGFG7KN-supermarket,31,orange,supermarket,human,human
01K4DSNC6PDX2YMWTPVJGYF8AP,01K4DW1PN2FTF3JTD2W3SKKYFN-supermarket,strawberry,2758.0,01K0Q6R8WK3AM04PNGRZGFG7KN-supermarket,32,strawberry,supermarket,human,human
01K4DSNC6PDX2YMWTPVJGYF8AP,01K4DW1PN2FTF3JTD2W3SKKYFN-supermarket,blueberry,3701.0,01K0Q6R8WK3AM04PNGRZGFG7KN-supermarket,33,blueberry,supermarket,human,human
01K4DSNC6PDX2YMWTPVJGYF8AP,01K4DW1PN2FTF3JTD2W3SKKYFN-supermarket,pineapple,5912.0,01K0Q6R8WK3AM04PNGRZGFG7KN-supermarket,34,blackberry,supermarket,human,human
01K4DSNC6PDX2YMWTPVJGYF8AP,01K4DW1PN2FTF3JTD2W3SKKYFN-supermarket,ham,3375.0,01K0Q6R8WK3AM04PNGRZGFG7KN-supermarket,35,lemon,supermarket,human,human
01K4DSNC6PDX2YMWTPVJGYF8AP,01K4DW1PN2FTF3JTD2W3SKKYFN-supermarket,turkey,1283.0,01K0Q6R8WK3AM04PNGRZGFG7KN-supermarket,36,chicken,supermarket,human,human
01K4DSNC6PDX2YMWTPVJGYF8AP,01K4DW1PN2FTF3JTD2W3SKKYFN-supermarket,beef,1145.0,01K0Q6R8WK3AM04PNGRZGFG7KN-supermarket,37,chicken,supermarket,human,human
01K4DSNC6PDX2YMWTPVJGYF8AP,01K4DW1PN2FTF3JTD2W3SKKYFN-supermarket,steak,830.0,01K0Q6R8WK3AM04PNGRZGFG7KN-supermarket,38,chicken,supermarket,human,human
01K4DSNC6PDX2YMWTPVJGYF8AP,01K4DW1PN2FTF3JTD2W3SKKYFN-supermarket,chicken,2716.0,01K0Q6R8WK3AM04PNGRZGFG7KN-supermarket,39,chicken,supermarket,human,human
01K4DSNC6PDX2YMWTPVJGYF8AP,01K4DW1PN2FTF3JTD2W3SKKYFN-supermarket,salami,7987.0,01K0Q6R8WK3AM04PNGRZGFG7KN-supermarket,40,sausage,supermarket,human,human
01K4DSNC6PDX2YMWTPVJGYF8AP,01K4DW1PN2FTF3JTD2W3SKKYFN-supermarket,cheese,4857.0,01K0Q6R8WK3AM04PNGRZGFG7KN-supermarket,41,sausage,supermarket,human,human
01K4DSNC6PDX2YMWTPVJGYF8AP,01K4DW1PN2FTF3JTD2W3SKKYFN-supermarket,butter,873.0,01K0Q6R8WK3AM04PNGRZGFG7KN-supermarket,42,yogurt,supermarket,human,human
01K4DSNC6PDX2YMWTPVJGYF8AP,01K4DW1PN2FTF3JTD2W3SKKYFN-supermarket,yogurt,1327.0,01K0Q6R8WK3AM04PNGRZGFG7KN-supermarket,43,cream,supermarket,human,human
01K4DSNC6PDX2YMWTPVJGYF8AP,01K4DW1PN2FTF3JTD2W3SKKYFN-supermarket,cream cheese,3210.0,01K0Q6R8WK3AM04PNGRZGFG7KN-supermarket,44,cream,supermarket,human,human
01KEYTFAMEPM7SJCBAGP516Q6G,01KEYVKCTGFNT37B0WNK73GHSH,dog,4967.0,01K0Q78YDH8EXNX4AAQB7JYH60-animals,1,,animals,human,human
01KEYTFAMEPM7SJCBAGP516Q6G,01KEYVKCTGFNT37B0WNK73GHSH,cat,3131.0,01K0Q78YDH8EXNX4AAQB7JYH60-animals,2,cat,animals,human,human
01KEYTFAMEPM7SJCBAGP516Q6G,01KEYVKCTGFNT37B0WNK73GHSH,zebra,3898.0,01K0Q78YDH8EXNX4AAQB7JYH60-animals,3,mouse,animals,human,human
01KEYTFAMEPM7SJCBAGP516Q6G,01KEYVKCTGFNT37B0WNK73GHSH,lion,3886.0,01K0Q78YDH8EXNX4AAQB7JYH60-animals,4,horse,animals,human,human
01KEYTFAMEPM7SJCBAGP516Q6G,01KEYVKCTGFNT37B0WNK73GHSH,cougar,3732.0,01K0Q78YDH8EXNX4AAQB7JYH60-animals,5,tiger,animals,human,human
01KEYTFAMEPM7SJCBAGP516Q6G,01KEYVKCTGFNT37B0WNK73GHSH,moose,5318.0,01K0Q78YDH8EXNX4AAQB7JYH60-animals,6,tiger,animals,human,human
01KEYTFAMEPM7SJCBAGP516Q6G,01KEYVKCTGFNT37B0WNK73GHSH,mouse,3423.0,01K0Q78YDH8EXNX4AAQB7JYH60-animals,7,buffalo,animals,human,human
01KEYTFAMEPM7SJCBAGP516Q6G,01KEYVKCTGFNT37B0WNK73GHSH,rat,3360.0,01K0Q78YDH8EXNX4AAQB7JYH60-animals,8,rat,animals,human,human
01KEYTFAMEPM7SJCBAGP516Q6G,01KEYVKCTGFNT37B0WNK73GHSH,ant,3273.0,01K0Q78YDH8EXNX4AAQB7JYH60-animals,9,raccoon,animals,human,human
01KEYTFAMEPM7SJCBAGP516Q6G,01KEYVKCTGFNT37B0WNK73GHSH,bat,3366.0,01K0Q78YDH8EXNX4AAQB7JYH60-animals,10,beetle,animals,human,human
01KEYTFAMEPM7SJCBAGP516Q6G,01KEYVKCTGFNT37B0WNK73GHSH,moth,4792.0,01K0Q78YDH8EXNX4AAQB7JYH60-animals,11,bird,animals,human,human
01KEYTFAMEPM7SJCBAGP516Q6G,01KEYVKCTGFNT37B0WNK73GHSH,fly,4618.0,01K0Q78YDH8EXNX4AAQB7JYH60-animals,12,butterfly,animals,human,human
01KEYTFAMEPM7SJCBAGP516Q6G,01KEYVKCTGFNT37B0WNK73GHSH,cockroach,6157.0,01K0Q78YDH8EXNX4AAQB7JYH60-animals,13,spider,animals,human,human
01KEYTFAMEPM7SJCBAGP516Q6G,01KEYVKCTGFNT37B0WNK73GHSH,beetle,4013.0,01K0Q78YDH8EXNX4AAQB7JYH60-animals,14,spider,animals,human,human
01KEYTFAMEPM7SJCBAGP516Q6G,01KEYVKCTGFNT37B0WNK73GHSH,deer,8163.0,01K0Q78YDH8EXNX4AAQB7JYH60-animals,15,spider,animals,human,human
01KEYTFAMEPM7SJCBAGP516Q6G,01KEYVKCTGFNT37B0WNK73GHSH,elk,5163.0,01K0Q78YDH8EXNX4AAQB7JYH60-animals,16,bear,animals,human,human
01KEYTFAMEPM7SJCBAGP516Q6G,01KEYVKCTGFNT37B0WNK73GHSH,gorilla,5298.0,01K0Q78YDH8EXNX4AAQB7JYH60-animals,17,wolf,animals,human,human
01KEYTFAMEPM7SJCBAGP516Q6G,01KEYVKCTGFNT37B0WNK73GHSH,monkey,7426.0,01K0Q78YDH8EXNX4AAQB7JYH60-animals,18,chimpanzee,animals,human,human
01KEYTFAMEPM7SJCBAGP516Q6G,01KEYVKCTGFNT37B0WNK73GHSH,tiger,5996.0,01K0Q78YDH8EXNX4AAQB7JYH60-animals,19,chimpanzee,animals,human,human
01KEYTFAMEPM7SJCBAGP516Q6G,01KEYVKCTGFNT37B0WNK73GHSH,bison,11158.0,01K0Q78YDH8EXNX4AAQB7JYH60-animals,20,bear,animals,human,human
01KEYTFAMEPM7SJCBAGP516Q6G,01KEYVKCTGFNT37B0WNK73GHSH,water buffalo,7343.0,01K0Q78YDH8EXNX4AAQB7JYH60-animals,21,buffalo,animals,human,human
01KEYTFAMEPM7SJCBAGP516Q6G,01KEYVKCTGFNT37B0WNK73GHSH,hippopotamus,4291.0,01K0Q78YDH8EXNX4AAQB7JYH60-animals,22,bear,animals,human,human
01KEYTFAMEPM7SJCBAGP516Q6G,01KEYVKCTGFNT37B0WNK73GHSH,dolphin,5291.0,01K0Q78YDH8EXNX4AAQB7JYH60-animals,23,rhinoceros,animals,human,human
01KEYTFAMEPM7SJCBAGP516Q6G,01KEYVKCTGFNT37B0WNK73GHSH,blue whale,6873.0,01K0Q78YDH8EXNX4AAQB7JYH60-animals,24,whale,animals,human,human
01KEYTFAMEPM7SJCBAGP516Q6G,01KEYVKCTGFNT37B0WNK73GHSH,orca,4152.0,01K0Q78YDH8EXNX4AAQB7JYH60-animals,25,plankton,animals,human,human
01KEYTFAMEPM7SJCBAGP516Q6G,01KEYVKCTGFNT37B0WNK73GHSH,trout,6207.0,01K0Q78YDH8EXNX4AAQB7JYH60-animals,26,killerwhale,animals,human,human
01KEYTFAMEPM7SJCBAGP516Q6G,01KEYVKCTGFNT37B0WNK73GHSH,salmon,4535.0,01K0Q78YDH8EXNX4AAQB7JYH60-animals,27,goldfish,animals,human,human
01KEYTFAMEPM7SJCBAGP516Q6G,01KEYVKCTGFNT37B0WNK73GHSH,goldfish,6486.0,01K0Q78YDH8EXNX4AAQB7JYH60-animals,28,tuna,animals,human,human
01KEYTFAMEPM7SJCBAGP516Q6G,01KEYVKCTGFNT37B0WNK73GHSH,parrot,3833.0,01K0Q78YDH8EXNX4AAQB7JYH60-animals,29,starfish,animals,human,human
01KEYTFAMEPM7SJCBAGP516Q6G,01KEYVKCTGFNT37B0WNK73GHSH,blue jay,6953.0,01K0Q78YDH8EXNX4AAQB7JYH60-animals,30,bluejay,animals,human,human
01KEYTFAMEPM7SJCBAGP516Q6G,01KEYVKCTGFNT37B0WNK73GHSH,fish,14670.0,01K0Q78YDH8EXNX4AAQB7JYH60-animals,31,robin,animals,human,human
01KEYTFAMBTQ6D7TE0E9M7SZJ8,01KEYTZ6FG0DMBNQ2N98ZD9BKT,dog,4990.0,01K0Q78R10KP1155MQEM311QX2-animals,1,,animals,human,human
01KEYTFAMBTQ6D7TE0E9M7SZJ8,01KEYTZ6FG0DMBNQ2N98ZD9BKT,cat,1593.0,01K0Q78R10KP1155MQEM311QX2-animals,2,cat,animals,human,human
01KEYTFAMBTQ6D7TE0E9M7SZJ8,01KEYTZ6FG0DMBNQ2N98ZD9BKT,monkey,2675.0,01K0Q78R10KP1155MQEM311QX2-animals,3,bird,animals,human,human
01KEYTFAMBTQ6D7TE0E9M7SZJ8,01KEYTZ6FG0DMBNQ2N98ZD9BKT,bear,2681.0,01K0Q78R10KP1155MQEM311QX2-animals,4,lion,animals,human,human
01KEYTFAMBTQ6D7TE0E9M7SZJ8,01KEYTZ6FG0DMBNQ2N98ZD9BKT,bird,2863.0,01K0Q78R10KP1155MQEM311QX2-animals,5,lion,animals,human,human
01KEYTFAMBTQ6D7TE0E9M7SZJ8,01KEYTZ6FG0DMBNQ2N98ZD9BKT,rat,4529.0,01K0Q78R10KP1155MQEM311QX2-animals,6,tiger,animals,human,human
01KEYTFAMBTQ6D7TE0E9M7SZJ8,01KEYTZ6FG0DMBNQ2N98ZD9BKT,mouse,3021.0,01K0Q78R10KP1155MQEM311QX2-animals,7,mouse,animals,human,human
01KEYTFAMBTQ6D7TE0E9M7SZJ8,01KEYTZ6FG0DMBNQ2N98ZD9BKT,whale,3451.0,01K0Q78R10KP1155MQEM311QX2-animals,8,squirrel,animals,human,human
01KEYTFAMBTQ6D7TE0E9M7SZJ8,01KEYTZ6FG0DMBNQ2N98ZD9BKT,pig,1975.0,01K0Q78R10KP1155MQEM311QX2-animals,9,shark,animals,human,human
01KEYTFAMBTQ6D7TE0E9M7SZJ8,01KEYTZ6FG0DMBNQ2N98ZD9BKT,horse,1827.0,01K0Q78R10KP1155MQEM311QX2-animals,10,horse,animals,human,human
01KEYTFAMBTQ6D7TE0E9M7SZJ8,01KEYTZ6FG0DMBNQ2N98ZD9BKT,cow,1515.0,01K0Q78R10KP1155MQEM311QX2-animals,11,cow,animals,human,human
01KEYTFAMBTQ6D7TE0E9M7SZJ8,01KEYTZ6FG0DMBNQ2N98ZD9BKT,sheep,2400.0,01K0Q78R10KP1155MQEM311QX2-animals,12,sheep,animals,human,human
01KEYTFAMBTQ6D7TE0E9M7SZJ8,01KEYTZ6FG0DMBNQ2N98ZD9BKT,llama,3260.0,01K0Q78R10KP1155MQEM311QX2-animals,13,goat,animals,human,human
01KEYTFAMBTQ6D7TE0E9M7SZJ8,01KEYTZ6FG0DMBNQ2N98ZD9BKT,alligator,3391.0,01K0Q78R10KP1155MQEM311QX2-animals,14,alpaca,animals,human,human
01KEYTFAMBTQ6D7TE0E9M7SZJ8,01KEYTZ6FG0DMBNQ2N98ZD9BKT,crocodile,4864.0,01K0Q78R10KP1155MQEM311QX2-animals,15,crocodile,animals,human,human
01KEYTFAMBTQ6D7TE0E9M7SZJ8,01KEYTZ6FG0DMBNQ2N98ZD9BKT,penguin,4036.0,01K0Q78R10KP1155MQEM311QX2-animals,16,zebra,animals,human,human
01KEYTFAMBTQ6D7TE0E9M7SZJ8,01KEYTZ6FG0DMBNQ2N98ZD9BKT,skunk,2894.0,01K0Q78R10KP1155MQEM311QX2-animals,17,polarbear,animals,human,human
01KEYTFAMBTQ6D7TE0E9M7SZJ8,01KEYTZ6FG0DMBNQ2N98ZD9BKT,peacock,2967.0,01K0Q78R10KP1155MQEM311QX2-animals,18,zebra,animals,human,human
01KEYTFAMBTQ6D7TE0E9M7SZJ8,01KEYTZ6FG0DMBNQ2N98ZD9BKT,hawk,4548.0,01K0Q78R10KP1155MQEM311QX2-animals,19,eagle,animals,human,human
01KEYTFAMBTQ6D7TE0E9M7SZJ8,01KEYTZ6FG0DMBNQ2N98ZD9BKT,eagle,2149.0,01K0Q78R10KP1155MQEM311QX2-animals,20,eagle,animals,human,human
01KEYTFAMBTQ6D7TE0E9M7SZJ8,01KEYTZ6FG0DMBNQ2N98ZD9BKT,robin,2367.0,01K0Q78R10KP1155MQEM311QX2-animals,21,hummingbird,animals,human,human
01KEYTFAMBTQ6D7TE0E9M7SZJ8,01KEYTZ6FG0DMBNQ2N98ZD9BKT,sparrow,5163.0,01K0Q78R10KP1155MQEM311QX2-animals,22,sparrow,animals,human,human
01KEYTFAMBTQ6D7TE0E9M7SZJ8,01KEYTZ6FG0DMBNQ2N98ZD9BKT,ant,2948.0,01K0Q78R10KP1155MQEM311QX2-animals,23,worm,animals,human,human
01KEYTFAMBTQ6D7TE0E9M7SZJ8,01KEYTZ6FG0DMBNQ2N98ZD9BKT,bee,1697.0,01K0Q78R10KP1155MQEM311QX2-animals,24,beetle,animals,human,human
01KEYTFAMBTQ6D7TE0E9M7SZJ8,01KEYTZ6FG0DMBNQ2N98ZD9BKT,flamingo,15954.0,01K0Q78R10KP1155MQEM311QX2-animals,25,butterfly,animals,human,human
01KEYTFAMBTQ6D7TE0E9M7SZJ8,01KEYTZ6FG0DMBNQ2N98ZD9BKT,trout,5281.0,01K0Q78R10KP1155MQEM311QX2-animals,26,fish,animals,human,human
01KEYTFAMBTQ6D7TE0E9M7SZJ8,01KEYTZ6FG0DMBNQ2N98ZD9BKT,aardvark,11659.0,01K0Q78R10KP1155MQEM311QX2-animals,27,salmon,animals,human,human
01KEYTFAMBTQ6D7TE0E9M7SZJ8,01KEYTZ6FG0DMBNQ2N98ZD9BKT,armadillo,3142.0,01K0Q78R10KP1155MQEM311QX2-animals,28,babboon,animals,human,human
01KEYTFAMBTQ6D7TE0E9M7SZJ8,01KEYTZ6FG0DMBNQ2N98ZD9BKT,lion,3565.0,01K0Q78R10KP1155MQEM311QX2-animals,29,bear,animals,human,human
01KEYTFAMBTQ6D7TE0E9M7SZJ8,01KEYTZ6FG0DMBNQ2N98ZD9BKT,puma,2352.0,01K0Q78R10KP1155MQEM311QX2-animals,30,tiger,animals,human,human
01KEYTFAMBTQ6D7TE0E9M7SZJ8,01KEYTZ6FG0DMBNQ2N98ZD9BKT,leopard,4450.0,01K0Q78R10KP1155MQEM311QX2-animals,31,cougar,animals,human,human
01KEYTFAMBTQ6D7TE0E9M7SZJ8,01KEYTZ6FG0DMBNQ2N98ZD9BKT,tiger,3177.0,01K0Q78R10KP1155MQEM311QX2-animals,32,cheetah,animals,human,human
01KEYTFAMBTQ6D7TE0E9M7SZJ8,01KEYTZ6FG0DMBNQ2N98ZD9BKT,fish,4959.0,01K0Q78R10KP1155MQEM311QX2-animals,33,cheetah,animals,human,human
01KEYTFAMBTQ6D7TE0E9M7SZJ8,01KEYTZ6FG0DMBNQ2N98ZD9BKT,salmon,14142.0,01K0Q78R10KP1155MQEM311QX2-animals,34,shark,animals,human,human
01KEYTFAMBTQ6D7TE0E9M7SZJ8,01KEYTZ6FG0DMBNQ2N98ZD9BKT,zebra,9144.0,01K0Q78R10KP1155MQEM311QX2-animals,35,goldfish,animals,human,human
01KEYTFAMBTQ6D7TE0E9M7SZJ8,01KEYTZ6FG0DMBNQ2N98ZD9BKT,giraffe,3016.0,01K0Q78R10KP1155MQEM311QX2-animals,36,hyena,animals,human,human
01KEYTFAMBTQ6D7TE0E9M7SZJ8,01KEYTZ6FG0DMBNQ2N98ZD9BKT,duck,7815.0,01K0Q78R10KP1155MQEM311QX2-animals,37,elephant,animals,human,human
01KEYTFAMBTQ6D7TE0E9M7SZJ8,01KEYTZ6FG0DMBNQ2N98ZD9BKT,snake,2637.0,01K0Q78R10KP1155MQEM311QX2-animals,38,goose,animals,human,human
01KEYTFAMBTQ6D7TE0E9M7SZJ8,01KEYTZ6FG0DMBNQ2N98ZD9BKT,elephant,4897.0,01K0Q78R10KP1155MQEM311QX2-animals,39,iguana,animals,human,human
01KEYTFAMBTQ6D7TE0E9M7SZJ8,01KEYTZ6FG0DMBNQ2N98ZD9BKT,ram,3309.0,01K0Q78R10KP1155MQEM311QX2-animals,40,panda,animals,human,human
01KEYTFAMF817GBE43W2AWVHNG,01KEYVT2EMV46CPPD3ZCWZPHTA,dog,3849.0,01K0Q7GZH3AF8SBT0Z66KPG2S5-animals,1,,animals,human,human
01KEYTFAMF817GBE43W2AWVHNG,01KEYVT2EMV46CPPD3ZCWZPHTA,cat,1363.0,01K0Q7GZH3AF8SBT0Z66KPG2S5-animals,2,cat,animals,human,human
01KEYTFAMF817GBE43W2AWVHNG,01KEYVT2EMV46CPPD3ZCWZPHTA,horse,2354.0,01K0Q7GZH3AF8SBT0Z66KPG2S5-animals,3,bird,animals,human,human
01KEYTFAMF817GBE43W2AWVHNG,01KEYVT2EMV46CPPD3ZCWZPHTA,fish,1558.0,01K0Q7GZH3AF8SBT0Z66KPG2S5-animals,4,cow,animals,human,human
01KEYTFAMF817GBE43W2AWVHNG,01KEYVT2EMV46CPPD3ZCWZPHTA,gorilla,3788.0,01K0Q7GZH3AF8SBT0Z66KPG2S5-animals,5,water,animals,human,human
01KEYTFAMF817GBE43W2AWVHNG,01KEYVT2EMV46CPPD3ZCWZPHTA,monkey,1599.0,01K0Q7GZH3AF8SBT0Z66KPG2S5-animals,6,monkey,animals,human,human
01KEYTFAMF817GBE43W2AWVHNG,01KEYVT2EMV46CPPD3ZCWZPHTA,meerkat,2022.0,01K0Q7GZH3AF8SBT0Z66KPG2S5-animals,7,parrot,animals,human,human
01KEYTFAMF817GBE43W2AWVHNG,01KEYVT2EMV46CPPD3ZCWZPHTA,lion,3396.0,01K0Q7GZH3AF8SBT0Z66KPG2S5-animals,8,lemur,animals,human,human
01KEYTFAMF817GBE43W2AWVHNG,01KEYVT2EMV46CPPD3ZCWZPHTA,tiger,3533.0,01K0Q7GZH3AF8SBT0Z66KPG2S5-animals,9,tiger,animals,human,human
01KEYTFAMF817GBE43W2AWVHNG,01KEYVT2EMV46CPPD3ZCWZPHTA,hamster,2746.0,01K0Q7GZH3AF8SBT0Z66KPG2S5-animals,10,cheetah,animals,human,human
01KEYTFAMF817GBE43W2AWVHNG,01KEYVT2EMV46CPPD3ZCWZPHTA,rabbit,1932.0,01K0Q7GZH3AF8SBT0Z66KPG2S5-animals,11,gerbil,animals,human,human
01KEYTFAMF817GBE43W2AWVHNG,01KEYVT2EMV46CPPD3ZCWZPHTA,bird,1734.0,01K0Q7GZH3AF8SBT0Z66KPG2S5-animals,12,gerbil,animals,human,human
01KEYTFAMF817GBE43W2AWVHNG,01KEYVT2EMV46CPPD3ZCWZPHTA,crocodile,6443.0,01K0Q7GZH3AF8SBT0Z66KPG2S5-animals,13,spider,animals,human,human
01KEYTFAMF817GBE43W2AWVHNG,01KEYVT2EMV46CPPD3ZCWZPHTA,ape,6670.0,01K0Q7GZH3AF8SBT0Z66KPG2S5-animals,14,alligator,animals,human,human
01KEYTFAMF817GBE43W2AWVHNG,01KEYVT2EMV46CPPD3ZCWZPHTA,penguin,15235.0,01K0Q7GZH3AF8SBT0Z66KPG2S5-animals,15,giraffe,animals,human,human
01KEYTFAMF817GBE43W2AWVHNG,01KEYVT2EMV46CPPD3ZCWZPHTA,giraffe,7183.0,01K0Q7GZH3AF8SBT0Z66KPG2S5-animals,16,seal,animals,human,human
01KEYTFAMF817GBE43W2AWVHNG,01KEYVT2EMV46CPPD3ZCWZPHTA,elephant,4310.0,01K0Q7GZH3AF8SBT0Z66KPG2S5-animals,17,seal,animals,human,human
01KEYTFAMF817GBE43W2AWVHNG,01KEYVT2EMV46CPPD3ZCWZPHTA,lizard,8283.0,01K0Q7GZH3AF8SBT0Z66KPG2S5-animals,18,zebra,animals,human,human
01KEYTFAMF817GBE43W2AWVHNG,01KEYVT2EMV46CPPD3ZCWZPHTA,bear,14297.0,01K0Q7GZH3AF8SBT0Z66KPG2S5-animals,19,zebra,animals,human,human
01KEYTFAMF817GBE43W2AWVHNG,01KEYVT2EMV46CPPD3ZCWZPHTA,zebra,12053.0,01K0Q7GZH3AF8SBT0Z66KPG2S5-animals,20,pig,animals,human,human
01KEYTFAMF817GBE43W2AWVHNG,01KEYVT2EMV46CPPD3ZCWZPHTA,gibbon,3881.0,01K0Q7GZH3AF8SBT0Z66KPG2S5-animals,21,pig,animals,human,human
01KEYTFAMF817GBE43W2AWVHNG,01KEYVT2EMV46CPPD3ZCWZPHTA,chimpanzee,12201.0,01K0Q7GZH3AF8SBT0Z66KPG2S5-animals,22,pig,animals,human,human
01KEYTFAMF817GBE43W2AWVHNG,01KEYVT2EMV46CPPD3ZCWZPHTA,chicken,9303.0,01K0Q7GZH3AF8SBT0Z66KPG2S5-animals,23,baboon,animals,human,human
01KEYTFAMF817GBE43W2AWVHNG,01KEYVT2EMV46CPPD3ZCWZPHTA,cow,2179.0,01K0Q7GZH3AF8SBT0Z66KPG2S5-animals,24,rooster,animals,human,human
01KEYTFAMF817GBE43W2AWVHNG,01KEYVT2EMV46CPPD3ZCWZPHTA,lamb,2221.0,01K0Q7GZH3AF8SBT0Z66KPG2S5-animals,25,pig,animals,human,human
01KEYTFAMF817GBE43W2AWVHNG,01KEYVT2EMV46CPPD3ZCWZPHTA,sheep,1625.0,01K0Q7GZH3AF8SBT0Z66KPG2S5-animals,26,goat,animals,human,human
01KEYTFAMF817GBE43W2AWVHNG,01KEYVT2EMV46CPPD3ZCWZPHTA,goat,1935.0,01K0Q7GZH3AF8SBT0Z66KPG2S5-animals,27,goat,animals,human,human
01KEYTFAMF817GBE43W2AWVHNG,01KEYVT2EMV46CPPD3ZCWZPHTA,pig,11458.0,01K0Q7GZH3AF8SBT0Z66KPG2S5-animals,28,pig,animals,human,human
01KEYTFAMF817GBE43W2AWVHNG,01KEYVT2EMV46CPPD3ZCWZPHTA,hedgehog,7676.0,01K0Q7GZH3AF8SBT0Z66KPG2S5-animals,29,emu,animals,human,human
01KEYTFAMF817GBE43W2AWVHNG,01KEYVT2EMV46CPPD3ZCWZPHTA,jaguar,5200.0,01K0Q7GZH3AF8SBT0Z66KPG2S5-animals,30,gerbil,animals,human,human
01KEYTFAMF817GBE43W2AWVHNG,01KEYVT2EMV46CPPD3ZCWZPHTA,mole,7609.0,01K0Q7GZH3AF8SBT0Z66KPG2S5-animals,31,panther,animals,human,human
01KEYTFAMF817GBE43W2AWVHNG,01KEYVT2EMV46CPPD3ZCWZPHTA,polar bear,9381.0,01K0Q7GZH3AF8SBT0Z66KPG2S5-animals,32,groundhog,animals,human,human
,01K4DTEKCN3SFMPY12TDEFQWKP-clothes,shirt,5222.0,01K0Q8E7Z9ZSAMEYZM721AB2JB-clothes,1,,clothes,human,human
01K4DSN8Q53Z7JHKNXR8BYGRAC,01K4DTEKCN3SFMPY12TDEFQWKP-clothes,pants,2128.0,01K0Q8E7Z9ZSAMEYZM721AB2JB-clothes,2,skirt,clothes,human,human
01K4DSN8Q53Z7JHKNXR8BYGRAC,01K4DTEKCN3SFMPY12TDEFQWKP-clothes,skirt,2028.0,01K0Q8E7Z9ZSAMEYZM721AB2JB-clothes,3,dress,clothes,human,human
01K4DSN8Q53Z7JHKNXR8BYGRAC,01K4DTEKCN3SFMPY12TDEFQWKP-clothes,tank top,2598.0,01K0Q8E7Z9ZSAMEYZM721AB2JB-clothes,4,dress,clothes,human,human
01K4DSN8Q53Z7JHKNXR8BYGRAC,01K4DTEKCN3SFMPY12TDEFQWKP-clothes,sweater,2609.0,01K0Q8E7Z9ZSAMEYZM721AB2JB-clothes,5,tshirt,clothes,human,human
01K4DSN8Q53Z7JHKNXR8BYGRAC,01K4DTEKCN3SFMPY12TDEFQWKP-clothes,zip-up,4864.0,01K0Q8E7Z9ZSAMEYZM721AB2JB-clothes,6,dress,clothes,human,human
01K4DSN8Q53Z7JHKNXR8BYGRAC,01K4DTEKCN3SFMPY12TDEFQWKP-clothes,hoodie,4035.0,01K0Q8E7Z9ZSAMEYZM721AB2JB-clothes,7,cardigan,clothes,human,human
01K4DSN8Q53Z7JHKNXR8BYGRAC,01K4DTEKCN3SFMPY12TDEFQWKP-clothes,sock,2065.0,01K0Q8E7Z9ZSAMEYZM721AB2JB-clothes,8,dress,clothes,human,human
01K4DSN8Q53Z7JHKNXR8BYGRAC,01K4DTEKCN3SFMPY12TDEFQWKP-clothes,dress,6482.0,01K0Q8E7Z9ZSAMEYZM721AB2JB-clothes,9,bra,clothes,human,human
01K4DSN8Q53Z7JHKNXR8BYGRAC,01K4DTEKCN3SFMPY12TDEFQWKP-clothes,ball gown,3338.0,01K0Q8E7Z9ZSAMEYZM721AB2JB-clothes,10,bra,clothes,human,human
01K4DSN8Q53Z7JHKNXR8BYGRAC,01K4DTEKCN3SFMPY12TDEFQWKP-clothes,mermaid dress,3609.0,01K0Q8E7Z9ZSAMEYZM721AB2JB-clothes,11,hat,clothes,human,human
01K4DSN8Q53Z7JHKNXR8BYGRAC,01K4DTEKCN3SFMPY12TDEFQWKP-clothes,milkmaid dress,5343.0,01K0Q8E7Z9ZSAMEYZM721AB2JB-clothes,12,cap,clothes,human,human
01K4DSN8Q53Z7JHKNXR8BYGRAC,01K4DTEKCN3SFMPY12TDEFQWKP-clothes,crop top,2792.0,01K0Q8E7Z9ZSAMEYZM721AB2JB-clothes,13,weddingdress,clothes,human,human
01K4DSN8Q53Z7JHKNXR8BYGRAC,01K4DTEKCN3SFMPY12TDEFQWKP-clothes,tube top,5020.0,01K0Q8E7Z9ZSAMEYZM721AB2JB-clothes,14,weddingdress,clothes,human,human
01K4DSN8Q53Z7JHKNXR8BYGRAC,01K4DTEKCN3SFMPY12TDEFQWKP-clothes,cargo pants,3599.0,01K0Q8E7Z9ZSAMEYZM721AB2JB-clothes,15,bra,clothes,human,human
01K4DSN8Q53Z7JHKNXR8BYGRAC,01K4DTEKCN3SFMPY12TDEFQWKP-clothes,sweatpants,3294.0,01K0Q8E7Z9ZSAMEYZM721AB2JB-clothes,16,bra,clothes,human,human
01K4DSN8Q53Z7JHKNXR8BYGRAC,01K4DTEKCN3SFMPY12TDEFQWKP-clothes,skinny jeans,7477.0,01K0Q8E7Z9ZSAMEYZM721AB2JB-clothes,17,bra,clothes,human,human
01K4DSN8Q53Z7JHKNXR8BYGRAC,01K4DTEKCN3SFMPY12TDEFQWKP-clothes,flare jeans,3610.0,01K0Q8E7Z9ZSAMEYZM721AB2JB-clothes,18,hat,clothes,human,human
01K4DSN8Q53Z7JHKNXR8BYGRAC,01K4DTEKCN3SFMPY12TDEFQWKP-clothes,carpenter jeans,5000.0,01K0Q8E7Z9ZSAMEYZM721AB2JB-clothes,19,cap,clothes,human,human
01K4DSN8Q53Z7JHKNXR8BYGRAC,01K4DTEKCN3SFMPY12TDEFQWKP-clothes,fleece hoodie,7204.0,01K0Q8E7Z9ZSAMEYZM721AB2JB-clothes,20,weddingdress,clothes,human,human
01K4DSN8Q53Z7JHKNXR8BYGRAC,01K4DTEKCN3SFMPY12TDEFQWKP-clothes,jacket,3423.0,01K0Q8E7Z9ZSAMEYZM721AB2JB-clothes,21,bra,clothes,human,human
01K4DSN8Q53Z7JHKNXR8BYGRAC,01K4DTEKCN3SFMPY12TDEFQWKP-clothes,winter coat,5835.0,01K0Q8E7Z9ZSAMEYZM721AB2JB-clothes,22,coat,clothes,human,human
01K4DSN8Q53Z7JHKNXR8BYGRAC,01K4DTEKCN3SFMPY12TDEFQWKP-clothes,long sleeve skirt,4024.0,01K0Q8E7Z9ZSAMEYZM721AB2JB-clothes,23,coat,clothes,human,human
01K4DSN8Q53Z7JHKNXR8BYGRAC,01K4DTEKCN3SFMPY12TDEFQWKP-clothes,undershirt,2784.0,01K0Q8E7Z9ZSAMEYZM721AB2JB-clothes,24,coat,clothes,human,human
01K4DSN8Q53Z7JHKNXR8BYGRAC,01K4DTEKCN3SFMPY12TDEFQWKP-clothes,sports bra,3096.0,01K0Q8E7Z9ZSAMEYZM721AB2JB-clothes,25,coat,clothes,human,human
01K4DSN8Q53Z7JHKNXR8BYGRAC,01K4DTEKCN3SFMPY12TDEFQWKP-clothes,shorts,5519.0,01K0Q8E7Z9ZSAMEYZM721AB2JB-clothes,26,coat,clothes,human,human
01K4DSN8Q53Z7JHKNXR8BYGRAC,01K4DTEKCN3SFMPY12TDEFQWKP-clothes,underwire bra,4758.0,01K0Q8E7Z9ZSAMEYZM721AB2JB-clothes,27,tshirt,clothes,human,human
01K4DSN8Q53Z7JHKNXR8BYGRAC,01K4DTEKCN3SFMPY12TDEFQWKP-clothes,wireless bra,5337.0,01K0Q8E7Z9ZSAMEYZM721AB2JB-clothes,28,tshirt,clothes,human,human
01K4DSN8Q53Z7JHKNXR8BYGRAC,01K4DTEKCN3SFMPY12TDEFQWKP-clothes,underwear,5918.0,01K0Q8E7Z9ZSAMEYZM721AB2JB-clothes,29,tshirt,clothes,human,human
01K4DSN8Q53Z7JHKNXR8BYGRAC,01K4DTEKCN3SFMPY12TDEFQWKP-clothes,t-shirt,3154.0,01K0Q8E7Z9ZSAMEYZM721AB2JB-clothes,30,boxers,clothes,human,human
01K4DSN8Q53Z7JHKNXR8BYGRAC,01K4DTEKCN3SFMPY12TDEFQWKP-clothes,long sleeve t-shirt,10672.0,01K0Q8E7Z9ZSAMEYZM721AB2JB-clothes,31,boxers,clothes,human,human
01K4DSN8Q53Z7JHKNXR8BYGRAC,01K4DTEKCN3SFMPY12TDEFQWKP-clothes,short sleeve crop top,12183.0,01K0Q8E7Z9ZSAMEYZM721AB2JB-clothes,32,boxershorts,clothes,human,human
01K4DSN8Q53Z7JHKNXR8BYGRAC,01K4DTEKCN3SFMPY12TDEFQWKP-clothes,sleeve,9884.0,01K0Q8E7Z9ZSAMEYZM721AB2JB-clothes,33,yfronts,clothes,human,human
01K4DSN8Q53Z7JHKNXR8BYGRAC,01K4DTEKCN3SFMPY12TDEFQWKP-clothes,bolero,3386.0,01K0Q8E7Z9ZSAMEYZM721AB2JB-clothes,34,briefs,clothes,human,human
01K4DSN8Q53Z7JHKNXR8BYGRAC,01K4DTEKCN3SFMPY12TDEFQWKP-clothes,lace sweater,5206.0,01K0Q8E7Z9ZSAMEYZM721AB2JB-clothes,35,weddingdress,clothes,human,human
01K4DSN8Q53Z7JHKNXR8BYGRAC,01K4DTEKCN3SFMPY12TDEFQWKP-clothes,cardigan,3241.0,01K0Q8E7Z9ZSAMEYZM721AB2JB-clothes,36,dinnerjacket,clothes,human,human
01K4DSN8Q53Z7JHKNXR8BYGRAC,01K4DTEKCN3SFMPY12TDEFQWKP-clothes,blazer,3767.0,01K0Q8E7Z9ZSAMEYZM721AB2JB-clothes,37,dinnerjacket,clothes,human,human
01K4DSN8Q53Z7JHKNXR8BYGRAC,01K4DTEKCN3SFMPY12TDEFQWKP-clothes,dress pants,2391.0,01K0Q8E7Z9ZSAMEYZM721AB2JB-clothes,38,dinnerjacket,clothes,human,human
,01K4FG3M8Q20HPQ1MAPEGNG2SP-clothes,shirt,3001.0,01JYPF7W0GE4BW18EJF8HNSWQ3-clothes,1,,clothes,human,human
01K4FFZ1VPP6GE1EY658RTDD0N,01K4FG3M8Q20HPQ1MAPEGNG2SP-clothes,skirt,2253.0,01JYPF7W0GE4BW18EJF8HNSWQ3-clothes,2,pants,clothes,human,human
01K4FFZ1VPP6GE1EY658RTDD0N,01K4FG3M8Q20HPQ1MAPEGNG2SP-clothes,dress,1237.0,01JYPF7W0GE4BW18EJF8HNSWQ3-clothes,3,dress,clothes,human,human
01K4FFZ1VPP6GE1EY658RTDD0N,01K4FG3M8Q20HPQ1MAPEGNG2SP-clothes,pants,1041.0,01JYPF7W0GE4BW18EJF8HNSWQ3-clothes,4,shoes,clothes,human,human
01K4FFZ1VPP6GE1EY658RTDD0N,01K4FG3M8Q20HPQ1MAPEGNG2SP-clothes,sock,922.0,01JYPF7W0GE4BW18EJF8HNSWQ3-clothes,5,socks,clothes,human,human
01K4FFZ1VPP6GE1EY658RTDD0N,01K4FG3M8Q20HPQ1MAPEGNG2SP-clothes,underwear,1968.0,01JYPF7W0GE4BW18EJF8HNSWQ3-clothes,6,shoes,clothes,human,human
01K4FFZ1VPP6GE1EY658RTDD0N,01K4FG3M8Q20HPQ1MAPEGNG2SP-clothes,skort,2715.0,01JYPF7W0GE4BW18EJF8HNSWQ3-clothes,7,shoes,clothes,human,human
01K4FFZ1VPP6GE1EY658RTDD0N,01K4FG3M8Q20HPQ1MAPEGNG2SP-clothes,tank top,2721.0,01JYPF7W0GE4BW18EJF8HNSWQ3-clothes,8,shoes,clothes,human,human
01K4FFZ1VPP6GE1EY658RTDD0N,01K4FG3M8Q20HPQ1MAPEGNG2SP-clothes,shorts,6162.0,01JYPF7W0GE4BW18EJF8HNSWQ3-clothes,9,jacket,clothes,human,human
01K4FFZ1VPP6GE1EY658RTDD0N,01K4FG3M8Q20HPQ1MAPEGNG2SP-clothes,shoe,4214.0,01JYPF7W0GE4BW18EJF8HNSWQ3-clothes,10,shoes,clothes,human,human
01K4FFZ1VPP6GE1EY658RTDD0N,01K4FG3M8Q20HPQ1MAPEGNG2SP-clothes,hat,1050.0,01JYPF7W0GE4BW18EJF8HNSWQ3-clothes,11,socks,clothes,human,human
01K4FFZ1VPP6GE1EY658RTDD0N,01K4FG3M8Q20HPQ1MAPEGNG2SP-clothes,scarf,1918.0,01JYPF7W0GE4BW18EJF8HNSWQ3-clothes,12,sunglasses,clothes,human,human
01K4FFZ1VPP6GE1EY658RTDD0N,01K4FG3M8Q20HPQ1MAPEGNG2SP-clothes,t-shirt,6831.0,01JYPF7W0GE4BW18EJF8HNSWQ3-clothes,13,sunglasses,clothes,human,human
01K4FFZ1VPP6GE1EY658RTDD0N,01K4FG3M8Q20HPQ1MAPEGNG2SP-clothes,button-up shirt,3595.0,01JYPF7W0GE4BW18EJF8HNSWQ3-clothes,14,jacket,clothes,human,human
01K4FFZ1VPP6GE1EY658RTDD0N,01K4FG3M8Q20HPQ1MAPEGNG2SP-clothes,bra,6654.0,01JYPF7W0GE4BW18EJF8HNSWQ3-clothes,15,tie,clothes,human,human
01K4FFZ1VPP6GE1EY658RTDD0N,01K4FG3M8Q20HPQ1MAPEGNG2SP-clothes,brogue,8302.0,01JYPF7W0GE4BW18EJF8HNSWQ3-clothes,16,singlet,clothes,human,human
01K4FFZ1VPP6GE1EY658RTDD0N,01K4FG3M8Q20HPQ1MAPEGNG2SP-clothes,bandana,22754.0,01JYPF7W0GE4BW18EJF8HNSWQ3-clothes,17,tie,clothes,human,human
01K4FFZ1VPP6GE1EY658RTDD0N,01K4FG3M8Q20HPQ1MAPEGNG2SP-clothes,belt,5465.0,01JYPF7W0GE4BW18EJF8HNSWQ3-clothes,18,sunglasses,clothes,human,human
01K4FFZ1VPP6GE1EY658RTDD0N,01K4FG3M8Q20HPQ1MAPEGNG2SP-clothes,flip flop,14383.0,01JYPF7W0GE4BW18EJF8HNSWQ3-clothes,19,sunglasses,clothes,human,human
01K4FFZ1VPP6GE1EY658RTDD0N,01K4FG3M8Q20HPQ1MAPEGNG2SP-clothes,boot,1498.0,01JYPF7W0GE4BW18EJF8HNSWQ3-clothes,20,jacket,clothes,human,human
01K4FFZ1VPP6GE1EY658RTDD0N,01K4FG3M8Q20HPQ1MAPEGNG2SP-clothes,cowboy hat,3875.0,01JYPF7W0GE4BW18EJF8HNSWQ3-clothes,21,pants,clothes,human,human
01K4FFZ1VPP6GE1EY658RTDD0N,01K4FG3M8Q20HPQ1MAPEGNG2SP-clothes,fedora,13259.0,01JYPF7W0GE4BW18EJF8HNSWQ3-clothes,22,sunglasses,clothes,human,human
01K4FFZ1VPP6GE1EY658RTDD0N,01K4FG3M8Q20HPQ1MAPEGNG2SP-clothes,jacket,7960.0,01JYPF7W0GE4BW18EJF8HNSWQ3-clothes,23,sunglasses,clothes,human,human
01K4FFZ1VPP6GE1EY658RTDD0N,01K4FG3M8Q20HPQ1MAPEGNG2SP-clothes,poncho,4800.0,01JYPF7W0GE4BW18EJF8HNSWQ3-clothes,24,coat,clothes,human,human
01K4FFZ1VPP6GE1EY658RTDD0N,01K4FG3M8Q20HPQ1MAPEGNG2SP-clothes,rain jacket,7653.0,01JYPF7W0GE4BW18EJF8HNSWQ3-clothes,25,coat,clothes,human,human
01K4FFZ1VPP6GE1EY658RTDD0N,01K4FG3M8Q20HPQ1MAPEGNG2SP-clothes,snow jacket,2534.0,01JYPF7W0GE4BW18EJF8HNSWQ3-clothes,26,coat,clothes,human,human
01K4FFZ1VPP6GE1EY658RTDD0N,01K4FG3M8Q20HPQ1MAPEGNG2SP-clothes,blue jean jacket,3154.0,01JYPF7W0GE4BW18EJF8HNSWQ3-clothes,27,coat,clothes,human,human
01K4FFZ1VPP6GE1EY658RTDD0N,01K4FG3M8Q20HPQ1MAPEGNG2SP-clothes,shawl,10206.0,01JYPF7W0GE4BW18EJF8HNSWQ3-clothes,28,leatherjacket,clothes,human,human
01K4FFZ1VPP6GE1EY658RTDD0N,01K4FG3M8Q20HPQ1MAPEGNG2SP-clothes,pajamas,2297.0,01JYPF7W0GE4BW18EJF8HNSWQ3-clothes,29,sunglasses,clothes,human,human
01K4FFZ1VPP6GE1EY658RTDD0N,01K4FG3M8Q20HPQ1MAPEGNG2SP-clothes,gown,1702.0,01JYPF7W0GE4BW18EJF8HNSWQ3-clothes,30,hat,clothes,human,human
01K4FFZ1VPP6GE1EY658RTDD0N,01K4FG3M8Q20HPQ1MAPEGNG2SP-clothes,muumuu,6910.0,01JYPF7W0GE4BW18EJF8HNSWQ3-clothes,31,bathrobe,clothes,human,human
01K4FFZ1VPP6GE1EY658RTDD0N,01K4FG3M8Q20HPQ1MAPEGNG2SP-clothes,sundress,5773.0,01JYPF7W0GE4BW18EJF8HNSWQ3-clothes,32,bathrobe,clothes,human,human
01K4FFZ1VPP6GE1EY658RTDD0N,01K4FG3M8Q20HPQ1MAPEGNG2SP-clothes,formal dress,2975.0,01JYPF7W0GE4BW18EJF8HNSWQ3-clothes,33,leatherjacket,clothes,human,human
01K4FFZ1VPP6GE1EY658RTDD0N,01K4FG3M8Q20HPQ1MAPEGNG2SP-clothes,suit,943.0,01JYPF7W0GE4BW18EJF8HNSWQ3-clothes,34,leatherjacket,clothes,human,human
01K4FFZ1VPP6GE1EY658RTDD0N,01K4FG3M8Q20HPQ1MAPEGNG2SP-clothes,tie,2383.0,01JYPF7W0GE4BW18EJF8HNSWQ3-clothes,35,tie,clothes,human,human
01K4FFZ1VPP6GE1EY658RTDD0N,01K4FG3M8Q20HPQ1MAPEGNG2SP-clothes,bow,4148.0,01JYPF7W0GE4BW18EJF8HNSWQ3-clothes,36,hankerchief,clothes,human,human
01KEYTFAMV6J7XNN3VFKVKQPQF,01KEYVAN9GPZXMSE0362HBVJK2,tea,5274.0,01JRZTZ95WQK3WYTWKZG0DHHSD-supermarket,1,,supermarket,human,human
01KEYTFAMV6J7XNN3VFKVKQPQF,01KEYVAN9GPZXMSE0362HBVJK2,coffee,2745.0,01JRZTZ95WQK3WYTWKZG0DHHSD-supermarket,2,cup,supermarket,human,human
01KEYTFAMV6J7XNN3VFKVKQPQF,01KEYVAN9GPZXMSE0362HBVJK2,coke,3006.0,01JRZTZ95WQK3WYTWKZG0DHHSD-supermarket,3,shop,supermarket,human,human
01KEYTFAMV6J7XNN3VFKVKQPQF,01KEYVAN9GPZXMSE0362HBVJK2,lemonade,3163.0,01JRZTZ95WQK3WYTWKZG0DHHSD-supermarket,4,drpepper,supermarket,human,human
01KEYTFAMV6J7XNN3VFKVKQPQF,01KEYVAN9GPZXMSE0362HBVJK2,ginger ale,3717.0,01JRZTZ95WQK3WYTWKZG0DHHSD-supermarket,5,water,supermarket,human,human
01KEYTFAMV6J7XNN3VFKVKQPQF,01KEYVAN9GPZXMSE0362HBVJK2,sugar,3671.0,01JRZTZ95WQK3WYTWKZG0DHHSD-supermarket,6,sprite,supermarket,human,human
01KEYTFAMV6J7XNN3VFKVKQPQF,01KEYVAN9GPZXMSE0362HBVJK2,stevia,2599.0,01JRZTZ95WQK3WYTWKZG0DHHSD-supermarket,7,caffeine,supermarket,human,human
01KEYTFAMV6J7XNN3VFKVKQPQF,01KEYVAN9GPZXMSE0362HBVJK2,honey,3039.0,01JRZTZ95WQK3WYTWKZG0DHHSD-supermarket,8,sweetandlow,supermarket,human,human
01KEYTFAMV6J7XNN3VFKVKQPQF,01KEYVAN9GPZXMSE0362HBVJK2,water,5980.0,01JRZTZ95WQK3WYTWKZG0DHHSD-supermarket,9,agave,supermarket,human,human
01KEYTFAMV6J7XNN3VFKVKQPQF,01KEYVAN9GPZXMSE0362HBVJK2,lentil,4779.0,01JRZTZ95WQK3WYTWKZG0DHHSD-supermarket,10,ice,supermarket,human,human
01KEYTFAMV6J7XNN3VFKVKQPQF,01KEYVAN9GPZXMSE0362HBVJK2,pea,2312.0,01JRZTZ95WQK3WYTWKZG0DHHSD-supermarket,11,pea,supermarket,human,human
01KEYTFAMV6J7XNN3VFKVKQPQF,01KEYVAN9GPZXMSE0362HBVJK2,bean,2857.0,01JRZTZ95WQK3WYTWKZG0DHHSD-supermarket,12,rice,supermarket,human,human
01KEYTFAMV6J7XNN3VFKVKQPQF,01KEYVAN9GPZXMSE0362HBVJK2,chickpea,5063.0,01JRZTZ95WQK3WYTWKZG0DHHSD-supermarket,13,cucumber,supermarket,human,human
01KEYTFAMV6J7XNN3VFKVKQPQF,01KEYVAN9GPZXMSE0362HBVJK2,carrot,9165.0,01JRZTZ95WQK3WYTWKZG0DHHSD-supermarket,14,blackbeans,supermarket,human,human
01KEYTFAMV6J7XNN3VFKVKQPQF,01KEYVAN9GPZXMSE0362HBVJK2,cucumber,6224.0,01JRZTZ95WQK3WYTWKZG0DHHSD-supermarket,15,radish,supermarket,human,human
01KEYTFAMV6J7XNN3VFKVKQPQF,01KEYVAN9GPZXMSE0362HBVJK2,tomato,2389.0,01JRZTZ95WQK3WYTWKZG0DHHSD-supermarket,16,tomato,supermarket,human,human
01KEYTFAMV6J7XNN3VFKVKQPQF,01KEYVAN9GPZXMSE0362HBVJK2,lettuce,2756.0,01JRZTZ95WQK3WYTWKZG0DHHSD-supermarket,17,corn,supermarket,human,human
01KEYTFAMV6J7XNN3VFKVKQPQF,01KEYVAN9GPZXMSE0362HBVJK2,cabbage,2497.0,01JRZTZ95WQK3WYTWKZG0DHHSD-supermarket,18,cabbage,supermarket,human,human
01KEYTFAMV6J7XNN3VFKVKQPQF,01KEYVAN9GPZXMSE0362HBVJK2,cauliflower,5496.0,01JRZTZ95WQK3WYTWKZG0DHHSD-supermarket,19,broccoli,supermarket,human,human
01KEYTFAMV6J7XNN3VFKVKQPQF,01KEYVAN9GPZXMSE0362HBVJK2,melon,5312.0,01JRZTZ95WQK3WYTWKZG0DHHSD-supermarket,20,broccoli,supermarket,human,human
01KEYTFAMV6J7XNN3VFKVKQPQF,01KEYVAN9GPZXMSE0362HBVJK2,apple,1433.0,01JRZTZ95WQK3WYTWKZG0DHHSD-supermarket,21,pumpkin,supermarket,human,human
01KEYTFAMV6J7XNN3VFKVKQPQF,01KEYVAN9GPZXMSE0362HBVJK2,orange,3200.0,01JRZTZ95WQK3WYTWKZG0DHHSD-supermarket,22,peach,supermarket,human,human
01KEYTFAMV6J7XNN3VFKVKQPQF,01KEYVAN9GPZXMSE0362HBVJK2,grape,3886.0,01JRZTZ95WQK3WYTWKZG0DHHSD-supermarket,23,grape,supermarket,human,human
01KEYTFAMV6J7XNN3VFKVKQPQF,01KEYVAN9GPZXMSE0362HBVJK2,lemon,3787.0,01JRZTZ95WQK3WYTWKZG0DHHSD-supermarket,24,blueberry,supermarket,human,human
01KEYTFAMV6J7XNN3VFKVKQPQF,01KEYVAN9GPZXMSE0362HBVJK2,grapefruit,10097.0,01JRZTZ95WQK3WYTWKZG0DHHSD-supermarket,25,grapefruit,supermarket,human,human
01KEYTFAMV6J7XNN3VFKVKQPQF,01KEYVAN9GPZXMSE0362HBVJK2,avocado,5482.0,01JRZTZ95WQK3WYTWKZG0DHHSD-supermarket,26,lime,supermarket,human,human
01KEYTFAMV6J7XNN3VFKVKQPQF,01KEYVAN9GPZXMSE0362HBVJK2,date,9727.0,01JRZTZ95WQK3WYTWKZG0DHHSD-supermarket,27,onion,supermarket,human,human
01KEYTFAMV6J7XNN3VFKVKQPQF,01KEYVAN9GPZXMSE0362HBVJK2,biscuit,4817.0,01JRZTZ95WQK3WYTWKZG0DHHSD-supermarket,28,fig,supermarket,human,human
01KEYTFAMV6J7XNN3VFKVKQPQF,01KEYVAN9GPZXMSE0362HBVJK2,cake,2291.0,01JRZTZ95WQK3WYTWKZG0DHHSD-supermarket,29,cookie,supermarket,human,human
01KEYTFAMV6J7XNN3VFKVKQPQF,01KEYVAN9GPZXMSE0362HBVJK2,scone,3362.0,01JRZTZ95WQK3WYTWKZG0DHHSD-supermarket,30,pie,supermarket,human,human
01KEYTFAMV6J7XNN3VFKVKQPQF,01KEYVAN9GPZXMSE0362HBVJK2,bread,2181.0,01JRZTZ95WQK3WYTWKZG0DHHSD-supermarket,31,cobbler,supermarket,human,human
01KEYTFAMV6J7XNN3VFKVKQPQF,01KEYVAN9GPZXMSE0362HBVJK2,shortbread,4524.0,01JRZTZ95WQK3WYTWKZG0DHHSD-supermarket,32,muffin,supermarket,human,human
01KEYTFAMV6J7XNN3VFKVKQPQF,01KEYVAN9GPZXMSE0362HBVJK2,bun,4018.0,01JRZTZ95WQK3WYTWKZG0DHHSD-supermarket,33,cookie,supermarket,human,human
01KEYTFAMV6J7XNN3VFKVKQPQF,01KEYVAN9GPZXMSE0362HBVJK2,croissant,11639.0,01JRZTZ95WQK3WYTWKZG0DHHSD-supermarket,34,hotdog,supermarket,human,human
01KEYTFAMV6J7XNN3VFKVKQPQF,01KEYVAN9GPZXMSE0362HBVJK2,lemon tart,10586.0,01JRZTZ95WQK3WYTWKZG0DHHSD-supermarket,35,butter,supermarket,human,human
01KEYTFAMV6J7XNN3VFKVKQPQF,01KEYVAN9GPZXMSE0362HBVJK2,cheesecake,5777.0,01JRZTZ95WQK3WYTWKZG0DHHSD-supermarket,36,trifle,supermarket,human,human
01KEYTFAMV6J7XNN3VFKVKQPQF,01KEYVAN9GPZXMSE0362HBVJK2,jam,6682.0,01JRZTZ95WQK3WYTWKZG0DHHSD-supermarket,37,chocolate,supermarket,human,human
01KEYTFAMV6J7XNN3VFKVKQPQF,01KEYVAN9GPZXMSE0362HBVJK2,marmalade,3666.0,01JRZTZ95WQK3WYTWKZG0DHHSD-supermarket,38,preserve,supermarket,human,human
01KEYTFANFRG5Z4FNVEZV9SVEK,01KEYTZE68025SSCGRBBSCG3YR,aisle,5514.0,01JRZV38RWY8R9KJGFTXG2ST8P-supermarket,1,,supermarket,human,human
01KEYTFANFRG5Z4FNVEZV9SVEK,01KEYTZE68025SSCGRBBSCG3YR,shelf,3864.0,01JRZV38RWY8R9KJGFTXG2ST8P-supermarket,2,sea,supermarket,human,human
01KEYTFANFRG5Z4FNVEZV9SVEK,01KEYTZE68025SSCGRBBSCG3YR,cart,2907.0,01JRZV38RWY8R9KJGFTXG2ST8P-supermarket,3,chair,supermarket,human,human
01KEYTFANFRG5Z4FNVEZV9SVEK,01KEYTZE68025SSCGRBBSCG3YR,trolley,2547.0,01JRZV38RWY8R9KJGFTXG2ST8P-supermarket,4,car,supermarket,human,human
01KEYTFANFRG5Z4FNVEZV9SVEK,01KEYTZE68025SSCGRBBSCG3YR,checkout,3844.0,01JRZV38RWY8R9KJGFTXG2ST8P-supermarket,5,basket,supermarket,human,human
01KEYTFANFRG5Z4FNVEZV9SVEK,01KEYTZE68025SSCGRBBSCG3YR,camera,2837.0,01JRZV38RWY8R9KJGFTXG2ST8P-supermarket,6,till,supermarket,human,human
01KEYTFANFRG5Z4FNVEZV9SVEK,01KEYTZE68025SSCGRBBSCG3YR,worker,2971.0,01JRZV38RWY8R9KJGFTXG2ST8P-supermarket,7,phone,supermarket,human,human
01KEYTFANFRG5Z4FNVEZV9SVEK,01KEYTZE68025SSCGRBBSCG3YR,shopper,2891.0,01JRZV38RWY8R9KJGFTXG2ST8P-supermarket,8,uniform,supermarket,human,human
01KEYTFANFRG5Z4FNVEZV9SVEK,01KEYTZE68025SSCGRBBSCG3YR,freezer,2919.0,01JRZV38RWY8R9KJGFTXG2ST8P-supermarket,9,groceries,supermarket,human,human
01KEYTFANFRG5Z4FNVEZV9SVEK,01KEYTZE68025SSCGRBBSCG3YR,fridge,2741.0,01JRZV38RWY8R9KJGFTXG2ST8P-supermarket,10,fridge,supermarket,human,human
01KEYTFANFRG5Z4FNVEZV9SVEK,01KEYTZE68025SSCGRBBSCG3YR,escalator,3590.0,01JRZV38RWY8R9KJGFTXG2ST8P-supermarket,11,milk,supermarket,human,human
01KEYTFANFRG5Z4FNVEZV9SVEK,01KEYTZE68025SSCGRBBSCG3YR,manager,5644.0,01JRZV38RWY8R9KJGFTXG2ST8P-supermarket,12,stairs,supermarket,human,human
01KEYTFANFRG5Z4FNVEZV9SVEK,01KEYTZE68025SSCGRBBSCG3YR,shift leader,3670.0,01JRZV38RWY8R9KJGFTXG2ST8P-supermarket,13,supervisor,supermarket,human,human
01KEYTFANFRG5Z4FNVEZV9SVEK,01KEYTZE68025SSCGRBBSCG3YR,pallet,4104.0,01JRZV38RWY8R9KJGFTXG2ST8P-supermarket,14,employee,supermarket,human,human
01KEYTFANFRG5Z4FNVEZV9SVEK,01KEYTZE68025SSCGRBBSCG3YR,cereal,2692.0,01JRZV38RWY8R9KJGFTXG2ST8P-supermarket,15,wood,supermarket,human,human
01KEYTFANFRG5Z4FNVEZV9SVEK,01KEYTZE68025SSCGRBBSCG3YR,chocolate,3162.0,01JRZV38RWY8R9KJGFTXG2ST8P-supermarket,16,milk,supermarket,human,human
01KEYTFANFRG5Z4FNVEZV9SVEK,01KEYTZE68025SSCGRBBSCG3YR,toilet roll,4805.0,01JRZV38RWY8R9KJGFTXG2ST8P-supermarket,17,crisps,supermarket,human,human
01KEYTFANFRG5Z4FNVEZV9SVEK,01KEYTZE68025SSCGRBBSCG3YR,security guard,6440.0,01JRZV38RWY8R9KJGFTXG2ST8P-supermarket,18,bathroom,supermarket,human,human
01KEYTFANFRG5Z4FNVEZV9SVEK,01KEYTZE68025SSCGRBBSCG3YR,wheelchair,8062.0,01JRZV38RWY8R9KJGFTXG2ST8P-supermarket,19,radio,supermarket,human,human
01KEYTFANFRG5Z4FNVEZV9SVEK,01KEYTZE68025SSCGRBBSCG3YR,toilet,2677.0,01JRZV38RWY8R9KJGFTXG2ST8P-supermarket,20,crutches,supermarket,human,human
01KEYTFANFRG5Z4FNVEZV9SVEK,01KEYTZE68025SSCGRBBSCG3YR,scanner,6197.0,01JRZV38RWY8R9KJGFTXG2ST8P-supermarket,21,sink,supermarket,human,human
01KEYTFANFRG5Z4FNVEZV9SVEK,01KEYTZE68025SSCGRBBSCG3YR,donation box,8081.0,01JRZV38RWY8R9KJGFTXG2ST8P-supermarket,22,till,supermarket,human,human
01KEYTFANFRG5Z4FNVEZV9SVEK,01KEYTZE68025SSCGRBBSCG3YR,fruit,5478.0,01JRZV38RWY8R9KJGFTXG2ST8P-supermarket,23,charity,supermarket,human,human
01KEYTFANFRG5Z4FNVEZV9SVEK,01KEYTZE68025SSCGRBBSCG3YR,vegetable,4680.0,01JRZV38RWY8R9KJGFTXG2ST8P-supermarket,24,vegetable,supermarket,human,human
01KEYTFANFRG5Z4FNVEZV9SVEK,01KEYTZE68025SSCGRBBSCG3YR,meat,2404.0,01JRZV38RWY8R9KJGFTXG2ST8P-supermarket,25,chips,supermarket,human,human
01KEYTFANFRG5Z4FNVEZV9SVEK,01KEYTZE68025SSCGRBBSCG3YR,cheese,10255.0,01JRZV38RWY8R9KJGFTXG2ST8P-supermarket,26,fish,supermarket,human,human
01KEYTFANFRG5Z4FNVEZV9SVEK,01KEYTZE68025SSCGRBBSCG3YR,yoghurt,3011.0,01JRZV38RWY8R9KJGFTXG2ST8P-supermarket,27,milk,supermarket,human,human
01KEYTFANFRG5Z4FNVEZV9SVEK,01KEYTZE68025SSCGRBBSCG3YR,milk,2695.0,01JRZV38RWY8R9KJGFTXG2ST8P-supermarket,28,milk,supermarket,human,human
01KEYTFANFRG5Z4FNVEZV9SVEK,01KEYTZE68025SSCGRBBSCG3YR,customer,6540.0,01JRZV38RWY8R9KJGFTXG2ST8P-supermarket,29,dessert,supermarket,human,human
01KEYTFANFRG5Z4FNVEZV9SVEK,01KEYTZE68025SSCGRBBSCG3YR,speaker,3173.0,01JRZV38RWY8R9KJGFTXG2ST8P-supermarket,30,person,supermarket,human,human
01KEYTFANFRG5Z4FNVEZV9SVEK,01KEYTZE68025SSCGRBBSCG3YR,tannoy system,2821.0,01JRZV38RWY8R9KJGFTXG2ST8P-supermarket,31,microphone,supermarket,human,human
01KEYTFANFRG5Z4FNVEZV9SVEK,01KEYTZE68025SSCGRBBSCG3YR,vape,3217.0,01JRZV38RWY8R9KJGFTXG2ST8P-supermarket,32,speaker,supermarket,human,human
01KEYTFANFRG5Z4FNVEZV9SVEK,01KEYTZE68025SSCGRBBSCG3YR,beer,2325.0,01JRZV38RWY8R9KJGFTXG2ST8P-supermarket,33,zyn,supermarket,human,human
01KEYTFANFRG5Z4FNVEZV9SVEK,01KEYTZE68025SSCGRBBSCG3YR,wine,2303.0,01JRZV38RWY8R9KJGFTXG2ST8P-supermarket,34,wine,supermarket,human,human
01KEYTFANFRG5Z4FNVEZV9SVEK,01KEYTZE68025SSCGRBBSCG3YR,vodka,2962.0,01JRZV38RWY8R9KJGFTXG2ST8P-supermarket,35,vodka,supermarket,human,human
01KEYTFANFRG5Z4FNVEZV9SVEK,01KEYTZE68025SSCGRBBSCG3YR,spirit,4218.0,01JRZV38RWY8R9KJGFTXG2ST8P-supermarket,36,whisky,supermarket,human,human
01KEYTFANFRG5Z4FNVEZV9SVEK,01KEYTZE68025SSCGRBBSCG3YR,cider,5424.0,01JRZV38RWY8R9KJGFTXG2ST8P-supermarket,37,rum,supermarket,human,human
01KEYTFANFRG5Z4FNVEZV9SVEK,01KEYTZE68025SSCGRBBSCG3YR,nappy,3929.0,01JRZV38RWY8R9KJGFTXG2ST8P-supermarket,38,jackdaniels,supermarket,human,human
01KEYTFANFRG5Z4FNVEZV9SVEK,01KEYTZE68025SSCGRBBSCG3YR,sweet,15675.0,01JRZV38RWY8R9KJGFTXG2ST8P-supermarket,39,powder,supermarket,human,human
01KEYTFANFRG5Z4FNVEZV9SVEK,01KEYTZE68025SSCGRBBSCG3YR,confectionery,4484.0,01JRZV38RWY8R9KJGFTXG2ST8P-supermarket,40,sour,supermarket,human,human
01KEYTFAN02RFGK8N0GTX61EXH,01KEYWB65BKT0TNVZC7KESASQH,dog,3332.0,01JRZVB1ZZWP72ABKRJBM128E4-animals,1,,animals,human,human
01KEYTFAN02RFGK8N0GTX61EXH,01KEYWB65BKT0TNVZC7KESASQH,cat,855.0,01JRZVB1ZZWP72ABKRJBM128E4-animals,2,cat,animals,human,human
01KEYTFAN02RFGK8N0GTX61EXH,01KEYWB65BKT0TNVZC7KESASQH,bird,949.0,01JRZVB1ZZWP72ABKRJBM128E4-animals,3,bird,animals,human,human
01KEYTFAN02RFGK8N0GTX61EXH,01KEYWB65BKT0TNVZC7KESASQH,fish,1349.0,01JRZVB1ZZWP72ABKRJBM128E4-animals,4,fish,animals,human,human
01KEYTFAN02RFGK8N0GTX61EXH,01KEYWB65BKT0TNVZC7KESASQH,jaguar,2598.0,01JRZVB1ZZWP72ABKRJBM128E4-animals,5,horse,animals,human,human
01KEYTFAN02RFGK8N0GTX61EXH,01KEYWB65BKT0TNVZC7KESASQH,elephant,2407.0,01JRZVB1ZZWP72ABKRJBM128E4-animals,6,tige,animals,human,human
01KEYTFAN02RFGK8N0GTX61EXH,01KEYWB65BKT0TNVZC7KESASQH,giraffe,1840.0,01JRZVB1ZZWP72ABKRJBM128E4-animals,7,hippo,animals,human,human
01KEYTFAN02RFGK8N0GTX61EXH,01KEYWB65BKT0TNVZC7KESASQH,pig,3400.0,01JRZVB1ZZWP72ABKRJBM128E4-animals,8,hippo,animals,human,human
01KEYTFAN02RFGK8N0GTX61EXH,01KEYWB65BKT0TNVZC7KESASQH,cow,1120.0,01JRZVB1ZZWP72ABKRJBM128E4-animals,9,cow,animals,human,human
01KEYTFAN02RFGK8N0GTX61EXH,01KEYWB65BKT0TNVZC7KESASQH,horse,1391.0,01JRZVB1ZZWP72ABKRJBM128E4-animals,10,horse,animals,human,human
01KEYTFAN02RFGK8N0GTX61EXH,01KEYWB65BKT0TNVZC7KESASQH,donkey,1108.0,01JRZVB1ZZWP72ABKRJBM128E4-animals,11,sheep,animals,human,human
01KEYTFAN02RFGK8N0GTX61EXH,01KEYWB65BKT0TNVZC7KESASQH,shark,3312.0,01JRZVB1ZZWP72ABKRJBM128E4-animals,12,sheep,animals,human,human
01KEYTFAN02RFGK8N0GTX61EXH,01KEYWB65BKT0TNVZC7KESASQH,dolphin,1321.0,01JRZVB1ZZWP72ABKRJBM128E4-animals,13,dolphin,animals,human,human
01KEYTFAN02RFGK8N0GTX61EXH,01KEYWB65BKT0TNVZC7KESASQH,eagle,3151.0,01JRZVB1ZZWP72ABKRJBM128E4-animals,14,whale,animals,human,human
01KEYTFAN02RFGK8N0GTX61EXH,01KEYWB65BKT0TNVZC7KESASQH,tortoise,4014.0,01JRZVB1ZZWP72ABKRJBM128E4-animals,15,sparrow,animals,human,human
01KEYTFAN02RFGK8N0GTX61EXH,01KEYWB65BKT0TNVZC7KESASQH,turtle,3998.0,01JRZVB1ZZWP72ABKRJBM128E4-animals,16,turtle,animals,human,human
01KEYTFAN02RFGK8N0GTX61EXH,01KEYWB65BKT0TNVZC7KESASQH,squirrel,4606.0,01JRZVB1ZZWP72ABKRJBM128E4-animals,17,frog,animals,human,human
01KEYTFAN02RFGK8N0GTX61EXH,01KEYWB65BKT0TNVZC7KESASQH,hamster,1737.0,01JRZVB1ZZWP72ABKRJBM128E4-animals,18,mouse,animals,human,human
01KEYTFAN02RFGK8N0GTX61EXH,01KEYWB65BKT0TNVZC7KESASQH,rat,1821.0,01JRZVB1ZZWP72ABKRJBM128E4-animals,19,mouse,animals,human,human
01KEYTFAN02RFGK8N0GTX61EXH,01KEYWB65BKT0TNVZC7KESASQH,mouse,1881.0,01JRZVB1ZZWP72ABKRJBM128E4-animals,20,mouse,animals,human,human
01KEYTFAN02RFGK8N0GTX61EXH,01KEYWB65BKT0TNVZC7KESASQH,kangaroo,5720.0,01JRZVB1ZZWP72ABKRJBM128E4-animals,21,rabbit,animals,human,human
01KEYTFAN02RFGK8N0GTX61EXH,01KEYWB65BKT0TNVZC7KESASQH,guinea pig,8460.0,01JRZVB1ZZWP72ABKRJBM128E4-animals,22,wombat,animals,human,human
01KEYTFAN02RFGK8N0GTX61EXH,01KEYWB65BKT0TNVZC7KESASQH,raccoon,5198.0,01JRZVB1ZZWP72ABKRJBM128E4-animals,23,rabbit,animals,human,human
01KEYTFAN02RFGK8N0GTX61EXH,01KEYWB65BKT0TNVZC7KESASQH,skunk,3522.0,01JRZVB1ZZWP72ABKRJBM128E4-animals,24,bandicoot,animals,human,human
01KEYTFAN02RFGK8N0GTX61EXH,01KEYWB65BKT0TNVZC7KESASQH,parrot,10500.0,01JRZVB1ZZWP72ABKRJBM128E4-animals,25,weasel,animals,human,human
01KEYTFAN02RFGK8N0GTX61EXH,01KEYWB65BKT0TNVZC7KESASQH,hog,9333.0,01JRZVB1ZZWP72ABKRJBM128E4-animals,26,bluebird,animals,human,human
01KEYTFAN02RFGK8N0GTX61EXH,01KEYWB65BKT0TNVZC7KESASQH,flying squirrel,8559.0,01JRZVB1ZZWP72ABKRJBM128E4-animals,27,boar,animals,human,human
01KEYTFAN02RFGK8N0GTX61EXH,01KEYWB65BKT0TNVZC7KESASQH,peacock,7286.0,01JRZVB1ZZWP72ABKRJBM128E4-animals,28,snake,animals,human,human
01KEYTFAN02RFGK8N0GTX61EXH,01KEYWB65BKT0TNVZC7KESASQH,flamingo,4389.0,01JRZVB1ZZWP72ABKRJBM128E4-animals,29,duck,animals,human,human
01KEYTFAN02RFGK8N0GTX61EXH,01KEYWB65BKT0TNVZC7KESASQH,tiger,1033.0,01JRZVB1ZZWP72ABKRJBM128E4-animals,30,duck,animals,human,human
01KEYTFAN02RFGK8N0GTX61EXH,01KEYWB65BKT0TNVZC7KESASQH,leopard,1940.0,01JRZVB1ZZWP72ABKRJBM128E4-animals,31,lion,animals,human,human
01KEYTFAN02RFGK8N0GTX61EXH,01KEYWB65BKT0TNVZC7KESASQH,hawk,17986.0,01JRZVB1ZZWP72ABKRJBM128E4-animals,32,lion,animals,human,human
01KEYTFAN02RFGK8N0GTX61EXH,01KEYWB65BKT0TNVZC7KESASQH,bengal tiger,5011.0,01JRZVB1ZZWP72ABKRJBM128E4-animals,33,skink,animals,human,human
01KEYTFAN02RFGK8N0GTX61EXH,01KEYWB65BKT0TNVZC7KESASQH,mongoose,5906.0,01JRZVB1ZZWP72ABKRJBM128E4-animals,34,rhinoceros,animals,human,human
01KEYTFAN02RFGK8N0GTX61EXH,01KEYWB65BKT0TNVZC7KESASQH,porcupine,9937.0,01JRZVB1ZZWP72ABKRJBM128E4-animals,35,weasel,animals,human,human
01KEYTFAN02RFGK8N0GTX61EXH,01KEYWB65BKT0TNVZC7KESASQH,hippopotamus,4508.0,01JRZVB1ZZWP72ABKRJBM128E4-animals,36,anteater,animals,human,human
01KEYTFAN02RFGK8N0GTX61EXH,01KEYWB65BKT0TNVZC7KESASQH,rhino,2433.0,01JRZVB1ZZWP72ABKRJBM128E4-animals,37,gazelle,animals,human,human
01KEYTFAN02RFGK8N0GTX61EXH,01KEYWB65BKT0TNVZC7KESASQH,emu,3297.0,01JRZVB1ZZWP72ABKRJBM128E4-animals,38,zebra,animals,human,human
01KEYTFAN02RFGK8N0GTX61EXH,01KEYWB65BKT0TNVZC7KESASQH,ostrich,3282.0,01JRZVB1ZZWP72ABKRJBM128E4-animals,39,ostrich,animals,human,human
01KEYTFAN02RFGK8N0GTX61EXH,01KEYWB65BKT0TNVZC7KESASQH,falcon,4443.0,01JRZVB1ZZWP72ABKRJBM128E4-animals,40,rhea,animals,human,human
01KFVAF1D722MCP4FA9TSJFJ0G,01KFVB4T9B92CMPKT8H71K9484,shirt,10405.0,01JRZTVYQ9BYTS2A4K40EER079-clothes,1,,clothes,human,human
01KFVAF1D722MCP4FA9TSJFJ0G,01KFVB4T9B92CMPKT8H71K9484,pants,3485.0,01JRZTVYQ9BYTS2A4K40EER079-clothes,2,shorts,clothes,human,human
01KFVAF1D722MCP4FA9TSJFJ0G,01KFVB4T9B92CMPKT8H71K9484,sock,1798.0,01JRZTVYQ9BYTS2A4K40EER079-clothes,3,socks,clothes,human,human
01KFVAF1D722MCP4FA9TSJFJ0G,01KFVB4T9B92CMPKT8H71K9484,shoe,1406.0,01JRZTVYQ9BYTS2A4K40EER079-clothes,4,hat,clothes,human,human
01KFVAF1D722MCP4FA9TSJFJ0G,01KFVB4T9B92CMPKT8H71K9484,dress,1464.0,01JRZTVYQ9BYTS2A4K40EER079-clothes,5,gloves,clothes,human,human
01KFVAF1D722MCP4FA9TSJFJ0G,01KFVB4T9B92CMPKT8H71K9484,underwear,7782.0,01JRZTVYQ9BYTS2A4K40EER079-clothes,6,skirt,clothes,human,human
01KFVAF1D722MCP4FA9TSJFJ0G,01KFVB4T9B92CMPKT8H71K9484,blouse,4035.0,01JRZTVYQ9BYTS2A4K40EER079-clothes,7,tie,clothes,human,human
01KFVAF1D722MCP4FA9TSJFJ0G,01KFVB4T9B92CMPKT8H71K9484,jacket,2032.0,01JRZTVYQ9BYTS2A4K40EER079-clothes,8,vest,clothes,human,human
01KFVAF1D722MCP4FA9TSJFJ0G,01KFVB4T9B92CMPKT8H71K9484,coat,1445.0,01JRZTVYQ9BYTS2A4K40EER079-clothes,9,hoodie,clothes,human,human
01KFVAF1D722MCP4FA9TSJFJ0G,01KFVB4T9B92CMPKT8H71K9484,hat,4663.0,01JRZTVYQ9BYTS2A4K40EER079-clothes,10,scarf,clothes,human,human
01KFVAF1D722MCP4FA9TSJFJ0G,01KFVB4T9B92CMPKT8H71K9484,glove,2708.0,01JRZTVYQ9BYTS2A4K40EER079-clothes,11,gloves,clothes,human,human
01KFVAF1D722MCP4FA9TSJFJ0G,01KFVB4T9B92CMPKT8H71K9484,jeans,8000.0,01JRZTVYQ9BYTS2A4K40EER079-clothes,12,scarf,clothes,human,human
01KFVAF1D722MCP4FA9TSJFJ0G,01KFVB4T9B92CMPKT8H71K9484,slacks,2716.0,01JRZTVYQ9BYTS2A4K40EER079-clothes,13,chinos,clothes,human,human
01KFVAF1D722MCP4FA9TSJFJ0G,01KFVB4T9B92CMPKT8H71K9484,sneaker,4785.0,01JRZTVYQ9BYTS2A4K40EER079-clothes,14,tights,clothes,human,human
01KFVAF1D722MCP4FA9TSJFJ0G,01KFVB4T9B92CMPKT8H71K9484,flannel shirt,7144.0,01JRZTVYQ9BYTS2A4K40EER079-clothes,15,boot,clothes,human,human
01KFVAF1D722MCP4FA9TSJFJ0G,01KFVB4T9B92CMPKT8H71K9484,t-shirt,14624.0,01JRZTVYQ9BYTS2A4K40EER079-clothes,16,vest,clothes,human,human
01KFVAF1D722MCP4FA9TSJFJ0G,01KFVB4T9B92CMPKT8H71K9484,shorts,8580.0,01JRZTVYQ9BYTS2A4K40EER079-clothes,17,vest,clothes,human,human
01KFVAF1D722MCP4FA9TSJFJ0G,01KFVB4T9B92CMPKT8H71K9484,bra,5800.0,01JRZTVYQ9BYTS2A4K40EER079-clothes,18,skirt,clothes,human,human
01KFVAF1D722MCP4FA9TSJFJ0G,01KFVB4T9B92CMPKT8H71K9484,panty,2283.0,01JRZTVYQ9BYTS2A4K40EER079-clothes,19,pant,clothes,human,human
01KFVAF1D722MCP4FA9TSJFJ0G,01KFVB4T9B92CMPKT8H71K9484,skirt,6346.0,01JRZTVYQ9BYTS2A4K40EER079-clothes,20,sock,clothes,human,human
01KFVAF1D722MCP4FA9TSJFJ0G,01KFVB4T9B92CMPKT8H71K9484,tuxedo,7675.0,01JRZTVYQ9BYTS2A4K40EER079-clothes,21,tight,clothes,human,human
01KFVAF1D722MCP4FA9TSJFJ0G,01KFVB4T9B92CMPKT8H71K9484,suit,4506.0,01JRZTVYQ9BYTS2A4K40EER079-clothes,22,tie,clothes,human,human
01KFVAF1D722MCP4FA9TSJFJ0G,01KFVB4T9B92CMPKT8H71K9484,henley,10300.0,01JRZTVYQ9BYTS2A4K40EER079-clothes,23,tie,clothes,human,human
01KFVAF1D722MCP4FA9TSJFJ0G,01KFVB4T9B92CMPKT8H71K9484,sweatshirt,7514.0,01JRZTVYQ9BYTS2A4K40EER079-clothes,24,tie,clothes,human,human
01KFVAF1D722MCP4FA9TSJFJ0G,01KFVB4T9B92CMPKT8H71K9484,sweater,3421.0,01JRZTVYQ9BYTS2A4K40EER079-clothes,25,sweater,clothes,human,human
01KFVAF1D722MCP4FA9TSJFJ0G,01KFVB4T9B92CMPKT8H71K9484,hoodie,5780.0,01JRZTVYQ9BYTS2A4K40EER079-clothes,26,cardigan,clothes,human,human
01KFVAF1D722MCP4FA9TSJFJ0G,01KFVB4T9B92CMPKT8H71K9484,khakis,10668.0,01JRZTVYQ9BYTS2A4K40EER079-clothes,27,cardigan,clothes,human,human
,01K4DTHKV5ZBQG797DM0GY0V4D-supermarket,bread,5742.0,01K0Q72X5VYPM0HP8SND31D1V5-supermarket,1,,supermarket,human,human
01K4DSNAF9EXT1113VB5CB8E72,01K4DTHKV5ZBQG797DM0GY0V4D-supermarket,egg,1489.0,01K0Q72X5VYPM0HP8SND31D1V5-supermarket,2,butter,supermarket,human,human
01K4DSNAF9EXT1113VB5CB8E72,01K4DTHKV5ZBQG797DM0GY0V4D-supermarket,milk,1791.0,01K0Q72X5VYPM0HP8SND31D1V5-supermarket,3,milk,supermarket,human,human
01K4DSNAF9EXT1113VB5CB8E72,01K4DTHKV5ZBQG797DM0GY0V4D-supermarket,canned fruit,7958.0,01K0Q72X5VYPM0HP8SND31D1V5-supermarket,4,tea,supermarket,human,human
01K4DSNAF9EXT1113VB5CB8E72,01K4DTHKV5ZBQG797DM0GY0V4D-supermarket,meat,2449.0,01K0Q72X5VYPM0HP8SND31D1V5-supermarket,5,rice,supermarket,human,human
01K4DSNAF9EXT1113VB5CB8E72,01K4DTHKV5ZBQG797DM0GY0V4D-supermarket,ice,1576.0,01K0Q72X5VYPM0HP8SND31D1V5-supermarket,6,chicken,supermarket,human,human
01K4DSNAF9EXT1113VB5CB8E72,01K4DTHKV5ZBQG797DM0GY0V4D-supermarket,ice cream,4591.0,01K0Q72X5VYPM0HP8SND31D1V5-supermarket,7,bananas,supermarket,human,human
01K4DSNAF9EXT1113VB5CB8E72,01K4DTHKV5ZBQG797DM0GY0V4D-supermarket,carrot,3100.0,01K0Q72X5VYPM0HP8SND31D1V5-supermarket,8,potatoes,supermarket,human,human
01K4DSNAF9EXT1113VB5CB8E72,01K4DTHKV5ZBQG797DM0GY0V4D-supermarket,lettuce,3898.0,01K0Q72X5VYPM0HP8SND31D1V5-supermarket,9,potatoes,supermarket,human,human
01K4DSNAF9EXT1113VB5CB8E72,01K4DTHKV5ZBQG797DM0GY0V4D-supermarket,apple,3081.0,01K0Q72X5VYPM0HP8SND31D1V5-supermarket,10,tomatoes,supermarket,human,human
01K4DSNAF9EXT1113VB5CB8E72,01K4DTHKV5ZBQG797DM0GY0V4D-supermarket,orange,2767.0,01K0Q72X5VYPM0HP8SND31D1V5-supermarket,11,banana,supermarket,human,human
01K4DSNAF9EXT1113VB5CB8E72,01K4DTHKV5ZBQG797DM0GY0V4D-supermarket,banana,3370.0,01K0Q72X5VYPM0HP8SND31D1V5-supermarket,12,banana,supermarket,human,human
01K4DSNAF9EXT1113VB5CB8E72,01K4DTHKV5ZBQG797DM0GY0V4D-supermarket,soup,6779.0,01K0Q72X5VYPM0HP8SND31D1V5-supermarket,13,cucumber,supermarket,human,human
01K4DSNAF9EXT1113VB5CB8E72,01K4DTHKV5ZBQG797DM0GY0V4D-supermarket,cantaloupe,7531.0,01K0Q72X5VYPM0HP8SND31D1V5-supermarket,14,chicken,supermarket,human,human
01K4DSNAF9EXT1113VB5CB8E72,01K4DTHKV5ZBQG797DM0GY0V4D-supermarket,pepper,9321.0,01K0Q72X5VYPM0HP8SND31D1V5-supermarket,15,plum,supermarket,human,human
01K4DSNAF9EXT1113VB5CB8E72,01K4DTHKV5ZBQG797DM0GY0V4D-supermarket,salt,2861.0,01K0Q72X5VYPM0HP8SND31D1V5-supermarket,16,spinach,supermarket,human,human
01K4DSNAF9EXT1113VB5CB8E72,01K4DTHKV5ZBQG797DM0GY0V4D-supermarket,coffee,2084.0,01K0Q72X5VYPM0HP8SND31D1V5-supermarket,17,pepper,supermarket,human,human
01K4DSNAF9EXT1113VB5CB8E72,01K4DTHKV5ZBQG797DM0GY0V4D-supermarket,sugar,2414.0,01K0Q72X5VYPM0HP8SND31D1V5-supermarket,18,tea,supermarket,human,human
01K4DSNAF9EXT1113VB5CB8E72,01K4DTHKV5ZBQG797DM0GY0V4D-supermarket,cream,2818.0,01K0Q72X5VYPM0HP8SND31D1V5-supermarket,19,flour,supermarket,human,human
01K4DSNAF9EXT1113VB5CB8E72,01K4DTHKV5ZBQG797DM0GY0V4D-supermarket,roll,3281.0,01K0Q72X5VYPM0HP8SND31D1V5-supermarket,20,flour,supermarket,human,human
01K4DSNAF9EXT1113VB5CB8E72,01K4DTHKV5ZBQG797DM0GY0V4D-supermarket,hot dog,3869.0,01K0Q72X5VYPM0HP8SND31D1V5-supermarket,21,butter,supermarket,human,human
01K4DSNAF9EXT1113VB5CB8E72,01K4DTHKV5ZBQG797DM0GY0V4D-supermarket,sausage,3310.0,01K0Q72X5VYPM0HP8SND31D1V5-supermarket,22,buns,supermarket,human,human
01K4DSNAF9EXT1113VB5CB8E72,01K4DTHKV5ZBQG797DM0GY0V4D-supermarket,bacon,3799.0,01K0Q72X5VYPM0HP8SND31D1V5-supermarket,23,onions,supermarket,human,human
01K4DSNAF9EXT1113VB5CB8E72,01K4DTHKV5ZBQG797DM0GY0V4D-supermarket,popsicle,6440.0,01K0Q72X5VYPM0HP8SND31D1V5-supermarket,24,hashbrowns,supermarket,human,human
01K4DSNAF9EXT1113VB5CB8E72,01K4DTHKV5ZBQG797DM0GY0V4D-supermarket,bun,6252.0,01K0Q72X5VYPM0HP8SND31D1V5-supermarket,25,icecream,supermarket,human,human
01K4DSNAF9EXT1113VB5CB8E72,01K4DTHKV5ZBQG797DM0GY0V4D-supermarket,donut,5409.0,01K0Q72X5VYPM0HP8SND31D1V5-supermarket,26,mustard,supermarket,human,human
01K4DSNAF9EXT1113VB5CB8E72,01K4DTHKV5ZBQG797DM0GY0V4D-supermarket,cake,3060.0,01K0Q72X5VYPM0HP8SND31D1V5-supermarket,27,bagel,supermarket,human,human
01K4DSNAF9EXT1113VB5CB8E72,01K4DTHKV5ZBQG797DM0GY0V4D-supermarket,cupcake,5326.0,01K0Q72X5VYPM0HP8SND31D1V5-supermarket,28,biscuit,supermarket,human,human
01K4DSNAF9EXT1113VB5CB8E72,01K4DTHKV5ZBQG797DM0GY0V4D-supermarket,chip,3712.0,01K0Q72X5VYPM0HP8SND31D1V5-supermarket,29,biscuits,supermarket,human,human
01K4DSNAF9EXT1113VB5CB8E72,01K4DTHKV5ZBQG797DM0GY0V4D-supermarket,pretzel,4683.0,01K0Q72X5VYPM0HP8SND31D1V5-supermarket,30,candy,supermarket,human,human
01K4DSNAF9EXT1113VB5CB8E72,01K4DTHKV5ZBQG797DM0GY0V4D-supermarket,chicken,4029.0,01K0Q72X5VYPM0HP8SND31D1V5-supermarket,31,bagel,supermarket,human,human
01K4DSNAF9EXT1113VB5CB8E72,01K4DTHKV5ZBQG797DM0GY0V4D-supermarket,steak,4252.0,01K0Q72X5VYPM0HP8SND31D1V5-supermarket,32,pork,supermarket,human,human
01K4DSNAF9EXT1113VB5CB8E72,01K4DTHKV5ZBQG797DM0GY0V4D-supermarket,bologna,4050.0,01K0Q72X5VYPM0HP8SND31D1V5-supermarket,33,pork,supermarket,human,human
01K4DSNAF9EXT1113VB5CB8E72,01K4DTHKV5ZBQG797DM0GY0V4D-supermarket,peach,4462.0,01K0Q72X5VYPM0HP8SND31D1V5-supermarket,34,salami,supermarket,human,human
01K4DSNAF9EXT1113VB5CB8E72,01K4DTHKV5ZBQG797DM0GY0V4D-supermarket,watermelon,4160.0,01K0Q72X5VYPM0HP8SND31D1V5-supermarket,35,plums,supermarket,human,human
01K4DSNAF9EXT1113VB5CB8E72,01K4DTHKV5ZBQG797DM0GY0V4D-supermarket,honeydew,4011.0,01K0Q72X5VYPM0HP8SND31D1V5-supermarket,36,plums,supermarket,human,human
01K4DSNAF9EXT1113VB5CB8E72,01K4DTHKV5ZBQG797DM0GY0V4D-supermarket,fig,8861.0,01K0Q72X5VYPM0HP8SND31D1V5-supermarket,37,plums,supermarket,human,human
01K4DSNAF9EXT1113VB5CB8E72,01K4DTHKV5ZBQG797DM0GY0V4D-supermarket,tuna,10415.0,01K0Q72X5VYPM0HP8SND31D1V5-supermarket,38,nectarine,supermarket,human,human
01K4DSNAF9EXT1113VB5CB8E72,01K4DTHKV5ZBQG797DM0GY0V4D-supermarket,water,5181.0,01K0Q72X5VYPM0HP8SND31D1V5-supermarket,39,scampi,supermarket,human,human
01KEYTFAN50JCBZAS0F9859KCP,01KEYXJ0R5V4TBJQVJ2T33JKMC,burger,8438.0,01JRZMD7YGCM4R3WQAZZ3T4YC7-supermarket,1,,supermarket,human,human
01KEYTFAN50JCBZAS0F9859KCP,01KEYXJ0R5V4TBJQVJ2T33JKMC,egg,2257.0,01JRZMD7YGCM4R3WQAZZ3T4YC7-supermarket,2,bun,supermarket,human,human
01KEYTFAN50JCBZAS0F9859KCP,01KEYXJ0R5V4TBJQVJ2T33JKMC,olive,2649.0,01JRZMD7YGCM4R3WQAZZ3T4YC7-supermarket,3,yolk,supermarket,human,human
01KEYTFAN50JCBZAS0F9859KCP,01KEYXJ0R5V4TBJQVJ2T33JKMC,banana,5947.0,01JRZMD7YGCM4R3WQAZZ3T4YC7-supermarket,4,oil,supermarket,human,human
01KEYTFAN50JCBZAS0F9859KCP,01KEYXJ0R5V4TBJQVJ2T33JKMC,milk,1941.0,01JRZMD7YGCM4R3WQAZZ3T4YC7-supermarket,5,orange,supermarket,human,human
01KEYTFAN50JCBZAS0F9859KCP,01KEYXJ0R5V4TBJQVJ2T33JKMC,orange,2403.0,01JRZMD7YGCM4R3WQAZZ3T4YC7-supermarket,6,juice,supermarket,human,human
01KEYTFAN50JCBZAS0F9859KCP,01KEYXJ0R5V4TBJQVJ2T33JKMC,berry,3189.0,01JRZMD7YGCM4R3WQAZZ3T4YC7-supermarket,7,potato,supermarket,human,human
01KEYTFAN50JCBZAS0F9859KCP,01KEYXJ0R5V4TBJQVJ2T33JKMC,butter,6873.0,01JRZMD7YGCM4R3WQAZZ3T4YC7-supermarket,8,lettuce,supermarket,human,human
01KEYTFAN50JCBZAS0F9859KCP,01KEYXJ0R5V4TBJQVJ2T33JKMC,bread,1891.0,01JRZMD7YGCM4R3WQAZZ3T4YC7-supermarket,9,cheese,supermarket,human,human
01KEYTFAN50JCBZAS0F9859KCP,01KEYXJ0R5V4TBJQVJ2T33JKMC,sweet,4348.0,01JRZMD7YGCM4R3WQAZZ3T4YC7-supermarket,10,jam,supermarket,human,human
01KEYTFAN50JCBZAS0F9859KCP,01KEYXJ0R5V4TBJQVJ2T33JKMC,pie,1438.0,01JRZMD7YGCM4R3WQAZZ3T4YC7-supermarket,11,pickle,supermarket,human,human
01KEYTFAN50JCBZAS0F9859KCP,01KEYXJ0R5V4TBJQVJ2T33JKMC,wine,1707.0,01JRZMD7YGCM4R3WQAZZ3T4YC7-supermarket,12,icecream,supermarket,human,human
01KEYTFAN50JCBZAS0F9859KCP,01KEYXJ0R5V4TBJQVJ2T33JKMC,water,3344.0,01JRZMD7YGCM4R3WQAZZ3T4YC7-supermarket,13,beer,supermarket,human,human
01KEYTFAN50JCBZAS0F9859KCP,01KEYXJ0R5V4TBJQVJ2T33JKMC,salad,3537.0,01JRZMD7YGCM4R3WQAZZ3T4YC7-supermarket,14,soda,supermarket,human,human
01KEYTFAN50JCBZAS0F9859KCP,01KEYXJ0R5V4TBJQVJ2T33JKMC,chicken,3221.0,01JRZMD7YGCM4R3WQAZZ3T4YC7-supermarket,15,dressing,supermarket,human,human
01KEYTFAN50JCBZAS0F9859KCP,01KEYXJ0R5V4TBJQVJ2T33JKMC,beef,1304.0,01JRZMD7YGCM4R3WQAZZ3T4YC7-supermarket,16,ham,supermarket,human,human
01KEYTFAN50JCBZAS0F9859KCP,01KEYXJ0R5V4TBJQVJ2T33JKMC,potato,3989.0,01JRZMD7YGCM4R3WQAZZ3T4YC7-supermarket,17,brocolli,supermarket,human,human
01KEYTFAN50JCBZAS0F9859KCP,01KEYXJ0R5V4TBJQVJ2T33JKMC,chocolate,10584.0,01JRZMD7YGCM4R3WQAZZ3T4YC7-supermarket,18,corn,supermarket,human,human
01KEYTFAN50JCBZAS0F9859KCP,01KEYXJ0R5V4TBJQVJ2T33JKMC,sugar,6031.0,01JRZMD7YGCM4R3WQAZZ3T4YC7-supermarket,19,cookies,supermarket,human,human
01KEYTFAN50JCBZAS0F9859KCP,01KEYXJ0R5V4TBJQVJ2T33JKMC,salt,1549.0,01JRZMD7YGCM4R3WQAZZ3T4YC7-supermarket,20,flour,supermarket,human,human
01KEYTFAN50JCBZAS0F9859KCP,01KEYXJ0R5V4TBJQVJ2T33JKMC,apple,2146.0,01JRZMD7YGCM4R3WQAZZ3T4YC7-supermarket,21,spices,supermarket,human,human
01KEYTFAN50JCBZAS0F9859KCP,01KEYXJ0R5V4TBJQVJ2T33JKMC,strawberry,5252.0,01JRZMD7YGCM4R3WQAZZ3T4YC7-supermarket,22,pear,supermarket,human,human
01KEYTFAN50JCBZAS0F9859KCP,01KEYXJ0R5V4TBJQVJ2T33JKMC,candy,7304.0,01JRZMD7YGCM4R3WQAZZ3T4YC7-supermarket,23,grapes,supermarket,human,human
01KEYTFAN50JCBZAS0F9859KCP,01KEYXJ0R5V4TBJQVJ2T33JKMC,cabbage,7203.0,01JRZMD7YGCM4R3WQAZZ3T4YC7-supermarket,24,beans,supermarket,human,human
01KEYTFAN50JCBZAS0F9859KCP,01KEYXJ0R5V4TBJQVJ2T33JKMC,biscuit,9278.0,01JRZMD7YGCM4R3WQAZZ3T4YC7-supermarket,25,leek,supermarket,human,human
01KEYTFAN50JCBZAS0F9859KCP,01KEYXJ0R5V4TBJQVJ2T33JKMC,crisp,8478.0,01JRZMD7YGCM4R3WQAZZ3T4YC7-supermarket,26,gravy,supermarket,human,human
01KEYTFAN50JCBZAS0F9859KCP,01KEYXJ0R5V4TBJQVJ2T33JKMC,drink,16441.0,01JRZMD7YGCM4R3WQAZZ3T4YC7-supermarket,27,chips,supermarket,human,human
01KEYTFAN50JCBZAS0F9859KCP,01KEYXJ0R5V4TBJQVJ2T33JKMC,syrup,7530.0,01JRZMD7YGCM4R3WQAZZ3T4YC7-supermarket,28,yogurt,supermarket,human,human
01KEYTFAN50JCBZAS0F9859KCP,01KEYXJ0R5V4TBJQVJ2T33JKMC,frozen food,3948.0,01JRZMD7YGCM4R3WQAZZ3T4YC7-supermarket,29,pancakemix,supermarket,human,human
01KEYTFAN50JCBZAS0F9859KCP,01KEYXJ0R5V4TBJQVJ2T33JKMC,frozen berry,4261.0,01JRZMD7YGCM4R3WQAZZ3T4YC7-supermarket,30,pizza,supermarket,human,human
01KEYTFAN50JCBZAS0F9859KCP,01KEYXJ0R5V4TBJQVJ2T33JKMC,peanut butter,4436.0,01JRZMD7YGCM4R3WQAZZ3T4YC7-supermarket,31,frozenvegetables,supermarket,human,human
01KEYTFAN50JCBZAS0F9859KCP,01KEYXJ0R5V4TBJQVJ2T33JKMC,pepper,7636.0,01JRZMD7YGCM4R3WQAZZ3T4YC7-supermarket,32,jelly,supermarket,human,human
01KEYTFAN50JCBZAS0F9859KCP,01KEYXJ0R5V4TBJQVJ2T33JKMC,cucumber,7432.0,01JRZMD7YGCM4R3WQAZZ3T4YC7-supermarket,33,salt,supermarket,human,human
01KEYTFANPFV7JMG4NZE5SYWQ4,01KEYVS73A42FYDVDZH54PGGDA,bread,28526.0,01JRZV487V6JBCV4PWJXMYDRHE-supermarket,1,,supermarket,human,human
01KEYTFANPFV7JMG4NZE5SYWQ4,01KEYVS73A42FYDVDZH54PGGDA,cheese,4124.0,01JRZV487V6JBCV4PWJXMYDRHE-supermarket,2,milk,supermarket,human,human
01KEYTFANPFV7JMG4NZE5SYWQ4,01KEYVS73A42FYDVDZH54PGGDA,potato,2163.0,01JRZV487V6JBCV4PWJXMYDRHE-supermarket,3,egg,supermarket,human,human
01KEYTFANPFV7JMG4NZE5SYWQ4,01KEYVS73A42FYDVDZH54PGGDA,carrot,2098.0,01JRZV487V6JBCV4PWJXMYDRHE-supermarket,4,carrot,supermarket,human,human
01KEYTFANPFV7JMG4NZE5SYWQ4,01KEYVS73A42FYDVDZH54PGGDA,onion,1798.0,01JRZV487V6JBCV4PWJXMYDRHE-supermarket,5,onion,supermarket,human,human
01KEYTFANPFV7JMG4NZE5SYWQ4,01KEYVS73A42FYDVDZH54PGGDA,lettuce,1745.0,01JRZV487V6JBCV4PWJXMYDRHE-supermarket,6,tomato,supermarket,human,human
01KEYTFANPFV7JMG4NZE5SYWQ4,01KEYVS73A42FYDVDZH54PGGDA,tomato,2694.0,01JRZV487V6JBCV4PWJXMYDRHE-supermarket,7,tomato,supermarket,human,human
01KEYTFANPFV7JMG4NZE5SYWQ4,01KEYVS73A42FYDVDZH54PGGDA,grape,4367.0,01JRZV487V6JBCV4PWJXMYDRHE-supermarket,8,grape,supermarket,human,human
01KEYTFANPFV7JMG4NZE5SYWQ4,01KEYVS73A42FYDVDZH54PGGDA,sausage,2043.0,01JRZV487V6JBCV4PWJXMYDRHE-supermarket,9,sausage,supermarket,human,human
01KEYTFANPFV7JMG4NZE5SYWQ4,01KEYVS73A42FYDVDZH54PGGDA,egg,7438.0,01JRZV487V6JBCV4PWJXMYDRHE-supermarket,10,bread,supermarket,human,human
01KEYTFANPFV7JMG4NZE5SYWQ4,01KEYVS73A42FYDVDZH54PGGDA,bread,3257.0,01JRZV487V6JBCV4PWJXMYDRHE-supermarket,11,cheese,supermarket,human,human
01KEYTFANPFV7JMG4NZE5SYWQ4,01KEYVS73A42FYDVDZH54PGGDA,broccoli,4796.0,01JRZV487V6JBCV4PWJXMYDRHE-supermarket,12,butter,supermarket,human,human
01KEYTFANPFV7JMG4NZE5SYWQ4,01KEYVS73A42FYDVDZH54PGGDA,cabbage,9768.0,01JRZV487V6JBCV4PWJXMYDRHE-supermarket,13,cabbage,supermarket,human,human
01KEYTFANPFV7JMG4NZE5SYWQ4,01KEYVS73A42FYDVDZH54PGGDA,lentil,2945.0,01JRZV487V6JBCV4PWJXMYDRHE-supermarket,14,onion,supermarket,human,human
01KEYTFANPFV7JMG4NZE5SYWQ4,01KEYVS73A42FYDVDZH54PGGDA,noodle,2516.0,01JRZV487V6JBCV4PWJXMYDRHE-supermarket,15,soup,supermarket,human,human
01KEYTFANPFV7JMG4NZE5SYWQ4,01KEYVS73A42FYDVDZH54PGGDA,rice,7869.0,01JRZV487V6JBCV4PWJXMYDRHE-supermarket,16,rice,supermarket,human,human
01KEYTFANPFV7JMG4NZE5SYWQ4,01KEYVS73A42FYDVDZH54PGGDA,sauce,5650.0,01JRZV487V6JBCV4PWJXMYDRHE-supermarket,17,chickpea,supermarket,human,human
01KEYTFANPFV7JMG4NZE5SYWQ4,01KEYVS73A42FYDVDZH54PGGDA,pasta,1697.0,01JRZV487V6JBCV4PWJXMYDRHE-supermarket,18,mustard,supermarket,human,human
01KEYTFANPFV7JMG4NZE5SYWQ4,01KEYVS73A42FYDVDZH54PGGDA,tomato sauce,3383.0,01JRZV487V6JBCV4PWJXMYDRHE-supermarket,19,bacon,supermarket,human,human
01KEYTFANPFV7JMG4NZE5SYWQ4,01KEYVS73A42FYDVDZH54PGGDA,ketchup,2146.0,01JRZV487V6JBCV4PWJXMYDRHE-supermarket,20,mayonnaise,supermarket,human,human
01KEYTFANPFV7JMG4NZE5SYWQ4,01KEYVS73A42FYDVDZH54PGGDA,mayonnaise,2157.0,01JRZV487V6JBCV4PWJXMYDRHE-supermarket,21,saladdressing,supermarket,human,human
01KEYTFANPFV7JMG4NZE5SYWQ4,01KEYVS73A42FYDVDZH54PGGDA,salt,4481.0,01JRZV487V6JBCV4PWJXMYDRHE-supermarket,22,saladdressing,supermarket,human,human
01KEYTFANPFV7JMG4NZE5SYWQ4,01KEYVS73A42FYDVDZH54PGGDA,pepper,1904.0,01JRZV487V6JBCV4PWJXMYDRHE-supermarket,23,pepper,supermarket,human,human
01KEYTFANPFV7JMG4NZE5SYWQ4,01KEYVS73A42FYDVDZH54PGGDA,chocolate,6317.0,01JRZV487V6JBCV4PWJXMYDRHE-supermarket,24,mustard,supermarket,human,human
01KEYTFANPFV7JMG4NZE5SYWQ4,01KEYVS73A42FYDVDZH54PGGDA,biscuit,3158.0,01JRZV487V6JBCV4PWJXMYDRHE-supermarket,25,biscuit,supermarket,human,human
01KEYTFANPFV7JMG4NZE5SYWQ4,01KEYVS73A42FYDVDZH54PGGDA,fish,8546.0,01JRZV487V6JBCV4PWJXMYDRHE-supermarket,26,cake,supermarket,human,human
01KEYTFANPFV7JMG4NZE5SYWQ4,01KEYVS73A42FYDVDZH54PGGDA,mince,2715.0,01JRZV487V6JBCV4PWJXMYDRHE-supermarket,27,chips,supermarket,human,human
01KEYTFANPFV7JMG4NZE5SYWQ4,01KEYVS73A42FYDVDZH54PGGDA,kiev,2436.0,01JRZV487V6JBCV4PWJXMYDRHE-supermarket,28,beef,supermarket,human,human
01KEYTFANPFV7JMG4NZE5SYWQ4,01KEYVS73A42FYDVDZH54PGGDA,oil,4682.0,01JRZV487V6JBCV4PWJXMYDRHE-supermarket,29,garlic,supermarket,human,human
01KEYTFANPFV7JMG4NZE5SYWQ4,01KEYVS73A42FYDVDZH54PGGDA,cucumber,10151.0,01JRZV487V6JBCV4PWJXMYDRHE-supermarket,30,chicken,supermarket,human,human
01KEYTFANPFV7JMG4NZE5SYWQ4,01KEYVS73A42FYDVDZH54PGGDA,aubergine,8171.0,01JRZV487V6JBCV4PWJXMYDRHE-supermarket,31,avocado,supermarket,human,human
01KEYTFANPFV7JMG4NZE5SYWQ4,01KEYVS73A42FYDVDZH54PGGDA,croissant,11413.0,01JRZV487V6JBCV4PWJXMYDRHE-supermarket,32,milk,supermarket,human,human
01KEYTFANPFV7JMG4NZE5SYWQ4,01KEYVS73A42FYDVDZH54PGGDA,dill,4486.0,01JRZV487V6JBCV4PWJXMYDRHE-supermarket,33,milk,supermarket,human,human
01KEYTFANPFV7JMG4NZE5SYWQ4,01KEYVS73A42FYDVDZH54PGGDA,pickle,5087.0,01JRZV487V6JBCV4PWJXMYDRHE-supermarket,34,milk,supermarket,human,human
01KEYTFANPFV7JMG4NZE5SYWQ4,01KEYVS73A42FYDVDZH54PGGDA,burger,2156.0,01JRZV487V6JBCV4PWJXMYDRHE-supermarket,35,milk,supermarket,human,human
01KEYTFANE1TSBK1QN2CX3G7A2,01KEYZH16KTR82V9J5ME7KG965,shopping cart,7995.0,01JS023W449S8VDZVV1TTHD45Y-supermarket,1,,supermarket,human,human
01KEYTFANE1TSBK1QN2CX3G7A2,01KEYZH16KTR82V9J5ME7KG965,fruit,2990.0,01JS023W449S8VDZVV1TTHD45Y-supermarket,2,vegetables,supermarket,human,human
01KEYTFANE1TSBK1QN2CX3G7A2,01KEYZH16KTR82V9J5ME7KG965,vegetable,3607.0,01JS023W449S8VDZVV1TTHD45Y-supermarket,3,vegetables,supermarket,human,human
01KEYTFANE1TSBK1QN2CX3G7A2,01KEYZH16KTR82V9J5ME7KG965,candy,3232.0,01JS023W449S8VDZVV1TTHD45Y-supermarket,4,milk,supermarket,human,human
01KEYTFANE1TSBK1QN2CX3G7A2,01KEYZH16KTR82V9J5ME7KG965,meat,6862.0,01JS023W449S8VDZVV1TTHD45Y-supermarket,5,chips,supermarket,human,human
01KEYTFANE1TSBK1QN2CX3G7A2,01KEYZH16KTR82V9J5ME7KG965,steak,1963.0,01JS023W449S8VDZVV1TTHD45Y-supermarket,6,milk,supermarket,human,human
01KEYTFANE1TSBK1QN2CX3G7A2,01KEYZH16KTR82V9J5ME7KG965,bread,6057.0,01JS023W449S8VDZVV1TTHD45Y-supermarket,7,chicken,supermarket,human,human
01KEYTFANE1TSBK1QN2CX3G7A2,01KEYZH16KTR82V9J5ME7KG965,beer,2144.0,01JS023W449S8VDZVV1TTHD45Y-supermarket,8,cookie,supermarket,human,human
01KEYTFANE1TSBK1QN2CX3G7A2,01KEYZH16KTR82V9J5ME7KG965,soda,3579.0,01JS023W449S8VDZVV1TTHD45Y-supermarket,9,water,supermarket,human,human
01KEYTFANE1TSBK1QN2CX3G7A2,01KEYZH16KTR82V9J5ME7KG965,wine,1286.0,01JS023W449S8VDZVV1TTHD45Y-supermarket,10,chips,supermarket,human,human
01KEYTFANE1TSBK1QN2CX3G7A2,01KEYZH16KTR82V9J5ME7KG965,cracker,9046.0,01JS023W449S8VDZVV1TTHD45Y-supermarket,11,chips,supermarket,human,human
01KEYTFANE1TSBK1QN2CX3G7A2,01KEYZH16KTR82V9J5ME7KG965,chip,1605.0,01JS023W449S8VDZVV1TTHD45Y-supermarket,12,chips,supermarket,human,human
01KEYTFANE1TSBK1QN2CX3G7A2,01KEYZH16KTR82V9J5ME7KG965,cereal,10582.0,01JS023W449S8VDZVV1TTHD45Y-supermarket,13,dip,supermarket,human,human
01KEYTFANE1TSBK1QN2CX3G7A2,01KEYZH16KTR82V9J5ME7KG965,cleaner,5559.0,01JS023W449S8VDZVV1TTHD45Y-supermarket,14,milk,supermarket,human,human
01KEYTFANE1TSBK1QN2CX3G7A2,01KEYZH16KTR82V9J5ME7KG965,bleach,2088.0,01JS023W449S8VDZVV1TTHD45Y-supermarket,15,sponge,supermarket,human,human
01KEYTFANE1TSBK1QN2CX3G7A2,01KEYZH16KTR82V9J5ME7KG965,windex,3342.0,01JS023W449S8VDZVV1TTHD45Y-supermarket,16,cloth,supermarket,human,human
01KEYTFANE1TSBK1QN2CX3G7A2,01KEYZH16KTR82V9J5ME7KG965,dusting spray,5934.0,01JS023W449S8VDZVV1TTHD45Y-supermarket,17,sponge,supermarket,human,human
01KEYTFANE1TSBK1QN2CX3G7A2,01KEYZH16KTR82V9J5ME7KG965,rice,5435.0,01JS023W449S8VDZVV1TTHD45Y-supermarket,18,cloth,supermarket,human,human
01KEYTFANE1TSBK1QN2CX3G7A2,01KEYZH16KTR82V9J5ME7KG965,potato,4189.0,01JS023W449S8VDZVV1TTHD45Y-supermarket,19,pasta,supermarket,human,human
01KEYTFANE1TSBK1QN2CX3G7A2,01KEYZH16KTR82V9J5ME7KG965,tomato,2614.0,01JS023W449S8VDZVV1TTHD45Y-supermarket,20,bread,supermarket,human,human
01KEYTFANE1TSBK1QN2CX3G7A2,01KEYZH16KTR82V9J5ME7KG965,broccoli,10920.0,01JS023W449S8VDZVV1TTHD45Y-supermarket,21,cucumber,supermarket,human,human
01KEYTFANE1TSBK1QN2CX3G7A2,01KEYZH16KTR82V9J5ME7KG965,green bean,6118.0,01JS023W449S8VDZVV1TTHD45Y-supermarket,22,pepper,supermarket,human,human
01KEYTFANE1TSBK1QN2CX3G7A2,01KEYZH16KTR82V9J5ME7KG965,cauliflower,16487.0,01JS023W449S8VDZVV1TTHD45Y-supermarket,23,corn,supermarket,human,human
01KEYTFANE1TSBK1QN2CX3G7A2,01KEYZH16KTR82V9J5ME7KG965,salad,5925.0,01JS023W449S8VDZVV1TTHD45Y-supermarket,24,broccoli,supermarket,human,human
01KEYTFANE1TSBK1QN2CX3G7A2,01KEYZH16KTR82V9J5ME7KG965,pizza crust,5816.0,01JS023W449S8VDZVV1TTHD45Y-supermarket,25,saladdressing,supermarket,human,human
01KEYTFANE1TSBK1QN2CX3G7A2,01KEYZH16KTR82V9J5ME7KG965,lunch meat,4202.0,01JS023W449S8VDZVV1TTHD45Y-supermarket,26,cheese,supermarket,human,human
01KEYTFANE1TSBK1QN2CX3G7A2,01KEYZH16KTR82V9J5ME7KG965,cheese,2254.0,01JS023W449S8VDZVV1TTHD45Y-supermarket,27,ham,supermarket,human,human
01KEYTFANE1TSBK1QN2CX3G7A2,01KEYZH16KTR82V9J5ME7KG965,hot pocket,11398.0,01JS023W449S8VDZVV1TTHD45Y-supermarket,28,ketchup,supermarket,human,human
01KEYTFANE1TSBK1QN2CX3G7A2,01KEYZH16KTR82V9J5ME7KG965,burrito,5298.0,01JS023W449S8VDZVV1TTHD45Y-supermarket,29,fries,supermarket,human,human
01KEYTFANE1TSBK1QN2CX3G7A2,01KEYZH16KTR82V9J5ME7KG965,egg,7713.0,01JS023W449S8VDZVV1TTHD45Y-supermarket,30,tortilla,supermarket,human,human
01KEYTFANE1TSBK1QN2CX3G7A2,01KEYZH16KTR82V9J5ME7KG965,bacon,2248.0,01JS023W449S8VDZVV1TTHD45Y-supermarket,31,milk,supermarket,human,human
01KEYTFANE1TSBK1QN2CX3G7A2,01KEYZH16KTR82V9J5ME7KG965,sausage,2613.0,01JS023W449S8VDZVV1TTHD45Y-supermarket,32,chicken,supermarket,human,human
01KEYTFANE1TSBK1QN2CX3G7A2,01KEYZH16KTR82V9J5ME7KG965,pork chop,5292.0,01JS023W449S8VDZVV1TTHD45Y-supermarket,33,ham,supermarket,human,human
01KEYTFBTBRZ944X20ZF0QGM5E,01KEYZQ9H5XG25DQDF5BYW8JFM,deer,5096.0,01K0Q6V0R3W3SMJB78N7YXHQYY-animals,1,,animals,human,human
01KEYTFBTBRZ944X20ZF0QGM5E,01KEYZQ9H5XG25DQDF5BYW8JFM,dog,1824.0,01K0Q6V0R3W3SMJB78N7YXHQYY-animals,2,horse,animals,human,human
01KEYTFBTBRZ944X20ZF0QGM5E,01KEYZQ9H5XG25DQDF5BYW8JFM,cat,1846.0,01K0Q6V0R3W3SMJB78N7YXHQYY-animals,3,cat,animals,human,human
01KEYTFBTBRZ944X20ZF0QGM5E,01KEYZQ9H5XG25DQDF5BYW8JFM,bird,1184.0,01K0Q6V0R3W3SMJB78N7YXHQYY-animals,4,lion,animals,human,human
01KEYTFBTBRZ944X20ZF0QGM5E,01KEYZQ9H5XG25DQDF5BYW8JFM,lion,9449.0,01K0Q6V0R3W3SMJB78N7YXHQYY-animals,5,monkey,animals,human,human
01KEYTFBTBRZ944X20ZF0QGM5E,01KEYZQ9H5XG25DQDF5BYW8JFM,goat,2643.0,01K0Q6V0R3W3SMJB78N7YXHQYY-animals,6,tiger,animals,human,human
01KEYTFBTBRZ944X20ZF0QGM5E,01KEYZQ9H5XG25DQDF5BYW8JFM,sheep,1485.0,01K0Q6V0R3W3SMJB78N7YXHQYY-animals,7,lamb,animals,human,human
01KEYTFBTBRZ944X20ZF0QGM5E,01KEYZQ9H5XG25DQDF5BYW8JFM,pig,7275.0,01K0Q6V0R3W3SMJB78N7YXHQYY-animals,8,lamb,animals,human,human
01KEYTFBTBRZ944X20ZF0QGM5E,01KEYZQ9H5XG25DQDF5BYW8JFM,cow,1064.0,01K0Q6V0R3W3SMJB78N7YXHQYY-animals,9,horse,animals,human,human
01KEYTFBTBRZ944X20ZF0QGM5E,01KEYZQ9H5XG25DQDF5BYW8JFM,duck,1155.0,01K0Q6V0R3W3SMJB78N7YXHQYY-animals,10,llama,animals,human,human
01KEYTFBTBRZ944X20ZF0QGM5E,01KEYZQ9H5XG25DQDF5BYW8JFM,wild dog,10282.0,01K0Q6V0R3W3SMJB78N7YXHQYY-animals,11,pigeon,animals,human,human
01KEYTFBTBRZ944X20ZF0QGM5E,01KEYZQ9H5XG25DQDF5BYW8JFM,dolphin,13282.0,01K0Q6V0R3W3SMJB78N7YXHQYY-animals,12,hyena,animals,human,human
01KEYTFBTBRZ944X20ZF0QGM5E,01KEYZQ9H5XG25DQDF5BYW8JFM,pigeon,9556.0,01K0Q6V0R3W3SMJB78N7YXHQYY-animals,13,shark,animals,human,human
01KEYTFBTBRZ944X20ZF0QGM5E,01KEYZQ9H5XG25DQDF5BYW8JFM,jaguar,5180.0,01K0Q6V0R3W3SMJB78N7YXHQYY-animals,14,whale,animals,human,human
01KEYTFBTBRZ944X20ZF0QGM5E,01KEYZQ9H5XG25DQDF5BYW8JFM,giraffe,14363.0,01K0Q6V0R3W3SMJB78N7YXHQYY-animals,15,tiger,animals,human,human
01KEYTFBTBRZ944X20ZF0QGM5E,01KEYZQ9H5XG25DQDF5BYW8JFM,polar bear,1645.0,01K0Q6V0R3W3SMJB78N7YXHQYY-animals,16,elephant,animals,human,human
01KEYTFBTBRZ944X20ZF0QGM5E,01KEYZQ9H5XG25DQDF5BYW8JFM,panda,1098.0,01K0Q6V0R3W3SMJB78N7YXHQYY-animals,17,elephant,animals,human,human
01KEYTFBTBRZ944X20ZF0QGM5E,01KEYZQ9H5XG25DQDF5BYW8JFM,turtle,1111.0,01K0Q6V0R3W3SMJB78N7YXHQYY-animals,18,shark,animals,human,human
01KEYTFBTBRZ944X20ZF0QGM5E,01KEYZQ9H5XG25DQDF5BYW8JFM,snake,986.0,01K0Q6V0R3W3SMJB78N7YXHQYY-animals,19,shark,animals,human,human
01KEYTFBTBRZ944X20ZF0QGM5E,01KEYZQ9H5XG25DQDF5BYW8JFM,elephant,6489.0,01K0Q6V0R3W3SMJB78N7YXHQYY-animals,20,shark,animals,human,human
01KEYTFBTBRZ944X20ZF0QGM5E,01KEYZQ9H5XG25DQDF5BYW8JFM,fish,3861.0,01K0Q6V0R3W3SMJB78N7YXHQYY-animals,21,shark,animals,human,human
01KEYTFBTBRZ944X20ZF0QGM5E,01KEYZQ9H5XG25DQDF5BYW8JFM,bear,7817.0,01K0Q6V0R3W3SMJB78N7YXHQYY-animals,22,shark,animals,human,human
01KEYTFBTBRZ944X20ZF0QGM5E,01KEYZQ9H5XG25DQDF5BYW8JFM,penguin,7286.0,01K0Q6V0R3W3SMJB78N7YXHQYY-animals,23,shark,animals,human,human
01KEYTFBTBRZ944X20ZF0QGM5E,01KEYZQ9H5XG25DQDF5BYW8JFM,horse,18583.0,01K0Q6V0R3W3SMJB78N7YXHQYY-animals,24,shark,animals,human,human
01KEYTFBTBRZ944X20ZF0QGM5E,01KEYZQ9H5XG25DQDF5BYW8JFM,donkey,4352.0,01K0Q6V0R3W3SMJB78N7YXHQYY-animals,25,shark,animals,human,human
01KEYTFBTBRZ944X20ZF0QGM5E,01KEYZQ9H5XG25DQDF5BYW8JFM,crocodile,3913.0,01K0Q6V0R3W3SMJB78N7YXHQYY-animals,26,horse,animals,human,human
01KEYTFBTBRZ944X20ZF0QGM5E,01KEYZQ9H5XG25DQDF5BYW8JFM,hen,990.0,01K0Q6V0R3W3SMJB78N7YXHQYY-animals,27,shark,animals,human,human
01KEYTFBTBRZ944X20ZF0QGM5E,01KEYZQ9H5XG25DQDF5BYW8JFM,panther,1458.0,01K0Q6V0R3W3SMJB78N7YXHQYY-animals,28,shark,animals,human,human
01KEYTFBTBRZ944X20ZF0QGM5E,01KEYZQ9H5XG25DQDF5BYW8JFM,tiger,1609.0,01K0Q6V0R3W3SMJB78N7YXHQYY-animals,29,shark,animals,human,human
01KEYTFBTBRZ944X20ZF0QGM5E,01KEYZQ9H5XG25DQDF5BYW8JFM,cheetah,2014.0,01K0Q6V0R3W3SMJB78N7YXHQYY-animals,30,shark,animals,human,human
01KEYTFBTBRZ944X20ZF0QGM5E,01KEYZQ9H5XG25DQDF5BYW8JFM,rabbit,2001.0,01K0Q6V0R3W3SMJB78N7YXHQYY-animals,31,shark,animals,human,human
01KEYTFBTBRZ944X20ZF0QGM5E,01KEYZQ9H5XG25DQDF5BYW8JFM,chicken,5498.0,01K0Q6V0R3W3SMJB78N7YXHQYY-animals,32,shark,animals,human,human
01KEYTFBTBRZ944X20ZF0QGM5E,01KEYZQ9H5XG25DQDF5BYW8JFM,leopard,6308.0,01K0Q6V0R3W3SMJB78N7YXHQYY-animals,33,goose,animals,human,human
01KEYTFBTBRZ944X20ZF0QGM5E,01KEYZQ9H5XG25DQDF5BYW8JFM,monkey,3260.0,01K0Q6V0R3W3SMJB78N7YXHQYY-animals,34,shark,animals,human,human
01KEYTFBTBRZ944X20ZF0QGM5E,01KEYZQ9H5XG25DQDF5BYW8JFM,hamster,2081.0,01K0Q6V0R3W3SMJB78N7YXHQYY-animals,35,shark,animals,human,human
01KEYTFBTBRZ944X20ZF0QGM5E,01KEYZQ9H5XG25DQDF5BYW8JFM,shark,5168.0,01K0Q6V0R3W3SMJB78N7YXHQYY-animals,36,shark,animals,human,human
01KEYTFBTBRZ944X20ZF0QGM5E,01KEYZQ9H5XG25DQDF5BYW8JFM,rhinoceros,5949.0,01K0Q6V0R3W3SMJB78N7YXHQYY-animals,37,whale,animals,human,human
,01K4DWC7KZXT1TX8CGZBGJEX89-clothes,t-shirt,3330.0,01JRZV9BPZZKKZRXVFH7G31SS3-clothes,1,,clothes,human,human
01K4DSNC7GCKPZ80E6Z1CZDCMT,01K4DWC7KZXT1TX8CGZBGJEX89-clothes,trousers,3540.0,01JRZV9BPZZKKZRXVFH7G31SS3-clothes,2,trousers,clothes,human,human
01K4DSNC7GCKPZ80E6Z1CZDCMT,01K4DWC7KZXT1TX8CGZBGJEX89-clothes,sock,5215.0,01JRZV9BPZZKKZRXVFH7G31SS3-clothes,3,shoes,clothes,human,human
01K4DSNC7GCKPZ80E6Z1CZDCMT,01K4DWC7KZXT1TX8CGZBGJEX89-clothes,shorts,1079.0,01JRZV9BPZZKKZRXVFH7G31SS3-clothes,4,shoes,clothes,human,human
01K4DSNC7GCKPZ80E6Z1CZDCMT,01K4DWC7KZXT1TX8CGZBGJEX89-clothes,underwear,4142.0,01JRZV9BPZZKKZRXVFH7G31SS3-clothes,5,skirt,clothes,human,human
01K4DSNC7GCKPZ80E6Z1CZDCMT,01K4DWC7KZXT1TX8CGZBGJEX89-clothes,bra,807.0,01JRZV9BPZZKKZRXVFH7G31SS3-clothes,6,dress,clothes,human,human
01K4DSNC7GCKPZ80E6Z1CZDCMT,01K4DWC7KZXT1TX8CGZBGJEX89-clothes,boxers,1480.0,01JRZV9BPZZKKZRXVFH7G31SS3-clothes,7,dress,clothes,human,human
01K4DSNC7GCKPZ80E6Z1CZDCMT,01K4DWC7KZXT1TX8CGZBGJEX89-clothes,glove,5028.0,01JRZV9BPZZKKZRXVFH7G31SS3-clothes,8,dress,clothes,human,human
01K4DSNC7GCKPZ80E6Z1CZDCMT,01K4DWC7KZXT1TX8CGZBGJEX89-clothes,hat,1651.0,01JRZV9BPZZKKZRXVFH7G31SS3-clothes,9,hat,clothes,human,human
01K4DSNC7GCKPZ80E6Z1CZDCMT,01K4DWC7KZXT1TX8CGZBGJEX89-clothes,scarf,1946.0,01JRZV9BPZZKKZRXVFH7G31SS3-clothes,10,scarves,clothes,human,human
01K4DSNC7GCKPZ80E6Z1CZDCMT,01K4DWC7KZXT1TX8CGZBGJEX89-clothes,vest,6417.0,01JRZV9BPZZKKZRXVFH7G31SS3-clothes,11,shoes,clothes,human,human
01K4DSNC7GCKPZ80E6Z1CZDCMT,01K4DWC7KZXT1TX8CGZBGJEX89-clothes,pyjamas,3890.0,01JRZV9BPZZKKZRXVFH7G31SS3-clothes,12,shoes,clothes,human,human
01K4DSNC7GCKPZ80E6Z1CZDCMT,01K4DWC7KZXT1TX8CGZBGJEX89-clothes,dress,3125.0,01JRZV9BPZZKKZRXVFH7G31SS3-clothes,13,slippers,clothes,human,human
01K4DSNC7GCKPZ80E6Z1CZDCMT,01K4DWC7KZXT1TX8CGZBGJEX89-clothes,shirt,3193.0,01JRZV9BPZZKKZRXVFH7G31SS3-clothes,14,skirt,clothes,human,human
01K4DSNC7GCKPZ80E6Z1CZDCMT,01K4DWC7KZXT1TX8CGZBGJEX89-clothes,suit,1108.0,01JRZV9BPZZKKZRXVFH7G31SS3-clothes,15,suit,clothes,human,human
01K4DSNC7GCKPZ80E6Z1CZDCMT,01K4DWC7KZXT1TX8CGZBGJEX89-clothes,sunglasses,7088.0,01JRZV9BPZZKKZRXVFH7G31SS3-clothes,16,blazer,clothes,human,human
01K4DSNC7GCKPZ80E6Z1CZDCMT,01K4DWC7KZXT1TX8CGZBGJEX89-clothes,towel,4305.0,01JRZV9BPZZKKZRXVFH7G31SS3-clothes,17,sunhat,clothes,human,human
01K4DSNC7GCKPZ80E6Z1CZDCMT,01K4DWC7KZXT1TX8CGZBGJEX89-clothes,glass,6168.0,01JRZV9BPZZKKZRXVFH7G31SS3-clothes,18,shoes,clothes,human,human
01K4DSNC7GCKPZ80E6Z1CZDCMT,01K4DWC7KZXT1TX8CGZBGJEX89-clothes,top,9064.0,01JRZV9BPZZKKZRXVFH7G31SS3-clothes,19,hat,clothes,human,human
01K4DSNC7GCKPZ80E6Z1CZDCMT,01K4DWC7KZXT1TX8CGZBGJEX89-clothes,hoodie,5165.0,01JRZV9BPZZKKZRXVFH7G31SS3-clothes,20,pants,clothes,human,human
01K4DSNC7GCKPZ80E6Z1CZDCMT,01K4DWC7KZXT1TX8CGZBGJEX89-clothes,jacket,1338.0,01JRZV9BPZZKKZRXVFH7G31SS3-clothes,21,jumpers,clothes,human,human
01K4DSNC7GCKPZ80E6Z1CZDCMT,01K4DWC7KZXT1TX8CGZBGJEX89-clothes,knickers,4817.0,01JRZV9BPZZKKZRXVFH7G31SS3-clothes,22,coats,clothes,human,human
01K4DSNC7GCKPZ80E6Z1CZDCMT,01K4DWC7KZXT1TX8CGZBGJEX89-clothes,briefs,1684.0,01JRZV9BPZZKKZRXVFH7G31SS3-clothes,23,coats,clothes,human,human
01K4DSNC7GCKPZ80E6Z1CZDCMT,01K4DWC7KZXT1TX8CGZBGJEX89-clothes,y-fronts,4316.0,01JRZV9BPZZKKZRXVFH7G31SS3-clothes,24,coats,clothes,human,human
01K4DSNC7GCKPZ80E6Z1CZDCMT,01K4DWC7KZXT1TX8CGZBGJEX89-clothes,ankle sock,6175.0,01JRZV9BPZZKKZRXVFH7G31SS3-clothes,25,coats,clothes,human,human
01K4DSNC7GCKPZ80E6Z1CZDCMT,01K4DWC7KZXT1TX8CGZBGJEX89-clothes,shoe,2233.0,01JRZV9BPZZKKZRXVFH7G31SS3-clothes,26,kneehighsocks,clothes,human,human
01K4DSNC7GCKPZ80E6Z1CZDCMT,01K4DWC7KZXT1TX8CGZBGJEX89-clothes,trainer,2492.0,01JRZV9BPZZKKZRXVFH7G31SS3-clothes,27,boots,clothes,human,human
01K4DSNC7GCKPZ80E6Z1CZDCMT,01K4DWC7KZXT1TX8CGZBGJEX89-clothes,work shoe,6251.0,01JRZV9BPZZKKZRXVFH7G31SS3-clothes,28,boots,clothes,human,human
01K4DSNC7GCKPZ80E6Z1CZDCMT,01K4DWC7KZXT1TX8CGZBGJEX89-clothes,workwear,4378.0,01JRZV9BPZZKKZRXVFH7G31SS3-clothes,29,boots,clothes,human,human
01K4DSNC7GCKPZ80E6Z1CZDCMT,01K4DWC7KZXT1TX8CGZBGJEX89-clothes,gym top,6293.0,01JRZV9BPZZKKZRXVFH7G31SS3-clothes,30,uniform,clothes,human,human
01K4DSNC7GCKPZ80E6Z1CZDCMT,01K4DWC7KZXT1TX8CGZBGJEX89-clothes,workout top,4103.0,01JRZV9BPZZKKZRXVFH7G31SS3-clothes,31,gymshorts,clothes,human,human
01K4DSNC7GCKPZ80E6Z1CZDCMT,01K4DWC7KZXT1TX8CGZBGJEX89-clothes,gym shorts,5136.0,01JRZV9BPZZKKZRXVFH7G31SS3-clothes,32,gymshorts,clothes,human,human
01K4DSNC7GCKPZ80E6Z1CZDCMT,01K4DWC7KZXT1TX8CGZBGJEX89-clothes,running shoe,2419.0,01JRZV9BPZZKKZRXVFH7G31SS3-clothes,33,sweatband,clothes,human,human
01K4DSNC7GCKPZ80E6Z1CZDCMT,01K4DWC7KZXT1TX8CGZBGJEX89-clothes,football shirt,10097.0,01JRZV9BPZZKKZRXVFH7G31SS3-clothes,34,shoes,clothes,human,human
01K4DSNC7GCKPZ80E6Z1CZDCMT,01K4DWC7KZXT1TX8CGZBGJEX89-clothes,football shorts,3075.0,01JRZV9BPZZKKZRXVFH7G31SS3-clothes,35,footballshorts,clothes,human,human
01K4DSNC7GCKPZ80E6Z1CZDCMT,01K4DWC7KZXT1TX8CGZBGJEX89-clothes,rugby shirt,2650.0,01JRZV9BPZZKKZRXVFH7G31SS3-clothes,36,footballboots,clothes,human,human
01K4DSNC7GCKPZ80E6Z1CZDCMT,01K4DWC7KZXT1TX8CGZBGJEX89-clothes,basketball shirt,3044.0,01JRZV9BPZZKKZRXVFH7G31SS3-clothes,37,rugbyshorts,clothes,human,human
01K4DSNC7GCKPZ80E6Z1CZDCMT,01K4DWC7KZXT1TX8CGZBGJEX89-clothes,baseball shirt,4150.0,01JRZV9BPZZKKZRXVFH7G31SS3-clothes,38,footballboots,clothes,human,human
01K4DSNC7GCKPZ80E6Z1CZDCMT,01K4DWC7KZXT1TX8CGZBGJEX89-clothes,tank top,2021.0,01JRZV9BPZZKKZRXVFH7G31SS3-clothes,39,tennisshirt,clothes,human,human
,01K4DTEFJ2RMGYBA2QZS7HMFEW-clothes,shirt,3596.0,01K0Q93G25Z9W9HZ9G3HM3K1RE-clothes,1,,clothes,human,human
01K4DSN8Q53Z7JHKNXRM4ZJ41G,01K4DTEFJ2RMGYBA2QZS7HMFEW-clothes,turtleneck,2954.0,01K0Q93G25Z9W9HZ9G3HM3K1RE-clothes,2,pants,clothes,human,human
01K4DSN8Q53Z7JHKNXRM4ZJ41G,01K4DTEFJ2RMGYBA2QZS7HMFEW-clothes,pants,2370.0,01K0Q93G25Z9W9HZ9G3HM3K1RE-clothes,3,vest,clothes,human,human
01K4DSN8Q53Z7JHKNXRM4ZJ41G,01K4DTEFJ2RMGYBA2QZS7HMFEW-clothes,sweatpants,2560.0,01K0Q93G25Z9W9HZ9G3HM3K1RE-clothes,4,socks,clothes,human,human
01K4DSN8Q53Z7JHKNXRM4ZJ41G,01K4DTEFJ2RMGYBA2QZS7HMFEW-clothes,sweater,2570.0,01K0Q93G25Z9W9HZ9G3HM3K1RE-clothes,5,joggers,clothes,human,human
01K4DSN8Q53Z7JHKNXRM4ZJ41G,01K4DTEFJ2RMGYBA2QZS7HMFEW-clothes,belt,1581.0,01K0Q93G25Z9W9HZ9G3HM3K1RE-clothes,6,jumper,clothes,human,human
01K4DSN8Q53Z7JHKNXRM4ZJ41G,01K4DTEFJ2RMGYBA2QZS7HMFEW-clothes,tie,5923.0,01K0Q93G25Z9W9HZ9G3HM3K1RE-clothes,7,tie,clothes,human,human
01K4DSN8Q53Z7JHKNXRM4ZJ41G,01K4DTEFJ2RMGYBA2QZS7HMFEW-clothes,jacket,3362.0,01K0Q93G25Z9W9HZ9G3HM3K1RE-clothes,8,gloves,clothes,human,human
01K4DSN8Q53Z7JHKNXRM4ZJ41G,01K4DTEFJ2RMGYBA2QZS7HMFEW-clothes,long sleeve,3076.0,01K0Q93G25Z9W9HZ9G3HM3K1RE-clothes,9,scarf,clothes,human,human
01K4DSN8Q53Z7JHKNXRM4ZJ41G,01K4DTEFJ2RMGYBA2QZS7HMFEW-clothes,shoe,2024.0,01K0Q93G25Z9W9HZ9G3HM3K1RE-clothes,10,vest,clothes,human,human
01K4DSN8Q53Z7JHKNXRM4ZJ41G,01K4DTEFJ2RMGYBA2QZS7HMFEW-clothes,boot,1387.0,01K0Q93G25Z9W9HZ9G3HM3K1RE-clothes,11,socks,clothes,human,human
01K4DSN8Q53Z7JHKNXRM4ZJ41G,01K4DTEFJ2RMGYBA2QZS7HMFEW-clothes,lace,1834.0,01K0Q93G25Z9W9HZ9G3HM3K1RE-clothes,12,gloves,clothes,human,human
01K4DSN8Q53Z7JHKNXRM4ZJ41G,01K4DTEFJ2RMGYBA2QZS7HMFEW-clothes,jeans,5982.0,01K0Q93G25Z9W9HZ9G3HM3K1RE-clothes,13,belt,clothes,human,human
01K4DSN8Q53Z7JHKNXRM4ZJ41G,01K4DTEFJ2RMGYBA2QZS7HMFEW-clothes,coat,2774.0,01K0Q93G25Z9W9HZ9G3HM3K1RE-clothes,14,jacket,clothes,human,human
01K4DSN8Q53Z7JHKNXRM4ZJ41G,01K4DTEFJ2RMGYBA2QZS7HMFEW-clothes,hat,1041.0,01K0Q93G25Z9W9HZ9G3HM3K1RE-clothes,15,hat,clothes,human,human
01K4DSN8Q53Z7JHKNXRM4ZJ41G,01K4DTEFJ2RMGYBA2QZS7HMFEW-clothes,sock,12518.0,01K0Q93G25Z9W9HZ9G3HM3K1RE-clothes,16,gloves,clothes,human,human
01K4DSN8Q53Z7JHKNXRM4ZJ41G,01K4DTEFJ2RMGYBA2QZS7HMFEW-clothes,scarf,3469.0,01K0Q93G25Z9W9HZ9G3HM3K1RE-clothes,17,shoes,clothes,human,human
01K4DSN8Q53Z7JHKNXRM4ZJ41G,01K4DTEFJ2RMGYBA2QZS7HMFEW-clothes,cap,3762.0,01K0Q93G25Z9W9HZ9G3HM3K1RE-clothes,18,gloves,clothes,human,human
01K4DSN8Q53Z7JHKNXRM4ZJ41G,01K4DTEFJ2RMGYBA2QZS7HMFEW-clothes,flat top,7570.0,01K0Q93G25Z9W9HZ9G3HM3K1RE-clothes,19,gloves,clothes,human,human
01K4DSN8Q53Z7JHKNXRM4ZJ41G,01K4DTEFJ2RMGYBA2QZS7HMFEW-clothes,heel,1250.0,01K0Q93G25Z9W9HZ9G3HM3K1RE-clothes,20,jacket,clothes,human,human
01K4DSN8Q53Z7JHKNXRM4ZJ41G,01K4DTEFJ2RMGYBA2QZS7HMFEW-clothes,shorts,8420.0,01K0Q93G25Z9W9HZ9G3HM3K1RE-clothes,21,dress,clothes,human,human
01K4DSN8Q53Z7JHKNXRM4ZJ41G,01K4DTEFJ2RMGYBA2QZS7HMFEW-clothes,skirt,2252.0,01K0Q93G25Z9W9HZ9G3HM3K1RE-clothes,22,pants,clothes,human,human
01K4DSN8Q53Z7JHKNXRM4ZJ41G,01K4DTEFJ2RMGYBA2QZS7HMFEW-clothes,dress,2809.0,01K0Q93G25Z9W9HZ9G3HM3K1RE-clothes,23,tights,clothes,human,human
01K4DSN8Q53Z7JHKNXRM4ZJ41G,01K4DTEFJ2RMGYBA2QZS7HMFEW-clothes,underwear,6599.0,01K0Q93G25Z9W9HZ9G3HM3K1RE-clothes,24,tights,clothes,human,human
01K4DSN8Q53Z7JHKNXRM4ZJ41G,01K4DTEFJ2RMGYBA2QZS7HMFEW-clothes,panties,1917.0,01K0Q93G25Z9W9HZ9G3HM3K1RE-clothes,25,vest,clothes,human,human
01K4DSN8Q53Z7JHKNXRM4ZJ41G,01K4DTEFJ2RMGYBA2QZS7HMFEW-clothes,bra,1646.0,01K0Q93G25Z9W9HZ9G3HM3K1RE-clothes,26,top,clothes,human,human
01K4DSN8Q53Z7JHKNXRM4ZJ41G,01K4DTEFJ2RMGYBA2QZS7HMFEW-clothes,swim trunks,7143.0,01K0Q93G25Z9W9HZ9G3HM3K1RE-clothes,27,vest,clothes,human,human
01K4DSN8Q53Z7JHKNXRM4ZJ41G,01K4DTEFJ2RMGYBA2QZS7HMFEW-clothes,swim top,4109.0,01K0Q93G25Z9W9HZ9G3HM3K1RE-clothes,28,swimcostume,clothes,human,human
01K4DSN8Q53Z7JHKNXRM4ZJ41G,01K4DTEFJ2RMGYBA2QZS7HMFEW-clothes,bikini,1660.0,01K0Q93G25Z9W9HZ9G3HM3K1RE-clothes,29,swimhat,clothes,human,human
01K4DSN8Q53Z7JHKNXRM4ZJ41G,01K4DTEFJ2RMGYBA2QZS7HMFEW-clothes,one-piece,9143.0,01K0Q93G25Z9W9HZ9G3HM3K1RE-clothes,30,dress,clothes,human,human
01K4DSN8Q53Z7JHKNXRM4ZJ41G,01K4DTEFJ2RMGYBA2QZS7HMFEW-clothes,flat,11900.0,01K0Q93G25Z9W9HZ9G3HM3K1RE-clothes,31,romper,clothes,human,human
01K4DSN8Q53Z7JHKNXRM4ZJ41G,01K4DTEFJ2RMGYBA2QZS7HMFEW-clothes,slacks,3028.0,01K0Q93G25Z9W9HZ9G3HM3K1RE-clothes,32,shorts,clothes,human,human
01K4DSN8Q53Z7JHKNXRM4ZJ41G,01K4DTEFJ2RMGYBA2QZS7HMFEW-clothes,bow tie,3813.0,01K0Q93G25Z9W9HZ9G3HM3K1RE-clothes,33,socks,clothes,human,human
01K4DSN8Q53Z7JHKNXRM4ZJ41G,01K4DTEFJ2RMGYBA2QZS7HMFEW-clothes,cargo pants,4556.0,01K0Q93G25Z9W9HZ9G3HM3K1RE-clothes,34,shirt,clothes,human,human
01K4DSN8Q53Z7JHKNXRM4ZJ41G,01K4DTEFJ2RMGYBA2QZS7HMFEW-clothes,camouflage pants,7561.0,01K0Q93G25Z9W9HZ9G3HM3K1RE-clothes,35,joggers,clothes,human,human
01K4DSN8Q53Z7JHKNXRM4ZJ41G,01K4DTEFJ2RMGYBA2QZS7HMFEW-clothes,sweatband,16030.0,01K0Q93G25Z9W9HZ9G3HM3K1RE-clothes,36,trousers,clothes,human,human
01K4DSN8Q53Z7JHKNXRM4ZJ41G,01K4DTEFJ2RMGYBA2QZS7HMFEW-clothes,skort,4691.0,01K0Q93G25Z9W9HZ9G3HM3K1RE-clothes,37,headband,clothes,human,human
01KEYTFBTAB0Q19HSFAB50C4AN,01KEYZZ564VR8GHAFMME5V2E0Z,dog,5541.0,01JRZMXC6J5VRHG4070J0B63FB-animals,1,,animals,human,human
01KEYTFBTAB0Q19HSFAB50C4AN,01KEYZZ564VR8GHAFMME5V2E0Z,cat,961.0,01JRZMXC6J5VRHG4070J0B63FB-animals,2,cat,animals,human,human
01KEYTFBTAB0Q19HSFAB50C4AN,01KEYZZ564VR8GHAFMME5V2E0Z,sheep,2171.0,01JRZMXC6J5VRHG4070J0B63FB-animals,3,mouse,animals,human,human
01KEYTFBTAB0Q19HSFAB50C4AN,01KEYZZ564VR8GHAFMME5V2E0Z,lamb,1897.0,01JRZMXC6J5VRHG4070J0B63FB-animals,4,cow,animals,human,human
01KEYTFBTAB0Q19HSFAB50C4AN,01KEYZZ564VR8GHAFMME5V2E0Z,lion,1009.0,01JRZMXC6J5VRHG4070J0B63FB-animals,5,sheep,animals,human,human
01KEYTFBTAB0Q19HSFAB50C4AN,01KEYZZ564VR8GHAFMME5V2E0Z,bison,4321.0,01JRZMXC6J5VRHG4070J0B63FB-animals,6,tiger,animals,human,human
01KEYTFBTAB0Q19HSFAB50C4AN,01KEYZZ564VR8GHAFMME5V2E0Z,bird,10054.0,01JRZMXC6J5VRHG4070J0B63FB-animals,7,deer,animals,human,human
01KEYTFBTAB0Q19HSFAB50C4AN,01KEYZZ564VR8GHAFMME5V2E0Z,deer,7988.0,01JRZMXC6J5VRHG4070J0B63FB-animals,8,eagle,animals,human,human
01KEYTFBTAB0Q19HSFAB50C4AN,01KEYZZ564VR8GHAFMME5V2E0Z,cow,5563.0,01JRZMXC6J5VRHG4070J0B63FB-animals,9,crocodile,animals,human,human
01KEYTFBTAB0Q19HSFAB50C4AN,01KEYZZ564VR8GHAFMME5V2E0Z,octopus,6135.0,01JRZMXC6J5VRHG4070J0B63FB-animals,10,sheep,animals,human,human
01KEYTFBTAB0Q19HSFAB50C4AN,01KEYZZ564VR8GHAFMME5V2E0Z,fish,2030.0,01JRZMXC6J5VRHG4070J0B63FB-animals,11,dolphin,animals,human,human
01KEYTFBTAB0Q19HSFAB50C4AN,01KEYZZ564VR8GHAFMME5V2E0Z,shark,2063.0,01JRZMXC6J5VRHG4070J0B63FB-animals,12,crab,animals,human,human
01KEYTFBTAB0Q19HSFAB50C4AN,01KEYZZ564VR8GHAFMME5V2E0Z,ant,2828.0,01JRZMXC6J5VRHG4070J0B63FB-animals,13,whale,animals,human,human
01KEYTFBTAB0Q19HSFAB50C4AN,01KEYZZ564VR8GHAFMME5V2E0Z,cheetah,7600.0,01JRZMXC6J5VRHG4070J0B63FB-animals,14,beetle,animals,human,human
01KEYTFBTAB0Q19HSFAB50C4AN,01KEYZZ564VR8GHAFMME5V2E0Z,elephant,6751.0,01JRZMXC6J5VRHG4070J0B63FB-animals,15,tiger,animals,human,human
01KEYTFBTAB0Q19HSFAB50C4AN,01KEYZZ564VR8GHAFMME5V2E0Z,spider,2457.0,01JRZMXC6J5VRHG4070J0B63FB-animals,16,giraffe,animals,human,human
01KEYTFBTAB0Q19HSFAB50C4AN,01KEYZZ564VR8GHAFMME5V2E0Z,fox,5630.0,01JRZMXC6J5VRHG4070J0B63FB-animals,17,snake,animals,human,human
01KEYTFBTAB0Q19HSFAB50C4AN,01KEYZZ564VR8GHAFMME5V2E0Z,rat,22423.0,01JRZMXC6J5VRHG4070J0B63FB-animals,18,weasel,animals,human,human
01KEYTFBTAB0Q19HSFAB50C4AN,01KEYZZ564VR8GHAFMME5V2E0Z,mouse,1195.0,01JRZMXC6J5VRHG4070J0B63FB-animals,19,mouse,animals,human,human
01KEYTFBTAB0Q19HSFAB50C4AN,01KEYZZ564VR8GHAFMME5V2E0Z,snake,4891.0,01JRZMXC6J5VRHG4070J0B63FB-animals,20,rabbit,animals,human,human
01KEYTFBTAB0Q19HSFAB50C4AN,01KEYZZ564VR8GHAFMME5V2E0Z,robin,9416.0,01JRZMXC6J5VRHG4070J0B63FB-animals,21,worm,animals,human,human
01KEYTFBTAB0Q19HSFAB50C4AN,01KEYZZ564VR8GHAFMME5V2E0Z,ox,6207.0,01JRZMXC6J5VRHG4070J0B63FB-animals,22,eagle,animals,human,human
01KEYTFBTAB0Q19HSFAB50C4AN,01KEYZZ564VR8GHAFMME5V2E0Z,frog,10924.0,01JRZMXC6J5VRHG4070J0B63FB-animals,23,cow,animals,human,human
01KEYTFBTAB0Q19HSFAB50C4AN,01KEYZZ564VR8GHAFMME5V2E0Z,toad,1061.0,01JRZMXC6J5VRHG4070J0B63FB-animals,24,toad,animals,human,human
01KEYTFBTAB0Q19HSFAB50C4AN,01KEYZZ564VR8GHAFMME5V2E0Z,rabbit,1165.0,01JRZMXC6J5VRHG4070J0B63FB-animals,25,worm,animals,human,human
01KEYTFBTAB0Q19HSFAB50C4AN,01KEYZZ564VR8GHAFMME5V2E0Z,hare,3035.0,01JRZMXC6J5VRHG4070J0B63FB-animals,26,owl,animals,human,human
01KEYTFBTAB0Q19HSFAB50C4AN,01KEYZZ564VR8GHAFMME5V2E0Z,baboon,6089.0,01JRZMXC6J5VRHG4070J0B63FB-animals,27,eagle,animals,human,human
01KEYTFBTAB0Q19HSFAB50C4AN,01KEYZZ564VR8GHAFMME5V2E0Z,chimpanzee,2177.0,01JRZMXC6J5VRHG4070J0B63FB-animals,28,monkey,animals,human,human
01KEYTFBTAB0Q19HSFAB50C4AN,01KEYZZ564VR8GHAFMME5V2E0Z,gorilla,4693.0,01JRZMXC6J5VRHG4070J0B63FB-animals,29,gorilla,animals,human,human
01KEYTFBTAB0Q19HSFAB50C4AN,01KEYZZ564VR8GHAFMME5V2E0Z,alpaca,5319.0,01JRZMXC6J5VRHG4070J0B63FB-animals,30,monkey,animals,human,human
01KEYTFBTAB0Q19HSFAB50C4AN,01KEYZZ564VR8GHAFMME5V2E0Z,lizard,3921.0,01JRZMXC6J5VRHG4070J0B63FB-animals,31,llama,animals,human,human
01KEYTFBTAB0Q19HSFAB50C4AN,01KEYZZ564VR8GHAFMME5V2E0Z,dolphin,4355.0,01JRZMXC6J5VRHG4070J0B63FB-animals,32,newt,animals,human,human
01KEYTFBTAB0Q19HSFAB50C4AN,01KEYZZ564VR8GHAFMME5V2E0Z,swan,7101.0,01JRZMXC6J5VRHG4070J0B63FB-animals,33,whale,animals,human,human
01KEYTFBTAB0Q19HSFAB50C4AN,01KEYZZ564VR8GHAFMME5V2E0Z,polar bear,7115.0,01JRZMXC6J5VRHG4070J0B63FB-animals,34,bird,animals,human,human
01KEYTFBSFKNJPK9SMKAXEYRD5,01KEYZJWHXDN30STGCHJFED663,trolley,5798.0,01JRZNBSJJKSD28TPGC4NBSM6F-supermarket,1,,supermarket,human,human
01KEYTFBSFKNJPK9SMKAXEYRD5,01KEYZJWHXDN30STGCHJFED663,pear,3235.0,01JRZNBSJJKSD28TPGC4NBSM6F-supermarket,2,car,supermarket,human,human
01KEYTFBSFKNJPK9SMKAXEYRD5,01KEYZJWHXDN30STGCHJFED663,apple,2166.0,01JRZNBSJJKSD28TPGC4NBSM6F-supermarket,3,cobbler,supermarket,human,human
01KEYTFBSFKNJPK9SMKAXEYRD5,01KEYZJWHXDN30STGCHJFED663,till,2963.0,01JRZNBSJJKSD28TPGC4NBSM6F-supermarket,4,pie,supermarket,human,human
01KEYTFBSFKNJPK9SMKAXEYRD5,01KEYZJWHXDN30STGCHJFED663,checkout,3006.0,01JRZNBSJJKSD28TPGC4NBSM6F-supermarket,5,money,supermarket,human,human
01KEYTFBSFKNJPK9SMKAXEYRD5,01KEYZJWHXDN30STGCHJFED663,basket,2741.0,01JRZNBSJJKSD28TPGC4NBSM6F-supermarket,6,grocery,supermarket,human,human
01KEYTFBSFKNJPK9SMKAXEYRD5,01KEYZJWHXDN30STGCHJFED663,meat,2939.0,01JRZNBSJJKSD28TPGC4NBSM6F-supermarket,7,food,supermarket,human,human
01KEYTFBSFKNJPK9SMKAXEYRD5,01KEYZJWHXDN30STGCHJFED663,money,3378.0,01JRZNBSJJKSD28TPGC4NBSM6F-supermarket,8,animal,supermarket,human,human
01KEYTFBSFKNJPK9SMKAXEYRD5,01KEYZJWHXDN30STGCHJFED663,chicken,8646.0,01JRZNBSJJKSD28TPGC4NBSM6F-supermarket,9,cash,supermarket,human,human
01KEYTFBSFKNJPK9SMKAXEYRD5,01KEYZJWHXDN30STGCHJFED663,pork,2735.0,01JRZNBSJJKSD28TPGC4NBSM6F-supermarket,10,leg,supermarket,human,human
01KEYTFBSFKNJPK9SMKAXEYRD5,01KEYZJWHXDN30STGCHJFED663,bacon,4068.0,01JRZNBSJJKSD28TPGC4NBSM6F-supermarket,11,fish,supermarket,human,human
01KEYTFBSFKNJPK9SMKAXEYRD5,01KEYZJWHXDN30STGCHJFED663,rum,4207.0,01JRZNBSJJKSD28TPGC4NBSM6F-supermarket,12,sausage,supermarket,human,human
01KEYTFBSFKNJPK9SMKAXEYRD5,01KEYZJWHXDN30STGCHJFED663,whiskey,4238.0,01JRZNBSJJKSD28TPGC4NBSM6F-supermarket,13,vodka,supermarket,human,human
01KEYTFBSFKNJPK9SMKAXEYRD5,01KEYZJWHXDN30STGCHJFED663,vodka,4094.0,01JRZNBSJJKSD28TPGC4NBSM6F-supermarket,14,vodka,supermarket,human,human
01KEYTFBSFKNJPK9SMKAXEYRD5,01KEYZJWHXDN30STGCHJFED663,yoghurt,2938.0,01JRZNBSJJKSD28TPGC4NBSM6F-supermarket,15,gin,supermarket,human,human
01KEYTFBSFKNJPK9SMKAXEYRD5,01KEYZJWHXDN30STGCHJFED663,milk,2028.0,01JRZNBSJJKSD28TPGC4NBSM6F-supermarket,16,milk,supermarket,human,human
01KEYTFBSFKNJPK9SMKAXEYRD5,01KEYZJWHXDN30STGCHJFED663,cheese,2157.0,01JRZNBSJJKSD28TPGC4NBSM6F-supermarket,17,cheese,supermarket,human,human
01KEYTFBSFKNJPK9SMKAXEYRD5,01KEYZJWHXDN30STGCHJFED663,water,2929.0,01JRZNBSJJKSD28TPGC4NBSM6F-supermarket,18,bread,supermarket,human,human
01KEYTFBSFKNJPK9SMKAXEYRD5,01KEYZJWHXDN30STGCHJFED663,butter,4867.0,01JRZNBSJJKSD28TPGC4NBSM6F-supermarket,19,soda,supermarket,human,human
01KEYTFBSFKNJPK9SMKAXEYRD5,01KEYZJWHXDN30STGCHJFED663,cucumber,2616.0,01JRZNBSJJKSD28TPGC4NBSM6F-supermarket,20,jam,supermarket,human,human
01KEYTFBSFKNJPK9SMKAXEYRD5,01KEYZJWHXDN30STGCHJFED663,carrot,3090.0,01JRZNBSJJKSD28TPGC4NBSM6F-supermarket,21,tomato,supermarket,human,human
01KEYTFBSFKNJPK9SMKAXEYRD5,01KEYZJWHXDN30STGCHJFED663,cabbage,2810.0,01JRZNBSJJKSD28TPGC4NBSM6F-supermarket,22,tomato,supermarket,human,human
01KEYTFBSFKNJPK9SMKAXEYRD5,01KEYZJWHXDN30STGCHJFED663,lettuce,3785.0,01JRZNBSJJKSD28TPGC4NBSM6F-supermarket,23,lettuce,supermarket,human,human
01KEYTFBSFKNJPK9SMKAXEYRD5,01KEYZJWHXDN30STGCHJFED663,dishwasher salt,4973.0,01JRZNBSJJKSD28TPGC4NBSM6F-supermarket,24,tomato,supermarket,human,human
01KEYTFBSFKNJPK9SMKAXEYRD5,01KEYZJWHXDN30STGCHJFED663,antibacterial,4411.0,01JRZNBSJJKSD28TPGC4NBSM6F-supermarket,25,pepper,supermarket,human,human
01KEYTFBSFKNJPK9SMKAXEYRD5,01KEYZJWHXDN30STGCHJFED663,nappy,3580.0,01JRZNBSJJKSD28TPGC4NBSM6F-supermarket,26,detergent,supermarket,human,human
01KEYTFBSFKNJPK9SMKAXEYRD5,01KEYZJWHXDN30STGCHJFED663,wipe,3292.0,01JRZNBSJJKSD28TPGC4NBSM6F-supermarket,27,formula,supermarket,human,human
01KEYTFBSFKNJPK9SMKAXEYRD5,01KEYZJWHXDN30STGCHJFED663,oat bar,3801.0,01JRZNBSJJKSD28TPGC4NBSM6F-supermarket,28,formula,supermarket,human,human
01KEYTFBSFKNJPK9SMKAXEYRD5,01KEYZJWHXDN30STGCHJFED663,flapjack,5256.0,01JRZNBSJJKSD28TPGC4NBSM6F-supermarket,29,granola,supermarket,human,human
01KEYTFBSFKNJPK9SMKAXEYRD5,01KEYZJWHXDN30STGCHJFED663,bread,2181.0,01JRZNBSJJKSD28TPGC4NBSM6F-supermarket,30,syrup,supermarket,human,human
01KEYTFBSFKNJPK9SMKAXEYRD5,01KEYZJWHXDN30STGCHJFED663,tomato,8026.0,01JRZNBSJJKSD28TPGC4NBSM6F-supermarket,31,jam,supermarket,human,human
01KEYTFBSFKNJPK9SMKAXEYRD5,01KEYZJWHXDN30STGCHJFED663,parsnip,8526.0,01JRZNBSJJKSD28TPGC4NBSM6F-supermarket,32,soup,supermarket,human,human
01KEYTFBSFKNJPK9SMKAXEYRD5,01KEYZJWHXDN30STGCHJFED663,butternut squash,5782.0,01JRZNBSJJKSD28TPGC4NBSM6F-supermarket,33,turnip,supermarket,human,human
01KEYTFBSFKNJPK9SMKAXEYRD5,01KEYZJWHXDN30STGCHJFED663,pumpkin,2283.0,01JRZNBSJJKSD28TPGC4NBSM6F-supermarket,34,turnip,supermarket,human,human
01KEYTFBSFKNJPK9SMKAXEYRD5,01KEYZJWHXDN30STGCHJFED663,goat's cheese,4192.0,01JRZNBSJJKSD28TPGC4NBSM6F-supermarket,35,squash,supermarket,human,human
01KEYTFBSFKNJPK9SMKAXEYRD5,01KEYZJWHXDN30STGCHJFED663,cheddar,2632.0,01JRZNBSJJKSD28TPGC4NBSM6F-supermarket,36,sourcream,supermarket,human,human
01KEYTFBSFKNJPK9SMKAXEYRD5,01KEYZJWHXDN30STGCHJFED663,wensleydale cheese,6243.0,01JRZNBSJJKSD28TPGC4NBSM6F-supermarket,37,swiss,supermarket,human,human
01KEYTFBSFKNJPK9SMKAXEYRD5,01KEYZJWHXDN30STGCHJFED663,baby food,5872.0,01JRZNBSJJKSD28TPGC4NBSM6F-supermarket,38,swiss,supermarket,human,human
01KEYTFBSFKNJPK9SMKAXEYRD5,01KEYZJWHXDN30STGCHJFED663,formula,3122.0,01JRZNBSJJKSD28TPGC4NBSM6F-supermarket,39,formula,supermarket,human,human
01KEYTFBSFKNJPK9SMKAXEYRD5,01KEYZJWHXDN30STGCHJFED663,oat milk,3572.0,01JRZNBSJJKSD28TPGC4NBSM6F-supermarket,40,crackers,supermarket,human,human
01KEYTFBSFKNJPK9SMKAXEYRD5,01KEYZJWHXDN30STGCHJFED663,tomato puree,4101.0,01JRZNBSJJKSD28TPGC4NBSM6F-supermarket,41,soymilk,supermarket,human,human
01KEYTFBSFKNJPK9SMKAXEYRD5,01KEYZJWHXDN30STGCHJFED663,tinned tomato,3810.0,01JRZNBSJJKSD28TPGC4NBSM6F-supermarket,42,soup,supermarket,human,human
01KEYTFBSG259XPXEZ2D71654G,01KEYZCZHH47JNRWFXVNF9VSZN,egg,6133.0,01JYPFSAXF4FMEYE7DTQ1JMJ7X-supermarket,1,,supermarket,human,human
01KEYTFBSG259XPXEZ2D71654G,01KEYZCZHH47JNRWFXVNF9VSZN,milk,3554.0,01JYPFSAXF4FMEYE7DTQ1JMJ7X-supermarket,2,milk,supermarket,human,human
01KEYTFBSG259XPXEZ2D71654G,01KEYZCZHH47JNRWFXVNF9VSZN,bread,3302.0,01JYPFSAXF4FMEYE7DTQ1JMJ7X-supermarket,3,butter,supermarket,human,human
01KEYTFBSG259XPXEZ2D71654G,01KEYZCZHH47JNRWFXVNF9VSZN,bun,3010.0,01JYPFSAXF4FMEYE7DTQ1JMJ7X-supermarket,4,toiletroll,supermarket,human,human
01KEYTFBSG259XPXEZ2D71654G,01KEYZCZHH47JNRWFXVNF9VSZN,hot dog,3163.0,01JYPFSAXF4FMEYE7DTQ1JMJ7X-supermarket,5,cake,supermarket,human,human
01KEYTFBSG259XPXEZ2D71654G,01KEYZCZHH47JNRWFXVNF9VSZN,brat,2805.0,01JYPFSAXF4FMEYE7DTQ1JMJ7X-supermarket,6,beans,supermarket,human,human
01KEYTFBSG259XPXEZ2D71654G,01KEYZCZHH47JNRWFXVNF9VSZN,ham,3049.0,01JYPFSAXF4FMEYE7DTQ1JMJ7X-supermarket,7,barbie,supermarket,human,human
01KEYTFBSG259XPXEZ2D71654G,01KEYZCZHH47JNRWFXVNF9VSZN,turkey,3619.0,01JYPFSAXF4FMEYE7DTQ1JMJ7X-supermarket,8,yoghurt,supermarket,human,human
01KEYTFBSG259XPXEZ2D71654G,01KEYZCZHH47JNRWFXVNF9VSZN,chicken,3250.0,01JYPFSAXF4FMEYE7DTQ1JMJ7X-supermarket,9,chicken,supermarket,human,human
01KEYTFBSG259XPXEZ2D71654G,01KEYZCZHH47JNRWFXVNF9VSZN,potato,4135.0,01JYPFSAXF4FMEYE7DTQ1JMJ7X-supermarket,10,beef,supermarket,human,human
01KEYTFBSG259XPXEZ2D71654G,01KEYZCZHH47JNRWFXVNF9VSZN,french fry,4011.0,01JYPFSAXF4FMEYE7DTQ1JMJ7X-supermarket,11,onion,supermarket,human,human
01KEYTFBSG259XPXEZ2D71654G,01KEYZCZHH47JNRWFXVNF9VSZN,tater tot,4565.0,01JYPFSAXF4FMEYE7DTQ1JMJ7X-supermarket,12,pizza,supermarket,human,human
01KEYTFBSG259XPXEZ2D71654G,01KEYZCZHH47JNRWFXVNF9VSZN,potato wedge,4271.0,01JYPFSAXF4FMEYE7DTQ1JMJ7X-supermarket,13,roastpotatoes,supermarket,human,human
01KEYTFBSG259XPXEZ2D71654G,01KEYZCZHH47JNRWFXVNF9VSZN,hash brown,5272.0,01JYPFSAXF4FMEYE7DTQ1JMJ7X-supermarket,14,fries,supermarket,human,human
01KEYTFBSG259XPXEZ2D71654G,01KEYZCZHH47JNRWFXVNF9VSZN,pizza,2897.0,01JYPFSAXF4FMEYE7DTQ1JMJ7X-supermarket,15,mashedpotato,supermarket,human,human
01KEYTFBSG259XPXEZ2D71654G,01KEYZCZHH47JNRWFXVNF9VSZN,hot pocket,3500.0,01JYPFSAXF4FMEYE7DTQ1JMJ7X-supermarket,16,nuggets,supermarket,human,human
01KEYTFBSG259XPXEZ2D71654G,01KEYZCZHH47JNRWFXVNF9VSZN,jam,4009.0,01JYPFSAXF4FMEYE7DTQ1JMJ7X-supermarket,17,pizzapocket,supermarket,human,human
01KEYTFBSG259XPXEZ2D71654G,01KEYZCZHH47JNRWFXVNF9VSZN,peanut butter,7463.0,01JYPFSAXF4FMEYE7DTQ1JMJ7X-supermarket,18,coffee,supermarket,human,human
01KEYTFBSG259XPXEZ2D71654G,01KEYZCZHH47JNRWFXVNF9VSZN,butter,2991.0,01JYPFSAXF4FMEYE7DTQ1JMJ7X-supermarket,19,syrup,supermarket,human,human
01KEYTFBSG259XPXEZ2D71654G,01KEYZCZHH47JNRWFXVNF9VSZN,yogurt,4532.0,01JYPFSAXF4FMEYE7DTQ1JMJ7X-supermarket,20,butter,supermarket,human,human
01KEYTFBSG259XPXEZ2D71654G,01KEYZCZHH47JNRWFXVNF9VSZN,pudding,5690.0,01JYPFSAXF4FMEYE7DTQ1JMJ7X-supermarket,21,cheese,supermarket,human,human
01KEYTFBSG259XPXEZ2D71654G,01KEYZCZHH47JNRWFXVNF9VSZN,ice cream,3513.0,01JYPFSAXF4FMEYE7DTQ1JMJ7X-supermarket,22,custard,supermarket,human,human
01KEYTFBSG259XPXEZ2D71654G,01KEYZCZHH47JNRWFXVNF9VSZN,popsicle,4047.0,01JYPFSAXF4FMEYE7DTQ1JMJ7X-supermarket,23,icelolloes,supermarket,human,human
01KEYTFBSG259XPXEZ2D71654G,01KEYZCZHH47JNRWFXVNF9VSZN,ramen,5071.0,01JYPFSAXF4FMEYE7DTQ1JMJ7X-supermarket,24,ice,supermarket,human,human
01KEYTFBSG259XPXEZ2D71654G,01KEYZCZHH47JNRWFXVNF9VSZN,soy sauce,3323.0,01JYPFSAXF4FMEYE7DTQ1JMJ7X-supermarket,25,noodles,supermarket,human,human
01KEYTFBSG259XPXEZ2D71654G,01KEYZCZHH47JNRWFXVNF9VSZN,ranch dressing,5527.0,01JYPFSAXF4FMEYE7DTQ1JMJ7X-supermarket,26,fishsauce,supermarket,human,human
01KEYTFBSG259XPXEZ2D71654G,01KEYZCZHH47JNRWFXVNF9VSZN,cheese,3092.0,01JYPFSAXF4FMEYE7DTQ1JMJ7X-supermarket,27,mayonaisse,supermarket,human,human
01KEYTFBSG259XPXEZ2D71654G,01KEYZCZHH47JNRWFXVNF9VSZN,apple,3963.0,01JYPFSAXF4FMEYE7DTQ1JMJ7X-supermarket,28,gratedcheese,supermarket,human,human
01KEYTFBSG259XPXEZ2D71654G,01KEYZCZHH47JNRWFXVNF9VSZN,orange,3041.0,01JYPFSAXF4FMEYE7DTQ1JMJ7X-supermarket,29,banana,supermarket,human,human
01KEYTFBSG259XPXEZ2D71654G,01KEYZCZHH47JNRWFXVNF9VSZN,watermelon,5216.0,01JYPFSAXF4FMEYE7DTQ1JMJ7X-supermarket,30,strawberry,supermarket,human,human
01KEYTFBSG259XPXEZ2D71654G,01KEYZCZHH47JNRWFXVNF9VSZN,lemon,3060.0,01JYPFSAXF4FMEYE7DTQ1JMJ7X-supermarket,31,strawberry,supermarket,human,human
01KEYTFBSG259XPXEZ2D71654G,01KEYZCZHH47JNRWFXVNF9VSZN,onion,3409.0,01JYPFSAXF4FMEYE7DTQ1JMJ7X-supermarket,32,banana,supermarket,human,human
01KEYTFBSG259XPXEZ2D71654G,01KEYZCZHH47JNRWFXVNF9VSZN,carrot,3381.0,01JYPFSAXF4FMEYE7DTQ1JMJ7X-supermarket,33,peppers,supermarket,human,human
01KEYTFBSG259XPXEZ2D71654G,01KEYZCZHH47JNRWFXVNF9VSZN,lettuce,3550.0,01JYPFSAXF4FMEYE7DTQ1JMJ7X-supermarket,34,pepper,supermarket,human,human
01KEYTFBSG259XPXEZ2D71654G,01KEYZCZHH47JNRWFXVNF9VSZN,salad,2864.0,01JYPFSAXF4FMEYE7DTQ1JMJ7X-supermarket,35,pepper,supermarket,human,human
01KEYTFBSG259XPXEZ2D71654G,01KEYZCZHH47JNRWFXVNF9VSZN,chicken nugget,4003.0,01JYPFSAXF4FMEYE7DTQ1JMJ7X-supermarket,36,pepper,supermarket,human,human
01KEYTFBSG259XPXEZ2D71654G,01KEYZCZHH47JNRWFXVNF9VSZN,boneless wing,6365.0,01JYPFSAXF4FMEYE7DTQ1JMJ7X-supermarket,37,chickendippers,supermarket,human,human
01KEYTFBSG259XPXEZ2D71654G,01KEYZCZHH47JNRWFXVNF9VSZN,hamburger helper,7335.0,01JYPFSAXF4FMEYE7DTQ1JMJ7X-supermarket,38,drmsticks,supermarket,human,human
01KEYTFBSG259XPXEZ2D71654G,01KEYZCZHH47JNRWFXVNF9VSZN,hamburger bun,8248.0,01JYPFSAXF4FMEYE7DTQ1JMJ7X-supermarket,39,chickenburger,supermarket,human,human
01KEYTFBSG259XPXEZ2D71654G,01KEYZCZHH47JNRWFXVNF9VSZN,hamburger,3377.0,01JYPFSAXF4FMEYE7DTQ1JMJ7X-supermarket,40,tomatosauce,supermarket,human,human
01KEYTFBSG259XPXEZ2D71654G,01KEYZCZHH47JNRWFXVNF9VSZN,roast beef,4778.0,01JYPFSAXF4FMEYE7DTQ1JMJ7X-supermarket,41,mustard,supermarket,human,human
01KEYTFBSBZKDPGNN1JSC4AD80,01KEZ08DFN3ANC5C20S9WFV8KN,cat,7619.0,01JYPFMJX7PFY3CWP406BRNTD2-animals,1,,animals,human,human
01KEYTFBSBZKDPGNN1JSC4AD80,01KEZ08DFN3ANC5C20S9WFV8KN,dog,1249.0,01JYPFMJX7PFY3CWP406BRNTD2-animals,2,dog,animals,human,human
01KEYTFBSBZKDPGNN1JSC4AD80,01KEZ08DFN3ANC5C20S9WFV8KN,tiger,3151.0,01JYPFMJX7PFY3CWP406BRNTD2-animals,3,mouse,animals,human,human
01KEYTFBSBZKDPGNN1JSC4AD80,01KEZ08DFN3ANC5C20S9WFV8KN,lion,1257.0,01JYPFMJX7PFY3CWP406BRNTD2-animals,4,lion,animals,human,human
01KEYTFBSBZKDPGNN1JSC4AD80,01KEZ08DFN3ANC5C20S9WFV8KN,elephant,3091.0,01JYPFMJX7PFY3CWP406BRNTD2-animals,5,giraffe,animals,human,human
01KEYTFBSBZKDPGNN1JSC4AD80,01KEZ08DFN3ANC5C20S9WFV8KN,zebra,1691.0,01JYPFMJX7PFY3CWP406BRNTD2-animals,6,hippo,animals,human,human
01KEYTFBSBZKDPGNN1JSC4AD80,01KEZ08DFN3ANC5C20S9WFV8KN,monkey,2337.0,01JYPFMJX7PFY3CWP406BRNTD2-animals,7,horse,animals,human,human
01KEYTFBSBZKDPGNN1JSC4AD80,01KEZ08DFN3ANC5C20S9WFV8KN,bear,1922.0,01JYPFMJX7PFY3CWP406BRNTD2-animals,8,ape,animals,human,human
01KEYTFBSBZKDPGNN1JSC4AD80,01KEZ08DFN3ANC5C20S9WFV8KN,wolf,1763.0,01JYPFMJX7PFY3CWP406BRNTD2-animals,9,koala,animals,human,human
01KEYTFBSBZKDPGNN1JSC4AD80,01KEZ08DFN3ANC5C20S9WFV8KN,fox,1996.0,01JYPFMJX7PFY3CWP406BRNTD2-animals,10,sheep,animals,human,human
01KEYTFBSBZKDPGNN1JSC4AD80,01KEZ08DFN3ANC5C20S9WFV8KN,giraffe,4026.0,01JYPFMJX7PFY3CWP406BRNTD2-animals,11,badger,animals,human,human
01KEYTFBSBZKDPGNN1JSC4AD80,01KEZ08DFN3ANC5C20S9WFV8KN,horse,5998.0,01JYPFMJX7PFY3CWP406BRNTD2-animals,12,cheetah,animals,human,human
01KEYTFBSBZKDPGNN1JSC4AD80,01KEZ08DFN3ANC5C20S9WFV8KN,pig,1827.0,01JYPFMJX7PFY3CWP406BRNTD2-animals,13,cow,animals,human,human
01KEYTFBSBZKDPGNN1JSC4AD80,01KEZ08DFN3ANC5C20S9WFV8KN,cow,2174.0,01JYPFMJX7PFY3CWP406BRNTD2-animals,14,cow,animals,human,human
01KEYTFBSBZKDPGNN1JSC4AD80,01KEZ08DFN3ANC5C20S9WFV8KN,sheep,2099.0,01JYPFMJX7PFY3CWP406BRNTD2-animals,15,sheep,animals,human,human
01KEYTFBSBZKDPGNN1JSC4AD80,01KEZ08DFN3ANC5C20S9WFV8KN,raccoon,4019.0,01JYPFMJX7PFY3CWP406BRNTD2-animals,16,goat,animals,human,human
01KEYTFBSBZKDPGNN1JSC4AD80,01KEZ08DFN3ANC5C20S9WFV8KN,reindeer,3818.0,01JYPFMJX7PFY3CWP406BRNTD2-animals,17,goat,animals,human,human
01KEYTFBSBZKDPGNN1JSC4AD80,01KEZ08DFN3ANC5C20S9WFV8KN,moose,3939.0,01JYPFMJX7PFY3CWP406BRNTD2-animals,18,deer,animals,human,human
01KEYTFBSBZKDPGNN1JSC4AD80,01KEZ08DFN3ANC5C20S9WFV8KN,hyena,3680.0,01JYPFMJX7PFY3CWP406BRNTD2-animals,19,mouse,animals,human,human
01KEYTFBSBZKDPGNN1JSC4AD80,01KEZ08DFN3ANC5C20S9WFV8KN,bat,2342.0,01JYPFMJX7PFY3CWP406BRNTD2-animals,20,leopard,animals,human,human
01KEYTFBSBZKDPGNN1JSC4AD80,01KEZ08DFN3ANC5C20S9WFV8KN,gorilla,3249.0,01JYPFMJX7PFY3CWP406BRNTD2-animals,21,bird,animals,human,human
01KEYTFBSBZKDPGNN1JSC4AD80,01KEZ08DFN3ANC5C20S9WFV8KN,leopard,6838.0,01JYPFMJX7PFY3CWP406BRNTD2-animals,22,ape,animals,human,human
01KEYTFBSBZKDPGNN1JSC4AD80,01KEZ08DFN3ANC5C20S9WFV8KN,lynx,5194.0,01JYPFMJX7PFY3CWP406BRNTD2-animals,23,cheetah,animals,human,human
01KEYTFBSBZKDPGNN1JSC4AD80,01KEZ08DFN3ANC5C20S9WFV8KN,antelope,5880.0,01JYPFMJX7PFY3CWP406BRNTD2-animals,24,whale,animals,human,human
01KEYTFBSBZKDPGNN1JSC4AD80,01KEZ08DFN3ANC5C20S9WFV8KN,yak,13340.0,01JYPFMJX7PFY3CWP406BRNTD2-animals,25,hippo,animals,human,human
01KEYTFBSBZKDPGNN1JSC4AD80,01KEZ08DFN3ANC5C20S9WFV8KN,llama,4109.0,01JYPFMJX7PFY3CWP406BRNTD2-animals,26,hippo,animals,human,human
01KEYTFBSBZKDPGNN1JSC4AD80,01KEZ08DFN3ANC5C20S9WFV8KN,lemur,3681.0,01JYPFMJX7PFY3CWP406BRNTD2-animals,27,alpaca,animals,human,human
01KEYTFBSBZKDPGNN1JSC4AD80,01KEZ08DFN3ANC5C20S9WFV8KN,beaver,5979.0,01JYPFMJX7PFY3CWP406BRNTD2-animals,28,meercat,animals,human,human
01KEYTFBSBZKDPGNN1JSC4AD80,01KEZ08DFN3ANC5C20S9WFV8KN,goat,17486.0,01JYPFMJX7PFY3CWP406BRNTD2-animals,29,otter,animals,human,human
01KEYTFBSBZKDPGNN1JSC4AD80,01KEZ08DFN3ANC5C20S9WFV8KN,rat,13452.0,01JYPFMJX7PFY3CWP406BRNTD2-animals,30,mouse,animals,human,human
01KEYTFBSBZKDPGNN1JSC4AD80,01KEZ08DFN3ANC5C20S9WFV8KN,mouse,5443.0,01JYPFMJX7PFY3CWP406BRNTD2-animals,31,mouse,animals,human,human
01KEYTFBT5GTRT4SAQ31W49W2Q,01KEZ006E5XYY18GXM0GT51TBV,rabbit,6803.0,01K0Q75Q3KNAZPXRF3ZK2DWHTB-animals,1,,animals,human,human
01KEYTFBT5GTRT4SAQ31W49W2Q,01KEZ006E5XYY18GXM0GT51TBV,duck,2439.0,01K0Q75Q3KNAZPXRF3ZK2DWHTB-animals,2,hare,animals,human,human
01KEYTFBT5GTRT4SAQ31W49W2Q,01KEZ006E5XYY18GXM0GT51TBV,chicken,1699.0,01K0Q75Q3KNAZPXRF3ZK2DWHTB-animals,3,frog,animals,human,human
01KEYTFBT5GTRT4SAQ31W49W2Q,01KEZ006E5XYY18GXM0GT51TBV,goose,1512.0,01K0Q75Q3KNAZPXRF3ZK2DWHTB-animals,4,goose,animals,human,human
01KEYTFBT5GTRT4SAQ31W49W2Q,01KEZ006E5XYY18GXM0GT51TBV,horse,1622.0,01K0Q75Q3KNAZPXRF3ZK2DWHTB-animals,5,turkey,animals,human,human
01KEYTFBT5GTRT4SAQ31W49W2Q,01KEZ006E5XYY18GXM0GT51TBV,zebra,1942.0,01K0Q75Q3KNAZPXRF3ZK2DWHTB-animals,6,donkey,animals,human,human
01KEYTFBT5GTRT4SAQ31W49W2Q,01KEZ006E5XYY18GXM0GT51TBV,cobra,2889.0,01K0Q75Q3KNAZPXRF3ZK2DWHTB-animals,7,giraffe,animals,human,human
01KEYTFBT5GTRT4SAQ31W49W2Q,01KEZ006E5XYY18GXM0GT51TBV,toucan,5465.0,01K0Q75Q3KNAZPXRF3ZK2DWHTB-animals,8,python,animals,human,human
01KEYTFBT5GTRT4SAQ31W49W2Q,01KEZ006E5XYY18GXM0GT51TBV,bald eagle,5789.0,01K0Q75Q3KNAZPXRF3ZK2DWHTB-animals,9,elephant,animals,human,human
01KEYTFBT5GTRT4SAQ31W49W2Q,01KEZ006E5XYY18GXM0GT51TBV,garden snake,5558.0,01K0Q75Q3KNAZPXRF3ZK2DWHTB-animals,10,giraffe,animals,human,human
01KEYTFBT5GTRT4SAQ31W49W2Q,01KEZ006E5XYY18GXM0GT51TBV,lion,4668.0,01K0Q75Q3KNAZPXRF3ZK2DWHTB-animals,11,armadillo,animals,human,human
01KEYTFBT5GTRT4SAQ31W49W2Q,01KEZ006E5XYY18GXM0GT51TBV,tiger,1363.0,01K0Q75Q3KNAZPXRF3ZK2DWHTB-animals,12,cheetah,animals,human,human
01KEYTFBT5GTRT4SAQ31W49W2Q,01KEZ006E5XYY18GXM0GT51TBV,elephant,4454.0,01K0Q75Q3KNAZPXRF3ZK2DWHTB-animals,13,cheetah,animals,human,human
01KEYTFBT5GTRT4SAQ31W49W2Q,01KEZ006E5XYY18GXM0GT51TBV,cougar,1705.0,01K0Q75Q3KNAZPXRF3ZK2DWHTB-animals,14,leopard,animals,human,human
01KEYTFBT5GTRT4SAQ31W49W2Q,01KEZ006E5XYY18GXM0GT51TBV,mountain lion,4446.0,01K0Q75Q3KNAZPXRF3ZK2DWHTB-animals,15,rhino,animals,human,human
01KEYTFBT5GTRT4SAQ31W49W2Q,01KEZ006E5XYY18GXM0GT51TBV,parrot,5267.0,01K0Q75Q3KNAZPXRF3ZK2DWHTB-animals,16,rhino,animals,human,human
01KEYTFBT5GTRT4SAQ31W49W2Q,01KEZ006E5XYY18GXM0GT51TBV,gorilla,3632.0,01K0Q75Q3KNAZPXRF3ZK2DWHTB-animals,17,giraffe,animals,human,human
01KEYTFBT5GTRT4SAQ31W49W2Q,01KEZ006E5XYY18GXM0GT51TBV,chimpanzee,5453.0,01K0Q75Q3KNAZPXRF3ZK2DWHTB-animals,18,monkey,animals,human,human
01KEYTFBT5GTRT4SAQ31W49W2Q,01KEZ006E5XYY18GXM0GT51TBV,goat,4535.0,01K0Q75Q3KNAZPXRF3ZK2DWHTB-animals,19,giraffe,animals,human,human
01KEYTFBT5GTRT4SAQ31W49W2Q,01KEZ006E5XYY18GXM0GT51TBV,sheep,2602.0,01K0Q75Q3KNAZPXRF3ZK2DWHTB-animals,20,pig,animals,human,human
01KEYTFBT5GTRT4SAQ31W49W2Q,01KEZ006E5XYY18GXM0GT51TBV,ostrich,9095.0,01K0Q75Q3KNAZPXRF3ZK2DWHTB-animals,21,pig,animals,human,human
01KEYTFBT5GTRT4SAQ31W49W2Q,01KEZ006E5XYY18GXM0GT51TBV,emu,7799.0,01K0Q75Q3KNAZPXRF3ZK2DWHTB-animals,22,emu,animals,human,human
01KEYTFBT5GTRT4SAQ31W49W2Q,01KEZ006E5XYY18GXM0GT51TBV,turkey,5236.0,01K0Q75Q3KNAZPXRF3ZK2DWHTB-animals,23,pig#,animals,human,human
01KEYTFBT5GTRT4SAQ31W49W2Q,01KEZ006E5XYY18GXM0GT51TBV,toad,2791.0,01K0Q75Q3KNAZPXRF3ZK2DWHTB-animals,24,rhino,animals,human,human
01KEYTFBT5GTRT4SAQ31W49W2Q,01KEZ006E5XYY18GXM0GT51TBV,frog,3595.0,01K0Q75Q3KNAZPXRF3ZK2DWHTB-animals,25,dolphin,animals,human,human
01KEYTFBT5GTRT4SAQ31W49W2Q,01KEZ006E5XYY18GXM0GT51TBV,bullfrog,6519.0,01K0Q75Q3KNAZPXRF3ZK2DWHTB-animals,26,dolphin,animals,human,human
01KEYTFBT5GTRT4SAQ31W49W2Q,01KEZ006E5XYY18GXM0GT51TBV,monkey,10614.0,01K0Q75Q3KNAZPXRF3ZK2DWHTB-animals,27,whale,animals,human,human
01KEYTFBT5GTRT4SAQ31W49W2Q,01KEZ006E5XYY18GXM0GT51TBV,panda,3742.0,01K0Q75Q3KNAZPXRF3ZK2DWHTB-animals,28,whale,animals,human,human
01KEYTFBT5GTRT4SAQ31W49W2Q,01KEZ006E5XYY18GXM0GT51TBV,grizzly bear,4326.0,01K0Q75Q3KNAZPXRF3ZK2DWHTB-animals,29,bear,animals,human,human
01KEYTFBT5GTRT4SAQ31W49W2Q,01KEZ006E5XYY18GXM0GT51TBV,robin,5029.0,01K0Q75Q3KNAZPXRF3ZK2DWHTB-animals,30,polarbear,animals,human,human
01KEYTFBT5GTRT4SAQ31W49W2Q,01KEZ006E5XYY18GXM0GT51TBV,bluebird,3983.0,01K0Q75Q3KNAZPXRF3ZK2DWHTB-animals,31,parrot,animals,human,human
01KEYTFBT5GTRT4SAQ31W49W2Q,01KEZ006E5XYY18GXM0GT51TBV,cat,5324.0,01K0Q75Q3KNAZPXRF3ZK2DWHTB-animals,32,parrot,animals,human,human
01KEYTFBT5GTRT4SAQ31W49W2Q,01KEZ006E5XYY18GXM0GT51TBV,dog,814.0,01K0Q75Q3KNAZPXRF3ZK2DWHTB-animals,33,dog,animals,human,human
01KEYTFBT5GTRT4SAQ31W49W2Q,01KEZ006E5XYY18GXM0GT51TBV,owl,4417.0,01K0Q75Q3KNAZPXRF3ZK2DWHTB-animals,34,hamster,animals,human,human
01KEYTFBT5GTRT4SAQ31W49W2Q,01KEZ006E5XYY18GXM0GT51TBV,goldfish,5355.0,01K0Q75Q3KNAZPXRF3ZK2DWHTB-animals,35,fish,animals,human,human
01KEYTFBT5GTRT4SAQ31W49W2Q,01KEZ006E5XYY18GXM0GT51TBV,shark,3164.0,01K0Q75Q3KNAZPXRF3ZK2DWHTB-animals,36,octopus,animals,human,human
01KEYTFBT5GTRT4SAQ31W49W2Q,01KEZ006E5XYY18GXM0GT51TBV,whale,2967.0,01K0Q75Q3KNAZPXRF3ZK2DWHTB-animals,37,octopus,animals,human,human
01KEYTFBT5GTRT4SAQ31W49W2Q,01KEZ006E5XYY18GXM0GT51TBV,swordfish,8082.0,01K0Q75Q3KNAZPXRF3ZK2DWHTB-animals,38,dolphin,animals,human,human
01KEYTFBT5GTRT4SAQ31W49W2Q,01KEZ006E5XYY18GXM0GT51TBV,gibbon,8568.0,01K0Q75Q3KNAZPXRF3ZK2DWHTB-animals,39,dolphin,animals,human,human
01KEYTFBSJCT0MQA1RFH9QBNFN,01KEYZWZE98JBMR21JJTEE5RYF,milk,2969.0,01JYPFNZ9J2S0ZNCD1D1E8N3Q8-supermarket,1,,supermarket,human,human
01KEYTFBSJCT0MQA1RFH9QBNFN,01KEYZWZE98JBMR21JJTEE5RYF,bread,885.0,01JYPFNZ9J2S0ZNCD1D1E8N3Q8-supermarket,2,bread,supermarket,human,human
01KEYTFBSJCT0MQA1RFH9QBNFN,01KEYZWZE98JBMR21JJTEE5RYF,butter,1003.0,01JYPFNZ9J2S0ZNCD1D1E8N3Q8-supermarket,3,juice,supermarket,human,human
01KEYTFBSJCT0MQA1RFH9QBNFN,01KEYZWZE98JBMR21JJTEE5RYF,orange,998.0,01JYPFNZ9J2S0ZNCD1D1E8N3Q8-supermarket,4,fruit,supermarket,human,human
01KEYTFBSJCT0MQA1RFH9QBNFN,01KEYZWZE98JBMR21JJTEE5RYF,strawberry,2816.0,01JYPFNZ9J2S0ZNCD1D1E8N3Q8-supermarket,5,apple,supermarket,human,human
01KEYTFBSJCT0MQA1RFH9QBNFN,01KEYZWZE98JBMR21JJTEE5RYF,grape,3938.0,01JYPFNZ9J2S0ZNCD1D1E8N3Q8-supermarket,6,avocado,supermarket,human,human
01KEYTFBSJCT0MQA1RFH9QBNFN,01KEYZWZE98JBMR21JJTEE5RYF,bun,2764.0,01JYPFNZ9J2S0ZNCD1D1E8N3Q8-supermarket,7,banana,supermarket,human,human
01KEYTFBSJCT0MQA1RFH9QBNFN,01KEYZWZE98JBMR21JJTEE5RYF,chicken breast,4681.0,01JYPFNZ9J2S0ZNCD1D1E8N3Q8-supermarket,8,hamburger,supermarket,human,human
01KEYTFBSJCT0MQA1RFH9QBNFN,01KEYZWZE98JBMR21JJTEE5RYF,beef,1818.0,01JYPFNZ9J2S0ZNCD1D1E8N3Q8-supermarket,9,hotdog,supermarket,human,human
01KEYTFBSJCT0MQA1RFH9QBNFN,01KEYZWZE98JBMR21JJTEE5RYF,pork,3837.0,01JYPFNZ9J2S0ZNCD1D1E8N3Q8-supermarket,10,pork,supermarket,human,human
01KEYTFBSJCT0MQA1RFH9QBNFN,01KEYZWZE98JBMR21JJTEE5RYF,banana,4875.0,01JYPFNZ9J2S0ZNCD1D1E8N3Q8-supermarket,11,eggs,supermarket,human,human
01KEYTFBSJCT0MQA1RFH9QBNFN,01KEYZWZE98JBMR21JJTEE5RYF,kiwi,3144.0,01JYPFNZ9J2S0ZNCD1D1E8N3Q8-supermarket,12,onion,supermarket,human,human
01KEYTFBSJCT0MQA1RFH9QBNFN,01KEYZWZE98JBMR21JJTEE5RYF,lettuce,1639.0,01JYPFNZ9J2S0ZNCD1D1E8N3Q8-supermarket,13,mango,supermarket,human,human
01KEYTFBSJCT0MQA1RFH9QBNFN,01KEYZWZE98JBMR21JJTEE5RYF,carrot,2155.0,01JYPFNZ9J2S0ZNCD1D1E8N3Q8-supermarket,14,tomato,supermarket,human,human
01KEYTFBSJCT0MQA1RFH9QBNFN,01KEYZWZE98JBMR21JJTEE5RYF,raspberry,6845.0,01JYPFNZ9J2S0ZNCD1D1E8N3Q8-supermarket,15,potato,supermarket,human,human
01KEYTFBSJCT0MQA1RFH9QBNFN,01KEYZWZE98JBMR21JJTEE5RYF,lemon,5614.0,01JYPFNZ9J2S0ZNCD1D1E8N3Q8-supermarket,16,blueberry,supermarket,human,human
01KEYTFBSJCT0MQA1RFH9QBNFN,01KEYZWZE98JBMR21JJTEE5RYF,lime,1752.0,01JYPFNZ9J2S0ZNCD1D1E8N3Q8-supermarket,17,lime,supermarket,human,human
01KEYTFBSJCT0MQA1RFH9QBNFN,01KEYZWZE98JBMR21JJTEE5RYF,cereal,8052.0,01JYPFNZ9J2S0ZNCD1D1E8N3Q8-supermarket,18,garlic,supermarket,human,human
01KEYTFBSJCT0MQA1RFH9QBNFN,01KEYZWZE98JBMR21JJTEE5RYF,oatmeal,2568.0,01JYPFNZ9J2S0ZNCD1D1E8N3Q8-supermarket,19,pizza,supermarket,human,human
01KEYTFBSJCT0MQA1RFH9QBNFN,01KEYZWZE98JBMR21JJTEE5RYF,lasagna,2358.0,01JYPFNZ9J2S0ZNCD1D1E8N3Q8-supermarket,20,syrup,supermarket,human,human
01KEYTFBSJCT0MQA1RFH9QBNFN,01KEYZWZE98JBMR21JJTEE5RYF,noodle,3858.0,01JYPFNZ9J2S0ZNCD1D1E8N3Q8-supermarket,21,spaghetti,supermarket,human,human
01KEYTFBSJCT0MQA1RFH9QBNFN,01KEYZWZE98JBMR21JJTEE5RYF,soup,2368.0,01JYPFNZ9J2S0ZNCD1D1E8N3Q8-supermarket,22,sauce,supermarket,human,human
01KEYTFBSJCT0MQA1RFH9QBNFN,01KEYZWZE98JBMR21JJTEE5RYF,soda pop,4038.0,01JYPFNZ9J2S0ZNCD1D1E8N3Q8-supermarket,23,beans,supermarket,human,human
01KEYTFBSJCT0MQA1RFH9QBNFN,01KEYZWZE98JBMR21JJTEE5RYF,chip,2716.0,01JYPFNZ9J2S0ZNCD1D1E8N3Q8-supermarket,24,water,supermarket,human,human
01KEYTFBSJCT0MQA1RFH9QBNFN,01KEYZWZE98JBMR21JJTEE5RYF,salsa,2004.0,01JYPFNZ9J2S0ZNCD1D1E8N3Q8-supermarket,25,popcorn,supermarket,human,human
01KEYTFBSJCT0MQA1RFH9QBNFN,01KEYZWZE98JBMR21JJTEE5RYF,juice,5642.0,01JYPFNZ9J2S0ZNCD1D1E8N3Q8-supermarket,26,cheese,supermarket,human,human
01KEYTFBSJCT0MQA1RFH9QBNFN,01KEYZWZE98JBMR21JJTEE5RYF,hummus,5214.0,01JYPFNZ9J2S0ZNCD1D1E8N3Q8-supermarket,27,chocolate,supermarket,human,human
01KEYTFBSJCT0MQA1RFH9QBNFN,01KEYZWZE98JBMR21JJTEE5RYF,lunch meat,4874.0,01JYPFNZ9J2S0ZNCD1D1E8N3Q8-supermarket,28,pita,supermarket,human,human
01KEYTFBSJCT0MQA1RFH9QBNFN,01KEYZWZE98JBMR21JJTEE5RYF,water,3240.0,01JYPFNZ9J2S0ZNCD1D1E8N3Q8-supermarket,29,cheese,supermarket,human,human
01KEYTFBSJCT0MQA1RFH9QBNFN,01KEYZWZE98JBMR21JJTEE5RYF,cart,4710.0,01JYPFNZ9J2S0ZNCD1D1E8N3Q8-supermarket,30,mayonnaise,supermarket,human,human
01KEYTFBSJCT0MQA1RFH9QBNFN,01KEYZWZE98JBMR21JJTEE5RYF,cashier,2667.0,01JYPFNZ9J2S0ZNCD1D1E8N3Q8-supermarket,31,cashregister,supermarket,human,human
01KEYTFBSJCT0MQA1RFH9QBNFN,01KEYZWZE98JBMR21JJTEE5RYF,cookie,4896.0,01JYPFNZ9J2S0ZNCD1D1E8N3Q8-supermarket,32,cashregister,supermarket,human,human
01KEYTFBSJCT0MQA1RFH9QBNFN,01KEYZWZE98JBMR21JJTEE5RYF,cracker,2378.0,01JYPFNZ9J2S0ZNCD1D1E8N3Q8-supermarket,33,cracker,supermarket,human,human
01KEYTFBSJCT0MQA1RFH9QBNFN,01KEYZWZE98JBMR21JJTEE5RYF,juice box,7980.0,01JYPFNZ9J2S0ZNCD1D1E8N3Q8-supermarket,34,biscuit,supermarket,human,human
01KEYTFBSJCT0MQA1RFH9QBNFN,01KEYZWZE98JBMR21JJTEE5RYF,margarine,12241.0,01JYPFNZ9J2S0ZNCD1D1E8N3Q8-supermarket,35,granolabar,supermarket,human,human
01KEYTFBSJCT0MQA1RFH9QBNFN,01KEYZWZE98JBMR21JJTEE5RYF,yogurt,2311.0,01JYPFNZ9J2S0ZNCD1D1E8N3Q8-supermarket,36,mayonnaise,supermarket,human,human
01KEYTFBSJCT0MQA1RFH9QBNFN,01KEYZWZE98JBMR21JJTEE5RYF,cheese,4480.0,01JYPFNZ9J2S0ZNCD1D1E8N3Q8-supermarket,37,applesauce,supermarket,human,human
01KEYTFBSJCT0MQA1RFH9QBNFN,01KEYZWZE98JBMR21JJTEE5RYF,cottage cheese,4595.0,01JYPFNZ9J2S0ZNCD1D1E8N3Q8-supermarket,38,wraps,supermarket,human,human
01KEYTFBSJCT0MQA1RFH9QBNFN,01KEYZWZE98JBMR21JJTEE5RYF,frozen vegetable,11133.0,01JYPFNZ9J2S0ZNCD1D1E8N3Q8-supermarket,39,creamcheese,supermarket,human,human
01KEYTFBSJCT0MQA1RFH9QBNFN,01KEYZWZE98JBMR21JJTEE5RYF,frozen fruit,5505.0,01JYPFNZ9J2S0ZNCD1D1E8N3Q8-supermarket,40,frozenfruit,supermarket,human,human
01KEYTFBSJCT0MQA1RFH9QBNFN,01KEYZWZE98JBMR21JJTEE5RYF,salad dressing,2766.0,01JYPFNZ9J2S0ZNCD1D1E8N3Q8-supermarket,41,frozenpizza,supermarket,human,human
01KEYTFBSFKNJPK9SMJHGG8VQD,01KEZ005TMJH4E8DFFYKWDTG2V,ketchup,6115.0,01K0Q8H9RYG20GNF6VZH9NFZX9-supermarket,1,,supermarket,human,human
01KEYTFBSFKNJPK9SMJHGG8VQD,01KEZ005TMJH4E8DFFYKWDTG2V,mustard,2622.0,01K0Q8H9RYG20GNF6VZH9NFZX9-supermarket,2,mayo,supermarket,human,human
01KEYTFBSFKNJPK9SMJHGG8VQD,01KEZ005TMJH4E8DFFYKWDTG2V,grape,1663.0,01K0Q8H9RYG20GNF6VZH9NFZX9-supermarket,3,jam,supermarket,human,human
01KEYTFBSFKNJPK9SMJHGG8VQD,01KEZ005TMJH4E8DFFYKWDTG2V,strawberry,3500.0,01K0Q8H9RYG20GNF6VZH9NFZX9-supermarket,4,wine,supermarket,human,human
01KEYTFBSFKNJPK9SMJHGG8VQD,01KEZ005TMJH4E8DFFYKWDTG2V,yogurt,2442.0,01K0Q8H9RYG20GNF6VZH9NFZX9-supermarket,5,raspberry,supermarket,human,human
01KEYTFBSFKNJPK9SMJHGG8VQD,01KEZ005TMJH4E8DFFYKWDTG2V,milk,1565.0,01K0Q8H9RYG20GNF6VZH9NFZX9-supermarket,6,cereal,supermarket,human,human
01KEYTFBSFKNJPK9SMJHGG8VQD,01KEZ005TMJH4E8DFFYKWDTG2V,cream cheese,4499.0,01K0Q8H9RYG20GNF6VZH9NFZX9-supermarket,7,eggs,supermarket,human,human
01KEYTFBSFKNJPK9SMJHGG8VQD,01KEZ005TMJH4E8DFFYKWDTG2V,cheese,1612.0,01K0Q8H9RYG20GNF6VZH9NFZX9-supermarket,8,bagel,supermarket,human,human
01KEYTFBSFKNJPK9SMJHGG8VQD,01KEZ005TMJH4E8DFFYKWDTG2V,blueberry,3855.0,01K0Q8H9RYG20GNF6VZH9NFZX9-supermarket,9,butter,supermarket,human,human
01KEYTFBSFKNJPK9SMJHGG8VQD,01KEZ005TMJH4E8DFFYKWDTG2V,raspberry,6172.0,01K0Q8H9RYG20GNF6VZH9NFZX9-supermarket,10,jam,supermarket,human,human
01KEYTFBSFKNJPK9SMJHGG8VQD,01KEZ005TMJH4E8DFFYKWDTG2V,coffee,6890.0,01K0Q8H9RYG20GNF6VZH9NFZX9-supermarket,11,blueberry,supermarket,human,human
01KEYTFBSFKNJPK9SMJHGG8VQD,01KEZ005TMJH4E8DFFYKWDTG2V,coffee creamer,3860.0,01K0Q8H9RYG20GNF6VZH9NFZX9-supermarket,12,sugarm,supermarket,human,human
01KEYTFBSFKNJPK9SMJHGG8VQD,01KEZ005TMJH4E8DFFYKWDTG2V,marble cheese,5671.0,01K0Q8H9RYG20GNF6VZH9NFZX9-supermarket,13,syrup,supermarket,human,human
01KEYTFBSFKNJPK9SMJHGG8VQD,01KEZ005TMJH4E8DFFYKWDTG2V,gouda cheese,2886.0,01K0Q8H9RYG20GNF6VZH9NFZX9-supermarket,14,bread,supermarket,human,human
01KEYTFBSFKNJPK9SMJHGG8VQD,01KEZ005TMJH4E8DFFYKWDTG2V,relish,5050.0,01K0Q8H9RYG20GNF6VZH9NFZX9-supermarket,15,edamcheese,supermarket,human,human
01KEYTFBSFKNJPK9SMJHGG8VQD,01KEZ005TMJH4E8DFFYKWDTG2V,mayonnaise,3484.0,01K0Q8H9RYG20GNF6VZH9NFZX9-supermarket,16,salad,supermarket,human,human
01KEYTFBSFKNJPK9SMJHGG8VQD,01KEZ005TMJH4E8DFFYKWDTG2V,hot sauce,4651.0,01K0Q8H9RYG20GNF6VZH9NFZX9-supermarket,17,bread,supermarket,human,human
01KEYTFBSFKNJPK9SMJHGG8VQD,01KEZ005TMJH4E8DFFYKWDTG2V,chip,3024.0,01K0Q8H9RYG20GNF6VZH9NFZX9-supermarket,18,cheese,supermarket,human,human
01KEYTFBSFKNJPK9SMJHGG8VQD,01KEZ005TMJH4E8DFFYKWDTG2V,cracker,4886.0,01K0Q8H9RYG20GNF6VZH9NFZX9-supermarket,19,dip,supermarket,human,human
01KEYTFBSFKNJPK9SMJHGG8VQD,01KEZ005TMJH4E8DFFYKWDTG2V,ramen noodle,4880.0,01K0Q8H9RYG20GNF6VZH9NFZX9-supermarket,20,cheese,supermarket,human,human
01KEYTFBSFKNJPK9SMJHGG8VQD,01KEZ005TMJH4E8DFFYKWDTG2V,candy,4136.0,01K0Q8H9RYG20GNF6VZH9NFZX9-supermarket,21,doritos,supermarket,human,human
01KEYTFBSFKNJPK9SMJHGG8VQD,01KEZ005TMJH4E8DFFYKWDTG2V,hummus,7018.0,01K0Q8H9RYG20GNF6VZH9NFZX9-supermarket,22,reeces,supermarket,human,human
01KEYTFBSFKNJPK9SMJHGG8VQD,01KEZ005TMJH4E8DFFYKWDTG2V,sausage,4676.0,01K0Q8H9RYG20GNF6VZH9NFZX9-supermarket,23,celery,supermarket,human,human
01KEYTFBSFKNJPK9SMJHGG8VQD,01KEZ005TMJH4E8DFFYKWDTG2V,hamburger,2769.0,01K0Q8H9RYG20GNF6VZH9NFZX9-supermarket,24,bacon,supermarket,human,human
01KEYTFBSFKNJPK9SMJHGG8VQD,01KEZ005TMJH4E8DFFYKWDTG2V,hot dog,4180.0,01K0Q8H9RYG20GNF6VZH9NFZX9-supermarket,25,hotdog,supermarket,human,human
01KEYTFBSFKNJPK9SMJHGG8VQD,01KEZ005TMJH4E8DFFYKWDTG2V,hot dog bun,8766.0,01K0Q8H9RYG20GNF6VZH9NFZX9-supermarket,26,bun,supermarket,human,human
01KEYTFBSFKNJPK9SMJHGG8VQD,01KEZ005TMJH4E8DFFYKWDTG2V,hamburger bun,3934.0,01K0Q8H9RYG20GNF6VZH9NFZX9-supermarket,27,onions,supermarket,human,human
01KEYTFBSFKNJPK9SMJHGG8VQD,01KEZ005TMJH4E8DFFYKWDTG2V,celery,8489.0,01K0Q8H9RYG20GNF6VZH9NFZX9-supermarket,28,sauce,supermarket,human,human
01KEYTFBSFKNJPK9SMJHGG8VQD,01KEZ005TMJH4E8DFFYKWDTG2V,carrot,2139.0,01K0Q8H9RYG20GNF6VZH9NFZX9-supermarket,29,lettuce,supermarket,human,human
01KEYTFBSFKNJPK9SMJHGG8VQD,01KEZ005TMJH4E8DFFYKWDTG2V,tomato,8473.0,01K0Q8H9RYG20GNF6VZH9NFZX9-supermarket,30,lettuce,supermarket,human,human
01KEYTFBSFKNJPK9SMJHGG8VQD,01KEZ005TMJH4E8DFFYKWDTG2V,potato,2569.0,01K0Q8H9RYG20GNF6VZH9NFZX9-supermarket,31,lettuce,supermarket,human,human
01KEYTFBSFKNJPK9SMJHGG8VQD,01KEZ005TMJH4E8DFFYKWDTG2V,green onion,8668.0,01K0Q8H9RYG20GNF6VZH9NFZX9-supermarket,32,lettuce,supermarket,human,human
01KEYTFBSFKNJPK9SMJHGG8VQD,01KEZ005TMJH4E8DFFYKWDTG2V,onion,1831.0,01K0Q8H9RYG20GNF6VZH9NFZX9-supermarket,33,lettuce,supermarket,human,human
01KEYTFBSFKNJPK9SMJHGG8VQD,01KEZ005TMJH4E8DFFYKWDTG2V,salad,6848.0,01K0Q8H9RYG20GNF6VZH9NFZX9-supermarket,34,lettuce,supermarket,human,human
01KEYTFBSFKNJPK9SMJHGG8VQD,01KEZ005TMJH4E8DFFYKWDTG2V,sour cream,3003.0,01K0Q8H9RYG20GNF6VZH9NFZX9-supermarket,35,lettuce,supermarket,human,human
01KEYTFBSFKNJPK9SMJHGG8VQD,01KEZ005TMJH4E8DFFYKWDTG2V,pop,10671.0,01K0Q8H9RYG20GNF6VZH9NFZX9-supermarket,36,beef,supermarket,human,human
01KEYTFBSFKNJPK9SMJHGG8VQD,01KEZ005TMJH4E8DFFYKWDTG2V,energy drink,7792.0,01K0Q8H9RYG20GNF6VZH9NFZX9-supermarket,37,soda,supermarket,human,human
01KEYTFANPFV7JMG4NZPJSJH3C,01KEYTPYPJ4S3WPPX6WFV6K899,pants,5008.0,01K0Q78170RYYZT4JVDTD7PVH6-clothes,1,,clothes,human,human
01KEYTFANPFV7JMG4NZPJSJH3C,01KEYTPYPJ4S3WPPX6WFV6K899,shirt,2071.0,01K0Q78170RYYZT4JVDTD7PVH6-clothes,2,shirt,clothes,human,human
01KEYTFANPFV7JMG4NZPJSJH3C,01KEYTPYPJ4S3WPPX6WFV6K899,belt,2605.0,01K0Q78170RYYZT4JVDTD7PVH6-clothes,3,socks,clothes,human,human
01KEYTFANPFV7JMG4NZPJSJH3C,01KEYTPYPJ4S3WPPX6WFV6K899,shoe,2573.0,01K0Q78170RYYZT4JVDTD7PVH6-clothes,4,socks,clothes,human,human
01KEYTFANPFV7JMG4NZPJSJH3C,01KEYTPYPJ4S3WPPX6WFV6K899,tie,1654.0,01K0Q78170RYYZT4JVDTD7PVH6-clothes,5,socks,clothes,human,human
01KEYTFANPFV7JMG4NZPJSJH3C,01KEYTPYPJ4S3WPPX6WFV6K899,jacket,3107.0,01K0Q78170RYYZT4JVDTD7PVH6-clothes,6,socks,clothes,human,human
01KEYTFANPFV7JMG4NZPJSJH3C,01KEYTPYPJ4S3WPPX6WFV6K899,cardigan,3417.0,01K0Q78170RYYZT4JVDTD7PVH6-clothes,7,jeans,clothes,human,human
01KEYTFANPFV7JMG4NZPJSJH3C,01KEYTPYPJ4S3WPPX6WFV6K899,skirt,4095.0,01K0Q78170RYYZT4JVDTD7PVH6-clothes,8,sweater,clothes,human,human
01KEYTFANPFV7JMG4NZPJSJH3C,01KEYTPYPJ4S3WPPX6WFV6K899,dress,1607.0,01K0Q78170RYYZT4JVDTD7PVH6-clothes,9,dress,clothes,human,human
01KEYTFANPFV7JMG4NZPJSJH3C,01KEYTPYPJ4S3WPPX6WFV6K899,blazer,3292.0,01K0Q78170RYYZT4JVDTD7PVH6-clothes,10,socks,clothes,human,human
01KEYTFANPFV7JMG4NZPJSJH3C,01KEYTPYPJ4S3WPPX6WFV6K899,pantyhose,7608.0,01K0Q78170RYYZT4JVDTD7PVH6-clothes,11,hose,clothes,human,human
01KEYTFANPFV7JMG4NZPJSJH3C,01KEYTPYPJ4S3WPPX6WFV6K899,tights,2029.0,01K0Q78170RYYZT4JVDTD7PVH6-clothes,12,socks,clothes,human,human
01KEYTFANPFV7JMG4NZPJSJH3C,01KEYTPYPJ4S3WPPX6WFV6K899,purse,1522.0,01K0Q78170RYYZT4JVDTD7PVH6-clothes,13,socks,clothes,human,human
01KEYTFANPFV7JMG4NZPJSJH3C,01KEYTPYPJ4S3WPPX6WFV6K899,jeans,8341.0,01K0Q78170RYYZT4JVDTD7PVH6-clothes,14,bag,clothes,human,human
01KEYTFANPFV7JMG4NZPJSJH3C,01KEYTPYPJ4S3WPPX6WFV6K899,jogging pants,10379.0,01K0Q78170RYYZT4JVDTD7PVH6-clothes,15,socks,clothes,human,human
01KEYTFANPFV7JMG4NZPJSJH3C,01KEYTPYPJ4S3WPPX6WFV6K899,skort,5862.0,01K0Q78170RYYZT4JVDTD7PVH6-clothes,16,socks,clothes,human,human
01KEYTFANPFV7JMG4NZPJSJH3C,01KEYTPYPJ4S3WPPX6WFV6K899,flat,8448.0,01K0Q78170RYYZT4JVDTD7PVH6-clothes,17,socks,clothes,human,human
01KEYTFANPFV7JMG4NZPJSJH3C,01KEYTPYPJ4S3WPPX6WFV6K899,capri,8601.0,01K0Q78170RYYZT4JVDTD7PVH6-clothes,18,boot,clothes,human,human
01KEYTFANPFV7JMG4NZPJSJH3C,01KEYTPYPJ4S3WPPX6WFV6K899,swimsuit,7838.0,01K0Q78170RYYZT4JVDTD7PVH6-clothes,19,boot,clothes,human,human
01KEYTFANPFV7JMG4NZPJSJH3C,01KEYTPYPJ4S3WPPX6WFV6K899,hat,8105.0,01K0Q78170RYYZT4JVDTD7PVH6-clothes,20,hat,clothes,human,human
01KEYTFANPFV7JMG4NZPJSJH3C,01KEYTPYPJ4S3WPPX6WFV6K899,scarf,3138.0,01K0Q78170RYYZT4JVDTD7PVH6-clothes,21,taboggan,clothes,human,human
01KEYTFANPFV7JMG4NZPJSJH3C,01KEYTPYPJ4S3WPPX6WFV6K899,blouse,6949.0,01K0Q78170RYYZT4JVDTD7PVH6-clothes,22,gloves,clothes,human,human
01KEYTFANPFV7JMG4NZPJSJH3C,01KEYTPYPJ4S3WPPX6WFV6K899,t-shirt,4340.0,01K0Q78170RYYZT4JVDTD7PVH6-clothes,23,gloves,clothes,human,human
01KEYTFANPFV7JMG4NZPJSJH3C,01KEYTPYPJ4S3WPPX6WFV6K899,cord,3899.0,01K0Q78170RYYZT4JVDTD7PVH6-clothes,24,gloves,clothes,human,human
01KEYTFANPFV7JMG4NZPJSJH3C,01KEYTPYPJ4S3WPPX6WFV6K899,jumper,6618.0,01K0Q78170RYYZT4JVDTD7PVH6-clothes,25,suspenders,clothes,human,human
01KEYTFANPFV7JMG4NZPJSJH3C,01KEYTPYPJ4S3WPPX6WFV6K899,dress pant,13432.0,01K0Q78170RYYZT4JVDTD7PVH6-clothes,26,bibs,clothes,human,human
01KEYTFANPFV7JMG4NZPJSJH3C,01KEYTPYPJ4S3WPPX6WFV6K899,workout,11279.0,01K0Q78170RYYZT4JVDTD7PVH6-clothes,27,socks,clothes,human,human
01KEYTFANPFV7JMG4NZPJSJH3C,01KEYTPYPJ4S3WPPX6WFV6K899,bra,5529.0,01K0Q78170RYYZT4JVDTD7PVH6-clothes,28,socks,clothes,human,human
01KEYTFANPFV7JMG4NZPJSJH3C,01KEYTPYPJ4S3WPPX6WFV6K899,underwear,2344.0,01K0Q78170RYYZT4JVDTD7PVH6-clothes,29,socks,clothes,human,human
01KEYTFANPFV7JMG4NZPJSJH3C,01KEYTPYPJ4S3WPPX6WFV6K899,camisole,9821.0,01K0Q78170RYYZT4JVDTD7PVH6-clothes,30,socks,clothes,human,human
01KEYTFANPFV7JMG4NZPJSJH3C,01KEYTPYPJ4S3WPPX6WFV6K899,mitten,11944.0,01K0Q78170RYYZT4JVDTD7PVH6-clothes,31,socks,clothes,human,human
01KEYTFBTE3646J99D2YKKB9F4,01KEZ09TK1RS1R4ANT0Z24JD7R,cat,3927.0,01JRZV70AGXQF7GD5HNSWNZ4AY-animals,1,,animals,human,human
01KEYTFBTE3646J99D2YKKB9F4,01KEZ09TK1RS1R4ANT0Z24JD7R,dog,1427.0,01JRZV70AGXQF7GD5HNSWNZ4AY-animals,2,dog,animals,human,human
01KEYTFBTE3646J99D2YKKB9F4,01KEZ09TK1RS1R4ANT0Z24JD7R,fox,2273.0,01JRZV70AGXQF7GD5HNSWNZ4AY-animals,3,rabbit,animals,human,human
01KEYTFBTE3646J99D2YKKB9F4,01KEZ09TK1RS1R4ANT0Z24JD7R,wolf,2106.0,01JRZV70AGXQF7GD5HNSWNZ4AY-animals,4,deer,animals,human,human
01KEYTFBTE3646J99D2YKKB9F4,01KEZ09TK1RS1R4ANT0Z24JD7R,chicken,3375.0,01JRZV70AGXQF7GD5HNSWNZ4AY-animals,5,rabbit,animals,human,human
01KEYTFBTE3646J99D2YKKB9F4,01KEZ09TK1RS1R4ANT0Z24JD7R,panda,1239.0,01JRZV70AGXQF7GD5HNSWNZ4AY-animals,6,coyote,animals,human,human
01KEYTFBTE3646J99D2YKKB9F4,01KEZ09TK1RS1R4ANT0Z24JD7R,bear,1164.0,01JRZV70AGXQF7GD5HNSWNZ4AY-animals,7,tiger,animals,human,human
01KEYTFBTE3646J99D2YKKB9F4,01KEZ09TK1RS1R4ANT0Z24JD7R,polar bear,2833.0,01JRZV70AGXQF7GD5HNSWNZ4AY-animals,8,tiger,animals,human,human
01KEYTFBTE3646J99D2YKKB9F4,01KEZ09TK1RS1R4ANT0Z24JD7R,tiger,2140.0,01JRZV70AGXQF7GD5HNSWNZ4AY-animals,9,grizzlybear,animals,human,human
01KEYTFBTE3646J99D2YKKB9F4,01KEZ09TK1RS1R4ANT0Z24JD7R,lion,2452.0,01JRZV70AGXQF7GD5HNSWNZ4AY-animals,10,giraffe,animals,human,human
01KEYTFBTE3646J99D2YKKB9F4,01KEZ09TK1RS1R4ANT0Z24JD7R,flamingo,2338.0,01JRZV70AGXQF7GD5HNSWNZ4AY-animals,11,giraffe,animals,human,human
01KEYTFBTE3646J99D2YKKB9F4,01KEZ09TK1RS1R4ANT0Z24JD7R,eagle,2062.0,01JRZV70AGXQF7GD5HNSWNZ4AY-animals,12,alligator,animals,human,human
01KEYTFBTE3646J99D2YKKB9F4,01KEZ09TK1RS1R4ANT0Z24JD7R,meerkat,2239.0,01JRZV70AGXQF7GD5HNSWNZ4AY-animals,13,hawk,animals,human,human
01KEYTFBTE3646J99D2YKKB9F4,01KEZ09TK1RS1R4ANT0Z24JD7R,hyena,8410.0,01JRZV70AGXQF7GD5HNSWNZ4AY-animals,14,rabbit,animals,human,human
01KEYTFBTE3646J99D2YKKB9F4,01KEZ09TK1RS1R4ANT0Z24JD7R,leopard,11999.0,01JRZV70AGXQF7GD5HNSWNZ4AY-animals,15,jackal,animals,human,human
01KEYTFBTE3646J99D2YKKB9F4,01KEZ09TK1RS1R4ANT0Z24JD7R,cheetah,2896.0,01JRZV70AGXQF7GD5HNSWNZ4AY-animals,16,giraffe,animals,human,human
01KEYTFBTE3646J99D2YKKB9F4,01KEZ09TK1RS1R4ANT0Z24JD7R,walrus,1923.0,01JRZV70AGXQF7GD5HNSWNZ4AY-animals,17,deer,animals,human,human
01KEYTFBTE3646J99D2YKKB9F4,01KEZ09TK1RS1R4ANT0Z24JD7R,seal,952.0,01JRZV70AGXQF7GD5HNSWNZ4AY-animals,18,deer,animals,human,human
01KEYTFBTE3646J99D2YKKB9F4,01KEZ09TK1RS1R4ANT0Z24JD7R,hippopotamus,5852.0,01JRZV70AGXQF7GD5HNSWNZ4AY-animals,19,otter,animals,human,human
01KEYTFBTE3646J99D2YKKB9F4,01KEZ09TK1RS1R4ANT0Z24JD7R,lizard,10576.0,01JRZV70AGXQF7GD5HNSWNZ4AY-animals,20,rhinocerous,animals,human,human
01KEYTFBTE3646J99D2YKKB9F4,01KEZ09TK1RS1R4ANT0Z24JD7R,iguana,5852.0,01JRZV70AGXQF7GD5HNSWNZ4AY-animals,21,alligator,animals,human,human
01KEYTFBTE3646J99D2YKKB9F4,01KEZ09TK1RS1R4ANT0Z24JD7R,chameleon,6505.0,01JRZV70AGXQF7GD5HNSWNZ4AY-animals,22,alligator,animals,human,human
01KEYTFBTE3646J99D2YKKB9F4,01KEZ09TK1RS1R4ANT0Z24JD7R,sloth,42595.0,01JRZV70AGXQF7GD5HNSWNZ4AY-animals,23,alligator,animals,human,human
01KEYTFBTE3646J99D2YKKB9F4,01KEZ09TK1RS1R4ANT0Z24JD7R,bat,2729.0,01JRZV70AGXQF7GD5HNSWNZ4AY-animals,24,koala,animals,human,human
01KEYTFBTE3646J99D2YKKB9F4,01KEZ09TK1RS1R4ANT0Z24JD7R,alligator,6177.0,01JRZV70AGXQF7GD5HNSWNZ4AY-animals,25,owl,animals,human,human
01KEYTFBTE3646J99D2YKKB9F4,01KEZ09TK1RS1R4ANT0Z24JD7R,crocodile,4404.0,01JRZV70AGXQF7GD5HNSWNZ4AY-animals,26,owl,animals,human,human
01KEYTFBTE3646J99D2YKKB9F4,01KEZ09TK1RS1R4ANT0Z24JD7R,deer,10646.0,01JRZV70AGXQF7GD5HNSWNZ4AY-animals,27,deer,animals,human,human
01KEYTFBTE3646J99D2YKKB9F4,01KEZ09TK1RS1R4ANT0Z24JD7R,anteater,5711.0,01JRZV70AGXQF7GD5HNSWNZ4AY-animals,28,moose,animals,human,human
01KEYTFBTE3646J99D2YKKB9F4,01KEZ09TK1RS1R4ANT0Z24JD7R,monkey,6076.0,01JRZV70AGXQF7GD5HNSWNZ4AY-animals,29,moose,animals,human,human
01KEYTFBTE3646J99D2YKKB9F4,01KEZ09TK1RS1R4ANT0Z24JD7R,ape,1323.0,01JRZV70AGXQF7GD5HNSWNZ4AY-animals,30,gorilla,animals,human,human
01KEYTFBTE3646J99D2YKKB9F4,01KEZ09TK1RS1R4ANT0Z24JD7R,chimpanzee,4037.0,01JRZV70AGXQF7GD5HNSWNZ4AY-animals,31,gorilla,animals,human,human
01KEYTFBTE3646J99D2YKKB9F4,01KEZ09TK1RS1R4ANT0Z24JD7R,gorilla,2607.0,01JRZV70AGXQF7GD5HNSWNZ4AY-animals,32,gorilla,animals,human,human
01KEYTFBSCM7CN7EPYFER56R2Q,01KEZ017JT7003DH049QRNYGNY,dog,5318.0,01JYPFMNDNMXG4MMTM5J1FERG5-animals,1,,animals,human,human
01KEYTFBSCM7CN7EPYFER56R2Q,01KEZ017JT7003DH049QRNYGNY,cat,2016.0,01JYPFMNDNMXG4MMTM5J1FERG5-animals,2,wolf,animals,human,human
01KEYTFBSCM7CN7EPYFER56R2Q,01KEZ017JT7003DH049QRNYGNY,elephant,3805.0,01JYPFMNDNMXG4MMTM5J1FERG5-animals,3,mouse,animals,human,human
01KEYTFBSCM7CN7EPYFER56R2Q,01KEZ017JT7003DH049QRNYGNY,lemur,2320.0,01JYPFMNDNMXG4MMTM5J1FERG5-animals,4,deer,animals,human,human
01KEYTFBSCM7CN7EPYFER56R2Q,01KEZ017JT7003DH049QRNYGNY,lion,4622.0,01JYPFMNDNMXG4MMTM5J1FERG5-animals,5,tiger,animals,human,human
01KEYTFBSCM7CN7EPYFER56R2Q,01KEZ017JT7003DH049QRNYGNY,zebra,9290.0,01JYPFMNDNMXG4MMTM5J1FERG5-animals,6,tiger,animals,human,human
01KEYTFBSCM7CN7EPYFER56R2Q,01KEZ017JT7003DH049QRNYGNY,giraffe,10464.0,01JYPFMNDNMXG4MMTM5J1FERG5-animals,7,tiger,animals,human,human
01KEYTFBSCM7CN7EPYFER56R2Q,01KEZ017JT7003DH049QRNYGNY,mouse,7368.0,01JYPFMNDNMXG4MMTM5J1FERG5-animals,8,panda,animals,human,human
01KEYTFBSCM7CN7EPYFER56R2Q,01KEZ017JT7003DH049QRNYGNY,monkey,3215.0,01JYPFMNDNMXG4MMTM5J1FERG5-animals,9,wolf,animals,human,human
01KEYTFBSCM7CN7EPYFER56R2Q,01KEZ017JT7003DH049QRNYGNY,crocodile,4736.0,01JYPFMNDNMXG4MMTM5J1FERG5-animals,10,tiger,animals,human,human
01KEYTFBSCM7CN7EPYFER56R2Q,01KEZ017JT7003DH049QRNYGNY,rabbit,3807.0,01JYPFMNDNMXG4MMTM5J1FERG5-animals,11,alligator,animals,human,human
01KEYTFBSCM7CN7EPYFER56R2Q,01KEZ017JT7003DH049QRNYGNY,tiger,2793.0,01JYPFMNDNMXG4MMTM5J1FERG5-animals,12,hippo,animals,human,human
01KEYTFBSCM7CN7EPYFER56R2Q,01KEZ017JT7003DH049QRNYGNY,fox,2403.0,01JYPFMNDNMXG4MMTM5J1FERG5-animals,13,bear,animals,human,human
01KEYTFBSCM7CN7EPYFER56R2Q,01KEZ017JT7003DH049QRNYGNY,pig,2739.0,01JYPFMNDNMXG4MMTM5J1FERG5-animals,14,wolf,animals,human,human
01KEYTFBSCM7CN7EPYFER56R2Q,01KEZ017JT7003DH049QRNYGNY,horse,2055.0,01JYPFMNDNMXG4MMTM5J1FERG5-animals,15,cow,animals,human,human
01KEYTFBSCM7CN7EPYFER56R2Q,01KEZ017JT7003DH049QRNYGNY,cow,1360.0,01JYPFMNDNMXG4MMTM5J1FERG5-animals,16,cow,animals,human,human
01KEYTFBSCM7CN7EPYFER56R2Q,01KEZ017JT7003DH049QRNYGNY,chicken,3303.0,01JYPFMNDNMXG4MMTM5J1FERG5-animals,17,bull,animals,human,human
01KEYTFBSCM7CN7EPYFER56R2Q,01KEZ017JT7003DH049QRNYGNY,donkey,4647.0,01JYPFMNDNMXG4MMTM5J1FERG5-animals,18,rooster,animals,human,human
01KEYTFBSCM7CN7EPYFER56R2Q,01KEZ017JT7003DH049QRNYGNY,fish,1971.0,01JYPFMNDNMXG4MMTM5J1FERG5-animals,19,rooster,animals,human,human
01KEYTFBSCM7CN7EPYFER56R2Q,01KEZ017JT7003DH049QRNYGNY,goat,3715.0,01JYPFMNDNMXG4MMTM5J1FERG5-animals,20,whale,animals,human,human
01KEYTFBSCM7CN7EPYFER56R2Q,01KEZ017JT7003DH049QRNYGNY,sheep,5170.0,01JYPFMNDNMXG4MMTM5J1FERG5-animals,21,shark,animals,human,human
01KEYTFBSCM7CN7EPYFER56R2Q,01KEZ017JT7003DH049QRNYGNY,parrot,5247.0,01JYPFMNDNMXG4MMTM5J1FERG5-animals,22,alpaca,animals,human,human
01KEYTFBSCM7CN7EPYFER56R2Q,01KEZ017JT7003DH049QRNYGNY,gorilla,7530.0,01JYPFMNDNMXG4MMTM5J1FERG5-animals,23,deer,animals,human,human
01KEYTFBSCM7CN7EPYFER56R2Q,01KEZ017JT7003DH049QRNYGNY,leopard,7599.0,01JYPFMNDNMXG4MMTM5J1FERG5-animals,24,hippo,animals,human,human
01KEYTFBSCM7CN7EPYFER56R2Q,01KEZ017JT7003DH049QRNYGNY,deer,5488.0,01JYPFMNDNMXG4MMTM5J1FERG5-animals,25,cheetah,animals,human,human
01KEYTFBSCM7CN7EPYFER56R2Q,01KEZ017JT7003DH049QRNYGNY,alligator,27004.0,01JYPFMNDNMXG4MMTM5J1FERG5-animals,26,cheetah,animals,human,human
01KEYTFBSCM7CN7EPYFER56R2Q,01KEZ017JT7003DH049QRNYGNY,baboon,7637.0,01JYPFMNDNMXG4MMTM5J1FERG5-animals,27,hippo,animals,human,human
01KEYTFBSCM7CN7EPYFER56R2Q,01KEZ017JT7003DH049QRNYGNY,ant,6106.0,01JYPFMNDNMXG4MMTM5J1FERG5-animals,28,wolf,animals,human,human
01KEYTFBSCM7CN7EPYFER56R2Q,01KEZ017JT7003DH049QRNYGNY,bee,4330.0,01JYPFMNDNMXG4MMTM5J1FERG5-animals,29,spider,animals,human,human
01KEYTFBSCM7CN7EPYFER56R2Q,01KEZ017JT7003DH049QRNYGNY,buffalo,7343.0,01JYPFMNDNMXG4MMTM5J1FERG5-animals,30,spider,animals,human,human
01KEYTFBSCM7CN7EPYFER56R2Q,01KEZ017JT7003DH049QRNYGNY,chipmunk,12511.0,01JYPFMNDNMXG4MMTM5J1FERG5-animals,31,hippo,animals,human,human
01KEYTFBT1SYPS7ZG2YMWQRWES,01KEZ0DW3QXKNN51B8FGFM08KC,dog,10869.0,01JRZVQH4TCPW9YYQ8XC990GTH-animals,1,,animals,human,human
01KEYTFBT1SYPS7ZG2YMWQRWES,01KEZ0DW3QXKNN51B8FGFM08KC,cat,1716.0,01JRZVQH4TCPW9YYQ8XC990GTH-animals,2,cat,animals,human,human
01KEYTFBT1SYPS7ZG2YMWQRWES,01KEZ0DW3QXKNN51B8FGFM08KC,fish,3746.0,01JRZVQH4TCPW9YYQ8XC990GTH-animals,3,cow,animals,human,human
01KEYTFBT1SYPS7ZG2YMWQRWES,01KEZ0DW3QXKNN51B8FGFM08KC,bird,3525.0,01JRZVQH4TCPW9YYQ8XC990GTH-animals,4,frog,animals,human,human
01KEYTFBT1SYPS7ZG2YMWQRWES,01KEZ0DW3QXKNN51B8FGFM08KC,lion,2163.0,01JRZVQH4TCPW9YYQ8XC990GTH-animals,5,horse,animals,human,human
01KEYTFBT1SYPS7ZG2YMWQRWES,01KEZ0DW3QXKNN51B8FGFM08KC,tiger,3066.0,01JRZVQH4TCPW9YYQ8XC990GTH-animals,6,tiger,animals,human,human
01KEYTFBT1SYPS7ZG2YMWQRWES,01KEZ0DW3QXKNN51B8FGFM08KC,elephant,4393.0,01JRZVQH4TCPW9YYQ8XC990GTH-animals,7,cheetah,animals,human,human
01KEYTFBT1SYPS7ZG2YMWQRWES,01KEZ0DW3QXKNN51B8FGFM08KC,zebra,3346.0,01JRZVQH4TCPW9YYQ8XC990GTH-animals,8,giraffe,animals,human,human
01KEYTFBT1SYPS7ZG2YMWQRWES,01KEZ0DW3QXKNN51B8FGFM08KC,deer,4176.0,01JRZVQH4TCPW9YYQ8XC990GTH-animals,9,giraffe,animals,human,human
01KEYTFBT1SYPS7ZG2YMWQRWES,01KEZ0DW3QXKNN51B8FGFM08KC,monkey,3003.0,01JRZVQH4TCPW9YYQ8XC990GTH-animals,10,cheetah,animals,human,human
01KEYTFBT1SYPS7ZG2YMWQRWES,01KEZ0DW3QXKNN51B8FGFM08KC,giraffe,4393.0,01JRZVQH4TCPW9YYQ8XC990GTH-animals,11,spider,animals,human,human
01KEYTFBT1SYPS7ZG2YMWQRWES,01KEZ0DW3QXKNN51B8FGFM08KC,panda,2398.0,01JRZVQH4TCPW9YYQ8XC990GTH-animals,12,bufallo,animals,human,human
01KEYTFBT1SYPS7ZG2YMWQRWES,01KEZ0DW3QXKNN51B8FGFM08KC,gorilla,2463.0,01JRZVQH4TCPW9YYQ8XC990GTH-animals,13,bear,animals,human,human
01KEYTFBT1SYPS7ZG2YMWQRWES,01KEZ0DW3QXKNN51B8FGFM08KC,dolphin,7451.0,01JRZVQH4TCPW9YYQ8XC990GTH-animals,14,chimpanzee,animals,human,human
01KEYTFBT1SYPS7ZG2YMWQRWES,01KEZ0DW3QXKNN51B8FGFM08KC,shark,2215.0,01JRZVQH4TCPW9YYQ8XC990GTH-animals,15,shark,animals,human,human
01KEYTFBT1SYPS7ZG2YMWQRWES,01KEZ0DW3QXKNN51B8FGFM08KC,whale,1415.0,01JRZVQH4TCPW9YYQ8XC990GTH-animals,16,jellyfish,animals,human,human
01KEYTFBT1SYPS7ZG2YMWQRWES,01KEZ0DW3QXKNN51B8FGFM08KC,penguin,6108.0,01JRZVQH4TCPW9YYQ8XC990GTH-animals,17,jellyfish,animals,human,human
01KEYTFBT1SYPS7ZG2YMWQRWES,01KEZ0DW3QXKNN51B8FGFM08KC,octopus,2527.0,01JRZVQH4TCPW9YYQ8XC990GTH-animals,18,bear,animals,human,human
01KEYTFBT1SYPS7ZG2YMWQRWES,01KEZ0DW3QXKNN51B8FGFM08KC,snake,4716.0,01JRZVQH4TCPW9YYQ8XC990GTH-animals,19,jellyfish,animals,human,human
01KEYTFBT1SYPS7ZG2YMWQRWES,01KEZ0DW3QXKNN51B8FGFM08KC,lizard,2432.0,01JRZVQH4TCPW9YYQ8XC990GTH-animals,20,cobra,animals,human,human
01KEYTFBT1SYPS7ZG2YMWQRWES,01KEZ0DW3QXKNN51B8FGFM08KC,crocodile,4651.0,01JRZVQH4TCPW9YYQ8XC990GTH-animals,21,lizard,animals,human,human
01KEYTFBT1SYPS7ZG2YMWQRWES,01KEZ0DW3QXKNN51B8FGFM08KC,alligator,3669.0,01JRZVQH4TCPW9YYQ8XC990GTH-animals,22,aligator,animals,human,human
01KEYTFBT1SYPS7ZG2YMWQRWES,01KEZ0DW3QXKNN51B8FGFM08KC,frog,2242.0,01JRZVQH4TCPW9YYQ8XC990GTH-animals,23,monitorlizard,animals,human,human
01KEYTFBT1SYPS7ZG2YMWQRWES,01KEZ0DW3QXKNN51B8FGFM08KC,turtle,3751.0,01JRZVQH4TCPW9YYQ8XC990GTH-animals,24,toad,animals,human,human
01KEYTFBT1SYPS7ZG2YMWQRWES,01KEZ0DW3QXKNN51B8FGFM08KC,tortoise,2760.0,01JRZVQH4TCPW9YYQ8XC990GTH-animals,25,tortoise,animals,human,human
01KEYTFBT1SYPS7ZG2YMWQRWES,01KEZ0DW3QXKNN51B8FGFM08KC,wolf,4694.0,01JRZVQH4TCPW9YYQ8XC990GTH-animals,26,seaturtle,animals,human,human
01KEYTFBT1SYPS7ZG2YMWQRWES,01KEZ0DW3QXKNN51B8FGFM08KC,horse,1840.0,01JRZVQH4TCPW9YYQ8XC990GTH-animals,27,fox,animals,human,human
01KEYTFBT1SYPS7ZG2YMWQRWES,01KEZ0DW3QXKNN51B8FGFM08KC,bear,2650.0,01JRZVQH4TCPW9YYQ8XC990GTH-animals,28,,animals,human,human
01KEYTFBT1SYPS7ZG2YMWQRWES,01KEZ0DW3QXKNN51B8FGFM08KC,fox,2183.0,01JRZVQH4TCPW9YYQ8XC990GTH-animals,29,,animals,human,human
01KEYTFBT1SYPS7ZG2YMWQRWES,01KEZ0DW3QXKNN51B8FGFM08KC,rabbit,1940.0,01JRZVQH4TCPW9YYQ8XC990GTH-animals,30,,animals,human,human
01KEYTFBT1SYPS7ZG2YMWQRWES,01KEZ0DW3QXKNN51B8FGFM08KC,pig,2592.0,01JRZVQH4TCPW9YYQ8XC990GTH-animals,31,,animals,human,human
01KEYTFBT1SYPS7ZG2YMWQRWES,01KEZ0DW3QXKNN51B8FGFM08KC,sheep,2040.0,01JRZVQH4TCPW9YYQ8XC990GTH-animals,32,,animals,human,human
01KEYTFBT1SYPS7ZG2YMWQRWES,01KEZ0DW3QXKNN51B8FGFM08KC,cow,1656.0,01JRZVQH4TCPW9YYQ8XC990GTH-animals,33,,animals,human,human
01KEYTFBT1SYPS7ZG2YMWQRWES,01KEZ0DW3QXKNN51B8FGFM08KC,chicken,2466.0,01JRZVQH4TCPW9YYQ8XC990GTH-animals,34,,animals,human,human
01KEYTFBT1SYPS7ZG2YMWQRWES,01KEZ0DW3QXKNN51B8FGFM08KC,ape,8336.0,01JRZVQH4TCPW9YYQ8XC990GTH-animals,35,,animals,human,human
01KEYTFBT1SYPS7ZG2YMWQRWES,01KEZ0DW3QXKNN51B8FGFM08KC,kangaroo,10926.0,01JRZVQH4TCPW9YYQ8XC990GTH-animals,36,,animals,human,human
01KEYTFBT1SYPS7ZG2YMWQRWES,01KEZ0DW3QXKNN51B8FGFM08KC,koala,4490.0,01JRZVQH4TCPW9YYQ8XC990GTH-animals,37,,animals,human,human
01KEYTFBT1SYPS7ZG2YMWQRWES,01KEZ0DW3QXKNN51B8FGFM08KC,spider,2816.0,01JRZVQH4TCPW9YYQ8XC990GTH-animals,38,,animals,human,human
01KEYTFBT1SYPS7ZG2YMWQRWES,01KEZ0DW3QXKNN51B8FGFM08KC,moose,8685.0,01JRZVQH4TCPW9YYQ8XC990GTH-animals,39,,animals,human,human
01KEYTFBT1SYPS7ZG2YMWQRWES,01KEZ0DW3QXKNN51B8FGFM08KC,elk,3447.0,01JRZVQH4TCPW9YYQ8XC990GTH-animals,40,,animals,human,human
01KEYTFBT1SYPS7ZG2YMWQRWES,01KEZ0DW3QXKNN51B8FGFM08KC,bison,11983.0,01JRZVQH4TCPW9YYQ8XC990GTH-animals,41,,animals,human,human
01KEYTFBT1SYPS7ZG2YMWQRWES,01KEZ0DW3QXKNN51B8FGFM08KC,donkey,9591.0,01JRZVQH4TCPW9YYQ8XC990GTH-animals,42,,animals,human,human
,01K4DTXMWEK0Y7J3G2FQW0AK8T-clothes,shirt,3614.0,01JRZYT564ZWTP3BH3AJPNGKCA-clothes,1,,clothes,human,human
01K4DSNC70RGYJ9ZYSMMRHWBCT,01K4DTXMWEK0Y7J3G2FQW0AK8T-clothes,jeans,2918.0,01JRZYT564ZWTP3BH3AJPNGKCA-clothes,2,pants,clothes,human,human
01K4DSNC70RGYJ9ZYSMMRHWBCT,01K4DTXMWEK0Y7J3G2FQW0AK8T-clothes,tie,1662.0,01JRZYT564ZWTP3BH3AJPNGKCA-clothes,3,socks,clothes,human,human
01K4DSNC70RGYJ9ZYSMMRHWBCT,01K4DTXMWEK0Y7J3G2FQW0AK8T-clothes,sock,3710.0,01JRZYT564ZWTP3BH3AJPNGKCA-clothes,4,blazer,clothes,human,human
01K4DSNC70RGYJ9ZYSMMRHWBCT,01K4DTXMWEK0Y7J3G2FQW0AK8T-clothes,skirt,2621.0,01JRZYT564ZWTP3BH3AJPNGKCA-clothes,5,underwear,clothes,human,human
01K4DSNC70RGYJ9ZYSMMRHWBCT,01K4DTXMWEK0Y7J3G2FQW0AK8T-clothes,dress,1293.0,01JRZYT564ZWTP3BH3AJPNGKCA-clothes,6,shorts,clothes,human,human
01K4DSNC70RGYJ9ZYSMMRHWBCT,01K4DTXMWEK0Y7J3G2FQW0AK8T-clothes,shoe,2798.0,01JRZYT564ZWTP3BH3AJPNGKCA-clothes,7,shorts,clothes,human,human
01K4DSNC70RGYJ9ZYSMMRHWBCT,01K4DTXMWEK0Y7J3G2FQW0AK8T-clothes,trainer,1557.0,01JRZYT564ZWTP3BH3AJPNGKCA-clothes,8,sandals,clothes,human,human
01K4DSNC70RGYJ9ZYSMMRHWBCT,01K4DTXMWEK0Y7J3G2FQW0AK8T-clothes,bow,6268.0,01JRZYT564ZWTP3BH3AJPNGKCA-clothes,9,sandals,clothes,human,human
01K4DSNC70RGYJ9ZYSMMRHWBCT,01K4DTXMWEK0Y7J3G2FQW0AK8T-clothes,headband,3446.0,01JRZYT564ZWTP3BH3AJPNGKCA-clothes,10,underweaar,clothes,human,human
01K4DSNC70RGYJ9ZYSMMRHWBCT,01K4DTXMWEK0Y7J3G2FQW0AK8T-clothes,sunglasses,2769.0,01JRZYT564ZWTP3BH3AJPNGKCA-clothes,11,camisole,clothes,human,human
01K4DSNC70RGYJ9ZYSMMRHWBCT,01K4DTXMWEK0Y7J3G2FQW0AK8T-clothes,beanie,4269.0,01JRZYT564ZWTP3BH3AJPNGKCA-clothes,12,hat,clothes,human,human
01K4DSNC70RGYJ9ZYSMMRHWBCT,01K4DTXMWEK0Y7J3G2FQW0AK8T-clothes,baseball cap,4677.0,01JRZYT564ZWTP3BH3AJPNGKCA-clothes,13,sweats,clothes,human,human
01K4DSNC70RGYJ9ZYSMMRHWBCT,01K4DTXMWEK0Y7J3G2FQW0AK8T-clothes,belt,5195.0,01JRZYT564ZWTP3BH3AJPNGKCA-clothes,14,shorts,clothes,human,human
01K4DSNC70RGYJ9ZYSMMRHWBCT,01K4DTXMWEK0Y7J3G2FQW0AK8T-clothes,scarf,6188.0,01JRZYT564ZWTP3BH3AJPNGKCA-clothes,15,suspenders,clothes,human,human
01K4DSNC70RGYJ9ZYSMMRHWBCT,01K4DTXMWEK0Y7J3G2FQW0AK8T-clothes,glove,2708.0,01JRZYT564ZWTP3BH3AJPNGKCA-clothes,16,shorts,clothes,human,human
01K4DSNC70RGYJ9ZYSMMRHWBCT,01K4DTXMWEK0Y7J3G2FQW0AK8T-clothes,berry,3292.0,01JRZYT564ZWTP3BH3AJPNGKCA-clothes,17,mittens,clothes,human,human
01K4DSNC70RGYJ9ZYSMMRHWBCT,01K4DTXMWEK0Y7J3G2FQW0AK8T-clothes,necklace,4924.0,01JRZYT564ZWTP3BH3AJPNGKCA-clothes,18,shorts,clothes,human,human
01K4DSNC70RGYJ9ZYSMMRHWBCT,01K4DTXMWEK0Y7J3G2FQW0AK8T-clothes,shorts,4087.0,01JRZYT564ZWTP3BH3AJPNGKCA-clothes,19,earrings,clothes,human,human
01K4DSNC70RGYJ9ZYSMMRHWBCT,01K4DTXMWEK0Y7J3G2FQW0AK8T-clothes,chinos,3211.0,01JRZYT564ZWTP3BH3AJPNGKCA-clothes,20,underwear,clothes,human,human
01K4DSNC70RGYJ9ZYSMMRHWBCT,01K4DTXMWEK0Y7J3G2FQW0AK8T-clothes,woolly jumper,7156.0,01JRZYT564ZWTP3BH3AJPNGKCA-clothes,21,slacks,clothes,human,human
01K4DSNC70RGYJ9ZYSMMRHWBCT,01K4DTXMWEK0Y7J3G2FQW0AK8T-clothes,cardigan,5127.0,01JRZYT564ZWTP3BH3AJPNGKCA-clothes,22,underwear,clothes,human,human
01K4DSNC70RGYJ9ZYSMMRHWBCT,01K4DTXMWEK0Y7J3G2FQW0AK8T-clothes,tights,5230.0,01JRZYT564ZWTP3BH3AJPNGKCA-clothes,23,camisole,clothes,human,human
01K4DSNC70RGYJ9ZYSMMRHWBCT,01K4DTXMWEK0Y7J3G2FQW0AK8T-clothes,leggings,3184.0,01JRZYT564ZWTP3BH3AJPNGKCA-clothes,24,leggings,clothes,human,human
01K4DSNC70RGYJ9ZYSMMRHWBCT,01K4DTXMWEK0Y7J3G2FQW0AK8T-clothes,jeggings,3041.0,01JRZYT564ZWTP3BH3AJPNGKCA-clothes,25,underwear,clothes,human,human
01K4DSNC70RGYJ9ZYSMMRHWBCT,01K4DTXMWEK0Y7J3G2FQW0AK8T-clothes,bracelet,8374.0,01JRZYT564ZWTP3BH3AJPNGKCA-clothes,26,slacks,clothes,human,human
01K4DSNC70RGYJ9ZYSMMRHWBCT,01K4DTXMWEK0Y7J3G2FQW0AK8T-clothes,ring,7893.0,01JRZYT564ZWTP3BH3AJPNGKCA-clothes,27,watch,clothes,human,human
01K4DSNC70RGYJ9ZYSMMRHWBCT,01K4DTXMWEK0Y7J3G2FQW0AK8T-clothes,sweatshirt,11645.0,01JRZYT564ZWTP3BH3AJPNGKCA-clothes,28,watch,clothes,human,human
01K4DSNC70RGYJ9ZYSMMRHWBCT,01K4DTXMWEK0Y7J3G2FQW0AK8T-clothes,polo,7162.0,01JRZYT564ZWTP3BH3AJPNGKCA-clothes,29,sweatpants,clothes,human,human
01K4DSNC70RGYJ9ZYSMMRHWBCT,01K4DTXMWEK0Y7J3G2FQW0AK8T-clothes,suit,6162.0,01JRZYT564ZWTP3BH3AJPNGKCA-clothes,30,underwear,clothes,human,human
01K4DSNC70RGYJ9ZYSMMRHWBCT,01K4DTXMWEK0Y7J3G2FQW0AK8T-clothes,blazer,2282.0,01JRZYT564ZWTP3BH3AJPNGKCA-clothes,31,blazer,clothes,human,human
01K4DSNC70RGYJ9ZYSMMRHWBCT,01K4DTXMWEK0Y7J3G2FQW0AK8T-clothes,undershirt,10114.0,01JRZYT564ZWTP3BH3AJPNGKCA-clothes,32,slacks,clothes,human,human
01K4DSNC70RGYJ9ZYSMMRHWBCT,01K4DTXMWEK0Y7J3G2FQW0AK8T-clothes,pyjamas,8096.0,01JRZYT564ZWTP3BH3AJPNGKCA-clothes,33,underwear,clothes,human,human
01K4DSNC70RGYJ9ZYSMMRHWBCT,01K4DTXMWEK0Y7J3G2FQW0AK8T-clothes,boxers,3855.0,01JRZYT564ZWTP3BH3AJPNGKCA-clothes,34,underwear,clothes,human,human
01K4DSNC70RGYJ9ZYSMMRHWBCT,01K4DTXMWEK0Y7J3G2FQW0AK8T-clothes,briefs,5762.0,01JRZYT564ZWTP3BH3AJPNGKCA-clothes,35,underwear,clothes,human,human
01K4DSNC70RGYJ9ZYSMMRHWBCT,01K4DTXMWEK0Y7J3G2FQW0AK8T-clothes,knickers,2666.0,01JRZYT564ZWTP3BH3AJPNGKCA-clothes,36,panties,clothes,human,human
01K4DSNC70RGYJ9ZYSMMRHWBCT,01K4DTXMWEK0Y7J3G2FQW0AK8T-clothes,bra,4089.0,01JRZYT564ZWTP3BH3AJPNGKCA-clothes,37,underwear,clothes,human,human
01K4DSNC70RGYJ9ZYSMMRHWBCT,01K4DTXMWEK0Y7J3G2FQW0AK8T-clothes,bralet,4853.0,01JRZYT564ZWTP3BH3AJPNGKCA-clothes,38,camisole,clothes,human,human
01KEYTFAMNHPXF8Q38H0DZX86C,01KEYTJDR7P9MEYKREPAZ1JQAX,suit,3295.0,01JS02HXTE4SS192QNCYFTQXPB-clothes,1,,clothes,human,human
01KEYTFAMNHPXF8Q38H0DZX86C,01KEYTJDR7P9MEYKREPAZ1JQAX,swimsuit,1396.0,01JS02HXTE4SS192QNCYFTQXPB-clothes,2,shirt,clothes,human,human
01KEYTFAMNHPXF8Q38H0DZX86C,01KEYTJDR7P9MEYKREPAZ1JQAX,pants,798.0,01JS02HXTE4SS192QNCYFTQXPB-clothes,3,trunks,clothes,human,human
01KEYTFAMNHPXF8Q38H0DZX86C,01KEYTJDR7P9MEYKREPAZ1JQAX,tie,1363.0,01JS02HXTE4SS192QNCYFTQXPB-clothes,4,socks,clothes,human,human
01KEYTFAMNHPXF8Q38H0DZX86C,01KEYTJDR7P9MEYKREPAZ1JQAX,hat,740.0,01JS02HXTE4SS192QNCYFTQXPB-clothes,5,jumper,clothes,human,human
01KEYTFAMNHPXF8Q38H0DZX86C,01KEYTJDR7P9MEYKREPAZ1JQAX,shorts,10567.0,01JS02HXTE4SS192QNCYFTQXPB-clothes,6,gloves,clothes,human,human
01KEYTFAMNHPXF8Q38H0DZX86C,01KEYTJDR7P9MEYKREPAZ1JQAX,bikini,1482.0,01JS02HXTE4SS192QNCYFTQXPB-clothes,7,trousers,clothes,human,human
01KEYTFAMNHPXF8Q38H0DZX86C,01KEYTJDR7P9MEYKREPAZ1JQAX,shirt,4076.0,01JS02HXTE4SS192QNCYFTQXPB-clothes,8,bra,clothes,human,human
01KEYTFAMNHPXF8Q38H0DZX86C,01KEYTJDR7P9MEYKREPAZ1JQAX,dress shirt,2210.0,01JS02HXTE4SS192QNCYFTQXPB-clothes,9,jumper,clothes,human,human
01KEYTFAMNHPXF8Q38H0DZX86C,01KEYTJDR7P9MEYKREPAZ1JQAX,belt,2293.0,01JS02HXTE4SS192QNCYFTQXPB-clothes,10,trousers,clothes,human,human
01KEYTFAMNHPXF8Q38H0DZX86C,01KEYTJDR7P9MEYKREPAZ1JQAX,boot,3169.0,01JS02HXTE4SS192QNCYFTQXPB-clothes,11,socks,clothes,human,human
01KEYTFAMNHPXF8Q38H0DZX86C,01KEYTJDR7P9MEYKREPAZ1JQAX,jordan,11507.0,01JS02HXTE4SS192QNCYFTQXPB-clothes,12,shoe,clothes,human,human
01KEYTFAMNHPXF8Q38H0DZX86C,01KEYTJDR7P9MEYKREPAZ1JQAX,dress,8895.0,01JS02HXTE4SS192QNCYFTQXPB-clothes,13,shoe,clothes,human,human
01KEYTFAMNHPXF8Q38H0DZX86C,01KEYTJDR7P9MEYKREPAZ1JQAX,jeans,4217.0,01JS02HXTE4SS192QNCYFTQXPB-clothes,14,skirt,clothes,human,human
01KEYTFAMNHPXF8Q38H0DZX86C,01KEYTJDR7P9MEYKREPAZ1JQAX,jacket,5237.0,01JS02HXTE4SS192QNCYFTQXPB-clothes,15,trousers,clothes,human,human
01KEYTFAMNHPXF8Q38H0DZX86C,01KEYTJDR7P9MEYKREPAZ1JQAX,sweater,2561.0,01JS02HXTE4SS192QNCYFTQXPB-clothes,16,sock,clothes,human,human
01KEYTFAMNHPXF8Q38H0DZX86C,01KEYTJDR7P9MEYKREPAZ1JQAX,pullover,2091.0,01JS02HXTE4SS192QNCYFTQXPB-clothes,17,sock,clothes,human,human
01KEYTFAMNHPXF8Q38H0DZX86C,01KEYTJDR7P9MEYKREPAZ1JQAX,sports jacket,3365.0,01JS02HXTE4SS192QNCYFTQXPB-clothes,18,tshirt,clothes,human,human
01KEYTFAMNHPXF8Q38H0DZX86C,01KEYTJDR7P9MEYKREPAZ1JQAX,shooting jacket,3072.0,01JS02HXTE4SS192QNCYFTQXPB-clothes,19,tshirt,clothes,human,human
01KEYTFAMNHPXF8Q38H0DZX86C,01KEYTJDR7P9MEYKREPAZ1JQAX,baseball cap,5206.0,01JS02HXTE4SS192QNCYFTQXPB-clothes,20,tshirt,clothes,human,human
01KEYTFAMNHPXF8Q38H0DZX86C,01KEYTJDR7P9MEYKREPAZ1JQAX,fedora,1916.0,01JS02HXTE4SS192QNCYFTQXPB-clothes,21,scarf,clothes,human,human
01KEYTFAMNHPXF8Q38H0DZX86C,01KEYTJDR7P9MEYKREPAZ1JQAX,homburg,3785.0,01JS02HXTE4SS192QNCYFTQXPB-clothes,22,sock,clothes,human,human
01KEYTFAMNHPXF8Q38H0DZX86C,01KEYTJDR7P9MEYKREPAZ1JQAX,top hat,1105.0,01JS02HXTE4SS192QNCYFTQXPB-clothes,23,sock,clothes,human,human
01KEYTFAMNHPXF8Q38H0DZX86C,01KEYTJDR7P9MEYKREPAZ1JQAX,glove,1897.0,01JS02HXTE4SS192QNCYFTQXPB-clothes,24,sock,clothes,human,human
01KEYTFAMNHPXF8Q38H0DZX86C,01KEYTJDR7P9MEYKREPAZ1JQAX,sock,2027.0,01JS02HXTE4SS192QNCYFTQXPB-clothes,25,sock,clothes,human,human
01KEYTFAMNHPXF8Q38H0DZX86C,01KEYTJDR7P9MEYKREPAZ1JQAX,lederhosen,4245.0,01JS02HXTE4SS192QNCYFTQXPB-clothes,26,pumps,clothes,human,human
01KEYTFAMNHPXF8Q38H0DZX86C,01KEYTJDR7P9MEYKREPAZ1JQAX,kilt,3645.0,01JS02HXTE4SS192QNCYFTQXPB-clothes,27,sandals,clothes,human,human
01KEYTFAMNHPXF8Q38H0DZX86C,01KEYTJDR7P9MEYKREPAZ1JQAX,t-shirt,11615.0,01JS02HXTE4SS192QNCYFTQXPB-clothes,28,clog,clothes,human,human
01KEYTFAMNHPXF8Q38H0DZX86C,01KEYTJDR7P9MEYKREPAZ1JQAX,necklace,8981.0,01JS02HXTE4SS192QNCYFTQXPB-clothes,29,trainers,clothes,human,human
01KEYTFAMNHPXF8Q38H0DZX86C,01KEYTJDR7P9MEYKREPAZ1JQAX,bracelet,1267.0,01JS02HXTE4SS192QNCYFTQXPB-clothes,30,scarf,clothes,human,human
01KEYTFAMNHPXF8Q38H0DZX86C,01KEYTJDR7P9MEYKREPAZ1JQAX,earring,2473.0,01JS02HXTE4SS192QNCYFTQXPB-clothes,31,brooch,clothes,human,human
01KEYTFAMNHPXF8Q38H0DZX86C,01KEYTJDR7P9MEYKREPAZ1JQAX,sunglasses,1894.0,01JS02HXTE4SS192QNCYFTQXPB-clothes,32,bow,clothes,human,human
01KEYTFAMNHPXF8Q38H0DZX86C,01KEYTJDR7P9MEYKREPAZ1JQAX,glass,5408.0,01JS02HXTE4SS192QNCYFTQXPB-clothes,33,bowtie,clothes,human,human
01KEYTFAMNHPXF8Q38H0DZX86C,01KEYTJDR7P9MEYKREPAZ1JQAX,mask,10981.0,01JS02HXTE4SS192QNCYFTQXPB-clothes,34,sunglasses,clothes,human,human
01KEYTFAMNHPXF8Q38H0DZX86C,01KEYTJDR7P9MEYKREPAZ1JQAX,balaclava,3378.0,01JS02HXTE4SS192QNCYFTQXPB-clothes,35,bow,clothes,human,human
01KEYTFAMNHPXF8Q38H0DZX86C,01KEYTJDR7P9MEYKREPAZ1JQAX,helmet,6895.0,01JS02HXTE4SS192QNCYFTQXPB-clothes,36,clog,clothes,human,human
01KEYTFAMNHPXF8Q38H0DZX86C,01KEYTJDR7P9MEYKREPAZ1JQAX,eyepatch,2850.0,01JS02HXTE4SS192QNCYFTQXPB-clothes,37,scarf,clothes,human,human
01KEYTFAMNHPXF8Q38H0DZX86C,01KEYTJDR7P9MEYKREPAZ1JQAX,wooden leg,4194.0,01JS02HXTE4SS192QNCYFTQXPB-clothes,38,bandana,clothes,human,human
01KEYTFAMNHPXF8Q38H0DZX86C,01KEYTJDR7P9MEYKREPAZ1JQAX,hook arm,1869.0,01JS02HXTE4SS192QNCYFTQXPB-clothes,39,scarf,clothes,human,human
01KEYTFAMNHPXF8Q38H0DZX86C,01KEYTJDR7P9MEYKREPAZ1JQAX,winter jacket,12198.0,01JS02HXTE4SS192QNCYFTQXPB-clothes,40,scarf,clothes,human,human
01KEYTFBTBRZ944X20ZY80H9M8,01KEZ12BH8TNQ12KCEH4D0564Y,dog,5691.0,01JRZV2A3QHG5RC1BX6J3T3H91-animals,1,,animals,human,human
01KEYTFBTBRZ944X20ZY80H9M8,01KEZ12BH8TNQ12KCEH4D0564Y,cat,1535.0,01JRZV2A3QHG5RC1BX6J3T3H91-animals,2,cat,animals,human,human
01KEYTFBTBRZ944X20ZY80H9M8,01KEZ12BH8TNQ12KCEH4D0564Y,rabbit,2729.0,01JRZV2A3QHG5RC1BX6J3T3H91-animals,3,cow,animals,human,human
01KEYTFBTBRZ944X20ZY80H9M8,01KEZ12BH8TNQ12KCEH4D0564Y,zebra,3286.0,01JRZV2A3QHG5RC1BX6J3T3H91-animals,4,fox,animals,human,human
01KEYTFBTBRZ944X20ZY80H9M8,01KEZ12BH8TNQ12KCEH4D0564Y,goldfish,4015.0,01JRZV2A3QHG5RC1BX6J3T3H91-animals,5,monkey,animals,human,human
01KEYTFBTBRZ944X20ZY80H9M8,01KEZ12BH8TNQ12KCEH4D0564Y,crab,3483.0,01JRZV2A3QHG5RC1BX6J3T3H91-animals,6,giraffe,animals,human,human
01KEYTFBTBRZ944X20ZY80H9M8,01KEZ12BH8TNQ12KCEH4D0564Y,hamster,3998.0,01JRZV2A3QHG5RC1BX6J3T3H91-animals,7,shark,animals,human,human
01KEYTFBTBRZ944X20ZY80H9M8,01KEZ12BH8TNQ12KCEH4D0564Y,emu,2455.0,01JRZV2A3QHG5RC1BX6J3T3H91-animals,8,tiger,animals,human,human
01KEYTFBTBRZ944X20ZY80H9M8,01KEZ12BH8TNQ12KCEH4D0564Y,horse,2154.0,01JRZV2A3QHG5RC1BX6J3T3H91-animals,9,lion,animals,human,human
01KEYTFBTBRZ944X20ZY80H9M8,01KEZ12BH8TNQ12KCEH4D0564Y,penguin,2865.0,01JRZV2A3QHG5RC1BX6J3T3H91-animals,10,tiger,animals,human,human
01KEYTFBTBRZ944X20ZY80H9M8,01KEZ12BH8TNQ12KCEH4D0564Y,seal,2457.0,01JRZV2A3QHG5RC1BX6J3T3H91-animals,11,bear,animals,human,human
01KEYTFBTBRZ944X20ZY80H9M8,01KEZ12BH8TNQ12KCEH4D0564Y,cow,2871.0,01JRZV2A3QHG5RC1BX6J3T3H91-animals,12,bear,animals,human,human
01KEYTFBTBRZ944X20ZY80H9M8,01KEZ12BH8TNQ12KCEH4D0564Y,pig,1533.0,01JRZV2A3QHG5RC1BX6J3T3H91-animals,13,monkey,animals,human,human
01KEYTFBTBRZ944X20ZY80H9M8,01KEZ12BH8TNQ12KCEH4D0564Y,donkey,6346.0,01JRZV2A3QHG5RC1BX6J3T3H91-animals,14,rat,animals,human,human
01KEYTFBTBRZ944X20ZY80H9M8,01KEZ12BH8TNQ12KCEH4D0564Y,llama,1441.0,01JRZV2A3QHG5RC1BX6J3T3H91-animals,15,lion,animals,human,human
01KEYTFBTBRZ944X20ZY80H9M8,01KEZ12BH8TNQ12KCEH4D0564Y,fox,2658.0,01JRZV2A3QHG5RC1BX6J3T3H91-animals,16,fox,animals,human,human
01KEYTFBTBRZ944X20ZY80H9M8,01KEZ12BH8TNQ12KCEH4D0564Y,gerbil,2251.0,01JRZV2A3QHG5RC1BX6J3T3H91-animals,17,dolphin,animals,human,human
01KEYTFBTBRZ944X20ZY80H9M8,01KEZ12BH8TNQ12KCEH4D0564Y,kangaroo,3895.0,01JRZV2A3QHG5RC1BX6J3T3H91-animals,18,lobster,animals,human,human
01KEYTFBTBRZ944X20ZY80H9M8,01KEZ12BH8TNQ12KCEH4D0564Y,panda,2254.0,01JRZV2A3QHG5RC1BX6J3T3H91-animals,19,turtle,animals,human,human
01KEYTFBTBRZ944X20ZY80H9M8,01KEZ12BH8TNQ12KCEH4D0564Y,eel,2246.0,01JRZV2A3QHG5RC1BX6J3T3H91-animals,20,lizard,animals,human,human
01KEYTFBTBRZ944X20ZY80H9M8,01KEZ12BH8TNQ12KCEH4D0564Y,tiger,9939.0,01JRZV2A3QHG5RC1BX6J3T3H91-animals,21,squid,animals,human,human
01KEYTFBTBRZ944X20ZY80H9M8,01KEZ12BH8TNQ12KCEH4D0564Y,lion,1436.0,01JRZV2A3QHG5RC1BX6J3T3H91-animals,22,monkey,animals,human,human
01KEYTFBTBRZ944X20ZY80H9M8,01KEZ12BH8TNQ12KCEH4D0564Y,raccoon,5832.0,01JRZV2A3QHG5RC1BX6J3T3H91-animals,23,elephant,animals,human,human
01KEYTFBTBRZ944X20ZY80H9M8,01KEZ12BH8TNQ12KCEH4D0564Y,polar bear,3520.0,01JRZV2A3QHG5RC1BX6J3T3H91-animals,24,skunk,animals,human,human
01KEYTFBTBRZ944X20ZY80H9M8,01KEZ12BH8TNQ12KCEH4D0564Y,rat,9218.0,01JRZV2A3QHG5RC1BX6J3T3H91-animals,25,shark,animals,human,human
01KEYTFBTBRZ944X20ZY80H9M8,01KEZ12BH8TNQ12KCEH4D0564Y,mouse,2111.0,01JRZV2A3QHG5RC1BX6J3T3H91-animals,26,monkey,animals,human,human
01KEYTFBTBRZ944X20ZY80H9M8,01KEZ12BH8TNQ12KCEH4D0564Y,elephant,3074.0,01JRZV2A3QHG5RC1BX6J3T3H91-animals,27,cricket,animals,human,human
01KEYTFBTBRZ944X20ZY80H9M8,01KEZ12BH8TNQ12KCEH4D0564Y,meerkat,6653.0,01JRZV2A3QHG5RC1BX6J3T3H91-animals,28,koala,animals,human,human
01KEYTFBTBRZ944X20ZY80H9M8,01KEZ12BH8TNQ12KCEH4D0564Y,monkey,3480.0,01JRZV2A3QHG5RC1BX6J3T3H91-animals,29,ant,animals,human,human
01KEYTFBTBRZ944X20ZY80H9M8,01KEZ12BH8TNQ12KCEH4D0564Y,gorilla,2562.0,01JRZV2A3QHG5RC1BX6J3T3H91-animals,30,koala,animals,human,human
01KEYTFBTBRZ944X20ZY80H9M8,01KEZ12BH8TNQ12KCEH4D0564Y,chimpanzee,11363.0,01JRZV2A3QHG5RC1BX6J3T3H91-animals,31,bear,animals,human,human
01KEYTFBTBRZ944X20ZY80H9M8,01KEZ12BH8TNQ12KCEH4D0564Y,ant,4974.0,01JRZV2A3QHG5RC1BX6J3T3H91-animals,32,koala,animals,human,human
01KEYTFBTBRZ944X20ZY80H9M8,01KEZ12BH8TNQ12KCEH4D0564Y,bee,1786.0,01JRZV2A3QHG5RC1BX6J3T3H91-animals,33,koala,animals,human,human
01KEYTFBTBRZ944X20ZY80H9M8,01KEZ12BH8TNQ12KCEH4D0564Y,frog,3179.0,01JRZV2A3QHG5RC1BX6J3T3H91-animals,34,butterfly,animals,human,human
01KEYTFBTBRZ944X20ZY80H9M8,01KEZ12BH8TNQ12KCEH4D0564Y,koala,7305.0,01JRZV2A3QHG5RC1BX6J3T3H91-animals,35,butterfly,animals,human,human
01KEYTFBTBRZ944X20ZY80H9M8,01KEZ12BH8TNQ12KCEH4D0564Y,mongoose,9691.0,01JRZV2A3QHG5RC1BX6J3T3H91-animals,36,butterfly,animals,human,human
01KEYTFBTBRZ944X20ZY80H9M8,01KEZ12BH8TNQ12KCEH4D0564Y,newt,2389.0,01JRZV2A3QHG5RC1BX6J3T3H91-animals,37,caterpillar,animals,human,human
01KEYTFBTBRZ944X20ZY80H9M8,01KEZ12BH8TNQ12KCEH4D0564Y,octopus,4523.0,01JRZV2A3QHG5RC1BX6J3T3H91-animals,38,lizard,animals,human,human
01KEYTFBTBRZ944X20ZY80H9M8,01KEZ12BH8TNQ12KCEH4D0564Y,reindeer,6259.0,01JRZV2A3QHG5RC1BX6J3T3H91-animals,39,squid,animals,human,human
01KEYTFBTBRZ944X20ZY80H9M8,01KEZ12BH8TNQ12KCEH4D0564Y,toad,7518.0,01JRZV2A3QHG5RC1BX6J3T3H91-animals,40,deer,animals,human,human
01KEYTFBTBRZ944X20ZY80H9M8,01KEZ12BH8TNQ12KCEH4D0564Y,owl,8118.0,01JRZV2A3QHG5RC1BX6J3T3H91-animals,41,cricket,animals,human,human
,01K4DTMBV73JPBQCNTMQX3NHHS-clothes,t-shirt,4416.0,01K0Q760DYTBERARCCPP0HVTBD-clothes,1,,clothes,human,human
01K4DSNAED95MCXR7K4AECJVSM,01K4DTMBV73JPBQCNTMQX3NHHS-clothes,jumper,2067.0,01K0Q760DYTBERARCCPP0HVTBD-clothes,2,jeans,clothes,human,human
01K4DSNAED95MCXR7K4AECJVSM,01K4DTMBV73JPBQCNTMQX3NHHS-clothes,sweater,1286.0,01K0Q760DYTBERARCCPP0HVTBD-clothes,3,jeans,clothes,human,human
01K4DSNAED95MCXR7K4AECJVSM,01K4DTMBV73JPBQCNTMQX3NHHS-clothes,sock,3269.0,01K0Q760DYTBERARCCPP0HVTBD-clothes,4,cardigan,clothes,human,human
01K4DSNAED95MCXR7K4AECJVSM,01K4DTMBV73JPBQCNTMQX3NHHS-clothes,shoe,1301.0,01K0Q760DYTBERARCCPP0HVTBD-clothes,5,shoes,clothes,human,human
01K4DSNAED95MCXR7K4AECJVSM,01K4DTMBV73JPBQCNTMQX3NHHS-clothes,hat,3230.0,01K0Q760DYTBERARCCPP0HVTBD-clothes,6,laces,clothes,human,human
01K4DSNAED95MCXR7K4AECJVSM,01K4DTMBV73JPBQCNTMQX3NHHS-clothes,scarf,3900.0,01K0Q760DYTBERARCCPP0HVTBD-clothes,7,scarf,clothes,human,human
01K4DSNAED95MCXR7K4AECJVSM,01K4DTMBV73JPBQCNTMQX3NHHS-clothes,hood,1113.0,01K0Q760DYTBERARCCPP0HVTBD-clothes,8,gloves,clothes,human,human
01K4DSNAED95MCXR7K4AECJVSM,01K4DTMBV73JPBQCNTMQX3NHHS-clothes,snood,2753.0,01K0Q760DYTBERARCCPP0HVTBD-clothes,9,coat,clothes,human,human
01K4DSNAED95MCXR7K4AECJVSM,01K4DTMBV73JPBQCNTMQX3NHHS-clothes,jacket,3163.0,01K0Q760DYTBERARCCPP0HVTBD-clothes,10,mittens,clothes,human,human
01K4DSNAED95MCXR7K4AECJVSM,01K4DTMBV73JPBQCNTMQX3NHHS-clothes,coat,2227.0,01K0Q760DYTBERARCCPP0HVTBD-clothes,11,tie,clothes,human,human
01K4DSNAED95MCXR7K4AECJVSM,01K4DTMBV73JPBQCNTMQX3NHHS-clothes,overcoat,2691.0,01K0Q760DYTBERARCCPP0HVTBD-clothes,12,belt,clothes,human,human
01K4DSNAED95MCXR7K4AECJVSM,01K4DTMBV73JPBQCNTMQX3NHHS-clothes,suspender,2119.0,01K0Q760DYTBERARCCPP0HVTBD-clothes,13,mackintosh,clothes,human,human
01K4DSNAED95MCXR7K4AECJVSM,01K4DTMBV73JPBQCNTMQX3NHHS-clothes,tie,2114.0,01K0Q760DYTBERARCCPP0HVTBD-clothes,14,stockings,clothes,human,human
01K4DSNAED95MCXR7K4AECJVSM,01K4DTMBV73JPBQCNTMQX3NHHS-clothes,bow tie,1409.0,01K0Q760DYTBERARCCPP0HVTBD-clothes,15,bow,clothes,human,human
01K4DSNAED95MCXR7K4AECJVSM,01K4DTMBV73JPBQCNTMQX3NHHS-clothes,cravat,3985.0,01K0Q760DYTBERARCCPP0HVTBD-clothes,16,scarf,clothes,human,human
01K4DSNAED95MCXR7K4AECJVSM,01K4DTMBV73JPBQCNTMQX3NHHS-clothes,glasses,4164.0,01K0Q760DYTBERARCCPP0HVTBD-clothes,17,tie,clothes,human,human
01K4DSNAED95MCXR7K4AECJVSM,01K4DTMBV73JPBQCNTMQX3NHHS-clothes,sunglasses,2806.0,01K0Q760DYTBERARCCPP0HVTBD-clothes,18,sunglasses,clothes,human,human
01K4DSNAED95MCXR7K4AECJVSM,01K4DTMBV73JPBQCNTMQX3NHHS-clothes,piercing,4162.0,01K0Q760DYTBERARCCPP0HVTBD-clothes,19,shades,clothes,human,human
01K4DSNAED95MCXR7K4AECJVSM,01K4DTMBV73JPBQCNTMQX3NHHS-clothes,glove,3144.0,01K0Q760DYTBERARCCPP0HVTBD-clothes,20,earrings,clothes,human,human
01K4DSNAED95MCXR7K4AECJVSM,01K4DTMBV73JPBQCNTMQX3NHHS-clothes,mitten,2451.0,01K0Q760DYTBERARCCPP0HVTBD-clothes,21,mittens,clothes,human,human
01K4DSNAED95MCXR7K4AECJVSM,01K4DTMBV73JPBQCNTMQX3NHHS-clothes,handbag,3628.0,01K0Q760DYTBERARCCPP0HVTBD-clothes,22,shirt,clothes,human,human
01K4DSNAED95MCXR7K4AECJVSM,01K4DTMBV73JPBQCNTMQX3NHHS-clothes,rucksack,3588.0,01K0Q760DYTBERARCCPP0HVTBD-clothes,23,purse,clothes,human,human
01K4DSNAED95MCXR7K4AECJVSM,01K4DTMBV73JPBQCNTMQX3NHHS-clothes,breeches,5256.0,01K0Q760DYTBERARCCPP0HVTBD-clothes,24,suitcase,clothes,human,human
01K4DSNAED95MCXR7K4AECJVSM,01K4DTMBV73JPBQCNTMQX3NHHS-clothes,boxers,5542.0,01K0Q760DYTBERARCCPP0HVTBD-clothes,25,trousers,clothes,human,human
01K4DSNAED95MCXR7K4AECJVSM,01K4DTMBV73JPBQCNTMQX3NHHS-clothes,thong,1229.0,01K0Q760DYTBERARCCPP0HVTBD-clothes,26,pants,clothes,human,human
01K4DSNAED95MCXR7K4AECJVSM,01K4DTMBV73JPBQCNTMQX3NHHS-clothes,g-string,2139.0,01K0Q760DYTBERARCCPP0HVTBD-clothes,27,knickers,clothes,human,human
01K4DSNAED95MCXR7K4AECJVSM,01K4DTMBV73JPBQCNTMQX3NHHS-clothes,briefs,3296.0,01K0Q760DYTBERARCCPP0HVTBD-clothes,28,bra,clothes,human,human
01K4DSNAED95MCXR7K4AECJVSM,01K4DTMBV73JPBQCNTMQX3NHHS-clothes,vest,7027.0,01K0Q760DYTBERARCCPP0HVTBD-clothes,29,pants,clothes,human,human
01K4DSNAED95MCXR7K4AECJVSM,01K4DTMBV73JPBQCNTMQX3NHHS-clothes,bra,9536.0,01K0Q760DYTBERARCCPP0HVTBD-clothes,30,nightie,clothes,human,human
01K4DSNAED95MCXR7K4AECJVSM,01K4DTMBV73JPBQCNTMQX3NHHS-clothes,corset,1924.0,01K0Q760DYTBERARCCPP0HVTBD-clothes,31,pants,clothes,human,human
01K4DSNAED95MCXR7K4AECJVSM,01K4DTMBV73JPBQCNTMQX3NHHS-clothes,shin pad,7475.0,01K0Q760DYTBERARCCPP0HVTBD-clothes,32,vest,clothes,human,human
01K4DSNAED95MCXR7K4AECJVSM,01K4DTMBV73JPBQCNTMQX3NHHS-clothes,codpiece,3075.0,01K0Q760DYTBERARCCPP0HVTBD-clothes,33,boots,clothes,human,human
01K4DSNAED95MCXR7K4AECJVSM,01K4DTMBV73JPBQCNTMQX3NHHS-clothes,mask,6785.0,01K0Q760DYTBERARCCPP0HVTBD-clothes,34,trousers,clothes,human,human
01K4DSNAED95MCXR7K4AECJVSM,01K4DTMBV73JPBQCNTMQX3NHHS-clothes,shorts,13008.0,01K0Q760DYTBERARCCPP0HVTBD-clothes,35,bra,clothes,human,human
01K4DSNAED95MCXR7K4AECJVSM,01K4DTMBV73JPBQCNTMQX3NHHS-clothes,jeans,3678.0,01K0Q760DYTBERARCCPP0HVTBD-clothes,36,pants,clothes,human,human
01K4DSNAED95MCXR7K4AECJVSM,01K4DTMBV73JPBQCNTMQX3NHHS-clothes,corduroy,9845.0,01K0Q760DYTBERARCCPP0HVTBD-clothes,37,trousers,clothes,human,human
01K4DSNAED95MCXR7K4AECJVSM,01K4DTMBV73JPBQCNTMQX3NHHS-clothes,petticoat,11092.0,01K0Q760DYTBERARCCPP0HVTBD-clothes,38,chinos,clothes,human,human
01K4DSNAED95MCXR7K4AECJVSM,01K4DTMBV73JPBQCNTMQX3NHHS-clothes,veil,5355.0,01K0Q760DYTBERARCCPP0HVTBD-clothes,39,dress,clothes,human,human
01K4DSNAED95MCXR7K4AECJVSM,01K4DTMBV73JPBQCNTMQX3NHHS-clothes,cape,4313.0,01K0Q760DYTBERARCCPP0HVTBD-clothes,40,bridal,clothes,human,human
01K4DSNAED95MCXR7K4AECJVSM,01K4DTMBV73JPBQCNTMQX3NHHS-clothes,dress,1003.0,01K0Q760DYTBERARCCPP0HVTBD-clothes,41,cloak,clothes,human,human
01K4DSNAED95MCXR7K4AECJVSM,01K4DTMBV73JPBQCNTMQX3NHHS-clothes,skirt,1143.0,01K0Q760DYTBERARCCPP0HVTBD-clothes,42,dress,clothes,human,human
01K4DSNAED95MCXR7K4AECJVSM,01K4DTMBV73JPBQCNTMQX3NHHS-clothes,long johns,10512.0,01K0Q760DYTBERARCCPP0HVTBD-clothes,43,shorts,clothes,human,human
01KEYTFBSHEN6M7BF7ZFX9B0EM,01KEZ0AFNZW3VWT4D3K9S78FET,canned food item,9238.0,01K0Q78E8EXAB60F9JNJTBD8A3-supermarket,1,,supermarket,human,human
01KEYTFBSHEN6M7BF7ZFX9B0EM,01KEZ0AFNZW3VWT4D3K9S78FET,banana,3314.0,01K0Q78E8EXAB60F9JNJTBD8A3-supermarket,2,beans,supermarket,human,human
01KEYTFBSHEN6M7BF7ZFX9B0EM,01KEZ0AFNZW3VWT4D3K9S78FET,milk,2125.0,01K0Q78E8EXAB60F9JNJTBD8A3-supermarket,3,apple,supermarket,human,human
01KEYTFBSHEN6M7BF7ZFX9B0EM,01KEZ0AFNZW3VWT4D3K9S78FET,egg,1339.0,01K0Q78E8EXAB60F9JNJTBD8A3-supermarket,4,tea,supermarket,human,human
01KEYTFBSHEN6M7BF7ZFX9B0EM,01KEZ0AFNZW3VWT4D3K9S78FET,coffee,2464.0,01K0Q78E8EXAB60F9JNJTBD8A3-supermarket,5,cress,supermarket,human,human
01KEYTFBSHEN6M7BF7ZFX9B0EM,01KEZ0AFNZW3VWT4D3K9S78FET,soda,3121.0,01K0Q78E8EXAB60F9JNJTBD8A3-supermarket,6,milk,supermarket,human,human
01KEYTFBSHEN6M7BF7ZFX9B0EM,01KEZ0AFNZW3VWT4D3K9S78FET,bread,3161.0,01K0Q78E8EXAB60F9JNJTBD8A3-supermarket,7,coke,supermarket,human,human
01KEYTFBSHEN6M7BF7ZFX9B0EM,01KEZ0AFNZW3VWT4D3K9S78FET,cake,2636.0,01K0Q78E8EXAB60F9JNJTBD8A3-supermarket,8,buter,supermarket,human,human
01KEYTFBSHEN6M7BF7ZFX9B0EM,01KEZ0AFNZW3VWT4D3K9S78FET,pie,2494.0,01K0Q78E8EXAB60F9JNJTBD8A3-supermarket,9,biscuits,supermarket,human,human
01KEYTFBSHEN6M7BF7ZFX9B0EM,01KEZ0AFNZW3VWT4D3K9S78FET,potato chip,4815.0,01K0Q78E8EXAB60F9JNJTBD8A3-supermarket,10,steak,supermarket,human,human
01KEYTFBSHEN6M7BF7ZFX9B0EM,01KEZ0AFNZW3VWT4D3K9S78FET,cantaloupe,15265.0,01K0Q78E8EXAB60F9JNJTBD8A3-supermarket,11,waffles,supermarket,human,human
01KEYTFBSHEN6M7BF7ZFX9B0EM,01KEZ0AFNZW3VWT4D3K9S78FET,coffee creamer,3860.0,01K0Q78E8EXAB60F9JNJTBD8A3-supermarket,12,melon,supermarket,human,human
01KEYTFBSHEN6M7BF7ZFX9B0EM,01KEZ0AFNZW3VWT4D3K9S78FET,ice cream,3197.0,01K0Q78E8EXAB60F9JNJTBD8A3-supermarket,13,cream,supermarket,human,human
01KEYTFBSHEN6M7BF7ZFX9B0EM,01KEZ0AFNZW3VWT4D3K9S78FET,bicycle,8232.0,01K0Q78E8EXAB60F9JNJTBD8A3-supermarket,14,lolly,supermarket,human,human
01KEYTFBSHEN6M7BF7ZFX9B0EM,01KEZ0AFNZW3VWT4D3K9S78FET,candy,3399.0,01K0Q78E8EXAB60F9JNJTBD8A3-supermarket,15,tyres,supermarket,human,human
01KEYTFBSHEN6M7BF7ZFX9B0EM,01KEZ0AFNZW3VWT4D3K9S78FET,toilet paper,4357.0,01K0Q78E8EXAB60F9JNJTBD8A3-supermarket,16,mints,supermarket,human,human
01KEYTFBSHEN6M7BF7ZFX9B0EM,01KEZ0AFNZW3VWT4D3K9S78FET,hamburger,4795.0,01K0Q78E8EXAB60F9JNJTBD8A3-supermarket,17,kitchnroll,supermarket,human,human
01KEYTFBSHEN6M7BF7ZFX9B0EM,01KEZ0AFNZW3VWT4D3K9S78FET,frozen pizza,6031.0,01K0Q78E8EXAB60F9JNJTBD8A3-supermarket,18,beef,supermarket,human,human
01KEYTFBSHEN6M7BF7ZFX9B0EM,01KEZ0AFNZW3VWT4D3K9S78FET,chicken,6697.0,01K0Q78E8EXAB60F9JNJTBD8A3-supermarket,19,peas,supermarket,human,human
01KEYTFBSHEN6M7BF7ZFX9B0EM,01KEZ0AFNZW3VWT4D3K9S78FET,potato salad,7448.0,01K0Q78E8EXAB60F9JNJTBD8A3-supermarket,20,fish,supermarket,human,human
01KEYTFBSHEN6M7BF7ZFX9B0EM,01KEZ0AFNZW3VWT4D3K9S78FET,cookie,3207.0,01K0Q78E8EXAB60F9JNJTBD8A3-supermarket,21,coleslaw,supermarket,human,human
01KEYTFBSHEN6M7BF7ZFX9B0EM,01KEZ0AFNZW3VWT4D3K9S78FET,croissant,8191.0,01K0Q78E8EXAB60F9JNJTBD8A3-supermarket,22,biscuits,supermarket,human,human
01KEYTFBSHEN6M7BF7ZFX9B0EM,01KEZ0AFNZW3VWT4D3K9S78FET,roll,7414.0,01K0Q78E8EXAB60F9JNJTBD8A3-supermarket,23,brioche,supermarket,human,human
01KEYTFBSHEN6M7BF7ZFX9B0EM,01KEZ0AFNZW3VWT4D3K9S78FET,coffee maker,4624.0,01K0Q78E8EXAB60F9JNJTBD8A3-supermarket,24,bread,supermarket,human,human
01KEYTFBSHEN6M7BF7ZFX9B0EM,01KEZ0AFNZW3VWT4D3K9S78FET,coffee filter,3631.0,01K0Q78E8EXAB60F9JNJTBD8A3-supermarket,25,toaster,supermarket,human,human
01KEYTFBSHEN6M7BF7ZFX9B0EM,01KEZ0AFNZW3VWT4D3K9S78FET,napkin,3131.0,01K0Q78E8EXAB60F9JNJTBD8A3-supermarket,26,coffree,supermarket,human,human
01KEYTFBSHEN6M7BF7ZFX9B0EM,01KEZ0AFNZW3VWT4D3K9S78FET,water,4115.0,01K0Q78E8EXAB60F9JNJTBD8A3-supermarket,27,serviette,supermarket,human,human
01KEYTFBSHEN6M7BF7ZFX9B0EM,01KEZ0AFNZW3VWT4D3K9S78FET,fruit juice,7013.0,01K0Q78E8EXAB60F9JNJTBD8A3-supermarket,28,juice,supermarket,human,human
01KEYTFBSHEN6M7BF7ZFX9B0EM,01KEZ0AFNZW3VWT4D3K9S78FET,vegetable juice,5091.0,01K0Q78E8EXAB60F9JNJTBD8A3-supermarket,29,orange,supermarket,human,human
01KEYTFBSHEN6M7BF7ZFX9B0EM,01KEZ0AFNZW3VWT4D3K9S78FET,pumpkin seed,6174.0,01K0Q78E8EXAB60F9JNJTBD8A3-supermarket,30,celery,supermarket,human,human
01KEYTFBSHEN6M7BF7ZFX9B0EM,01KEZ0AFNZW3VWT4D3K9S78FET,walnut,3011.0,01K0Q78E8EXAB60F9JNJTBD8A3-supermarket,31,sunflowerseeds,supermarket,human,human
01KEYTFBSHEN6M7BF7ZFX9B0EM,01KEZ0AFNZW3VWT4D3K9S78FET,almond,2924.0,01K0Q78E8EXAB60F9JNJTBD8A3-supermarket,32,nuts,supermarket,human,human
01KEYTFBSHEN6M7BF7ZFX9B0EM,01KEZ0AFNZW3VWT4D3K9S78FET,cereal,1794.0,01K0Q78E8EXAB60F9JNJTBD8A3-supermarket,33,pecans,supermarket,human,human
01KEYTFBSHEN6M7BF7ZFX9B0EM,01KEZ0AFNZW3VWT4D3K9S78FET,snack,3580.0,01K0Q78E8EXAB60F9JNJTBD8A3-supermarket,34,weetabix,supermarket,human,human
01KEYTFBSHEN6M7BF7ZFX9B0EM,01KEZ0AFNZW3VWT4D3K9S78FET,apple sauce,4323.0,01K0Q78E8EXAB60F9JNJTBD8A3-supermarket,35,crisps,supermarket,human,human
01KEYTFBSHEN6M7BF7ZFX9B0EM,01KEZ0AFNZW3VWT4D3K9S78FET,sausage,4554.0,01K0Q78E8EXAB60F9JNJTBD8A3-supermarket,36,pork,supermarket,human,human
01KEYTFBSHEN6M7BF7ZFX9B0EM,01KEZ0AFNZW3VWT4D3K9S78FET,frozen dinner,5272.0,01K0Q78E8EXAB60F9JNJTBD8A3-supermarket,37,egs,supermarket,human,human
01KEYTFBSE9S8P60VPRT5259A5,01KEZ0EA1HNXFNDQQ2QSS4J84T,tomato,8071.0,01K0Q6NEJ0M60N5M2TF8DYRDJK-supermarket,1,,supermarket,human,human
01KEYTFBSE9S8P60VPRT5259A5,01KEZ0EA1HNXFNDQQ2QSS4J84T,bean,3697.0,01K0Q6NEJ0M60N5M2TF8DYRDJK-supermarket,2,lettuce,supermarket,human,human
01KEYTFBSE9S8P60VPRT5259A5,01KEZ0EA1HNXFNDQQ2QSS4J84T,chicken,3600.0,01K0Q6NEJ0M60N5M2TF8DYRDJK-supermarket,3,apple,supermarket,human,human
01KEYTFBSE9S8P60VPRT5259A5,01KEZ0EA1HNXFNDQQ2QSS4J84T,steak,1105.0,01K0Q6NEJ0M60N5M2TF8DYRDJK-supermarket,4,rice,supermarket,human,human
01KEYTFBSE9S8P60VPRT5259A5,01KEZ0EA1HNXFNDQQ2QSS4J84T,ground beef,4814.0,01K0Q6NEJ0M60N5M2TF8DYRDJK-supermarket,5,milk,supermarket,human,human
01KEYTFBSE9S8P60VPRT5259A5,01KEZ0EA1HNXFNDQQ2QSS4J84T,hot dog,2122.0,01K0Q6NEJ0M60N5M2TF8DYRDJK-supermarket,6,milk,supermarket,human,human
01KEYTFBSE9S8P60VPRT5259A5,01KEZ0EA1HNXFNDQQ2QSS4J84T,hamburger,2922.0,01K0Q6NEJ0M60N5M2TF8DYRDJK-supermarket,7,bread,supermarket,human,human
01KEYTFBSE9S8P60VPRT5259A5,01KEZ0EA1HNXFNDQQ2QSS4J84T,hamburger bun,3707.0,01K0Q6NEJ0M60N5M2TF8DYRDJK-supermarket,8,buns,supermarket,human,human
01KEYTFBSE9S8P60VPRT5259A5,01KEZ0EA1HNXFNDQQ2QSS4J84T,hot dog bun,3369.0,01K0Q6NEJ0M60N5M2TF8DYRDJK-supermarket,9,hotdogbun,supermarket,human,human
01KEYTFBSE9S8P60VPRT5259A5,01KEZ0EA1HNXFNDQQ2QSS4J84T,cheese,2825.0,01K0Q6NEJ0M60N5M2TF8DYRDJK-supermarket,10,ketchup,supermarket,human,human
01KEYTFBSE9S8P60VPRT5259A5,01KEZ0EA1HNXFNDQQ2QSS4J84T,bologna,5449.0,01K0Q6NEJ0M60N5M2TF8DYRDJK-supermarket,11,mustard,supermarket,human,human
01KEYTFBSE9S8P60VPRT5259A5,01KEZ0EA1HNXFNDQQ2QSS4J84T,turkey,5131.0,01K0Q6NEJ0M60N5M2TF8DYRDJK-supermarket,12,mayo,supermarket,human,human
01KEYTFBSE9S8P60VPRT5259A5,01KEZ0EA1HNXFNDQQ2QSS4J84T,salami,10958.0,01K0Q6NEJ0M60N5M2TF8DYRDJK-supermarket,13,ham,supermarket,human,human
01KEYTFBSE9S8P60VPRT5259A5,01KEZ0EA1HNXFNDQQ2QSS4J84T,broccoli,4734.0,01K0Q6NEJ0M60N5M2TF8DYRDJK-supermarket,14,ham,supermarket,human,human
01KEYTFBSE9S8P60VPRT5259A5,01KEZ0EA1HNXFNDQQ2QSS4J84T,avocado,3926.0,01K0Q6NEJ0M60N5M2TF8DYRDJK-supermarket,15,cauliflower,supermarket,human,human
01KEYTFBSE9S8P60VPRT5259A5,01KEZ0EA1HNXFNDQQ2QSS4J84T,cauliflower,4838.0,01K0Q6NEJ0M60N5M2TF8DYRDJK-supermarket,16,lettuce,supermarket,human,human
01KEYTFBSE9S8P60VPRT5259A5,01KEZ0EA1HNXFNDQQ2QSS4J84T,french fry,6762.0,01K0Q6NEJ0M60N5M2TF8DYRDJK-supermarket,17,lettuce,supermarket,human,human
01KEYTFBSE9S8P60VPRT5259A5,01KEZ0EA1HNXFNDQQ2QSS4J84T,salmon,9369.0,01K0Q6NEJ0M60N5M2TF8DYRDJK-supermarket,18,potato,supermarket,human,human
01KEYTFBSE9S8P60VPRT5259A5,01KEZ0EA1HNXFNDQQ2QSS4J84T,sausage,4217.0,01K0Q6NEJ0M60N5M2TF8DYRDJK-supermarket,19,lemon,supermarket,human,human
01KEYTFBSE9S8P60VPRT5259A5,01KEZ0EA1HNXFNDQQ2QSS4J84T,toilet paper,6886.0,01K0Q6NEJ0M60N5M2TF8DYRDJK-supermarket,20,eggs,supermarket,human,human
01KEYTFBSE9S8P60VPRT5259A5,01KEZ0EA1HNXFNDQQ2QSS4J84T,paper towel,4116.0,01K0Q6NEJ0M60N5M2TF8DYRDJK-supermarket,21,napkins,supermarket,human,human
01KEYTFBSE9S8P60VPRT5259A5,01KEZ0EA1HNXFNDQQ2QSS4J84T,chip,4585.0,01K0Q6NEJ0M60N5M2TF8DYRDJK-supermarket,22,tissues,supermarket,human,human
01KEYTFBSE9S8P60VPRT5259A5,01KEZ0EA1HNXFNDQQ2QSS4J84T,salsa,2553.0,01K0Q6NEJ0M60N5M2TF8DYRDJK-supermarket,23,dip,supermarket,human,human
01KEYTFBSE9S8P60VPRT5259A5,01KEZ0EA1HNXFNDQQ2QSS4J84T,dip,2409.0,01K0Q6NEJ0M60N5M2TF8DYRDJK-supermarket,24,icecream,supermarket,human,human
01KEYTFBSE9S8P60VPRT5259A5,01KEZ0EA1HNXFNDQQ2QSS4J84T,canned tuna,11005.0,01K0Q6NEJ0M60N5M2TF8DYRDJK-supermarket,25,icecream,supermarket,human,human
01KEYTFBSE9S8P60VPRT5259A5,01KEZ0EA1HNXFNDQQ2QSS4J84T,spice,4306.0,01K0Q6NEJ0M60N5M2TF8DYRDJK-supermarket,26,mayo,supermarket,human,human
01KEYTFBSE9S8P60VPRT5259A5,01KEZ0EA1HNXFNDQQ2QSS4J84T,ice cream,7154.0,01K0Q6NEJ0M60N5M2TF8DYRDJK-supermarket,27,salt,supermarket,human,human
01KEYTFBSE9S8P60VPRT5259A5,01KEZ0EA1HNXFNDQQ2QSS4J84T,pickle,2870.0,01K0Q6NEJ0M60N5M2TF8DYRDJK-supermarket,28,icecreamcone,supermarket,human,human
01KEYTFBSE9S8P60VPRT5259A5,01KEZ0EA1HNXFNDQQ2QSS4J84T,fruit juice,6164.0,01K0Q6NEJ0M60N5M2TF8DYRDJK-supermarket,29,mustard,supermarket,human,human
01KEYTFBSE9S8P60VPRT5259A5,01KEZ0EA1HNXFNDQQ2QSS4J84T,asparagus,22369.0,01K0Q6NEJ0M60N5M2TF8DYRDJK-supermarket,30,milk,supermarket,human,human
01KEYTFBSE9S8P60VPRT5259A5,01KEZ0EA1HNXFNDQQ2QSS4J84T,green pepper,6748.0,01K0Q6NEJ0M60N5M2TF8DYRDJK-supermarket,31,brusselsprout,supermarket,human,human
01KEYTFBSE9S8P60VPRT5259A5,01KEZ0EA1HNXFNDQQ2QSS4J84T,onion,1780.0,01K0Q6NEJ0M60N5M2TF8DYRDJK-supermarket,32,carrot,supermarket,human,human
01KEYTFBSE9S8P60VPRT5259A5,01KEZ0EA1HNXFNDQQ2QSS4J84T,salad,5008.0,01K0Q6NEJ0M60N5M2TF8DYRDJK-supermarket,33,carrot,supermarket,human,human
01KEYTFAMQXMXD8PBP2ZPD6F4C,01KEYWVPKKZM6MCVE1MQY6JNWA,hat,3481.0,01JRZM8B5AP49HDHKE9WA4CFM3-clothes,1,,clothes,human,human
01KEYTFAMQXMXD8PBP2ZPD6F4C,01KEYWVPKKZM6MCVE1MQY6JNWA,glove,959.0,01JRZM8B5AP49HDHKE9WA4CFM3-clothes,2,gloves,clothes,human,human
01KEYTFAMQXMXD8PBP2ZPD6F4C,01KEYWVPKKZM6MCVE1MQY6JNWA,scarf,1717.0,01JRZM8B5AP49HDHKE9WA4CFM3-clothes,3,scarf,clothes,human,human
01KEYTFAMQXMXD8PBP2ZPD6F4C,01KEYWVPKKZM6MCVE1MQY6JNWA,jeans,2387.0,01JRZM8B5AP49HDHKE9WA4CFM3-clothes,4,coat,clothes,human,human
01KEYTFAMQXMXD8PBP2ZPD6F4C,01KEYWVPKKZM6MCVE1MQY6JNWA,jacket,1728.0,01JRZM8B5AP49HDHKE9WA4CFM3-clothes,5,shoe,clothes,human,human
01KEYTFAMQXMXD8PBP2ZPD6F4C,01KEYWVPKKZM6MCVE1MQY6JNWA,underwear,3338.0,01JRZM8B5AP49HDHKE9WA4CFM3-clothes,6,jumper,clothes,human,human
01KEYTFAMQXMXD8PBP2ZPD6F4C,01KEYWVPKKZM6MCVE1MQY6JNWA,shoe,2990.0,01JRZM8B5AP49HDHKE9WA4CFM3-clothes,7,socks,clothes,human,human
01KEYTFAMQXMXD8PBP2ZPD6F4C,01KEYWVPKKZM6MCVE1MQY6JNWA,sock,2175.0,01JRZM8B5AP49HDHKE9WA4CFM3-clothes,8,sock,clothes,human,human
01KEYTFAMQXMXD8PBP2ZPD6F4C,01KEYWVPKKZM6MCVE1MQY6JNWA,tie,846.0,01JRZM8B5AP49HDHKE9WA4CFM3-clothes,9,shirt,clothes,human,human
01KEYTFAMQXMXD8PBP2ZPD6F4C,01KEYWVPKKZM6MCVE1MQY6JNWA,t-shirt,7871.0,01JRZM8B5AP49HDHKE9WA4CFM3-clothes,10,shirt,clothes,human,human
01KEYTFAMQXMXD8PBP2ZPD6F4C,01KEYWVPKKZM6MCVE1MQY6JNWA,slipper,3469.0,01JRZM8B5AP49HDHKE9WA4CFM3-clothes,11,jumper,clothes,human,human
01KEYTFAMQXMXD8PBP2ZPD6F4C,01KEYWVPKKZM6MCVE1MQY6JNWA,bra,2073.0,01JRZM8B5AP49HDHKE9WA4CFM3-clothes,12,jumper,clothes,human,human
01KEYTFAMQXMXD8PBP2ZPD6F4C,01KEYWVPKKZM6MCVE1MQY6JNWA,boxer shorts,3269.0,01JRZM8B5AP49HDHKE9WA4CFM3-clothes,13,jumper,clothes,human,human
01KEYTFAMQXMXD8PBP2ZPD6F4C,01KEYWVPKKZM6MCVE1MQY6JNWA,wedding dress,7979.0,01JRZM8B5AP49HDHKE9WA4CFM3-clothes,14,knickers,clothes,human,human
01KEYTFAMQXMXD8PBP2ZPD6F4C,01KEYWVPKKZM6MCVE1MQY6JNWA,suit,912.0,01JRZM8B5AP49HDHKE9WA4CFM3-clothes,15,suit,clothes,human,human
01KEYTFAMQXMXD8PBP2ZPD6F4C,01KEYWVPKKZM6MCVE1MQY6JNWA,cufflink,3812.0,01JRZM8B5AP49HDHKE9WA4CFM3-clothes,16,shirt,clothes,human,human
01KEYTFAMQXMXD8PBP2ZPD6F4C,01KEYWVPKKZM6MCVE1MQY6JNWA,sandal,5109.0,01JRZM8B5AP49HDHKE9WA4CFM3-clothes,17,hankerchief,clothes,human,human
01KEYTFAMQXMXD8PBP2ZPD6F4C,01KEYWVPKKZM6MCVE1MQY6JNWA,burka,12410.0,01JRZM8B5AP49HDHKE9WA4CFM3-clothes,18,shorts,clothes,human,human
01KEYTFAMQXMXD8PBP2ZPD6F4C,01KEYWVPKKZM6MCVE1MQY6JNWA,jogging bottoms,8992.0,01JRZM8B5AP49HDHKE9WA4CFM3-clothes,19,glasses,clothes,human,human
01KEYTFAMQXMXD8PBP2ZPD6F4C,01KEYWVPKKZM6MCVE1MQY6JNWA,dress,6279.0,01JRZM8B5AP49HDHKE9WA4CFM3-clothes,20,trainers,clothes,human,human
01KEYTFAMQXMXD8PBP2ZPD6F4C,01KEYWVPKKZM6MCVE1MQY6JNWA,thong,5298.0,01JRZM8B5AP49HDHKE9WA4CFM3-clothes,21,heels,clothes,human,human
01KEYTFAMQXMXD8PBP2ZPD6F4C,01KEYWVPKKZM6MCVE1MQY6JNWA,pajamas,5348.0,01JRZM8B5AP49HDHKE9WA4CFM3-clothes,22,flipflops,clothes,human,human
01KEYTFAMQXMXD8PBP2ZPD6F4C,01KEYWVPKKZM6MCVE1MQY6JNWA,dressing gown,3288.0,01JRZM8B5AP49HDHKE9WA4CFM3-clothes,23,slippers,clothes,human,human
01KEYTFAMQXMXD8PBP2ZPD6F4C,01KEYWVPKKZM6MCVE1MQY6JNWA,hoodie,13539.0,01JRZM8B5AP49HDHKE9WA4CFM3-clothes,24,slippers,clothes,human,human
01KEYTFAMQXMXD8PBP2ZPD6F4C,01KEYWVPKKZM6MCVE1MQY6JNWA,jumper,2730.0,01JRZM8B5AP49HDHKE9WA4CFM3-clothes,25,cardigan,clothes,human,human
01KEYTFAMQXMXD8PBP2ZPD6F4C,01KEYWVPKKZM6MCVE1MQY6JNWA,onesie,3305.0,01JRZM8B5AP49HDHKE9WA4CFM3-clothes,26,fleece,clothes,human,human
01KEYTFAMQXMXD8PBP2ZPD6F4C,01KEYWVPKKZM6MCVE1MQY6JNWA,cap,6900.0,01JRZM8B5AP49HDHKE9WA4CFM3-clothes,27,slippers,clothes,human,human
01KEYTFAMQXMXD8PBP2ZPD6F4C,01KEYWVPKKZM6MCVE1MQY6JNWA,coat,11958.0,01JRZM8B5AP49HDHKE9WA4CFM3-clothes,28,glasses,clothes,human,human
01KEYTFAMQXMXD8PBP2ZPD6F4C,01KEYWVPKKZM6MCVE1MQY6JNWA,trainer,4412.0,01JRZM8B5AP49HDHKE9WA4CFM3-clothes,29,mittens,clothes,human,human
01KEYTFAMQXMXD8PBP2ZPD6F4C,01KEYWVPKKZM6MCVE1MQY6JNWA,wetsuit,5900.0,01JRZM8B5AP49HDHKE9WA4CFM3-clothes,30,socka,clothes,human,human
01KEYTFAMQXMXD8PBP2ZPD6F4C,01KEYWVPKKZM6MCVE1MQY6JNWA,crop top,9019.0,01JRZM8B5AP49HDHKE9WA4CFM3-clothes,31,goggles,clothes,human,human
01KFVAEZ7M6XCDXAEEAVSYHN2B,01KFVAS5NKEWASJ2Y0HZA62XRZ,dog,2811.0,01K0Q6X9A2MKREST426G0SGCB1-animals,1,,animals,human,human
01KFVAEZ7M6XCDXAEEAVSYHN2B,01KFVAS5NKEWASJ2Y0HZA62XRZ,cat,502.0,01K0Q6X9A2MKREST426G0SGCB1-animals,2,puppy,animals,human,human
01KFVAEZ7M6XCDXAEEAVSYHN2B,01KFVAS5NKEWASJ2Y0HZA62XRZ,lion,1162.0,01K0Q6X9A2MKREST426G0SGCB1-animals,3,dog,animals,human,human
01KFVAEZ7M6XCDXAEEAVSYHN2B,01KFVAS5NKEWASJ2Y0HZA62XRZ,leopard,2038.0,01K0Q6X9A2MKREST426G0SGCB1-animals,4,tiger,animals,human,human
01KFVAEZ7M6XCDXAEEAVSYHN2B,01KFVAS5NKEWASJ2Y0HZA62XRZ,fish,1476.0,01K0Q6X9A2MKREST426G0SGCB1-animals,5,spots,animals,human,human
01KFVAEZ7M6XCDXAEEAVSYHN2B,01KFVAS5NKEWASJ2Y0HZA62XRZ,turtle,1860.0,01K0Q6X9A2MKREST426G0SGCB1-animals,6,tank,animals,human,human
01KFVAEZ7M6XCDXAEEAVSYHN2B,01KFVAS5NKEWASJ2Y0HZA62XRZ,eagle,2612.0,01K0Q6X9A2MKREST426G0SGCB1-animals,7,shell,animals,human,human
01KFVAEZ7M6XCDXAEEAVSYHN2B,01KFVAS5NKEWASJ2Y0HZA62XRZ,canary,2853.0,01K0Q6X9A2MKREST426G0SGCB1-animals,8,wings,animals,human,human
01KFVAEZ7M6XCDXAEEAVSYHN2B,01KFVAS5NKEWASJ2Y0HZA62XRZ,rat,6923.0,01K0Q6X9A2MKREST426G0SGCB1-animals,9,yelloe,animals,human,human
01KFVAEZ7M6XCDXAEEAVSYHN2B,01KFVAS5NKEWASJ2Y0HZA62XRZ,mouse,923.0,01K0Q6X9A2MKREST426G0SGCB1-animals,10,mouse,animals,human,human
01KFVAEZ7M6XCDXAEEAVSYHN2B,01KFVAS5NKEWASJ2Y0HZA62XRZ,cockroach,2316.0,01K0Q6X9A2MKREST426G0SGCB1-animals,11,cheese,animals,human,human
01KFVAEZ7M6XCDXAEEAVSYHN2B,01KFVAS5NKEWASJ2Y0HZA62XRZ,beetle,2540.0,01K0Q6X9A2MKREST426G0SGCB1-animals,12,insect,animals,human,human
01KFVAEZ7M6XCDXAEEAVSYHN2B,01KFVAS5NKEWASJ2Y0HZA62XRZ,fly,1597.0,01K0Q6X9A2MKREST426G0SGCB1-animals,13,antenna,animals,human,human
01KFVAEZ7M6XCDXAEEAVSYHN2B,01KFVAS5NKEWASJ2Y0HZA62XRZ,butterfly,8369.0,01K0Q6X9A2MKREST426G0SGCB1-animals,14,wasp,animals,human,human
01KFVAEZ7M6XCDXAEEAVSYHN2B,01KFVAS5NKEWASJ2Y0HZA62XRZ,mosquito,3189.0,01K0Q6X9A2MKREST426G0SGCB1-animals,15,insect,animals,human,human
01KFVAEZ7M6XCDXAEEAVSYHN2B,01KFVAS5NKEWASJ2Y0HZA62XRZ,fox,12491.0,01K0Q6X9A2MKREST426G0SGCB1-animals,16,fly,animals,human,human
01KFVAEZ7M6XCDXAEEAVSYHN2B,01KFVAS5NKEWASJ2Y0HZA62XRZ,wolf,1831.0,01K0Q6X9A2MKREST426G0SGCB1-animals,17,cat,animals,human,human
01KFVAEZ7M6XCDXAEEAVSYHN2B,01KFVAS5NKEWASJ2Y0HZA62XRZ,whale,4054.0,01K0Q6X9A2MKREST426G0SGCB1-animals,18,cat,animals,human,human
01KFVAEZ7M6XCDXAEEAVSYHN2B,01KFVAS5NKEWASJ2Y0HZA62XRZ,seagull,2603.0,01K0Q6X9A2MKREST426G0SGCB1-animals,19,dolphin,animals,human,human
01KFVAEZ7M6XCDXAEEAVSYHN2B,01KFVAS5NKEWASJ2Y0HZA62XRZ,clam,1854.0,01K0Q6X9A2MKREST426G0SGCB1-animals,20,bird,animals,human,human
01KFVAEZ7M6XCDXAEEAVSYHN2B,01KFVAS5NKEWASJ2Y0HZA62XRZ,mussel,1357.0,01K0Q6X9A2MKREST426G0SGCB1-animals,21,shell,animals,human,human
01KFVAEZ7M6XCDXAEEAVSYHN2B,01KFVAS5NKEWASJ2Y0HZA62XRZ,coral,1772.0,01K0Q6X9A2MKREST426G0SGCB1-animals,22,prawn,animals,human,human
01KFVAEZ7M6XCDXAEEAVSYHN2B,01KFVAS5NKEWASJ2Y0HZA62XRZ,chinchilla,9597.0,01K0Q6X9A2MKREST426G0SGCB1-animals,23,sand,animals,human,human
01KFVAEZ7M6XCDXAEEAVSYHN2B,01KFVAS5NKEWASJ2Y0HZA62XRZ,leopard gecko,6250.0,01K0Q6X9A2MKREST426G0SGCB1-animals,24,hamster,animals,human,human
01KFVAEZ7M6XCDXAEEAVSYHN2B,01KFVAS5NKEWASJ2Y0HZA62XRZ,boa constrictor,5398.0,01K0Q6X9A2MKREST426G0SGCB1-animals,25,lizzard,animals,human,human
01KFVAEZ7M6XCDXAEEAVSYHN2B,01KFVAS5NKEWASJ2Y0HZA62XRZ,rattlesnake,3429.0,01K0Q6X9A2MKREST426G0SGCB1-animals,26,snake,animals,human,human
01KFVAEZ7M6XCDXAEEAVSYHN2B,01KFVAS5NKEWASJ2Y0HZA62XRZ,toad,11090.0,01K0Q6X9A2MKREST426G0SGCB1-animals,27,cobra,animals,human,human
01KFVAEZ7M6XCDXAEEAVSYHN2B,01KFVAS5NKEWASJ2Y0HZA62XRZ,elephant,4383.0,01K0Q6X9A2MKREST426G0SGCB1-animals,28,frog,animals,human,human
01KFVAEZ7M6XCDXAEEAVSYHN2B,01KFVAS5NKEWASJ2Y0HZA62XRZ,giraffe,2182.0,01K0Q6X9A2MKREST426G0SGCB1-animals,29,trunk,animals,human,human
01KFVAEZ7M6XCDXAEEAVSYHN2B,01KFVAS5NKEWASJ2Y0HZA62XRZ,coyote,3076.0,01K0Q6X9A2MKREST426G0SGCB1-animals,30,gentle,animals,human,human
01KFVAEZ7M6XCDXAEEAVSYHN2B,01KFVAS5NKEWASJ2Y0HZA62XRZ,rabbit,1678.0,01K0Q6X9A2MKREST426G0SGCB1-animals,31,cat,animals,human,human
01KFVAEZ7M6XCDXAEEAVSYHN2B,01KFVAS5NKEWASJ2Y0HZA62XRZ,squirrel,2431.0,01K0Q6X9A2MKREST426G0SGCB1-animals,32,pet,animals,human,human
01KFVAEZ7M6XCDXAEEAVSYHN2B,01KFVAS5NKEWASJ2Y0HZA62XRZ,mockingbird,16673.0,01K0Q6X9A2MKREST426G0SGCB1-animals,33,nuts,animals,human,human
01KFVAEZ7M6XCDXAEEAVSYHN2B,01KFVAS5NKEWASJ2Y0HZA62XRZ,wren,4193.0,01K0Q6X9A2MKREST426G0SGCB1-animals,34,canary,animals,human,human
01KFVAEZ7M6XCDXAEEAVSYHN2B,01KFVAS5NKEWASJ2Y0HZA62XRZ,heron,2078.0,01K0Q6X9A2MKREST426G0SGCB1-animals,35,dove,animals,human,human
01KFVAEZ7M6XCDXAEEAVSYHN2B,01KFVAS5NKEWASJ2Y0HZA62XRZ,swan,4961.0,01K0Q6X9A2MKREST426G0SGCB1-animals,36,eagle,animals,human,human
01KFVAEZ7M6XCDXAEEAVSYHN2B,01KFVAS5NKEWASJ2Y0HZA62XRZ,goose,1129.0,01K0Q6X9A2MKREST426G0SGCB1-animals,37,duck,animals,human,human
01KFVAEZ7M6XCDXAEEAVSYHN2B,01KFVAS5NKEWASJ2Y0HZA62XRZ,duck,1649.0,01K0Q6X9A2MKREST426G0SGCB1-animals,38,duck,animals,human,human
01KFVAEZ7M6XCDXAEEAVSYHN2B,01KFVAS5NKEWASJ2Y0HZA62XRZ,crab,8099.0,01K0Q6X9A2MKREST426G0SGCB1-animals,39,swan,animals,human,human
01KFVAEZ7M6XCDXAEEAVSYHN2B,01KFVAS5NKEWASJ2Y0HZA62XRZ,monkey,3411.0,01K0Q6X9A2MKREST426G0SGCB1-animals,40,shrimp,animals,human,human
01KFVAEZ7M6XCDXAEEAVSYHN2B,01KFVAS5NKEWASJ2Y0HZA62XRZ,ape,618.0,01K0Q6X9A2MKREST426G0SGCB1-animals,41,ape,animals,human,human
01KFVAEZ7M6XCDXAEEAVSYHN2B,01KFVAS5NKEWASJ2Y0HZA62XRZ,gorilla,1325.0,01K0Q6X9A2MKREST426G0SGCB1-animals,42,banana,animals,human,human
01KFVAEZ7M6XCDXAEEAVSYHN2B,01KFVAS5NKEWASJ2Y0HZA62XRZ,human,8714.0,01K0Q6X9A2MKREST426G0SGCB1-animals,43,ape,animals,human,human
01KFVAEZ7M6XCDXAEEAVSYHN2B,01KFVAS5NKEWASJ2Y0HZA62XRZ,horse,7400.0,01K0Q6X9A2MKREST426G0SGCB1-animals,44,man,animals,human,human
01KFVAEZ7M6XCDXAEEAVSYHN2B,01KFVAS5NKEWASJ2Y0HZA62XRZ,donkey,2799.0,01K0Q6X9A2MKREST426G0SGCB1-animals,45,pony,animals,human,human
01KFVAEZ8DCSWXAF0D0JQ7ZG1D,01KFVB0CGZR4Z2DAKY95TA2X1C,dog,7401.0,01JYPGYA8B64FGZDDWQMXB4WSP-animals,1,,animals,human,human
01KFVAEZ8DCSWXAF0D0JQ7ZG1D,01KFVB0CGZR4Z2DAKY95TA2X1C,cat,2193.0,01JYPGYA8B64FGZDDWQMXB4WSP-animals,2,cat,animals,human,human
01KFVAEZ8DCSWXAF0D0JQ7ZG1D,01KFVB0CGZR4Z2DAKY95TA2X1C,fish,2733.0,01JYPGYA8B64FGZDDWQMXB4WSP-animals,3,mouse,animals,human,human
01KFVAEZ8DCSWXAF0D0JQ7ZG1D,01KFVB0CGZR4Z2DAKY95TA2X1C,squirrel,5957.0,01JYPGYA8B64FGZDDWQMXB4WSP-animals,4,bowl,animals,human,human
01KFVAEZ8DCSWXAF0D0JQ7ZG1D,01KFVB0CGZR4Z2DAKY95TA2X1C,rabbit,5538.0,01JYPGYA8B64FGZDDWQMXB4WSP-animals,5,nuts,animals,human,human
01KFVAEZ8DCSWXAF0D0JQ7ZG1D,01KFVB0CGZR4Z2DAKY95TA2X1C,monkey,3396.0,01JYPGYA8B64FGZDDWQMXB4WSP-animals,6,babies,animals,human,human
01KFVAEZ8DCSWXAF0D0JQ7ZG1D,01KFVB0CGZR4Z2DAKY95TA2X1C,ape,1699.0,01JYPGYA8B64FGZDDWQMXB4WSP-animals,7,nuts,animals,human,human
01KFVAEZ8DCSWXAF0D0JQ7ZG1D,01KFVB0CGZR4Z2DAKY95TA2X1C,gorilla,3265.0,01JYPGYA8B64FGZDDWQMXB4WSP-animals,8,trees,animals,human,human
01KFVAEZ8DCSWXAF0D0JQ7ZG1D,01KFVB0CGZR4Z2DAKY95TA2X1C,horse,2539.0,01JYPGYA8B64FGZDDWQMXB4WSP-animals,9,chimpanzee,animals,human,human
01KFVAEZ8DCSWXAF0D0JQ7ZG1D,01KFVB0CGZR4Z2DAKY95TA2X1C,donkey,3686.0,01JYPGYA8B64FGZDDWQMXB4WSP-animals,10,pig,animals,human,human
01KFVAEZ8DCSWXAF0D0JQ7ZG1D,01KFVB0CGZR4Z2DAKY95TA2X1C,mule,1903.0,01JYPGYA8B64FGZDDWQMXB4WSP-animals,11,llama,animals,human,human
01KFVAEZ8DCSWXAF0D0JQ7ZG1D,01KFVB0CGZR4Z2DAKY95TA2X1C,cow,1466.0,01JYPGYA8B64FGZDDWQMXB4WSP-animals,12,shoe,animals,human,human
01KFVAEZ8DCSWXAF0D0JQ7ZG1D,01KFVB0CGZR4Z2DAKY95TA2X1C,bull,3021.0,01JYPGYA8B64FGZDDWQMXB4WSP-animals,13,pig,animals,human,human
01KFVAEZ8DCSWXAF0D0JQ7ZG1D,01KFVB0CGZR4Z2DAKY95TA2X1C,steer,2155.0,01JYPGYA8B64FGZDDWQMXB4WSP-animals,14,dog,animals,human,human
01KFVAEZ8DCSWXAF0D0JQ7ZG1D,01KFVB0CGZR4Z2DAKY95TA2X1C,pig,4871.0,01JYPGYA8B64FGZDDWQMXB4WSP-animals,15,elks,animals,human,human
01KFVAEZ8DCSWXAF0D0JQ7ZG1D,01KFVB0CGZR4Z2DAKY95TA2X1C,hog,2200.0,01JYPGYA8B64FGZDDWQMXB4WSP-animals,16,chicken,animals,human,human
01KFVAEZ8DCSWXAF0D0JQ7ZG1D,01KFVB0CGZR4Z2DAKY95TA2X1C,chicken,4127.0,01JYPGYA8B64FGZDDWQMXB4WSP-animals,17,roast,animals,human,human
01KFVAEZ8DCSWXAF0D0JQ7ZG1D,01KFVB0CGZR4Z2DAKY95TA2X1C,hen,3483.0,01JYPGYA8B64FGZDDWQMXB4WSP-animals,18,egg,animals,human,human
01KFVAEZ8DCSWXAF0D0JQ7ZG1D,01KFVB0CGZR4Z2DAKY95TA2X1C,rooster,3650.0,01JYPGYA8B64FGZDDWQMXB4WSP-animals,19,cock,animals,human,human
01KFVAEZ8DCSWXAF0D0JQ7ZG1D,01KFVB0CGZR4Z2DAKY95TA2X1C,cricket,4571.0,01JYPGYA8B64FGZDDWQMXB4WSP-animals,20,barn,animals,human,human
01KFVAEZ8DCSWXAF0D0JQ7ZG1D,01KFVB0CGZR4Z2DAKY95TA2X1C,lamb,7471.0,01JYPGYA8B64FGZDDWQMXB4WSP-animals,21,ball,animals,human,human
01KFVAEZ8DCSWXAF0D0JQ7ZG1D,01KFVB0CGZR4Z2DAKY95TA2X1C,goat,4202.0,01JYPGYA8B64FGZDDWQMXB4WSP-animals,22,sheep,animals,human,human
01KFVAEZ8DCSWXAF0D0JQ7ZG1D,01KFVB0CGZR4Z2DAKY95TA2X1C,lion,3247.0,01JYPGYA8B64FGZDDWQMXB4WSP-animals,23,camel,animals,human,human
01KFVAEZ8DCSWXAF0D0JQ7ZG1D,01KFVB0CGZR4Z2DAKY95TA2X1C,tiger,3118.0,01JYPGYA8B64FGZDDWQMXB4WSP-animals,24,tiger,animals,human,human
01KFVAEZ8DCSWXAF0D0JQ7ZG1D,01KFVB0CGZR4Z2DAKY95TA2X1C,panther,3632.0,01JYPGYA8B64FGZDDWQMXB4WSP-animals,25,leopard,animals,human,human
01KFVAEZ8DCSWXAF0D0JQ7ZG1D,01KFVB0CGZR4Z2DAKY95TA2X1C,whale,2736.0,01JYPGYA8B64FGZDDWQMXB4WSP-animals,26,zebra,animals,human,human
01KFVAEZ8DCSWXAF0D0JQ7ZG1D,01KFVB0CGZR4Z2DAKY95TA2X1C,dolphin,6748.0,01JYPGYA8B64FGZDDWQMXB4WSP-animals,27,dolphin,animals,human,human
01KFVAEZ8DCSWXAF0D0JQ7ZG1D,01KFVB0CGZR4Z2DAKY95TA2X1C,seal,2638.0,01JYPGYA8B64FGZDDWQMXB4WSP-animals,28,whale,animals,human,human
01KFVAEZ8DCSWXAF0D0JQ7ZG1D,01KFVB0CGZR4Z2DAKY95TA2X1C,manatee,6947.0,01JYPGYA8B64FGZDDWQMXB4WSP-animals,29,sealion,animals,human,human
01KFVAEZ8DCSWXAF0D0JQ7ZG1D,01KFVB0CGZR4Z2DAKY95TA2X1C,hyena,7671.0,01JYPGYA8B64FGZDDWQMXB4WSP-animals,30,elephant,animals,human,human
01KFVAEZ8DCSWXAF0D0JQ7ZG1D,01KFVB0CGZR4Z2DAKY95TA2X1C,badger,4122.0,01JYPGYA8B64FGZDDWQMXB4WSP-animals,31,fox,animals,human,human
01KFVAEZ8DCSWXAF0D0JQ7ZG1D,01KFVB0CGZR4Z2DAKY95TA2X1C,elk,3496.0,01JYPGYA8B64FGZDDWQMXB4WSP-animals,32,zebra,animals,human,human
01KFVAEZ8DCSWXAF0D0JQ7ZG1D,01KFVB0CGZR4Z2DAKY95TA2X1C,moose,3342.0,01JYPGYA8B64FGZDDWQMXB4WSP-animals,33,deer,animals,human,human
01KFVAEZ8DCSWXAF0D0JQ7ZG1D,01KFVB0CGZR4Z2DAKY95TA2X1C,black bear,5093.0,01JYPGYA8B64FGZDDWQMXB4WSP-animals,34,elk,animals,human,human
01KFVAEZ8DCSWXAF0D0JQ7ZG1D,01KFVB0CGZR4Z2DAKY95TA2X1C,brown bear,3914.0,01JYPGYA8B64FGZDDWQMXB4WSP-animals,35,brownbear,animals,human,human
01KFVAEZ8DCSWXAF0D0JQ7ZG1D,01KFVB0CGZR4Z2DAKY95TA2X1C,grizzly bear,5522.0,01JYPGYA8B64FGZDDWQMXB4WSP-animals,36,polarbear,animals,human,human
01KFVAEZ8DCSWXAF0D0JQ7ZG1D,01KFVB0CGZR4Z2DAKY95TA2X1C,wolverine,5329.0,01JYPGYA8B64FGZDDWQMXB4WSP-animals,37,polarbear,animals,human,human
01KFVAEZ8DCSWXAF0D0JQ7ZG1D,01KFVB0CGZR4Z2DAKY95TA2X1C,bobcat,3407.0,01JYPGYA8B64FGZDDWQMXB4WSP-animals,38,wolf,animals,human,human
01KFVAEZ8DCSWXAF0D0JQ7ZG1D,01KFVB0CGZR4Z2DAKY95TA2X1C,mountain lion,3992.0,01JYPGYA8B64FGZDDWQMXB4WSP-animals,39,meerkat,animals,human,human
01KFVAEZ8DCSWXAF0D0JQ7ZG1D,01KFVB0CGZR4Z2DAKY95TA2X1C,eagle,4903.0,01JYPGYA8B64FGZDDWQMXB4WSP-animals,40,goat,animals,human,human
01KFVAEZ8DCSWXAF0D0JQ7ZG1D,01KFVB0CGZR4Z2DAKY95TA2X1C,hawk,2854.0,01JYPGYA8B64FGZDDWQMXB4WSP-animals,41,ostrich,animals,human,human
01KFVAEZ8DCSWXAF0D0JQ7ZG1D,01KFVB0CGZR4Z2DAKY95TA2X1C,salmon,3139.0,01JYPGYA8B64FGZDDWQMXB4WSP-animals,42,buzzard,animals,human,human
01KFVAEZ8DCSWXAF0D0JQ7ZG1D,01KFVB0CGZR4Z2DAKY95TA2X1C,rat,8189.0,01JYPGYA8B64FGZDDWQMXB4WSP-animals,43,fish,animals,human,human
01KFVAEZ7NWF1ZW8P9Y8FNT87J,01KFVB1D6RPECNYKEKWYT56TMM,giraffe,5532.0,01JRZME5HD6ARCPV9Z5DB4RZQ7-animals,1,,animals,human,human
01KFVAEZ7NWF1ZW8P9Y8FNT87J,01KFVB1D6RPECNYKEKWYT56TMM,pig,2071.0,01JRZME5HD6ARCPV9Z5DB4RZQ7-animals,2,monkey,animals,human,human
01KFVAEZ7NWF1ZW8P9Y8FNT87J,01KFVB1D6RPECNYKEKWYT56TMM,dog,1390.0,01JRZME5HD6ARCPV9Z5DB4RZQ7-animals,3,cow,animals,human,human
01KFVAEZ7NWF1ZW8P9Y8FNT87J,01KFVB1D6RPECNYKEKWYT56TMM,goat,1514.0,01JRZME5HD6ARCPV9Z5DB4RZQ7-animals,4,cat,animals,human,human
01KFVAEZ7NWF1ZW8P9Y8FNT87J,01KFVB1D6RPECNYKEKWYT56TMM,sheep,1913.0,01JRZME5HD6ARCPV9Z5DB4RZQ7-animals,5,cat,animals,human,human
01KFVAEZ7NWF1ZW8P9Y8FNT87J,01KFVB1D6RPECNYKEKWYT56TMM,cow,1244.0,01JRZME5HD6ARCPV9Z5DB4RZQ7-animals,6,sheep,animals,human,human
01KFVAEZ7NWF1ZW8P9Y8FNT87J,01KFVB1D6RPECNYKEKWYT56TMM,llama,2270.0,01JRZME5HD6ARCPV9Z5DB4RZQ7-animals,7,sheep,animals,human,human
01KFVAEZ7NWF1ZW8P9Y8FNT87J,01KFVB1D6RPECNYKEKWYT56TMM,zebra,3100.0,01JRZME5HD6ARCPV9Z5DB4RZQ7-animals,8,cow,animals,human,human
01KFVAEZ7NWF1ZW8P9Y8FNT87J,01KFVB1D6RPECNYKEKWYT56TMM,lion,1959.0,01JRZME5HD6ARCPV9Z5DB4RZQ7-animals,9,llama,animals,human,human
01KFVAEZ7NWF1ZW8P9Y8FNT87J,01KFVB1D6RPECNYKEKWYT56TMM,pony,59384.0,01JRZME5HD6ARCPV9Z5DB4RZQ7-animals,10,snake,animals,human,human
01KFVAEZ7NWF1ZW8P9Y8FNT87J,01KFVB1D6RPECNYKEKWYT56TMM,cat,1613.0,01JRZME5HD6ARCPV9Z5DB4RZQ7-animals,11,horse,animals,human,human
01KFVAEZ7NWF1ZW8P9Y8FNT87J,01KFVB1D6RPECNYKEKWYT56TMM,fox,5325.0,01JRZME5HD6ARCPV9Z5DB4RZQ7-animals,12,rabbit,animals,human,human
01KFVAEZ7NWF1ZW8P9Y8FNT87J,01KFVB1D6RPECNYKEKWYT56TMM,bear,1138.0,01JRZME5HD6ARCPV9Z5DB4RZQ7-animals,13,cat,animals,human,human
01KFVAEZ7NWF1ZW8P9Y8FNT87J,01KFVB1D6RPECNYKEKWYT56TMM,rabbit,1862.0,01JRZME5HD6ARCPV9Z5DB4RZQ7-animals,14,tiger,animals,human,human
01KFVAEZ7NWF1ZW8P9Y8FNT87J,01KFVB1D6RPECNYKEKWYT56TMM,hare,1898.0,01JRZME5HD6ARCPV9Z5DB4RZQ7-animals,15,tiger,animals,human,human
01KFVAEZ7NWF1ZW8P9Y8FNT87J,01KFVB1D6RPECNYKEKWYT56TMM,guinea pig,7095.0,01JRZME5HD6ARCPV9Z5DB4RZQ7-animals,16,tiger,animals,human,human
01KFVAEZ7NWF1ZW8P9Y8FNT87J,01KFVB1D6RPECNYKEKWYT56TMM,mouse,2205.0,01JRZME5HD6ARCPV9Z5DB4RZQ7-animals,17,tiger,animals,human,human
01KFVAEZ7NWF1ZW8P9Y8FNT87J,01KFVB1D6RPECNYKEKWYT56TMM,ferret,3414.0,01JRZME5HD6ARCPV9Z5DB4RZQ7-animals,18,mouse,animals,human,human
01KFVAEZ7NWF1ZW8P9Y8FNT87J,01KFVB1D6RPECNYKEKWYT56TMM,stoat,2308.0,01JRZME5HD6ARCPV9Z5DB4RZQ7-animals,19,tiger,animals,human,human
01KFVAEZ7NWF1ZW8P9Y8FNT87J,01KFVB1D6RPECNYKEKWYT56TMM,donkey,4859.0,01JRZME5HD6ARCPV9Z5DB4RZQ7-animals,20,tiger,animals,human,human
01KFVAEZ7NWF1ZW8P9Y8FNT87J,01KFVB1D6RPECNYKEKWYT56TMM,horse,2122.0,01JRZME5HD6ARCPV9Z5DB4RZQ7-animals,21,tiger,animals,human,human
01KFVAEZ7NWF1ZW8P9Y8FNT87J,01KFVB1D6RPECNYKEKWYT56TMM,wolf,12806.0,01JRZME5HD6ARCPV9Z5DB4RZQ7-animals,22,tiger,animals,human,human
01KFVAEZ7NWF1ZW8P9Y8FNT87J,01KFVB1D6RPECNYKEKWYT56TMM,elephant,5780.0,01JRZME5HD6ARCPV9Z5DB4RZQ7-animals,23,tiger,animals,human,human
01KFVAEZ7NWF1ZW8P9Y8FNT87J,01KFVB1D6RPECNYKEKWYT56TMM,rhinoceros,5438.0,01JRZME5HD6ARCPV9Z5DB4RZQ7-animals,24,tiger,animals,human,human
01KFVAEZ7NWF1ZW8P9Y8FNT87J,01KFVB1D6RPECNYKEKWYT56TMM,shrew,3673.0,01JRZME5HD6ARCPV9Z5DB4RZQ7-animals,25,tiger,animals,human,human
01KFVAEZ7NWF1ZW8P9Y8FNT87J,01KFVB1D6RPECNYKEKWYT56TMM,vole,2172.0,01JRZME5HD6ARCPV9Z5DB4RZQ7-animals,26,vole,animals,human,human
01KFVAEZ7NWF1ZW8P9Y8FNT87J,01KFVB1D6RPECNYKEKWYT56TMM,gerbil,4747.0,01JRZME5HD6ARCPV9Z5DB4RZQ7-animals,27,fish,animals,human,human
01KFVAEZ7NWF1ZW8P9Y8FNT87J,01KFVB1D6RPECNYKEKWYT56TMM,rat,3801.0,01JRZME5HD6ARCPV9Z5DB4RZQ7-animals,28,hamster,animals,human,human
01KFVAEZ7NWF1ZW8P9Y8FNT87J,01KFVB1D6RPECNYKEKWYT56TMM,chinchilla,6805.0,01JRZME5HD6ARCPV9Z5DB4RZQ7-animals,29,hamster,animals,human,human
01KFVAEZ7NWF1ZW8P9Y8FNT87J,01KFVB1D6RPECNYKEKWYT56TMM,bat,7168.0,01JRZME5HD6ARCPV9Z5DB4RZQ7-animals,30,pug,animals,human,human
01KFVAEZ7NWF1ZW8P9Y8FNT87J,01KFVB1D6RPECNYKEKWYT56TMM,monkey,8669.0,01JRZME5HD6ARCPV9Z5DB4RZQ7-animals,31,bird,animals,human,human
01KFVAF1D1TQN5E3Y4X9D2FB0X,01KFVB5P0FTGWRQW8VTRPAH9JF,dog,3137.0,01K0Q763GE3KVV0NKACG7TYD23-animals,1,,animals,human,human
01KFVAF1D1TQN5E3Y4X9D2FB0X,01KFVB5P0FTGWRQW8VTRPAH9JF,cat,1641.0,01K0Q763GE3KVV0NKACG7TYD23-animals,2,cat,animals,human,human
01KFVAF1D1TQN5E3Y4X9D2FB0X,01KFVB5P0FTGWRQW8VTRPAH9JF,monkey,7671.0,01K0Q763GE3KVV0NKACG7TYD23-animals,3,horse,animals,human,human
01KFVAF1D1TQN5E3Y4X9D2FB0X,01KFVB5P0FTGWRQW8VTRPAH9JF,fish,1926.0,01K0Q763GE3KVV0NKACG7TYD23-animals,4,horse,animals,human,human
01KFVAF1D1TQN5E3Y4X9D2FB0X,01KFVB5P0FTGWRQW8VTRPAH9JF,gorilla,1892.0,01K0Q763GE3KVV0NKACG7TYD23-animals,5,horse,animals,human,human
01KFVAF1D1TQN5E3Y4X9D2FB0X,01KFVB5P0FTGWRQW8VTRPAH9JF,rhino,5333.0,01K0Q763GE3KVV0NKACG7TYD23-animals,6,pig,animals,human,human
01KFVAF1D1TQN5E3Y4X9D2FB0X,01KFVB5P0FTGWRQW8VTRPAH9JF,bird,4588.0,01K0Q763GE3KVV0NKACG7TYD23-animals,7,giraffe,animals,human,human
01KFVAF1D1TQN5E3Y4X9D2FB0X,01KFVB5P0FTGWRQW8VTRPAH9JF,eagle,6444.0,01K0Q763GE3KVV0NKACG7TYD23-animals,8,elephant,animals,human,human
01KFVAF1D1TQN5E3Y4X9D2FB0X,01KFVB5P0FTGWRQW8VTRPAH9JF,zebra,6611.0,01K0Q763GE3KVV0NKACG7TYD23-animals,9,emu,animals,human,human
01KFVAF1D1TQN5E3Y4X9D2FB0X,01KFVB5P0FTGWRQW8VTRPAH9JF,horse,4043.0,01K0Q763GE3KVV0NKACG7TYD23-animals,10,horse,animals,human,human
01KFVAF1D1TQN5E3Y4X9D2FB0X,01KFVB5P0FTGWRQW8VTRPAH9JF,cow,2985.0,01K0Q763GE3KVV0NKACG7TYD23-animals,11,elephant,animals,human,human
01KFVAF1D1TQN5E3Y4X9D2FB0X,01KFVB5P0FTGWRQW8VTRPAH9JF,pig,1387.0,01K0Q763GE3KVV0NKACG7TYD23-animals,12,sheep,animals,human,human
01KFVAF1D1TQN5E3Y4X9D2FB0X,01KFVB5P0FTGWRQW8VTRPAH9JF,chicken,1893.0,01K0Q763GE3KVV0NKACG7TYD23-animals,13,sheep,animals,human,human
01KFVAF1D1TQN5E3Y4X9D2FB0X,01KFVB5P0FTGWRQW8VTRPAH9JF,bison,4670.0,01K0Q763GE3KVV0NKACG7TYD23-animals,14,sheep,animals,human,human
01KFVAF1D1TQN5E3Y4X9D2FB0X,01KFVB5P0FTGWRQW8VTRPAH9JF,frog,2269.0,01K0Q763GE3KVV0NKACG7TYD23-animals,15,moose,animals,human,human
01KFVAF1D1TQN5E3Y4X9D2FB0X,01KFVB5P0FTGWRQW8VTRPAH9JF,hen,6774.0,01K0Q763GE3KVV0NKACG7TYD23-animals,16,toad,animals,human,human
01KFVAF1D1TQN5E3Y4X9D2FB0X,01KFVB5P0FTGWRQW8VTRPAH9JF,falcon,9682.0,01K0Q763GE3KVV0NKACG7TYD23-animals,17,toad,animals,human,human
01KFVAF1D1TQN5E3Y4X9D2FB0X,01KFVB5P0FTGWRQW8VTRPAH9JF,iguana,6634.0,01K0Q763GE3KVV0NKACG7TYD23-animals,18,hawk,animals,human,human
01KFVAF1D1TQN5E3Y4X9D2FB0X,01KFVB5P0FTGWRQW8VTRPAH9JF,lizard,3132.0,01K0Q763GE3KVV0NKACG7TYD23-animals,19,snake,animals,human,human
01KFVAF1D1TQN5E3Y4X9D2FB0X,01KFVB5P0FTGWRQW8VTRPAH9JF,ape,8641.0,01K0Q763GE3KVV0NKACG7TYD23-animals,20,snake,animals,human,human
01KFVAF1D1TQN5E3Y4X9D2FB0X,01KFVB5P0FTGWRQW8VTRPAH9JF,swordfish,9071.0,01K0Q763GE3KVV0NKACG7TYD23-animals,21,gibbon,animals,human,human
01KFVAF1D1TQN5E3Y4X9D2FB0X,01KFVB5P0FTGWRQW8VTRPAH9JF,tuna,2774.0,01K0Q763GE3KVV0NKACG7TYD23-animals,22,shark,animals,human,human
01KFVAF1D1TQN5E3Y4X9D2FB0X,01KFVB5P0FTGWRQW8VTRPAH9JF,crab,13344.0,01K0Q763GE3KVV0NKACG7TYD23-animals,23,shark,animals,human,human
01KFVAF1D1TQN5E3Y4X9D2FB0X,01KFVB5P0FTGWRQW8VTRPAH9JF,lobster,2109.0,01K0Q763GE3KVV0NKACG7TYD23-animals,24,lobster,animals,human,human
01KFVAF1D1TQN5E3Y4X9D2FB0X,01KFVB5P0FTGWRQW8VTRPAH9JF,trout,4238.0,01K0Q763GE3KVV0NKACG7TYD23-animals,25,clam,animals,human,human
01KFVAF1D1TQN5E3Y4X9D2FB0X,01KFVB5P0FTGWRQW8VTRPAH9JF,snapper,3902.0,01K0Q763GE3KVV0NKACG7TYD23-animals,26,salmon,animals,human,human
01KFVAF1D1TQN5E3Y4X9D2FB0X,01KFVB5P0FTGWRQW8VTRPAH9JF,halibut,5905.0,01K0Q763GE3KVV0NKACG7TYD23-animals,27,salmon,animals,human,human
01KFVAF1D1TQN5E3Y4X9D2FB0X,01KFVB5P0FTGWRQW8VTRPAH9JF,hummingbird,9621.0,01K0Q763GE3KVV0NKACG7TYD23-animals,28,cod,animals,human,human
01KFVAF1D1TQN5E3Y4X9D2FB0X,01KFVB5P0FTGWRQW8VTRPAH9JF,hog,5592.0,01K0Q763GE3KVV0NKACG7TYD23-animals,29,parrot,animals,human,human
01KFVAF1D1TQN5E3Y4X9D2FB0X,01KFVB5P0FTGWRQW8VTRPAH9JF,boar,3465.0,01K0Q763GE3KVV0NKACG7TYD23-animals,30,boar,animals,human,human
01KFVAF1D1TQN5E3Y4X9D2FB0X,01KFVB5P0FTGWRQW8VTRPAH9JF,snake,9484.0,01K0Q763GE3KVV0NKACG7TYD23-animals,31,sheep,animals,human,human
01KFVAF1D1TQN5E3Y4X9D2FB0X,01KFVB5P0FTGWRQW8VTRPAH9JF,boa,3182.0,01K0Q763GE3KVV0NKACG7TYD23-animals,32,spider,animals,human,human
01KFVAF1D722MCP4FA9G6RXGNP,01KFVB98S8J1VF7BFMWW3X5TF1,orange,4973.0,01JRZV3XTJWWF63QQ562QC4XMM-supermarket,1,,supermarket,human,human
01KFVAF1D722MCP4FA9G6RXGNP,01KFVB98S8J1VF7BFMWW3X5TF1,bread,1806.0,01JRZV3XTJWWF63QQ562QC4XMM-supermarket,2,apple,supermarket,human,human
01KFVAF1D722MCP4FA9G6RXGNP,01KFVB98S8J1VF7BFMWW3X5TF1,cart,1632.0,01JRZV3XTJWWF63QQ562QC4XMM-supermarket,3,milk,supermarket,human,human
01KFVAF1D722MCP4FA9G6RXGNP,01KFVB98S8J1VF7BFMWW3X5TF1,mango,3197.0,01JRZV3XTJWWF63QQ562QC4XMM-supermarket,4,meat,supermarket,human,human
01KFVAF1D722MCP4FA9G6RXGNP,01KFVB98S8J1VF7BFMWW3X5TF1,cereal,6304.0,01JRZV3XTJWWF63QQ562QC4XMM-supermarket,5,peach,supermarket,human,human
01KFVAF1D722MCP4FA9G6RXGNP,01KFVB98S8J1VF7BFMWW3X5TF1,rice,2349.0,01JRZV3XTJWWF63QQ562QC4XMM-supermarket,6,milk,supermarket,human,human
01KFVAF1D722MCP4FA9G6RXGNP,01KFVB98S8J1VF7BFMWW3X5TF1,milk,5484.0,01JRZV3XTJWWF63QQ562QC4XMM-supermarket,7,pasta,supermarket,human,human
01KFVAF1D722MCP4FA9G6RXGNP,01KFVB98S8J1VF7BFMWW3X5TF1,tea,4819.0,01JRZV3XTJWWF63QQ562QC4XMM-supermarket,8,tuna,supermarket,human,human
01KFVAF1D722MCP4FA9G6RXGNP,01KFVB98S8J1VF7BFMWW3X5TF1,coffee,1818.0,01JRZV3XTJWWF63QQ562QC4XMM-supermarket,9,coffee,supermarket,human,human
01KFVAF1D722MCP4FA9G6RXGNP,01KFVB98S8J1VF7BFMWW3X5TF1,candy,9274.0,01JRZV3XTJWWF63QQ562QC4XMM-supermarket,10,creamer,supermarket,human,human
01KFVAF1D722MCP4FA9G6RXGNP,01KFVB98S8J1VF7BFMWW3X5TF1,chocolate,4551.0,01JRZV3XTJWWF63QQ562QC4XMM-supermarket,11,chips,supermarket,human,human
01KFVAF1D722MCP4FA9G6RXGNP,01KFVB98S8J1VF7BFMWW3X5TF1,fruit,4366.0,01JRZV3XTJWWF63QQ562QC4XMM-supermarket,12,yogurt,supermarket,human,human
01KFVAF1D722MCP4FA9G6RXGNP,01KFVB98S8J1VF7BFMWW3X5TF1,cake,7160.0,01JRZV3XTJWWF63QQ562QC4XMM-supermarket,13,cheese,supermarket,human,human
01KFVAF1D722MCP4FA9G6RXGNP,01KFVB98S8J1VF7BFMWW3X5TF1,spinach,14044.0,01JRZV3XTJWWF63QQ562QC4XMM-supermarket,14,frosting,supermarket,human,human
01KFVAF1D722MCP4FA9G6RXGNP,01KFVB98S8J1VF7BFMWW3X5TF1,carrot,4361.0,01JRZV3XTJWWF63QQ562QC4XMM-supermarket,15,corn,supermarket,human,human
01KFVAF1D722MCP4FA9G6RXGNP,01KFVB98S8J1VF7BFMWW3X5TF1,potato,3231.0,01JRZV3XTJWWF63QQ562QC4XMM-supermarket,16,broccoli,supermarket,human,human
01KFVAF1D722MCP4FA9G6RXGNP,01KFVB98S8J1VF7BFMWW3X5TF1,apple,4520.0,01JRZV3XTJWWF63QQ562QC4XMM-supermarket,17,chips,supermarket,human,human
01KFVAF1D722MCP4FA9G6RXGNP,01KFVB98S8J1VF7BFMWW3X5TF1,lettuce,8997.0,01JRZV3XTJWWF63QQ562QC4XMM-supermarket,18,caramel,supermarket,human,human
01KFVAF1D722MCP4FA9G6RXGNP,01KFVB98S8J1VF7BFMWW3X5TF1,salad,6275.0,01JRZV3XTJWWF63QQ562QC4XMM-supermarket,19,dressing,supermarket,human,human
01KFVAF1D722MCP4FA9G6RXGNP,01KFVB98S8J1VF7BFMWW3X5TF1,fish,6022.0,01JRZV3XTJWWF63QQ562QC4XMM-supermarket,20,dressing,supermarket,human,human
01KFVAF1D722MCP4FA9G6RXGNP,01KFVB98S8J1VF7BFMWW3X5TF1,salmon,3323.0,01JRZV3XTJWWF63QQ562QC4XMM-supermarket,21,beef,supermarket,human,human
01KFVAF1D722MCP4FA9G6RXGNP,01KFVB98S8J1VF7BFMWW3X5TF1,crab,2317.0,01JRZV3XTJWWF63QQ562QC4XMM-supermarket,22,beef,supermarket,human,human
01KFVAF1D722MCP4FA9G6RXGNP,01KFVB98S8J1VF7BFMWW3X5TF1,catfish,10564.0,01JRZV3XTJWWF63QQ562QC4XMM-supermarket,23,lobster,supermarket,human,human
01KFVAF1D722MCP4FA9G6RXGNP,01KFVB98S8J1VF7BFMWW3X5TF1,meat,2083.0,01JRZV3XTJWWF63QQ562QC4XMM-supermarket,24,lobster,supermarket,human,human
01KFVAF1D722MCP4FA9G6RXGNP,01KFVB98S8J1VF7BFMWW3X5TF1,pork,3908.0,01JRZV3XTJWWF63QQ562QC4XMM-supermarket,25,cheese,supermarket,human,human
01KFVAF1D722MCP4FA9G6RXGNP,01KFVB98S8J1VF7BFMWW3X5TF1,hamburger,4898.0,01JRZV3XTJWWF63QQ562QC4XMM-supermarket,26,chicken,supermarket,human,human
01KFVAF1D722MCP4FA9G6RXGNP,01KFVB98S8J1VF7BFMWW3X5TF1,chicken,5423.0,01JRZV3XTJWWF63QQ562QC4XMM-supermarket,27,chicken,supermarket,human,human
01KFVAF1D722MCP4FA9G6RXGNP,01KFVB98S8J1VF7BFMWW3X5TF1,tofu,8844.0,01JRZV3XTJWWF63QQ562QC4XMM-supermarket,28,pasta,supermarket,human,human
01KFVAF1D722MCP4FA9G6RXGNP,01KFVB98S8J1VF7BFMWW3X5TF1,cheese,5362.0,01JRZV3XTJWWF63QQ562QC4XMM-supermarket,29,cheese,supermarket,human,human
01KFVAF1D722MCP4FA9G6RXGNP,01KFVB98S8J1VF7BFMWW3X5TF1,cheddar,8623.0,01JRZV3XTJWWF63QQ562QC4XMM-supermarket,30,yogurt,supermarket,human,human
01KFVAF1D722MCP4FA9G6RXGNP,01KFVB98S8J1VF7BFMWW3X5TF1,feta,4933.0,01JRZV3XTJWWF63QQ562QC4XMM-supermarket,31,american,supermarket,human,human
01KFVAF1D722MCP4FA9G6RXGNP,01KFVB98S8J1VF7BFMWW3X5TF1,sugar,3737.0,01JRZV3XTJWWF63QQ562QC4XMM-supermarket,32,bluecheese,supermarket,human,human
01KFVAF1D722MCP4FA9G6RXGNP,01KFVB98S8J1VF7BFMWW3X5TF1,salt,1284.0,01JRZV3XTJWWF63QQ562QC4XMM-supermarket,33,flour,supermarket,human,human
01KFVAF1D722MCP4FA9G6RXGNP,01KFVB98S8J1VF7BFMWW3X5TF1,pepper,3709.0,01JRZV3XTJWWF63QQ562QC4XMM-supermarket,34,pepper,supermarket,human,human
01KFVAF1D2WEAQS695RJHCF377,01KFVB7J5Z3XASJY1ZD4X95WZ4,dog,3678.0,01JRZV3XTJWWF63QQ562QC4XMM-animals,1,,animals,human,human
01KFVAF1D2WEAQS695RJHCF377,01KFVB7J5Z3XASJY1ZD4X95WZ4,cat,1838.0,01JRZV3XTJWWF63QQ562QC4XMM-animals,2,cat,animals,human,human
01KFVAF1D2WEAQS695RJHCF377,01KFVB7J5Z3XASJY1ZD4X95WZ4,owl,1448.0,01JRZV3XTJWWF63QQ562QC4XMM-animals,3,bird,animals,human,human
01KFVAF1D2WEAQS695RJHCF377,01KFVB7J5Z3XASJY1ZD4X95WZ4,bat,872.0,01JRZV3XTJWWF63QQ562QC4XMM-animals,4,eagle,animals,human,human
01KFVAF1D2WEAQS695RJHCF377,01KFVB7J5Z3XASJY1ZD4X95WZ4,llama,4261.0,01JRZV3XTJWWF63QQ562QC4XMM-animals,5,rat,animals,human,human
01KFVAF1D2WEAQS695RJHCF377,01KFVB7J5Z3XASJY1ZD4X95WZ4,sheep,2763.0,01JRZV3XTJWWF63QQ562QC4XMM-animals,6,emu,animals,human,human
01KFVAF1D2WEAQS695RJHCF377,01KFVB7J5Z3XASJY1ZD4X95WZ4,cow,1158.0,01JRZV3XTJWWF63QQ562QC4XMM-animals,7,goat,animals,human,human
01KFVAF1D2WEAQS695RJHCF377,01KFVB7J5Z3XASJY1ZD4X95WZ4,duck,2578.0,01JRZV3XTJWWF63QQ562QC4XMM-animals,8,horse,animals,human,human
01KFVAF1D2WEAQS695RJHCF377,01KFVB7J5Z3XASJY1ZD4X95WZ4,chicken,2636.0,01JRZV3XTJWWF63QQ562QC4XMM-animals,9,squirrel,animals,human,human
01KFVAF1D2WEAQS695RJHCF377,01KFVB7J5Z3XASJY1ZD4X95WZ4,horse,6960.0,01JRZV3XTJWWF63QQ562QC4XMM-animals,10,goose,animals,human,human
01KFVAF1D2WEAQS695RJHCF377,01KFVB7J5Z3XASJY1ZD4X95WZ4,lamb,3553.0,01JRZV3XTJWWF63QQ562QC4XMM-animals,11,seagull,animals,human,human
01KFVAF1D2WEAQS695RJHCF377,01KFVB7J5Z3XASJY1ZD4X95WZ4,pony,6290.0,01JRZV3XTJWWF63QQ562QC4XMM-animals,12,sheep,animals,human,human
01KFVAF1D2WEAQS695RJHCF377,01KFVB7J5Z3XASJY1ZD4X95WZ4,cheetah,5246.0,01JRZV3XTJWWF63QQ562QC4XMM-animals,13,snake,animals,human,human
01KFVAF1D2WEAQS695RJHCF377,01KFVB7J5Z3XASJY1ZD4X95WZ4,leopard,6635.0,01JRZV3XTJWWF63QQ562QC4XMM-animals,14,lion,animals,human,human
01KFVAF1D2WEAQS695RJHCF377,01KFVB7J5Z3XASJY1ZD4X95WZ4,elephant,7107.0,01JRZV3XTJWWF63QQ562QC4XMM-animals,15,lion,animals,human,human
01KFVAF1D2WEAQS695RJHCF377,01KFVB7J5Z3XASJY1ZD4X95WZ4,meerkat,5288.0,01JRZV3XTJWWF63QQ562QC4XMM-animals,16,monkey,animals,human,human
01KFVAF1D2WEAQS695RJHCF377,01KFVB7J5Z3XASJY1ZD4X95WZ4,goose,7439.0,01JRZV3XTJWWF63QQ562QC4XMM-animals,17,squirrel,animals,human,human
01KFVAF1D2WEAQS695RJHCF377,01KFVB7J5Z3XASJY1ZD4X95WZ4,moose,1873.0,01JRZV3XTJWWF63QQ562QC4XMM-animals,18,parrot,animals,human,human
01KFVAF1D2WEAQS695RJHCF377,01KFVB7J5Z3XASJY1ZD4X95WZ4,deer,2306.0,01JRZV3XTJWWF63QQ562QC4XMM-animals,19,elk,animals,human,human
01KFVAF1D2WEAQS695RJHCF377,01KFVB7J5Z3XASJY1ZD4X95WZ4,lizard,4225.0,01JRZV3XTJWWF63QQ562QC4XMM-animals,20,elk,animals,human,human
01KFVAF1D2WEAQS695RJHCF377,01KFVB7J5Z3XASJY1ZD4X95WZ4,alligator,4778.0,01JRZV3XTJWWF63QQ562QC4XMM-animals,21,spider,animals,human,human
01KFVAF1D2WEAQS695RJHCF377,01KFVB7J5Z3XASJY1ZD4X95WZ4,crocodile,9493.0,01JRZV3XTJWWF63QQ562QC4XMM-animals,22,crocodile,animals,human,human
01KFVAF1D2WEAQS695RJHCF377,01KFVB7J5Z3XASJY1ZD4X95WZ4,camel,6400.0,01JRZV3XTJWWF63QQ562QC4XMM-animals,23,manatee,animals,human,human
01KFVAF1D2WEAQS695RJHCF377,01KFVB7J5Z3XASJY1ZD4X95WZ4,bird,2700.0,01JRZV3XTJWWF63QQ562QC4XMM-animals,24,gecko,animals,human,human
01KFVAF1D2WEAQS695RJHCF377,01KFVB7J5Z3XASJY1ZD4X95WZ4,eagle,3071.0,01JRZV3XTJWWF63QQ562QC4XMM-animals,25,parrot,animals,human,human
01KFVAF1D2WEAQS695RJHCF377,01KFVB7J5Z3XASJY1ZD4X95WZ4,hawk,2481.0,01JRZV3XTJWWF63QQ562QC4XMM-animals,26,hawk,animals,human,human
01KFVAF1D2WEAQS695RJHCF377,01KFVB7J5Z3XASJY1ZD4X95WZ4,crow,6157.0,01JRZV3XTJWWF63QQ562QC4XMM-animals,27,falcon,animals,human,human
01KFVAF1D2WEAQS695RJHCF377,01KFVB7J5Z3XASJY1ZD4X95WZ4,raven,1882.0,01JRZV3XTJWWF63QQ562QC4XMM-animals,28,mouse,animals,human,human
01KFVAF1D2WEAQS695RJHCF377,01KFVB7J5Z3XASJY1ZD4X95WZ4,seagull,7940.0,01JRZV3XTJWWF63QQ562QC4XMM-animals,29,rat,animals,human,human
01KFVAF1D2WEAQS695RJHCF377,01KFVB7J5Z3XASJY1ZD4X95WZ4,fish,7550.0,01JRZV3XTJWWF63QQ562QC4XMM-animals,30,parakeet,animals,human,human
01KFVAF1D2WEAQS695RJHCF377,01KFVB7J5Z3XASJY1ZD4X95WZ4,salmon,4260.0,01JRZV3XTJWWF63QQ562QC4XMM-animals,31,whale,animals,human,human
01KFVAF1D2WEAQS695RJHCF377,01KFVB7J5Z3XASJY1ZD4X95WZ4,catfish,3248.0,01JRZV3XTJWWF63QQ562QC4XMM-animals,32,whale,animals,human,human
01KFVAF1D2WEAQS695RJHCF377,01KFVB7J5Z3XASJY1ZD4X95WZ4,crab,2776.0,01JRZV3XTJWWF63QQ562QC4XMM-animals,33,trout,animals,human,human
01KFVAF1D2WEAQS695RJHCF377,01KFVB7J5Z3XASJY1ZD4X95WZ4,crayfish,2531.0,01JRZV3XTJWWF63QQ562QC4XMM-animals,34,lobster,animals,human,human
01KFVAF1D2WEAQS695RJHCF377,01KFVB7J5Z3XASJY1ZD4X95WZ4,sparrow,14933.0,01JRZV3XTJWWF63QQ562QC4XMM-animals,35,starfish,animals,human,human
01KFVAF1D2WEAQS695RJHCF377,01KFVB7J5Z3XASJY1ZD4X95WZ4,finch,8392.0,01JRZV3XTJWWF63QQ562QC4XMM-animals,36,spider,animals,human,human
01KFVAF1D2WEAQS695RJHCF377,01KFVB7J5Z3XASJY1ZD4X95WZ4,robin,5770.0,01JRZV3XTJWWF63QQ562QC4XMM-animals,37,robin,animals,human,human
01KEYTFBT5GTRT4SAQ2K0T1NYM,01KEYZK9BK51GJTA58VTT354R3,jeans,10254.0,01JYPFCHBCQF9ZM840W292ZMZ7-clothes,1,,clothes,human,human
01KEYTFBT5GTRT4SAQ2K0T1NYM,01KEYZK9BK51GJTA58VTT354R3,t-shirt,5213.0,01JYPFCHBCQF9ZM840W292ZMZ7-clothes,2,jacket,clothes,human,human
01KEYTFBT5GTRT4SAQ2K0T1NYM,01KEYZK9BK51GJTA58VTT354R3,shirt,2797.0,01JYPFCHBCQF9ZM840W292ZMZ7-clothes,3,pants,clothes,human,human
01KEYTFBT5GTRT4SAQ2K0T1NYM,01KEYZK9BK51GJTA58VTT354R3,polo shirt,3876.0,01JYPFCHBCQF9ZM840W292ZMZ7-clothes,4,tshirt,clothes,human,human
01KEYTFBT5GTRT4SAQ2K0T1NYM,01KEYZK9BK51GJTA58VTT354R3,button down shirt,7494.0,01JYPFCHBCQF9ZM840W292ZMZ7-clothes,5,shorts,clothes,human,human
01KEYTFBT5GTRT4SAQ2K0T1NYM,01KEYZK9BK51GJTA58VTT354R3,sweater,4520.0,01JYPFCHBCQF9ZM840W292ZMZ7-clothes,6,dressshirt,clothes,human,human
01KEYTFBT5GTRT4SAQ2K0T1NYM,01KEYZK9BK51GJTA58VTT354R3,crew neck,3273.0,01JYPFCHBCQF9ZM840W292ZMZ7-clothes,7,coat,clothes,human,human
01KEYTFBT5GTRT4SAQ2K0T1NYM,01KEYZK9BK51GJTA58VTT354R3,v-neck,3929.0,01JYPFCHBCQF9ZM840W292ZMZ7-clothes,8,turtleneck,clothes,human,human
01KEYTFBT5GTRT4SAQ2K0T1NYM,01KEYZK9BK51GJTA58VTT354R3,turtleneck,3086.0,01JYPFCHBCQF9ZM840W292ZMZ7-clothes,9,turtleneck,clothes,human,human
01KEYTFBT5GTRT4SAQ2K0T1NYM,01KEYZK9BK51GJTA58VTT354R3,hoodie,4422.0,01JYPFCHBCQF9ZM840W292ZMZ7-clothes,10,sweater,clothes,human,human
01KEYTFBT5GTRT4SAQ2K0T1NYM,01KEYZK9BK51GJTA58VTT354R3,chinos,3912.0,01JYPFCHBCQF9ZM840W292ZMZ7-clothes,11,coat,clothes,human,human
01KEYTFBT5GTRT4SAQ2K0T1NYM,01KEYZK9BK51GJTA58VTT354R3,joggers,3663.0,01JYPFCHBCQF9ZM840W292ZMZ7-clothes,12,pants,clothes,human,human
01KEYTFBT5GTRT4SAQ2K0T1NYM,01KEYZK9BK51GJTA58VTT354R3,shorts,3641.0,01JYPFCHBCQF9ZM840W292ZMZ7-clothes,13,sweats,clothes,human,human
01KEYTFBT5GTRT4SAQ2K0T1NYM,01KEYZK9BK51GJTA58VTT354R3,denim jacket,4713.0,01JYPFCHBCQF9ZM840W292ZMZ7-clothes,14,sleeve,clothes,human,human
01KEYTFBT5GTRT4SAQ2K0T1NYM,01KEYZK9BK51GJTA58VTT354R3,bomber jacket,5388.0,01JYPFCHBCQF9ZM840W292ZMZ7-clothes,15,tshirt,clothes,human,human
01KEYTFBT5GTRT4SAQ2K0T1NYM,01KEYZK9BK51GJTA58VTT354R3,blazer,2962.0,01JYPFCHBCQF9ZM840W292ZMZ7-clothes,16,coat,clothes,human,human
01KEYTFBT5GTRT4SAQ2K0T1NYM,01KEYZK9BK51GJTA58VTT354R3,leather jacket,4274.0,01JYPFCHBCQF9ZM840W292ZMZ7-clothes,17,suit,clothes,human,human
01KEYTFBT5GTRT4SAQ2K0T1NYM,01KEYZK9BK51GJTA58VTT354R3,parka,3165.0,01JYPFCHBCQF9ZM840W292ZMZ7-clothes,18,coat,clothes,human,human
01KEYTFBT5GTRT4SAQ2K0T1NYM,01KEYZK9BK51GJTA58VTT354R3,raincoat,4876.0,01JYPFCHBCQF9ZM840W292ZMZ7-clothes,19,snow,clothes,human,human
01KEYTFBT5GTRT4SAQ2K0T1NYM,01KEYZK9BK51GJTA58VTT354R3,gilet,4859.0,01JYPFCHBCQF9ZM840W292ZMZ7-clothes,20,coat,clothes,human,human
01KEYTFBT5GTRT4SAQ2K0T1NYM,01KEYZK9BK51GJTA58VTT354R3,body warmer,3976.0,01JYPFCHBCQF9ZM840W292ZMZ7-clothes,21,jacket,clothes,human,human
01KEYTFBT5GTRT4SAQ2K0T1NYM,01KEYZK9BK51GJTA58VTT354R3,trainer,4375.0,01JYPFCHBCQF9ZM840W292ZMZ7-clothes,22,longjohns,clothes,human,human
01KEYTFBT5GTRT4SAQ2K0T1NYM,01KEYZK9BK51GJTA58VTT354R3,loafer,2987.0,01JYPFCHBCQF9ZM840W292ZMZ7-clothes,23,shoes,clothes,human,human
01KEYTFBT5GTRT4SAQ2K0T1NYM,01KEYZK9BK51GJTA58VTT354R3,chelsea boot,5487.0,01JYPFCHBCQF9ZM840W292ZMZ7-clothes,24,heels,clothes,human,human
01KEYTFBT5GTRT4SAQ2K0T1NYM,01KEYZK9BK51GJTA58VTT354R3,sandal,1966.0,01JYPFCHBCQF9ZM840W292ZMZ7-clothes,25,rainboots,clothes,human,human
01KEYTFBT5GTRT4SAQ2K0T1NYM,01KEYZK9BK51GJTA58VTT354R3,hiking boot,3285.0,01JYPFCHBCQF9ZM840W292ZMZ7-clothes,26,flipflops,clothes,human,human
01KEYTFBT5GTRT4SAQ2K0T1NYM,01KEYZK9BK51GJTA58VTT354R3,belt,2978.0,01JYPFCHBCQF9ZM840W292ZMZ7-clothes,27,rainboots,clothes,human,human
01KEYTFBT5GTRT4SAQ2K0T1NYM,01KEYZK9BK51GJTA58VTT354R3,watch,3642.0,01JYPFCHBCQF9ZM840W292ZMZ7-clothes,28,pants,clothes,human,human
01KEYTFBT5GTRT4SAQ2K0T1NYM,01KEYZK9BK51GJTA58VTT354R3,sunglasses,3742.0,01JYPFCHBCQF9ZM840W292ZMZ7-clothes,29,bracelet,clothes,human,human
01KEYTFBT5GTRT4SAQ2K0T1NYM,01KEYZK9BK51GJTA58VTT354R3,beanie,4333.0,01JYPFCHBCQF9ZM840W292ZMZ7-clothes,30,hat,clothes,human,human
01KEYTFBT5GTRT4SAQ2K0T1NYM,01KEYZK9BK51GJTA58VTT354R3,cap,2990.0,01JYPFCHBCQF9ZM840W292ZMZ7-clothes,31,hat,clothes,human,human
01KEYTFBT5GTRT4SAQ2K0T1NYM,01KEYZK9BK51GJTA58VTT354R3,flat cap,2843.0,01JYPFCHBCQF9ZM840W292ZMZ7-clothes,32,hat,clothes,human,human
01KEYTFBT5GTRT4SAQ2K0T1NYM,01KEYZK9BK51GJTA58VTT354R3,bowler hat,3110.0,01JYPFCHBCQF9ZM840W292ZMZ7-clothes,33,widecap,clothes,human,human
01KEYTFBT5GTRT4SAQ2K0T1NYM,01KEYZK9BK51GJTA58VTT354R3,scarf,12931.0,01JYPFCHBCQF9ZM840W292ZMZ7-clothes,34,hat,clothes,human,human
01KEYTFBT5GTRT4SAQ2K0T1NYM,01KEYZK9BK51GJTA58VTT354R3,boxer shorts,8428.0,01JYPFCHBCQF9ZM840W292ZMZ7-clothes,35,gloves,clothes,human,human
01KEYTFBT5GTRT4SAQ2K0T1NYM,01KEYZK9BK51GJTA58VTT354R3,sock,6667.0,01JYPFCHBCQF9ZM840W292ZMZ7-clothes,36,shorts,clothes,human,human
01KEYTFBT5GTRT4SAQ2K0T1NYM,01KEYZK9BK51GJTA58VTT354R3,vest,5401.0,01JYPFCHBCQF9ZM840W292ZMZ7-clothes,37,shoes,clothes,human,human
01KEYTFBT5GTRT4SAQ2K0T1NYM,01KEYZK9BK51GJTA58VTT354R3,leggings,6095.0,01JYPFCHBCQF9ZM840W292ZMZ7-clothes,38,shirt,clothes,human,human
01KEYTFBT5GTRT4SAQ2K0T1NYM,01KEYZK9BK51GJTA58VTT354R3,knickers,3128.0,01JYPFCHBCQF9ZM840W292ZMZ7-clothes,39,pants,clothes,human,human
01KFVAG2V1EBPTFEK9TSGXQ6M7,01KFVBM22SHD2BFRWYEJW8J41R,bean,6931.0,01JRZTVYQ9BYTS2A4K40EER079-supermarket,1,,supermarket,human,human
01KFVAG2V1EBPTFEK9TSGXQ6M7,01KFVBM22SHD2BFRWYEJW8J41R,lettuce,5371.0,01JRZTVYQ9BYTS2A4K40EER079-supermarket,2,bread,supermarket,human,human
01KFVAG2V1EBPTFEK9TSGXQ6M7,01KFVBM22SHD2BFRWYEJW8J41R,fruit,3748.0,01JRZTVYQ9BYTS2A4K40EER079-supermarket,3,tomato,supermarket,human,human
01KFVAG2V1EBPTFEK9TSGXQ6M7,01KFVBM22SHD2BFRWYEJW8J41R,salami,2126.0,01JRZTVYQ9BYTS2A4K40EER079-supermarket,4,bread,supermarket,human,human
01KFVAG2V1EBPTFEK9TSGXQ6M7,01KFVBM22SHD2BFRWYEJW8J41R,fish,1955.0,01JRZTVYQ9BYTS2A4K40EER079-supermarket,5,cheese,supermarket,human,human
01KFVAG2V1EBPTFEK9TSGXQ6M7,01KFVBM22SHD2BFRWYEJW8J41R,meat,1512.0,01JRZTVYQ9BYTS2A4K40EER079-supermarket,6,chips,supermarket,human,human
01KFVAG2V1EBPTFEK9TSGXQ6M7,01KFVBM22SHD2BFRWYEJW8J41R,beef,3295.0,01JRZTVYQ9BYTS2A4K40EER079-supermarket,7,milk,supermarket,human,human
01KFVAG2V1EBPTFEK9TSGXQ6M7,01KFVBM22SHD2BFRWYEJW8J41R,chicken,2457.0,01JRZTVYQ9BYTS2A4K40EER079-supermarket,8,chicken,supermarket,human,human
01KFVAG2V1EBPTFEK9TSGXQ6M7,01KFVBM22SHD2BFRWYEJW8J41R,ice cream,5372.0,01JRZTVYQ9BYTS2A4K40EER079-supermarket,9,pork,supermarket,human,human
01KFVAG2V1EBPTFEK9TSGXQ6M7,01KFVBM22SHD2BFRWYEJW8J41R,broccoli,9606.0,01JRZTVYQ9BYTS2A4K40EER079-supermarket,10,icelolly,supermarket,human,human
01KFVAG2V1EBPTFEK9TSGXQ6M7,01KFVBM22SHD2BFRWYEJW8J41R,bread,6765.0,01JRZTVYQ9BYTS2A4K40EER079-supermarket,11,carrot,supermarket,human,human
01KFVAG2V1EBPTFEK9TSGXQ6M7,01KFVBM22SHD2BFRWYEJW8J41R,rice,1325.0,01JRZTVYQ9BYTS2A4K40EER079-supermarket,12,milk,supermarket,human,human
01KFVAG2V1EBPTFEK9TSGXQ6M7,01KFVBM22SHD2BFRWYEJW8J41R,potato,2776.0,01JRZTVYQ9BYTS2A4K40EER079-supermarket,13,buiscit,supermarket,human,human
01KFVAG2V1EBPTFEK9TSGXQ6M7,01KFVBM22SHD2BFRWYEJW8J41R,french fry,4258.0,01JRZTVYQ9BYTS2A4K40EER079-supermarket,14,pasta,supermarket,human,human
01KFVAG2V1EBPTFEK9TSGXQ6M7,01KFVBM22SHD2BFRWYEJW8J41R,yogurt,6266.0,01JRZTVYQ9BYTS2A4K40EER079-supermarket,15,chip,supermarket,human,human
01KFVAG2V1EBPTFEK9TSGXQ6M7,01KFVBM22SHD2BFRWYEJW8J41R,milk,3261.0,01JRZTVYQ9BYTS2A4K40EER079-supermarket,16,milk,supermarket,human,human
01KFVAG2V1EBPTFEK9TSGXQ6M7,01KFVBM22SHD2BFRWYEJW8J41R,cream,4110.0,01JRZTVYQ9BYTS2A4K40EER079-supermarket,17,cheese,supermarket,human,human
01KFVAG2V1EBPTFEK9TSGXQ6M7,01KFVBM22SHD2BFRWYEJW8J41R,sugar,1865.0,01JRZTVYQ9BYTS2A4K40EER079-supermarket,18,butter,supermarket,human,human
01KFVAG2V1EBPTFEK9TSGXQ6M7,01KFVBM22SHD2BFRWYEJW8J41R,egg,4243.0,01JRZTVYQ9BYTS2A4K40EER079-supermarket,19,chocolate,supermarket,human,human
01KFVAG2V1EBPTFEK9TSGXQ6M7,01KFVBM22SHD2BFRWYEJW8J41R,candy,6468.0,01JRZTVYQ9BYTS2A4K40EER079-supermarket,20,butter,supermarket,human,human
01KFVAG2V1EBPTFEK9TSGXQ6M7,01KFVBM22SHD2BFRWYEJW8J41R,chocolate,4166.0,01JRZTVYQ9BYTS2A4K40EER079-supermarket,21,chocolate,supermarket,human,human
01KFVAG2V1EBPTFEK9TSGXQ6M7,01KFVBM22SHD2BFRWYEJW8J41R,gummy bear,4377.0,01JRZTVYQ9BYTS2A4K40EER079-supermarket,22,cake,supermarket,human,human
01KFVAG2V1EBPTFEK9TSGXQ6M7,01KFVBM22SHD2BFRWYEJW8J41R,tuna,9216.0,01JRZTVYQ9BYTS2A4K40EER079-supermarket,23,cake,supermarket,human,human
01KFVAG2V1EBPTFEK9TSGXQ6M7,01KFVBM22SHD2BFRWYEJW8J41R,green bean,6030.0,01JRZTVYQ9BYTS2A4K40EER079-supermarket,24,sardine,supermarket,human,human
01KFVAG2V1EBPTFEK9TSGXQ6M7,01KFVBM22SHD2BFRWYEJW8J41R,dog food,7610.0,01JRZTVYQ9BYTS2A4K40EER079-supermarket,25,pea,supermarket,human,human
01KFVAG2V1EBPTFEK9TSGXQ6M7,01KFVBM22SHD2BFRWYEJW8J41R,cleaner,4711.0,01JRZTVYQ9BYTS2A4K40EER079-supermarket,26,catfood,supermarket,human,human
01KFVAG2V1EBPTFEK9TSGXQ6M7,01KFVBM22SHD2BFRWYEJW8J41R,windex,1967.0,01JRZTVYQ9BYTS2A4K40EER079-supermarket,27,bleach,supermarket,human,human
01KFVAG2V1EBPTFEK9TSGXQ6M7,01KFVBM22SHD2BFRWYEJW8J41R,tea,4684.0,01JRZTVYQ9BYTS2A4K40EER079-supermarket,28,bleach,supermarket,human,human
01KFVAG2V1EBPTFEK9TSGXQ6M7,01KFVBM22SHD2BFRWYEJW8J41R,pickle,3991.0,01JRZTVYQ9BYTS2A4K40EER079-supermarket,29,coffee,supermarket,human,human
01KFVAG2V1EBPTFEK9TSGXQ6M7,01KFVBM22SHD2BFRWYEJW8J41R,soup,6019.0,01JRZTVYQ9BYTS2A4K40EER079-supermarket,30,gerkin,supermarket,human,human
01KFVAG2V1EBPTFEK9TSGXQ6M7,01KFVBM22SHD2BFRWYEJW8J41R,cheese,3091.0,01JRZTVYQ9BYTS2A4K40EER079-supermarket,31,mushroom,supermarket,human,human
01KFVAG2V1EBPTFEK9TSGXQ6M7,01KFVBM22SHD2BFRWYEJW8J41R,bacon,6363.0,01JRZTVYQ9BYTS2A4K40EER079-supermarket,32,herbs,supermarket,human,human
01KFVAG2V1EBPTFEK9TSGXQ6M7,01KFVBM22SHD2BFRWYEJW8J41R,ham,2624.0,01JRZTVYQ9BYTS2A4K40EER079-supermarket,33,ham,supermarket,human,human
01KFVAG2V1EBPTFEK9TSGXQ6M7,01KFVBM22SHD2BFRWYEJW8J41R,pork,5779.0,01JRZTVYQ9BYTS2A4K40EER079-supermarket,34,sandwichfiller,supermarket,human,human
01KFVAG2V1EBPTFEK9TSGXQ6M7,01KFVBM22SHD2BFRWYEJW8J41R,cherry,6388.0,01JRZTVYQ9BYTS2A4K40EER079-supermarket,35,pie,supermarket,human,human
01KFVAG2V1EBPTFEK9TSGXQ6M7,01KFVBM22SHD2BFRWYEJW8J41R,orange,4768.0,01JRZTVYQ9BYTS2A4K40EER079-supermarket,36,pie,supermarket,human,human
01KFVAG2V1EBPTFEK9TSGXQ6M7,01KFVBM22SHD2BFRWYEJW8J41R,pear,4788.0,01JRZTVYQ9BYTS2A4K40EER079-supermarket,37,banana,supermarket,human,human
01KFVAG2V1EBPTFEK9TSGXQ6M7,01KFVBM22SHD2BFRWYEJW8J41R,apple,2385.0,01JRZTVYQ9BYTS2A4K40EER079-supermarket,38,apple,supermarket,human,human
01KFVAG2V1EBPTFEK9TSGXQ6M7,01KFVBM22SHD2BFRWYEJW8J41R,grape,6106.0,01JRZTVYQ9BYTS2A4K40EER079-supermarket,39,banana,supermarket,human,human
01KFVAF1D56DAY1JKG7ZRJD59Q,01KFVBGFS0WCNGTKQDZQVXAD0Y,bread,3386.0,01JS02HXTE4SS192QNCYFTQXPB-supermarket,1,,supermarket,human,human
01KFVAF1D56DAY1JKG7ZRJD59Q,01KFVBGFS0WCNGTKQDZQVXAD0Y,milk,1182.0,01JS02HXTE4SS192QNCYFTQXPB-supermarket,2,butter,supermarket,human,human
01KFVAF1D56DAY1JKG7ZRJD59Q,01KFVBGFS0WCNGTKQDZQVXAD0Y,egg,880.0,01JS02HXTE4SS192QNCYFTQXPB-supermarket,3,eggs,supermarket,human,human
01KFVAF1D56DAY1JKG7ZRJD59Q,01KFVBGFS0WCNGTKQDZQVXAD0Y,bean,4635.0,01JS02HXTE4SS192QNCYFTQXPB-supermarket,4,cheese,supermarket,human,human
01KFVAF1D56DAY1JKG7ZRJD59Q,01KFVBGFS0WCNGTKQDZQVXAD0Y,rice,784.0,01JS02HXTE4SS192QNCYFTQXPB-supermarket,5,rice,supermarket,human,human
01KFVAF1D56DAY1JKG7ZRJD59Q,01KFVBGFS0WCNGTKQDZQVXAD0Y,meat,1855.0,01JS02HXTE4SS192QNCYFTQXPB-supermarket,6,chicken,supermarket,human,human
01KFVAF1D56DAY1JKG7ZRJD59Q,01KFVBGFS0WCNGTKQDZQVXAD0Y,beef,869.0,01JS02HXTE4SS192QNCYFTQXPB-supermarket,7,cheese,supermarket,human,human
01KFVAF1D56DAY1JKG7ZRJD59Q,01KFVBGFS0WCNGTKQDZQVXAD0Y,pork,3232.0,01JS02HXTE4SS192QNCYFTQXPB-supermarket,8,broccoli,supermarket,human,human
01KFVAF1D56DAY1JKG7ZRJD59Q,01KFVBGFS0WCNGTKQDZQVXAD0Y,chicken,2728.0,01JS02HXTE4SS192QNCYFTQXPB-supermarket,9,sausage,supermarket,human,human
01KFVAF1D56DAY1JKG7ZRJD59Q,01KFVBGFS0WCNGTKQDZQVXAD0Y,turkey,4942.0,01JS02HXTE4SS192QNCYFTQXPB-supermarket,10,fish,supermarket,human,human
01KFVAF1D56DAY1JKG7ZRJD59Q,01KFVBGFS0WCNGTKQDZQVXAD0Y,ham,902.0,01JS02HXTE4SS192QNCYFTQXPB-supermarket,11,ham,supermarket,human,human
01KFVAF1D56DAY1JKG7ZRJD59Q,01KFVBGFS0WCNGTKQDZQVXAD0Y,lettuce,2898.0,01JS02HXTE4SS192QNCYFTQXPB-supermarket,12,cheese,supermarket,human,human
01KFVAF1D56DAY1JKG7ZRJD59Q,01KFVBGFS0WCNGTKQDZQVXAD0Y,onion,4530.0,01JS02HXTE4SS192QNCYFTQXPB-supermarket,13,tomato,supermarket,human,human
01KFVAF1D56DAY1JKG7ZRJD59Q,01KFVBGFS0WCNGTKQDZQVXAD0Y,tomato,1390.0,01JS02HXTE4SS192QNCYFTQXPB-supermarket,14,carrot,supermarket,human,human
01KFVAF1D56DAY1JKG7ZRJD59Q,01KFVBGFS0WCNGTKQDZQVXAD0Y,eggplant,6126.0,01JS02HXTE4SS192QNCYFTQXPB-supermarket,15,carrot,supermarket,human,human
01KFVAF1D56DAY1JKG7ZRJD59Q,01KFVBGFS0WCNGTKQDZQVXAD0Y,cookie,6229.0,01JS02HXTE4SS192QNCYFTQXPB-supermarket,16,banana,supermarket,human,human
01KFVAF1D56DAY1JKG7ZRJD59Q,01KFVBGFS0WCNGTKQDZQVXAD0Y,peanut butter,2682.0,01JS02HXTE4SS192QNCYFTQXPB-supermarket,17,cake,supermarket,human,human
01KFVAF1D56DAY1JKG7ZRJD59Q,01KFVBGFS0WCNGTKQDZQVXAD0Y,jam,689.0,01JS02HXTE4SS192QNCYFTQXPB-supermarket,18,jelly,supermarket,human,human
01KFVAF1D56DAY1JKG7ZRJD59Q,01KFVBGFS0WCNGTKQDZQVXAD0Y,cracker,8853.0,01JS02HXTE4SS192QNCYFTQXPB-supermarket,19,jelly,supermarket,human,human
01KFVAF1D56DAY1JKG7ZRJD59Q,01KFVBGFS0WCNGTKQDZQVXAD0Y,chip,2163.0,01JS02HXTE4SS192QNCYFTQXPB-supermarket,20,cheese,supermarket,human,human
01KFVAF1D56DAY1JKG7ZRJD59Q,01KFVBGFS0WCNGTKQDZQVXAD0Y,popcorn,1858.0,01JS02HXTE4SS192QNCYFTQXPB-supermarket,21,dip,supermarket,human,human
01KFVAF1D56DAY1JKG7ZRJD59Q,01KFVBGFS0WCNGTKQDZQVXAD0Y,soda,3573.0,01JS02HXTE4SS192QNCYFTQXPB-supermarket,22,butter,supermarket,human,human
01KFVAF1D56DAY1JKG7ZRJD59Q,01KFVBGFS0WCNGTKQDZQVXAD0Y,water,927.0,01JS02HXTE4SS192QNCYFTQXPB-supermarket,23,juice,supermarket,human,human
01KFVAF1D56DAY1JKG7ZRJD59Q,01KFVBGFS0WCNGTKQDZQVXAD0Y,apple juice,3019.0,01JS02HXTE4SS192QNCYFTQXPB-supermarket,24,juice,supermarket,human,human
01KFVAF1D56DAY1JKG7ZRJD59Q,01KFVBGFS0WCNGTKQDZQVXAD0Y,orange juice,3087.0,01JS02HXTE4SS192QNCYFTQXPB-supermarket,25,orange,supermarket,human,human
01KFVAF1D56DAY1JKG7ZRJD59Q,01KFVBGFS0WCNGTKQDZQVXAD0Y,tuna,3456.0,01JS02HXTE4SS192QNCYFTQXPB-supermarket,26,pickle,supermarket,human,human
01KFVAF1D56DAY1JKG7ZRJD59Q,01KFVBGFS0WCNGTKQDZQVXAD0Y,orange,16501.0,01JS02HXTE4SS192QNCYFTQXPB-supermarket,27,shrimp,supermarket,human,human
01KFVAF1D56DAY1JKG7ZRJD59Q,01KFVBGFS0WCNGTKQDZQVXAD0Y,apple,1129.0,01JS02HXTE4SS192QNCYFTQXPB-supermarket,28,soda,supermarket,human,human
01KFVAF1D56DAY1JKG7ZRJD59Q,01KFVBGFS0WCNGTKQDZQVXAD0Y,lemon,6785.0,01JS02HXTE4SS192QNCYFTQXPB-supermarket,29,pineapple,supermarket,human,human
01KFVAF1D56DAY1JKG7ZRJD59Q,01KFVBGFS0WCNGTKQDZQVXAD0Y,lime,1098.0,01JS02HXTE4SS192QNCYFTQXPB-supermarket,30,lime,supermarket,human,human
01KFVAF1D56DAY1JKG7ZRJD59Q,01KFVBGFS0WCNGTKQDZQVXAD0Y,potato,5368.0,01JS02HXTE4SS192QNCYFTQXPB-supermarket,31,pie,supermarket,human,human
01KFVAF1D56DAY1JKG7ZRJD59Q,01KFVBGFS0WCNGTKQDZQVXAD0Y,beer,2225.0,01JS02HXTE4SS192QNCYFTQXPB-supermarket,32,onion,supermarket,human,human
01KFVAF1D56DAY1JKG7ZRJD59Q,01KFVBGFS0WCNGTKQDZQVXAD0Y,wine,923.0,01JS02HXTE4SS192QNCYFTQXPB-supermarket,33,wine,supermarket,human,human
01KFVAF1D56DAY1JKG7ZRJD59Q,01KFVBGFS0WCNGTKQDZQVXAD0Y,liquor,3775.0,01JS02HXTE4SS192QNCYFTQXPB-supermarket,34,cheese,supermarket,human,human
01KFVAF1D56DAY1JKG7ZRJD59Q,01KFVBGFS0WCNGTKQDZQVXAD0Y,diaper,13667.0,01JS02HXTE4SS192QNCYFTQXPB-supermarket,35,soda,supermarket,human,human
01KFVAF1D56DAY1JKG7ZRJD59Q,01KFVBGFS0WCNGTKQDZQVXAD0Y,baby wipe,4996.0,01JS02HXTE4SS192QNCYFTQXPB-supermarket,36,wipe,supermarket,human,human
01KFVAF1D56DAY1JKG7ZRJD59Q,01KFVBGFS0WCNGTKQDZQVXAD0Y,toilet paper,2312.0,01JS02HXTE4SS192QNCYFTQXPB-supermarket,37,formula,supermarket,human,human
01KFVAF1D56DAY1JKG7ZRJD59Q,01KFVBGFS0WCNGTKQDZQVXAD0Y,cheese,8789.0,01JS02HXTE4SS192QNCYFTQXPB-supermarket,38,papertowel,supermarket,human,human
01KFVAF1D56DAY1JKG7ZRJD59Q,01KFVBGFS0WCNGTKQDZQVXAD0Y,salami,11282.0,01JS02HXTE4SS192QNCYFTQXPB-supermarket,39,butter,supermarket,human,human
01KFVAF1D56DAY1JKG7ZRJD59Q,01KFVBGFS0WCNGTKQDZQVXAD0Y,pickle,1627.0,01JS02HXTE4SS192QNCYFTQXPB-supermarket,40,ham,supermarket,human,human
01KFVAF1D56DAY1JKG7ZRJD59Q,01KFVBGFS0WCNGTKQDZQVXAD0Y,olive,1474.0,01JS02HXTE4SS192QNCYFTQXPB-supermarket,41,pepperoni,supermarket,human,human
01KFVAF1D56DAY1JKG7ZRJD59Q,01KFVBGFS0WCNGTKQDZQVXAD0Y,peach,2667.0,01JS02HXTE4SS192QNCYFTQXPB-supermarket,42,oil,supermarket,human,human
01KFVAF1D56DAY1JKG7ZRJD59Q,01KFVBGFS0WCNGTKQDZQVXAD0Y,pineapple,1577.0,01JS02HXTE4SS192QNCYFTQXPB-supermarket,43,plum,supermarket,human,human
01KFVAF1D56DAY1JKG7ZRJD59Q,01KFVBGFS0WCNGTKQDZQVXAD0Y,cherry,11840.0,01JS02HXTE4SS192QNCYFTQXPB-supermarket,44,strawberry,supermarket,human,human
01KFVAF1D56DAY1JKG7ZRJD59Q,01KFVBGFS0WCNGTKQDZQVXAD0Y,blueberry,3763.0,01JS02HXTE4SS192QNCYFTQXPB-supermarket,45,strawberry,supermarket,human,human
01KFVAF1D4KPQATEBA6476T20K,01KFVBA15AJGRVB3YSXB6A8YVR,cart,6581.0,01K0Q76T585Y0XSMKZZYP7K9C9-supermarket,1,,supermarket,human,human
01KFVAF1D4KPQATEBA6476T20K,01KFVBA15AJGRVB3YSXB6A8YVR,grocery,3095.0,01K0Q76T585Y0XSMKZZYP7K9C9-supermarket,2,wheel,supermarket,human,human
01KFVAF1D4KPQATEBA6476T20K,01KFVBA15AJGRVB3YSXB6A8YVR,ice,1679.0,01K0Q76T585Y0XSMKZZYP7K9C9-supermarket,3,store,supermarket,human,human
01KFVAF1D4KPQATEBA6476T20K,01KFVBA15AJGRVB3YSXB6A8YVR,drink,2319.0,01K0Q76T585Y0XSMKZZYP7K9C9-supermarket,4,cold,supermarket,human,human
01KFVAF1D4KPQATEBA6476T20K,01KFVBA15AJGRVB3YSXB6A8YVR,milk,1227.0,01K0Q76T585Y0XSMKZZYP7K9C9-supermarket,5,water,supermarket,human,human
01KFVAF1D4KPQATEBA6476T20K,01KFVBA15AJGRVB3YSXB6A8YVR,doughnut,1874.0,01K0Q76T585Y0XSMKZZYP7K9C9-supermarket,6,cow,supermarket,human,human
01KFVAF1D4KPQATEBA6476T20K,01KFVBA15AJGRVB3YSXB6A8YVR,candy,1252.0,01K0Q76T585Y0XSMKZZYP7K9C9-supermarket,7,snack,supermarket,human,human
01KFVAF1D4KPQATEBA6476T20K,01KFVBA15AJGRVB3YSXB6A8YVR,coffee,3553.0,01K0Q76T585Y0XSMKZZYP7K9C9-supermarket,8,treat,supermarket,human,human
01KFVAF1D4KPQATEBA6476T20K,01KFVBA15AJGRVB3YSXB6A8YVR,alcohol,6115.0,01K0Q76T585Y0XSMKZZYP7K9C9-supermarket,9,drink,supermarket,human,human
01KFVAF1D4KPQATEBA6476T20K,01KFVBA15AJGRVB3YSXB6A8YVR,fruit,4627.0,01K0Q76T585Y0XSMKZZYP7K9C9-supermarket,10,drink,supermarket,human,human
01KFVAF1D4KPQATEBA6476T20K,01KFVBA15AJGRVB3YSXB6A8YVR,cereal,2241.0,01K0Q76T585Y0XSMKZZYP7K9C9-supermarket,11,vegetable,supermarket,human,human
01KFVAF1D4KPQATEBA6476T20K,01KFVBA15AJGRVB3YSXB6A8YVR,tomato,4354.0,01K0Q76T585Y0XSMKZZYP7K9C9-supermarket,12,milk,supermarket,human,human
01KFVAF1D4KPQATEBA6476T20K,01KFVBA15AJGRVB3YSXB6A8YVR,apple,2006.0,01K0Q76T585Y0XSMKZZYP7K9C9-supermarket,13,banana,supermarket,human,human
01KFVAF1D4KPQATEBA6476T20K,01KFVBA15AJGRVB3YSXB6A8YVR,carrot,2697.0,01K0Q76T585Y0XSMKZZYP7K9C9-supermarket,14,juick,supermarket,human,human
01KFVAF1D4KPQATEBA6476T20K,01KFVBA15AJGRVB3YSXB6A8YVR,banana,2427.0,01K0Q76T585Y0XSMKZZYP7K9C9-supermarket,15,lettuc,supermarket,human,human
01KFVAF1D4KPQATEBA6476T20K,01KFVBA15AJGRVB3YSXB6A8YVR,orange,4276.0,01K0Q76T585Y0XSMKZZYP7K9C9-supermarket,16,apple,supermarket,human,human
01KFVAF1D4KPQATEBA6476T20K,01KFVBA15AJGRVB3YSXB6A8YVR,cake,2230.0,01K0Q76T585Y0XSMKZZYP7K9C9-supermarket,17,lemon,supermarket,human,human
01KFVAF1D4KPQATEBA6476T20K,01KFVBA15AJGRVB3YSXB6A8YVR,yogurt,4879.0,01K0Q76T585Y0XSMKZZYP7K9C9-supermarket,18,doughnut,supermarket,human,human
01KFVAF1D4KPQATEBA6476T20K,01KFVBA15AJGRVB3YSXB6A8YVR,dairy,3839.0,01K0Q76T585Y0XSMKZZYP7K9C9-supermarket,19,eggs,supermarket,human,human
01KFVAF1D4KPQATEBA6476T20K,01KFVBA15AJGRVB3YSXB6A8YVR,cheese,1725.0,01K0Q76T585Y0XSMKZZYP7K9C9-supermarket,20,juice,supermarket,human,human
01KFVAF1D4KPQATEBA6476T20K,01KFVBA15AJGRVB3YSXB6A8YVR,cookie,2245.0,01K0Q76T585Y0XSMKZZYP7K9C9-supermarket,21,cake,supermarket,human,human
01KFVAF1D4KPQATEBA6476T20K,01KFVBA15AJGRVB3YSXB6A8YVR,pizza,3869.0,01K0Q76T585Y0XSMKZZYP7K9C9-supermarket,22,chips,supermarket,human,human
01KFVAF1D4KPQATEBA6476T20K,01KFVBA15AJGRVB3YSXB6A8YVR,frozen pizza,2081.0,01K0Q76T585Y0XSMKZZYP7K9C9-supermarket,23,pretzel,supermarket,human,human
01KFVAF1D4KPQATEBA6476T20K,01KFVBA15AJGRVB3YSXB6A8YVR,chicken,4639.0,01K0Q76T585Y0XSMKZZYP7K9C9-supermarket,24,frozenvegetable,supermarket,human,human
01KFVAF1D4KPQATEBA6476T20K,01KFVBA15AJGRVB3YSXB6A8YVR,roasted vegetable,4345.0,01K0Q76T585Y0XSMKZZYP7K9C9-supermarket,25,turkey,supermarket,human,human
01KFVAF1D4KPQATEBA6476T20K,01KFVBA15AJGRVB3YSXB6A8YVR,sushi,1703.0,01K0Q76T585Y0XSMKZZYP7K9C9-supermarket,26,zucchini,supermarket,human,human
01KFVAF1D4KPQATEBA6476T20K,01KFVBA15AJGRVB3YSXB6A8YVR,ice cream,5069.0,01K0Q76T585Y0XSMKZZYP7K9C9-supermarket,27,rice,supermarket,human,human
01KFVAF1D4KPQATEBA6476T20K,01KFVBA15AJGRVB3YSXB6A8YVR,chocolate,5269.0,01K0Q76T585Y0XSMKZZYP7K9C9-supermarket,28,sandwich,supermarket,human,human
01KFVAF1D4KPQATEBA6476T20K,01KFVBA15AJGRVB3YSXB6A8YVR,biscuit,5572.0,01K0Q76T585Y0XSMKZZYP7K9C9-supermarket,29,chips,supermarket,human,human
01KFVAF1D4KPQATEBA6476T20K,01KFVBA15AJGRVB3YSXB6A8YVR,tea,5613.0,01K0Q76T585Y0XSMKZZYP7K9C9-supermarket,30,chicken,supermarket,human,human
01KFVAF1D4KPQATEBA6476T20K,01KFVBA15AJGRVB3YSXB6A8YVR,bean,1719.0,01K0Q76T585Y0XSMKZZYP7K9C9-supermarket,31,ice,supermarket,human,human
01KFVAF1D4KPQATEBA6476T20K,01KFVBA15AJGRVB3YSXB6A8YVR,canned good,5352.0,01K0Q76T585Y0XSMKZZYP7K9C9-supermarket,32,vanilla,supermarket,human,human
01KFVAF1D4KPQATEBA6476T20K,01KFVBA15AJGRVB3YSXB6A8YVR,lemon,5447.0,01K0Q76T585Y0XSMKZZYP7K9C9-supermarket,33,juice,supermarket,human,human
01KFVAF1D4KPQATEBA6476T20K,01KFVBA15AJGRVB3YSXB6A8YVR,nut,6367.0,01K0Q76T585Y0XSMKZZYP7K9C9-supermarket,34,limes,supermarket,human,human
01KFVAF1D4KPQATEBA6476T20K,01KFVBA15AJGRVB3YSXB6A8YVR,fish,1556.0,01K0Q76T585Y0XSMKZZYP7K9C9-supermarket,35,coffee,supermarket,human,human
01KFVAF1D4KPQATEBA6476T20K,01KFVBA15AJGRVB3YSXB6A8YVR,dough,8363.0,01K0Q76T585Y0XSMKZZYP7K9C9-supermarket,36,clam,supermarket,human,human
01KFVAF1D4KPQATEBA6476T20K,01KFVBA15AJGRVB3YSXB6A8YVR,strawberry,11452.0,01K0Q76T585Y0XSMKZZYP7K9C9-supermarket,37,nut,supermarket,human,human
01KFVAF1D4KPQATEBA6476T20K,01KFVBA15AJGRVB3YSXB6A8YVR,cucumber,5098.0,01K0Q76T585Y0XSMKZZYP7K9C9-supermarket,38,cherry,supermarket,human,human
01KFVAF1D4KPQATEBA6476T20K,01KFVBA15AJGRVB3YSXB6A8YVR,plantain,5099.0,01K0Q76T585Y0XSMKZZYP7K9C9-supermarket,39,squach,supermarket,human,human
01KFVAF1D4KPQATEBA6476T20K,01KFVBA15AJGRVB3YSXB6A8YVR,ramen,5105.0,01K0Q76T585Y0XSMKZZYP7K9C9-supermarket,40,anana,supermarket,human,human
01KFVAF1D4KPQATEBA6476T20K,01KFVBA15AJGRVB3YSXB6A8YVR,noodle,1560.0,01K0Q76T585Y0XSMKZZYP7K9C9-supermarket,41,spaghetti,supermarket,human,human
01KFVAF1D4KPQATEBA6476T20K,01KFVBA15AJGRVB3YSXB6A8YVR,cigarette,6172.0,01K0Q76T585Y0XSMKZZYP7K9C9-supermarket,42,spaghetti,supermarket,human,human
01KFVAF1D4KPQATEBA6476T20K,01KFVBA15AJGRVB3YSXB6A8YVR,orange juice,6511.0,01K0Q76T585Y0XSMKZZYP7K9C9-supermarket,43,lighter,supermarket,human,human
01KFVAF1D4KPQATEBA6476T20K,01KFVBA15AJGRVB3YSXB6A8YVR,apple juice,2657.0,01K0Q76T585Y0XSMKZZYP7K9C9-supermarket,44,milk,supermarket,human,human
,01JVAFH4VCP5QR45HT7J409A79-animals,cat,2800.0,01JRZTY3R5MMM6CR38YJXC2PZV-animals,1,,animals,human,human
01JVAEPB5V6TVED5B084EP5763,01JVAFH4VCP5QR45HT7J409A79-animals,dog,834.0,01JRZTY3R5MMM6CR38YJXC2PZV-animals,2,dog,animals,human,human
01JVAEPB5V6TVED5B084EP5763,01JVAFH4VCP5QR45HT7J409A79-animals,lamb,958.0,01JRZTY3R5MMM6CR38YJXC2PZV-animals,3,bone,animals,human,human
01JVAEPB5V6TVED5B084EP5763,01JVAFH4VCP5QR45HT7J409A79-animals,tiger,772.0,01JRZTY3R5MMM6CR38YJXC2PZV-animals,4,sheep,animals,human,human
01JVAEPB5V6TVED5B084EP5763,01JVAFH4VCP5QR45HT7J409A79-animals,lion,1236.0,01JRZTY3R5MMM6CR38YJXC2PZV-animals,5,eye,animals,human,human
01JVAEPB5V6TVED5B084EP5763,01JVAFH4VCP5QR45HT7J409A79-animals,bear,787.0,01JRZTY3R5MMM6CR38YJXC2PZV-animals,6,cougar,animals,human,human
01JVAEPB5V6TVED5B084EP5763,01JVAFH4VCP5QR45HT7J409A79-animals,goat,1665.0,01JRZTY3R5MMM6CR38YJXC2PZV-animals,7,fish,animals,human,human
01JVAEPB5V6TVED5B084EP5763,01JVAFH4VCP5QR45HT7J409A79-animals,sheep,4922.0,01JRZTY3R5MMM6CR38YJXC2PZV-animals,8,sheep,animals,human,human
01JVAEPB5V6TVED5B084EP5763,01JVAFH4VCP5QR45HT7J409A79-animals,bird,2340.0,01JRZTY3R5MMM6CR38YJXC2PZV-animals,9,horse,animals,human,human
01JVAEPB5V6TVED5B084EP5763,01JVAFH4VCP5QR45HT7J409A79-animals,lizard,8074.0,01JRZTY3R5MMM6CR38YJXC2PZV-animals,10,fish,animals,human,human
01JVAEPB5V6TVED5B084EP5763,01JVAFH4VCP5QR45HT7J409A79-animals,iguana,1238.0,01JRZTY3R5MMM6CR38YJXC2PZV-animals,11,snake,animals,human,human
01JVAEPB5V6TVED5B084EP5763,01JVAFH4VCP5QR45HT7J409A79-animals,goose,5333.0,01JRZTY3R5MMM6CR38YJXC2PZV-animals,12,snake,animals,human,human
01JVAEPB5V6TVED5B084EP5763,01JVAFH4VCP5QR45HT7J409A79-animals,leopard,5165.0,01JRZTY3R5MMM6CR38YJXC2PZV-animals,13,swan,animals,human,human
01JVAEPB5V6TVED5B084EP5763,01JVAFH4VCP5QR45HT7J409A79-animals,fly,4762.0,01JRZTY3R5MMM6CR38YJXC2PZV-animals,14,cougar,animals,human,human
01JVAEPB5V6TVED5B084EP5763,01JVAFH4VCP5QR45HT7J409A79-animals,ant,2807.0,01JRZTY3R5MMM6CR38YJXC2PZV-animals,15,ant,animals,human,human
01JVAEPB5V6TVED5B084EP5763,01JVAFH4VCP5QR45HT7J409A79-animals,spider,1323.0,01JRZTY3R5MMM6CR38YJXC2PZV-animals,16,anteater,animals,human,human
01JVAEPB5V6TVED5B084EP5763,01JVAFH4VCP5QR45HT7J409A79-animals,squirrel,2533.0,01JRZTY3R5MMM6CR38YJXC2PZV-animals,17,snake,animals,human,human
01JVAEPB5V6TVED5B084EP5763,01JVAFH4VCP5QR45HT7J409A79-animals,fox,2217.0,01JRZTY3R5MMM6CR38YJXC2PZV-animals,18,mouse,animals,human,human
01JVAEPB5V6TVED5B084EP5763,01JVAFH4VCP5QR45HT7J409A79-animals,skunk,2757.0,01JRZTY3R5MMM6CR38YJXC2PZV-animals,19,coyote,animals,human,human
01JVAEPB5V6TVED5B084EP5763,01JVAFH4VCP5QR45HT7J409A79-animals,horse,890.0,01JRZTY3R5MMM6CR38YJXC2PZV-animals,20,raccoon,animals,human,human
01JVAEPB5V6TVED5B084EP5763,01JVAFH4VCP5QR45HT7J409A79-animals,cow,1133.0,01JRZTY3R5MMM6CR38YJXC2PZV-animals,21,cow,animals,human,human
01JVAEPB5V6TVED5B084EP5763,01JVAFH4VCP5QR45HT7J409A79-animals,chicken,1988.0,01JRZTY3R5MMM6CR38YJXC2PZV-animals,22,donkey,animals,human,human
01JVAEPB5V6TVED5B084EP5763,01JVAFH4VCP5QR45HT7J409A79-animals,rooster,2260.0,01JRZTY3R5MMM6CR38YJXC2PZV-animals,23,turkey,animals,human,human
01JVAEPB5V6TVED5B084EP5763,01JVAFH4VCP5QR45HT7J409A79-animals,bull,2027.0,01JRZTY3R5MMM6CR38YJXC2PZV-animals,24,hen,animals,human,human
01JVAEPB5V6TVED5B084EP5763,01JVAFH4VCP5QR45HT7J409A79-animals,veal,917.0,01JRZTY3R5MMM6CR38YJXC2PZV-animals,25,fish,animals,human,human
01JVAEPB5V6TVED5B084EP5763,01JVAFH4VCP5QR45HT7J409A79-animals,panda,4348.0,01JRZTY3R5MMM6CR38YJXC2PZV-animals,26,beef,animals,human,human
01JVAEPB5V6TVED5B084EP5763,01JVAFH4VCP5QR45HT7J409A79-animals,brown bear,2750.0,01JRZTY3R5MMM6CR38YJXC2PZV-animals,27,koala,animals,human,human
01JVAEPB5V6TVED5B084EP5763,01JVAFH4VCP5QR45HT7J409A79-animals,polar bear,1709.0,01JRZTY3R5MMM6CR38YJXC2PZV-animals,28,polarbear,animals,human,human
01JVAEPB5V6TVED5B084EP5763,01JVAFH4VCP5QR45HT7J409A79-animals,black bear,1971.0,01JRZTY3R5MMM6CR38YJXC2PZV-animals,29,penguin,animals,human,human
01JVAEPB5V6TVED5B084EP5763,01JVAFH4VCP5QR45HT7J409A79-animals,grizzly bear,2161.0,01JRZTY3R5MMM6CR38YJXC2PZV-animals,30,grizzlybear,animals,human,human
01JVAEPB5V6TVED5B084EP5763,01JVAFH4VCP5QR45HT7J409A79-animals,human,2844.0,01JRZTY3R5MMM6CR38YJXC2PZV-animals,31,sunbear,animals,human,human
01JVAEPB5V6TVED5B084EP5763,01JVAFH4VCP5QR45HT7J409A79-animals,ostrich,5000.0,01JRZTY3R5MMM6CR38YJXC2PZV-animals,32,gorilla,animals,human,human
01JVAEPB5V6TVED5B084EP5763,01JVAFH4VCP5QR45HT7J409A79-animals,koala,3414.0,01JRZTY3R5MMM6CR38YJXC2PZV-animals,33,flamingo,animals,human,human
01JVAEPB5V6TVED5B084EP5763,01JVAFH4VCP5QR45HT7J409A79-animals,worm,11053.0,01JRZTY3R5MMM6CR38YJXC2PZV-animals,34,kangaroo,animals,human,human
01JVAEPB5V6TVED5B084EP5763,01JVAFH4VCP5QR45HT7J409A79-animals,squid,2733.0,01JRZTY3R5MMM6CR38YJXC2PZV-animals,35,ferret,animals,human,human
01JVAEPB5V6TVED5B084EP5763,01JVAFH4VCP5QR45HT7J409A79-animals,salmon,2032.0,01JRZTY3R5MMM6CR38YJXC2PZV-animals,36,fish,animals,human,human
01JVAEPB5V6TVED5B084EP5763,01JVAFH4VCP5QR45HT7J409A79-animals,tuna,1307.0,01JRZTY3R5MMM6CR38YJXC2PZV-animals,37,fish,animals,human,human
01JVAEPB5V6TVED5B084EP5763,01JVAFH4VCP5QR45HT7J409A79-animals,fish,2117.0,01JRZTY3R5MMM6CR38YJXC2PZV-animals,38,walleye,animals,human,human
01JVAEPB5V6TVED5B084EP5763,01JVAFH4VCP5QR45HT7J409A79-animals,porcupine,10697.0,01JRZTY3R5MMM6CR38YJXC2PZV-animals,39,octopus,animals,human,human
01JVAEPB5V6TVED5B084EP5763,01JVAFH4VCP5QR45HT7J409A79-animals,llama,3081.0,01JRZTY3R5MMM6CR38YJXC2PZV-animals,40,hedgehog,animals,human,human
01JVAEPB5V6TVED5B084EP5763,01JVAFH4VCP5QR45HT7J409A79-animals,butterfly,4960.0,01JRZTY3R5MMM6CR38YJXC2PZV-animals,41,alpaca,animals,human,human
01JVAEPB5V6TVED5B084EP5763,01JVAFH4VCP5QR45HT7J409A79-animals,maggot,3085.0,01JRZTY3R5MMM6CR38YJXC2PZV-animals,42,dragonfly,animals,human,human
01JVAEPB5V6TVED5B084EP5763,01JVAFH4VCP5QR45HT7J409A79-animals,pig,10691.0,01JRZTY3R5MMM6CR38YJXC2PZV-animals,43,bug,animals,human,human
01JVAEPB5V6TVED5B084EP5763,01JVAFH4VCP5QR45HT7J409A79-animals,sparrow,9958.0,01JRZTY3R5MMM6CR38YJXC2PZV-animals,44,rabbit,animals,human,human
01JVAEPB5V6TVED5B084EP5763,01JVAFH4VCP5QR45HT7J409A79-animals,blue jay,2966.0,01JRZTY3R5MMM6CR38YJXC2PZV-animals,45,bluejay,animals,human,human
01JVAEPB5V6TVED5B084EP5763,01JVAFH4VCP5QR45HT7J409A79-animals,alligator,7100.0,01JRZTY3R5MMM6CR38YJXC2PZV-animals,46,robin,animals,human,human
01JVAEPB5V6TVED5B084EP5763,01JVAFH4VCP5QR45HT7J409A79-animals,crocodile,2795.0,01JRZTY3R5MMM6CR38YJXC2PZV-animals,47,crocodile,animals,human,human
01JVAEPB5V6TVED5B084EP5763,01JVAFH4VCP5QR45HT7J409A79-animals,otter,3331.0,01JRZTY3R5MMM6CR38YJXC2PZV-animals,48,snake,animals,human,human
01JVAEPB5V6TVED5B084EP5763,01JVAFH4VCP5QR45HT7J409A79-animals,sea urchin,2839.0,01JRZTY3R5MMM6CR38YJXC2PZV-animals,49,ferret,animals,human,human
01JVAEPB5V6TVED5B084EP5763,01JVAFH4VCP5QR45HT7J409A79-animals,horsefly,5284.0,01JRZTY3R5MMM6CR38YJXC2PZV-animals,50,coral,animals,human,human
01JVAEPB5V6TVED5B084EP5763,01JVAFH4VCP5QR45HT7J409A79-animals,monkey,3271.0,01JRZTY3R5MMM6CR38YJXC2PZV-animals,51,dragonfly,animals,human,human
01JVAEPB5V6TVED5B084EP5763,01JVAFH4VCP5QR45HT7J409A79-animals,chimpanzee,3770.0,01JRZTY3R5MMM6CR38YJXC2PZV-animals,52,gorilla,animals,human,human
,01JVAG14EYY36FZRR3Z1QQNFKY-supermarket,pea,4109.0,01JRZMMYQSHKC8GD5HSV7QW7VW-supermarket,1,,supermarket,human,human
01JVAEPB6SCA6W4DEB74DZVTZD,01JVAG14EYY36FZRR3Z1QQNFKY-supermarket,cereal,2792.0,01JRZMMYQSHKC8GD5HSV7QW7VW-supermarket,2,peas,supermarket,human,human
01JVAEPB6SCA6W4DEB74DZVTZD,01JVAG14EYY36FZRR3Z1QQNFKY-supermarket,milk,3809.0,01JRZMMYQSHKC8GD5HSV7QW7VW-supermarket,3,cereal,supermarket,human,human
01JVAEPB6SCA6W4DEB74DZVTZD,01JVAG14EYY36FZRR3Z1QQNFKY-supermarket,egg,1535.0,01JRZMMYQSHKC8GD5HSV7QW7VW-supermarket,4,milk,supermarket,human,human
01JVAEPB6SCA6W4DEB74DZVTZD,01JVAG14EYY36FZRR3Z1QQNFKY-supermarket,tea,1298.0,01JRZMMYQSHKC8GD5HSV7QW7VW-supermarket,5,eggs,supermarket,human,human
01JVAEPB6SCA6W4DEB74DZVTZD,01JVAG14EYY36FZRR3Z1QQNFKY-supermarket,coffee,1953.0,01JRZMMYQSHKC8GD5HSV7QW7VW-supermarket,6,tea,supermarket,human,human
01JVAEPB6SCA6W4DEB74DZVTZD,01JVAG14EYY36FZRR3Z1QQNFKY-supermarket,squash,3898.0,01JRZMMYQSHKC8GD5HSV7QW7VW-supermarket,7,coffe,supermarket,human,human
01JVAEPB6SCA6W4DEB74DZVTZD,01JVAG14EYY36FZRR3Z1QQNFKY-supermarket,pop,1996.0,01JRZMMYQSHKC8GD5HSV7QW7VW-supermarket,8,squash,supermarket,human,human
01JVAEPB6SCA6W4DEB74DZVTZD,01JVAG14EYY36FZRR3Z1QQNFKY-supermarket,meat,4346.0,01JRZMMYQSHKC8GD5HSV7QW7VW-supermarket,9,pop,supermarket,human,human
01JVAEPB6SCA6W4DEB74DZVTZD,01JVAG14EYY36FZRR3Z1QQNFKY-supermarket,pork,1996.0,01JRZMMYQSHKC8GD5HSV7QW7VW-supermarket,10,meat,supermarket,human,human
01JVAEPB6SCA6W4DEB74DZVTZD,01JVAG14EYY36FZRR3Z1QQNFKY-supermarket,lamb,1522.0,01JRZMMYQSHKC8GD5HSV7QW7VW-supermarket,11,pork,supermarket,human,human
01JVAEPB6SCA6W4DEB74DZVTZD,01JVAG14EYY36FZRR3Z1QQNFKY-supermarket,beef,2504.0,01JRZMMYQSHKC8GD5HSV7QW7VW-supermarket,12,lamb,supermarket,human,human
01JVAEPB6SCA6W4DEB74DZVTZD,01JVAG14EYY36FZRR3Z1QQNFKY-supermarket,bacon,1804.0,01JRZMMYQSHKC8GD5HSV7QW7VW-supermarket,13,beef,supermarket,human,human
01JVAEPB6SCA6W4DEB74DZVTZD,01JVAG14EYY36FZRR3Z1QQNFKY-supermarket,cheese,1981.0,01JRZMMYQSHKC8GD5HSV7QW7VW-supermarket,14,bacon,supermarket,human,human
01JVAEPB6SCA6W4DEB74DZVTZD,01JVAG14EYY36FZRR3Z1QQNFKY-supermarket,chicken,1773.0,01JRZMMYQSHKC8GD5HSV7QW7VW-supermarket,15,cheese,supermarket,human,human
01JVAEPB6SCA6W4DEB74DZVTZD,01JVAG14EYY36FZRR3Z1QQNFKY-supermarket,bread,1956.0,01JRZMMYQSHKC8GD5HSV7QW7VW-supermarket,16,chicken,supermarket,human,human
01JVAEPB6SCA6W4DEB74DZVTZD,01JVAG14EYY36FZRR3Z1QQNFKY-supermarket,roll,1757.0,01JRZMMYQSHKC8GD5HSV7QW7VW-supermarket,17,bread,supermarket,human,human
01JVAEPB6SCA6W4DEB74DZVTZD,01JVAG14EYY36FZRR3Z1QQNFKY-supermarket,sandwich,2335.0,01JRZMMYQSHKC8GD5HSV7QW7VW-supermarket,18,rolls,supermarket,human,human
01JVAEPB6SCA6W4DEB74DZVTZD,01JVAG14EYY36FZRR3Z1QQNFKY-supermarket,crisp,2259.0,01JRZMMYQSHKC8GD5HSV7QW7VW-supermarket,19,sandwiches,supermarket,human,human
01JVAEPB6SCA6W4DEB74DZVTZD,01JVAG14EYY36FZRR3Z1QQNFKY-supermarket,sauce,2002.0,01JRZMMYQSHKC8GD5HSV7QW7VW-supermarket,20,crisps,supermarket,human,human
01JVAEPB6SCA6W4DEB74DZVTZD,01JVAG14EYY36FZRR3Z1QQNFKY-supermarket,baked bean,2771.0,01JRZMMYQSHKC8GD5HSV7QW7VW-supermarket,21,sauce,supermarket,human,human
01JVAEPB6SCA6W4DEB74DZVTZD,01JVAG14EYY36FZRR3Z1QQNFKY-supermarket,spaghetti,3425.0,01JRZMMYQSHKC8GD5HSV7QW7VW-supermarket,22,baledbeans,supermarket,human,human
01JVAEPB6SCA6W4DEB74DZVTZD,01JVAG14EYY36FZRR3Z1QQNFKY-supermarket,carrot,3456.0,01JRZMMYQSHKC8GD5HSV7QW7VW-supermarket,23,spaghetti,supermarket,human,human
01JVAEPB6SCA6W4DEB74DZVTZD,01JVAG14EYY36FZRR3Z1QQNFKY-supermarket,vegetable,3258.0,01JRZMMYQSHKC8GD5HSV7QW7VW-supermarket,24,carrots,supermarket,human,human
01JVAEPB6SCA6W4DEB74DZVTZD,01JVAG14EYY36FZRR3Z1QQNFKY-supermarket,cauliflower,3870.0,01JRZMMYQSHKC8GD5HSV7QW7VW-supermarket,25,vegetables,supermarket,human,human
01JVAEPB6SCA6W4DEB74DZVTZD,01JVAG14EYY36FZRR3Z1QQNFKY-supermarket,lettuce,3777.0,01JRZMMYQSHKC8GD5HSV7QW7VW-supermarket,26,cauliflower,supermarket,human,human
01JVAEPB6SCA6W4DEB74DZVTZD,01JVAG14EYY36FZRR3Z1QQNFKY-supermarket,tomato,2058.0,01JRZMMYQSHKC8GD5HSV7QW7VW-supermarket,27,lettuce,supermarket,human,human
01JVAEPB6SCA6W4DEB74DZVTZD,01JVAG14EYY36FZRR3Z1QQNFKY-supermarket,cottage cheese,10474.0,01JRZMMYQSHKC8GD5HSV7QW7VW-supermarket,28,tomatoes,supermarket,human,human
01JVAEPB6SCA6W4DEB74DZVTZD,01JVAG14EYY36FZRR3Z1QQNFKY-supermarket,butter,3624.0,01JRZMMYQSHKC8GD5HSV7QW7VW-supermarket,29,cottagecheese,supermarket,human,human
01JVAEPB6SCA6W4DEB74DZVTZD,01JVAG14EYY36FZRR3Z1QQNFKY-supermarket,margarine,2198.0,01JRZMMYQSHKC8GD5HSV7QW7VW-supermarket,30,butter,supermarket,human,human
01JVAEPB6SCA6W4DEB74DZVTZD,01JVAG14EYY36FZRR3Z1QQNFKY-supermarket,ready meal,6061.0,01JRZMMYQSHKC8GD5HSV7QW7VW-supermarket,31,margarine,supermarket,human,human
01JVAEPB6SCA6W4DEB74DZVTZD,01JVAG14EYY36FZRR3Z1QQNFKY-supermarket,sausage,5232.0,01JRZMMYQSHKC8GD5HSV7QW7VW-supermarket,32,readymeals,supermarket,human,human
01JVAEPB6SCA6W4DEB74DZVTZD,01JVAG14EYY36FZRR3Z1QQNFKY-supermarket,ketchup,7485.0,01JRZMMYQSHKC8GD5HSV7QW7VW-supermarket,33,sausages,supermarket,human,human
01JVAEPB6SCA6W4DEB74DZVTZD,01JVAG14EYY36FZRR3Z1QQNFKY-supermarket,strawberry,9244.0,01JRZMMYQSHKC8GD5HSV7QW7VW-supermarket,34,ketchup,supermarket,human,human
01JVAEPB6SCA6W4DEB74DZVTZD,01JVAG14EYY36FZRR3Z1QQNFKY-supermarket,nectarine,3193.0,01JRZMMYQSHKC8GD5HSV7QW7VW-supermarket,35,stawberry,supermarket,human,human
01JVAEPB6SCA6W4DEB74DZVTZD,01JVAG14EYY36FZRR3Z1QQNFKY-supermarket,satsuma,2579.0,01JRZMMYQSHKC8GD5HSV7QW7VW-supermarket,36,nectarine,supermarket,human,human
01JVAEPB6SCA6W4DEB74DZVTZD,01JVAG14EYY36FZRR3Z1QQNFKY-supermarket,banana,2833.0,01JRZMMYQSHKC8GD5HSV7QW7VW-supermarket,37,satsuma,supermarket,human,human
01JVAEPB6SCA6W4DEB74DZVTZD,01JVAG14EYY36FZRR3Z1QQNFKY-supermarket,apple,2050.0,01JRZMMYQSHKC8GD5HSV7QW7VW-supermarket,38,bananas,supermarket,human,human
01JVAEPB6SCA6W4DEB74DZVTZD,01JVAG14EYY36FZRR3Z1QQNFKY-supermarket,kiwifruit,8726.0,01JRZMMYQSHKC8GD5HSV7QW7VW-supermarket,39,apples,supermarket,human,human
01JVAEPB6SCA6W4DEB74DZVTZD,01JVAG14EYY36FZRR3Z1QQNFKY-supermarket,custard,8183.0,01JRZMMYQSHKC8GD5HSV7QW7VW-supermarket,40,kiwifruit,supermarket,human,human
01JVAEPB6SCA6W4DEB74DZVTZD,01JVAG14EYY36FZRR3Z1QQNFKY-supermarket,sponge pudding,4640.0,01JRZMMYQSHKC8GD5HSV7QW7VW-supermarket,41,custard,supermarket,human,human
01JVAEPB6SCA6W4DEB74DZVTZD,01JVAG14EYY36FZRR3Z1QQNFKY-supermarket,tinned fruit cocktail,7531.0,01JRZMMYQSHKC8GD5HSV7QW7VW-supermarket,42,spongepudding,supermarket,human,human
01JVAEPB6SCA6W4DEB74DZVTZD,01JVAG14EYY36FZRR3Z1QQNFKY-supermarket,rice pudding,7887.0,01JRZMMYQSHKC8GD5HSV7QW7VW-supermarket,43,tinnedfruitcocktail,supermarket,human,human
01JVAEPB6SCA6W4DEB74DZVTZD,01JVAG14EYY36FZRR3Z1QQNFKY-supermarket,chocolate,5699.0,01JRZMMYQSHKC8GD5HSV7QW7VW-supermarket,44,ricepudding,supermarket,human,human
01JVAEPB6SCA6W4DEB74DZVTZD,01JVAG14EYY36FZRR3Z1QQNFKY-supermarket,sweet,2403.0,01JRZMMYQSHKC8GD5HSV7QW7VW-supermarket,45,chocolate,supermarket,human,human
01JVAEPB6SCA6W4DEB74DZVTZD,01JVAG14EYY36FZRR3Z1QQNFKY-supermarket,mint,1639.0,01JRZMMYQSHKC8GD5HSV7QW7VW-supermarket,46,sweets,supermarket,human,human
01KEYTFAMMEN87R8BC9QYHW9V5,01KEYTJDYC7T1NW0QQH6MGKV2A,underwear,5830.0,01JRZTY3R5MMM6CR38YJXC2PZV-clothes,1,,clothes,human,human
01KEYTFAMMEN87R8BC9QYHW9V5,01KEYTJDYC7T1NW0QQH6MGKV2A,t-shirt,1149.0,01JRZTY3R5MMM6CR38YJXC2PZV-clothes,2,socks,clothes,human,human
01KEYTFAMMEN87R8BC9QYHW9V5,01KEYTJDYC7T1NW0QQH6MGKV2A,sweater,1830.0,01JRZTY3R5MMM6CR38YJXC2PZV-clothes,3,pants,clothes,human,human
01KEYTFAMMEN87R8BC9QYHW9V5,01KEYTJDYC7T1NW0QQH6MGKV2A,shoe,3265.0,01JRZTY3R5MMM6CR38YJXC2PZV-clothes,4,hoodie,clothes,human,human
01KEYTFAMMEN87R8BC9QYHW9V5,01KEYTJDYC7T1NW0QQH6MGKV2A,boot,1443.0,01JRZTY3R5MMM6CR38YJXC2PZV-clothes,5,socks,clothes,human,human
01KEYTFAMMEN87R8BC9QYHW9V5,01KEYTJDYC7T1NW0QQH6MGKV2A,glove,1099.0,01JRZTY3R5MMM6CR38YJXC2PZV-clothes,6,jeans,clothes,human,human
01KEYTFAMMEN87R8BC9QYHW9V5,01KEYTJDYC7T1NW0QQH6MGKV2A,panties,2967.0,01JRZTY3R5MMM6CR38YJXC2PZV-clothes,7,hat,clothes,human,human
01KEYTFAMMEN87R8BC9QYHW9V5,01KEYTJDYC7T1NW0QQH6MGKV2A,sock,3088.0,01JRZTY3R5MMM6CR38YJXC2PZV-clothes,8,sock,clothes,human,human
01KEYTFAMMEN87R8BC9QYHW9V5,01KEYTJDYC7T1NW0QQH6MGKV2A,shorts,3683.0,01JRZTY3R5MMM6CR38YJXC2PZV-clothes,9,hat,clothes,human,human
01KEYTFAMMEN87R8BC9QYHW9V5,01KEYTJDYC7T1NW0QQH6MGKV2A,pants,915.0,01JRZTY3R5MMM6CR38YJXC2PZV-clothes,10,jeans,clothes,human,human
01KEYTFAMMEN87R8BC9QYHW9V5,01KEYTJDYC7T1NW0QQH6MGKV2A,dress,900.0,01JRZTY3R5MMM6CR38YJXC2PZV-clothes,11,hat,clothes,human,human
01KEYTFAMMEN87R8BC9QYHW9V5,01KEYTJDYC7T1NW0QQH6MGKV2A,skirt,1398.0,01JRZTY3R5MMM6CR38YJXC2PZV-clothes,12,jacket,clothes,human,human
01KEYTFAMMEN87R8BC9QYHW9V5,01KEYTJDYC7T1NW0QQH6MGKV2A,bikini,5932.0,01JRZTY3R5MMM6CR38YJXC2PZV-clothes,13,jacket,clothes,human,human
01KEYTFAMMEN87R8BC9QYHW9V5,01KEYTJDYC7T1NW0QQH6MGKV2A,lingerie,1556.0,01JRZTY3R5MMM6CR38YJXC2PZV-clothes,14,leggings,clothes,human,human
01KEYTFAMMEN87R8BC9QYHW9V5,01KEYTJDYC7T1NW0QQH6MGKV2A,slipper,5808.0,01JRZTY3R5MMM6CR38YJXC2PZV-clothes,15,bra,clothes,human,human
01KEYTFAMMEN87R8BC9QYHW9V5,01KEYTJDYC7T1NW0QQH6MGKV2A,sandal,2059.0,01JRZTY3R5MMM6CR38YJXC2PZV-clothes,16,slipons,clothes,human,human
01KEYTFAMMEN87R8BC9QYHW9V5,01KEYTJDYC7T1NW0QQH6MGKV2A,hat,6613.0,01JRZTY3R5MMM6CR38YJXC2PZV-clothes,17,clogs,clothes,human,human
01KEYTFAMMEN87R8BC9QYHW9V5,01KEYTJDYC7T1NW0QQH6MGKV2A,glasses,3672.0,01JRZTY3R5MMM6CR38YJXC2PZV-clothes,18,jewelry,clothes,human,human
01KEYTFAMMEN87R8BC9QYHW9V5,01KEYTJDYC7T1NW0QQH6MGKV2A,scarf,3508.0,01JRZTY3R5MMM6CR38YJXC2PZV-clothes,19,jewelry,clothes,human,human
01KEYTFAMMEN87R8BC9QYHW9V5,01KEYTJDYC7T1NW0QQH6MGKV2A,mitten,1126.0,01JRZTY3R5MMM6CR38YJXC2PZV-clothes,20,ring,clothes,human,human
01KEYTFAMMEN87R8BC9QYHW9V5,01KEYTJDYC7T1NW0QQH6MGKV2A,neck warmer,36151.0,01JRZTY3R5MMM6CR38YJXC2PZV-clothes,21,jewelry,clothes,human,human
01KEYTFAMMEN87R8BC9QYHW9V5,01KEYTJDYC7T1NW0QQH6MGKV2A,helmet,1661.0,01JRZTY3R5MMM6CR38YJXC2PZV-clothes,22,earmuffs,clothes,human,human
01KEYTFAMMEN87R8BC9QYHW9V5,01KEYTJDYC7T1NW0QQH6MGKV2A,mask,6058.0,01JRZTY3R5MMM6CR38YJXC2PZV-clothes,23,beanie,clothes,human,human
01KEYTFAMMEN87R8BC9QYHW9V5,01KEYTJDYC7T1NW0QQH6MGKV2A,top hat,2656.0,01JRZTY3R5MMM6CR38YJXC2PZV-clothes,24,jacket,clothes,human,human
01KEYTFAMMEN87R8BC9QYHW9V5,01KEYTJDYC7T1NW0QQH6MGKV2A,ball cap,2854.0,01JRZTY3R5MMM6CR38YJXC2PZV-clothes,25,fedora,clothes,human,human
01KEYTFAMMEN87R8BC9QYHW9V5,01KEYTJDYC7T1NW0QQH6MGKV2A,cowboy hat,3723.0,01JRZTY3R5MMM6CR38YJXC2PZV-clothes,26,beanie,clothes,human,human
01KEYTFAMMEN87R8BC9QYHW9V5,01KEYTJDYC7T1NW0QQH6MGKV2A,fedora,1990.0,01JRZTY3R5MMM6CR38YJXC2PZV-clothes,27,beanie,clothes,human,human
01KEYTFAMMEN87R8BC9QYHW9V5,01KEYTJDYC7T1NW0QQH6MGKV2A,sunglasses,3167.0,01JRZTY3R5MMM6CR38YJXC2PZV-clothes,28,beanie,clothes,human,human
01KEYTFAMMEN87R8BC9QYHW9V5,01KEYTJDYC7T1NW0QQH6MGKV2A,finger warmer,6612.0,01JRZTY3R5MMM6CR38YJXC2PZV-clothes,29,bandana,clothes,human,human
01KEYTFAMMEN87R8BC9QYHW9V5,01KEYTJDYC7T1NW0QQH6MGKV2A,thong,4082.0,01JRZTY3R5MMM6CR38YJXC2PZV-clothes,30,earmuffs,clothes,human,human
01KEYTFAMMEN87R8BC9QYHW9V5,01KEYTJDYC7T1NW0QQH6MGKV2A,leggings,9993.0,01JRZTY3R5MMM6CR38YJXC2PZV-clothes,31,boxers,clothes,human,human
01KEYTFAMMEN87R8BC9QYHW9V5,01KEYTJDYC7T1NW0QQH6MGKV2A,spandex,2969.0,01JRZTY3R5MMM6CR38YJXC2PZV-clothes,32,sweatpants,clothes,human,human
01KEYTFAMMEN87R8BC9QYHW9V5,01KEYTJDYC7T1NW0QQH6MGKV2A,swimsuit,2592.0,01JRZTY3R5MMM6CR38YJXC2PZV-clothes,33,sweatpants,clothes,human,human
01KEYTFAMMEN87R8BC9QYHW9V5,01KEYTJDYC7T1NW0QQH6MGKV2A,trunks,1515.0,01JRZTY3R5MMM6CR38YJXC2PZV-clothes,34,cardigan,clothes,human,human
01KEYTFAMMEN87R8BC9QYHW9V5,01KEYTJDYC7T1NW0QQH6MGKV2A,jorts,7259.0,01JRZTY3R5MMM6CR38YJXC2PZV-clothes,35,boxers,clothes,human,human
01KEYTFAMMEN87R8BC9QYHW9V5,01KEYTJDYC7T1NW0QQH6MGKV2A,jeans,2570.0,01JRZTY3R5MMM6CR38YJXC2PZV-clothes,36,jeans,clothes,human,human
01KEYTFAMMEN87R8BC9QYHW9V5,01KEYTJDYC7T1NW0QQH6MGKV2A,cardigan,6840.0,01JRZTY3R5MMM6CR38YJXC2PZV-clothes,37,sweats,clothes,human,human
01KEYTFAMMEN87R8BC9QYHW9V5,01KEYTJDYC7T1NW0QQH6MGKV2A,suit,1162.0,01JRZTY3R5MMM6CR38YJXC2PZV-clothes,38,jacket,clothes,human,human
01KEYTFAMMEN87R8BC9QYHW9V5,01KEYTJDYC7T1NW0QQH6MGKV2A,vest,1592.0,01JRZTY3R5MMM6CR38YJXC2PZV-clothes,39,jacket,clothes,human,human
01KEYTFAMMEN87R8BC9QYHW9V5,01KEYTJDYC7T1NW0QQH6MGKV2A,jacket,4965.0,01JRZTY3R5MMM6CR38YJXC2PZV-clothes,40,buttonup,clothes,human,human
01KEYTFAMMEN87R8BC9QYHW9V5,01KEYTJDYC7T1NW0QQH6MGKV2A,coat,1472.0,01JRZTY3R5MMM6CR38YJXC2PZV-clothes,41,coat,clothes,human,human
01KEYTFAMMEN87R8BC9QYHW9V5,01KEYTJDYC7T1NW0QQH6MGKV2A,shawl,2890.0,01JRZTY3R5MMM6CR38YJXC2PZV-clothes,42,hat,clothes,human,human
01KFVAF1DAQFCVXJHQWV99VEMK,01KFVB5XA9G56M2PPK9TDYZXCZ,cat,5722.0,01K0Q78T1TJ4J7MZ9AWJRT8HDF-animals,1,,animals,human,human
01KFVAF1DAQFCVXJHQWV99VEMK,01KFVB5XA9G56M2PPK9TDYZXCZ,dog,1400.0,01K0Q78T1TJ4J7MZ9AWJRT8HDF-animals,2,dog,animals,human,human
01KFVAF1DAQFCVXJHQWV99VEMK,01KFVB5XA9G56M2PPK9TDYZXCZ,bear,1929.0,01K0Q78T1TJ4J7MZ9AWJRT8HDF-animals,3,puppy,animals,human,human
01KFVAF1DAQFCVXJHQWV99VEMK,01KFVB5XA9G56M2PPK9TDYZXCZ,tiger,3718.0,01K0Q78T1TJ4J7MZ9AWJRT8HDF-animals,4,owl,animals,human,human
01KFVAF1DAQFCVXJHQWV99VEMK,01KFVB5XA9G56M2PPK9TDYZXCZ,lion,1481.0,01K0Q78T1TJ4J7MZ9AWJRT8HDF-animals,5,elephant,animals,human,human
01KFVAF1DAQFCVXJHQWV99VEMK,01KFVB5XA9G56M2PPK9TDYZXCZ,giraffe,3145.0,01K0Q78T1TJ4J7MZ9AWJRT8HDF-animals,6,cat,animals,human,human
01KFVAF1DAQFCVXJHQWV99VEMK,01KFVB5XA9G56M2PPK9TDYZXCZ,squirrel,3980.0,01K0Q78T1TJ4J7MZ9AWJRT8HDF-animals,7,hippopatumus,animals,human,human
01KFVAF1DAQFCVXJHQWV99VEMK,01KFVB5XA9G56M2PPK9TDYZXCZ,fox,4536.0,01K0Q78T1TJ4J7MZ9AWJRT8HDF-animals,8,rat,animals,human,human
01KFVAF1DAQFCVXJHQWV99VEMK,01KFVB5XA9G56M2PPK9TDYZXCZ,goat,3689.0,01K0Q78T1TJ4J7MZ9AWJRT8HDF-animals,9,beaver,animals,human,human
01KFVAF1DAQFCVXJHQWV99VEMK,01KFVB5XA9G56M2PPK9TDYZXCZ,pig,1660.0,01K0Q78T1TJ4J7MZ9AWJRT8HDF-animals,10,sheep,animals,human,human
01KFVAF1DAQFCVXJHQWV99VEMK,01KFVB5XA9G56M2PPK9TDYZXCZ,sheep,1747.0,01K0Q78T1TJ4J7MZ9AWJRT8HDF-animals,11,cow,animals,human,human
01KFVAF1DAQFCVXJHQWV99VEMK,01KFVB5XA9G56M2PPK9TDYZXCZ,chicken,1856.0,01K0Q78T1TJ4J7MZ9AWJRT8HDF-animals,12,cow,animals,human,human
01KFVAF1DAQFCVXJHQWV99VEMK,01KFVB5XA9G56M2PPK9TDYZXCZ,hen,1432.0,01K0Q78T1TJ4J7MZ9AWJRT8HDF-animals,13,cow,animals,human,human
01KFVAF1DAQFCVXJHQWV99VEMK,01KFVB5XA9G56M2PPK9TDYZXCZ,rooster,2392.0,01K0Q78T1TJ4J7MZ9AWJRT8HDF-animals,14,egg,animals,human,human
01KFVAF1DAQFCVXJHQWV99VEMK,01KFVB5XA9G56M2PPK9TDYZXCZ,mouse,3112.0,01K0Q78T1TJ4J7MZ9AWJRT8HDF-animals,15,cow,animals,human,human
01KFVAF1DAQFCVXJHQWV99VEMK,01KFVB5XA9G56M2PPK9TDYZXCZ,rat,1568.0,01K0Q78T1TJ4J7MZ9AWJRT8HDF-animals,16,trap,animals,human,human
01KFVAF1DAQFCVXJHQWV99VEMK,01KFVB5XA9G56M2PPK9TDYZXCZ,wolf,2994.0,01K0Q78T1TJ4J7MZ9AWJRT8HDF-animals,17,trap,animals,human,human
01KFVAF1DAQFCVXJHQWV99VEMK,01KFVB5XA9G56M2PPK9TDYZXCZ,owl,28423.0,01K0Q78T1TJ4J7MZ9AWJRT8HDF-animals,18,den,animals,human,human
01KFVAF1DAQFCVXJHQWV99VEMK,01KFVB5XA9G56M2PPK9TDYZXCZ,gecko,3492.0,01K0Q78T1TJ4J7MZ9AWJRT8HDF-animals,19,bird,animals,human,human
01KFVAF1DAQFCVXJHQWV99VEMK,01KFVB5XA9G56M2PPK9TDYZXCZ,lizard,5226.0,01K0Q78T1TJ4J7MZ9AWJRT8HDF-animals,20,salamander,animals,human,human
01KFVAF1DAQFCVXJHQWV99VEMK,01KFVB5XA9G56M2PPK9TDYZXCZ,emu,1646.0,01K0Q78T1TJ4J7MZ9AWJRT8HDF-animals,21,salamander,animals,human,human
01KFVAF1DAQFCVXJHQWV99VEMK,01KFVB5XA9G56M2PPK9TDYZXCZ,snake,3068.0,01K0Q78T1TJ4J7MZ9AWJRT8HDF-animals,22,ostrich,animals,human,human
01KFVAF1DAQFCVXJHQWV99VEMK,01KFVB5XA9G56M2PPK9TDYZXCZ,frog,15305.0,01K0Q78T1TJ4J7MZ9AWJRT8HDF-animals,23,bird,animals,human,human
01KFVAF1DAQFCVXJHQWV99VEMK,01KFVB5XA9G56M2PPK9TDYZXCZ,jellyfish,2149.0,01K0Q78T1TJ4J7MZ9AWJRT8HDF-animals,24,fly,animals,human,human
01KFVAF1DAQFCVXJHQWV99VEMK,01KFVB5XA9G56M2PPK9TDYZXCZ,starfish,3039.0,01K0Q78T1TJ4J7MZ9AWJRT8HDF-animals,25,whale,animals,human,human
01KFVAF1DAQFCVXJHQWV99VEMK,01KFVB5XA9G56M2PPK9TDYZXCZ,fish,1367.0,01K0Q78T1TJ4J7MZ9AWJRT8HDF-animals,26,shark,animals,human,human
01KFVAF1DAQFCVXJHQWV99VEMK,01KFVB5XA9G56M2PPK9TDYZXCZ,shark,1866.0,01K0Q78T1TJ4J7MZ9AWJRT8HDF-animals,27,whale,animals,human,human
01KFVAF1DAQFCVXJHQWV99VEMK,01KFVB5XA9G56M2PPK9TDYZXCZ,dolphin,1885.0,01K0Q78T1TJ4J7MZ9AWJRT8HDF-animals,28,whale,animals,human,human
01KFVAF1DAQFCVXJHQWV99VEMK,01KFVB5XA9G56M2PPK9TDYZXCZ,bumble bee,4298.0,01K0Q78T1TJ4J7MZ9AWJRT8HDF-animals,29,whale,animals,human,human
01KFVAF1DAQFCVXJHQWV99VEMK,01KFVB5XA9G56M2PPK9TDYZXCZ,honey bee,2462.0,01K0Q78T1TJ4J7MZ9AWJRT8HDF-animals,30,bush,animals,human,human
01KFVAF1DAQFCVXJHQWV99VEMK,01KFVB5XA9G56M2PPK9TDYZXCZ,mosquito,5168.0,01K0Q78T1TJ4J7MZ9AWJRT8HDF-animals,31,queenbee,animals,human,human
01KFVAF1DAQFCVXJHQWV99VEMK,01KFVB5XA9G56M2PPK9TDYZXCZ,cockroach,3964.0,01K0Q78T1TJ4J7MZ9AWJRT8HDF-animals,32,bite,animals,human,human
01KFVAF1DAQFCVXJHQWV99VEMK,01KFVB5XA9G56M2PPK9TDYZXCZ,dragonfly,7839.0,01K0Q78T1TJ4J7MZ9AWJRT8HDF-animals,33,bug,animals,human,human
01KFVAF1DAQFCVXJHQWV99VEMK,01KFVB5XA9G56M2PPK9TDYZXCZ,shrimp,10011.0,01K0Q78T1TJ4J7MZ9AWJRT8HDF-animals,34,bly,animals,human,human
01KFVAF1DAQFCVXJHQWV99VEMK,01KFVB5XA9G56M2PPK9TDYZXCZ,seahorse,2277.0,01K0Q78T1TJ4J7MZ9AWJRT8HDF-animals,35,fish,animals,human,human
01KFVAF1DAQFCVXJHQWV99VEMK,01KFVB5XA9G56M2PPK9TDYZXCZ,whale,1308.0,01K0Q78T1TJ4J7MZ9AWJRT8HDF-animals,36,whale,animals,human,human
01KFVAF1DAQFCVXJHQWV99VEMK,01KFVB5XA9G56M2PPK9TDYZXCZ,barracuda,7211.0,01K0Q78T1TJ4J7MZ9AWJRT8HDF-animals,37,boat,animals,human,human
01KFVAF1DAQFCVXJHQWV99VEMK,01KFVB5XA9G56M2PPK9TDYZXCZ,lobster,18495.0,01K0Q78T1TJ4J7MZ9AWJRT8HDF-animals,38,fish,animals,human,human
01KFVAF1DAQFCVXJHQWV99VEMK,01KFVB5XA9G56M2PPK9TDYZXCZ,snail,2872.0,01K0Q78T1TJ4J7MZ9AWJRT8HDF-animals,39,crab,animals,human,human
,01JVAFAYZ1487DN1K8VQG0SPKB-supermarket,bread,4043.0,01JRZVTTBTQQRWK9V4FE1N7KX1-supermarket,1,,supermarket,human,human
01JVAEPB714XZWVCHXZ9V53X1W,01JVAFAYZ1487DN1K8VQG0SPKB-supermarket,milk,1720.0,01JRZVTTBTQQRWK9V4FE1N7KX1-supermarket,2,butter,supermarket,human,human
01JVAEPB714XZWVCHXZ9V53X1W,01JVAFAYZ1487DN1K8VQG0SPKB-supermarket,potato,2283.0,01JRZVTTBTQQRWK9V4FE1N7KX1-supermarket,3,cow,supermarket,human,human
01JVAEPB714XZWVCHXZ9V53X1W,01JVAFAYZ1487DN1K8VQG0SPKB-supermarket,corn,2863.0,01JRZVTTBTQQRWK9V4FE1N7KX1-supermarket,4,chips,supermarket,human,human
01JVAEPB714XZWVCHXZ9V53X1W,01JVAFAYZ1487DN1K8VQG0SPKB-supermarket,flour,1485.0,01JRZVTTBTQQRWK9V4FE1N7KX1-supermarket,5,chicken,supermarket,human,human
01JVAEPB714XZWVCHXZ9V53X1W,01JVAFAYZ1487DN1K8VQG0SPKB-supermarket,egg,1655.0,01JRZVTTBTQQRWK9V4FE1N7KX1-supermarket,6,cake,supermarket,human,human
01JVAEPB714XZWVCHXZ9V53X1W,01JVAFAYZ1487DN1K8VQG0SPKB-supermarket,marshmallow,4192.0,01JRZVTTBTQQRWK9V4FE1N7KX1-supermarket,7,chicken,supermarket,human,human
01JVAEPB714XZWVCHXZ9V53X1W,01JVAFAYZ1487DN1K8VQG0SPKB-supermarket,chocolate,1731.0,01JRZVTTBTQQRWK9V4FE1N7KX1-supermarket,8,soft,supermarket,human,human
01JVAEPB714XZWVCHXZ9V53X1W,01JVAFAYZ1487DN1K8VQG0SPKB-supermarket,cereal,2828.0,01JRZVTTBTQQRWK9V4FE1N7KX1-supermarket,9,biscuits,supermarket,human,human
01JVAEPB714XZWVCHXZ9V53X1W,01JVAFAYZ1487DN1K8VQG0SPKB-supermarket,rice,2102.0,01JRZVTTBTQQRWK9V4FE1N7KX1-supermarket,10,milk,supermarket,human,human
01JVAEPB714XZWVCHXZ9V53X1W,01JVAFAYZ1487DN1K8VQG0SPKB-supermarket,roll,1561.0,01JRZVTTBTQQRWK9V4FE1N7KX1-supermarket,11,curry,supermarket,human,human
01JVAEPB714XZWVCHXZ9V53X1W,01JVAFAYZ1487DN1K8VQG0SPKB-supermarket,cake,1339.0,01JRZVTTBTQQRWK9V4FE1N7KX1-supermarket,12,bread,supermarket,human,human
01JVAEPB714XZWVCHXZ9V53X1W,01JVAFAYZ1487DN1K8VQG0SPKB-supermarket,biscuit,2315.0,01JRZVTTBTQQRWK9V4FE1N7KX1-supermarket,13,icing,supermarket,human,human
01JVAEPB714XZWVCHXZ9V53X1W,01JVAFAYZ1487DN1K8VQG0SPKB-supermarket,fish,6617.0,01JRZVTTBTQQRWK9V4FE1N7KX1-supermarket,14,tea,supermarket,human,human
01JVAEPB714XZWVCHXZ9V53X1W,01JVAFAYZ1487DN1K8VQG0SPKB-supermarket,meat,2591.0,01JRZVTTBTQQRWK9V4FE1N7KX1-supermarket,15,chips,supermarket,human,human
01JVAEPB714XZWVCHXZ9V53X1W,01JVAFAYZ1487DN1K8VQG0SPKB-supermarket,chicken,4406.0,01JRZVTTBTQQRWK9V4FE1N7KX1-supermarket,16,potatoes,supermarket,human,human
01JVAEPB714XZWVCHXZ9V53X1W,01JVAFAYZ1487DN1K8VQG0SPKB-supermarket,pizza,2317.0,01JRZVTTBTQQRWK9V4FE1N7KX1-supermarket,17,egg,supermarket,human,human
01JVAEPB714XZWVCHXZ9V53X1W,01JVAFAYZ1487DN1K8VQG0SPKB-supermarket,pasta,1955.0,01JRZVTTBTQQRWK9V4FE1N7KX1-supermarket,18,tomato,supermarket,human,human
01JVAEPB714XZWVCHXZ9V53X1W,01JVAFAYZ1487DN1K8VQG0SPKB-supermarket,detergent,3243.0,01JRZVTTBTQQRWK9V4FE1N7KX1-supermarket,19,sauce,supermarket,human,human
01JVAEPB714XZWVCHXZ9V53X1W,01JVAFAYZ1487DN1K8VQG0SPKB-supermarket,bleach,3026.0,01JRZVTTBTQQRWK9V4FE1N7KX1-supermarket,20,washing,supermarket,human,human
01JVAEPB714XZWVCHXZ9V53X1W,01JVAFAYZ1487DN1K8VQG0SPKB-supermarket,sponge,1806.0,01JRZVTTBTQQRWK9V4FE1N7KX1-supermarket,21,toilet,supermarket,human,human
01JVAEPB714XZWVCHXZ9V53X1W,01JVAFAYZ1487DN1K8VQG0SPKB-supermarket,cloth,2033.0,01JRZVTTBTQQRWK9V4FE1N7KX1-supermarket,22,cloth,supermarket,human,human
01JVAEPB714XZWVCHXZ9V53X1W,01JVAFAYZ1487DN1K8VQG0SPKB-supermarket,washing powder,6545.0,01JRZVTTBTQQRWK9V4FE1N7KX1-supermarket,23,nappy,supermarket,human,human
01JVAEPB714XZWVCHXZ9V53X1W,01JVAFAYZ1487DN1K8VQG0SPKB-supermarket,crisp,6357.0,01JRZVTTBTQQRWK9V4FE1N7KX1-supermarket,24,detergent,supermarket,human,human
01JVAEPB714XZWVCHXZ9V53X1W,01JVAFAYZ1487DN1K8VQG0SPKB-supermarket,cracker,2302.0,01JRZVTTBTQQRWK9V4FE1N7KX1-supermarket,25,popcorn,supermarket,human,human
01JVAEPB714XZWVCHXZ9V53X1W,01JVAFAYZ1487DN1K8VQG0SPKB-supermarket,cheese,1561.0,01JRZVTTBTQQRWK9V4FE1N7KX1-supermarket,26,biscuits,supermarket,human,human
01JVAEPB714XZWVCHXZ9V53X1W,01JVAFAYZ1487DN1K8VQG0SPKB-supermarket,quorn,2120.0,01JRZVTTBTQQRWK9V4FE1N7KX1-supermarket,27,biscuits,supermarket,human,human
01JVAEPB714XZWVCHXZ9V53X1W,01JVAFAYZ1487DN1K8VQG0SPKB-supermarket,sauce,3661.0,01JRZVTTBTQQRWK9V4FE1N7KX1-supermarket,28,vegetarian,supermarket,human,human
01JVAEPB714XZWVCHXZ9V53X1W,01JVAFAYZ1487DN1K8VQG0SPKB-supermarket,gravy,1779.0,01JRZVTTBTQQRWK9V4FE1N7KX1-supermarket,29,katchup,supermarket,human,human
01JVAEPB714XZWVCHXZ9V53X1W,01JVAFAYZ1487DN1K8VQG0SPKB-supermarket,meringue,6666.0,01JRZVTTBTQQRWK9V4FE1N7KX1-supermarket,30,sauce,supermarket,human,human
01JVAEPB714XZWVCHXZ9V53X1W,01JVAFAYZ1487DN1K8VQG0SPKB-supermarket,croissant,6300.0,01JRZVTTBTQQRWK9V4FE1N7KX1-supermarket,31,pie,supermarket,human,human
01JVAEPB714XZWVCHXZ9V53X1W,01JVAFAYZ1487DN1K8VQG0SPKB-supermarket,battery,4797.0,01JRZVTTBTQQRWK9V4FE1N7KX1-supermarket,32,butter,supermarket,human,human
01JVAEPB714XZWVCHXZ9V53X1W,01JVAFAYZ1487DN1K8VQG0SPKB-supermarket,conditioner,6572.0,01JRZVTTBTQQRWK9V4FE1N7KX1-supermarket,33,camera,supermarket,human,human
01JVAEPB714XZWVCHXZ9V53X1W,01JVAFAYZ1487DN1K8VQG0SPKB-supermarket,soap,1634.0,01JRZVTTBTQQRWK9V4FE1N7KX1-supermarket,34,shampoo,supermarket,human,human
01JVAEPB714XZWVCHXZ9V53X1W,01JVAFAYZ1487DN1K8VQG0SPKB-supermarket,shampoo,1785.0,01JRZVTTBTQQRWK9V4FE1N7KX1-supermarket,35,showergel,supermarket,human,human
01JVAEPB714XZWVCHXZ9V53X1W,01JVAFAYZ1487DN1K8VQG0SPKB-supermarket,comb,7935.0,01JRZVTTBTQQRWK9V4FE1N7KX1-supermarket,36,conditioner,supermarket,human,human
01JVAEPB714XZWVCHXZ9V53X1W,01JVAFAYZ1487DN1K8VQG0SPKB-supermarket,bag,2281.0,01JRZVTTBTQQRWK9V4FE1N7KX1-supermarket,37,brush,supermarket,human,human
01JVAEPB714XZWVCHXZ9V53X1W,01JVAFAYZ1487DN1K8VQG0SPKB-supermarket,lipstick,4476.0,01JRZVTTBTQQRWK9V4FE1N7KX1-supermarket,38,sack,supermarket,human,human
01JVAEPB714XZWVCHXZ9V53X1W,01JVAFAYZ1487DN1K8VQG0SPKB-supermarket,banana,5168.0,01JRZVTTBTQQRWK9V4FE1N7KX1-supermarket,39,gloss,supermarket,human,human
01JVAEPB714XZWVCHXZ9V53X1W,01JVAFAYZ1487DN1K8VQG0SPKB-supermarket,grape,2668.0,01JRZVTTBTQQRWK9V4FE1N7KX1-supermarket,40,apples,supermarket,human,human
01JVAEPB714XZWVCHXZ9V53X1W,01JVAFAYZ1487DN1K8VQG0SPKB-supermarket,carrot,2876.0,01JRZVTTBTQQRWK9V4FE1N7KX1-supermarket,41,apples,supermarket,human,human
01JVAEPB714XZWVCHXZ9V53X1W,01JVAFAYZ1487DN1K8VQG0SPKB-supermarket,courgette,4282.0,01JRZVTTBTQQRWK9V4FE1N7KX1-supermarket,42,tomato,supermarket,human,human
01JVAEPB714XZWVCHXZ9V53X1W,01JVAFAYZ1487DN1K8VQG0SPKB-supermarket,pepper,1528.0,01JRZVTTBTQQRWK9V4FE1N7KX1-supermarket,43,cucumber,supermarket,human,human
01JVAEPB714XZWVCHXZ9V53X1W,01JVAFAYZ1487DN1K8VQG0SPKB-supermarket,spice,1914.0,01JRZVTTBTQQRWK9V4FE1N7KX1-supermarket,44,onion's,supermarket,human,human
01JVAEPB714XZWVCHXZ9V53X1W,01JVAFAYZ1487DN1K8VQG0SPKB-supermarket,soya bean,6274.0,01JRZVTTBTQQRWK9V4FE1N7KX1-supermarket,45,sweet,supermarket,human,human
01JVAEPB714XZWVCHXZ9V53X1W,01JVAFAYZ1487DN1K8VQG0SPKB-supermarket,tomato,3933.0,01JRZVTTBTQQRWK9V4FE1N7KX1-supermarket,46,kidneybeans,supermarket,human,human
01JVAEPB714XZWVCHXZ9V53X1W,01JVAFAYZ1487DN1K8VQG0SPKB-supermarket,soup,2168.0,01JRZVTTBTQQRWK9V4FE1N7KX1-supermarket,47,onion,supermarket,human,human
01JVAEPB714XZWVCHXZ9V53X1W,01JVAFAYZ1487DN1K8VQG0SPKB-supermarket,chip,6831.0,01JRZVTTBTQQRWK9V4FE1N7KX1-supermarket,48,bun,supermarket,human,human
01JVAEPB714XZWVCHXZ9V53X1W,01JVAFAYZ1487DN1K8VQG0SPKB-supermarket,sausage,3321.0,01JRZVTTBTQQRWK9V4FE1N7KX1-supermarket,49,sauce,supermarket,human,human
01JVAEPB714XZWVCHXZ9V53X1W,01JVAFAYZ1487DN1K8VQG0SPKB-supermarket,mash,2220.0,01JRZVTTBTQQRWK9V4FE1N7KX1-supermarket,50,bacon,supermarket,human,human
01JVAEPB714XZWVCHXZ9V53X1W,01JVAFAYZ1487DN1K8VQG0SPKB-supermarket,pineapple,6724.0,01JRZVTTBTQQRWK9V4FE1N7KX1-supermarket,51,gravy,supermarket,human,human
01JVAEPB714XZWVCHXZ9V53X1W,01JVAFAYZ1487DN1K8VQG0SPKB-supermarket,apple,1488.0,01JRZVTTBTQQRWK9V4FE1N7KX1-supermarket,52,apple,supermarket,human,human
01JVAEPB714XZWVCHXZ9V53X1W,01JVAFAYZ1487DN1K8VQG0SPKB-supermarket,orange,1481.0,01JRZVTTBTQQRWK9V4FE1N7KX1-supermarket,53,mango,supermarket,human,human
,01K4DTMC2V0WAAQ35YHW3WW9ND-supermarket,pasta,5051.0,01K0Q6TS0N4Y4KMQ91FAJQJS0A-supermarket,1,,supermarket,human,human
01K4DSNBARE7QM2V87K7H2S5K6,01K4DTMC2V0WAAQ35YHW3WW9ND-supermarket,cereal,2308.0,01K0Q6TS0N4Y4KMQ91FAJQJS0A-supermarket,2,sauce,supermarket,human,human
01K4DSNBARE7QM2V87K7H2S5K6,01K4DTMC2V0WAAQ35YHW3WW9ND-supermarket,bread,1799.0,01K0Q6TS0N4Y4KMQ91FAJQJS0A-supermarket,3,milk,supermarket,human,human
01K4DSNBARE7QM2V87K7H2S5K6,01K4DTMC2V0WAAQ35YHW3WW9ND-supermarket,egg,1425.0,01K0Q6TS0N4Y4KMQ91FAJQJS0A-supermarket,4,eggs,supermarket,human,human
01K4DSNBARE7QM2V87K7H2S5K6,01K4DTMC2V0WAAQ35YHW3WW9ND-supermarket,milk,1265.0,01K0Q6TS0N4Y4KMQ91FAJQJS0A-supermarket,5,milk,supermarket,human,human
01K4DSNBARE7QM2V87K7H2S5K6,01K4DTMC2V0WAAQ35YHW3WW9ND-supermarket,cheese,1954.0,01K0Q6TS0N4Y4KMQ91FAJQJS0A-supermarket,6,butter,supermarket,human,human
01K4DSNBARE7QM2V87K7H2S5K6,01K4DTMC2V0WAAQ35YHW3WW9ND-supermarket,flour,2101.0,01K0Q6TS0N4Y4KMQ91FAJQJS0A-supermarket,7,butter,supermarket,human,human
01K4DSNBARE7QM2V87K7H2S5K6,01K4DTMC2V0WAAQ35YHW3WW9ND-supermarket,grape,3819.0,01K0Q6TS0N4Y4KMQ91FAJQJS0A-supermarket,8,butter,supermarket,human,human
01K4DSNBARE7QM2V87K7H2S5K6,01K4DTMC2V0WAAQ35YHW3WW9ND-supermarket,banana,1844.0,01K0Q6TS0N4Y4KMQ91FAJQJS0A-supermarket,9,tomatos,supermarket,human,human
01K4DSNBARE7QM2V87K7H2S5K6,01K4DTMC2V0WAAQ35YHW3WW9ND-supermarket,lettuce,3409.0,01K0Q6TS0N4Y4KMQ91FAJQJS0A-supermarket,10,butter,supermarket,human,human
01K4DSNBARE7QM2V87K7H2S5K6,01K4DTMC2V0WAAQ35YHW3WW9ND-supermarket,celery,2085.0,01K0Q6TS0N4Y4KMQ91FAJQJS0A-supermarket,11,carrots,supermarket,human,human
01K4DSNBARE7QM2V87K7H2S5K6,01K4DTMC2V0WAAQ35YHW3WW9ND-supermarket,avocado,3288.0,01K0Q6TS0N4Y4KMQ91FAJQJS0A-supermarket,12,carrots,supermarket,human,human
01K4DSNBARE7QM2V87K7H2S5K6,01K4DTMC2V0WAAQ35YHW3WW9ND-supermarket,rice,3011.0,01K0Q6TS0N4Y4KMQ91FAJQJS0A-supermarket,13,eggs,supermarket,human,human
01K4DSNBARE7QM2V87K7H2S5K6,01K4DTMC2V0WAAQ35YHW3WW9ND-supermarket,tortilla,2307.0,01K0Q6TS0N4Y4KMQ91FAJQJS0A-supermarket,14,butter,supermarket,human,human
01K4DSNBARE7QM2V87K7H2S5K6,01K4DTMC2V0WAAQ35YHW3WW9ND-supermarket,sauce,2282.0,01K0Q6TS0N4Y4KMQ91FAJQJS0A-supermarket,15,carrots,supermarket,human,human
01K4DSNBARE7QM2V87K7H2S5K6,01K4DTMC2V0WAAQ35YHW3WW9ND-supermarket,butter,2661.0,01K0Q6TS0N4Y4KMQ91FAJQJS0A-supermarket,16,chips,supermarket,human,human
01K4DSNBARE7QM2V87K7H2S5K6,01K4DTMC2V0WAAQ35YHW3WW9ND-supermarket,yogurt,4437.0,01K0Q6TS0N4Y4KMQ91FAJQJS0A-supermarket,17,salt,supermarket,human,human
01K4DSNBARE7QM2V87K7H2S5K6,01K4DTMC2V0WAAQ35YHW3WW9ND-supermarket,bean,3051.0,01K0Q6TS0N4Y4KMQ91FAJQJS0A-supermarket,18,pepper,supermarket,human,human
01K4DSNBARE7QM2V87K7H2S5K6,01K4DTMC2V0WAAQ35YHW3WW9ND-supermarket,pea,1688.0,01K0Q6TS0N4Y4KMQ91FAJQJS0A-supermarket,19,beans,supermarket,human,human
01K4DSNBARE7QM2V87K7H2S5K6,01K4DTMC2V0WAAQ35YHW3WW9ND-supermarket,lentil,3340.0,01K0Q6TS0N4Y4KMQ91FAJQJS0A-supermarket,20,carrots,supermarket,human,human
01K4DSNBARE7QM2V87K7H2S5K6,01K4DTMC2V0WAAQ35YHW3WW9ND-supermarket,pastry,6666.0,01K0Q6TS0N4Y4KMQ91FAJQJS0A-supermarket,21,gravy,supermarket,human,human
01K4DSNBARE7QM2V87K7H2S5K6,01K4DTMC2V0WAAQ35YHW3WW9ND-supermarket,cake,1622.0,01K0Q6TS0N4Y4KMQ91FAJQJS0A-supermarket,22,gravy,supermarket,human,human
01K4DSNBARE7QM2V87K7H2S5K6,01K4DTMC2V0WAAQ35YHW3WW9ND-supermarket,pie,1768.0,01K0Q6TS0N4Y4KMQ91FAJQJS0A-supermarket,23,frosting,supermarket,human,human
01K4DSNBARE7QM2V87K7H2S5K6,01K4DTMC2V0WAAQ35YHW3WW9ND-supermarket,beef,2948.0,01K0Q6TS0N4Y4KMQ91FAJQJS0A-supermarket,24,cookies,supermarket,human,human
01K4DSNBARE7QM2V87K7H2S5K6,01K4DTMC2V0WAAQ35YHW3WW9ND-supermarket,salmon,2629.0,01K0Q6TS0N4Y4KMQ91FAJQJS0A-supermarket,25,chicken,supermarket,human,human
01K4DSNBARE7QM2V87K7H2S5K6,01K4DTMC2V0WAAQ35YHW3WW9ND-supermarket,shrimp,4880.0,01K0Q6TS0N4Y4KMQ91FAJQJS0A-supermarket,26,chicken,supermarket,human,human
01K4DSNBARE7QM2V87K7H2S5K6,01K4DTMC2V0WAAQ35YHW3WW9ND-supermarket,lamb,12920.0,01K0Q6TS0N4Y4KMQ91FAJQJS0A-supermarket,27,chicken,supermarket,human,human
01K4DSNBARE7QM2V87K7H2S5K6,01K4DTMC2V0WAAQ35YHW3WW9ND-supermarket,sauerkraut,5811.0,01K0Q6TS0N4Y4KMQ91FAJQJS0A-supermarket,28,chicken,supermarket,human,human
01K4DSNBARE7QM2V87K7H2S5K6,01K4DTMC2V0WAAQ35YHW3WW9ND-supermarket,hot dog,3129.0,01K0Q6TS0N4Y4KMQ91FAJQJS0A-supermarket,29,tofu,supermarket,human,human
01K4DSNBARE7QM2V87K7H2S5K6,01K4DTMC2V0WAAQ35YHW3WW9ND-supermarket,turkey,2845.0,01K0Q6TS0N4Y4KMQ91FAJQJS0A-supermarket,30,chicken,supermarket,human,human
01K4DSNBARE7QM2V87K7H2S5K6,01K4DTMC2V0WAAQ35YHW3WW9ND-supermarket,ham,1919.0,01K0Q6TS0N4Y4KMQ91FAJQJS0A-supermarket,31,chicken,supermarket,human,human
01K4DSNBARE7QM2V87K7H2S5K6,01K4DTMC2V0WAAQ35YHW3WW9ND-supermarket,mayo,2449.0,01K0Q6TS0N4Y4KMQ91FAJQJS0A-supermarket,32,chicken,supermarket,human,human
01K4DSNBARE7QM2V87K7H2S5K6,01K4DTMC2V0WAAQ35YHW3WW9ND-supermarket,corn,9101.0,01K0Q6TS0N4Y4KMQ91FAJQJS0A-supermarket,33,ketchup,supermarket,human,human
01K4DSNBARE7QM2V87K7H2S5K6,01K4DTMC2V0WAAQ35YHW3WW9ND-supermarket,dairy,11970.0,01K0Q6TS0N4Y4KMQ91FAJQJS0A-supermarket,34,chowder,supermarket,human,human
01K4DSNBARE7QM2V87K7H2S5K6,01K4DTMC2V0WAAQ35YHW3WW9ND-supermarket,sour cream,7103.0,01K0Q6TS0N4Y4KMQ91FAJQJS0A-supermarket,35,chicken,supermarket,human,human
01K4DSNBARE7QM2V87K7H2S5K6,01K4DTMC2V0WAAQ35YHW3WW9ND-supermarket,wine,1472.0,01K0Q6TS0N4Y4KMQ91FAJQJS0A-supermarket,36,cheese,supermarket,human,human
01K4DSNBARE7QM2V87K7H2S5K6,01K4DTMC2V0WAAQ35YHW3WW9ND-supermarket,beer,2992.0,01K0Q6TS0N4Y4KMQ91FAJQJS0A-supermarket,37,beer,supermarket,human,human
01K4DSNBARE7QM2V87K7H2S5K6,01K4DTMC2V0WAAQ35YHW3WW9ND-supermarket,macaroni,5913.0,01K0Q6TS0N4Y4KMQ91FAJQJS0A-supermarket,38,soda,supermarket,human,human
01K4DSNBARE7QM2V87K7H2S5K6,01K4DTMC2V0WAAQ35YHW3WW9ND-supermarket,spaghetti,4820.0,01K0Q6TS0N4Y4KMQ91FAJQJS0A-supermarket,39,cheese,supermarket,human,human
01K4DSNBARE7QM2V87K7H2S5K6,01K4DTMC2V0WAAQ35YHW3WW9ND-supermarket,squash,3088.0,01K0Q6TS0N4Y4KMQ91FAJQJS0A-supermarket,40,cheese,supermarket,human,human
01K4DSNBARE7QM2V87K7H2S5K6,01K4DTMC2V0WAAQ35YHW3WW9ND-supermarket,eggplant,7022.0,01K0Q6TS0N4Y4KMQ91FAJQJS0A-supermarket,41,cucumber,supermarket,human,human
01K4DSNBARE7QM2V87K7H2S5K6,01K4DTMC2V0WAAQ35YHW3WW9ND-supermarket,cabbage,3020.0,01K0Q6TS0N4Y4KMQ91FAJQJS0A-supermarket,42,cucember,supermarket,human,human
01K4DSNBARE7QM2V87K7H2S5K6,01K4DTMC2V0WAAQ35YHW3WW9ND-supermarket,salad,1610.0,01K0Q6TS0N4Y4KMQ91FAJQJS0A-supermarket,43,lettuce,supermarket,human,human
01K4DSNBARE7QM2V87K7H2S5K6,01K4DTMC2V0WAAQ35YHW3WW9ND-supermarket,carrot,2656.0,01K0Q6TS0N4Y4KMQ91FAJQJS0A-supermarket,44,dressing,supermarket,human,human
01K4DSNBARE7QM2V87K7H2S5K6,01K4DTMC2V0WAAQ35YHW3WW9ND-supermarket,zucchini,6901.0,01K0Q6TS0N4Y4KMQ91FAJQJS0A-supermarket,45,lettuce,supermarket,human,human
01K4DSNBARE7QM2V87K7H2S5K6,01K4DTMC2V0WAAQ35YHW3WW9ND-supermarket,apple,9829.0,01K0Q6TS0N4Y4KMQ91FAJQJS0A-supermarket,46,cucumber,supermarket,human,human
01KFVAF1D56DAY1JKG8CE3ZJTN,01KFVB62GYRNHQXPSBY74QPV8R,pig,4968.0,01JRZNBSJJKSD28TPGC4NBSM6F-animals,1,,animals,human,human
01KFVAF1D56DAY1JKG8CE3ZJTN,01KFVB62GYRNHQXPSBY74QPV8R,donkey,3265.0,01JRZNBSJJKSD28TPGC4NBSM6F-animals,2,cow,animals,human,human
01KFVAF1D56DAY1JKG8CE3ZJTN,01KFVB62GYRNHQXPSBY74QPV8R,cow,2056.0,01JRZNBSJJKSD28TPGC4NBSM6F-animals,3,horse,animals,human,human
01KFVAF1D56DAY1JKG8CE3ZJTN,01KFVB62GYRNHQXPSBY74QPV8R,duck,1979.0,01JRZNBSJJKSD28TPGC4NBSM6F-animals,4,sheep,animals,human,human
01KFVAF1D56DAY1JKG8CE3ZJTN,01KFVB62GYRNHQXPSBY74QPV8R,chicken,2673.0,01JRZNBSJJKSD28TPGC4NBSM6F-animals,5,sheep,animals,human,human
01KFVAF1D56DAY1JKG8CE3ZJTN,01KFVB62GYRNHQXPSBY74QPV8R,horse,5387.0,01JRZNBSJJKSD28TPGC4NBSM6F-animals,6,sheep,animals,human,human
01KFVAF1D56DAY1JKG8CE3ZJTN,01KFVB62GYRNHQXPSBY74QPV8R,sheep,3809.0,01JRZNBSJJKSD28TPGC4NBSM6F-animals,7,sheep,animals,human,human
01KFVAF1D56DAY1JKG8CE3ZJTN,01KFVB62GYRNHQXPSBY74QPV8R,llama,1868.0,01JRZNBSJJKSD28TPGC4NBSM6F-animals,8,goat,animals,human,human
01KFVAF1D56DAY1JKG8CE3ZJTN,01KFVB62GYRNHQXPSBY74QPV8R,alpaca,3242.0,01JRZNBSJJKSD28TPGC4NBSM6F-animals,9,goat,animals,human,human
01KFVAF1D56DAY1JKG8CE3ZJTN,01KFVB62GYRNHQXPSBY74QPV8R,whale,2891.0,01JRZNBSJJKSD28TPGC4NBSM6F-animals,10,goat,animals,human,human
01KFVAF1D56DAY1JKG8CE3ZJTN,01KFVB62GYRNHQXPSBY74QPV8R,dolphin,2744.0,01JRZNBSJJKSD28TPGC4NBSM6F-animals,11,dolphin,animals,human,human
01KFVAF1D56DAY1JKG8CE3ZJTN,01KFVB62GYRNHQXPSBY74QPV8R,porpoise,4415.0,01JRZNBSJJKSD28TPGC4NBSM6F-animals,12,goat,animals,human,human
01KFVAF1D56DAY1JKG8CE3ZJTN,01KFVB62GYRNHQXPSBY74QPV8R,turtle,11206.0,01JRZNBSJJKSD28TPGC4NBSM6F-animals,13,seal,animals,human,human
01KFVAF1D56DAY1JKG8CE3ZJTN,01KFVB62GYRNHQXPSBY74QPV8R,komodo dragon,4170.0,01JRZNBSJJKSD28TPGC4NBSM6F-animals,14,seal,animals,human,human
01KFVAF1D56DAY1JKG8CE3ZJTN,01KFVB62GYRNHQXPSBY74QPV8R,cat,1320.0,01JRZNBSJJKSD28TPGC4NBSM6F-animals,15,lizard,animals,human,human
01KFVAF1D56DAY1JKG8CE3ZJTN,01KFVB62GYRNHQXPSBY74QPV8R,dog,1816.0,01JRZNBSJJKSD28TPGC4NBSM6F-animals,16,dog,animals,human,human
01KFVAF1D56DAY1JKG8CE3ZJTN,01KFVB62GYRNHQXPSBY74QPV8R,hamster,3897.0,01JRZNBSJJKSD28TPGC4NBSM6F-animals,17,hamster,animals,human,human
01KFVAF1D56DAY1JKG8CE3ZJTN,01KFVB62GYRNHQXPSBY74QPV8R,gerbil,3982.0,01JRZNBSJJKSD28TPGC4NBSM6F-animals,18,guineapig,animals,human,human
01KFVAF1D56DAY1JKG8CE3ZJTN,01KFVB62GYRNHQXPSBY74QPV8R,rabbit,2963.0,01JRZNBSJJKSD28TPGC4NBSM6F-animals,19,guineapig,animals,human,human
01KFVAF1D56DAY1JKG8CE3ZJTN,01KFVB62GYRNHQXPSBY74QPV8R,guinea pig,4360.0,01JRZNBSJJKSD28TPGC4NBSM6F-animals,20,guineapig,animals,human,human
01KFVAF1D56DAY1JKG8CE3ZJTN,01KFVB62GYRNHQXPSBY74QPV8R,mouse,2194.0,01JRZNBSJJKSD28TPGC4NBSM6F-animals,21,fish,animals,human,human
01KFVAF1D56DAY1JKG8CE3ZJTN,01KFVB62GYRNHQXPSBY74QPV8R,cockatoo,4344.0,01JRZNBSJJKSD28TPGC4NBSM6F-animals,22,fish,animals,human,human
01KFVAF1D56DAY1JKG8CE3ZJTN,01KFVB62GYRNHQXPSBY74QPV8R,parrot,2385.0,01JRZNBSJJKSD28TPGC4NBSM6F-animals,23,cockrel,animals,human,human
01KFVAF1D56DAY1JKG8CE3ZJTN,01KFVB62GYRNHQXPSBY74QPV8R,blue tit,2854.0,01JRZNBSJJKSD28TPGC4NBSM6F-animals,24,budgie,animals,human,human
01KFVAF1D56DAY1JKG8CE3ZJTN,01KFVB62GYRNHQXPSBY74QPV8R,chaffinch,2820.0,01JRZNBSJJKSD28TPGC4NBSM6F-animals,25,robin,animals,human,human
01KFVAF1D56DAY1JKG8CE3ZJTN,01KFVB62GYRNHQXPSBY74QPV8R,blackbird,4159.0,01JRZNBSJJKSD28TPGC4NBSM6F-animals,26,robin,animals,human,human
01KFVAF1D56DAY1JKG8CE3ZJTN,01KFVB62GYRNHQXPSBY74QPV8R,crow,5175.0,01JRZNBSJJKSD28TPGC4NBSM6F-animals,27,robin,animals,human,human
01KFVAF1D56DAY1JKG8CE3ZJTN,01KFVB62GYRNHQXPSBY74QPV8R,raven,3309.0,01JRZNBSJJKSD28TPGC4NBSM6F-animals,28,robin,animals,human,human
01KFVAF1D56DAY1JKG8CE3ZJTN,01KFVB62GYRNHQXPSBY74QPV8R,heron,1278.0,01JRZNBSJJKSD28TPGC4NBSM6F-animals,29,robin,animals,human,human
01KFVAF1D56DAY1JKG8CE3ZJTN,01KFVB62GYRNHQXPSBY74QPV8R,seagull,6599.0,01JRZNBSJJKSD28TPGC4NBSM6F-animals,30,robin,animals,human,human
01KFVAF1D56DAY1JKG8CE3ZJTN,01KFVB62GYRNHQXPSBY74QPV8R,sparrow,3354.0,01JRZNBSJJKSD28TPGC4NBSM6F-animals,31,robin,animals,human,human
01KFVAF1D56DAY1JKG8CE3ZJTN,01KFVB62GYRNHQXPSBY74QPV8R,rat,4228.0,01JRZNBSJJKSD28TPGC4NBSM6F-animals,32,robin,animals,human,human
01KFVAF1D56DAY1JKG8CE3ZJTN,01KFVB62GYRNHQXPSBY74QPV8R,raccoon,3691.0,01JRZNBSJJKSD28TPGC4NBSM6F-animals,33,rat,animals,human,human
01KFVAF1D56DAY1JKG8CE3ZJTN,01KFVB62GYRNHQXPSBY74QPV8R,deer,1703.0,01JRZNBSJJKSD28TPGC4NBSM6F-animals,34,badger,animals,human,human
01KFVAF1D56DAY1JKG8CE3ZJTN,01KFVB62GYRNHQXPSBY74QPV8R,badger,3269.0,01JRZNBSJJKSD28TPGC4NBSM6F-animals,35,reindeer,animals,human,human
01KFVAF1D56DAY1JKG8CE3ZJTN,01KFVB62GYRNHQXPSBY74QPV8R,wood louse,4595.0,01JRZNBSJJKSD28TPGC4NBSM6F-animals,36,reindeer,animals,human,human
01KFVAF1D56DAY1JKG8CE3ZJTN,01KFVB62GYRNHQXPSBY74QPV8R,spider,4872.0,01JRZNBSJJKSD28TPGC4NBSM6F-animals,37,ant,animals,human,human
01KFVAF1D56DAY1JKG8CE3ZJTN,01KFVB62GYRNHQXPSBY74QPV8R,beetle,3762.0,01JRZNBSJJKSD28TPGC4NBSM6F-animals,38,ant,animals,human,human
01KFVAF1D56DAY1JKG8CE3ZJTN,01KFVB62GYRNHQXPSBY74QPV8R,worm,4411.0,01JRZNBSJJKSD28TPGC4NBSM6F-animals,39,ant,animals,human,human
01KFVAF1D56DAY1JKG8CE3ZJTN,01KFVB62GYRNHQXPSBY74QPV8R,bee,2283.0,01JRZNBSJJKSD28TPGC4NBSM6F-animals,40,ant,animals,human,human
01KFVAF1D56DAY1JKG8CE3ZJTN,01KFVB62GYRNHQXPSBY74QPV8R,wasp,1916.0,01JRZNBSJJKSD28TPGC4NBSM6F-animals,41,wasp,animals,human,human
01KFVAF1D56DAY1JKG8CE3ZJTN,01KFVB62GYRNHQXPSBY74QPV8R,fly,2106.0,01JRZNBSJJKSD28TPGC4NBSM6F-animals,42,fly,animals,human,human
01KFVAF1D56DAY1JKG8CE3ZJTN,01KFVB62GYRNHQXPSBY74QPV8R,ant,7606.0,01JRZNBSJJKSD28TPGC4NBSM6F-animals,43,ant,animals,human,human
01KEYTFBSPDSTDPH3586X1EDGV,01KEZ0NCA6YJTKDPBX0GD1HTYB,skirt,4895.0,01JRZNBSJJKSD28TPGC4NBSM6F-clothes,1,,clothes,human,human
01KEYTFBSPDSTDPH3586X1EDGV,01KEZ0NCA6YJTKDPBX0GD1HTYB,top,3167.0,01JRZNBSJJKSD28TPGC4NBSM6F-clothes,2,trousers,clothes,human,human
01KEYTFBSPDSTDPH3586X1EDGV,01KEZ0NCA6YJTKDPBX0GD1HTYB,dress,2884.0,01JRZNBSJJKSD28TPGC4NBSM6F-clothes,3,jumper,clothes,human,human
01KEYTFBSPDSTDPH3586X1EDGV,01KEZ0NCA6YJTKDPBX0GD1HTYB,knickers,4405.0,01JRZNBSJJKSD28TPGC4NBSM6F-clothes,4,shorts,clothes,human,human
01KEYTFBSPDSTDPH3586X1EDGV,01KEZ0NCA6YJTKDPBX0GD1HTYB,boxers,2667.0,01JRZNBSJJKSD28TPGC4NBSM6F-clothes,5,socks,clothes,human,human
01KEYTFBSPDSTDPH3586X1EDGV,01KEZ0NCA6YJTKDPBX0GD1HTYB,jumper,3258.0,01JRZNBSJJKSD28TPGC4NBSM6F-clothes,6,socks,clothes,human,human
01KEYTFBSPDSTDPH3586X1EDGV,01KEZ0NCA6YJTKDPBX0GD1HTYB,sweater,7269.0,01JRZNBSJJKSD28TPGC4NBSM6F-clothes,7,cardigan,clothes,human,human
01KEYTFBSPDSTDPH3586X1EDGV,01KEZ0NCA6YJTKDPBX0GD1HTYB,tracksuit top,4791.0,01JRZNBSJJKSD28TPGC4NBSM6F-clothes,8,shirt,clothes,human,human
01KEYTFBSPDSTDPH3586X1EDGV,01KEZ0NCA6YJTKDPBX0GD1HTYB,tracksuit bottoms,6715.0,01JRZNBSJJKSD28TPGC4NBSM6F-clothes,9,trousers,clothes,human,human
01KEYTFBSPDSTDPH3586X1EDGV,01KEZ0NCA6YJTKDPBX0GD1HTYB,shoe,2552.0,01JRZNBSJJKSD28TPGC4NBSM6F-clothes,10,vest,clothes,human,human
01KEYTFBSPDSTDPH3586X1EDGV,01KEZ0NCA6YJTKDPBX0GD1HTYB,trainer,3214.0,01JRZNBSJJKSD28TPGC4NBSM6F-clothes,11,socks,clothes,human,human
01KEYTFBSPDSTDPH3586X1EDGV,01KEZ0NCA6YJTKDPBX0GD1HTYB,tuxedo,3462.0,01JRZNBSJJKSD28TPGC4NBSM6F-clothes,12,socks,clothes,human,human
01KEYTFBSPDSTDPH3586X1EDGV,01KEZ0NCA6YJTKDPBX0GD1HTYB,high heel,5235.0,01JRZNBSJJKSD28TPGC4NBSM6F-clothes,13,tie,clothes,human,human
01KEYTFBSPDSTDPH3586X1EDGV,01KEZ0NCA6YJTKDPBX0GD1HTYB,suit,4157.0,01JRZNBSJJKSD28TPGC4NBSM6F-clothes,14,dress,clothes,human,human
01KEYTFBSPDSTDPH3586X1EDGV,01KEZ0NCA6YJTKDPBX0GD1HTYB,chinos,4284.0,01JRZNBSJJKSD28TPGC4NBSM6F-clothes,15,tie,clothes,human,human
01KEYTFBSPDSTDPH3586X1EDGV,01KEZ0NCA6YJTKDPBX0GD1HTYB,cargo pants,5297.0,01JRZNBSJJKSD28TPGC4NBSM6F-clothes,16,short,clothes,human,human
01KEYTFBSPDSTDPH3586X1EDGV,01KEZ0NCA6YJTKDPBX0GD1HTYB,shell suit,8672.0,01JRZNBSJJKSD28TPGC4NBSM6F-clothes,17,swimmingshorts,clothes,human,human
01KEYTFBSPDSTDPH3586X1EDGV,01KEZ0NCA6YJTKDPBX0GD1HTYB,wrap dress,4991.0,01JRZNBSJJKSD28TPGC4NBSM6F-clothes,18,flipflop,clothes,human,human
01KEYTFBSPDSTDPH3586X1EDGV,01KEZ0NCA6YJTKDPBX0GD1HTYB,bandage dress,9325.0,01JRZNBSJJKSD28TPGC4NBSM6F-clothes,19,sandal,clothes,human,human
01KEYTFBSPDSTDPH3586X1EDGV,01KEZ0NCA6YJTKDPBX0GD1HTYB,sock,5111.0,01JRZNBSJJKSD28TPGC4NBSM6F-clothes,20,tights,clothes,human,human
01KEYTFBSPDSTDPH3586X1EDGV,01KEZ0NCA6YJTKDPBX0GD1HTYB,trainer sock,3744.0,01JRZNBSJJKSD28TPGC4NBSM6F-clothes,21,tights,clothes,human,human
01KEYTFBSPDSTDPH3586X1EDGV,01KEZ0NCA6YJTKDPBX0GD1HTYB,ankle sock,3719.0,01JRZNBSJJKSD28TPGC4NBSM6F-clothes,22,flipflop,clothes,human,human
01KEYTFBSPDSTDPH3586X1EDGV,01KEZ0NCA6YJTKDPBX0GD1HTYB,knee-high sock,5502.0,01JRZNBSJJKSD28TPGC4NBSM6F-clothes,23,kneehighsock,clothes,human,human
01KEYTFBSPDSTDPH3586X1EDGV,01KEZ0NCA6YJTKDPBX0GD1HTYB,compression sock,5637.0,01JRZNBSJJKSD28TPGC4NBSM6F-clothes,24,shorts,clothes,human,human
01KEYTFBSPDSTDPH3586X1EDGV,01KEZ0NCA6YJTKDPBX0GD1HTYB,stocking,3011.0,01JRZNBSJJKSD28TPGC4NBSM6F-clothes,25,scarf,clothes,human,human
01KEYTFBSPDSTDPH3586X1EDGV,01KEZ0NCA6YJTKDPBX0GD1HTYB,tights,3241.0,01JRZNBSJJKSD28TPGC4NBSM6F-clothes,26,hose,clothes,human,human
01KEYTFBSPDSTDPH3586X1EDGV,01KEZ0NCA6YJTKDPBX0GD1HTYB,pump,3005.0,01JRZNBSJJKSD28TPGC4NBSM6F-clothes,27,tshirt,clothes,human,human
01KEYTFBSPDSTDPH3586X1EDGV,01KEZ0NCA6YJTKDPBX0GD1HTYB,shorts,3251.0,01JRZNBSJJKSD28TPGC4NBSM6F-clothes,28,slipper,clothes,human,human
01KEYTFBSPDSTDPH3586X1EDGV,01KEZ0NCA6YJTKDPBX0GD1HTYB,mini skirt,3057.0,01JRZNBSJJKSD28TPGC4NBSM6F-clothes,29,trouser,clothes,human,human
01KEYTFBSPDSTDPH3586X1EDGV,01KEZ0NCA6YJTKDPBX0GD1HTYB,midi skirt,5063.0,01JRZNBSJJKSD28TPGC4NBSM6F-clothes,30,midiskirt,clothes,human,human
01KEYTFBSPDSTDPH3586X1EDGV,01KEZ0NCA6YJTKDPBX0GD1HTYB,maxi skirt,3459.0,01JRZNBSJJKSD28TPGC4NBSM6F-clothes,31,fulllengthskirt,clothes,human,human
01KEYTFBSPDSTDPH3586X1EDGV,01KEZ0NCA6YJTKDPBX0GD1HTYB,leggings,5851.0,01JRZNBSJJKSD28TPGC4NBSM6F-clothes,32,maxidress,clothes,human,human
01KEYTFBSPDSTDPH3586X1EDGV,01KEZ0NCA6YJTKDPBX0GD1HTYB,waistcoat,8212.0,01JRZNBSJJKSD28TPGC4NBSM6F-clothes,33,gymlegging,clothes,human,human
01KEYTFBSPDSTDPH3586X1EDGV,01KEZ0NCA6YJTKDPBX0GD1HTYB,coat,2037.0,01JRZNBSJJKSD28TPGC4NBSM6F-clothes,34,bowtie,clothes,human,human
01KEYTFBSPDSTDPH3586X1EDGV,01KEZ0NCA6YJTKDPBX0GD1HTYB,jacket,2591.0,01JRZNBSJJKSD28TPGC4NBSM6F-clothes,35,jacket,clothes,human,human
01KEYTFBSPDSTDPH3586X1EDGV,01KEZ0NCA6YJTKDPBX0GD1HTYB,leather jacket,4818.0,01JRZNBSJJKSD28TPGC4NBSM6F-clothes,36,raincoat,clothes,human,human
01KEYTFBSPDSTDPH3586X1EDGV,01KEZ0NCA6YJTKDPBX0GD1HTYB,fur coat,3744.0,01JRZNBSJJKSD28TPGC4NBSM6F-clothes,37,raincoat,clothes,human,human
01KEYTFBSPDSTDPH3586X1EDGV,01KEZ0NCA6YJTKDPBX0GD1HTYB,stole,2534.0,01JRZNBSJJKSD28TPGC4NBSM6F-clothes,38,dresscoat,clothes,human,human
01KEYTFBSPDSTDPH3586X1EDGV,01KEZ0NCA6YJTKDPBX0GD1HTYB,shawl,2258.0,01JRZNBSJJKSD28TPGC4NBSM6F-clothes,39,scarf,clothes,human,human
01KFVAG2V2QJ6VRQ43Z2G29KRM,01KFVCFA1DKTRBC7T4V99JNVHZ,cheese,4304.0,01JRZV24TKM8XJQ7CXX2T3ZWGX-supermarket,1,,supermarket,human,human
01KFVAG2V2QJ6VRQ43Z2G29KRM,01KFVCFA1DKTRBC7T4V99JNVHZ,egg,1299.0,01JRZV24TKM8XJQ7CXX2T3ZWGX-supermarket,2,chocolatenutsmilkyoghurt,supermarket,human,human
01KFVAG2V2QJ6VRQ43Z2G29KRM,01KFVCFA1DKTRBC7T4V99JNVHZ,bread,2040.0,01JRZV24TKM8XJQ7CXX2T3ZWGX-supermarket,3,milk,supermarket,human,human
01KFVAG2V2QJ6VRQ43Z2G29KRM,01KFVCFA1DKTRBC7T4V99JNVHZ,lemon,2875.0,01JRZV24TKM8XJQ7CXX2T3ZWGX-supermarket,4,milk,supermarket,human,human
01KFVAG2V2QJ6VRQ43Z2G29KRM,01KFVCFA1DKTRBC7T4V99JNVHZ,apple,1943.0,01JRZV24TKM8XJQ7CXX2T3ZWGX-supermarket,5,juice,supermarket,human,human
01KFVAG2V2QJ6VRQ43Z2G29KRM,01KFVCFA1DKTRBC7T4V99JNVHZ,grape,2335.0,01JRZV24TKM8XJQ7CXX2T3ZWGX-supermarket,6,soda,supermarket,human,human
01KFVAG2V2QJ6VRQ43Z2G29KRM,01KFVCFA1DKTRBC7T4V99JNVHZ,watermelon,3160.0,01JRZV24TKM8XJQ7CXX2T3ZWGX-supermarket,7,orange,supermarket,human,human
01KFVAG2V2QJ6VRQ43Z2G29KRM,01KFVCFA1DKTRBC7T4V99JNVHZ,melon,1932.0,01JRZV24TKM8XJQ7CXX2T3ZWGX-supermarket,8,banana,supermarket,human,human
01KFVAG2V2QJ6VRQ43Z2G29KRM,01KFVCFA1DKTRBC7T4V99JNVHZ,avocado,4115.0,01JRZV24TKM8XJQ7CXX2T3ZWGX-supermarket,9,mango,supermarket,human,human
01KFVAG2V2QJ6VRQ43Z2G29KRM,01KFVCFA1DKTRBC7T4V99JNVHZ,pear,6911.0,01JRZV24TKM8XJQ7CXX2T3ZWGX-supermarket,10,pineapple,supermarket,human,human
01KFVAG2V2QJ6VRQ43Z2G29KRM,01KFVCFA1DKTRBC7T4V99JNVHZ,starfruit,5793.0,01JRZV24TKM8XJQ7CXX2T3ZWGX-supermarket,11,banana,supermarket,human,human
01KFVAG2V2QJ6VRQ43Z2G29KRM,01KFVCFA1DKTRBC7T4V99JNVHZ,yoghurt,4736.0,01JRZV24TKM8XJQ7CXX2T3ZWGX-supermarket,12,pasta,supermarket,human,human
01KFVAG2V2QJ6VRQ43Z2G29KRM,01KFVCFA1DKTRBC7T4V99JNVHZ,cereal,2081.0,01JRZV24TKM8XJQ7CXX2T3ZWGX-supermarket,13,butter,supermarket,human,human
01KFVAG2V2QJ6VRQ43Z2G29KRM,01KFVCFA1DKTRBC7T4V99JNVHZ,granola,5200.0,01JRZV24TKM8XJQ7CXX2T3ZWGX-supermarket,14,beans,supermarket,human,human
01KFVAG2V2QJ6VRQ43Z2G29KRM,01KFVCFA1DKTRBC7T4V99JNVHZ,oatmeal,2026.0,01JRZV24TKM8XJQ7CXX2T3ZWGX-supermarket,15,grains,supermarket,human,human
01KFVAG2V2QJ6VRQ43Z2G29KRM,01KFVCFA1DKTRBC7T4V99JNVHZ,flour,4812.0,01JRZV24TKM8XJQ7CXX2T3ZWGX-supermarket,16,pepper,supermarket,human,human
01KFVAG2V2QJ6VRQ43Z2G29KRM,01KFVCFA1DKTRBC7T4V99JNVHZ,sugar,2123.0,01JRZV24TKM8XJQ7CXX2T3ZWGX-supermarket,17,salt,supermarket,human,human
01KFVAG2V2QJ6VRQ43Z2G29KRM,01KFVCFA1DKTRBC7T4V99JNVHZ,baking soda,4836.0,01JRZV24TKM8XJQ7CXX2T3ZWGX-supermarket,18,milk,supermarket,human,human
01KFVAG2V2QJ6VRQ43Z2G29KRM,01KFVCFA1DKTRBC7T4V99JNVHZ,baking powder,3335.0,01JRZV24TKM8XJQ7CXX2T3ZWGX-supermarket,19,oil,supermarket,human,human
01KFVAG2V2QJ6VRQ43Z2G29KRM,01KFVCFA1DKTRBC7T4V99JNVHZ,icing,4169.0,01JRZV24TKM8XJQ7CXX2T3ZWGX-supermarket,20,salt,supermarket,human,human
01KFVAG2V2QJ6VRQ43Z2G29KRM,01KFVCFA1DKTRBC7T4V99JNVHZ,maple syrup,8081.0,01JRZV24TKM8XJQ7CXX2T3ZWGX-supermarket,21,icingsugar,supermarket,human,human
01KFVAG2V2QJ6VRQ43Z2G29KRM,01KFVCFA1DKTRBC7T4V99JNVHZ,pizza,7382.0,01JRZV24TKM8XJQ7CXX2T3ZWGX-supermarket,22,cake,supermarket,human,human
01KFVAG2V2QJ6VRQ43Z2G29KRM,01KFVCFA1DKTRBC7T4V99JNVHZ,chicken thigh,5694.0,01JRZV24TKM8XJQ7CXX2T3ZWGX-supermarket,23,rice,supermarket,human,human
01KFVAG2V2QJ6VRQ43Z2G29KRM,01KFVCFA1DKTRBC7T4V99JNVHZ,turkey,2778.0,01JRZV24TKM8XJQ7CXX2T3ZWGX-supermarket,24,tomatosauce,supermarket,human,human
01KFVAG2V2QJ6VRQ43Z2G29KRM,01KFVCFA1DKTRBC7T4V99JNVHZ,fish,3613.0,01JRZV24TKM8XJQ7CXX2T3ZWGX-supermarket,25,duck,supermarket,human,human
01KFVAG2V2QJ6VRQ43Z2G29KRM,01KFVCFA1DKTRBC7T4V99JNVHZ,salmon,2711.0,01JRZV24TKM8XJQ7CXX2T3ZWGX-supermarket,26,sald,supermarket,human,human
01KFVAG2V2QJ6VRQ43Z2G29KRM,01KFVCFA1DKTRBC7T4V99JNVHZ,trout,4944.0,01JRZV24TKM8XJQ7CXX2T3ZWGX-supermarket,27,stew,supermarket,human,human
01KFVAG2V2QJ6VRQ43Z2G29KRM,01KFVCFA1DKTRBC7T4V99JNVHZ,beef,5472.0,01JRZV24TKM8XJQ7CXX2T3ZWGX-supermarket,28,onion,supermarket,human,human
01KFVAG2V2QJ6VRQ43Z2G29KRM,01KFVCFA1DKTRBC7T4V99JNVHZ,hot dog,4528.0,01JRZV24TKM8XJQ7CXX2T3ZWGX-supermarket,29,meat,supermarket,human,human
01KFVAG2V2QJ6VRQ43Z2G29KRM,01KFVCFA1DKTRBC7T4V99JNVHZ,soda,2194.0,01JRZV24TKM8XJQ7CXX2T3ZWGX-supermarket,30,sausage\,supermarket,human,human
01KFVAG2V2QJ6VRQ43Z2G29KRM,01KFVCFA1DKTRBC7T4V99JNVHZ,beer,5932.0,01JRZV24TKM8XJQ7CXX2T3ZWGX-supermarket,31,wine,supermarket,human,human
01KFVAG2V2QJ6VRQ43Z2G29KRM,01KFVCFA1DKTRBC7T4V99JNVHZ,seltzer,4268.0,01JRZV24TKM8XJQ7CXX2T3ZWGX-supermarket,32,quencher,supermarket,human,human
01KFVAG2V2QJ6VRQ43Z2G29KRM,01KFVCFA1DKTRBC7T4V99JNVHZ,flower,8575.0,01JRZV24TKM8XJQ7CXX2T3ZWGX-supermarket,33,,supermarket,human,human
01KFVAG2V2QJ6VRQ43Z2G29KRM,01KFVCFA1DKTRBC7T4V99JNVHZ,toilet paper,7011.0,01JRZV24TKM8XJQ7CXX2T3ZWGX-supermarket,34,,supermarket,human,human
01KFVAG2V2QJ6VRQ43Z2G29KRM,01KFVCFA1DKTRBC7T4V99JNVHZ,tissue,4228.0,01JRZV24TKM8XJQ7CXX2T3ZWGX-supermarket,35,,supermarket,human,human
01KFVAG2V2QJ6VRQ43Z2G29KRM,01KFVCFA1DKTRBC7T4V99JNVHZ,paper towel,1970.0,01JRZV24TKM8XJQ7CXX2T3ZWGX-supermarket,36,,supermarket,human,human
01KFVAG2V2QJ6VRQ43Z2G29KRM,01KFVCFA1DKTRBC7T4V99JNVHZ,lettuce,13183.0,01JRZV24TKM8XJQ7CXX2T3ZWGX-supermarket,37,,supermarket,human,human
01KFVAG2V2QJ6VRQ43Z2G29KRM,01KFVCFA1DKTRBC7T4V99JNVHZ,broccoli,3702.0,01JRZV24TKM8XJQ7CXX2T3ZWGX-supermarket,38,,supermarket,human,human
01KFVAG2V2QJ6VRQ43Z2G29KRM,01KFVCFA1DKTRBC7T4V99JNVHZ,caper,4860.0,01JRZV24TKM8XJQ7CXX2T3ZWGX-supermarket,39,,supermarket,human,human
01KFVAG2V2QJ6VRQ43Z2G29KRM,01KFVCFA1DKTRBC7T4V99JNVHZ,scallop,2914.0,01JRZV24TKM8XJQ7CXX2T3ZWGX-supermarket,40,,supermarket,human,human
,01K4DTP6B2SHZ03X0NEVT0R8Y8-animals,cat,3415.0,01JRZV38RWY8R9KJGFTXG2ST8P-animals,1,,animals,human,human
01K4DSNAEH4D49NCVHQ72PQJW5,01K4DTP6B2SHZ03X0NEVT0R8Y8-animals,dog,2405.0,01JRZV38RWY8R9KJGFTXG2ST8P-animals,2,gog,animals,human,human
01K4DSNAEH4D49NCVHQ72PQJW5,01K4DTP6B2SHZ03X0NEVT0R8Y8-animals,cow,1086.0,01JRZV38RWY8R9KJGFTXG2ST8P-animals,3,puppy,animals,human,human
01K4DSNAEH4D49NCVHQ72PQJW5,01K4DTP6B2SHZ03X0NEVT0R8Y8-animals,chicken,2100.0,01JRZV38RWY8R9KJGFTXG2ST8P-animals,4,sheep,animals,human,human
01K4DSNAEH4D49NCVHQ72PQJW5,01K4DTP6B2SHZ03X0NEVT0R8Y8-animals,sheep,1343.0,01JRZV38RWY8R9KJGFTXG2ST8P-animals,5,egg,animals,human,human
01K4DSNAEH4D49NCVHQ72PQJW5,01K4DTP6B2SHZ03X0NEVT0R8Y8-animals,goat,1643.0,01JRZV38RWY8R9KJGFTXG2ST8P-animals,6,lamb,animals,human,human
01K4DSNAEH4D49NCVHQ72PQJW5,01K4DTP6B2SHZ03X0NEVT0R8Y8-animals,elephant,3088.0,01JRZV38RWY8R9KJGFTXG2ST8P-animals,7,kid,animals,human,human
01K4DSNAEH4D49NCVHQ72PQJW5,01K4DTP6B2SHZ03X0NEVT0R8Y8-animals,badger,2401.0,01JRZV38RWY8R9KJGFTXG2ST8P-animals,8,jungle,animals,human,human
01K4DSNAEH4D49NCVHQ72PQJW5,01K4DTP6B2SHZ03X0NEVT0R8Y8-animals,fox,1890.0,01JRZV38RWY8R9KJGFTXG2ST8P-animals,9,night,animals,human,human
01K4DSNAEH4D49NCVHQ72PQJW5,01K4DTP6B2SHZ03X0NEVT0R8Y8-animals,rabbit,1974.0,01JRZV38RWY8R9KJGFTXG2ST8P-animals,10,badger,animals,human,human
01K4DSNAEH4D49NCVHQ72PQJW5,01K4DTP6B2SHZ03X0NEVT0R8Y8-animals,hare,1653.0,01JRZV38RWY8R9KJGFTXG2ST8P-animals,11,bunny,animals,human,human
01K4DSNAEH4D49NCVHQ72PQJW5,01K4DTP6B2SHZ03X0NEVT0R8Y8-animals,octopus,2120.0,01JRZV38RWY8R9KJGFTXG2ST8P-animals,12,tortoise,animals,human,human
01K4DSNAEH4D49NCVHQ72PQJW5,01K4DTP6B2SHZ03X0NEVT0R8Y8-animals,whale,1315.0,01JRZV38RWY8R9KJGFTXG2ST8P-animals,13,tentacles,animals,human,human
01K4DSNAEH4D49NCVHQ72PQJW5,01K4DTP6B2SHZ03X0NEVT0R8Y8-animals,shark,1656.0,01JRZV38RWY8R9KJGFTXG2ST8P-animals,14,sea,animals,human,human
01K4DSNAEH4D49NCVHQ72PQJW5,01K4DTP6B2SHZ03X0NEVT0R8Y8-animals,orca,4677.0,01JRZV38RWY8R9KJGFTXG2ST8P-animals,15,jaws,animals,human,human
01K4DSNAEH4D49NCVHQ72PQJW5,01K4DTP6B2SHZ03X0NEVT0R8Y8-animals,dolphin,3518.0,01JRZV38RWY8R9KJGFTXG2ST8P-animals,16,ocean,animals,human,human
01K4DSNAEH4D49NCVHQ72PQJW5,01K4DTP6B2SHZ03X0NEVT0R8Y8-animals,camel,2072.0,01JRZV38RWY8R9KJGFTXG2ST8P-animals,17,cute,animals,human,human
01K4DSNAEH4D49NCVHQ72PQJW5,01K4DTP6B2SHZ03X0NEVT0R8Y8-animals,bear,3228.0,01JRZV38RWY8R9KJGFTXG2ST8P-animals,18,hump,animals,human,human
01K4DSNAEH4D49NCVHQ72PQJW5,01K4DTP6B2SHZ03X0NEVT0R8Y8-animals,lion,3793.0,01JRZV38RWY8R9KJGFTXG2ST8P-animals,19,woods,animals,human,human
01K4DSNAEH4D49NCVHQ72PQJW5,01K4DTP6B2SHZ03X0NEVT0R8Y8-animals,tiger,1409.0,01JRZV38RWY8R9KJGFTXG2ST8P-animals,20,tiger,animals,human,human
01K4DSNAEH4D49NCVHQ72PQJW5,01K4DTP6B2SHZ03X0NEVT0R8Y8-animals,zebra,1722.0,01JRZV38RWY8R9KJGFTXG2ST8P-animals,21,stripe,animals,human,human
01K4DSNAEH4D49NCVHQ72PQJW5,01K4DTP6B2SHZ03X0NEVT0R8Y8-animals,ant,3644.0,01JRZV38RWY8R9KJGFTXG2ST8P-animals,22,giraffe,animals,human,human
01K4DSNAEH4D49NCVHQ72PQJW5,01K4DTP6B2SHZ03X0NEVT0R8Y8-animals,wasp,2313.0,01JRZV38RWY8R9KJGFTXG2ST8P-animals,23,spider,animals,human,human
01K4DSNAEH4D49NCVHQ72PQJW5,01K4DTP6B2SHZ03X0NEVT0R8Y8-animals,fly,2388.0,01JRZV38RWY8R9KJGFTXG2ST8P-animals,24,bee,animals,human,human
01K4DSNAEH4D49NCVHQ72PQJW5,01K4DTP6B2SHZ03X0NEVT0R8Y8-animals,bee,1472.0,01JRZV38RWY8R9KJGFTXG2ST8P-animals,25,bee,animals,human,human
01K4DSNAEH4D49NCVHQ72PQJW5,01K4DTP6B2SHZ03X0NEVT0R8Y8-animals,stingray,4468.0,01JRZV38RWY8R9KJGFTXG2ST8P-animals,26,honey,animals,human,human
01K4DSNAEH4D49NCVHQ72PQJW5,01K4DTP6B2SHZ03X0NEVT0R8Y8-animals,meerkat,5033.0,01JRZV38RWY8R9KJGFTXG2ST8P-animals,27,mantaray,animals,human,human
01K4DSNAEH4D49NCVHQ72PQJW5,01K4DTP6B2SHZ03X0NEVT0R8Y8-animals,panda,2827.0,01JRZV38RWY8R9KJGFTXG2ST8P-animals,28,snake,animals,human,human
01K4DSNAEH4D49NCVHQ72PQJW5,01K4DTP6B2SHZ03X0NEVT0R8Y8-animals,koala,4265.0,01JRZV38RWY8R9KJGFTXG2ST8P-animals,29,polarbear,animals,human,human
01K4DSNAEH4D49NCVHQ72PQJW5,01K4DTP6B2SHZ03X0NEVT0R8Y8-animals,bushbaby,2658.0,01JRZV38RWY8R9KJGFTXG2ST8P-animals,30,kangaroo,animals,human,human
01K4DSNAEH4D49NCVHQ72PQJW5,01K4DTP6B2SHZ03X0NEVT0R8Y8-animals,ape,2964.0,01JRZV38RWY8R9KJGFTXG2ST8P-animals,31,koala,animals,human,human
01K4DSNAEH4D49NCVHQ72PQJW5,01K4DTP6B2SHZ03X0NEVT0R8Y8-animals,gorilla,1671.0,01JRZV38RWY8R9KJGFTXG2ST8P-animals,32,monkey,animals,human,human
01K4DSNAEH4D49NCVHQ72PQJW5,01K4DTP6B2SHZ03X0NEVT0R8Y8-animals,monkey,1847.0,01JRZV38RWY8R9KJGFTXG2ST8P-animals,33,chimpanzee,animals,human,human
01K4DSNAEH4D49NCVHQ72PQJW5,01K4DTP6B2SHZ03X0NEVT0R8Y8-animals,human,3675.0,01JRZV38RWY8R9KJGFTXG2ST8P-animals,34,chimpanzee,animals,human,human
01K4DSNAEH4D49NCVHQ72PQJW5,01K4DTP6B2SHZ03X0NEVT0R8Y8-animals,caterpillar,9451.0,01JRZV38RWY8R9KJGFTXG2ST8P-animals,35,peopl,animals,human,human
01K4DSNAEH4D49NCVHQ72PQJW5,01K4DTP6B2SHZ03X0NEVT0R8Y8-animals,snake,3199.0,01JRZV38RWY8R9KJGFTXG2ST8P-animals,36,centipede,animals,human,human
01K4DSNAEH4D49NCVHQ72PQJW5,01K4DTP6B2SHZ03X0NEVT0R8Y8-animals,rat,2036.0,01JRZV38RWY8R9KJGFTXG2ST8P-animals,37,crocodile,animals,human,human
01K4DSNAEH4D49NCVHQ72PQJW5,01K4DTP6B2SHZ03X0NEVT0R8Y8-animals,mouse,4903.0,01JRZV38RWY8R9KJGFTXG2ST8P-animals,38,mouse,animals,human,human
01K4DSNAEH4D49NCVHQ72PQJW5,01K4DTP6B2SHZ03X0NEVT0R8Y8-animals,spider,2764.0,01JRZV38RWY8R9KJGFTXG2ST8P-animals,39,hamster,animals,human,human
01K4DSNAEH4D49NCVHQ72PQJW5,01K4DTP6B2SHZ03X0NEVT0R8Y8-animals,moth,1811.0,01JRZV38RWY8R9KJGFTXG2ST8P-animals,40,fly,animals,human,human
01K4DSNAEH4D49NCVHQ72PQJW5,01K4DTP6B2SHZ03X0NEVT0R8Y8-animals,dragonfly,5192.0,01JRZV38RWY8R9KJGFTXG2ST8P-animals,41,butterfly,animals,human,human
01K4DSNAEH4D49NCVHQ72PQJW5,01K4DTP6B2SHZ03X0NEVT0R8Y8-animals,polar bear,6481.0,01JRZV38RWY8R9KJGFTXG2ST8P-animals,42,duck,animals,human,human
01K4DSNAEH4D49NCVHQ72PQJW5,01K4DTP6B2SHZ03X0NEVT0R8Y8-animals,beetle,5673.0,01JRZV38RWY8R9KJGFTXG2ST8P-animals,43,deer,animals,human,human
01K4DSNAEH4D49NCVHQ72PQJW5,01K4DTP6B2SHZ03X0NEVT0R8Y8-animals,butterfly,5042.0,01JRZV38RWY8R9KJGFTXG2ST8P-animals,44,slug,animals,human,human
01K4DSNAEH4D49NCVHQ72PQJW5,01K4DTP6B2SHZ03X0NEVT0R8Y8-animals,vole,7521.0,01JRZV38RWY8R9KJGFTXG2ST8P-animals,45,smail,animals,human,human
01K4DSNAEH4D49NCVHQ72PQJW5,01K4DTP6B2SHZ03X0NEVT0R8Y8-animals,bat,9161.0,01JRZV38RWY8R9KJGFTXG2ST8P-animals,46,otter,animals,human,human
01K4DSNAEH4D49NCVHQ72PQJW5,01K4DTP6B2SHZ03X0NEVT0R8Y8-animals,fruit bat,2342.0,01JRZV38RWY8R9KJGFTXG2ST8P-animals,47,owl,animals,human,human
01K4DSNAEH4D49NCVHQ72PQJW5,01K4DTP6B2SHZ03X0NEVT0R8Y8-animals,panther,11088.0,01JRZV38RWY8R9KJGFTXG2ST8P-animals,48,owl,animals,human,human
01K4DSNAEH4D49NCVHQ72PQJW5,01K4DTP6B2SHZ03X0NEVT0R8Y8-animals,jaguar,3173.0,01JRZV38RWY8R9KJGFTXG2ST8P-animals,49,jaguar,animals,human,human
01K4DSNAEH4D49NCVHQ72PQJW5,01K4DTP6B2SHZ03X0NEVT0R8Y8-animals,cougar,3467.0,01JRZV38RWY8R9KJGFTXG2ST8P-animals,50,cheetah,animals,human,human
01K4DSNAEH4D49NCVHQ72PQJW5,01K4DTP6B2SHZ03X0NEVT0R8Y8-animals,puma,3406.0,01JRZV38RWY8R9KJGFTXG2ST8P-animals,51,hyena,animals,human,human
01K4DSNAEH4D49NCVHQ72PQJW5,01K4DTP6B2SHZ03X0NEVT0R8Y8-animals,ostrich,3815.0,01JRZV38RWY8R9KJGFTXG2ST8P-animals,52,luynx,animals,human,human
01KEYTFBSQZB2WKFQNN0CHWK8D,01KEYZNAV776VMZ42EN6H5QWPB,skirt,5138.0,01JYPFZT0EJCNS55PZMHXG0BWV-clothes,1,,clothes,human,human
01KEYTFBSQZB2WKFQNN0CHWK8D,01KEYZNAV776VMZ42EN6H5QWPB,trousers,2722.0,01JYPFZT0EJCNS55PZMHXG0BWV-clothes,2,shirt,clothes,human,human
01KEYTFBSQZB2WKFQNN0CHWK8D,01KEYZNAV776VMZ42EN6H5QWPB,jumper,1750.0,01JYPFZT0EJCNS55PZMHXG0BWV-clothes,3,reveiller,clothes,human,human
01KEYTFBSQZB2WKFQNN0CHWK8D,01KEYZNAV776VMZ42EN6H5QWPB,cardigan,2058.0,01JYPFZT0EJCNS55PZMHXG0BWV-clothes,4,jumpers,clothes,human,human
01KEYTFBSQZB2WKFQNN0CHWK8D,01KEYZNAV776VMZ42EN6H5QWPB,trainer,2046.0,01JYPFZT0EJCNS55PZMHXG0BWV-clothes,5,chemise,clothes,human,human
01KEYTFBSQZB2WKFQNN0CHWK8D,01KEYZNAV776VMZ42EN6H5QWPB,pump,2490.0,01JYPFZT0EJCNS55PZMHXG0BWV-clothes,6,trousers,clothes,human,human
01KEYTFBSQZB2WKFQNN0CHWK8D,01KEYZNAV776VMZ42EN6H5QWPB,scarf,2966.0,01JYPFZT0EJCNS55PZMHXG0BWV-clothes,7,pullover,clothes,human,human
01KEYTFBSQZB2WKFQNN0CHWK8D,01KEYZNAV776VMZ42EN6H5QWPB,coat,2095.0,01JYPFZT0EJCNS55PZMHXG0BWV-clothes,8,hat,clothes,human,human
01KEYTFBSQZB2WKFQNN0CHWK8D,01KEYZNAV776VMZ42EN6H5QWPB,vest,2565.0,01JYPFZT0EJCNS55PZMHXG0BWV-clothes,9,tie,clothes,human,human
01KEYTFBSQZB2WKFQNN0CHWK8D,01KEYZNAV776VMZ42EN6H5QWPB,bra,1494.0,01JYPFZT0EJCNS55PZMHXG0BWV-clothes,10,longsleeve,clothes,human,human
01KEYTFBSQZB2WKFQNN0CHWK8D,01KEYZNAV776VMZ42EN6H5QWPB,pants,2066.0,01JYPFZT0EJCNS55PZMHXG0BWV-clothes,11,tube,clothes,human,human
01KEYTFBSQZB2WKFQNN0CHWK8D,01KEYZNAV776VMZ42EN6H5QWPB,boxer shorts,4193.0,01JYPFZT0EJCNS55PZMHXG0BWV-clothes,12,short,clothes,human,human
01KEYTFBSQZB2WKFQNN0CHWK8D,01KEYZNAV776VMZ42EN6H5QWPB,y-fronts,2645.0,01JYPFZT0EJCNS55PZMHXG0BWV-clothes,13,short,clothes,human,human
01KEYTFBSQZB2WKFQNN0CHWK8D,01KEYZNAV776VMZ42EN6H5QWPB,blouse,6372.0,01JYPFZT0EJCNS55PZMHXG0BWV-clothes,14,vfront,clothes,human,human
01KEYTFBSQZB2WKFQNN0CHWK8D,01KEYZNAV776VMZ42EN6H5QWPB,dress,1847.0,01JYPFZT0EJCNS55PZMHXG0BWV-clothes,15,blouse,clothes,human,human
01KEYTFBSQZB2WKFQNN0CHWK8D,01KEYZNAV776VMZ42EN6H5QWPB,leggings,6638.0,01JYPFZT0EJCNS55PZMHXG0BWV-clothes,16,gown,clothes,human,human
01KEYTFBSQZB2WKFQNN0CHWK8D,01KEYZNAV776VMZ42EN6H5QWPB,blazer,4447.0,01JYPFZT0EJCNS55PZMHXG0BWV-clothes,17,stretch,clothes,human,human
01KEYTFBSQZB2WKFQNN0CHWK8D,01KEYZNAV776VMZ42EN6H5QWPB,jumpsuit,3392.0,01JYPFZT0EJCNS55PZMHXG0BWV-clothes,18,bra,clothes,human,human
01KEYTFBSQZB2WKFQNN0CHWK8D,01KEYZNAV776VMZ42EN6H5QWPB,playsuit,3306.0,01JYPFZT0EJCNS55PZMHXG0BWV-clothes,19,overall,clothes,human,human
01KEYTFBSQZB2WKFQNN0CHWK8D,01KEYZNAV776VMZ42EN6H5QWPB,long johns,5936.0,01JYPFZT0EJCNS55PZMHXG0BWV-clothes,20,overall,clothes,human,human
01KEYTFBSQZB2WKFQNN0CHWK8D,01KEYZNAV776VMZ42EN6H5QWPB,hat,3598.0,01JYPFZT0EJCNS55PZMHXG0BWV-clothes,21,pajamabutton,clothes,human,human
01KEYTFBSQZB2WKFQNN0CHWK8D,01KEYZNAV776VMZ42EN6H5QWPB,beret,3923.0,01JYPFZT0EJCNS55PZMHXG0BWV-clothes,22,cap,clothes,human,human
01KEYTFBSQZB2WKFQNN0CHWK8D,01KEYZNAV776VMZ42EN6H5QWPB,glove,1783.0,01JYPFZT0EJCNS55PZMHXG0BWV-clothes,23,beanie,clothes,human,human
01KEYTFBSQZB2WKFQNN0CHWK8D,01KEYZNAV776VMZ42EN6H5QWPB,sock,1933.0,01JYPFZT0EJCNS55PZMHXG0BWV-clothes,24,socks,clothes,human,human
01KEYTFBSQZB2WKFQNN0CHWK8D,01KEYZNAV776VMZ42EN6H5QWPB,stocking,3079.0,01JYPFZT0EJCNS55PZMHXG0BWV-clothes,25,,clothes,human,human
01KEYTFBSQZB2WKFQNN0CHWK8D,01KEYZNAV776VMZ42EN6H5QWPB,tights,2593.0,01JYPFZT0EJCNS55PZMHXG0BWV-clothes,26,,clothes,human,human
01KEYTFBSQZB2WKFQNN0CHWK8D,01KEYZNAV776VMZ42EN6H5QWPB,leg warmer,15172.0,01JYPFZT0EJCNS55PZMHXG0BWV-clothes,27,,clothes,human,human
01KEYTFBSQZB2WKFQNN0CHWK8D,01KEYZNAV776VMZ42EN6H5QWPB,mitten,4965.0,01JYPFZT0EJCNS55PZMHXG0BWV-clothes,28,,clothes,human,human
01KEYTFBSQZB2WKFQNN0CHWK8D,01KEYZNAV776VMZ42EN6H5QWPB,t-shirt,6203.0,01JYPFZT0EJCNS55PZMHXG0BWV-clothes,29,,clothes,human,human
01KEYTFBSQZB2WKFQNN0CHWK8D,01KEYZNAV776VMZ42EN6H5QWPB,jeans,5182.0,01JYPFZT0EJCNS55PZMHXG0BWV-clothes,30,,clothes,human,human
01KEYTFBSQZB2WKFQNN0CHWK8D,01KEYZNAV776VMZ42EN6H5QWPB,muffler,7982.0,01JYPFZT0EJCNS55PZMHXG0BWV-clothes,31,,clothes,human,human
01KEYTFBSQZB2WKFQNN0CHWK8D,01KEYZNAV776VMZ42EN6H5QWPB,jeggings,7762.0,01JYPFZT0EJCNS55PZMHXG0BWV-clothes,32,,clothes,human,human
01KEYTFBSQZB2WKFQNN0CHWK8D,01KEYZNAV776VMZ42EN6H5QWPB,nightie,4976.0,01JYPFZT0EJCNS55PZMHXG0BWV-clothes,33,,clothes,human,human
01KEYTFBSQZB2WKFQNN0CHWK8D,01KEYZNAV776VMZ42EN6H5QWPB,shorts,2856.0,01JYPFZT0EJCNS55PZMHXG0BWV-clothes,34,,clothes,human,human
01KEYTFBSQZB2WKFQNN0CHWK8D,01KEYZNAV776VMZ42EN6H5QWPB,pantaloons,4128.0,01JYPFZT0EJCNS55PZMHXG0BWV-clothes,35,,clothes,human,human
01KEYTFBSQZB2WKFQNN0CHWK8D,01KEYZNAV776VMZ42EN6H5QWPB,pyjamas,2785.0,01JYPFZT0EJCNS55PZMHXG0BWV-clothes,36,,clothes,human,human
01KEYTFBSQZB2WKFQNN0CHWK8D,01KEYZNAV776VMZ42EN6H5QWPB,raincoat,3531.0,01JYPFZT0EJCNS55PZMHXG0BWV-clothes,37,,clothes,human,human
01KEYTFBSQZB2WKFQNN0CHWK8D,01KEYZNAV776VMZ42EN6H5QWPB,maternity dress,4898.0,01JYPFZT0EJCNS55PZMHXG0BWV-clothes,38,,clothes,human,human
01KEYTFBSQZB2WKFQNN0CHWK8D,01KEYZNAV776VMZ42EN6H5QWPB,suit,7156.0,01JYPFZT0EJCNS55PZMHXG0BWV-clothes,39,,clothes,human,human
01KEYTFBSQZB2WKFQNN0CHWK8D,01KEYZNAV776VMZ42EN6H5QWPB,dinner jacket,3716.0,01JYPFZT0EJCNS55PZMHXG0BWV-clothes,40,,clothes,human,human
01KEYTFBSQZB2WKFQNN0CHWK8D,01KEYZNAV776VMZ42EN6H5QWPB,jacket,2562.0,01JYPFZT0EJCNS55PZMHXG0BWV-clothes,41,,clothes,human,human
01KEYTFBSQZB2WKFQNN0CHWK8D,01KEYZNAV776VMZ42EN6H5QWPB,sun dress,2372.0,01JYPFZT0EJCNS55PZMHXG0BWV-clothes,42,,clothes,human,human
01KEYTFBSQZB2WKFQNN0CHWK8D,01KEYZNAV776VMZ42EN6H5QWPB,wedding dress,3538.0,01JYPFZT0EJCNS55PZMHXG0BWV-clothes,43,,clothes,human,human
01KEYTFBSQZB2WKFQNN0CHWK8D,01KEYZNAV776VMZ42EN6H5QWPB,morning suit,4100.0,01JYPFZT0EJCNS55PZMHXG0BWV-clothes,44,,clothes,human,human
,01K4DV0RQ52XPHN54RBFR202Z6-clothes,jeans,3897.0,01K0Q75YNTJYXJACEYW96E3W7V-clothes,1,,clothes,human,human
01K4DSNB9V24J04377G2FCA2GV,01K4DV0RQ52XPHN54RBFR202Z6-clothes,shoe,1102.0,01K0Q75YNTJYXJACEYW96E3W7V-clothes,2,trousers,clothes,human,human
01K4DSNB9V24J04377G2FCA2GV,01K4DV0RQ52XPHN54RBFR202Z6-clothes,slider,1963.0,01K0Q75YNTJYXJACEYW96E3W7V-clothes,3,socks,clothes,human,human
01K4DSNB9V24J04377G2FCA2GV,01K4DV0RQ52XPHN54RBFR202Z6-clothes,hat,2189.0,01K0Q75YNTJYXJACEYW96E3W7V-clothes,4,sandals,clothes,human,human
01K4DSNB9V24J04377G2FCA2GV,01K4DV0RQ52XPHN54RBFR202Z6-clothes,bandana,2932.0,01K0Q75YNTJYXJACEYW96E3W7V-clothes,5,jumper,clothes,human,human
01K4DSNB9V24J04377G2FCA2GV,01K4DV0RQ52XPHN54RBFR202Z6-clothes,glasses,4286.0,01K0Q75YNTJYXJACEYW96E3W7V-clothes,6,dress,clothes,human,human
01K4DSNB9V24J04377G2FCA2GV,01K4DV0RQ52XPHN54RBFR202Z6-clothes,pants,4185.0,01K0Q75YNTJYXJACEYW96E3W7V-clothes,7,hat,clothes,human,human
01K4DSNB9V24J04377G2FCA2GV,01K4DV0RQ52XPHN54RBFR202Z6-clothes,shorts,1348.0,01K0Q75YNTJYXJACEYW96E3W7V-clothes,8,tshirt,clothes,human,human
01K4DSNB9V24J04377G2FCA2GV,01K4DV0RQ52XPHN54RBFR202Z6-clothes,leggings,3189.0,01K0Q75YNTJYXJACEYW96E3W7V-clothes,9,trunks,clothes,human,human
01K4DSNB9V24J04377G2FCA2GV,01K4DV0RQ52XPHN54RBFR202Z6-clothes,jeggings,1833.0,01K0Q75YNTJYXJACEYW96E3W7V-clothes,10,tights,clothes,human,human
01K4DSNB9V24J04377G2FCA2GV,01K4DV0RQ52XPHN54RBFR202Z6-clothes,belt,4189.0,01K0Q75YNTJYXJACEYW96E3W7V-clothes,11,tights,clothes,human,human
01K4DSNB9V24J04377G2FCA2GV,01K4DV0RQ52XPHN54RBFR202Z6-clothes,vest,2726.0,01K0Q75YNTJYXJACEYW96E3W7V-clothes,12,shirt,clothes,human,human
01K4DSNB9V24J04377G2FCA2GV,01K4DV0RQ52XPHN54RBFR202Z6-clothes,cardigan,2172.0,01K0Q75YNTJYXJACEYW96E3W7V-clothes,13,shirt,clothes,human,human
01K4DSNB9V24J04377G2FCA2GV,01K4DV0RQ52XPHN54RBFR202Z6-clothes,monocle,3175.0,01K0Q75YNTJYXJACEYW96E3W7V-clothes,14,jumper,clothes,human,human
01K4DSNB9V24J04377G2FCA2GV,01K4DV0RQ52XPHN54RBFR202Z6-clothes,fedora,3877.0,01K0Q75YNTJYXJACEYW96E3W7V-clothes,15,coat,clothes,human,human
01K4DSNB9V24J04377G2FCA2GV,01K4DV0RQ52XPHN54RBFR202Z6-clothes,fez,4798.0,01K0Q75YNTJYXJACEYW96E3W7V-clothes,16,coat,clothes,human,human
01K4DSNB9V24J04377G2FCA2GV,01K4DV0RQ52XPHN54RBFR202Z6-clothes,earring,6544.0,01K0Q75YNTJYXJACEYW96E3W7V-clothes,17,coat,clothes,human,human
01K4DSNB9V24J04377G2FCA2GV,01K4DV0RQ52XPHN54RBFR202Z6-clothes,watch,5018.0,01K0Q75YNTJYXJACEYW96E3W7V-clothes,18,ring,clothes,human,human
01K4DSNB9V24J04377G2FCA2GV,01K4DV0RQ52XPHN54RBFR202Z6-clothes,bracelet,4104.0,01K0Q75YNTJYXJACEYW96E3W7V-clothes,19,ring,clothes,human,human
01K4DSNB9V24J04377G2FCA2GV,01K4DV0RQ52XPHN54RBFR202Z6-clothes,necklace,1760.0,01K0Q75YNTJYXJACEYW96E3W7V-clothes,20,ring,clothes,human,human
01K4DSNB9V24J04377G2FCA2GV,01K4DV0RQ52XPHN54RBFR202Z6-clothes,slipper,7841.0,01K0Q75YNTJYXJACEYW96E3W7V-clothes,21,ring,clothes,human,human
01K4DSNB9V24J04377G2FCA2GV,01K4DV0RQ52XPHN54RBFR202Z6-clothes,balaclava,11257.0,01K0Q75YNTJYXJACEYW96E3W7V-clothes,22,socks,clothes,human,human
01K4DSNB9V24J04377G2FCA2GV,01K4DV0RQ52XPHN54RBFR202Z6-clothes,turtleneck,6939.0,01K0Q75YNTJYXJACEYW96E3W7V-clothes,23,socks,clothes,human,human
01K4DSNB9V24J04377G2FCA2GV,01K4DV0RQ52XPHN54RBFR202Z6-clothes,waistcoat,4124.0,01K0Q75YNTJYXJACEYW96E3W7V-clothes,24,jumper,clothes,human,human
01K4DSNB9V24J04377G2FCA2GV,01K4DV0RQ52XPHN54RBFR202Z6-clothes,overall,4898.0,01K0Q75YNTJYXJACEYW96E3W7V-clothes,25,blazer,clothes,human,human
01K4DSNB9V24J04377G2FCA2GV,01K4DV0RQ52XPHN54RBFR202Z6-clothes,dungaree,3689.0,01K0Q75YNTJYXJACEYW96E3W7V-clothes,26,blazer,clothes,human,human
01K4DSNB9V24J04377G2FCA2GV,01K4DV0RQ52XPHN54RBFR202Z6-clothes,sandal,14050.0,01K0Q75YNTJYXJACEYW96E3W7V-clothes,27,tights,clothes,human,human
01K4DSNB9V24J04377G2FCA2GV,01K4DV0RQ52XPHN54RBFR202Z6-clothes,beanie,8576.0,01K0Q75YNTJYXJACEYW96E3W7V-clothes,28,boots,clothes,human,human
01K4DSNB9V24J04377G2FCA2GV,01K4DV0RQ52XPHN54RBFR202Z6-clothes,glove,6808.0,01K0Q75YNTJYXJACEYW96E3W7V-clothes,29,hat,clothes,human,human
01K4DSNB9V24J04377G2FCA2GV,01K4DV0RQ52XPHN54RBFR202Z6-clothes,dressing gown,5766.0,01K0Q75YNTJYXJACEYW96E3W7V-clothes,30,hat,clothes,human,human
01K4DSNB9V24J04377G2FCA2GV,01K4DV0RQ52XPHN54RBFR202Z6-clothes,tracksuit bottoms,4945.0,01K0Q75YNTJYXJACEYW96E3W7V-clothes,31,nightgown,clothes,human,human
01K4DSNB9V24J04377G2FCA2GV,01K4DV0RQ52XPHN54RBFR202Z6-clothes,stocking,6971.0,01K0Q75YNTJYXJACEYW96E3W7V-clothes,32,trainers,clothes,human,human
01K4DSNB9V24J04377G2FCA2GV,01K4DV0RQ52XPHN54RBFR202Z6-clothes,blouse,4799.0,01K0Q75YNTJYXJACEYW96E3W7V-clothes,33,trainers,clothes,human,human
01K4DSNB9V24J04377G2FCA2GV,01K4DV0RQ52XPHN54RBFR202Z6-clothes,boxers,19911.0,01K0Q75YNTJYXJACEYW96E3W7V-clothes,34,skirt,clothes,human,human
01KEYTFANB7Q63WTV667AMV0D2,01KEYTJT1EF8R5M0DMXMA742PC,tiger,7003.0,01JYPFBDND4WA9ST09T94P1SVQ-animals,1,,animals,human,human
01KEYTFANB7Q63WTV667AMV0D2,01KEYTJT1EF8R5M0DMXMA742PC,fox,794.0,01JYPFBDND4WA9ST09T94P1SVQ-animals,2,lion,animals,human,human
01KEYTFANB7Q63WTV667AMV0D2,01KEYTJT1EF8R5M0DMXMA742PC,lion,2499.0,01JYPFBDND4WA9ST09T94P1SVQ-animals,3,bear,animals,human,human
01KEYTFANB7Q63WTV667AMV0D2,01KEYTJT1EF8R5M0DMXMA742PC,elephant,3666.0,01JYPFBDND4WA9ST09T94P1SVQ-animals,4,bear,animals,human,human
01KEYTFANB7Q63WTV667AMV0D2,01KEYTJT1EF8R5M0DMXMA742PC,giraffe,3923.0,01JYPFBDND4WA9ST09T94P1SVQ-animals,5,shark,animals,human,human
01KEYTFANB7Q63WTV667AMV0D2,01KEYTJT1EF8R5M0DMXMA742PC,zebra,2737.0,01JYPFBDND4WA9ST09T94P1SVQ-animals,6,hippo,animals,human,human
01KEYTFANB7Q63WTV667AMV0D2,01KEYTJT1EF8R5M0DMXMA742PC,cheetah,3835.0,01JYPFBDND4WA9ST09T94P1SVQ-animals,7,hippo,animals,human,human
01KEYTFANB7Q63WTV667AMV0D2,01KEYTJT1EF8R5M0DMXMA742PC,leopard,2659.0,01JYPFBDND4WA9ST09T94P1SVQ-animals,8,parrot,animals,human,human
01KEYTFANB7Q63WTV667AMV0D2,01KEYTJT1EF8R5M0DMXMA742PC,rhino,2943.0,01JYPFBDND4WA9ST09T94P1SVQ-animals,9,panda,animals,human,human
01KEYTFANB7Q63WTV667AMV0D2,01KEYTJT1EF8R5M0DMXMA742PC,hippopotamus,2569.0,01JYPFBDND4WA9ST09T94P1SVQ-animals,10,snake,animals,human,human
01KEYTFANB7Q63WTV667AMV0D2,01KEYTJT1EF8R5M0DMXMA742PC,monkey,2880.0,01JYPFBDND4WA9ST09T94P1SVQ-animals,11,parrot,animals,human,human
01KEYTFANB7Q63WTV667AMV0D2,01KEYTJT1EF8R5M0DMXMA742PC,ape,1178.0,01JYPFBDND4WA9ST09T94P1SVQ-animals,12,ape,animals,human,human
01KEYTFANB7Q63WTV667AMV0D2,01KEYTJT1EF8R5M0DMXMA742PC,gorilla,3593.0,01JYPFBDND4WA9ST09T94P1SVQ-animals,13,snake,animals,human,human
01KEYTFANB7Q63WTV667AMV0D2,01KEYTJT1EF8R5M0DMXMA742PC,chimpanzee,3223.0,01JYPFBDND4WA9ST09T94P1SVQ-animals,14,parrot,animals,human,human
01KEYTFANB7Q63WTV667AMV0D2,01KEYTJT1EF8R5M0DMXMA742PC,baboon,6621.0,01JYPFBDND4WA9ST09T94P1SVQ-animals,15,parrot,animals,human,human
01KEYTFANB7Q63WTV667AMV0D2,01KEYTJT1EF8R5M0DMXMA742PC,orangutan,8786.0,01JYPFBDND4WA9ST09T94P1SVQ-animals,16,jaguar,animals,human,human
01KEYTFANB7Q63WTV667AMV0D2,01KEYTJT1EF8R5M0DMXMA742PC,sloth,3131.0,01JYPFBDND4WA9ST09T94P1SVQ-animals,17,parrot,animals,human,human
01KEYTFANB7Q63WTV667AMV0D2,01KEYTJT1EF8R5M0DMXMA742PC,koala,1898.0,01JYPFBDND4WA9ST09T94P1SVQ-animals,18,termite,animals,human,human
01KEYTFANB7Q63WTV667AMV0D2,01KEYTJT1EF8R5M0DMXMA742PC,kangaroo,3528.0,01JYPFBDND4WA9ST09T94P1SVQ-animals,19,panda,animals,human,human
01KEYTFANB7Q63WTV667AMV0D2,01KEYTJT1EF8R5M0DMXMA742PC,wolf,4006.0,01JYPFBDND4WA9ST09T94P1SVQ-animals,20,deer,animals,human,human
01KEYTFANB7Q63WTV667AMV0D2,01KEYTJT1EF8R5M0DMXMA742PC,raccoon,4162.0,01JYPFBDND4WA9ST09T94P1SVQ-animals,21,coyote,animals,human,human
01KEYTFANB7Q63WTV667AMV0D2,01KEYTJT1EF8R5M0DMXMA742PC,bear,2375.0,01JYPFBDND4WA9ST09T94P1SVQ-animals,22,oppossm,animals,human,human
01KEYTFANB7Q63WTV667AMV0D2,01KEYTJT1EF8R5M0DMXMA742PC,black bear,3625.0,01JYPFBDND4WA9ST09T94P1SVQ-animals,23,coyote,animals,human,human
01KEYTFANB7Q63WTV667AMV0D2,01KEYTJT1EF8R5M0DMXMA742PC,polar bear,3425.0,01JYPFBDND4WA9ST09T94P1SVQ-animals,24,brownbear,animals,human,human
01KEYTFANB7Q63WTV667AMV0D2,01KEYTJT1EF8R5M0DMXMA742PC,panda,2839.0,01JYPFBDND4WA9ST09T94P1SVQ-animals,25,pandabead,animals,human,human
01KEYTFANB7Q63WTV667AMV0D2,01KEYTJT1EF8R5M0DMXMA742PC,wallaby,5209.0,01JYPFBDND4WA9ST09T94P1SVQ-animals,26,brownbear,animals,human,human
01KEYTFANB7Q63WTV667AMV0D2,01KEYTJT1EF8R5M0DMXMA742PC,wombat,2482.0,01JYPFBDND4WA9ST09T94P1SVQ-animals,27,snake,animals,human,human
01KEYTFANB7Q63WTV667AMV0D2,01KEYTJT1EF8R5M0DMXMA742PC,anteater,4964.0,01JYPFBDND4WA9ST09T94P1SVQ-animals,28,bat,animals,human,human
01KEYTFANB7Q63WTV667AMV0D2,01KEYTJT1EF8R5M0DMXMA742PC,armadillo,3770.0,01JYPFBDND4WA9ST09T94P1SVQ-animals,29,ant,animals,human,human
01KEYTFANB7Q63WTV667AMV0D2,01KEYTJT1EF8R5M0DMXMA742PC,beaver,2229.0,01JYPFBDND4WA9ST09T94P1SVQ-animals,30,turtle,animals,human,human
01KEYTFANB7Q63WTV667AMV0D2,01KEYTJT1EF8R5M0DMXMA742PC,otter,6653.0,01JYPFBDND4WA9ST09T94P1SVQ-animals,31,turtle,animals,human,human
01KEYTFANB7Q63WTV667AMV0D2,01KEYTJT1EF8R5M0DMXMA742PC,hedgehog,3775.0,01JYPFBDND4WA9ST09T94P1SVQ-animals,32,turtle,animals,human,human
01KEYTFANB7Q63WTV667AMV0D2,01KEYTJT1EF8R5M0DMXMA742PC,badger,4036.0,01JYPFBDND4WA9ST09T94P1SVQ-animals,33,porkipine,animals,human,human
01KEYTFANB7Q63WTV667AMV0D2,01KEYTJT1EF8R5M0DMXMA742PC,skunk,3275.0,01JYPFBDND4WA9ST09T94P1SVQ-animals,34,coyote,animals,human,human
01KEYTFANB7Q63WTV667AMV0D2,01KEYTJT1EF8R5M0DMXMA742PC,deer,2145.0,01JYPFBDND4WA9ST09T94P1SVQ-animals,35,opposum,animals,human,human
01KEYTFANB7Q63WTV667AMV0D2,01KEYTJT1EF8R5M0DMXMA742PC,reindeer,2951.0,01JYPFBDND4WA9ST09T94P1SVQ-animals,36,antelope,animals,human,human
01KEYTFANB7Q63WTV667AMV0D2,01KEYTJT1EF8R5M0DMXMA742PC,bison,7531.0,01JYPFBDND4WA9ST09T94P1SVQ-animals,37,antelope,animals,human,human
01KEYTFANB7Q63WTV667AMV0D2,01KEYTJT1EF8R5M0DMXMA742PC,camel,1743.0,01JYPFBDND4WA9ST09T94P1SVQ-animals,38,buffalo,animals,human,human
01KEYTFANB7Q63WTV667AMV0D2,01KEYTJT1EF8R5M0DMXMA742PC,llama,2555.0,01JYPFBDND4WA9ST09T94P1SVQ-animals,39,horse,animals,human,human
01KEYTFANB7Q63WTV667AMV0D2,01KEYTJT1EF8R5M0DMXMA742PC,cow,3110.0,01JYPFBDND4WA9ST09T94P1SVQ-animals,40,horse,animals,human,human
01KEYTFANB7Q63WTV667AMV0D2,01KEYTJT1EF8R5M0DMXMA742PC,sheep,1572.0,01JYPFBDND4WA9ST09T94P1SVQ-animals,41,horse,animals,human,human
01KEYTFANB7Q63WTV667AMV0D2,01KEYTJT1EF8R5M0DMXMA742PC,chicken,2325.0,01JYPFBDND4WA9ST09T94P1SVQ-animals,42,dog,animals,human,human
01KEYTFANB7Q63WTV667AMV0D2,01KEYTJT1EF8R5M0DMXMA742PC,cat,1778.0,01JYPFBDND4WA9ST09T94P1SVQ-animals,43,pig,animals,human,human
01KEYTFANB7Q63WTV667AMV0D2,01KEYTJT1EF8R5M0DMXMA742PC,goat,3039.0,01JYPFBDND4WA9ST09T94P1SVQ-animals,44,dog,animals,human,human
01KEYTFANB7Q63WTV667AMV0D2,01KEYTJT1EF8R5M0DMXMA742PC,vole,4753.0,01JYPFBDND4WA9ST09T94P1SVQ-animals,45,dog,animals,human,human
01KEYTFANB7Q63WTV667AMV0D2,01KEYTJT1EF8R5M0DMXMA742PC,shrew,4044.0,01JYPFBDND4WA9ST09T94P1SVQ-animals,46,mole,animals,human,human
01KEYTFANB7Q63WTV667AMV0D2,01KEYTJT1EF8R5M0DMXMA742PC,donkey,2503.0,01JYPFBDND4WA9ST09T94P1SVQ-animals,47,mole,animals,human,human
01KEYTFANB7Q63WTV667AMV0D2,01KEYTJT1EF8R5M0DMXMA742PC,horse,1794.0,01JYPFBDND4WA9ST09T94P1SVQ-animals,48,mule,animals,human,human
01KEYTFANB7Q63WTV667AMV0D2,01KEYTJT1EF8R5M0DMXMA742PC,yak,7611.0,01JYPFBDND4WA9ST09T94P1SVQ-animals,49,mule,animals,human,human
01KEYTFAMX4RQZ4CV1PD0FRSJZ,01KEYV1QZ7Q48N67DP4TAB3KB8,egg,10029.0,01JYPFH3QFAJ1CB18WT76KN472-supermarket,1,,supermarket,human,human
01KEYTFAMX4RQZ4CV1PD0FRSJZ,01KEYV1QZ7Q48N67DP4TAB3KB8,bean,2214.0,01JYPFH3QFAJ1CB18WT76KN472-supermarket,2,milk,supermarket,human,human
01KEYTFAMX4RQZ4CV1PD0FRSJZ,01KEYV1QZ7Q48N67DP4TAB3KB8,sausage,3406.0,01JYPFH3QFAJ1CB18WT76KN472-supermarket,3,vegetable,supermarket,human,human
01KEYTFAMX4RQZ4CV1PD0FRSJZ,01KEYV1QZ7Q48N67DP4TAB3KB8,beefburger,2640.0,01JYPFH3QFAJ1CB18WT76KN472-supermarket,4,eggs,supermarket,human,human
01KEYTFAMX4RQZ4CV1PD0FRSJZ,01KEYV1QZ7Q48N67DP4TAB3KB8,pizza,1822.0,01JYPFH3QFAJ1CB18WT76KN472-supermarket,5,bun,supermarket,human,human
01KEYTFAMX4RQZ4CV1PD0FRSJZ,01KEYV1QZ7Q48N67DP4TAB3KB8,orange,1701.0,01JYPFH3QFAJ1CB18WT76KN472-supermarket,6,pasta,supermarket,human,human
01KEYTFAMX4RQZ4CV1PD0FRSJZ,01KEYV1QZ7Q48N67DP4TAB3KB8,pear,2065.0,01JYPFH3QFAJ1CB18WT76KN472-supermarket,7,celery,supermarket,human,human
01KEYTFAMX4RQZ4CV1PD0FRSJZ,01KEYV1QZ7Q48N67DP4TAB3KB8,apple,1976.0,01JYPFH3QFAJ1CB18WT76KN472-supermarket,8,apple,supermarket,human,human
01KEYTFAMX4RQZ4CV1PD0FRSJZ,01KEYV1QZ7Q48N67DP4TAB3KB8,radish,8637.0,01JYPFH3QFAJ1CB18WT76KN472-supermarket,9,grape,supermarket,human,human
01KEYTFAMX4RQZ4CV1PD0FRSJZ,01KEYV1QZ7Q48N67DP4TAB3KB8,pomegranate,6816.0,01JYPFH3QFAJ1CB18WT76KN472-supermarket,10,onion,supermarket,human,human
01KEYTFAMX4RQZ4CV1PD0FRSJZ,01KEYV1QZ7Q48N67DP4TAB3KB8,fish finger,5771.0,01JYPFH3QFAJ1CB18WT76KN472-supermarket,11,banana,supermarket,human,human
01KEYTFAMX4RQZ4CV1PD0FRSJZ,01KEYV1QZ7Q48N67DP4TAB3KB8,icing,3352.0,01JYPFH3QFAJ1CB18WT76KN472-supermarket,12,chickennuggeet,supermarket,human,human
01KEYTFAMX4RQZ4CV1PD0FRSJZ,01KEYV1QZ7Q48N67DP4TAB3KB8,cake,1194.0,01JYPFH3QFAJ1CB18WT76KN472-supermarket,13,cake,supermarket,human,human
01KEYTFAMX4RQZ4CV1PD0FRSJZ,01KEYV1QZ7Q48N67DP4TAB3KB8,bread,3443.0,01JYPFH3QFAJ1CB18WT76KN472-supermarket,14,strawberry,supermarket,human,human
01KEYTFAMX4RQZ4CV1PD0FRSJZ,01KEYV1QZ7Q48N67DP4TAB3KB8,pastry,2833.0,01JYPFH3QFAJ1CB18WT76KN472-supermarket,15,butter,supermarket,human,human
01KEYTFAMX4RQZ4CV1PD0FRSJZ,01KEYV1QZ7Q48N67DP4TAB3KB8,bacon,1808.0,01JYPFH3QFAJ1CB18WT76KN472-supermarket,16,donut,supermarket,human,human
01KEYTFAMX4RQZ4CV1PD0FRSJZ,01KEYV1QZ7Q48N67DP4TAB3KB8,lemon,3310.0,01JYPFH3QFAJ1CB18WT76KN472-supermarket,17,eggs,supermarket,human,human
01KEYTFAMX4RQZ4CV1PD0FRSJZ,01KEYV1QZ7Q48N67DP4TAB3KB8,lime,1606.0,01JYPFH3QFAJ1CB18WT76KN472-supermarket,18,strawberry,supermarket,human,human
01KEYTFAMX4RQZ4CV1PD0FRSJZ,01KEYV1QZ7Q48N67DP4TAB3KB8,pea,3724.0,01JYPFH3QFAJ1CB18WT76KN472-supermarket,19,kiwi,supermarket,human,human
01KEYTFAMX4RQZ4CV1PD0FRSJZ,01KEYV1QZ7Q48N67DP4TAB3KB8,chip,1635.0,01JYPFH3QFAJ1CB18WT76KN472-supermarket,20,stringbean,supermarket,human,human
01KEYTFAMX4RQZ4CV1PD0FRSJZ,01KEYV1QZ7Q48N67DP4TAB3KB8,kiwi,1505.0,01JYPFH3QFAJ1CB18WT76KN472-supermarket,21,salsa,supermarket,human,human
01KEYTFAMX4RQZ4CV1PD0FRSJZ,01KEYV1QZ7Q48N67DP4TAB3KB8,breakfast bar,6477.0,01JYPFH3QFAJ1CB18WT76KN472-supermarket,22,strawberry,supermarket,human,human
01KEYTFAMX4RQZ4CV1PD0FRSJZ,01KEYV1QZ7Q48N67DP4TAB3KB8,porridge,3922.0,01JYPFH3QFAJ1CB18WT76KN472-supermarket,23,muffin,supermarket,human,human
01KEYTFAMX4RQZ4CV1PD0FRSJZ,01KEYV1QZ7Q48N67DP4TAB3KB8,butter,1414.0,01JYPFH3QFAJ1CB18WT76KN472-supermarket,24,oatmeal,supermarket,human,human
01KEYTFAMX4RQZ4CV1PD0FRSJZ,01KEYV1QZ7Q48N67DP4TAB3KB8,yoghurt,2439.0,01JYPFH3QFAJ1CB18WT76KN472-supermarket,25,salt,supermarket,human,human
01KEYTFAMX4RQZ4CV1PD0FRSJZ,01KEYV1QZ7Q48N67DP4TAB3KB8,blueberry,4878.0,01JYPFH3QFAJ1CB18WT76KN472-supermarket,26,strawberry,supermarket,human,human
01KEYTFAMX4RQZ4CV1PD0FRSJZ,01KEYV1QZ7Q48N67DP4TAB3KB8,strawberry,2783.0,01JYPFH3QFAJ1CB18WT76KN472-supermarket,27,asberry,supermarket,human,human
01KEYTFAMX4RQZ4CV1PD0FRSJZ,01KEYV1QZ7Q48N67DP4TAB3KB8,nut,3465.0,01JYPFH3QFAJ1CB18WT76KN472-supermarket,28,rasberry,supermarket,human,human
01KEYTFAMX4RQZ4CV1PD0FRSJZ,01KEYV1QZ7Q48N67DP4TAB3KB8,bagel,2276.0,01JYPFH3QFAJ1CB18WT76KN472-supermarket,29,peecan,supermarket,human,human
01KEYTFAMX4RQZ4CV1PD0FRSJZ,01KEYV1QZ7Q48N67DP4TAB3KB8,french stick,6031.0,01JYPFH3QFAJ1CB18WT76KN472-supermarket,30,creamcheese,supermarket,human,human
01KEYTFAMX4RQZ4CV1PD0FRSJZ,01KEYV1QZ7Q48N67DP4TAB3KB8,marmite,8814.0,01JYPFH3QFAJ1CB18WT76KN472-supermarket,31,cheese,supermarket,human,human
01KEYTFAMX4RQZ4CV1PD0FRSJZ,01KEYV1QZ7Q48N67DP4TAB3KB8,ham,2552.0,01JYPFH3QFAJ1CB18WT76KN472-supermarket,32,cheese,supermarket,human,human
01KEYTFAMX4RQZ4CV1PD0FRSJZ,01KEYV1QZ7Q48N67DP4TAB3KB8,salami,4379.0,01JYPFH3QFAJ1CB18WT76KN472-supermarket,33,cheese,supermarket,human,human
01KEYTFAMX4RQZ4CV1PD0FRSJZ,01KEYV1QZ7Q48N67DP4TAB3KB8,potato,2907.0,01JYPFH3QFAJ1CB18WT76KN472-supermarket,34,pepperoni,supermarket,human,human
01KEYTFAMX4RQZ4CV1PD0FRSJZ,01KEYV1QZ7Q48N67DP4TAB3KB8,cucumber,2080.0,01JYPFH3QFAJ1CB18WT76KN472-supermarket,35,pancake,supermarket,human,human
01KEYTFAMX4RQZ4CV1PD0FRSJZ,01KEYV1QZ7Q48N67DP4TAB3KB8,tomato,1578.0,01JYPFH3QFAJ1CB18WT76KN472-supermarket,36,rasberry,supermarket,human,human
01KEYTFAMX4RQZ4CV1PD0FRSJZ,01KEYV1QZ7Q48N67DP4TAB3KB8,lettuce,2745.0,01JYPFH3QFAJ1CB18WT76KN472-supermarket,37,onion,supermarket,human,human
01KEYTFAMX4RQZ4CV1PD0FRSJZ,01KEYV1QZ7Q48N67DP4TAB3KB8,icing sugar,3959.0,01JYPFH3QFAJ1CB18WT76KN472-supermarket,38,spinach,supermarket,human,human
01KEYTFAMX4RQZ4CV1PD0FRSJZ,01KEYV1QZ7Q48N67DP4TAB3KB8,flour,1614.0,01JYPFH3QFAJ1CB18WT76KN472-supermarket,39,strawberry,supermarket,human,human
01KEYTFAMX4RQZ4CV1PD0FRSJZ,01KEYV1QZ7Q48N67DP4TAB3KB8,noodle,2258.0,01JYPFH3QFAJ1CB18WT76KN472-supermarket,40,milk,supermarket,human,human
01KEYTFAMX4RQZ4CV1PD0FRSJZ,01KEYV1QZ7Q48N67DP4TAB3KB8,rice,1226.0,01JYPFH3QFAJ1CB18WT76KN472-supermarket,41,tomatosauce,supermarket,human,human
01KEYTFAMX4RQZ4CV1PD0FRSJZ,01KEYV1QZ7Q48N67DP4TAB3KB8,pasta,1462.0,01JYPFH3QFAJ1CB18WT76KN472-supermarket,42,beans,supermarket,human,human
01KEYTFAMX4RQZ4CV1PD0FRSJZ,01KEYV1QZ7Q48N67DP4TAB3KB8,sauce,4157.0,01JYPFH3QFAJ1CB18WT76KN472-supermarket,43,saucee,supermarket,human,human
01KEYTFAMX4RQZ4CV1PD0FRSJZ,01KEYV1QZ7Q48N67DP4TAB3KB8,papadum,3001.0,01JYPFH3QFAJ1CB18WT76KN472-supermarket,44,banana,supermarket,human,human
01KEYTFAMX4RQZ4CV1PD0FRSJZ,01KEYV1QZ7Q48N67DP4TAB3KB8,ready-made curry,4816.0,01JYPFH3QFAJ1CB18WT76KN472-supermarket,45,soup,supermarket,human,human
01KEYTFAMX4RQZ4CV1PD0FRSJZ,01KEYV1QZ7Q48N67DP4TAB3KB8,naan bread,3716.0,01JYPFH3QFAJ1CB18WT76KN472-supermarket,46,beef,supermarket,human,human
01KEYTFAMX4RQZ4CV1PD0FRSJZ,01KEYV1QZ7Q48N67DP4TAB3KB8,soap,6207.0,01JYPFH3QFAJ1CB18WT76KN472-supermarket,47,chicken,supermarket,human,human
01KEYTFAMX4RQZ4CV1PD0FRSJZ,01KEYV1QZ7Q48N67DP4TAB3KB8,washing up liquid,3938.0,01JYPFH3QFAJ1CB18WT76KN472-supermarket,48,detergant,supermarket,human,human
01KEYTFAMX4RQZ4CV1PD0FRSJZ,01KEYV1QZ7Q48N67DP4TAB3KB8,peach,3700.0,01JYPFH3QFAJ1CB18WT76KN472-supermarket,49,washcloath,supermarket,human,human
01KEYTFAMX4RQZ4CV1PD0FRSJZ,01KEYV1QZ7Q48N67DP4TAB3KB8,onion,5968.0,01JYPFH3QFAJ1CB18WT76KN472-supermarket,50,banana,supermarket,human,human
,01K4DTW4FZ8ECHPXPNH0NAQX0C-supermarket,cornflake,5147.0,01K0Q7J4X3NCGGVSD3PXQQ8KHN-supermarket,1,,supermarket,human,human
01K4DSNBAS4NH9KEENVAM23QRY,01K4DTW4FZ8ECHPXPNH0NAQX0C-supermarket,bread,1687.0,01K0Q7J4X3NCGGVSD3PXQQ8KHN-supermarket,2,cereal,supermarket,human,human
01K4DSNBAS4NH9KEENVAM23QRY,01K4DTW4FZ8ECHPXPNH0NAQX0C-supermarket,toilet roll,3382.0,01K0Q7J4X3NCGGVSD3PXQQ8KHN-supermarket,3,sandwich,supermarket,human,human
01K4DSNBAS4NH9KEENVAM23QRY,01K4DTW4FZ8ECHPXPNH0NAQX0C-supermarket,milk,1353.0,01K0Q7J4X3NCGGVSD3PXQQ8KHN-supermarket,4,papertowel,supermarket,human,human
01K4DSNBAS4NH9KEENVAM23QRY,01K4DTW4FZ8ECHPXPNH0NAQX0C-supermarket,egg,1243.0,01K0Q7J4X3NCGGVSD3PXQQ8KHN-supermarket,5,yogurt,supermarket,human,human
01K4DSNBAS4NH9KEENVAM23QRY,01K4DTW4FZ8ECHPXPNH0NAQX0C-supermarket,baked bean,2851.0,01K0Q7J4X3NCGGVSD3PXQQ8KHN-supermarket,6,cheese,supermarket,human,human
01K4DSNBAS4NH9KEENVAM23QRY,01K4DTW4FZ8ECHPXPNH0NAQX0C-supermarket,yoghurt,3217.0,01K0Q7J4X3NCGGVSD3PXQQ8KHN-supermarket,7,crackers,supermarket,human,human
01K4DSNBAS4NH9KEENVAM23QRY,01K4DTW4FZ8ECHPXPNH0NAQX0C-supermarket,butter,1883.0,01K0Q7J4X3NCGGVSD3PXQQ8KHN-supermarket,8,banana,supermarket,human,human
01K4DSNBAS4NH9KEENVAM23QRY,01K4DTW4FZ8ECHPXPNH0NAQX0C-supermarket,cheese,2451.0,01K0Q7J4X3NCGGVSD3PXQQ8KHN-supermarket,9,cookingoil,supermarket,human,human
01K4DSNBAS4NH9KEENVAM23QRY,01K4DTW4FZ8ECHPXPNH0NAQX0C-supermarket,beef,2772.0,01K0Q7J4X3NCGGVSD3PXQQ8KHN-supermarket,10,onions,supermarket,human,human
01K4DSNBAS4NH9KEENVAM23QRY,01K4DTW4FZ8ECHPXPNH0NAQX0C-supermarket,chicken,1894.0,01K0Q7J4X3NCGGVSD3PXQQ8KHN-supermarket,11,chicken,supermarket,human,human
01K4DSNBAS4NH9KEENVAM23QRY,01K4DTW4FZ8ECHPXPNH0NAQX0C-supermarket,salmon,2408.0,01K0Q7J4X3NCGGVSD3PXQQ8KHN-supermarket,12,steak,supermarket,human,human
01K4DSNBAS4NH9KEENVAM23QRY,01K4DTW4FZ8ECHPXPNH0NAQX0C-supermarket,trout,1421.0,01K0Q7J4X3NCGGVSD3PXQQ8KHN-supermarket,13,shrimp,supermarket,human,human
01K4DSNBAS4NH9KEENVAM23QRY,01K4DTW4FZ8ECHPXPNH0NAQX0C-supermarket,kipper,1867.0,01K0Q7J4X3NCGGVSD3PXQQ8KHN-supermarket,14,shrimp,supermarket,human,human
01K4DSNBAS4NH9KEENVAM23QRY,01K4DTW4FZ8ECHPXPNH0NAQX0C-supermarket,mackerel,2306.0,01K0Q7J4X3NCGGVSD3PXQQ8KHN-supermarket,15,tuna,supermarket,human,human
01K4DSNBAS4NH9KEENVAM23QRY,01K4DTW4FZ8ECHPXPNH0NAQX0C-supermarket,biscuit,3960.0,01K0Q7J4X3NCGGVSD3PXQQ8KHN-supermarket,16,shrimp,supermarket,human,human
01K4DSNBAS4NH9KEENVAM23QRY,01K4DTW4FZ8ECHPXPNH0NAQX0C-supermarket,oat,1455.0,01K0Q7J4X3NCGGVSD3PXQQ8KHN-supermarket,17,bread,supermarket,human,human
01K4DSNBAS4NH9KEENVAM23QRY,01K4DTW4FZ8ECHPXPNH0NAQX0C-supermarket,flour,1495.0,01K0Q7J4X3NCGGVSD3PXQQ8KHN-supermarket,18,wheat,supermarket,human,human
01K4DSNBAS4NH9KEENVAM23QRY,01K4DTW4FZ8ECHPXPNH0NAQX0C-supermarket,celery,6889.0,01K0Q7J4X3NCGGVSD3PXQQ8KHN-supermarket,19,sugar,supermarket,human,human
01K4DSNBAS4NH9KEENVAM23QRY,01K4DTW4FZ8ECHPXPNH0NAQX0C-supermarket,cabbage,2483.0,01K0Q7J4X3NCGGVSD3PXQQ8KHN-supermarket,20,lettuce,supermarket,human,human
01K4DSNBAS4NH9KEENVAM23QRY,01K4DTW4FZ8ECHPXPNH0NAQX0C-supermarket,artichoke,4388.0,01K0Q7J4X3NCGGVSD3PXQQ8KHN-supermarket,21,lettuce,supermarket,human,human
01K4DSNBAS4NH9KEENVAM23QRY,01K4DTW4FZ8ECHPXPNH0NAQX0C-supermarket,banana,3099.0,01K0Q7J4X3NCGGVSD3PXQQ8KHN-supermarket,22,beets,supermarket,human,human
01K4DSNBAS4NH9KEENVAM23QRY,01K4DTW4FZ8ECHPXPNH0NAQX0C-supermarket,apple,1753.0,01K0Q7J4X3NCGGVSD3PXQQ8KHN-supermarket,23,apples,supermarket,human,human
01K4DSNBAS4NH9KEENVAM23QRY,01K4DTW4FZ8ECHPXPNH0NAQX0C-supermarket,cucumber,3209.0,01K0Q7J4X3NCGGVSD3PXQQ8KHN-supermarket,24,oranges,supermarket,human,human
01K4DSNBAS4NH9KEENVAM23QRY,01K4DTW4FZ8ECHPXPNH0NAQX0C-supermarket,tomato,4187.0,01K0Q7J4X3NCGGVSD3PXQQ8KHN-supermarket,25,lemons,supermarket,human,human
01K4DSNBAS4NH9KEENVAM23QRY,01K4DTW4FZ8ECHPXPNH0NAQX0C-supermarket,bean,3485.0,01K0Q7J4X3NCGGVSD3PXQQ8KHN-supermarket,26,onions,supermarket,human,human
01K4DSNBAS4NH9KEENVAM23QRY,01K4DTW4FZ8ECHPXPNH0NAQX0C-supermarket,grape,4644.0,01K0Q7J4X3NCGGVSD3PXQQ8KHN-supermarket,27,tortillas,supermarket,human,human
01K4DSNBAS4NH9KEENVAM23QRY,01K4DTW4FZ8ECHPXPNH0NAQX0C-supermarket,satsuma,2219.0,01K0Q7J4X3NCGGVSD3PXQQ8KHN-supermarket,28,strawberries,supermarket,human,human
01K4DSNBAS4NH9KEENVAM23QRY,01K4DTW4FZ8ECHPXPNH0NAQX0C-supermarket,orange,1633.0,01K0Q7J4X3NCGGVSD3PXQQ8KHN-supermarket,29,mango,supermarket,human,human
01K4DSNBAS4NH9KEENVAM23QRY,01K4DTW4FZ8ECHPXPNH0NAQX0C-supermarket,melon,1438.0,01K0Q7J4X3NCGGVSD3PXQQ8KHN-supermarket,30,apples,supermarket,human,human
01K4DSNBAS4NH9KEENVAM23QRY,01K4DTW4FZ8ECHPXPNH0NAQX0C-supermarket,lemon,1590.0,01K0Q7J4X3NCGGVSD3PXQQ8KHN-supermarket,31,grapefruit,supermarket,human,human
01K4DSNBAS4NH9KEENVAM23QRY,01K4DTW4FZ8ECHPXPNH0NAQX0C-supermarket,lime,2954.0,01K0Q7J4X3NCGGVSD3PXQQ8KHN-supermarket,32,lime,supermarket,human,human
01K4DSNBAS4NH9KEENVAM23QRY,01K4DTW4FZ8ECHPXPNH0NAQX0C-supermarket,fish finger,6187.0,01K0Q7J4X3NCGGVSD3PXQQ8KHN-supermarket,33,onions,supermarket,human,human
01K4DSNBAS4NH9KEENVAM23QRY,01K4DTW4FZ8ECHPXPNH0NAQX0C-supermarket,newspaper,2740.0,01K0Q7J4X3NCGGVSD3PXQQ8KHN-supermarket,34,chickenfingers,supermarket,human,human
01K4DSNBAS4NH9KEENVAM23QRY,01K4DTW4FZ8ECHPXPNH0NAQX0C-supermarket,tissue,2192.0,01K0Q7J4X3NCGGVSD3PXQQ8KHN-supermarket,35,magazines,supermarket,human,human
01K4DSNBAS4NH9KEENVAM23QRY,01K4DTW4FZ8ECHPXPNH0NAQX0C-supermarket,bleach,2459.0,01K0Q7J4X3NCGGVSD3PXQQ8KHN-supermarket,36,papertowels,supermarket,human,human
01K4DSNBAS4NH9KEENVAM23QRY,01K4DTW4FZ8ECHPXPNH0NAQX0C-supermarket,aspirin,8741.0,01K0Q7J4X3NCGGVSD3PXQQ8KHN-supermarket,37,dishsoap,supermarket,human,human
01K4DSNBAS4NH9KEENVAM23QRY,01K4DTW4FZ8ECHPXPNH0NAQX0C-supermarket,clementine,12766.0,01K0Q7J4X3NCGGVSD3PXQQ8KHN-supermarket,38,water,supermarket,human,human
01K4DSNBAS4NH9KEENVAM23QRY,01K4DTW4FZ8ECHPXPNH0NAQX0C-supermarket,courgette,11257.0,01K0Q7J4X3NCGGVSD3PXQQ8KHN-supermarket,39,tea,supermarket,human,human
01K4DSNBAS4NH9KEENVAM23QRY,01K4DTW4FZ8ECHPXPNH0NAQX0C-supermarket,chili,2504.0,01K0Q7J4X3NCGGVSD3PXQQ8KHN-supermarket,40,turmeric,supermarket,human,human
01K4DSNBAS4NH9KEENVAM23QRY,01K4DTW4FZ8ECHPXPNH0NAQX0C-supermarket,garlic,2106.0,01K0Q7J4X3NCGGVSD3PXQQ8KHN-supermarket,41,herbs,supermarket,human,human
01K4DSNBAS4NH9KEENVAM23QRY,01K4DTW4FZ8ECHPXPNH0NAQX0C-supermarket,coriander,3016.0,01K0Q7J4X3NCGGVSD3PXQQ8KHN-supermarket,42,pepper,supermarket,human,human
01K4DSNBAS4NH9KEENVAM23QRY,01K4DTW4FZ8ECHPXPNH0NAQX0C-supermarket,cumin,1856.0,01K0Q7J4X3NCGGVSD3PXQQ8KHN-supermarket,43,pepper,supermarket,human,human
01K4DSNBAS4NH9KEENVAM23QRY,01K4DTW4FZ8ECHPXPNH0NAQX0C-supermarket,salt,1137.0,01K0Q7J4X3NCGGVSD3PXQQ8KHN-supermarket,44,salt,supermarket,human,human
01K4DSNBAS4NH9KEENVAM23QRY,01K4DTW4FZ8ECHPXPNH0NAQX0C-supermarket,pepper,1609.0,01K0Q7J4X3NCGGVSD3PXQQ8KHN-supermarket,45,pepper,supermarket,human,human
01K4DSNBAS4NH9KEENVAM23QRY,01K4DTW4FZ8ECHPXPNH0NAQX0C-supermarket,bovril,6123.0,01K0Q7J4X3NCGGVSD3PXQQ8KHN-supermarket,46,rosemary,supermarket,human,human
01K4DSNBAS4NH9KEENVAM23QRY,01K4DTW4FZ8ECHPXPNH0NAQX0C-supermarket,marmite,2896.0,01K0Q7J4X3NCGGVSD3PXQQ8KHN-supermarket,47,herbs,supermarket,human,human
01K4DSNBAS4NH9KEENVAM23QRY,01K4DTW4FZ8ECHPXPNH0NAQX0C-supermarket,peanut butter,2644.0,01K0Q7J4X3NCGGVSD3PXQQ8KHN-supermarket,48,nutmeg,supermarket,human,human
01K4DSNBAS4NH9KEENVAM23QRY,01K4DTW4FZ8ECHPXPNH0NAQX0C-supermarket,bin bag,3058.0,01K0Q7J4X3NCGGVSD3PXQQ8KHN-supermarket,49,jelly,supermarket,human,human
01K4DSNBAS4NH9KEENVAM23QRY,01K4DTW4FZ8ECHPXPNH0NAQX0C-supermarket,washing up liquid,8721.0,01K0Q7J4X3NCGGVSD3PXQQ8KHN-supermarket,50,plasticbags,supermarket,human,human
01K4DSNBAS4NH9KEENVAM23QRY,01K4DTW4FZ8ECHPXPNH0NAQX0C-supermarket,sponge,4592.0,01K0Q7J4X3NCGGVSD3PXQQ8KHN-supermarket,51,dishsoap,supermarket,human,human
01K4DSNBAS4NH9KEENVAM23QRY,01K4DTW4FZ8ECHPXPNH0NAQX0C-supermarket,wipe,3170.0,01K0Q7J4X3NCGGVSD3PXQQ8KHN-supermarket,52,dishsoap,supermarket,human,human
01KFVAF1D90401JRGT39HJWSCB,01KFVBQF1TSEX0F3T15R93BCMM,shirt,10696.0,01JRZVQH4TCPW9YYQ8XC990GTH-clothes,1,,clothes,human,human
01KFVAF1D90401JRGT39HJWSCB,01KFVBQF1TSEX0F3T15R93BCMM,sweater,2673.0,01JRZVQH4TCPW9YYQ8XC990GTH-clothes,2,pants,clothes,human,human
01KFVAF1D90401JRGT39HJWSCB,01KFVBQF1TSEX0F3T15R93BCMM,t-shirt,3812.0,01JRZVQH4TCPW9YYQ8XC990GTH-clothes,3,camisole,clothes,human,human
01KFVAF1D90401JRGT39HJWSCB,01KFVBQF1TSEX0F3T15R93BCMM,tank top,2220.0,01JRZVQH4TCPW9YYQ8XC990GTH-clothes,4,turtleneck,clothes,human,human
01KFVAF1D90401JRGT39HJWSCB,01KFVBQF1TSEX0F3T15R93BCMM,hoodie,2229.0,01JRZVQH4TCPW9YYQ8XC990GTH-clothes,5,vneck,clothes,human,human
01KFVAF1D90401JRGT39HJWSCB,01KFVBQF1TSEX0F3T15R93BCMM,sweatshirt,6509.0,01JRZVQH4TCPW9YYQ8XC990GTH-clothes,6,jacket,clothes,human,human
01KFVAF1D90401JRGT39HJWSCB,01KFVBQF1TSEX0F3T15R93BCMM,jacket,3546.0,01JRZVQH4TCPW9YYQ8XC990GTH-clothes,7,jacket,clothes,human,human
01KFVAF1D90401JRGT39HJWSCB,01KFVBQF1TSEX0F3T15R93BCMM,blouse,7636.0,01JRZVQH4TCPW9YYQ8XC990GTH-clothes,8,parka,clothes,human,human
01KFVAF1D90401JRGT39HJWSCB,01KFVBQF1TSEX0F3T15R93BCMM,crop top,4579.0,01JRZVQH4TCPW9YYQ8XC990GTH-clothes,9,skirt,clothes,human,human
01KFVAF1D90401JRGT39HJWSCB,01KFVBQF1TSEX0F3T15R93BCMM,cardigan,4247.0,01JRZVQH4TCPW9YYQ8XC990GTH-clothes,10,camisole,clothes,human,human
01KFVAF1D90401JRGT39HJWSCB,01KFVBQF1TSEX0F3T15R93BCMM,cargo shorts,8245.0,01JRZVQH4TCPW9YYQ8XC990GTH-clothes,11,girdle,clothes,human,human
01KFVAF1D90401JRGT39HJWSCB,01KFVBQF1TSEX0F3T15R93BCMM,jeans,2136.0,01JRZVQH4TCPW9YYQ8XC990GTH-clothes,12,skirt,clothes,human,human
01KFVAF1D90401JRGT39HJWSCB,01KFVBQF1TSEX0F3T15R93BCMM,leggings,2051.0,01JRZVQH4TCPW9YYQ8XC990GTH-clothes,13,khaki,clothes,human,human
01KFVAF1D90401JRGT39HJWSCB,01KFVBQF1TSEX0F3T15R93BCMM,shorts,2949.0,01JRZVQH4TCPW9YYQ8XC990GTH-clothes,14,pantyhose,clothes,human,human
01KFVAF1D90401JRGT39HJWSCB,01KFVBQF1TSEX0F3T15R93BCMM,skirt,3300.0,01JRZVQH4TCPW9YYQ8XC990GTH-clothes,15,socks,clothes,human,human
01KFVAF1D90401JRGT39HJWSCB,01KFVBQF1TSEX0F3T15R93BCMM,overalls,5340.0,01JRZVQH4TCPW9YYQ8XC990GTH-clothes,16,miniskirt,clothes,human,human
01KFVAF1D90401JRGT39HJWSCB,01KFVBQF1TSEX0F3T15R93BCMM,tights,3820.0,01JRZVQH4TCPW9YYQ8XC990GTH-clothes,17,suspenders,clothes,human,human
01KFVAF1D90401JRGT39HJWSCB,01KFVBQF1TSEX0F3T15R93BCMM,joggers,5239.0,01JRZVQH4TCPW9YYQ8XC990GTH-clothes,18,kilt,clothes,human,human
01KFVAF1D90401JRGT39HJWSCB,01KFVBQF1TSEX0F3T15R93BCMM,dress,3343.0,01JRZVQH4TCPW9YYQ8XC990GTH-clothes,19,runner,clothes,human,human
01KFVAF1D90401JRGT39HJWSCB,01KFVBQF1TSEX0F3T15R93BCMM,suit,1606.0,01JRZVQH4TCPW9YYQ8XC990GTH-clothes,20,gown,clothes,human,human
01KFVAF1D90401JRGT39HJWSCB,01KFVBQF1TSEX0F3T15R93BCMM,sundress,2148.0,01JRZVQH4TCPW9YYQ8XC990GTH-clothes,21,tie,clothes,human,human
01KFVAF1D90401JRGT39HJWSCB,01KFVBQF1TSEX0F3T15R93BCMM,jumpsuit,6803.0,01JRZVQH4TCPW9YYQ8XC990GTH-clothes,22,gown,clothes,human,human
01KFVAF1D90401JRGT39HJWSCB,01KFVBQF1TSEX0F3T15R93BCMM,coat,3687.0,01JRZVQH4TCPW9YYQ8XC990GTH-clothes,23,adventure,clothes,human,human
01KFVAF1D90401JRGT39HJWSCB,01KFVBQF1TSEX0F3T15R93BCMM,raincoat,3328.0,01JRZVQH4TCPW9YYQ8XC990GTH-clothes,24,shawl,clothes,human,human
01KFVAF1D90401JRGT39HJWSCB,01KFVBQF1TSEX0F3T15R93BCMM,sock,5640.0,01JRZVQH4TCPW9YYQ8XC990GTH-clothes,25,parka,clothes,human,human
01KFVAF1D90401JRGT39HJWSCB,01KFVBQF1TSEX0F3T15R93BCMM,hat,3564.0,01JRZVQH4TCPW9YYQ8XC990GTH-clothes,26,shoe,clothes,human,human
01KFVAF1D90401JRGT39HJWSCB,01KFVBQF1TSEX0F3T15R93BCMM,scarf,2467.0,01JRZVQH4TCPW9YYQ8XC990GTH-clothes,27,cap,clothes,human,human
01KFVAF1D90401JRGT39HJWSCB,01KFVBQF1TSEX0F3T15R93BCMM,belt,1798.0,01JRZVQH4TCPW9YYQ8XC990GTH-clothes,28,mittens,clothes,human,human
01KFVAF1D90401JRGT39HJWSCB,01KFVBQF1TSEX0F3T15R93BCMM,glove,2004.0,01JRZVQH4TCPW9YYQ8XC990GTH-clothes,29,shoes,clothes,human,human
01KFVAF1D90401JRGT39HJWSCB,01KFVBQF1TSEX0F3T15R93BCMM,boxers,6886.0,01JRZVQH4TCPW9YYQ8XC990GTH-clothes,30,shoes,clothes,human,human
01KFVAF1D90401JRGT39HJWSCB,01KFVBQF1TSEX0F3T15R93BCMM,bra,3434.0,01JRZVQH4TCPW9YYQ8XC990GTH-clothes,31,brief,clothes,human,human
01KFVAF1D90401JRGT39HJWSCB,01KFVBQF1TSEX0F3T15R93BCMM,polo shirt,13426.0,01JRZVQH4TCPW9YYQ8XC990GTH-clothes,32,brief,clothes,human,human
01KFVAF1D90401JRGT39HJWSCB,01KFVBQF1TSEX0F3T15R93BCMM,parka,5113.0,01JRZVQH4TCPW9YYQ8XC990GTH-clothes,33,khaki,clothes,human,human
01KFVAF1D90401JRGT39HJWSCB,01KFVBQF1TSEX0F3T15R93BCMM,puffer jacket,3042.0,01JRZVQH4TCPW9YYQ8XC990GTH-clothes,34,snowsuit,clothes,human,human
01KFVAF1D90401JRGT39HJWSCB,01KFVBQF1TSEX0F3T15R93BCMM,kimono,9315.0,01JRZVQH4TCPW9YYQ8XC990GTH-clothes,35,trousers,clothes,human,human
01KFVAF1D90401JRGT39HJWSCB,01KFVBQF1TSEX0F3T15R93BCMM,tuxedo,5022.0,01JRZVQH4TCPW9YYQ8XC990GTH-clothes,36,china,clothes,human,human
01KFVAF1D90401JRGT39HJWSCB,01KFVBQF1TSEX0F3T15R93BCMM,nightgown,7552.0,01JRZVQH4TCPW9YYQ8XC990GTH-clothes,37,cumberbun,clothes,human,human
01KFVAF1D90401JRGT39HJWSCB,01KFVBQF1TSEX0F3T15R93BCMM,bathrobe,4099.0,01JRZVQH4TCPW9YYQ8XC990GTH-clothes,38,styupid,clothes,human,human
,01JVAFDWM8D7D8P7WNH2N86NB7-supermarket,milk,6553.0,01JRZTY3R5MMM6CR38YJXC2PZV-supermarket,1,,supermarket,human,human
01JVAEPB7D4A1KV9AMQ3EV2TZB,01JVAFDWM8D7D8P7WNH2N86NB7-supermarket,juice,1253.0,01JRZTY3R5MMM6CR38YJXC2PZV-supermarket,2,egg,supermarket,human,human
01JVAEPB7D4A1KV9AMQ3EV2TZB,01JVAFDWM8D7D8P7WNH2N86NB7-supermarket,beer,1058.0,01JRZTY3R5MMM6CR38YJXC2PZV-supermarket,3,soda,supermarket,human,human
01JVAEPB7D4A1KV9AMQ3EV2TZB,01JVAFDWM8D7D8P7WNH2N86NB7-supermarket,hard alcohol,7488.0,01JRZTY3R5MMM6CR38YJXC2PZV-supermarket,4,wine,supermarket,human,human
01JVAEPB7D4A1KV9AMQ3EV2TZB,01JVAFDWM8D7D8P7WNH2N86NB7-supermarket,wine,684.0,01JRZTY3R5MMM6CR38YJXC2PZV-supermarket,5,wine,supermarket,human,human
01JVAEPB7D4A1KV9AMQ3EV2TZB,01JVAFDWM8D7D8P7WNH2N86NB7-supermarket,bread,967.0,01JRZTY3R5MMM6CR38YJXC2PZV-supermarket,6,beer,supermarket,human,human
01JVAEPB7D4A1KV9AMQ3EV2TZB,01JVAFDWM8D7D8P7WNH2N86NB7-supermarket,egg,1403.0,01JRZTY3R5MMM6CR38YJXC2PZV-supermarket,7,cheese,supermarket,human,human
01JVAEPB7D4A1KV9AMQ3EV2TZB,01JVAFDWM8D7D8P7WNH2N86NB7-supermarket,coffee grounds,3076.0,01JRZTY3R5MMM6CR38YJXC2PZV-supermarket,8,cheese,supermarket,human,human
01JVAEPB7D4A1KV9AMQ3EV2TZB,01JVAFDWM8D7D8P7WNH2N86NB7-supermarket,garbage bag,4331.0,01JRZTY3R5MMM6CR38YJXC2PZV-supermarket,9,bacon,supermarket,human,human
01JVAEPB7D4A1KV9AMQ3EV2TZB,01JVAFDWM8D7D8P7WNH2N86NB7-supermarket,cheese,7339.0,01JRZTY3R5MMM6CR38YJXC2PZV-supermarket,10,bag,supermarket,human,human
01JVAEPB7D4A1KV9AMQ3EV2TZB,01JVAFDWM8D7D8P7WNH2N86NB7-supermarket,nugget,2514.0,01JRZTY3R5MMM6CR38YJXC2PZV-supermarket,11,bacon,supermarket,human,human
01JVAEPB7D4A1KV9AMQ3EV2TZB,01JVAFDWM8D7D8P7WNH2N86NB7-supermarket,beef,1273.0,01JRZTY3R5MMM6CR38YJXC2PZV-supermarket,12,chicken,supermarket,human,human
01JVAEPB7D4A1KV9AMQ3EV2TZB,01JVAFDWM8D7D8P7WNH2N86NB7-supermarket,pork,1432.0,01JRZTY3R5MMM6CR38YJXC2PZV-supermarket,13,fish,supermarket,human,human
01JVAEPB7D4A1KV9AMQ3EV2TZB,01JVAFDWM8D7D8P7WNH2N86NB7-supermarket,chicken,1385.0,01JRZTY3R5MMM6CR38YJXC2PZV-supermarket,14,fish,supermarket,human,human
01JVAEPB7D4A1KV9AMQ3EV2TZB,01JVAFDWM8D7D8P7WNH2N86NB7-supermarket,apple,1690.0,01JRZTY3R5MMM6CR38YJXC2PZV-supermarket,15,fish,supermarket,human,human
01JVAEPB7D4A1KV9AMQ3EV2TZB,01JVAFDWM8D7D8P7WNH2N86NB7-supermarket,lemon,1379.0,01JRZTY3R5MMM6CR38YJXC2PZV-supermarket,16,orange,supermarket,human,human
01JVAEPB7D4A1KV9AMQ3EV2TZB,01JVAFDWM8D7D8P7WNH2N86NB7-supermarket,lime,1652.0,01JRZTY3R5MMM6CR38YJXC2PZV-supermarket,17,orange,supermarket,human,human
01JVAEPB7D4A1KV9AMQ3EV2TZB,01JVAFDWM8D7D8P7WNH2N86NB7-supermarket,salad,942.0,01JRZTY3R5MMM6CR38YJXC2PZV-supermarket,18,orange,supermarket,human,human
01JVAEPB7D4A1KV9AMQ3EV2TZB,01JVAFDWM8D7D8P7WNH2N86NB7-supermarket,coleslaw,2273.0,01JRZTY3R5MMM6CR38YJXC2PZV-supermarket,19,onion,supermarket,human,human
01JVAEPB7D4A1KV9AMQ3EV2TZB,01JVAFDWM8D7D8P7WNH2N86NB7-supermarket,carrot,1176.0,01JRZTY3R5MMM6CR38YJXC2PZV-supermarket,20,bad,supermarket,human,human
01JVAEPB7D4A1KV9AMQ3EV2TZB,01JVAFDWM8D7D8P7WNH2N86NB7-supermarket,broccoli,3983.0,01JRZTY3R5MMM6CR38YJXC2PZV-supermarket,21,cabbage,supermarket,human,human
01JVAEPB7D4A1KV9AMQ3EV2TZB,01JVAFDWM8D7D8P7WNH2N86NB7-supermarket,orange,4793.0,01JRZTY3R5MMM6CR38YJXC2PZV-supermarket,22,cabbage,supermarket,human,human
01JVAEPB7D4A1KV9AMQ3EV2TZB,01JVAFDWM8D7D8P7WNH2N86NB7-supermarket,strawberry,4525.0,01JRZTY3R5MMM6CR38YJXC2PZV-supermarket,23,garpes,supermarket,human,human
01JVAEPB7D4A1KV9AMQ3EV2TZB,01JVAFDWM8D7D8P7WNH2N86NB7-supermarket,raspberry,2797.0,01JRZTY3R5MMM6CR38YJXC2PZV-supermarket,24,blueberry,supermarket,human,human
01JVAEPB7D4A1KV9AMQ3EV2TZB,01JVAFDWM8D7D8P7WNH2N86NB7-supermarket,chocolate,10774.0,01JRZTY3R5MMM6CR38YJXC2PZV-supermarket,25,blueberry,supermarket,human,human
01JVAEPB7D4A1KV9AMQ3EV2TZB,01JVAFDWM8D7D8P7WNH2N86NB7-supermarket,candy bar,3044.0,01JRZTY3R5MMM6CR38YJXC2PZV-supermarket,26,blueberry,supermarket,human,human
01JVAEPB7D4A1KV9AMQ3EV2TZB,01JVAFDWM8D7D8P7WNH2N86NB7-supermarket,sucker,1454.0,01JRZTY3R5MMM6CR38YJXC2PZV-supermarket,27,gummies,supermarket,human,human
01JVAEPB7D4A1KV9AMQ3EV2TZB,01JVAFDWM8D7D8P7WNH2N86NB7-supermarket,cola,1640.0,01JRZTY3R5MMM6CR38YJXC2PZV-supermarket,28,gummies,supermarket,human,human
01JVAEPB7D4A1KV9AMQ3EV2TZB,01JVAFDWM8D7D8P7WNH2N86NB7-supermarket,water,5372.0,01JRZTY3R5MMM6CR38YJXC2PZV-supermarket,29,pepsi,supermarket,human,human
01JVAEPB7D4A1KV9AMQ3EV2TZB,01JVAFDWM8D7D8P7WNH2N86NB7-supermarket,cigarette,6227.0,01JRZTY3R5MMM6CR38YJXC2PZV-supermarket,30,sparklingwater,supermarket,human,human
01JVAEPB7D4A1KV9AMQ3EV2TZB,01JVAFDWM8D7D8P7WNH2N86NB7-supermarket,bacon,11148.0,01JRZTY3R5MMM6CR38YJXC2PZV-supermarket,31,chips,supermarket,human,human
01JVAEPB7D4A1KV9AMQ3EV2TZB,01JVAFDWM8D7D8P7WNH2N86NB7-supermarket,sausage,2004.0,01JRZTY3R5MMM6CR38YJXC2PZV-supermarket,32,chip,supermarket,human,human
01JVAEPB7D4A1KV9AMQ3EV2TZB,01JVAFDWM8D7D8P7WNH2N86NB7-supermarket,lamb chop,3656.0,01JRZTY3R5MMM6CR38YJXC2PZV-supermarket,33,chip,supermarket,human,human
01JVAEPB7D4A1KV9AMQ3EV2TZB,01JVAFDWM8D7D8P7WNH2N86NB7-supermarket,pasta,1670.0,01JRZTY3R5MMM6CR38YJXC2PZV-supermarket,34,pork,supermarket,human,human
01JVAEPB7D4A1KV9AMQ3EV2TZB,01JVAFDWM8D7D8P7WNH2N86NB7-supermarket,spaghetti,3253.0,01JRZTY3R5MMM6CR38YJXC2PZV-supermarket,35,pork,supermarket,human,human
01JVAEPB7D4A1KV9AMQ3EV2TZB,01JVAFDWM8D7D8P7WNH2N86NB7-supermarket,lasagna,3002.0,01JRZTY3R5MMM6CR38YJXC2PZV-supermarket,36,pork,supermarket,human,human
01JVAEPB7D4A1KV9AMQ3EV2TZB,01JVAFDWM8D7D8P7WNH2N86NB7-supermarket,yogurt,7499.0,01JRZTY3R5MMM6CR38YJXC2PZV-supermarket,37,pork,supermarket,human,human
01JVAEPB7D4A1KV9AMQ3EV2TZB,01JVAFDWM8D7D8P7WNH2N86NB7-supermarket,ice cream,1635.0,01JRZTY3R5MMM6CR38YJXC2PZV-supermarket,38,ice-cream,supermarket,human,human
01JVAEPB7D4A1KV9AMQ3EV2TZB,01JVAFDWM8D7D8P7WNH2N86NB7-supermarket,parsley,6821.0,01JRZTY3R5MMM6CR38YJXC2PZV-supermarket,39,yogurt,supermarket,human,human
01JVAEPB7D4A1KV9AMQ3EV2TZB,01JVAFDWM8D7D8P7WNH2N86NB7-supermarket,garlic,1341.0,01JRZTY3R5MMM6CR38YJXC2PZV-supermarket,40,rosemary,supermarket,human,human
01JVAEPB7D4A1KV9AMQ3EV2TZB,01JVAFDWM8D7D8P7WNH2N86NB7-supermarket,onion,1768.0,01JRZTY3R5MMM6CR38YJXC2PZV-supermarket,41,rosemary,supermarket,human,human
01JVAEPB7D4A1KV9AMQ3EV2TZB,01JVAFDWM8D7D8P7WNH2N86NB7-supermarket,potato,1192.0,01JRZTY3R5MMM6CR38YJXC2PZV-supermarket,42,rosemary,supermarket,human,human
01JVAEPB7D4A1KV9AMQ3EV2TZB,01JVAFDWM8D7D8P7WNH2N86NB7-supermarket,mint,2806.0,01JRZTY3R5MMM6CR38YJXC2PZV-supermarket,43,rosemary,supermarket,human,human
01JVAEPB7D4A1KV9AMQ3EV2TZB,01JVAFDWM8D7D8P7WNH2N86NB7-supermarket,pepper,4036.0,01JRZTY3R5MMM6CR38YJXC2PZV-supermarket,44,cabbage,supermarket,human,human
01JVAEPB7D4A1KV9AMQ3EV2TZB,01JVAFDWM8D7D8P7WNH2N86NB7-supermarket,salt,1138.0,01JRZTY3R5MMM6CR38YJXC2PZV-supermarket,45,mushroom,supermarket,human,human
01JVAEPB7D4A1KV9AMQ3EV2TZB,01JVAFDWM8D7D8P7WNH2N86NB7-supermarket,paprika,1352.0,01JRZTY3R5MMM6CR38YJXC2PZV-supermarket,46,sugar,supermarket,human,human
01JVAEPB7D4A1KV9AMQ3EV2TZB,01JVAFDWM8D7D8P7WNH2N86NB7-supermarket,hot sauce,1265.0,01JRZTY3R5MMM6CR38YJXC2PZV-supermarket,47,sugar,supermarket,human,human
01JVAEPB7D4A1KV9AMQ3EV2TZB,01JVAFDWM8D7D8P7WNH2N86NB7-supermarket,sweet sauce,1542.0,01JRZTY3R5MMM6CR38YJXC2PZV-supermarket,48,sugar,supermarket,human,human
01JVAEPB7D4A1KV9AMQ3EV2TZB,01JVAFDWM8D7D8P7WNH2N86NB7-supermarket,cream,4271.0,01JRZTY3R5MMM6CR38YJXC2PZV-supermarket,49,bbqsauce,supermarket,human,human
01JVAEPB7D4A1KV9AMQ3EV2TZB,01JVAFDWM8D7D8P7WNH2N86NB7-supermarket,soup,1870.0,01JRZTY3R5MMM6CR38YJXC2PZV-supermarket,50,bbqsause,supermarket,human,human
01JVAEPB7D4A1KV9AMQ3EV2TZB,01JVAFDWM8D7D8P7WNH2N86NB7-supermarket,noodle,1293.0,01JRZTY3R5MMM6CR38YJXC2PZV-supermarket,51,soap,supermarket,human,human
01JVAEPB7D4A1KV9AMQ3EV2TZB,01JVAFDWM8D7D8P7WNH2N86NB7-supermarket,cajun seasoning,8814.0,01JRZTY3R5MMM6CR38YJXC2PZV-supermarket,52,chickenbroth,supermarket,human,human
01JVAEPB7D4A1KV9AMQ3EV2TZB,01JVAFDWM8D7D8P7WNH2N86NB7-supermarket,butter,5428.0,01JRZTY3R5MMM6CR38YJXC2PZV-supermarket,53,blackpepper,supermarket,human,human
01JVAEPB7D4A1KV9AMQ3EV2TZB,01JVAFDWM8D7D8P7WNH2N86NB7-supermarket,margarine,1343.0,01JRZTY3R5MMM6CR38YJXC2PZV-supermarket,54,sugar,supermarket,human,human
01JVAEPB7D4A1KV9AMQ3EV2TZB,01JVAFDWM8D7D8P7WNH2N86NB7-supermarket,shredded cheese,4411.0,01JRZTY3R5MMM6CR38YJXC2PZV-supermarket,55,sugar,supermarket,human,human
01KEYTFAMAEJSQ544F69J9DFJQ,01KEYYX527KK91GMAG10G0VSN4,dog,3314.0,01JYPFM623X2HV979H2Y3ZVGTW-animals,1,,animals,human,human
01KEYTFAMAEJSQ544F69J9DFJQ,01KEYYX527KK91GMAG10G0VSN4,cat,1109.0,01JYPFM623X2HV979H2Y3ZVGTW-animals,2,cat,animals,human,human
01KEYTFAMAEJSQ544F69J9DFJQ,01KEYYX527KK91GMAG10G0VSN4,bear,902.0,01JYPFM623X2HV979H2Y3ZVGTW-animals,3,leopard,animals,human,human
01KEYTFAMAEJSQ544F69J9DFJQ,01KEYYX527KK91GMAG10G0VSN4,giraffe,4265.0,01JYPFM623X2HV979H2Y3ZVGTW-animals,4,beaver,animals,human,human
01KEYTFAMAEJSQ544F69J9DFJQ,01KEYYX527KK91GMAG10G0VSN4,meerkat,1383.0,01JYPFM623X2HV979H2Y3ZVGTW-animals,5,elephant,animals,human,human
01KEYTFAMAEJSQ544F69J9DFJQ,01KEYYX527KK91GMAG10G0VSN4,panda,2833.0,01JYPFM623X2HV979H2Y3ZVGTW-animals,6,mouse,animals,human,human
01KEYTFAMAEJSQ544F69J9DFJQ,01KEYYX527KK91GMAG10G0VSN4,monkey,2329.0,01JYPFM623X2HV979H2Y3ZVGTW-animals,7,elephant,animals,human,human
01KEYTFAMAEJSQ544F69J9DFJQ,01KEYYX527KK91GMAG10G0VSN4,gorilla,2117.0,01JYPFM623X2HV979H2Y3ZVGTW-animals,8,squirrel,animals,human,human
01KEYTFAMAEJSQ544F69J9DFJQ,01KEYYX527KK91GMAG10G0VSN4,hamster,1744.0,01JYPFM623X2HV979H2Y3ZVGTW-animals,9,ape,animals,human,human
01KEYTFAMAEJSQ544F69J9DFJQ,01KEYYX527KK91GMAG10G0VSN4,gerbil,3880.0,01JYPFM623X2HV979H2Y3ZVGTW-animals,10,mouse,animals,human,human
01KEYTFAMAEJSQ544F69J9DFJQ,01KEYYX527KK91GMAG10G0VSN4,snake,1016.0,01JYPFM623X2HV979H2Y3ZVGTW-animals,11,mouse,animals,human,human
01KEYTFAMAEJSQ544F69J9DFJQ,01KEYYX527KK91GMAG10G0VSN4,spider,1954.0,01JYPFM623X2HV979H2Y3ZVGTW-animals,12,lizard,animals,human,human
01KEYTFAMAEJSQ544F69J9DFJQ,01KEYYX527KK91GMAG10G0VSN4,caterpillar,4138.0,01JYPFM623X2HV979H2Y3ZVGTW-animals,13,lizard,animals,human,human
01KEYTFAMAEJSQ544F69J9DFJQ,01KEYYX527KK91GMAG10G0VSN4,ant,867.0,01JYPFM623X2HV979H2Y3ZVGTW-animals,14,beetle,animals,human,human
01KEYTFAMAEJSQ544F69J9DFJQ,01KEYYX527KK91GMAG10G0VSN4,eagle,4817.0,01JYPFM623X2HV979H2Y3ZVGTW-animals,15,beetle,animals,human,human
01KEYTFAMAEJSQ544F69J9DFJQ,01KEYYX527KK91GMAG10G0VSN4,seagull,2518.0,01JYPFM623X2HV979H2Y3ZVGTW-animals,16,bird,animals,human,human
01KEYTFAMAEJSQ544F69J9DFJQ,01KEYYX527KK91GMAG10G0VSN4,pigeon,1694.0,01JYPFM623X2HV979H2Y3ZVGTW-animals,17,sparrow,animals,human,human
01KEYTFAMAEJSQ544F69J9DFJQ,01KEYYX527KK91GMAG10G0VSN4,whale,2241.0,01JYPFM623X2HV979H2Y3ZVGTW-animals,18,sparrow,animals,human,human
01KEYTFAMAEJSQ544F69J9DFJQ,01KEYYX527KK91GMAG10G0VSN4,dolphin,2851.0,01JYPFM623X2HV979H2Y3ZVGTW-animals,19,fish,animals,human,human
01KEYTFAMAEJSQ544F69J9DFJQ,01KEYYX527KK91GMAG10G0VSN4,trout,1981.0,01JYPFM623X2HV979H2Y3ZVGTW-animals,20,shark,animals,human,human
01KEYTFAMAEJSQ544F69J9DFJQ,01KEYYX527KK91GMAG10G0VSN4,catfish,2677.0,01JYPFM623X2HV979H2Y3ZVGTW-animals,21,salmon,animals,human,human
01KEYTFAMAEJSQ544F69J9DFJQ,01KEYYX527KK91GMAG10G0VSN4,chicken,7970.0,01JYPFM623X2HV979H2Y3ZVGTW-animals,22,salmon,animals,human,human
01KEYTFAMAEJSQ544F69J9DFJQ,01KEYYX527KK91GMAG10G0VSN4,cow,731.0,01JYPFM623X2HV979H2Y3ZVGTW-animals,23,pig,animals,human,human
01KEYTFAMAEJSQ544F69J9DFJQ,01KEYYX527KK91GMAG10G0VSN4,pig,2179.0,01JYPFM623X2HV979H2Y3ZVGTW-animals,24,pig,animals,human,human
01KEYTFAMAEJSQ544F69J9DFJQ,01KEYYX527KK91GMAG10G0VSN4,elephant,2452.0,01JYPFM623X2HV979H2Y3ZVGTW-animals,25,horse,animals,human,human
01KEYTFAMAEJSQ544F69J9DFJQ,01KEYYX527KK91GMAG10G0VSN4,tiger,3255.0,01JYPFM623X2HV979H2Y3ZVGTW-animals,26,rhino,animals,human,human
01KEYTFAMAEJSQ544F69J9DFJQ,01KEYYX527KK91GMAG10G0VSN4,lion,1273.0,01JYPFM623X2HV979H2Y3ZVGTW-animals,27,lion,animals,human,human
01KEYTFAMAEJSQ544F69J9DFJQ,01KEYYX527KK91GMAG10G0VSN4,mouse,1432.0,01JYPFM623X2HV979H2Y3ZVGTW-animals,28,leopard,animals,human,human
01KEYTFAMAEJSQ544F69J9DFJQ,01KEYYX527KK91GMAG10G0VSN4,rat,1092.0,01JYPFM623X2HV979H2Y3ZVGTW-animals,29,rat,animals,human,human
01KEYTFAMAEJSQ544F69J9DFJQ,01KEYYX527KK91GMAG10G0VSN4,fox,6446.0,01JYPFM623X2HV979H2Y3ZVGTW-animals,30,bird,animals,human,human
01KEYTFAMAEJSQ544F69J9DFJQ,01KEYYX527KK91GMAG10G0VSN4,polar bear,5176.0,01JYPFM623X2HV979H2Y3ZVGTW-animals,31,hound,animals,human,human
01KEYTFAMAEJSQ544F69J9DFJQ,01KEYYX527KK91GMAG10G0VSN4,kangaroo,4910.0,01JYPFM623X2HV979H2Y3ZVGTW-animals,32,penguin,animals,human,human
01KEYTFAMAEJSQ544F69J9DFJQ,01KEYYX527KK91GMAG10G0VSN4,butterfly,7556.0,01JYPFM623X2HV979H2Y3ZVGTW-animals,33,aardvark,animals,human,human
01KEYTFAMAEJSQ544F69J9DFJQ,01KEYYX527KK91GMAG10G0VSN4,fly,1841.0,01JYPFM623X2HV979H2Y3ZVGTW-animals,34,slug,animals,human,human
01KEYTFAMAEJSQ544F69J9DFJQ,01KEYYX527KK91GMAG10G0VSN4,bee,6180.0,01JYPFM623X2HV979H2Y3ZVGTW-animals,35,slug,animals,human,human
01KEYTFAMAEJSQ544F69J9DFJQ,01KEYYX527KK91GMAG10G0VSN4,hornet,1758.0,01JYPFM623X2HV979H2Y3ZVGTW-animals,36,wasp,animals,human,human
01KEYTFAMAEJSQ544F69J9DFJQ,01KEYYX527KK91GMAG10G0VSN4,wasp,2065.0,01JYPFM623X2HV979H2Y3ZVGTW-animals,37,wasp,animals,human,human
01KEYTFAMAEJSQ544F69J9DFJQ,01KEYYX527KK91GMAG10G0VSN4,woodlouse,6289.0,01JYPFM623X2HV979H2Y3ZVGTW-animals,38,beetle,animals,human,human
01KEYTFAMAEJSQ544F69J9DFJQ,01KEYYX527KK91GMAG10G0VSN4,mole rat,7425.0,01JYPFM623X2HV979H2Y3ZVGTW-animals,39,beetle,animals,human,human
01KEYTFAMAEJSQ544F69J9DFJQ,01KEYYX527KK91GMAG10G0VSN4,anteater,1556.0,01JYPFM623X2HV979H2Y3ZVGTW-animals,40,tortoise,animals,human,human
01KEYTFAMAEJSQ544F69J9DFJQ,01KEYYX527KK91GMAG10G0VSN4,dragonfly,7378.0,01JYPFM623X2HV979H2Y3ZVGTW-animals,41,aardvark,animals,human,human
01KEYTFAMAEJSQ544F69J9DFJQ,01KEYYX527KK91GMAG10G0VSN4,swan,2617.0,01JYPFM623X2HV979H2Y3ZVGTW-animals,42,beetle,animals,human,human
01KEYTFAMAEJSQ544F69J9DFJQ,01KEYYX527KK91GMAG10G0VSN4,duck,1023.0,01JYPFM623X2HV979H2Y3ZVGTW-animals,43,vulture,animals,human,human
01KEYTFAMAEJSQ544F69J9DFJQ,01KEYYX527KK91GMAG10G0VSN4,moose,8463.0,01JYPFM623X2HV979H2Y3ZVGTW-animals,44,hen,animals,human,human
01KEYTFAMAEJSQ544F69J9DFJQ,01KEYYX527KK91GMAG10G0VSN4,deer,1691.0,01JYPFM623X2HV979H2Y3ZVGTW-animals,45,deer,animals,human,human
01KEYTFAMAEJSQ544F69J9DFJQ,01KEYYX527KK91GMAG10G0VSN4,bison,5242.0,01JYPFM623X2HV979H2Y3ZVGTW-animals,46,stag,animals,human,human
01KEYTFAMAEJSQ544F69J9DFJQ,01KEYYX527KK91GMAG10G0VSN4,bull,2728.0,01JYPFM623X2HV979H2Y3ZVGTW-animals,47,ox,animals,human,human
01KEYTFAMAEJSQ544F69J9DFJQ,01KEYYX527KK91GMAG10G0VSN4,goose,3339.0,01JYPFM623X2HV979H2Y3ZVGTW-animals,48,ox,animals,human,human
01KEYTFAMAEJSQ544F69J9DFJQ,01KEYYX527KK91GMAG10G0VSN4,bandicoot,4048.0,01JYPFM623X2HV979H2Y3ZVGTW-animals,49,pheasant,animals,human,human
01KEYTFAMAEJSQ544F69J9DFJQ,01KEYYX527KK91GMAG10G0VSN4,flamingo,14254.0,01JYPFM623X2HV979H2Y3ZVGTW-animals,50,rabbit,animals,human,human
01KEYTFAMAEJSQ544F69J9DFJQ,01KEYYX527KK91GMAG10G0VSN4,ape,4702.0,01JYPFM623X2HV979H2Y3ZVGTW-animals,51,vulture,animals,human,human
,01JVAFPEBGFJMJP458NRCRJV3E-supermarket,chicken breast,5562.0,01JRZV6NY3FP07MPKF3JPHW3P2-supermarket,1,,supermarket,human,human
01JVAEPB74FZQ3CXJ0ZAH3QJ2G,01JVAFPEBGFJMJP458NRCRJV3E-supermarket,turkey,2769.0,01JRZV6NY3FP07MPKF3JPHW3P2-supermarket,2,chickenthighs,supermarket,human,human
01JVAEPB74FZQ3CXJ0ZAH3QJ2G,01JVAFPEBGFJMJP458NRCRJV3E-supermarket,packet chicken,1617.0,01JRZV6NY3FP07MPKF3JPHW3P2-supermarket,3,chicken,supermarket,human,human
01JVAEPB74FZQ3CXJ0ZAH3QJ2G,01JVAFPEBGFJMJP458NRCRJV3E-supermarket,packet turkey,1752.0,01JRZV6NY3FP07MPKF3JPHW3P2-supermarket,4,bakedchicken,supermarket,human,human
01JVAEPB74FZQ3CXJ0ZAH3QJ2G,01JVAFPEBGFJMJP458NRCRJV3E-supermarket,packet ham,1095.0,01JRZV6NY3FP07MPKF3JPHW3P2-supermarket,5,turkey,supermarket,human,human
01JVAEPB74FZQ3CXJ0ZAH3QJ2G,01JVAFPEBGFJMJP458NRCRJV3E-supermarket,ham joint,2017.0,01JRZV6NY3FP07MPKF3JPHW3P2-supermarket,6,packetbologna,supermarket,human,human
01JVAEPB74FZQ3CXJ0ZAH3QJ2G,01JVAFPEBGFJMJP458NRCRJV3E-supermarket,banana,1169.0,01JRZV6NY3FP07MPKF3JPHW3P2-supermarket,7,chickenjoint,supermarket,human,human
01JVAEPB74FZQ3CXJ0ZAH3QJ2G,01JVAFPEBGFJMJP458NRCRJV3E-supermarket,apple,1059.0,01JRZV6NY3FP07MPKF3JPHW3P2-supermarket,8,fruit,supermarket,human,human
01JVAEPB74FZQ3CXJ0ZAH3QJ2G,01JVAFPEBGFJMJP458NRCRJV3E-supermarket,grape,787.0,01JRZV6NY3FP07MPKF3JPHW3P2-supermarket,9,oranges,supermarket,human,human
01JVAEPB74FZQ3CXJ0ZAH3QJ2G,01JVAFPEBGFJMJP458NRCRJV3E-supermarket,tomato,2203.0,01JRZV6NY3FP07MPKF3JPHW3P2-supermarket,10,fruits,supermarket,human,human
01JVAEPB74FZQ3CXJ0ZAH3QJ2G,01JVAFPEBGFJMJP458NRCRJV3E-supermarket,carrot,1512.0,01JRZV6NY3FP07MPKF3JPHW3P2-supermarket,11,vegetables,supermarket,human,human
01JVAEPB74FZQ3CXJ0ZAH3QJ2G,01JVAFPEBGFJMJP458NRCRJV3E-supermarket,rice,6892.0,01JRZV6NY3FP07MPKF3JPHW3P2-supermarket,12,beans,supermarket,human,human
01JVAEPB74FZQ3CXJ0ZAH3QJ2G,01JVAFPEBGFJMJP458NRCRJV3E-supermarket,potato,2044.0,01JRZV6NY3FP07MPKF3JPHW3P2-supermarket,13,crepes,supermarket,human,human
01JVAEPB74FZQ3CXJ0ZAH3QJ2G,01JVAFPEBGFJMJP458NRCRJV3E-supermarket,baby potato,3059.0,01JRZV6NY3FP07MPKF3JPHW3P2-supermarket,14,grains,supermarket,human,human
01JVAEPB74FZQ3CXJ0ZAH3QJ2G,01JVAFPEBGFJMJP458NRCRJV3E-supermarket,energy drink,4158.0,01JRZV6NY3FP07MPKF3JPHW3P2-supermarket,15,redpotatoes,supermarket,human,human
01JVAEPB74FZQ3CXJ0ZAH3QJ2G,01JVAFPEBGFJMJP458NRCRJV3E-supermarket,pepsi diet,4695.0,01JRZV6NY3FP07MPKF3JPHW3P2-supermarket,16,gatorade,supermarket,human,human
01JVAEPB74FZQ3CXJ0ZAH3QJ2G,01JVAFPEBGFJMJP458NRCRJV3E-supermarket,standard pepsi,4553.0,01JRZV6NY3FP07MPKF3JPHW3P2-supermarket,17,coke,supermarket,human,human
01JVAEPB74FZQ3CXJ0ZAH3QJ2G,01JVAFPEBGFJMJP458NRCRJV3E-supermarket,wine,876.0,01JRZV6NY3FP07MPKF3JPHW3P2-supermarket,18,cokezero,supermarket,human,human
01JVAEPB74FZQ3CXJ0ZAH3QJ2G,01JVAFPEBGFJMJP458NRCRJV3E-supermarket,beer,875.0,01JRZV6NY3FP07MPKF3JPHW3P2-supermarket,19,redwine,supermarket,human,human
01JVAEPB74FZQ3CXJ0ZAH3QJ2G,01JVAFPEBGFJMJP458NRCRJV3E-supermarket,spirit,1833.0,01JRZV6NY3FP07MPKF3JPHW3P2-supermarket,20,lightbeer,supermarket,human,human
01JVAEPB74FZQ3CXJ0ZAH3QJ2G,01JVAFPEBGFJMJP458NRCRJV3E-supermarket,pepper,5227.0,01JRZV6NY3FP07MPKF3JPHW3P2-supermarket,21,whitewine,supermarket,human,human
01JVAEPB74FZQ3CXJ0ZAH3QJ2G,01JVAFPEBGFJMJP458NRCRJV3E-supermarket,porridge,2501.0,01JRZV6NY3FP07MPKF3JPHW3P2-supermarket,22,redpepper,supermarket,human,human
01JVAEPB74FZQ3CXJ0ZAH3QJ2G,01JVAFPEBGFJMJP458NRCRJV3E-supermarket,spinach,2568.0,01JRZV6NY3FP07MPKF3JPHW3P2-supermarket,23,greenpepper,supermarket,human,human
01JVAEPB74FZQ3CXJ0ZAH3QJ2G,01JVAFPEBGFJMJP458NRCRJV3E-supermarket,egg,1809.0,01JRZV6NY3FP07MPKF3JPHW3P2-supermarket,24,pineapple,supermarket,human,human
01JVAEPB74FZQ3CXJ0ZAH3QJ2G,01JVAFPEBGFJMJP458NRCRJV3E-supermarket,bread,2177.0,01JRZV6NY3FP07MPKF3JPHW3P2-supermarket,25,tofu,supermarket,human,human
01JVAEPB74FZQ3CXJ0ZAH3QJ2G,01JVAFPEBGFJMJP458NRCRJV3E-supermarket,cabbage,4570.0,01JRZV6NY3FP07MPKF3JPHW3P2-supermarket,26,breads,supermarket,human,human
01JVAEPB74FZQ3CXJ0ZAH3QJ2G,01JVAFPEBGFJMJP458NRCRJV3E-supermarket,beef,2527.0,01JRZV6NY3FP07MPKF3JPHW3P2-supermarket,27,corn,supermarket,human,human
01JVAEPB74FZQ3CXJ0ZAH3QJ2G,01JVAFPEBGFJMJP458NRCRJV3E-supermarket,yoghurt,2549.0,01JRZV6NY3FP07MPKF3JPHW3P2-supermarket,28,turkey,supermarket,human,human
01JVAEPB74FZQ3CXJ0ZAH3QJ2G,01JVAFPEBGFJMJP458NRCRJV3E-supermarket,greek yoghurt,2162.0,01JRZV6NY3FP07MPKF3JPHW3P2-supermarket,29,breads,supermarket,human,human
01JVAEPB74FZQ3CXJ0ZAH3QJ2G,01JVAFPEBGFJMJP458NRCRJV3E-supermarket,dessert,2756.0,01JRZV6NY3FP07MPKF3JPHW3P2-supermarket,30,simpleyoghurt,supermarket,human,human
01JVAEPB74FZQ3CXJ0ZAH3QJ2G,01JVAFPEBGFJMJP458NRCRJV3E-supermarket,pizza,1031.0,01JRZV6NY3FP07MPKF3JPHW3P2-supermarket,31,cheesecake,supermarket,human,human
01JVAEPB74FZQ3CXJ0ZAH3QJ2G,01JVAFPEBGFJMJP458NRCRJV3E-supermarket,noodle,1479.0,01JRZV6NY3FP07MPKF3JPHW3P2-supermarket,32,cake,supermarket,human,human
01JVAEPB74FZQ3CXJ0ZAH3QJ2G,01JVAFPEBGFJMJP458NRCRJV3E-supermarket,flapjack,1667.0,01JRZV6NY3FP07MPKF3JPHW3P2-supermarket,33,spaghetti,supermarket,human,human
01JVAEPB74FZQ3CXJ0ZAH3QJ2G,01JVAFPEBGFJMJP458NRCRJV3E-supermarket,donut,1307.0,01JRZV6NY3FP07MPKF3JPHW3P2-supermarket,34,pancakes,supermarket,human,human
01JVAEPB74FZQ3CXJ0ZAH3QJ2G,01JVAFPEBGFJMJP458NRCRJV3E-supermarket,chewing gum,4208.0,01JRZV6NY3FP07MPKF3JPHW3P2-supermarket,35,waffles,supermarket,human,human
01JVAEPB74FZQ3CXJ0ZAH3QJ2G,01JVAFPEBGFJMJP458NRCRJV3E-supermarket,chocolate bar,4727.0,01JRZV6NY3FP07MPKF3JPHW3P2-supermarket,36,donuts,supermarket,human,human
01JVAEPB74FZQ3CXJ0ZAH3QJ2G,01JVAFPEBGFJMJP458NRCRJV3E-supermarket,cake,1056.0,01JRZV6NY3FP07MPKF3JPHW3P2-supermarket,37,mints,supermarket,human,human
01JVAEPB74FZQ3CXJ0ZAH3QJ2G,01JVAFPEBGFJMJP458NRCRJV3E-supermarket,french stick,3320.0,01JRZV6NY3FP07MPKF3JPHW3P2-supermarket,38,icecream,supermarket,human,human
01JVAEPB74FZQ3CXJ0ZAH3QJ2G,01JVAFPEBGFJMJP458NRCRJV3E-supermarket,sourdough bread,3340.0,01JRZV6NY3FP07MPKF3JPHW3P2-supermarket,39,toast,supermarket,human,human
01JVAEPB74FZQ3CXJ0ZAH3QJ2G,01JVAFPEBGFJMJP458NRCRJV3E-supermarket,halloumi cheese,8423.0,01JRZV6NY3FP07MPKF3JPHW3P2-supermarket,40,salad,supermarket,human,human
01JVAEPB74FZQ3CXJ0ZAH3QJ2G,01JVAFPEBGFJMJP458NRCRJV3E-supermarket,mozzarella cheese,1750.0,01JRZV6NY3FP07MPKF3JPHW3P2-supermarket,41,cheddarcheese,supermarket,human,human
01JVAEPB74FZQ3CXJ0ZAH3QJ2G,01JVAFPEBGFJMJP458NRCRJV3E-supermarket,cheddar cheese,2073.0,01JRZV6NY3FP07MPKF3JPHW3P2-supermarket,42,dressing,supermarket,human,human
01JVAEPB74FZQ3CXJ0ZAH3QJ2G,01JVAFPEBGFJMJP458NRCRJV3E-supermarket,protein pudding,4352.0,01JRZV6NY3FP07MPKF3JPHW3P2-supermarket,43,beans,supermarket,human,human
01JVAEPB74FZQ3CXJ0ZAH3QJ2G,01JVAFPEBGFJMJP458NRCRJV3E-supermarket,milk,1790.0,01JRZV6NY3FP07MPKF3JPHW3P2-supermarket,44,yoghurtmix,supermarket,human,human
01JVAEPB74FZQ3CXJ0ZAH3QJ2G,01JVAFPEBGFJMJP458NRCRJV3E-supermarket,bottle of water,3522.0,01JRZV6NY3FP07MPKF3JPHW3P2-supermarket,45,driedfruit,supermarket,human,human
01JVAEPB74FZQ3CXJ0ZAH3QJ2G,01JVAFPEBGFJMJP458NRCRJV3E-supermarket,vape,4572.0,01JRZV6NY3FP07MPKF3JPHW3P2-supermarket,46,walnuts,supermarket,human,human
01JVAEPB74FZQ3CXJ0ZAH3QJ2G,01JVAFPEBGFJMJP458NRCRJV3E-supermarket,cigarette,2326.0,01JRZV6NY3FP07MPKF3JPHW3P2-supermarket,47,almonds,supermarket,human,human
01JVAEPB74FZQ3CXJ0ZAH3QJ2G,01JVAFPEBGFJMJP458NRCRJV3E-supermarket,scratchcard,3935.0,01JRZV6NY3FP07MPKF3JPHW3P2-supermarket,48,cashews,supermarket,human,human
01JVAEPB74FZQ3CXJ0ZAH3QJ2G,01JVAFPEBGFJMJP458NRCRJV3E-supermarket,salt,7210.0,01JRZV6NY3FP07MPKF3JPHW3P2-supermarket,49,gum,supermarket,human,human
01JVAEPB74FZQ3CXJ0ZAH3QJ2G,01JVAFPEBGFJMJP458NRCRJV3E-supermarket,coffee,6510.0,01JRZV6NY3FP07MPKF3JPHW3P2-supermarket,50,pepper,supermarket,human,human
01JVAEPB74FZQ3CXJ0ZAH3QJ2G,01JVAFPEBGFJMJP458NRCRJV3E-supermarket,tea bag,2081.0,01JRZV6NY3FP07MPKF3JPHW3P2-supermarket,51,apricots,supermarket,human,human
01JVAEPB74FZQ3CXJ0ZAH3QJ2G,01JVAFPEBGFJMJP458NRCRJV3E-supermarket,frozen fruit,9952.0,01JRZV6NY3FP07MPKF3JPHW3P2-supermarket,52,soda,supermarket,human,human
01JVAEPB74FZQ3CXJ0ZAH3QJ2G,01JVAFPEBGFJMJP458NRCRJV3E-supermarket,ice cream,1216.0,01JRZV6NY3FP07MPKF3JPHW3P2-supermarket,53,water,supermarket,human,human
01JVAEPB74FZQ3CXJ0ZAH3QJ2G,01JVAFPEBGFJMJP458NRCRJV3E-supermarket,orange,5482.0,01JRZV6NY3FP07MPKF3JPHW3P2-supermarket,54,strawberries,supermarket,human,human
01KEYTFBTBRZ944X210A1R6814,01KEZ0SDN5PWYKNW6GNR5D955W,walrus,5029.0,01K0Q7G0V97X6YMKH3BY2YKH3T-animals,1,,animals,human,human
01KEYTFBTBRZ944X210A1R6814,01KEZ0SDN5PWYKNW6GNR5D955W,guinea pig,9927.0,01K0Q7G0V97X6YMKH3BY2YKH3T-animals,2,seal,animals,human,human
01KEYTFBTBRZ944X210A1R6814,01KEZ0SDN5PWYKNW6GNR5D955W,pig,1757.0,01K0Q7G0V97X6YMKH3BY2YKH3T-animals,3,rabbit,animals,human,human
01KEYTFBTBRZ944X210A1R6814,01KEZ0SDN5PWYKNW6GNR5D955W,dog,1415.0,01K0Q7G0V97X6YMKH3BY2YKH3T-animals,4,horse,animals,human,human
01KEYTFBTBRZ944X210A1R6814,01KEZ0SDN5PWYKNW6GNR5D955W,cat,684.0,01K0Q7G0V97X6YMKH3BY2YKH3T-animals,5,cat,animals,human,human
01KEYTFBTBRZ944X210A1R6814,01KEZ0SDN5PWYKNW6GNR5D955W,alligator,3303.0,01K0Q7G0V97X6YMKH3BY2YKH3T-animals,6,rabbit,animals,human,human
01KEYTFBTBRZ944X210A1R6814,01KEZ0SDN5PWYKNW6GNR5D955W,crocodile,3624.0,01K0Q7G0V97X6YMKH3BY2YKH3T-animals,7,giraffe,animals,human,human
01KEYTFBTBRZ944X210A1R6814,01KEZ0SDN5PWYKNW6GNR5D955W,pigeon,8256.0,01K0Q7G0V97X6YMKH3BY2YKH3T-animals,8,lion,animals,human,human
01KEYTFBTBRZ944X210A1R6814,01KEZ0SDN5PWYKNW6GNR5D955W,otter,11256.0,01K0Q7G0V97X6YMKH3BY2YKH3T-animals,9,budgie,animals,human,human
01KEYTFBTBRZ944X210A1R6814,01KEZ0SDN5PWYKNW6GNR5D955W,dolphin,1755.0,01K0Q7G0V97X6YMKH3BY2YKH3T-animals,10,giraffe,animals,human,human
01KEYTFBTBRZ944X210A1R6814,01KEZ0SDN5PWYKNW6GNR5D955W,whale,1243.0,01K0Q7G0V97X6YMKH3BY2YKH3T-animals,11,whale,animals,human,human
01KEYTFBTBRZ944X210A1R6814,01KEZ0SDN5PWYKNW6GNR5D955W,shark,2911.0,01K0Q7G0V97X6YMKH3BY2YKH3T-animals,12,fish,animals,human,human
01KEYTFBTBRZ944X210A1R6814,01KEZ0SDN5PWYKNW6GNR5D955W,mammoth,4210.0,01K0Q7G0V97X6YMKH3BY2YKH3T-animals,13,seal,animals,human,human
01KEYTFBTBRZ944X210A1R6814,01KEZ0SDN5PWYKNW6GNR5D955W,zebra,8643.0,01K0Q7G0V97X6YMKH3BY2YKH3T-animals,14,sloth,animals,human,human
01KEYTFBTBRZ944X210A1R6814,01KEZ0SDN5PWYKNW6GNR5D955W,giraffe,3721.0,01K0Q7G0V97X6YMKH3BY2YKH3T-animals,15,lion,animals,human,human
01KEYTFBTBRZ944X210A1R6814,01KEZ0SDN5PWYKNW6GNR5D955W,toad,3845.0,01K0Q7G0V97X6YMKH3BY2YKH3T-animals,16,lion,animals,human,human
01KEYTFBTBRZ944X210A1R6814,01KEZ0SDN5PWYKNW6GNR5D955W,eel,944.0,01K0Q7G0V97X6YMKH3BY2YKH3T-animals,17,frog,animals,human,human
01KEYTFBTBRZ944X210A1R6814,01KEZ0SDN5PWYKNW6GNR5D955W,hawk,3466.0,01K0Q7G0V97X6YMKH3BY2YKH3T-animals,18,frog,animals,human,human
01KEYTFBTBRZ944X210A1R6814,01KEZ0SDN5PWYKNW6GNR5D955W,duck,3343.0,01K0Q7G0V97X6YMKH3BY2YKH3T-animals,19,newt,animals,human,human
01KEYTFBTBRZ944X210A1R6814,01KEZ0SDN5PWYKNW6GNR5D955W,falcon,1602.0,01K0Q7G0V97X6YMKH3BY2YKH3T-animals,20,swan,animals,human,human
01KEYTFBTBRZ944X210A1R6814,01KEZ0SDN5PWYKNW6GNR5D955W,peacock,2450.0,01K0Q7G0V97X6YMKH3BY2YKH3T-animals,21,swan,animals,human,human
01KEYTFBTBRZ944X210A1R6814,01KEZ0SDN5PWYKNW6GNR5D955W,ostrich,1902.0,01K0Q7G0V97X6YMKH3BY2YKH3T-animals,22,swan,animals,human,human
01KEYTFBTBRZ944X210A1R6814,01KEZ0SDN5PWYKNW6GNR5D955W,penguin,2197.0,01K0Q7G0V97X6YMKH3BY2YKH3T-animals,23,swan,animals,human,human
01KEYTFBTBRZ944X210A1R6814,01KEZ0SDN5PWYKNW6GNR5D955W,horse,5163.0,01K0Q7G0V97X6YMKH3BY2YKH3T-animals,24,swan,animals,human,human
01KEYTFBTBRZ944X210A1R6814,01KEZ0SDN5PWYKNW6GNR5D955W,sheep,2685.0,01K0Q7G0V97X6YMKH3BY2YKH3T-animals,25,donkey,animals,human,human
01KEYTFBTBRZ944X210A1R6814,01KEZ0SDN5PWYKNW6GNR5D955W,cow,1525.0,01K0Q7G0V97X6YMKH3BY2YKH3T-animals,26,cow,animals,human,human
01KEYTFBTBRZ944X210A1R6814,01KEZ0SDN5PWYKNW6GNR5D955W,pelican,2033.0,01K0Q7G0V97X6YMKH3BY2YKH3T-animals,27,chicken,animals,human,human
01KEYTFBTBRZ944X210A1R6814,01KEZ0SDN5PWYKNW6GNR5D955W,panda,6860.0,01K0Q7G0V97X6YMKH3BY2YKH3T-animals,28,chicken,animals,human,human
01KEYTFBTBRZ944X210A1R6814,01KEZ0SDN5PWYKNW6GNR5D955W,tiger,1228.0,01K0Q7G0V97X6YMKH3BY2YKH3T-animals,29,lion,animals,human,human
01KEYTFBTBRZ944X210A1R6814,01KEZ0SDN5PWYKNW6GNR5D955W,lion,1212.0,01K0Q7G0V97X6YMKH3BY2YKH3T-animals,30,lion,animals,human,human
01KEYTFBTBRZ944X210A1R6814,01KEZ0SDN5PWYKNW6GNR5D955W,cheetah,3845.0,01K0Q7G0V97X6YMKH3BY2YKH3T-animals,31,elephant,animals,human,human
01KEYTFBTBRZ944X210A1R6814,01KEZ0SDN5PWYKNW6GNR5D955W,wolf,1769.0,01K0Q7G0V97X6YMKH3BY2YKH3T-animals,32,elephant,animals,human,human
01KEYTFBTBRZ944X210A1R6814,01KEZ0SDN5PWYKNW6GNR5D955W,coyote,6624.0,01K0Q7G0V97X6YMKH3BY2YKH3T-animals,33,elephany,animals,human,human
01KEYTFBTBRZ944X210A1R6814,01KEZ0SDN5PWYKNW6GNR5D955W,bison,4266.0,01K0Q7G0V97X6YMKH3BY2YKH3T-animals,34,elephant,animals,human,human
01KEYTFBTBRZ944X210A1R6814,01KEZ0SDN5PWYKNW6GNR5D955W,leopard,4509.0,01K0Q7G0V97X6YMKH3BY2YKH3T-animals,35,elephant,animals,human,human
01KEYTFBTBRZ944X210A1R6814,01KEZ0SDN5PWYKNW6GNR5D955W,woodpecker,5419.0,01K0Q7G0V97X6YMKH3BY2YKH3T-animals,36,elephant,animals,human,human
01KEYTFBTBRZ944X210A1R6814,01KEZ0SDN5PWYKNW6GNR5D955W,parrot,4953.0,01K0Q7G0V97X6YMKH3BY2YKH3T-animals,37,squirrel,animals,human,human
01KEYTFBTBRZ944X210A1R6814,01KEZ0SDN5PWYKNW6GNR5D955W,python,4627.0,01K0Q7G0V97X6YMKH3BY2YKH3T-animals,38,squirrel,animals,human,human
01KEYTFBTBRZ944X210A1R6814,01KEZ0SDN5PWYKNW6GNR5D955W,porcupine,3045.0,01K0Q7G0V97X6YMKH3BY2YKH3T-animals,39,woodlouse,animals,human,human
01KEYTFBTBRZ944X210A1R6814,01KEZ0SDN5PWYKNW6GNR5D955W,ant,1460.0,01K0Q7G0V97X6YMKH3BY2YKH3T-animals,40,hedgehog,animals,human,human
01KEYTFBTBRZ944X210A1R6814,01KEZ0SDN5PWYKNW6GNR5D955W,boar,2923.0,01K0Q7G0V97X6YMKH3BY2YKH3T-animals,41,hedgehog,animals,human,human
01KEYTFBTBRZ944X210A1R6814,01KEZ0SDN5PWYKNW6GNR5D955W,bat,865.0,01K0Q7G0V97X6YMKH3BY2YKH3T-animals,42,meerkat,animals,human,human
01KEYTFBTBRZ944X210A1R6814,01KEZ0SDN5PWYKNW6GNR5D955W,butterfly,8264.0,01K0Q7G0V97X6YMKH3BY2YKH3T-animals,43,hedgehog,animals,human,human
01KEYTFBTBRZ944X210A1R6814,01KEZ0SDN5PWYKNW6GNR5D955W,ox,3074.0,01K0Q7G0V97X6YMKH3BY2YKH3T-animals,44,fox,animals,human,human
01KEYTFBTBRZ944X210A1R6814,01KEZ0SDN5PWYKNW6GNR5D955W,octopus,6723.0,01K0Q7G0V97X6YMKH3BY2YKH3T-animals,45,fox,animals,human,human
01KEYTFBTBRZ944X210A1R6814,01KEZ0SDN5PWYKNW6GNR5D955W,starfish,2681.0,01K0Q7G0V97X6YMKH3BY2YKH3T-animals,46,fox,animals,human,human
01KEYTFBTBRZ944X210A1R6814,01KEZ0SDN5PWYKNW6GNR5D955W,clam,3997.0,01K0Q7G0V97X6YMKH3BY2YKH3T-animals,47,seahorse,animals,human,human
01KEYTFBTBRZ944X210A1R6814,01KEZ0SDN5PWYKNW6GNR5D955W,oyster,2693.0,01K0Q7G0V97X6YMKH3BY2YKH3T-animals,48,mussel,animals,human,human
,01K4DTYABAFVVQAJ42P9T58CXB-clothes,t-shirt,4718.0,01JRZYA5RWAP9QC28P6WRAKD5C-clothes,1,,clothes,human,human
01K4DSNBA8JYSESAWXX51NYCHG,01K4DTYABAFVVQAJ42P9T58CXB-clothes,tank top,2342.0,01JRZYA5RWAP9QC28P6WRAKD5C-clothes,2,jeans,clothes,human,human
01K4DSNBA8JYSESAWXX51NYCHG,01K4DTYABAFVVQAJ42P9T58CXB-clothes,bra,2427.0,01JRZYA5RWAP9QC28P6WRAKD5C-clothes,3,shorts,clothes,human,human
01K4DSNBA8JYSESAWXX51NYCHG,01K4DTYABAFVVQAJ42P9T58CXB-clothes,underwear,2063.0,01JRZYA5RWAP9QC28P6WRAKD5C-clothes,4,underwear,clothes,human,human
01K4DSNBA8JYSESAWXX51NYCHG,01K4DTYABAFVVQAJ42P9T58CXB-clothes,swimsuit,3783.0,01JRZYA5RWAP9QC28P6WRAKD5C-clothes,5,shorts,clothes,human,human
01K4DSNBA8JYSESAWXX51NYCHG,01K4DTYABAFVVQAJ42P9T58CXB-clothes,pants,1334.0,01JRZYA5RWAP9QC28P6WRAKD5C-clothes,6,sandals,clothes,human,human
01K4DSNBA8JYSESAWXX51NYCHG,01K4DTYABAFVVQAJ42P9T58CXB-clothes,capri pants,3178.0,01JRZYA5RWAP9QC28P6WRAKD5C-clothes,7,socks,clothes,human,human
01K4DSNBA8JYSESAWXX51NYCHG,01K4DTYABAFVVQAJ42P9T58CXB-clothes,tube top,2374.0,01JRZYA5RWAP9QC28P6WRAKD5C-clothes,8,sandals,clothes,human,human
01K4DSNBA8JYSESAWXX51NYCHG,01K4DTYABAFVVQAJ42P9T58CXB-clothes,long sleeve shirt,5292.0,01JRZYA5RWAP9QC28P6WRAKD5C-clothes,9,halter,clothes,human,human
01K4DSNBA8JYSESAWXX51NYCHG,01K4DTYABAFVVQAJ42P9T58CXB-clothes,sweater,1906.0,01JRZYA5RWAP9QC28P6WRAKD5C-clothes,10,shortsleeveshirt,clothes,human,human
01K4DSNBA8JYSESAWXX51NYCHG,01K4DTYABAFVVQAJ42P9T58CXB-clothes,1/4 zip sweater,5214.0,01JRZYA5RWAP9QC28P6WRAKD5C-clothes,11,coat,clothes,human,human
01K4DSNBA8JYSESAWXX51NYCHG,01K4DTYABAFVVQAJ42P9T58CXB-clothes,turtleneck,3917.0,01JRZYA5RWAP9QC28P6WRAKD5C-clothes,12,sweatshirt,clothes,human,human
01K4DSNBA8JYSESAWXX51NYCHG,01K4DTYABAFVVQAJ42P9T58CXB-clothes,undershirt,3681.0,01JRZYA5RWAP9QC28P6WRAKD5C-clothes,13,scarf,clothes,human,human
01K4DSNBA8JYSESAWXX51NYCHG,01K4DTYABAFVVQAJ42P9T58CXB-clothes,long johns,3463.0,01JRZYA5RWAP9QC28P6WRAKD5C-clothes,14,girdle,clothes,human,human
01K4DSNBA8JYSESAWXX51NYCHG,01K4DTYABAFVVQAJ42P9T58CXB-clothes,shorts,1766.0,01JRZYA5RWAP9QC28P6WRAKD5C-clothes,15,pajamas,clothes,human,human
01K4DSNBA8JYSESAWXX51NYCHG,01K4DTYABAFVVQAJ42P9T58CXB-clothes,leggings,3547.0,01JRZYA5RWAP9QC28P6WRAKD5C-clothes,16,socks,clothes,human,human
01K4DSNBA8JYSESAWXX51NYCHG,01K4DTYABAFVVQAJ42P9T58CXB-clothes,racerback tank top,11558.0,01JRZYA5RWAP9QC28P6WRAKD5C-clothes,17,shoes,clothes,human,human
01K4DSNBA8JYSESAWXX51NYCHG,01K4DTYABAFVVQAJ42P9T58CXB-clothes,blouse,4397.0,01JRZYA5RWAP9QC28P6WRAKD5C-clothes,18,halter,clothes,human,human
01K4DSNBA8JYSESAWXX51NYCHG,01K4DTYABAFVVQAJ42P9T58CXB-clothes,button-up shirt,4359.0,01JRZYA5RWAP9QC28P6WRAKD5C-clothes,19,shirt,clothes,human,human
01K4DSNBA8JYSESAWXX51NYCHG,01K4DTYABAFVVQAJ42P9T58CXB-clothes,jacket,1347.0,01JRZYA5RWAP9QC28P6WRAKD5C-clothes,20,haltertop,clothes,human,human
01K4DSNBA8JYSESAWXX51NYCHG,01K4DTYABAFVVQAJ42P9T58CXB-clothes,parka,4574.0,01JRZYA5RWAP9QC28P6WRAKD5C-clothes,21,coat,clothes,human,human
01K4DSNBA8JYSESAWXX51NYCHG,01K4DTYABAFVVQAJ42P9T58CXB-clothes,pajamas,5498.0,01JRZYA5RWAP9QC28P6WRAKD5C-clothes,22,sweatshirt,clothes,human,human
01K4DSNBA8JYSESAWXX51NYCHG,01K4DTYABAFVVQAJ42P9T58CXB-clothes,snow pants,6725.0,01JRZYA5RWAP9QC28P6WRAKD5C-clothes,23,slippers,clothes,human,human
01K4DSNBA8JYSESAWXX51NYCHG,01K4DTYABAFVVQAJ42P9T58CXB-clothes,beanie,9117.0,01JRZYA5RWAP9QC28P6WRAKD5C-clothes,24,mittens,clothes,human,human
01K4DSNBA8JYSESAWXX51NYCHG,01K4DTYABAFVVQAJ42P9T58CXB-clothes,toque,1443.0,01JRZYA5RWAP9QC28P6WRAKD5C-clothes,25,hat,clothes,human,human
01K4DSNBA8JYSESAWXX51NYCHG,01K4DTYABAFVVQAJ42P9T58CXB-clothes,mitten,2299.0,01JRZYA5RWAP9QC28P6WRAKD5C-clothes,26,wow,clothes,human,human
01K4DSNBA8JYSESAWXX51NYCHG,01K4DTYABAFVVQAJ42P9T58CXB-clothes,glove,2312.0,01JRZYA5RWAP9QC28P6WRAKD5C-clothes,27,gloves,clothes,human,human
01K4DSNBA8JYSESAWXX51NYCHG,01K4DTYABAFVVQAJ42P9T58CXB-clothes,sock,2659.0,01JRZYA5RWAP9QC28P6WRAKD5C-clothes,28,thermal,clothes,human,human
01K4DSNBA8JYSESAWXX51NYCHG,01K4DTYABAFVVQAJ42P9T58CXB-clothes,shoe,1626.0,01JRZYA5RWAP9QC28P6WRAKD5C-clothes,29,boots,clothes,human,human
01K4DSNBA8JYSESAWXX51NYCHG,01K4DTYABAFVVQAJ42P9T58CXB-clothes,slipper,2920.0,01JRZYA5RWAP9QC28P6WRAKD5C-clothes,30,boots,clothes,human,human
01K4DSNBA8JYSESAWXX51NYCHG,01K4DTYABAFVVQAJ42P9T58CXB-clothes,robe,11142.0,01JRZYA5RWAP9QC28P6WRAKD5C-clothes,31,sandals,clothes,human,human
01K4DSNBA8JYSESAWXX51NYCHG,01K4DTYABAFVVQAJ42P9T58CXB-clothes,dress,4694.0,01JRZYA5RWAP9QC28P6WRAKD5C-clothes,32,turban,clothes,human,human
01K4DSNBA8JYSESAWXX51NYCHG,01K4DTYABAFVVQAJ42P9T58CXB-clothes,suit,2527.0,01JRZYA5RWAP9QC28P6WRAKD5C-clothes,33,skirt,clothes,human,human
01K4DSNBA8JYSESAWXX51NYCHG,01K4DTYABAFVVQAJ42P9T58CXB-clothes,skirt,1689.0,01JRZYA5RWAP9QC28P6WRAKD5C-clothes,34,tie,clothes,human,human
01K4DSNBA8JYSESAWXX51NYCHG,01K4DTYABAFVVQAJ42P9T58CXB-clothes,thong,12201.0,01JRZYA5RWAP9QC28P6WRAKD5C-clothes,35,dress,clothes,human,human
01K4DSNBA8JYSESAWXX51NYCHG,01K4DTYABAFVVQAJ42P9T58CXB-clothes,vest,4790.0,01JRZYA5RWAP9QC28P6WRAKD5C-clothes,36,bikini,clothes,human,human
01K4DSNBA8JYSESAWXX51NYCHG,01K4DTYABAFVVQAJ42P9T58CXB-clothes,scarf,4304.0,01JRZYA5RWAP9QC28P6WRAKD5C-clothes,37,cumberbun,clothes,human,human
01K4DSNBA8JYSESAWXX51NYCHG,01K4DTYABAFVVQAJ42P9T58CXB-clothes,cardigan,15165.0,01JRZYA5RWAP9QC28P6WRAKD5C-clothes,38,hat,clothes,human,human
01K4DSNBA8JYSESAWXX51NYCHG,01K4DTYABAFVVQAJ42P9T58CXB-clothes,boxers,11040.0,01JRZYA5RWAP9QC28P6WRAKD5C-clothes,39,sweater,clothes,human,human
01KFVAEZ7VTNBX5EG2QBB23NPK,01KFVAWVNPATGYKZTJ3JWGSSJY,shirt,4563.0,01JRZVTTBTQQRWK9V4FE1N7KX1-clothes,1,,clothes,human,human
01KFVAEZ7VTNBX5EG2QBB23NPK,01KFVAWVNPATGYKZTJ3JWGSSJY,suit,1060.0,01JRZVTTBTQQRWK9V4FE1N7KX1-clothes,2,pants,clothes,human,human
01KFVAEZ7VTNBX5EG2QBB23NPK,01KFVAWVNPATGYKZTJ3JWGSSJY,tie,983.0,01JRZVTTBTQQRWK9V4FE1N7KX1-clothes,3,tie,clothes,human,human
01KFVAEZ7VTNBX5EG2QBB23NPK,01KFVAWVNPATGYKZTJ3JWGSSJY,skirt,2402.0,01JRZVTTBTQQRWK9V4FE1N7KX1-clothes,4,slacks,clothes,human,human
01KFVAEZ7VTNBX5EG2QBB23NPK,01KFVAWVNPATGYKZTJ3JWGSSJY,scarf,2463.0,01JRZVTTBTQQRWK9V4FE1N7KX1-clothes,5,dress,clothes,human,human
01KFVAEZ7VTNBX5EG2QBB23NPK,01KFVAWVNPATGYKZTJ3JWGSSJY,coat,1514.0,01JRZVTTBTQQRWK9V4FE1N7KX1-clothes,6,hat,clothes,human,human
01KFVAEZ7VTNBX5EG2QBB23NPK,01KFVAWVNPATGYKZTJ3JWGSSJY,jacket,1441.0,01JRZVTTBTQQRWK9V4FE1N7KX1-clothes,7,tie,clothes,human,human
01KFVAEZ7VTNBX5EG2QBB23NPK,01KFVAWVNPATGYKZTJ3JWGSSJY,blouse,2793.0,01JRZVTTBTQQRWK9V4FE1N7KX1-clothes,8,blouse,clothes,human,human
01KFVAEZ7VTNBX5EG2QBB23NPK,01KFVAWVNPATGYKZTJ3JWGSSJY,dress,2101.0,01JRZVTTBTQQRWK9V4FE1N7KX1-clothes,9,pants,clothes,human,human
01KFVAEZ7VTNBX5EG2QBB23NPK,01KFVAWVNPATGYKZTJ3JWGSSJY,pashmina,4910.0,01JRZVTTBTQQRWK9V4FE1N7KX1-clothes,10,skirt,clothes,human,human
01KFVAEZ7VTNBX5EG2QBB23NPK,01KFVAWVNPATGYKZTJ3JWGSSJY,kimono,2472.0,01JRZVTTBTQQRWK9V4FE1N7KX1-clothes,11,scarf,clothes,human,human
01KFVAEZ7VTNBX5EG2QBB23NPK,01KFVAWVNPATGYKZTJ3JWGSSJY,hat,2842.0,01JRZVTTBTQQRWK9V4FE1N7KX1-clothes,12,jacket,clothes,human,human
01KFVAEZ7VTNBX5EG2QBB23NPK,01KFVAWVNPATGYKZTJ3JWGSSJY,belt,9667.0,01JRZVTTBTQQRWK9V4FE1N7KX1-clothes,13,scarf,clothes,human,human
01KFVAEZ7VTNBX5EG2QBB23NPK,01KFVAWVNPATGYKZTJ3JWGSSJY,tights,3724.0,01JRZVTTBTQQRWK9V4FE1N7KX1-clothes,14,pants,clothes,human,human
01KFVAEZ7VTNBX5EG2QBB23NPK,01KFVAWVNPATGYKZTJ3JWGSSJY,stocking,5728.0,01JRZVTTBTQQRWK9V4FE1N7KX1-clothes,15,sweats,clothes,human,human
01KFVAEZ7VTNBX5EG2QBB23NPK,01KFVAWVNPATGYKZTJ3JWGSSJY,pants,5583.0,01JRZVTTBTQQRWK9V4FE1N7KX1-clothes,16,shoes,clothes,human,human
01KFVAEZ7VTNBX5EG2QBB23NPK,01KFVAWVNPATGYKZTJ3JWGSSJY,bra,1992.0,01JRZVTTBTQQRWK9V4FE1N7KX1-clothes,17,jacket,clothes,human,human
01KFVAEZ7VTNBX5EG2QBB23NPK,01KFVAWVNPATGYKZTJ3JWGSSJY,vest,1160.0,01JRZVTTBTQQRWK9V4FE1N7KX1-clothes,18,top,clothes,human,human
01KFVAEZ7VTNBX5EG2QBB23NPK,01KFVAWVNPATGYKZTJ3JWGSSJY,waistcoat,3598.0,01JRZVTTBTQQRWK9V4FE1N7KX1-clothes,19,shirty,clothes,human,human
01KFVAEZ7VTNBX5EG2QBB23NPK,01KFVAWVNPATGYKZTJ3JWGSSJY,poncho,4436.0,01JRZVTTBTQQRWK9V4FE1N7KX1-clothes,20,jacket,clothes,human,human
01KFVAEZ7VTNBX5EG2QBB23NPK,01KFVAWVNPATGYKZTJ3JWGSSJY,cardigan,7511.0,01JRZVTTBTQQRWK9V4FE1N7KX1-clothes,21,raincoat,clothes,human,human
01KFVAEZ7VTNBX5EG2QBB23NPK,01KFVAWVNPATGYKZTJ3JWGSSJY,jumper,1479.0,01JRZVTTBTQQRWK9V4FE1N7KX1-clothes,22,sweater,clothes,human,human
01KFVAEZ7VTNBX5EG2QBB23NPK,01KFVAWVNPATGYKZTJ3JWGSSJY,sweatshirt,4201.0,01JRZVTTBTQQRWK9V4FE1N7KX1-clothes,23,rompeer,clothes,human,human
01KFVAEZ7VTNBX5EG2QBB23NPK,01KFVAWVNPATGYKZTJ3JWGSSJY,leggings,4303.0,01JRZVTTBTQQRWK9V4FE1N7KX1-clothes,24,tshirt,clothes,human,human
01KFVAEZ7VTNBX5EG2QBB23NPK,01KFVAWVNPATGYKZTJ3JWGSSJY,trousers,1739.0,01JRZVTTBTQQRWK9V4FE1N7KX1-clothes,25,slacks,clothes,human,human
01KFVAEZ7VTNBX5EG2QBB23NPK,01KFVAWVNPATGYKZTJ3JWGSSJY,jeans,1487.0,01JRZVTTBTQQRWK9V4FE1N7KX1-clothes,26,jeans,clothes,human,human
01KFVAEZ7VTNBX5EG2QBB23NPK,01KFVAWVNPATGYKZTJ3JWGSSJY,sock,1734.0,01JRZVTTBTQQRWK9V4FE1N7KX1-clothes,27,pants,clothes,human,human
01KFVAEZ7VTNBX5EG2QBB23NPK,01KFVAWVNPATGYKZTJ3JWGSSJY,suspenders,7015.0,01JRZVTTBTQQRWK9V4FE1N7KX1-clothes,28,shoe,clothes,human,human
01KFVAEZ7VTNBX5EG2QBB23NPK,01KFVAWVNPATGYKZTJ3JWGSSJY,corset,2277.0,01JRZVTTBTQQRWK9V4FE1N7KX1-clothes,29,slacks,clothes,human,human
01KFVAEZ7VTNBX5EG2QBB23NPK,01KFVAWVNPATGYKZTJ3JWGSSJY,basque,1544.0,01JRZVTTBTQQRWK9V4FE1N7KX1-clothes,30,bra,clothes,human,human
01KFVAEZ7VTNBX5EG2QBB23NPK,01KFVAWVNPATGYKZTJ3JWGSSJY,teddy,3149.0,01JRZVTTBTQQRWK9V4FE1N7KX1-clothes,31,bra,clothes,human,human
01KFVAEZ7VTNBX5EG2QBB23NPK,01KFVAWVNPATGYKZTJ3JWGSSJY,cap,3918.0,01JRZVTTBTQQRWK9V4FE1N7KX1-clothes,32,nightgown,clothes,human,human
01KFVAEZ7VTNBX5EG2QBB23NPK,01KFVAWVNPATGYKZTJ3JWGSSJY,mac,5038.0,01JRZVTTBTQQRWK9V4FE1N7KX1-clothes,33,hat,clothes,human,human
01KFVAEZ7VTNBX5EG2QBB23NPK,01KFVAWVNPATGYKZTJ3JWGSSJY,glove,8710.0,01JRZVTTBTQQRWK9V4FE1N7KX1-clothes,34,hat,clothes,human,human
01KFVAEZ7VTNBX5EG2QBB23NPK,01KFVAWVNPATGYKZTJ3JWGSSJY,gilet,6592.0,01JRZVTTBTQQRWK9V4FE1N7KX1-clothes,35,jacket,clothes,human,human
01KFVAEZ7VTNBX5EG2QBB23NPK,01KFVAWVNPATGYKZTJ3JWGSSJY,shorts,5549.0,01JRZVTTBTQQRWK9V4FE1N7KX1-clothes,36,shower,clothes,human,human
01KFVAEZ7VTNBX5EG2QBB23NPK,01KFVAWVNPATGYKZTJ3JWGSSJY,sandal,2300.0,01JRZVTTBTQQRWK9V4FE1N7KX1-clothes,37,sneaker,clothes,human,human
01KFVAEZ7VTNBX5EG2QBB23NPK,01KFVAWVNPATGYKZTJ3JWGSSJY,trainer,2515.0,01JRZVTTBTQQRWK9V4FE1N7KX1-clothes,38,shoe,clothes,human,human
01KFVAEZ7VTNBX5EG2QBB23NPK,01KFVAWVNPATGYKZTJ3JWGSSJY,blazer,7200.0,01JRZVTTBTQQRWK9V4FE1N7KX1-clothes,39,bra,clothes,human,human
01KFVAEZ7VTNBX5EG2QBB23NPK,01KFVAWVNPATGYKZTJ3JWGSSJY,shoe,35007.0,01JRZVTTBTQQRWK9V4FE1N7KX1-clothes,40,jacket,clothes,human,human
01KFVAEZ8H0WXFXFAPNP57DA1S,01KFVAR8TNN46V348WQ3FPAZB9,banana,9318.0,01JYPNPHXBEXBTW6HT4R5CM1B1-supermarket,1,,supermarket,human,human
01KFVAEZ8H0WXFXFAPNP57DA1S,01KFVAR8TNN46V348WQ3FPAZB9,apple,1673.0,01JYPNPHXBEXBTW6HT4R5CM1B1-supermarket,2,apple,supermarket,human,human
01KFVAEZ8H0WXFXFAPNP57DA1S,01KFVAR8TNN46V348WQ3FPAZB9,fruit,5274.0,01JYPNPHXBEXBTW6HT4R5CM1B1-supermarket,3,orange,supermarket,human,human
01KFVAEZ8H0WXFXFAPNP57DA1S,01KFVAR8TNN46V348WQ3FPAZB9,vegetable,3725.0,01JYPNPHXBEXBTW6HT4R5CM1B1-supermarket,4,vegetables,supermarket,human,human
01KFVAEZ8H0WXFXFAPNP57DA1S,01KFVAR8TNN46V348WQ3FPAZB9,radish,4066.0,01JYPNPHXBEXBTW6HT4R5CM1B1-supermarket,5,butter,supermarket,human,human
01KFVAEZ8H0WXFXFAPNP57DA1S,01KFVAR8TNN46V348WQ3FPAZB9,cucumber,2947.0,01JYPNPHXBEXBTW6HT4R5CM1B1-supermarket,6,carrot,supermarket,human,human
01KFVAEZ8H0WXFXFAPNP57DA1S,01KFVAR8TNN46V348WQ3FPAZB9,lettuce,3427.0,01JYPNPHXBEXBTW6HT4R5CM1B1-supermarket,7,salad,supermarket,human,human
01KFVAEZ8H0WXFXFAPNP57DA1S,01KFVAR8TNN46V348WQ3FPAZB9,parsley,1875.0,01JYPNPHXBEXBTW6HT4R5CM1B1-supermarket,8,tomato,supermarket,human,human
01KFVAEZ8H0WXFXFAPNP57DA1S,01KFVAR8TNN46V348WQ3FPAZB9,dill,1210.0,01JYPNPHXBEXBTW6HT4R5CM1B1-supermarket,9,herbs,supermarket,human,human
01KFVAEZ8H0WXFXFAPNP57DA1S,01KFVAR8TNN46V348WQ3FPAZB9,oregano,2982.0,01JYPNPHXBEXBTW6HT4R5CM1B1-supermarket,10,thyme,supermarket,human,human
01KFVAEZ8H0WXFXFAPNP57DA1S,01KFVAR8TNN46V348WQ3FPAZB9,pepper,2356.0,01JYPNPHXBEXBTW6HT4R5CM1B1-supermarket,11,sage,supermarket,human,human
01KFVAEZ8H0WXFXFAPNP57DA1S,01KFVAR8TNN46V348WQ3FPAZB9,red pepper,2366.0,01JYPNPHXBEXBTW6HT4R5CM1B1-supermarket,12,salt,supermarket,human,human
01KFVAEZ8H0WXFXFAPNP57DA1S,01KFVAR8TNN46V348WQ3FPAZB9,almond,1226.0,01JYPNPHXBEXBTW6HT4R5CM1B1-supermarket,13,chilli,supermarket,human,human
01KFVAEZ8H0WXFXFAPNP57DA1S,01KFVAR8TNN46V348WQ3FPAZB9,condiment,4777.0,01JYPNPHXBEXBTW6HT4R5CM1B1-supermarket,14,peanut,supermarket,human,human
01KFVAEZ8H0WXFXFAPNP57DA1S,01KFVAR8TNN46V348WQ3FPAZB9,trolley,7940.0,01JYPNPHXBEXBTW6HT4R5CM1B1-supermarket,15,ketchup,supermarket,human,human
01KFVAEZ8H0WXFXFAPNP57DA1S,01KFVAR8TNN46V348WQ3FPAZB9,bag,5618.0,01JYPNPHXBEXBTW6HT4R5CM1B1-supermarket,16,basket,supermarket,human,human
01KFVAEZ8H0WXFXFAPNP57DA1S,01KFVAR8TNN46V348WQ3FPAZB9,flour,1624.0,01JYPNPHXBEXBTW6HT4R5CM1B1-supermarket,17,box,supermarket,human,human
01KFVAEZ8H0WXFXFAPNP57DA1S,01KFVAR8TNN46V348WQ3FPAZB9,ice,2022.0,01JYPNPHXBEXBTW6HT4R5CM1B1-supermarket,18,sugar,supermarket,human,human
01KFVAEZ8H0WXFXFAPNP57DA1S,01KFVAR8TNN46V348WQ3FPAZB9,rice,3255.0,01JYPNPHXBEXBTW6HT4R5CM1B1-supermarket,19,icecream,supermarket,human,human
01KFVAEZ8H0WXFXFAPNP57DA1S,01KFVAR8TNN46V348WQ3FPAZB9,water,2073.0,01JYPNPHXBEXBTW6HT4R5CM1B1-supermarket,20,pasta,supermarket,human,human
01KFVAEZ8H0WXFXFAPNP57DA1S,01KFVAR8TNN46V348WQ3FPAZB9,juice,2321.0,01JYPNPHXBEXBTW6HT4R5CM1B1-supermarket,21,squash,supermarket,human,human
01KFVAEZ8H0WXFXFAPNP57DA1S,01KFVAR8TNN46V348WQ3FPAZB9,vodka,1801.0,01JYPNPHXBEXBTW6HT4R5CM1B1-supermarket,22,squash,supermarket,human,human
01KFVAEZ8H0WXFXFAPNP57DA1S,01KFVAR8TNN46V348WQ3FPAZB9,orange,6059.0,01JYPNPHXBEXBTW6HT4R5CM1B1-supermarket,23,gin,supermarket,human,human
01KFVAEZ8H0WXFXFAPNP57DA1S,01KFVAR8TNN46V348WQ3FPAZB9,lemon,3166.0,01JYPNPHXBEXBTW6HT4R5CM1B1-supermarket,24,lemon,supermarket,human,human
01KFVAEZ8H0WXFXFAPNP57DA1S,01KFVAR8TNN46V348WQ3FPAZB9,strawberry,4257.0,01JYPNPHXBEXBTW6HT4R5CM1B1-supermarket,25,lime,supermarket,human,human
01KFVAEZ8H0WXFXFAPNP57DA1S,01KFVAR8TNN46V348WQ3FPAZB9,gin,3469.0,01JYPNPHXBEXBTW6HT4R5CM1B1-supermarket,26,raspberry,supermarket,human,human
01KFVAEZ8H0WXFXFAPNP57DA1S,01KFVAR8TNN46V348WQ3FPAZB9,beer,3014.0,01JYPNPHXBEXBTW6HT4R5CM1B1-supermarket,27,whisky,supermarket,human,human
01KFVAEZ8H0WXFXFAPNP57DA1S,01KFVAR8TNN46V348WQ3FPAZB9,rum,2796.0,01JYPNPHXBEXBTW6HT4R5CM1B1-supermarket,28,wine,supermarket,human,human
01KFVAEZ8H0WXFXFAPNP57DA1S,01KFVAR8TNN46V348WQ3FPAZB9,bread,1805.0,01JYPNPHXBEXBTW6HT4R5CM1B1-supermarket,29,whisky,supermarket,human,human
01KFVAEZ8H0WXFXFAPNP57DA1S,01KFVAR8TNN46V348WQ3FPAZB9,cake,1269.0,01JYPNPHXBEXBTW6HT4R5CM1B1-supermarket,30,cake,supermarket,human,human
01KFVAEZ8H0WXFXFAPNP57DA1S,01KFVAR8TNN46V348WQ3FPAZB9,cookie,5069.0,01JYPNPHXBEXBTW6HT4R5CM1B1-supermarket,31,biscuit,supermarket,human,human
01KFVAEZ8H0WXFXFAPNP57DA1S,01KFVAR8TNN46V348WQ3FPAZB9,gum,1284.0,01JYPNPHXBEXBTW6HT4R5CM1B1-supermarket,32,doughnut,supermarket,human,human
01KFVAEZ8H0WXFXFAPNP57DA1S,01KFVAR8TNN46V348WQ3FPAZB9,lollipop,3334.0,01JYPNPHXBEXBTW6HT4R5CM1B1-supermarket,33,candy,supermarket,human,human
01KFVAEZ8H0WXFXFAPNP57DA1S,01KFVAR8TNN46V348WQ3FPAZB9,jelly,2818.0,01JYPNPHXBEXBTW6HT4R5CM1B1-supermarket,34,candy,supermarket,human,human
01KFVAEZ8H0WXFXFAPNP57DA1S,01KFVAR8TNN46V348WQ3FPAZB9,jam,3137.0,01JYPNPHXBEXBTW6HT4R5CM1B1-supermarket,35,cream,supermarket,human,human
01KFVAEZ8H0WXFXFAPNP57DA1S,01KFVAR8TNN46V348WQ3FPAZB9,ice cream,3110.0,01JYPNPHXBEXBTW6HT4R5CM1B1-supermarket,36,marmalade,supermarket,human,human
01KFVAEZ8H0WXFXFAPNP57DA1S,01KFVAR8TNN46V348WQ3FPAZB9,cream,1937.0,01JYPNPHXBEXBTW6HT4R5CM1B1-supermarket,37,chocice,supermarket,human,human
01KFVAEZ8H0WXFXFAPNP57DA1S,01KFVAR8TNN46V348WQ3FPAZB9,frosting,5123.0,01JYPNPHXBEXBTW6HT4R5CM1B1-supermarket,38,sauce,supermarket,human,human
01KFVAEZ8H0WXFXFAPNP57DA1S,01KFVAR8TNN46V348WQ3FPAZB9,cloth,6809.0,01JYPNPHXBEXBTW6HT4R5CM1B1-supermarket,39,sugar,supermarket,human,human
01KFVAEZ8H0WXFXFAPNP57DA1S,01KFVAR8TNN46V348WQ3FPAZB9,t-shirt,2639.0,01JYPNPHXBEXBTW6HT4R5CM1B1-supermarket,40,cheese,supermarket,human,human
01KFVAEZ8H0WXFXFAPNP57DA1S,01KFVAR8TNN46V348WQ3FPAZB9,pajamas,3713.0,01JYPNPHXBEXBTW6HT4R5CM1B1-supermarket,41,jeans,supermarket,human,human
01KFVAEZ8H0WXFXFAPNP57DA1S,01KFVAR8TNN46V348WQ3FPAZB9,oil,2320.0,01JYPNPHXBEXBTW6HT4R5CM1B1-supermarket,42,dressinggown,supermarket,human,human
01KFVAEZ8H0WXFXFAPNP57DA1S,01KFVAR8TNN46V348WQ3FPAZB9,avocado,3501.0,01JYPNPHXBEXBTW6HT4R5CM1B1-supermarket,43,butter,supermarket,human,human
01KFVAEZ8H0WXFXFAPNP57DA1S,01KFVAR8TNN46V348WQ3FPAZB9,seed,3713.0,01JYPNPHXBEXBTW6HT4R5CM1B1-supermarket,44,gherkin,supermarket,human,human
01KFVAEZ8H0WXFXFAPNP57DA1S,01KFVAR8TNN46V348WQ3FPAZB9,pumpkin,3488.0,01JYPNPHXBEXBTW6HT4R5CM1B1-supermarket,45,nuts,supermarket,human,human
01KFVAEZ8H0WXFXFAPNP57DA1S,01KFVAR8TNN46V348WQ3FPAZB9,soda,3965.0,01JYPNPHXBEXBTW6HT4R5CM1B1-supermarket,46,eggplant,supermarket,human,human
01KFVAEZ8H0WXFXFAPNP57DA1S,01KFVAR8TNN46V348WQ3FPAZB9,bun,8970.0,01JYPNPHXBEXBTW6HT4R5CM1B1-supermarket,47,squash,supermarket,human,human
01KFVAEZ8H0WXFXFAPNP57DA1S,01KFVAR8TNN46V348WQ3FPAZB9,carrot,11668.0,01JYPNPHXBEXBTW6HT4R5CM1B1-supermarket,48,doughnut,supermarket,human,human
01KFVAEZ7SE5Q4J38DNFA4701N,01KFVAY55RAPJP2DHYQ6VDQMJQ,hat,5619.0,01JYPMJYQ08JKMAV109E8E27GE-clothes,1,,clothes,human,human
01KFVAEZ7SE5Q4J38DNFA4701N,01KFVAY55RAPJP2DHYQ6VDQMJQ,coat,9277.0,01JYPMJYQ08JKMAV109E8E27GE-clothes,2,coat,clothes,human,human
01KFVAEZ7SE5Q4J38DNFA4701N,01KFVAY55RAPJP2DHYQ6VDQMJQ,jacket,5587.0,01JYPMJYQ08JKMAV109E8E27GE-clothes,3,shirt,clothes,human,human
01KFVAEZ7SE5Q4J38DNFA4701N,01KFVAY55RAPJP2DHYQ6VDQMJQ,scarf,5398.0,01JYPMJYQ08JKMAV109E8E27GE-clothes,4,shirt,clothes,human,human
01KFVAEZ7SE5Q4J38DNFA4701N,01KFVAY55RAPJP2DHYQ6VDQMJQ,jeans,2556.0,01JYPMJYQ08JKMAV109E8E27GE-clothes,5,shirt,clothes,human,human
01KFVAEZ7SE5Q4J38DNFA4701N,01KFVAY55RAPJP2DHYQ6VDQMJQ,skirt,3318.0,01JYPMJYQ08JKMAV109E8E27GE-clothes,6,troisers,clothes,human,human
01KFVAEZ7SE5Q4J38DNFA4701N,01KFVAY55RAPJP2DHYQ6VDQMJQ,dress,3304.0,01JYPMJYQ08JKMAV109E8E27GE-clothes,7,stockings,clothes,human,human
01KFVAEZ7SE5Q4J38DNFA4701N,01KFVAY55RAPJP2DHYQ6VDQMJQ,boot,5597.0,01JYPMJYQ08JKMAV109E8E27GE-clothes,8,blouse,clothes,human,human
01KFVAEZ7SE5Q4J38DNFA4701N,01KFVAY55RAPJP2DHYQ6VDQMJQ,t-shirt,2516.0,01JYPMJYQ08JKMAV109E8E27GE-clothes,9,shoe,clothes,human,human
01KFVAEZ7SE5Q4J38DNFA4701N,01KFVAY55RAPJP2DHYQ6VDQMJQ,cap,4453.0,01JYPMJYQ08JKMAV109E8E27GE-clothes,10,shirt,clothes,human,human
01KFVAEZ7SE5Q4J38DNFA4701N,01KFVAY55RAPJP2DHYQ6VDQMJQ,cardigan,3134.0,01JYPMJYQ08JKMAV109E8E27GE-clothes,11,socks,clothes,human,human
01KFVAEZ7SE5Q4J38DNFA4701N,01KFVAY55RAPJP2DHYQ6VDQMJQ,blouse,2710.0,01JYPMJYQ08JKMAV109E8E27GE-clothes,12,jumper,clothes,human,human
01KFVAEZ7SE5Q4J38DNFA4701N,01KFVAY55RAPJP2DHYQ6VDQMJQ,leggings,5954.0,01JYPMJYQ08JKMAV109E8E27GE-clothes,13,hoody,clothes,human,human
01KFVAEZ7SE5Q4J38DNFA4701N,01KFVAY55RAPJP2DHYQ6VDQMJQ,trousers,2162.0,01JYPMJYQ08JKMAV109E8E27GE-clothes,14,socks,clothes,human,human
01KFVAEZ7SE5Q4J38DNFA4701N,01KFVAY55RAPJP2DHYQ6VDQMJQ,shorts,2568.0,01JYPMJYQ08JKMAV109E8E27GE-clothes,15,socks,clothes,human,human
01KFVAEZ7SE5Q4J38DNFA4701N,01KFVAY55RAPJP2DHYQ6VDQMJQ,bikini,4609.0,01JYPMJYQ08JKMAV109E8E27GE-clothes,16,pants,clothes,human,human
01KFVAEZ7SE5Q4J38DNFA4701N,01KFVAY55RAPJP2DHYQ6VDQMJQ,belt,1818.0,01JYPMJYQ08JKMAV109E8E27GE-clothes,17,trunks,clothes,human,human
01KFVAEZ7SE5Q4J38DNFA4701N,01KFVAY55RAPJP2DHYQ6VDQMJQ,hoodie,3335.0,01JYPMJYQ08JKMAV109E8E27GE-clothes,18,braces,clothes,human,human
01KFVAEZ7SE5Q4J38DNFA4701N,01KFVAY55RAPJP2DHYQ6VDQMJQ,pyjama,4050.0,01JYPMJYQ08JKMAV109E8E27GE-clothes,19,shacket,clothes,human,human
01KFVAEZ7SE5Q4J38DNFA4701N,01KFVAY55RAPJP2DHYQ6VDQMJQ,bra,2610.0,01JYPMJYQ08JKMAV109E8E27GE-clothes,20,nightdress,clothes,human,human
01KFVAEZ7SE5Q4J38DNFA4701N,01KFVAY55RAPJP2DHYQ6VDQMJQ,sock,2914.0,01JYPMJYQ08JKMAV109E8E27GE-clothes,21,knickers,clothes,human,human
01KFVAEZ7SE5Q4J38DNFA4701N,01KFVAY55RAPJP2DHYQ6VDQMJQ,suit,1422.0,01JYPMJYQ08JKMAV109E8E27GE-clothes,22,knickers,clothes,human,human
01KFVAEZ7SE5Q4J38DNFA4701N,01KFVAY55RAPJP2DHYQ6VDQMJQ,shirt,1503.0,01JYPMJYQ08JKMAV109E8E27GE-clothes,23,tie,clothes,human,human
01KFVAEZ7SE5Q4J38DNFA4701N,01KFVAY55RAPJP2DHYQ6VDQMJQ,vest,4243.0,01JYPMJYQ08JKMAV109E8E27GE-clothes,24,tie,clothes,human,human
01KFVAEZ7SE5Q4J38DNFA4701N,01KFVAY55RAPJP2DHYQ6VDQMJQ,jumper,3521.0,01JYPMJYQ08JKMAV109E8E27GE-clothes,25,tie,clothes,human,human
01KFVAEZ7SE5Q4J38DNFA4701N,01KFVAY55RAPJP2DHYQ6VDQMJQ,sweatshirt,3210.0,01JYPMJYQ08JKMAV109E8E27GE-clothes,26,tie,clothes,human,human
01KFVAEZ7SE5Q4J38DNFA4701N,01KFVAY55RAPJP2DHYQ6VDQMJQ,blazer,2414.0,01JYPMJYQ08JKMAV109E8E27GE-clothes,27,sweater,clothes,human,human
01KFVAEZ7SE5Q4J38DNFA4701N,01KFVAY55RAPJP2DHYQ6VDQMJQ,tie,1539.0,01JYPMJYQ08JKMAV109E8E27GE-clothes,28,knickers,clothes,human,human
01KFVAEZ7SE5Q4J38DNFA4701N,01KFVAY55RAPJP2DHYQ6VDQMJQ,shoe,1945.0,01JYPMJYQ08JKMAV109E8E27GE-clothes,29,bowtie,clothes,human,human
01KFVAEZ7SE5Q4J38DNFA4701N,01KFVAY55RAPJP2DHYQ6VDQMJQ,trainer,2040.0,01JYPMJYQ08JKMAV109E8E27GE-clothes,30,sock,clothes,human,human
01KFVAEZ7SE5Q4J38DNFA4701N,01KFVAY55RAPJP2DHYQ6VDQMJQ,tracksuit,12496.0,01JYPMJYQ08JKMAV109E8E27GE-clothes,31,socks,clothes,human,human
01KFVAEZ7SE5Q4J38DNFA4701N,01KFVAY55RAPJP2DHYQ6VDQMJQ,flare,6555.0,01JYPMJYQ08JKMAV109E8E27GE-clothes,32,socks,clothes,human,human
01KFVAEZ7SE5Q4J38DNFA4701N,01KFVAY55RAPJP2DHYQ6VDQMJQ,sandal,13719.0,01JYPMJYQ08JKMAV109E8E27GE-clothes,33,trunks,clothes,human,human
01KFVAEZ7SE5Q4J38DNFA4701N,01KFVAY55RAPJP2DHYQ6VDQMJQ,flip-flop,6338.0,01JYPMJYQ08JKMAV109E8E27GE-clothes,34,slippers,clothes,human,human
01KFVAEZ7SE5Q4J38DNFA4701N,01KFVAY55RAPJP2DHYQ6VDQMJQ,gilet,10007.0,01JYPMJYQ08JKMAV109E8E27GE-clothes,35,jellies,clothes,human,human
01KFVAEZ7SE5Q4J38DNFA4701N,01KFVAY55RAPJP2DHYQ6VDQMJQ,mitten,4980.0,01JYPMJYQ08JKMAV109E8E27GE-clothes,36,socks,clothes,human,human
01KFVAEZ7SE5Q4J38DNFA4701N,01KFVAY55RAPJP2DHYQ6VDQMJQ,heel,4241.0,01JYPMJYQ08JKMAV109E8E27GE-clothes,37,gloves,clothes,human,human
01KFVAEZ7SE5Q4J38DNFA4701N,01KFVAY55RAPJP2DHYQ6VDQMJQ,trench,7297.0,01JYPMJYQ08JKMAV109E8E27GE-clothes,38,pumps,clothes,human,human
01KFVAF1D64C3T8NBWRJ1XZGN6,01KFVBAP4E3HVGRTK10C4BX6C3,cart,6212.0,01JRZTYPA683EJCD98JEP0H9HZ-supermarket,1,,supermarket,human,human
01KFVAF1D64C3T8NBWRJ1XZGN6,01KFVBAP4E3HVGRTK10C4BX6C3,cookie,14835.0,01JRZTYPA683EJCD98JEP0H9HZ-supermarket,2,horsecart,supermarket,human,human
01KFVAF1D64C3T8NBWRJ1XZGN6,01KFVBAP4E3HVGRTK10C4BX6C3,salad,6618.0,01JRZTYPA683EJCD98JEP0H9HZ-supermarket,3,biscuitcakechocolatechip,supermarket,human,human
01KFVAF1D64C3T8NBWRJ1XZGN6,01KFVBAP4E3HVGRTK10C4BX6C3,apple,4876.0,01JRZTYPA683EJCD98JEP0H9HZ-supermarket,4,fishchickenmeatpotatoeggs,supermarket,human,human
01KFVAF1D64C3T8NBWRJ1XZGN6,01KFVBAP4E3HVGRTK10C4BX6C3,banana,3430.0,01JRZTYPA683EJCD98JEP0H9HZ-supermarket,5,peascarrotsfishchickentomatoeggsbeetrootlettuce,supermarket,human,human
01KFVAF1D64C3T8NBWRJ1XZGN6,01KFVBAP4E3HVGRTK10C4BX6C3,orange,3413.0,01JRZTYPA683EJCD98JEP0H9HZ-supermarket,6,pearorangecranberrieswalnutscashewnutsavocadobreadrollscrustybreadbrownbreadwholemealbreadbutteroils,supermarket,human,human
01KFVAF1D64C3T8NBWRJ1XZGN6,01KFVBAP4E3HVGRTK10C4BX6C3,tomato,3396.0,01JRZTYPA683EJCD98JEP0H9HZ-supermarket,7,pearcranberriesgrapesredgrapesgreengrapesavocadonutswalnutscashewnutsrollssodasconescones,supermarket,human,human
01KFVAF1D64C3T8NBWRJ1XZGN6,01KFVBAP4E3HVGRTK10C4BX6C3,carrot,2764.0,01JRZTYPA683EJCD98JEP0H9HZ-supermarket,8,lettucespringonionsaladcreammayonnaisebeetrooteggsbreadrollscrackersseedsavocadodatesraisinssultanascrispscrackers,supermarket,human,human
01KFVAF1D64C3T8NBWRJ1XZGN6,01KFVBAP4E3HVGRTK10C4BX6C3,blueberry,4419.0,01JRZTYPA683EJCD98JEP0H9HZ-supermarket,9,lettucespringonionpeargrapeseggsnutssaladcreammayonnaiseturnippotatopeachcherriesradishescrackersbreadrolls,supermarket,human,human
01KFVAF1D64C3T8NBWRJ1XZGN6,01KFVBAP4E3HVGRTK10C4BX6C3,strawberry,2517.0,01JRZTYPA683EJCD98JEP0H9HZ-supermarket,10,,supermarket,human,human
01KFVAF1D64C3T8NBWRJ1XZGN6,01KFVBAP4E3HVGRTK10C4BX6C3,onion,10523.0,01JRZTYPA683EJCD98JEP0H9HZ-supermarket,11,,supermarket,human,human
01KFVAF1D64C3T8NBWRJ1XZGN6,01KFVBAP4E3HVGRTK10C4BX6C3,potato,1733.0,01JRZTYPA683EJCD98JEP0H9HZ-supermarket,12,,supermarket,human,human
01KFVAF1D64C3T8NBWRJ1XZGN6,01KFVBAP4E3HVGRTK10C4BX6C3,milk,1411.0,01JRZTYPA683EJCD98JEP0H9HZ-supermarket,13,,supermarket,human,human
01KFVAF1D64C3T8NBWRJ1XZGN6,01KFVBAP4E3HVGRTK10C4BX6C3,egg,1809.0,01JRZTYPA683EJCD98JEP0H9HZ-supermarket,14,,supermarket,human,human
01KFVAF1D64C3T8NBWRJ1XZGN6,01KFVBAP4E3HVGRTK10C4BX6C3,butter,1665.0,01JRZTYPA683EJCD98JEP0H9HZ-supermarket,15,,supermarket,human,human
01KFVAF1D64C3T8NBWRJ1XZGN6,01KFVBAP4E3HVGRTK10C4BX6C3,pasta,2056.0,01JRZTYPA683EJCD98JEP0H9HZ-supermarket,16,,supermarket,human,human
01KFVAF1D64C3T8NBWRJ1XZGN6,01KFVBAP4E3HVGRTK10C4BX6C3,pizza,1046.0,01JRZTYPA683EJCD98JEP0H9HZ-supermarket,17,,supermarket,human,human
01KFVAF1D64C3T8NBWRJ1XZGN6,01KFVBAP4E3HVGRTK10C4BX6C3,cheese,3475.0,01JRZTYPA683EJCD98JEP0H9HZ-supermarket,18,,supermarket,human,human
01KFVAF1D64C3T8NBWRJ1XZGN6,01KFVBAP4E3HVGRTK10C4BX6C3,wine,2504.0,01JRZTYPA683EJCD98JEP0H9HZ-supermarket,19,,supermarket,human,human
01KFVAF1D64C3T8NBWRJ1XZGN6,01KFVBAP4E3HVGRTK10C4BX6C3,yogurt,5276.0,01JRZTYPA683EJCD98JEP0H9HZ-supermarket,20,,supermarket,human,human
01KFVAF1D64C3T8NBWRJ1XZGN6,01KFVBAP4E3HVGRTK10C4BX6C3,protein powder,5302.0,01JRZTYPA683EJCD98JEP0H9HZ-supermarket,21,,supermarket,human,human
01KFVAF1D64C3T8NBWRJ1XZGN6,01KFVBAP4E3HVGRTK10C4BX6C3,salt,1473.0,01JRZTYPA683EJCD98JEP0H9HZ-supermarket,22,,supermarket,human,human
01KFVAF1D64C3T8NBWRJ1XZGN6,01KFVBAP4E3HVGRTK10C4BX6C3,pepper,1206.0,01JRZTYPA683EJCD98JEP0H9HZ-supermarket,23,,supermarket,human,human
01KFVAF1D64C3T8NBWRJ1XZGN6,01KFVBAP4E3HVGRTK10C4BX6C3,bacon,4278.0,01JRZTYPA683EJCD98JEP0H9HZ-supermarket,24,,supermarket,human,human
01KFVAF1D64C3T8NBWRJ1XZGN6,01KFVBAP4E3HVGRTK10C4BX6C3,fish,3075.0,01JRZTYPA683EJCD98JEP0H9HZ-supermarket,25,,supermarket,human,human
01KFVAF1D64C3T8NBWRJ1XZGN6,01KFVBAP4E3HVGRTK10C4BX6C3,beef,2786.0,01JRZTYPA683EJCD98JEP0H9HZ-supermarket,26,,supermarket,human,human
01KFVAF1D64C3T8NBWRJ1XZGN6,01KFVBAP4E3HVGRTK10C4BX6C3,ice cream,6018.0,01JRZTYPA683EJCD98JEP0H9HZ-supermarket,27,,supermarket,human,human
01KFVAF1D64C3T8NBWRJ1XZGN6,01KFVBAP4E3HVGRTK10C4BX6C3,flour,1945.0,01JRZTYPA683EJCD98JEP0H9HZ-supermarket,28,,supermarket,human,human
01KFVAF1D64C3T8NBWRJ1XZGN6,01KFVBAP4E3HVGRTK10C4BX6C3,sugar,1452.0,01JRZTYPA683EJCD98JEP0H9HZ-supermarket,29,,supermarket,human,human
01KFVAF1D64C3T8NBWRJ1XZGN6,01KFVBAP4E3HVGRTK10C4BX6C3,olive oil,3654.0,01JRZTYPA683EJCD98JEP0H9HZ-supermarket,30,,supermarket,human,human
01KFVAF1D64C3T8NBWRJ1XZGN6,01KFVBAP4E3HVGRTK10C4BX6C3,popcorn,7709.0,01JRZTYPA683EJCD98JEP0H9HZ-supermarket,31,,supermarket,human,human
01KFVAF1D64C3T8NBWRJ1XZGN6,01KFVBAP4E3HVGRTK10C4BX6C3,candy,1167.0,01JRZTYPA683EJCD98JEP0H9HZ-supermarket,32,,supermarket,human,human
01KFVAF1D64C3T8NBWRJ1XZGN6,01KFVBAP4E3HVGRTK10C4BX6C3,bagel,4476.0,01JRZTYPA683EJCD98JEP0H9HZ-supermarket,33,,supermarket,human,human
01KFVAF1D64C3T8NBWRJ1XZGN6,01KFVBAP4E3HVGRTK10C4BX6C3,muffin,1386.0,01JRZTYPA683EJCD98JEP0H9HZ-supermarket,34,,supermarket,human,human
01KFVAF1D64C3T8NBWRJ1XZGN6,01KFVBAP4E3HVGRTK10C4BX6C3,cake,2594.0,01JRZTYPA683EJCD98JEP0H9HZ-supermarket,35,,supermarket,human,human
01KFVAF1D64C3T8NBWRJ1XZGN6,01KFVBAP4E3HVGRTK10C4BX6C3,jam,2124.0,01JRZTYPA683EJCD98JEP0H9HZ-supermarket,36,,supermarket,human,human
01KFVAF1D64C3T8NBWRJ1XZGN6,01KFVBAP4E3HVGRTK10C4BX6C3,peanut butter,3626.0,01JRZTYPA683EJCD98JEP0H9HZ-supermarket,37,,supermarket,human,human
01KFVAF1D64C3T8NBWRJ1XZGN6,01KFVBAP4E3HVGRTK10C4BX6C3,coffee,4415.0,01JRZTYPA683EJCD98JEP0H9HZ-supermarket,38,,supermarket,human,human
01KFVAF1D64C3T8NBWRJ1XZGN6,01KFVBAP4E3HVGRTK10C4BX6C3,beer,1516.0,01JRZTYPA683EJCD98JEP0H9HZ-supermarket,39,,supermarket,human,human
01KFVAF1D64C3T8NBWRJ1XZGN6,01KFVBAP4E3HVGRTK10C4BX6C3,almond milk,4050.0,01JRZTYPA683EJCD98JEP0H9HZ-supermarket,40,,supermarket,human,human
01KFVAF1D64C3T8NBWRJ1XZGN6,01KFVBAP4E3HVGRTK10C4BX6C3,coke,1527.0,01JRZTYPA683EJCD98JEP0H9HZ-supermarket,41,,supermarket,human,human
01KFVAF1D64C3T8NBWRJ1XZGN6,01KFVBAP4E3HVGRTK10C4BX6C3,pepsi,2464.0,01JRZTYPA683EJCD98JEP0H9HZ-supermarket,42,,supermarket,human,human
01KFVAF1D64C3T8NBWRJ1XZGN6,01KFVBAP4E3HVGRTK10C4BX6C3,paper towel,10102.0,01JRZTYPA683EJCD98JEP0H9HZ-supermarket,43,,supermarket,human,human
01KFVAF1D64C3T8NBWRJ1XZGN6,01KFVBAP4E3HVGRTK10C4BX6C3,detergent,4959.0,01JRZTYPA683EJCD98JEP0H9HZ-supermarket,44,,supermarket,human,human
01KFVAF1D64C3T8NBWRJ1XZGN6,01KFVBAP4E3HVGRTK10C4BX6C3,tupperware,7080.0,01JRZTYPA683EJCD98JEP0H9HZ-supermarket,45,,supermarket,human,human
01KFVAF1D64C3T8NBWRJ1XZGN6,01KFVBAP4E3HVGRTK10C4BX6C3,candle,1285.0,01JRZTYPA683EJCD98JEP0H9HZ-supermarket,46,,supermarket,human,human
01KFVAF1D1TQN5E3Y4XPDEE5D3,01KFVB3GCQ2ASEP1SP5PVGYAG7,cat,3565.0,01K0Q810HXRE8R1ADNCXVP56SM-animals,1,,animals,human,human
01KFVAF1D1TQN5E3Y4XPDEE5D3,01KFVB3GCQ2ASEP1SP5PVGYAG7,dog,1521.0,01K0Q810HXRE8R1ADNCXVP56SM-animals,2,dog,animals,human,human
01KFVAF1D1TQN5E3Y4XPDEE5D3,01KFVB3GCQ2ASEP1SP5PVGYAG7,lion,1217.0,01K0Q810HXRE8R1ADNCXVP56SM-animals,3,horse,animals,human,human
01KFVAF1D1TQN5E3Y4XPDEE5D3,01KFVB3GCQ2ASEP1SP5PVGYAG7,tiger,1077.0,01K0Q810HXRE8R1ADNCXVP56SM-animals,4,horse,animals,human,human
01KFVAF1D1TQN5E3Y4XPDEE5D3,01KFVB3GCQ2ASEP1SP5PVGYAG7,chicken,2765.0,01K0Q810HXRE8R1ADNCXVP56SM-animals,5,bear,animals,human,human
01KFVAF1D1TQN5E3Y4XPDEE5D3,01KFVB3GCQ2ASEP1SP5PVGYAG7,turkey,2059.0,01K0Q810HXRE8R1ADNCXVP56SM-animals,6,cow,animals,human,human
01KFVAF1D1TQN5E3Y4XPDEE5D3,01KFVB3GCQ2ASEP1SP5PVGYAG7,cheetah,35550.0,01K0Q810HXRE8R1ADNCXVP56SM-animals,7,cow,animals,human,human
01KFVAF1D1TQN5E3Y4XPDEE5D3,01KFVB3GCQ2ASEP1SP5PVGYAG7,leopard,2888.0,01K0Q810HXRE8R1ADNCXVP56SM-animals,8,giraffe,animals,human,human
01KFVAF1D1TQN5E3Y4XPDEE5D3,01KFVB3GCQ2ASEP1SP5PVGYAG7,frog,1946.0,01K0Q810HXRE8R1ADNCXVP56SM-animals,9,elephant,animals,human,human
01KFVAF1D1TQN5E3Y4XPDEE5D3,01KFVB3GCQ2ASEP1SP5PVGYAG7,snake,1197.0,01K0Q810HXRE8R1ADNCXVP56SM-animals,10,elephant,animals,human,human
01KFVAF1D1TQN5E3Y4XPDEE5D3,01KFVB3GCQ2ASEP1SP5PVGYAG7,ant,1389.0,01K0Q810HXRE8R1ADNCXVP56SM-animals,11,cow,animals,human,human
01KFVAF1D1TQN5E3Y4XPDEE5D3,01KFVB3GCQ2ASEP1SP5PVGYAG7,eagle,1247.0,01K0Q810HXRE8R1ADNCXVP56SM-animals,12,spider,animals,human,human
01KFVAF1D1TQN5E3Y4XPDEE5D3,01KFVB3GCQ2ASEP1SP5PVGYAG7,elephant,2319.0,01K0Q810HXRE8R1ADNCXVP56SM-animals,13,hawk,animals,human,human
01KFVAF1D1TQN5E3Y4XPDEE5D3,01KFVB3GCQ2ASEP1SP5PVGYAG7,llama,1989.0,01K0Q810HXRE8R1ADNCXVP56SM-animals,14,cow,animals,human,human
01KFVAF1D1TQN5E3Y4XPDEE5D3,01KFVB3GCQ2ASEP1SP5PVGYAG7,alpaca,1399.0,01K0Q810HXRE8R1ADNCXVP56SM-animals,15,alpaca,animals,human,human
01KFVAF1D1TQN5E3Y4XPDEE5D3,01KFVB3GCQ2ASEP1SP5PVGYAG7,peacock,5422.0,01K0Q810HXRE8R1ADNCXVP56SM-animals,16,sheep,animals,human,human
01KFVAF1D1TQN5E3Y4XPDEE5D3,01KFVB3GCQ2ASEP1SP5PVGYAG7,pig,5308.0,01K0Q810HXRE8R1ADNCXVP56SM-animals,17,goat,animals,human,human
01KFVAF1D1TQN5E3Y4XPDEE5D3,01KFVB3GCQ2ASEP1SP5PVGYAG7,cow,1383.0,01K0Q810HXRE8R1ADNCXVP56SM-animals,18,at,animals,human,human
01KFVAF1D1TQN5E3Y4XPDEE5D3,01KFVB3GCQ2ASEP1SP5PVGYAG7,sheep,1419.0,01K0Q810HXRE8R1ADNCXVP56SM-animals,19,goat,animals,human,human
01KFVAF1D1TQN5E3Y4XPDEE5D3,01KFVB3GCQ2ASEP1SP5PVGYAG7,duck,1744.0,01K0Q810HXRE8R1ADNCXVP56SM-animals,20,oat,animals,human,human
01KFVAF1D1TQN5E3Y4XPDEE5D3,01KFVB3GCQ2ASEP1SP5PVGYAG7,goose,920.0,01K0Q810HXRE8R1ADNCXVP56SM-animals,21,goat,animals,human,human
01KFVAF1D1TQN5E3Y4XPDEE5D3,01KFVB3GCQ2ASEP1SP5PVGYAG7,hare,4765.0,01K0Q810HXRE8R1ADNCXVP56SM-animals,22,swan,animals,human,human
01KFVAF1D1TQN5E3Y4XPDEE5D3,01KFVB3GCQ2ASEP1SP5PVGYAG7,rabbit,2069.0,01K0Q810HXRE8R1ADNCXVP56SM-animals,23,mouse,animals,human,human
01KFVAF1D1TQN5E3Y4XPDEE5D3,01KFVB3GCQ2ASEP1SP5PVGYAG7,hamster,5879.0,01K0Q810HXRE8R1ADNCXVP56SM-animals,24,mouse,animals,human,human
01KFVAF1D1TQN5E3Y4XPDEE5D3,01KFVB3GCQ2ASEP1SP5PVGYAG7,boar,5421.0,01K0Q810HXRE8R1ADNCXVP56SM-animals,25,mouse,animals,human,human
01KFVAF1D1TQN5E3Y4XPDEE5D3,01KFVB3GCQ2ASEP1SP5PVGYAG7,turtle,4489.0,01K0Q810HXRE8R1ADNCXVP56SM-animals,26,goat,animals,human,human
01KFVAF1D1TQN5E3Y4XPDEE5D3,01KFVB3GCQ2ASEP1SP5PVGYAG7,tortoise,2122.0,01K0Q810HXRE8R1ADNCXVP56SM-animals,27,toad,animals,human,human
01KFVAF1D1TQN5E3Y4XPDEE5D3,01KFVB3GCQ2ASEP1SP5PVGYAG7,toad,3443.0,01K0Q810HXRE8R1ADNCXVP56SM-animals,28,toad,animals,human,human
01KFVAF1D1TQN5E3Y4XPDEE5D3,01KFVB3GCQ2ASEP1SP5PVGYAG7,shark,5224.0,01K0Q810HXRE8R1ADNCXVP56SM-animals,29,lizard,animals,human,human
01KFVAF1D1TQN5E3Y4XPDEE5D3,01KFVB3GCQ2ASEP1SP5PVGYAG7,tuna,2177.0,01K0Q810HXRE8R1ADNCXVP56SM-animals,30,fish,animals,human,human
01KFVAF1D1TQN5E3Y4XPDEE5D3,01KFVB3GCQ2ASEP1SP5PVGYAG7,bass,4181.0,01K0Q810HXRE8R1ADNCXVP56SM-animals,31,eel,animals,human,human
01KFVAF1D1TQN5E3Y4XPDEE5D3,01KFVB3GCQ2ASEP1SP5PVGYAG7,walleye,3536.0,01K0Q810HXRE8R1ADNCXVP56SM-animals,32,carp,animals,human,human
01KFVAF1D1TQN5E3Y4XPDEE5D3,01KFVB3GCQ2ASEP1SP5PVGYAG7,goat,8016.0,01K0Q810HXRE8R1ADNCXVP56SM-animals,33,carp,animals,human,human
01KFVAF1D1TQN5E3Y4XPDEE5D3,01KFVB3GCQ2ASEP1SP5PVGYAG7,deer,1773.0,01K0Q810HXRE8R1ADNCXVP56SM-animals,34,buffalo,animals,human,human
01KFVAF1D1TQN5E3Y4XPDEE5D3,01KFVB3GCQ2ASEP1SP5PVGYAG7,moose,1051.0,01K0Q810HXRE8R1ADNCXVP56SM-animals,35,buffalo,animals,human,human
01KFVAF1D1TQN5E3Y4XPDEE5D3,01KFVB3GCQ2ASEP1SP5PVGYAG7,elk,2710.0,01K0Q810HXRE8R1ADNCXVP56SM-animals,36,buffalo,animals,human,human
01KFVAF1D1TQN5E3Y4XPDEE5D3,01KFVB3GCQ2ASEP1SP5PVGYAG7,bear,2912.0,01K0Q810HXRE8R1ADNCXVP56SM-animals,37,buffalo,animals,human,human
01KFVAF1D1TQN5E3Y4XPDEE5D3,01KFVB3GCQ2ASEP1SP5PVGYAG7,panda,2085.0,01K0Q810HXRE8R1ADNCXVP56SM-animals,38,giraffe,animals,human,human
01KFVAF1D1TQN5E3Y4XPDEE5D3,01KFVB3GCQ2ASEP1SP5PVGYAG7,kangaroo,2914.0,01K0Q810HXRE8R1ADNCXVP56SM-animals,39,koala,animals,human,human
01KFVAF1D1TQN5E3Y4XPDEE5D3,01KFVB3GCQ2ASEP1SP5PVGYAG7,koala,1746.0,01K0Q810HXRE8R1ADNCXVP56SM-animals,40,koala,animals,human,human
01KFVAF1D1TQN5E3Y4XPDEE5D3,01KFVB3GCQ2ASEP1SP5PVGYAG7,alligator,4301.0,01K0Q810HXRE8R1ADNCXVP56SM-animals,41,spider,animals,human,human
01KFVAF1D1TQN5E3Y4XPDEE5D3,01KFVB3GCQ2ASEP1SP5PVGYAG7,crocodile,2789.0,01K0Q810HXRE8R1ADNCXVP56SM-animals,42,crocodile,animals,human,human
01KFVAF1D1TQN5E3Y4XPDEE5D3,01KFVB3GCQ2ASEP1SP5PVGYAG7,capybara,9443.0,01K0Q810HXRE8R1ADNCXVP56SM-animals,43,spider,animals,human,human
01KFVAF1D1TQN5E3Y4XPDEE5D3,01KFVB3GCQ2ASEP1SP5PVGYAG7,jaguar,3670.0,01K0Q810HXRE8R1ADNCXVP56SM-animals,44,spider,animals,human,human
01KFVAF1D1TQN5E3Y4XPDEE5D3,01KFVB3GCQ2ASEP1SP5PVGYAG7,cougar,3246.0,01K0Q810HXRE8R1ADNCXVP56SM-animals,45,cougar,animals,human,human
01KFVAF1D1TQN5E3Y4XPDEE5D3,01KFVB3GCQ2ASEP1SP5PVGYAG7,bison,8025.0,01K0Q810HXRE8R1ADNCXVP56SM-animals,46,ocelot,animals,human,human
01KFVAF1D1TQN5E3Y4XPDEE5D3,01KFVB3GCQ2ASEP1SP5PVGYAG7,coyote,2485.0,01K0Q810HXRE8R1ADNCXVP56SM-animals,47,buffalo,animals,human,human
01KFVAEZ80RY44NWN53YT7SG72,01KFVB19T93B4SA3VEXZ5TEC2A,koala,7125.0,01K0Q740G667W38R93DTNE124Q-animals,1,,animals,human,human
01KFVAEZ80RY44NWN53YT7SG72,01KFVB19T93B4SA3VEXZ5TEC2A,dog,1435.0,01K0Q740G667W38R93DTNE124Q-animals,2,kangaroo,animals,human,human
01KFVAEZ80RY44NWN53YT7SG72,01KFVB19T93B4SA3VEXZ5TEC2A,cat,886.0,01K0Q740G667W38R93DTNE124Q-animals,3,cat,animals,human,human
01KFVAEZ80RY44NWN53YT7SG72,01KFVB19T93B4SA3VEXZ5TEC2A,tiger,1015.0,01K0Q740G667W38R93DTNE124Q-animals,4,bird,animals,human,human
01KFVAEZ80RY44NWN53YT7SG72,01KFVB19T93B4SA3VEXZ5TEC2A,elephant,2686.0,01K0Q740G667W38R93DTNE124Q-animals,5,lion,animals,human,human
01KFVAEZ80RY44NWN53YT7SG72,01KFVB19T93B4SA3VEXZ5TEC2A,zebra,3916.0,01K0Q740G667W38R93DTNE124Q-animals,6,lion,animals,human,human
01KFVAEZ80RY44NWN53YT7SG72,01KFVB19T93B4SA3VEXZ5TEC2A,dolphin,2374.0,01K0Q740G667W38R93DTNE124Q-animals,7,lion,animals,human,human
01KFVAEZ80RY44NWN53YT7SG72,01KFVB19T93B4SA3VEXZ5TEC2A,bear,976.0,01K0Q740G667W38R93DTNE124Q-animals,8,lion,animals,human,human
01KFVAEZ80RY44NWN53YT7SG72,01KFVB19T93B4SA3VEXZ5TEC2A,lion,3333.0,01K0Q740G667W38R93DTNE124Q-animals,9,lion,animals,human,human
01KFVAEZ80RY44NWN53YT7SG72,01KFVB19T93B4SA3VEXZ5TEC2A,kangaroo,3213.0,01K0Q740G667W38R93DTNE124Q-animals,10,whale,animals,human,human
01KFVAEZ80RY44NWN53YT7SG72,01KFVB19T93B4SA3VEXZ5TEC2A,fox,1770.0,01K0Q740G667W38R93DTNE124Q-animals,11,horse,animals,human,human
01KFVAEZ80RY44NWN53YT7SG72,01KFVB19T93B4SA3VEXZ5TEC2A,giraffe,3565.0,01K0Q740G667W38R93DTNE124Q-animals,12,horse,animals,human,human
01KFVAEZ80RY44NWN53YT7SG72,01KFVB19T93B4SA3VEXZ5TEC2A,monkey,1810.0,01K0Q740G667W38R93DTNE124Q-animals,13,horse,animals,human,human
01KFVAEZ80RY44NWN53YT7SG72,01KFVB19T93B4SA3VEXZ5TEC2A,whale,3131.0,01K0Q740G667W38R93DTNE124Q-animals,14,horse,animals,human,human
01KFVAEZ80RY44NWN53YT7SG72,01KFVB19T93B4SA3VEXZ5TEC2A,cow,1263.0,01K0Q740G667W38R93DTNE124Q-animals,15,horse,animals,human,human
01KFVAEZ80RY44NWN53YT7SG72,01KFVB19T93B4SA3VEXZ5TEC2A,camel,1131.0,01K0Q740G667W38R93DTNE124Q-animals,16,horse,animals,human,human
01KFVAEZ80RY44NWN53YT7SG72,01KFVB19T93B4SA3VEXZ5TEC2A,goat,1124.0,01K0Q740G667W38R93DTNE124Q-animals,17,horse,animals,human,human
01KFVAEZ80RY44NWN53YT7SG72,01KFVB19T93B4SA3VEXZ5TEC2A,eagle,4060.0,01K0Q740G667W38R93DTNE124Q-animals,18,horse,animals,human,human
01KFVAEZ80RY44NWN53YT7SG72,01KFVB19T93B4SA3VEXZ5TEC2A,parrot,3231.0,01K0Q740G667W38R93DTNE124Q-animals,19,horse,animals,human,human
01KFVAEZ80RY44NWN53YT7SG72,01KFVB19T93B4SA3VEXZ5TEC2A,fish,3704.0,01K0Q740G667W38R93DTNE124Q-animals,20,horse,animals,human,human
01KFVAEZ80RY44NWN53YT7SG72,01KFVB19T93B4SA3VEXZ5TEC2A,bee,1184.0,01K0Q740G667W38R93DTNE124Q-animals,21,horse,animals,human,human
01KFVAEZ80RY44NWN53YT7SG72,01KFVB19T93B4SA3VEXZ5TEC2A,sloth,5124.0,01K0Q740G667W38R93DTNE124Q-animals,22,horse,animals,human,human
01KFVAEZ80RY44NWN53YT7SG72,01KFVB19T93B4SA3VEXZ5TEC2A,bat,3781.0,01K0Q740G667W38R93DTNE124Q-animals,23,horse,animals,human,human
01KFVAEZ80RY44NWN53YT7SG72,01KFVB19T93B4SA3VEXZ5TEC2A,rabbit,15226.0,01K0Q740G667W38R93DTNE124Q-animals,24,horse,animals,human,human
01KFVAEZ80RY44NWN53YT7SG72,01KFVB19T93B4SA3VEXZ5TEC2A,squirrel,2884.0,01K0Q740G667W38R93DTNE124Q-animals,25,horse,animals,human,human
01KFVAEZ80RY44NWN53YT7SG72,01KFVB19T93B4SA3VEXZ5TEC2A,rat,1119.0,01K0Q740G667W38R93DTNE124Q-animals,26,horse,animals,human,human
01KFVAEZ80RY44NWN53YT7SG72,01KFVB19T93B4SA3VEXZ5TEC2A,mouse,1032.0,01K0Q740G667W38R93DTNE124Q-animals,27,horse,animals,human,human
01KFVAEZ80RY44NWN53YT7SG72,01KFVB19T93B4SA3VEXZ5TEC2A,pig,1069.0,01K0Q740G667W38R93DTNE124Q-animals,28,horse,animals,human,human
01KFVAEZ80RY44NWN53YT7SG72,01KFVB19T93B4SA3VEXZ5TEC2A,sheep,1913.0,01K0Q740G667W38R93DTNE124Q-animals,29,horse,animals,human,human
01KFVAEZ80RY44NWN53YT7SG72,01KFVB19T93B4SA3VEXZ5TEC2A,donkey,1914.0,01K0Q740G667W38R93DTNE124Q-animals,30,horse,animals,human,human
01KFVAEZ80RY44NWN53YT7SG72,01KFVB19T93B4SA3VEXZ5TEC2A,mule,1293.0,01K0Q740G667W38R93DTNE124Q-animals,31,horse,animals,human,human
01KFVAEZ80RY44NWN53YT7SG72,01KFVB19T93B4SA3VEXZ5TEC2A,horse,1347.0,01K0Q740G667W38R93DTNE124Q-animals,32,horse,animals,human,human
01KFVAEZ80RY44NWN53YT7SG72,01KFVB19T93B4SA3VEXZ5TEC2A,cheetah,3371.0,01K0Q740G667W38R93DTNE124Q-animals,33,snake,animals,human,human
01KFVAEZ80RY44NWN53YT7SG72,01KFVB19T93B4SA3VEXZ5TEC2A,jaguar,4362.0,01K0Q740G667W38R93DTNE124Q-animals,34,leopard,animals,human,human
01KFVAEZ80RY44NWN53YT7SG72,01KFVB19T93B4SA3VEXZ5TEC2A,moose,832.0,01K0Q740G667W38R93DTNE124Q-animals,35,leopard,animals,human,human
01KFVAEZ80RY44NWN53YT7SG72,01KFVB19T93B4SA3VEXZ5TEC2A,elk,1337.0,01K0Q740G667W38R93DTNE124Q-animals,36,leopard,animals,human,human
01KFVAEZ80RY44NWN53YT7SG72,01KFVB19T93B4SA3VEXZ5TEC2A,reindeer,2727.0,01K0Q740G667W38R93DTNE124Q-animals,37,deer,animals,human,human
01KFVAEZ80RY44NWN53YT7SG72,01KFVB19T93B4SA3VEXZ5TEC2A,porcupine,7082.0,01K0Q740G667W38R93DTNE124Q-animals,38,snake,animals,human,human
01KFVAEZ80RY44NWN53YT7SG72,01KFVB19T93B4SA3VEXZ5TEC2A,leopard,7452.0,01K0Q740G667W38R93DTNE124Q-animals,39,badger,animals,human,human
01KFVAEZ80RY44NWN53YT7SG72,01KFVB19T93B4SA3VEXZ5TEC2A,puma,1373.0,01K0Q740G667W38R93DTNE124Q-animals,40,lynx,animals,human,human
01KFVAEZ80RY44NWN53YT7SG72,01KFVB19T93B4SA3VEXZ5TEC2A,seal,4729.0,01K0Q740G667W38R93DTNE124Q-animals,41,lynx,animals,human,human
01KFVAEZ80RY44NWN53YT7SG72,01KFVB19T93B4SA3VEXZ5TEC2A,orca,2455.0,01K0Q740G667W38R93DTNE124Q-animals,42,shark,animals,human,human
01KFVAEZ80RY44NWN53YT7SG72,01KFVB19T93B4SA3VEXZ5TEC2A,walrus,6041.0,01K0Q740G667W38R93DTNE124Q-animals,43,shark,animals,human,human
01KFVAEZ80RY44NWN53YT7SG72,01KFVB19T93B4SA3VEXZ5TEC2A,manatee,4307.0,01K0Q740G667W38R93DTNE124Q-animals,44,shark,animals,human,human
01KFVAEZ80RY44NWN53YT7SG72,01KFVB19T93B4SA3VEXZ5TEC2A,gorilla,4778.0,01K0Q740G667W38R93DTNE124Q-animals,45,shark,animals,human,human
01KFVAEZ80RY44NWN53YT7SG72,01KFVB19T93B4SA3VEXZ5TEC2A,lemur,2234.0,01K0Q740G667W38R93DTNE124Q-animals,46,shark,animals,human,human
01KFVAEZ80RY44NWN53YT7SG72,01KFVB19T93B4SA3VEXZ5TEC2A,mole,6525.0,01K0Q740G667W38R93DTNE124Q-animals,47,shark,animals,human,human
01KFVAEZ80RY44NWN53YT7SG72,01KFVB19T93B4SA3VEXZ5TEC2A,armadillo,4141.0,01K0Q740G667W38R93DTNE124Q-animals,48,vole,animals,human,human
01KFVAEZ80RY44NWN53YT7SG72,01KFVB19T93B4SA3VEXZ5TEC2A,platypus,9440.0,01K0Q740G667W38R93DTNE124Q-animals,49,pangolin,animals,human,human
01KFVAEZ80RY44NWN53YT7SG72,01KFVB19T93B4SA3VEXZ5TEC2A,ant,5252.0,01K0Q740G667W38R93DTNE124Q-animals,50,pangolin,animals,human,human
01KFVAEZ80RY44NWN53YT7SG72,01KFVB19T93B4SA3VEXZ5TEC2A,spider,1631.0,01K0Q740G667W38R93DTNE124Q-animals,51,spider,animals,human,human
01KFVAEZ80RY44NWN53YT7SG72,01KFVB19T93B4SA3VEXZ5TEC2A,grasshopper,3266.0,01K0Q740G667W38R93DTNE124Q-animals,52,fly,animals,human,human
01KEYTFAMW2FZR0MJN92JYR42S,01KEYXCBKQXZ7Z985H2TSXSGZ1,apple,3676.0,01JRZYA5RWAP9QC28P6WRAKD5C-supermarket,1,,supermarket,human,human
01KEYTFAMW2FZR0MJN92JYR42S,01KEYXCBKQXZ7Z985H2TSXSGZ1,orange,1986.0,01JRZYA5RWAP9QC28P6WRAKD5C-supermarket,2,carrot,supermarket,human,human
01KEYTFAMW2FZR0MJN92JYR42S,01KEYXCBKQXZ7Z985H2TSXSGZ1,lettuce,2355.0,01JRZYA5RWAP9QC28P6WRAKD5C-supermarket,3,banana,supermarket,human,human
01KEYTFAMW2FZR0MJN92JYR42S,01KEYXCBKQXZ7Z985H2TSXSGZ1,bread,1577.0,01JRZYA5RWAP9QC28P6WRAKD5C-supermarket,4,tomato,supermarket,human,human
01KEYTFAMW2FZR0MJN92JYR42S,01KEYXCBKQXZ7Z985H2TSXSGZ1,milk,1338.0,01JRZYA5RWAP9QC28P6WRAKD5C-supermarket,5,eggs,supermarket,human,human
01KEYTFAMW2FZR0MJN92JYR42S,01KEYXCBKQXZ7Z985H2TSXSGZ1,egg,1186.0,01JRZYA5RWAP9QC28P6WRAKD5C-supermarket,6,eggs,supermarket,human,human
01KEYTFAMW2FZR0MJN92JYR42S,01KEYXCBKQXZ7Z985H2TSXSGZ1,salad dressing,5749.0,01JRZYA5RWAP9QC28P6WRAKD5C-supermarket,7,cheese,supermarket,human,human
01KEYTFAMW2FZR0MJN92JYR42S,01KEYXCBKQXZ7Z985H2TSXSGZ1,strawberry,4485.0,01JRZYA5RWAP9QC28P6WRAKD5C-supermarket,8,cheese,supermarket,human,human
01KEYTFAMW2FZR0MJN92JYR42S,01KEYXCBKQXZ7Z985H2TSXSGZ1,cherry,2476.0,01JRZYA5RWAP9QC28P6WRAKD5C-supermarket,9,banana,supermarket,human,human
01KEYTFAMW2FZR0MJN92JYR42S,01KEYXCBKQXZ7Z985H2TSXSGZ1,cucumber,2027.0,01JRZYA5RWAP9QC28P6WRAKD5C-supermarket,10,banana,supermarket,human,human
01KEYTFAMW2FZR0MJN92JYR42S,01KEYXCBKQXZ7Z985H2TSXSGZ1,avocado,1960.0,01JRZYA5RWAP9QC28P6WRAKD5C-supermarket,11,carrot,supermarket,human,human
01KEYTFAMW2FZR0MJN92JYR42S,01KEYXCBKQXZ7Z985H2TSXSGZ1,onion,1542.0,01JRZYA5RWAP9QC28P6WRAKD5C-supermarket,12,carrot,supermarket,human,human
01KEYTFAMW2FZR0MJN92JYR42S,01KEYXCBKQXZ7Z985H2TSXSGZ1,garlic,1527.0,01JRZYA5RWAP9QC28P6WRAKD5C-supermarket,13,carrot,supermarket,human,human
01KEYTFAMW2FZR0MJN92JYR42S,01KEYXCBKQXZ7Z985H2TSXSGZ1,rosemary,2106.0,01JRZYA5RWAP9QC28P6WRAKD5C-supermarket,14,carrot,supermarket,human,human
01KEYTFAMW2FZR0MJN92JYR42S,01KEYXCBKQXZ7Z985H2TSXSGZ1,dill,1308.0,01JRZYA5RWAP9QC28P6WRAKD5C-supermarket,15,basil,supermarket,human,human
01KEYTFAMW2FZR0MJN92JYR42S,01KEYXCBKQXZ7Z985H2TSXSGZ1,carrot,3019.0,01JRZYA5RWAP9QC28P6WRAKD5C-supermarket,16,basil,supermarket,human,human
01KEYTFAMW2FZR0MJN92JYR42S,01KEYXCBKQXZ7Z985H2TSXSGZ1,banana,2744.0,01JRZYA5RWAP9QC28P6WRAKD5C-supermarket,17,celery,supermarket,human,human
01KEYTFAMW2FZR0MJN92JYR42S,01KEYXCBKQXZ7Z985H2TSXSGZ1,chip,2889.0,01JRZYA5RWAP9QC28P6WRAKD5C-supermarket,18,pasta,supermarket,human,human
01KEYTFAMW2FZR0MJN92JYR42S,01KEYXCBKQXZ7Z985H2TSXSGZ1,cracker,1594.0,01JRZYA5RWAP9QC28P6WRAKD5C-supermarket,19,pasta,supermarket,human,human
01KEYTFAMW2FZR0MJN92JYR42S,01KEYXCBKQXZ7Z985H2TSXSGZ1,cheese,1234.0,01JRZYA5RWAP9QC28P6WRAKD5C-supermarket,20,cookie,supermarket,human,human
01KEYTFAMW2FZR0MJN92JYR42S,01KEYXCBKQXZ7Z985H2TSXSGZ1,ham,3255.0,01JRZYA5RWAP9QC28P6WRAKD5C-supermarket,21,yogurt,supermarket,human,human
01KEYTFAMW2FZR0MJN92JYR42S,01KEYXCBKQXZ7Z985H2TSXSGZ1,salami,1199.0,01JRZYA5RWAP9QC28P6WRAKD5C-supermarket,22,chicken,supermarket,human,human
01KEYTFAMW2FZR0MJN92JYR42S,01KEYXCBKQXZ7Z985H2TSXSGZ1,popsicle,7646.0,01JRZYA5RWAP9QC28P6WRAKD5C-supermarket,23,turkey,supermarket,human,human
01KEYTFAMW2FZR0MJN92JYR42S,01KEYXCBKQXZ7Z985H2TSXSGZ1,ice cream,2833.0,01JRZYA5RWAP9QC28P6WRAKD5C-supermarket,24,icecream,supermarket,human,human
01KEYTFAMW2FZR0MJN92JYR42S,01KEYXCBKQXZ7Z985H2TSXSGZ1,cupcake,3102.0,01JRZYA5RWAP9QC28P6WRAKD5C-supermarket,25,pizza,supermarket,human,human
01KEYTFAMW2FZR0MJN92JYR42S,01KEYXCBKQXZ7Z985H2TSXSGZ1,cake,869.0,01JRZYA5RWAP9QC28P6WRAKD5C-supermarket,26,brownie,supermarket,human,human
01KEYTFAMW2FZR0MJN92JYR42S,01KEYXCBKQXZ7Z985H2TSXSGZ1,soda,4046.0,01JRZYA5RWAP9QC28P6WRAKD5C-supermarket,27,brownie,supermarket,human,human
01KEYTFAMW2FZR0MJN92JYR42S,01KEYXCBKQXZ7Z985H2TSXSGZ1,water,1652.0,01JRZYA5RWAP9QC28P6WRAKD5C-supermarket,28,juice,supermarket,human,human
01KEYTFAMW2FZR0MJN92JYR42S,01KEYXCBKQXZ7Z985H2TSXSGZ1,coffee,1852.0,01JRZYA5RWAP9QC28P6WRAKD5C-supermarket,29,juice,supermarket,human,human
01KEYTFAMW2FZR0MJN92JYR42S,01KEYXCBKQXZ7Z985H2TSXSGZ1,tea,1142.0,01JRZYA5RWAP9QC28P6WRAKD5C-supermarket,30,juice,supermarket,human,human
01KEYTFAMW2FZR0MJN92JYR42S,01KEYXCBKQXZ7Z985H2TSXSGZ1,cream,2552.0,01JRZYA5RWAP9QC28P6WRAKD5C-supermarket,31,juice,supermarket,human,human
01KEYTFAMW2FZR0MJN92JYR42S,01KEYXCBKQXZ7Z985H2TSXSGZ1,yogurt,2245.0,01JRZYA5RWAP9QC28P6WRAKD5C-supermarket,32,sugat,supermarket,human,human
01KEYTFAMW2FZR0MJN92JYR42S,01KEYXCBKQXZ7Z985H2TSXSGZ1,sour cream,2333.0,01JRZYA5RWAP9QC28P6WRAKD5C-supermarket,33,sugar,supermarket,human,human
01KEYTFAMW2FZR0MJN92JYR42S,01KEYXCBKQXZ7Z985H2TSXSGZ1,cream cheese,4422.0,01JRZYA5RWAP9QC28P6WRAKD5C-supermarket,34,sugar,supermarket,human,human
01KEYTFAMW2FZR0MJN92JYR42S,01KEYXCBKQXZ7Z985H2TSXSGZ1,beer,1842.0,01JRZYA5RWAP9QC28P6WRAKD5C-supermarket,35,sugar,supermarket,human,human
01KEYTFAMW2FZR0MJN92JYR42S,01KEYXCBKQXZ7Z985H2TSXSGZ1,wine,859.0,01JRZYA5RWAP9QC28P6WRAKD5C-supermarket,36,wine,supermarket,human,human
01KEYTFAMW2FZR0MJN92JYR42S,01KEYXCBKQXZ7Z985H2TSXSGZ1,chocolate,7914.0,01JRZYA5RWAP9QC28P6WRAKD5C-supermarket,37,juice,supermarket,human,human
01KEYTFAMW2FZR0MJN92JYR42S,01KEYXCBKQXZ7Z985H2TSXSGZ1,candy,1501.0,01JRZYA5RWAP9QC28P6WRAKD5C-supermarket,38,candy,supermarket,human,human
01KEYTFAMW2FZR0MJN92JYR42S,01KEYXCBKQXZ7Z985H2TSXSGZ1,soy sauce,4083.0,01JRZYA5RWAP9QC28P6WRAKD5C-supermarket,39,cookies,supermarket,human,human
01KEYTFAMW2FZR0MJN92JYR42S,01KEYXCBKQXZ7Z985H2TSXSGZ1,ranch,1966.0,01JRZYA5RWAP9QC28P6WRAKD5C-supermarket,40,pastasauce,supermarket,human,human
01KEYTFAMW2FZR0MJN92JYR42S,01KEYXCBKQXZ7Z985H2TSXSGZ1,hot sauce,3940.0,01JRZYA5RWAP9QC28P6WRAKD5C-supermarket,41,italiandressing,supermarket,human,human
01KEYTFAMW2FZR0MJN92JYR42S,01KEYXCBKQXZ7Z985H2TSXSGZ1,pasta,4649.0,01JRZYA5RWAP9QC28P6WRAKD5C-supermarket,42,ketchup,supermarket,human,human
01KEYTFAMW2FZR0MJN92JYR42S,01KEYXCBKQXZ7Z985H2TSXSGZ1,olive oil,3972.0,01JRZYA5RWAP9QC28P6WRAKD5C-supermarket,43,rice,supermarket,human,human
01KEYTFAMW2FZR0MJN92JYR42S,01KEYXCBKQXZ7Z985H2TSXSGZ1,sunflower oil,3854.0,01JRZYA5RWAP9QC28P6WRAKD5C-supermarket,44,rice,supermarket,human,human
01KEYTFAMW2FZR0MJN92JYR42S,01KEYXCBKQXZ7Z985H2TSXSGZ1,vegetable oil,6162.0,01JRZYA5RWAP9QC28P6WRAKD5C-supermarket,45,rice,supermarket,human,human
01KEYTFAMW2FZR0MJN92JYR42S,01KEYXCBKQXZ7Z985H2TSXSGZ1,pineapple,2927.0,01JRZYA5RWAP9QC28P6WRAKD5C-supermarket,46,rice,supermarket,human,human
01KEYTFAMW2FZR0MJN92JYR42S,01KEYXCBKQXZ7Z985H2TSXSGZ1,biscuit,3451.0,01JRZYA5RWAP9QC28P6WRAKD5C-supermarket,47,coconut,supermarket,human,human
01KEYTFAMW2FZR0MJN92JYR42S,01KEYXCBKQXZ7Z985H2TSXSGZ1,cookie,3186.0,01JRZYA5RWAP9QC28P6WRAKD5C-supermarket,48,cinnamonroll,supermarket,human,human
01KEYTFAMW2FZR0MJN92JYR42S,01KEYXCBKQXZ7Z985H2TSXSGZ1,date,6867.0,01JRZYA5RWAP9QC28P6WRAKD5C-supermarket,49,cinnamonroll,supermarket,human,human
01KEYTFAMW2FZR0MJN92JYR42S,01KEYXCBKQXZ7Z985H2TSXSGZ1,fig,2157.0,01JRZYA5RWAP9QC28P6WRAKD5C-supermarket,50,bean,supermarket,human,human
01KEYTFAMW2FZR0MJN92JYR42S,01KEYXCBKQXZ7Z985H2TSXSGZ1,asparagus,7240.0,01JRZYA5RWAP9QC28P6WRAKD5C-supermarket,51,bean,supermarket,human,human
01KEYTFAMW2FZR0MJN92JYR42S,01KEYXCBKQXZ7Z985H2TSXSGZ1,parsnip,7595.0,01JRZYA5RWAP9QC28P6WRAKD5C-supermarket,52,squash,supermarket,human,human
01KEYTFAMW2FZR0MJN92JYR42S,01KEYXCBKQXZ7Z985H2TSXSGZ1,flour,5298.0,01JRZYA5RWAP9QC28P6WRAKD5C-supermarket,53,turnip,supermarket,human,human
01KEYTFAMW2FZR0MJN92JYR42S,01KEYXCBKQXZ7Z985H2TSXSGZ1,sugar,2478.0,01JRZYA5RWAP9QC28P6WRAKD5C-supermarket,54,sugar,supermarket,human,human
01KEYTFAMW2FZR0MJN92JYR42S,01KEYXCBKQXZ7Z985H2TSXSGZ1,pizza,5069.0,01JRZYA5RWAP9QC28P6WRAKD5C-supermarket,55,bakingsoda,supermarket,human,human
01KEYTFAMW2FZR0MJN92JYR42S,01KEYXCBKQXZ7Z985H2TSXSGZ1,fish,2594.0,01JRZYA5RWAP9QC28P6WRAKD5C-supermarket,56,pizzasauce,supermarket,human,human
01KEYTFAMW2FZR0MJN92JYR42S,01KEYXCBKQXZ7Z985H2TSXSGZ1,beef,4070.0,01JRZYA5RWAP9QC28P6WRAKD5C-supermarket,57,chicken,supermarket,human,human
01KEYTFAN3JRDYNTY1QPMW4YWS,01KEYZGYQ5BYJD2TFGWCB8DTSJ,jumper,3760.0,01JRZVVD8WBQEKB5T84KZDZJ3F-clothes,1,,clothes,human,human
01KEYTFAN3JRDYNTY1QPMW4YWS,01KEYZGYQ5BYJD2TFGWCB8DTSJ,cardigan,2230.0,01JRZVVD8WBQEKB5T84KZDZJ3F-clothes,2,leaper,clothes,human,human
01KEYTFAN3JRDYNTY1QPMW4YWS,01KEYZGYQ5BYJD2TFGWCB8DTSJ,t-shirt,1482.0,01JRZVVD8WBQEKB5T84KZDZJ3F-clothes,3,sweater,clothes,human,human
01KEYTFAN3JRDYNTY1QPMW4YWS,01KEYZGYQ5BYJD2TFGWCB8DTSJ,long sleeved shirt,4648.0,01JRZVVD8WBQEKB5T84KZDZJ3F-clothes,4,sweater,clothes,human,human
01KEYTFAN3JRDYNTY1QPMW4YWS,01KEYZGYQ5BYJD2TFGWCB8DTSJ,dress shirt,2047.0,01JRZVVD8WBQEKB5T84KZDZJ3F-clothes,5,blouse,clothes,human,human
01KEYTFAN3JRDYNTY1QPMW4YWS,01KEYZGYQ5BYJD2TFGWCB8DTSJ,blouse,1314.0,01JRZVVD8WBQEKB5T84KZDZJ3F-clothes,6,jacket,clothes,human,human
01KEYTFAN3JRDYNTY1QPMW4YWS,01KEYZGYQ5BYJD2TFGWCB8DTSJ,sweatshirt,2332.0,01JRZVVD8WBQEKB5T84KZDZJ3F-clothes,7,jacket,clothes,human,human
01KEYTFAN3JRDYNTY1QPMW4YWS,01KEYZGYQ5BYJD2TFGWCB8DTSJ,sash,5176.0,01JRZVVD8WBQEKB5T84KZDZJ3F-clothes,8,vest,clothes,human,human
01KEYTFAN3JRDYNTY1QPMW4YWS,01KEYZGYQ5BYJD2TFGWCB8DTSJ,cummerbund,4810.0,01JRZVVD8WBQEKB5T84KZDZJ3F-clothes,9,tie,clothes,human,human
01KEYTFAN3JRDYNTY1QPMW4YWS,01KEYZGYQ5BYJD2TFGWCB8DTSJ,sock,3364.0,01JRZVVD8WBQEKB5T84KZDZJ3F-clothes,10,bowtie,clothes,human,human
01KEYTFAN3JRDYNTY1QPMW4YWS,01KEYZGYQ5BYJD2TFGWCB8DTSJ,football sock,2021.0,01JRZVVD8WBQEKB5T84KZDZJ3F-clothes,11,pants,clothes,human,human
01KEYTFAN3JRDYNTY1QPMW4YWS,01KEYZGYQ5BYJD2TFGWCB8DTSJ,shorts,1785.0,01JRZVVD8WBQEKB5T84KZDZJ3F-clothes,12,shoes,clothes,human,human
01KEYTFAN3JRDYNTY1QPMW4YWS,01KEYZGYQ5BYJD2TFGWCB8DTSJ,briefs,2404.0,01JRZVVD8WBQEKB5T84KZDZJ3F-clothes,13,shoes,clothes,human,human
01KEYTFAN3JRDYNTY1QPMW4YWS,01KEYZGYQ5BYJD2TFGWCB8DTSJ,boxers,1128.0,01JRZVVD8WBQEKB5T84KZDZJ3F-clothes,14,underwear,clothes,human,human
01KEYTFAN3JRDYNTY1QPMW4YWS,01KEYZGYQ5BYJD2TFGWCB8DTSJ,knickers,1903.0,01JRZVVD8WBQEKB5T84KZDZJ3F-clothes,15,bra,clothes,human,human
01KEYTFAN3JRDYNTY1QPMW4YWS,01KEYZGYQ5BYJD2TFGWCB8DTSJ,panties,3530.0,01JRZVVD8WBQEKB5T84KZDZJ3F-clothes,16,pajamas,clothes,human,human
01KEYTFAN3JRDYNTY1QPMW4YWS,01KEYZGYQ5BYJD2TFGWCB8DTSJ,bra,2622.0,01JRZVVD8WBQEKB5T84KZDZJ3F-clothes,17,belt,clothes,human,human
01KEYTFAN3JRDYNTY1QPMW4YWS,01KEYZGYQ5BYJD2TFGWCB8DTSJ,slip,1994.0,01JRZVVD8WBQEKB5T84KZDZJ3F-clothes,18,tie,clothes,human,human
01KEYTFAN3JRDYNTY1QPMW4YWS,01KEYZGYQ5BYJD2TFGWCB8DTSJ,camisole,2075.0,01JRZVVD8WBQEKB5T84KZDZJ3F-clothes,19,nightie,clothes,human,human
01KEYTFAN3JRDYNTY1QPMW4YWS,01KEYZGYQ5BYJD2TFGWCB8DTSJ,shorts,6539.0,01JRZVVD8WBQEKB5T84KZDZJ3F-clothes,20,langerie,clothes,human,human
01KEYTFAN3JRDYNTY1QPMW4YWS,01KEYZGYQ5BYJD2TFGWCB8DTSJ,pyjamas,3943.0,01JRZVVD8WBQEKB5T84KZDZJ3F-clothes,21,tie,clothes,human,human
01KEYTFAN3JRDYNTY1QPMW4YWS,01KEYZGYQ5BYJD2TFGWCB8DTSJ,porkpie hat,6280.0,01JRZVVD8WBQEKB5T84KZDZJ3F-clothes,22,tie,clothes,human,human
01KEYTFAN3JRDYNTY1QPMW4YWS,01KEYZGYQ5BYJD2TFGWCB8DTSJ,cap,2674.0,01JRZVVD8WBQEKB5T84KZDZJ3F-clothes,23,beenie,clothes,human,human
01KEYTFAN3JRDYNTY1QPMW4YWS,01KEYZGYQ5BYJD2TFGWCB8DTSJ,top hat,3381.0,01JRZVVD8WBQEKB5T84KZDZJ3F-clothes,24,visor,clothes,human,human
01KEYTFAN3JRDYNTY1QPMW4YWS,01KEYZGYQ5BYJD2TFGWCB8DTSJ,flat cap,5354.0,01JRZVVD8WBQEKB5T84KZDZJ3F-clothes,25,bowler,clothes,human,human
01KEYTFAN3JRDYNTY1QPMW4YWS,01KEYZGYQ5BYJD2TFGWCB8DTSJ,scarf,1778.0,01JRZVVD8WBQEKB5T84KZDZJ3F-clothes,26,sunglasses,clothes,human,human
01KEYTFAN3JRDYNTY1QPMW4YWS,01KEYZGYQ5BYJD2TFGWCB8DTSJ,glove,3011.0,01JRZVVD8WBQEKB5T84KZDZJ3F-clothes,27,sunglasses,clothes,human,human
01KEYTFAN3JRDYNTY1QPMW4YWS,01KEYZGYQ5BYJD2TFGWCB8DTSJ,jeans,2485.0,01JRZVVD8WBQEKB5T84KZDZJ3F-clothes,28,mittens,clothes,human,human
01KEYTFAN3JRDYNTY1QPMW4YWS,01KEYZGYQ5BYJD2TFGWCB8DTSJ,leggings,2624.0,01JRZVVD8WBQEKB5T84KZDZJ3F-clothes,29,mittens,clothes,human,human
01KEYTFAN3JRDYNTY1QPMW4YWS,01KEYZGYQ5BYJD2TFGWCB8DTSJ,tracksuit bottoms,4516.0,01JRZVVD8WBQEKB5T84KZDZJ3F-clothes,30,yogapants,clothes,human,human
01KEYTFAN3JRDYNTY1QPMW4YWS,01KEYZGYQ5BYJD2TFGWCB8DTSJ,suit jacket,3016.0,01JRZVVD8WBQEKB5T84KZDZJ3F-clothes,31,gymshorts,clothes,human,human
01KEYTFAN3JRDYNTY1QPMW4YWS,01KEYZGYQ5BYJD2TFGWCB8DTSJ,trousers,2797.0,01JRZVVD8WBQEKB5T84KZDZJ3F-clothes,32,tie,clothes,human,human
01KEYTFAN3JRDYNTY1QPMW4YWS,01KEYZGYQ5BYJD2TFGWCB8DTSJ,waistcoat,2369.0,01JRZVVD8WBQEKB5T84KZDZJ3F-clothes,33,vest,clothes,human,human
01KEYTFAN3JRDYNTY1QPMW4YWS,01KEYZGYQ5BYJD2TFGWCB8DTSJ,trainer,1713.0,01JRZVVD8WBQEKB5T84KZDZJ3F-clothes,34,vest,clothes,human,human
01KEYTFAN3JRDYNTY1QPMW4YWS,01KEYZGYQ5BYJD2TFGWCB8DTSJ,high heel shoe,2208.0,01JRZVVD8WBQEKB5T84KZDZJ3F-clothes,35,tie,clothes,human,human
01KEYTFAN3JRDYNTY1QPMW4YWS,01KEYZGYQ5BYJD2TFGWCB8DTSJ,flat shoe,2860.0,01JRZVVD8WBQEKB5T84KZDZJ3F-clothes,36,loafers,clothes,human,human
01KEYTFAN3JRDYNTY1QPMW4YWS,01KEYZGYQ5BYJD2TFGWCB8DTSJ,dress shoe,3743.0,01JRZVVD8WBQEKB5T84KZDZJ3F-clothes,37,loafers,clothes,human,human
01KEYTFAN3JRDYNTY1QPMW4YWS,01KEYZGYQ5BYJD2TFGWCB8DTSJ,tie,1041.0,01JRZVVD8WBQEKB5T84KZDZJ3F-clothes,38,loafers,clothes,human,human
01KEYTFAN3JRDYNTY1QPMW4YWS,01KEYZGYQ5BYJD2TFGWCB8DTSJ,bow tie,1358.0,01JRZVVD8WBQEKB5T84KZDZJ3F-clothes,39,bowtie,clothes,human,human
01KEYTFAN3JRDYNTY1QPMW4YWS,01KEYZGYQ5BYJD2TFGWCB8DTSJ,cufflink,1880.0,01JRZVVD8WBQEKB5T84KZDZJ3F-clothes,40,sunglasses,clothes,human,human
01KEYTFAN3JRDYNTY1QPMW4YWS,01KEYZGYQ5BYJD2TFGWCB8DTSJ,coat,5472.0,01JRZVVD8WBQEKB5T84KZDZJ3F-clothes,41,suspenders,clothes,human,human
01KEYTFAN3JRDYNTY1QPMW4YWS,01KEYZGYQ5BYJD2TFGWCB8DTSJ,jacket,2358.0,01JRZVVD8WBQEKB5T84KZDZJ3F-clothes,42,parka,clothes,human,human
01KEYTFAN3JRDYNTY1QPMW4YWS,01KEYZGYQ5BYJD2TFGWCB8DTSJ,hoodie,8035.0,01JRZVVD8WBQEKB5T84KZDZJ3F-clothes,43,parka,clothes,human,human
01KEYTFAN3JRDYNTY1QPMW4YWS,01KEYZGYQ5BYJD2TFGWCB8DTSJ,zipped hoodie,4139.0,01JRZVVD8WBQEKB5T84KZDZJ3F-clothes,44,parka,clothes,human,human
01KEYTFAN3JRDYNTY1QPMW4YWS,01KEYZGYQ5BYJD2TFGWCB8DTSJ,belt,12318.0,01JRZVVD8WBQEKB5T84KZDZJ3F-clothes,45,parka,clothes,human,human
01KEYTFAN3JRDYNTY1QPMW4YWS,01KEYZGYQ5BYJD2TFGWCB8DTSJ,skirt,7117.0,01JRZVVD8WBQEKB5T84KZDZJ3F-clothes,46,suspenders,clothes,human,human
01KEYTFAN3JRDYNTY1QPMW4YWS,01KEYZGYQ5BYJD2TFGWCB8DTSJ,dress,4922.0,01JRZVVD8WBQEKB5T84KZDZJ3F-clothes,47,suspenders,clothes,human,human
01KEYTFAN3JRDYNTY1QPMW4YWS,01KEYZGYQ5BYJD2TFGWCB8DTSJ,apron,11255.0,01JRZVVD8WBQEKB5T84KZDZJ3F-clothes,48,suspenders,clothes,human,human
01KEYTFAN3JRDYNTY1QPMW4YWS,01KEYZGYQ5BYJD2TFGWCB8DTSJ,pirate hat,6522.0,01JRZVVD8WBQEKB5T84KZDZJ3F-clothes,49,bib,clothes,human,human
01KEYTFAMKG1RE711MX6GYX6NY,01KEYVV8J2D1P8ZFA0RMC5RMMB,shoe,4621.0,01K0Q8T91D3GYQM0ZTJ1QN9TNF-clothes,1,,clothes,human,human
01KEYTFAMKG1RE711MX6GYX6NY,01KEYVV8J2D1P8ZFA0RMC5RMMB,hat,907.0,01K0Q8T91D3GYQM0ZTJ1QN9TNF-clothes,2,socks,clothes,human,human
01KEYTFAMKG1RE711MX6GYX6NY,01KEYVV8J2D1P8ZFA0RMC5RMMB,sock,2948.0,01K0Q8T91D3GYQM0ZTJ1QN9TNF-clothes,3,jacket,clothes,human,human
01KEYTFAMKG1RE711MX6GYX6NY,01KEYVV8J2D1P8ZFA0RMC5RMMB,underwear,2404.0,01K0Q8T91D3GYQM0ZTJ1QN9TNF-clothes,4,shirt,clothes,human,human
01KEYTFAMKG1RE711MX6GYX6NY,01KEYVV8J2D1P8ZFA0RMC5RMMB,boxers,1807.0,01K0Q8T91D3GYQM0ZTJ1QN9TNF-clothes,5,shirt,clothes,human,human
01KEYTFAMKG1RE711MX6GYX6NY,01KEYVV8J2D1P8ZFA0RMC5RMMB,briefs,1912.0,01K0Q8T91D3GYQM0ZTJ1QN9TNF-clothes,6,brief,clothes,human,human
01KEYTFAMKG1RE711MX6GYX6NY,01KEYVV8J2D1P8ZFA0RMC5RMMB,bra,1882.0,01K0Q8T91D3GYQM0ZTJ1QN9TNF-clothes,7,shirt,clothes,human,human
01KEYTFAMKG1RE711MX6GYX6NY,01KEYVV8J2D1P8ZFA0RMC5RMMB,thong,1572.0,01K0Q8T91D3GYQM0ZTJ1QN9TNF-clothes,8,bralette,clothes,human,human
01KEYTFAMKG1RE711MX6GYX6NY,01KEYVV8J2D1P8ZFA0RMC5RMMB,lingerie,1908.0,01K0Q8T91D3GYQM0ZTJ1QN9TNF-clothes,9,vest,clothes,human,human
01KEYTFAMKG1RE711MX6GYX6NY,01KEYVV8J2D1P8ZFA0RMC5RMMB,cap,8870.0,01K0Q8T91D3GYQM0ZTJ1QN9TNF-clothes,10,shirt,clothes,human,human
01KEYTFAMKG1RE711MX6GYX6NY,01KEYVV8J2D1P8ZFA0RMC5RMMB,beanie,2244.0,01K0Q8T91D3GYQM0ZTJ1QN9TNF-clothes,11,shirt,clothes,human,human
01KEYTFAMKG1RE711MX6GYX6NY,01KEYVV8J2D1P8ZFA0RMC5RMMB,sweater,1510.0,01K0Q8T91D3GYQM0ZTJ1QN9TNF-clothes,12,hat,clothes,human,human
01KEYTFAMKG1RE711MX6GYX6NY,01KEYVV8J2D1P8ZFA0RMC5RMMB,jacket,1442.0,01K0Q8T91D3GYQM0ZTJ1QN9TNF-clothes,13,shirt,clothes,human,human
01KEYTFAMKG1RE711MX6GYX6NY,01KEYVV8J2D1P8ZFA0RMC5RMMB,blazer,1365.0,01K0Q8T91D3GYQM0ZTJ1QN9TNF-clothes,14,jumper,clothes,human,human
01KEYTFAMKG1RE711MX6GYX6NY,01KEYVV8J2D1P8ZFA0RMC5RMMB,suit,1104.0,01K0Q8T91D3GYQM0ZTJ1QN9TNF-clothes,15,tie,clothes,human,human
01KEYTFAMKG1RE711MX6GYX6NY,01KEYVV8J2D1P8ZFA0RMC5RMMB,sports coat,2359.0,01K0Q8T91D3GYQM0ZTJ1QN9TNF-clothes,16,shirt,clothes,human,human
01KEYTFAMKG1RE711MX6GYX6NY,01KEYVV8J2D1P8ZFA0RMC5RMMB,pants,1255.0,01K0Q8T91D3GYQM0ZTJ1QN9TNF-clothes,17,bomberjacket,clothes,human,human
01KEYTFAMKG1RE711MX6GYX6NY,01KEYVV8J2D1P8ZFA0RMC5RMMB,chinos,1266.0,01K0Q8T91D3GYQM0ZTJ1QN9TNF-clothes,18,trousers,clothes,human,human
01KEYTFAMKG1RE711MX6GYX6NY,01KEYVV8J2D1P8ZFA0RMC5RMMB,corduroy,3514.0,01K0Q8T91D3GYQM0ZTJ1QN9TNF-clothes,19,jeans,clothes,human,human
01KEYTFAMKG1RE711MX6GYX6NY,01KEYVV8J2D1P8ZFA0RMC5RMMB,jeans,2024.0,01K0Q8T91D3GYQM0ZTJ1QN9TNF-clothes,20,denim,clothes,human,human
01KEYTFAMKG1RE711MX6GYX6NY,01KEYVV8J2D1P8ZFA0RMC5RMMB,slacks,2957.0,01K0Q8T91D3GYQM0ZTJ1QN9TNF-clothes,21,denim,clothes,human,human
01KEYTFAMKG1RE711MX6GYX6NY,01KEYVV8J2D1P8ZFA0RMC5RMMB,suspender,3193.0,01K0Q8T91D3GYQM0ZTJ1QN9TNF-clothes,22,slim,clothes,human,human
01KEYTFAMKG1RE711MX6GYX6NY,01KEYVV8J2D1P8ZFA0RMC5RMMB,belt,2085.0,01K0Q8T91D3GYQM0ZTJ1QN9TNF-clothes,23,belt,clothes,human,human
01KEYTFAMKG1RE711MX6GYX6NY,01KEYVV8J2D1P8ZFA0RMC5RMMB,tie,1521.0,01K0Q8T91D3GYQM0ZTJ1QN9TNF-clothes,24,buckle,clothes,human,human
01KEYTFAMKG1RE711MX6GYX6NY,01KEYVV8J2D1P8ZFA0RMC5RMMB,pajamas,8483.0,01K0Q8T91D3GYQM0ZTJ1QN9TNF-clothes,25,shirt,clothes,human,human
01KEYTFAMKG1RE711MX6GYX6NY,01KEYVV8J2D1P8ZFA0RMC5RMMB,garter,5507.0,01K0Q8T91D3GYQM0ZTJ1QN9TNF-clothes,26,shirt,clothes,human,human
01KEYTFAMKG1RE711MX6GYX6NY,01KEYVV8J2D1P8ZFA0RMC5RMMB,ring,8636.0,01K0Q8T91D3GYQM0ZTJ1QN9TNF-clothes,27,button,clothes,human,human
01KEYTFAMKG1RE711MX6GYX6NY,01KEYVV8J2D1P8ZFA0RMC5RMMB,earring,2220.0,01K0Q8T91D3GYQM0ZTJ1QN9TNF-clothes,28,bracelet,clothes,human,human
01KEYTFAMKG1RE711MX6GYX6NY,01KEYVV8J2D1P8ZFA0RMC5RMMB,necklace,2625.0,01K0Q8T91D3GYQM0ZTJ1QN9TNF-clothes,29,pearls,clothes,human,human
01KEYTFAMKG1RE711MX6GYX6NY,01KEYVV8J2D1P8ZFA0RMC5RMMB,turtleneck,4612.0,01K0Q8T91D3GYQM0ZTJ1QN9TNF-clothes,30,bracelet,clothes,human,human
01KEYTFAMKG1RE711MX6GYX6NY,01KEYVV8J2D1P8ZFA0RMC5RMMB,vest,5293.0,01K0Q8T91D3GYQM0ZTJ1QN9TNF-clothes,31,watch,clothes,human,human
01KEYTFAMKG1RE711MX6GYX6NY,01KEYVV8J2D1P8ZFA0RMC5RMMB,warmer,6384.0,01K0Q8T91D3GYQM0ZTJ1QN9TNF-clothes,32,button,clothes,human,human
01KEYTFAMKG1RE711MX6GYX6NY,01KEYVV8J2D1P8ZFA0RMC5RMMB,glove,2775.0,01K0Q8T91D3GYQM0ZTJ1QN9TNF-clothes,33,,clothes,human,human
01KEYTFAMKG1RE711MX6GYX6NY,01KEYVV8J2D1P8ZFA0RMC5RMMB,lace,14626.0,01K0Q8T91D3GYQM0ZTJ1QN9TNF-clothes,34,,clothes,human,human
01KEYTFAMKG1RE711MX6GYX6NY,01KEYVV8J2D1P8ZFA0RMC5RMMB,silk,3164.0,01K0Q8T91D3GYQM0ZTJ1QN9TNF-clothes,35,,clothes,human,human
01KEYTFAMKG1RE711MX6GYX6NY,01KEYVV8J2D1P8ZFA0RMC5RMMB,cotton,2393.0,01K0Q8T91D3GYQM0ZTJ1QN9TNF-clothes,36,,clothes,human,human
01KEYTFAMKG1RE711MX6GYX6NY,01KEYVV8J2D1P8ZFA0RMC5RMMB,nylon,5370.0,01K0Q8T91D3GYQM0ZTJ1QN9TNF-clothes,37,,clothes,human,human
01KEYTFAMKG1RE711MX6GYX6NY,01KEYVV8J2D1P8ZFA0RMC5RMMB,stocking,6862.0,01K0Q8T91D3GYQM0ZTJ1QN9TNF-clothes,38,,clothes,human,human
01KEYTFAMKG1RE711MX6GYX6NY,01KEYVV8J2D1P8ZFA0RMC5RMMB,pantyhose,3586.0,01K0Q8T91D3GYQM0ZTJ1QN9TNF-clothes,39,,clothes,human,human
01KEYTFAMKG1RE711MX6GYX6NY,01KEYVV8J2D1P8ZFA0RMC5RMMB,anklet,2790.0,01K0Q8T91D3GYQM0ZTJ1QN9TNF-clothes,40,,clothes,human,human
01KEYTFAMKG1RE711MX6GYX6NY,01KEYVV8J2D1P8ZFA0RMC5RMMB,belly button ring,6609.0,01K0Q8T91D3GYQM0ZTJ1QN9TNF-clothes,41,,clothes,human,human
01KEYTFAMKG1RE711MX6GYX6NY,01KEYVV8J2D1P8ZFA0RMC5RMMB,charm,10177.0,01K0Q8T91D3GYQM0ZTJ1QN9TNF-clothes,42,,clothes,human,human
01KEYTFAMKG1RE711MX6GYX6NY,01KEYVV8J2D1P8ZFA0RMC5RMMB,swimsuit,8391.0,01K0Q8T91D3GYQM0ZTJ1QN9TNF-clothes,43,,clothes,human,human
01KEYTFAMKG1RE711MX6GYX6NY,01KEYVV8J2D1P8ZFA0RMC5RMMB,trunk,2431.0,01K0Q8T91D3GYQM0ZTJ1QN9TNF-clothes,44,,clothes,human,human
01KEYTFAMKG1RE711MX6GYX6NY,01KEYVV8J2D1P8ZFA0RMC5RMMB,sandal,3555.0,01K0Q8T91D3GYQM0ZTJ1QN9TNF-clothes,45,,clothes,human,human
01KEYTFAMKG1RE711MX6GYX6NY,01KEYVV8J2D1P8ZFA0RMC5RMMB,sneaker,2682.0,01K0Q8T91D3GYQM0ZTJ1QN9TNF-clothes,46,,clothes,human,human
01KFVAF1D64C3T8NBWR3FNK9SN,01KFVBKPWAM1FPX5A7F5TYB5G0,milk,5329.0,01K0Q6Z5720D4NDSEND9Q4831K-supermarket,1,,supermarket,human,human
01KFVAF1D64C3T8NBWR3FNK9SN,01KFVBKPWAM1FPX5A7F5TYB5G0,egg,2116.0,01K0Q6Z5720D4NDSEND9Q4831K-supermarket,2,cow,supermarket,human,human
01KFVAF1D64C3T8NBWR3FNK9SN,01KFVBKPWAM1FPX5A7F5TYB5G0,bacon,1471.0,01K0Q6Z5720D4NDSEND9Q4831K-supermarket,3,bread,supermarket,human,human
01KFVAF1D64C3T8NBWR3FNK9SN,01KFVBKPWAM1FPX5A7F5TYB5G0,soda,2569.0,01K0Q6Z5720D4NDSEND9Q4831K-supermarket,4,sausage,supermarket,human,human
01KFVAF1D64C3T8NBWR3FNK9SN,01KFVBKPWAM1FPX5A7F5TYB5G0,water,2199.0,01K0Q6Z5720D4NDSEND9Q4831K-supermarket,5,fizzy,supermarket,human,human
01KFVAF1D64C3T8NBWR3FNK9SN,01KFVBKPWAM1FPX5A7F5TYB5G0,steak,3394.0,01K0Q6Z5720D4NDSEND9Q4831K-supermarket,6,coffee,supermarket,human,human
01KFVAF1D64C3T8NBWR3FNK9SN,01KFVBKPWAM1FPX5A7F5TYB5G0,pork,4172.0,01K0Q6Z5720D4NDSEND9Q4831K-supermarket,7,meat,supermarket,human,human
01KFVAF1D64C3T8NBWR3FNK9SN,01KFVBKPWAM1FPX5A7F5TYB5G0,chicken,2060.0,01K0Q6Z5720D4NDSEND9Q4831K-supermarket,8,chop,supermarket,human,human
01KFVAF1D64C3T8NBWR3FNK9SN,01KFVBKPWAM1FPX5A7F5TYB5G0,cheese,3546.0,01K0Q6Z5720D4NDSEND9Q4831K-supermarket,9,neef,supermarket,human,human
01KFVAF1D64C3T8NBWR3FNK9SN,01KFVBKPWAM1FPX5A7F5TYB5G0,pepperoni,2377.0,01K0Q6Z5720D4NDSEND9Q4831K-supermarket,10,butter,supermarket,human,human
01KFVAF1D64C3T8NBWR3FNK9SN,01KFVBKPWAM1FPX5A7F5TYB5G0,lasagna,4707.0,01K0Q6Z5720D4NDSEND9Q4831K-supermarket,11,tomato,supermarket,human,human
01KFVAF1D64C3T8NBWR3FNK9SN,01KFVBKPWAM1FPX5A7F5TYB5G0,orange,4156.0,01K0Q6Z5720D4NDSEND9Q4831K-supermarket,12,garlicbread,supermarket,human,human
01KFVAF1D64C3T8NBWR3FNK9SN,01KFVBKPWAM1FPX5A7F5TYB5G0,grape,1276.0,01K0Q6Z5720D4NDSEND9Q4831K-supermarket,13,apple,supermarket,human,human
01KFVAF1D64C3T8NBWR3FNK9SN,01KFVBKPWAM1FPX5A7F5TYB5G0,berry,2317.0,01K0Q6Z5720D4NDSEND9Q4831K-supermarket,14,orange,supermarket,human,human
01KFVAF1D64C3T8NBWR3FNK9SN,01KFVBKPWAM1FPX5A7F5TYB5G0,apple,1928.0,01K0Q6Z5720D4NDSEND9Q4831K-supermarket,15,fruit,supermarket,human,human
01KFVAF1D64C3T8NBWR3FNK9SN,01KFVBKPWAM1FPX5A7F5TYB5G0,pear,2884.0,01K0Q6Z5720D4NDSEND9Q4831K-supermarket,16,banana,supermarket,human,human
01KFVAF1D64C3T8NBWR3FNK9SN,01KFVBKPWAM1FPX5A7F5TYB5G0,pea,1526.0,01K0Q6Z5720D4NDSEND9Q4831K-supermarket,17,banana,supermarket,human,human
01KFVAF1D64C3T8NBWR3FNK9SN,01KFVBKPWAM1FPX5A7F5TYB5G0,carrot,2807.0,01K0Q6Z5720D4NDSEND9Q4831K-supermarket,18,sweetcorn,supermarket,human,human
01KFVAF1D64C3T8NBWR3FNK9SN,01KFVBKPWAM1FPX5A7F5TYB5G0,lettuce,2275.0,01K0Q6Z5720D4NDSEND9Q4831K-supermarket,19,potato,supermarket,human,human
01KFVAF1D64C3T8NBWR3FNK9SN,01KFVBKPWAM1FPX5A7F5TYB5G0,spinach,4559.0,01K0Q6Z5720D4NDSEND9Q4831K-supermarket,20,tomato,supermarket,human,human
01KFVAF1D64C3T8NBWR3FNK9SN,01KFVBKPWAM1FPX5A7F5TYB5G0,juice,5162.0,01K0Q6Z5720D4NDSEND9Q4831K-supermarket,21,kale,supermarket,human,human
01KFVAF1D64C3T8NBWR3FNK9SN,01KFVBKPWAM1FPX5A7F5TYB5G0,tea,2158.0,01K0Q6Z5720D4NDSEND9Q4831K-supermarket,22,water,supermarket,human,human
01KFVAF1D64C3T8NBWR3FNK9SN,01KFVBKPWAM1FPX5A7F5TYB5G0,coffee,1983.0,01K0Q6Z5720D4NDSEND9Q4831K-supermarket,23,coffee,supermarket,human,human
01KFVAF1D64C3T8NBWR3FNK9SN,01KFVBKPWAM1FPX5A7F5TYB5G0,soap,4455.0,01K0Q6Z5720D4NDSEND9Q4831K-supermarket,24,cocoa,supermarket,human,human
01KFVAF1D64C3T8NBWR3FNK9SN,01KFVBKPWAM1FPX5A7F5TYB5G0,cat litter,5739.0,01K0Q6Z5720D4NDSEND9Q4831K-supermarket,25,showergel,supermarket,human,human
01KFVAF1D64C3T8NBWR3FNK9SN,01KFVBKPWAM1FPX5A7F5TYB5G0,bread,7050.0,01K0Q6Z5720D4NDSEND9Q4831K-supermarket,26,catfood,supermarket,human,human
01KFVAF1D64C3T8NBWR3FNK9SN,01KFVBKPWAM1FPX5A7F5TYB5G0,biscuit,2977.0,01K0Q6Z5720D4NDSEND9Q4831K-supermarket,27,butter,supermarket,human,human
01KFVAF1D64C3T8NBWR3FNK9SN,01KFVBKPWAM1FPX5A7F5TYB5G0,seed,10807.0,01K0Q6Z5720D4NDSEND9Q4831K-supermarket,28,crisp,supermarket,human,human
01KFVAF1D64C3T8NBWR3FNK9SN,01KFVBKPWAM1FPX5A7F5TYB5G0,nut,2398.0,01K0Q6Z5720D4NDSEND9Q4831K-supermarket,29,nut,supermarket,human,human
01KFVAF1D64C3T8NBWR3FNK9SN,01KFVBKPWAM1FPX5A7F5TYB5G0,peanut,7600.0,01K0Q6Z5720D4NDSEND9Q4831K-supermarket,30,granola,supermarket,human,human
01KFVAF1D64C3T8NBWR3FNK9SN,01KFVBKPWAM1FPX5A7F5TYB5G0,toothbrush,6871.0,01K0Q6Z5720D4NDSEND9Q4831K-supermarket,31,walnut,supermarket,human,human
01KFVAF1D64C3T8NBWR3FNK9SN,01KFVBKPWAM1FPX5A7F5TYB5G0,toothpaste,3089.0,01K0Q6Z5720D4NDSEND9Q4831K-supermarket,32,toothpaste,supermarket,human,human
01KFVAF1D64C3T8NBWR3FNK9SN,01KFVBKPWAM1FPX5A7F5TYB5G0,mouthwash,4328.0,01K0Q6Z5720D4NDSEND9Q4831K-supermarket,33,floss,supermarket,human,human
01KFVAF1D64C3T8NBWR3FNK9SN,01KFVBKPWAM1FPX5A7F5TYB5G0,dental floss,2818.0,01K0Q6Z5720D4NDSEND9Q4831K-supermarket,34,floss,supermarket,human,human
01KFVAF1D64C3T8NBWR3FNK9SN,01KFVBKPWAM1FPX5A7F5TYB5G0,coffee creamer,6279.0,01K0Q6Z5720D4NDSEND9Q4831K-supermarket,35,bubblebath,supermarket,human,human
01KFVAF1D64C3T8NBWR3FNK9SN,01KFVBKPWAM1FPX5A7F5TYB5G0,spam,4724.0,01K0Q6Z5720D4NDSEND9Q4831K-supermarket,36,sugar,supermarket,human,human
01KFVAF1D64C3T8NBWR3FNK9SN,01KFVBKPWAM1FPX5A7F5TYB5G0,chocolate,6476.0,01K0Q6Z5720D4NDSEND9Q4831K-supermarket,37,ham,supermarket,human,human
01KFVAF1D64C3T8NBWR3FNK9SN,01KFVBKPWAM1FPX5A7F5TYB5G0,candy,2317.0,01K0Q6Z5720D4NDSEND9Q4831K-supermarket,38,crisp,supermarket,human,human
01KFVAF1D64C3T8NBWR3FNK9SN,01KFVBKPWAM1FPX5A7F5TYB5G0,muffin,4136.0,01K0Q6Z5720D4NDSEND9Q4831K-supermarket,39,chips,supermarket,human,human
01KFVAF1D64C3T8NBWR3FNK9SN,01KFVBKPWAM1FPX5A7F5TYB5G0,doughnut,2282.0,01K0Q6Z5720D4NDSEND9Q4831K-supermarket,40,ake,supermarket,human,human
01KFVAF1D64C3T8NBWR3FNK9SN,01KFVBKPWAM1FPX5A7F5TYB5G0,bagel,1644.0,01K0Q6Z5720D4NDSEND9Q4831K-supermarket,41,cake,supermarket,human,human
01KFVAF1D64C3T8NBWR3FNK9SN,01KFVBKPWAM1FPX5A7F5TYB5G0,cake,2174.0,01K0Q6Z5720D4NDSEND9Q4831K-supermarket,42,roll,supermarket,human,human
01KFVAF1D64C3T8NBWR3FNK9SN,01KFVBKPWAM1FPX5A7F5TYB5G0,ice cream,1997.0,01K0Q6Z5720D4NDSEND9Q4831K-supermarket,43,biscuit,supermarket,human,human
01KFVAF1D64C3T8NBWR3FNK9SN,01KFVBKPWAM1FPX5A7F5TYB5G0,sour cream,2998.0,01K0Q6Z5720D4NDSEND9Q4831K-supermarket,44,icelolly,supermarket,human,human
01KFVAF1D64C3T8NBWR3FNK9SN,01KFVBKPWAM1FPX5A7F5TYB5G0,yogurt,2010.0,01K0Q6Z5720D4NDSEND9Q4831K-supermarket,45,salsa,supermarket,human,human
01KFVAF1D64C3T8NBWR3FNK9SN,01KFVBKPWAM1FPX5A7F5TYB5G0,ham,2288.0,01K0Q6Z5720D4NDSEND9Q4831K-supermarket,46,salsa,supermarket,human,human
01KFVAF1D64C3T8NBWR3FNK9SN,01KFVBKPWAM1FPX5A7F5TYB5G0,fish,2600.0,01K0Q6Z5720D4NDSEND9Q4831K-supermarket,47,butter,supermarket,human,human
01KFVAF1D64C3T8NBWR3FNK9SN,01KFVBKPWAM1FPX5A7F5TYB5G0,shrimp,1831.0,01K0Q6Z5720D4NDSEND9Q4831K-supermarket,48,fries,supermarket,human,human
01KFVAF1D64C3T8NBWR3FNK9SN,01KFVBKPWAM1FPX5A7F5TYB5G0,lobster,1939.0,01K0Q6Z5720D4NDSEND9Q4831K-supermarket,49,salmon,supermarket,human,human
01KFVAF1D64C3T8NBWR3FNK9SN,01KFVBKPWAM1FPX5A7F5TYB5G0,crab,1398.0,01K0Q6Z5720D4NDSEND9Q4831K-supermarket,50,crab,supermarket,human,human
01KFVAF1D64C3T8NBWR3FNK9SN,01KFVBKPWAM1FPX5A7F5TYB5G0,crouton,6584.0,01K0Q6Z5720D4NDSEND9Q4831K-supermarket,51,oyster,supermarket,human,human
01KEYTFAN02RFGK8N0H6CW1CZ6,01KEYVD24AMSYYSS06HRT98T1A,cat,3485.0,01JRZYT564ZWTP3BH3AJPNGKCA-animals,1,,animals,human,human
01KEYTFAN02RFGK8N0H6CW1CZ6,01KEYVD24AMSYYSS06HRT98T1A,dog,942.0,01JRZYT564ZWTP3BH3AJPNGKCA-animals,2,dog,animals,human,human
01KEYTFAN02RFGK8N0H6CW1CZ6,01KEYVD24AMSYYSS06HRT98T1A,rabbit,1913.0,01JRZYT564ZWTP3BH3AJPNGKCA-animals,3,mouse,animals,human,human
01KEYTFAN02RFGK8N0H6CW1CZ6,01KEYVD24AMSYYSS06HRT98T1A,snake,3798.0,01JRZYT564ZWTP3BH3AJPNGKCA-animals,4,sheep,animals,human,human
01KEYTFAN02RFGK8N0H6CW1CZ6,01KEYVD24AMSYYSS06HRT98T1A,hamster,2738.0,01JRZYT564ZWTP3BH3AJPNGKCA-animals,5,goat,animals,human,human
01KEYTFAN02RFGK8N0H6CW1CZ6,01KEYVD24AMSYYSS06HRT98T1A,rat,7706.0,01JRZYT564ZWTP3BH3AJPNGKCA-animals,6,gerbil,animals,human,human
01KEYTFAN02RFGK8N0H6CW1CZ6,01KEYVD24AMSYYSS06HRT98T1A,gerbil,4309.0,01JRZYT564ZWTP3BH3AJPNGKCA-animals,7,gerbil,animals,human,human
01KEYTFAN02RFGK8N0H6CW1CZ6,01KEYVD24AMSYYSS06HRT98T1A,guinea pig,3773.0,01JRZYT564ZWTP3BH3AJPNGKCA-animals,8,cow,animals,human,human
01KEYTFAN02RFGK8N0H6CW1CZ6,01KEYVD24AMSYYSS06HRT98T1A,elephant,7308.0,01JRZYT564ZWTP3BH3AJPNGKCA-animals,9,pig,animals,human,human
01KEYTFAN02RFGK8N0H6CW1CZ6,01KEYVD24AMSYYSS06HRT98T1A,hippopotamus,1460.0,01JRZYT564ZWTP3BH3AJPNGKCA-animals,10,tiger,animals,human,human
01KEYTFAN02RFGK8N0H6CW1CZ6,01KEYVD24AMSYYSS06HRT98T1A,lion,2020.0,01JRZYT564ZWTP3BH3AJPNGKCA-animals,11,lion,animals,human,human
01KEYTFAN02RFGK8N0H6CW1CZ6,01KEYVD24AMSYYSS06HRT98T1A,tiger,1461.0,01JRZYT564ZWTP3BH3AJPNGKCA-animals,12,tiger,animals,human,human
01KEYTFAN02RFGK8N0H6CW1CZ6,01KEYVD24AMSYYSS06HRT98T1A,monkey,2912.0,01JRZYT564ZWTP3BH3AJPNGKCA-animals,13,puma,animals,human,human
01KEYTFAN02RFGK8N0H6CW1CZ6,01KEYVD24AMSYYSS06HRT98T1A,chimpanzee,3622.0,01JRZYT564ZWTP3BH3AJPNGKCA-animals,14,ape,animals,human,human
01KEYTFAN02RFGK8N0H6CW1CZ6,01KEYVD24AMSYYSS06HRT98T1A,armadillo,5566.0,01JRZYT564ZWTP3BH3AJPNGKCA-animals,15,ape,animals,human,human
01KEYTFAN02RFGK8N0H6CW1CZ6,01KEYVD24AMSYYSS06HRT98T1A,sea lion,2668.0,01JRZYT564ZWTP3BH3AJPNGKCA-animals,16,kangaroo,animals,human,human
01KEYTFAN02RFGK8N0H6CW1CZ6,01KEYVD24AMSYYSS06HRT98T1A,seal,1680.0,01JRZYT564ZWTP3BH3AJPNGKCA-animals,17,seal,animals,human,human
01KEYTFAN02RFGK8N0H6CW1CZ6,01KEYVD24AMSYYSS06HRT98T1A,penguin,1395.0,01JRZYT564ZWTP3BH3AJPNGKCA-animals,18,otter,animals,human,human
01KEYTFAN02RFGK8N0H6CW1CZ6,01KEYVD24AMSYYSS06HRT98T1A,whale,5012.0,01JRZYT564ZWTP3BH3AJPNGKCA-animals,19,gull,animals,human,human
01KEYTFAN02RFGK8N0H6CW1CZ6,01KEYVD24AMSYYSS06HRT98T1A,ray,4226.0,01JRZYT564ZWTP3BH3AJPNGKCA-animals,20,shark,animals,human,human
01KEYTFAN02RFGK8N0H6CW1CZ6,01KEYVD24AMSYYSS06HRT98T1A,fish,1891.0,01JRZYT564ZWTP3BH3AJPNGKCA-animals,21,trout,animals,human,human
01KEYTFAN02RFGK8N0H6CW1CZ6,01KEYVD24AMSYYSS06HRT98T1A,eel,2717.0,01JRZYT564ZWTP3BH3AJPNGKCA-animals,22,prawn,animals,human,human
01KEYTFAN02RFGK8N0H6CW1CZ6,01KEYVD24AMSYYSS06HRT98T1A,frog,3556.0,01JRZYT564ZWTP3BH3AJPNGKCA-animals,23,haddock,animals,human,human
01KEYTFAN02RFGK8N0H6CW1CZ6,01KEYVD24AMSYYSS06HRT98T1A,newt,3993.0,01JRZYT564ZWTP3BH3AJPNGKCA-animals,24,toad,animals,human,human
01KEYTFAN02RFGK8N0H6CW1CZ6,01KEYVD24AMSYYSS06HRT98T1A,salamander,4540.0,01JRZYT564ZWTP3BH3AJPNGKCA-animals,25,toad,animals,human,human
01KEYTFAN02RFGK8N0H6CW1CZ6,01KEYVD24AMSYYSS06HRT98T1A,turtle,5369.0,01JRZYT564ZWTP3BH3AJPNGKCA-animals,26,lizard,animals,human,human
01KEYTFAN02RFGK8N0H6CW1CZ6,01KEYVD24AMSYYSS06HRT98T1A,tortoise,3947.0,01JRZYT564ZWTP3BH3AJPNGKCA-animals,27,tortoise,animals,human,human
01KEYTFAN02RFGK8N0H6CW1CZ6,01KEYVD24AMSYYSS06HRT98T1A,crab,5299.0,01JRZYT564ZWTP3BH3AJPNGKCA-animals,28,sloth,animals,human,human
01KEYTFAN02RFGK8N0H6CW1CZ6,01KEYVD24AMSYYSS06HRT98T1A,lobster,2903.0,01JRZYT564ZWTP3BH3AJPNGKCA-animals,29,lobster,animals,human,human
01KEYTFAN02RFGK8N0H6CW1CZ6,01KEYVD24AMSYYSS06HRT98T1A,crayfish,1865.0,01JRZYT564ZWTP3BH3AJPNGKCA-animals,30,crayfish,animals,human,human
01KEYTFAN02RFGK8N0H6CW1CZ6,01KEYVD24AMSYYSS06HRT98T1A,spider,6158.0,01JRZYT564ZWTP3BH3AJPNGKCA-animals,31,mussel,animals,human,human
01KEYTFAN02RFGK8N0H6CW1CZ6,01KEYVD24AMSYYSS06HRT98T1A,ant,2698.0,01JRZYT564ZWTP3BH3AJPNGKCA-animals,32,ant,animals,human,human
01KEYTFAN02RFGK8N0H6CW1CZ6,01KEYVD24AMSYYSS06HRT98T1A,millipede,3834.0,01JRZYT564ZWTP3BH3AJPNGKCA-animals,33,butterfly,animals,human,human
01KEYTFAN02RFGK8N0H6CW1CZ6,01KEYVD24AMSYYSS06HRT98T1A,centipede,3330.0,01JRZYT564ZWTP3BH3AJPNGKCA-animals,34,centipede,animals,human,human
01KEYTFAN02RFGK8N0H6CW1CZ6,01KEYVD24AMSYYSS06HRT98T1A,worm,2831.0,01JRZYT564ZWTP3BH3AJPNGKCA-animals,35,worm,animals,human,human
01KEYTFAN02RFGK8N0H6CW1CZ6,01KEYVD24AMSYYSS06HRT98T1A,snail,1765.0,01JRZYT564ZWTP3BH3AJPNGKCA-animals,36,beetle,animals,human,human
01KEYTFAN02RFGK8N0H6CW1CZ6,01KEYVD24AMSYYSS06HRT98T1A,slug,1553.0,01JRZYT564ZWTP3BH3AJPNGKCA-animals,37,beetle,animals,human,human
01KEYTFAN02RFGK8N0H6CW1CZ6,01KEYVD24AMSYYSS06HRT98T1A,woodlouse,9450.0,01JRZYT564ZWTP3BH3AJPNGKCA-animals,38,beetle,animals,human,human
01KEYTFAN02RFGK8N0H6CW1CZ6,01KEYVD24AMSYYSS06HRT98T1A,flea,8078.0,01JRZYT564ZWTP3BH3AJPNGKCA-animals,39,beetle,animals,human,human
01KEYTFAN02RFGK8N0H6CW1CZ6,01KEYVD24AMSYYSS06HRT98T1A,daddy longlegs,6124.0,01JRZYT564ZWTP3BH3AJPNGKCA-animals,40,beetle,animals,human,human
01KEYTFAN02RFGK8N0H6CW1CZ6,01KEYVD24AMSYYSS06HRT98T1A,koala,3257.0,01JRZYT564ZWTP3BH3AJPNGKCA-animals,41,butterfly,animals,human,human
01KEYTFAN02RFGK8N0H6CW1CZ6,01KEYVD24AMSYYSS06HRT98T1A,panda,2158.0,01JRZYT564ZWTP3BH3AJPNGKCA-animals,42,bear,animals,human,human
01KEYTFAN02RFGK8N0H6CW1CZ6,01KEYVD24AMSYYSS06HRT98T1A,polar bear,3519.0,01JRZYT564ZWTP3BH3AJPNGKCA-animals,43,bear,animals,human,human
01KEYTFAN02RFGK8N0H6CW1CZ6,01KEYVD24AMSYYSS06HRT98T1A,grizzly bear,3551.0,01JRZYT564ZWTP3BH3AJPNGKCA-animals,44,bear,animals,human,human
01KEYTFAN02RFGK8N0H6CW1CZ6,01KEYVD24AMSYYSS06HRT98T1A,kangaroo,7197.0,01JRZYT564ZWTP3BH3AJPNGKCA-animals,45,bear,animals,human,human
01KEYTFAN02RFGK8N0H6CW1CZ6,01KEYVD24AMSYYSS06HRT98T1A,wombat,2326.0,01JRZYT564ZWTP3BH3AJPNGKCA-animals,46,dingo,animals,human,human
,01K4DVH6EYQG57B4E2HN1J2Q9M-animals,cat,5061.0,01K0Q79754T390C398Z2T902KM-animals,1,,animals,human,human
01K4DSNC6NPHTMWR7B3DKXBNF3,01K4DVH6EYQG57B4E2HN1J2Q9M-animals,dog,907.0,01K0Q79754T390C398Z2T902KM-animals,2,dog,animals,human,human
01K4DSNC6NPHTMWR7B3DKXBNF3,01K4DVH6EYQG57B4E2HN1J2Q9M-animals,elephant,3236.0,01K0Q79754T390C398Z2T902KM-animals,3,horse,animals,human,human
01K4DSNC6NPHTMWR7B3DKXBNF3,01K4DVH6EYQG57B4E2HN1J2Q9M-animals,donkey,3802.0,01K0Q79754T390C398Z2T902KM-animals,4,giraff,animals,human,human
01K4DSNC6NPHTMWR7B3DKXBNF3,01K4DVH6EYQG57B4E2HN1J2Q9M-animals,giraffe,3244.0,01K0Q79754T390C398Z2T902KM-animals,5,horse,animals,human,human
01K4DSNC6NPHTMWR7B3DKXBNF3,01K4DVH6EYQG57B4E2HN1J2Q9M-animals,lion,1292.0,01K0Q79754T390C398Z2T902KM-animals,6,horse,animals,human,human
01K4DSNC6NPHTMWR7B3DKXBNF3,01K4DVH6EYQG57B4E2HN1J2Q9M-animals,tiger,2086.0,01K0Q79754T390C398Z2T902KM-animals,7,hippo,animals,human,human
01K4DSNC6NPHTMWR7B3DKXBNF3,01K4DVH6EYQG57B4E2HN1J2Q9M-animals,zebra,3891.0,01K0Q79754T390C398Z2T902KM-animals,8,snake,animals,human,human
01K4DSNC6NPHTMWR7B3DKXBNF3,01K4DVH6EYQG57B4E2HN1J2Q9M-animals,rhino,2118.0,01K0Q79754T390C398Z2T902KM-animals,9,horse,animals,human,human
01K4DSNC6NPHTMWR7B3DKXBNF3,01K4DVH6EYQG57B4E2HN1J2Q9M-animals,hippopotamus,1217.0,01K0Q79754T390C398Z2T902KM-animals,10,snake,animals,human,human
01K4DSNC6NPHTMWR7B3DKXBNF3,01K4DVH6EYQG57B4E2HN1J2Q9M-animals,deer,1052.0,01K0Q79754T390C398Z2T902KM-animals,11,snake,animals,human,human
01K4DSNC6NPHTMWR7B3DKXBNF3,01K4DVH6EYQG57B4E2HN1J2Q9M-animals,moose,1487.0,01K0Q79754T390C398Z2T902KM-animals,12,snake,animals,human,human
01K4DSNC6NPHTMWR7B3DKXBNF3,01K4DVH6EYQG57B4E2HN1J2Q9M-animals,bear,1721.0,01K0Q79754T390C398Z2T902KM-animals,13,bear,animals,human,human
01K4DSNC6NPHTMWR7B3DKXBNF3,01K4DVH6EYQG57B4E2HN1J2Q9M-animals,wolf,2155.0,01K0Q79754T390C398Z2T902KM-animals,14,polarbear,animals,human,human
01K4DSNC6NPHTMWR7B3DKXBNF3,01K4DVH6EYQG57B4E2HN1J2Q9M-animals,fox,1040.0,01K0Q79754T390C398Z2T902KM-animals,15,cyote,animals,human,human
01K4DSNC6NPHTMWR7B3DKXBNF3,01K4DVH6EYQG57B4E2HN1J2Q9M-animals,cheetah,2610.0,01K0Q79754T390C398Z2T902KM-animals,16,frog,animals,human,human
01K4DSNC6NPHTMWR7B3DKXBNF3,01K4DVH6EYQG57B4E2HN1J2Q9M-animals,leopard,2177.0,01K0Q79754T390C398Z2T902KM-animals,17,panther,animals,human,human
01K4DSNC6NPHTMWR7B3DKXBNF3,01K4DVH6EYQG57B4E2HN1J2Q9M-animals,monkey,2321.0,01K0Q79754T390C398Z2T902KM-animals,18,panther,animals,human,human
01K4DSNC6NPHTMWR7B3DKXBNF3,01K4DVH6EYQG57B4E2HN1J2Q9M-animals,chimpanzee,2495.0,01K0Q79754T390C398Z2T902KM-animals,19,gorilla,animals,human,human
01K4DSNC6NPHTMWR7B3DKXBNF3,01K4DVH6EYQG57B4E2HN1J2Q9M-animals,gorilla,2477.0,01K0Q79754T390C398Z2T902KM-animals,20,gorilla,animals,human,human
01K4DSNC6NPHTMWR7B3DKXBNF3,01K4DVH6EYQG57B4E2HN1J2Q9M-animals,baboon,1489.0,01K0Q79754T390C398Z2T902KM-animals,21,orangotang,animals,human,human
01K4DSNC6NPHTMWR7B3DKXBNF3,01K4DVH6EYQG57B4E2HN1J2Q9M-animals,kangaroo,2536.0,01K0Q79754T390C398Z2T902KM-animals,22,orangotang,animals,human,human
01K4DSNC6NPHTMWR7B3DKXBNF3,01K4DVH6EYQG57B4E2HN1J2Q9M-animals,koala,1806.0,01K0Q79754T390C398Z2T902KM-animals,23,koala,animals,human,human
01K4DSNC6NPHTMWR7B3DKXBNF3,01K4DVH6EYQG57B4E2HN1J2Q9M-animals,sloth,2703.0,01K0Q79754T390C398Z2T902KM-animals,24,dingo,animals,human,human
01K4DSNC6NPHTMWR7B3DKXBNF3,01K4DVH6EYQG57B4E2HN1J2Q9M-animals,armadillo,3423.0,01K0Q79754T390C398Z2T902KM-animals,25,parrot,animals,human,human
01K4DSNC6NPHTMWR7B3DKXBNF3,01K4DVH6EYQG57B4E2HN1J2Q9M-animals,hedgehog,2229.0,01K0Q79754T390C398Z2T902KM-animals,26,snake,animals,human,human
01K4DSNC6NPHTMWR7B3DKXBNF3,01K4DVH6EYQG57B4E2HN1J2Q9M-animals,otter,3457.0,01K0Q79754T390C398Z2T902KM-animals,27,porcipine,animals,human,human
01K4DSNC6NPHTMWR7B3DKXBNF3,01K4DVH6EYQG57B4E2HN1J2Q9M-animals,badger,2068.0,01K0Q79754T390C398Z2T902KM-animals,28,beaver,animals,human,human
01K4DSNC6NPHTMWR7B3DKXBNF3,01K4DVH6EYQG57B4E2HN1J2Q9M-animals,mouse,3147.0,01K0Q79754T390C398Z2T902KM-animals,29,beaver,animals,human,human
01K4DSNC6NPHTMWR7B3DKXBNF3,01K4DVH6EYQG57B4E2HN1J2Q9M-animals,rat,898.0,01K0Q79754T390C398Z2T902KM-animals,30,bear,animals,human,human
01K4DSNC6NPHTMWR7B3DKXBNF3,01K4DVH6EYQG57B4E2HN1J2Q9M-animals,bat,4929.0,01K0Q79754T390C398Z2T902KM-animals,31,mouse,animals,human,human
01K4DSNC6NPHTMWR7B3DKXBNF3,01K4DVH6EYQG57B4E2HN1J2Q9M-animals,rabbit,3063.0,01K0Q79754T390C398Z2T902KM-animals,32,eagle,animals,human,human
01K4DSNC6NPHTMWR7B3DKXBNF3,01K4DVH6EYQG57B4E2HN1J2Q9M-animals,hare,1720.0,01K0Q79754T390C398Z2T902KM-animals,33,hare,animals,human,human
01K4DSNC6NPHTMWR7B3DKXBNF3,01K4DVH6EYQG57B4E2HN1J2Q9M-animals,squirrel,4457.0,01K0Q79754T390C398Z2T902KM-animals,34,snake,animals,human,human
01K4DSNC6NPHTMWR7B3DKXBNF3,01K4DVH6EYQG57B4E2HN1J2Q9M-animals,beaver,1113.0,01K0Q79754T390C398Z2T902KM-animals,35,gerbil,animals,human,human
01K4DSNC6NPHTMWR7B3DKXBNF3,01K4DVH6EYQG57B4E2HN1J2Q9M-animals,dolphin,2663.0,01K0Q79754T390C398Z2T902KM-animals,36,mouse,animals,human,human
01K4DSNC6NPHTMWR7B3DKXBNF3,01K4DVH6EYQG57B4E2HN1J2Q9M-animals,shark,1348.0,01K0Q79754T390C398Z2T902KM-animals,37,whale,animals,human,human
01K4DSNC6NPHTMWR7B3DKXBNF3,01K4DVH6EYQG57B4E2HN1J2Q9M-animals,seal,2080.0,01K0Q79754T390C398Z2T902KM-animals,38,whale,animals,human,human
01K4DSNC6NPHTMWR7B3DKXBNF3,01K4DVH6EYQG57B4E2HN1J2Q9M-animals,whale,1251.0,01K0Q79754T390C398Z2T902KM-animals,39,whale,animals,human,human
01K4DSNC6NPHTMWR7B3DKXBNF3,01K4DVH6EYQG57B4E2HN1J2Q9M-animals,walrus,1727.0,01K0Q79754T390C398Z2T902KM-animals,40,fish,animals,human,human
01K4DSNC6NPHTMWR7B3DKXBNF3,01K4DVH6EYQG57B4E2HN1J2Q9M-animals,orca,1743.0,01K0Q79754T390C398Z2T902KM-animals,41,fish,animals,human,human
01K4DSNC6NPHTMWR7B3DKXBNF3,01K4DVH6EYQG57B4E2HN1J2Q9M-animals,snake,1474.0,01K0Q79754T390C398Z2T902KM-animals,42,fish,animals,human,human
01K4DSNC6NPHTMWR7B3DKXBNF3,01K4DVH6EYQG57B4E2HN1J2Q9M-animals,lizard,3038.0,01K0Q79754T390C398Z2T902KM-animals,43,fish,animals,human,human
01K4DSNC6NPHTMWR7B3DKXBNF3,01K4DVH6EYQG57B4E2HN1J2Q9M-animals,tuna,6094.0,01K0Q79754T390C398Z2T902KM-animals,44,frog,animals,human,human
01K4DSNC6NPHTMWR7B3DKXBNF3,01K4DVH6EYQG57B4E2HN1J2Q9M-animals,alligator,3110.0,01K0Q79754T390C398Z2T902KM-animals,45,salmon,animals,human,human
01K4DSNC6NPHTMWR7B3DKXBNF3,01K4DVH6EYQG57B4E2HN1J2Q9M-animals,robin,3521.0,01K0Q79754T390C398Z2T902KM-animals,46,crocodile,animals,human,human
01K4DSNC6NPHTMWR7B3DKXBNF3,01K4DVH6EYQG57B4E2HN1J2Q9M-animals,crow,1087.0,01K0Q79754T390C398Z2T902KM-animals,47,eagle,animals,human,human
01K4DSNC6NPHTMWR7B3DKXBNF3,01K4DVH6EYQG57B4E2HN1J2Q9M-animals,turkey,4025.0,01K0Q79754T390C398Z2T902KM-animals,48,pigeon,animals,human,human
01K4DSNC6NPHTMWR7B3DKXBNF3,01K4DVH6EYQG57B4E2HN1J2Q9M-animals,chicken,2102.0,01K0Q79754T390C398Z2T902KM-animals,49,chicken,animals,human,human
01K4DSNC6NPHTMWR7B3DKXBNF3,01K4DVH6EYQG57B4E2HN1J2Q9M-animals,cow,794.0,01K0Q79754T390C398Z2T902KM-animals,50,pigeon,animals,human,human
01K4DSNC6NPHTMWR7B3DKXBNF3,01K4DVH6EYQG57B4E2HN1J2Q9M-animals,frog,5025.0,01K0Q79754T390C398Z2T902KM-animals,51,pig,animals,human,human
01K4DSNC6NPHTMWR7B3DKXBNF3,01K4DVH6EYQG57B4E2HN1J2Q9M-animals,newt,2682.0,01K0Q79754T390C398Z2T902KM-animals,52,pig,animals,human,human
01K4DSNC6NPHTMWR7B3DKXBNF3,01K4DVH6EYQG57B4E2HN1J2Q9M-animals,ant,2326.0,01K0Q79754T390C398Z2T902KM-animals,53,pig,animals,human,human
01K4DSNC6NPHTMWR7B3DKXBNF3,01K4DVH6EYQG57B4E2HN1J2Q9M-animals,bee,852.0,01K0Q79754T390C398Z2T902KM-animals,54,fly,animals,human,human
01K4DSNC6NPHTMWR7B3DKXBNF3,01K4DVH6EYQG57B4E2HN1J2Q9M-animals,jellyfish,3126.0,01K0Q79754T390C398Z2T902KM-animals,55,fly,animals,human,human
01K4DSNC6NPHTMWR7B3DKXBNF3,01K4DVH6EYQG57B4E2HN1J2Q9M-animals,crab,2546.0,01K0Q79754T390C398Z2T902KM-animals,56,fly,animals,human,human
01K4DSNC6NPHTMWR7B3DKXBNF3,01K4DVH6EYQG57B4E2HN1J2Q9M-animals,lobster,2068.0,01K0Q79754T390C398Z2T902KM-animals,57,lobster,animals,human,human
01K4DSNC6NPHTMWR7B3DKXBNF3,01K4DVH6EYQG57B4E2HN1J2Q9M-animals,shrimp,2240.0,01K0Q79754T390C398Z2T902KM-animals,58,prawn,animals,human,human
01K4DSNC6NPHTMWR7B3DKXBNF3,01K4DVH6EYQG57B4E2HN1J2Q9M-animals,snail,1462.0,01K0Q79754T390C398Z2T902KM-animals,59,prawn,animals,human,human
01K4DSNC6NPHTMWR7B3DKXBNF3,01K4DVH6EYQG57B4E2HN1J2Q9M-animals,worm,2770.0,01K0Q79754T390C398Z2T902KM-animals,60,prawn,animals,human,human
01K4DSNC6NPHTMWR7B3DKXBNF3,01K4DVH6EYQG57B4E2HN1J2Q9M-animals,turtle,6700.0,01K0Q79754T390C398Z2T902KM-animals,61,pigeon,animals,human,human
01K4DSNC6NPHTMWR7B3DKXBNF3,01K4DVH6EYQG57B4E2HN1J2Q9M-animals,horse,4138.0,01K0Q79754T390C398Z2T902KM-animals,62,tortoise,animals,human,human
01K4DSNC6NPHTMWR7B3DKXBNF3,01K4DVH6EYQG57B4E2HN1J2Q9M-animals,chameleon,11173.0,01K0Q79754T390C398Z2T902KM-animals,63,hare,animals,human,human
01K4DSNC6NPHTMWR7B3DKXBNF3,01K4DVH6EYQG57B4E2HN1J2Q9M-animals,penguin,4839.0,01K0Q79754T390C398Z2T902KM-animals,64,salamander,animals,human,human
01K4DSNC6NPHTMWR7B3DKXBNF3,01K4DVH6EYQG57B4E2HN1J2Q9M-animals,flamingo,2811.0,01K0Q79754T390C398Z2T902KM-animals,65,polarbear,animals,human,human
01KFVAG2V0KNKFFBVP28FB87J5,01KFVC33R0ET2FSB1FA0NSXAFK,hat,5057.0,01K0Q70EVWNDWNWSNYBM7X3536-clothes,1,,clothes,human,human
01KFVAG2V0KNKFFBVP28FB87J5,01KFVC33R0ET2FSB1FA0NSXAFK,beanie,2287.0,01K0Q70EVWNDWNWSNYBM7X3536-clothes,2,coat,clothes,human,human
01KFVAG2V0KNKFFBVP28FB87J5,01KFVC33R0ET2FSB1FA0NSXAFK,shoe,1855.0,01K0Q70EVWNDWNWSNYBM7X3536-clothes,3,cap,clothes,human,human
01KFVAG2V0KNKFFBVP28FB87J5,01KFVC33R0ET2FSB1FA0NSXAFK,sock,1073.0,01K0Q70EVWNDWNWSNYBM7X3536-clothes,4,boot,clothes,human,human
01KFVAG2V0KNKFFBVP28FB87J5,01KFVC33R0ET2FSB1FA0NSXAFK,jeans,1518.0,01K0Q70EVWNDWNWSNYBM7X3536-clothes,5,pants,clothes,human,human
01KFVAG2V0KNKFFBVP28FB87J5,01KFVC33R0ET2FSB1FA0NSXAFK,camisole,3025.0,01K0Q70EVWNDWNWSNYBM7X3536-clothes,6,shirt,clothes,human,human
01KFVAG2V0KNKFFBVP28FB87J5,01KFVC33R0ET2FSB1FA0NSXAFK,stiletto,5089.0,01K0Q70EVWNDWNWSNYBM7X3536-clothes,7,girdle,clothes,human,human
01KFVAG2V0KNKFFBVP28FB87J5,01KFVC33R0ET2FSB1FA0NSXAFK,high heel,3985.0,01K0Q70EVWNDWNWSNYBM7X3536-clothes,8,skirt,clothes,human,human
01KFVAG2V0KNKFFBVP28FB87J5,01KFVC33R0ET2FSB1FA0NSXAFK,jacket,2654.0,01K0Q70EVWNDWNWSNYBM7X3536-clothes,9,boots,clothes,human,human
01KFVAG2V0KNKFFBVP28FB87J5,01KFVC33R0ET2FSB1FA0NSXAFK,pants,3232.0,01K0Q70EVWNDWNWSNYBM7X3536-clothes,10,gloves,clothes,human,human
01KFVAG2V0KNKFFBVP28FB87J5,01KFVC33R0ET2FSB1FA0NSXAFK,khakis,3041.0,01K0Q70EVWNDWNWSNYBM7X3536-clothes,11,shirt,clothes,human,human
01KFVAG2V0KNKFFBVP28FB87J5,01KFVC33R0ET2FSB1FA0NSXAFK,shirt,4113.0,01K0Q70EVWNDWNWSNYBM7X3536-clothes,12,jeans,clothes,human,human
01KFVAG2V0KNKFFBVP28FB87J5,01KFVC33R0ET2FSB1FA0NSXAFK,long sleeve shirt,3860.0,01K0Q70EVWNDWNWSNYBM7X3536-clothes,13,blouse,clothes,human,human
01KFVAG2V0KNKFFBVP28FB87J5,01KFVC33R0ET2FSB1FA0NSXAFK,purse,4330.0,01K0Q70EVWNDWNWSNYBM7X3536-clothes,14,hoodie,clothes,human,human
01KFVAG2V0KNKFFBVP28FB87J5,01KFVC33R0ET2FSB1FA0NSXAFK,shorts,8402.0,01K0Q70EVWNDWNWSNYBM7X3536-clothes,15,mascara,clothes,human,human
01KFVAG2V0KNKFFBVP28FB87J5,01KFVC33R0ET2FSB1FA0NSXAFK,bra,1902.0,01K0Q70EVWNDWNWSNYBM7X3536-clothes,16,bag,clothes,human,human
01KFVAG2V0KNKFFBVP28FB87J5,01KFVC33R0ET2FSB1FA0NSXAFK,panties,2225.0,01K0Q70EVWNDWNWSNYBM7X3536-clothes,17,panties,clothes,human,human
01KFVAG2V0KNKFFBVP28FB87J5,01KFVC33R0ET2FSB1FA0NSXAFK,briefs,2511.0,01K0Q70EVWNDWNWSNYBM7X3536-clothes,18,nightie,clothes,human,human
01KFVAG2V0KNKFFBVP28FB87J5,01KFVC33R0ET2FSB1FA0NSXAFK,jockstrap,5663.0,01K0Q70EVWNDWNWSNYBM7X3536-clothes,19,belt,clothes,human,human
01KFVAG2V0KNKFFBVP28FB87J5,01KFVC33R0ET2FSB1FA0NSXAFK,swim trunks,6322.0,01K0Q70EVWNDWNWSNYBM7X3536-clothes,20,belt,clothes,human,human
01KFVAG2V0KNKFFBVP28FB87J5,01KFVC33R0ET2FSB1FA0NSXAFK,swimsuit,3072.0,01K0Q70EVWNDWNWSNYBM7X3536-clothes,21,towel,clothes,human,human
01KFVAG2V0KNKFFBVP28FB87J5,01KFVC33R0ET2FSB1FA0NSXAFK,glasses,2687.0,01K0Q70EVWNDWNWSNYBM7X3536-clothes,22,bikini,clothes,human,human
01KFVAG2V0KNKFFBVP28FB87J5,01KFVC33R0ET2FSB1FA0NSXAFK,dress,7791.0,01K0Q70EVWNDWNWSNYBM7X3536-clothes,23,door,clothes,human,human
01KFVAG2V0KNKFFBVP28FB87J5,01KFVC33R0ET2FSB1FA0NSXAFK,earring,4832.0,01K0Q70EVWNDWNWSNYBM7X3536-clothes,24,blouse,clothes,human,human
01KFVAG2V0KNKFFBVP28FB87J5,01KFVC33R0ET2FSB1FA0NSXAFK,croc,4177.0,01K0Q70EVWNDWNWSNYBM7X3536-clothes,25,necklace,clothes,human,human
01KFVAG2V0KNKFFBVP28FB87J5,01KFVC33R0ET2FSB1FA0NSXAFK,sandal,2768.0,01K0Q70EVWNDWNWSNYBM7X3536-clothes,26,necklace,clothes,human,human
01KFVAG2V0KNKFFBVP28FB87J5,01KFVC33R0ET2FSB1FA0NSXAFK,overalls,9715.0,01K0Q70EVWNDWNWSNYBM7X3536-clothes,27,shoe,clothes,human,human
01KFVAG2V0KNKFFBVP28FB87J5,01KFVC33R0ET2FSB1FA0NSXAFK,turtleneck,8351.0,01K0Q70EVWNDWNWSNYBM7X3536-clothes,28,boots,clothes,human,human
01KFVAG2V0KNKFFBVP28FB87J5,01KFVC33R0ET2FSB1FA0NSXAFK,wifebeater,3600.0,01K0Q70EVWNDWNWSNYBM7X3536-clothes,29,sweater,clothes,human,human
01KFVAG2V0KNKFFBVP28FB87J5,01KFVC33R0ET2FSB1FA0NSXAFK,pasty,6478.0,01K0Q70EVWNDWNWSNYBM7X3536-clothes,30,drunkard,clothes,human,human
01KFVAG2V0KNKFFBVP28FB87J5,01KFVC33R0ET2FSB1FA0NSXAFK,cowboy hat,12737.0,01K0Q70EVWNDWNWSNYBM7X3536-clothes,31,drunk,clothes,human,human
01KFVAG2V0KNKFFBVP28FB87J5,01KFVC33R0ET2FSB1FA0NSXAFK,cowboy boot,4068.0,01K0Q70EVWNDWNWSNYBM7X3536-clothes,32,boots,clothes,human,human
01KFVAG2V0KNKFFBVP28FB87J5,01KFVC33R0ET2FSB1FA0NSXAFK,sweatpants,7052.0,01K0Q70EVWNDWNWSNYBM7X3536-clothes,33,spurs,clothes,human,human
01KFVAG2V0KNKFFBVP28FB87J5,01KFVC33R0ET2FSB1FA0NSXAFK,sweatshirt,3586.0,01K0Q70EVWNDWNWSNYBM7X3536-clothes,34,holster,clothes,human,human
01KFVAG2V0KNKFFBVP28FB87J5,01KFVC33R0ET2FSB1FA0NSXAFK,long johns,6990.0,01K0Q70EVWNDWNWSNYBM7X3536-clothes,35,tshirt,clothes,human,human
01KFVAG2V0KNKFFBVP28FB87J5,01KFVC33R0ET2FSB1FA0NSXAFK,underwear,6416.0,01K0Q70EVWNDWNWSNYBM7X3536-clothes,36,underwear,clothes,human,human
01KFVAG2V0KNKFFBVP28FB87J5,01KFVC33R0ET2FSB1FA0NSXAFK,tighty whities,3424.0,01K0Q70EVWNDWNWSNYBM7X3536-clothes,37,bathrobe,clothes,human,human
01KEYTFAMF817GBE43WBJ510T0,01KEYY4TCRFNV6R3P45P39B7WE,cat,8611.0,01JYPGFEFKM80NSF3C40G7D2M5-animals,1,,animals,human,human
01KEYTFAMF817GBE43WBJ510T0,01KEYY4TCRFNV6R3P45P39B7WE,dog,1672.0,01JYPGFEFKM80NSF3C40G7D2M5-animals,2,dog,animals,human,human
01KEYTFAMF817GBE43WBJ510T0,01KEYY4TCRFNV6R3P45P39B7WE,lion,1780.0,01JYPGFEFKM80NSF3C40G7D2M5-animals,3,man,animals,human,human
01KEYTFAMF817GBE43WBJ510T0,01KEYY4TCRFNV6R3P45P39B7WE,elephant,1540.0,01JYPGFEFKM80NSF3C40G7D2M5-animals,4,tiger,animals,human,human
01KEYTFAMF817GBE43WBJ510T0,01KEYY4TCRFNV6R3P45P39B7WE,tiger,1581.0,01JYPGFEFKM80NSF3C40G7D2M5-animals,5,girrafe,animals,human,human
01KEYTFAMF817GBE43WBJ510T0,01KEYY4TCRFNV6R3P45P39B7WE,bear,1157.0,01JYPGFEFKM80NSF3C40G7D2M5-animals,6,cheetah,animals,human,human
01KEYTFAMF817GBE43WBJ510T0,01KEYY4TCRFNV6R3P45P39B7WE,whale,1009.0,01JYPGFEFKM80NSF3C40G7D2M5-animals,7,wolf,animals,human,human
01KEYTFAMF817GBE43WBJ510T0,01KEYY4TCRFNV6R3P45P39B7WE,cow,1969.0,01JYPGFEFKM80NSF3C40G7D2M5-animals,8,shark,animals,human,human
01KEYTFAMF817GBE43WBJ510T0,01KEYY4TCRFNV6R3P45P39B7WE,dolphin,1570.0,01JYPGFEFKM80NSF3C40G7D2M5-animals,9,pig,animals,human,human
01KEYTFAMF817GBE43WBJ510T0,01KEYY4TCRFNV6R3P45P39B7WE,kangaroo,1540.0,01JYPGFEFKM80NSF3C40G7D2M5-animals,10,shark,animals,human,human
01KEYTFAMF817GBE43WBJ510T0,01KEYY4TCRFNV6R3P45P39B7WE,gorilla,2010.0,01JYPGFEFKM80NSF3C40G7D2M5-animals,11,squirrel,animals,human,human
01KEYTFAMF817GBE43WBJ510T0,01KEYY4TCRFNV6R3P45P39B7WE,peacock,7220.0,01JYPGFEFKM80NSF3C40G7D2M5-animals,12,monkey,animals,human,human
01KEYTFAMF817GBE43WBJ510T0,01KEYY4TCRFNV6R3P45P39B7WE,hawk,1461.0,01JYPGFEFKM80NSF3C40G7D2M5-animals,13,eagle,animals,human,human
01KEYTFAMF817GBE43WBJ510T0,01KEYY4TCRFNV6R3P45P39B7WE,crocodile,2618.0,01JYPGFEFKM80NSF3C40G7D2M5-animals,14,falcon,animals,human,human
01KEYTFAMF817GBE43WBJ510T0,01KEYY4TCRFNV6R3P45P39B7WE,snake,792.0,01JYPGFEFKM80NSF3C40G7D2M5-animals,15,alligator,animals,human,human
01KEYTFAMF817GBE43WBJ510T0,01KEYY4TCRFNV6R3P45P39B7WE,lizard,1796.0,01JYPGFEFKM80NSF3C40G7D2M5-animals,16,lizard,animals,human,human
01KEYTFAMF817GBE43WBJ510T0,01KEYY4TCRFNV6R3P45P39B7WE,gecko,1084.0,01JYPGFEFKM80NSF3C40G7D2M5-animals,17,ant,animals,human,human
01KEYTFAMF817GBE43WBJ510T0,01KEYY4TCRFNV6R3P45P39B7WE,newt,4866.0,01JYPGFEFKM80NSF3C40G7D2M5-animals,18,iguana,animals,human,human
01KEYTFAMF817GBE43WBJ510T0,01KEYY4TCRFNV6R3P45P39B7WE,salamander,3812.0,01JYPGFEFKM80NSF3C40G7D2M5-animals,19,bat,animals,human,human
01KEYTFAMF817GBE43WBJ510T0,01KEYY4TCRFNV6R3P45P39B7WE,frog,2107.0,01JYPGFEFKM80NSF3C40G7D2M5-animals,20,seal,animals,human,human
01KEYTFAMF817GBE43WBJ510T0,01KEYY4TCRFNV6R3P45P39B7WE,toad,1222.0,01JYPGFEFKM80NSF3C40G7D2M5-animals,21,tadpol,animals,human,human
01KEYTFAMF817GBE43WBJ510T0,01KEYY4TCRFNV6R3P45P39B7WE,butterfly,5689.0,01JYPGFEFKM80NSF3C40G7D2M5-animals,22,turtle,animals,human,human
01KEYTFAMF817GBE43WBJ510T0,01KEYY4TCRFNV6R3P45P39B7WE,koala,1416.0,01JYPGFEFKM80NSF3C40G7D2M5-animals,23,bee,animals,human,human
01KEYTFAMF817GBE43WBJ510T0,01KEYY4TCRFNV6R3P45P39B7WE,panda,1356.0,01JYPGFEFKM80NSF3C40G7D2M5-animals,24,sloath,animals,human,human
01KEYTFAMF817GBE43WBJ510T0,01KEYY4TCRFNV6R3P45P39B7WE,spider,1618.0,01JYPGFEFKM80NSF3C40G7D2M5-animals,25,goat,animals,human,human
01KEYTFAMF817GBE43WBJ510T0,01KEYY4TCRFNV6R3P45P39B7WE,scorpion,3632.0,01JYPGFEFKM80NSF3C40G7D2M5-animals,26,anyt,animals,human,human
01KEYTFAMF817GBE43WBJ510T0,01KEYY4TCRFNV6R3P45P39B7WE,rat,1407.0,01JYPGFEFKM80NSF3C40G7D2M5-animals,27,ant,animals,human,human
01KEYTFAMF817GBE43WBJ510T0,01KEYY4TCRFNV6R3P45P39B7WE,mouse,2325.0,01JYPGFEFKM80NSF3C40G7D2M5-animals,28,mouse,animals,human,human
01KEYTFAMF817GBE43WBJ510T0,01KEYY4TCRFNV6R3P45P39B7WE,parrot,1066.0,01JYPGFEFKM80NSF3C40G7D2M5-animals,29,squirrel,animals,human,human
01KEYTFAMF817GBE43WBJ510T0,01KEYY4TCRFNV6R3P45P39B7WE,zebra,4356.0,01JYPGFEFKM80NSF3C40G7D2M5-animals,30,dove,animals,human,human
01KEYTFAMF817GBE43WBJ510T0,01KEYY4TCRFNV6R3P45P39B7WE,pig,1308.0,01JYPGFEFKM80NSF3C40G7D2M5-animals,31,horse,animals,human,human
01KEYTFAMF817GBE43WBJ510T0,01KEYY4TCRFNV6R3P45P39B7WE,goat,780.0,01JYPGFEFKM80NSF3C40G7D2M5-animals,32,sheep,animals,human,human
01KEYTFAMF817GBE43WBJ510T0,01KEYY4TCRFNV6R3P45P39B7WE,badger,5243.0,01JYPGFEFKM80NSF3C40G7D2M5-animals,33,sheep,animals,human,human
01KEYTFAMF817GBE43WBJ510T0,01KEYY4TCRFNV6R3P45P39B7WE,rabbit,890.0,01JYPGFEFKM80NSF3C40G7D2M5-animals,34,lamb,animals,human,human
01KEYTFAMF817GBE43WBJ510T0,01KEYY4TCRFNV6R3P45P39B7WE,sheep,3368.0,01JYPGFEFKM80NSF3C40G7D2M5-animals,35,bunny,animals,human,human
01KEYTFAMF817GBE43WBJ510T0,01KEYY4TCRFNV6R3P45P39B7WE,chicken,1910.0,01JYPGFEFKM80NSF3C40G7D2M5-animals,36,horse,animals,human,human
01KEYTFAMF817GBE43WBJ510T0,01KEYY4TCRFNV6R3P45P39B7WE,horse,2160.0,01JYPGFEFKM80NSF3C40G7D2M5-animals,37,turkey,animals,human,human
01KEYTFAMF817GBE43WBJ510T0,01KEYY4TCRFNV6R3P45P39B7WE,duck,2422.0,01JYPGFEFKM80NSF3C40G7D2M5-animals,38,donkey,animals,human,human
01KEYTFAMF817GBE43WBJ510T0,01KEYY4TCRFNV6R3P45P39B7WE,crab,8063.0,01JYPGFEFKM80NSF3C40G7D2M5-animals,39,turkey,animals,human,human
01KEYTFAMF817GBE43WBJ510T0,01KEYY4TCRFNV6R3P45P39B7WE,shark,1552.0,01JYPGFEFKM80NSF3C40G7D2M5-animals,40,lobster,animals,human,human
01KEYTFAMF817GBE43WBJ510T0,01KEYY4TCRFNV6R3P45P39B7WE,starfish,2878.0,01JYPGFEFKM80NSF3C40G7D2M5-animals,41,seal,animals,human,human
01KEYTFAMF817GBE43WBJ510T0,01KEYY4TCRFNV6R3P45P39B7WE,lobster,1646.0,01JYPGFEFKM80NSF3C40G7D2M5-animals,42,lobater,animals,human,human
01KEYTFAMF817GBE43WBJ510T0,01KEYY4TCRFNV6R3P45P39B7WE,jellyfish,3405.0,01JYPGFEFKM80NSF3C40G7D2M5-animals,43,fish,animals,human,human
01KEYTFAMF817GBE43WBJ510T0,01KEYY4TCRFNV6R3P45P39B7WE,toucan,4795.0,01JYPGFEFKM80NSF3C40G7D2M5-animals,44,squid,animals,human,human
01KEYTFAMF817GBE43WBJ510T0,01KEYY4TCRFNV6R3P45P39B7WE,penguin,3353.0,01JYPGFEFKM80NSF3C40G7D2M5-animals,45,squid,animals,human,human
01KEYTFAMF817GBE43WBJ510T0,01KEYY4TCRFNV6R3P45P39B7WE,puffin,2723.0,01JYPGFEFKM80NSF3C40G7D2M5-animals,46,seal,animals,human,human
01KEYTFAMF817GBE43WBJ510T0,01KEYY4TCRFNV6R3P45P39B7WE,owl,1857.0,01JYPGFEFKM80NSF3C40G7D2M5-animals,47,seal,animals,human,human
01KEYTFAMF817GBE43WBJ510T0,01KEYY4TCRFNV6R3P45P39B7WE,flamingo,1295.0,01JYPGFEFKM80NSF3C40G7D2M5-animals,48,eagle,animals,human,human
01KEYTFAMF817GBE43WBJ510T0,01KEYY4TCRFNV6R3P45P39B7WE,sparrow,3045.0,01JYPGFEFKM80NSF3C40G7D2M5-animals,49,seegle,animals,human,human
01KEYTFAMF817GBE43WBJ510T0,01KEYY4TCRFNV6R3P45P39B7WE,eagle,1306.0,01JYPGFEFKM80NSF3C40G7D2M5-animals,50,eagle,animals,human,human
01KEYTFAMF817GBE43WBJ510T0,01KEYY4TCRFNV6R3P45P39B7WE,moose,11156.0,01JYPGFEFKM80NSF3C40G7D2M5-animals,51,falcon,animals,human,human
01KEYTFAMF817GBE43WBJ510T0,01KEYY4TCRFNV6R3P45P39B7WE,bison,1076.0,01JYPGFEFKM80NSF3C40G7D2M5-animals,52,horse,animals,human,human
01KEYTFAMF817GBE43WBJ510T0,01KEYY4TCRFNV6R3P45P39B7WE,antelope,2546.0,01JYPGFEFKM80NSF3C40G7D2M5-animals,53,wilderbeast,animals,human,human
01KEYTFAMF817GBE43WBJ510T0,01KEYY4TCRFNV6R3P45P39B7WE,raccoon,2857.0,01JYPGFEFKM80NSF3C40G7D2M5-animals,54,deer,animals,human,human
01KEYTFAMF817GBE43WBJ510T0,01KEYY4TCRFNV6R3P45P39B7WE,opossum,4262.0,01JYPGFEFKM80NSF3C40G7D2M5-animals,55,squirel,animals,human,human
01KEYTFAMF817GBE43WBJ510T0,01KEYY4TCRFNV6R3P45P39B7WE,skunk,1148.0,01JYPGFEFKM80NSF3C40G7D2M5-animals,56,,animals,human,human
01KEYTFAMF817GBE43WBJ510T0,01KEYY4TCRFNV6R3P45P39B7WE,armadillo,2118.0,01JYPGFEFKM80NSF3C40G7D2M5-animals,57,squirrel,animals,human,human
01KEYTFAMF817GBE43WBJ510T0,01KEYY4TCRFNV6R3P45P39B7WE,tapir,4627.0,01JYPGFEFKM80NSF3C40G7D2M5-animals,58,badger,animals,human,human
01KEYTFAMF817GBE43WBJ510T0,01KEYY4TCRFNV6R3P45P39B7WE,lemur,2379.0,01JYPGFEFKM80NSF3C40G7D2M5-animals,59,seal,animals,human,human
01KEYTFAMF817GBE43WBJ510T0,01KEYY4TCRFNV6R3P45P39B7WE,albatross,3425.0,01JYPGFEFKM80NSF3C40G7D2M5-animals,60,camel,animals,human,human
01KEYTFAMF817GBE43WBJ510T0,01KEYY4TCRFNV6R3P45P39B7WE,tortoise,5173.0,01JYPGFEFKM80NSF3C40G7D2M5-animals,61,ostrich,animals,human,human
01KEYTFAMF817GBE43WBJ510T0,01KEYY4TCRFNV6R3P45P39B7WE,alligator,1393.0,01JYPGFEFKM80NSF3C40G7D2M5-animals,62,turtle,animals,human,human
01KEYTFAMF817GBE43WBJ510T0,01KEYY4TCRFNV6R3P45P39B7WE,flea,6265.0,01JYPGFEFKM80NSF3C40G7D2M5-animals,63,crocodile,animals,human,human
01KFVAF1D8VB8RMYCP0NBCBHR8,01KFVBDXWRPPCZWED3K2QNMMT9,hat,5024.0,01JRZV38RWY8R9KJGFTXG2ST8P-clothes,1,,clothes,human,human
01KFVAF1D8VB8RMYCP0NBCBHR8,01KFVBDXWRPPCZWED3K2QNMMT9,shorts,2804.0,01JRZV38RWY8R9KJGFTXG2ST8P-clothes,2,on,clothes,human,human
01KFVAF1D8VB8RMYCP0NBCBHR8,01KFVBDXWRPPCZWED3K2QNMMT9,skirt,2789.0,01JRZV38RWY8R9KJGFTXG2ST8P-clothes,3,the,clothes,human,human
01KFVAF1D8VB8RMYCP0NBCBHR8,01KFVBDXWRPPCZWED3K2QNMMT9,vest,1301.0,01JRZV38RWY8R9KJGFTXG2ST8P-clothes,4,long,clothes,human,human
01KFVAF1D8VB8RMYCP0NBCBHR8,01KFVBDXWRPPCZWED3K2QNMMT9,sock,2812.0,01JRZV38RWY8R9KJGFTXG2ST8P-clothes,5,tie,clothes,human,human
01KFVAF1D8VB8RMYCP0NBCBHR8,01KFVBDXWRPPCZWED3K2QNMMT9,underpants,2701.0,01JRZV38RWY8R9KJGFTXG2ST8P-clothes,6,shoe,clothes,human,human
01KFVAF1D8VB8RMYCP0NBCBHR8,01KFVBDXWRPPCZWED3K2QNMMT9,speedo,5540.0,01JRZV38RWY8R9KJGFTXG2ST8P-clothes,7,tie,clothes,human,human
01KFVAF1D8VB8RMYCP0NBCBHR8,01KFVBDXWRPPCZWED3K2QNMMT9,swimming trunks,3685.0,01JRZV38RWY8R9KJGFTXG2ST8P-clothes,8,jacket,clothes,human,human
01KFVAF1D8VB8RMYCP0NBCBHR8,01KFVBDXWRPPCZWED3K2QNMMT9,glasses,3207.0,01JRZV38RWY8R9KJGFTXG2ST8P-clothes,9,bathingsuit,clothes,human,human
01KFVAF1D8VB8RMYCP0NBCBHR8,01KFVBDXWRPPCZWED3K2QNMMT9,cap,1876.0,01JRZV38RWY8R9KJGFTXG2ST8P-clothes,10,slipper,clothes,human,human
01KFVAF1D8VB8RMYCP0NBCBHR8,01KFVBDXWRPPCZWED3K2QNMMT9,shirt,1447.0,01JRZV38RWY8R9KJGFTXG2ST8P-clothes,11,tie,clothes,human,human
01KFVAF1D8VB8RMYCP0NBCBHR8,01KFVBDXWRPPCZWED3K2QNMMT9,blazer,3281.0,01JRZV38RWY8R9KJGFTXG2ST8P-clothes,12,pants,clothes,human,human
01KFVAF1D8VB8RMYCP0NBCBHR8,01KFVBDXWRPPCZWED3K2QNMMT9,tie,1708.0,01JRZV38RWY8R9KJGFTXG2ST8P-clothes,13,jacket,clothes,human,human
01KFVAF1D8VB8RMYCP0NBCBHR8,01KFVBDXWRPPCZWED3K2QNMMT9,jacket,8957.0,01JRZV38RWY8R9KJGFTXG2ST8P-clothes,14,jacket,clothes,human,human
01KFVAF1D8VB8RMYCP0NBCBHR8,01KFVBDXWRPPCZWED3K2QNMMT9,jumper,2213.0,01JRZV38RWY8R9KJGFTXG2ST8P-clothes,15,pants,clothes,human,human
01KFVAF1D8VB8RMYCP0NBCBHR8,01KFVBDXWRPPCZWED3K2QNMMT9,fleece,2661.0,01JRZV38RWY8R9KJGFTXG2ST8P-clothes,16,trousers,clothes,human,human
01KFVAF1D8VB8RMYCP0NBCBHR8,01KFVBDXWRPPCZWED3K2QNMMT9,dress,1672.0,01JRZV38RWY8R9KJGFTXG2ST8P-clothes,17,trousers,clothes,human,human
01KFVAF1D8VB8RMYCP0NBCBHR8,01KFVBDXWRPPCZWED3K2QNMMT9,suit,4332.0,01JRZV38RWY8R9KJGFTXG2ST8P-clothes,18,trousers,clothes,human,human
01KFVAF1D8VB8RMYCP0NBCBHR8,01KFVBDXWRPPCZWED3K2QNMMT9,goggles,6438.0,01JRZV38RWY8R9KJGFTXG2ST8P-clothes,19,trousers,clothes,human,human
01KFVAF1D8VB8RMYCP0NBCBHR8,01KFVBDXWRPPCZWED3K2QNMMT9,watch,6322.0,01JRZV38RWY8R9KJGFTXG2ST8P-clothes,20,glasses,clothes,human,human
01KFVAF1D8VB8RMYCP0NBCBHR8,01KFVBDXWRPPCZWED3K2QNMMT9,trousers,6611.0,01JRZV38RWY8R9KJGFTXG2ST8P-clothes,21,bracelet,clothes,human,human
01KFVAF1D8VB8RMYCP0NBCBHR8,01KFVBDXWRPPCZWED3K2QNMMT9,jeans,2003.0,01JRZV38RWY8R9KJGFTXG2ST8P-clothes,22,bracelet,clothes,human,human
01KFVAF1D8VB8RMYCP0NBCBHR8,01KFVBDXWRPPCZWED3K2QNMMT9,cargos,2497.0,01JRZV38RWY8R9KJGFTXG2ST8P-clothes,23,corduroy,clothes,human,human
01KFVAF1D8VB8RMYCP0NBCBHR8,01KFVBDXWRPPCZWED3K2QNMMT9,shoe,2587.0,01JRZV38RWY8R9KJGFTXG2ST8P-clothes,24,corduroys,clothes,human,human
01KFVAF1D8VB8RMYCP0NBCBHR8,01KFVBDXWRPPCZWED3K2QNMMT9,slipper,2024.0,01JRZV38RWY8R9KJGFTXG2ST8P-clothes,25,boot,clothes,human,human
01KFVAF1D8VB8RMYCP0NBCBHR8,01KFVBDXWRPPCZWED3K2QNMMT9,trainer,3412.0,01JRZV38RWY8R9KJGFTXG2ST8P-clothes,26,boot,clothes,human,human
01KFVAF1D8VB8RMYCP0NBCBHR8,01KFVBDXWRPPCZWED3K2QNMMT9,sunglasses,14202.0,01JRZV38RWY8R9KJGFTXG2ST8P-clothes,27,boot,clothes,human,human
01KFVAF1D8VB8RMYCP0NBCBHR8,01KFVBDXWRPPCZWED3K2QNMMT9,neckerchief,6272.0,01JRZV38RWY8R9KJGFTXG2ST8P-clothes,28,visor,clothes,human,human
01KFVAF1D8VB8RMYCP0NBCBHR8,01KFVBDXWRPPCZWED3K2QNMMT9,bow tie,4230.0,01JRZV38RWY8R9KJGFTXG2ST8P-clothes,29,bracelet,clothes,human,human
01KFVAF1D8VB8RMYCP0NBCBHR8,01KFVBDXWRPPCZWED3K2QNMMT9,polo shirt,2661.0,01JRZV38RWY8R9KJGFTXG2ST8P-clothes,30,bracelet,clothes,human,human
01KFVAF1D8VB8RMYCP0NBCBHR8,01KFVBDXWRPPCZWED3K2QNMMT9,jogging bottoms,6154.0,01JRZV38RWY8R9KJGFTXG2ST8P-clothes,31,boots,clothes,human,human
01KFVAF1D8VB8RMYCP0NBCBHR8,01KFVBDXWRPPCZWED3K2QNMMT9,t-shirt,3595.0,01JRZV38RWY8R9KJGFTXG2ST8P-clothes,32,boots,clothes,human,human
01KFVAF1D8VB8RMYCP0NBCBHR8,01KFVBDXWRPPCZWED3K2QNMMT9,dressing gown,10052.0,01JRZV38RWY8R9KJGFTXG2ST8P-clothes,33,turtleneck,clothes,human,human
01KFVAF1D8VB8RMYCP0NBCBHR8,01KFVBDXWRPPCZWED3K2QNMMT9,cardigan,12910.0,01JRZV38RWY8R9KJGFTXG2ST8P-clothes,34,turtleneck,clothes,human,human
01KFVAF1D8VB8RMYCP0NBCBHR8,01KFVBDXWRPPCZWED3K2QNMMT9,long-sleeved shirt,13600.0,01JRZV38RWY8R9KJGFTXG2ST8P-clothes,35,turtleneck,clothes,human,human
01KFVAF1D8VB8RMYCP0NBCBHR8,01KFVBDXWRPPCZWED3K2QNMMT9,cufflink,6123.0,01JRZV38RWY8R9KJGFTXG2ST8P-clothes,36,turtleneck,clothes,human,human
01KFVAF1D8VB8RMYCP0NBCBHR8,01KFVBDXWRPPCZWED3K2QNMMT9,chain,3869.0,01JRZV38RWY8R9KJGFTXG2ST8P-clothes,37,bracelet,clothes,human,human
01KFVAF1D8VB8RMYCP0NBCBHR8,01KFVBDXWRPPCZWED3K2QNMMT9,ring,1268.0,01JRZV38RWY8R9KJGFTXG2ST8P-clothes,38,bracelet,clothes,human,human
01KFVAF1D8VB8RMYCP0NBCBHR8,01KFVBDXWRPPCZWED3K2QNMMT9,necklace,3154.0,01JRZV38RWY8R9KJGFTXG2ST8P-clothes,39,bracelet,clothes,human,human
01KEYTFBSE9S8P60VPRG0BMTGX,01KEZ0D22XHBY81TBXBJ4B4F8M,bean,3897.0,01JYPFT3SXYW1PEWJMZEFYT4EA-supermarket,1,,supermarket,human,human
01KEYTFBSE9S8P60VPRG0BMTGX,01KEZ0D22XHBY81TBXBJ4B4F8M,celery,2309.0,01JYPFT3SXYW1PEWJMZEFYT4EA-supermarket,2,coffee,supermarket,human,human
01KEYTFBSE9S8P60VPRG0BMTGX,01KEZ0D22XHBY81TBXBJ4B4F8M,washing liquid,3072.0,01JYPFT3SXYW1PEWJMZEFYT4EA-supermarket,3,carrot,supermarket,human,human
01KEYTFBSE9S8P60VPRG0BMTGX,01KEZ0D22XHBY81TBXBJ4B4F8M,soap,2887.0,01JYPFT3SXYW1PEWJMZEFYT4EA-supermarket,4,soap,supermarket,human,human
01KEYTFBSE9S8P60VPRG0BMTGX,01KEZ0D22XHBY81TBXBJ4B4F8M,apple,3519.0,01JYPFT3SXYW1PEWJMZEFYT4EA-supermarket,5,shampoo,supermarket,human,human
01KEYTFBSE9S8P60VPRG0BMTGX,01KEZ0D22XHBY81TBXBJ4B4F8M,pear,1720.0,01JYPFT3SXYW1PEWJMZEFYT4EA-supermarket,6,orange,supermarket,human,human
01KEYTFBSE9S8P60VPRG0BMTGX,01KEZ0D22XHBY81TBXBJ4B4F8M,soup,6224.0,01JYPFT3SXYW1PEWJMZEFYT4EA-supermarket,7,orange,supermarket,human,human
01KEYTFBSE9S8P60VPRG0BMTGX,01KEZ0D22XHBY81TBXBJ4B4F8M,bacon,3347.0,01JYPFT3SXYW1PEWJMZEFYT4EA-supermarket,8,cracker,supermarket,human,human
01KEYTFBSE9S8P60VPRG0BMTGX,01KEZ0D22XHBY81TBXBJ4B4F8M,beef,1346.0,01JYPFT3SXYW1PEWJMZEFYT4EA-supermarket,9,egg,supermarket,human,human
01KEYTFBSE9S8P60VPRG0BMTGX,01KEZ0D22XHBY81TBXBJ4B4F8M,pork,2668.0,01JYPFT3SXYW1PEWJMZEFYT4EA-supermarket,10,bun,supermarket,human,human
01KEYTFBSE9S8P60VPRG0BMTGX,01KEZ0D22XHBY81TBXBJ4B4F8M,cereal,5754.0,01JYPFT3SXYW1PEWJMZEFYT4EA-supermarket,11,chicken,supermarket,human,human
01KEYTFBSE9S8P60VPRG0BMTGX,01KEZ0D22XHBY81TBXBJ4B4F8M,milk,1229.0,01JYPFT3SXYW1PEWJMZEFYT4EA-supermarket,12,milk,supermarket,human,human
01KEYTFBSE9S8P60VPRG0BMTGX,01KEZ0D22XHBY81TBXBJ4B4F8M,fruit juice,1980.0,01JYPFT3SXYW1PEWJMZEFYT4EA-supermarket,13,juice,supermarket,human,human
01KEYTFBSE9S8P60VPRG0BMTGX,01KEZ0D22XHBY81TBXBJ4B4F8M,soda,3110.0,01JYPFT3SXYW1PEWJMZEFYT4EA-supermarket,14,egg,supermarket,human,human
01KEYTFBSE9S8P60VPRG0BMTGX,01KEZ0D22XHBY81TBXBJ4B4F8M,beer,1793.0,01JYPFT3SXYW1PEWJMZEFYT4EA-supermarket,15,chips,supermarket,human,human
01KEYTFBSE9S8P60VPRG0BMTGX,01KEZ0D22XHBY81TBXBJ4B4F8M,wine,1392.0,01JYPFT3SXYW1PEWJMZEFYT4EA-supermarket,16,wine,supermarket,human,human
01KEYTFBSE9S8P60VPRG0BMTGX,01KEZ0D22XHBY81TBXBJ4B4F8M,vodka,2107.0,01JYPFT3SXYW1PEWJMZEFYT4EA-supermarket,17,vodka,supermarket,human,human
01KEYTFBSE9S8P60VPRG0BMTGX,01KEZ0D22XHBY81TBXBJ4B4F8M,whiskey,1746.0,01JYPFT3SXYW1PEWJMZEFYT4EA-supermarket,18,rum,supermarket,human,human
01KEYTFBSE9S8P60VPRG0BMTGX,01KEZ0D22XHBY81TBXBJ4B4F8M,potato,7035.0,01JYPFT3SXYW1PEWJMZEFYT4EA-supermarket,19,rum,supermarket,human,human
01KEYTFBSE9S8P60VPRG0BMTGX,01KEZ0D22XHBY81TBXBJ4B4F8M,pasta,4951.0,01JYPFT3SXYW1PEWJMZEFYT4EA-supermarket,20,chip,supermarket,human,human
01KEYTFBSE9S8P60VPRG0BMTGX,01KEZ0D22XHBY81TBXBJ4B4F8M,rice,1218.0,01JYPFT3SXYW1PEWJMZEFYT4EA-supermarket,21,sauce,supermarket,human,human
01KEYTFBSE9S8P60VPRG0BMTGX,01KEZ0D22XHBY81TBXBJ4B4F8M,bread,1477.0,01JYPFT3SXYW1PEWJMZEFYT4EA-supermarket,22,sauce,supermarket,human,human
01KEYTFBSE9S8P60VPRG0BMTGX,01KEZ0D22XHBY81TBXBJ4B4F8M,roll,1728.0,01JYPFT3SXYW1PEWJMZEFYT4EA-supermarket,23,jelly,supermarket,human,human
01KEYTFBSE9S8P60VPRG0BMTGX,01KEZ0D22XHBY81TBXBJ4B4F8M,pancake,1600.0,01JYPFT3SXYW1PEWJMZEFYT4EA-supermarket,24,bun,supermarket,human,human
01KEYTFBSE9S8P60VPRG0BMTGX,01KEZ0D22XHBY81TBXBJ4B4F8M,sponge cake,7172.0,01JYPFT3SXYW1PEWJMZEFYT4EA-supermarket,25,butter,supermarket,human,human
01KEYTFBSE9S8P60VPRG0BMTGX,01KEZ0D22XHBY81TBXBJ4B4F8M,bleach,13758.0,01JYPFT3SXYW1PEWJMZEFYT4EA-supermarket,26,brownie,supermarket,human,human
01KEYTFBSE9S8P60VPRG0BMTGX,01KEZ0D22XHBY81TBXBJ4B4F8M,windscreen wiper,6643.0,01JYPFT3SXYW1PEWJMZEFYT4EA-supermarket,27,detergent,supermarket,human,human
01KEYTFBSE9S8P60VPRG0BMTGX,01KEZ0D22XHBY81TBXBJ4B4F8M,kiwi,5040.0,01JYPFT3SXYW1PEWJMZEFYT4EA-supermarket,28,glasscleaner,supermarket,human,human
01KEYTFBSE9S8P60VPRG0BMTGX,01KEZ0D22XHBY81TBXBJ4B4F8M,avocado,3944.0,01JYPFT3SXYW1PEWJMZEFYT4EA-supermarket,29,orange,supermarket,human,human
01KEYTFBSE9S8P60VPRG0BMTGX,01KEZ0D22XHBY81TBXBJ4B4F8M,lemon,2955.0,01JYPFT3SXYW1PEWJMZEFYT4EA-supermarket,30,salsa,supermarket,human,human
01KEYTFBSE9S8P60VPRG0BMTGX,01KEZ0D22XHBY81TBXBJ4B4F8M,lime,1091.0,01JYPFT3SXYW1PEWJMZEFYT4EA-supermarket,31,lime,supermarket,human,human
01KEYTFBSE9S8P60VPRG0BMTGX,01KEZ0D22XHBY81TBXBJ4B4F8M,lemonade,2361.0,01JYPFT3SXYW1PEWJMZEFYT4EA-supermarket,32,pineapple,supermarket,human,human
01KEYTFBSE9S8P60VPRG0BMTGX,01KEZ0D22XHBY81TBXBJ4B4F8M,yoghurt,6787.0,01JYPFT3SXYW1PEWJMZEFYT4EA-supermarket,33,icedtea,supermarket,human,human
01KEYTFBSE9S8P60VPRG0BMTGX,01KEZ0D22XHBY81TBXBJ4B4F8M,ice cream,4692.0,01JYPFT3SXYW1PEWJMZEFYT4EA-supermarket,34,banana,supermarket,human,human
01KEYTFBSE9S8P60VPRG0BMTGX,01KEZ0D22XHBY81TBXBJ4B4F8M,sausage,6731.0,01JYPFT3SXYW1PEWJMZEFYT4EA-supermarket,35,cake,supermarket,human,human
01KEYTFBSE9S8P60VPRG0BMTGX,01KEZ0D22XHBY81TBXBJ4B4F8M,turkey,3164.0,01JYPFT3SXYW1PEWJMZEFYT4EA-supermarket,36,bacon,supermarket,human,human
01KEYTFBSE9S8P60VPRG0BMTGX,01KEZ0D22XHBY81TBXBJ4B4F8M,chicken,2623.0,01JYPFT3SXYW1PEWJMZEFYT4EA-supermarket,37,bacon,supermarket,human,human
01KEYTFBSE9S8P60VPRG0BMTGX,01KEZ0D22XHBY81TBXBJ4B4F8M,cheese,3000.0,01JYPFT3SXYW1PEWJMZEFYT4EA-supermarket,38,ketchup,supermarket,human,human
01KEYTFBSE9S8P60VPRG0BMTGX,01KEZ0D22XHBY81TBXBJ4B4F8M,ham,966.0,01JYPFT3SXYW1PEWJMZEFYT4EA-supermarket,39,tomato,supermarket,human,human
01KEYTFBSE9S8P60VPRG0BMTGX,01KEZ0D22XHBY81TBXBJ4B4F8M,butter,2772.0,01JYPFT3SXYW1PEWJMZEFYT4EA-supermarket,40,pork\,supermarket,human,human
01KEYTFBSE9S8P60VPRG0BMTGX,01KEZ0D22XHBY81TBXBJ4B4F8M,jam,1697.0,01JYPFT3SXYW1PEWJMZEFYT4EA-supermarket,41,bun,supermarket,human,human
01KEYTFBSE9S8P60VPRG0BMTGX,01KEZ0D22XHBY81TBXBJ4B4F8M,chocolate spread,5679.0,01JYPFT3SXYW1PEWJMZEFYT4EA-supermarket,42,peanutbutter,supermarket,human,human
01KEYTFBSE9S8P60VPRG0BMTGX,01KEZ0D22XHBY81TBXBJ4B4F8M,candy,3516.0,01JYPFT3SXYW1PEWJMZEFYT4EA-supermarket,43,peanutbutter,supermarket,human,human
01KEYTFBSE9S8P60VPRG0BMTGX,01KEZ0D22XHBY81TBXBJ4B4F8M,biscuit,3656.0,01JYPFT3SXYW1PEWJMZEFYT4EA-supermarket,44,cereal,supermarket,human,human
01KEYTFBSE9S8P60VPRG0BMTGX,01KEZ0D22XHBY81TBXBJ4B4F8M,crisp,1364.0,01JYPFT3SXYW1PEWJMZEFYT4EA-supermarket,45,bun,supermarket,human,human
01KEYTFBSE9S8P60VPRG0BMTGX,01KEZ0D22XHBY81TBXBJ4B4F8M,fry,4887.0,01JYPFT3SXYW1PEWJMZEFYT4EA-supermarket,46,oil,supermarket,human,human
01KEYTFBSE9S8P60VPRG0BMTGX,01KEZ0D22XHBY81TBXBJ4B4F8M,waffle,2670.0,01JYPFT3SXYW1PEWJMZEFYT4EA-supermarket,47,oil,supermarket,human,human
01KEYTFBSE9S8P60VPRG0BMTGX,01KEZ0D22XHBY81TBXBJ4B4F8M,pen,8400.0,01JYPFT3SXYW1PEWJMZEFYT4EA-supermarket,48,butter,supermarket,human,human
01KEYTFBSE9S8P60VPRG0BMTGX,01KEZ0D22XHBY81TBXBJ4B4F8M,book,3009.0,01JYPFT3SXYW1PEWJMZEFYT4EA-supermarket,49,pencil,supermarket,human,human
01KEYTFBSE9S8P60VPRG0BMTGX,01KEZ0D22XHBY81TBXBJ4B4F8M,plate,2278.0,01JYPFT3SXYW1PEWJMZEFYT4EA-supermarket,50,pencil,supermarket,human,human
,01JVAGQTWAG7Q6DT6STFW97QH1-supermarket,cheddar cheese,7747.0,01JRZVB1ZZWP72ABKRJBM128E4-supermarket,1,,supermarket,human,human
01JVAEPB6MXP64NJSNDQ1G9ZM2,01JVAGQTWAG7Q6DT6STFW97QH1-supermarket,pepper jack cheese,4642.0,01JRZVB1ZZWP72ABKRJBM128E4-supermarket,2,bread,supermarket,human,human
01JVAEPB6MXP64NJSNDQ1G9ZM2,01JVAGQTWAG7Q6DT6STFW97QH1-supermarket,swiss cheese,3470.0,01JRZVB1ZZWP72ABKRJBM128E4-supermarket,3,mozarellacheese,supermarket,human,human
01JVAEPB6MXP64NJSNDQ1G9ZM2,01JVAGQTWAG7Q6DT6STFW97QH1-supermarket,provolone,4298.0,01JRZVB1ZZWP72ABKRJBM128E4-supermarket,4,montereyjackcheese,supermarket,human,human
01JVAEPB6MXP64NJSNDQ1G9ZM2,01JVAGQTWAG7Q6DT6STFW97QH1-supermarket,ice cream,5478.0,01JRZVB1ZZWP72ABKRJBM128E4-supermarket,5,edam,supermarket,human,human
01JVAEPB6MXP64NJSNDQ1G9ZM2,01JVAGQTWAG7Q6DT6STFW97QH1-supermarket,popsicle,5491.0,01JRZVB1ZZWP72ABKRJBM128E4-supermarket,6,lollys,supermarket,human,human
01JVAEPB6MXP64NJSNDQ1G9ZM2,01JVAGQTWAG7Q6DT6STFW97QH1-supermarket,snickers ice cream bar,8243.0,01JRZVB1ZZWP72ABKRJBM128E4-supermarket,7,wafer,supermarket,human,human
01JVAEPB6MXP64NJSNDQ1G9ZM2,01JVAGQTWAG7Q6DT6STFW97QH1-supermarket,milk,2429.0,01JRZVB1ZZWP72ABKRJBM128E4-supermarket,8,cornetto,supermarket,human,human
01JVAEPB6MXP64NJSNDQ1G9ZM2,01JVAGQTWAG7Q6DT6STFW97QH1-supermarket,egg,940.0,01JRZVB1ZZWP72ABKRJBM128E4-supermarket,9,butter,supermarket,human,human
01JVAEPB6MXP64NJSNDQ1G9ZM2,01JVAGQTWAG7Q6DT6STFW97QH1-supermarket,yogurt,2253.0,01JRZVB1ZZWP72ABKRJBM128E4-supermarket,10,butter,supermarket,human,human
01JVAEPB6MXP64NJSNDQ1G9ZM2,01JVAGQTWAG7Q6DT6STFW97QH1-supermarket,butter,7679.0,01JRZVB1ZZWP72ABKRJBM128E4-supermarket,11,ham,supermarket,human,human
01JVAEPB6MXP64NJSNDQ1G9ZM2,01JVAGQTWAG7Q6DT6STFW97QH1-supermarket,flour,2621.0,01JRZVB1ZZWP72ABKRJBM128E4-supermarket,12,custard,supermarket,human,human
01JVAEPB6MXP64NJSNDQ1G9ZM2,01JVAGQTWAG7Q6DT6STFW97QH1-supermarket,sugar,3141.0,01JRZVB1ZZWP72ABKRJBM128E4-supermarket,13,sugar,supermarket,human,human
01JVAEPB6MXP64NJSNDQ1G9ZM2,01JVAGQTWAG7Q6DT6STFW97QH1-supermarket,salt,4861.0,01JRZVB1ZZWP72ABKRJBM128E4-supermarket,14,chocolate,supermarket,human,human
01JVAEPB6MXP64NJSNDQ1G9ZM2,01JVAGQTWAG7Q6DT6STFW97QH1-supermarket,pepper,1460.0,01JRZVB1ZZWP72ABKRJBM128E4-supermarket,15,pasta,supermarket,human,human
01JVAEPB6MXP64NJSNDQ1G9ZM2,01JVAGQTWAG7Q6DT6STFW97QH1-supermarket,vinegar,1568.0,01JRZVB1ZZWP72ABKRJBM128E4-supermarket,16,chilli,supermarket,human,human
01JVAEPB6MXP64NJSNDQ1G9ZM2,01JVAGQTWAG7Q6DT6STFW97QH1-supermarket,oil,1001.0,01JRZVB1ZZWP72ABKRJBM128E4-supermarket,17,mayonnaise,supermarket,human,human
01JVAEPB6MXP64NJSNDQ1G9ZM2,01JVAGQTWAG7Q6DT6STFW97QH1-supermarket,olive oil,2732.0,01JRZVB1ZZWP72ABKRJBM128E4-supermarket,18,ketchup,supermarket,human,human
01JVAEPB6MXP64NJSNDQ1G9ZM2,01JVAGQTWAG7Q6DT6STFW97QH1-supermarket,basil,4825.0,01JRZVB1ZZWP72ABKRJBM128E4-supermarket,19,vegetableoil,supermarket,human,human
01JVAEPB6MXP64NJSNDQ1G9ZM2,01JVAGQTWAG7Q6DT6STFW97QH1-supermarket,rosemary,4411.0,01JRZVB1ZZWP72ABKRJBM128E4-supermarket,20,thyme,supermarket,human,human
01JVAEPB6MXP64NJSNDQ1G9ZM2,01JVAGQTWAG7Q6DT6STFW97QH1-supermarket,turmeric,1537.0,01JRZVB1ZZWP72ABKRJBM128E4-supermarket,21,thyme,supermarket,human,human
01JVAEPB6MXP64NJSNDQ1G9ZM2,01JVAGQTWAG7Q6DT6STFW97QH1-supermarket,red pepper flake,6908.0,01JRZVB1ZZWP72ABKRJBM128E4-supermarket,22,cumin,supermarket,human,human
01JVAEPB6MXP64NJSNDQ1G9ZM2,01JVAGQTWAG7Q6DT6STFW97QH1-supermarket,green pepper,3415.0,01JRZVB1ZZWP72ABKRJBM128E4-supermarket,23,parika,supermarket,human,human
01JVAEPB6MXP64NJSNDQ1G9ZM2,01JVAGQTWAG7Q6DT6STFW97QH1-supermarket,red pepper,2364.0,01JRZVB1ZZWP72ABKRJBM128E4-supermarket,24,paprika,supermarket,human,human
01JVAEPB6MXP64NJSNDQ1G9ZM2,01JVAGQTWAG7Q6DT6STFW97QH1-supermarket,yellow pepper,5693.0,01JRZVB1ZZWP72ABKRJBM128E4-supermarket,25,hotpepper,supermarket,human,human
01JVAEPB6MXP64NJSNDQ1G9ZM2,01JVAGQTWAG7Q6DT6STFW97QH1-supermarket,dill,4702.0,01JRZVB1ZZWP72ABKRJBM128E4-supermarket,26,carrot,supermarket,human,human
01JVAEPB6MXP64NJSNDQ1G9ZM2,01JVAGQTWAG7Q6DT6STFW97QH1-supermarket,caesar salad,7323.0,01JRZVB1ZZWP72ABKRJBM128E4-supermarket,27,chives,supermarket,human,human
01JVAEPB6MXP64NJSNDQ1G9ZM2,01JVAGQTWAG7Q6DT6STFW97QH1-supermarket,mixed greens,3758.0,01JRZVB1ZZWP72ABKRJBM128E4-supermarket,28,cucumber,supermarket,human,human
01JVAEPB6MXP64NJSNDQ1G9ZM2,01JVAGQTWAG7Q6DT6STFW97QH1-supermarket,ranch,1200.0,01JRZVB1ZZWP72ABKRJBM128E4-supermarket,29,lettuce,supermarket,human,human
01JVAEPB6MXP64NJSNDQ1G9ZM2,01JVAGQTWAG7Q6DT6STFW97QH1-supermarket,blue cheese,2041.0,01JRZVB1ZZWP72ABKRJBM128E4-supermarket,30,mayonnaise,supermarket,human,human
01JVAEPB6MXP64NJSNDQ1G9ZM2,01JVAGQTWAG7Q6DT6STFW97QH1-supermarket,french dressing,4387.0,01JRZVB1ZZWP72ABKRJBM128E4-supermarket,31,coleslaw,supermarket,human,human
01JVAEPB6MXP64NJSNDQ1G9ZM2,01JVAGQTWAG7Q6DT6STFW97QH1-supermarket,caesar dressing,3211.0,01JRZVB1ZZWP72ABKRJBM128E4-supermarket,32,ketchup,supermarket,human,human
01JVAEPB6MXP64NJSNDQ1G9ZM2,01JVAGQTWAG7Q6DT6STFW97QH1-supermarket,frank's hot sauce,2679.0,01JRZVB1ZZWP72ABKRJBM128E4-supermarket,33,croutons,supermarket,human,human
01JVAEPB6MXP64NJSNDQ1G9ZM2,01JVAGQTWAG7Q6DT6STFW97QH1-supermarket,coke,1220.0,01JRZVB1ZZWP72ABKRJBM128E4-supermarket,34,tobascosauce,supermarket,human,human
01JVAEPB6MXP64NJSNDQ1G9ZM2,01JVAGQTWAG7Q6DT6STFW97QH1-supermarket,pepsi,2018.0,01JRZVB1ZZWP72ABKRJBM128E4-supermarket,35,lemonade,supermarket,human,human
01JVAEPB6MXP64NJSNDQ1G9ZM2,01JVAGQTWAG7Q6DT6STFW97QH1-supermarket,mountain dew,2325.0,01JRZVB1ZZWP72ABKRJBM128E4-supermarket,36,drpepper,supermarket,human,human
01JVAEPB6MXP64NJSNDQ1G9ZM2,01JVAGQTWAG7Q6DT6STFW97QH1-supermarket,dr pepper,2211.0,01JRZVB1ZZWP72ABKRJBM128E4-supermarket,37,sprite,supermarket,human,human
01JVAEPB6MXP64NJSNDQ1G9ZM2,01JVAGQTWAG7Q6DT6STFW97QH1-supermarket,sprite,3924.0,01JRZVB1ZZWP72ABKRJBM128E4-supermarket,38,sprite,supermarket,human,human
01JVAEPB6MXP64NJSNDQ1G9ZM2,01JVAGQTWAG7Q6DT6STFW97QH1-supermarket,7 up,2476.0,01JRZVB1ZZWP72ABKRJBM128E4-supermarket,39,7up,supermarket,human,human
01JVAEPB6MXP64NJSNDQ1G9ZM2,01JVAGQTWAG7Q6DT6STFW97QH1-supermarket,cherry coke,4177.0,01JRZVB1ZZWP72ABKRJBM128E4-supermarket,40,tango,supermarket,human,human
01JVAEPB6MXP64NJSNDQ1G9ZM2,01JVAGQTWAG7Q6DT6STFW97QH1-supermarket,cherry pepsi,4249.0,01JRZVB1ZZWP72ABKRJBM128E4-supermarket,41,fanta,supermarket,human,human
01JVAEPB6MXP64NJSNDQ1G9ZM2,01JVAGQTWAG7Q6DT6STFW97QH1-supermarket,diet coke,4635.0,01JRZVB1ZZWP72ABKRJBM128E4-supermarket,42,redbull,supermarket,human,human
01JVAEPB6MXP64NJSNDQ1G9ZM2,01JVAGQTWAG7Q6DT6STFW97QH1-supermarket,diet pepsi,3334.0,01JRZVB1ZZWP72ABKRJBM128E4-supermarket,43,coca-cola,supermarket,human,human
01JVAEPB6MXP64NJSNDQ1G9ZM2,01JVAGQTWAG7Q6DT6STFW97QH1-supermarket,ginger ale,2903.0,01JRZVB1ZZWP72ABKRJBM128E4-supermarket,44,pepsimax,supermarket,human,human
01JVAEPB6MXP64NJSNDQ1G9ZM2,01JVAGQTWAG7Q6DT6STFW97QH1-supermarket,a&w root beer,9915.0,01JRZVB1ZZWP72ABKRJBM128E4-supermarket,45,lemonade,supermarket,human,human
01JVAEPB6MXP64NJSNDQ1G9ZM2,01JVAGQTWAG7Q6DT6STFW97QH1-supermarket,barq's root beer,6134.0,01JRZVB1ZZWP72ABKRJBM128E4-supermarket,46,arrowroot,supermarket,human,human
01KFVAEZ8VVHJ06J6SBAX7Z86X,01KFVANCWX4PEQ8MJS01CX9048,food,4497.0,01JYPK2CA6RZRSCD6WYP83Z1JQ-supermarket,1,,supermarket,human,human
01KFVAEZ8VVHJ06J6SBAX7Z86X,01KFVANCWX4PEQ8MJS01CX9048,toilet roll,2888.0,01JYPK2CA6RZRSCD6WYP83Z1JQ-supermarket,2,drink,supermarket,human,human
01KFVAEZ8VVHJ06J6SBAX7Z86X,01KFVANCWX4PEQ8MJS01CX9048,bread,1875.0,01JYPK2CA6RZRSCD6WYP83Z1JQ-supermarket,3,tube,supermarket,human,human
01KFVAEZ8VVHJ06J6SBAX7Z86X,01KFVANCWX4PEQ8MJS01CX9048,milk,1349.0,01JYPK2CA6RZRSCD6WYP83Z1JQ-supermarket,4,roll,supermarket,human,human
01KFVAEZ8VVHJ06J6SBAX7Z86X,01KFVANCWX4PEQ8MJS01CX9048,sugar,2110.0,01JYPK2CA6RZRSCD6WYP83Z1JQ-supermarket,5,butter,supermarket,human,human
01KFVAEZ8VVHJ06J6SBAX7Z86X,01KFVANCWX4PEQ8MJS01CX9048,tea,1535.0,01JYPK2CA6RZRSCD6WYP83Z1JQ-supermarket,6,butter,supermarket,human,human
01KFVAEZ8VVHJ06J6SBAX7Z86X,01KFVANCWX4PEQ8MJS01CX9048,fish,1899.0,01JYPK2CA6RZRSCD6WYP83Z1JQ-supermarket,7,coffee,supermarket,human,human
01KFVAEZ8VVHJ06J6SBAX7Z86X,01KFVANCWX4PEQ8MJS01CX9048,meat,1684.0,01JYPK2CA6RZRSCD6WYP83Z1JQ-supermarket,8,meat,supermarket,human,human
01KFVAEZ8VVHJ06J6SBAX7Z86X,01KFVANCWX4PEQ8MJS01CX9048,beef,1247.0,01JYPK2CA6RZRSCD6WYP83Z1JQ-supermarket,9,vegetables,supermarket,human,human
01KFVAEZ8VVHJ06J6SBAX7Z86X,01KFVANCWX4PEQ8MJS01CX9048,sausage,1753.0,01JYPK2CA6RZRSCD6WYP83Z1JQ-supermarket,10,lamb,supermarket,human,human
01KFVAEZ8VVHJ06J6SBAX7Z86X,01KFVANCWX4PEQ8MJS01CX9048,till,2767.0,01JYPK2CA6RZRSCD6WYP83Z1JQ-supermarket,11,pork,supermarket,human,human
01KFVAEZ8VVHJ06J6SBAX7Z86X,01KFVANCWX4PEQ8MJS01CX9048,basket,2078.0,01JYPK2CA6RZRSCD6WYP83Z1JQ-supermarket,12,pay,supermarket,human,human
01KFVAEZ8VVHJ06J6SBAX7Z86X,01KFVANCWX4PEQ8MJS01CX9048,trolley,1925.0,01JYPK2CA6RZRSCD6WYP83Z1JQ-supermarket,13,trolley,supermarket,human,human
01KFVAEZ8VVHJ06J6SBAX7Z86X,01KFVANCWX4PEQ8MJS01CX9048,cloth,5854.0,01JYPK2CA6RZRSCD6WYP83Z1JQ-supermarket,14,shopping,supermarket,human,human
01KFVAEZ8VVHJ06J6SBAX7Z86X,01KFVANCWX4PEQ8MJS01CX9048,nappy,2093.0,01JYPK2CA6RZRSCD6WYP83Z1JQ-supermarket,15,soap,supermarket,human,human
01KFVAEZ8VVHJ06J6SBAX7Z86X,01KFVANCWX4PEQ8MJS01CX9048,shoe,1699.0,01JYPK2CA6RZRSCD6WYP83Z1JQ-supermarket,16,powder,supermarket,human,human
01KFVAEZ8VVHJ06J6SBAX7Z86X,01KFVANCWX4PEQ8MJS01CX9048,fruit,1928.0,01JYPK2CA6RZRSCD6WYP83Z1JQ-supermarket,17,socks,supermarket,human,human
01KFVAEZ8VVHJ06J6SBAX7Z86X,01KFVANCWX4PEQ8MJS01CX9048,vegetable,1553.0,01JYPK2CA6RZRSCD6WYP83Z1JQ-supermarket,18,apple,supermarket,human,human
01KFVAEZ8VVHJ06J6SBAX7Z86X,01KFVANCWX4PEQ8MJS01CX9048,juice,2033.0,01JYPK2CA6RZRSCD6WYP83Z1JQ-supermarket,19,carrot,supermarket,human,human
01KFVAEZ8VVHJ06J6SBAX7Z86X,01KFVANCWX4PEQ8MJS01CX9048,coffee,2667.0,01JYPK2CA6RZRSCD6WYP83Z1JQ-supermarket,20,lemon,supermarket,human,human
01KFVAEZ8VVHJ06J6SBAX7Z86X,01KFVANCWX4PEQ8MJS01CX9048,pea,3859.0,01JYPK2CA6RZRSCD6WYP83Z1JQ-supermarket,21,honey,supermarket,human,human
01KFVAEZ8VVHJ06J6SBAX7Z86X,01KFVANCWX4PEQ8MJS01CX9048,bean,1400.0,01JYPK2CA6RZRSCD6WYP83Z1JQ-supermarket,22,carrot,supermarket,human,human
01KFVAEZ8VVHJ06J6SBAX7Z86X,01KFVANCWX4PEQ8MJS01CX9048,pizza,2446.0,01JYPK2CA6RZRSCD6WYP83Z1JQ-supermarket,23,carrot,supermarket,human,human
01KFVAEZ8VVHJ06J6SBAX7Z86X,01KFVANCWX4PEQ8MJS01CX9048,chip,4547.0,01JYPK2CA6RZRSCD6WYP83Z1JQ-supermarket,24,delivery,supermarket,human,human
01KFVAEZ8VVHJ06J6SBAX7Z86X,01KFVANCWX4PEQ8MJS01CX9048,chocolate,2385.0,01JYPK2CA6RZRSCD6WYP83Z1JQ-supermarket,25,sauce,supermarket,human,human
01KFVAEZ8VVHJ06J6SBAX7Z86X,01KFVANCWX4PEQ8MJS01CX9048,biscuit,2638.0,01JYPK2CA6RZRSCD6WYP83Z1JQ-supermarket,26,biscuit,supermarket,human,human
01KFVAEZ8VVHJ06J6SBAX7Z86X,01KFVANCWX4PEQ8MJS01CX9048,cookie,1973.0,01JYPK2CA6RZRSCD6WYP83Z1JQ-supermarket,27,cake,supermarket,human,human
01KFVAEZ8VVHJ06J6SBAX7Z86X,01KFVANCWX4PEQ8MJS01CX9048,cheese,2102.0,01JYPK2CA6RZRSCD6WYP83Z1JQ-supermarket,28,cake,supermarket,human,human
01KFVAEZ8VVHJ06J6SBAX7Z86X,01KFVANCWX4PEQ8MJS01CX9048,chicken,7694.0,01JYPK2CA6RZRSCD6WYP83Z1JQ-supermarket,29,cracker,supermarket,human,human
01KFVAEZ8VVHJ06J6SBAX7Z86X,01KFVANCWX4PEQ8MJS01CX9048,pork,2496.0,01JYPK2CA6RZRSCD6WYP83Z1JQ-supermarket,30,stuffing,supermarket,human,human
01KFVAEZ8VVHJ06J6SBAX7Z86X,01KFVANCWX4PEQ8MJS01CX9048,yoghurt,5433.0,01JYPK2CA6RZRSCD6WYP83Z1JQ-supermarket,31,roll,supermarket,human,human
01KFVAEZ8VVHJ06J6SBAX7Z86X,01KFVANCWX4PEQ8MJS01CX9048,pie,3507.0,01JYPK2CA6RZRSCD6WYP83Z1JQ-supermarket,32,cream,supermarket,human,human
01KFVAEZ8VVHJ06J6SBAX7Z86X,01KFVANCWX4PEQ8MJS01CX9048,baby food,7163.0,01JYPK2CA6RZRSCD6WYP83Z1JQ-supermarket,33,crust,supermarket,human,human
01KFVAEZ8VVHJ06J6SBAX7Z86X,01KFVANCWX4PEQ8MJS01CX9048,custard,2264.0,01JYPK2CA6RZRSCD6WYP83Z1JQ-supermarket,34,bib,supermarket,human,human
01KFVAEZ8VVHJ06J6SBAX7Z86X,01KFVANCWX4PEQ8MJS01CX9048,jelly,3134.0,01JYPK2CA6RZRSCD6WYP83Z1JQ-supermarket,35,tart,supermarket,human,human
01KFVAEZ8VVHJ06J6SBAX7Z86X,01KFVANCWX4PEQ8MJS01CX9048,strawberry,3362.0,01JYPK2CA6RZRSCD6WYP83Z1JQ-supermarket,36,tar,supermarket,human,human
01KFVAEZ8VVHJ06J6SBAX7Z86X,01KFVANCWX4PEQ8MJS01CX9048,bag,1593.0,01JYPK2CA6RZRSCD6WYP83Z1JQ-supermarket,37,jam,supermarket,human,human
01KFVAEZ8VVHJ06J6SBAX7Z86X,01KFVANCWX4PEQ8MJS01CX9048,lemon,2054.0,01JYPK2CA6RZRSCD6WYP83Z1JQ-supermarket,38,sac,supermarket,human,human
01KFVAEZ8VVHJ06J6SBAX7Z86X,01KFVANCWX4PEQ8MJS01CX9048,melon,2647.0,01JYPK2CA6RZRSCD6WYP83Z1JQ-supermarket,39,lime,supermarket,human,human
01KFVAEZ8VVHJ06J6SBAX7Z86X,01KFVANCWX4PEQ8MJS01CX9048,carrot,2448.0,01JYPK2CA6RZRSCD6WYP83Z1JQ-supermarket,40,grapefruit,supermarket,human,human
01KFVAEZ8VVHJ06J6SBAX7Z86X,01KFVANCWX4PEQ8MJS01CX9048,potato,4316.0,01JYPK2CA6RZRSCD6WYP83Z1JQ-supermarket,41,potato,supermarket,human,human
01KFVAEZ8VVHJ06J6SBAX7Z86X,01KFVANCWX4PEQ8MJS01CX9048,broccoli,2968.0,01JYPK2CA6RZRSCD6WYP83Z1JQ-supermarket,42,carot,supermarket,human,human
01KFVAEZ8VVHJ06J6SBAX7Z86X,01KFVANCWX4PEQ8MJS01CX9048,mushroom,2640.0,01JYPK2CA6RZRSCD6WYP83Z1JQ-supermarket,43,cabbage,supermarket,human,human
01KFVAEZ8VVHJ06J6SBAX7Z86X,01KFVANCWX4PEQ8MJS01CX9048,onion,2654.0,01JYPK2CA6RZRSCD6WYP83Z1JQ-supermarket,44,cabbage,supermarket,human,human
01KFVAEZ8VVHJ06J6SBAX7Z86X,01KFVANCWX4PEQ8MJS01CX9048,banana,3112.0,01JYPK2CA6RZRSCD6WYP83Z1JQ-supermarket,45,shallot,supermarket,human,human
01KFVAEZ8VVHJ06J6SBAX7Z86X,01KFVANCWX4PEQ8MJS01CX9048,pear,2815.0,01JYPK2CA6RZRSCD6WYP83Z1JQ-supermarket,46,pear,supermarket,human,human
01KFVAEZ8VVHJ06J6SBAX7Z86X,01KFVANCWX4PEQ8MJS01CX9048,ham,2523.0,01JYPK2CA6RZRSCD6WYP83Z1JQ-supermarket,47,lime,supermarket,human,human
01KFVAEZ8VVHJ06J6SBAX7Z86X,01KFVANCWX4PEQ8MJS01CX9048,pepper,3445.0,01JYPK2CA6RZRSCD6WYP83Z1JQ-supermarket,48,con,supermarket,human,human
01KFVAEZ8VVHJ06J6SBAX7Z86X,01KFVANCWX4PEQ8MJS01CX9048,salt,1741.0,01JYPK2CA6RZRSCD6WYP83Z1JQ-supermarket,49,salt,supermarket,human,human
01KFVAEZ8VVHJ06J6SBAX7Z86X,01KFVANCWX4PEQ8MJS01CX9048,butter,2555.0,01JYPK2CA6RZRSCD6WYP83Z1JQ-supermarket,50,water,supermarket,human,human
01KFVAEZ8VVHJ06J6SBAX7Z86X,01KFVANCWX4PEQ8MJS01CX9048,slipper,4997.0,01JYPK2CA6RZRSCD6WYP83Z1JQ-supermarket,51,margarine,supermarket,human,human
01KFVAEZ8VVHJ06J6SBAX7Z86X,01KFVANCWX4PEQ8MJS01CX9048,spread,3701.0,01JYPK2CA6RZRSCD6WYP83Z1JQ-supermarket,52,ck,supermarket,human,human
01KFVAEZ8VVHJ06J6SBAX7Z86X,01KFVANCWX4PEQ8MJS01CX9048,crockery,4696.0,01JYPK2CA6RZRSCD6WYP83Z1JQ-supermarket,53,margarine,supermarket,human,human
01KFVAEZ8VVHJ06J6SBAX7Z86X,01KFVANCWX4PEQ8MJS01CX9048,cheese string,7179.0,01JYPK2CA6RZRSCD6WYP83Z1JQ-supermarket,54,nife,supermarket,human,human
01KFVAEZ8VVHJ06J6SBAX7Z86X,01KFVANCWX4PEQ8MJS01CX9048,milkshake,6831.0,01JYPK2CA6RZRSCD6WYP83Z1JQ-supermarket,55,dip,supermarket,human,human
01KFVAEZ8VVHJ06J6SBAX7Z86X,01KFVANCWX4PEQ8MJS01CX9048,kefir,9592.0,01JYPK2CA6RZRSCD6WYP83Z1JQ-supermarket,56,dip,supermarket,human,human
01KEYTFAMV6J7XNN3VG00QCWTC,01KEYZHMHRBFX0FEBSZ2CCKK94,t-shirt,3654.0,01K0Q8BBGTAA6BYQZBWAZBRD2B-clothes,1,,clothes,human,human
01KEYTFAMV6J7XNN3VG00QCWTC,01KEYZHMHRBFX0FEBSZ2CCKK94,pants,1820.0,01K0Q8BBGTAA6BYQZBWAZBRD2B-clothes,2,shirt,clothes,human,human
01KEYTFAMV6J7XNN3VG00QCWTC,01KEYZHMHRBFX0FEBSZ2CCKK94,shoe,1014.0,01K0Q8BBGTAA6BYQZBWAZBRD2B-clothes,3,trousers,clothes,human,human
01KEYTFAMV6J7XNN3VG00QCWTC,01KEYZHMHRBFX0FEBSZ2CCKK94,sock,1300.0,01K0Q8BBGTAA6BYQZBWAZBRD2B-clothes,4,sock,clothes,human,human
01KEYTFAMV6J7XNN3VG00QCWTC,01KEYZHMHRBFX0FEBSZ2CCKK94,underwear,1977.0,01K0Q8BBGTAA6BYQZBWAZBRD2B-clothes,5,underwear,clothes,human,human
01KEYTFAMV6J7XNN3VG00QCWTC,01KEYZHMHRBFX0FEBSZ2CCKK94,jacket,1374.0,01K0Q8BBGTAA6BYQZBWAZBRD2B-clothes,6,bra,clothes,human,human
01KEYTFAMV6J7XNN3VG00QCWTC,01KEYZHMHRBFX0FEBSZ2CCKK94,sandal,2705.0,01K0Q8BBGTAA6BYQZBWAZBRD2B-clothes,7,coat,clothes,human,human
01KEYTFAMV6J7XNN3VG00QCWTC,01KEYZHMHRBFX0FEBSZ2CCKK94,hat,1628.0,01K0Q8BBGTAA6BYQZBWAZBRD2B-clothes,8,boots,clothes,human,human
01KEYTFAMV6J7XNN3VG00QCWTC,01KEYZHMHRBFX0FEBSZ2CCKK94,scarf,1638.0,01K0Q8BBGTAA6BYQZBWAZBRD2B-clothes,9,scarf,clothes,human,human
01KEYTFAMV6J7XNN3VG00QCWTC,01KEYZHMHRBFX0FEBSZ2CCKK94,glove,883.0,01K0Q8BBGTAA6BYQZBWAZBRD2B-clothes,10,gloves,clothes,human,human
01KEYTFAMV6J7XNN3VG00QCWTC,01KEYZHMHRBFX0FEBSZ2CCKK94,bra,1587.0,01K0Q8BBGTAA6BYQZBWAZBRD2B-clothes,11,jumper,clothes,human,human
01KEYTFAMV6J7XNN3VG00QCWTC,01KEYZHMHRBFX0FEBSZ2CCKK94,blouse,2510.0,01K0Q8BBGTAA6BYQZBWAZBRD2B-clothes,12,coat,clothes,human,human
01KEYTFAMV6J7XNN3VG00QCWTC,01KEYZHMHRBFX0FEBSZ2CCKK94,tuxedo,1470.0,01K0Q8BBGTAA6BYQZBWAZBRD2B-clothes,13,shirt,clothes,human,human
01KEYTFAMV6J7XNN3VG00QCWTC,01KEYZHMHRBFX0FEBSZ2CCKK94,dress,1304.0,01K0Q8BBGTAA6BYQZBWAZBRD2B-clothes,14,suit,clothes,human,human
01KEYTFAMV6J7XNN3VG00QCWTC,01KEYZHMHRBFX0FEBSZ2CCKK94,ball gown,3302.0,01K0Q8BBGTAA6BYQZBWAZBRD2B-clothes,15,skirt,clothes,human,human
01KEYTFAMV6J7XNN3VG00QCWTC,01KEYZHMHRBFX0FEBSZ2CCKK94,jumper,5471.0,01K0Q8BBGTAA6BYQZBWAZBRD2B-clothes,16,tights,clothes,human,human
01KEYTFAMV6J7XNN3VG00QCWTC,01KEYZHMHRBFX0FEBSZ2CCKK94,hoodie,1659.0,01K0Q8BBGTAA6BYQZBWAZBRD2B-clothes,17,jeans,clothes,human,human
01KEYTFAMV6J7XNN3VG00QCWTC,01KEYZHMHRBFX0FEBSZ2CCKK94,sweater,3875.0,01K0Q8BBGTAA6BYQZBWAZBRD2B-clothes,18,shirt,clothes,human,human
01KEYTFAMV6J7XNN3VG00QCWTC,01KEYZHMHRBFX0FEBSZ2CCKK94,sweatpants,2284.0,01K0Q8BBGTAA6BYQZBWAZBRD2B-clothes,19,boots,clothes,human,human
01KEYTFAMV6J7XNN3VG00QCWTC,01KEYZHMHRBFX0FEBSZ2CCKK94,leggings,1350.0,01K0Q8BBGTAA6BYQZBWAZBRD2B-clothes,20,joggers,clothes,human,human
01KEYTFAMV6J7XNN3VG00QCWTC,01KEYZHMHRBFX0FEBSZ2CCKK94,shorts,2018.0,01K0Q8BBGTAA6BYQZBWAZBRD2B-clothes,21,tights,clothes,human,human
01KEYTFAMV6J7XNN3VG00QCWTC,01KEYZHMHRBFX0FEBSZ2CCKK94,skirt,1867.0,01K0Q8BBGTAA6BYQZBWAZBRD2B-clothes,22,vest,clothes,human,human
01KEYTFAMV6J7XNN3VG00QCWTC,01KEYZHMHRBFX0FEBSZ2CCKK94,jeans,3351.0,01K0Q8BBGTAA6BYQZBWAZBRD2B-clothes,23,shirt,clothes,human,human
01KEYTFAMV6J7XNN3VG00QCWTC,01KEYZHMHRBFX0FEBSZ2CCKK94,chinos,2358.0,01K0Q8BBGTAA6BYQZBWAZBRD2B-clothes,24,trousers,clothes,human,human
01KEYTFAMV6J7XNN3VG00QCWTC,01KEYZHMHRBFX0FEBSZ2CCKK94,khakis,3385.0,01K0Q8BBGTAA6BYQZBWAZBRD2B-clothes,25,joggers,clothes,human,human
01KEYTFAMV6J7XNN3VG00QCWTC,01KEYZHMHRBFX0FEBSZ2CCKK94,mule,7405.0,01K0Q8BBGTAA6BYQZBWAZBRD2B-clothes,26,shirt,clothes,human,human
01KEYTFAMV6J7XNN3VG00QCWTC,01KEYZHMHRBFX0FEBSZ2CCKK94,loafer,2259.0,01K0Q8BBGTAA6BYQZBWAZBRD2B-clothes,27,boots,clothes,human,human
01KEYTFAMV6J7XNN3VG00QCWTC,01KEYZHMHRBFX0FEBSZ2CCKK94,swimsuit,4355.0,01K0Q8BBGTAA6BYQZBWAZBRD2B-clothes,28,slippers,clothes,human,human
01KEYTFAMV6J7XNN3VG00QCWTC,01KEYZHMHRBFX0FEBSZ2CCKK94,cover-up,1939.0,01K0Q8BBGTAA6BYQZBWAZBRD2B-clothes,29,bikini,clothes,human,human
01KEYTFAMV6J7XNN3VG00QCWTC,01KEYZHMHRBFX0FEBSZ2CCKK94,bikini,4726.0,01K0Q8BBGTAA6BYQZBWAZBRD2B-clothes,30,bikini,clothes,human,human
01KEYTFAMV6J7XNN3VG00QCWTC,01KEYZHMHRBFX0FEBSZ2CCKK94,lingerie,3019.0,01K0Q8BBGTAA6BYQZBWAZBRD2B-clothes,31,shirt,clothes,human,human
01KEYTFAMV6J7XNN3VG00QCWTC,01KEYZHMHRBFX0FEBSZ2CCKK94,coat,5670.0,01K0Q8BBGTAA6BYQZBWAZBRD2B-clothes,32,cami,clothes,human,human
01KEYTFAMV6J7XNN3VG00QCWTC,01KEYZHMHRBFX0FEBSZ2CCKK94,mitten,6750.0,01K0Q8BBGTAA6BYQZBWAZBRD2B-clothes,33,jacket,clothes,human,human
01KEYTFAMV6J7XNN3VG00QCWTC,01KEYZHMHRBFX0FEBSZ2CCKK94,slipper,5026.0,01K0Q8BBGTAA6BYQZBWAZBRD2B-clothes,34,earmuff,clothes,human,human
01KEYTFAMV6J7XNN3VG00QCWTC,01KEYZHMHRBFX0FEBSZ2CCKK94,overall,15621.0,01K0Q8BBGTAA6BYQZBWAZBRD2B-clothes,35,boot,clothes,human,human
01KEYTFAMV6J7XNN3VG00QCWTC,01KEYZHMHRBFX0FEBSZ2CCKK94,boxers,14066.0,01K0Q8BBGTAA6BYQZBWAZBRD2B-clothes,36,thermals,clothes,human,human
01KEYTFAMV6J7XNN3VG00QCWTC,01KEYZHMHRBFX0FEBSZ2CCKK94,briefs,1702.0,01K0Q8BBGTAA6BYQZBWAZBRD2B-clothes,37,briefs,clothes,human,human
01KEYTFAMV6J7XNN3VG00QCWTC,01KEYZHMHRBFX0FEBSZ2CCKK94,thong,1427.0,01K0Q8BBGTAA6BYQZBWAZBRD2B-clothes,38,thong,clothes,human,human
01KEYTFAMV6J7XNN3VG00QCWTC,01KEYZHMHRBFX0FEBSZ2CCKK94,panties,1795.0,01K0Q8BBGTAA6BYQZBWAZBRD2B-clothes,39,tights,clothes,human,human
01KEYTFAMV6J7XNN3VG00QCWTC,01KEYZHMHRBFX0FEBSZ2CCKK94,g-string,2007.0,01K0Q8BBGTAA6BYQZBWAZBRD2B-clothes,40,shirt,clothes,human,human
01KEYTFAMV6J7XNN3VG00QCWTC,01KEYZHMHRBFX0FEBSZ2CCKK94,trainer,5642.0,01K0Q8BBGTAA6BYQZBWAZBRD2B-clothes,41,corset,clothes,human,human
01KEYTFAMV6J7XNN3VG00QCWTC,01KEYZHMHRBFX0FEBSZ2CCKK94,tank top,10848.0,01K0Q8BBGTAA6BYQZBWAZBRD2B-clothes,42,boots,clothes,human,human
01KEYTFAMV6J7XNN3VG00QCWTC,01KEYZHMHRBFX0FEBSZ2CCKK94,camisole,1792.0,01K0Q8BBGTAA6BYQZBWAZBRD2B-clothes,43,vest,clothes,human,human
01KEYTFAMV6J7XNN3VG00QCWTC,01KEYZHMHRBFX0FEBSZ2CCKK94,skort,9998.0,01K0Q8BBGTAA6BYQZBWAZBRD2B-clothes,44,cami,clothes,human,human
01KEYTFAMV6J7XNN3VG00QCWTC,01KEYZHMHRBFX0FEBSZ2CCKK94,wrap,14578.0,01K0Q8BBGTAA6BYQZBWAZBRD2B-clothes,45,shirt,clothes,human,human
01KEYTFAMV6J7XNN3VG00QCWTC,01KEYZHMHRBFX0FEBSZ2CCKK94,sarong,2415.0,01K0Q8BBGTAA6BYQZBWAZBRD2B-clothes,46,coat,clothes,human,human
,01K4DTV0XBHFZFS1RQEEAKV1XM-supermarket,milk,3325.0,01K0Q7CAKH23GRH60BRSVZQ5BG-supermarket,1,,supermarket,human,human
01K4DSNB9SX5YV7CBV6T9WJJ9B,01K4DTV0XBHFZFS1RQEEAKV1XM-supermarket,bread,1933.0,01K0Q7CAKH23GRH60BRSVZQ5BG-supermarket,2,bread,supermarket,human,human
01K4DSNB9SX5YV7CBV6T9WJJ9B,01K4DTV0XBHFZFS1RQEEAKV1XM-supermarket,cheese,1240.0,01K0Q7CAKH23GRH60BRSVZQ5BG-supermarket,3,butter,supermarket,human,human
01K4DSNB9SX5YV7CBV6T9WJJ9B,01K4DTV0XBHFZFS1RQEEAKV1XM-supermarket,sour cream,1630.0,01K0Q7CAKH23GRH60BRSVZQ5BG-supermarket,4,cracker,supermarket,human,human
01K4DSNB9SX5YV7CBV6T9WJJ9B,01K4DTV0XBHFZFS1RQEEAKV1XM-supermarket,cream cheese,2577.0,01K0Q7CAKH23GRH60BRSVZQ5BG-supermarket,5,cream,supermarket,human,human
01K4DSNB9SX5YV7CBV6T9WJJ9B,01K4DTV0XBHFZFS1RQEEAKV1XM-supermarket,water,1105.0,01K0Q7CAKH23GRH60BRSVZQ5BG-supermarket,6,cheddarcheese,supermarket,human,human
01K4DSNB9SX5YV7CBV6T9WJJ9B,01K4DTV0XBHFZFS1RQEEAKV1XM-supermarket,soda,1517.0,01K0Q7CAKH23GRH60BRSVZQ5BG-supermarket,7,soda,supermarket,human,human
01K4DSNB9SX5YV7CBV6T9WJJ9B,01K4DTV0XBHFZFS1RQEEAKV1XM-supermarket,coffee,1102.0,01K0Q7CAKH23GRH60BRSVZQ5BG-supermarket,8,juice,supermarket,human,human
01K4DSNB9SX5YV7CBV6T9WJJ9B,01K4DTV0XBHFZFS1RQEEAKV1XM-supermarket,tea,802.0,01K0Q7CAKH23GRH60BRSVZQ5BG-supermarket,9,tea,supermarket,human,human
01K4DSNB9SX5YV7CBV6T9WJJ9B,01K4DTV0XBHFZFS1RQEEAKV1XM-supermarket,juice,2695.0,01K0Q7CAKH23GRH60BRSVZQ5BG-supermarket,10,biscuit,supermarket,human,human
01K4DSNB9SX5YV7CBV6T9WJJ9B,01K4DTV0XBHFZFS1RQEEAKV1XM-supermarket,wine,986.0,01K0Q7CAKH23GRH60BRSVZQ5BG-supermarket,11,orange,supermarket,human,human
01K4DSNB9SX5YV7CBV6T9WJJ9B,01K4DTV0XBHFZFS1RQEEAKV1XM-supermarket,beer,904.0,01K0Q7CAKH23GRH60BRSVZQ5BG-supermarket,12,whisky,supermarket,human,human
01K4DSNB9SX5YV7CBV6T9WJJ9B,01K4DTV0XBHFZFS1RQEEAKV1XM-supermarket,cracker,2933.0,01K0Q7CAKH23GRH60BRSVZQ5BG-supermarket,13,pretzel,supermarket,human,human
01K4DSNB9SX5YV7CBV6T9WJJ9B,01K4DTV0XBHFZFS1RQEEAKV1XM-supermarket,chip,1046.0,01K0Q7CAKH23GRH60BRSVZQ5BG-supermarket,14,cheese,supermarket,human,human
01K4DSNB9SX5YV7CBV6T9WJJ9B,01K4DTV0XBHFZFS1RQEEAKV1XM-supermarket,guacamole,7442.0,01K0Q7CAKH23GRH60BRSVZQ5BG-supermarket,15,dip,supermarket,human,human
01K4DSNB9SX5YV7CBV6T9WJJ9B,01K4DTV0XBHFZFS1RQEEAKV1XM-supermarket,brownie,1750.0,01K0Q7CAKH23GRH60BRSVZQ5BG-supermarket,16,taco,supermarket,human,human
01K4DSNB9SX5YV7CBV6T9WJJ9B,01K4DTV0XBHFZFS1RQEEAKV1XM-supermarket,cookie,1391.0,01K0Q7CAKH23GRH60BRSVZQ5BG-supermarket,17,cookies,supermarket,human,human
01K4DSNB9SX5YV7CBV6T9WJJ9B,01K4DTV0XBHFZFS1RQEEAKV1XM-supermarket,cupcake,1317.0,01K0Q7CAKH23GRH60BRSVZQ5BG-supermarket,18,cake,supermarket,human,human
01K4DSNB9SX5YV7CBV6T9WJJ9B,01K4DTV0XBHFZFS1RQEEAKV1XM-supermarket,cake,900.0,01K0Q7CAKH23GRH60BRSVZQ5BG-supermarket,19,icing,supermarket,human,human
01K4DSNB9SX5YV7CBV6T9WJJ9B,01K4DTV0XBHFZFS1RQEEAKV1XM-supermarket,cloth,2485.0,01K0Q7CAKH23GRH60BRSVZQ5BG-supermarket,20,frosting,supermarket,human,human
01K4DSNB9SX5YV7CBV6T9WJJ9B,01K4DTV0XBHFZFS1RQEEAKV1XM-supermarket,book,1398.0,01K0Q7CAKH23GRH60BRSVZQ5BG-supermarket,21,shoes,supermarket,human,human
01K4DSNB9SX5YV7CBV6T9WJJ9B,01K4DTV0XBHFZFS1RQEEAKV1XM-supermarket,magazine,2735.0,01K0Q7CAKH23GRH60BRSVZQ5BG-supermarket,22,newspapers,supermarket,human,human
01K4DSNB9SX5YV7CBV6T9WJJ9B,01K4DTV0XBHFZFS1RQEEAKV1XM-supermarket,newspaper,5344.0,01K0Q7CAKH23GRH60BRSVZQ5BG-supermarket,23,newspapers,supermarket,human,human
01K4DSNB9SX5YV7CBV6T9WJJ9B,01K4DTV0XBHFZFS1RQEEAKV1XM-supermarket,ice,3132.0,01K0Q7CAKH23GRH60BRSVZQ5BG-supermarket,24,editorial,supermarket,human,human
01K4DSNB9SX5YV7CBV6T9WJJ9B,01K4DTV0XBHFZFS1RQEEAKV1XM-supermarket,ice tray,1486.0,01K0Q7CAKH23GRH60BRSVZQ5BG-supermarket,25,icedtea,supermarket,human,human
01K4DSNB9SX5YV7CBV6T9WJJ9B,01K4DTV0XBHFZFS1RQEEAKV1XM-supermarket,paper,5340.0,01K0Q7CAKH23GRH60BRSVZQ5BG-supermarket,26,icecrusher,supermarket,human,human
01K4DSNB9SX5YV7CBV6T9WJJ9B,01K4DTV0XBHFZFS1RQEEAKV1XM-supermarket,paper plate,2483.0,01K0Q7CAKH23GRH60BRSVZQ5BG-supermarket,27,ink,supermarket,human,human
01K4DSNB9SX5YV7CBV6T9WJJ9B,01K4DTV0XBHFZFS1RQEEAKV1XM-supermarket,paper bowl,2597.0,01K0Q7CAKH23GRH60BRSVZQ5BG-supermarket,28,papercups,supermarket,human,human
01K4DSNB9SX5YV7CBV6T9WJJ9B,01K4DTV0XBHFZFS1RQEEAKV1XM-supermarket,paper cup,1543.0,01K0Q7CAKH23GRH60BRSVZQ5BG-supermarket,29,papercups,supermarket,human,human
01K4DSNB9SX5YV7CBV6T9WJJ9B,01K4DTV0XBHFZFS1RQEEAKV1XM-supermarket,cup,893.0,01K0Q7CAKH23GRH60BRSVZQ5BG-supermarket,30,plasticglasses,supermarket,human,human
01K4DSNB9SX5YV7CBV6T9WJJ9B,01K4DTV0XBHFZFS1RQEEAKV1XM-supermarket,backpack,3762.0,01K0Q7CAKH23GRH60BRSVZQ5BG-supermarket,31,saucers,supermarket,human,human
01K4DSNB9SX5YV7CBV6T9WJJ9B,01K4DTV0XBHFZFS1RQEEAKV1XM-supermarket,necklace,5139.0,01K0Q7CAKH23GRH60BRSVZQ5BG-supermarket,32,pencils,supermarket,human,human
01K4DSNB9SX5YV7CBV6T9WJJ9B,01K4DTV0XBHFZFS1RQEEAKV1XM-supermarket,bracelet,1341.0,01K0Q7CAKH23GRH60BRSVZQ5BG-supermarket,33,earrings,supermarket,human,human
01K4DSNB9SX5YV7CBV6T9WJJ9B,01K4DTV0XBHFZFS1RQEEAKV1XM-supermarket,chair,5773.0,01K0Q7CAKH23GRH60BRSVZQ5BG-supermarket,34,earrings,supermarket,human,human
01K4DSNB9SX5YV7CBV6T9WJJ9B,01K4DTV0XBHFZFS1RQEEAKV1XM-supermarket,television,3314.0,01K0Q7CAKH23GRH60BRSVZQ5BG-supermarket,35,tables,supermarket,human,human
01K4DSNB9SX5YV7CBV6T9WJJ9B,01K4DTV0XBHFZFS1RQEEAKV1XM-supermarket,charger,1440.0,01K0Q7CAKH23GRH60BRSVZQ5BG-supermarket,36,stereos,supermarket,human,human
01K4DSNB9SX5YV7CBV6T9WJJ9B,01K4DTV0XBHFZFS1RQEEAKV1XM-supermarket,battery,5092.0,01K0Q7CAKH23GRH60BRSVZQ5BG-supermarket,37,cellphones,supermarket,human,human
01K4DSNB9SX5YV7CBV6T9WJJ9B,01K4DTV0XBHFZFS1RQEEAKV1XM-supermarket,headphone,6143.0,01K0Q7CAKH23GRH60BRSVZQ5BG-supermarket,38,cellphone,supermarket,human,human
01K4DSNB9SX5YV7CBV6T9WJJ9B,01K4DTV0XBHFZFS1RQEEAKV1XM-supermarket,movie,3086.0,01K0Q7CAKH23GRH60BRSVZQ5BG-supermarket,39,speakers,supermarket,human,human
01K4DSNB9SX5YV7CBV6T9WJJ9B,01K4DTV0XBHFZFS1RQEEAKV1XM-supermarket,game,1893.0,01K0Q7CAKH23GRH60BRSVZQ5BG-supermarket,40,tvshows,supermarket,human,human
01K4DSNB9SX5YV7CBV6T9WJJ9B,01K4DTV0XBHFZFS1RQEEAKV1XM-supermarket,toy,4243.0,01K0Q7CAKH23GRH60BRSVZQ5BG-supermarket,41,puzzles,supermarket,human,human
01K4DSNB9SX5YV7CBV6T9WJJ9B,01K4DTV0XBHFZFS1RQEEAKV1XM-supermarket,food,2507.0,01K0Q7CAKH23GRH60BRSVZQ5BG-supermarket,42,dolls,supermarket,human,human
01K4DSNB9SX5YV7CBV6T9WJJ9B,01K4DTV0XBHFZFS1RQEEAKV1XM-supermarket,watermelon,3557.0,01K0Q7CAKH23GRH60BRSVZQ5BG-supermarket,43,steaks,supermarket,human,human
01K4DSNB9SX5YV7CBV6T9WJJ9B,01K4DTV0XBHFZFS1RQEEAKV1XM-supermarket,apple,1375.0,01K0Q7CAKH23GRH60BRSVZQ5BG-supermarket,44,lemonade,supermarket,human,human
01K4DSNB9SX5YV7CBV6T9WJJ9B,01K4DTV0XBHFZFS1RQEEAKV1XM-supermarket,deli,1676.0,01K0Q7CAKH23GRH60BRSVZQ5BG-supermarket,45,oranges,supermarket,human,human
01K4DSNB9SX5YV7CBV6T9WJJ9B,01K4DTV0XBHFZFS1RQEEAKV1XM-supermarket,meat,1016.0,01K0Q7CAKH23GRH60BRSVZQ5BG-supermarket,46,meat,supermarket,human,human
01K4DSNB9SX5YV7CBV6T9WJJ9B,01K4DTV0XBHFZFS1RQEEAKV1XM-supermarket,pasta,3650.0,01K0Q7CAKH23GRH60BRSVZQ5BG-supermarket,47,ham,supermarket,human,human
01K4DSNB9SX5YV7CBV6T9WJJ9B,01K4DTV0XBHFZFS1RQEEAKV1XM-supermarket,noodle,1587.0,01K0Q7CAKH23GRH60BRSVZQ5BG-supermarket,48,sauce,supermarket,human,human
01K4DSNB9SX5YV7CBV6T9WJJ9B,01K4DTV0XBHFZFS1RQEEAKV1XM-supermarket,bean,4385.0,01K0Q7CAKH23GRH60BRSVZQ5BG-supermarket,49,sauce,supermarket,human,human
01K4DSNB9SX5YV7CBV6T9WJJ9B,01K4DTV0XBHFZFS1RQEEAKV1XM-supermarket,beef,913.0,01K0Q7CAKH23GRH60BRSVZQ5BG-supermarket,50,salad,supermarket,human,human
01K4DSNB9SX5YV7CBV6T9WJJ9B,01K4DTV0XBHFZFS1RQEEAKV1XM-supermarket,canned food,2955.0,01K0Q7CAKH23GRH60BRSVZQ5BG-supermarket,51,steak,supermarket,human,human
01K4DSNB9SX5YV7CBV6T9WJJ9B,01K4DTV0XBHFZFS1RQEEAKV1XM-supermarket,green bean,2187.0,01K0Q7CAKH23GRH60BRSVZQ5BG-supermarket,52,chili,supermarket,human,human
01K4DSNB9SX5YV7CBV6T9WJJ9B,01K4DTV0XBHFZFS1RQEEAKV1XM-supermarket,asparagus,8212.0,01K0Q7CAKH23GRH60BRSVZQ5BG-supermarket,53,broccoli,supermarket,human,human
01K4DSNB9SX5YV7CBV6T9WJJ9B,01K4DTV0XBHFZFS1RQEEAKV1XM-supermarket,carrot,1417.0,01K0Q7CAKH23GRH60BRSVZQ5BG-supermarket,54,broccoli,supermarket,human,human
01K4DSNB9SX5YV7CBV6T9WJJ9B,01K4DTV0XBHFZFS1RQEEAKV1XM-supermarket,chocolate,2725.0,01K0Q7CAKH23GRH60BRSVZQ5BG-supermarket,55,potatoes,supermarket,human,human
01K4DSNB9SX5YV7CBV6T9WJJ9B,01K4DTV0XBHFZFS1RQEEAKV1XM-supermarket,candy,1544.0,01K0Q7CAKH23GRH60BRSVZQ5BG-supermarket,56,candybar,supermarket,human,human
01K4DSNB9SX5YV7CBV6T9WJJ9B,01K4DTV0XBHFZFS1RQEEAKV1XM-supermarket,lollipop,2836.0,01K0Q7CAKH23GRH60BRSVZQ5BG-supermarket,57,candybar,supermarket,human,human
01K4DSNB9SX5YV7CBV6T9WJJ9B,01K4DTV0XBHFZFS1RQEEAKV1XM-supermarket,flower,2187.0,01K0Q7CAKH23GRH60BRSVZQ5BG-supermarket,58,suckers,supermarket,human,human
01K4DSNB9SX5YV7CBV6T9WJJ9B,01K4DTV0XBHFZFS1RQEEAKV1XM-supermarket,stuffed animal,5300.0,01K0Q7CAKH23GRH60BRSVZQ5BG-supermarket,59,plants,supermarket,human,human
01K4DSNB9SX5YV7CBV6T9WJJ9B,01K4DTV0XBHFZFS1RQEEAKV1XM-supermarket,salad,5041.0,01K0Q7CAKH23GRH60BRSVZQ5BG-supermarket,60,teddybear,supermarket,human,human
01K4DSNB9SX5YV7CBV6T9WJJ9B,01K4DTV0XBHFZFS1RQEEAKV1XM-supermarket,whipped cream,6498.0,01K0Q7CAKH23GRH60BRSVZQ5BG-supermarket,61,lettuce,supermarket,human,human
01K4DSNB9SX5YV7CBV6T9WJJ9B,01K4DTV0XBHFZFS1RQEEAKV1XM-supermarket,chicken,3365.0,01K0Q7CAKH23GRH60BRSVZQ5BG-supermarket,62,strawberries,supermarket,human,human
01K4DSNB9SX5YV7CBV6T9WJJ9B,01K4DTV0XBHFZFS1RQEEAKV1XM-supermarket,pan,7171.0,01K0Q7CAKH23GRH60BRSVZQ5BG-supermarket,63,duck,supermarket,human,human
01KFVAG2TYZFN9JE5072E4MAJY,01KFVBTH1839T98D5VK20JZYNK,shirt,2884.0,01JRZV44VFMQYSTX1F95VC95QV-clothes,1,,clothes,human,human
01KFVAG2TYZFN9JE5072E4MAJY,01KFVBTH1839T98D5VK20JZYNK,tie,965.0,01JRZV44VFMQYSTX1F95VC95QV-clothes,2,tie,clothes,human,human
01KFVAG2TYZFN9JE5072E4MAJY,01KFVBTH1839T98D5VK20JZYNK,sock,1181.0,01JRZV44VFMQYSTX1F95VC95QV-clothes,3,suit,clothes,human,human
01KFVAG2TYZFN9JE5072E4MAJY,01KFVBTH1839T98D5VK20JZYNK,shoe,1271.0,01JRZV44VFMQYSTX1F95VC95QV-clothes,4,shoe,clothes,human,human
01KFVAG2TYZFN9JE5072E4MAJY,01KFVBTH1839T98D5VK20JZYNK,blouse,3236.0,01JRZV44VFMQYSTX1F95VC95QV-clothes,5,trainer,clothes,human,human
01KFVAG2TYZFN9JE5072E4MAJY,01KFVBTH1839T98D5VK20JZYNK,skirt,853.0,01JRZV44VFMQYSTX1F95VC95QV-clothes,6,skirt,clothes,human,human
01KFVAG2TYZFN9JE5072E4MAJY,01KFVBTH1839T98D5VK20JZYNK,dress,1005.0,01JRZV44VFMQYSTX1F95VC95QV-clothes,7,belt,clothes,human,human
01KFVAG2TYZFN9JE5072E4MAJY,01KFVBTH1839T98D5VK20JZYNK,tights,2420.0,01JRZV44VFMQYSTX1F95VC95QV-clothes,8,bra,clothes,human,human
01KFVAG2TYZFN9JE5072E4MAJY,01KFVBTH1839T98D5VK20JZYNK,sandal,3529.0,01JRZV44VFMQYSTX1F95VC95QV-clothes,9,underwear,clothes,human,human
01KFVAG2TYZFN9JE5072E4MAJY,01KFVBTH1839T98D5VK20JZYNK,flip flop,2337.0,01JRZV44VFMQYSTX1F95VC95QV-clothes,10,flipflop,clothes,human,human
01KFVAG2TYZFN9JE5072E4MAJY,01KFVBTH1839T98D5VK20JZYNK,hat,850.0,01JRZV44VFMQYSTX1F95VC95QV-clothes,11,slipper,clothes,human,human
01KFVAG2TYZFN9JE5072E4MAJY,01KFVBTH1839T98D5VK20JZYNK,sunglasses,3380.0,01JRZV44VFMQYSTX1F95VC95QV-clothes,12,scarf,clothes,human,human
01KFVAG2TYZFN9JE5072E4MAJY,01KFVBTH1839T98D5VK20JZYNK,earmuff,3307.0,01JRZV44VFMQYSTX1F95VC95QV-clothes,13,glasses,clothes,human,human
01KFVAG2TYZFN9JE5072E4MAJY,01KFVBTH1839T98D5VK20JZYNK,vest,4999.0,01JRZV44VFMQYSTX1F95VC95QV-clothes,14,scarf,clothes,human,human
01KFVAG2TYZFN9JE5072E4MAJY,01KFVBTH1839T98D5VK20JZYNK,pants,2478.0,01JRZV44VFMQYSTX1F95VC95QV-clothes,15,shorts,clothes,human,human
01KFVAG2TYZFN9JE5072E4MAJY,01KFVBTH1839T98D5VK20JZYNK,y-fronts,3079.0,01JRZV44VFMQYSTX1F95VC95QV-clothes,16,shorts,clothes,human,human
01KFVAG2TYZFN9JE5072E4MAJY,01KFVBTH1839T98D5VK20JZYNK,knickers,4446.0,01JRZV44VFMQYSTX1F95VC95QV-clothes,17,shorts,clothes,human,human
01KFVAG2TYZFN9JE5072E4MAJY,01KFVBTH1839T98D5VK20JZYNK,bra,1424.0,01JRZV44VFMQYSTX1F95VC95QV-clothes,18,boxer,clothes,human,human
01KFVAG2TYZFN9JE5072E4MAJY,01KFVBTH1839T98D5VK20JZYNK,t-shirt,4409.0,01JRZV44VFMQYSTX1F95VC95QV-clothes,19,boxer,clothes,human,human
01KFVAG2TYZFN9JE5072E4MAJY,01KFVBTH1839T98D5VK20JZYNK,leggings,3122.0,01JRZV44VFMQYSTX1F95VC95QV-clothes,20,longsleeve,clothes,human,human
01KFVAG2TYZFN9JE5072E4MAJY,01KFVBTH1839T98D5VK20JZYNK,jeggings,2080.0,01JRZV44VFMQYSTX1F95VC95QV-clothes,21,longsleeve,clothes,human,human
01KFVAG2TYZFN9JE5072E4MAJY,01KFVBTH1839T98D5VK20JZYNK,belt,2614.0,01JRZV44VFMQYSTX1F95VC95QV-clothes,22,jeans,clothes,human,human
01KFVAG2TYZFN9JE5072E4MAJY,01KFVBTH1839T98D5VK20JZYNK,waistcoat,3743.0,01JRZV44VFMQYSTX1F95VC95QV-clothes,23,jeans,clothes,human,human
01KFVAG2TYZFN9JE5072E4MAJY,01KFVBTH1839T98D5VK20JZYNK,suit,958.0,01JRZV44VFMQYSTX1F95VC95QV-clothes,24,belt,clothes,human,human
01KFVAG2TYZFN9JE5072E4MAJY,01KFVBTH1839T98D5VK20JZYNK,glove,6515.0,01JRZV44VFMQYSTX1F95VC95QV-clothes,25,shirt,clothes,human,human
01KFVAG2TYZFN9JE5072E4MAJY,01KFVBTH1839T98D5VK20JZYNK,scarf,2068.0,01JRZV44VFMQYSTX1F95VC95QV-clothes,26,sweatband,clothes,human,human
01KFVAG2TYZFN9JE5072E4MAJY,01KFVBTH1839T98D5VK20JZYNK,corset,9611.0,01JRZV44VFMQYSTX1F95VC95QV-clothes,27,coat,clothes,human,human
01KFVAG2TYZFN9JE5072E4MAJY,01KFVBTH1839T98D5VK20JZYNK,halterneck,6674.0,01JRZV44VFMQYSTX1F95VC95QV-clothes,28,coat,clothes,human,human
01KFVAG2TYZFN9JE5072E4MAJY,01KFVBTH1839T98D5VK20JZYNK,trainer,15262.0,01JRZV44VFMQYSTX1F95VC95QV-clothes,29,coat,clothes,human,human
01KFVAG2TYZFN9JE5072E4MAJY,01KFVBTH1839T98D5VK20JZYNK,boot,4355.0,01JRZV44VFMQYSTX1F95VC95QV-clothes,30,boot,clothes,human,human
01KFVAG2TYZFN9JE5072E4MAJY,01KFVBTH1839T98D5VK20JZYNK,dungarees,7627.0,01JRZV44VFMQYSTX1F95VC95QV-clothes,31,highheels,clothes,human,human
01KFVAG2TYZFN9JE5072E4MAJY,01KFVBTH1839T98D5VK20JZYNK,sari,46475.0,01JRZV44VFMQYSTX1F95VC95QV-clothes,32,jeans,clothes,human,human
01KFVAG2TYZFN9JE5072E4MAJY,01KFVBTH1839T98D5VK20JZYNK,shorts,9796.0,01JRZV44VFMQYSTX1F95VC95QV-clothes,33,jeans,clothes,human,human
,01K4DTZ8H3R60BBNW1HTEZN1R9-clothes,shirt,3833.0,01JYPFEB4F0D0S6QWQ0NG26SV7-clothes,1,,clothes,human,human
01K4DSNB9V24J04377GZ4NG1RA,01K4DTZ8H3R60BBNW1HTEZN1R9-clothes,pants,1164.0,01JYPFEB4F0D0S6QWQ0NG26SV7-clothes,2,skirt,clothes,human,human
01K4DSNB9V24J04377GZ4NG1RA,01K4DTZ8H3R60BBNW1HTEZN1R9-clothes,shoe,1883.0,01JYPFEB4F0D0S6QWQ0NG26SV7-clothes,3,hat,clothes,human,human
01K4DSNB9V24J04377GZ4NG1RA,01K4DTZ8H3R60BBNW1HTEZN1R9-clothes,trousers,1776.0,01JYPFEB4F0D0S6QWQ0NG26SV7-clothes,4,socks,clothes,human,human
01K4DSNB9V24J04377GZ4NG1RA,01K4DTZ8H3R60BBNW1HTEZN1R9-clothes,skirt,1523.0,01JYPFEB4F0D0S6QWQ0NG26SV7-clothes,5,socks,clothes,human,human
01K4DSNB9V24J04377GZ4NG1RA,01K4DTZ8H3R60BBNW1HTEZN1R9-clothes,blouse,2321.0,01JYPFEB4F0D0S6QWQ0NG26SV7-clothes,6,hat,clothes,human,human
01K4DSNB9V24J04377GZ4NG1RA,01K4DTZ8H3R60BBNW1HTEZN1R9-clothes,sweater,1529.0,01JYPFEB4F0D0S6QWQ0NG26SV7-clothes,7,hat,clothes,human,human
01K4DSNB9V24J04377GZ4NG1RA,01K4DTZ8H3R60BBNW1HTEZN1R9-clothes,jeans,1298.0,01JYPFEB4F0D0S6QWQ0NG26SV7-clothes,8,jacket,clothes,human,human
01K4DSNB9V24J04377GZ4NG1RA,01K4DTZ8H3R60BBNW1HTEZN1R9-clothes,jacket,1853.0,01JYPFEB4F0D0S6QWQ0NG26SV7-clothes,9,hat,clothes,human,human
01K4DSNB9V24J04377GZ4NG1RA,01K4DTZ8H3R60BBNW1HTEZN1R9-clothes,mitten,979.0,01JYPFEB4F0D0S6QWQ0NG26SV7-clothes,10,hat,clothes,human,human
01K4DSNB9V24J04377GZ4NG1RA,01K4DTZ8H3R60BBNW1HTEZN1R9-clothes,hat,788.0,01JYPFEB4F0D0S6QWQ0NG26SV7-clothes,11,gloves,clothes,human,human
01K4DSNB9V24J04377GZ4NG1RA,01K4DTZ8H3R60BBNW1HTEZN1R9-clothes,coat,1629.0,01JYPFEB4F0D0S6QWQ0NG26SV7-clothes,12,socks,clothes,human,human
01K4DSNB9V24J04377GZ4NG1RA,01K4DTZ8H3R60BBNW1HTEZN1R9-clothes,slacks,1272.0,01JYPFEB4F0D0S6QWQ0NG26SV7-clothes,13,socks,clothes,human,human
01K4DSNB9V24J04377GZ4NG1RA,01K4DTZ8H3R60BBNW1HTEZN1R9-clothes,pinafore,4995.0,01JYPFEB4F0D0S6QWQ0NG26SV7-clothes,14,socks,clothes,human,human
01K4DSNB9V24J04377GZ4NG1RA,01K4DTZ8H3R60BBNW1HTEZN1R9-clothes,sock,3957.0,01JYPFEB4F0D0S6QWQ0NG26SV7-clothes,15,socks,clothes,human,human
01K4DSNB9V24J04377GZ4NG1RA,01K4DTZ8H3R60BBNW1HTEZN1R9-clothes,boxers,1709.0,01JYPFEB4F0D0S6QWQ0NG26SV7-clothes,16,shoes,clothes,human,human
01K4DSNB9V24J04377GZ4NG1RA,01K4DTZ8H3R60BBNW1HTEZN1R9-clothes,shorts,1635.0,01JYPFEB4F0D0S6QWQ0NG26SV7-clothes,17,shoes,clothes,human,human
01K4DSNB9V24J04377GZ4NG1RA,01K4DTZ8H3R60BBNW1HTEZN1R9-clothes,underwear,1790.0,01JYPFEB4F0D0S6QWQ0NG26SV7-clothes,18,shoes,clothes,human,human
01K4DSNB9V24J04377GZ4NG1RA,01K4DTZ8H3R60BBNW1HTEZN1R9-clothes,tights,1165.0,01JYPFEB4F0D0S6QWQ0NG26SV7-clothes,19,tshirt,clothes,human,human
01K4DSNB9V24J04377GZ4NG1RA,01K4DTZ8H3R60BBNW1HTEZN1R9-clothes,leggings,1912.0,01JYPFEB4F0D0S6QWQ0NG26SV7-clothes,20,tanktop,clothes,human,human
01K4DSNB9V24J04377GZ4NG1RA,01K4DTZ8H3R60BBNW1HTEZN1R9-clothes,pantaloons,2818.0,01JYPFEB4F0D0S6QWQ0NG26SV7-clothes,21,tanktop,clothes,human,human
01K4DSNB9V24J04377GZ4NG1RA,01K4DTZ8H3R60BBNW1HTEZN1R9-clothes,gown,1772.0,01JYPFEB4F0D0S6QWQ0NG26SV7-clothes,22,tanktop,clothes,human,human
01K4DSNB9V24J04377GZ4NG1RA,01K4DTZ8H3R60BBNW1HTEZN1R9-clothes,tuxedo,1802.0,01JYPFEB4F0D0S6QWQ0NG26SV7-clothes,23,bonnet,clothes,human,human
01K4DSNB9V24J04377GZ4NG1RA,01K4DTZ8H3R60BBNW1HTEZN1R9-clothes,suit,1242.0,01JYPFEB4F0D0S6QWQ0NG26SV7-clothes,24,suit,clothes,human,human
01K4DSNB9V24J04377GZ4NG1RA,01K4DTZ8H3R60BBNW1HTEZN1R9-clothes,cap,8399.0,01JYPFEB4F0D0S6QWQ0NG26SV7-clothes,25,tanktop,clothes,human,human
01K4DSNB9V24J04377GZ4NG1RA,01K4DTZ8H3R60BBNW1HTEZN1R9-clothes,vest,2761.0,01JYPFEB4F0D0S6QWQ0NG26SV7-clothes,26,gown,clothes,human,human
01K4DSNB9V24J04377GZ4NG1RA,01K4DTZ8H3R60BBNW1HTEZN1R9-clothes,blazer,2666.0,01JYPFEB4F0D0S6QWQ0NG26SV7-clothes,27,dressshirt,clothes,human,human
01K4DSNB9V24J04377GZ4NG1RA,01K4DTZ8H3R60BBNW1HTEZN1R9-clothes,chinos,4009.0,01JYPFEB4F0D0S6QWQ0NG26SV7-clothes,28,tie,clothes,human,human
01K4DSNB9V24J04377GZ4NG1RA,01K4DTZ8H3R60BBNW1HTEZN1R9-clothes,capris,3129.0,01JYPFEB4F0D0S6QWQ0NG26SV7-clothes,29,tie,clothes,human,human
01K4DSNB9V24J04377GZ4NG1RA,01K4DTZ8H3R60BBNW1HTEZN1R9-clothes,cargo shorts,4949.0,01JYPFEB4F0D0S6QWQ0NG26SV7-clothes,30,tie,clothes,human,human
01K4DSNB9V24J04377GZ4NG1RA,01K4DTZ8H3R60BBNW1HTEZN1R9-clothes,camisole,5647.0,01JYPFEB4F0D0S6QWQ0NG26SV7-clothes,31,tie,clothes,human,human
01K4DSNB9V24J04377GZ4NG1RA,01K4DTZ8H3R60BBNW1HTEZN1R9-clothes,tank top,1806.0,01JYPFEB4F0D0S6QWQ0NG26SV7-clothes,32,tie,clothes,human,human
01K4DSNB9V24J04377GZ4NG1RA,01K4DTZ8H3R60BBNW1HTEZN1R9-clothes,bra,1356.0,01JYPFEB4F0D0S6QWQ0NG26SV7-clothes,33,tie,clothes,human,human
01K4DSNB9V24J04377GZ4NG1RA,01K4DTZ8H3R60BBNW1HTEZN1R9-clothes,panty,2269.0,01JYPFEB4F0D0S6QWQ0NG26SV7-clothes,34,tie,clothes,human,human
01K4DSNB9V24J04377GZ4NG1RA,01K4DTZ8H3R60BBNW1HTEZN1R9-clothes,hose,3205.0,01JYPFEB4F0D0S6QWQ0NG26SV7-clothes,35,tie,clothes,human,human
01K4DSNB9V24J04377GZ4NG1RA,01K4DTZ8H3R60BBNW1HTEZN1R9-clothes,garter,3474.0,01JYPFEB4F0D0S6QWQ0NG26SV7-clothes,36,tie,clothes,human,human
01K4DSNB9V24J04377GZ4NG1RA,01K4DTZ8H3R60BBNW1HTEZN1R9-clothes,crown,17727.0,01JYPFEB4F0D0S6QWQ0NG26SV7-clothes,37,tie,clothes,human,human
01K4DSNB9V24J04377GZ4NG1RA,01K4DTZ8H3R60BBNW1HTEZN1R9-clothes,tiara,3889.0,01JYPFEB4F0D0S6QWQ0NG26SV7-clothes,38,tie,clothes,human,human
01K4DSNB9V24J04377GZ4NG1RA,01K4DTZ8H3R60BBNW1HTEZN1R9-clothes,necklace,2516.0,01JYPFEB4F0D0S6QWQ0NG26SV7-clothes,39,dress,clothes,human,human
01K4DSNB9V24J04377GZ4NG1RA,01K4DTZ8H3R60BBNW1HTEZN1R9-clothes,ring,1450.0,01JYPFEB4F0D0S6QWQ0NG26SV7-clothes,40,bracelet,clothes,human,human
01K4DSNB9V24J04377GZ4NG1RA,01K4DTZ8H3R60BBNW1HTEZN1R9-clothes,bracelet,1385.0,01JYPFEB4F0D0S6QWQ0NG26SV7-clothes,41,bracelet,clothes,human,human
01K4DSNB9V24J04377GZ4NG1RA,01K4DTZ8H3R60BBNW1HTEZN1R9-clothes,watch,3182.0,01JYPFEB4F0D0S6QWQ0NG26SV7-clothes,42,earrings,clothes,human,human
01K4DSNB9V24J04377GZ4NG1RA,01K4DTZ8H3R60BBNW1HTEZN1R9-clothes,sari,4182.0,01JYPFEB4F0D0S6QWQ0NG26SV7-clothes,43,earrings,clothes,human,human
01K4DSNB9V24J04377GZ4NG1RA,01K4DTZ8H3R60BBNW1HTEZN1R9-clothes,sarong,1551.0,01JYPFEB4F0D0S6QWQ0NG26SV7-clothes,44,earrings,clothes,human,human
01K4DSNB9V24J04377GZ4NG1RA,01K4DTZ8H3R60BBNW1HTEZN1R9-clothes,loincloth,5581.0,01JYPFEB4F0D0S6QWQ0NG26SV7-clothes,45,turban,clothes,human,human
01K4DSNB9V24J04377GZ4NG1RA,01K4DTZ8H3R60BBNW1HTEZN1R9-clothes,kimono,1379.0,01JYPFEB4F0D0S6QWQ0NG26SV7-clothes,46,tie,clothes,human,human
01K4DSNB9V24J04377GZ4NG1RA,01K4DTZ8H3R60BBNW1HTEZN1R9-clothes,sash,8450.0,01JYPFEB4F0D0S6QWQ0NG26SV7-clothes,47,tie,clothes,human,human
01K4DSNB9V24J04377GZ4NG1RA,01K4DTZ8H3R60BBNW1HTEZN1R9-clothes,swimsuit,5673.0,01JYPFEB4F0D0S6QWQ0NG26SV7-clothes,48,tie,clothes,human,human
01K4DSNB9V24J04377GZ4NG1RA,01K4DTZ8H3R60BBNW1HTEZN1R9-clothes,wetsuit,1737.0,01JYPFEB4F0D0S6QWQ0NG26SV7-clothes,49,bathingsuit,clothes,human,human
01K4DSNB9V24J04377GZ4NG1RA,01K4DTZ8H3R60BBNW1HTEZN1R9-clothes,helmet,2844.0,01JYPFEB4F0D0S6QWQ0NG26SV7-clothes,50,bathsuit,clothes,human,human
01K4DSNB9V24J04377GZ4NG1RA,01K4DTZ8H3R60BBNW1HTEZN1R9-clothes,armor,2781.0,01JYPFEB4F0D0S6QWQ0NG26SV7-clothes,51,tie,clothes,human,human
01K4DSNB9V24J04377GZ4NG1RA,01K4DTZ8H3R60BBNW1HTEZN1R9-clothes,t-shirt,6908.0,01JYPFEB4F0D0S6QWQ0NG26SV7-clothes,52,bathsuit,clothes,human,human
01K4DSNB9V24J04377GZ4NG1RA,01K4DTZ8H3R60BBNW1HTEZN1R9-clothes,thermal,3620.0,01JYPFEB4F0D0S6QWQ0NG26SV7-clothes,53,tie,clothes,human,human
01K4DSNB9V24J04377GZ4NG1RA,01K4DTZ8H3R60BBNW1HTEZN1R9-clothes,long johns,4470.0,01JYPFEB4F0D0S6QWQ0NG26SV7-clothes,54,coat,clothes,human,human
01K4DSNB9V24J04377GZ4NG1RA,01K4DTZ8H3R60BBNW1HTEZN1R9-clothes,nightgown,1677.0,01JYPFEB4F0D0S6QWQ0NG26SV7-clothes,55,tie,clothes,human,human
01K4DSNB9V24J04377GZ4NG1RA,01K4DTZ8H3R60BBNW1HTEZN1R9-clothes,pajamas,1729.0,01JYPFEB4F0D0S6QWQ0NG26SV7-clothes,56,cap,clothes,human,human
,01K4DT62PEQ123RVEXESD7QTMM-supermarket,trolley,4359.0,01JYPFWH01PV1K00ZFFMTWF1RZ-supermarket,1,,supermarket,human,human
01K4DSN8Q1ZYEMBF6V5BZRQDND,01K4DT62PEQ123RVEXESD7QTMM-supermarket,basket,2305.0,01JYPFWH01PV1K00ZFFMTWF1RZ-supermarket,2,food,supermarket,human,human
01K4DSN8Q1ZYEMBF6V5BZRQDND,01K4DT62PEQ123RVEXESD7QTMM-supermarket,aisle,1880.0,01JYPFWH01PV1K00ZFFMTWF1RZ-supermarket,3,checkout,supermarket,human,human
01K4DSN8Q1ZYEMBF6V5BZRQDND,01K4DT62PEQ123RVEXESD7QTMM-supermarket,till,2322.0,01JYPFWH01PV1K00ZFFMTWF1RZ-supermarket,4,shelves,supermarket,human,human
01K4DSN8Q1ZYEMBF6V5BZRQDND,01K4DT62PEQ123RVEXESD7QTMM-supermarket,checkout,1499.0,01JYPFWH01PV1K00ZFFMTWF1RZ-supermarket,5,staff,supermarket,human,human
01K4DSN8Q1ZYEMBF6V5BZRQDND,01K4DT62PEQ123RVEXESD7QTMM-supermarket,display,2778.0,01JYPFWH01PV1K00ZFFMTWF1RZ-supermarket,6,vegatables,supermarket,human,human
01K4DSN8Q1ZYEMBF6V5BZRQDND,01K4DT62PEQ123RVEXESD7QTMM-supermarket,shelf,2387.0,01JYPFWH01PV1K00ZFFMTWF1RZ-supermarket,7,shelves,supermarket,human,human
01K4DSN8Q1ZYEMBF6V5BZRQDND,01K4DT62PEQ123RVEXESD7QTMM-supermarket,cart,3320.0,01JYPFWH01PV1K00ZFFMTWF1RZ-supermarket,8,coffee,supermarket,human,human
01K4DSN8Q1ZYEMBF6V5BZRQDND,01K4DT62PEQ123RVEXESD7QTMM-supermarket,staff,6118.0,01JYPFWH01PV1K00ZFFMTWF1RZ-supermarket,9,staff,supermarket,human,human
01K4DSN8Q1ZYEMBF6V5BZRQDND,01K4DT62PEQ123RVEXESD7QTMM-supermarket,manager,2332.0,01JYPFWH01PV1K00ZFFMTWF1RZ-supermarket,10,uniform,supermarket,human,human
01K4DSN8Q1ZYEMBF6V5BZRQDND,01K4DT62PEQ123RVEXESD7QTMM-supermarket,grocery,4053.0,01JYPFWH01PV1K00ZFFMTWF1RZ-supermarket,11,stacker,supermarket,human,human
01K4DSN8Q1ZYEMBF6V5BZRQDND,01K4DT62PEQ123RVEXESD7QTMM-supermarket,flower,2094.0,01JYPFWH01PV1K00ZFFMTWF1RZ-supermarket,12,vegatables,supermarket,human,human
01K4DSN8Q1ZYEMBF6V5BZRQDND,01K4DT62PEQ123RVEXESD7QTMM-supermarket,drink,2494.0,01JYPFWH01PV1K00ZFFMTWF1RZ-supermarket,13,fruit,supermarket,human,human
01K4DSN8Q1ZYEMBF6V5BZRQDND,01K4DT62PEQ123RVEXESD7QTMM-supermarket,produce,1561.0,01JYPFWH01PV1K00ZFFMTWF1RZ-supermarket,14,cans,supermarket,human,human
01K4DSN8Q1ZYEMBF6V5BZRQDND,01K4DT62PEQ123RVEXESD7QTMM-supermarket,food,1914.0,01JYPFWH01PV1K00ZFFMTWF1RZ-supermarket,15,magazines,supermarket,human,human
01K4DSN8Q1ZYEMBF6V5BZRQDND,01K4DT62PEQ123RVEXESD7QTMM-supermarket,cloth,2190.0,01JYPFWH01PV1K00ZFFMTWF1RZ-supermarket,16,fruit,supermarket,human,human
01K4DSN8Q1ZYEMBF6V5BZRQDND,01K4DT62PEQ123RVEXESD7QTMM-supermarket,shoe,1526.0,01JYPFWH01PV1K00ZFFMTWF1RZ-supermarket,17,clothes,supermarket,human,human
01K4DSN8Q1ZYEMBF6V5BZRQDND,01K4DT62PEQ123RVEXESD7QTMM-supermarket,magazine,2182.0,01JYPFWH01PV1K00ZFFMTWF1RZ-supermarket,18,clothes,supermarket,human,human
01K4DSN8Q1ZYEMBF6V5BZRQDND,01K4DT62PEQ123RVEXESD7QTMM-supermarket,battery,1364.0,01JYPFWH01PV1K00ZFFMTWF1RZ-supermarket,19,newspapers,supermarket,human,human
01K4DSN8Q1ZYEMBF6V5BZRQDND,01K4DT62PEQ123RVEXESD7QTMM-supermarket,candy,2638.0,01JYPFWH01PV1K00ZFFMTWF1RZ-supermarket,20,toys,supermarket,human,human
01K4DSN8Q1ZYEMBF6V5BZRQDND,01K4DT62PEQ123RVEXESD7QTMM-supermarket,sweet,1648.0,01JYPFWH01PV1K00ZFFMTWF1RZ-supermarket,21,chocolate,supermarket,human,human
01K4DSN8Q1ZYEMBF6V5BZRQDND,01K4DT62PEQ123RVEXESD7QTMM-supermarket,gum,1116.0,01JYPFWH01PV1K00ZFFMTWF1RZ-supermarket,22,chocolate,supermarket,human,human
01K4DSN8Q1ZYEMBF6V5BZRQDND,01K4DT62PEQ123RVEXESD7QTMM-supermarket,ambient,2559.0,01JYPFWH01PV1K00ZFFMTWF1RZ-supermarket,23,chocolate,supermarket,human,human
01K4DSN8Q1ZYEMBF6V5BZRQDND,01K4DT62PEQ123RVEXESD7QTMM-supermarket,frozen,3562.0,01JYPFWH01PV1K00ZFFMTWF1RZ-supermarket,24,lights,supermarket,human,human
01K4DSN8Q1ZYEMBF6V5BZRQDND,01K4DT62PEQ123RVEXESD7QTMM-supermarket,chilled,1654.0,01JYPFWH01PV1K00ZFFMTWF1RZ-supermarket,25,ice,supermarket,human,human
01K4DSN8Q1ZYEMBF6V5BZRQDND,01K4DT62PEQ123RVEXESD7QTMM-supermarket,meat,1140.0,01JYPFWH01PV1K00ZFFMTWF1RZ-supermarket,26,soup,supermarket,human,human
01K4DSN8Q1ZYEMBF6V5BZRQDND,01K4DT62PEQ123RVEXESD7QTMM-supermarket,fish,856.0,01JYPFWH01PV1K00ZFFMTWF1RZ-supermarket,27,fish,supermarket,human,human
01K4DSN8Q1ZYEMBF6V5BZRQDND,01K4DT62PEQ123RVEXESD7QTMM-supermarket,egg,1665.0,01JYPFWH01PV1K00ZFFMTWF1RZ-supermarket,28,vegatables,supermarket,human,human
01K4DSN8Q1ZYEMBF6V5BZRQDND,01K4DT62PEQ123RVEXESD7QTMM-supermarket,vegetable,2214.0,01JYPFWH01PV1K00ZFFMTWF1RZ-supermarket,29,pasta,supermarket,human,human
01K4DSN8Q1ZYEMBF6V5BZRQDND,01K4DT62PEQ123RVEXESD7QTMM-supermarket,pasta,2288.0,01JYPFWH01PV1K00ZFFMTWF1RZ-supermarket,30,fruit,supermarket,human,human
01K4DSN8Q1ZYEMBF6V5BZRQDND,01K4DT62PEQ123RVEXESD7QTMM-supermarket,bread,815.0,01JYPFWH01PV1K00ZFFMTWF1RZ-supermarket,31,sauces,supermarket,human,human
01K4DSN8Q1ZYEMBF6V5BZRQDND,01K4DT62PEQ123RVEXESD7QTMM-supermarket,cookie,1353.0,01JYPFWH01PV1K00ZFFMTWF1RZ-supermarket,32,rolls,supermarket,human,human
01K4DSN8Q1ZYEMBF6V5BZRQDND,01K4DT62PEQ123RVEXESD7QTMM-supermarket,pastry,3532.0,01JYPFWH01PV1K00ZFFMTWF1RZ-supermarket,33,cakes,supermarket,human,human
01K4DSN8Q1ZYEMBF6V5BZRQDND,01K4DT62PEQ123RVEXESD7QTMM-supermarket,oil,2408.0,01JYPFWH01PV1K00ZFFMTWF1RZ-supermarket,34,cakes,supermarket,human,human
01K4DSN8Q1ZYEMBF6V5BZRQDND,01K4DT62PEQ123RVEXESD7QTMM-supermarket,tinned,2189.0,01JYPFWH01PV1K00ZFFMTWF1RZ-supermarket,35,vinegar,supermarket,human,human
01K4DSN8Q1ZYEMBF6V5BZRQDND,01K4DT62PEQ123RVEXESD7QTMM-supermarket,canned,1174.0,01JYPFWH01PV1K00ZFFMTWF1RZ-supermarket,36,soup,supermarket,human,human
01K4DSN8Q1ZYEMBF6V5BZRQDND,01K4DT62PEQ123RVEXESD7QTMM-supermarket,lolly,6545.0,01JYPFWH01PV1K00ZFFMTWF1RZ-supermarket,37,packages,supermarket,human,human
01K4DSN8Q1ZYEMBF6V5BZRQDND,01K4DT62PEQ123RVEXESD7QTMM-supermarket,grape,3623.0,01JYPFWH01PV1K00ZFFMTWF1RZ-supermarket,38,icecream,supermarket,human,human
01K4DSN8Q1ZYEMBF6V5BZRQDND,01K4DT62PEQ123RVEXESD7QTMM-supermarket,apple,1161.0,01JYPFWH01PV1K00ZFFMTWF1RZ-supermarket,39,bananas,supermarket,human,human
01K4DSN8Q1ZYEMBF6V5BZRQDND,01K4DT62PEQ123RVEXESD7QTMM-supermarket,pear,1235.0,01JYPFWH01PV1K00ZFFMTWF1RZ-supermarket,40,bananas,supermarket,human,human
01K4DSN8Q1ZYEMBF6V5BZRQDND,01K4DT62PEQ123RVEXESD7QTMM-supermarket,pineapple,2875.0,01JYPFWH01PV1K00ZFFMTWF1RZ-supermarket,41,bananas,supermarket,human,human
01K4DSN8Q1ZYEMBF6V5BZRQDND,01K4DT62PEQ123RVEXESD7QTMM-supermarket,prepackaged,1976.0,01JYPFWH01PV1K00ZFFMTWF1RZ-supermarket,42,bananas,supermarket,human,human
01K4DSN8Q1ZYEMBF6V5BZRQDND,01K4DT62PEQ123RVEXESD7QTMM-supermarket,pomegranate,5213.0,01JYPFWH01PV1K00ZFFMTWF1RZ-supermarket,43,vegatables,supermarket,human,human
01K4DSN8Q1ZYEMBF6V5BZRQDND,01K4DT62PEQ123RVEXESD7QTMM-supermarket,melon,2908.0,01JYPFWH01PV1K00ZFFMTWF1RZ-supermarket,44,bananas,supermarket,human,human
01K4DSN8Q1ZYEMBF6V5BZRQDND,01K4DT62PEQ123RVEXESD7QTMM-supermarket,lemon,1692.0,01JYPFWH01PV1K00ZFFMTWF1RZ-supermarket,45,bananas,supermarket,human,human
01K4DSN8Q1ZYEMBF6V5BZRQDND,01K4DT62PEQ123RVEXESD7QTMM-supermarket,pomelo,1798.0,01JYPFWH01PV1K00ZFFMTWF1RZ-supermarket,46,lime,supermarket,human,human
01K4DSN8Q1ZYEMBF6V5BZRQDND,01K4DT62PEQ123RVEXESD7QTMM-supermarket,onion,5363.0,01JYPFWH01PV1K00ZFFMTWF1RZ-supermarket,47,bananas,supermarket,human,human
01K4DSN8Q1ZYEMBF6V5BZRQDND,01K4DT62PEQ123RVEXESD7QTMM-supermarket,carrot,1160.0,01JYPFWH01PV1K00ZFFMTWF1RZ-supermarket,48,carrot,supermarket,human,human
01K4DSN8Q1ZYEMBF6V5BZRQDND,01K4DT62PEQ123RVEXESD7QTMM-supermarket,tomato,1069.0,01JYPFWH01PV1K00ZFFMTWF1RZ-supermarket,49,cabbage,supermarket,human,human
01K4DSN8Q1ZYEMBF6V5BZRQDND,01K4DT62PEQ123RVEXESD7QTMM-supermarket,potato,1764.0,01JYPFWH01PV1K00ZFFMTWF1RZ-supermarket,50,pepper,supermarket,human,human
01K4DSN8Q1ZYEMBF6V5BZRQDND,01K4DT62PEQ123RVEXESD7QTMM-supermarket,kale,1856.0,01JYPFWH01PV1K00ZFFMTWF1RZ-supermarket,51,swede,supermarket,human,human
01K4DSN8Q1ZYEMBF6V5BZRQDND,01K4DT62PEQ123RVEXESD7QTMM-supermarket,spinach,2187.0,01JYPFWH01PV1K00ZFFMTWF1RZ-supermarket,52,cabbage,supermarket,human,human
01K4DSN8Q1ZYEMBF6V5BZRQDND,01K4DT62PEQ123RVEXESD7QTMM-supermarket,bean sprout,3159.0,01JYPFWH01PV1K00ZFFMTWF1RZ-supermarket,53,cabbage,supermarket,human,human
01K4DSN8Q1ZYEMBF6V5BZRQDND,01K4DT62PEQ123RVEXESD7QTMM-supermarket,cauliflower,3941.0,01JYPFWH01PV1K00ZFFMTWF1RZ-supermarket,54,lettuce,supermarket,human,human
01K4DSN8Q1ZYEMBF6V5BZRQDND,01K4DT62PEQ123RVEXESD7QTMM-supermarket,celeriac,3765.0,01JYPFWH01PV1K00ZFFMTWF1RZ-supermarket,55,brocolli,supermarket,human,human
01K4DSN8Q1ZYEMBF6V5BZRQDND,01K4DT62PEQ123RVEXESD7QTMM-supermarket,rice,4268.0,01JYPFWH01PV1K00ZFFMTWF1RZ-supermarket,56,brocolli,supermarket,human,human
01K4DSN8Q1ZYEMBF6V5BZRQDND,01K4DT62PEQ123RVEXESD7QTMM-supermarket,flour,3003.0,01JYPFWH01PV1K00ZFFMTWF1RZ-supermarket,57,pasta,supermarket,human,human
01K4DSN8Q1ZYEMBF6V5BZRQDND,01K4DT62PEQ123RVEXESD7QTMM-supermarket,sugar,2800.0,01JYPFWH01PV1K00ZFFMTWF1RZ-supermarket,58,sugar,supermarket,human,human
01K4DSN8Q1ZYEMBF6V5BZRQDND,01K4DT62PEQ123RVEXESD7QTMM-supermarket,butter,956.0,01JYPFWH01PV1K00ZFFMTWF1RZ-supermarket,59,jam,supermarket,human,human
01K4DSN8Q1ZYEMBF6V5BZRQDND,01K4DT62PEQ123RVEXESD7QTMM-supermarket,nut,3461.0,01JYPFWH01PV1K00ZFFMTWF1RZ-supermarket,60,margarine,supermarket,human,human
01K4DSN8Q1ZYEMBF6V5BZRQDND,01K4DT62PEQ123RVEXESD7QTMM-supermarket,seed,1306.0,01JYPFWH01PV1K00ZFFMTWF1RZ-supermarket,61,crisps,supermarket,human,human
01K4DSN8Q1ZYEMBF6V5BZRQDND,01K4DT62PEQ123RVEXESD7QTMM-supermarket,desiccated,2090.0,01JYPFWH01PV1K00ZFFMTWF1RZ-supermarket,62,ckers,supermarket,human,human
01K4DSN8Q1ZYEMBF6V5BZRQDND,01K4DT62PEQ123RVEXESD7QTMM-supermarket,shaver,4923.0,01JYPFWH01PV1K00ZFFMTWF1RZ-supermarket,63,coconut,supermarket,human,human
01K4DSN8Q1ZYEMBF6V5BZRQDND,01K4DT62PEQ123RVEXESD7QTMM-supermarket,gel,3903.0,01JYPFWH01PV1K00ZFFMTWF1RZ-supermarket,64,toiletrolls,supermarket,human,human
01K4DSN8Q1ZYEMBF6V5BZRQDND,01K4DT62PEQ123RVEXESD7QTMM-supermarket,body wash,2308.0,01JYPFWH01PV1K00ZFFMTWF1RZ-supermarket,65,shampoo,supermarket,human,human
01K4DSN8Q1ZYEMBF6V5BZRQDND,01K4DT62PEQ123RVEXESD7QTMM-supermarket,toy,2288.0,01JYPFWH01PV1K00ZFFMTWF1RZ-supermarket,66,shampoo,supermarket,human,human
01K4DSN8Q1ZYEMBF6V5BZRQDND,01K4DT62PEQ123RVEXESD7QTMM-supermarket,furniture,3595.0,01JYPFWH01PV1K00ZFFMTWF1RZ-supermarket,67,newspapers,supermarket,human,human
01K4DSN8Q1ZYEMBF6V5BZRQDND,01K4DT62PEQ123RVEXESD7QTMM-supermarket,flat pack,3475.0,01JYPFWH01PV1K00ZFFMTWF1RZ-supermarket,68,electricals,supermarket,human,human
01K4DSN8Q1ZYEMBF6V5BZRQDND,01K4DT62PEQ123RVEXESD7QTMM-supermarket,pop,3880.0,01JYPFWH01PV1K00ZFFMTWF1RZ-supermarket,69,televisions,supermarket,human,human
01KFVAF1D8VB8RMYCP11NNFBWJ,01KFVBKA2JQ56JDBNMFSXP9YP6,jumper,4174.0,01JRZMXC6J5VRHG4070J0B63FB-clothes,1,,clothes,human,human
01KFVAF1D8VB8RMYCP11NNFBWJ,01KFVBKA2JQ56JDBNMFSXP9YP6,jeans,1399.0,01JRZMXC6J5VRHG4070J0B63FB-clothes,2,hoodie,clothes,human,human
01KFVAF1D8VB8RMYCP11NNFBWJ,01KFVBKA2JQ56JDBNMFSXP9YP6,hoodie,1834.0,01JRZMXC6J5VRHG4070J0B63FB-clothes,3,skirt,clothes,human,human
01KFVAF1D8VB8RMYCP11NNFBWJ,01KFVBKA2JQ56JDBNMFSXP9YP6,sock,1079.0,01JRZMXC6J5VRHG4070J0B63FB-clothes,4,leggings,clothes,human,human
01KFVAF1D8VB8RMYCP11NNFBWJ,01KFVBKA2JQ56JDBNMFSXP9YP6,underwear,2934.0,01JRZMXC6J5VRHG4070J0B63FB-clothes,5,pants,clothes,human,human
01KFVAF1D8VB8RMYCP11NNFBWJ,01KFVBKA2JQ56JDBNMFSXP9YP6,dress,2791.0,01JRZMXC6J5VRHG4070J0B63FB-clothes,6,shirt,clothes,human,human
01KFVAF1D8VB8RMYCP11NNFBWJ,01KFVBKA2JQ56JDBNMFSXP9YP6,skirt,1493.0,01JRZMXC6J5VRHG4070J0B63FB-clothes,7,skirt,clothes,human,human
01KFVAF1D8VB8RMYCP11NNFBWJ,01KFVBKA2JQ56JDBNMFSXP9YP6,bra,1703.0,01JRZMXC6J5VRHG4070J0B63FB-clothes,8,shirt,clothes,human,human
01KFVAF1D8VB8RMYCP11NNFBWJ,01KFVBKA2JQ56JDBNMFSXP9YP6,shirt,1365.0,01JRZMXC6J5VRHG4070J0B63FB-clothes,9,shirt,clothes,human,human
01KFVAF1D8VB8RMYCP11NNFBWJ,01KFVBKA2JQ56JDBNMFSXP9YP6,coat,2363.0,01JRZMXC6J5VRHG4070J0B63FB-clothes,10,tie,clothes,human,human
01KFVAF1D8VB8RMYCP11NNFBWJ,01KFVBKA2JQ56JDBNMFSXP9YP6,bomber jacket,3391.0,01JRZMXC6J5VRHG4070J0B63FB-clothes,11,tie,clothes,human,human
01KFVAF1D8VB8RMYCP11NNFBWJ,01KFVBKA2JQ56JDBNMFSXP9YP6,tuxedo,1891.0,01JRZMXC6J5VRHG4070J0B63FB-clothes,12,blazer,clothes,human,human
01KFVAF1D8VB8RMYCP11NNFBWJ,01KFVBKA2JQ56JDBNMFSXP9YP6,pyjamas,4179.0,01JRZMXC6J5VRHG4070J0B63FB-clothes,13,tie,clothes,human,human
01KFVAF1D8VB8RMYCP11NNFBWJ,01KFVBKA2JQ56JDBNMFSXP9YP6,beanie hat,3916.0,01JRZMXC6J5VRHG4070J0B63FB-clothes,14,slippers,clothes,human,human
01KFVAF1D8VB8RMYCP11NNFBWJ,01KFVBKA2JQ56JDBNMFSXP9YP6,straw hat,3042.0,01JRZMXC6J5VRHG4070J0B63FB-clothes,15,scarf,clothes,human,human
01KFVAF1D8VB8RMYCP11NNFBWJ,01KFVBKA2JQ56JDBNMFSXP9YP6,tracksuit button,6379.0,01JRZMXC6J5VRHG4070J0B63FB-clothes,16,scarf,clothes,human,human
01KFVAF1D8VB8RMYCP11NNFBWJ,01KFVBKA2JQ56JDBNMFSXP9YP6,tracksuit bottoms,4872.0,01JRZMXC6J5VRHG4070J0B63FB-clothes,17,leggings,clothes,human,human
01KFVAF1D8VB8RMYCP11NNFBWJ,01KFVBKA2JQ56JDBNMFSXP9YP6,tracksuit top,5249.0,01JRZMXC6J5VRHG4070J0B63FB-clothes,18,leggings,clothes,human,human
01KFVAF1D8VB8RMYCP11NNFBWJ,01KFVBKA2JQ56JDBNMFSXP9YP6,baseball cap,4150.0,01JRZMXC6J5VRHG4070J0B63FB-clothes,19,leggings,clothes,human,human
01KFVAF1D8VB8RMYCP11NNFBWJ,01KFVBKA2JQ56JDBNMFSXP9YP6,jersey,5844.0,01JRZMXC6J5VRHG4070J0B63FB-clothes,20,sunglasses,clothes,human,human
01KFVAF1D8VB8RMYCP11NNFBWJ,01KFVBKA2JQ56JDBNMFSXP9YP6,linen shirt,5057.0,01JRZMXC6J5VRHG4070J0B63FB-clothes,21,sunglasses,clothes,human,human
01KFVAF1D8VB8RMYCP11NNFBWJ,01KFVBKA2JQ56JDBNMFSXP9YP6,winter coat,3562.0,01JRZMXC6J5VRHG4070J0B63FB-clothes,22,tie,clothes,human,human
01KFVAF1D8VB8RMYCP11NNFBWJ,01KFVBKA2JQ56JDBNMFSXP9YP6,t-shirt,4133.0,01JRZMXC6J5VRHG4070J0B63FB-clothes,23,raincoat,clothes,human,human
01KFVAF1D8VB8RMYCP11NNFBWJ,01KFVBKA2JQ56JDBNMFSXP9YP6,swimming shorts,5104.0,01JRZMXC6J5VRHG4070J0B63FB-clothes,24,tie,clothes,human,human
01KFVAF1D8VB8RMYCP11NNFBWJ,01KFVBKA2JQ56JDBNMFSXP9YP6,bikini,6576.0,01JRZMXC6J5VRHG4070J0B63FB-clothes,25,bikini,clothes,human,human
01KFVAF1D8VB8RMYCP11NNFBWJ,01KFVBKA2JQ56JDBNMFSXP9YP6,cardigan,6323.0,01JRZMXC6J5VRHG4070J0B63FB-clothes,26,swimmingcostume,clothes,human,human
01KFVAF1D8VB8RMYCP11NNFBWJ,01KFVBKA2JQ56JDBNMFSXP9YP6,dressing gown,4676.0,01JRZMXC6J5VRHG4070J0B63FB-clothes,27,trousers,clothes,human,human
01KFVAF1D8VB8RMYCP11NNFBWJ,01KFVBKA2JQ56JDBNMFSXP9YP6,gym top,8132.0,01JRZMXC6J5VRHG4070J0B63FB-clothes,28,slippers,clothes,human,human
01KFVAF1D8VB8RMYCP11NNFBWJ,01KFVBKA2JQ56JDBNMFSXP9YP6,gym shorts,5238.0,01JRZMXC6J5VRHG4070J0B63FB-clothes,29,sportsbra,clothes,human,human
01KFVAF1D8VB8RMYCP11NNFBWJ,01KFVBKA2JQ56JDBNMFSXP9YP6,blouse,20219.0,01JRZMXC6J5VRHG4070J0B63FB-clothes,30,sportsbra,clothes,human,human
01KFVAF1D8VB8RMYCP11NNFBWJ,01KFVBKA2JQ56JDBNMFSXP9YP6,leggings,5582.0,01JRZMXC6J5VRHG4070J0B63FB-clothes,31,shirt,clothes,human,human
01KFVAF1D8VB8RMYCP11NNFBWJ,01KFVBKA2JQ56JDBNMFSXP9YP6,basque,7104.0,01JRZMXC6J5VRHG4070J0B63FB-clothes,32,croptop,clothes,human,human
01KFVAF1D8VB8RMYCP11NNFBWJ,01KFVBKA2JQ56JDBNMFSXP9YP6,body stocking,8019.0,01JRZMXC6J5VRHG4070J0B63FB-clothes,33,teddy,clothes,human,human
01KFVAF1D8VB8RMYCP11NNFBWJ,01KFVBKA2JQ56JDBNMFSXP9YP6,poncho,14161.0,01JRZMXC6J5VRHG4070J0B63FB-clothes,34,teddy,clothes,human,human
01KFVAF1D8VB8RMYCP11NNFBWJ,01KFVBKA2JQ56JDBNMFSXP9YP6,tie-dye shirt,2473.0,01JRZMXC6J5VRHG4070J0B63FB-clothes,35,raincoat,clothes,human,human
