id,rank,model,category,actual_response,predicted_response,is_correct,is_chosen,choice_index,input_sequence,logprobs
01JVAEZRVYKAN9Q0C020PH6DMJ-animals,2,ngram-2,animals,cow,dog,False,True,0,"cat",-2.8105
01JVAEZRVYKAN9Q0C020PH6DMJ-animals,3,ngram-2,animals,horse,chicken,False,True,0,"cat,cow",-3.6019
01JVAEZRVYKAN9Q0C020PH6DMJ-animals,4,ngram-2,animals,pig,cow,False,True,0,"cat,cow,horse",-3.7227
01JVAEZRVYKAN9Q0C020PH6DMJ-animals,5,ngram-2,animals,chimpanzee,cow,False,True,0,"cat,cow,horse,pig",-3.7044
01JVAEZRVYKAN9Q0C020PH6DMJ-animals,6,ngram-2,animals,elephant,gorilla,False,True,0,"cat,cow,horse,pig,chimpanzee",-4.3307
01JVAEZRVYKAN9Q0C020PH6DMJ-animals,7,ngram-2,animals,tiger,giraffe,False,True,0,"cat,cow,horse,pig,chimpanzee,elephant",-4.0194
01JVAEZRVYKAN9Q0C020PH6DMJ-animals,8,ngram-2,animals,lion,lion,True,True,0,"cat,cow,horse,pig,chimpanzee,elephant,tiger",-3.1751
01JVAEZRVYKAN9Q0C020PH6DMJ-animals,9,ngram-2,animals,puma,tiger,False,True,0,"cat,cow,horse,pig,chimpanzee,elephant,tiger,lion",-3.1326
01JVAEZRVYKAN9Q0C020PH6DMJ-animals,10,ngram-2,animals,cheetah,leopard,False,True,0,"cat,cow,horse,pig,chimpanzee,elephant,tiger,lion,puma",-4.5951
01JVAEZRVYKAN9Q0C020PH6DMJ-animals,11,ngram-2,animals,rhino,jaguar,False,True,0,"cat,cow,horse,pig,chimpanzee,elephant,tiger,lion,puma,cheetah",-4.1400
01JVAEZRVYKAN9Q0C020PH6DMJ-animals,12,ngram-2,animals,flamingo,hippopotamus,False,True,0,"cat,cow,horse,pig,chimpanzee,elephant,tiger,lion,puma,cheetah,rhino",-4.3241
01JVAEZRVYKAN9Q0C020PH6DMJ-animals,13,ngram-2,animals,porcupine,ape,False,True,0,"cat,cow,horse,pig,chimpanzee,elephant,tiger,lion,puma,cheetah,rhino,flamingo",-5.0073
01JVAEZRVYKAN9Q0C020PH6DMJ-animals,14,ngram-2,animals,dolphin,ant,False,True,0,"cat,cow,horse,pig,chimpanzee,elephant,tiger,lion,puma,cheetah,rhino,flamingo,porcupine",-5.0039
01JVAEZRVYKAN9Q0C020PH6DMJ-animals,15,ngram-2,animals,bluewhale,whale,False,True,0,"cat,cow,horse,pig,chimpanzee,elephant,tiger,lion,puma,cheetah,rhino,flamingo,porcupine,dolphin",-4.1495
01JVAEZRVYKAN9Q0C020PH6DMJ-animals,16,ngram-2,animals,greatwhiteshark,orca,False,True,0,"cat,cow,horse,pig,chimpanzee,elephant,tiger,lion,puma,cheetah,rhino,flamingo,porcupine,dolphin,blue whale",-4.9870
01JVAEZRVYKAN9Q0C020PH6DMJ-animals,17,ngram-2,animals,hammerheadshark,aardvark,False,True,0,"cat,cow,horse,pig,chimpanzee,elephant,tiger,lion,puma,cheetah,rhino,flamingo,porcupine,dolphin,blue whale,great white shark",-5.6768
01JVAEZRVYKAN9Q0C020PH6DMJ-animals,18,ngram-2,animals,baskingshark,aardvark,False,True,0,"cat,cow,horse,pig,chimpanzee,elephant,tiger,lion,puma,cheetah,rhino,flamingo,porcupine,dolphin,blue whale,great white shark,hammerhead shark",-5.6768
01JVAEZRVYKAN9Q0C020PH6DMJ-animals,19,ngram-2,animals,tortoise,aardvark,False,True,0,"cat,cow,horse,pig,chimpanzee,elephant,tiger,lion,puma,cheetah,rhino,flamingo,porcupine,dolphin,blue whale,great white shark,hammerhead shark,basking shark",-5.6768
01JVAEZRVYKAN9Q0C020PH6DMJ-animals,20,ngram-2,animals,terrapin,turtle,False,True,0,"cat,cow,horse,pig,chimpanzee,elephant,tiger,lion,puma,cheetah,rhino,flamingo,porcupine,dolphin,blue whale,great white shark,hammerhead shark,basking shark,tortoise",-4.6052
01JVAEZRVYKAN9Q0C020PH6DMJ-animals,21,ngram-2,animals,turtle,aardvark,False,True,0,"cat,cow,horse,pig,chimpanzee,elephant,tiger,lion,puma,cheetah,rhino,flamingo,porcupine,dolphin,blue whale,great white shark,hammerhead shark,basking shark,tortoise,terrapin",-5.6768
01JVAEZRVYKAN9Q0C020PH6DMJ-animals,22,ngram-2,animals,snappingturtle,tortoise,False,True,0,"cat,cow,horse,pig,chimpanzee,elephant,tiger,lion,puma,cheetah,rhino,flamingo,porcupine,dolphin,blue whale,great white shark,hammerhead shark,basking shark,tortoise,terrapin,turtle",-4.3274
01JVAEZRVYKAN9Q0C020PH6DMJ-animals,23,ngram-2,animals,antelope,aardvark,False,True,0,"cat,cow,horse,pig,chimpanzee,elephant,tiger,lion,puma,cheetah,rhino,flamingo,porcupine,dolphin,blue whale,great white shark,hammerhead shark,basking shark,tortoise,terrapin,turtle,snapping turtle",-5.6768
01JVAEZRVYKAN9Q0C020PH6DMJ-animals,24,ngram-2,animals,anteater,alligator,False,True,0,"cat,cow,horse,pig,chimpanzee,elephant,tiger,lion,puma,cheetah,rhino,flamingo,porcupine,dolphin,blue whale,great white shark,hammerhead shark,basking shark,tortoise,terrapin,turtle,snapping turtle,antelope",-5.0039
01JVAEZRVYKAN9Q0C020PH6DMJ-animals,25,ngram-2,animals,duck-billedplatypus,armadillo,False,True,0,"cat,cow,horse,pig,chimpanzee,elephant,tiger,lion,puma,cheetah,rhino,flamingo,porcupine,dolphin,blue whale,great white shark,hammerhead shark,basking shark,tortoise,terrapin,turtle,snapping turtle,antelope,anteater",-4.6018
01JVAEZRVYKAN9Q0C020PH6DMJ-animals,26,ngram-2,animals,dog,aardvark,False,True,0,"cat,cow,horse,pig,chimpanzee,elephant,tiger,lion,puma,cheetah,rhino,flamingo,porcupine,dolphin,blue whale,great white shark,hammerhead shark,basking shark,tortoise,terrapin,turtle,snapping turtle,antelope,anteater,duck-billed platypus",-5.6768
01JVAEZRVYKAN9Q0C020PH6DMJ-animals,27,ngram-2,animals,hamster,cat,False,True,0,"cat,cow,horse,pig,chimpanzee,elephant,tiger,lion,puma,cheetah,rhino,flamingo,porcupine,dolphin,blue whale,great white shark,hammerhead shark,basking shark,tortoise,terrapin,turtle,snapping turtle,antelope,anteater,duck-billed platypus,dog",-2.3230
01JVAEZRVYKAN9Q0C020PH6DMJ-animals,28,ngram-2,animals,guineapig,rat,False,True,0,"cat,cow,horse,pig,chimpanzee,elephant,tiger,lion,puma,cheetah,rhino,flamingo,porcupine,dolphin,blue whale,great white shark,hammerhead shark,basking shark,tortoise,terrapin,turtle,snapping turtle,antelope,anteater,duck-billed platypus,dog,hamster",-4.3373
01JVAEZRVYKAN9Q0C020PH6DMJ-animals,29,ngram-2,animals,rabbit,mouse,False,True,0,"cat,cow,horse,pig,chimpanzee,elephant,tiger,lion,puma,cheetah,rhino,flamingo,porcupine,dolphin,blue whale,great white shark,hammerhead shark,basking shark,tortoise,terrapin,turtle,snapping turtle,antelope,anteater,duck-billed platypus,dog,hamster,guinea pig",-4.3175
01JVAEZRVYKAN9Q0C020PH6DMJ-animals,30,ngram-2,animals,hare,hare,True,True,0,"cat,cow,horse,pig,chimpanzee,elephant,tiger,lion,puma,cheetah,rhino,flamingo,porcupine,dolphin,blue whale,great white shark,hammerhead shark,basking shark,tortoise,terrapin,turtle,snapping turtle,antelope,anteater,duck-billed platypus,dog,hamster,guinea pig,rabbit",-4.1713
01JVAEZRVYKAN9Q0C020PH6DMJ-animals,31,ngram-2,animals,carp,baboon,False,True,0,"cat,cow,horse,pig,chimpanzee,elephant,tiger,lion,puma,cheetah,rhino,flamingo,porcupine,dolphin,blue whale,great white shark,hammerhead shark,basking shark,tortoise,terrapin,turtle,snapping turtle,antelope,anteater,duck-billed platypus,dog,hamster,guinea pig,rabbit,hare",-5.0073
01JVAEZRVYKAN9Q0C020PH6DMJ-animals,32,ngram-2,animals,roach,aardvark,False,True,0,"cat,cow,horse,pig,chimpanzee,elephant,tiger,lion,puma,cheetah,rhino,flamingo,porcupine,dolphin,blue whale,great white shark,hammerhead shark,basking shark,tortoise,terrapin,turtle,snapping turtle,antelope,anteater,duck-billed platypus,dog,hamster,guinea pig,rabbit,hare,carp",-5.6768
01JVAEZRVYKAN9Q0C020PH6DMJ-animals,33,ngram-2,animals,tench,aardvark,False,True,0,"cat,cow,horse,pig,chimpanzee,elephant,tiger,lion,puma,cheetah,rhino,flamingo,porcupine,dolphin,blue whale,great white shark,hammerhead shark,basking shark,tortoise,terrapin,turtle,snapping turtle,antelope,anteater,duck-billed platypus,dog,hamster,guinea pig,rabbit,hare,carp,roach",-5.6768
01JVAEZRVYKAN9Q0C020PH6DMJ-animals,34,ngram-2,animals,bream,aardvark,False,True,0,"cat,cow,horse,pig,chimpanzee,elephant,tiger,lion,puma,cheetah,rhino,flamingo,porcupine,dolphin,blue whale,great white shark,hammerhead shark,basking shark,tortoise,terrapin,turtle,snapping turtle,antelope,anteater,duck-billed platypus,dog,hamster,guinea pig,rabbit,hare,carp,roach,tench",-5.6768
01JVAEZRVYKAN9Q0C020PH6DMJ-animals,35,ngram-2,animals,perch,aardvark,False,True,0,"cat,cow,horse,pig,chimpanzee,elephant,tiger,lion,puma,cheetah,rhino,flamingo,porcupine,dolphin,blue whale,great white shark,hammerhead shark,basking shark,tortoise,terrapin,turtle,snapping turtle,antelope,anteater,duck-billed platypus,dog,hamster,guinea pig,rabbit,hare,carp,roach,tench,bream",-5.6768
01JVAEZRVYKAN9Q0C020PH6DMJ-animals,36,ngram-2,animals,tuna,aardvark,False,True,0,"cat,cow,horse,pig,chimpanzee,elephant,tiger,lion,puma,cheetah,rhino,flamingo,porcupine,dolphin,blue whale,great white shark,hammerhead shark,basking shark,tortoise,terrapin,turtle,snapping turtle,antelope,anteater,duck-billed platypus,dog,hamster,guinea pig,rabbit,hare,carp,roach,tench,bream,perch",-5.6768
01JVAEZRVYKAN9Q0C020PH6DMJ-animals,37,ngram-2,animals,ant,alligator,False,True,0,"cat,cow,horse,pig,chimpanzee,elephant,tiger,lion,puma,cheetah,rhino,flamingo,porcupine,dolphin,blue whale,great white shark,hammerhead shark,basking shark,tortoise,terrapin,turtle,snapping turtle,antelope,anteater,duck-billed platypus,dog,hamster,guinea pig,rabbit,hare,carp,roach,tench,bream,perch,tuna",-4.9972
01JVAEZRVYKAN9Q0C020PH6DMJ-animals,38,ngram-2,animals,gazelle,bee,False,True,0,"cat,cow,horse,pig,chimpanzee,elephant,tiger,lion,puma,cheetah,rhino,flamingo,porcupine,dolphin,blue whale,great white shark,hammerhead shark,basking shark,tortoise,terrapin,turtle,snapping turtle,antelope,anteater,duck-billed platypus,dog,hamster,guinea pig,rabbit,hare,carp,roach,tench,bream,perch,tuna,ant",-4.1400
01JVAEZRVYKAN9Q0C020PH6DMJ-animals,39,ngram-2,animals,macaquemonkey,aardvark,False,True,0,"cat,cow,horse,pig,chimpanzee,elephant,tiger,lion,puma,cheetah,rhino,flamingo,porcupine,dolphin,blue whale,great white shark,hammerhead shark,basking shark,tortoise,terrapin,turtle,snapping turtle,antelope,anteater,duck-billed platypus,dog,hamster,guinea pig,rabbit,hare,carp,roach,tench,bream,perch,tuna,ant,gazelle",-5.6768
01JVAEZRVYKAN9Q0C020PH6DMJ-animals,40,ngram-2,animals,gorilla,aardvark,False,True,0,"cat,cow,horse,pig,chimpanzee,elephant,tiger,lion,puma,cheetah,rhino,flamingo,porcupine,dolphin,blue whale,great white shark,hammerhead shark,basking shark,tortoise,terrapin,turtle,snapping turtle,antelope,anteater,duck-billed platypus,dog,hamster,guinea pig,rabbit,hare,carp,roach,tench,bream,perch,tuna,ant,gazelle,macaque monkey",-5.6768
01JVAEZRVYKAN9Q0C020PH6DMJ-animals,41,ngram-2,animals,sheep,chimpanzee,False,True,0,"cat,cow,horse,pig,chimpanzee,elephant,tiger,lion,puma,cheetah,rhino,flamingo,porcupine,dolphin,blue whale,great white shark,hammerhead shark,basking shark,tortoise,terrapin,turtle,snapping turtle,antelope,anteater,duck-billed platypus,dog,hamster,guinea pig,rabbit,hare,carp,roach,tench,bream,perch,tuna,ant,gazelle,macaque monkey,gorilla",-4.1368
01JVAEZRVYKAN9Q0C020PH6DMJ-animals,42,ngram-2,animals,donkey,cow,False,True,0,"cat,cow,horse,pig,chimpanzee,elephant,tiger,lion,puma,cheetah,rhino,flamingo,porcupine,dolphin,blue whale,great white shark,hammerhead shark,basking shark,tortoise,terrapin,turtle,snapping turtle,antelope,anteater,duck-billed platypus,dog,hamster,guinea pig,rabbit,hare,carp,roach,tench,bream,perch,tuna,ant,gazelle,macaque monkey,gorilla,sheep",-3.6857
01JVAEZRVYKAN9Q0C020PH6DMJ-animals,43,ngram-2,animals,ass,horse,False,True,0,"cat,cow,horse,pig,chimpanzee,elephant,tiger,lion,puma,cheetah,rhino,flamingo,porcupine,dolphin,blue whale,great white shark,hammerhead shark,basking shark,tortoise,terrapin,turtle,snapping turtle,antelope,anteater,duck-billed platypus,dog,hamster,guinea pig,rabbit,hare,carp,roach,tench,bream,perch,tuna,ant,gazelle,macaque monkey,gorilla,sheep,donkey",-4.3535
01JVAEZRVYKAN9Q0C020PH6DMJ-animals,44,ngram-2,animals,falcon,aardvark,False,True,0,"cat,cow,horse,pig,chimpanzee,elephant,tiger,lion,puma,cheetah,rhino,flamingo,porcupine,dolphin,blue whale,great white shark,hammerhead shark,basking shark,tortoise,terrapin,turtle,snapping turtle,antelope,anteater,duck-billed platypus,dog,hamster,guinea pig,rabbit,hare,carp,roach,tench,bream,perch,tuna,ant,gazelle,macaque monkey,gorilla,sheep,donkey,ass",-5.6768
01JVAEZRVYKAN9Q0C020PH6DMJ-animals,45,ngram-2,animals,eagle,crab,False,True,0,"cat,cow,horse,pig,chimpanzee,elephant,tiger,lion,puma,cheetah,rhino,flamingo,porcupine,dolphin,blue whale,great white shark,hammerhead shark,basking shark,tortoise,terrapin,turtle,snapping turtle,antelope,anteater,duck-billed platypus,dog,hamster,guinea pig,rabbit,hare,carp,roach,tench,bream,perch,tuna,ant,gazelle,macaque monkey,gorilla,sheep,donkey,ass,falcon",-5.0006
01JVAEZRVYKAN9Q0C020PH6DMJ-animals,46,ngram-2,animals,robin,falcon,False,True,0,"cat,cow,horse,pig,chimpanzee,elephant,tiger,lion,puma,cheetah,rhino,flamingo,porcupine,dolphin,blue whale,great white shark,hammerhead shark,basking shark,tortoise,terrapin,turtle,snapping turtle,antelope,anteater,duck-billed platypus,dog,hamster,guinea pig,rabbit,hare,carp,roach,tench,bream,perch,tuna,ant,gazelle,macaque monkey,gorilla,sheep,donkey,ass,falcon,eagle",-4.6412
01JVAEZRVYKAN9Q0C020PH6DMJ-animals,47,ngram-2,animals,finch,beaver,False,True,0,"cat,cow,horse,pig,chimpanzee,elephant,tiger,lion,puma,cheetah,rhino,flamingo,porcupine,dolphin,blue whale,great white shark,hammerhead shark,basking shark,tortoise,terrapin,turtle,snapping turtle,antelope,anteater,duck-billed platypus,dog,hamster,guinea pig,rabbit,hare,carp,roach,tench,bream,perch,tuna,ant,gazelle,macaque monkey,gorilla,sheep,donkey,ass,falcon,eagle,robin",-5.0106
01JVAEZRVYKAN9Q0C020PH6DMJ-animals,48,ngram-2,animals,parakeet,robin,False,True,0,"cat,cow,horse,pig,chimpanzee,elephant,tiger,lion,puma,cheetah,rhino,flamingo,porcupine,dolphin,blue whale,great white shark,hammerhead shark,basking shark,tortoise,terrapin,turtle,snapping turtle,antelope,anteater,duck-billed platypus,dog,hamster,guinea pig,rabbit,hare,carp,roach,tench,bream,perch,tuna,ant,gazelle,macaque monkey,gorilla,sheep,donkey,ass,falcon,eagle,robin,finch",-4.9870
01JVAEZRVYKAN9Q0C020PH6DMJ-animals,49,ngram-2,animals,rat,piglet,False,True,0,"cat,cow,horse,pig,chimpanzee,elephant,tiger,lion,puma,cheetah,rhino,flamingo,porcupine,dolphin,blue whale,great white shark,hammerhead shark,basking shark,tortoise,terrapin,turtle,snapping turtle,antelope,anteater,duck-billed platypus,dog,hamster,guinea pig,rabbit,hare,carp,roach,tench,bream,perch,tuna,ant,gazelle,macaque monkey,gorilla,sheep,donkey,ass,falcon,eagle,robin,finch,parakeet",-4.9870
01JVAEZRVYKAN9Q0C020PH6DMJ-animals,50,ngram-2,animals,mouse,mouse,True,True,0,"cat,cow,horse,pig,chimpanzee,elephant,tiger,lion,puma,cheetah,rhino,flamingo,porcupine,dolphin,blue whale,great white shark,hammerhead shark,basking shark,tortoise,terrapin,turtle,snapping turtle,antelope,anteater,duck-billed platypus,dog,hamster,guinea pig,rabbit,hare,carp,roach,tench,bream,perch,tuna,ant,gazelle,macaque monkey,gorilla,sheep,donkey,ass,falcon,eagle,robin,finch,parakeet,rat",-3.1355
01JVAEZRVYKAN9Q0C020PH6DMJ-animals,51,ngram-2,animals,dormouse,rat,False,True,0,"cat,cow,horse,pig,chimpanzee,elephant,tiger,lion,puma,cheetah,rhino,flamingo,porcupine,dolphin,blue whale,great white shark,hammerhead shark,basking shark,tortoise,terrapin,turtle,snapping turtle,antelope,anteater,duck-billed platypus,dog,hamster,guinea pig,rabbit,hare,carp,roach,tench,bream,perch,tuna,ant,gazelle,macaque monkey,gorilla,sheep,donkey,ass,falcon,eagle,robin,finch,parakeet,rat,mouse",-3.6951
01JVAEZRVYKAN9Q0C020PH6DMJ-animals,52,ngram-2,animals,shrew,aardvark,False,True,0,"cat,cow,horse,pig,chimpanzee,elephant,tiger,lion,puma,cheetah,rhino,flamingo,porcupine,dolphin,blue whale,great white shark,hammerhead shark,basking shark,tortoise,terrapin,turtle,snapping turtle,antelope,anteater,duck-billed platypus,dog,hamster,guinea pig,rabbit,hare,carp,roach,tench,bream,perch,tuna,ant,gazelle,macaque monkey,gorilla,sheep,donkey,ass,falcon,eagle,robin,finch,parakeet,rat,mouse,dormouse",-5.6768
01JVAEZRVYKAN9Q0C020PH6DMJ-animals,53,ngram-2,animals,raccoon,donkey,False,True,0,"cat,cow,horse,pig,chimpanzee,elephant,tiger,lion,puma,cheetah,rhino,flamingo,porcupine,dolphin,blue whale,great white shark,hammerhead shark,basking shark,tortoise,terrapin,turtle,snapping turtle,antelope,anteater,duck-billed platypus,dog,hamster,guinea pig,rabbit,hare,carp,roach,tench,bream,perch,tuna,ant,gazelle,macaque monkey,gorilla,sheep,donkey,ass,falcon,eagle,robin,finch,parakeet,rat,mouse,dormouse,shrew",-4.9938
01JVAEZRVYKAN9Q0C020PH6DMJ-animals,54,ngram-2,animals,pony,deer,False,True,0,"cat,cow,horse,pig,chimpanzee,elephant,tiger,lion,puma,cheetah,rhino,flamingo,porcupine,dolphin,blue whale,great white shark,hammerhead shark,basking shark,tortoise,terrapin,turtle,snapping turtle,antelope,anteater,duck-billed platypus,dog,hamster,guinea pig,rabbit,hare,carp,roach,tench,bream,perch,tuna,ant,gazelle,macaque monkey,gorilla,sheep,donkey,ass,falcon,eagle,robin,finch,parakeet,rat,mouse,dormouse,shrew,raccoon",-4.6118
01JVAEZRVYKAN9Q0C020PH6DMJ-animals,55,ngram-2,animals,highlandcattle,cat,False,True,0,"cat,cow,horse,pig,chimpanzee,elephant,tiger,lion,puma,cheetah,rhino,flamingo,porcupine,dolphin,blue whale,great white shark,hammerhead shark,basking shark,tortoise,terrapin,turtle,snapping turtle,antelope,anteater,duck-billed platypus,dog,hamster,guinea pig,rabbit,hare,carp,roach,tench,bream,perch,tuna,ant,gazelle,macaque monkey,gorilla,sheep,donkey,ass,falcon,eagle,robin,finch,parakeet,rat,mouse,dormouse,shrew,raccoon,pony",-5.0006
01JVAF37FPWWXW16QGYYTRXSZW-animals,2,ngram-2,animals,cat,cat,True,True,0,"dog",-2.3896
01JVAF37FPWWXW16QGYYTRXSZW-animals,3,ngram-2,animals,pig,dog,False,True,0,"dog,cat",-2.8471
01JVAF37FPWWXW16QGYYTRXSZW-animals,4,ngram-2,animals,zebra,cow,False,True,0,"dog,cat,pig",-3.7436
01JVAF37FPWWXW16QGYYTRXSZW-animals,5,ngram-2,animals,horse,giraffe,False,True,0,"dog,cat,pig,zebra",-4.4158
01JVAF37FPWWXW16QGYYTRXSZW-animals,6,ngram-2,animals,snake,cow,False,True,0,"dog,cat,pig,zebra,horse",-3.7612
01JVAF37FPWWXW16QGYYTRXSZW-animals,7,ngram-2,animals,spider,lizard,False,True,0,"dog,cat,pig,zebra,horse,snake",-4.0134
01JVAF37FPWWXW16QGYYTRXSZW-animals,8,ngram-2,animals,dinosaur,ant,False,True,0,"dog,cat,pig,zebra,horse,snake,spider",-5.0752
01JVAF37FPWWXW16QGYYTRXSZW-animals,9,ngram-2,animals,hippo,aardvark,False,True,0,"dog,cat,pig,zebra,horse,snake,spider,dinosaur",-5.7203
01JVAF37FPWWXW16QGYYTRXSZW-animals,10,ngram-2,animals,elephant,pig,False,True,0,"dog,cat,pig,zebra,horse,snake,spider,dinosaur,hippo",-5.0370
01JVAF37FPWWXW16QGYYTRXSZW-animals,11,ngram-2,animals,bear,tiger,False,True,0,"dog,cat,pig,zebra,horse,snake,spider,dinosaur,hippo,elephant",-3.9034
01JVAF37FPWWXW16QGYYTRXSZW-animals,12,ngram-2,animals,monkey,lion,False,True,0,"dog,cat,pig,zebra,horse,snake,spider,dinosaur,hippo,elephant,bear",-4.4278
01JVAF37FPWWXW16QGYYTRXSZW-animals,13,ngram-2,animals,dragonfly,chimpanzee,False,True,0,"dog,cat,pig,zebra,horse,snake,spider,dinosaur,hippo,elephant,bear,monkey",-4.0283
01JVAF37FPWWXW16QGYYTRXSZW-animals,14,ngram-2,animals,fly,beetle,False,True,0,"dog,cat,pig,zebra,horse,snake,spider,dinosaur,hippo,elephant,bear,monkey,dragonfly",-5.0402
01JVAF37FPWWXW16QGYYTRXSZW-animals,15,ngram-2,animals,anaconda,ant,False,True,0,"dog,cat,pig,zebra,horse,snake,spider,dinosaur,hippo,elephant,bear,monkey,dragonfly,fly",-4.6508
01JVAF37FPWWXW16QGYYTRXSZW-animals,16,ngram-2,animals,rat,aardvark,False,True,0,"dog,cat,pig,zebra,horse,snake,spider,dinosaur,hippo,elephant,bear,monkey,dragonfly,fly,anaconda",-5.7203
01JVAF37FPWWXW16QGYYTRXSZW-animals,17,ngram-2,animals,frog,mouse,False,True,0,"dog,cat,pig,zebra,horse,snake,spider,dinosaur,hippo,elephant,bear,monkey,dragonfly,fly,anaconda,rat",-3.1061
01JVAF37FPWWXW16QGYYTRXSZW-animals,18,ngram-2,animals,lion,newt,False,True,0,"dog,cat,pig,zebra,horse,snake,spider,dinosaur,hippo,elephant,bear,monkey,dragonfly,fly,anaconda,rat,frog",-4.6697
01JVAF37FPWWXW16QGYYTRXSZW-animals,19,ngram-2,animals,cheetah,tiger,False,True,0,"dog,cat,pig,zebra,horse,snake,spider,dinosaur,hippo,elephant,bear,monkey,dragonfly,fly,anaconda,rat,frog,lion",-3.1697
01JVAF37FPWWXW16QGYYTRXSZW-animals,20,ngram-2,animals,jaguar,leopard,False,True,0,"dog,cat,pig,zebra,horse,snake,spider,dinosaur,hippo,elephant,bear,monkey,dragonfly,fly,anaconda,rat,frog,lion,cheetah",-4.1805
01JVAF37FPWWXW16QGYYTRXSZW-animals,21,ngram-2,animals,mouse,cougar,False,True,0,"dog,cat,pig,zebra,horse,snake,spider,dinosaur,hippo,elephant,bear,monkey,dragonfly,fly,anaconda,rat,frog,lion,cheetah,jaguar",-4.6634
01JVAF37FPWWXW16QGYYTRXSZW-animals,22,ngram-2,animals,rabbit,rat,False,True,0,"dog,cat,pig,zebra,horse,snake,spider,dinosaur,hippo,elephant,bear,monkey,dragonfly,fly,anaconda,rat,frog,lion,cheetah,jaguar,mouse",-3.7317
01JVAF37FPWWXW16QGYYTRXSZW-animals,23,ngram-2,animals,hedgehog,hare,False,True,0,"dog,cat,pig,zebra,horse,snake,spider,dinosaur,hippo,elephant,bear,monkey,dragonfly,fly,anaconda,rat,frog,lion,cheetah,jaguar,mouse,rabbit",-4.0283
01JVAF37FPWWXW16QGYYTRXSZW-animals,24,ngram-2,animals,ladybug,badger,False,True,0,"dog,cat,pig,zebra,horse,snake,spider,dinosaur,hippo,elephant,bear,monkey,dragonfly,fly,anaconda,rat,frog,lion,cheetah,jaguar,mouse,rabbit,hedgehog",-5.0466
01JVAF37FPWWXW16QGYYTRXSZW-animals,25,ngram-2,animals,mouse,aardvark,False,True,0,"dog,cat,pig,zebra,horse,snake,spider,dinosaur,hippo,elephant,bear,monkey,dragonfly,fly,anaconda,rat,frog,lion,cheetah,jaguar,mouse,rabbit,hedgehog,ladybug",-5.7203
01JVAF37FPWWXW16QGYYTRXSZW-animals,26,ngram-2,animals,ostrich,rat,False,True,0,"dog,cat,pig,zebra,horse,snake,spider,dinosaur,hippo,elephant,bear,monkey,dragonfly,fly,anaconda,rat,frog,lion,cheetah,jaguar,mouse,rabbit,hedgehog,ladybug,mouse",-3.7317
01JVAF37FPWWXW16QGYYTRXSZW-animals,27,ngram-2,animals,fish,emu,False,True,0,"dog,cat,pig,zebra,horse,snake,spider,dinosaur,hippo,elephant,bear,monkey,dragonfly,fly,anaconda,rat,frog,lion,cheetah,jaguar,mouse,rabbit,hedgehog,ladybug,mouse,ostrich",-4.6476
01JVAF37FPWWXW16QGYYTRXSZW-animals,28,ngram-2,animals,starfish,shark,False,True,0,"dog,cat,pig,zebra,horse,snake,spider,dinosaur,hippo,elephant,bear,monkey,dragonfly,fly,anaconda,rat,frog,lion,cheetah,jaguar,mouse,rabbit,hedgehog,ladybug,mouse,ostrich,fish",-4.1957
01JVAF37FPWWXW16QGYYTRXSZW-animals,29,ngram-2,animals,shark,clam,False,True,0,"dog,cat,pig,zebra,horse,snake,spider,dinosaur,hippo,elephant,bear,monkey,dragonfly,fly,anaconda,rat,frog,lion,cheetah,jaguar,mouse,rabbit,hedgehog,ladybug,mouse,ostrich,fish,starfish",-5.0434
01JVAF37FPWWXW16QGYYTRXSZW-animals,30,ngram-2,animals,leopard,dolphin,False,True,0,"dog,cat,pig,zebra,horse,snake,spider,dinosaur,hippo,elephant,bear,monkey,dragonfly,fly,anaconda,rat,frog,lion,cheetah,jaguar,mouse,rabbit,hedgehog,ladybug,mouse,ostrich,fish,starfish,shark",-4.3914
01JVAF47534ZSKB4R4YGQR455D-animals,2,ngram-2,animals,cat,eagle,False,True,0,"bird",-4.4067
01JVAF47534ZSKB4R4YGQR455D-animals,3,ngram-2,animals,dog,dog,True,True,0,"bird,cat",-2.8987
01JVAF47534ZSKB4R4YGQR455D-animals,4,ngram-2,animals,horse,cat,False,True,0,"bird,cat,dog",-2.3625
01JVAF47534ZSKB4R4YGQR455D-animals,5,ngram-2,animals,sloth,cow,False,True,0,"bird,cat,dog,horse",-3.7641
01JVAF47534ZSKB4R4YGQR455D-animals,6,ngram-2,animals,capybara,bat,False,True,0,"bird,cat,dog,horse,sloth",-4.6476
01JVAF47534ZSKB4R4YGQR455D-animals,7,ngram-2,animals,llama,jaguar,False,True,0,"bird,cat,dog,horse,sloth,capybara",-5.0370
01JVAF47534ZSKB4R4YGQR455D-animals,8,ngram-2,animals,alpaca,alpaca,True,True,0,"bird,cat,dog,horse,sloth,capybara,llama",-4.3789
01JVAF47534ZSKB4R4YGQR455D-animals,9,ngram-2,animals,rabbit,donkey,False,True,0,"bird,cat,dog,horse,sloth,capybara,llama,alpaca",-5.0466
01JVAF47534ZSKB4R4YGQR455D-animals,10,ngram-2,animals,skunk,hare,False,True,0,"bird,cat,dog,horse,sloth,capybara,llama,alpaca,rabbit",-4.0313
01JVAF47534ZSKB4R4YGQR455D-animals,11,ngram-2,animals,mole,deer,False,True,0,"bird,cat,dog,horse,sloth,capybara,llama,alpaca,rabbit,skunk",-4.6508
01JVAF47534ZSKB4R4YGQR455D-animals,12,ngram-2,animals,aardvark,armadillo,False,True,0,"bird,cat,dog,horse,sloth,capybara,llama,alpaca,rabbit,skunk,mole",-5.0466
01JVAF47534ZSKB4R4YGQR455D-animals,13,ngram-2,animals,anteater,armadillo,False,True,0,"bird,cat,dog,horse,sloth,capybara,llama,alpaca,rabbit,skunk,mole,aardvark",-5.0402
01JVAF47534ZSKB4R4YGQR455D-animals,14,ngram-2,animals,cheetah,armadillo,False,True,0,"bird,cat,dog,horse,sloth,capybara,llama,alpaca,rabbit,skunk,mole,aardvark,anteater",-4.6476
01JVAF47534ZSKB4R4YGQR455D-animals,15,ngram-2,animals,lion,jaguar,False,True,0,"bird,cat,dog,horse,sloth,capybara,llama,alpaca,rabbit,skunk,mole,aardvark,anteater,cheetah",-4.1836
01JVAF47534ZSKB4R4YGQR455D-animals,16,ngram-2,animals,panther,tiger,False,True,0,"bird,cat,dog,horse,sloth,capybara,llama,alpaca,rabbit,skunk,mole,aardvark,anteater,cheetah,lion",-3.1725
01JVAF47534ZSKB4R4YGQR455D-animals,17,ngram-2,animals,tiger,bird,False,True,0,"bird,cat,dog,horse,sloth,capybara,llama,alpaca,rabbit,skunk,mole,aardvark,anteater,cheetah,lion,panther",-5.0499
01JVAF47534ZSKB4R4YGQR455D-animals,18,ngram-2,animals,bobcat,lion,False,True,0,"bird,cat,dog,horse,sloth,capybara,llama,alpaca,rabbit,skunk,mole,aardvark,anteater,cheetah,lion,panther,tiger",-3.1470
01JVAF47534ZSKB4R4YGQR455D-animals,19,ngram-2,animals,cougar,mountainlion,False,True,0,"bird,cat,dog,horse,sloth,capybara,llama,alpaca,rabbit,skunk,mole,aardvark,anteater,cheetah,lion,panther,tiger,bobcat",-5.0370
01JVAF47534ZSKB4R4YGQR455D-animals,20,ngram-2,animals,ferret,bison,False,True,0,"bird,cat,dog,horse,sloth,capybara,llama,alpaca,rabbit,skunk,mole,aardvark,anteater,cheetah,lion,panther,tiger,bobcat,cougar",-5.0434
01JVAF47534ZSKB4R4YGQR455D-animals,21,ngram-2,animals,mouse,baboon,False,True,0,"bird,cat,dog,horse,sloth,capybara,llama,alpaca,rabbit,skunk,mole,aardvark,anteater,cheetah,lion,panther,tiger,bobcat,cougar,ferret",-5.0466
01JVAF47534ZSKB4R4YGQR455D-animals,22,ngram-2,animals,rat,rat,True,True,0,"bird,cat,dog,horse,sloth,capybara,llama,alpaca,rabbit,skunk,mole,aardvark,anteater,cheetah,lion,panther,tiger,bobcat,cougar,ferret,mouse",-3.8712
01JVAF47534ZSKB4R4YGQR455D-animals,23,ngram-2,animals,hippo,mouse,False,True,0,"bird,cat,dog,horse,sloth,capybara,llama,alpaca,rabbit,skunk,mole,aardvark,anteater,cheetah,lion,panther,tiger,bobcat,cougar,ferret,mouse,rat",-3.1091
01JVAF47534ZSKB4R4YGQR455D-animals,24,ngram-2,animals,rhino,elephant,False,True,0,"bird,cat,dog,horse,sloth,capybara,llama,alpaca,rabbit,skunk,mole,aardvark,anteater,cheetah,lion,panther,tiger,bobcat,cougar,ferret,mouse,rat,hippo",-5.0402
01JVAF47534ZSKB4R4YGQR455D-animals,25,ngram-2,animals,giraffe,hippopotamus,False,True,0,"bird,cat,dog,horse,sloth,capybara,llama,alpaca,rabbit,skunk,mole,aardvark,anteater,cheetah,lion,panther,tiger,bobcat,cougar,ferret,mouse,rat,hippo,rhino",-4.3694
01JVAF47534ZSKB4R4YGQR455D-animals,26,ngram-2,animals,coyote,tiger,False,True,0,"bird,cat,dog,horse,sloth,capybara,llama,alpaca,rabbit,skunk,mole,aardvark,anteater,cheetah,lion,panther,tiger,bobcat,cougar,ferret,mouse,rat,hippo,rhino,giraffe",-4.4248
01JVAF47534ZSKB4R4YGQR455D-animals,27,ngram-2,animals,wolf,antelope,False,True,0,"bird,cat,dog,horse,sloth,capybara,llama,alpaca,rabbit,skunk,mole,aardvark,anteater,cheetah,lion,panther,tiger,bobcat,cougar,ferret,mouse,rat,hippo,rhino,giraffe,coyote",-5.0402
01JVAF47534ZSKB4R4YGQR455D-animals,28,ngram-2,animals,fox,coyote,False,True,0,"bird,cat,dog,horse,sloth,capybara,llama,alpaca,rabbit,skunk,mole,aardvark,anteater,cheetah,lion,panther,tiger,bobcat,cougar,ferret,mouse,rat,hippo,rhino,giraffe,coyote,wolf",-4.6821
01JVAF47534ZSKB4R4YGQR455D-animals,29,ngram-2,animals,raccoon,wolf,False,True,0,"bird,cat,dog,horse,sloth,capybara,llama,alpaca,rabbit,skunk,mole,aardvark,anteater,cheetah,lion,panther,tiger,bobcat,cougar,ferret,mouse,rat,hippo,rhino,giraffe,coyote,wolf,fox",-3.8592
01JVAF47534ZSKB4R4YGQR455D-animals,30,ngram-2,animals,possum,deer,False,True,0,"bird,cat,dog,horse,sloth,capybara,llama,alpaca,rabbit,skunk,mole,aardvark,anteater,cheetah,lion,panther,tiger,bobcat,cougar,ferret,mouse,rat,hippo,rhino,giraffe,coyote,wolf,fox,raccoon",-4.6571
01JVAF47534ZSKB4R4YGQR455D-animals,31,ngram-2,animals,cardinal,raccoon,False,True,0,"bird,cat,dog,horse,sloth,capybara,llama,alpaca,rabbit,skunk,mole,aardvark,anteater,cheetah,lion,panther,tiger,bobcat,cougar,ferret,mouse,rat,hippo,rhino,giraffe,coyote,wolf,fox,raccoon,possum",-5.0337
01JVAF47534ZSKB4R4YGQR455D-animals,32,ngram-2,animals,robin,aardvark,False,True,0,"bird,cat,dog,horse,sloth,capybara,llama,alpaca,rabbit,skunk,mole,aardvark,anteater,cheetah,lion,panther,tiger,bobcat,cougar,ferret,mouse,rat,hippo,rhino,giraffe,coyote,wolf,fox,raccoon,possum,cardinal",-5.7236
01JVAF47534ZSKB4R4YGQR455D-animals,33,ngram-2,animals,beaver,blackbird,False,True,0,"bird,cat,dog,horse,sloth,capybara,llama,alpaca,rabbit,skunk,mole,aardvark,anteater,cheetah,lion,panther,tiger,bobcat,cougar,ferret,mouse,rat,hippo,rhino,giraffe,coyote,wolf,fox,raccoon,possum,cardinal,robin",-5.0562
01JVAF47534ZSKB4R4YGQR455D-animals,34,ngram-2,animals,stork,dolphin,False,True,0,"bird,cat,dog,horse,sloth,capybara,llama,alpaca,rabbit,skunk,mole,aardvark,anteater,cheetah,lion,panther,tiger,bobcat,cougar,ferret,mouse,rat,hippo,rhino,giraffe,coyote,wolf,fox,raccoon,possum,cardinal,robin,beaver",-5.0466
01JVAF47534ZSKB4R4YGQR455D-animals,35,ngram-2,animals,hawk,aardvark,False,True,0,"bird,cat,dog,horse,sloth,capybara,llama,alpaca,rabbit,skunk,mole,aardvark,anteater,cheetah,lion,panther,tiger,bobcat,cougar,ferret,mouse,rat,hippo,rhino,giraffe,coyote,wolf,fox,raccoon,possum,cardinal,robin,beaver,stork",-5.7236
01JVAF47534ZSKB4R4YGQR455D-animals,36,ngram-2,animals,eagle,bengaltiger,False,True,0,"bird,cat,dog,horse,sloth,capybara,llama,alpaca,rabbit,skunk,mole,aardvark,anteater,cheetah,lion,panther,tiger,bobcat,cougar,ferret,mouse,rat,hippo,rhino,giraffe,coyote,wolf,fox,raccoon,possum,cardinal,robin,beaver,stork,hawk",-5.0562
01JVAF47534ZSKB4R4YGQR455D-animals,37,ngram-2,animals,lemur,robin,False,True,0,"bird,cat,dog,horse,sloth,capybara,llama,alpaca,rabbit,skunk,mole,aardvark,anteater,cheetah,lion,panther,tiger,bobcat,cougar,ferret,mouse,rat,hippo,rhino,giraffe,coyote,wolf,fox,raccoon,possum,cardinal,robin,beaver,stork,hawk,eagle",-4.3975
01JVAF47534ZSKB4R4YGQR455D-animals,38,ngram-2,animals,monkey,albatross,False,True,0,"bird,cat,dog,horse,sloth,capybara,llama,alpaca,rabbit,skunk,mole,aardvark,anteater,cheetah,lion,panther,tiger,bobcat,cougar,ferret,mouse,rat,hippo,rhino,giraffe,coyote,wolf,fox,raccoon,possum,cardinal,robin,beaver,stork,hawk,eagle,lemur",-5.0499
01JVAF47534ZSKB4R4YGQR455D-animals,39,ngram-2,animals,chimpanzee,gorilla,False,True,0,"bird,cat,dog,horse,sloth,capybara,llama,alpaca,rabbit,skunk,mole,aardvark,anteater,cheetah,lion,panther,tiger,bobcat,cougar,ferret,mouse,rat,hippo,rhino,giraffe,coyote,wolf,fox,raccoon,possum,cardinal,robin,beaver,stork,hawk,eagle,lemur,monkey",-4.0313
01JVAF47534ZSKB4R4YGQR455D-animals,40,ngram-2,animals,orangutan,gorilla,False,True,0,"bird,cat,dog,horse,sloth,capybara,llama,alpaca,rabbit,skunk,mole,aardvark,anteater,cheetah,lion,panther,tiger,bobcat,cougar,ferret,mouse,rat,hippo,rhino,giraffe,coyote,wolf,fox,raccoon,possum,cardinal,robin,beaver,stork,hawk,eagle,lemur,monkey,chimpanzee",-4.3758
01JVAF47534ZSKB4R4YGQR455D-animals,41,ngram-2,animals,zebra,sloth,False,True,0,"bird,cat,dog,horse,sloth,capybara,llama,alpaca,rabbit,skunk,mole,aardvark,anteater,cheetah,lion,panther,tiger,bobcat,cougar,ferret,mouse,rat,hippo,rhino,giraffe,coyote,wolf,fox,raccoon,possum,cardinal,robin,beaver,stork,hawk,eagle,lemur,monkey,chimpanzee,orangutan",-5.0337
01JVAF47534ZSKB4R4YGQR455D-animals,42,ngram-2,animals,hyena,horse,False,True,0,"bird,cat,dog,horse,sloth,capybara,llama,alpaca,rabbit,skunk,mole,aardvark,anteater,cheetah,lion,panther,tiger,bobcat,cougar,ferret,mouse,rat,hippo,rhino,giraffe,coyote,wolf,fox,raccoon,possum,cardinal,robin,beaver,stork,hawk,eagle,lemur,monkey,chimpanzee,orangutan,zebra",-4.1957
01JVAF6ABNHH8Q88CFWYYARSMB-animals,2,ngram-2,animals,cat,cat,True,True,0,"dog",-2.3951
01JVAF6ABNHH8Q88CFWYYARSMB-animals,3,ngram-2,animals,mouse,dog,False,True,0,"dog,cat",-2.8526
01JVAF6ABNHH8Q88CFWYYARSMB-animals,4,ngram-2,animals,guineapig,rat,False,True,0,"dog,cat,mouse",-3.7406
01JVAF6ABNHH8Q88CFWYYARSMB-animals,5,ngram-2,animals,horse,mouse,False,True,0,"dog,cat,mouse,guinea pig",-4.3663
01JVAF6ABNHH8Q88CFWYYARSMB-animals,6,ngram-2,animals,cow,donkey,False,True,0,"dog,cat,mouse,guinea pig,horse",-3.7670
01JVAF6ABNHH8Q88CFWYYARSMB-animals,7,ngram-2,animals,pig,chicken,False,True,0,"dog,cat,mouse,guinea pig,horse,cow",-3.6463
01JVAF6ABNHH8Q88CFWYYARSMB-animals,8,ngram-2,animals,hen,cow,False,True,0,"dog,cat,mouse,guinea pig,horse,cow,pig",-3.7495
01JVAF6ABNHH8Q88CFWYYARSMB-animals,9,ngram-2,animals,chicken,rooster,False,True,0,"dog,cat,mouse,guinea pig,horse,cow,pig,hen",-4.6476
01JVAF6ABNHH8Q88CFWYYARSMB-animals,10,ngram-2,animals,donkey,horse,False,True,0,"dog,cat,mouse,guinea pig,horse,cow,pig,hen,chicken",-4.2017
01JVAF6ABNHH8Q88CFWYYARSMB-animals,11,ngram-2,animals,elephant,horse,False,True,0,"dog,cat,mouse,guinea pig,horse,cow,pig,hen,chicken,donkey",-4.4006
01JVAF6ABNHH8Q88CFWYYARSMB-animals,12,ngram-2,animals,monkey,tiger,False,True,0,"dog,cat,mouse,guinea pig,horse,cow,pig,hen,chicken,donkey,elephant",-3.9092
01JVAF6ABNHH8Q88CFWYYARSMB-animals,13,ngram-2,animals,bird,chimpanzee,False,True,0,"dog,cat,mouse,guinea pig,horse,cow,pig,hen,chicken,donkey,elephant,monkey",-4.0342
01JVAF6ABNHH8Q88CFWYYARSMB-animals,14,ngram-2,animals,hippo,eagle,False,True,0,"dog,cat,mouse,guinea pig,horse,cow,pig,hen,chicken,donkey,elephant,monkey,bird",-4.4098
01JVAF6ABNHH8Q88CFWYYARSMB-animals,15,ngram-2,animals,wolf,elephant,False,True,0,"dog,cat,mouse,guinea pig,horse,cow,pig,hen,chicken,donkey,elephant,monkey,bird,hippo",-5.0434
01JVAF6ABNHH8Q88CFWYYARSMB-animals,16,ngram-2,animals,goat,fox,False,True,0,"dog,cat,mouse,guinea pig,horse,cow,pig,hen,chicken,donkey,elephant,monkey,bird,hippo,wolf",-4.3975
01JVAF6ABNHH8Q88CFWYYARSMB-animals,17,ngram-2,animals,bear,sheep,False,True,0,"dog,cat,mouse,guinea pig,horse,cow,pig,hen,chicken,donkey,elephant,monkey,bird,hippo,wolf,goat",-4.0104
01JVAF6ABNHH8Q88CFWYYARSMB-animals,18,ngram-2,animals,giraffe,lion,False,True,0,"dog,cat,mouse,guinea pig,horse,cow,pig,hen,chicken,donkey,elephant,monkey,bird,hippo,wolf,goat,bear",-4.4338
01JVAF6ABNHH8Q88CFWYYARSMB-animals,19,ngram-2,animals,antelope,tiger,False,True,0,"dog,cat,mouse,guinea pig,horse,cow,pig,hen,chicken,donkey,elephant,monkey,bird,hippo,wolf,goat,bear,giraffe",-4.4278
01JVAF6ABNHH8Q88CFWYYARSMB-animals,20,ngram-2,animals,ferret,alligator,False,True,0,"dog,cat,mouse,guinea pig,horse,cow,pig,hen,chicken,donkey,elephant,monkey,bird,hippo,wolf,goat,bear,giraffe,antelope",-5.0531
01JVAF6ABNHH8Q88CFWYYARSMB-animals,21,ngram-2,animals,rat,baboon,False,True,0,"dog,cat,mouse,guinea pig,horse,cow,pig,hen,chicken,donkey,elephant,monkey,bird,hippo,wolf,goat,bear,giraffe,antelope,ferret",-5.0499
01JVAF6ABNHH8Q88CFWYYARSMB-animals,22,ngram-2,animals,fish,mouse,False,True,0,"dog,cat,mouse,guinea pig,horse,cow,pig,hen,chicken,donkey,elephant,monkey,bird,hippo,wolf,goat,bear,giraffe,antelope,ferret,rat",-3.1120
01JVAF6ABNHH8Q88CFWYYARSMB-animals,23,ngram-2,animals,baboon,shark,False,True,0,"dog,cat,mouse,guinea pig,horse,cow,pig,hen,chicken,donkey,elephant,monkey,bird,hippo,wolf,goat,bear,giraffe,antelope,ferret,rat,fish",-4.2017
01JVAF6ABNHH8Q88CFWYYARSMB-animals,24,ngram-2,animals,skunk,ant,False,True,0,"dog,cat,mouse,guinea pig,horse,cow,pig,hen,chicken,donkey,elephant,monkey,bird,hippo,wolf,goat,bear,giraffe,antelope,ferret,rat,fish,baboon",-5.0499
01JVAF6ABNHH8Q88CFWYYARSMB-animals,25,ngram-2,animals,deer,mole,False,True,0,"dog,cat,mouse,guinea pig,horse,cow,pig,hen,chicken,donkey,elephant,monkey,bird,hippo,wolf,goat,bear,giraffe,antelope,ferret,rat,fish,baboon,skunk",-4.6540
01JVAF6ABNHH8Q88CFWYYARSMB-animals,26,ngram-2,animals,stag,moose,False,True,0,"dog,cat,mouse,guinea pig,horse,cow,pig,hen,chicken,donkey,elephant,monkey,bird,hippo,wolf,goat,bear,giraffe,antelope,ferret,rat,fish,baboon,skunk,deer",-4.4128
01JVAF6ABNHH8Q88CFWYYARSMB-animals,27,ngram-2,animals,leopard,aardvark,False,True,0,"dog,cat,mouse,guinea pig,horse,cow,pig,hen,chicken,donkey,elephant,monkey,bird,hippo,wolf,goat,bear,giraffe,antelope,ferret,rat,fish,baboon,skunk,deer,stag",-5.7268
01JVAF6ABNHH8Q88CFWYYARSMB-animals,28,ngram-2,animals,lion,antelope,False,True,0,"dog,cat,mouse,guinea pig,horse,cow,pig,hen,chicken,donkey,elephant,monkey,bird,hippo,wolf,goat,bear,giraffe,antelope,ferret,rat,fish,baboon,skunk,deer,stag,leopard",-4.6974
01JVAF6ABNHH8Q88CFWYYARSMB-animals,29,ngram-2,animals,cheetah,tiger,False,True,0,"dog,cat,mouse,guinea pig,horse,cow,pig,hen,chicken,donkey,elephant,monkey,bird,hippo,wolf,goat,bear,giraffe,antelope,ferret,rat,fish,baboon,skunk,deer,stag,leopard,lion",-3.1753
01JVAF6ABNHH8Q88CFWYYARSMB-animals,30,ngram-2,animals,snake,jaguar,False,True,0,"dog,cat,mouse,guinea pig,horse,cow,pig,hen,chicken,donkey,elephant,monkey,bird,hippo,wolf,goat,bear,giraffe,antelope,ferret,rat,fish,baboon,skunk,deer,stag,leopard,lion,cheetah",-4.1866
01JVAF6ABNHH8Q88CFWYYARSMB-animals,31,ngram-2,animals,badger,lizard,False,True,0,"dog,cat,mouse,guinea pig,horse,cow,pig,hen,chicken,donkey,elephant,monkey,bird,hippo,wolf,goat,bear,giraffe,antelope,ferret,rat,fish,baboon,skunk,deer,stag,leopard,lion,cheetah,snake",-4.0194
01JVAF6ABNHH8Q88CFWYYARSMB-animals,32,ngram-2,animals,mole,mouse,False,True,0,"dog,cat,mouse,guinea pig,horse,cow,pig,hen,chicken,donkey,elephant,monkey,bird,hippo,wolf,goat,bear,giraffe,antelope,ferret,rat,fish,baboon,skunk,deer,stag,leopard,lion,cheetah,snake,badger",-4.6540
01JVAF6ABNHH8Q88CFWYYARSMB-animals,33,ngram-2,animals,hamster,aardvark,False,True,0,"dog,cat,mouse,guinea pig,horse,cow,pig,hen,chicken,donkey,elephant,monkey,bird,hippo,wolf,goat,bear,giraffe,antelope,ferret,rat,fish,baboon,skunk,deer,stag,leopard,lion,cheetah,snake,badger,mole",-5.0499
01JVAF6ABNHH8Q88CFWYYARSMB-animals,34,ngram-2,animals,sealion,rat,False,True,0,"dog,cat,mouse,guinea pig,horse,cow,pig,hen,chicken,donkey,elephant,monkey,bird,hippo,wolf,goat,bear,giraffe,antelope,ferret,rat,fish,baboon,skunk,deer,stag,leopard,lion,cheetah,snake,badger,mole,hamster",-4.3851
01JVAF6ABNHH8Q88CFWYYARSMB-animals,35,ngram-2,animals,vole,seal,False,True,0,"dog,cat,mouse,guinea pig,horse,cow,pig,hen,chicken,donkey,elephant,monkey,bird,hippo,wolf,goat,bear,giraffe,antelope,ferret,rat,fish,baboon,skunk,deer,stag,leopard,lion,cheetah,snake,badger,mole,hamster,sea lion",-5.0370
01JVAF6ABNHH8Q88CFWYYARSMB-animals,36,ngram-2,animals,fox,shrew,False,True,0,"dog,cat,mouse,guinea pig,horse,cow,pig,hen,chicken,donkey,elephant,monkey,bird,hippo,wolf,goat,bear,giraffe,antelope,ferret,rat,fish,baboon,skunk,deer,stag,leopard,lion,cheetah,snake,badger,mole,hamster,sea lion,vole",-4.6444
01JVAF6ABNHH8Q88CFWYYARSMB-animals,37,ngram-2,animals,rooster,wolf,False,True,0,"dog,cat,mouse,guinea pig,horse,cow,pig,hen,chicken,donkey,elephant,monkey,bird,hippo,wolf,goat,bear,giraffe,antelope,ferret,rat,fish,baboon,skunk,deer,stag,leopard,lion,cheetah,snake,badger,mole,hamster,sea lion,vole,fox",-3.8622
01JVAF6ABNHH8Q88CFWYYARSMB-animals,38,ngram-2,animals,gibbon,bull,False,True,0,"dog,cat,mouse,guinea pig,horse,cow,pig,hen,chicken,donkey,elephant,monkey,bird,hippo,wolf,goat,bear,giraffe,antelope,ferret,rat,fish,baboon,skunk,deer,stag,leopard,lion,cheetah,snake,badger,mole,hamster,sea lion,vole,fox,rooster",-5.0562
01JVAFF3XGFSGVZD12B5D63FYV-animals,2,ngram-2,animals,cat,cat,True,True,0,"dog",-2.3951
01JVAFF3XGFSGVZD12B5D63FYV-animals,3,ngram-2,animals,mouse,dog,False,True,0,"dog,cat",-2.8526
01JVAFF3XGFSGVZD12B5D63FYV-animals,4,ngram-2,animals,bird,rat,False,True,0,"dog,cat,mouse",-3.7406
01JVAFF3XGFSGVZD12B5D63FYV-animals,5,ngram-2,animals,tiger,eagle,False,True,0,"dog,cat,mouse,bird",-4.4098
01JVAFF3XGFSGVZD12B5D63FYV-animals,6,ngram-2,animals,lion,lion,True,True,0,"dog,cat,mouse,bird,tiger",-3.2189
01JVAFF3XGFSGVZD12B5D63FYV-animals,7,ngram-2,animals,elephant,tiger,False,True,0,"dog,cat,mouse,bird,tiger,lion",-3.1753
01JVAFF3XGFSGVZD12B5D63FYV-animals,8,ngram-2,animals,deer,tiger,False,True,0,"dog,cat,mouse,bird,tiger,lion,elephant",-3.9092
01JVAFF3XGFSGVZD12B5D63FYV-animals,9,ngram-2,animals,horse,moose,False,True,0,"dog,cat,mouse,bird,tiger,lion,elephant,deer",-4.4128
01JVAFF3XGFSGVZD12B5D63FYV-animals,10,ngram-2,animals,pony,cow,False,True,0,"dog,cat,mouse,bird,tiger,lion,elephant,deer,horse",-3.7670
01JVAFF3XGFSGVZD12B5D63FYV-animals,11,ngram-2,animals,sparrow,cat,False,True,0,"dog,cat,mouse,bird,tiger,lion,elephant,deer,horse,pony",-5.0499
01JVAFF3XGFSGVZD12B5D63FYV-animals,12,ngram-2,animals,bluetit,eagle,False,True,0,"dog,cat,mouse,bird,tiger,lion,elephant,deer,horse,pony,sparrow",-4.6476
01JVAFF3XGFSGVZD12B5D63FYV-animals,13,ngram-2,animals,snake,chaffinch,False,True,0,"dog,cat,mouse,bird,tiger,lion,elephant,deer,horse,pony,sparrow,blue tit",-5.0370
01JVAFF3XGFSGVZD12B5D63FYV-animals,14,ngram-2,animals,worm,lizard,False,True,0,"dog,cat,mouse,bird,tiger,lion,elephant,deer,horse,pony,sparrow,blue tit,snake",-4.0194
01JVAFF3XGFSGVZD12B5D63FYV-animals,15,ngram-2,animals,ant,ant,True,True,0,"dog,cat,mouse,bird,tiger,lion,elephant,deer,horse,pony,sparrow,blue tit,snake,worm",-5.0531
01JVAFF3XGFSGVZD12B5D63FYV-animals,16,ngram-2,animals,butterfly,bee,False,True,0,"dog,cat,mouse,bird,tiger,lion,elephant,deer,horse,pony,sparrow,blue tit,snake,worm,ant",-4.1866
01JVAFF3XGFSGVZD12B5D63FYV-animals,17,ngram-2,animals,dragonfly,moth,False,True,0,"dog,cat,mouse,bird,tiger,lion,elephant,deer,horse,pony,sparrow,blue tit,snake,worm,ant,butterfly",-4.6603
01JVAFF3XGFSGVZD12B5D63FYV-animals,18,ngram-2,animals,beetle,fly,False,True,0,"dog,cat,mouse,bird,tiger,lion,elephant,deer,horse,pony,sparrow,blue tit,snake,worm,ant,butterfly,dragonfly",-5.0466
01JVAFF3XGFSGVZD12B5D63FYV-animals,19,ngram-2,animals,earwig,butterfly,False,True,0,"dog,cat,mouse,bird,tiger,lion,elephant,deer,horse,pony,sparrow,blue tit,snake,worm,ant,butterfly,dragonfly,beetle",-5.0466
01JVAFF3XGFSGVZD12B5D63FYV-animals,20,ngram-2,animals,slug,aardvark,False,True,0,"dog,cat,mouse,bird,tiger,lion,elephant,deer,horse,pony,sparrow,blue tit,snake,worm,ant,butterfly,dragonfly,beetle,earwig",-5.7268
01JVAFF3XGFSGVZD12B5D63FYV-animals,21,ngram-2,animals,snail,woodlouse,False,True,0,"dog,cat,mouse,bird,tiger,lion,elephant,deer,horse,pony,sparrow,blue tit,snake,worm,ant,butterfly,dragonfly,beetle,earwig,slug",-5.0370
01JVAFF3XGFSGVZD12B5D63FYV-animals,22,ngram-2,animals,jellyfish,slug,False,True,0,"dog,cat,mouse,bird,tiger,lion,elephant,deer,horse,pony,sparrow,blue tit,snake,worm,ant,butterfly,dragonfly,beetle,earwig,slug,snail",-5.0402
01JVAFF3XGFSGVZD12B5D63FYV-animals,23,ngram-2,animals,octopus,crab,False,True,0,"dog,cat,mouse,bird,tiger,lion,elephant,deer,horse,pony,sparrow,blue tit,snake,worm,ant,butterfly,dragonfly,beetle,earwig,slug,snail,jellyfish",-5.0466
01JVAFF3XGFSGVZD12B5D63FYV-animals,24,ngram-2,animals,squid,cuttlefish,False,True,0,"dog,cat,mouse,bird,tiger,lion,elephant,deer,horse,pony,sparrow,blue tit,snake,worm,ant,butterfly,dragonfly,beetle,earwig,slug,snail,jellyfish,octopus",-5.0594
01JVAFF3XGFSGVZD12B5D63FYV-animals,25,ngram-2,animals,whale,octopus,False,True,0,"dog,cat,mouse,bird,tiger,lion,elephant,deer,horse,pony,sparrow,blue tit,snake,worm,ant,butterfly,dragonfly,beetle,earwig,slug,snail,jellyfish,octopus,squid",-5.0402
01JVAFF3XGFSGVZD12B5D63FYV-animals,26,ngram-2,animals,shark,dolphin,False,True,0,"dog,cat,mouse,bird,tiger,lion,elephant,deer,horse,pony,sparrow,blue tit,snake,worm,ant,butterfly,dragonfly,beetle,earwig,slug,snail,jellyfish,octopus,squid,whale",-4.1866
01JVAFF3XGFSGVZD12B5D63FYV-animals,27,ngram-2,animals,fish,dolphin,False,True,0,"dog,cat,mouse,bird,tiger,lion,elephant,deer,horse,pony,sparrow,blue tit,snake,worm,ant,butterfly,dragonfly,beetle,earwig,slug,snail,jellyfish,octopus,squid,whale,shark",-4.3975
01JVAFF3XGFSGVZD12B5D63FYV-animals,28,ngram-2,animals,clownfish,shark,False,True,0,"dog,cat,mouse,bird,tiger,lion,elephant,deer,horse,pony,sparrow,blue tit,snake,worm,ant,butterfly,dragonfly,beetle,earwig,slug,snail,jellyfish,octopus,squid,whale,shark,fish",-4.2017
01JVAFF3XGFSGVZD12B5D63FYV-animals,29,ngram-2,animals,hawk,moose,False,True,0,"dog,cat,mouse,bird,tiger,lion,elephant,deer,horse,pony,sparrow,blue tit,snake,worm,ant,butterfly,dragonfly,beetle,earwig,slug,snail,jellyfish,octopus,squid,whale,shark,fish,clownfish",-5.0370
01JVAFF3XGFSGVZD12B5D63FYV-animals,30,ngram-2,animals,giraffe,eagle,False,True,0,"dog,cat,mouse,bird,tiger,lion,elephant,deer,horse,pony,sparrow,blue tit,snake,worm,ant,butterfly,dragonfly,beetle,earwig,slug,snail,jellyfish,octopus,squid,whale,shark,fish,clownfish,hawk",-4.6540
01JVAFF3XGFSGVZD12B5D63FYV-animals,31,ngram-2,animals,sheep,tiger,False,True,0,"dog,cat,mouse,bird,tiger,lion,elephant,deer,horse,pony,sparrow,blue tit,snake,worm,ant,butterfly,dragonfly,beetle,earwig,slug,snail,jellyfish,octopus,squid,whale,shark,fish,clownfish,hawk,giraffe",-4.4278
01JVAFF3XGFSGVZD12B5D63FYV-animals,32,ngram-2,animals,cow,cow,True,True,0,"dog,cat,mouse,bird,tiger,lion,elephant,deer,horse,pony,sparrow,blue tit,snake,worm,ant,butterfly,dragonfly,beetle,earwig,slug,snail,jellyfish,octopus,squid,whale,shark,fish,clownfish,hawk,giraffe,sheep",-3.8652
01JVAFF3XGFSGVZD12B5D63FYV-animals,33,ngram-2,animals,anteater,chicken,False,True,0,"dog,cat,mouse,bird,tiger,lion,elephant,deer,horse,pony,sparrow,blue tit,snake,worm,ant,butterfly,dragonfly,beetle,earwig,slug,snail,jellyfish,octopus,squid,whale,shark,fish,clownfish,hawk,giraffe,sheep,cow",-3.6463
01JVAFF3XGFSGVZD12B5D63FYV-animals,34,ngram-2,animals,owl,armadillo,False,True,0,"dog,cat,mouse,bird,tiger,lion,elephant,deer,horse,pony,sparrow,blue tit,snake,worm,ant,butterfly,dragonfly,beetle,earwig,slug,snail,jellyfish,octopus,squid,whale,shark,fish,clownfish,hawk,giraffe,sheep,cow,anteater",-4.6508
01JVAFF3XGFSGVZD12B5D63FYV-animals,35,ngram-2,animals,spider,bat,False,True,0,"dog,cat,mouse,bird,tiger,lion,elephant,deer,horse,pony,sparrow,blue tit,snake,worm,ant,butterfly,dragonfly,beetle,earwig,slug,snail,jellyfish,octopus,squid,whale,shark,fish,clownfish,hawk,giraffe,sheep,cow,anteater,owl",-5.0562
01JVAFF3XGFSGVZD12B5D63FYV-animals,36,ngram-2,animals,wasp,ant,False,True,0,"dog,cat,mouse,bird,tiger,lion,elephant,deer,horse,pony,sparrow,blue tit,snake,worm,ant,butterfly,dragonfly,beetle,earwig,slug,snail,jellyfish,octopus,squid,whale,shark,fish,clownfish,hawk,giraffe,sheep,cow,anteater,owl,spider",-5.0814
01JVAFF3XGFSGVZD12B5D63FYV-animals,37,ngram-2,animals,bee,fly,False,True,0,"dog,cat,mouse,bird,tiger,lion,elephant,deer,horse,pony,sparrow,blue tit,snake,worm,ant,butterfly,dragonfly,beetle,earwig,slug,snail,jellyfish,octopus,squid,whale,shark,fish,clownfish,hawk,giraffe,sheep,cow,anteater,owl,spider,wasp",-4.6412
01JVAFF3XGFSGVZD12B5D63FYV-animals,38,ngram-2,animals,fly,wasp,False,True,0,"dog,cat,mouse,bird,tiger,lion,elephant,deer,horse,pony,sparrow,blue tit,snake,worm,ant,butterfly,dragonfly,beetle,earwig,slug,snail,jellyfish,octopus,squid,whale,shark,fish,clownfish,hawk,giraffe,sheep,cow,anteater,owl,spider,wasp,bee",-4.6634
01JVAFF3XGFSGVZD12B5D63FYV-animals,39,ngram-2,animals,rat,ant,False,True,0,"dog,cat,mouse,bird,tiger,lion,elephant,deer,horse,pony,sparrow,blue tit,snake,worm,ant,butterfly,dragonfly,beetle,earwig,slug,snail,jellyfish,octopus,squid,whale,shark,fish,clownfish,hawk,giraffe,sheep,cow,anteater,owl,spider,wasp,bee,fly",-4.6571
01JVAFH4VCP5QR45HT7J409A79-animals,2,ngram-2,animals,dog,dog,True,True,0,"cat",-2.8959
01JVAFH4VCP5QR45HT7J409A79-animals,3,ngram-2,animals,lamb,cat,False,True,0,"cat,dog",-2.3597
01JVAFH4VCP5QR45HT7J409A79-animals,4,ngram-2,animals,tiger,goat,False,True,0,"cat,dog,lamb",-4.6571
01JVAFH4VCP5QR45HT7J409A79-animals,5,ngram-2,animals,lion,lion,True,True,0,"cat,dog,lamb,tiger",-3.2131
01JVAFH4VCP5QR45HT7J409A79-animals,6,ngram-2,animals,bear,tiger,False,True,0,"cat,dog,lamb,tiger,lion",-3.1697
01JVAFH4VCP5QR45HT7J409A79-animals,7,ngram-2,animals,goat,lion,False,True,0,"cat,dog,lamb,tiger,lion,bear",-4.4278
01JVAFH4VCP5QR45HT7J409A79-animals,8,ngram-2,animals,sheep,sheep,True,True,0,"cat,dog,lamb,tiger,lion,bear,goat",-4.1866
01JVAFH4VCP5QR45HT7J409A79-animals,9,ngram-2,animals,bird,cow,False,True,0,"cat,dog,lamb,tiger,lion,bear,goat,sheep",-3.7257
01JVAFH4VCP5QR45HT7J409A79-animals,10,ngram-2,animals,lizard,eagle,False,True,0,"cat,dog,lamb,tiger,lion,bear,goat,sheep,bird",-4.4037
01JVAFH4VCP5QR45HT7J409A79-animals,11,ngram-2,animals,iguana,gecko,False,True,0,"cat,dog,lamb,tiger,lion,bear,goat,sheep,bird,lizard",-4.3851
01JVAFH4VCP5QR45HT7J409A79-animals,12,ngram-2,animals,goose,chameleon,False,True,0,"cat,dog,lamb,tiger,lion,bear,goat,sheep,bird,lizard,iguana",-5.0337
01JVAFH4VCP5QR45HT7J409A79-animals,13,ngram-2,animals,leopard,bandicoot,False,True,0,"cat,dog,lamb,tiger,lion,bear,goat,sheep,bird,lizard,iguana,goose",-5.0466
01JVAFH4VCP5QR45HT7J409A79-animals,14,ngram-2,animals,fly,antelope,False,True,0,"cat,dog,lamb,tiger,lion,bear,goat,sheep,bird,lizard,iguana,goose,leopard",-4.6913
01JVAFH4VCP5QR45HT7J409A79-animals,15,ngram-2,animals,ant,bee,False,True,0,"cat,dog,lamb,tiger,lion,bear,goat,sheep,bird,lizard,iguana,goose,leopard,fly",-4.6508
01JVAFH4VCP5QR45HT7J409A79-animals,16,ngram-2,animals,spider,bee,False,True,0,"cat,dog,lamb,tiger,lion,bear,goat,sheep,bird,lizard,iguana,goose,leopard,fly,ant",-4.1805
01JVAFH4VCP5QR45HT7J409A79-animals,17,ngram-2,animals,squirrel,ant,False,True,0,"cat,dog,lamb,tiger,lion,bear,goat,sheep,bird,lizard,iguana,goose,leopard,fly,ant,spider",-5.0752
01JVAFH4VCP5QR45HT7J409A79-animals,18,ngram-2,animals,fox,beaver,False,True,0,"cat,dog,lamb,tiger,lion,bear,goat,sheep,bird,lizard,iguana,goose,leopard,fly,ant,spider,squirrel",-5.0658
01JVAFH4VCP5QR45HT7J409A79-animals,19,ngram-2,animals,skunk,wolf,False,True,0,"cat,dog,lamb,tiger,lion,bear,goat,sheep,bird,lizard,iguana,goose,leopard,fly,ant,spider,squirrel,fox",-3.8562
01JVAFH4VCP5QR45HT7J409A79-animals,20,ngram-2,animals,horse,deer,False,True,0,"cat,dog,lamb,tiger,lion,bear,goat,sheep,bird,lizard,iguana,goose,leopard,fly,ant,spider,squirrel,fox,skunk",-4.6476
01JVAFH4VCP5QR45HT7J409A79-animals,21,ngram-2,animals,cow,donkey,False,True,0,"cat,dog,lamb,tiger,lion,bear,goat,sheep,bird,lizard,iguana,goose,leopard,fly,ant,spider,squirrel,fox,skunk,horse",-3.7612
01JVAFH4VCP5QR45HT7J409A79-animals,22,ngram-2,animals,chicken,chicken,True,True,0,"cat,dog,lamb,tiger,lion,bear,goat,sheep,bird,lizard,iguana,goose,leopard,fly,ant,spider,squirrel,fox,skunk,horse,cow",-3.7583
01JVAFH4VCP5QR45HT7J409A79-animals,23,ngram-2,animals,rooster,horse,False,True,0,"cat,dog,lamb,tiger,lion,bear,goat,sheep,bird,lizard,iguana,goose,leopard,fly,ant,spider,squirrel,fox,skunk,horse,cow,chicken",-4.1957
01JVAFH4VCP5QR45HT7J409A79-animals,24,ngram-2,animals,bull,cockerel,False,True,0,"cat,dog,lamb,tiger,lion,bear,goat,sheep,bird,lizard,iguana,goose,leopard,fly,ant,spider,squirrel,fox,skunk,horse,cow,chicken,rooster",-5.0499
01JVAFH4VCP5QR45HT7J409A79-animals,25,ngram-2,animals,veal,cow,False,True,0,"cat,dog,lamb,tiger,lion,bear,goat,sheep,bird,lizard,iguana,goose,leopard,fly,ant,spider,squirrel,fox,skunk,horse,cow,chicken,rooster,bull",-5.0434
01JVAFH4VCP5QR45HT7J409A79-animals,26,ngram-2,animals,panda,aardvark,False,True,0,"cat,dog,lamb,tiger,lion,bear,goat,sheep,bird,lizard,iguana,goose,leopard,fly,ant,spider,squirrel,fox,skunk,horse,cow,chicken,rooster,bull,veal",-5.7203
01JVAFH4VCP5QR45HT7J409A79-animals,27,ngram-2,animals,brownbear,bear,False,True,0,"cat,dog,lamb,tiger,lion,bear,goat,sheep,bird,lizard,iguana,goose,leopard,fly,ant,spider,squirrel,fox,skunk,horse,cow,chicken,rooster,bull,veal,panda",-4.3975
01JVAFH4VCP5QR45HT7J409A79-animals,28,ngram-2,animals,polarbear,grizzlybear,False,True,0,"cat,dog,lamb,tiger,lion,bear,goat,sheep,bird,lizard,iguana,goose,leopard,fly,ant,spider,squirrel,fox,skunk,horse,cow,chicken,rooster,bull,veal,panda,brown bear",-5.0337
01JVAFH4VCP5QR45HT7J409A79-animals,29,ngram-2,animals,blackbear,grizzlybear,False,True,0,"cat,dog,lamb,tiger,lion,bear,goat,sheep,bird,lizard,iguana,goose,leopard,fly,ant,spider,squirrel,fox,skunk,horse,cow,chicken,rooster,bull,veal,panda,brown bear,polar bear",-4.6634
01JVAFH4VCP5QR45HT7J409A79-animals,30,ngram-2,animals,grizzlybear,brownbear,False,True,0,"cat,dog,lamb,tiger,lion,bear,goat,sheep,bird,lizard,iguana,goose,leopard,fly,ant,spider,squirrel,fox,skunk,horse,cow,chicken,rooster,bull,veal,panda,brown bear,polar bear,black bear",-4.6315
01JVAFH4VCP5QR45HT7J409A79-animals,31,ngram-2,animals,human,elephant,False,True,0,"cat,dog,lamb,tiger,lion,bear,goat,sheep,bird,lizard,iguana,goose,leopard,fly,ant,spider,squirrel,fox,skunk,horse,cow,chicken,rooster,bull,veal,panda,brown bear,polar bear,black bear,grizzly bear",-5.0434
01JVAFH4VCP5QR45HT7J409A79-animals,32,ngram-2,animals,ostrich,caterpillar,False,True,0,"cat,dog,lamb,tiger,lion,bear,goat,sheep,bird,lizard,iguana,goose,leopard,fly,ant,spider,squirrel,fox,skunk,horse,cow,chicken,rooster,bull,veal,panda,brown bear,polar bear,black bear,grizzly bear,human",-5.0337
01JVAFH4VCP5QR45HT7J409A79-animals,33,ngram-2,animals,koala,emu,False,True,0,"cat,dog,lamb,tiger,lion,bear,goat,sheep,bird,lizard,iguana,goose,leopard,fly,ant,spider,squirrel,fox,skunk,horse,cow,chicken,rooster,bull,veal,panda,brown bear,polar bear,black bear,grizzly bear,human,ostrich",-4.6476
01JVAFH4VCP5QR45HT7J409A79-animals,34,ngram-2,animals,worm,panda,False,True,0,"cat,dog,lamb,tiger,lion,bear,goat,sheep,bird,lizard,iguana,goose,leopard,fly,ant,spider,squirrel,fox,skunk,horse,cow,chicken,rooster,bull,veal,panda,brown bear,polar bear,black bear,grizzly bear,human,ostrich,koala",-4.6634
01JVAFH4VCP5QR45HT7J409A79-animals,35,ngram-2,animals,squid,ant,False,True,0,"cat,dog,lamb,tiger,lion,bear,goat,sheep,bird,lizard,iguana,goose,leopard,fly,ant,spider,squirrel,fox,skunk,horse,cow,chicken,rooster,bull,veal,panda,brown bear,polar bear,black bear,grizzly bear,human,ostrich,koala,worm",-4.6412
01JVAFH4VCP5QR45HT7J409A79-animals,36,ngram-2,animals,salmon,octopus,False,True,0,"cat,dog,lamb,tiger,lion,bear,goat,sheep,bird,lizard,iguana,goose,leopard,fly,ant,spider,squirrel,fox,skunk,horse,cow,chicken,rooster,bull,veal,panda,brown bear,polar bear,black bear,grizzly bear,human,ostrich,koala,worm,squid",-5.0337
01JVAFH4VCP5QR45HT7J409A79-animals,37,ngram-2,animals,tuna,catfish,False,True,0,"cat,dog,lamb,tiger,lion,bear,goat,sheep,bird,lizard,iguana,goose,leopard,fly,ant,spider,squirrel,fox,skunk,horse,cow,chicken,rooster,bull,veal,panda,brown bear,polar bear,black bear,grizzly bear,human,ostrich,koala,worm,squid,salmon",-5.0466
01JVAFH4VCP5QR45HT7J409A79-animals,38,ngram-2,animals,fish,alligator,False,True,0,"cat,dog,lamb,tiger,lion,bear,goat,sheep,bird,lizard,iguana,goose,leopard,fly,ant,spider,squirrel,fox,skunk,horse,cow,chicken,rooster,bull,veal,panda,brown bear,polar bear,black bear,grizzly bear,human,ostrich,koala,worm,squid,salmon,tuna",-5.0402
01JVAFH4VCP5QR45HT7J409A79-animals,39,ngram-2,animals,porcupine,shark,False,True,0,"cat,dog,lamb,tiger,lion,bear,goat,sheep,bird,lizard,iguana,goose,leopard,fly,ant,spider,squirrel,fox,skunk,horse,cow,chicken,rooster,bull,veal,panda,brown bear,polar bear,black bear,grizzly bear,human,ostrich,koala,worm,squid,salmon,tuna,fish",-4.1957
01JVAFH4VCP5QR45HT7J409A79-animals,40,ngram-2,animals,llama,ant,False,True,0,"cat,dog,lamb,tiger,lion,bear,goat,sheep,bird,lizard,iguana,goose,leopard,fly,ant,spider,squirrel,fox,skunk,horse,cow,chicken,rooster,bull,veal,panda,brown bear,polar bear,black bear,grizzly bear,human,ostrich,koala,worm,squid,salmon,tuna,fish,porcupine",-5.0466
01JVAFH4VCP5QR45HT7J409A79-animals,41,ngram-2,animals,butterfly,alpaca,False,True,0,"cat,dog,lamb,tiger,lion,bear,goat,sheep,bird,lizard,iguana,goose,leopard,fly,ant,spider,squirrel,fox,skunk,horse,cow,chicken,rooster,bull,veal,panda,brown bear,polar bear,black bear,grizzly bear,human,ostrich,koala,worm,squid,salmon,tuna,fish,porcupine,llama",-4.1526
01JVAFH4VCP5QR45HT7J409A79-animals,42,ngram-2,animals,maggot,moth,False,True,0,"cat,dog,lamb,tiger,lion,bear,goat,sheep,bird,lizard,iguana,goose,leopard,fly,ant,spider,squirrel,fox,skunk,horse,cow,chicken,rooster,bull,veal,panda,brown bear,polar bear,black bear,grizzly bear,human,ostrich,koala,worm,squid,salmon,tuna,fish,porcupine,llama,butterfly",-4.6540
01JVAFH4VCP5QR45HT7J409A79-animals,43,ngram-2,animals,pig,aardvark,False,True,0,"cat,dog,lamb,tiger,lion,bear,goat,sheep,bird,lizard,iguana,goose,leopard,fly,ant,spider,squirrel,fox,skunk,horse,cow,chicken,rooster,bull,veal,panda,brown bear,polar bear,black bear,grizzly bear,human,ostrich,koala,worm,squid,salmon,tuna,fish,porcupine,llama,butterfly,maggot",-5.7203
01JVAFH4VCP5QR45HT7J409A79-animals,44,ngram-2,animals,sparrow,cow,False,True,0,"cat,dog,lamb,tiger,lion,bear,goat,sheep,bird,lizard,iguana,goose,leopard,fly,ant,spider,squirrel,fox,skunk,horse,cow,chicken,rooster,bull,veal,panda,brown bear,polar bear,black bear,grizzly bear,human,ostrich,koala,worm,squid,salmon,tuna,fish,porcupine,llama,butterfly,maggot,pig",-3.7436
01JVAFH4VCP5QR45HT7J409A79-animals,45,ngram-2,animals,bluejay,eagle,False,True,0,"cat,dog,lamb,tiger,lion,bear,goat,sheep,bird,lizard,iguana,goose,leopard,fly,ant,spider,squirrel,fox,skunk,horse,cow,chicken,rooster,bull,veal,panda,brown bear,polar bear,black bear,grizzly bear,human,ostrich,koala,worm,squid,salmon,tuna,fish,porcupine,llama,butterfly,maggot,pig,sparrow",-4.6412
01JVAFH4VCP5QR45HT7J409A79-animals,46,ngram-2,animals,alligator,fish,False,True,0,"cat,dog,lamb,tiger,lion,bear,goat,sheep,bird,lizard,iguana,goose,leopard,fly,ant,spider,squirrel,fox,skunk,horse,cow,chicken,rooster,bull,veal,panda,brown bear,polar bear,black bear,grizzly bear,human,ostrich,koala,worm,squid,salmon,tuna,fish,porcupine,llama,butterfly,maggot,pig,sparrow,blue jay",-5.0304
01JVAFH4VCP5QR45HT7J409A79-animals,47,ngram-2,animals,crocodile,crocodile,True,True,0,"cat,dog,lamb,tiger,lion,bear,goat,sheep,bird,lizard,iguana,goose,leopard,fly,ant,spider,squirrel,fox,skunk,horse,cow,chicken,rooster,bull,veal,panda,brown bear,polar bear,black bear,grizzly bear,human,ostrich,koala,worm,squid,salmon,tuna,fish,porcupine,llama,butterfly,maggot,pig,sparrow,blue jay,alligator",-3.6795
01JVAFH4VCP5QR45HT7J409A79-animals,48,ngram-2,animals,otter,alligator,False,True,0,"cat,dog,lamb,tiger,lion,bear,goat,sheep,bird,lizard,iguana,goose,leopard,fly,ant,spider,squirrel,fox,skunk,horse,cow,chicken,rooster,bull,veal,panda,brown bear,polar bear,black bear,grizzly bear,human,ostrich,koala,worm,squid,salmon,tuna,fish,porcupine,llama,butterfly,maggot,pig,sparrow,blue jay,alligator,crocodile",-4.6728
01JVAFH4VCP5QR45HT7J409A79-animals,49,ngram-2,animals,seaurchin,badger,False,True,0,"cat,dog,lamb,tiger,lion,bear,goat,sheep,bird,lizard,iguana,goose,leopard,fly,ant,spider,squirrel,fox,skunk,horse,cow,chicken,rooster,bull,veal,panda,brown bear,polar bear,black bear,grizzly bear,human,ostrich,koala,worm,squid,salmon,tuna,fish,porcupine,llama,butterfly,maggot,pig,sparrow,blue jay,alligator,crocodile,otter",-5.0466
01JVAFH4VCP5QR45HT7J409A79-animals,50,ngram-2,animals,horsefly,aardvark,False,True,0,"cat,dog,lamb,tiger,lion,bear,goat,sheep,bird,lizard,iguana,goose,leopard,fly,ant,spider,squirrel,fox,skunk,horse,cow,chicken,rooster,bull,veal,panda,brown bear,polar bear,black bear,grizzly bear,human,ostrich,koala,worm,squid,salmon,tuna,fish,porcupine,llama,butterfly,maggot,pig,sparrow,blue jay,alligator,crocodile,otter,sea urchin",-5.7203
01JVAFH4VCP5QR45HT7J409A79-animals,51,ngram-2,animals,monkey,aardvark,False,True,0,"cat,dog,lamb,tiger,lion,bear,goat,sheep,bird,lizard,iguana,goose,leopard,fly,ant,spider,squirrel,fox,skunk,horse,cow,chicken,rooster,bull,veal,panda,brown bear,polar bear,black bear,grizzly bear,human,ostrich,koala,worm,squid,salmon,tuna,fish,porcupine,llama,butterfly,maggot,pig,sparrow,blue jay,alligator,crocodile,otter,sea urchin,horsefly",-5.7203
01JVAFH4VCP5QR45HT7J409A79-animals,52,ngram-2,animals,chimpanzee,gorilla,False,True,0,"cat,dog,lamb,tiger,lion,bear,goat,sheep,bird,lizard,iguana,goose,leopard,fly,ant,spider,squirrel,fox,skunk,horse,cow,chicken,rooster,bull,veal,panda,brown bear,polar bear,black bear,grizzly bear,human,ostrich,koala,worm,squid,salmon,tuna,fish,porcupine,llama,butterfly,maggot,pig,sparrow,blue jay,alligator,crocodile,otter,sea urchin,horsefly,monkey",-4.0283
01JVAFN3CV9XMSN70B88BMN7DM-animals,2,ngram-2,animals,dog,dog,True,True,0,"cat",-2.8959
01JVAFN3CV9XMSN70B88BMN7DM-animals,3,ngram-2,animals,rabbit,cat,False,True,0,"cat,dog",-2.3597
01JVAFN3CV9XMSN70B88BMN7DM-animals,4,ngram-2,animals,horse,hare,False,True,0,"cat,dog,rabbit",-4.0283
01JVAFN3CV9XMSN70B88BMN7DM-animals,5,ngram-2,animals,pig,cow,False,True,0,"cat,dog,rabbit,horse",-3.7612
01JVAFN3CV9XMSN70B88BMN7DM-animals,6,ngram-2,animals,sheep,cow,False,True,0,"cat,dog,rabbit,horse,pig",-3.7436
01JVAFN3CV9XMSN70B88BMN7DM-animals,7,ngram-2,animals,lamb,cow,False,True,0,"cat,dog,rabbit,horse,pig,sheep",-3.7257
01JVAFN3CV9XMSN70B88BMN7DM-animals,8,ngram-2,animals,foal,goat,False,True,0,"cat,dog,rabbit,horse,pig,sheep,lamb",-4.6571
01JVAFN3CV9XMSN70B88BMN7DM-animals,9,ngram-2,animals,stallion,aardvark,False,True,0,"cat,dog,rabbit,horse,pig,sheep,lamb,foal",-5.7203
01JVAFN3CV9XMSN70B88BMN7DM-animals,10,ngram-2,animals,mare,aardvark,False,True,0,"cat,dog,rabbit,horse,pig,sheep,lamb,foal,stallion",-5.7203
01JVAFN3CV9XMSN70B88BMN7DM-animals,11,ngram-2,animals,llama,aardvark,False,True,0,"cat,dog,rabbit,horse,pig,sheep,lamb,foal,stallion,mare",-5.7203
01JVAFN3CV9XMSN70B88BMN7DM-animals,12,ngram-2,animals,alpaca,alpaca,True,True,0,"cat,dog,rabbit,horse,pig,sheep,lamb,foal,stallion,mare,llama",-4.3758
01JVAFN3CV9XMSN70B88BMN7DM-animals,13,ngram-2,animals,sloth,donkey,False,True,0,"cat,dog,rabbit,horse,pig,sheep,lamb,foal,stallion,mare,llama,alpaca",-5.0434
01JVAFN3CV9XMSN70B88BMN7DM-animals,14,ngram-2,animals,penguin,bat,False,True,0,"cat,dog,rabbit,horse,pig,sheep,lamb,foal,stallion,mare,llama,alpaca,sloth",-4.6444
01JVAFN3CV9XMSN70B88BMN7DM-animals,15,ngram-2,animals,parrot,horse,False,True,0,"cat,dog,rabbit,horse,pig,sheep,lamb,foal,stallion,mare,llama,alpaca,sloth,penguin",-4.6790
01JVAFN3CV9XMSN70B88BMN7DM-animals,16,ngram-2,animals,budgie,gorilla,False,True,0,"cat,dog,rabbit,horse,pig,sheep,lamb,foal,stallion,mare,llama,alpaca,sloth,penguin,parrot",-4.6571
01JVAFN3CV9XMSN70B88BMN7DM-animals,17,ngram-2,animals,magpie,goose,False,True,0,"cat,dog,rabbit,horse,pig,sheep,lamb,foal,stallion,mare,llama,alpaca,sloth,penguin,parrot,budgie",-5.0304
01JVAFN3CV9XMSN70B88BMN7DM-animals,18,ngram-2,animals,eagle,hedgehog,False,True,0,"cat,dog,rabbit,horse,pig,sheep,lamb,foal,stallion,mare,llama,alpaca,sloth,penguin,parrot,budgie,magpie",-5.0304
01JVAFN3CV9XMSN70B88BMN7DM-animals,19,ngram-2,animals,vulture,robin,False,True,0,"cat,dog,rabbit,horse,pig,sheep,lamb,foal,stallion,mare,llama,alpaca,sloth,penguin,parrot,budgie,magpie,eagle",-4.3944
01JVAFN3CV9XMSN70B88BMN7DM-animals,20,ngram-2,animals,goat,jaguar,False,True,0,"cat,dog,rabbit,horse,pig,sheep,lamb,foal,stallion,mare,llama,alpaca,sloth,penguin,parrot,budgie,magpie,eagle,vulture",-5.0370
01JVAFN3CV9XMSN70B88BMN7DM-animals,21,ngram-2,animals,cow,sheep,False,True,0,"cat,dog,rabbit,horse,pig,sheep,lamb,foal,stallion,mare,llama,alpaca,sloth,penguin,parrot,budgie,magpie,eagle,vulture,goat",-4.0043
01JVAFN3CV9XMSN70B88BMN7DM-animals,22,ngram-2,animals,shark,chicken,False,True,0,"cat,dog,rabbit,horse,pig,sheep,lamb,foal,stallion,mare,llama,alpaca,sloth,penguin,parrot,budgie,magpie,eagle,vulture,goat,cow",-3.6405
01JVAFN3CV9XMSN70B88BMN7DM-animals,23,ngram-2,animals,fish,dolphin,False,True,0,"cat,dog,rabbit,horse,pig,sheep,lamb,foal,stallion,mare,llama,alpaca,sloth,penguin,parrot,budgie,magpie,eagle,vulture,goat,cow,shark",-4.3914
01JVAFN3CV9XMSN70B88BMN7DM-animals,24,ngram-2,animals,dolphin,shark,False,True,0,"cat,dog,rabbit,horse,pig,sheep,lamb,foal,stallion,mare,llama,alpaca,sloth,penguin,parrot,budgie,magpie,eagle,vulture,goat,cow,shark,fish",-4.1957
01JVAFN3CV9XMSN70B88BMN7DM-animals,25,ngram-2,animals,caterpillar,whale,False,True,0,"cat,dog,rabbit,horse,pig,sheep,lamb,foal,stallion,mare,llama,alpaca,sloth,penguin,parrot,budgie,magpie,eagle,vulture,goat,cow,shark,fish,dolphin",-4.1897
01JVAFN3CV9XMSN70B88BMN7DM-animals,26,ngram-2,animals,butterfly,ant,False,True,0,"cat,dog,rabbit,horse,pig,sheep,lamb,foal,stallion,mare,llama,alpaca,sloth,penguin,parrot,budgie,magpie,eagle,vulture,goat,cow,shark,fish,dolphin,caterpillar",-5.0370
01JVAFN3CV9XMSN70B88BMN7DM-animals,27,ngram-2,animals,spider,moth,False,True,0,"cat,dog,rabbit,horse,pig,sheep,lamb,foal,stallion,mare,llama,alpaca,sloth,penguin,parrot,budgie,magpie,eagle,vulture,goat,cow,shark,fish,dolphin,caterpillar,butterfly",-4.6540
01JVAFN3CV9XMSN70B88BMN7DM-animals,28,ngram-2,animals,parakeet,ant,False,True,0,"cat,dog,rabbit,horse,pig,sheep,lamb,foal,stallion,mare,llama,alpaca,sloth,penguin,parrot,budgie,magpie,eagle,vulture,goat,cow,shark,fish,dolphin,caterpillar,butterfly,spider",-5.0752
01JVAFN3CV9XMSN70B88BMN7DM-animals,29,ngram-2,animals,piglet,rat,False,True,0,"cat,dog,rabbit,horse,pig,sheep,lamb,foal,stallion,mare,llama,alpaca,sloth,penguin,parrot,budgie,magpie,eagle,vulture,goat,cow,shark,fish,dolphin,caterpillar,butterfly,spider,parakeet",-5.0304
01JVAGG43CV4DMKYX74SNT1YAP-animals,2,ngram-2,animals,cat,cat,True,True,0,"dog",-2.3924
01JVAGG43CV4DMKYX74SNT1YAP-animals,3,ngram-2,animals,tiger,dog,False,True,0,"dog,cat",-2.8499
01JVAGG43CV4DMKYX74SNT1YAP-animals,4,ngram-2,animals,lion,lion,True,True,0,"dog,cat,tiger",-3.2160
01JVAGG43CV4DMKYX74SNT1YAP-animals,5,ngram-2,animals,elephant,tiger,False,True,0,"dog,cat,tiger,lion",-3.1725
01JVAGG43CV4DMKYX74SNT1YAP-animals,6,ngram-2,animals,jackal,tiger,False,True,0,"dog,cat,tiger,lion,elephant",-3.9063
01JVAGG43CV4DMKYX74SNT1YAP-animals,7,ngram-2,animals,hyena,aardvark,False,True,0,"dog,cat,tiger,lion,elephant,jackal",-5.7236
01JVAGG43CV4DMKYX74SNT1YAP-animals,8,ngram-2,animals,blackbear,badger,False,True,0,"dog,cat,tiger,lion,elephant,jackal,hyena",-5.0531
01JVAGG43CV4DMKYX74SNT1YAP-animals,9,ngram-2,animals,brownbear,brownbear,True,True,0,"dog,cat,tiger,lion,elephant,jackal,hyena,black bear",-5.0402
01JVAGG43CV4DMKYX74SNT1YAP-animals,10,ngram-2,animals,polarbear,grizzlybear,False,True,0,"dog,cat,tiger,lion,elephant,jackal,hyena,black bear,brown bear",-5.0370
01JVAGG43CV4DMKYX74SNT1YAP-animals,11,ngram-2,animals,hippo,grizzlybear,False,True,0,"dog,cat,tiger,lion,elephant,jackal,hyena,black bear,brown bear,polar bear",-4.6666
01JVAGG43CV4DMKYX74SNT1YAP-animals,12,ngram-2,animals,pig,elephant,False,True,0,"dog,cat,tiger,lion,elephant,jackal,hyena,black bear,brown bear,polar bear,hippo",-5.0402
01JVAGG43CV4DMKYX74SNT1YAP-animals,13,ngram-2,animals,cow,cow,True,True,0,"dog,cat,tiger,lion,elephant,jackal,hyena,black bear,brown bear,polar bear,hippo,pig",-3.8801
01JVAGG43CV4DMKYX74SNT1YAP-animals,14,ngram-2,animals,chicken,chicken,True,True,0,"dog,cat,tiger,lion,elephant,jackal,hyena,black bear,brown bear,polar bear,hippo,pig,cow",-3.7612
01JVAGG43CV4DMKYX74SNT1YAP-animals,15,ngram-2,animals,rooster,horse,False,True,0,"dog,cat,tiger,lion,elephant,jackal,hyena,black bear,brown bear,polar bear,hippo,pig,cow,chicken",-4.1987
01JVAGG43CV4DMKYX74SNT1YAP-animals,16,ngram-2,animals,fox,bull,False,True,0,"dog,cat,tiger,lion,elephant,jackal,hyena,black bear,brown bear,polar bear,hippo,pig,cow,chicken,rooster",-5.0531
01JVAGG43CV4DMKYX74SNT1YAP-animals,17,ngram-2,animals,bird,wolf,False,True,0,"dog,cat,tiger,lion,elephant,jackal,hyena,black bear,brown bear,polar bear,hippo,pig,cow,chicken,rooster,fox",-3.8592
01JVAGG43CV4DMKYX74SNT1YAP-animals,18,ngram-2,animals,parrot,eagle,False,True,0,"dog,cat,tiger,lion,elephant,jackal,hyena,black bear,brown bear,polar bear,hippo,pig,cow,chicken,rooster,fox,bird",-4.4067
01JVAGG43CV4DMKYX74SNT1YAP-animals,19,ngram-2,animals,hawk,budgie,False,True,0,"dog,cat,tiger,lion,elephant,jackal,hyena,black bear,brown bear,polar bear,hippo,pig,cow,chicken,rooster,fox,bird,parrot",-4.6603
01JVAGG43CV4DMKYX74SNT1YAP-animals,20,ngram-2,animals,owl,eagle,False,True,0,"dog,cat,tiger,lion,elephant,jackal,hyena,black bear,brown bear,polar bear,hippo,pig,cow,chicken,rooster,fox,bird,parrot,hawk",-4.6508
01JVAGG43CV4DMKYX74SNT1YAP-animals,21,ngram-2,animals,crow,bat,False,True,0,"dog,cat,tiger,lion,elephant,jackal,hyena,black bear,brown bear,polar bear,hippo,pig,cow,chicken,rooster,fox,bird,parrot,hawk,owl",-5.0531
01JVAGG43CV4DMKYX74SNT1YAP-animals,22,ngram-2,animals,bat,raven,False,True,0,"dog,cat,tiger,lion,elephant,jackal,hyena,black bear,brown bear,polar bear,hippo,pig,cow,chicken,rooster,fox,bird,parrot,hawk,owl,crow",-4.6412
01JVAGG43CV4DMKYX74SNT1YAP-animals,23,ngram-2,animals,penguin,rabbit,False,True,0,"dog,cat,tiger,lion,elephant,jackal,hyena,black bear,brown bear,polar bear,hippo,pig,cow,chicken,rooster,fox,bird,parrot,hawk,owl,crow,bat",-4.6634
01JVAGG43CV4DMKYX74SNT1YAP-animals,24,ngram-2,animals,otter,horse,False,True,0,"dog,cat,tiger,lion,elephant,jackal,hyena,black bear,brown bear,polar bear,hippo,pig,cow,chicken,rooster,fox,bird,parrot,hawk,owl,crow,bat,penguin",-4.6821
01JVAGG43CV4DMKYX74SNT1YAP-animals,25,ngram-2,animals,opossum,badger,False,True,0,"dog,cat,tiger,lion,elephant,jackal,hyena,black bear,brown bear,polar bear,hippo,pig,cow,chicken,rooster,fox,bird,parrot,hawk,owl,crow,bat,penguin,otter",-5.0499
01JVAGG43CV4DMKYX74SNT1YAP-animals,26,ngram-2,animals,beaver,raccoon,False,True,0,"dog,cat,tiger,lion,elephant,jackal,hyena,black bear,brown bear,polar bear,hippo,pig,cow,chicken,rooster,fox,bird,parrot,hawk,owl,crow,bat,penguin,otter,opossum",-5.0370
01JVAGG43CV4DMKYX74SNT1YAP-animals,27,ngram-2,animals,duck,dolphin,False,True,0,"dog,cat,tiger,lion,elephant,jackal,hyena,black bear,brown bear,polar bear,hippo,pig,cow,chicken,rooster,fox,bird,parrot,hawk,owl,crow,bat,penguin,otter,opossum,beaver",-5.0466
01JVAGG43CV4DMKYX74SNT1YAP-animals,28,ngram-2,animals,pitbull,chicken,False,True,0,"dog,cat,tiger,lion,elephant,jackal,hyena,black bear,brown bear,polar bear,hippo,pig,cow,chicken,rooster,fox,bird,parrot,hawk,owl,crow,bat,penguin,otter,opossum,beaver,duck",-4.3820
01JVAGG43CV4DMKYX74SNT1YAP-animals,29,ngram-2,animals,leopard,aardvark,False,True,0,"dog,cat,tiger,lion,elephant,jackal,hyena,black bear,brown bear,polar bear,hippo,pig,cow,chicken,rooster,fox,bird,parrot,hawk,owl,crow,bat,penguin,otter,opossum,beaver,duck,pit bull",-5.7236
01JVAGG43CV4DMKYX74SNT1YAP-animals,30,ngram-2,animals,cheetah,antelope,False,True,0,"dog,cat,tiger,lion,elephant,jackal,hyena,black bear,brown bear,polar bear,hippo,pig,cow,chicken,rooster,fox,bird,parrot,hawk,owl,crow,bat,penguin,otter,opossum,beaver,duck,pit bull,leopard",-4.6944
01JVAGG43CV4DMKYX74SNT1YAP-animals,31,ngram-2,animals,jaguar,leopard,False,True,0,"dog,cat,tiger,lion,elephant,jackal,hyena,black bear,brown bear,polar bear,hippo,pig,cow,chicken,rooster,fox,bird,parrot,hawk,owl,crow,bat,penguin,otter,opossum,beaver,duck,pit bull,leopard,cheetah",-4.1836
01JVAGG43CV4DMKYX74SNT1YAP-animals,32,ngram-2,animals,goat,cougar,False,True,0,"dog,cat,tiger,lion,elephant,jackal,hyena,black bear,brown bear,polar bear,hippo,pig,cow,chicken,rooster,fox,bird,parrot,hawk,owl,crow,bat,penguin,otter,opossum,beaver,duck,pit bull,leopard,cheetah,jaguar",-4.6666
01JVAGG43CV4DMKYX74SNT1YAP-animals,33,ngram-2,animals,lamb,sheep,False,True,0,"dog,cat,tiger,lion,elephant,jackal,hyena,black bear,brown bear,polar bear,hippo,pig,cow,chicken,rooster,fox,bird,parrot,hawk,owl,crow,bat,penguin,otter,opossum,beaver,duck,pit bull,leopard,cheetah,jaguar,goat",-4.0073
01JVAGG43CV4DMKYX74SNT1YAP-animals,34,ngram-2,animals,hamster,goat,False,True,0,"dog,cat,tiger,lion,elephant,jackal,hyena,black bear,brown bear,polar bear,hippo,pig,cow,chicken,rooster,fox,bird,parrot,hawk,owl,crow,bat,penguin,otter,opossum,beaver,duck,pit bull,leopard,cheetah,jaguar,goat,lamb",-4.6603
01JVAH00VADVS703F6DYX2DQVV-animals,2,ngram-2,animals,cat,cat,True,True,0,"dog",-2.3868
01JVAH00VADVS703F6DYX2DQVV-animals,3,ngram-2,animals,fish,dog,False,True,0,"dog,cat",-2.8444
01JVAH00VADVS703F6DYX2DQVV-animals,4,ngram-2,animals,penguin,shark,False,True,0,"dog,cat,fish",-4.1927
01JVAH00VADVS703F6DYX2DQVV-animals,5,ngram-2,animals,lion,horse,False,True,0,"dog,cat,fish,penguin",-4.6759
01JVAH00VADVS703F6DYX2DQVV-animals,6,ngram-2,animals,giraffe,tiger,False,True,0,"dog,cat,fish,penguin,lion",-3.1669
01JVAH00VADVS703F6DYX2DQVV-animals,7,ngram-2,animals,tiger,coyote,False,True,0,"dog,cat,fish,penguin,lion,giraffe",-4.7065
01JVAH00VADVS703F6DYX2DQVV-animals,8,ngram-2,animals,leopard,lion,False,True,0,"dog,cat,fish,penguin,lion,giraffe,tiger",-3.1413
01JVAH00VADVS703F6DYX2DQVV-animals,9,ngram-2,animals,antelope,cheetah,False,True,0,"dog,cat,fish,penguin,lion,giraffe,tiger,leopard",-4.6883
01JVAH00VADVS703F6DYX2DQVV-animals,10,ngram-2,animals,gorilla,alligator,False,True,0,"dog,cat,fish,penguin,lion,giraffe,tiger,leopard,antelope",-5.0434
01JVAH00VADVS703F6DYX2DQVV-animals,11,ngram-2,animals,lemur,chimpanzee,False,True,0,"dog,cat,fish,penguin,lion,giraffe,tiger,leopard,antelope,gorilla",-4.1744
01JVAH00VADVS703F6DYX2DQVV-animals,12,ngram-2,animals,spidermonkey,albatross,False,True,0,"dog,cat,fish,penguin,lion,giraffe,tiger,leopard,antelope,gorilla,lemur",-5.0434
01JVAH00VADVS703F6DYX2DQVV-animals,13,ngram-2,animals,ant,aardvark,False,True,0,"dog,cat,fish,penguin,lion,giraffe,tiger,leopard,antelope,gorilla,lemur,spider monkey",-5.7170
01JVAH00VADVS703F6DYX2DQVV-animals,14,ngram-2,animals,spider,bee,False,True,0,"dog,cat,fish,penguin,lion,giraffe,tiger,leopard,antelope,gorilla,lemur,spider monkey,ant",-4.1775
01JVAH00VADVS703F6DYX2DQVV-animals,15,ngram-2,animals,elephant,ant,False,True,0,"dog,cat,fish,penguin,lion,giraffe,tiger,leopard,antelope,gorilla,lemur,spider monkey,ant,spider",-5.0720
01JVAH00VADVS703F6DYX2DQVV-animals,16,ngram-2,animals,chimp,tiger,False,True,0,"dog,cat,fish,penguin,lion,giraffe,tiger,leopard,antelope,gorilla,lemur,spider monkey,ant,spider,elephant",-3.9005
01JVAH00VADVS703F6DYX2DQVV-animals,17,ngram-2,animals,sloth,aardvark,False,True,0,"dog,cat,fish,penguin,lion,giraffe,tiger,leopard,antelope,gorilla,lemur,spider monkey,ant,spider,elephant,chimp",-5.7170
01JVAH00VADVS703F6DYX2DQVV-animals,18,ngram-2,animals,chinchilla,bat,False,True,0,"dog,cat,fish,penguin,lion,giraffe,tiger,leopard,antelope,gorilla,lemur,spider monkey,ant,spider,elephant,chimp,sloth",-4.6412
01JVAH00VADVS703F6DYX2DQVV-animals,19,ngram-2,animals,hamster,bat,False,True,0,"dog,cat,fish,penguin,lion,giraffe,tiger,leopard,antelope,gorilla,lemur,spider monkey,ant,spider,elephant,chimp,sloth,chinchilla",-5.0337
01JVAH00VADVS703F6DYX2DQVV-animals,20,ngram-2,animals,bear,rat,False,True,0,"dog,cat,fish,penguin,lion,giraffe,tiger,leopard,antelope,gorilla,lemur,spider monkey,ant,spider,elephant,chimp,sloth,chinchilla,hamster",-4.3758
01JVAH00VADVS703F6DYX2DQVV-animals,21,ngram-2,animals,panda,lion,False,True,0,"dog,cat,fish,penguin,lion,giraffe,tiger,leopard,antelope,gorilla,lemur,spider monkey,ant,spider,elephant,chimp,sloth,chinchilla,hamster,bear",-4.4248
01JVAH00VADVS703F6DYX2DQVV-animals,22,ngram-2,animals,lizard,bear,False,True,0,"dog,cat,fish,penguin,lion,giraffe,tiger,leopard,antelope,gorilla,lemur,spider monkey,ant,spider,elephant,chimp,sloth,chinchilla,hamster,bear,panda",-4.3944
01JVAH00VADVS703F6DYX2DQVV-animals,23,ngram-2,animals,komododragon,gecko,False,True,0,"dog,cat,fish,penguin,lion,giraffe,tiger,leopard,antelope,gorilla,lemur,spider monkey,ant,spider,elephant,chimp,sloth,chinchilla,hamster,bear,panda,lizard",-4.3820
01JVAH00VADVS703F6DYX2DQVV-animals,24,ngram-2,animals,macaque,cat,False,True,0,"dog,cat,fish,penguin,lion,giraffe,tiger,leopard,antelope,gorilla,lemur,spider monkey,ant,spider,elephant,chimp,sloth,chinchilla,hamster,bear,panda,lizard,komodo dragon",-5.0304
01JVAH00VADVS703F6DYX2DQVV-animals,25,ngram-2,animals,deer,aardvark,False,True,0,"dog,cat,fish,penguin,lion,giraffe,tiger,leopard,antelope,gorilla,lemur,spider monkey,ant,spider,elephant,chimp,sloth,chinchilla,hamster,bear,panda,lizard,komodo dragon,macaque",-5.7170
01JVAH00VADVS703F6DYX2DQVV-animals,26,ngram-2,animals,rabbit,moose,False,True,0,"dog,cat,fish,penguin,lion,giraffe,tiger,leopard,antelope,gorilla,lemur,spider monkey,ant,spider,elephant,chimp,sloth,chinchilla,hamster,bear,panda,lizard,komodo dragon,macaque,deer",-4.4037
01JVAH00VADVS703F6DYX2DQVV-animals,27,ngram-2,animals,rat,hare,False,True,0,"dog,cat,fish,penguin,lion,giraffe,tiger,leopard,antelope,gorilla,lemur,spider monkey,ant,spider,elephant,chimp,sloth,chinchilla,hamster,bear,panda,lizard,komodo dragon,macaque,deer,rabbit",-4.0254
01JVAH00VADVS703F6DYX2DQVV-animals,28,ngram-2,animals,mouse,mouse,True,True,0,"dog,cat,fish,penguin,lion,giraffe,tiger,leopard,antelope,gorilla,lemur,spider monkey,ant,spider,elephant,chimp,sloth,chinchilla,hamster,bear,panda,lizard,komodo dragon,macaque,deer,rabbit,rat",-3.1721
01JVAH00VADVS703F6DYX2DQVV-animals,29,ngram-2,animals,vole,rat,False,True,0,"dog,cat,fish,penguin,lion,giraffe,tiger,leopard,antelope,gorilla,lemur,spider monkey,ant,spider,elephant,chimp,sloth,chinchilla,hamster,bear,panda,lizard,komodo dragon,macaque,deer,rabbit,rat,mouse",-3.7317
01JVAH00VADVS703F6DYX2DQVV-animals,30,ngram-2,animals,shrew,bat,False,True,0,"dog,cat,fish,penguin,lion,giraffe,tiger,leopard,antelope,gorilla,lemur,spider monkey,ant,spider,elephant,chimp,sloth,chinchilla,hamster,bear,panda,lizard,komodo dragon,macaque,deer,rabbit,rat,mouse,vole",-5.0402
01JVAH00VADVS703F6DYX2DQVV-animals,31,ngram-2,animals,mole,donkey,False,True,0,"dog,cat,fish,penguin,lion,giraffe,tiger,leopard,antelope,gorilla,lemur,spider monkey,ant,spider,elephant,chimp,sloth,chinchilla,hamster,bear,panda,lizard,komodo dragon,macaque,deer,rabbit,rat,mouse,vole,shrew",-5.0337
01JVAH00VADVS703F6DYX2DQVV-animals,32,ngram-2,animals,hedgehog,aardvark,False,True,0,"dog,cat,fish,penguin,lion,giraffe,tiger,leopard,antelope,gorilla,lemur,spider monkey,ant,spider,elephant,chimp,sloth,chinchilla,hamster,bear,panda,lizard,komodo dragon,macaque,deer,rabbit,rat,mouse,vole,shrew,mole",-5.0402
01JVAH00VADVS703F6DYX2DQVV-animals,33,ngram-2,animals,porcupine,badger,False,True,0,"dog,cat,fish,penguin,lion,giraffe,tiger,leopard,antelope,gorilla,lemur,spider monkey,ant,spider,elephant,chimp,sloth,chinchilla,hamster,bear,panda,lizard,komodo dragon,macaque,deer,rabbit,rat,mouse,vole,shrew,mole,hedgehog",-5.0434
01JVAH00VADVS703F6DYX2DQVV-animals,34,ngram-2,animals,puma,ant,False,True,0,"dog,cat,fish,penguin,lion,giraffe,tiger,leopard,antelope,gorilla,lemur,spider monkey,ant,spider,elephant,chimp,sloth,chinchilla,hamster,bear,panda,lizard,komodo dragon,macaque,deer,rabbit,rat,mouse,vole,shrew,mole,hedgehog,porcupine",-5.0434
01JVAH00VADVS703F6DYX2DQVV-animals,35,ngram-2,animals,jaguar,leopard,False,True,0,"dog,cat,fish,penguin,lion,giraffe,tiger,leopard,antelope,gorilla,lemur,spider monkey,ant,spider,elephant,chimp,sloth,chinchilla,hamster,bear,panda,lizard,komodo dragon,macaque,deer,rabbit,rat,mouse,vole,shrew,mole,hedgehog,porcupine,puma",-4.6347
01JVAH00VADVS703F6DYX2DQVV-animals,36,ngram-2,animals,lynx,cougar,False,True,0,"dog,cat,fish,penguin,lion,giraffe,tiger,leopard,antelope,gorilla,lemur,spider monkey,ant,spider,elephant,chimp,sloth,chinchilla,hamster,bear,panda,lizard,komodo dragon,macaque,deer,rabbit,rat,mouse,vole,shrew,mole,hedgehog,porcupine,puma,jaguar",-4.6603
01JVAH00VADVS703F6DYX2DQVV-animals,37,ngram-2,animals,owl,antelope,False,True,0,"dog,cat,fish,penguin,lion,giraffe,tiger,leopard,antelope,gorilla,lemur,spider monkey,ant,spider,elephant,chimp,sloth,chinchilla,hamster,bear,panda,lizard,komodo dragon,macaque,deer,rabbit,rat,mouse,vole,shrew,mole,hedgehog,porcupine,puma,jaguar,lynx",-5.0304
01JVAH00VADVS703F6DYX2DQVV-animals,38,ngram-2,animals,ostrich,bat,False,True,0,"dog,cat,fish,penguin,lion,giraffe,tiger,leopard,antelope,gorilla,lemur,spider monkey,ant,spider,elephant,chimp,sloth,chinchilla,hamster,bear,panda,lizard,komodo dragon,macaque,deer,rabbit,rat,mouse,vole,shrew,mole,hedgehog,porcupine,puma,jaguar,lynx,owl",-5.0466
01JVAH00VADVS703F6DYX2DQVV-animals,39,ngram-2,animals,kangaroo,emu,False,True,0,"dog,cat,fish,penguin,lion,giraffe,tiger,leopard,antelope,gorilla,lemur,spider monkey,ant,spider,elephant,chimp,sloth,chinchilla,hamster,bear,panda,lizard,komodo dragon,macaque,deer,rabbit,rat,mouse,vole,shrew,mole,hedgehog,porcupine,puma,jaguar,lynx,owl,ostrich",-4.6444
01JVAH00VADVS703F6DYX2DQVV-animals,40,ngram-2,animals,koala,koala,True,True,0,"dog,cat,fish,penguin,lion,giraffe,tiger,leopard,antelope,gorilla,lemur,spider monkey,ant,spider,elephant,chimp,sloth,chinchilla,hamster,bear,panda,lizard,komodo dragon,macaque,deer,rabbit,rat,mouse,vole,shrew,mole,hedgehog,porcupine,puma,jaguar,lynx,owl,ostrich,kangaroo",-3.9734
01JVAH00VADVS703F6DYX2DQVV-animals,41,ngram-2,animals,eagle,panda,False,True,0,"dog,cat,fish,penguin,lion,giraffe,tiger,leopard,antelope,gorilla,lemur,spider monkey,ant,spider,elephant,chimp,sloth,chinchilla,hamster,bear,panda,lizard,komodo dragon,macaque,deer,rabbit,rat,mouse,vole,shrew,mole,hedgehog,porcupine,puma,jaguar,lynx,owl,ostrich,kangaroo,koala",-4.6603
01JVAH00VADVS703F6DYX2DQVV-animals,42,ngram-2,animals,robin,falcon,False,True,0,"dog,cat,fish,penguin,lion,giraffe,tiger,leopard,antelope,gorilla,lemur,spider monkey,ant,spider,elephant,chimp,sloth,chinchilla,hamster,bear,panda,lizard,komodo dragon,macaque,deer,rabbit,rat,mouse,vole,shrew,mole,hedgehog,porcupine,puma,jaguar,lynx,owl,ostrich,kangaroo,koala,eagle",-4.6790
01JVAH00VADVS703F6DYX2DQVV-animals,43,ngram-2,animals,thrush,beaver,False,True,0,"dog,cat,fish,penguin,lion,giraffe,tiger,leopard,antelope,gorilla,lemur,spider monkey,ant,spider,elephant,chimp,sloth,chinchilla,hamster,bear,panda,lizard,komodo dragon,macaque,deer,rabbit,rat,mouse,vole,shrew,mole,hedgehog,porcupine,puma,jaguar,lynx,owl,ostrich,kangaroo,koala,eagle,robin",-5.0499
01JVAH00VADVS703F6DYX2DQVV-animals,44,ngram-2,animals,blackbird,aardvark,False,True,0,"dog,cat,fish,penguin,lion,giraffe,tiger,leopard,antelope,gorilla,lemur,spider monkey,ant,spider,elephant,chimp,sloth,chinchilla,hamster,bear,panda,lizard,komodo dragon,macaque,deer,rabbit,rat,mouse,vole,shrew,mole,hedgehog,porcupine,puma,jaguar,lynx,owl,ostrich,kangaroo,koala,eagle,robin,thrush",-5.7170
01JVAH00VADVS703F6DYX2DQVV-animals,45,ngram-2,animals,wren,crow,False,True,0,"dog,cat,fish,penguin,lion,giraffe,tiger,leopard,antelope,gorilla,lemur,spider monkey,ant,spider,elephant,chimp,sloth,chinchilla,hamster,bear,panda,lizard,komodo dragon,macaque,deer,rabbit,rat,mouse,vole,shrew,mole,hedgehog,porcupine,puma,jaguar,lynx,owl,ostrich,kangaroo,koala,eagle,robin,thrush,blackbird",-5.0304
01JVAH11A9HDR68SC6EJ69A8RE-animals,2,ngram-2,animals,cat,cat,True,True,0,"dog",-2.3924
01JVAH11A9HDR68SC6EJ69A8RE-animals,3,ngram-2,animals,hyena,dog,False,True,0,"dog,cat",-2.8499
01JVAH11A9HDR68SC6EJ69A8RE-animals,4,ngram-2,animals,giraffe,badger,False,True,0,"dog,cat,hyena",-5.0531
01JVAH11A9HDR68SC6EJ69A8RE-animals,5,ngram-2,animals,elephant,tiger,False,True,0,"dog,cat,hyena,giraffe",-4.4248
01JVAH11A9HDR68SC6EJ69A8RE-animals,6,ngram-2,animals,mouse,tiger,False,True,0,"dog,cat,hyena,giraffe,elephant",-3.9063
01JVAH11A9HDR68SC6EJ69A8RE-animals,7,ngram-2,animals,lion,rat,False,True,0,"dog,cat,hyena,giraffe,elephant,mouse",-3.7377
01JVAH11A9HDR68SC6EJ69A8RE-animals,8,ngram-2,animals,cheetah,tiger,False,True,0,"dog,cat,hyena,giraffe,elephant,mouse,lion",-3.1725
01JVAH11A9HDR68SC6EJ69A8RE-animals,9,ngram-2,animals,porcupine,jaguar,False,True,0,"dog,cat,hyena,giraffe,elephant,mouse,lion,cheetah",-4.1836
01JVAH11A9HDR68SC6EJ69A8RE-animals,10,ngram-2,animals,rat,ant,False,True,0,"dog,cat,hyena,giraffe,elephant,mouse,lion,cheetah,porcupine",-5.0499
01JVAH11A9HDR68SC6EJ69A8RE-animals,11,ngram-2,animals,fox,mouse,False,True,0,"dog,cat,hyena,giraffe,elephant,mouse,lion,cheetah,porcupine,rat",-3.1091
01JVAH11A9HDR68SC6EJ69A8RE-animals,12,ngram-2,animals,ferret,wolf,False,True,0,"dog,cat,hyena,giraffe,elephant,mouse,lion,cheetah,porcupine,rat,fox",-3.8592
01JVAH11A9HDR68SC6EJ69A8RE-animals,13,ngram-2,animals,fish,baboon,False,True,0,"dog,cat,hyena,giraffe,elephant,mouse,lion,cheetah,porcupine,rat,fox,ferret",-5.0466
01JVAH11A9HDR68SC6EJ69A8RE-animals,14,ngram-2,animals,shark,shark,True,True,0,"dog,cat,hyena,giraffe,elephant,mouse,lion,cheetah,porcupine,rat,fox,ferret,fish",-4.4218
01JVAH11A9HDR68SC6EJ69A8RE-animals,15,ngram-2,animals,orca,dolphin,False,True,0,"dog,cat,hyena,giraffe,elephant,mouse,lion,cheetah,porcupine,rat,fox,ferret,fish,shark",-4.3944
01JVAH11A9HDR68SC6EJ69A8RE-animals,16,ngram-2,animals,dolphin,dolphin,True,True,0,"dog,cat,hyena,giraffe,elephant,mouse,lion,cheetah,porcupine,rat,fox,ferret,fish,shark,orca",-5.0466
01JVAH11A9HDR68SC6EJ69A8RE-animals,17,ngram-2,animals,bird,whale,False,True,0,"dog,cat,hyena,giraffe,elephant,mouse,lion,cheetah,porcupine,rat,fox,ferret,fish,shark,orca,dolphin",-4.1927
01JVAH11A9HDR68SC6EJ69A8RE-animals,18,ngram-2,animals,vulture,eagle,False,True,0,"dog,cat,hyena,giraffe,elephant,mouse,lion,cheetah,porcupine,rat,fox,ferret,fish,shark,orca,dolphin,bird",-4.4067
01JVAH11A9HDR68SC6EJ69A8RE-animals,19,ngram-2,animals,jaguar,goat,False,True,0,"dog,cat,hyena,giraffe,elephant,mouse,lion,cheetah,porcupine,rat,fox,ferret,fish,shark,orca,dolphin,bird,vulture",-5.0402
01JVAH11A9HDR68SC6EJ69A8RE-animals,20,ngram-2,animals,anteater,cougar,False,True,0,"dog,cat,hyena,giraffe,elephant,mouse,lion,cheetah,porcupine,rat,fox,ferret,fish,shark,orca,dolphin,bird,vulture,jaguar",-4.6666
01JVAH11A9HDR68SC6EJ69A8RE-animals,21,ngram-2,animals,armadillo,armadillo,True,True,0,"dog,cat,hyena,giraffe,elephant,mouse,lion,cheetah,porcupine,rat,fox,ferret,fish,shark,orca,dolphin,bird,vulture,jaguar,anteater",-5.0531
01JVAH11A9HDR68SC6EJ69A8RE-animals,22,ngram-2,animals,frog,beaver,False,True,0,"dog,cat,hyena,giraffe,elephant,mouse,lion,cheetah,porcupine,rat,fox,ferret,fish,shark,orca,dolphin,bird,vulture,jaguar,anteater,armadillo",-5.0499
01JVAH11A9HDR68SC6EJ69A8RE-animals,23,ngram-2,animals,alligator,newt,False,True,0,"dog,cat,hyena,giraffe,elephant,mouse,lion,cheetah,porcupine,rat,fox,ferret,fish,shark,orca,dolphin,bird,vulture,jaguar,anteater,armadillo,frog",-4.6728
01JVAH11A9HDR68SC6EJ69A8RE-animals,24,ngram-2,animals,crocodile,crocodile,True,True,0,"dog,cat,hyena,giraffe,elephant,mouse,lion,cheetah,porcupine,rat,fox,ferret,fish,shark,orca,dolphin,bird,vulture,jaguar,anteater,armadillo,frog,alligator",-3.6826
01JVAH11A9HDR68SC6EJ69A8RE-animals,25,ngram-2,animals,swan,alligator,False,True,0,"dog,cat,hyena,giraffe,elephant,mouse,lion,cheetah,porcupine,rat,fox,ferret,fish,shark,orca,dolphin,bird,vulture,jaguar,anteater,armadillo,frog,alligator,crocodile",-4.6759
01JVAH11A9HDR68SC6EJ69A8RE-animals,26,ngram-2,animals,duck,duck,True,True,0,"dog,cat,hyena,giraffe,elephant,mouse,lion,cheetah,porcupine,rat,fox,ferret,fish,shark,orca,dolphin,bird,vulture,jaguar,anteater,armadillo,frog,alligator,crocodile,swan",-5.0402
01JVAH11A9HDR68SC6EJ69A8RE-animals,27,ngram-2,animals,weasel,chicken,False,True,0,"dog,cat,hyena,giraffe,elephant,mouse,lion,cheetah,porcupine,rat,fox,ferret,fish,shark,orca,dolphin,bird,vulture,jaguar,anteater,armadillo,frog,alligator,crocodile,swan,duck",-4.3820
01JVAH11A9HDR68SC6EJ69A8RE-animals,28,ngram-2,animals,mink,aardvark,False,True,0,"dog,cat,hyena,giraffe,elephant,mouse,lion,cheetah,porcupine,rat,fox,ferret,fish,shark,orca,dolphin,bird,vulture,jaguar,anteater,armadillo,frog,alligator,crocodile,swan,duck,weasel",-5.7236
01JVAH11A9HDR68SC6EJ69A8RE-animals,29,ngram-2,animals,bobcat,aardvark,False,True,0,"dog,cat,hyena,giraffe,elephant,mouse,lion,cheetah,porcupine,rat,fox,ferret,fish,shark,orca,dolphin,bird,vulture,jaguar,anteater,armadillo,frog,alligator,crocodile,swan,duck,weasel,mink",-5.7236
01JVAH11A9HDR68SC6EJ69A8RE-animals,30,ngram-2,animals,rhino,cougar,False,True,0,"dog,cat,hyena,giraffe,elephant,mouse,lion,cheetah,porcupine,rat,fox,ferret,fish,shark,orca,dolphin,bird,vulture,jaguar,anteater,armadillo,frog,alligator,crocodile,swan,duck,weasel,mink,bobcat",-5.0370
01K4DT41SADYAM07T7XZ3VHRJG-animals,2,ngram-2,animals,dog,dog,True,True,0,"cat",-2.8987
01K4DT41SADYAM07T7XZ3VHRJG-animals,3,ngram-2,animals,rabbit,cat,False,True,0,"cat,dog",-2.3625
01K4DT41SADYAM07T7XZ3VHRJG-animals,4,ngram-2,animals,deer,hare,False,True,0,"cat,dog,rabbit",-4.0313
01K4DT41SADYAM07T7XZ3VHRJG-animals,5,ngram-2,animals,mongoose,moose,False,True,0,"cat,dog,rabbit,deer",-4.4098
01K4DT41SADYAM07T7XZ3VHRJG-animals,6,ngram-2,animals,elephant,newt,False,True,0,"cat,dog,rabbit,deer,mongoose",-5.0370
01K4DT41SADYAM07T7XZ3VHRJG-animals,7,ngram-2,animals,giraffe,tiger,False,True,0,"cat,dog,rabbit,deer,mongoose,elephant",-3.9063
01K4DT41SADYAM07T7XZ3VHRJG-animals,8,ngram-2,animals,tiger,coyote,False,True,0,"cat,dog,rabbit,deer,mongoose,elephant,giraffe",-4.7125
01K4DT41SADYAM07T7XZ3VHRJG-animals,9,ngram-2,animals,lion,lion,True,True,0,"cat,dog,rabbit,deer,mongoose,elephant,giraffe,tiger",-3.2160
01K4DT41SADYAM07T7XZ3VHRJG-animals,10,ngram-2,animals,caterpillar,tiger,False,True,0,"cat,dog,rabbit,deer,mongoose,elephant,giraffe,tiger,lion",-3.1725
01K4DT41SADYAM07T7XZ3VHRJG-animals,11,ngram-2,animals,bird,ant,False,True,0,"cat,dog,rabbit,deer,mongoose,elephant,giraffe,tiger,lion,caterpillar",-5.0402
01K4DT41SADYAM07T7XZ3VHRJG-animals,12,ngram-2,animals,mouse,eagle,False,True,0,"cat,dog,rabbit,deer,mongoose,elephant,giraffe,tiger,lion,caterpillar,bird",-4.4067
01K4DT41SADYAM07T7XZ3VHRJG-animals,13,ngram-2,animals,rat,rat,True,True,0,"cat,dog,rabbit,deer,mongoose,elephant,giraffe,tiger,lion,caterpillar,bird,mouse",-3.8712
01K4DT41SADYAM07T7XZ3VHRJG-animals,14,ngram-2,animals,sparrow,mouse,False,True,0,"cat,dog,rabbit,deer,mongoose,elephant,giraffe,tiger,lion,caterpillar,bird,mouse,rat",-3.1091
01K4DT41SADYAM07T7XZ3VHRJG-animals,15,ngram-2,animals,eagle,ant,False,True,0,"cat,dog,rabbit,deer,mongoose,elephant,giraffe,tiger,lion,caterpillar,bird,mouse,rat,sparrow",-5.0499
01K4DT41SADYAM07T7XZ3VHRJG-animals,16,ngram-2,animals,hippopotamus,robin,False,True,0,"cat,dog,rabbit,deer,mongoose,elephant,giraffe,tiger,lion,caterpillar,bird,mouse,rat,sparrow,eagle",-4.3975
01K4DT41SADYAM07T7XZ3VHRJG-animals,17,ngram-2,animals,dolphin,deer,False,True,0,"cat,dog,rabbit,deer,mongoose,elephant,giraffe,tiger,lion,caterpillar,bird,mouse,rat,sparrow,eagle,hippopotamus",-5.0689
01K4DT41SADYAM07T7XZ3VHRJG-animals,18,ngram-2,animals,fish,whale,False,True,0,"cat,dog,rabbit,deer,mongoose,elephant,giraffe,tiger,lion,caterpillar,bird,mouse,rat,sparrow,eagle,hippopotamus,dolphin",-4.1927
01K4DT41SADYAM07T7XZ3VHRJG-animals,19,ngram-2,animals,clownfish,shark,False,True,0,"cat,dog,rabbit,deer,mongoose,elephant,giraffe,tiger,lion,caterpillar,bird,mouse,rat,sparrow,eagle,hippopotamus,dolphin,fish",-4.1987
01K4DT41SADYAM07T7XZ3VHRJG-animals,20,ngram-2,animals,moose,hawk,False,True,0,"cat,dog,rabbit,deer,mongoose,elephant,giraffe,tiger,lion,caterpillar,bird,mouse,rat,sparrow,eagle,hippopotamus,dolphin,fish,clownfish",-5.0337
01K4DT41SADYAM07T7XZ3VHRJG-animals,21,ngram-2,animals,wolf,elk,False,True,0,"cat,dog,rabbit,deer,mongoose,elephant,giraffe,tiger,lion,caterpillar,bird,mouse,rat,sparrow,eagle,hippopotamus,dolphin,fish,clownfish,moose",-4.3726
01K4DT41SADYAM07T7XZ3VHRJG-animals,22,ngram-2,animals,cheetah,fox,False,True,0,"cat,dog,rabbit,deer,mongoose,elephant,giraffe,tiger,lion,caterpillar,bird,mouse,rat,sparrow,eagle,hippopotamus,dolphin,fish,clownfish,moose,wolf",-4.3944
01K4DT41SADYAM07T7XZ3VHRJG-animals,23,ngram-2,animals,ferret,jaguar,False,True,0,"cat,dog,rabbit,deer,mongoose,elephant,giraffe,tiger,lion,caterpillar,bird,mouse,rat,sparrow,eagle,hippopotamus,dolphin,fish,clownfish,moose,wolf,cheetah",-4.1836
01K4DT41SADYAM07T7XZ3VHRJG-animals,24,ngram-2,animals,groundhog,baboon,False,True,0,"cat,dog,rabbit,deer,mongoose,elephant,giraffe,tiger,lion,caterpillar,bird,mouse,rat,sparrow,eagle,hippopotamus,dolphin,fish,clownfish,moose,wolf,cheetah,ferret",-5.0466
01K4DT41SADYAM07T7XZ3VHRJG-animals,25,ngram-2,animals,lemur,aardvark,False,True,0,"cat,dog,rabbit,deer,mongoose,elephant,giraffe,tiger,lion,caterpillar,bird,mouse,rat,sparrow,eagle,hippopotamus,dolphin,fish,clownfish,moose,wolf,cheetah,ferret,groundhog",-5.7236
01K4DT41SADYAM07T7XZ3VHRJG-animals,26,ngram-2,animals,ant,albatross,False,True,0,"cat,dog,rabbit,deer,mongoose,elephant,giraffe,tiger,lion,caterpillar,bird,mouse,rat,sparrow,eagle,hippopotamus,dolphin,fish,clownfish,moose,wolf,cheetah,ferret,groundhog,lemur",-5.0499
01K4DT41SADYAM07T7XZ3VHRJG-animals,27,ngram-2,animals,fly,bee,False,True,0,"cat,dog,rabbit,deer,mongoose,elephant,giraffe,tiger,lion,caterpillar,bird,mouse,rat,sparrow,eagle,hippopotamus,dolphin,fish,clownfish,moose,wolf,cheetah,ferret,groundhog,lemur,ant",-4.1836
01K4DT41SADYAM07T7XZ3VHRJG-animals,28,ngram-2,animals,spider,ant,False,True,0,"cat,dog,rabbit,deer,mongoose,elephant,giraffe,tiger,lion,caterpillar,bird,mouse,rat,sparrow,eagle,hippopotamus,dolphin,fish,clownfish,moose,wolf,cheetah,ferret,groundhog,lemur,ant,fly",-4.6540
01K4DT41SADYAM07T7XZ3VHRJG-animals,29,ngram-2,animals,snake,ant,False,True,0,"cat,dog,rabbit,deer,mongoose,elephant,giraffe,tiger,lion,caterpillar,bird,mouse,rat,sparrow,eagle,hippopotamus,dolphin,fish,clownfish,moose,wolf,cheetah,ferret,groundhog,lemur,ant,fly,spider",-5.0783
01K4DT41SADYAM07T7XZ3VHRJG-animals,30,ngram-2,animals,lizard,lizard,True,True,0,"cat,dog,rabbit,deer,mongoose,elephant,giraffe,tiger,lion,caterpillar,bird,mouse,rat,sparrow,eagle,hippopotamus,dolphin,fish,clownfish,moose,wolf,cheetah,ferret,groundhog,lemur,ant,fly,spider,snake",-4.1987
01K4DT41SADYAM07T7XZ3VHRJG-animals,31,ngram-2,animals,gecko,crocodile,False,True,0,"cat,dog,rabbit,deer,mongoose,elephant,giraffe,tiger,lion,caterpillar,bird,mouse,rat,sparrow,eagle,hippopotamus,dolphin,fish,clownfish,moose,wolf,cheetah,ferret,groundhog,lemur,ant,fly,spider,snake,lizard",-4.6759
01K4DT41SADYAM07T7XZ3VHRJG-animals,32,ngram-2,animals,chameleon,anteater,False,True,0,"cat,dog,rabbit,deer,mongoose,elephant,giraffe,tiger,lion,caterpillar,bird,mouse,rat,sparrow,eagle,hippopotamus,dolphin,fish,clownfish,moose,wolf,cheetah,ferret,groundhog,lemur,ant,fly,spider,snake,lizard,gecko",-5.0402
01K4DT41SADYAM07T7XZ3VHRJG-animals,33,ngram-2,animals,komododragon,penguin,False,True,0,"cat,dog,rabbit,deer,mongoose,elephant,giraffe,tiger,lion,caterpillar,bird,mouse,rat,sparrow,eagle,hippopotamus,dolphin,fish,clownfish,moose,wolf,cheetah,ferret,groundhog,lemur,ant,fly,spider,snake,lizard,gecko,chameleon",-5.0370
01K4DT41SADYAM07T7XZ3VHRJG-animals,34,ngram-2,animals,elk,cat,False,True,0,"cat,dog,rabbit,deer,mongoose,elephant,giraffe,tiger,lion,caterpillar,bird,mouse,rat,sparrow,eagle,hippopotamus,dolphin,fish,clownfish,moose,wolf,cheetah,ferret,groundhog,lemur,ant,fly,spider,snake,lizard,gecko,chameleon,komodo dragon",-5.0370
01K4DT41SADYAM07T7XZ3VHRJG-animals,35,ngram-2,animals,reindeer,bear,False,True,0,"cat,dog,rabbit,deer,mongoose,elephant,giraffe,tiger,lion,caterpillar,bird,mouse,rat,sparrow,eagle,hippopotamus,dolphin,fish,clownfish,moose,wolf,cheetah,ferret,groundhog,lemur,ant,fly,spider,snake,lizard,gecko,chameleon,komodo dragon,elk",-5.0466
01K4DT41SADYAM07T7XZ3VHRJG-animals,36,ngram-2,animals,bunny,bison,False,True,0,"cat,dog,rabbit,deer,mongoose,elephant,giraffe,tiger,lion,caterpillar,bird,mouse,rat,sparrow,eagle,hippopotamus,dolphin,fish,clownfish,moose,wolf,cheetah,ferret,groundhog,lemur,ant,fly,spider,snake,lizard,gecko,chameleon,komodo dragon,elk,reindeer",-5.0434
01K4DT41SADYAM07T7XZ3VHRJG-animals,37,ngram-2,animals,dodo,hamster,False,True,0,"cat,dog,rabbit,deer,mongoose,elephant,giraffe,tiger,lion,caterpillar,bird,mouse,rat,sparrow,eagle,hippopotamus,dolphin,fish,clownfish,moose,wolf,cheetah,ferret,groundhog,lemur,ant,fly,spider,snake,lizard,gecko,chameleon,komodo dragon,elk,reindeer,bunny",-5.0370
01K4DT41SADYAM07T7XZ3VHRJG-animals,38,ngram-2,animals,peacock,aardvark,False,True,0,"cat,dog,rabbit,deer,mongoose,elephant,giraffe,tiger,lion,caterpillar,bird,mouse,rat,sparrow,eagle,hippopotamus,dolphin,fish,clownfish,moose,wolf,cheetah,ferret,groundhog,lemur,ant,fly,spider,snake,lizard,gecko,chameleon,komodo dragon,elk,reindeer,bunny,dodo",-5.7236
01K4DT41SADYAM07T7XZ3VHRJG-animals,39,ngram-2,animals,robin,hawk,False,True,0,"cat,dog,rabbit,deer,mongoose,elephant,giraffe,tiger,lion,caterpillar,bird,mouse,rat,sparrow,eagle,hippopotamus,dolphin,fish,clownfish,moose,wolf,cheetah,ferret,groundhog,lemur,ant,fly,spider,snake,lizard,gecko,chameleon,komodo dragon,elk,reindeer,bunny,dodo,peacock",-4.6476
01K4DT41SADYAM07T7XZ3VHRJG-animals,40,ngram-2,animals,chicken,beaver,False,True,0,"cat,dog,rabbit,deer,mongoose,elephant,giraffe,tiger,lion,caterpillar,bird,mouse,rat,sparrow,eagle,hippopotamus,dolphin,fish,clownfish,moose,wolf,cheetah,ferret,groundhog,lemur,ant,fly,spider,snake,lizard,gecko,chameleon,komodo dragon,elk,reindeer,bunny,dodo,peacock,robin",-5.0562
01K4DT91MGFDMX8H4XMKCPSV69-animals,2,ngram-2,animals,dog,dog,True,True,0,"cat",-2.9042
01K4DT91MGFDMX8H4XMKCPSV69-animals,3,ngram-2,animals,tiger,cat,False,True,0,"cat,dog",-2.3680
01K4DT91MGFDMX8H4XMKCPSV69-animals,4,ngram-2,animals,lion,lion,True,True,0,"cat,dog,tiger",-3.2217
01K4DT91MGFDMX8H4XMKCPSV69-animals,5,ngram-2,animals,penguin,tiger,False,True,0,"cat,dog,tiger,lion",-3.1781
01K4DT91MGFDMX8H4XMKCPSV69-animals,6,ngram-2,animals,zebra,horse,False,True,0,"cat,dog,tiger,lion,penguin",-4.6883
01K4DT91MGFDMX8H4XMKCPSV69-animals,7,ngram-2,animals,horse,giraffe,False,True,0,"cat,dog,tiger,lion,penguin,zebra",-4.4248
01K4DT91MGFDMX8H4XMKCPSV69-animals,8,ngram-2,animals,giraffe,cow,False,True,0,"cat,dog,tiger,lion,penguin,zebra,horse",-3.7699
01K4DT91MGFDMX8H4XMKCPSV69-animals,9,ngram-2,animals,polarbear,tiger,False,True,0,"cat,dog,tiger,lion,penguin,zebra,horse,giraffe",-4.4308
01K4DT91MGFDMX8H4XMKCPSV69-animals,10,ngram-2,animals,pony,grizzlybear,False,True,0,"cat,dog,tiger,lion,penguin,zebra,horse,giraffe,polar bear",-4.6728
01K4DT91MGFDMX8H4XMKCPSV69-animals,11,ngram-2,animals,donkey,cat,False,True,0,"cat,dog,tiger,lion,penguin,zebra,horse,giraffe,polar bear,pony",-5.0531
01K4DT91MGFDMX8H4XMKCPSV69-animals,12,ngram-2,animals,lizard,horse,False,True,0,"cat,dog,tiger,lion,penguin,zebra,horse,giraffe,polar bear,pony,donkey",-4.4037
01K4DT91MGFDMX8H4XMKCPSV69-animals,13,ngram-2,animals,crocodile,gecko,False,True,0,"cat,dog,tiger,lion,penguin,zebra,horse,giraffe,polar bear,pony,donkey,lizard",-4.3944
01K4DT91MGFDMX8H4XMKCPSV69-animals,14,ngram-2,animals,snake,alligator,False,True,0,"cat,dog,tiger,lion,penguin,zebra,horse,giraffe,polar bear,pony,donkey,lizard,crocodile",-4.6821
01K4DT91MGFDMX8H4XMKCPSV69-animals,15,ngram-2,animals,panda,lizard,False,True,0,"cat,dog,tiger,lion,penguin,zebra,horse,giraffe,polar bear,pony,donkey,lizard,crocodile,snake",-4.0224
01K4DT91MGFDMX8H4XMKCPSV69-animals,16,ngram-2,animals,bear,bear,True,True,0,"cat,dog,tiger,lion,penguin,zebra,horse,giraffe,polar bear,pony,donkey,lizard,crocodile,snake,panda",-4.6944
01K4DT91MGFDMX8H4XMKCPSV69-animals,17,ngram-2,animals,puma,lion,False,True,0,"cat,dog,tiger,lion,penguin,zebra,horse,giraffe,polar bear,pony,donkey,lizard,crocodile,snake,panda,bear",-4.4368
01K4DT91MGFDMX8H4XMKCPSV69-animals,18,ngram-2,animals,leopard,cheetah,False,True,0,"cat,dog,tiger,lion,penguin,zebra,horse,giraffe,polar bear,pony,donkey,lizard,crocodile,snake,panda,bear,puma",-5.0531
01K4DT91MGFDMX8H4XMKCPSV69-animals,19,ngram-2,animals,cow,antelope,False,True,0,"cat,dog,tiger,lion,penguin,zebra,horse,giraffe,polar bear,pony,donkey,lizard,crocodile,snake,panda,bear,puma,leopard",-4.7005
01K4DT91MGFDMX8H4XMKCPSV69-animals,20,ngram-2,animals,lamb,chicken,False,True,0,"cat,dog,tiger,lion,penguin,zebra,horse,giraffe,polar bear,pony,donkey,lizard,crocodile,snake,panda,bear,puma,leopard,cow",-3.6492
01K4DT91MGFDMX8H4XMKCPSV69-animals,21,ngram-2,animals,pig,goat,False,True,0,"cat,dog,tiger,lion,penguin,zebra,horse,giraffe,polar bear,pony,donkey,lizard,crocodile,snake,panda,bear,puma,leopard,cow,lamb",-4.6666
01K4DT91MGFDMX8H4XMKCPSV69-animals,22,ngram-2,animals,fox,cow,False,True,0,"cat,dog,tiger,lion,penguin,zebra,horse,giraffe,polar bear,pony,donkey,lizard,crocodile,snake,panda,bear,puma,leopard,cow,lamb,pig",-3.7524
01K4DT91MGFDMX8H4XMKCPSV69-animals,23,ngram-2,animals,wolf,wolf,True,True,0,"cat,dog,tiger,lion,penguin,zebra,horse,giraffe,polar bear,pony,donkey,lizard,crocodile,snake,panda,bear,puma,leopard,cow,lamb,pig,fox",-4.0194
01K4DT91MGFDMX8H4XMKCPSV69-animals,24,ngram-2,animals,deer,fox,False,True,0,"cat,dog,tiger,lion,penguin,zebra,horse,giraffe,polar bear,pony,donkey,lizard,crocodile,snake,panda,bear,puma,leopard,cow,lamb,pig,fox,wolf",-4.4006
01K4DT91MGFDMX8H4XMKCPSV69-animals,25,ngram-2,animals,skunk,moose,False,True,0,"cat,dog,tiger,lion,penguin,zebra,horse,giraffe,polar bear,pony,donkey,lizard,crocodile,snake,panda,bear,puma,leopard,cow,lamb,pig,fox,wolf,deer",-4.4158
01K4DT91MGFDMX8H4XMKCPSV69-animals,26,ngram-2,animals,mole,deer,False,True,0,"cat,dog,tiger,lion,penguin,zebra,horse,giraffe,polar bear,pony,donkey,lizard,crocodile,snake,panda,bear,puma,leopard,cow,lamb,pig,fox,wolf,deer,skunk",-4.6571
01K4DT91MGFDMX8H4XMKCPSV69-animals,27,ngram-2,animals,vole,aardvark,False,True,0,"cat,dog,tiger,lion,penguin,zebra,horse,giraffe,polar bear,pony,donkey,lizard,crocodile,snake,panda,bear,puma,leopard,cow,lamb,pig,fox,wolf,deer,skunk,mole",-5.0531
01K4DT91MGFDMX8H4XMKCPSV69-animals,28,ngram-2,animals,tortoise,shrew,False,True,0,"cat,dog,tiger,lion,penguin,zebra,horse,giraffe,polar bear,pony,donkey,lizard,crocodile,snake,panda,bear,puma,leopard,cow,lamb,pig,fox,wolf,deer,skunk,mole,vole",-4.6476
01K4DT91MGFDMX8H4XMKCPSV69-animals,29,ngram-2,animals,otter,turtle,False,True,0,"cat,dog,tiger,lion,penguin,zebra,horse,giraffe,polar bear,pony,donkey,lizard,crocodile,snake,panda,bear,puma,leopard,cow,lamb,pig,fox,wolf,deer,skunk,mole,vole,tortoise",-4.6571
01K4DT91MGFDMX8H4XMKCPSV69-animals,30,ngram-2,animals,rat,badger,False,True,0,"cat,dog,tiger,lion,penguin,zebra,horse,giraffe,polar bear,pony,donkey,lizard,crocodile,snake,panda,bear,puma,leopard,cow,lamb,pig,fox,wolf,deer,skunk,mole,vole,tortoise,otter",-5.0562
01K4DT91MGFDMX8H4XMKCPSV69-animals,31,ngram-2,animals,mouse,mouse,True,True,0,"cat,dog,tiger,lion,penguin,zebra,horse,giraffe,polar bear,pony,donkey,lizard,crocodile,snake,panda,bear,puma,leopard,cow,lamb,pig,fox,wolf,deer,skunk,mole,vole,tortoise,otter,rat",-3.1840
01K4DT91MGFDMX8H4XMKCPSV69-animals,32,ngram-2,animals,rabbit,rat,False,True,0,"cat,dog,tiger,lion,penguin,zebra,horse,giraffe,polar bear,pony,donkey,lizard,crocodile,snake,panda,bear,puma,leopard,cow,lamb,pig,fox,wolf,deer,skunk,mole,vole,tortoise,otter,rat,mouse",-3.7436
01K4DT91MGFDMX8H4XMKCPSV69-animals,33,ngram-2,animals,camel,hare,False,True,0,"cat,dog,tiger,lion,penguin,zebra,horse,giraffe,polar bear,pony,donkey,lizard,crocodile,snake,panda,bear,puma,leopard,cow,lamb,pig,fox,wolf,deer,skunk,mole,vole,tortoise,otter,rat,mouse,rabbit",-4.0372
01K4DT91MGFDMX8H4XMKCPSV69-animals,34,ngram-2,animals,elephant,horse,False,True,0,"cat,dog,tiger,lion,penguin,zebra,horse,giraffe,polar bear,pony,donkey,lizard,crocodile,snake,panda,bear,puma,leopard,cow,lamb,pig,fox,wolf,deer,skunk,mole,vole,tortoise,otter,rat,mouse,rabbit,camel",-4.6508
01K4DT91MGFDMX8H4XMKCPSV69-animals,35,ngram-2,animals,hippopotamus,tiger,False,True,0,"cat,dog,tiger,lion,penguin,zebra,horse,giraffe,polar bear,pony,donkey,lizard,crocodile,snake,panda,bear,puma,leopard,cow,lamb,pig,fox,wolf,deer,skunk,mole,vole,tortoise,otter,rat,mouse,rabbit,camel,elephant",-3.9120
01K4DTCNN0QR8ZHT9FCAY6XEC2-animals,2,ngram-2,animals,goat,cow,False,True,0,"sheep",-3.7317
01K4DTCNN0QR8ZHT9FCAY6XEC2-animals,3,ngram-2,animals,dog,sheep,False,True,0,"sheep,goat",-4.0104
01K4DTCNN0QR8ZHT9FCAY6XEC2-animals,4,ngram-2,animals,cat,cat,True,True,0,"sheep,goat,dog",-2.3951
01K4DTCNN0QR8ZHT9FCAY6XEC2-animals,5,ngram-2,animals,horse,dog,False,True,0,"sheep,goat,dog,cat",-2.8526
01K4DTCNN0QR8ZHT9FCAY6XEC2-animals,6,ngram-2,animals,donkey,cow,False,True,0,"sheep,goat,dog,cat,horse",-3.7670
01K4DTCNN0QR8ZHT9FCAY6XEC2-animals,7,ngram-2,animals,lion,horse,False,True,0,"sheep,goat,dog,cat,horse,donkey",-4.4006
01K4DTCNN0QR8ZHT9FCAY6XEC2-animals,8,ngram-2,animals,tiger,tiger,True,True,0,"sheep,goat,dog,cat,horse,donkey,lion",-3.2443
01K4DTCNN0QR8ZHT9FCAY6XEC2-animals,9,ngram-2,animals,buffalo,lion,False,True,0,"sheep,goat,dog,cat,horse,donkey,lion,tiger",-3.1499
01K4DTCNN0QR8ZHT9FCAY6XEC2-animals,10,ngram-2,animals,cow,chipmunk,False,True,0,"sheep,goat,dog,cat,horse,donkey,lion,tiger,buffalo",-5.0402
01K4DTCNN0QR8ZHT9FCAY6XEC2-animals,11,ngram-2,animals,rhino,chicken,False,True,0,"sheep,goat,dog,cat,horse,donkey,lion,tiger,buffalo,cow",-3.6463
01K4DTCNN0QR8ZHT9FCAY6XEC2-animals,12,ngram-2,animals,elephant,hippopotamus,False,True,0,"sheep,goat,dog,cat,horse,donkey,lion,tiger,buffalo,cow,rhino",-4.3726
01K4DTCNN0QR8ZHT9FCAY6XEC2-animals,13,ngram-2,animals,monkey,tiger,False,True,0,"sheep,goat,dog,cat,horse,donkey,lion,tiger,buffalo,cow,rhino,elephant",-3.9092
01K4DTCNN0QR8ZHT9FCAY6XEC2-animals,14,ngram-2,animals,gorilla,chimpanzee,False,True,0,"sheep,goat,dog,cat,horse,donkey,lion,tiger,buffalo,cow,rhino,elephant,monkey",-4.0342
01K4DTCNN0QR8ZHT9FCAY6XEC2-animals,15,ngram-2,animals,chimpanzee,chimpanzee,True,True,0,"sheep,goat,dog,cat,horse,donkey,lion,tiger,buffalo,cow,rhino,elephant,monkey,gorilla",-4.4067
01K4DTCNN0QR8ZHT9FCAY6XEC2-animals,16,ngram-2,animals,rat,gorilla,False,True,0,"sheep,goat,dog,cat,horse,donkey,lion,tiger,buffalo,cow,rhino,elephant,monkey,gorilla,chimpanzee",-4.3789
01K4DTCNN0QR8ZHT9FCAY6XEC2-animals,17,ngram-2,animals,leopard,mouse,False,True,0,"sheep,goat,dog,cat,horse,donkey,lion,tiger,buffalo,cow,rhino,elephant,monkey,gorilla,chimpanzee,rat",-3.1120
01K4DTCNN0QR8ZHT9FCAY6XEC2-animals,18,ngram-2,animals,antelope,cheetah,False,True,0,"sheep,goat,dog,cat,horse,donkey,lion,tiger,buffalo,cow,rhino,elephant,monkey,gorilla,chimpanzee,rat,leopard",-4.6974
01K4DTCNN0QR8ZHT9FCAY6XEC2-animals,19,ngram-2,animals,bison,alligator,False,True,0,"sheep,goat,dog,cat,horse,donkey,lion,tiger,buffalo,cow,rhino,elephant,monkey,gorilla,chimpanzee,rat,leopard,antelope",-5.0531
01K4DTCNN0QR8ZHT9FCAY6XEC2-animals,20,ngram-2,animals,pig,antelope,False,True,0,"sheep,goat,dog,cat,horse,donkey,lion,tiger,buffalo,cow,rhino,elephant,monkey,gorilla,chimpanzee,rat,leopard,antelope,bison",-5.0658
01K4DTCNN0QR8ZHT9FCAY6XEC2-animals,21,ngram-2,animals,warthog,cow,False,True,0,"sheep,goat,dog,cat,horse,donkey,lion,tiger,buffalo,cow,rhino,elephant,monkey,gorilla,chimpanzee,rat,leopard,antelope,bison,pig",-3.7495
01K4DTCNN0QR8ZHT9FCAY6XEC2-animals,22,ngram-2,animals,dolphin,aardvark,False,True,0,"sheep,goat,dog,cat,horse,donkey,lion,tiger,buffalo,cow,rhino,elephant,monkey,gorilla,chimpanzee,rat,leopard,antelope,bison,pig,warthog",-5.7268
01K4DTCNN0QR8ZHT9FCAY6XEC2-animals,23,ngram-2,animals,whale,shark,False,True,0,"sheep,goat,dog,cat,horse,donkey,lion,tiger,buffalo,cow,rhino,elephant,monkey,gorilla,chimpanzee,rat,leopard,antelope,bison,pig,warthog,dolphin",-4.4188
01K4DTCNN0QR8ZHT9FCAY6XEC2-animals,24,ngram-2,animals,bear,dolphin,False,True,0,"sheep,goat,dog,cat,horse,donkey,lion,tiger,buffalo,cow,rhino,elephant,monkey,gorilla,chimpanzee,rat,leopard,antelope,bison,pig,warthog,dolphin,whale",-4.1866
01K4DTD9SBF9BDJEA4TF1Z1NJD-animals,2,ngram-2,animals,dog,cow,False,True,0,"pig",-3.7495
01K4DTD9SBF9BDJEA4TF1Z1NJD-animals,3,ngram-2,animals,cat,cat,True,True,0,"pig,dog",-2.3951
01K4DTD9SBF9BDJEA4TF1Z1NJD-animals,4,ngram-2,animals,sheep,dog,False,True,0,"pig,dog,cat",-2.8526
01K4DTD9SBF9BDJEA4TF1Z1NJD-animals,5,ngram-2,animals,cow,cow,True,True,0,"pig,dog,cat,sheep",-3.8652
01K4DTD9SBF9BDJEA4TF1Z1NJD-animals,6,ngram-2,animals,goat,chicken,False,True,0,"pig,dog,cat,sheep,cow",-3.6463
01K4DTD9SBF9BDJEA4TF1Z1NJD-animals,7,ngram-2,animals,llama,sheep,False,True,0,"pig,dog,cat,sheep,cow,goat",-4.0104
01K4DTD9SBF9BDJEA4TF1Z1NJD-animals,8,ngram-2,animals,bird,alpaca,False,True,0,"pig,dog,cat,sheep,cow,goat,llama",-4.1589
01K4DTD9SBF9BDJEA4TF1Z1NJD-animals,9,ngram-2,animals,elephant,eagle,False,True,0,"pig,dog,cat,sheep,cow,goat,llama,bird",-4.4098
01K4DTD9SBF9BDJEA4TF1Z1NJD-animals,10,ngram-2,animals,tiger,giraffe,False,True,0,"pig,dog,cat,sheep,cow,goat,llama,bird,elephant",-4.0633
01K4DTD9SBF9BDJEA4TF1Z1NJD-animals,11,ngram-2,animals,lion,lion,True,True,0,"pig,dog,cat,sheep,cow,goat,llama,bird,elephant,tiger",-3.2189
01K4DTD9SBF9BDJEA4TF1Z1NJD-animals,12,ngram-2,animals,giraffe,tiger,False,True,0,"pig,dog,cat,sheep,cow,goat,llama,bird,elephant,tiger,lion",-3.1753
01K4DTD9SBF9BDJEA4TF1Z1NJD-animals,13,ngram-2,animals,hippopotamus,tiger,False,True,0,"pig,dog,cat,sheep,cow,goat,llama,bird,elephant,tiger,lion,giraffe",-4.4278
01K4DTD9SBF9BDJEA4TF1Z1NJD-animals,14,ngram-2,animals,panda,dolphin,False,True,0,"pig,dog,cat,sheep,cow,goat,llama,bird,elephant,tiger,lion,giraffe,hippopotamus",-4.6666
01K4DTD9SBF9BDJEA4TF1Z1NJD-animals,15,ngram-2,animals,polarbear,bear,False,True,0,"pig,dog,cat,sheep,cow,goat,llama,bird,elephant,tiger,lion,giraffe,hippopotamus,panda",-4.4037
01K4DTD9SBF9BDJEA4TF1Z1NJD-animals,16,ngram-2,animals,snake,grizzlybear,False,True,0,"pig,dog,cat,sheep,cow,goat,llama,bird,elephant,tiger,lion,giraffe,hippopotamus,panda,polar bear",-4.6697
01K4DTD9SBF9BDJEA4TF1Z1NJD-animals,17,ngram-2,animals,toad,lizard,False,True,0,"pig,dog,cat,sheep,cow,goat,llama,bird,elephant,tiger,lion,giraffe,hippopotamus,panda,polar bear,snake",-4.0194
01K4DTD9SBF9BDJEA4TF1Z1NJD-animals,18,ngram-2,animals,frog,butterfly,False,True,0,"pig,dog,cat,sheep,cow,goat,llama,bird,elephant,tiger,lion,giraffe,hippopotamus,panda,polar bear,snake,toad",-5.0562
01K4DTD9SBF9BDJEA4TF1Z1NJD-animals,19,ngram-2,animals,tadpole,newt,False,True,0,"pig,dog,cat,sheep,cow,goat,llama,bird,elephant,tiger,lion,giraffe,hippopotamus,panda,polar bear,snake,toad,frog",-4.6759
01K4DTD9SBF9BDJEA4TF1Z1NJD-animals,20,ngram-2,animals,fish,grasshopper,False,True,0,"pig,dog,cat,sheep,cow,goat,llama,bird,elephant,tiger,lion,giraffe,hippopotamus,panda,polar bear,snake,toad,frog,tadpole",-5.0370
01K4DTD9SBF9BDJEA4TF1Z1NJD-animals,21,ngram-2,animals,shark,shark,True,True,0,"pig,dog,cat,sheep,cow,goat,llama,bird,elephant,tiger,lion,giraffe,hippopotamus,panda,polar bear,snake,toad,frog,tadpole,fish",-4.4248
01K4DTD9SBF9BDJEA4TF1Z1NJD-animals,22,ngram-2,animals,dolphin,dolphin,True,True,0,"pig,dog,cat,sheep,cow,goat,llama,bird,elephant,tiger,lion,giraffe,hippopotamus,panda,polar bear,snake,toad,frog,tadpole,fish,shark",-4.6852
01K4DTD9SBF9BDJEA4TF1Z1NJD-animals,23,ngram-2,animals,whale,shark,False,True,0,"pig,dog,cat,sheep,cow,goat,llama,bird,elephant,tiger,lion,giraffe,hippopotamus,panda,polar bear,snake,toad,frog,tadpole,fish,shark,dolphin",-4.4188
01K4DTD9SBF9BDJEA4TF1Z1NJD-animals,24,ngram-2,animals,crab,dolphin,False,True,0,"pig,dog,cat,sheep,cow,goat,llama,bird,elephant,tiger,lion,giraffe,hippopotamus,panda,polar bear,snake,toad,frog,tadpole,fish,shark,dolphin,whale",-4.1866
01K4DTD9SBF9BDJEA4TF1Z1NJD-animals,25,ngram-2,animals,lobster,lobster,True,True,0,"pig,dog,cat,sheep,cow,goat,llama,bird,elephant,tiger,lion,giraffe,hippopotamus,panda,polar bear,snake,toad,frog,tadpole,fish,shark,dolphin,whale,crab",-3.9640
01K4DTD9SBF9BDJEA4TF1Z1NJD-animals,26,ngram-2,animals,squid,shrimp,False,True,0,"pig,dog,cat,sheep,cow,goat,llama,bird,elephant,tiger,lion,giraffe,hippopotamus,panda,polar bear,snake,toad,frog,tadpole,fish,shark,dolphin,whale,crab,lobster",-4.6508
01K4DTD9SBF9BDJEA4TF1Z1NJD-animals,27,ngram-2,animals,octopus,salmon,False,True,0,"pig,dog,cat,sheep,cow,goat,llama,bird,elephant,tiger,lion,giraffe,hippopotamus,panda,polar bear,snake,toad,frog,tadpole,fish,shark,dolphin,whale,crab,lobster,squid",-5.0402
01K4DTD9SBF9BDJEA4TF1Z1NJD-animals,28,ngram-2,animals,rat,cuttlefish,False,True,0,"pig,dog,cat,sheep,cow,goat,llama,bird,elephant,tiger,lion,giraffe,hippopotamus,panda,polar bear,snake,toad,frog,tadpole,fish,shark,dolphin,whale,crab,lobster,squid,octopus",-5.0594
01K4DTD9SBF9BDJEA4TF1Z1NJD-animals,29,ngram-2,animals,mouse,mouse,True,True,0,"pig,dog,cat,sheep,cow,goat,llama,bird,elephant,tiger,lion,giraffe,hippopotamus,panda,polar bear,snake,toad,frog,tadpole,fish,shark,dolphin,whale,crab,lobster,squid,octopus,rat",-3.1810
01K4DTD9SBF9BDJEA4TF1Z1NJD-animals,30,ngram-2,animals,squirrel,rat,False,True,0,"pig,dog,cat,sheep,cow,goat,llama,bird,elephant,tiger,lion,giraffe,hippopotamus,panda,polar bear,snake,toad,frog,tadpole,fish,shark,dolphin,whale,crab,lobster,squid,octopus,rat,mouse",-3.7406
01K4DTD9SBF9BDJEA4TF1Z1NJD-animals,31,ngram-2,animals,pigeon,fox,False,True,0,"pig,dog,cat,sheep,cow,goat,llama,bird,elephant,tiger,lion,giraffe,hippopotamus,panda,polar bear,snake,toad,frog,tadpole,fish,shark,dolphin,whale,crab,lobster,squid,octopus,rat,mouse,squirrel",-4.6666
01K4DTD9SBF9BDJEA4TF1Z1NJD-animals,32,ngram-2,animals,chicken,jaguar,False,True,0,"pig,dog,cat,sheep,cow,goat,llama,bird,elephant,tiger,lion,giraffe,hippopotamus,panda,polar bear,snake,toad,frog,tadpole,fish,shark,dolphin,whale,crab,lobster,squid,octopus,rat,mouse,squirrel,pigeon",-5.0499
01K4DTD9SBF9BDJEA4TF1Z1NJD-animals,33,ngram-2,animals,pheasant,horse,False,True,0,"pig,dog,cat,sheep,cow,goat,llama,bird,elephant,tiger,lion,giraffe,hippopotamus,panda,polar bear,snake,toad,frog,tadpole,fish,shark,dolphin,whale,crab,lobster,squid,octopus,rat,mouse,squirrel,pigeon,chicken",-4.2017
01K4DTD9SBF9BDJEA4TF1Z1NJD-animals,34,ngram-2,animals,peacock,aardvark,False,True,0,"pig,dog,cat,sheep,cow,goat,llama,bird,elephant,tiger,lion,giraffe,hippopotamus,panda,polar bear,snake,toad,frog,tadpole,fish,shark,dolphin,whale,crab,lobster,squid,octopus,rat,mouse,squirrel,pigeon,chicken,pheasant",-5.7268
01K4DTD9SBF9BDJEA4TF1Z1NJD-animals,35,ngram-2,animals,dove,hawk,False,True,0,"pig,dog,cat,sheep,cow,goat,llama,bird,elephant,tiger,lion,giraffe,hippopotamus,panda,polar bear,snake,toad,frog,tadpole,fish,shark,dolphin,whale,crab,lobster,squid,octopus,rat,mouse,squirrel,pigeon,chicken,pheasant,peacock",-4.6508
01K4DTD9SBF9BDJEA4TF1Z1NJD-animals,36,ngram-2,animals,rooster,falcon,False,True,0,"pig,dog,cat,sheep,cow,goat,llama,bird,elephant,tiger,lion,giraffe,hippopotamus,panda,polar bear,snake,toad,frog,tadpole,fish,shark,dolphin,whale,crab,lobster,squid,octopus,rat,mouse,squirrel,pigeon,chicken,pheasant,peacock,dove",-5.0370
01K4DTD9SBF9BDJEA4TF1Z1NJD-animals,37,ngram-2,animals,hawk,bull,False,True,0,"pig,dog,cat,sheep,cow,goat,llama,bird,elephant,tiger,lion,giraffe,hippopotamus,panda,polar bear,snake,toad,frog,tadpole,fish,shark,dolphin,whale,crab,lobster,squid,octopus,rat,mouse,squirrel,pigeon,chicken,pheasant,peacock,dove,rooster",-5.0562
01K4DTEBXXJ9BN4F0VB5WTE2RS-animals,2,ngram-2,animals,dog,dog,True,True,0,"cat",-2.9042
01K4DTEBXXJ9BN4F0VB5WTE2RS-animals,3,ngram-2,animals,horse,cat,False,True,0,"cat,dog",-2.3680
01K4DTEBXXJ9BN4F0VB5WTE2RS-animals,4,ngram-2,animals,donkey,cow,False,True,0,"cat,dog,horse",-3.7699
01K4DTEBXXJ9BN4F0VB5WTE2RS-animals,5,ngram-2,animals,giraffe,horse,False,True,0,"cat,dog,horse,donkey",-4.4037
01K4DTEBXXJ9BN4F0VB5WTE2RS-animals,6,ngram-2,animals,tiger,coyote,False,True,0,"cat,dog,horse,donkey,giraffe",-4.7185
01K4DTEBXXJ9BN4F0VB5WTE2RS-animals,7,ngram-2,animals,whale,lion,False,True,0,"cat,dog,horse,donkey,giraffe,tiger",-3.1527
01K4DTEBXXJ9BN4F0VB5WTE2RS-animals,8,ngram-2,animals,elephant,dolphin,False,True,0,"cat,dog,horse,donkey,giraffe,tiger,whale",-4.1897
01K4DTEBXXJ9BN4F0VB5WTE2RS-animals,9,ngram-2,animals,panda,tiger,False,True,0,"cat,dog,horse,donkey,giraffe,tiger,whale,elephant",-3.9120
01K4DTEBXXJ9BN4F0VB5WTE2RS-animals,10,ngram-2,animals,penguin,bear,False,True,0,"cat,dog,horse,donkey,giraffe,tiger,whale,elephant,panda",-4.4067
01K4DTEBXXJ9BN4F0VB5WTE2RS-animals,11,ngram-2,animals,turtle,horse,False,True,0,"cat,dog,horse,donkey,giraffe,tiger,whale,elephant,panda,penguin",-4.6883
01K4DTEBXXJ9BN4F0VB5WTE2RS-animals,12,ngram-2,animals,bear,tortoise,False,True,0,"cat,dog,horse,donkey,giraffe,tiger,whale,elephant,panda,penguin,turtle",-4.3789
01K4DTEBXXJ9BN4F0VB5WTE2RS-animals,13,ngram-2,animals,lion,fox,False,True,0,"cat,dog,horse,donkey,giraffe,tiger,whale,elephant,panda,penguin,turtle,bear",-4.7244
01K4DTEBXXJ9BN4F0VB5WTE2RS-animals,14,ngram-2,animals,leopard,tiger,False,True,0,"cat,dog,horse,donkey,giraffe,tiger,whale,elephant,panda,penguin,turtle,bear,lion",-3.1781
01K4DTEBXXJ9BN4F0VB5WTE2RS-animals,15,ngram-2,animals,bison,antelope,False,True,0,"cat,dog,horse,donkey,giraffe,tiger,whale,elephant,panda,penguin,turtle,bear,lion,leopard",-4.7005
01K4DTEBXXJ9BN4F0VB5WTE2RS-animals,16,ngram-2,animals,snake,antelope,False,True,0,"cat,dog,horse,donkey,giraffe,tiger,whale,elephant,panda,penguin,turtle,bear,lion,leopard,bison",-5.0689
01K4DTEBXXJ9BN4F0VB5WTE2RS-animals,17,ngram-2,animals,fox,lizard,False,True,0,"cat,dog,horse,donkey,giraffe,tiger,whale,elephant,panda,penguin,turtle,bear,lion,leopard,bison,snake",-4.0224
01K4DTEBXXJ9BN4F0VB5WTE2RS-animals,18,ngram-2,animals,bat,wolf,False,True,0,"cat,dog,horse,donkey,giraffe,tiger,whale,elephant,panda,penguin,turtle,bear,lion,leopard,bison,snake,fox",-3.8652
01K4DTEBXXJ9BN4F0VB5WTE2RS-animals,19,ngram-2,animals,lynx,rabbit,False,True,0,"cat,dog,horse,donkey,giraffe,tiger,whale,elephant,panda,penguin,turtle,bear,lion,leopard,bison,snake,fox,bat",-4.6697
01K4DTEBXXJ9BN4F0VB5WTE2RS-animals,20,ngram-2,animals,capybara,antelope,False,True,0,"cat,dog,horse,donkey,giraffe,tiger,whale,elephant,panda,penguin,turtle,bear,lion,leopard,bison,snake,fox,bat,lynx",-5.0434
01K4DTEBXXJ9BN4F0VB5WTE2RS-animals,21,ngram-2,animals,zebra,jaguar,False,True,0,"cat,dog,horse,donkey,giraffe,tiger,whale,elephant,panda,penguin,turtle,bear,lion,leopard,bison,snake,fox,bat,lynx,capybara",-5.0434
01K4DTEBXXJ9BN4F0VB5WTE2RS-animals,22,ngram-2,animals,squirrel,horse,False,True,0,"cat,dog,horse,donkey,giraffe,tiger,whale,elephant,panda,penguin,turtle,bear,lion,leopard,bison,snake,fox,bat,lynx,capybara,zebra",-4.2017
01K4DTEBXXJ9BN4F0VB5WTE2RS-animals,23,ngram-2,animals,shark,fox,False,True,0,"cat,dog,horse,donkey,giraffe,tiger,whale,elephant,panda,penguin,turtle,bear,lion,leopard,bison,snake,fox,bat,lynx,capybara,zebra,squirrel",-4.6697
01K4DTEBXXJ9BN4F0VB5WTE2RS-animals,24,ngram-2,animals,wolf,dolphin,False,True,0,"cat,dog,horse,donkey,giraffe,tiger,whale,elephant,panda,penguin,turtle,bear,lion,leopard,bison,snake,fox,bat,lynx,capybara,zebra,squirrel,shark",-4.4006
01K4DTEBXXJ9BN4F0VB5WTE2RS-animals,25,ngram-2,animals,monkey,fox,False,True,0,"cat,dog,horse,donkey,giraffe,tiger,whale,elephant,panda,penguin,turtle,bear,lion,leopard,bison,snake,fox,bat,lynx,capybara,zebra,squirrel,shark,wolf",-4.4006
01K4DTEGAZKAJFZAKSTBYQ5NZT-animals,2,ngram-2,animals,dog,dog,True,True,0,"cat",-2.8959
01K4DTEGAZKAJFZAKSTBYQ5NZT-animals,3,ngram-2,animals,aardvark,cat,False,True,0,"cat,dog",-2.3597
01K4DTEGAZKAJFZAKSTBYQ5NZT-animals,4,ngram-2,animals,monkey,anteater,False,True,0,"cat,dog,aardvark",-5.0370
01K4DTEGAZKAJFZAKSTBYQ5NZT-animals,5,ngram-2,animals,camel,chimpanzee,False,True,0,"cat,dog,aardvark,monkey",-4.0283
01K4DTEGAZKAJFZAKSTBYQ5NZT-animals,6,ngram-2,animals,horse,bear,False,True,0,"cat,dog,aardvark,monkey,camel",-5.0466
01K4DTEGAZKAJFZAKSTBYQ5NZT-animals,7,ngram-2,animals,cow,donkey,False,True,0,"cat,dog,aardvark,monkey,camel,horse",-3.7612
01K4DTEGAZKAJFZAKSTBYQ5NZT-animals,8,ngram-2,animals,sheep,chicken,False,True,0,"cat,dog,aardvark,monkey,camel,horse,cow",-3.6405
01K4DTEGAZKAJFZAKSTBYQ5NZT-animals,9,ngram-2,animals,lamb,cow,False,True,0,"cat,dog,aardvark,monkey,camel,horse,cow,sheep",-3.7257
01K4DTEGAZKAJFZAKSTBYQ5NZT-animals,10,ngram-2,animals,goat,sheep,False,True,0,"cat,dog,aardvark,monkey,camel,horse,cow,sheep,lamb",-4.6571
01K4DTEGAZKAJFZAKSTBYQ5NZT-animals,11,ngram-2,animals,buffalo,sheep,False,True,0,"cat,dog,aardvark,monkey,camel,horse,cow,sheep,lamb,goat",-4.0043
01K4DTEGAZKAJFZAKSTBYQ5NZT-animals,12,ngram-2,animals,lion,chipmunk,False,True,0,"cat,dog,aardvark,monkey,camel,horse,cow,sheep,lamb,goat,buffalo",-5.0337
01K4DTEGAZKAJFZAKSTBYQ5NZT-animals,13,ngram-2,animals,cheetah,tiger,False,True,0,"cat,dog,aardvark,monkey,camel,horse,cow,sheep,lamb,goat,buffalo,lion",-3.1697
01K4DTEGAZKAJFZAKSTBYQ5NZT-animals,14,ngram-2,animals,jaguar,leopard,False,True,0,"cat,dog,aardvark,monkey,camel,horse,cow,sheep,lamb,goat,buffalo,lion,cheetah",-4.1805
01K4DTEGAZKAJFZAKSTBYQ5NZT-animals,15,ngram-2,animals,leopard,cougar,False,True,0,"cat,dog,aardvark,monkey,camel,horse,cow,sheep,lamb,goat,buffalo,lion,cheetah,jaguar",-4.6634
01K4DTEGAZKAJFZAKSTBYQ5NZT-animals,16,ngram-2,animals,snake,antelope,False,True,0,"cat,dog,aardvark,monkey,camel,horse,cow,sheep,lamb,goat,buffalo,lion,cheetah,jaguar,leopard",-4.6913
01K4DTEGAZKAJFZAKSTBYQ5NZT-animals,17,ngram-2,animals,lizard,lizard,True,True,0,"cat,dog,aardvark,monkey,camel,horse,cow,sheep,lamb,goat,buffalo,lion,cheetah,jaguar,leopard,snake",-4.1957
01K4DTEGAZKAJFZAKSTBYQ5NZT-animals,18,ngram-2,animals,gecko,crocodile,False,True,0,"cat,dog,aardvark,monkey,camel,horse,cow,sheep,lamb,goat,buffalo,lion,cheetah,jaguar,leopard,snake,lizard",-4.6728
01K4DTEGAZKAJFZAKSTBYQ5NZT-animals,19,ngram-2,animals,anteater,chameleon,False,True,0,"cat,dog,aardvark,monkey,camel,horse,cow,sheep,lamb,goat,buffalo,lion,cheetah,jaguar,leopard,snake,lizard,gecko",-5.0370
01K4DTEGAZKAJFZAKSTBYQ5NZT-animals,20,ngram-2,animals,crocodile,armadillo,False,True,0,"cat,dog,aardvark,monkey,camel,horse,cow,sheep,lamb,goat,buffalo,lion,cheetah,jaguar,leopard,snake,lizard,gecko,anteater",-4.6444
01K4DTEGAZKAJFZAKSTBYQ5NZT-animals,21,ngram-2,animals,alligator,penguin,False,True,0,"cat,dog,aardvark,monkey,camel,horse,cow,sheep,lamb,goat,buffalo,lion,cheetah,jaguar,leopard,snake,lizard,gecko,anteater,crocodile",-4.6728
01K4DTEGAZKAJFZAKSTBYQ5NZT-animals,22,ngram-2,animals,fish,crocodile,False,True,0,"cat,dog,aardvark,monkey,camel,horse,cow,sheep,lamb,goat,buffalo,lion,cheetah,jaguar,leopard,snake,lizard,gecko,anteater,crocodile,alligator",-3.5617
01K4DTEGAZKAJFZAKSTBYQ5NZT-animals,23,ngram-2,animals,whale,shark,False,True,0,"cat,dog,aardvark,monkey,camel,horse,cow,sheep,lamb,goat,buffalo,lion,cheetah,jaguar,leopard,snake,lizard,gecko,anteater,crocodile,alligator,fish",-4.1957
01K4DTEGAZKAJFZAKSTBYQ5NZT-animals,24,ngram-2,animals,dolphin,shark,False,True,0,"cat,dog,aardvark,monkey,camel,horse,cow,sheep,lamb,goat,buffalo,lion,cheetah,jaguar,leopard,snake,lizard,gecko,anteater,crocodile,alligator,fish,whale",-4.1805
01K4DTEGAZKAJFZAKSTBYQ5NZT-animals,25,ngram-2,animals,shark,whale,False,True,0,"cat,dog,aardvark,monkey,camel,horse,cow,sheep,lamb,goat,buffalo,lion,cheetah,jaguar,leopard,snake,lizard,gecko,anteater,crocodile,alligator,fish,whale,dolphin",-4.1897
01K4DTEGAZKAJFZAKSTBYQ5NZT-animals,26,ngram-2,animals,octopus,dolphin,False,True,0,"cat,dog,aardvark,monkey,camel,horse,cow,sheep,lamb,goat,buffalo,lion,cheetah,jaguar,leopard,snake,lizard,gecko,anteater,crocodile,alligator,fish,whale,dolphin,shark",-4.3914
01K4DTEGAZKAJFZAKSTBYQ5NZT-animals,27,ngram-2,animals,cuttlefish,fish,False,True,0,"cat,dog,aardvark,monkey,camel,horse,cow,sheep,lamb,goat,buffalo,lion,cheetah,jaguar,leopard,snake,lizard,gecko,anteater,crocodile,alligator,fish,whale,dolphin,shark,octopus",-5.0531
01K4DTEGAZKAJFZAKSTBYQ5NZT-animals,28,ngram-2,animals,starfish,aardvark,False,True,0,"cat,dog,aardvark,monkey,camel,horse,cow,sheep,lamb,goat,buffalo,lion,cheetah,jaguar,leopard,snake,lizard,gecko,anteater,crocodile,alligator,fish,whale,dolphin,shark,octopus,cuttlefish",-5.7203
01K4DTEGAZKAJFZAKSTBYQ5NZT-animals,29,ngram-2,animals,crab,clam,False,True,0,"cat,dog,aardvark,monkey,camel,horse,cow,sheep,lamb,goat,buffalo,lion,cheetah,jaguar,leopard,snake,lizard,gecko,anteater,crocodile,alligator,fish,whale,dolphin,shark,octopus,cuttlefish,starfish",-5.0434
01K4DTEGAZKAJFZAKSTBYQ5NZT-animals,30,ngram-2,animals,lobster,lobster,True,True,0,"cat,dog,aardvark,monkey,camel,horse,cow,sheep,lamb,goat,buffalo,lion,cheetah,jaguar,leopard,snake,lizard,gecko,anteater,crocodile,alligator,fish,whale,dolphin,shark,octopus,cuttlefish,starfish,crab",-3.9576
01K4DTEGAZKAJFZAKSTBYQ5NZT-animals,31,ngram-2,animals,prawn,shrimp,False,True,0,"cat,dog,aardvark,monkey,camel,horse,cow,sheep,lamb,goat,buffalo,lion,cheetah,jaguar,leopard,snake,lizard,gecko,anteater,crocodile,alligator,fish,whale,dolphin,shark,octopus,cuttlefish,starfish,crab,lobster",-4.6444
01K4DTEGAZKAJFZAKSTBYQ5NZT-animals,32,ngram-2,animals,orca,aardvark,False,True,0,"cat,dog,aardvark,monkey,camel,horse,cow,sheep,lamb,goat,buffalo,lion,cheetah,jaguar,leopard,snake,lizard,gecko,anteater,crocodile,alligator,fish,whale,dolphin,shark,octopus,cuttlefish,starfish,crab,lobster,prawn",-5.7203
01K4DTEGAZKAJFZAKSTBYQ5NZT-animals,33,ngram-2,animals,killerwhale,dolphin,False,True,0,"cat,dog,aardvark,monkey,camel,horse,cow,sheep,lamb,goat,buffalo,lion,cheetah,jaguar,leopard,snake,lizard,gecko,anteater,crocodile,alligator,fish,whale,dolphin,shark,octopus,cuttlefish,starfish,crab,lobster,prawn,orca",-4.6380
01K4DTEGAZKAJFZAKSTBYQ5NZT-animals,34,ngram-2,animals,crow,aardvark,False,True,0,"cat,dog,aardvark,monkey,camel,horse,cow,sheep,lamb,goat,buffalo,lion,cheetah,jaguar,leopard,snake,lizard,gecko,anteater,crocodile,alligator,fish,whale,dolphin,shark,octopus,cuttlefish,starfish,crab,lobster,prawn,orca,killer whale",-5.7203
01K4DTEGAZKAJFZAKSTBYQ5NZT-animals,35,ngram-2,animals,robin,raven,False,True,0,"cat,dog,aardvark,monkey,camel,horse,cow,sheep,lamb,goat,buffalo,lion,cheetah,jaguar,leopard,snake,lizard,gecko,anteater,crocodile,alligator,fish,whale,dolphin,shark,octopus,cuttlefish,starfish,crab,lobster,prawn,orca,killer whale,crow",-4.6380
01K4DTEGAZKAJFZAKSTBYQ5NZT-animals,36,ngram-2,animals,blackbird,beaver,False,True,0,"cat,dog,aardvark,monkey,camel,horse,cow,sheep,lamb,goat,buffalo,lion,cheetah,jaguar,leopard,snake,lizard,gecko,anteater,crocodile,alligator,fish,whale,dolphin,shark,octopus,cuttlefish,starfish,crab,lobster,prawn,orca,killer whale,crow,robin",-5.0531
01K4DTEGAZKAJFZAKSTBYQ5NZT-animals,37,ngram-2,animals,pigeon,crow,False,True,0,"cat,dog,aardvark,monkey,camel,horse,cow,sheep,lamb,goat,buffalo,lion,cheetah,jaguar,leopard,snake,lizard,gecko,anteater,crocodile,alligator,fish,whale,dolphin,shark,octopus,cuttlefish,starfish,crab,lobster,prawn,orca,killer whale,crow,robin,blackbird",-5.0337
01K4DTEGAZKAJFZAKSTBYQ5NZT-animals,38,ngram-2,animals,ostrich,chicken,False,True,0,"cat,dog,aardvark,monkey,camel,horse,cow,sheep,lamb,goat,buffalo,lion,cheetah,jaguar,leopard,snake,lizard,gecko,anteater,crocodile,alligator,fish,whale,dolphin,shark,octopus,cuttlefish,starfish,crab,lobster,prawn,orca,killer whale,crow,robin,blackbird,pigeon",-5.0434
01K4DTEGAZKAJFZAKSTBYQ5NZT-animals,39,ngram-2,animals,emu,ant,False,True,0,"cat,dog,aardvark,monkey,camel,horse,cow,sheep,lamb,goat,buffalo,lion,cheetah,jaguar,leopard,snake,lizard,gecko,anteater,crocodile,alligator,fish,whale,dolphin,shark,octopus,cuttlefish,starfish,crab,lobster,prawn,orca,killer whale,crow,robin,blackbird,pigeon,ostrich",-5.0531
01K4DTEGAZKAJFZAKSTBYQ5NZT-animals,40,ngram-2,animals,alpaca,ostrich,False,True,0,"cat,dog,aardvark,monkey,camel,horse,cow,sheep,lamb,goat,buffalo,lion,cheetah,jaguar,leopard,snake,lizard,gecko,anteater,crocodile,alligator,fish,whale,dolphin,shark,octopus,cuttlefish,starfish,crab,lobster,prawn,orca,killer whale,crow,robin,blackbird,pigeon,ostrich,emu",-4.6380
01K4DTEGAZKAJFZAKSTBYQ5NZT-animals,41,ngram-2,animals,donkey,lizard,False,True,0,"cat,dog,aardvark,monkey,camel,horse,cow,sheep,lamb,goat,buffalo,lion,cheetah,jaguar,leopard,snake,lizard,gecko,anteater,crocodile,alligator,fish,whale,dolphin,shark,octopus,cuttlefish,starfish,crab,lobster,prawn,orca,killer whale,crow,robin,blackbird,pigeon,ostrich,emu,alpaca",-5.0434
01K4DTEGAZKAJFZAKSTBYQ5NZT-animals,42,ngram-2,animals,mule,horse,False,True,0,"cat,dog,aardvark,monkey,camel,horse,cow,sheep,lamb,goat,buffalo,lion,cheetah,jaguar,leopard,snake,lizard,gecko,anteater,crocodile,alligator,fish,whale,dolphin,shark,octopus,cuttlefish,starfish,crab,lobster,prawn,orca,killer whale,crow,robin,blackbird,pigeon,ostrich,emu,alpaca,donkey",-4.3944
01K4DTEGAZKAJFZAKSTBYQ5NZT-animals,43,ngram-2,animals,duck,cow,False,True,0,"cat,dog,aardvark,monkey,camel,horse,cow,sheep,lamb,goat,buffalo,lion,cheetah,jaguar,leopard,snake,lizard,gecko,anteater,crocodile,alligator,fish,whale,dolphin,shark,octopus,cuttlefish,starfish,crab,lobster,prawn,orca,killer whale,crow,robin,blackbird,pigeon,ostrich,emu,alpaca,donkey,mule",-5.0337
01K4DTEGAZKAJFZAKSTBYQ5NZT-animals,44,ngram-2,animals,swan,chicken,False,True,0,"cat,dog,aardvark,monkey,camel,horse,cow,sheep,lamb,goat,buffalo,lion,cheetah,jaguar,leopard,snake,lizard,gecko,anteater,crocodile,alligator,fish,whale,dolphin,shark,octopus,cuttlefish,starfish,crab,lobster,prawn,orca,killer whale,crow,robin,blackbird,pigeon,ostrich,emu,alpaca,donkey,mule,duck",-4.3789
01K4DTF1JRF4XTM6XJZFP1F526-animals,2,ngram-2,animals,cat,cat,True,True,0,"dog",-2.3979
01K4DTF1JRF4XTM6XJZFP1F526-animals,3,ngram-2,animals,horse,dog,False,True,0,"dog,cat",-2.8554
01K4DTF1JRF4XTM6XJZFP1F526-animals,4,ngram-2,animals,cow,donkey,False,True,0,"dog,cat,horse",-3.7699
01K4DTF1JRF4XTM6XJZFP1F526-animals,5,ngram-2,animals,snake,chicken,False,True,0,"dog,cat,horse,cow",-3.6492
01K4DTF1JRF4XTM6XJZFP1F526-animals,6,ngram-2,animals,rabbit,lizard,False,True,0,"dog,cat,horse,cow,snake",-4.0224
01K4DTF1JRF4XTM6XJZFP1F526-animals,7,ngram-2,animals,bird,hare,False,True,0,"dog,cat,horse,cow,snake,rabbit",-4.0372
01K4DTF1JRF4XTM6XJZFP1F526-animals,8,ngram-2,animals,elephant,eagle,False,True,0,"dog,cat,horse,cow,snake,rabbit,bird",-4.4128
01K4DTF1JRF4XTM6XJZFP1F526-animals,9,ngram-2,animals,tiger,giraffe,False,True,0,"dog,cat,horse,cow,snake,rabbit,bird,elephant",-4.0662
01K4DTF1JRF4XTM6XJZFP1F526-animals,10,ngram-2,animals,lion,lion,True,True,0,"dog,cat,horse,cow,snake,rabbit,bird,elephant,tiger",-3.2217
01K4DTF1JRF4XTM6XJZFP1F526-animals,11,ngram-2,animals,flamingo,tiger,False,True,0,"dog,cat,horse,cow,snake,rabbit,bird,elephant,tiger,lion",-3.1781
01K4DTF1JRF4XTM6XJZFP1F526-animals,12,ngram-2,animals,penguin,ape,False,True,0,"dog,cat,horse,cow,snake,rabbit,bird,elephant,tiger,lion,flamingo",-5.0594
01K4DTF1JRF4XTM6XJZFP1F526-animals,13,ngram-2,animals,rhino,horse,False,True,0,"dog,cat,horse,cow,snake,rabbit,bird,elephant,tiger,lion,flamingo,penguin",-4.6883
01K4DTF1JRF4XTM6XJZFP1F526-animals,14,ngram-2,animals,hippopotamus,hippopotamus,True,True,0,"dog,cat,horse,cow,snake,rabbit,bird,elephant,tiger,lion,flamingo,penguin,rhino",-4.6634
01K4DTF1JRF4XTM6XJZFP1F526-animals,15,ngram-2,animals,mouse,dolphin,False,True,0,"dog,cat,horse,cow,snake,rabbit,bird,elephant,tiger,lion,flamingo,penguin,rhino,hippopotamus",-4.6697
01K4DTF1JRF4XTM6XJZFP1F526-animals,16,ngram-2,animals,pig,rat,False,True,0,"dog,cat,horse,cow,snake,rabbit,bird,elephant,tiger,lion,flamingo,penguin,rhino,hippopotamus,mouse",-3.7436
01K4DTF1JRF4XTM6XJZFP1F526-animals,17,ngram-2,animals,chicken,cow,False,True,0,"dog,cat,horse,cow,snake,rabbit,bird,elephant,tiger,lion,flamingo,penguin,rhino,hippopotamus,mouse,pig",-3.7524
01K4DTF1JRF4XTM6XJZFP1F526-animals,18,ngram-2,animals,hen,horse,False,True,0,"dog,cat,horse,cow,snake,rabbit,bird,elephant,tiger,lion,flamingo,penguin,rhino,hippopotamus,mouse,pig,chicken",-4.2047
01K4DTF1JRF4XTM6XJZFP1F526-animals,19,ngram-2,animals,worm,rooster,False,True,0,"dog,cat,horse,cow,snake,rabbit,bird,elephant,tiger,lion,flamingo,penguin,rhino,hippopotamus,mouse,pig,chicken,hen",-4.6508
01K4DTF1JRF4XTM6XJZFP1F526-animals,20,ngram-2,animals,ant,ant,True,True,0,"dog,cat,horse,cow,snake,rabbit,bird,elephant,tiger,lion,flamingo,penguin,rhino,hippopotamus,mouse,pig,chicken,hen,worm",-5.0562
01K4DTF1JRF4XTM6XJZFP1F526-animals,21,ngram-2,animals,grasshopper,bee,False,True,0,"dog,cat,horse,cow,snake,rabbit,bird,elephant,tiger,lion,flamingo,penguin,rhino,hippopotamus,mouse,pig,chicken,hen,worm,ant",-4.1897
01K4DTF1JRF4XTM6XJZFP1F526-animals,22,ngram-2,animals,butterfly,mantis,False,True,0,"dog,cat,horse,cow,snake,rabbit,bird,elephant,tiger,lion,flamingo,penguin,rhino,hippopotamus,mouse,pig,chicken,hen,worm,ant,grasshopper",-5.0434
01K4DTF1JRF4XTM6XJZFP1F526-animals,23,ngram-2,animals,moth,cow,False,True,0,"dog,cat,horse,cow,snake,rabbit,bird,elephant,tiger,lion,flamingo,penguin,rhino,hippopotamus,mouse,pig,chicken,hen,worm,ant,grasshopper,butterfly",-5.0689
01K4DTF1JRF4XTM6XJZFP1F526-animals,24,ngram-2,animals,bee,bee,True,True,0,"dog,cat,horse,cow,snake,rabbit,bird,elephant,tiger,lion,flamingo,penguin,rhino,hippopotamus,mouse,pig,chicken,hen,worm,ant,grasshopper,butterfly,moth",-5.0499
01K4DTF1JRF4XTM6XJZFP1F526-animals,25,ngram-2,animals,zebra,wasp,False,True,0,"dog,cat,horse,cow,snake,rabbit,bird,elephant,tiger,lion,flamingo,penguin,rhino,hippopotamus,mouse,pig,chicken,hen,worm,ant,grasshopper,butterfly,moth,bee",-4.6666
01K4DTF1JRF4XTM6XJZFP1F526-animals,26,ngram-2,animals,jaguar,horse,False,True,0,"dog,cat,horse,cow,snake,rabbit,bird,elephant,tiger,lion,flamingo,penguin,rhino,hippopotamus,mouse,pig,chicken,hen,worm,ant,grasshopper,butterfly,moth,bee,zebra",-4.2017
01K4DTF1JRF4XTM6XJZFP1F526-animals,27,ngram-2,animals,pigeon,cougar,False,True,0,"dog,cat,horse,cow,snake,rabbit,bird,elephant,tiger,lion,flamingo,penguin,rhino,hippopotamus,mouse,pig,chicken,hen,worm,ant,grasshopper,butterfly,moth,bee,zebra,jaguar",-4.6728
01K4DTF1JRF4XTM6XJZFP1F526-animals,28,ngram-2,animals,kangaroo,chicken,False,True,0,"dog,cat,horse,cow,snake,rabbit,bird,elephant,tiger,lion,flamingo,penguin,rhino,hippopotamus,mouse,pig,chicken,hen,worm,ant,grasshopper,butterfly,moth,bee,zebra,jaguar,pigeon",-5.0531
01K4DTF1JRF4XTM6XJZFP1F526-animals,29,ngram-2,animals,koala,koala,True,True,0,"dog,cat,horse,cow,snake,rabbit,bird,elephant,tiger,lion,flamingo,penguin,rhino,hippopotamus,mouse,pig,chicken,hen,worm,ant,grasshopper,butterfly,moth,bee,zebra,jaguar,pigeon,kangaroo",-3.9859
01K4DTF1JRF4XTM6XJZFP1F526-animals,30,ngram-2,animals,polarbear,panda,False,True,0,"dog,cat,horse,cow,snake,rabbit,bird,elephant,tiger,lion,flamingo,penguin,rhino,hippopotamus,mouse,pig,chicken,hen,worm,ant,grasshopper,butterfly,moth,bee,zebra,jaguar,pigeon,kangaroo,koala",-4.6728
01K4DTF1JRF4XTM6XJZFP1F526-animals,31,ngram-2,animals,bear,grizzlybear,False,True,0,"dog,cat,horse,cow,snake,rabbit,bird,elephant,tiger,lion,flamingo,penguin,rhino,hippopotamus,mouse,pig,chicken,hen,worm,ant,grasshopper,butterfly,moth,bee,zebra,jaguar,pigeon,kangaroo,koala,polar bear",-4.6728
01K4DTKQTE0VJ3A3MEH6GVX0DH-animals,2,ngram-2,animals,badger,wolf,False,True,0,"fox",-3.8592
01K4DTKQTE0VJ3A3MEH6GVX0DH-animals,3,ngram-2,animals,mouse,elk,False,True,0,"fox,badger",-5.0562
01K4DTKQTE0VJ3A3MEH6GVX0DH-animals,4,ngram-2,animals,tiger,rat,False,True,0,"fox,badger,mouse",-3.7377
01K4DTKQTE0VJ3A3MEH6GVX0DH-animals,5,ngram-2,animals,frog,lion,False,True,0,"fox,badger,mouse,tiger",-3.1470
01K4DTKQTE0VJ3A3MEH6GVX0DH-animals,6,ngram-2,animals,lizard,newt,False,True,0,"fox,badger,mouse,tiger,frog",-4.6728
01K4DTKQTE0VJ3A3MEH6GVX0DH-animals,7,ngram-2,animals,cat,gecko,False,True,0,"fox,badger,mouse,tiger,frog,lizard",-4.3883
01K4DTKQTE0VJ3A3MEH6GVX0DH-animals,8,ngram-2,animals,dog,dog,True,True,0,"fox,badger,mouse,tiger,frog,lizard,cat",-2.8987
01K4DTKQTE0VJ3A3MEH6GVX0DH-animals,9,ngram-2,animals,spider,cat,False,True,0,"fox,badger,mouse,tiger,frog,lizard,cat,dog",-2.3625
01K4DTKQTE0VJ3A3MEH6GVX0DH-animals,10,ngram-2,animals,duck,ant,False,True,0,"fox,badger,mouse,tiger,frog,lizard,cat,dog,spider",-5.0783
01K4DTKQTE0VJ3A3MEH6GVX0DH-animals,11,ngram-2,animals,panda,chicken,False,True,0,"fox,badger,mouse,tiger,frog,lizard,cat,dog,spider,duck",-4.3820
01K4DTKQTE0VJ3A3MEH6GVX0DH-animals,12,ngram-2,animals,elephant,bear,False,True,0,"fox,badger,mouse,tiger,frog,lizard,cat,dog,spider,duck,panda",-4.4006
01K4DTKQTE0VJ3A3MEH6GVX0DH-animals,13,ngram-2,animals,dolphin,tiger,False,True,0,"fox,badger,mouse,tiger,frog,lizard,cat,dog,spider,duck,panda,elephant",-3.9063
01K4DTKQTE0VJ3A3MEH6GVX0DH-animals,14,ngram-2,animals,monkey,whale,False,True,0,"fox,badger,mouse,tiger,frog,lizard,cat,dog,spider,duck,panda,elephant,dolphin",-4.1927
01K4DTKQTE0VJ3A3MEH6GVX0DH-animals,15,ngram-2,animals,bull,chimpanzee,False,True,0,"fox,badger,mouse,tiger,frog,lizard,cat,dog,spider,duck,panda,elephant,dolphin,monkey",-4.0313
01K4DTKQTE0VJ3A3MEH6GVX0DH-animals,16,ngram-2,animals,cow,deer,False,True,0,"fox,badger,mouse,tiger,frog,lizard,cat,dog,spider,duck,panda,elephant,dolphin,monkey,bull",-5.0466
01K4DTKQTE0VJ3A3MEH6GVX0DH-animals,17,ngram-2,animals,chicken,chicken,True,True,0,"fox,badger,mouse,tiger,frog,lizard,cat,dog,spider,duck,panda,elephant,dolphin,monkey,bull,cow",-3.7612
01K4DTKQTE0VJ3A3MEH6GVX0DH-animals,18,ngram-2,animals,horse,cow,False,True,0,"fox,badger,mouse,tiger,frog,lizard,cat,dog,spider,duck,panda,elephant,dolphin,monkey,bull,cow,chicken",-4.4218
01K4DTKQTE0VJ3A3MEH6GVX0DH-animals,19,ngram-2,animals,ladybird,cow,False,True,0,"fox,badger,mouse,tiger,frog,lizard,cat,dog,spider,duck,panda,elephant,dolphin,monkey,bull,cow,chicken,horse",-3.7641
01K4DTKQTE0VJ3A3MEH6GVX0DH-animals,20,ngram-2,animals,magpie,aardvark,False,True,0,"fox,badger,mouse,tiger,frog,lizard,cat,dog,spider,duck,panda,elephant,dolphin,monkey,bull,cow,chicken,horse,ladybird",-5.7236
01K4DTKQTE0VJ3A3MEH6GVX0DH-animals,21,ngram-2,animals,hedgehog,eagle,False,True,0,"fox,badger,mouse,tiger,frog,lizard,cat,dog,spider,duck,panda,elephant,dolphin,monkey,bull,cow,chicken,horse,ladybird,magpie",-5.0337
01K4DTKQTE0VJ3A3MEH6GVX0DH-animals,22,ngram-2,animals,snake,badger,False,True,0,"fox,badger,mouse,tiger,frog,lizard,cat,dog,spider,duck,panda,elephant,dolphin,monkey,bull,cow,chicken,horse,ladybird,magpie,hedgehog",-5.0499
01K4DTKQTE0VJ3A3MEH6GVX0DH-animals,23,ngram-2,animals,rat,lizard,False,True,0,"fox,badger,mouse,tiger,frog,lizard,cat,dog,spider,duck,panda,elephant,dolphin,monkey,bull,cow,chicken,horse,ladybird,magpie,hedgehog,snake",-4.0164
01K4DTKQTE0VJ3A3MEH6GVX0DH-animals,24,ngram-2,animals,emu,mouse,False,True,0,"fox,badger,mouse,tiger,frog,lizard,cat,dog,spider,duck,panda,elephant,dolphin,monkey,bull,cow,chicken,horse,ladybird,magpie,hedgehog,snake,rat",-3.1091
01K4DTKQTE0VJ3A3MEH6GVX0DH-animals,25,ngram-2,animals,ostrich,alpaca,False,True,0,"fox,badger,mouse,tiger,frog,lizard,cat,dog,spider,duck,panda,elephant,dolphin,monkey,bull,cow,chicken,horse,ladybird,magpie,hedgehog,snake,rat,emu",-5.0466
01K4DTKQTE0VJ3A3MEH6GVX0DH-animals,26,ngram-2,animals,ant,emu,False,True,0,"fox,badger,mouse,tiger,frog,lizard,cat,dog,spider,duck,panda,elephant,dolphin,monkey,bull,cow,chicken,horse,ladybird,magpie,hedgehog,snake,rat,emu,ostrich",-4.6508
01K4DTKQTE0VJ3A3MEH6GVX0DH-animals,27,ngram-2,animals,rooster,bee,False,True,0,"fox,badger,mouse,tiger,frog,lizard,cat,dog,spider,duck,panda,elephant,dolphin,monkey,bull,cow,chicken,horse,ladybird,magpie,hedgehog,snake,rat,emu,ostrich,ant",-4.1836
01K4DTKQTE0VJ3A3MEH6GVX0DH-animals,28,ngram-2,animals,whale,bull,False,True,0,"fox,badger,mouse,tiger,frog,lizard,cat,dog,spider,duck,panda,elephant,dolphin,monkey,bull,cow,chicken,horse,ladybird,magpie,hedgehog,snake,rat,emu,ostrich,ant,rooster",-5.0531
01K4DTKQTE0VJ3A3MEH6GVX0DH-animals,29,ngram-2,animals,fish,dolphin,False,True,0,"fox,badger,mouse,tiger,frog,lizard,cat,dog,spider,duck,panda,elephant,dolphin,monkey,bull,cow,chicken,horse,ladybird,magpie,hedgehog,snake,rat,emu,ostrich,ant,rooster,whale",-4.1836
01K4DTKQTE0VJ3A3MEH6GVX0DH-animals,30,ngram-2,animals,chaffinch,shark,False,True,0,"fox,badger,mouse,tiger,frog,lizard,cat,dog,spider,duck,panda,elephant,dolphin,monkey,bull,cow,chicken,horse,ladybird,magpie,hedgehog,snake,rat,emu,ostrich,ant,rooster,whale,fish",-4.1987
01K4DTKQTE0VJ3A3MEH6GVX0DH-animals,31,ngram-2,animals,bear,blackbird,False,True,0,"fox,badger,mouse,tiger,frog,lizard,cat,dog,spider,duck,panda,elephant,dolphin,monkey,bull,cow,chicken,horse,ladybird,magpie,hedgehog,snake,rat,emu,ostrich,ant,rooster,whale,fish,chaffinch",-5.0337
01K4DTKQTE0VJ3A3MEH6GVX0DH-animals,32,ngram-2,animals,ape,lion,False,True,0,"fox,badger,mouse,tiger,frog,lizard,cat,dog,spider,duck,panda,elephant,dolphin,monkey,bull,cow,chicken,horse,ladybird,magpie,hedgehog,snake,rat,emu,ostrich,ant,rooster,whale,fish,chaffinch,bear",-4.4308
01K4DTKQTE0VJ3A3MEH6GVX0DH-animals,33,ngram-2,animals,lion,gorilla,False,True,0,"fox,badger,mouse,tiger,frog,lizard,cat,dog,spider,duck,panda,elephant,dolphin,monkey,bull,cow,chicken,horse,ladybird,magpie,hedgehog,snake,rat,emu,ostrich,ant,rooster,whale,fish,chaffinch,bear,ape",-4.1431
01K4DTKQTE0VJ3A3MEH6GVX0DH-animals,34,ngram-2,animals,cheetah,tiger,False,True,0,"fox,badger,mouse,tiger,frog,lizard,cat,dog,spider,duck,panda,elephant,dolphin,monkey,bull,cow,chicken,horse,ladybird,magpie,hedgehog,snake,rat,emu,ostrich,ant,rooster,whale,fish,chaffinch,bear,ape,lion",-3.1725
01K4DTKQTE0VJ3A3MEH6GVX0DH-animals,35,ngram-2,animals,hyena,jaguar,False,True,0,"fox,badger,mouse,tiger,frog,lizard,cat,dog,spider,duck,panda,elephant,dolphin,monkey,bull,cow,chicken,horse,ladybird,magpie,hedgehog,snake,rat,emu,ostrich,ant,rooster,whale,fish,chaffinch,bear,ape,lion,cheetah",-4.1836
01K4DTKQTE0VJ3A3MEH6GVX0DH-animals,36,ngram-2,animals,cockroach,badger,False,True,0,"fox,badger,mouse,tiger,frog,lizard,cat,dog,spider,duck,panda,elephant,dolphin,monkey,bull,cow,chicken,horse,ladybird,magpie,hedgehog,snake,rat,emu,ostrich,ant,rooster,whale,fish,chaffinch,bear,ape,lion,cheetah,hyena",-5.0531
01K4DTKQTE0VJ3A3MEH6GVX0DH-animals,37,ngram-2,animals,stickinsect,beetle,False,True,0,"fox,badger,mouse,tiger,frog,lizard,cat,dog,spider,duck,panda,elephant,dolphin,monkey,bull,cow,chicken,horse,ladybird,magpie,hedgehog,snake,rat,emu,ostrich,ant,rooster,whale,fish,chaffinch,bear,ape,lion,cheetah,hyena,cockroach",-4.6380
01K4DTKQTE0VJ3A3MEH6GVX0DH-animals,38,ngram-2,animals,maggot,aardvark,False,True,0,"fox,badger,mouse,tiger,frog,lizard,cat,dog,spider,duck,panda,elephant,dolphin,monkey,bull,cow,chicken,horse,ladybird,magpie,hedgehog,snake,rat,emu,ostrich,ant,rooster,whale,fish,chaffinch,bear,ape,lion,cheetah,hyena,cockroach,stick insect",-5.7236
01K4DTMHHC7XH0M3VA74XEB0PR-animals,2,ngram-2,animals,cat,cat,True,True,0,"dog",-2.3951
01K4DTMHHC7XH0M3VA74XEB0PR-animals,3,ngram-2,animals,zebra,dog,False,True,0,"dog,cat",-2.8526
01K4DTMHHC7XH0M3VA74XEB0PR-animals,4,ngram-2,animals,cow,horse,False,True,0,"dog,cat,zebra",-4.1987
01K4DTMHHC7XH0M3VA74XEB0PR-animals,5,ngram-2,animals,camel,chicken,False,True,0,"dog,cat,zebra,cow",-3.6463
01K4DTMHHC7XH0M3VA74XEB0PR-animals,6,ngram-2,animals,horse,bear,False,True,0,"dog,cat,zebra,cow,camel",-5.0531
01K4DTMHHC7XH0M3VA74XEB0PR-animals,7,ngram-2,animals,rabbit,cow,False,True,0,"dog,cat,zebra,cow,camel,horse",-3.7670
01K4DTMHHC7XH0M3VA74XEB0PR-animals,8,ngram-2,animals,elephant,hare,False,True,0,"dog,cat,zebra,cow,camel,horse,rabbit",-4.0342
01K4DTMHHC7XH0M3VA74XEB0PR-animals,9,ngram-2,animals,lion,tiger,False,True,0,"dog,cat,zebra,cow,camel,horse,rabbit,elephant",-3.9092
01K4DTMHHC7XH0M3VA74XEB0PR-animals,10,ngram-2,animals,tiger,tiger,True,True,0,"dog,cat,zebra,cow,camel,horse,rabbit,elephant,lion",-3.2443
01K4DTMHHC7XH0M3VA74XEB0PR-animals,11,ngram-2,animals,snake,lion,False,True,0,"dog,cat,zebra,cow,camel,horse,rabbit,elephant,lion,tiger",-3.1499
01K4DTMHHC7XH0M3VA74XEB0PR-animals,12,ngram-2,animals,ant,lizard,False,True,0,"dog,cat,zebra,cow,camel,horse,rabbit,elephant,lion,tiger,snake",-4.0194
01K4DTMHHC7XH0M3VA74XEB0PR-animals,13,ngram-2,animals,llama,bee,False,True,0,"dog,cat,zebra,cow,camel,horse,rabbit,elephant,lion,tiger,snake,ant",-4.1866
01K4DTMHHC7XH0M3VA74XEB0PR-animals,14,ngram-2,animals,hare,alpaca,False,True,0,"dog,cat,zebra,cow,camel,horse,rabbit,elephant,lion,tiger,snake,ant,llama",-4.1589
01K4DTMHHC7XH0M3VA74XEB0PR-animals,15,ngram-2,animals,flea,baboon,False,True,0,"dog,cat,zebra,cow,camel,horse,rabbit,elephant,lion,tiger,snake,ant,llama,hare",-5.0562
01K4DTMHHC7XH0M3VA74XEB0PR-animals,16,ngram-2,animals,hippopotamus,daddylonglegs,False,True,0,"dog,cat,zebra,cow,camel,horse,rabbit,elephant,lion,tiger,snake,ant,llama,hare,flea",-5.0370
01K4DTMHHC7XH0M3VA74XEB0PR-animals,17,ngram-2,animals,pony,dolphin,False,True,0,"dog,cat,zebra,cow,camel,horse,rabbit,elephant,lion,tiger,snake,ant,llama,hare,flea,hippopotamus",-4.6666
01K4DTMHHC7XH0M3VA74XEB0PR-animals,18,ngram-2,animals,dromedary,cat,False,True,0,"dog,cat,zebra,cow,camel,horse,rabbit,elephant,lion,tiger,snake,ant,llama,hare,flea,hippopotamus,pony",-5.0499
01K4DTMHHC7XH0M3VA74XEB0PR-animals,19,ngram-2,animals,kangaroo,aardvark,False,True,0,"dog,cat,zebra,cow,camel,horse,rabbit,elephant,lion,tiger,snake,ant,llama,hare,flea,hippopotamus,pony,dromedary",-5.7268
01K4DTMHHC7XH0M3VA74XEB0PR-animals,20,ngram-2,animals,bull,koala,False,True,0,"dog,cat,zebra,cow,camel,horse,rabbit,elephant,lion,tiger,snake,ant,llama,hare,flea,hippopotamus,pony,dromedary,kangaroo",-3.8286
01K4DTMHHC7XH0M3VA74XEB0PR-animals,21,ngram-2,animals,deer,cow,False,True,0,"dog,cat,zebra,cow,camel,horse,rabbit,elephant,lion,tiger,snake,ant,llama,hare,flea,hippopotamus,pony,dromedary,kangaroo,bull",-5.0499
01K4DTMHHC7XH0M3VA74XEB0PR-animals,22,ngram-2,animals,foal,moose,False,True,0,"dog,cat,zebra,cow,camel,horse,rabbit,elephant,lion,tiger,snake,ant,llama,hare,flea,hippopotamus,pony,dromedary,kangaroo,bull,deer",-4.4128
01K4DTN0PZ6B0P6J99M8HSEG1M-animals,2,ngram-2,animals,cat,cat,True,True,0,"dog",-2.3951
01K4DTN0PZ6B0P6J99M8HSEG1M-animals,3,ngram-2,animals,lion,dog,False,True,0,"dog,cat",-2.8526
01K4DTN0PZ6B0P6J99M8HSEG1M-animals,4,ngram-2,animals,spider,tiger,False,True,0,"dog,cat,lion",-3.1753
01K4DTN0PZ6B0P6J99M8HSEG1M-animals,5,ngram-2,animals,dolphin,ant,False,True,0,"dog,cat,lion,spider",-5.0814
01K4DTN0PZ6B0P6J99M8HSEG1M-animals,6,ngram-2,animals,rabbit,whale,False,True,0,"dog,cat,lion,spider,dolphin",-4.1957
01K4DTN0PZ6B0P6J99M8HSEG1M-animals,7,ngram-2,animals,bird,hare,False,True,0,"dog,cat,lion,spider,dolphin,rabbit",-4.0342
01K4DTN0PZ6B0P6J99M8HSEG1M-animals,8,ngram-2,animals,chicken,eagle,False,True,0,"dog,cat,lion,spider,dolphin,rabbit,bird",-4.4098
01K4DTN0PZ6B0P6J99M8HSEG1M-animals,9,ngram-2,animals,duck,horse,False,True,0,"dog,cat,lion,spider,dolphin,rabbit,bird,chicken",-4.2017
01K4DTN0PZ6B0P6J99M8HSEG1M-animals,10,ngram-2,animals,cow,chicken,False,True,0,"dog,cat,lion,spider,dolphin,rabbit,bird,chicken,duck",-4.3851
01K4DTN0PZ6B0P6J99M8HSEG1M-animals,11,ngram-2,animals,pig,chicken,False,True,0,"dog,cat,lion,spider,dolphin,rabbit,bird,chicken,duck,cow",-3.6463
01K4DTN0PZ6B0P6J99M8HSEG1M-animals,12,ngram-2,animals,horse,cow,False,True,0,"dog,cat,lion,spider,dolphin,rabbit,bird,chicken,duck,cow,pig",-3.7495
01K4DTN0PZ6B0P6J99M8HSEG1M-animals,13,ngram-2,animals,donkey,cow,False,True,0,"dog,cat,lion,spider,dolphin,rabbit,bird,chicken,duck,cow,pig,horse",-3.7670
01K4DTN0PZ6B0P6J99M8HSEG1M-animals,14,ngram-2,animals,rat,horse,False,True,0,"dog,cat,lion,spider,dolphin,rabbit,bird,chicken,duck,cow,pig,horse,donkey",-4.4006
01K4DTN0PZ6B0P6J99M8HSEG1M-animals,15,ngram-2,animals,mouse,mouse,True,True,0,"dog,cat,lion,spider,dolphin,rabbit,bird,chicken,duck,cow,pig,horse,donkey,rat",-3.1810
01K4DTN0PZ6B0P6J99M8HSEG1M-animals,16,ngram-2,animals,fish,rat,False,True,0,"dog,cat,lion,spider,dolphin,rabbit,bird,chicken,duck,cow,pig,horse,donkey,rat,mouse",-3.7406
01K4DTN0PZ6B0P6J99M8HSEG1M-animals,17,ngram-2,animals,ant,shark,False,True,0,"dog,cat,lion,spider,dolphin,rabbit,bird,chicken,duck,cow,pig,horse,donkey,rat,mouse,fish",-4.2017
01K4DTN0PZ6B0P6J99M8HSEG1M-animals,18,ngram-2,animals,bear,bee,False,True,0,"dog,cat,lion,spider,dolphin,rabbit,bird,chicken,duck,cow,pig,horse,donkey,rat,mouse,fish,ant",-4.1866
01K4DTN0PZ6B0P6J99M8HSEG1M-animals,19,ngram-2,animals,butterfly,lion,False,True,0,"dog,cat,lion,spider,dolphin,rabbit,bird,chicken,duck,cow,pig,horse,donkey,rat,mouse,fish,ant,bear",-4.4338
01K4DTN0PZ6B0P6J99M8HSEG1M-animals,20,ngram-2,animals,moth,cow,False,True,0,"dog,cat,lion,spider,dolphin,rabbit,bird,chicken,duck,cow,pig,horse,donkey,rat,mouse,fish,ant,bear,butterfly",-5.0658
01K4DTN0PZ6B0P6J99M8HSEG1M-animals,21,ngram-2,animals,tiger,bee,False,True,0,"dog,cat,lion,spider,dolphin,rabbit,bird,chicken,duck,cow,pig,horse,donkey,rat,mouse,fish,ant,bear,butterfly,moth",-4.6412
01K4DTN0PZ6B0P6J99M8HSEG1M-animals,22,ngram-2,animals,guineapig,lion,False,True,0,"dog,cat,lion,spider,dolphin,rabbit,bird,chicken,duck,cow,pig,horse,donkey,rat,mouse,fish,ant,bear,butterfly,moth,tiger",-3.1499
01K4DTN0PZ6B0P6J99M8HSEG1M-animals,23,ngram-2,animals,bull,mouse,False,True,0,"dog,cat,lion,spider,dolphin,rabbit,bird,chicken,duck,cow,pig,horse,donkey,rat,mouse,fish,ant,bear,butterfly,moth,tiger,guinea pig",-4.3663
01K4DTN0PZ6B0P6J99M8HSEG1M-animals,24,ngram-2,animals,lamb,cow,False,True,0,"dog,cat,lion,spider,dolphin,rabbit,bird,chicken,duck,cow,pig,horse,donkey,rat,mouse,fish,ant,bear,butterfly,moth,tiger,guinea pig,bull",-5.0499
01K4DTN0PZ6B0P6J99M8HSEG1M-animals,25,ngram-2,animals,sheep,goat,False,True,0,"dog,cat,lion,spider,dolphin,rabbit,bird,chicken,duck,cow,pig,horse,donkey,rat,mouse,fish,ant,bear,butterfly,moth,tiger,guinea pig,bull,lamb",-4.6634
01K4DTN0PZ6B0P6J99M8HSEG1M-animals,26,ngram-2,animals,deer,cow,False,True,0,"dog,cat,lion,spider,dolphin,rabbit,bird,chicken,duck,cow,pig,horse,donkey,rat,mouse,fish,ant,bear,butterfly,moth,tiger,guinea pig,bull,lamb,sheep",-3.7317
01K4DTN0PZ6B0P6J99M8HSEG1M-animals,27,ngram-2,animals,vulture,moose,False,True,0,"dog,cat,lion,spider,dolphin,rabbit,bird,chicken,duck,cow,pig,horse,donkey,rat,mouse,fish,ant,bear,butterfly,moth,tiger,guinea pig,bull,lamb,sheep,deer",-4.4128
01K4DTN0PZ6B0P6J99M8HSEG1M-animals,28,ngram-2,animals,urchin,goat,False,True,0,"dog,cat,lion,spider,dolphin,rabbit,bird,chicken,duck,cow,pig,horse,donkey,rat,mouse,fish,ant,bear,butterfly,moth,tiger,guinea pig,bull,lamb,sheep,deer,vulture",-5.0434
01K4DTN0PZ6B0P6J99M8HSEG1M-animals,29,ngram-2,animals,whale,aardvark,False,True,0,"dog,cat,lion,spider,dolphin,rabbit,bird,chicken,duck,cow,pig,horse,donkey,rat,mouse,fish,ant,bear,butterfly,moth,tiger,guinea pig,bull,lamb,sheep,deer,vulture,urchin",-5.7268
01K4DTN0PZ6B0P6J99M8HSEG1M-animals,30,ngram-2,animals,shark,dolphin,False,True,0,"dog,cat,lion,spider,dolphin,rabbit,bird,chicken,duck,cow,pig,horse,donkey,rat,mouse,fish,ant,bear,butterfly,moth,tiger,guinea pig,bull,lamb,sheep,deer,vulture,urchin,whale",-4.1866
01K4DTN0PZ6B0P6J99M8HSEG1M-animals,31,ngram-2,animals,starfish,dolphin,False,True,0,"dog,cat,lion,spider,dolphin,rabbit,bird,chicken,duck,cow,pig,horse,donkey,rat,mouse,fish,ant,bear,butterfly,moth,tiger,guinea pig,bull,lamb,sheep,deer,vulture,urchin,whale,shark",-4.3975
01K4DTN0PZ6B0P6J99M8HSEG1M-animals,32,ngram-2,animals,jellyfish,clam,False,True,0,"dog,cat,lion,spider,dolphin,rabbit,bird,chicken,duck,cow,pig,horse,donkey,rat,mouse,fish,ant,bear,butterfly,moth,tiger,guinea pig,bull,lamb,sheep,deer,vulture,urchin,whale,shark,starfish",-5.0499
01K4DTN0PZ6B0P6J99M8HSEG1M-animals,33,ngram-2,animals,hamster,crab,False,True,0,"dog,cat,lion,spider,dolphin,rabbit,bird,chicken,duck,cow,pig,horse,donkey,rat,mouse,fish,ant,bear,butterfly,moth,tiger,guinea pig,bull,lamb,sheep,deer,vulture,urchin,whale,shark,starfish,jellyfish",-5.0466
01K4DTN0PZ6B0P6J99M8HSEG1M-animals,34,ngram-2,animals,hare,rat,False,True,0,"dog,cat,lion,spider,dolphin,rabbit,bird,chicken,duck,cow,pig,horse,donkey,rat,mouse,fish,ant,bear,butterfly,moth,tiger,guinea pig,bull,lamb,sheep,deer,vulture,urchin,whale,shark,starfish,jellyfish,hamster",-4.3851
01K4DTN0PZ6B0P6J99M8HSEG1M-animals,35,ngram-2,animals,parrot,baboon,False,True,0,"dog,cat,lion,spider,dolphin,rabbit,bird,chicken,duck,cow,pig,horse,donkey,rat,mouse,fish,ant,bear,butterfly,moth,tiger,guinea pig,bull,lamb,sheep,deer,vulture,urchin,whale,shark,starfish,jellyfish,hamster,hare",-5.0562
01K4DTN0PZ6B0P6J99M8HSEG1M-animals,36,ngram-2,animals,budgie,gorilla,False,True,0,"dog,cat,lion,spider,dolphin,rabbit,bird,chicken,duck,cow,pig,horse,donkey,rat,mouse,fish,ant,bear,butterfly,moth,tiger,guinea pig,bull,lamb,sheep,deer,vulture,urchin,whale,shark,starfish,jellyfish,hamster,hare,parrot",-4.6634
01K4DTN0PZ6B0P6J99M8HSEG1M-animals,37,ngram-2,animals,goose,magpie,False,True,0,"dog,cat,lion,spider,dolphin,rabbit,bird,chicken,duck,cow,pig,horse,donkey,rat,mouse,fish,ant,bear,butterfly,moth,tiger,guinea pig,bull,lamb,sheep,deer,vulture,urchin,whale,shark,starfish,jellyfish,hamster,hare,parrot,budgie",-5.0370
01K4DTN0PZ6B0P6J99M8HSEG1M-animals,38,ngram-2,animals,chinchilla,bandicoot,False,True,0,"dog,cat,lion,spider,dolphin,rabbit,bird,chicken,duck,cow,pig,horse,donkey,rat,mouse,fish,ant,bear,butterfly,moth,tiger,guinea pig,bull,lamb,sheep,deer,vulture,urchin,whale,shark,starfish,jellyfish,hamster,hare,parrot,budgie,goose",-5.0531
01K4DTN0PZ6B0P6J99M8HSEG1M-animals,39,ngram-2,animals,tortoise,bat,False,True,0,"dog,cat,lion,spider,dolphin,rabbit,bird,chicken,duck,cow,pig,horse,donkey,rat,mouse,fish,ant,bear,butterfly,moth,tiger,guinea pig,bull,lamb,sheep,deer,vulture,urchin,whale,shark,starfish,jellyfish,hamster,hare,parrot,budgie,goose,chinchilla",-5.0434
01K4DTN0PZ6B0P6J99M8HSEG1M-animals,40,ngram-2,animals,turtle,alligator,False,True,0,"dog,cat,lion,spider,dolphin,rabbit,bird,chicken,duck,cow,pig,horse,donkey,rat,mouse,fish,ant,bear,butterfly,moth,tiger,guinea pig,bull,lamb,sheep,deer,vulture,urchin,whale,shark,starfish,jellyfish,hamster,hare,parrot,budgie,goose,chinchilla,tortoise",-5.0594
01K4DTP6B2SHZ03X0NEVT0R8Y8-animals,2,ngram-2,animals,dog,dog,True,True,0,"cat",-2.8959
01K4DTP6B2SHZ03X0NEVT0R8Y8-animals,3,ngram-2,animals,cow,cat,False,True,0,"cat,dog",-2.3597
01K4DTP6B2SHZ03X0NEVT0R8Y8-animals,4,ngram-2,animals,chicken,chicken,True,True,0,"cat,dog,cow",-3.7583
01K4DTP6B2SHZ03X0NEVT0R8Y8-animals,5,ngram-2,animals,sheep,horse,False,True,0,"cat,dog,cow,chicken",-4.1957
01K4DTP6B2SHZ03X0NEVT0R8Y8-animals,6,ngram-2,animals,goat,cow,False,True,0,"cat,dog,cow,chicken,sheep",-3.7257
01K4DTP6B2SHZ03X0NEVT0R8Y8-animals,7,ngram-2,animals,elephant,sheep,False,True,0,"cat,dog,cow,chicken,sheep,goat",-4.0043
01K4DTP6B2SHZ03X0NEVT0R8Y8-animals,8,ngram-2,animals,badger,tiger,False,True,0,"cat,dog,cow,chicken,sheep,goat,elephant",-3.9034
01K4DTP6B2SHZ03X0NEVT0R8Y8-animals,9,ngram-2,animals,fox,mouse,False,True,0,"cat,dog,cow,chicken,sheep,goat,elephant,badger",-4.6476
01K4DTP6B2SHZ03X0NEVT0R8Y8-animals,10,ngram-2,animals,rabbit,wolf,False,True,0,"cat,dog,cow,chicken,sheep,goat,elephant,badger,fox",-3.8562
01K4DTP6B2SHZ03X0NEVT0R8Y8-animals,11,ngram-2,animals,hare,hare,True,True,0,"cat,dog,cow,chicken,sheep,goat,elephant,badger,fox,rabbit",-4.2106
01K4DTP6B2SHZ03X0NEVT0R8Y8-animals,12,ngram-2,animals,octopus,baboon,False,True,0,"cat,dog,cow,chicken,sheep,goat,elephant,badger,fox,rabbit,hare",-5.0499
01K4DTP6B2SHZ03X0NEVT0R8Y8-animals,13,ngram-2,animals,whale,cuttlefish,False,True,0,"cat,dog,cow,chicken,sheep,goat,elephant,badger,fox,rabbit,hare,octopus",-5.0531
01K4DTP6B2SHZ03X0NEVT0R8Y8-animals,14,ngram-2,animals,shark,dolphin,False,True,0,"cat,dog,cow,chicken,sheep,goat,elephant,badger,fox,rabbit,hare,octopus,whale",-4.1805
01K4DTP6B2SHZ03X0NEVT0R8Y8-animals,15,ngram-2,animals,orca,dolphin,False,True,0,"cat,dog,cow,chicken,sheep,goat,elephant,badger,fox,rabbit,hare,octopus,whale,shark",-4.3914
01K4DTP6B2SHZ03X0NEVT0R8Y8-animals,16,ngram-2,animals,dolphin,dolphin,True,True,0,"cat,dog,cow,chicken,sheep,goat,elephant,badger,fox,rabbit,hare,octopus,whale,shark,orca",-5.0434
01K4DTP6B2SHZ03X0NEVT0R8Y8-animals,17,ngram-2,animals,camel,whale,False,True,0,"cat,dog,cow,chicken,sheep,goat,elephant,badger,fox,rabbit,hare,octopus,whale,shark,orca,dolphin",-4.1897
01K4DTP6B2SHZ03X0NEVT0R8Y8-animals,18,ngram-2,animals,bear,horse,False,True,0,"cat,dog,cow,chicken,sheep,goat,elephant,badger,fox,rabbit,hare,octopus,whale,shark,orca,dolphin,camel",-4.6412
01K4DTP6B2SHZ03X0NEVT0R8Y8-animals,19,ngram-2,animals,lion,fox,False,True,0,"cat,dog,cow,chicken,sheep,goat,elephant,badger,fox,rabbit,hare,octopus,whale,shark,orca,dolphin,camel,bear",-4.7155
01K4DTP6B2SHZ03X0NEVT0R8Y8-animals,20,ngram-2,animals,tiger,tiger,True,True,0,"cat,dog,cow,chicken,sheep,goat,elephant,badger,fox,rabbit,hare,octopus,whale,shark,orca,dolphin,camel,bear,lion",-3.2387
01K4DTP6B2SHZ03X0NEVT0R8Y8-animals,21,ngram-2,animals,zebra,lion,False,True,0,"cat,dog,cow,chicken,sheep,goat,elephant,badger,fox,rabbit,hare,octopus,whale,shark,orca,dolphin,camel,bear,lion,tiger",-3.1442
01K4DTP6B2SHZ03X0NEVT0R8Y8-animals,22,ngram-2,animals,ant,horse,False,True,0,"cat,dog,cow,chicken,sheep,goat,elephant,badger,fox,rabbit,hare,octopus,whale,shark,orca,dolphin,camel,bear,lion,tiger,zebra",-4.1927
01K4DTP6B2SHZ03X0NEVT0R8Y8-animals,23,ngram-2,animals,wasp,bee,False,True,0,"cat,dog,cow,chicken,sheep,goat,elephant,badger,fox,rabbit,hare,octopus,whale,shark,orca,dolphin,camel,bear,lion,tiger,zebra,ant",-4.1805
01K4DTP6B2SHZ03X0NEVT0R8Y8-animals,24,ngram-2,animals,fly,bear,False,True,0,"cat,dog,cow,chicken,sheep,goat,elephant,badger,fox,rabbit,hare,octopus,whale,shark,orca,dolphin,camel,bear,lion,tiger,zebra,ant,wasp",-5.0402
01K4DTP6B2SHZ03X0NEVT0R8Y8-animals,25,ngram-2,animals,bee,ant,False,True,0,"cat,dog,cow,chicken,sheep,goat,elephant,badger,fox,rabbit,hare,octopus,whale,shark,orca,dolphin,camel,bear,lion,tiger,zebra,ant,wasp,fly",-4.6508
01K4DTP6B2SHZ03X0NEVT0R8Y8-animals,26,ngram-2,animals,stingray,wasp,False,True,0,"cat,dog,cow,chicken,sheep,goat,elephant,badger,fox,rabbit,hare,octopus,whale,shark,orca,dolphin,camel,bear,lion,tiger,zebra,ant,wasp,fly,bee",-4.6571
01K4DTP6B2SHZ03X0NEVT0R8Y8-animals,27,ngram-2,animals,meerkat,aardvark,False,True,0,"cat,dog,cow,chicken,sheep,goat,elephant,badger,fox,rabbit,hare,octopus,whale,shark,orca,dolphin,camel,bear,lion,tiger,zebra,ant,wasp,fly,bee,stingray",-5.7203
01K4DTP6B2SHZ03X0NEVT0R8Y8-animals,28,ngram-2,animals,panda,goose,False,True,0,"cat,dog,cow,chicken,sheep,goat,elephant,badger,fox,rabbit,hare,octopus,whale,shark,orca,dolphin,camel,bear,lion,tiger,zebra,ant,wasp,fly,bee,stingray,meerkat",-5.0434
01K4DTP6B2SHZ03X0NEVT0R8Y8-animals,29,ngram-2,animals,koala,bear,False,True,0,"cat,dog,cow,chicken,sheep,goat,elephant,badger,fox,rabbit,hare,octopus,whale,shark,orca,dolphin,camel,bear,lion,tiger,zebra,ant,wasp,fly,bee,stingray,meerkat,panda",-4.3975
01K4DTP6B2SHZ03X0NEVT0R8Y8-animals,30,ngram-2,animals,bushbaby,panda,False,True,0,"cat,dog,cow,chicken,sheep,goat,elephant,badger,fox,rabbit,hare,octopus,whale,shark,orca,dolphin,camel,bear,lion,tiger,zebra,ant,wasp,fly,bee,stingray,meerkat,panda,koala",-4.6634
01K4DTP6B2SHZ03X0NEVT0R8Y8-animals,31,ngram-2,animals,ape,aardvark,False,True,0,"cat,dog,cow,chicken,sheep,goat,elephant,badger,fox,rabbit,hare,octopus,whale,shark,orca,dolphin,camel,bear,lion,tiger,zebra,ant,wasp,fly,bee,stingray,meerkat,panda,koala,bushbaby",-5.7203
01K4DTP6B2SHZ03X0NEVT0R8Y8-animals,32,ngram-2,animals,gorilla,gorilla,True,True,0,"cat,dog,cow,chicken,sheep,goat,elephant,badger,fox,rabbit,hare,octopus,whale,shark,orca,dolphin,camel,bear,lion,tiger,zebra,ant,wasp,fly,bee,stingray,meerkat,panda,koala,bushbaby,ape",-4.3631
01K4DTP6B2SHZ03X0NEVT0R8Y8-animals,33,ngram-2,animals,monkey,chimpanzee,False,True,0,"cat,dog,cow,chicken,sheep,goat,elephant,badger,fox,rabbit,hare,octopus,whale,shark,orca,dolphin,camel,bear,lion,tiger,zebra,ant,wasp,fly,bee,stingray,meerkat,panda,koala,bushbaby,ape,gorilla",-4.1775
01K4DTP6B2SHZ03X0NEVT0R8Y8-animals,34,ngram-2,animals,human,chimpanzee,False,True,0,"cat,dog,cow,chicken,sheep,goat,elephant,badger,fox,rabbit,hare,octopus,whale,shark,orca,dolphin,camel,bear,lion,tiger,zebra,ant,wasp,fly,bee,stingray,meerkat,panda,koala,bushbaby,ape,gorilla,monkey",-4.0283
01K4DTP6B2SHZ03X0NEVT0R8Y8-animals,35,ngram-2,animals,caterpillar,horse,False,True,0,"cat,dog,cow,chicken,sheep,goat,elephant,badger,fox,rabbit,hare,octopus,whale,shark,orca,dolphin,camel,bear,lion,tiger,zebra,ant,wasp,fly,bee,stingray,meerkat,panda,koala,bushbaby,ape,gorilla,monkey,human",-5.0337
01K4DTP6B2SHZ03X0NEVT0R8Y8-animals,36,ngram-2,animals,snake,ant,False,True,0,"cat,dog,cow,chicken,sheep,goat,elephant,badger,fox,rabbit,hare,octopus,whale,shark,orca,dolphin,camel,bear,lion,tiger,zebra,ant,wasp,fly,bee,stingray,meerkat,panda,koala,bushbaby,ape,gorilla,monkey,human,caterpillar",-5.0370
01K4DTP6B2SHZ03X0NEVT0R8Y8-animals,37,ngram-2,animals,rat,lizard,False,True,0,"cat,dog,cow,chicken,sheep,goat,elephant,badger,fox,rabbit,hare,octopus,whale,shark,orca,dolphin,camel,bear,lion,tiger,zebra,ant,wasp,fly,bee,stingray,meerkat,panda,koala,bushbaby,ape,gorilla,monkey,human,caterpillar,snake",-4.0134
01K4DTP6B2SHZ03X0NEVT0R8Y8-animals,38,ngram-2,animals,mouse,mouse,True,True,0,"cat,dog,cow,chicken,sheep,goat,elephant,badger,fox,rabbit,hare,octopus,whale,shark,orca,dolphin,camel,bear,lion,tiger,zebra,ant,wasp,fly,bee,stingray,meerkat,panda,koala,bushbaby,ape,gorilla,monkey,human,caterpillar,snake,rat",-3.1751
01K4DTP6B2SHZ03X0NEVT0R8Y8-animals,39,ngram-2,animals,spider,rat,False,True,0,"cat,dog,cow,chicken,sheep,goat,elephant,badger,fox,rabbit,hare,octopus,whale,shark,orca,dolphin,camel,bear,lion,tiger,zebra,ant,wasp,fly,bee,stingray,meerkat,panda,koala,bushbaby,ape,gorilla,monkey,human,caterpillar,snake,rat,mouse",-3.7347
01K4DTP6B2SHZ03X0NEVT0R8Y8-animals,40,ngram-2,animals,moth,ant,False,True,0,"cat,dog,cow,chicken,sheep,goat,elephant,badger,fox,rabbit,hare,octopus,whale,shark,orca,dolphin,camel,bear,lion,tiger,zebra,ant,wasp,fly,bee,stingray,meerkat,panda,koala,bushbaby,ape,gorilla,monkey,human,caterpillar,snake,rat,mouse,spider",-5.0752
01K4DTP6B2SHZ03X0NEVT0R8Y8-animals,41,ngram-2,animals,dragonfly,bee,False,True,0,"cat,dog,cow,chicken,sheep,goat,elephant,badger,fox,rabbit,hare,octopus,whale,shark,orca,dolphin,camel,bear,lion,tiger,zebra,ant,wasp,fly,bee,stingray,meerkat,panda,koala,bushbaby,ape,gorilla,monkey,human,caterpillar,snake,rat,mouse,spider,moth",-4.6347
01K4DTP6B2SHZ03X0NEVT0R8Y8-animals,42,ngram-2,animals,polarbear,beetle,False,True,0,"cat,dog,cow,chicken,sheep,goat,elephant,badger,fox,rabbit,hare,octopus,whale,shark,orca,dolphin,camel,bear,lion,tiger,zebra,ant,wasp,fly,bee,stingray,meerkat,panda,koala,bushbaby,ape,gorilla,monkey,human,caterpillar,snake,rat,mouse,spider,moth,dragonfly",-5.0402
01K4DTP6B2SHZ03X0NEVT0R8Y8-animals,43,ngram-2,animals,beetle,grizzlybear,False,True,0,"cat,dog,cow,chicken,sheep,goat,elephant,badger,fox,rabbit,hare,octopus,whale,shark,orca,dolphin,camel,bear,lion,tiger,zebra,ant,wasp,fly,bee,stingray,meerkat,panda,koala,bushbaby,ape,gorilla,monkey,human,caterpillar,snake,rat,mouse,spider,moth,dragonfly,polar bear",-4.6634
01K4DTP6B2SHZ03X0NEVT0R8Y8-animals,44,ngram-2,animals,butterfly,deer,False,True,0,"cat,dog,cow,chicken,sheep,goat,elephant,badger,fox,rabbit,hare,octopus,whale,shark,orca,dolphin,camel,bear,lion,tiger,zebra,ant,wasp,fly,bee,stingray,meerkat,panda,koala,bushbaby,ape,gorilla,monkey,human,caterpillar,snake,rat,mouse,spider,moth,dragonfly,polar bear,beetle",-5.0402
01K4DTP6B2SHZ03X0NEVT0R8Y8-animals,45,ngram-2,animals,vole,moth,False,True,0,"cat,dog,cow,chicken,sheep,goat,elephant,badger,fox,rabbit,hare,octopus,whale,shark,orca,dolphin,camel,bear,lion,tiger,zebra,ant,wasp,fly,bee,stingray,meerkat,panda,koala,bushbaby,ape,gorilla,monkey,human,caterpillar,snake,rat,mouse,spider,moth,dragonfly,polar bear,beetle,butterfly",-4.6540
01K4DTP6B2SHZ03X0NEVT0R8Y8-animals,46,ngram-2,animals,bat,shrew,False,True,0,"cat,dog,cow,chicken,sheep,goat,elephant,badger,fox,rabbit,hare,octopus,whale,shark,orca,dolphin,camel,bear,lion,tiger,zebra,ant,wasp,fly,bee,stingray,meerkat,panda,koala,bushbaby,ape,gorilla,monkey,human,caterpillar,snake,rat,mouse,spider,moth,dragonfly,polar bear,beetle,butterfly,vole",-4.6380
01K4DTP6B2SHZ03X0NEVT0R8Y8-animals,47,ngram-2,animals,fruitbat,rabbit,False,True,0,"cat,dog,cow,chicken,sheep,goat,elephant,badger,fox,rabbit,hare,octopus,whale,shark,orca,dolphin,camel,bear,lion,tiger,zebra,ant,wasp,fly,bee,stingray,meerkat,panda,koala,bushbaby,ape,gorilla,monkey,human,caterpillar,snake,rat,mouse,spider,moth,dragonfly,polar bear,beetle,butterfly,vole,bat",-4.6603
01K4DTP6B2SHZ03X0NEVT0R8Y8-animals,48,ngram-2,animals,panther,aardvark,False,True,0,"cat,dog,cow,chicken,sheep,goat,elephant,badger,fox,rabbit,hare,octopus,whale,shark,orca,dolphin,camel,bear,lion,tiger,zebra,ant,wasp,fly,bee,stingray,meerkat,panda,koala,bushbaby,ape,gorilla,monkey,human,caterpillar,snake,rat,mouse,spider,moth,dragonfly,polar bear,beetle,butterfly,vole,bat,fruit bat",-5.7203
01K4DTP6B2SHZ03X0NEVT0R8Y8-animals,49,ngram-2,animals,jaguar,tiger,False,True,0,"cat,dog,cow,chicken,sheep,goat,elephant,badger,fox,rabbit,hare,octopus,whale,shark,orca,dolphin,camel,bear,lion,tiger,zebra,ant,wasp,fly,bee,stingray,meerkat,panda,koala,bushbaby,ape,gorilla,monkey,human,caterpillar,snake,rat,mouse,spider,moth,dragonfly,polar bear,beetle,butterfly,vole,bat,fruit bat,panther",-4.6412
01K4DTP6B2SHZ03X0NEVT0R8Y8-animals,50,ngram-2,animals,cougar,anteater,False,True,0,"cat,dog,cow,chicken,sheep,goat,elephant,badger,fox,rabbit,hare,octopus,whale,shark,orca,dolphin,camel,bear,lion,tiger,zebra,ant,wasp,fly,bee,stingray,meerkat,panda,koala,bushbaby,ape,gorilla,monkey,human,caterpillar,snake,rat,mouse,spider,moth,dragonfly,polar bear,beetle,butterfly,vole,bat,fruit bat,panther,jaguar",-5.0689
01K4DTP6B2SHZ03X0NEVT0R8Y8-animals,51,ngram-2,animals,puma,bison,False,True,0,"cat,dog,cow,chicken,sheep,goat,elephant,badger,fox,rabbit,hare,octopus,whale,shark,orca,dolphin,camel,bear,lion,tiger,zebra,ant,wasp,fly,bee,stingray,meerkat,panda,koala,bushbaby,ape,gorilla,monkey,human,caterpillar,snake,rat,mouse,spider,moth,dragonfly,polar bear,beetle,butterfly,vole,bat,fruit bat,panther,jaguar,cougar",-5.0402
01K4DTP6B2SHZ03X0NEVT0R8Y8-animals,52,ngram-2,animals,ostrich,leopard,False,True,0,"cat,dog,cow,chicken,sheep,goat,elephant,badger,fox,rabbit,hare,octopus,whale,shark,orca,dolphin,camel,bear,lion,tiger,zebra,ant,wasp,fly,bee,stingray,meerkat,panda,koala,bushbaby,ape,gorilla,monkey,human,caterpillar,snake,rat,mouse,spider,moth,dragonfly,polar bear,beetle,butterfly,vole,bat,fruit bat,panther,jaguar,cougar,puma",-4.6380
01K4DV9B5VQRBCJR0FRQV4RZW1-animals,2,ngram-2,animals,dog,dog,True,True,0,"cat",-2.9014
01K4DV9B5VQRBCJR0FRQV4RZW1-animals,3,ngram-2,animals,lion,cat,False,True,0,"cat,dog",-2.3653
01K4DV9B5VQRBCJR0FRQV4RZW1-animals,4,ngram-2,animals,elephant,tiger,False,True,0,"cat,dog,lion",-3.1753
01K4DV9B5VQRBCJR0FRQV4RZW1-animals,5,ngram-2,animals,mouse,tiger,False,True,0,"cat,dog,lion,elephant",-3.9092
01K4DV9B5VQRBCJR0FRQV4RZW1-animals,6,ngram-2,animals,rat,rat,True,True,0,"cat,dog,lion,elephant,mouse",-3.8742
01K4DV9B5VQRBCJR0FRQV4RZW1-animals,7,ngram-2,animals,tiger,mouse,False,True,0,"cat,dog,lion,elephant,mouse,rat",-3.1120
01K4DV9B5VQRBCJR0FRQV4RZW1-animals,8,ngram-2,animals,badger,lion,False,True,0,"cat,dog,lion,elephant,mouse,rat,tiger",-3.1499
01K4DV9B5VQRBCJR0FRQV4RZW1-animals,9,ngram-2,animals,wolverine,mouse,False,True,0,"cat,dog,lion,elephant,mouse,rat,tiger,badger",-4.6540
01K4DV9B5VQRBCJR0FRQV4RZW1-animals,10,ngram-2,animals,fox,bobcat,False,True,0,"cat,dog,lion,elephant,mouse,rat,tiger,badger,wolverine",-5.0370
01K4DV9B5VQRBCJR0FRQV4RZW1-animals,11,ngram-2,animals,wolf,wolf,True,True,0,"cat,dog,lion,elephant,mouse,rat,tiger,badger,wolverine,fox",-4.0164
01K4DV9B5VQRBCJR0FRQV4RZW1-animals,12,ngram-2,animals,panda,fox,False,True,0,"cat,dog,lion,elephant,mouse,rat,tiger,badger,wolverine,fox,wolf",-4.3975
01K4DV9B5VQRBCJR0FRQV4RZW1-animals,13,ngram-2,animals,bear,bear,True,True,0,"cat,dog,lion,elephant,mouse,rat,tiger,badger,wolverine,fox,wolf,panda",-4.6913
01K4DV9B5VQRBCJR0FRQV4RZW1-animals,14,ngram-2,animals,zebra,lion,False,True,0,"cat,dog,lion,elephant,mouse,rat,tiger,badger,wolverine,fox,wolf,panda,bear",-4.4338
01K4DV9B5VQRBCJR0FRQV4RZW1-animals,15,ngram-2,animals,horse,giraffe,False,True,0,"cat,dog,lion,elephant,mouse,rat,tiger,badger,wolverine,fox,wolf,panda,bear,zebra",-4.4218
01K4DV9B5VQRBCJR0FRQV4RZW1-animals,16,ngram-2,animals,goat,cow,False,True,0,"cat,dog,lion,elephant,mouse,rat,tiger,badger,wolverine,fox,wolf,panda,bear,zebra,horse",-3.7670
01K4DV9B5VQRBCJR0FRQV4RZW1-animals,17,ngram-2,animals,pig,sheep,False,True,0,"cat,dog,lion,elephant,mouse,rat,tiger,badger,wolverine,fox,wolf,panda,bear,zebra,horse,goat",-4.0104
01K4DV9B5VQRBCJR0FRQV4RZW1-animals,18,ngram-2,animals,bat,cow,False,True,0,"cat,dog,lion,elephant,mouse,rat,tiger,badger,wolverine,fox,wolf,panda,bear,zebra,horse,goat,pig",-3.7495
01K4DV9B5VQRBCJR0FRQV4RZW1-animals,19,ngram-2,animals,bird,rabbit,False,True,0,"cat,dog,lion,elephant,mouse,rat,tiger,badger,wolverine,fox,wolf,panda,bear,zebra,horse,goat,pig,bat",-4.6666
01K4DV9B5VQRBCJR0FRQV4RZW1-animals,20,ngram-2,animals,raven,eagle,False,True,0,"cat,dog,lion,elephant,mouse,rat,tiger,badger,wolverine,fox,wolf,panda,bear,zebra,horse,goat,pig,bat,bird",-4.4098
01K4DV9B5VQRBCJR0FRQV4RZW1-animals,21,ngram-2,animals,crow,heron,False,True,0,"cat,dog,lion,elephant,mouse,rat,tiger,badger,wolverine,fox,wolf,panda,bear,zebra,horse,goat,pig,bat,bird,raven",-5.0402
01K4DV9B5VQRBCJR0FRQV4RZW1-animals,22,ngram-2,animals,donkey,raven,False,True,0,"cat,dog,lion,elephant,mouse,rat,tiger,badger,wolverine,fox,wolf,panda,bear,zebra,horse,goat,pig,bat,bird,raven,crow",-4.6444
01K4DV9B5VQRBCJR0FRQV4RZW1-animals,23,ngram-2,animals,rabbit,horse,False,True,0,"cat,dog,lion,elephant,mouse,rat,tiger,badger,wolverine,fox,wolf,panda,bear,zebra,horse,goat,pig,bat,bird,raven,crow,donkey",-4.4006
01K4DV9B5VQRBCJR0FRQV4RZW1-animals,24,ngram-2,animals,chicken,hare,False,True,0,"cat,dog,lion,elephant,mouse,rat,tiger,badger,wolverine,fox,wolf,panda,bear,zebra,horse,goat,pig,bat,bird,raven,crow,donkey,rabbit",-4.0342
01K4DV9B5VQRBCJR0FRQV4RZW1-animals,25,ngram-2,animals,turkey,horse,False,True,0,"cat,dog,lion,elephant,mouse,rat,tiger,badger,wolverine,fox,wolf,panda,bear,zebra,horse,goat,pig,bat,bird,raven,crow,donkey,rabbit,chicken",-4.2017
01K4DV9B5VQRBCJR0FRQV4RZW1-animals,26,ngram-2,animals,salmon,cheetah,False,True,0,"cat,dog,lion,elephant,mouse,rat,tiger,badger,wolverine,fox,wolf,panda,bear,zebra,horse,goat,pig,bat,bird,raven,crow,donkey,rabbit,chicken,turkey",-5.0499
01K4DV9B5VQRBCJR0FRQV4RZW1-animals,27,ngram-2,animals,mussel,catfish,False,True,0,"cat,dog,lion,elephant,mouse,rat,tiger,badger,wolverine,fox,wolf,panda,bear,zebra,horse,goat,pig,bat,bird,raven,crow,donkey,rabbit,chicken,turkey,salmon",-5.0531
01K4DV9B5VQRBCJR0FRQV4RZW1-animals,28,ngram-2,animals,koi,coral,False,True,0,"cat,dog,lion,elephant,mouse,rat,tiger,badger,wolverine,fox,wolf,panda,bear,zebra,horse,goat,pig,bat,bird,raven,crow,donkey,rabbit,chicken,turkey,salmon,mussel",-5.0370
01K4DV9B5VQRBCJR0FRQV4RZW1-animals,29,ngram-2,animals,goldfish,aardvark,False,True,0,"cat,dog,lion,elephant,mouse,rat,tiger,badger,wolverine,fox,wolf,panda,bear,zebra,horse,goat,pig,bat,bird,raven,crow,donkey,rabbit,chicken,turkey,salmon,mussel,koi",-5.7268
01K4DV9B5VQRBCJR0FRQV4RZW1-animals,30,ngram-2,animals,possum,crab,False,True,0,"cat,dog,lion,elephant,mouse,rat,tiger,badger,wolverine,fox,wolf,panda,bear,zebra,horse,goat,pig,bat,bird,raven,crow,donkey,rabbit,chicken,turkey,salmon,mussel,koi,goldfish",-5.0434
01K4DV9B5VQRBCJR0FRQV4RZW1-animals,31,ngram-2,animals,raccoon,cardinal,False,True,0,"cat,dog,lion,elephant,mouse,rat,tiger,badger,wolverine,fox,wolf,panda,bear,zebra,horse,goat,pig,bat,bird,raven,crow,donkey,rabbit,chicken,turkey,salmon,mussel,koi,goldfish,possum",-5.0370
01K4DVH6EYQG57B4E2HN1J2Q9M-animals,2,ngram-2,animals,dog,dog,True,True,0,"cat",-2.9042
01K4DVH6EYQG57B4E2HN1J2Q9M-animals,3,ngram-2,animals,elephant,cat,False,True,0,"cat,dog",-2.3680
01K4DVH6EYQG57B4E2HN1J2Q9M-animals,4,ngram-2,animals,donkey,tiger,False,True,0,"cat,dog,elephant",-3.9120
01K4DVH6EYQG57B4E2HN1J2Q9M-animals,5,ngram-2,animals,giraffe,horse,False,True,0,"cat,dog,elephant,donkey",-4.4037
01K4DVH6EYQG57B4E2HN1J2Q9M-animals,6,ngram-2,animals,lion,tiger,False,True,0,"cat,dog,elephant,donkey,giraffe",-4.4308
01K4DVH6EYQG57B4E2HN1J2Q9M-animals,7,ngram-2,animals,tiger,tiger,True,True,0,"cat,dog,elephant,donkey,giraffe,lion",-3.2470
01K4DVH6EYQG57B4E2HN1J2Q9M-animals,8,ngram-2,animals,zebra,lion,False,True,0,"cat,dog,elephant,donkey,giraffe,lion,tiger",-3.1527
01K4DVH6EYQG57B4E2HN1J2Q9M-animals,9,ngram-2,animals,rhino,horse,False,True,0,"cat,dog,elephant,donkey,giraffe,lion,tiger,zebra",-4.2017
01K4DVH6EYQG57B4E2HN1J2Q9M-animals,10,ngram-2,animals,hippopotamus,hippopotamus,True,True,0,"cat,dog,elephant,donkey,giraffe,lion,tiger,zebra,rhino",-4.6634
01K4DVH6EYQG57B4E2HN1J2Q9M-animals,11,ngram-2,animals,deer,dolphin,False,True,0,"cat,dog,elephant,donkey,giraffe,lion,tiger,zebra,rhino,hippopotamus",-4.6697
01K4DVH6EYQG57B4E2HN1J2Q9M-animals,12,ngram-2,animals,moose,moose,True,True,0,"cat,dog,elephant,donkey,giraffe,lion,tiger,zebra,rhino,hippopotamus,deer",-4.7035
01K4DVH6EYQG57B4E2HN1J2Q9M-animals,13,ngram-2,animals,bear,elk,False,True,0,"cat,dog,elephant,donkey,giraffe,lion,tiger,zebra,rhino,hippopotamus,deer,moose",-4.3789
01K4DVH6EYQG57B4E2HN1J2Q9M-animals,14,ngram-2,animals,wolf,lion,False,True,0,"cat,dog,elephant,donkey,giraffe,lion,tiger,zebra,rhino,hippopotamus,deer,moose,bear",-4.4368
01K4DVH6EYQG57B4E2HN1J2Q9M-animals,15,ngram-2,animals,fox,coyote,False,True,0,"cat,dog,elephant,donkey,giraffe,lion,tiger,zebra,rhino,hippopotamus,deer,moose,bear,wolf",-4.6883
01K4DVH6EYQG57B4E2HN1J2Q9M-animals,16,ngram-2,animals,cheetah,wolf,False,True,0,"cat,dog,elephant,donkey,giraffe,lion,tiger,zebra,rhino,hippopotamus,deer,moose,bear,wolf,fox",-3.8652
01K4DVH6EYQG57B4E2HN1J2Q9M-animals,17,ngram-2,animals,leopard,jaguar,False,True,0,"cat,dog,elephant,donkey,giraffe,lion,tiger,zebra,rhino,hippopotamus,deer,moose,bear,wolf,fox,cheetah",-4.1897
01K4DVH6EYQG57B4E2HN1J2Q9M-animals,18,ngram-2,animals,monkey,antelope,False,True,0,"cat,dog,elephant,donkey,giraffe,lion,tiger,zebra,rhino,hippopotamus,deer,moose,bear,wolf,fox,cheetah,leopard",-4.7005
01K4DVH6EYQG57B4E2HN1J2Q9M-animals,19,ngram-2,animals,chimpanzee,gorilla,False,True,0,"cat,dog,elephant,donkey,giraffe,lion,tiger,zebra,rhino,hippopotamus,deer,moose,bear,wolf,fox,cheetah,leopard,monkey",-4.0372
01K4DVH6EYQG57B4E2HN1J2Q9M-animals,20,ngram-2,animals,gorilla,gorilla,True,True,0,"cat,dog,elephant,donkey,giraffe,lion,tiger,zebra,rhino,hippopotamus,deer,moose,bear,wolf,fox,cheetah,leopard,monkey,chimpanzee",-4.6697
01K4DVH6EYQG57B4E2HN1J2Q9M-animals,21,ngram-2,animals,baboon,chimpanzee,False,True,0,"cat,dog,elephant,donkey,giraffe,lion,tiger,zebra,rhino,hippopotamus,deer,moose,bear,wolf,fox,cheetah,leopard,monkey,chimpanzee,gorilla",-4.1866
01K4DVH6EYQG57B4E2HN1J2Q9M-animals,22,ngram-2,animals,kangaroo,ant,False,True,0,"cat,dog,elephant,donkey,giraffe,lion,tiger,zebra,rhino,hippopotamus,deer,moose,bear,wolf,fox,cheetah,leopard,monkey,chimpanzee,gorilla,baboon",-5.0531
01K4DVH6EYQG57B4E2HN1J2Q9M-animals,23,ngram-2,animals,koala,koala,True,True,0,"cat,dog,elephant,donkey,giraffe,lion,tiger,zebra,rhino,hippopotamus,deer,moose,bear,wolf,fox,cheetah,leopard,monkey,chimpanzee,gorilla,baboon,kangaroo",-3.9859
01K4DVH6EYQG57B4E2HN1J2Q9M-animals,24,ngram-2,animals,sloth,panda,False,True,0,"cat,dog,elephant,donkey,giraffe,lion,tiger,zebra,rhino,hippopotamus,deer,moose,bear,wolf,fox,cheetah,leopard,monkey,chimpanzee,gorilla,baboon,kangaroo,koala",-4.6728
01K4DVH6EYQG57B4E2HN1J2Q9M-animals,25,ngram-2,animals,armadillo,bat,False,True,0,"cat,dog,elephant,donkey,giraffe,lion,tiger,zebra,rhino,hippopotamus,deer,moose,bear,wolf,fox,cheetah,leopard,monkey,chimpanzee,gorilla,baboon,kangaroo,koala,sloth",-4.6540
01K4DVH6EYQG57B4E2HN1J2Q9M-animals,26,ngram-2,animals,hedgehog,beaver,False,True,0,"cat,dog,elephant,donkey,giraffe,lion,tiger,zebra,rhino,hippopotamus,deer,moose,bear,wolf,fox,cheetah,leopard,monkey,chimpanzee,gorilla,baboon,kangaroo,koala,sloth,armadillo",-5.0562
01K4DVH6EYQG57B4E2HN1J2Q9M-animals,27,ngram-2,animals,otter,badger,False,True,0,"cat,dog,elephant,donkey,giraffe,lion,tiger,zebra,rhino,hippopotamus,deer,moose,bear,wolf,fox,cheetah,leopard,monkey,chimpanzee,gorilla,baboon,kangaroo,koala,sloth,armadillo,hedgehog",-5.0562
01K4DVH6EYQG57B4E2HN1J2Q9M-animals,28,ngram-2,animals,badger,dolphin,False,True,0,"cat,dog,elephant,donkey,giraffe,lion,tiger,zebra,rhino,hippopotamus,deer,moose,bear,wolf,fox,cheetah,leopard,monkey,chimpanzee,gorilla,baboon,kangaroo,koala,sloth,armadillo,hedgehog,otter",-5.0562
01K4DVH6EYQG57B4E2HN1J2Q9M-animals,29,ngram-2,animals,mouse,elk,False,True,0,"cat,dog,elephant,donkey,giraffe,lion,tiger,zebra,rhino,hippopotamus,deer,moose,bear,wolf,fox,cheetah,leopard,monkey,chimpanzee,gorilla,baboon,kangaroo,koala,sloth,armadillo,hedgehog,otter,badger",-5.0626
01K4DVH6EYQG57B4E2HN1J2Q9M-animals,30,ngram-2,animals,rat,rat,True,True,0,"cat,dog,elephant,donkey,giraffe,lion,tiger,zebra,rhino,hippopotamus,deer,moose,bear,wolf,fox,cheetah,leopard,monkey,chimpanzee,gorilla,baboon,kangaroo,koala,sloth,armadillo,hedgehog,otter,badger,mouse",-3.8771
01K4DVH6EYQG57B4E2HN1J2Q9M-animals,31,ngram-2,animals,bat,mouse,False,True,0,"cat,dog,elephant,donkey,giraffe,lion,tiger,zebra,rhino,hippopotamus,deer,moose,bear,wolf,fox,cheetah,leopard,monkey,chimpanzee,gorilla,baboon,kangaroo,koala,sloth,armadillo,hedgehog,otter,badger,mouse,rat",-3.1150
01K4DVH6EYQG57B4E2HN1J2Q9M-animals,32,ngram-2,animals,rabbit,alligator,False,True,0,"cat,dog,elephant,donkey,giraffe,lion,tiger,zebra,rhino,hippopotamus,deer,moose,bear,wolf,fox,cheetah,leopard,monkey,chimpanzee,gorilla,baboon,kangaroo,koala,sloth,armadillo,hedgehog,otter,badger,mouse,rat,bat",-5.0752
01K4DVH6EYQG57B4E2HN1J2Q9M-animals,33,ngram-2,animals,hare,hare,True,True,0,"cat,dog,elephant,donkey,giraffe,lion,tiger,zebra,rhino,hippopotamus,deer,moose,bear,wolf,fox,cheetah,leopard,monkey,chimpanzee,gorilla,baboon,kangaroo,koala,sloth,armadillo,hedgehog,otter,badger,mouse,rat,bat,rabbit",-4.2195
01K4DVH6EYQG57B4E2HN1J2Q9M-animals,34,ngram-2,animals,squirrel,baboon,False,True,0,"cat,dog,elephant,donkey,giraffe,lion,tiger,zebra,rhino,hippopotamus,deer,moose,bear,wolf,fox,cheetah,leopard,monkey,chimpanzee,gorilla,baboon,kangaroo,koala,sloth,armadillo,hedgehog,otter,badger,mouse,rat,bat,rabbit,hare",-5.0594
01K4DVH6EYQG57B4E2HN1J2Q9M-animals,35,ngram-2,animals,beaver,fox,False,True,0,"cat,dog,elephant,donkey,giraffe,lion,tiger,zebra,rhino,hippopotamus,deer,moose,bear,wolf,fox,cheetah,leopard,monkey,chimpanzee,gorilla,baboon,kangaroo,koala,sloth,armadillo,hedgehog,otter,badger,mouse,rat,bat,rabbit,hare,squirrel",-4.6697
01K4DVH6EYQG57B4E2HN1J2Q9M-animals,36,ngram-2,animals,dolphin,duck,False,True,0,"cat,dog,elephant,donkey,giraffe,lion,tiger,zebra,rhino,hippopotamus,deer,moose,bear,wolf,fox,cheetah,leopard,monkey,chimpanzee,gorilla,baboon,kangaroo,koala,sloth,armadillo,hedgehog,otter,badger,mouse,rat,bat,rabbit,hare,squirrel,beaver",-5.0531
01K4DVH6EYQG57B4E2HN1J2Q9M-animals,37,ngram-2,animals,shark,whale,False,True,0,"cat,dog,elephant,donkey,giraffe,lion,tiger,zebra,rhino,hippopotamus,deer,moose,bear,wolf,fox,cheetah,leopard,monkey,chimpanzee,gorilla,baboon,kangaroo,koala,sloth,armadillo,hedgehog,otter,badger,mouse,rat,bat,rabbit,hare,squirrel,beaver,dolphin",-4.1987
01K4DVH6EYQG57B4E2HN1J2Q9M-animals,38,ngram-2,animals,seal,dolphin,False,True,0,"cat,dog,elephant,donkey,giraffe,lion,tiger,zebra,rhino,hippopotamus,deer,moose,bear,wolf,fox,cheetah,leopard,monkey,chimpanzee,gorilla,baboon,kangaroo,koala,sloth,armadillo,hedgehog,otter,badger,mouse,rat,bat,rabbit,hare,squirrel,beaver,dolphin,shark",-4.4006
01K4DVH6EYQG57B4E2HN1J2Q9M-animals,39,ngram-2,animals,whale,cow,False,True,0,"cat,dog,elephant,donkey,giraffe,lion,tiger,zebra,rhino,hippopotamus,deer,moose,bear,wolf,fox,cheetah,leopard,monkey,chimpanzee,gorilla,baboon,kangaroo,koala,sloth,armadillo,hedgehog,otter,badger,mouse,rat,bat,rabbit,hare,squirrel,beaver,dolphin,shark,seal",-5.0562
01K4DVH6EYQG57B4E2HN1J2Q9M-animals,40,ngram-2,animals,walrus,dolphin,False,True,0,"cat,dog,elephant,donkey,giraffe,lion,tiger,zebra,rhino,hippopotamus,deer,moose,bear,wolf,fox,cheetah,leopard,monkey,chimpanzee,gorilla,baboon,kangaroo,koala,sloth,armadillo,hedgehog,otter,badger,mouse,rat,bat,rabbit,hare,squirrel,beaver,dolphin,shark,seal,whale",-4.1897
01K4DVH6EYQG57B4E2HN1J2Q9M-animals,41,ngram-2,animals,orca,aardvark,False,True,0,"cat,dog,elephant,donkey,giraffe,lion,tiger,zebra,rhino,hippopotamus,deer,moose,bear,wolf,fox,cheetah,leopard,monkey,chimpanzee,gorilla,baboon,kangaroo,koala,sloth,armadillo,hedgehog,otter,badger,mouse,rat,bat,rabbit,hare,squirrel,beaver,dolphin,shark,seal,whale,walrus",-5.0499
01K4DVH6EYQG57B4E2HN1J2Q9M-animals,42,ngram-2,animals,snake,dolphin,False,True,0,"cat,dog,elephant,donkey,giraffe,lion,tiger,zebra,rhino,hippopotamus,deer,moose,bear,wolf,fox,cheetah,leopard,monkey,chimpanzee,gorilla,baboon,kangaroo,koala,sloth,armadillo,hedgehog,otter,badger,mouse,rat,bat,rabbit,hare,squirrel,beaver,dolphin,shark,seal,whale,walrus,orca",-4.6476
01K4DVH6EYQG57B4E2HN1J2Q9M-animals,43,ngram-2,animals,lizard,lizard,True,True,0,"cat,dog,elephant,donkey,giraffe,lion,tiger,zebra,rhino,hippopotamus,deer,moose,bear,wolf,fox,cheetah,leopard,monkey,chimpanzee,gorilla,baboon,kangaroo,koala,sloth,armadillo,hedgehog,otter,badger,mouse,rat,bat,rabbit,hare,squirrel,beaver,dolphin,shark,seal,whale,walrus,orca,snake",-4.2047
01K4DVH6EYQG57B4E2HN1J2Q9M-animals,44,ngram-2,animals,tuna,gecko,False,True,0,"cat,dog,elephant,donkey,giraffe,lion,tiger,zebra,rhino,hippopotamus,deer,moose,bear,wolf,fox,cheetah,leopard,monkey,chimpanzee,gorilla,baboon,kangaroo,koala,sloth,armadillo,hedgehog,otter,badger,mouse,rat,bat,rabbit,hare,squirrel,beaver,dolphin,shark,seal,whale,walrus,orca,snake,lizard",-4.3944
01K4DVH6EYQG57B4E2HN1J2Q9M-animals,45,ngram-2,animals,alligator,ant,False,True,0,"cat,dog,elephant,donkey,giraffe,lion,tiger,zebra,rhino,hippopotamus,deer,moose,bear,wolf,fox,cheetah,leopard,monkey,chimpanzee,gorilla,baboon,kangaroo,koala,sloth,armadillo,hedgehog,otter,badger,mouse,rat,bat,rabbit,hare,squirrel,beaver,dolphin,shark,seal,whale,walrus,orca,snake,lizard,tuna",-5.0499
01K4DVH6EYQG57B4E2HN1J2Q9M-animals,46,ngram-2,animals,robin,crocodile,False,True,0,"cat,dog,elephant,donkey,giraffe,lion,tiger,zebra,rhino,hippopotamus,deer,moose,bear,wolf,fox,cheetah,leopard,monkey,chimpanzee,gorilla,baboon,kangaroo,koala,sloth,armadillo,hedgehog,otter,badger,mouse,rat,bat,rabbit,hare,squirrel,beaver,dolphin,shark,seal,whale,walrus,orca,snake,lizard,tuna,alligator",-3.5711
01K4DVH6EYQG57B4E2HN1J2Q9M-animals,47,ngram-2,animals,crow,beaver,False,True,0,"cat,dog,elephant,donkey,giraffe,lion,tiger,zebra,rhino,hippopotamus,deer,moose,bear,wolf,fox,cheetah,leopard,monkey,chimpanzee,gorilla,baboon,kangaroo,koala,sloth,armadillo,hedgehog,otter,badger,mouse,rat,bat,rabbit,hare,squirrel,beaver,dolphin,shark,seal,whale,walrus,orca,snake,lizard,tuna,alligator,robin",-5.0626
01K4DVH6EYQG57B4E2HN1J2Q9M-animals,48,ngram-2,animals,turkey,raven,False,True,0,"cat,dog,elephant,donkey,giraffe,lion,tiger,zebra,rhino,hippopotamus,deer,moose,bear,wolf,fox,cheetah,leopard,monkey,chimpanzee,gorilla,baboon,kangaroo,koala,sloth,armadillo,hedgehog,otter,badger,mouse,rat,bat,rabbit,hare,squirrel,beaver,dolphin,shark,seal,whale,walrus,orca,snake,lizard,tuna,alligator,robin,crow",-4.6476
01K4DVH6EYQG57B4E2HN1J2Q9M-animals,49,ngram-2,animals,chicken,cheetah,False,True,0,"cat,dog,elephant,donkey,giraffe,lion,tiger,zebra,rhino,hippopotamus,deer,moose,bear,wolf,fox,cheetah,leopard,monkey,chimpanzee,gorilla,baboon,kangaroo,koala,sloth,armadillo,hedgehog,otter,badger,mouse,rat,bat,rabbit,hare,squirrel,beaver,dolphin,shark,seal,whale,walrus,orca,snake,lizard,tuna,alligator,robin,crow,turkey",-5.0531
01K4DVH6EYQG57B4E2HN1J2Q9M-animals,50,ngram-2,animals,cow,horse,False,True,0,"cat,dog,elephant,donkey,giraffe,lion,tiger,zebra,rhino,hippopotamus,deer,moose,bear,wolf,fox,cheetah,leopard,monkey,chimpanzee,gorilla,baboon,kangaroo,koala,sloth,armadillo,hedgehog,otter,badger,mouse,rat,bat,rabbit,hare,squirrel,beaver,dolphin,shark,seal,whale,walrus,orca,snake,lizard,tuna,alligator,robin,crow,turkey,chicken",-4.2047
01K4DVH6EYQG57B4E2HN1J2Q9M-animals,51,ngram-2,animals,frog,chicken,False,True,0,"cat,dog,elephant,donkey,giraffe,lion,tiger,zebra,rhino,hippopotamus,deer,moose,bear,wolf,fox,cheetah,leopard,monkey,chimpanzee,gorilla,baboon,kangaroo,koala,sloth,armadillo,hedgehog,otter,badger,mouse,rat,bat,rabbit,hare,squirrel,beaver,dolphin,shark,seal,whale,walrus,orca,snake,lizard,tuna,alligator,robin,crow,turkey,chicken,cow",-3.6492
01K4DVH6EYQG57B4E2HN1J2Q9M-animals,52,ngram-2,animals,newt,toad,False,True,0,"cat,dog,elephant,donkey,giraffe,lion,tiger,zebra,rhino,hippopotamus,deer,moose,bear,wolf,fox,cheetah,leopard,monkey,chimpanzee,gorilla,baboon,kangaroo,koala,sloth,armadillo,hedgehog,otter,badger,mouse,rat,bat,rabbit,hare,squirrel,beaver,dolphin,shark,seal,whale,walrus,orca,snake,lizard,tuna,alligator,robin,crow,turkey,chicken,cow,frog",-4.6790
01K4DVH6EYQG57B4E2HN1J2Q9M-animals,53,ngram-2,animals,ant,salamander,False,True,0,"cat,dog,elephant,donkey,giraffe,lion,tiger,zebra,rhino,hippopotamus,deer,moose,bear,wolf,fox,cheetah,leopard,monkey,chimpanzee,gorilla,baboon,kangaroo,koala,sloth,armadillo,hedgehog,otter,badger,mouse,rat,bat,rabbit,hare,squirrel,beaver,dolphin,shark,seal,whale,walrus,orca,snake,lizard,tuna,alligator,robin,crow,turkey,chicken,cow,frog,newt",-4.6412
01K4DVH6EYQG57B4E2HN1J2Q9M-animals,54,ngram-2,animals,bee,bee,True,True,0,"cat,dog,elephant,donkey,giraffe,lion,tiger,zebra,rhino,hippopotamus,deer,moose,bear,wolf,fox,cheetah,leopard,monkey,chimpanzee,gorilla,baboon,kangaroo,koala,sloth,armadillo,hedgehog,otter,badger,mouse,rat,bat,rabbit,hare,squirrel,beaver,dolphin,shark,seal,whale,walrus,orca,snake,lizard,tuna,alligator,robin,crow,turkey,chicken,cow,frog,newt,ant",-4.4128
01K4DVH6EYQG57B4E2HN1J2Q9M-animals,55,ngram-2,animals,jellyfish,wasp,False,True,0,"cat,dog,elephant,donkey,giraffe,lion,tiger,zebra,rhino,hippopotamus,deer,moose,bear,wolf,fox,cheetah,leopard,monkey,chimpanzee,gorilla,baboon,kangaroo,koala,sloth,armadillo,hedgehog,otter,badger,mouse,rat,bat,rabbit,hare,squirrel,beaver,dolphin,shark,seal,whale,walrus,orca,snake,lizard,tuna,alligator,robin,crow,turkey,chicken,cow,frog,newt,ant,bee",-4.6666
01K4DVH6EYQG57B4E2HN1J2Q9M-animals,56,ngram-2,animals,crab,hamster,False,True,0,"cat,dog,elephant,donkey,giraffe,lion,tiger,zebra,rhino,hippopotamus,deer,moose,bear,wolf,fox,cheetah,leopard,monkey,chimpanzee,gorilla,baboon,kangaroo,koala,sloth,armadillo,hedgehog,otter,badger,mouse,rat,bat,rabbit,hare,squirrel,beaver,dolphin,shark,seal,whale,walrus,orca,snake,lizard,tuna,alligator,robin,crow,turkey,chicken,cow,frog,newt,ant,bee,jellyfish",-5.0499
01K4DVH6EYQG57B4E2HN1J2Q9M-animals,57,ngram-2,animals,lobster,lobster,True,True,0,"cat,dog,elephant,donkey,giraffe,lion,tiger,zebra,rhino,hippopotamus,deer,moose,bear,wolf,fox,cheetah,leopard,monkey,chimpanzee,gorilla,baboon,kangaroo,koala,sloth,armadillo,hedgehog,otter,badger,mouse,rat,bat,rabbit,hare,squirrel,beaver,dolphin,shark,seal,whale,walrus,orca,snake,lizard,tuna,alligator,robin,crow,turkey,chicken,cow,frog,newt,ant,bee,jellyfish,crab",-3.9671
01K4DVH6EYQG57B4E2HN1J2Q9M-animals,58,ngram-2,animals,shrimp,crayfish,False,True,0,"cat,dog,elephant,donkey,giraffe,lion,tiger,zebra,rhino,hippopotamus,deer,moose,bear,wolf,fox,cheetah,leopard,monkey,chimpanzee,gorilla,baboon,kangaroo,koala,sloth,armadillo,hedgehog,otter,badger,mouse,rat,bat,rabbit,hare,squirrel,beaver,dolphin,shark,seal,whale,walrus,orca,snake,lizard,tuna,alligator,robin,crow,turkey,chicken,cow,frog,newt,ant,bee,jellyfish,crab,lobster",-5.0594
01K4DVH6EYQG57B4E2HN1J2Q9M-animals,59,ngram-2,animals,snail,goose,False,True,0,"cat,dog,elephant,donkey,giraffe,lion,tiger,zebra,rhino,hippopotamus,deer,moose,bear,wolf,fox,cheetah,leopard,monkey,chimpanzee,gorilla,baboon,kangaroo,koala,sloth,armadillo,hedgehog,otter,badger,mouse,rat,bat,rabbit,hare,squirrel,beaver,dolphin,shark,seal,whale,walrus,orca,snake,lizard,tuna,alligator,robin,crow,turkey,chicken,cow,frog,newt,ant,bee,jellyfish,crab,lobster,shrimp",-5.0434
01K4DVH6EYQG57B4E2HN1J2Q9M-animals,60,ngram-2,animals,worm,jellyfish,False,True,0,"cat,dog,elephant,donkey,giraffe,lion,tiger,zebra,rhino,hippopotamus,deer,moose,bear,wolf,fox,cheetah,leopard,monkey,chimpanzee,gorilla,baboon,kangaroo,koala,sloth,armadillo,hedgehog,otter,badger,mouse,rat,bat,rabbit,hare,squirrel,beaver,dolphin,shark,seal,whale,walrus,orca,snake,lizard,tuna,alligator,robin,crow,turkey,chicken,cow,frog,newt,ant,bee,jellyfish,crab,lobster,shrimp,snail",-5.0434
01K4DVH6EYQG57B4E2HN1J2Q9M-animals,61,ngram-2,animals,turtle,ant,False,True,0,"cat,dog,elephant,donkey,giraffe,lion,tiger,zebra,rhino,hippopotamus,deer,moose,bear,wolf,fox,cheetah,leopard,monkey,chimpanzee,gorilla,baboon,kangaroo,koala,sloth,armadillo,hedgehog,otter,badger,mouse,rat,bat,rabbit,hare,squirrel,beaver,dolphin,shark,seal,whale,walrus,orca,snake,lizard,tuna,alligator,robin,crow,turkey,chicken,cow,frog,newt,ant,bee,jellyfish,crab,lobster,shrimp,snail,worm",-4.6508
01K4DVH6EYQG57B4E2HN1J2Q9M-animals,62,ngram-2,animals,horse,tortoise,False,True,0,"cat,dog,elephant,donkey,giraffe,lion,tiger,zebra,rhino,hippopotamus,deer,moose,bear,wolf,fox,cheetah,leopard,monkey,chimpanzee,gorilla,baboon,kangaroo,koala,sloth,armadillo,hedgehog,otter,badger,mouse,rat,bat,rabbit,hare,squirrel,beaver,dolphin,shark,seal,whale,walrus,orca,snake,lizard,tuna,alligator,robin,crow,turkey,chicken,cow,frog,newt,ant,bee,jellyfish,crab,lobster,shrimp,snail,worm,turtle",-4.3789
01K4DVH6EYQG57B4E2HN1J2Q9M-animals,63,ngram-2,animals,chameleon,cow,False,True,0,"cat,dog,elephant,donkey,giraffe,lion,tiger,zebra,rhino,hippopotamus,deer,moose,bear,wolf,fox,cheetah,leopard,monkey,chimpanzee,gorilla,baboon,kangaroo,koala,sloth,armadillo,hedgehog,otter,badger,mouse,rat,bat,rabbit,hare,squirrel,beaver,dolphin,shark,seal,whale,walrus,orca,snake,lizard,tuna,alligator,robin,crow,turkey,chicken,cow,frog,newt,ant,bee,jellyfish,crab,lobster,shrimp,snail,worm,turtle,horse",-3.7699
01K4DVH6EYQG57B4E2HN1J2Q9M-animals,64,ngram-2,animals,penguin,komododragon,False,True,0,"cat,dog,elephant,donkey,giraffe,lion,tiger,zebra,rhino,hippopotamus,deer,moose,bear,wolf,fox,cheetah,leopard,monkey,chimpanzee,gorilla,baboon,kangaroo,koala,sloth,armadillo,hedgehog,otter,badger,mouse,rat,bat,rabbit,hare,squirrel,beaver,dolphin,shark,seal,whale,walrus,orca,snake,lizard,tuna,alligator,robin,crow,turkey,chicken,cow,frog,newt,ant,bee,jellyfish,crab,lobster,shrimp,snail,worm,turtle,horse,chameleon",-5.0434
01K4DVH6EYQG57B4E2HN1J2Q9M-animals,65,ngram-2,animals,flamingo,horse,False,True,0,"cat,dog,elephant,donkey,giraffe,lion,tiger,zebra,rhino,hippopotamus,deer,moose,bear,wolf,fox,cheetah,leopard,monkey,chimpanzee,gorilla,baboon,kangaroo,koala,sloth,armadillo,hedgehog,otter,badger,mouse,rat,bat,rabbit,hare,squirrel,beaver,dolphin,shark,seal,whale,walrus,orca,snake,lizard,tuna,alligator,robin,crow,turkey,chicken,cow,frog,newt,ant,bee,jellyfish,crab,lobster,shrimp,snail,worm,turtle,horse,chameleon,penguin",-4.6883
01K4DVK0T2KRFJYCTB2XX6S335-animals,2,ngram-2,animals,dog,horse,False,True,0,"penguin",-4.6821
01K4DVK0T2KRFJYCTB2XX6S335-animals,3,ngram-2,animals,cat,cat,True,True,0,"penguin,dog",-2.3924
01K4DVK0T2KRFJYCTB2XX6S335-animals,4,ngram-2,animals,rabbit,dog,False,True,0,"penguin,dog,cat",-2.8499
01K4DVK0T2KRFJYCTB2XX6S335-animals,5,ngram-2,animals,squirrel,hare,False,True,0,"penguin,dog,cat,rabbit",-4.0313
01K4DVK0T2KRFJYCTB2XX6S335-animals,6,ngram-2,animals,panda,fox,False,True,0,"penguin,dog,cat,rabbit,squirrel",-4.6634
01K4DVK0T2KRFJYCTB2XX6S335-animals,7,ngram-2,animals,grizzlybear,bear,False,True,0,"penguin,dog,cat,rabbit,squirrel,panda",-4.4006
01K4DVK0T2KRFJYCTB2XX6S335-animals,8,ngram-2,animals,polarbear,elephant,False,True,0,"penguin,dog,cat,rabbit,squirrel,panda,grizzly bear",-5.0466
01K4DVK0T2KRFJYCTB2XX6S335-animals,9,ngram-2,animals,bird,grizzlybear,False,True,0,"penguin,dog,cat,rabbit,squirrel,panda,grizzly bear,polar bear",-4.6666
01K4DVK0T2KRFJYCTB2XX6S335-animals,10,ngram-2,animals,dolphin,eagle,False,True,0,"penguin,dog,cat,rabbit,squirrel,panda,grizzly bear,polar bear,bird",-4.4067
01K4DVK0T2KRFJYCTB2XX6S335-animals,11,ngram-2,animals,gopher,whale,False,True,0,"penguin,dog,cat,rabbit,squirrel,panda,grizzly bear,polar bear,bird,dolphin",-4.1927
01K4DVK0T2KRFJYCTB2XX6S335-animals,12,ngram-2,animals,beaver,aardvark,False,True,0,"penguin,dog,cat,rabbit,squirrel,panda,grizzly bear,polar bear,bird,dolphin,gopher",-5.7236
01K4DVK0T2KRFJYCTB2XX6S335-animals,13,ngram-2,animals,lion,dolphin,False,True,0,"penguin,dog,cat,rabbit,squirrel,panda,grizzly bear,polar bear,bird,dolphin,gopher,beaver",-5.0466
01K4DVK0T2KRFJYCTB2XX6S335-animals,14,ngram-2,animals,hippopotamus,tiger,False,True,0,"penguin,dog,cat,rabbit,squirrel,panda,grizzly bear,polar bear,bird,dolphin,gopher,beaver,lion",-3.1725
01K4DVK0T2KRFJYCTB2XX6S335-animals,15,ngram-2,animals,tiger,dolphin,False,True,0,"penguin,dog,cat,rabbit,squirrel,panda,grizzly bear,polar bear,bird,dolphin,gopher,beaver,lion,hippopotamus",-4.6634
01K4DVK0T2KRFJYCTB2XX6S335-animals,16,ngram-2,animals,leopard,lion,False,True,0,"penguin,dog,cat,rabbit,squirrel,panda,grizzly bear,polar bear,bird,dolphin,gopher,beaver,lion,hippopotamus,tiger",-3.1470
01K4DVK0T2KRFJYCTB2XX6S335-animals,17,ngram-2,animals,jaguar,antelope,False,True,0,"penguin,dog,cat,rabbit,squirrel,panda,grizzly bear,polar bear,bird,dolphin,gopher,beaver,lion,hippopotamus,tiger,leopard",-4.6944
01K4DVK0T2KRFJYCTB2XX6S335-animals,18,ngram-2,animals,panther,cougar,False,True,0,"penguin,dog,cat,rabbit,squirrel,panda,grizzly bear,polar bear,bird,dolphin,gopher,beaver,lion,hippopotamus,tiger,leopard,jaguar",-4.6666
01K4DVK0T2KRFJYCTB2XX6S335-animals,19,ngram-2,animals,monkey,tiger,False,True,0,"penguin,dog,cat,rabbit,squirrel,panda,grizzly bear,polar bear,bird,dolphin,gopher,beaver,lion,hippopotamus,tiger,leopard,jaguar,panther",-4.6444
01K4DVK0T2KRFJYCTB2XX6S335-animals,20,ngram-2,animals,gorilla,chimpanzee,False,True,0,"penguin,dog,cat,rabbit,squirrel,panda,grizzly bear,polar bear,bird,dolphin,gopher,beaver,lion,hippopotamus,tiger,leopard,jaguar,panther,monkey",-4.0313
01K4DVK0T2KRFJYCTB2XX6S335-animals,21,ngram-2,animals,sloth,chimpanzee,False,True,0,"penguin,dog,cat,rabbit,squirrel,panda,grizzly bear,polar bear,bird,dolphin,gopher,beaver,lion,hippopotamus,tiger,leopard,jaguar,panther,monkey,gorilla",-4.1805
01K4DVK0T2KRFJYCTB2XX6S335-animals,22,ngram-2,animals,cheetah,bat,False,True,0,"penguin,dog,cat,rabbit,squirrel,panda,grizzly bear,polar bear,bird,dolphin,gopher,beaver,lion,hippopotamus,tiger,leopard,jaguar,panther,monkey,gorilla,sloth",-4.6476
01K4DVK0T2KRFJYCTB2XX6S335-animals,23,ngram-2,animals,hyena,jaguar,False,True,0,"penguin,dog,cat,rabbit,squirrel,panda,grizzly bear,polar bear,bird,dolphin,gopher,beaver,lion,hippopotamus,tiger,leopard,jaguar,panther,monkey,gorilla,sloth,cheetah",-4.1836
01K4DVK0T2KRFJYCTB2XX6S335-animals,24,ngram-2,animals,boar,badger,False,True,0,"penguin,dog,cat,rabbit,squirrel,panda,grizzly bear,polar bear,bird,dolphin,gopher,beaver,lion,hippopotamus,tiger,leopard,jaguar,panther,monkey,gorilla,sloth,cheetah,hyena",-5.0531
01K4DVK0T2KRFJYCTB2XX6S335-animals,25,ngram-2,animals,frog,bat,False,True,0,"penguin,dog,cat,rabbit,squirrel,panda,grizzly bear,polar bear,bird,dolphin,gopher,beaver,lion,hippopotamus,tiger,leopard,jaguar,panther,monkey,gorilla,sloth,cheetah,hyena,boar",-5.0402
01K4DVK0T2KRFJYCTB2XX6S335-animals,26,ngram-2,animals,bunny,newt,False,True,0,"penguin,dog,cat,rabbit,squirrel,panda,grizzly bear,polar bear,bird,dolphin,gopher,beaver,lion,hippopotamus,tiger,leopard,jaguar,panther,monkey,gorilla,sloth,cheetah,hyena,boar,frog",-4.6728
01K4DVK0T2KRFJYCTB2XX6S335-animals,27,ngram-2,animals,hamster,dodo,False,True,0,"penguin,dog,cat,rabbit,squirrel,panda,grizzly bear,polar bear,bird,dolphin,gopher,beaver,lion,hippopotamus,tiger,leopard,jaguar,panther,monkey,gorilla,sloth,cheetah,hyena,boar,frog,bunny",-5.0370
01K4DVK0T2KRFJYCTB2XX6S335-animals,28,ngram-2,animals,snake,rat,False,True,0,"penguin,dog,cat,rabbit,squirrel,panda,grizzly bear,polar bear,bird,dolphin,gopher,beaver,lion,hippopotamus,tiger,leopard,jaguar,panther,monkey,gorilla,sloth,cheetah,hyena,boar,frog,bunny,hamster",-4.3820
01K4DVK0T2KRFJYCTB2XX6S335-animals,29,ngram-2,animals,tarantula,lizard,False,True,0,"penguin,dog,cat,rabbit,squirrel,panda,grizzly bear,polar bear,bird,dolphin,gopher,beaver,lion,hippopotamus,tiger,leopard,jaguar,panther,monkey,gorilla,sloth,cheetah,hyena,boar,frog,bunny,hamster,snake",-4.0164
01K4DVK0T2KRFJYCTB2XX6S335-animals,30,ngram-2,animals,whale,aardvark,False,True,0,"penguin,dog,cat,rabbit,squirrel,panda,grizzly bear,polar bear,bird,dolphin,gopher,beaver,lion,hippopotamus,tiger,leopard,jaguar,panther,monkey,gorilla,sloth,cheetah,hyena,boar,frog,bunny,hamster,snake,tarantula",-5.7236
01K4DVK0T2KRFJYCTB2XX6S335-animals,31,ngram-2,animals,koala,dolphin,False,True,0,"penguin,dog,cat,rabbit,squirrel,panda,grizzly bear,polar bear,bird,dolphin,gopher,beaver,lion,hippopotamus,tiger,leopard,jaguar,panther,monkey,gorilla,sloth,cheetah,hyena,boar,frog,bunny,hamster,snake,tarantula,whale",-4.1836
01K4DVK0T2KRFJYCTB2XX6S335-animals,32,ngram-2,animals,otter,panda,False,True,0,"penguin,dog,cat,rabbit,squirrel,panda,grizzly bear,polar bear,bird,dolphin,gopher,beaver,lion,hippopotamus,tiger,leopard,jaguar,panther,monkey,gorilla,sloth,cheetah,hyena,boar,frog,bunny,hamster,snake,tarantula,whale,koala",-4.6666
01K4DVK0T2KRFJYCTB2XX6S335-animals,33,ngram-2,animals,sealion,badger,False,True,0,"penguin,dog,cat,rabbit,squirrel,panda,grizzly bear,polar bear,bird,dolphin,gopher,beaver,lion,hippopotamus,tiger,leopard,jaguar,panther,monkey,gorilla,sloth,cheetah,hyena,boar,frog,bunny,hamster,snake,tarantula,whale,koala,otter",-5.0499
01K4DVRSNYEHVMVZQ5JSRAZE1P-animals,2,ngram-2,animals,cat,cat,True,True,0,"dog",-2.3979
01K4DVRSNYEHVMVZQ5JSRAZE1P-animals,3,ngram-2,animals,lion,dog,False,True,0,"dog,cat",-2.8554
01K4DVRSNYEHVMVZQ5JSRAZE1P-animals,4,ngram-2,animals,turtle,tiger,False,True,0,"dog,cat,lion",-3.1781
01K4DVRSNYEHVMVZQ5JSRAZE1P-animals,5,ngram-2,animals,fish,tortoise,False,True,0,"dog,cat,lion,turtle",-4.3789
01K4DVRSNYEHVMVZQ5JSRAZE1P-animals,6,ngram-2,animals,dolphin,shark,False,True,0,"dog,cat,lion,turtle,fish",-4.2047
01K4DVRSNYEHVMVZQ5JSRAZE1P-animals,7,ngram-2,animals,whale,shark,False,True,0,"dog,cat,lion,turtle,fish,dolphin",-4.4218
01K4DVRSNYEHVMVZQ5JSRAZE1P-animals,8,ngram-2,animals,ant,dolphin,False,True,0,"dog,cat,lion,turtle,fish,dolphin,whale",-4.1897
01K4DVRSNYEHVMVZQ5JSRAZE1P-animals,9,ngram-2,animals,cockroach,bee,False,True,0,"dog,cat,lion,turtle,fish,dolphin,whale,ant",-4.1897
01K4DVRSNYEHVMVZQ5JSRAZE1P-animals,10,ngram-2,animals,fly,beetle,False,True,0,"dog,cat,lion,turtle,fish,dolphin,whale,ant,cockroach",-4.6444
01K4DVRSNYEHVMVZQ5JSRAZE1P-animals,11,ngram-2,animals,pig,ant,False,True,0,"dog,cat,lion,turtle,fish,dolphin,whale,ant,cockroach,fly",-4.6603
01K4DVRSNYEHVMVZQ5JSRAZE1P-animals,12,ngram-2,animals,cow,cow,True,True,0,"dog,cat,lion,turtle,fish,dolphin,whale,ant,cockroach,fly,pig",-3.8860
01K4DVRSNYEHVMVZQ5JSRAZE1P-animals,13,ngram-2,animals,chicken,chicken,True,True,0,"dog,cat,lion,turtle,fish,dolphin,whale,ant,cockroach,fly,pig,cow",-3.7670
01K4DVRSNYEHVMVZQ5JSRAZE1P-animals,14,ngram-2,animals,turkey,horse,False,True,0,"dog,cat,lion,turtle,fish,dolphin,whale,ant,cockroach,fly,pig,cow,chicken",-4.2047
01K4DVRSNYEHVMVZQ5JSRAZE1P-animals,15,ngram-2,animals,deer,cheetah,False,True,0,"dog,cat,lion,turtle,fish,dolphin,whale,ant,cockroach,fly,pig,cow,chicken,turkey",-5.0531
01K4DVRSNYEHVMVZQ5JSRAZE1P-animals,16,ngram-2,animals,bear,moose,False,True,0,"dog,cat,lion,turtle,fish,dolphin,whale,ant,cockroach,fly,pig,cow,chicken,turkey,deer",-4.4158
01K4DVRSNYEHVMVZQ5JSRAZE1P-animals,17,ngram-2,animals,penguin,lion,False,True,0,"dog,cat,lion,turtle,fish,dolphin,whale,ant,cockroach,fly,pig,cow,chicken,turkey,deer,bear",-4.4368
01K4DVRSNYEHVMVZQ5JSRAZE1P-animals,18,ngram-2,animals,seal,horse,False,True,0,"dog,cat,lion,turtle,fish,dolphin,whale,ant,cockroach,fly,pig,cow,chicken,turkey,deer,bear,penguin",-4.6883
01K4DVRSNYEHVMVZQ5JSRAZE1P-animals,19,ngram-2,animals,walrus,cow,False,True,0,"dog,cat,lion,turtle,fish,dolphin,whale,ant,cockroach,fly,pig,cow,chicken,turkey,deer,bear,penguin,seal",-5.0562
01K4DVRSNYEHVMVZQ5JSRAZE1P-animals,20,ngram-2,animals,aardvark,guineapig,False,True,0,"dog,cat,lion,turtle,fish,dolphin,whale,ant,cockroach,fly,pig,cow,chicken,turkey,deer,bear,penguin,seal,walrus",-5.0499
01K4DVRSNYEHVMVZQ5JSRAZE1P-animals,21,ngram-2,animals,bunny,anteater,False,True,0,"dog,cat,lion,turtle,fish,dolphin,whale,ant,cockroach,fly,pig,cow,chicken,turkey,deer,bear,penguin,seal,walrus,aardvark",-5.0466
01K4DVRSNYEHVMVZQ5JSRAZE1P-animals,22,ngram-2,animals,rabbit,dodo,False,True,0,"dog,cat,lion,turtle,fish,dolphin,whale,ant,cockroach,fly,pig,cow,chicken,turkey,deer,bear,penguin,seal,walrus,aardvark,bunny",-5.0434
01K4DVRSNYEHVMVZQ5JSRAZE1P-animals,23,ngram-2,animals,monkey,hare,False,True,0,"dog,cat,lion,turtle,fish,dolphin,whale,ant,cockroach,fly,pig,cow,chicken,turkey,deer,bear,penguin,seal,walrus,aardvark,bunny,rabbit",-4.0372
01K4DVRSNYEHVMVZQ5JSRAZE1P-animals,24,ngram-2,animals,chimpanzee,gorilla,False,True,0,"dog,cat,lion,turtle,fish,dolphin,whale,ant,cockroach,fly,pig,cow,chicken,turkey,deer,bear,penguin,seal,walrus,aardvark,bunny,rabbit,monkey",-4.0372
01K4DVRSNYEHVMVZQ5JSRAZE1P-animals,25,ngram-2,animals,ape,gorilla,False,True,0,"dog,cat,lion,turtle,fish,dolphin,whale,ant,cockroach,fly,pig,cow,chicken,turkey,deer,bear,penguin,seal,walrus,aardvark,bunny,rabbit,monkey,chimpanzee",-4.3820
01K4DVRSNYEHVMVZQ5JSRAZE1P-animals,26,ngram-2,animals,panda,gorilla,False,True,0,"dog,cat,lion,turtle,fish,dolphin,whale,ant,cockroach,fly,pig,cow,chicken,turkey,deer,bear,penguin,seal,walrus,aardvark,bunny,rabbit,monkey,chimpanzee,ape",-4.1495
01K4DVRSNYEHVMVZQ5JSRAZE1P-animals,27,ngram-2,animals,viper,bear,False,True,0,"dog,cat,lion,turtle,fish,dolphin,whale,ant,cockroach,fly,pig,cow,chicken,turkey,deer,bear,penguin,seal,walrus,aardvark,bunny,rabbit,monkey,chimpanzee,ape,panda",-4.4067
01K4DVRSNYEHVMVZQ5JSRAZE1P-animals,28,ngram-2,animals,boaconstrictor,python,False,True,0,"dog,cat,lion,turtle,fish,dolphin,whale,ant,cockroach,fly,pig,cow,chicken,turkey,deer,bear,penguin,seal,walrus,aardvark,bunny,rabbit,monkey,chimpanzee,ape,panda,viper",-5.0402
01K4DVRSNYEHVMVZQ5JSRAZE1P-animals,29,ngram-2,animals,rattlesnake,rattlesnake,True,True,0,"dog,cat,lion,turtle,fish,dolphin,whale,ant,cockroach,fly,pig,cow,chicken,turkey,deer,bear,penguin,seal,walrus,aardvark,bunny,rabbit,monkey,chimpanzee,ape,panda,viper,boa constrictor",-5.0402
01K4DVRSNYEHVMVZQ5JSRAZE1P-animals,30,ngram-2,animals,hedgehog,toad,False,True,0,"dog,cat,lion,turtle,fish,dolphin,whale,ant,cockroach,fly,pig,cow,chicken,turkey,deer,bear,penguin,seal,walrus,aardvark,bunny,rabbit,monkey,chimpanzee,ape,panda,viper,boa constrictor,rattlesnake",-5.0402
01K4DVRSNYEHVMVZQ5JSRAZE1P-animals,31,ngram-2,animals,eagle,badger,False,True,0,"dog,cat,lion,turtle,fish,dolphin,whale,ant,cockroach,fly,pig,cow,chicken,turkey,deer,bear,penguin,seal,walrus,aardvark,bunny,rabbit,monkey,chimpanzee,ape,panda,viper,boa constrictor,rattlesnake,hedgehog",-5.0562
01K4DVRSNYEHVMVZQ5JSRAZE1P-animals,32,ngram-2,animals,falcon,robin,False,True,0,"dog,cat,lion,turtle,fish,dolphin,whale,ant,cockroach,fly,pig,cow,chicken,turkey,deer,bear,penguin,seal,walrus,aardvark,bunny,rabbit,monkey,chimpanzee,ape,panda,viper,boa constrictor,rattlesnake,hedgehog,eagle",-4.4037
01K4DVRSNYEHVMVZQ5JSRAZE1P-animals,33,ngram-2,animals,crab,eagle,False,True,0,"dog,cat,lion,turtle,fish,dolphin,whale,ant,cockroach,fly,pig,cow,chicken,turkey,deer,bear,penguin,seal,walrus,aardvark,bunny,rabbit,monkey,chimpanzee,ape,panda,viper,boa constrictor,rattlesnake,hedgehog,eagle,falcon",-4.6476
01K4DVRSNYEHVMVZQ5JSRAZE1P-animals,34,ngram-2,animals,lobster,lobster,True,True,0,"dog,cat,lion,turtle,fish,dolphin,whale,ant,cockroach,fly,pig,cow,chicken,turkey,deer,bear,penguin,seal,walrus,aardvark,bunny,rabbit,monkey,chimpanzee,ape,panda,viper,boa constrictor,rattlesnake,hedgehog,eagle,falcon,crab",-3.9671
01K4DVRSNYEHVMVZQ5JSRAZE1P-animals,35,ngram-2,animals,shrimp,crayfish,False,True,0,"dog,cat,lion,turtle,fish,dolphin,whale,ant,cockroach,fly,pig,cow,chicken,turkey,deer,bear,penguin,seal,walrus,aardvark,bunny,rabbit,monkey,chimpanzee,ape,panda,viper,boa constrictor,rattlesnake,hedgehog,eagle,falcon,crab,lobster",-5.0594
01K4DVRSNYEHVMVZQ5JSRAZE1P-animals,36,ngram-2,animals,goose,seahorse,False,True,0,"dog,cat,lion,turtle,fish,dolphin,whale,ant,cockroach,fly,pig,cow,chicken,turkey,deer,bear,penguin,seal,walrus,aardvark,bunny,rabbit,monkey,chimpanzee,ape,panda,viper,boa constrictor,rattlesnake,hedgehog,eagle,falcon,crab,lobster,shrimp",-5.0434
01K4DX2DECRV1FWZBETW1GFVBY-animals,2,ngram-2,animals,lion,dog,False,True,0,"cat",-2.8554
01K4DX2DECRV1FWZBETW1GFVBY-animals,3,ngram-2,animals,elephant,tiger,False,True,0,"cat,lion",-3.1781
01K4DX2DECRV1FWZBETW1GFVBY-animals,4,ngram-2,animals,tiger,giraffe,False,True,0,"cat,lion,elephant",-4.0662
01K4DX2DECRV1FWZBETW1GFVBY-animals,5,ngram-2,animals,giraffe,lion,False,True,0,"cat,lion,elephant,tiger",-3.1527
01K4DX2DECRV1FWZBETW1GFVBY-animals,6,ngram-2,animals,zebra,tiger,False,True,0,"cat,lion,elephant,tiger,giraffe",-4.4308
01K4DX2DECRV1FWZBETW1GFVBY-animals,7,ngram-2,animals,kangaroo,horse,False,True,0,"cat,lion,elephant,tiger,giraffe,zebra",-4.2017
01K4DX2DECRV1FWZBETW1GFVBY-animals,8,ngram-2,animals,bear,koala,False,True,0,"cat,lion,elephant,tiger,giraffe,zebra,kangaroo",-3.8317
01K4DX2DECRV1FWZBETW1GFVBY-animals,9,ngram-2,animals,fox,lion,False,True,0,"cat,lion,elephant,tiger,giraffe,zebra,kangaroo,bear",-4.4368
01K4DX2DECRV1FWZBETW1GFVBY-animals,10,ngram-2,animals,monkey,wolf,False,True,0,"cat,lion,elephant,tiger,giraffe,zebra,kangaroo,bear,fox",-3.8652
01K4DX2DECRV1FWZBETW1GFVBY-animals,11,ngram-2,animals,dolphin,chimpanzee,False,True,0,"cat,lion,elephant,tiger,giraffe,zebra,kangaroo,bear,fox,monkey",-4.0372
01K4DX2DECRV1FWZBETW1GFVBY-animals,12,ngram-2,animals,eagle,whale,False,True,0,"cat,lion,elephant,tiger,giraffe,zebra,kangaroo,bear,fox,monkey,dolphin",-4.1987
01K4DX2DECRV1FWZBETW1GFVBY-animals,13,ngram-2,animals,snake,robin,False,True,0,"cat,lion,elephant,tiger,giraffe,zebra,kangaroo,bear,fox,monkey,dolphin,eagle",-4.4037
01K4DX2DECRV1FWZBETW1GFVBY-animals,14,ngram-2,animals,crocodile,lizard,False,True,0,"cat,lion,elephant,tiger,giraffe,zebra,kangaroo,bear,fox,monkey,dolphin,eagle,snake",-4.0224
01K4DX2DECRV1FWZBETW1GFVBY-animals,15,ngram-2,animals,penguin,alligator,False,True,0,"cat,lion,elephant,tiger,giraffe,zebra,kangaroo,bear,fox,monkey,dolphin,eagle,snake,crocodile",-4.6821
01K4DX2DECRV1FWZBETW1GFVBY-animals,16,ngram-2,animals,wolf,horse,False,True,0,"cat,lion,elephant,tiger,giraffe,zebra,kangaroo,bear,fox,monkey,dolphin,eagle,snake,crocodile,penguin",-4.6883
01K4DX2DECRV1FWZBETW1GFVBY-animals,17,ngram-2,animals,dog,fox,False,True,0,"cat,lion,elephant,tiger,giraffe,zebra,kangaroo,bear,fox,monkey,dolphin,eagle,snake,crocodile,penguin,wolf",-4.4006
01K4DX2DECRV1FWZBETW1GFVBY-animals,18,ngram-2,animals,parrot,cat,False,True,0,"cat,lion,elephant,tiger,giraffe,zebra,kangaroo,bear,fox,monkey,dolphin,eagle,snake,crocodile,penguin,wolf,dog",-2.3680
01K4DX2DECRV1FWZBETW1GFVBY-animals,19,ngram-2,animals,hippopotamus,budgie,False,True,0,"cat,lion,elephant,tiger,giraffe,zebra,kangaroo,bear,fox,monkey,dolphin,eagle,snake,crocodile,penguin,wolf,dog,parrot",-4.6666
01K4DX2DECRV1FWZBETW1GFVBY-animals,20,ngram-2,animals,rhinoceros,dolphin,False,True,0,"cat,lion,elephant,tiger,giraffe,zebra,kangaroo,bear,fox,monkey,dolphin,eagle,snake,crocodile,penguin,wolf,dog,parrot,hippopotamus",-4.6697
01K4DX2DECRV1FWZBETW1GFVBY-animals,21,ngram-2,animals,chimpanzee,shrew,False,True,0,"cat,lion,elephant,tiger,giraffe,zebra,kangaroo,bear,fox,monkey,dolphin,eagle,snake,crocodile,penguin,wolf,dog,parrot,hippopotamus,rhinoceros",-5.0402
01K4DX2DECRV1FWZBETW1GFVBY-animals,22,ngram-2,animals,octopus,gorilla,False,True,0,"cat,lion,elephant,tiger,giraffe,zebra,kangaroo,bear,fox,monkey,dolphin,eagle,snake,crocodile,penguin,wolf,dog,parrot,hippopotamus,rhinoceros,chimpanzee",-4.3820
01K4DX2DECRV1FWZBETW1GFVBY-animals,23,ngram-2,animals,owl,cuttlefish,False,True,0,"cat,lion,elephant,tiger,giraffe,zebra,kangaroo,bear,fox,monkey,dolphin,eagle,snake,crocodile,penguin,wolf,dog,parrot,hippopotamus,rhinoceros,chimpanzee,octopus",-5.0626
01K4DX2DECRV1FWZBETW1GFVBY-animals,24,ngram-2,animals,cheetah,bat,False,True,0,"cat,lion,elephant,tiger,giraffe,zebra,kangaroo,bear,fox,monkey,dolphin,eagle,snake,crocodile,penguin,wolf,dog,parrot,hippopotamus,rhinoceros,chimpanzee,octopus,owl",-5.0594
01K4DX2DECRV1FWZBETW1GFVBY-animals,25,ngram-2,animals,deer,jaguar,False,True,0,"cat,lion,elephant,tiger,giraffe,zebra,kangaroo,bear,fox,monkey,dolphin,eagle,snake,crocodile,penguin,wolf,dog,parrot,hippopotamus,rhinoceros,chimpanzee,octopus,owl,cheetah",-4.1897
01K4DX2DECRV1FWZBETW1GFVBY-animals,26,ngram-2,animals,moose,moose,True,True,0,"cat,lion,elephant,tiger,giraffe,zebra,kangaroo,bear,fox,monkey,dolphin,eagle,snake,crocodile,penguin,wolf,dog,parrot,hippopotamus,rhinoceros,chimpanzee,octopus,owl,cheetah,deer",-4.7035
01K4DX2DECRV1FWZBETW1GFVBY-animals,27,ngram-2,animals,tortoise,elk,False,True,0,"cat,lion,elephant,tiger,giraffe,zebra,kangaroo,bear,fox,monkey,dolphin,eagle,snake,crocodile,penguin,wolf,dog,parrot,hippopotamus,rhinoceros,chimpanzee,octopus,owl,cheetah,deer,moose",-4.3789
01K4DX2DECRV1FWZBETW1GFVBY-animals,28,ngram-2,animals,llama,turtle,False,True,0,"cat,lion,elephant,tiger,giraffe,zebra,kangaroo,bear,fox,monkey,dolphin,eagle,snake,crocodile,penguin,wolf,dog,parrot,hippopotamus,rhinoceros,chimpanzee,octopus,owl,cheetah,deer,moose,tortoise",-4.6571
01K4DX2DECRV1FWZBETW1GFVBY-animals,29,ngram-2,animals,bat,alpaca,False,True,0,"cat,lion,elephant,tiger,giraffe,zebra,kangaroo,bear,fox,monkey,dolphin,eagle,snake,crocodile,penguin,wolf,dog,parrot,hippopotamus,rhinoceros,chimpanzee,octopus,owl,cheetah,deer,moose,tortoise,llama",-4.1620
01K4DX2DECRV1FWZBETW1GFVBY-animals,30,ngram-2,animals,squirrel,rabbit,False,True,0,"cat,lion,elephant,tiger,giraffe,zebra,kangaroo,bear,fox,monkey,dolphin,eagle,snake,crocodile,penguin,wolf,dog,parrot,hippopotamus,rhinoceros,chimpanzee,octopus,owl,cheetah,deer,moose,tortoise,llama,bat",-4.6697
01K4DX2DECRV1FWZBETW1GFVBY-animals,31,ngram-2,animals,flamingo,fox,False,True,0,"cat,lion,elephant,tiger,giraffe,zebra,kangaroo,bear,fox,monkey,dolphin,eagle,snake,crocodile,penguin,wolf,dog,parrot,hippopotamus,rhinoceros,chimpanzee,octopus,owl,cheetah,deer,moose,tortoise,llama,bat,squirrel",-4.6697
01K4DX2DECRV1FWZBETW1GFVBY-animals,32,ngram-2,animals,hedgehog,ape,False,True,0,"cat,lion,elephant,tiger,giraffe,zebra,kangaroo,bear,fox,monkey,dolphin,eagle,snake,crocodile,penguin,wolf,dog,parrot,hippopotamus,rhinoceros,chimpanzee,octopus,owl,cheetah,deer,moose,tortoise,llama,bat,squirrel,flamingo",-5.0594
01KEYTJT1EF8R5M0DMXMA742PC,2,ngram-2,animals,fox,lion,False,True,0,"tiger",-3.1499
01KEYTJT1EF8R5M0DMXMA742PC,3,ngram-2,animals,lion,wolf,False,True,0,"tiger,fox",-3.8622
01KEYTJT1EF8R5M0DMXMA742PC,4,ngram-2,animals,elephant,tiger,False,True,0,"tiger,fox,lion",-3.1753
01KEYTJT1EF8R5M0DMXMA742PC,5,ngram-2,animals,giraffe,tiger,False,True,0,"tiger,fox,lion,elephant",-3.9092
01KEYTJT1EF8R5M0DMXMA742PC,6,ngram-2,animals,zebra,tiger,False,True,0,"tiger,fox,lion,elephant,giraffe",-4.4278
01KEYTJT1EF8R5M0DMXMA742PC,7,ngram-2,animals,cheetah,horse,False,True,0,"tiger,fox,lion,elephant,giraffe,zebra",-4.1987
01KEYTJT1EF8R5M0DMXMA742PC,8,ngram-2,animals,leopard,jaguar,False,True,0,"tiger,fox,lion,elephant,giraffe,zebra,cheetah",-4.1866
01KEYTJT1EF8R5M0DMXMA742PC,9,ngram-2,animals,rhino,antelope,False,True,0,"tiger,fox,lion,elephant,giraffe,zebra,cheetah,leopard",-4.6974
01KEYTJT1EF8R5M0DMXMA742PC,10,ngram-2,animals,hippopotamus,hippopotamus,True,True,0,"tiger,fox,lion,elephant,giraffe,zebra,cheetah,leopard,rhino",-4.6603
01KEYTJT1EF8R5M0DMXMA742PC,11,ngram-2,animals,monkey,dolphin,False,True,0,"tiger,fox,lion,elephant,giraffe,zebra,cheetah,leopard,rhino,hippopotamus",-4.6666
01KEYTJT1EF8R5M0DMXMA742PC,12,ngram-2,animals,ape,chimpanzee,False,True,0,"tiger,fox,lion,elephant,giraffe,zebra,cheetah,leopard,rhino,hippopotamus,monkey",-4.0342
01KEYTJT1EF8R5M0DMXMA742PC,13,ngram-2,animals,gorilla,gorilla,True,True,0,"tiger,fox,lion,elephant,giraffe,zebra,cheetah,leopard,rhino,hippopotamus,monkey,ape",-4.3694
01KEYTJT1EF8R5M0DMXMA742PC,14,ngram-2,animals,chimpanzee,chimpanzee,True,True,0,"tiger,fox,lion,elephant,giraffe,zebra,cheetah,leopard,rhino,hippopotamus,monkey,ape,gorilla",-4.4067
01KEYTJT1EF8R5M0DMXMA742PC,15,ngram-2,animals,baboon,gorilla,False,True,0,"tiger,fox,lion,elephant,giraffe,zebra,cheetah,leopard,rhino,hippopotamus,monkey,ape,gorilla,chimpanzee",-4.3789
01KEYTJT1EF8R5M0DMXMA742PC,16,ngram-2,animals,orangutan,ant,False,True,0,"tiger,fox,lion,elephant,giraffe,zebra,cheetah,leopard,rhino,hippopotamus,monkey,ape,gorilla,chimpanzee,baboon",-5.0499
01KEYTJT1EF8R5M0DMXMA742PC,17,ngram-2,animals,sloth,zebra,False,True,0,"tiger,fox,lion,elephant,giraffe,zebra,cheetah,leopard,rhino,hippopotamus,monkey,ape,gorilla,chimpanzee,baboon,orangutan",-5.0370
01KEYTJT1EF8R5M0DMXMA742PC,18,ngram-2,animals,koala,bat,False,True,0,"tiger,fox,lion,elephant,giraffe,zebra,cheetah,leopard,rhino,hippopotamus,monkey,ape,gorilla,chimpanzee,baboon,orangutan,sloth",-4.6508
01KEYTJT1EF8R5M0DMXMA742PC,19,ngram-2,animals,kangaroo,panda,False,True,0,"tiger,fox,lion,elephant,giraffe,zebra,cheetah,leopard,rhino,hippopotamus,monkey,ape,gorilla,chimpanzee,baboon,orangutan,sloth,koala",-4.6697
01KEYTJT1EF8R5M0DMXMA742PC,20,ngram-2,animals,wolf,koala,False,True,0,"tiger,fox,lion,elephant,giraffe,zebra,cheetah,leopard,rhino,hippopotamus,monkey,ape,gorilla,chimpanzee,baboon,orangutan,sloth,koala,kangaroo",-3.8286
01KEYTJT1EF8R5M0DMXMA742PC,21,ngram-2,animals,raccoon,fox,False,True,0,"tiger,fox,lion,elephant,giraffe,zebra,cheetah,leopard,rhino,hippopotamus,monkey,ape,gorilla,chimpanzee,baboon,orangutan,sloth,koala,kangaroo,wolf",-4.3975
01KEYTJT1EF8R5M0DMXMA742PC,22,ngram-2,animals,bear,deer,False,True,0,"tiger,fox,lion,elephant,giraffe,zebra,cheetah,leopard,rhino,hippopotamus,monkey,ape,gorilla,chimpanzee,baboon,orangutan,sloth,koala,kangaroo,wolf,raccoon",-4.6603
01KEYTJT1EF8R5M0DMXMA742PC,23,ngram-2,animals,blackbear,lion,False,True,0,"tiger,fox,lion,elephant,giraffe,zebra,cheetah,leopard,rhino,hippopotamus,monkey,ape,gorilla,chimpanzee,baboon,orangutan,sloth,koala,kangaroo,wolf,raccoon,bear",-4.4338
01KEYTJT1EF8R5M0DMXMA742PC,24,ngram-2,animals,polarbear,brownbear,False,True,0,"tiger,fox,lion,elephant,giraffe,zebra,cheetah,leopard,rhino,hippopotamus,monkey,ape,gorilla,chimpanzee,baboon,orangutan,sloth,koala,kangaroo,wolf,raccoon,bear,black bear",-4.6380
01KEYTJT1EF8R5M0DMXMA742PC,25,ngram-2,animals,panda,grizzlybear,False,True,0,"tiger,fox,lion,elephant,giraffe,zebra,cheetah,leopard,rhino,hippopotamus,monkey,ape,gorilla,chimpanzee,baboon,orangutan,sloth,koala,kangaroo,wolf,raccoon,bear,black bear,polar bear",-4.6697
01KEYTJT1EF8R5M0DMXMA742PC,26,ngram-2,animals,wallaby,bear,False,True,0,"tiger,fox,lion,elephant,giraffe,zebra,cheetah,leopard,rhino,hippopotamus,monkey,ape,gorilla,chimpanzee,baboon,orangutan,sloth,koala,kangaroo,wolf,raccoon,bear,black bear,polar bear,panda",-4.4037
01KEYTJT1EF8R5M0DMXMA742PC,27,ngram-2,animals,wombat,aardvark,False,True,0,"tiger,fox,lion,elephant,giraffe,zebra,cheetah,leopard,rhino,hippopotamus,monkey,ape,gorilla,chimpanzee,baboon,orangutan,sloth,koala,kangaroo,wolf,raccoon,bear,black bear,polar bear,panda,wallaby",-5.7268
01KEYTJT1EF8R5M0DMXMA742PC,28,ngram-2,animals,anteater,aardvark,False,True,0,"tiger,fox,lion,elephant,giraffe,zebra,cheetah,leopard,rhino,hippopotamus,monkey,ape,gorilla,chimpanzee,baboon,orangutan,sloth,koala,kangaroo,wolf,raccoon,bear,black bear,polar bear,panda,wallaby,wombat",-5.7268
01KEYTJT1EF8R5M0DMXMA742PC,29,ngram-2,animals,armadillo,armadillo,True,True,0,"tiger,fox,lion,elephant,giraffe,zebra,cheetah,leopard,rhino,hippopotamus,monkey,ape,gorilla,chimpanzee,baboon,orangutan,sloth,koala,kangaroo,wolf,raccoon,bear,black bear,polar bear,panda,wallaby,wombat,anteater",-5.0562
01KEYTJT1EF8R5M0DMXMA742PC,30,ngram-2,animals,beaver,frog,False,True,0,"tiger,fox,lion,elephant,giraffe,zebra,cheetah,leopard,rhino,hippopotamus,monkey,ape,gorilla,chimpanzee,baboon,orangutan,sloth,koala,kangaroo,wolf,raccoon,bear,black bear,polar bear,panda,wallaby,wombat,anteater,armadillo",-5.0531
01KEYTJT1EF8R5M0DMXMA742PC,31,ngram-2,animals,otter,dolphin,False,True,0,"tiger,fox,lion,elephant,giraffe,zebra,cheetah,leopard,rhino,hippopotamus,monkey,ape,gorilla,chimpanzee,baboon,orangutan,sloth,koala,kangaroo,wolf,raccoon,bear,black bear,polar bear,panda,wallaby,wombat,anteater,armadillo,beaver",-5.0499
01KEYTJT1EF8R5M0DMXMA742PC,32,ngram-2,animals,hedgehog,badger,False,True,0,"tiger,fox,lion,elephant,giraffe,zebra,cheetah,leopard,rhino,hippopotamus,monkey,ape,gorilla,chimpanzee,baboon,orangutan,sloth,koala,kangaroo,wolf,raccoon,bear,black bear,polar bear,panda,wallaby,wombat,anteater,armadillo,beaver,otter",-5.0531
01KEYTJT1EF8R5M0DMXMA742PC,33,ngram-2,animals,badger,eagle,False,True,0,"tiger,fox,lion,elephant,giraffe,zebra,cheetah,leopard,rhino,hippopotamus,monkey,ape,gorilla,chimpanzee,baboon,orangutan,sloth,koala,kangaroo,wolf,raccoon,bear,black bear,polar bear,panda,wallaby,wombat,anteater,armadillo,beaver,otter,hedgehog",-5.0531
01KEYTJT1EF8R5M0DMXMA742PC,34,ngram-2,animals,skunk,mouse,False,True,0,"tiger,fox,lion,elephant,giraffe,zebra,cheetah,leopard,rhino,hippopotamus,monkey,ape,gorilla,chimpanzee,baboon,orangutan,sloth,koala,kangaroo,wolf,raccoon,bear,black bear,polar bear,panda,wallaby,wombat,anteater,armadillo,beaver,otter,hedgehog,badger",-4.6540
01KEYTJT1EF8R5M0DMXMA742PC,35,ngram-2,animals,deer,mole,False,True,0,"tiger,fox,lion,elephant,giraffe,zebra,cheetah,leopard,rhino,hippopotamus,monkey,ape,gorilla,chimpanzee,baboon,orangutan,sloth,koala,kangaroo,wolf,raccoon,bear,black bear,polar bear,panda,wallaby,wombat,anteater,armadillo,beaver,otter,hedgehog,badger,skunk",-4.6540
01KEYTJT1EF8R5M0DMXMA742PC,36,ngram-2,animals,reindeer,moose,False,True,0,"tiger,fox,lion,elephant,giraffe,zebra,cheetah,leopard,rhino,hippopotamus,monkey,ape,gorilla,chimpanzee,baboon,orangutan,sloth,koala,kangaroo,wolf,raccoon,bear,black bear,polar bear,panda,wallaby,wombat,anteater,armadillo,beaver,otter,hedgehog,badger,skunk,deer",-4.4128
01KEYTJT1EF8R5M0DMXMA742PC,37,ngram-2,animals,bison,bunny,False,True,0,"tiger,fox,lion,elephant,giraffe,zebra,cheetah,leopard,rhino,hippopotamus,monkey,ape,gorilla,chimpanzee,baboon,orangutan,sloth,koala,kangaroo,wolf,raccoon,bear,black bear,polar bear,panda,wallaby,wombat,anteater,armadillo,beaver,otter,hedgehog,badger,skunk,deer,reindeer",-5.0466
01KEYTJT1EF8R5M0DMXMA742PC,38,ngram-2,animals,camel,antelope,False,True,0,"tiger,fox,lion,elephant,giraffe,zebra,cheetah,leopard,rhino,hippopotamus,monkey,ape,gorilla,chimpanzee,baboon,orangutan,sloth,koala,kangaroo,wolf,raccoon,bear,black bear,polar bear,panda,wallaby,wombat,anteater,armadillo,beaver,otter,hedgehog,badger,skunk,deer,reindeer,bison",-5.0658
01KEYTJT1EF8R5M0DMXMA742PC,39,ngram-2,animals,llama,horse,False,True,0,"tiger,fox,lion,elephant,giraffe,zebra,cheetah,leopard,rhino,hippopotamus,monkey,ape,gorilla,chimpanzee,baboon,orangutan,sloth,koala,kangaroo,wolf,raccoon,bear,black bear,polar bear,panda,wallaby,wombat,anteater,armadillo,beaver,otter,hedgehog,badger,skunk,deer,reindeer,bison,camel",-4.6476
01KEYTJT1EF8R5M0DMXMA742PC,40,ngram-2,animals,cow,alpaca,False,True,0,"tiger,fox,lion,elephant,giraffe,zebra,cheetah,leopard,rhino,hippopotamus,monkey,ape,gorilla,chimpanzee,baboon,orangutan,sloth,koala,kangaroo,wolf,raccoon,bear,black bear,polar bear,panda,wallaby,wombat,anteater,armadillo,beaver,otter,hedgehog,badger,skunk,deer,reindeer,bison,camel,llama",-4.1589
01KEYTJT1EF8R5M0DMXMA742PC,41,ngram-2,animals,sheep,chicken,False,True,0,"tiger,fox,lion,elephant,giraffe,zebra,cheetah,leopard,rhino,hippopotamus,monkey,ape,gorilla,chimpanzee,baboon,orangutan,sloth,koala,kangaroo,wolf,raccoon,bear,black bear,polar bear,panda,wallaby,wombat,anteater,armadillo,beaver,otter,hedgehog,badger,skunk,deer,reindeer,bison,camel,llama,cow",-3.6463
01KEYTJT1EF8R5M0DMXMA742PC,42,ngram-2,animals,chicken,cow,False,True,0,"tiger,fox,lion,elephant,giraffe,zebra,cheetah,leopard,rhino,hippopotamus,monkey,ape,gorilla,chimpanzee,baboon,orangutan,sloth,koala,kangaroo,wolf,raccoon,bear,black bear,polar bear,panda,wallaby,wombat,anteater,armadillo,beaver,otter,hedgehog,badger,skunk,deer,reindeer,bison,camel,llama,cow,sheep",-3.7317
01KEYTJT1EF8R5M0DMXMA742PC,43,ngram-2,animals,cat,horse,False,True,0,"tiger,fox,lion,elephant,giraffe,zebra,cheetah,leopard,rhino,hippopotamus,monkey,ape,gorilla,chimpanzee,baboon,orangutan,sloth,koala,kangaroo,wolf,raccoon,bear,black bear,polar bear,panda,wallaby,wombat,anteater,armadillo,beaver,otter,hedgehog,badger,skunk,deer,reindeer,bison,camel,llama,cow,sheep,chicken",-4.2017
01KEYTJT1EF8R5M0DMXMA742PC,44,ngram-2,animals,goat,dog,False,True,0,"tiger,fox,lion,elephant,giraffe,zebra,cheetah,leopard,rhino,hippopotamus,monkey,ape,gorilla,chimpanzee,baboon,orangutan,sloth,koala,kangaroo,wolf,raccoon,bear,black bear,polar bear,panda,wallaby,wombat,anteater,armadillo,beaver,otter,hedgehog,badger,skunk,deer,reindeer,bison,camel,llama,cow,sheep,chicken,cat",-2.8526
01KEYTJT1EF8R5M0DMXMA742PC,45,ngram-2,animals,vole,sheep,False,True,0,"tiger,fox,lion,elephant,giraffe,zebra,cheetah,leopard,rhino,hippopotamus,monkey,ape,gorilla,chimpanzee,baboon,orangutan,sloth,koala,kangaroo,wolf,raccoon,bear,black bear,polar bear,panda,wallaby,wombat,anteater,armadillo,beaver,otter,hedgehog,badger,skunk,deer,reindeer,bison,camel,llama,cow,sheep,chicken,cat,goat",-4.0104
01KEYTJT1EF8R5M0DMXMA742PC,46,ngram-2,animals,shrew,bat,False,True,0,"tiger,fox,lion,elephant,giraffe,zebra,cheetah,leopard,rhino,hippopotamus,monkey,ape,gorilla,chimpanzee,baboon,orangutan,sloth,koala,kangaroo,wolf,raccoon,bear,black bear,polar bear,panda,wallaby,wombat,anteater,armadillo,beaver,otter,hedgehog,badger,skunk,deer,reindeer,bison,camel,llama,cow,sheep,chicken,cat,goat,vole",-5.0499
01KEYTJT1EF8R5M0DMXMA742PC,47,ngram-2,animals,donkey,mole,False,True,0,"tiger,fox,lion,elephant,giraffe,zebra,cheetah,leopard,rhino,hippopotamus,monkey,ape,gorilla,chimpanzee,baboon,orangutan,sloth,koala,kangaroo,wolf,raccoon,bear,black bear,polar bear,panda,wallaby,wombat,anteater,armadillo,beaver,otter,hedgehog,badger,skunk,deer,reindeer,bison,camel,llama,cow,sheep,chicken,cat,goat,vole,shrew",-5.0434
01KEYTJT1EF8R5M0DMXMA742PC,48,ngram-2,animals,horse,mule,False,True,0,"tiger,fox,lion,elephant,giraffe,zebra,cheetah,leopard,rhino,hippopotamus,monkey,ape,gorilla,chimpanzee,baboon,orangutan,sloth,koala,kangaroo,wolf,raccoon,bear,black bear,polar bear,panda,wallaby,wombat,anteater,armadillo,beaver,otter,hedgehog,badger,skunk,deer,reindeer,bison,camel,llama,cow,sheep,chicken,cat,goat,vole,shrew,donkey",-4.4006
01KEYTJT1EF8R5M0DMXMA742PC,49,ngram-2,animals,yak,cow,False,True,0,"tiger,fox,lion,elephant,giraffe,zebra,cheetah,leopard,rhino,hippopotamus,monkey,ape,gorilla,chimpanzee,baboon,orangutan,sloth,koala,kangaroo,wolf,raccoon,bear,black bear,polar bear,panda,wallaby,wombat,anteater,armadillo,beaver,otter,hedgehog,badger,skunk,deer,reindeer,bison,camel,llama,cow,sheep,chicken,cat,goat,vole,shrew,donkey,horse",-3.7670
01KEYTKK6D9ATWBC3333Q51KS3,2,ngram-2,animals,cat,cat,True,True,0,"dog",-2.3979
01KEYTKK6D9ATWBC3333Q51KS3,3,ngram-2,animals,horse,dog,False,True,0,"dog,cat",-2.8554
01KEYTKK6D9ATWBC3333Q51KS3,4,ngram-2,animals,elephant,cow,False,True,0,"dog,cat,horse",-3.7699
01KEYTKK6D9ATWBC3333Q51KS3,5,ngram-2,animals,squirrel,tiger,False,True,0,"dog,cat,horse,elephant",-3.9120
01KEYTKK6D9ATWBC3333Q51KS3,6,ngram-2,animals,panther,fox,False,True,0,"dog,cat,horse,elephant,squirrel",-4.6697
01KEYTKK6D9ATWBC3333Q51KS3,7,ngram-2,animals,bird,tiger,False,True,0,"dog,cat,horse,elephant,squirrel,panther",-4.6508
01KEYTKK6D9ATWBC3333Q51KS3,8,ngram-2,animals,lizard,eagle,False,True,0,"dog,cat,horse,elephant,squirrel,panther,bird",-4.4128
01KEYTKK6D9ATWBC3333Q51KS3,9,ngram-2,animals,rhino,gecko,False,True,0,"dog,cat,horse,elephant,squirrel,panther,bird,lizard",-4.3944
01KEYTKK6D9ATWBC3333Q51KS3,10,ngram-2,animals,frog,hippopotamus,False,True,0,"dog,cat,horse,elephant,squirrel,panther,bird,lizard,rhino",-4.3758
01KEYTKK6D9ATWBC3333Q51KS3,11,ngram-2,animals,fish,newt,False,True,0,"dog,cat,horse,elephant,squirrel,panther,bird,lizard,rhino,frog",-4.6790
01KEYTKK6D9ATWBC3333Q51KS3,12,ngram-2,animals,cheetah,shark,False,True,0,"dog,cat,horse,elephant,squirrel,panther,bird,lizard,rhino,frog,fish",-4.2047
01KEYTKK6D9ATWBC3333Q51KS3,13,ngram-2,animals,lion,jaguar,False,True,0,"dog,cat,horse,elephant,squirrel,panther,bird,lizard,rhino,frog,fish,cheetah",-4.1897
01KEYTKK6D9ATWBC3333Q51KS3,14,ngram-2,animals,tiger,tiger,True,True,0,"dog,cat,horse,elephant,squirrel,panther,bird,lizard,rhino,frog,fish,cheetah,lion",-3.2470
01KEYTKK6D9ATWBC3333Q51KS3,15,ngram-2,animals,giraffe,lion,False,True,0,"dog,cat,horse,elephant,squirrel,panther,bird,lizard,rhino,frog,fish,cheetah,lion,tiger",-3.1527
01KEYTKK6D9ATWBC3333Q51KS3,16,ngram-2,animals,penguin,tiger,False,True,0,"dog,cat,horse,elephant,squirrel,panther,bird,lizard,rhino,frog,fish,cheetah,lion,tiger,giraffe",-4.4308
01KEYTKK6D9ATWBC3333Q51KS3,17,ngram-2,animals,snake,horse,False,True,0,"dog,cat,horse,elephant,squirrel,panther,bird,lizard,rhino,frog,fish,cheetah,lion,tiger,giraffe,penguin",-4.6883
01KEYTKK6D9ATWBC3333Q51KS3,18,ngram-2,animals,worm,lizard,False,True,0,"dog,cat,horse,elephant,squirrel,panther,bird,lizard,rhino,frog,fish,cheetah,lion,tiger,giraffe,penguin,snake",-4.0224
01KEYTKK6D9ATWBC3333Q51KS3,19,ngram-2,animals,skunk,ant,False,True,0,"dog,cat,horse,elephant,squirrel,panther,bird,lizard,rhino,frog,fish,cheetah,lion,tiger,giraffe,penguin,snake,worm",-4.6508
01KEYTKK6D9ATWBC3333Q51KS3,20,ngram-2,animals,opossum,deer,False,True,0,"dog,cat,horse,elephant,squirrel,panther,bird,lizard,rhino,frog,fish,cheetah,lion,tiger,giraffe,penguin,snake,worm,skunk",-4.6571
01KEYTKK6D9ATWBC3333Q51KS3,21,ngram-2,animals,raccoon,beaver,False,True,0,"dog,cat,horse,elephant,squirrel,panther,bird,lizard,rhino,frog,fish,cheetah,lion,tiger,giraffe,penguin,snake,worm,skunk,opossum",-5.0434
01KEYTKK6D9ATWBC3333Q51KS3,22,ngram-2,animals,deer,bear,False,True,0,"dog,cat,horse,elephant,squirrel,panther,bird,lizard,rhino,frog,fish,cheetah,lion,tiger,giraffe,penguin,snake,worm,skunk,opossum,raccoon",-5.0689
01KEYTKK6D9ATWBC3333Q51KS3,23,ngram-2,animals,fox,moose,False,True,0,"dog,cat,horse,elephant,squirrel,panther,bird,lizard,rhino,frog,fish,cheetah,lion,tiger,giraffe,penguin,snake,worm,skunk,opossum,raccoon,deer",-4.4158
01KEYTKK6D9ATWBC3333Q51KS3,24,ngram-2,animals,wolf,wolf,True,True,0,"dog,cat,horse,elephant,squirrel,panther,bird,lizard,rhino,frog,fish,cheetah,lion,tiger,giraffe,penguin,snake,worm,skunk,opossum,raccoon,deer,fox",-4.0194
01KEYTKK6D9ATWBC3333Q51KS3,25,ngram-2,animals,coyote,fox,False,True,0,"dog,cat,horse,elephant,squirrel,panther,bird,lizard,rhino,frog,fish,cheetah,lion,tiger,giraffe,penguin,snake,worm,skunk,opossum,raccoon,deer,fox,wolf",-4.4006
01KEYTKK6D9ATWBC3333Q51KS3,26,ngram-2,animals,antelope,bison,False,True,0,"dog,cat,horse,elephant,squirrel,panther,bird,lizard,rhino,frog,fish,cheetah,lion,tiger,giraffe,penguin,snake,worm,skunk,opossum,raccoon,deer,fox,wolf,coyote",-5.0466
01KEYTKK6D9ATWBC3333Q51KS3,27,ngram-2,animals,alligator,anteater,False,True,0,"dog,cat,horse,elephant,squirrel,panther,bird,lizard,rhino,frog,fish,cheetah,lion,tiger,giraffe,penguin,snake,worm,skunk,opossum,raccoon,deer,fox,wolf,coyote,antelope",-5.0562
01KEYTKK6D9ATWBC3333Q51KS3,28,ngram-2,animals,crocodile,crocodile,True,True,0,"dog,cat,horse,elephant,squirrel,panther,bird,lizard,rhino,frog,fish,cheetah,lion,tiger,giraffe,penguin,snake,worm,skunk,opossum,raccoon,deer,fox,wolf,coyote,antelope,alligator",-3.6889
01KEYTKK6D9ATWBC3333Q51KS3,29,ngram-2,animals,tadpole,alligator,False,True,0,"dog,cat,horse,elephant,squirrel,panther,bird,lizard,rhino,frog,fish,cheetah,lion,tiger,giraffe,penguin,snake,worm,skunk,opossum,raccoon,deer,fox,wolf,coyote,antelope,alligator,crocodile",-4.6821
01KEYTKK6D9ATWBC3333Q51KS3,30,ngram-2,animals,grasshopper,fish,False,True,0,"dog,cat,horse,elephant,squirrel,panther,bird,lizard,rhino,frog,fish,cheetah,lion,tiger,giraffe,penguin,snake,worm,skunk,opossum,raccoon,deer,fox,wolf,coyote,antelope,alligator,crocodile,tadpole",-5.0402
01KEYTKK6D9ATWBC3333Q51KS3,31,ngram-2,animals,moth,butterfly,False,True,0,"dog,cat,horse,elephant,squirrel,panther,bird,lizard,rhino,frog,fish,cheetah,lion,tiger,giraffe,penguin,snake,worm,skunk,opossum,raccoon,deer,fox,wolf,coyote,antelope,alligator,crocodile,tadpole,grasshopper",-5.0434
01KEYTKK6D9ATWBC3333Q51KS3,32,ngram-2,animals,bee,bee,True,True,0,"dog,cat,horse,elephant,squirrel,panther,bird,lizard,rhino,frog,fish,cheetah,lion,tiger,giraffe,penguin,snake,worm,skunk,opossum,raccoon,deer,fox,wolf,coyote,antelope,alligator,crocodile,tadpole,grasshopper,moth",-5.0499
01KEYTKK6D9ATWBC3333Q51KS3,33,ngram-2,animals,wasp,buffalo,False,True,0,"dog,cat,horse,elephant,squirrel,panther,bird,lizard,rhino,frog,fish,cheetah,lion,tiger,giraffe,penguin,snake,worm,skunk,opossum,raccoon,deer,fox,wolf,coyote,antelope,alligator,crocodile,tadpole,grasshopper,moth,bee",-5.0720
01KEYTKK6D9ATWBC3333Q51KS3,34,ngram-2,animals,bear,fly,False,True,0,"dog,cat,horse,elephant,squirrel,panther,bird,lizard,rhino,frog,fish,cheetah,lion,tiger,giraffe,penguin,snake,worm,skunk,opossum,raccoon,deer,fox,wolf,coyote,antelope,alligator,crocodile,tadpole,grasshopper,moth,bee,wasp",-4.6444
01KEYTKK6D9ATWBC3333Q51KS3,35,ngram-2,animals,chipmunk,lion,False,True,0,"dog,cat,horse,elephant,squirrel,panther,bird,lizard,rhino,frog,fish,cheetah,lion,tiger,giraffe,penguin,snake,worm,skunk,opossum,raccoon,deer,fox,wolf,coyote,antelope,alligator,crocodile,tadpole,grasshopper,moth,bee,wasp,bear",-4.4368
01KEYTZ6FG0DMBNQ2N98ZD9BKT,2,ngram-2,animals,cat,cat,True,True,0,"dog",-2.3979
01KEYTZ6FG0DMBNQ2N98ZD9BKT,3,ngram-2,animals,monkey,dog,False,True,0,"dog,cat",-2.8554
01KEYTZ6FG0DMBNQ2N98ZD9BKT,4,ngram-2,animals,bear,chimpanzee,False,True,0,"dog,cat,monkey",-4.0372
01KEYTZ6FG0DMBNQ2N98ZD9BKT,5,ngram-2,animals,bird,lion,False,True,0,"dog,cat,monkey,bear",-4.4368
01KEYTZ6FG0DMBNQ2N98ZD9BKT,6,ngram-2,animals,rat,eagle,False,True,0,"dog,cat,monkey,bear,bird",-4.4128
01KEYTZ6FG0DMBNQ2N98ZD9BKT,7,ngram-2,animals,mouse,mouse,True,True,0,"dog,cat,monkey,bear,bird,rat",-3.1840
01KEYTZ6FG0DMBNQ2N98ZD9BKT,8,ngram-2,animals,whale,rat,False,True,0,"dog,cat,monkey,bear,bird,rat,mouse",-3.7436
01KEYTZ6FG0DMBNQ2N98ZD9BKT,9,ngram-2,animals,pig,dolphin,False,True,0,"dog,cat,monkey,bear,bird,rat,mouse,whale",-4.1897
01KEYTZ6FG0DMBNQ2N98ZD9BKT,10,ngram-2,animals,horse,cow,False,True,0,"dog,cat,monkey,bear,bird,rat,mouse,whale,pig",-3.7524
01KEYTZ6FG0DMBNQ2N98ZD9BKT,11,ngram-2,animals,cow,donkey,False,True,0,"dog,cat,monkey,bear,bird,rat,mouse,whale,pig,horse",-3.7699
01KEYTZ6FG0DMBNQ2N98ZD9BKT,12,ngram-2,animals,sheep,chicken,False,True,0,"dog,cat,monkey,bear,bird,rat,mouse,whale,pig,horse,cow",-3.6492
01KEYTZ6FG0DMBNQ2N98ZD9BKT,13,ngram-2,animals,llama,cow,False,True,0,"dog,cat,monkey,bear,bird,rat,mouse,whale,pig,horse,cow,sheep",-3.7347
01KEYTZ6FG0DMBNQ2N98ZD9BKT,14,ngram-2,animals,alligator,alpaca,False,True,0,"dog,cat,monkey,bear,bird,rat,mouse,whale,pig,horse,cow,sheep,llama",-4.1620
01KEYTZ6FG0DMBNQ2N98ZD9BKT,15,ngram-2,animals,crocodile,crocodile,True,True,0,"dog,cat,monkey,bear,bird,rat,mouse,whale,pig,horse,cow,sheep,llama,alligator",-3.6889
01KEYTZ6FG0DMBNQ2N98ZD9BKT,16,ngram-2,animals,penguin,alligator,False,True,0,"dog,cat,monkey,bear,bird,rat,mouse,whale,pig,horse,cow,sheep,llama,alligator,crocodile",-4.6821
01KEYTZ6FG0DMBNQ2N98ZD9BKT,17,ngram-2,animals,skunk,horse,False,True,0,"dog,cat,monkey,bear,bird,rat,mouse,whale,pig,horse,cow,sheep,llama,alligator,crocodile,penguin",-4.6883
01KEYTZ6FG0DMBNQ2N98ZD9BKT,18,ngram-2,animals,peacock,deer,False,True,0,"dog,cat,monkey,bear,bird,rat,mouse,whale,pig,horse,cow,sheep,llama,alligator,crocodile,penguin,skunk",-4.6571
01KEYTZ6FG0DMBNQ2N98ZD9BKT,19,ngram-2,animals,hawk,pig,False,True,0,"dog,cat,monkey,bear,bird,rat,mouse,whale,pig,horse,cow,sheep,llama,alligator,crocodile,penguin,skunk,peacock",-4.6540
01KEYTZ6FG0DMBNQ2N98ZD9BKT,20,ngram-2,animals,eagle,bengaltiger,False,True,0,"dog,cat,monkey,bear,bird,rat,mouse,whale,pig,horse,cow,sheep,llama,alligator,crocodile,penguin,skunk,peacock,hawk",-5.0626
01KEYTZ6FG0DMBNQ2N98ZD9BKT,21,ngram-2,animals,robin,falcon,False,True,0,"dog,cat,monkey,bear,bird,rat,mouse,whale,pig,horse,cow,sheep,llama,alligator,crocodile,penguin,skunk,peacock,hawk,eagle",-4.6913
01KEYTZ6FG0DMBNQ2N98ZD9BKT,22,ngram-2,animals,sparrow,beaver,False,True,0,"dog,cat,monkey,bear,bird,rat,mouse,whale,pig,horse,cow,sheep,llama,alligator,crocodile,penguin,skunk,peacock,hawk,eagle,robin",-5.0626
01KEYTZ6FG0DMBNQ2N98ZD9BKT,23,ngram-2,animals,ant,eagle,False,True,0,"dog,cat,monkey,bear,bird,rat,mouse,whale,pig,horse,cow,sheep,llama,alligator,crocodile,penguin,skunk,peacock,hawk,eagle,robin,sparrow",-4.6508
01KEYTZ6FG0DMBNQ2N98ZD9BKT,24,ngram-2,animals,bee,bee,True,True,0,"dog,cat,monkey,bear,bird,rat,mouse,whale,pig,horse,cow,sheep,llama,alligator,crocodile,penguin,skunk,peacock,hawk,eagle,robin,sparrow,ant",-4.4128
01KEYTZ6FG0DMBNQ2N98ZD9BKT,25,ngram-2,animals,flamingo,wasp,False,True,0,"dog,cat,monkey,bear,bird,rat,mouse,whale,pig,horse,cow,sheep,llama,alligator,crocodile,penguin,skunk,peacock,hawk,eagle,robin,sparrow,ant,bee",-4.6666
01KEYTZ6FG0DMBNQ2N98ZD9BKT,26,ngram-2,animals,trout,ape,False,True,0,"dog,cat,monkey,bear,bird,rat,mouse,whale,pig,horse,cow,sheep,llama,alligator,crocodile,penguin,skunk,peacock,hawk,eagle,robin,sparrow,ant,bee,flamingo",-5.0594
01KEYTZ6FG0DMBNQ2N98ZD9BKT,27,ngram-2,animals,aardvark,catfish,False,True,0,"dog,cat,monkey,bear,bird,rat,mouse,whale,pig,horse,cow,sheep,llama,alligator,crocodile,penguin,skunk,peacock,hawk,eagle,robin,sparrow,ant,bee,flamingo,trout",-5.0466
01KEYTZ6FG0DMBNQ2N98ZD9BKT,28,ngram-2,animals,armadillo,anteater,False,True,0,"dog,cat,monkey,bear,bird,rat,mouse,whale,pig,horse,cow,sheep,llama,alligator,crocodile,penguin,skunk,peacock,hawk,eagle,robin,sparrow,ant,bee,flamingo,trout,aardvark",-5.0466
01KEYTZ6FG0DMBNQ2N98ZD9BKT,29,ngram-2,animals,lion,beaver,False,True,0,"dog,cat,monkey,bear,bird,rat,mouse,whale,pig,horse,cow,sheep,llama,alligator,crocodile,penguin,skunk,peacock,hawk,eagle,robin,sparrow,ant,bee,flamingo,trout,aardvark,armadillo",-5.0562
01KEYTZ6FG0DMBNQ2N98ZD9BKT,30,ngram-2,animals,puma,tiger,False,True,0,"dog,cat,monkey,bear,bird,rat,mouse,whale,pig,horse,cow,sheep,llama,alligator,crocodile,penguin,skunk,peacock,hawk,eagle,robin,sparrow,ant,bee,flamingo,trout,aardvark,armadillo,lion",-3.1781
01KEYTZ6FG0DMBNQ2N98ZD9BKT,31,ngram-2,animals,leopard,cheetah,False,True,0,"dog,cat,monkey,bear,bird,rat,mouse,whale,pig,horse,cow,sheep,llama,alligator,crocodile,penguin,skunk,peacock,hawk,eagle,robin,sparrow,ant,bee,flamingo,trout,aardvark,armadillo,lion,puma",-5.0531
01KEYTZ6FG0DMBNQ2N98ZD9BKT,32,ngram-2,animals,tiger,antelope,False,True,0,"dog,cat,monkey,bear,bird,rat,mouse,whale,pig,horse,cow,sheep,llama,alligator,crocodile,penguin,skunk,peacock,hawk,eagle,robin,sparrow,ant,bee,flamingo,trout,aardvark,armadillo,lion,puma,leopard",-4.7005
01KEYTZ6FG0DMBNQ2N98ZD9BKT,33,ngram-2,animals,fish,lion,False,True,0,"dog,cat,monkey,bear,bird,rat,mouse,whale,pig,horse,cow,sheep,llama,alligator,crocodile,penguin,skunk,peacock,hawk,eagle,robin,sparrow,ant,bee,flamingo,trout,aardvark,armadillo,lion,puma,leopard,tiger",-3.1527
01KEYTZ6FG0DMBNQ2N98ZD9BKT,34,ngram-2,animals,salmon,shark,False,True,0,"dog,cat,monkey,bear,bird,rat,mouse,whale,pig,horse,cow,sheep,llama,alligator,crocodile,penguin,skunk,peacock,hawk,eagle,robin,sparrow,ant,bee,flamingo,trout,aardvark,armadillo,lion,puma,leopard,tiger,fish",-4.2047
01KEYTZ6FG0DMBNQ2N98ZD9BKT,35,ngram-2,animals,zebra,catfish,False,True,0,"dog,cat,monkey,bear,bird,rat,mouse,whale,pig,horse,cow,sheep,llama,alligator,crocodile,penguin,skunk,peacock,hawk,eagle,robin,sparrow,ant,bee,flamingo,trout,aardvark,armadillo,lion,puma,leopard,tiger,fish,salmon",-5.0562
01KEYTZ6FG0DMBNQ2N98ZD9BKT,36,ngram-2,animals,giraffe,horse,False,True,0,"dog,cat,monkey,bear,bird,rat,mouse,whale,pig,horse,cow,sheep,llama,alligator,crocodile,penguin,skunk,peacock,hawk,eagle,robin,sparrow,ant,bee,flamingo,trout,aardvark,armadillo,lion,puma,leopard,tiger,fish,salmon,zebra",-4.2017
01KEYTZ6FG0DMBNQ2N98ZD9BKT,37,ngram-2,animals,duck,tiger,False,True,0,"dog,cat,monkey,bear,bird,rat,mouse,whale,pig,horse,cow,sheep,llama,alligator,crocodile,penguin,skunk,peacock,hawk,eagle,robin,sparrow,ant,bee,flamingo,trout,aardvark,armadillo,lion,puma,leopard,tiger,fish,salmon,zebra,giraffe",-4.4308
01KEYTZ6FG0DMBNQ2N98ZD9BKT,38,ngram-2,animals,snake,chicken,False,True,0,"dog,cat,monkey,bear,bird,rat,mouse,whale,pig,horse,cow,sheep,llama,alligator,crocodile,penguin,skunk,peacock,hawk,eagle,robin,sparrow,ant,bee,flamingo,trout,aardvark,armadillo,lion,puma,leopard,tiger,fish,salmon,zebra,giraffe,duck",-4.3883
01KEYTZ6FG0DMBNQ2N98ZD9BKT,39,ngram-2,animals,elephant,lizard,False,True,0,"dog,cat,monkey,bear,bird,rat,mouse,whale,pig,horse,cow,sheep,llama,alligator,crocodile,penguin,skunk,peacock,hawk,eagle,robin,sparrow,ant,bee,flamingo,trout,aardvark,armadillo,lion,puma,leopard,tiger,fish,salmon,zebra,giraffe,duck,snake",-4.0224
01KEYTZ6FG0DMBNQ2N98ZD9BKT,40,ngram-2,animals,ram,tiger,False,True,0,"dog,cat,monkey,bear,bird,rat,mouse,whale,pig,horse,cow,sheep,llama,alligator,crocodile,penguin,skunk,peacock,hawk,eagle,robin,sparrow,ant,bee,flamingo,trout,aardvark,armadillo,lion,puma,leopard,tiger,fish,salmon,zebra,giraffe,duck,snake,elephant",-3.9120
01KEYVD24AMSYYSS06HRT98T1A,2,ngram-2,animals,dog,dog,True,True,0,"cat",-2.8931
01KEYVD24AMSYYSS06HRT98T1A,3,ngram-2,animals,rabbit,cat,False,True,0,"cat,dog",-2.3570
01KEYVD24AMSYYSS06HRT98T1A,4,ngram-2,animals,snake,hare,False,True,0,"cat,dog,rabbit",-4.0254
01KEYVD24AMSYYSS06HRT98T1A,5,ngram-2,animals,hamster,lizard,False,True,0,"cat,dog,rabbit,snake",-4.0104
01KEYVD24AMSYYSS06HRT98T1A,6,ngram-2,animals,rat,gerbil,False,True,0,"cat,dog,rabbit,snake,hamster",-4.6634
01KEYVD24AMSYYSS06HRT98T1A,7,ngram-2,animals,gerbil,mouse,False,True,0,"cat,dog,rabbit,snake,hamster,rat",-3.1031
01KEYVD24AMSYYSS06HRT98T1A,8,ngram-2,animals,guineapig,kangaroo,False,True,0,"cat,dog,rabbit,snake,hamster,rat,gerbil",-5.0370
01KEYVD24AMSYYSS06HRT98T1A,9,ngram-2,animals,elephant,mouse,False,True,0,"cat,dog,rabbit,snake,hamster,rat,gerbil,guinea pig",-4.3567
01KEYVD24AMSYYSS06HRT98T1A,10,ngram-2,animals,hippopotamus,tiger,False,True,0,"cat,dog,rabbit,snake,hamster,rat,gerbil,guinea pig,elephant",-3.9005
01KEYVD24AMSYYSS06HRT98T1A,11,ngram-2,animals,lion,dolphin,False,True,0,"cat,dog,rabbit,snake,hamster,rat,gerbil,guinea pig,elephant,hippopotamus",-4.6571
01KEYVD24AMSYYSS06HRT98T1A,12,ngram-2,animals,tiger,tiger,True,True,0,"cat,dog,rabbit,snake,hamster,rat,gerbil,guinea pig,elephant,hippopotamus,lion",-3.2359
01KEYVD24AMSYYSS06HRT98T1A,13,ngram-2,animals,monkey,lion,False,True,0,"cat,dog,rabbit,snake,hamster,rat,gerbil,guinea pig,elephant,hippopotamus,lion,tiger",-3.1413
01KEYVD24AMSYYSS06HRT98T1A,14,ngram-2,animals,chimpanzee,gorilla,False,True,0,"cat,dog,rabbit,snake,hamster,rat,gerbil,guinea pig,elephant,hippopotamus,lion,tiger,monkey",-4.0254
01KEYVD24AMSYYSS06HRT98T1A,15,ngram-2,animals,armadillo,gorilla,False,True,0,"cat,dog,rabbit,snake,hamster,rat,gerbil,guinea pig,elephant,hippopotamus,lion,tiger,monkey,chimpanzee",-4.3694
01KEYVD24AMSYYSS06HRT98T1A,16,ngram-2,animals,sealion,beaver,False,True,0,"cat,dog,rabbit,snake,hamster,rat,gerbil,guinea pig,elephant,hippopotamus,lion,tiger,monkey,chimpanzee,armadillo",-5.0434
01KEYVD24AMSYYSS06HRT98T1A,17,ngram-2,animals,seal,vole,False,True,0,"cat,dog,rabbit,snake,hamster,rat,gerbil,guinea pig,elephant,hippopotamus,lion,tiger,monkey,chimpanzee,armadillo,sea lion",-5.0272
01KEYVD24AMSYYSS06HRT98T1A,18,ngram-2,animals,penguin,cow,False,True,0,"cat,dog,rabbit,snake,hamster,rat,gerbil,guinea pig,elephant,hippopotamus,lion,tiger,monkey,chimpanzee,armadillo,sea lion,seal",-5.0434
01KEYVD24AMSYYSS06HRT98T1A,19,ngram-2,animals,whale,horse,False,True,0,"cat,dog,rabbit,snake,hamster,rat,gerbil,guinea pig,elephant,hippopotamus,lion,tiger,monkey,chimpanzee,armadillo,sea lion,seal,penguin",-4.6759
01KEYVD24AMSYYSS06HRT98T1A,20,ngram-2,animals,ray,dolphin,False,True,0,"cat,dog,rabbit,snake,hamster,rat,gerbil,guinea pig,elephant,hippopotamus,lion,tiger,monkey,chimpanzee,armadillo,sea lion,seal,penguin,whale",-4.1775
01KEYVD24AMSYYSS06HRT98T1A,21,ngram-2,animals,fish,aardvark,False,True,0,"cat,dog,rabbit,snake,hamster,rat,gerbil,guinea pig,elephant,hippopotamus,lion,tiger,monkey,chimpanzee,armadillo,sea lion,seal,penguin,whale,ray",-5.7170
01KEYVD24AMSYYSS06HRT98T1A,22,ngram-2,animals,eel,shark,False,True,0,"cat,dog,rabbit,snake,hamster,rat,gerbil,guinea pig,elephant,hippopotamus,lion,tiger,monkey,chimpanzee,armadillo,sea lion,seal,penguin,whale,ray,fish",-4.1927
01KEYVD24AMSYYSS06HRT98T1A,23,ngram-2,animals,frog,hawk,False,True,0,"cat,dog,rabbit,snake,hamster,rat,gerbil,guinea pig,elephant,hippopotamus,lion,tiger,monkey,chimpanzee,armadillo,sea lion,seal,penguin,whale,ray,fish,eel",-5.0304
01KEYVD24AMSYYSS06HRT98T1A,24,ngram-2,animals,newt,toad,False,True,0,"cat,dog,rabbit,snake,hamster,rat,gerbil,guinea pig,elephant,hippopotamus,lion,tiger,monkey,chimpanzee,armadillo,sea lion,seal,penguin,whale,ray,fish,eel,frog",-4.6666
01KEYVD24AMSYYSS06HRT98T1A,25,ngram-2,animals,salamander,ant,False,True,0,"cat,dog,rabbit,snake,hamster,rat,gerbil,guinea pig,elephant,hippopotamus,lion,tiger,monkey,chimpanzee,armadillo,sea lion,seal,penguin,whale,ray,fish,eel,frog,newt",-5.0337
01KEYVD24AMSYYSS06HRT98T1A,26,ngram-2,animals,turtle,frog,False,True,0,"cat,dog,rabbit,snake,hamster,rat,gerbil,guinea pig,elephant,hippopotamus,lion,tiger,monkey,chimpanzee,armadillo,sea lion,seal,penguin,whale,ray,fish,eel,frog,newt,salamander",-5.0272
01KEYVD24AMSYYSS06HRT98T1A,27,ngram-2,animals,tortoise,tortoise,True,True,0,"cat,dog,rabbit,snake,hamster,rat,gerbil,guinea pig,elephant,hippopotamus,lion,tiger,monkey,chimpanzee,armadillo,sea lion,seal,penguin,whale,ray,fish,eel,frog,newt,salamander,turtle",-4.6540
01KEYVD24AMSYYSS06HRT98T1A,28,ngram-2,animals,crab,turtle,False,True,0,"cat,dog,rabbit,snake,hamster,rat,gerbil,guinea pig,elephant,hippopotamus,lion,tiger,monkey,chimpanzee,armadillo,sea lion,seal,penguin,whale,ray,fish,eel,frog,newt,salamander,turtle,tortoise",-4.6444
01KEYVD24AMSYYSS06HRT98T1A,29,ngram-2,animals,lobster,lobster,True,True,0,"cat,dog,rabbit,snake,hamster,rat,gerbil,guinea pig,elephant,hippopotamus,lion,tiger,monkey,chimpanzee,armadillo,sea lion,seal,penguin,whale,ray,fish,eel,frog,newt,salamander,turtle,tortoise,crab",-3.9544
01KEYVD24AMSYYSS06HRT98T1A,30,ngram-2,animals,crayfish,shrimp,False,True,0,"cat,dog,rabbit,snake,hamster,rat,gerbil,guinea pig,elephant,hippopotamus,lion,tiger,monkey,chimpanzee,armadillo,sea lion,seal,penguin,whale,ray,fish,eel,frog,newt,salamander,turtle,tortoise,crab,lobster",-4.6412
01KEYVD24AMSYYSS06HRT98T1A,31,ngram-2,animals,spider,sparrow,False,True,0,"cat,dog,rabbit,snake,hamster,rat,gerbil,guinea pig,elephant,hippopotamus,lion,tiger,monkey,chimpanzee,armadillo,sea lion,seal,penguin,whale,ray,fish,eel,frog,newt,salamander,turtle,tortoise,crab,lobster,crayfish",-5.0272
01KEYVD24AMSYYSS06HRT98T1A,32,ngram-2,animals,ant,beetle,False,True,0,"cat,dog,rabbit,snake,hamster,rat,gerbil,guinea pig,elephant,hippopotamus,lion,tiger,monkey,chimpanzee,armadillo,sea lion,seal,penguin,whale,ray,fish,eel,frog,newt,salamander,turtle,tortoise,crab,lobster,crayfish,spider",-5.0720
01KEYVD24AMSYYSS06HRT98T1A,33,ngram-2,animals,millipede,bee,False,True,0,"cat,dog,rabbit,snake,hamster,rat,gerbil,guinea pig,elephant,hippopotamus,lion,tiger,monkey,chimpanzee,armadillo,sea lion,seal,penguin,whale,ray,fish,eel,frog,newt,salamander,turtle,tortoise,crab,lobster,crayfish,spider,ant",-4.1775
01KEYVD24AMSYYSS06HRT98T1A,34,ngram-2,animals,centipede,aardvark,False,True,0,"cat,dog,rabbit,snake,hamster,rat,gerbil,guinea pig,elephant,hippopotamus,lion,tiger,monkey,chimpanzee,armadillo,sea lion,seal,penguin,whale,ray,fish,eel,frog,newt,salamander,turtle,tortoise,crab,lobster,crayfish,spider,ant,millipede",-5.7170
01KEYVD24AMSYYSS06HRT98T1A,35,ngram-2,animals,worm,aardvark,False,True,0,"cat,dog,rabbit,snake,hamster,rat,gerbil,guinea pig,elephant,hippopotamus,lion,tiger,monkey,chimpanzee,armadillo,sea lion,seal,penguin,whale,ray,fish,eel,frog,newt,salamander,turtle,tortoise,crab,lobster,crayfish,spider,ant,millipede,centipede",-5.7170
01KEYVD24AMSYYSS06HRT98T1A,36,ngram-2,animals,snail,ant,False,True,0,"cat,dog,rabbit,snake,hamster,rat,gerbil,guinea pig,elephant,hippopotamus,lion,tiger,monkey,chimpanzee,armadillo,sea lion,seal,penguin,whale,ray,fish,eel,frog,newt,salamander,turtle,tortoise,crab,lobster,crayfish,spider,ant,millipede,centipede,worm",-4.6380
01KEYVD24AMSYYSS06HRT98T1A,37,ngram-2,animals,slug,jellyfish,False,True,0,"cat,dog,rabbit,snake,hamster,rat,gerbil,guinea pig,elephant,hippopotamus,lion,tiger,monkey,chimpanzee,armadillo,sea lion,seal,penguin,whale,ray,fish,eel,frog,newt,salamander,turtle,tortoise,crab,lobster,crayfish,spider,ant,millipede,centipede,worm,snail",-5.0304
01KEYVD24AMSYYSS06HRT98T1A,38,ngram-2,animals,woodlouse,snail,False,True,0,"cat,dog,rabbit,snake,hamster,rat,gerbil,guinea pig,elephant,hippopotamus,lion,tiger,monkey,chimpanzee,armadillo,sea lion,seal,penguin,whale,ray,fish,eel,frog,newt,salamander,turtle,tortoise,crab,lobster,crayfish,spider,ant,millipede,centipede,worm,snail,slug",-5.0272
01KEYVD24AMSYYSS06HRT98T1A,39,ngram-2,animals,flea,molerat,False,True,0,"cat,dog,rabbit,snake,hamster,rat,gerbil,guinea pig,elephant,hippopotamus,lion,tiger,monkey,chimpanzee,armadillo,sea lion,seal,penguin,whale,ray,fish,eel,frog,newt,salamander,turtle,tortoise,crab,lobster,crayfish,spider,ant,millipede,centipede,worm,snail,slug,woodlouse",-5.0304
01KEYVD24AMSYYSS06HRT98T1A,40,ngram-2,animals,daddylonglegs,hippopotamus,False,True,0,"cat,dog,rabbit,snake,hamster,rat,gerbil,guinea pig,elephant,hippopotamus,lion,tiger,monkey,chimpanzee,armadillo,sea lion,seal,penguin,whale,ray,fish,eel,frog,newt,salamander,turtle,tortoise,crab,lobster,crayfish,spider,ant,millipede,centipede,worm,snail,slug,woodlouse,flea",-5.0272
01KEYVD24AMSYYSS06HRT98T1A,41,ngram-2,animals,koala,aardvark,False,True,0,"cat,dog,rabbit,snake,hamster,rat,gerbil,guinea pig,elephant,hippopotamus,lion,tiger,monkey,chimpanzee,armadillo,sea lion,seal,penguin,whale,ray,fish,eel,frog,newt,salamander,turtle,tortoise,crab,lobster,crayfish,spider,ant,millipede,centipede,worm,snail,slug,woodlouse,flea,daddy longlegs",-5.7170
01KEYVD24AMSYYSS06HRT98T1A,42,ngram-2,animals,panda,alligator,False,True,0,"cat,dog,rabbit,snake,hamster,rat,gerbil,guinea pig,elephant,hippopotamus,lion,tiger,monkey,chimpanzee,armadillo,sea lion,seal,penguin,whale,ray,fish,eel,frog,newt,salamander,turtle,tortoise,crab,lobster,crayfish,spider,ant,millipede,centipede,worm,snail,slug,woodlouse,flea,daddy longlegs,koala",-5.0658
01KEYVD24AMSYYSS06HRT98T1A,43,ngram-2,animals,polarbear,bear,False,True,0,"cat,dog,rabbit,snake,hamster,rat,gerbil,guinea pig,elephant,hippopotamus,lion,tiger,monkey,chimpanzee,armadillo,sea lion,seal,penguin,whale,ray,fish,eel,frog,newt,salamander,turtle,tortoise,crab,lobster,crayfish,spider,ant,millipede,centipede,worm,snail,slug,woodlouse,flea,daddy longlegs,koala,panda",-4.3944
01KEYVD24AMSYYSS06HRT98T1A,44,ngram-2,animals,grizzlybear,panda,False,True,0,"cat,dog,rabbit,snake,hamster,rat,gerbil,guinea pig,elephant,hippopotamus,lion,tiger,monkey,chimpanzee,armadillo,sea lion,seal,penguin,whale,ray,fish,eel,frog,newt,salamander,turtle,tortoise,crab,lobster,crayfish,spider,ant,millipede,centipede,worm,snail,slug,woodlouse,flea,daddy longlegs,koala,panda,polar bear",-4.6603
01KEYVD24AMSYYSS06HRT98T1A,45,ngram-2,animals,kangaroo,elephant,False,True,0,"cat,dog,rabbit,snake,hamster,rat,gerbil,guinea pig,elephant,hippopotamus,lion,tiger,monkey,chimpanzee,armadillo,sea lion,seal,penguin,whale,ray,fish,eel,frog,newt,salamander,turtle,tortoise,crab,lobster,crayfish,spider,ant,millipede,centipede,worm,snail,slug,woodlouse,flea,daddy longlegs,koala,panda,polar bear,grizzly bear",-5.0402
01KEYVD24AMSYYSS06HRT98T1A,46,ngram-2,animals,wombat,koala,False,True,0,"cat,dog,rabbit,snake,hamster,rat,gerbil,guinea pig,elephant,hippopotamus,lion,tiger,monkey,chimpanzee,armadillo,sea lion,seal,penguin,whale,ray,fish,eel,frog,newt,salamander,turtle,tortoise,crab,lobster,crayfish,spider,ant,millipede,centipede,worm,snail,slug,woodlouse,flea,daddy longlegs,koala,panda,polar bear,grizzly bear,kangaroo",-3.8193
01KEYVFEC16T9EY56NX1QB87J7,2,ngram-2,animals,cat,cat,True,True,0,"dog",-2.3979
01KEYVFEC16T9EY56NX1QB87J7,3,ngram-2,animals,rabbit,dog,False,True,0,"dog,cat",-2.8554
01KEYVFEC16T9EY56NX1QB87J7,4,ngram-2,animals,pig,hare,False,True,0,"dog,cat,rabbit",-4.0372
01KEYVFEC16T9EY56NX1QB87J7,5,ngram-2,animals,goat,cow,False,True,0,"dog,cat,rabbit,pig",-3.7524
01KEYVFEC16T9EY56NX1QB87J7,6,ngram-2,animals,horse,sheep,False,True,0,"dog,cat,rabbit,pig,goat",-4.0134
01KEYVFEC16T9EY56NX1QB87J7,7,ngram-2,animals,zebra,cow,False,True,0,"dog,cat,rabbit,pig,goat,horse",-3.7699
01KEYVFEC16T9EY56NX1QB87J7,8,ngram-2,animals,lion,horse,False,True,0,"dog,cat,rabbit,pig,goat,horse,zebra",-4.2017
01KEYVFEC16T9EY56NX1QB87J7,9,ngram-2,animals,tiger,tiger,True,True,0,"dog,cat,rabbit,pig,goat,horse,zebra,lion",-3.2470
01KEYVFEC16T9EY56NX1QB87J7,10,ngram-2,animals,monkey,lion,False,True,0,"dog,cat,rabbit,pig,goat,horse,zebra,lion,tiger",-3.1527
01KEYVFEC16T9EY56NX1QB87J7,11,ngram-2,animals,bear,chimpanzee,False,True,0,"dog,cat,rabbit,pig,goat,horse,zebra,lion,tiger,monkey",-4.0372
01KEYVFEC16T9EY56NX1QB87J7,12,ngram-2,animals,hippopotamus,lion,False,True,0,"dog,cat,rabbit,pig,goat,horse,zebra,lion,tiger,monkey,bear",-4.4368
01KEYVFEC16T9EY56NX1QB87J7,13,ngram-2,animals,snake,dolphin,False,True,0,"dog,cat,rabbit,pig,goat,horse,zebra,lion,tiger,monkey,bear,hippopotamus",-4.6697
01KEYVFEC16T9EY56NX1QB87J7,14,ngram-2,animals,rat,lizard,False,True,0,"dog,cat,rabbit,pig,goat,horse,zebra,lion,tiger,monkey,bear,hippopotamus,snake",-4.0224
01KEYVFEC16T9EY56NX1QB87J7,15,ngram-2,animals,guineapig,mouse,False,True,0,"dog,cat,rabbit,pig,goat,horse,zebra,lion,tiger,monkey,bear,hippopotamus,snake,rat",-3.1150
01KEYVFEC16T9EY56NX1QB87J7,16,ngram-2,animals,mouse,mouse,True,True,0,"dog,cat,rabbit,pig,goat,horse,zebra,lion,tiger,monkey,bear,hippopotamus,snake,rat,guinea pig",-4.6571
01KEYVFEC16T9EY56NX1QB87J7,17,ngram-2,animals,donkey,rat,False,True,0,"dog,cat,rabbit,pig,goat,horse,zebra,lion,tiger,monkey,bear,hippopotamus,snake,rat,guinea pig,mouse",-3.7436
01KEYVFEC16T9EY56NX1QB87J7,18,ngram-2,animals,raccoon,horse,False,True,0,"dog,cat,rabbit,pig,goat,horse,zebra,lion,tiger,monkey,bear,hippopotamus,snake,rat,guinea pig,mouse,donkey",-4.4037
01KEYVFEC16T9EY56NX1QB87J7,19,ngram-2,animals,wolf,deer,False,True,0,"dog,cat,rabbit,pig,goat,horse,zebra,lion,tiger,monkey,bear,hippopotamus,snake,rat,guinea pig,mouse,donkey,raccoon",-4.6634
01KEYVFEC16T9EY56NX1QB87J7,20,ngram-2,animals,chipmunk,fox,False,True,0,"dog,cat,rabbit,pig,goat,horse,zebra,lion,tiger,monkey,bear,hippopotamus,snake,rat,guinea pig,mouse,donkey,raccoon,wolf",-4.4006
01KEYVFEC16T9EY56NX1QB87J7,21,ngram-2,animals,elephant,aardvark,False,True,0,"dog,cat,rabbit,pig,goat,horse,zebra,lion,tiger,monkey,bear,hippopotamus,snake,rat,guinea pig,mouse,donkey,raccoon,wolf,chipmunk",-5.7301
01KEYVFEC16T9EY56NX1QB87J7,22,ngram-2,animals,deer,tiger,False,True,0,"dog,cat,rabbit,pig,goat,horse,zebra,lion,tiger,monkey,bear,hippopotamus,snake,rat,guinea pig,mouse,donkey,raccoon,wolf,chipmunk,elephant",-3.9120
01KEYVFEC16T9EY56NX1QB87J7,23,ngram-2,animals,sheep,moose,False,True,0,"dog,cat,rabbit,pig,goat,horse,zebra,lion,tiger,monkey,bear,hippopotamus,snake,rat,guinea pig,mouse,donkey,raccoon,wolf,chipmunk,elephant,deer",-4.4158
01KEYVFEC16T9EY56NX1QB87J7,24,ngram-2,animals,cow,cow,True,True,0,"dog,cat,rabbit,pig,goat,horse,zebra,lion,tiger,monkey,bear,hippopotamus,snake,rat,guinea pig,mouse,donkey,raccoon,wolf,chipmunk,elephant,deer,sheep",-3.8682
01KEYVFEC16T9EY56NX1QB87J7,25,ngram-2,animals,hen,chicken,False,True,0,"dog,cat,rabbit,pig,goat,horse,zebra,lion,tiger,monkey,bear,hippopotamus,snake,rat,guinea pig,mouse,donkey,raccoon,wolf,chipmunk,elephant,deer,sheep,cow",-3.6492
01KEYVFEC16T9EY56NX1QB87J7,26,ngram-2,animals,kangaroo,rooster,False,True,0,"dog,cat,rabbit,pig,goat,horse,zebra,lion,tiger,monkey,bear,hippopotamus,snake,rat,guinea pig,mouse,donkey,raccoon,wolf,chipmunk,elephant,deer,sheep,cow,hen",-4.6508
01KEYVFEC16T9EY56NX1QB87J7,27,ngram-2,animals,koala,koala,True,True,0,"dog,cat,rabbit,pig,goat,horse,zebra,lion,tiger,monkey,bear,hippopotamus,snake,rat,guinea pig,mouse,donkey,raccoon,wolf,chipmunk,elephant,deer,sheep,cow,hen,kangaroo",-3.9859
01KEYVKCTGFNT37B0WNK73GHSH,2,ngram-2,animals,cat,cat,True,True,0,"dog",-2.3951
01KEYVKCTGFNT37B0WNK73GHSH,3,ngram-2,animals,zebra,dog,False,True,0,"dog,cat",-2.8526
01KEYVKCTGFNT37B0WNK73GHSH,4,ngram-2,animals,lion,horse,False,True,0,"dog,cat,zebra",-4.1987
01KEYVKCTGFNT37B0WNK73GHSH,5,ngram-2,animals,cougar,tiger,False,True,0,"dog,cat,zebra,lion",-3.1753
01KEYVKCTGFNT37B0WNK73GHSH,6,ngram-2,animals,moose,bison,False,True,0,"dog,cat,zebra,lion,cougar",-5.0466
01KEYVKCTGFNT37B0WNK73GHSH,7,ngram-2,animals,mouse,elk,False,True,0,"dog,cat,zebra,lion,cougar,moose",-4.3758
01KEYVKCTGFNT37B0WNK73GHSH,8,ngram-2,animals,rat,rat,True,True,0,"dog,cat,zebra,lion,cougar,moose,mouse",-3.8742
01KEYVKCTGFNT37B0WNK73GHSH,9,ngram-2,animals,ant,mouse,False,True,0,"dog,cat,zebra,lion,cougar,moose,mouse,rat",-3.1120
01KEYVKCTGFNT37B0WNK73GHSH,10,ngram-2,animals,bat,bee,False,True,0,"dog,cat,zebra,lion,cougar,moose,mouse,rat,ant",-4.1866
01KEYVKCTGFNT37B0WNK73GHSH,11,ngram-2,animals,moth,rabbit,False,True,0,"dog,cat,zebra,lion,cougar,moose,mouse,rat,ant,bat",-4.6666
01KEYVKCTGFNT37B0WNK73GHSH,12,ngram-2,animals,fly,bee,False,True,0,"dog,cat,zebra,lion,cougar,moose,mouse,rat,ant,bat,moth",-4.6412
01KEYVKCTGFNT37B0WNK73GHSH,13,ngram-2,animals,cockroach,ant,False,True,0,"dog,cat,zebra,lion,cougar,moose,mouse,rat,ant,bat,moth,fly",-4.6571
01KEYVKCTGFNT37B0WNK73GHSH,14,ngram-2,animals,beetle,beetle,True,True,0,"dog,cat,zebra,lion,cougar,moose,mouse,rat,ant,bat,moth,fly,cockroach",-5.0466
01KEYVKCTGFNT37B0WNK73GHSH,15,ngram-2,animals,deer,butterfly,False,True,0,"dog,cat,zebra,lion,cougar,moose,mouse,rat,ant,bat,moth,fly,cockroach,beetle",-5.0466
01KEYVKCTGFNT37B0WNK73GHSH,16,ngram-2,animals,elk,moose,False,True,0,"dog,cat,zebra,lion,cougar,moose,mouse,rat,ant,bat,moth,fly,cockroach,beetle,deer",-4.4128
01KEYVKCTGFNT37B0WNK73GHSH,17,ngram-2,animals,gorilla,reindeer,False,True,0,"dog,cat,zebra,lion,cougar,moose,mouse,rat,ant,bat,moth,fly,cockroach,beetle,deer,elk",-4.6444
01KEYVKCTGFNT37B0WNK73GHSH,18,ngram-2,animals,monkey,chimpanzee,False,True,0,"dog,cat,zebra,lion,cougar,moose,mouse,rat,ant,bat,moth,fly,cockroach,beetle,deer,elk,gorilla",-4.1836
01KEYVKCTGFNT37B0WNK73GHSH,19,ngram-2,animals,tiger,chimpanzee,False,True,0,"dog,cat,zebra,lion,cougar,moose,mouse,rat,ant,bat,moth,fly,cockroach,beetle,deer,elk,gorilla,monkey",-4.0342
01KEYVKCTGFNT37B0WNK73GHSH,20,ngram-2,animals,bison,lion,False,True,0,"dog,cat,zebra,lion,cougar,moose,mouse,rat,ant,bat,moth,fly,cockroach,beetle,deer,elk,gorilla,monkey,tiger",-3.1499
01KEYVKCTGFNT37B0WNK73GHSH,21,ngram-2,animals,waterbuffalo,antelope,False,True,0,"dog,cat,zebra,lion,cougar,moose,mouse,rat,ant,bat,moth,fly,cockroach,beetle,deer,elk,gorilla,monkey,tiger,bison",-5.0658
01KEYVKCTGFNT37B0WNK73GHSH,22,ngram-2,animals,hippopotamus,aardvark,False,True,0,"dog,cat,zebra,lion,cougar,moose,mouse,rat,ant,bat,moth,fly,cockroach,beetle,deer,elk,gorilla,monkey,tiger,bison,water buffalo",-5.7268
01KEYVKCTGFNT37B0WNK73GHSH,23,ngram-2,animals,dolphin,deer,False,True,0,"dog,cat,zebra,lion,cougar,moose,mouse,rat,ant,bat,moth,fly,cockroach,beetle,deer,elk,gorilla,monkey,tiger,bison,water buffalo,hippopotamus",-5.0720
01KEYVKCTGFNT37B0WNK73GHSH,24,ngram-2,animals,bluewhale,whale,False,True,0,"dog,cat,zebra,lion,cougar,moose,mouse,rat,ant,bat,moth,fly,cockroach,beetle,deer,elk,gorilla,monkey,tiger,bison,water buffalo,hippopotamus,dolphin",-4.1957
01KEYVKCTGFNT37B0WNK73GHSH,25,ngram-2,animals,orca,greatwhiteshark,False,True,0,"dog,cat,zebra,lion,cougar,moose,mouse,rat,ant,bat,moth,fly,cockroach,beetle,deer,elk,gorilla,monkey,tiger,bison,water buffalo,hippopotamus,dolphin,blue whale",-5.0370
01KEYVKCTGFNT37B0WNK73GHSH,26,ngram-2,animals,trout,dolphin,False,True,0,"dog,cat,zebra,lion,cougar,moose,mouse,rat,ant,bat,moth,fly,cockroach,beetle,deer,elk,gorilla,monkey,tiger,bison,water buffalo,hippopotamus,dolphin,blue whale,orca",-4.6444
01KEYVKCTGFNT37B0WNK73GHSH,27,ngram-2,animals,salmon,aardvark,False,True,0,"dog,cat,zebra,lion,cougar,moose,mouse,rat,ant,bat,moth,fly,cockroach,beetle,deer,elk,gorilla,monkey,tiger,bison,water buffalo,hippopotamus,dolphin,blue whale,orca,trout",-5.0434
01KEYVKCTGFNT37B0WNK73GHSH,28,ngram-2,animals,goldfish,catfish,False,True,0,"dog,cat,zebra,lion,cougar,moose,mouse,rat,ant,bat,moth,fly,cockroach,beetle,deer,elk,gorilla,monkey,tiger,bison,water buffalo,hippopotamus,dolphin,blue whale,orca,trout,salmon",-5.0531
01KEYVKCTGFNT37B0WNK73GHSH,29,ngram-2,animals,parrot,crab,False,True,0,"dog,cat,zebra,lion,cougar,moose,mouse,rat,ant,bat,moth,fly,cockroach,beetle,deer,elk,gorilla,monkey,tiger,bison,water buffalo,hippopotamus,dolphin,blue whale,orca,trout,salmon,goldfish",-5.0434
01KEYVKCTGFNT37B0WNK73GHSH,30,ngram-2,animals,bluejay,budgie,False,True,0,"dog,cat,zebra,lion,cougar,moose,mouse,rat,ant,bat,moth,fly,cockroach,beetle,deer,elk,gorilla,monkey,tiger,bison,water buffalo,hippopotamus,dolphin,blue whale,orca,trout,salmon,goldfish,parrot",-4.6634
01KEYVKCTGFNT37B0WNK73GHSH,31,ngram-2,animals,fish,alligator,False,True,0,"dog,cat,zebra,lion,cougar,moose,mouse,rat,ant,bat,moth,fly,cockroach,beetle,deer,elk,gorilla,monkey,tiger,bison,water buffalo,hippopotamus,dolphin,blue whale,orca,trout,salmon,goldfish,parrot,blue jay",-5.0370
01KEYVT2EMV46CPPD3ZCWZPHTA,2,ngram-2,animals,cat,cat,True,True,0,"dog",-2.3979
01KEYVT2EMV46CPPD3ZCWZPHTA,3,ngram-2,animals,horse,dog,False,True,0,"dog,cat",-2.8554
01KEYVT2EMV46CPPD3ZCWZPHTA,4,ngram-2,animals,fish,cow,False,True,0,"dog,cat,horse",-3.7699
01KEYVT2EMV46CPPD3ZCWZPHTA,5,ngram-2,animals,gorilla,shark,False,True,0,"dog,cat,horse,fish",-4.2047
01KEYVT2EMV46CPPD3ZCWZPHTA,6,ngram-2,animals,monkey,chimpanzee,False,True,0,"dog,cat,horse,fish,gorilla",-4.1866
01KEYVT2EMV46CPPD3ZCWZPHTA,7,ngram-2,animals,meerkat,chimpanzee,False,True,0,"dog,cat,horse,fish,gorilla,monkey",-4.0372
01KEYVT2EMV46CPPD3ZCWZPHTA,8,ngram-2,animals,lion,panda,False,True,0,"dog,cat,horse,fish,gorilla,monkey,meerkat",-4.6476
01KEYVT2EMV46CPPD3ZCWZPHTA,9,ngram-2,animals,tiger,tiger,True,True,0,"dog,cat,horse,fish,gorilla,monkey,meerkat,lion",-3.2470
01KEYVT2EMV46CPPD3ZCWZPHTA,10,ngram-2,animals,hamster,lion,False,True,0,"dog,cat,horse,fish,gorilla,monkey,meerkat,lion,tiger",-3.1527
01KEYVT2EMV46CPPD3ZCWZPHTA,11,ngram-2,animals,rabbit,rat,False,True,0,"dog,cat,horse,fish,gorilla,monkey,meerkat,lion,tiger,hamster",-4.3883
01KEYVT2EMV46CPPD3ZCWZPHTA,12,ngram-2,animals,bird,hare,False,True,0,"dog,cat,horse,fish,gorilla,monkey,meerkat,lion,tiger,hamster,rabbit",-4.0372
01KEYVT2EMV46CPPD3ZCWZPHTA,13,ngram-2,animals,crocodile,eagle,False,True,0,"dog,cat,horse,fish,gorilla,monkey,meerkat,lion,tiger,hamster,rabbit,bird",-4.4128
01KEYVT2EMV46CPPD3ZCWZPHTA,14,ngram-2,animals,ape,alligator,False,True,0,"dog,cat,horse,fish,gorilla,monkey,meerkat,lion,tiger,hamster,rabbit,bird,crocodile",-4.6821
01KEYVT2EMV46CPPD3ZCWZPHTA,15,ngram-2,animals,penguin,gorilla,False,True,0,"dog,cat,horse,fish,gorilla,monkey,meerkat,lion,tiger,hamster,rabbit,bird,crocodile,ape",-4.1495
01KEYVT2EMV46CPPD3ZCWZPHTA,16,ngram-2,animals,giraffe,horse,False,True,0,"dog,cat,horse,fish,gorilla,monkey,meerkat,lion,tiger,hamster,rabbit,bird,crocodile,ape,penguin",-4.6883
01KEYVT2EMV46CPPD3ZCWZPHTA,17,ngram-2,animals,elephant,tiger,False,True,0,"dog,cat,horse,fish,gorilla,monkey,meerkat,lion,tiger,hamster,rabbit,bird,crocodile,ape,penguin,giraffe",-4.4308
01KEYVT2EMV46CPPD3ZCWZPHTA,18,ngram-2,animals,lizard,tiger,False,True,0,"dog,cat,horse,fish,gorilla,monkey,meerkat,lion,tiger,hamster,rabbit,bird,crocodile,ape,penguin,giraffe,elephant",-3.9120
01KEYVT2EMV46CPPD3ZCWZPHTA,19,ngram-2,animals,bear,gecko,False,True,0,"dog,cat,horse,fish,gorilla,monkey,meerkat,lion,tiger,hamster,rabbit,bird,crocodile,ape,penguin,giraffe,elephant,lizard",-4.3944
01KEYVT2EMV46CPPD3ZCWZPHTA,20,ngram-2,animals,zebra,lion,False,True,0,"dog,cat,horse,fish,gorilla,monkey,meerkat,lion,tiger,hamster,rabbit,bird,crocodile,ape,penguin,giraffe,elephant,lizard,bear",-4.4368
01KEYVT2EMV46CPPD3ZCWZPHTA,21,ngram-2,animals,gibbon,horse,False,True,0,"dog,cat,horse,fish,gorilla,monkey,meerkat,lion,tiger,hamster,rabbit,bird,crocodile,ape,penguin,giraffe,elephant,lizard,bear,zebra",-4.2017
01KEYVT2EMV46CPPD3ZCWZPHTA,22,ngram-2,animals,chimpanzee,aardvark,False,True,0,"dog,cat,horse,fish,gorilla,monkey,meerkat,lion,tiger,hamster,rabbit,bird,crocodile,ape,penguin,giraffe,elephant,lizard,bear,zebra,gibbon",-5.7301
01KEYVT2EMV46CPPD3ZCWZPHTA,23,ngram-2,animals,chicken,gorilla,False,True,0,"dog,cat,horse,fish,gorilla,monkey,meerkat,lion,tiger,hamster,rabbit,bird,crocodile,ape,penguin,giraffe,elephant,lizard,bear,zebra,gibbon,chimpanzee",-4.3820
01KEYVT2EMV46CPPD3ZCWZPHTA,24,ngram-2,animals,cow,horse,False,True,0,"dog,cat,horse,fish,gorilla,monkey,meerkat,lion,tiger,hamster,rabbit,bird,crocodile,ape,penguin,giraffe,elephant,lizard,bear,zebra,gibbon,chimpanzee,chicken",-4.2047
01KEYVT2EMV46CPPD3ZCWZPHTA,25,ngram-2,animals,lamb,chicken,False,True,0,"dog,cat,horse,fish,gorilla,monkey,meerkat,lion,tiger,hamster,rabbit,bird,crocodile,ape,penguin,giraffe,elephant,lizard,bear,zebra,gibbon,chimpanzee,chicken,cow",-3.6492
01KEYVT2EMV46CPPD3ZCWZPHTA,26,ngram-2,animals,sheep,goat,False,True,0,"dog,cat,horse,fish,gorilla,monkey,meerkat,lion,tiger,hamster,rabbit,bird,crocodile,ape,penguin,giraffe,elephant,lizard,bear,zebra,gibbon,chimpanzee,chicken,cow,lamb",-4.6666
01KEYVT2EMV46CPPD3ZCWZPHTA,27,ngram-2,animals,goat,cow,False,True,0,"dog,cat,horse,fish,gorilla,monkey,meerkat,lion,tiger,hamster,rabbit,bird,crocodile,ape,penguin,giraffe,elephant,lizard,bear,zebra,gibbon,chimpanzee,chicken,cow,lamb,sheep",-3.7347
01KEYVT2EMV46CPPD3ZCWZPHTA,28,ngram-2,animals,pig,sheep,False,True,0,"dog,cat,horse,fish,gorilla,monkey,meerkat,lion,tiger,hamster,rabbit,bird,crocodile,ape,penguin,giraffe,elephant,lizard,bear,zebra,gibbon,chimpanzee,chicken,cow,lamb,sheep,goat",-4.0134
01KEYVT2EMV46CPPD3ZCWZPHTA,29,ngram-2,animals,hedgehog,cow,False,True,0,"dog,cat,horse,fish,gorilla,monkey,meerkat,lion,tiger,hamster,rabbit,bird,crocodile,ape,penguin,giraffe,elephant,lizard,bear,zebra,gibbon,chimpanzee,chicken,cow,lamb,sheep,goat,pig",-3.7524
01KEYVT2EMV46CPPD3ZCWZPHTA,30,ngram-2,animals,jaguar,badger,False,True,0,"dog,cat,horse,fish,gorilla,monkey,meerkat,lion,tiger,hamster,rabbit,bird,crocodile,ape,penguin,giraffe,elephant,lizard,bear,zebra,gibbon,chimpanzee,chicken,cow,lamb,sheep,goat,pig,hedgehog",-5.0562
01KEYVT2EMV46CPPD3ZCWZPHTA,31,ngram-2,animals,mole,cougar,False,True,0,"dog,cat,horse,fish,gorilla,monkey,meerkat,lion,tiger,hamster,rabbit,bird,crocodile,ape,penguin,giraffe,elephant,lizard,bear,zebra,gibbon,chimpanzee,chicken,cow,lamb,sheep,goat,pig,hedgehog,jaguar",-4.6728
01KEYVT2EMV46CPPD3ZCWZPHTA,32,ngram-2,animals,polarbear,aardvark,False,True,0,"dog,cat,horse,fish,gorilla,monkey,meerkat,lion,tiger,hamster,rabbit,bird,crocodile,ape,penguin,giraffe,elephant,lizard,bear,zebra,gibbon,chimpanzee,chicken,cow,lamb,sheep,goat,pig,hedgehog,jaguar,mole",-5.0531
01KEYWB65BKT0TNVZC7KESASQH,2,ngram-2,animals,cat,cat,True,True,0,"dog",-2.3924
01KEYWB65BKT0TNVZC7KESASQH,3,ngram-2,animals,bird,dog,False,True,0,"dog,cat",-2.8499
01KEYWB65BKT0TNVZC7KESASQH,4,ngram-2,animals,fish,eagle,False,True,0,"dog,cat,bird",-4.4067
01KEYWB65BKT0TNVZC7KESASQH,5,ngram-2,animals,jaguar,shark,False,True,0,"dog,cat,bird,fish",-4.1987
01KEYWB65BKT0TNVZC7KESASQH,6,ngram-2,animals,elephant,cougar,False,True,0,"dog,cat,bird,fish,jaguar",-4.6666
01KEYWB65BKT0TNVZC7KESASQH,7,ngram-2,animals,giraffe,tiger,False,True,0,"dog,cat,bird,fish,jaguar,elephant",-3.9063
01KEYWB65BKT0TNVZC7KESASQH,8,ngram-2,animals,pig,tiger,False,True,0,"dog,cat,bird,fish,jaguar,elephant,giraffe",-4.4248
01KEYWB65BKT0TNVZC7KESASQH,9,ngram-2,animals,cow,cow,True,True,0,"dog,cat,bird,fish,jaguar,elephant,giraffe,pig",-3.8801
01KEYWB65BKT0TNVZC7KESASQH,10,ngram-2,animals,horse,chicken,False,True,0,"dog,cat,bird,fish,jaguar,elephant,giraffe,pig,cow",-3.6434
01KEYWB65BKT0TNVZC7KESASQH,11,ngram-2,animals,donkey,cow,False,True,0,"dog,cat,bird,fish,jaguar,elephant,giraffe,pig,cow,horse",-3.7641
01KEYWB65BKT0TNVZC7KESASQH,12,ngram-2,animals,shark,horse,False,True,0,"dog,cat,bird,fish,jaguar,elephant,giraffe,pig,cow,horse,donkey",-4.3975
01KEYWB65BKT0TNVZC7KESASQH,13,ngram-2,animals,dolphin,dolphin,True,True,0,"dog,cat,bird,fish,jaguar,elephant,giraffe,pig,cow,horse,donkey,shark",-4.6821
01KEYWB65BKT0TNVZC7KESASQH,14,ngram-2,animals,eagle,whale,False,True,0,"dog,cat,bird,fish,jaguar,elephant,giraffe,pig,cow,horse,donkey,shark,dolphin",-4.1927
01KEYWB65BKT0TNVZC7KESASQH,15,ngram-2,animals,tortoise,robin,False,True,0,"dog,cat,bird,fish,jaguar,elephant,giraffe,pig,cow,horse,donkey,shark,dolphin,eagle",-4.3975
01KEYWB65BKT0TNVZC7KESASQH,16,ngram-2,animals,turtle,alligator,False,True,0,"dog,cat,bird,fish,jaguar,elephant,giraffe,pig,cow,horse,donkey,shark,dolphin,eagle,tortoise",-5.0562
01KEYWB65BKT0TNVZC7KESASQH,17,ngram-2,animals,squirrel,tortoise,False,True,0,"dog,cat,bird,fish,jaguar,elephant,giraffe,pig,cow,horse,donkey,shark,dolphin,eagle,tortoise,turtle",-4.3726
01KEYWB65BKT0TNVZC7KESASQH,18,ngram-2,animals,hamster,fox,False,True,0,"dog,cat,bird,fish,jaguar,elephant,giraffe,pig,cow,horse,donkey,shark,dolphin,eagle,tortoise,turtle,squirrel",-4.6634
01KEYWB65BKT0TNVZC7KESASQH,19,ngram-2,animals,rat,gerbil,False,True,0,"dog,cat,bird,fish,jaguar,elephant,giraffe,pig,cow,horse,donkey,shark,dolphin,eagle,tortoise,turtle,squirrel,hamster",-4.6697
01KEYWB65BKT0TNVZC7KESASQH,20,ngram-2,animals,mouse,mouse,True,True,0,"dog,cat,bird,fish,jaguar,elephant,giraffe,pig,cow,horse,donkey,shark,dolphin,eagle,tortoise,turtle,squirrel,hamster,rat",-3.1781
01KEYWB65BKT0TNVZC7KESASQH,21,ngram-2,animals,kangaroo,rat,False,True,0,"dog,cat,bird,fish,jaguar,elephant,giraffe,pig,cow,horse,donkey,shark,dolphin,eagle,tortoise,turtle,squirrel,hamster,rat,mouse",-3.7377
01KEYWB65BKT0TNVZC7KESASQH,22,ngram-2,animals,guineapig,koala,False,True,0,"dog,cat,bird,fish,jaguar,elephant,giraffe,pig,cow,horse,donkey,shark,dolphin,eagle,tortoise,turtle,squirrel,hamster,rat,mouse,kangaroo",-3.8255
01KEYWB65BKT0TNVZC7KESASQH,23,ngram-2,animals,raccoon,mouse,False,True,0,"dog,cat,bird,fish,jaguar,elephant,giraffe,pig,cow,horse,donkey,shark,dolphin,eagle,tortoise,turtle,squirrel,hamster,rat,mouse,kangaroo,guinea pig",-4.3631
01KEYWB65BKT0TNVZC7KESASQH,24,ngram-2,animals,skunk,deer,False,True,0,"dog,cat,bird,fish,jaguar,elephant,giraffe,pig,cow,horse,donkey,shark,dolphin,eagle,tortoise,turtle,squirrel,hamster,rat,mouse,kangaroo,guinea pig,raccoon",-4.6571
01KEYWB65BKT0TNVZC7KESASQH,25,ngram-2,animals,parrot,deer,False,True,0,"dog,cat,bird,fish,jaguar,elephant,giraffe,pig,cow,horse,donkey,shark,dolphin,eagle,tortoise,turtle,squirrel,hamster,rat,mouse,kangaroo,guinea pig,raccoon,skunk",-4.6508
01KEYWB65BKT0TNVZC7KESASQH,26,ngram-2,animals,hog,budgie,False,True,0,"dog,cat,bird,fish,jaguar,elephant,giraffe,pig,cow,horse,donkey,shark,dolphin,eagle,tortoise,turtle,squirrel,hamster,rat,mouse,kangaroo,guinea pig,raccoon,skunk,parrot",-4.6603
01KEYWB65BKT0TNVZC7KESASQH,27,ngram-2,animals,flyingsquirrel,boar,False,True,0,"dog,cat,bird,fish,jaguar,elephant,giraffe,pig,cow,horse,donkey,shark,dolphin,eagle,tortoise,turtle,squirrel,hamster,rat,mouse,kangaroo,guinea pig,raccoon,skunk,parrot,hog",-5.0370
01KEYWB65BKT0TNVZC7KESASQH,28,ngram-2,animals,peacock,aardvark,False,True,0,"dog,cat,bird,fish,jaguar,elephant,giraffe,pig,cow,horse,donkey,shark,dolphin,eagle,tortoise,turtle,squirrel,hamster,rat,mouse,kangaroo,guinea pig,raccoon,skunk,parrot,hog,flying squirrel",-5.7236
01KEYWB65BKT0TNVZC7KESASQH,29,ngram-2,animals,flamingo,hawk,False,True,0,"dog,cat,bird,fish,jaguar,elephant,giraffe,pig,cow,horse,donkey,shark,dolphin,eagle,tortoise,turtle,squirrel,hamster,rat,mouse,kangaroo,guinea pig,raccoon,skunk,parrot,hog,flying squirrel,peacock",-4.6476
01KEYWB65BKT0TNVZC7KESASQH,30,ngram-2,animals,tiger,ape,False,True,0,"dog,cat,bird,fish,jaguar,elephant,giraffe,pig,cow,horse,donkey,shark,dolphin,eagle,tortoise,turtle,squirrel,hamster,rat,mouse,kangaroo,guinea pig,raccoon,skunk,parrot,hog,flying squirrel,peacock,flamingo",-5.0531
01KEYWB65BKT0TNVZC7KESASQH,31,ngram-2,animals,leopard,lion,False,True,0,"dog,cat,bird,fish,jaguar,elephant,giraffe,pig,cow,horse,donkey,shark,dolphin,eagle,tortoise,turtle,squirrel,hamster,rat,mouse,kangaroo,guinea pig,raccoon,skunk,parrot,hog,flying squirrel,peacock,flamingo,tiger",-3.1470
01KEYWB65BKT0TNVZC7KESASQH,32,ngram-2,animals,hawk,antelope,False,True,0,"dog,cat,bird,fish,jaguar,elephant,giraffe,pig,cow,horse,donkey,shark,dolphin,eagle,tortoise,turtle,squirrel,hamster,rat,mouse,kangaroo,guinea pig,raccoon,skunk,parrot,hog,flying squirrel,peacock,flamingo,tiger,leopard",-4.6944
01KEYWB65BKT0TNVZC7KESASQH,33,ngram-2,animals,bengaltiger,eagle,False,True,0,"dog,cat,bird,fish,jaguar,elephant,giraffe,pig,cow,horse,donkey,shark,dolphin,eagle,tortoise,turtle,squirrel,hamster,rat,mouse,kangaroo,guinea pig,raccoon,skunk,parrot,hog,flying squirrel,peacock,flamingo,tiger,leopard,hawk",-4.6508
01KEYWB65BKT0TNVZC7KESASQH,34,ngram-2,animals,mongoose,aardvark,False,True,0,"dog,cat,bird,fish,jaguar,elephant,giraffe,pig,cow,horse,donkey,shark,dolphin,eagle,tortoise,turtle,squirrel,hamster,rat,mouse,kangaroo,guinea pig,raccoon,skunk,parrot,hog,flying squirrel,peacock,flamingo,tiger,leopard,hawk,bengal tiger",-5.7236
01KEYWB65BKT0TNVZC7KESASQH,35,ngram-2,animals,porcupine,elephant,False,True,0,"dog,cat,bird,fish,jaguar,elephant,giraffe,pig,cow,horse,donkey,shark,dolphin,eagle,tortoise,turtle,squirrel,hamster,rat,mouse,kangaroo,guinea pig,raccoon,skunk,parrot,hog,flying squirrel,peacock,flamingo,tiger,leopard,hawk,bengal tiger,mongoose",-5.0370
01KEYWB65BKT0TNVZC7KESASQH,36,ngram-2,animals,hippopotamus,ant,False,True,0,"dog,cat,bird,fish,jaguar,elephant,giraffe,pig,cow,horse,donkey,shark,dolphin,eagle,tortoise,turtle,squirrel,hamster,rat,mouse,kangaroo,guinea pig,raccoon,skunk,parrot,hog,flying squirrel,peacock,flamingo,tiger,leopard,hawk,bengal tiger,mongoose,porcupine",-5.0499
01KEYWB65BKT0TNVZC7KESASQH,37,ngram-2,animals,rhino,dolphin,False,True,0,"dog,cat,bird,fish,jaguar,elephant,giraffe,pig,cow,horse,donkey,shark,dolphin,eagle,tortoise,turtle,squirrel,hamster,rat,mouse,kangaroo,guinea pig,raccoon,skunk,parrot,hog,flying squirrel,peacock,flamingo,tiger,leopard,hawk,bengal tiger,mongoose,porcupine,hippopotamus",-4.6634
01KEYWB65BKT0TNVZC7KESASQH,38,ngram-2,animals,emu,hippopotamus,False,True,0,"dog,cat,bird,fish,jaguar,elephant,giraffe,pig,cow,horse,donkey,shark,dolphin,eagle,tortoise,turtle,squirrel,hamster,rat,mouse,kangaroo,guinea pig,raccoon,skunk,parrot,hog,flying squirrel,peacock,flamingo,tiger,leopard,hawk,bengal tiger,mongoose,porcupine,hippopotamus,rhino",-4.3694
01KEYWB65BKT0TNVZC7KESASQH,39,ngram-2,animals,ostrich,alpaca,False,True,0,"dog,cat,bird,fish,jaguar,elephant,giraffe,pig,cow,horse,donkey,shark,dolphin,eagle,tortoise,turtle,squirrel,hamster,rat,mouse,kangaroo,guinea pig,raccoon,skunk,parrot,hog,flying squirrel,peacock,flamingo,tiger,leopard,hawk,bengal tiger,mongoose,porcupine,hippopotamus,rhino,emu",-5.0466
01KEYWB65BKT0TNVZC7KESASQH,40,ngram-2,animals,falcon,emu,False,True,0,"dog,cat,bird,fish,jaguar,elephant,giraffe,pig,cow,horse,donkey,shark,dolphin,eagle,tortoise,turtle,squirrel,hamster,rat,mouse,kangaroo,guinea pig,raccoon,skunk,parrot,hog,flying squirrel,peacock,flamingo,tiger,leopard,hawk,bengal tiger,mongoose,porcupine,hippopotamus,rhino,emu,ostrich",-4.6508
01KEYY4TCRFNV6R3P45P39B7WE,2,ngram-2,animals,dog,dog,True,True,0,"cat",-2.8931
01KEYY4TCRFNV6R3P45P39B7WE,3,ngram-2,animals,lion,cat,False,True,0,"cat,dog",-2.3570
01KEYY4TCRFNV6R3P45P39B7WE,4,ngram-2,animals,elephant,tiger,False,True,0,"cat,dog,lion",-3.1669
01KEYY4TCRFNV6R3P45P39B7WE,5,ngram-2,animals,tiger,giraffe,False,True,0,"cat,dog,lion,elephant",-4.0547
01KEYY4TCRFNV6R3P45P39B7WE,6,ngram-2,animals,bear,lion,False,True,0,"cat,dog,lion,elephant,tiger",-3.1413
01KEYY4TCRFNV6R3P45P39B7WE,7,ngram-2,animals,whale,lion,False,True,0,"cat,dog,lion,elephant,tiger,bear",-4.4248
01KEYY4TCRFNV6R3P45P39B7WE,8,ngram-2,animals,cow,dolphin,False,True,0,"cat,dog,lion,elephant,tiger,bear,whale",-4.1775
01KEYY4TCRFNV6R3P45P39B7WE,9,ngram-2,animals,dolphin,chicken,False,True,0,"cat,dog,lion,elephant,tiger,bear,whale,cow",-3.6376
01KEYY4TCRFNV6R3P45P39B7WE,10,ngram-2,animals,kangaroo,whale,False,True,0,"cat,dog,lion,elephant,tiger,bear,whale,cow,dolphin",-4.1866
01KEYY4TCRFNV6R3P45P39B7WE,11,ngram-2,animals,gorilla,koala,False,True,0,"cat,dog,lion,elephant,tiger,bear,whale,cow,dolphin,kangaroo",-3.8193
01KEYY4TCRFNV6R3P45P39B7WE,12,ngram-2,animals,peacock,chimpanzee,False,True,0,"cat,dog,lion,elephant,tiger,bear,whale,cow,dolphin,kangaroo,gorilla",-4.1744
01KEYY4TCRFNV6R3P45P39B7WE,13,ngram-2,animals,hawk,pig,False,True,0,"cat,dog,lion,elephant,tiger,bear,whale,cow,dolphin,kangaroo,gorilla,peacock",-4.6412
01KEYY4TCRFNV6R3P45P39B7WE,14,ngram-2,animals,crocodile,eagle,False,True,0,"cat,dog,lion,elephant,tiger,bear,whale,cow,dolphin,kangaroo,gorilla,peacock,hawk",-4.6444
01KEYY4TCRFNV6R3P45P39B7WE,15,ngram-2,animals,snake,alligator,False,True,0,"cat,dog,lion,elephant,tiger,bear,whale,cow,dolphin,kangaroo,gorilla,peacock,hawk,crocodile",-4.6697
01KEYY4TCRFNV6R3P45P39B7WE,16,ngram-2,animals,lizard,lizard,True,True,0,"cat,dog,lion,elephant,tiger,bear,whale,cow,dolphin,kangaroo,gorilla,peacock,hawk,crocodile,snake",-4.1927
01KEYY4TCRFNV6R3P45P39B7WE,17,ngram-2,animals,gecko,crocodile,False,True,0,"cat,dog,lion,elephant,tiger,bear,whale,cow,dolphin,kangaroo,gorilla,peacock,hawk,crocodile,snake,lizard",-4.6697
01KEYY4TCRFNV6R3P45P39B7WE,18,ngram-2,animals,newt,anteater,False,True,0,"cat,dog,lion,elephant,tiger,bear,whale,cow,dolphin,kangaroo,gorilla,peacock,hawk,crocodile,snake,lizard,gecko",-5.0337
01KEYY4TCRFNV6R3P45P39B7WE,19,ngram-2,animals,salamander,ant,False,True,0,"cat,dog,lion,elephant,tiger,bear,whale,cow,dolphin,kangaroo,gorilla,peacock,hawk,crocodile,snake,lizard,gecko,newt",-5.0337
01KEYY4TCRFNV6R3P45P39B7WE,20,ngram-2,animals,frog,turtle,False,True,0,"cat,dog,lion,elephant,tiger,bear,whale,cow,dolphin,kangaroo,gorilla,peacock,hawk,crocodile,snake,lizard,gecko,newt,salamander",-5.0272
01KEYY4TCRFNV6R3P45P39B7WE,21,ngram-2,animals,toad,newt,False,True,0,"cat,dog,lion,elephant,tiger,bear,whale,cow,dolphin,kangaroo,gorilla,peacock,hawk,crocodile,snake,lizard,gecko,newt,salamander,frog",-4.6666
01KEYY4TCRFNV6R3P45P39B7WE,22,ngram-2,animals,butterfly,frog,False,True,0,"cat,dog,lion,elephant,tiger,bear,whale,cow,dolphin,kangaroo,gorilla,peacock,hawk,crocodile,snake,lizard,gecko,newt,salamander,frog,toad",-4.6412
01KEYY4TCRFNV6R3P45P39B7WE,23,ngram-2,animals,koala,moth,False,True,0,"cat,dog,lion,elephant,tiger,bear,whale,cow,dolphin,kangaroo,gorilla,peacock,hawk,crocodile,snake,lizard,gecko,newt,salamander,frog,toad,butterfly",-4.6508
01KEYY4TCRFNV6R3P45P39B7WE,24,ngram-2,animals,panda,alligator,False,True,0,"cat,dog,lion,elephant,tiger,bear,whale,cow,dolphin,kangaroo,gorilla,peacock,hawk,crocodile,snake,lizard,gecko,newt,salamander,frog,toad,butterfly,koala",-5.0658
01KEYY4TCRFNV6R3P45P39B7WE,25,ngram-2,animals,spider,bear,False,True,0,"cat,dog,lion,elephant,tiger,bear,whale,cow,dolphin,kangaroo,gorilla,peacock,hawk,crocodile,snake,lizard,gecko,newt,salamander,frog,toad,butterfly,koala,panda",-4.3944
01KEYY4TCRFNV6R3P45P39B7WE,26,ngram-2,animals,scorpion,ant,False,True,0,"cat,dog,lion,elephant,tiger,bear,whale,cow,dolphin,kangaroo,gorilla,peacock,hawk,crocodile,snake,lizard,gecko,newt,salamander,frog,toad,butterfly,koala,panda,spider",-5.0720
01KEYY4TCRFNV6R3P45P39B7WE,27,ngram-2,animals,rat,aardvark,False,True,0,"cat,dog,lion,elephant,tiger,bear,whale,cow,dolphin,kangaroo,gorilla,peacock,hawk,crocodile,snake,lizard,gecko,newt,salamander,frog,toad,butterfly,koala,panda,spider,scorpion",-5.7170
01KEYY4TCRFNV6R3P45P39B7WE,28,ngram-2,animals,mouse,mouse,True,True,0,"cat,dog,lion,elephant,tiger,bear,whale,cow,dolphin,kangaroo,gorilla,peacock,hawk,crocodile,snake,lizard,gecko,newt,salamander,frog,toad,butterfly,koala,panda,spider,scorpion,rat",-3.1721
01KEYY4TCRFNV6R3P45P39B7WE,29,ngram-2,animals,parrot,rat,False,True,0,"cat,dog,lion,elephant,tiger,bear,whale,cow,dolphin,kangaroo,gorilla,peacock,hawk,crocodile,snake,lizard,gecko,newt,salamander,frog,toad,butterfly,koala,panda,spider,scorpion,rat,mouse",-3.7317
01KEYY4TCRFNV6R3P45P39B7WE,30,ngram-2,animals,zebra,budgie,False,True,0,"cat,dog,lion,elephant,tiger,bear,whale,cow,dolphin,kangaroo,gorilla,peacock,hawk,crocodile,snake,lizard,gecko,newt,salamander,frog,toad,butterfly,koala,panda,spider,scorpion,rat,mouse,parrot",-4.6540
01KEYY4TCRFNV6R3P45P39B7WE,31,ngram-2,animals,pig,horse,False,True,0,"cat,dog,lion,elephant,tiger,bear,whale,cow,dolphin,kangaroo,gorilla,peacock,hawk,crocodile,snake,lizard,gecko,newt,salamander,frog,toad,butterfly,koala,panda,spider,scorpion,rat,mouse,parrot,zebra",-4.1897
01KEYY4TCRFNV6R3P45P39B7WE,32,ngram-2,animals,goat,cow,False,True,0,"cat,dog,lion,elephant,tiger,bear,whale,cow,dolphin,kangaroo,gorilla,peacock,hawk,crocodile,snake,lizard,gecko,newt,salamander,frog,toad,butterfly,koala,panda,spider,scorpion,rat,mouse,parrot,zebra,pig",-3.7406
01KEYY4TCRFNV6R3P45P39B7WE,33,ngram-2,animals,badger,sheep,False,True,0,"cat,dog,lion,elephant,tiger,bear,whale,cow,dolphin,kangaroo,gorilla,peacock,hawk,crocodile,snake,lizard,gecko,newt,salamander,frog,toad,butterfly,koala,panda,spider,scorpion,rat,mouse,parrot,zebra,pig,goat",-4.0013
01KEYY4TCRFNV6R3P45P39B7WE,34,ngram-2,animals,rabbit,mouse,False,True,0,"cat,dog,lion,elephant,tiger,bear,whale,cow,dolphin,kangaroo,gorilla,peacock,hawk,crocodile,snake,lizard,gecko,newt,salamander,frog,toad,butterfly,koala,panda,spider,scorpion,rat,mouse,parrot,zebra,pig,goat,badger",-4.6444
01KEYY4TCRFNV6R3P45P39B7WE,35,ngram-2,animals,sheep,hare,False,True,0,"cat,dog,lion,elephant,tiger,bear,whale,cow,dolphin,kangaroo,gorilla,peacock,hawk,crocodile,snake,lizard,gecko,newt,salamander,frog,toad,butterfly,koala,panda,spider,scorpion,rat,mouse,parrot,zebra,pig,goat,badger,rabbit",-4.0254
01KEYY4TCRFNV6R3P45P39B7WE,36,ngram-2,animals,chicken,cow,False,True,0,"cat,dog,lion,elephant,tiger,bear,whale,cow,dolphin,kangaroo,gorilla,peacock,hawk,crocodile,snake,lizard,gecko,newt,salamander,frog,toad,butterfly,koala,panda,spider,scorpion,rat,mouse,parrot,zebra,pig,goat,badger,rabbit,sheep",-3.7227
01KEYY4TCRFNV6R3P45P39B7WE,37,ngram-2,animals,horse,cow,False,True,0,"cat,dog,lion,elephant,tiger,bear,whale,cow,dolphin,kangaroo,gorilla,peacock,hawk,crocodile,snake,lizard,gecko,newt,salamander,frog,toad,butterfly,koala,panda,spider,scorpion,rat,mouse,parrot,zebra,pig,goat,badger,rabbit,sheep,chicken",-4.4158
01KEYY4TCRFNV6R3P45P39B7WE,38,ngram-2,animals,duck,cow,False,True,0,"cat,dog,lion,elephant,tiger,bear,whale,cow,dolphin,kangaroo,gorilla,peacock,hawk,crocodile,snake,lizard,gecko,newt,salamander,frog,toad,butterfly,koala,panda,spider,scorpion,rat,mouse,parrot,zebra,pig,goat,badger,rabbit,sheep,chicken,horse",-3.7583
01KEYY4TCRFNV6R3P45P39B7WE,39,ngram-2,animals,crab,chicken,False,True,0,"cat,dog,lion,elephant,tiger,bear,whale,cow,dolphin,kangaroo,gorilla,peacock,hawk,crocodile,snake,lizard,gecko,newt,salamander,frog,toad,butterfly,koala,panda,spider,scorpion,rat,mouse,parrot,zebra,pig,goat,badger,rabbit,sheep,chicken,horse,duck",-4.3758
01KEYY4TCRFNV6R3P45P39B7WE,40,ngram-2,animals,shark,lobster,False,True,0,"cat,dog,lion,elephant,tiger,bear,whale,cow,dolphin,kangaroo,gorilla,peacock,hawk,crocodile,snake,lizard,gecko,newt,salamander,frog,toad,butterfly,koala,panda,spider,scorpion,rat,mouse,parrot,zebra,pig,goat,badger,rabbit,sheep,chicken,horse,duck,crab",-3.8003
01KEYY4TCRFNV6R3P45P39B7WE,41,ngram-2,animals,starfish,dolphin,False,True,0,"cat,dog,lion,elephant,tiger,bear,whale,cow,dolphin,kangaroo,gorilla,peacock,hawk,crocodile,snake,lizard,gecko,newt,salamander,frog,toad,butterfly,koala,panda,spider,scorpion,rat,mouse,parrot,zebra,pig,goat,badger,rabbit,sheep,chicken,horse,duck,crab,shark",-4.3883
01KEYY4TCRFNV6R3P45P39B7WE,42,ngram-2,animals,lobster,clam,False,True,0,"cat,dog,lion,elephant,tiger,bear,whale,cow,dolphin,kangaroo,gorilla,peacock,hawk,crocodile,snake,lizard,gecko,newt,salamander,frog,toad,butterfly,koala,panda,spider,scorpion,rat,mouse,parrot,zebra,pig,goat,badger,rabbit,sheep,chicken,horse,duck,crab,shark,starfish",-5.0402
01KEYY4TCRFNV6R3P45P39B7WE,43,ngram-2,animals,jellyfish,shrimp,False,True,0,"cat,dog,lion,elephant,tiger,bear,whale,cow,dolphin,kangaroo,gorilla,peacock,hawk,crocodile,snake,lizard,gecko,newt,salamander,frog,toad,butterfly,koala,panda,spider,scorpion,rat,mouse,parrot,zebra,pig,goat,badger,rabbit,sheep,chicken,horse,duck,crab,shark,starfish,lobster",-4.6412
01KEYY4TCRFNV6R3P45P39B7WE,44,ngram-2,animals,toucan,crab,False,True,0,"cat,dog,lion,elephant,tiger,bear,whale,cow,dolphin,kangaroo,gorilla,peacock,hawk,crocodile,snake,lizard,gecko,newt,salamander,frog,toad,butterfly,koala,panda,spider,scorpion,rat,mouse,parrot,zebra,pig,goat,badger,rabbit,sheep,chicken,horse,duck,crab,shark,starfish,lobster,jellyfish",-5.0370
01KEYY4TCRFNV6R3P45P39B7WE,45,ngram-2,animals,penguin,baldeagle,False,True,0,"cat,dog,lion,elephant,tiger,bear,whale,cow,dolphin,kangaroo,gorilla,peacock,hawk,crocodile,snake,lizard,gecko,newt,salamander,frog,toad,butterfly,koala,panda,spider,scorpion,rat,mouse,parrot,zebra,pig,goat,badger,rabbit,sheep,chicken,horse,duck,crab,shark,starfish,lobster,jellyfish,toucan",-5.0272
01KEYY4TCRFNV6R3P45P39B7WE,46,ngram-2,animals,puffin,horse,False,True,0,"cat,dog,lion,elephant,tiger,bear,whale,cow,dolphin,kangaroo,gorilla,peacock,hawk,crocodile,snake,lizard,gecko,newt,salamander,frog,toad,butterfly,koala,panda,spider,scorpion,rat,mouse,parrot,zebra,pig,goat,badger,rabbit,sheep,chicken,horse,duck,crab,shark,starfish,lobster,jellyfish,toucan,penguin",-4.6759
01KEYY4TCRFNV6R3P45P39B7WE,47,ngram-2,animals,owl,aardvark,False,True,0,"cat,dog,lion,elephant,tiger,bear,whale,cow,dolphin,kangaroo,gorilla,peacock,hawk,crocodile,snake,lizard,gecko,newt,salamander,frog,toad,butterfly,koala,panda,spider,scorpion,rat,mouse,parrot,zebra,pig,goat,badger,rabbit,sheep,chicken,horse,duck,crab,shark,starfish,lobster,jellyfish,toucan,penguin,puffin",-5.7170
01KEYY4TCRFNV6R3P45P39B7WE,48,ngram-2,animals,flamingo,bat,False,True,0,"cat,dog,lion,elephant,tiger,bear,whale,cow,dolphin,kangaroo,gorilla,peacock,hawk,crocodile,snake,lizard,gecko,newt,salamander,frog,toad,butterfly,koala,panda,spider,scorpion,rat,mouse,parrot,zebra,pig,goat,badger,rabbit,sheep,chicken,horse,duck,crab,shark,starfish,lobster,jellyfish,toucan,penguin,puffin,owl",-5.0466
01KEYY4TCRFNV6R3P45P39B7WE,49,ngram-2,animals,sparrow,ape,False,True,0,"cat,dog,lion,elephant,tiger,bear,whale,cow,dolphin,kangaroo,gorilla,peacock,hawk,crocodile,snake,lizard,gecko,newt,salamander,frog,toad,butterfly,koala,panda,spider,scorpion,rat,mouse,parrot,zebra,pig,goat,badger,rabbit,sheep,chicken,horse,duck,crab,shark,starfish,lobster,jellyfish,toucan,penguin,puffin,owl,flamingo",-5.0466
01KEYY4TCRFNV6R3P45P39B7WE,50,ngram-2,animals,eagle,ant,False,True,0,"cat,dog,lion,elephant,tiger,bear,whale,cow,dolphin,kangaroo,gorilla,peacock,hawk,crocodile,snake,lizard,gecko,newt,salamander,frog,toad,butterfly,koala,panda,spider,scorpion,rat,mouse,parrot,zebra,pig,goat,badger,rabbit,sheep,chicken,horse,duck,crab,shark,starfish,lobster,jellyfish,toucan,penguin,puffin,owl,flamingo,sparrow",-5.0434
01KEYY4TCRFNV6R3P45P39B7WE,51,ngram-2,animals,moose,robin,False,True,0,"cat,dog,lion,elephant,tiger,bear,whale,cow,dolphin,kangaroo,gorilla,peacock,hawk,crocodile,snake,lizard,gecko,newt,salamander,frog,toad,butterfly,koala,panda,spider,scorpion,rat,mouse,parrot,zebra,pig,goat,badger,rabbit,sheep,chicken,horse,duck,crab,shark,starfish,lobster,jellyfish,toucan,penguin,puffin,owl,flamingo,sparrow,eagle",-4.3914
01KEYY4TCRFNV6R3P45P39B7WE,52,ngram-2,animals,bison,elk,False,True,0,"cat,dog,lion,elephant,tiger,bear,whale,cow,dolphin,kangaroo,gorilla,peacock,hawk,crocodile,snake,lizard,gecko,newt,salamander,frog,toad,butterfly,koala,panda,spider,scorpion,rat,mouse,parrot,zebra,pig,goat,badger,rabbit,sheep,chicken,horse,duck,crab,shark,starfish,lobster,jellyfish,toucan,penguin,puffin,owl,flamingo,sparrow,eagle,moose",-4.3663
01KEYY4TCRFNV6R3P45P39B7WE,53,ngram-2,animals,antelope,bird,False,True,0,"cat,dog,lion,elephant,tiger,bear,whale,cow,dolphin,kangaroo,gorilla,peacock,hawk,crocodile,snake,lizard,gecko,newt,salamander,frog,toad,butterfly,koala,panda,spider,scorpion,rat,mouse,parrot,zebra,pig,goat,badger,rabbit,sheep,chicken,horse,duck,crab,shark,starfish,lobster,jellyfish,toucan,penguin,puffin,owl,flamingo,sparrow,eagle,moose,bison",-5.0562
01KEYY4TCRFNV6R3P45P39B7WE,54,ngram-2,animals,raccoon,alligator,False,True,0,"cat,dog,lion,elephant,tiger,bear,whale,cow,dolphin,kangaroo,gorilla,peacock,hawk,crocodile,snake,lizard,gecko,newt,salamander,frog,toad,butterfly,koala,panda,spider,scorpion,rat,mouse,parrot,zebra,pig,goat,badger,rabbit,sheep,chicken,horse,duck,crab,shark,starfish,lobster,jellyfish,toucan,penguin,puffin,owl,flamingo,sparrow,eagle,moose,bison,antelope",-5.0434
01KEYY4TCRFNV6R3P45P39B7WE,55,ngram-2,animals,opossum,deer,False,True,0,"cat,dog,lion,elephant,tiger,bear,whale,cow,dolphin,kangaroo,gorilla,peacock,hawk,crocodile,snake,lizard,gecko,newt,salamander,frog,toad,butterfly,koala,panda,spider,scorpion,rat,mouse,parrot,zebra,pig,goat,badger,rabbit,sheep,chicken,horse,duck,crab,shark,starfish,lobster,jellyfish,toucan,penguin,puffin,owl,flamingo,sparrow,eagle,moose,bison,antelope,raccoon",-4.6508
01KEYY4TCRFNV6R3P45P39B7WE,56,ngram-2,animals,skunk,beaver,False,True,0,"cat,dog,lion,elephant,tiger,bear,whale,cow,dolphin,kangaroo,gorilla,peacock,hawk,crocodile,snake,lizard,gecko,newt,salamander,frog,toad,butterfly,koala,panda,spider,scorpion,rat,mouse,parrot,zebra,pig,goat,badger,rabbit,sheep,chicken,horse,duck,crab,shark,starfish,lobster,jellyfish,toucan,penguin,puffin,owl,flamingo,sparrow,eagle,moose,bison,antelope,raccoon,opossum",-5.0304
01KEYY4TCRFNV6R3P45P39B7WE,57,ngram-2,animals,armadillo,deer,False,True,0,"cat,dog,lion,elephant,tiger,bear,whale,cow,dolphin,kangaroo,gorilla,peacock,hawk,crocodile,snake,lizard,gecko,newt,salamander,frog,toad,butterfly,koala,panda,spider,scorpion,rat,mouse,parrot,zebra,pig,goat,badger,rabbit,sheep,chicken,horse,duck,crab,shark,starfish,lobster,jellyfish,toucan,penguin,puffin,owl,flamingo,sparrow,eagle,moose,bison,antelope,raccoon,opossum,skunk",-4.6444
01KEYY4TCRFNV6R3P45P39B7WE,58,ngram-2,animals,tapir,beaver,False,True,0,"cat,dog,lion,elephant,tiger,bear,whale,cow,dolphin,kangaroo,gorilla,peacock,hawk,crocodile,snake,lizard,gecko,newt,salamander,frog,toad,butterfly,koala,panda,spider,scorpion,rat,mouse,parrot,zebra,pig,goat,badger,rabbit,sheep,chicken,horse,duck,crab,shark,starfish,lobster,jellyfish,toucan,penguin,puffin,owl,flamingo,sparrow,eagle,moose,bison,antelope,raccoon,opossum,skunk,armadillo",-5.0434
01KEYY4TCRFNV6R3P45P39B7WE,59,ngram-2,animals,lemur,aardvark,False,True,0,"cat,dog,lion,elephant,tiger,bear,whale,cow,dolphin,kangaroo,gorilla,peacock,hawk,crocodile,snake,lizard,gecko,newt,salamander,frog,toad,butterfly,koala,panda,spider,scorpion,rat,mouse,parrot,zebra,pig,goat,badger,rabbit,sheep,chicken,horse,duck,crab,shark,starfish,lobster,jellyfish,toucan,penguin,puffin,owl,flamingo,sparrow,eagle,moose,bison,antelope,raccoon,opossum,skunk,armadillo,tapir",-5.7170
01KEYY4TCRFNV6R3P45P39B7WE,60,ngram-2,animals,albatross,ant,False,True,0,"cat,dog,lion,elephant,tiger,bear,whale,cow,dolphin,kangaroo,gorilla,peacock,hawk,crocodile,snake,lizard,gecko,newt,salamander,frog,toad,butterfly,koala,panda,spider,scorpion,rat,mouse,parrot,zebra,pig,goat,badger,rabbit,sheep,chicken,horse,duck,crab,shark,starfish,lobster,jellyfish,toucan,penguin,puffin,owl,flamingo,sparrow,eagle,moose,bison,antelope,raccoon,opossum,skunk,armadillo,tapir,lemur",-5.0434
01KEYY4TCRFNV6R3P45P39B7WE,61,ngram-2,animals,tortoise,aardvark,False,True,0,"cat,dog,lion,elephant,tiger,bear,whale,cow,dolphin,kangaroo,gorilla,peacock,hawk,crocodile,snake,lizard,gecko,newt,salamander,frog,toad,butterfly,koala,panda,spider,scorpion,rat,mouse,parrot,zebra,pig,goat,badger,rabbit,sheep,chicken,horse,duck,crab,shark,starfish,lobster,jellyfish,toucan,penguin,puffin,owl,flamingo,sparrow,eagle,moose,bison,antelope,raccoon,opossum,skunk,armadillo,tapir,lemur,albatross",-5.7170
01KEYY4TCRFNV6R3P45P39B7WE,62,ngram-2,animals,alligator,turtle,False,True,0,"cat,dog,lion,elephant,tiger,bear,whale,cow,dolphin,kangaroo,gorilla,peacock,hawk,crocodile,snake,lizard,gecko,newt,salamander,frog,toad,butterfly,koala,panda,spider,scorpion,rat,mouse,parrot,zebra,pig,goat,badger,rabbit,sheep,chicken,horse,duck,crab,shark,starfish,lobster,jellyfish,toucan,penguin,puffin,owl,flamingo,sparrow,eagle,moose,bison,antelope,raccoon,opossum,skunk,armadillo,tapir,lemur,albatross,tortoise",-4.6444
01KEYY4TCRFNV6R3P45P39B7WE,63,ngram-2,animals,flea,crocodile,False,True,0,"cat,dog,lion,elephant,tiger,bear,whale,cow,dolphin,kangaroo,gorilla,peacock,hawk,crocodile,snake,lizard,gecko,newt,salamander,frog,toad,butterfly,koala,panda,spider,scorpion,rat,mouse,parrot,zebra,pig,goat,badger,rabbit,sheep,chicken,horse,duck,crab,shark,starfish,lobster,jellyfish,toucan,penguin,puffin,owl,flamingo,sparrow,eagle,moose,bison,antelope,raccoon,opossum,skunk,armadillo,tapir,lemur,albatross,tortoise,alligator",-3.5585
01KEYYX527KK91GMAG10G0VSN4,2,ngram-2,animals,cat,cat,True,True,0,"dog",-2.3896
01KEYYX527KK91GMAG10G0VSN4,3,ngram-2,animals,bear,dog,False,True,0,"dog,cat",-2.8471
01KEYYX527KK91GMAG10G0VSN4,4,ngram-2,animals,giraffe,lion,False,True,0,"dog,cat,bear",-4.4278
01KEYYX527KK91GMAG10G0VSN4,5,ngram-2,animals,meerkat,tiger,False,True,0,"dog,cat,bear,giraffe",-4.4218
01KEYYX527KK91GMAG10G0VSN4,6,ngram-2,animals,panda,goose,False,True,0,"dog,cat,bear,giraffe,meerkat",-5.0434
01KEYYX527KK91GMAG10G0VSN4,7,ngram-2,animals,monkey,bear,False,True,0,"dog,cat,bear,giraffe,meerkat,panda",-4.3975
01KEYYX527KK91GMAG10G0VSN4,8,ngram-2,animals,gorilla,chimpanzee,False,True,0,"dog,cat,bear,giraffe,meerkat,panda,monkey",-4.0283
01KEYYX527KK91GMAG10G0VSN4,9,ngram-2,animals,hamster,chimpanzee,False,True,0,"dog,cat,bear,giraffe,meerkat,panda,monkey,gorilla",-4.1775
01KEYYX527KK91GMAG10G0VSN4,10,ngram-2,animals,gerbil,rat,False,True,0,"dog,cat,bear,giraffe,meerkat,panda,monkey,gorilla,hamster",-4.3789
01KEYYX527KK91GMAG10G0VSN4,11,ngram-2,animals,snake,guineapig,False,True,0,"dog,cat,bear,giraffe,meerkat,panda,monkey,gorilla,hamster,gerbil",-5.0402
01KEYYX527KK91GMAG10G0VSN4,12,ngram-2,animals,spider,lizard,False,True,0,"dog,cat,bear,giraffe,meerkat,panda,monkey,gorilla,hamster,gerbil,snake",-4.0134
01KEYYX527KK91GMAG10G0VSN4,13,ngram-2,animals,caterpillar,ant,False,True,0,"dog,cat,bear,giraffe,meerkat,panda,monkey,gorilla,hamster,gerbil,snake,spider",-5.0752
01KEYYX527KK91GMAG10G0VSN4,14,ngram-2,animals,ant,bird,False,True,0,"dog,cat,bear,giraffe,meerkat,panda,monkey,gorilla,hamster,gerbil,snake,spider,caterpillar",-5.0370
01KEYYX527KK91GMAG10G0VSN4,15,ngram-2,animals,eagle,bee,False,True,0,"dog,cat,bear,giraffe,meerkat,panda,monkey,gorilla,hamster,gerbil,snake,spider,caterpillar,ant",-4.1805
01KEYYX527KK91GMAG10G0VSN4,16,ngram-2,animals,seagull,robin,False,True,0,"dog,cat,bear,giraffe,meerkat,panda,monkey,gorilla,hamster,gerbil,snake,spider,caterpillar,ant,eagle",-4.3944
01KEYYX527KK91GMAG10G0VSN4,17,ngram-2,animals,pigeon,clam,False,True,0,"dog,cat,bear,giraffe,meerkat,panda,monkey,gorilla,hamster,gerbil,snake,spider,caterpillar,ant,eagle,seagull",-5.0370
01KEYYX527KK91GMAG10G0VSN4,18,ngram-2,animals,whale,chicken,False,True,0,"dog,cat,bear,giraffe,meerkat,panda,monkey,gorilla,hamster,gerbil,snake,spider,caterpillar,ant,eagle,seagull,pigeon",-5.0434
01KEYYX527KK91GMAG10G0VSN4,19,ngram-2,animals,dolphin,shark,False,True,0,"dog,cat,bear,giraffe,meerkat,panda,monkey,gorilla,hamster,gerbil,snake,spider,caterpillar,ant,eagle,seagull,pigeon,whale",-4.1805
01KEYYX527KK91GMAG10G0VSN4,20,ngram-2,animals,trout,whale,False,True,0,"dog,cat,bear,giraffe,meerkat,panda,monkey,gorilla,hamster,gerbil,snake,spider,caterpillar,ant,eagle,seagull,pigeon,whale,dolphin",-4.1897
01KEYYX527KK91GMAG10G0VSN4,21,ngram-2,animals,catfish,aardvark,False,True,0,"dog,cat,bear,giraffe,meerkat,panda,monkey,gorilla,hamster,gerbil,snake,spider,caterpillar,ant,eagle,seagull,pigeon,whale,dolphin,trout",-5.0370
01KEYYX527KK91GMAG10G0VSN4,22,ngram-2,animals,chicken,crab,False,True,0,"dog,cat,bear,giraffe,meerkat,panda,monkey,gorilla,hamster,gerbil,snake,spider,caterpillar,ant,eagle,seagull,pigeon,whale,dolphin,trout,catfish",-5.0304
01KEYYX527KK91GMAG10G0VSN4,23,ngram-2,animals,cow,horse,False,True,0,"dog,cat,bear,giraffe,meerkat,panda,monkey,gorilla,hamster,gerbil,snake,spider,caterpillar,ant,eagle,seagull,pigeon,whale,dolphin,trout,catfish,chicken",-4.1957
01KEYYX527KK91GMAG10G0VSN4,24,ngram-2,animals,pig,chicken,False,True,0,"dog,cat,bear,giraffe,meerkat,panda,monkey,gorilla,hamster,gerbil,snake,spider,caterpillar,ant,eagle,seagull,pigeon,whale,dolphin,trout,catfish,chicken,cow",-3.6405
01KEYYX527KK91GMAG10G0VSN4,25,ngram-2,animals,elephant,cow,False,True,0,"dog,cat,bear,giraffe,meerkat,panda,monkey,gorilla,hamster,gerbil,snake,spider,caterpillar,ant,eagle,seagull,pigeon,whale,dolphin,trout,catfish,chicken,cow,pig",-3.7436
01KEYYX527KK91GMAG10G0VSN4,26,ngram-2,animals,tiger,giraffe,False,True,0,"dog,cat,bear,giraffe,meerkat,panda,monkey,gorilla,hamster,gerbil,snake,spider,caterpillar,ant,eagle,seagull,pigeon,whale,dolphin,trout,catfish,chicken,cow,pig,elephant",-4.0576
01KEYYX527KK91GMAG10G0VSN4,27,ngram-2,animals,lion,lion,True,True,0,"dog,cat,bear,giraffe,meerkat,panda,monkey,gorilla,hamster,gerbil,snake,spider,caterpillar,ant,eagle,seagull,pigeon,whale,dolphin,trout,catfish,chicken,cow,pig,elephant,tiger",-3.2131
01KEYYX527KK91GMAG10G0VSN4,28,ngram-2,animals,mouse,tiger,False,True,0,"dog,cat,bear,giraffe,meerkat,panda,monkey,gorilla,hamster,gerbil,snake,spider,caterpillar,ant,eagle,seagull,pigeon,whale,dolphin,trout,catfish,chicken,cow,pig,elephant,tiger,lion",-3.1697
01KEYYX527KK91GMAG10G0VSN4,29,ngram-2,animals,rat,rat,True,True,0,"dog,cat,bear,giraffe,meerkat,panda,monkey,gorilla,hamster,gerbil,snake,spider,caterpillar,ant,eagle,seagull,pigeon,whale,dolphin,trout,catfish,chicken,cow,pig,elephant,tiger,lion,mouse",-3.8682
01KEYYX527KK91GMAG10G0VSN4,30,ngram-2,animals,fox,mouse,False,True,0,"dog,cat,bear,giraffe,meerkat,panda,monkey,gorilla,hamster,gerbil,snake,spider,caterpillar,ant,eagle,seagull,pigeon,whale,dolphin,trout,catfish,chicken,cow,pig,elephant,tiger,lion,mouse,rat",-3.1061
01KEYYX527KK91GMAG10G0VSN4,31,ngram-2,animals,polarbear,wolf,False,True,0,"dog,cat,bear,giraffe,meerkat,panda,monkey,gorilla,hamster,gerbil,snake,spider,caterpillar,ant,eagle,seagull,pigeon,whale,dolphin,trout,catfish,chicken,cow,pig,elephant,tiger,lion,mouse,rat,fox",-3.8562
01KEYYX527KK91GMAG10G0VSN4,32,ngram-2,animals,kangaroo,grizzlybear,False,True,0,"dog,cat,bear,giraffe,meerkat,panda,monkey,gorilla,hamster,gerbil,snake,spider,caterpillar,ant,eagle,seagull,pigeon,whale,dolphin,trout,catfish,chicken,cow,pig,elephant,tiger,lion,mouse,rat,fox,polar bear",-4.6634
01KEYYX527KK91GMAG10G0VSN4,33,ngram-2,animals,butterfly,koala,False,True,0,"dog,cat,bear,giraffe,meerkat,panda,monkey,gorilla,hamster,gerbil,snake,spider,caterpillar,ant,eagle,seagull,pigeon,whale,dolphin,trout,catfish,chicken,cow,pig,elephant,tiger,lion,mouse,rat,fox,polar bear,kangaroo",-3.8224
01KEYYX527KK91GMAG10G0VSN4,34,ngram-2,animals,fly,moth,False,True,0,"dog,cat,bear,giraffe,meerkat,panda,monkey,gorilla,hamster,gerbil,snake,spider,caterpillar,ant,eagle,seagull,pigeon,whale,dolphin,trout,catfish,chicken,cow,pig,elephant,tiger,lion,mouse,rat,fox,polar bear,kangaroo,butterfly",-4.6540
01KEYYX527KK91GMAG10G0VSN4,35,ngram-2,animals,bee,ant,False,True,0,"dog,cat,bear,giraffe,meerkat,panda,monkey,gorilla,hamster,gerbil,snake,spider,caterpillar,ant,eagle,seagull,pigeon,whale,dolphin,trout,catfish,chicken,cow,pig,elephant,tiger,lion,mouse,rat,fox,polar bear,kangaroo,butterfly,fly",-4.6508
01KEYYX527KK91GMAG10G0VSN4,36,ngram-2,animals,hornet,wasp,False,True,0,"dog,cat,bear,giraffe,meerkat,panda,monkey,gorilla,hamster,gerbil,snake,spider,caterpillar,ant,eagle,seagull,pigeon,whale,dolphin,trout,catfish,chicken,cow,pig,elephant,tiger,lion,mouse,rat,fox,polar bear,kangaroo,butterfly,fly,bee",-4.6571
01KEYYX527KK91GMAG10G0VSN4,37,ngram-2,animals,wasp,aardvark,False,True,0,"dog,cat,bear,giraffe,meerkat,panda,monkey,gorilla,hamster,gerbil,snake,spider,caterpillar,ant,eagle,seagull,pigeon,whale,dolphin,trout,catfish,chicken,cow,pig,elephant,tiger,lion,mouse,rat,fox,polar bear,kangaroo,butterfly,fly,bee,hornet",-5.7203
01KEYYX527KK91GMAG10G0VSN4,38,ngram-2,animals,woodlouse,fly,False,True,0,"dog,cat,bear,giraffe,meerkat,panda,monkey,gorilla,hamster,gerbil,snake,spider,caterpillar,ant,eagle,seagull,pigeon,whale,dolphin,trout,catfish,chicken,cow,pig,elephant,tiger,lion,mouse,rat,fox,polar bear,kangaroo,butterfly,fly,bee,hornet,wasp",-4.6347
01KEYYX527KK91GMAG10G0VSN4,39,ngram-2,animals,molerat,flea,False,True,0,"dog,cat,bear,giraffe,meerkat,panda,monkey,gorilla,hamster,gerbil,snake,spider,caterpillar,ant,eagle,seagull,pigeon,whale,dolphin,trout,catfish,chicken,cow,pig,elephant,tiger,lion,mouse,rat,fox,polar bear,kangaroo,butterfly,fly,bee,hornet,wasp,woodlouse",-5.0337
01KEYYX527KK91GMAG10G0VSN4,40,ngram-2,animals,anteater,aardvark,False,True,0,"dog,cat,bear,giraffe,meerkat,panda,monkey,gorilla,hamster,gerbil,snake,spider,caterpillar,ant,eagle,seagull,pigeon,whale,dolphin,trout,catfish,chicken,cow,pig,elephant,tiger,lion,mouse,rat,fox,polar bear,kangaroo,butterfly,fly,bee,hornet,wasp,woodlouse,mole rat",-5.7203
01KEYYX527KK91GMAG10G0VSN4,41,ngram-2,animals,dragonfly,armadillo,False,True,0,"dog,cat,bear,giraffe,meerkat,panda,monkey,gorilla,hamster,gerbil,snake,spider,caterpillar,ant,eagle,seagull,pigeon,whale,dolphin,trout,catfish,chicken,cow,pig,elephant,tiger,lion,mouse,rat,fox,polar bear,kangaroo,butterfly,fly,bee,hornet,wasp,woodlouse,mole rat,anteater",-4.6444
01KEYYX527KK91GMAG10G0VSN4,42,ngram-2,animals,swan,beetle,False,True,0,"dog,cat,bear,giraffe,meerkat,panda,monkey,gorilla,hamster,gerbil,snake,spider,caterpillar,ant,eagle,seagull,pigeon,whale,dolphin,trout,catfish,chicken,cow,pig,elephant,tiger,lion,mouse,rat,fox,polar bear,kangaroo,butterfly,fly,bee,hornet,wasp,woodlouse,mole rat,anteater,dragonfly",-5.0402
01KEYYX527KK91GMAG10G0VSN4,43,ngram-2,animals,duck,duck,True,True,0,"dog,cat,bear,giraffe,meerkat,panda,monkey,gorilla,hamster,gerbil,snake,spider,caterpillar,ant,eagle,seagull,pigeon,whale,dolphin,trout,catfish,chicken,cow,pig,elephant,tiger,lion,mouse,rat,fox,polar bear,kangaroo,butterfly,fly,bee,hornet,wasp,woodlouse,mole rat,anteater,dragonfly,swan",-5.0370
01KEYYX527KK91GMAG10G0VSN4,44,ngram-2,animals,moose,chicken,False,True,0,"dog,cat,bear,giraffe,meerkat,panda,monkey,gorilla,hamster,gerbil,snake,spider,caterpillar,ant,eagle,seagull,pigeon,whale,dolphin,trout,catfish,chicken,cow,pig,elephant,tiger,lion,mouse,rat,fox,polar bear,kangaroo,butterfly,fly,bee,hornet,wasp,woodlouse,mole rat,anteater,dragonfly,swan,duck",-4.3789
01KEYYX527KK91GMAG10G0VSN4,45,ngram-2,animals,deer,elk,False,True,0,"dog,cat,bear,giraffe,meerkat,panda,monkey,gorilla,hamster,gerbil,snake,spider,caterpillar,ant,eagle,seagull,pigeon,whale,dolphin,trout,catfish,chicken,cow,pig,elephant,tiger,lion,mouse,rat,fox,polar bear,kangaroo,butterfly,fly,bee,hornet,wasp,woodlouse,mole rat,anteater,dragonfly,swan,duck,moose",-4.3694
01KEYYX527KK91GMAG10G0VSN4,46,ngram-2,animals,bison,moose,False,True,0,"dog,cat,bear,giraffe,meerkat,panda,monkey,gorilla,hamster,gerbil,snake,spider,caterpillar,ant,eagle,seagull,pigeon,whale,dolphin,trout,catfish,chicken,cow,pig,elephant,tiger,lion,mouse,rat,fox,polar bear,kangaroo,butterfly,fly,bee,hornet,wasp,woodlouse,mole rat,anteater,dragonfly,swan,duck,moose,deer",-4.4067
01KEYYX527KK91GMAG10G0VSN4,47,ngram-2,animals,bull,antelope,False,True,0,"dog,cat,bear,giraffe,meerkat,panda,monkey,gorilla,hamster,gerbil,snake,spider,caterpillar,ant,eagle,seagull,pigeon,whale,dolphin,trout,catfish,chicken,cow,pig,elephant,tiger,lion,mouse,rat,fox,polar bear,kangaroo,butterfly,fly,bee,hornet,wasp,woodlouse,mole rat,anteater,dragonfly,swan,duck,moose,deer,bison",-5.0594
01KEYYX527KK91GMAG10G0VSN4,48,ngram-2,animals,goose,cow,False,True,0,"dog,cat,bear,giraffe,meerkat,panda,monkey,gorilla,hamster,gerbil,snake,spider,caterpillar,ant,eagle,seagull,pigeon,whale,dolphin,trout,catfish,chicken,cow,pig,elephant,tiger,lion,mouse,rat,fox,polar bear,kangaroo,butterfly,fly,bee,hornet,wasp,woodlouse,mole rat,anteater,dragonfly,swan,duck,moose,deer,bison,bull",-5.0434
01KEYYX527KK91GMAG10G0VSN4,49,ngram-2,animals,bandicoot,chinchilla,False,True,0,"dog,cat,bear,giraffe,meerkat,panda,monkey,gorilla,hamster,gerbil,snake,spider,caterpillar,ant,eagle,seagull,pigeon,whale,dolphin,trout,catfish,chicken,cow,pig,elephant,tiger,lion,mouse,rat,fox,polar bear,kangaroo,butterfly,fly,bee,hornet,wasp,woodlouse,mole rat,anteater,dragonfly,swan,duck,moose,deer,bison,bull,goose",-5.0466
01KEYYX527KK91GMAG10G0VSN4,50,ngram-2,animals,flamingo,aardvark,False,True,0,"dog,cat,bear,giraffe,meerkat,panda,monkey,gorilla,hamster,gerbil,snake,spider,caterpillar,ant,eagle,seagull,pigeon,whale,dolphin,trout,catfish,chicken,cow,pig,elephant,tiger,lion,mouse,rat,fox,polar bear,kangaroo,butterfly,fly,bee,hornet,wasp,woodlouse,mole rat,anteater,dragonfly,swan,duck,moose,deer,bison,bull,goose,bandicoot",-5.7203
01KEYYX527KK91GMAG10G0VSN4,51,ngram-2,animals,ape,eagle,False,True,0,"dog,cat,bear,giraffe,meerkat,panda,monkey,gorilla,hamster,gerbil,snake,spider,caterpillar,ant,eagle,seagull,pigeon,whale,dolphin,trout,catfish,chicken,cow,pig,elephant,tiger,lion,mouse,rat,fox,polar bear,kangaroo,butterfly,fly,bee,hornet,wasp,woodlouse,mole rat,anteater,dragonfly,swan,duck,moose,deer,bison,bull,goose,bandicoot,flamingo",-5.0499
01KEYZQ9H5XG25DQDF5BYW8JFM,2,ngram-2,animals,dog,moose,False,True,0,"deer",-4.4128
01KEYZQ9H5XG25DQDF5BYW8JFM,3,ngram-2,animals,cat,cat,True,True,0,"deer,dog",-2.3951
01KEYZQ9H5XG25DQDF5BYW8JFM,4,ngram-2,animals,bird,dog,False,True,0,"deer,dog,cat",-2.8526
01KEYZQ9H5XG25DQDF5BYW8JFM,5,ngram-2,animals,lion,eagle,False,True,0,"deer,dog,cat,bird",-4.4098
01KEYZQ9H5XG25DQDF5BYW8JFM,6,ngram-2,animals,goat,tiger,False,True,0,"deer,dog,cat,bird,lion",-3.1753
01KEYZQ9H5XG25DQDF5BYW8JFM,7,ngram-2,animals,sheep,sheep,True,True,0,"deer,dog,cat,bird,lion,goat",-4.1927
01KEYZQ9H5XG25DQDF5BYW8JFM,8,ngram-2,animals,pig,cow,False,True,0,"deer,dog,cat,bird,lion,goat,sheep",-3.7317
01KEYZQ9H5XG25DQDF5BYW8JFM,9,ngram-2,animals,cow,cow,True,True,0,"deer,dog,cat,bird,lion,goat,sheep,pig",-3.8830
01KEYZQ9H5XG25DQDF5BYW8JFM,10,ngram-2,animals,duck,chicken,False,True,0,"deer,dog,cat,bird,lion,goat,sheep,pig,cow",-3.6463
01KEYZQ9H5XG25DQDF5BYW8JFM,11,ngram-2,animals,wilddog,chicken,False,True,0,"deer,dog,cat,bird,lion,goat,sheep,pig,cow,duck",-4.3851
01KEYZQ9H5XG25DQDF5BYW8JFM,12,ngram-2,animals,dolphin,aardvark,False,True,0,"deer,dog,cat,bird,lion,goat,sheep,pig,cow,duck,wild dog",-5.7268
01KEYZQ9H5XG25DQDF5BYW8JFM,13,ngram-2,animals,pigeon,whale,False,True,0,"deer,dog,cat,bird,lion,goat,sheep,pig,cow,duck,wild dog,dolphin",-4.1957
01KEYZQ9H5XG25DQDF5BYW8JFM,14,ngram-2,animals,jaguar,chicken,False,True,0,"deer,dog,cat,bird,lion,goat,sheep,pig,cow,duck,wild dog,dolphin,pigeon",-5.0499
01KEYZQ9H5XG25DQDF5BYW8JFM,15,ngram-2,animals,giraffe,cougar,False,True,0,"deer,dog,cat,bird,lion,goat,sheep,pig,cow,duck,wild dog,dolphin,pigeon,jaguar",-4.6697
01KEYZQ9H5XG25DQDF5BYW8JFM,16,ngram-2,animals,polarbear,tiger,False,True,0,"deer,dog,cat,bird,lion,goat,sheep,pig,cow,duck,wild dog,dolphin,pigeon,jaguar,giraffe",-4.4278
01KEYZQ9H5XG25DQDF5BYW8JFM,17,ngram-2,animals,panda,grizzlybear,False,True,0,"deer,dog,cat,bird,lion,goat,sheep,pig,cow,duck,wild dog,dolphin,pigeon,jaguar,giraffe,polar bear",-4.6697
01KEYZQ9H5XG25DQDF5BYW8JFM,18,ngram-2,animals,turtle,bear,False,True,0,"deer,dog,cat,bird,lion,goat,sheep,pig,cow,duck,wild dog,dolphin,pigeon,jaguar,giraffe,polar bear,panda",-4.4037
01KEYZQ9H5XG25DQDF5BYW8JFM,19,ngram-2,animals,snake,tortoise,False,True,0,"deer,dog,cat,bird,lion,goat,sheep,pig,cow,duck,wild dog,dolphin,pigeon,jaguar,giraffe,polar bear,panda,turtle",-4.3758
01KEYZQ9H5XG25DQDF5BYW8JFM,20,ngram-2,animals,elephant,lizard,False,True,0,"deer,dog,cat,bird,lion,goat,sheep,pig,cow,duck,wild dog,dolphin,pigeon,jaguar,giraffe,polar bear,panda,turtle,snake",-4.0194
01KEYZQ9H5XG25DQDF5BYW8JFM,21,ngram-2,animals,fish,tiger,False,True,0,"deer,dog,cat,bird,lion,goat,sheep,pig,cow,duck,wild dog,dolphin,pigeon,jaguar,giraffe,polar bear,panda,turtle,snake,elephant",-3.9092
01KEYZQ9H5XG25DQDF5BYW8JFM,22,ngram-2,animals,bear,shark,False,True,0,"deer,dog,cat,bird,lion,goat,sheep,pig,cow,duck,wild dog,dolphin,pigeon,jaguar,giraffe,polar bear,panda,turtle,snake,elephant,fish",-4.2017
01KEYZQ9H5XG25DQDF5BYW8JFM,23,ngram-2,animals,penguin,lion,False,True,0,"deer,dog,cat,bird,lion,goat,sheep,pig,cow,duck,wild dog,dolphin,pigeon,jaguar,giraffe,polar bear,panda,turtle,snake,elephant,fish,bear",-4.4338
01KEYZQ9H5XG25DQDF5BYW8JFM,24,ngram-2,animals,horse,seal,False,True,0,"deer,dog,cat,bird,lion,goat,sheep,pig,cow,duck,wild dog,dolphin,pigeon,jaguar,giraffe,polar bear,panda,turtle,snake,elephant,fish,bear,penguin",-4.6852
01KEYZQ9H5XG25DQDF5BYW8JFM,25,ngram-2,animals,donkey,cow,False,True,0,"deer,dog,cat,bird,lion,goat,sheep,pig,cow,duck,wild dog,dolphin,pigeon,jaguar,giraffe,polar bear,panda,turtle,snake,elephant,fish,bear,penguin,horse",-3.7670
01KEYZQ9H5XG25DQDF5BYW8JFM,26,ngram-2,animals,crocodile,horse,False,True,0,"deer,dog,cat,bird,lion,goat,sheep,pig,cow,duck,wild dog,dolphin,pigeon,jaguar,giraffe,polar bear,panda,turtle,snake,elephant,fish,bear,penguin,horse,donkey",-4.4006
01KEYZQ9H5XG25DQDF5BYW8JFM,27,ngram-2,animals,hen,alligator,False,True,0,"deer,dog,cat,bird,lion,goat,sheep,pig,cow,duck,wild dog,dolphin,pigeon,jaguar,giraffe,polar bear,panda,turtle,snake,elephant,fish,bear,penguin,horse,donkey,crocodile",-4.6790
01KEYZQ9H5XG25DQDF5BYW8JFM,28,ngram-2,animals,panther,rooster,False,True,0,"deer,dog,cat,bird,lion,goat,sheep,pig,cow,duck,wild dog,dolphin,pigeon,jaguar,giraffe,polar bear,panda,turtle,snake,elephant,fish,bear,penguin,horse,donkey,crocodile,hen",-4.6476
01KEYZQ9H5XG25DQDF5BYW8JFM,29,ngram-2,animals,tiger,bird,False,True,0,"deer,dog,cat,bird,lion,goat,sheep,pig,cow,duck,wild dog,dolphin,pigeon,jaguar,giraffe,polar bear,panda,turtle,snake,elephant,fish,bear,penguin,horse,donkey,crocodile,hen,panther",-5.0531
01KEYZQ9H5XG25DQDF5BYW8JFM,30,ngram-2,animals,cheetah,lion,False,True,0,"deer,dog,cat,bird,lion,goat,sheep,pig,cow,duck,wild dog,dolphin,pigeon,jaguar,giraffe,polar bear,panda,turtle,snake,elephant,fish,bear,penguin,horse,donkey,crocodile,hen,panther,tiger",-3.1499
01KEYZQ9H5XG25DQDF5BYW8JFM,31,ngram-2,animals,rabbit,jaguar,False,True,0,"deer,dog,cat,bird,lion,goat,sheep,pig,cow,duck,wild dog,dolphin,pigeon,jaguar,giraffe,polar bear,panda,turtle,snake,elephant,fish,bear,penguin,horse,donkey,crocodile,hen,panther,tiger,cheetah",-4.1866
01KEYZQ9H5XG25DQDF5BYW8JFM,32,ngram-2,animals,chicken,hare,False,True,0,"deer,dog,cat,bird,lion,goat,sheep,pig,cow,duck,wild dog,dolphin,pigeon,jaguar,giraffe,polar bear,panda,turtle,snake,elephant,fish,bear,penguin,horse,donkey,crocodile,hen,panther,tiger,cheetah,rabbit",-4.0342
01KEYZQ9H5XG25DQDF5BYW8JFM,33,ngram-2,animals,leopard,horse,False,True,0,"deer,dog,cat,bird,lion,goat,sheep,pig,cow,duck,wild dog,dolphin,pigeon,jaguar,giraffe,polar bear,panda,turtle,snake,elephant,fish,bear,penguin,horse,donkey,crocodile,hen,panther,tiger,cheetah,rabbit,chicken",-4.2017
01KEYZQ9H5XG25DQDF5BYW8JFM,34,ngram-2,animals,monkey,antelope,False,True,0,"deer,dog,cat,bird,lion,goat,sheep,pig,cow,duck,wild dog,dolphin,pigeon,jaguar,giraffe,polar bear,panda,turtle,snake,elephant,fish,bear,penguin,horse,donkey,crocodile,hen,panther,tiger,cheetah,rabbit,chicken,leopard",-4.6974
01KEYZQ9H5XG25DQDF5BYW8JFM,35,ngram-2,animals,hamster,chimpanzee,False,True,0,"deer,dog,cat,bird,lion,goat,sheep,pig,cow,duck,wild dog,dolphin,pigeon,jaguar,giraffe,polar bear,panda,turtle,snake,elephant,fish,bear,penguin,horse,donkey,crocodile,hen,panther,tiger,cheetah,rabbit,chicken,leopard,monkey",-4.0342
01KEYZQ9H5XG25DQDF5BYW8JFM,36,ngram-2,animals,shark,rat,False,True,0,"deer,dog,cat,bird,lion,goat,sheep,pig,cow,duck,wild dog,dolphin,pigeon,jaguar,giraffe,polar bear,panda,turtle,snake,elephant,fish,bear,penguin,horse,donkey,crocodile,hen,panther,tiger,cheetah,rabbit,chicken,leopard,monkey,hamster",-4.3851
01KEYZQ9H5XG25DQDF5BYW8JFM,37,ngram-2,animals,rhinoceros,dolphin,False,True,0,"deer,dog,cat,bird,lion,goat,sheep,pig,cow,duck,wild dog,dolphin,pigeon,jaguar,giraffe,polar bear,panda,turtle,snake,elephant,fish,bear,penguin,horse,donkey,crocodile,hen,panther,tiger,cheetah,rabbit,chicken,leopard,monkey,hamster,shark",-4.3975
01KEYZZ564VR8GHAFMME5V2E0Z,2,ngram-2,animals,cat,cat,True,True,0,"dog",-2.3979
01KEYZZ564VR8GHAFMME5V2E0Z,3,ngram-2,animals,sheep,dog,False,True,0,"dog,cat",-2.8554
01KEYZZ564VR8GHAFMME5V2E0Z,4,ngram-2,animals,lamb,cow,False,True,0,"dog,cat,sheep",-3.7347
01KEYZZ564VR8GHAFMME5V2E0Z,5,ngram-2,animals,lion,goat,False,True,0,"dog,cat,sheep,lamb",-4.6666
01KEYZZ564VR8GHAFMME5V2E0Z,6,ngram-2,animals,bison,tiger,False,True,0,"dog,cat,sheep,lamb,lion",-3.1781
01KEYZZ564VR8GHAFMME5V2E0Z,7,ngram-2,animals,bird,antelope,False,True,0,"dog,cat,sheep,lamb,lion,bison",-5.0689
01KEYZZ564VR8GHAFMME5V2E0Z,8,ngram-2,animals,deer,eagle,False,True,0,"dog,cat,sheep,lamb,lion,bison,bird",-4.4128
01KEYZZ564VR8GHAFMME5V2E0Z,9,ngram-2,animals,cow,moose,False,True,0,"dog,cat,sheep,lamb,lion,bison,bird,deer",-4.4158
01KEYZZ564VR8GHAFMME5V2E0Z,10,ngram-2,animals,octopus,chicken,False,True,0,"dog,cat,sheep,lamb,lion,bison,bird,deer,cow",-3.6492
01KEYZZ564VR8GHAFMME5V2E0Z,11,ngram-2,animals,fish,cuttlefish,False,True,0,"dog,cat,sheep,lamb,lion,bison,bird,deer,cow,octopus",-5.0626
01KEYZZ564VR8GHAFMME5V2E0Z,12,ngram-2,animals,shark,shark,True,True,0,"dog,cat,sheep,lamb,lion,bison,bird,deer,cow,octopus,fish",-4.4278
01KEYZZ564VR8GHAFMME5V2E0Z,13,ngram-2,animals,ant,dolphin,False,True,0,"dog,cat,sheep,lamb,lion,bison,bird,deer,cow,octopus,fish,shark",-4.4006
01KEYZZ564VR8GHAFMME5V2E0Z,14,ngram-2,animals,cheetah,bee,False,True,0,"dog,cat,sheep,lamb,lion,bison,bird,deer,cow,octopus,fish,shark,ant",-4.1897
01KEYZZ564VR8GHAFMME5V2E0Z,15,ngram-2,animals,elephant,jaguar,False,True,0,"dog,cat,sheep,lamb,lion,bison,bird,deer,cow,octopus,fish,shark,ant,cheetah",-4.1897
01KEYZZ564VR8GHAFMME5V2E0Z,16,ngram-2,animals,spider,tiger,False,True,0,"dog,cat,sheep,lamb,lion,bison,bird,deer,cow,octopus,fish,shark,ant,cheetah,elephant",-3.9120
01KEYZZ564VR8GHAFMME5V2E0Z,17,ngram-2,animals,fox,ant,False,True,0,"dog,cat,sheep,lamb,lion,bison,bird,deer,cow,octopus,fish,shark,ant,cheetah,elephant,spider",-5.0845
01KEYZZ564VR8GHAFMME5V2E0Z,18,ngram-2,animals,rat,wolf,False,True,0,"dog,cat,sheep,lamb,lion,bison,bird,deer,cow,octopus,fish,shark,ant,cheetah,elephant,spider,fox",-3.8652
01KEYZZ564VR8GHAFMME5V2E0Z,19,ngram-2,animals,mouse,mouse,True,True,0,"dog,cat,sheep,lamb,lion,bison,bird,deer,cow,octopus,fish,shark,ant,cheetah,elephant,spider,fox,rat",-3.1840
01KEYZZ564VR8GHAFMME5V2E0Z,20,ngram-2,animals,snake,rat,False,True,0,"dog,cat,sheep,lamb,lion,bison,bird,deer,cow,octopus,fish,shark,ant,cheetah,elephant,spider,fox,rat,mouse",-3.7436
01KEYZZ564VR8GHAFMME5V2E0Z,21,ngram-2,animals,robin,lizard,False,True,0,"dog,cat,sheep,lamb,lion,bison,bird,deer,cow,octopus,fish,shark,ant,cheetah,elephant,spider,fox,rat,mouse,snake",-4.0224
01KEYZZ564VR8GHAFMME5V2E0Z,22,ngram-2,animals,ox,beaver,False,True,0,"dog,cat,sheep,lamb,lion,bison,bird,deer,cow,octopus,fish,shark,ant,cheetah,elephant,spider,fox,rat,mouse,snake,robin",-5.0626
01KEYZZ564VR8GHAFMME5V2E0Z,23,ngram-2,animals,frog,octopus,False,True,0,"dog,cat,sheep,lamb,lion,bison,bird,deer,cow,octopus,fish,shark,ant,cheetah,elephant,spider,fox,rat,mouse,snake,robin,ox",-5.0402
01KEYZZ564VR8GHAFMME5V2E0Z,24,ngram-2,animals,toad,newt,False,True,0,"dog,cat,sheep,lamb,lion,bison,bird,deer,cow,octopus,fish,shark,ant,cheetah,elephant,spider,fox,rat,mouse,snake,robin,ox,frog",-4.6790
01KEYZZ564VR8GHAFMME5V2E0Z,25,ngram-2,animals,rabbit,frog,False,True,0,"dog,cat,sheep,lamb,lion,bison,bird,deer,cow,octopus,fish,shark,ant,cheetah,elephant,spider,fox,rat,mouse,snake,robin,ox,frog,toad",-4.6540
01KEYZZ564VR8GHAFMME5V2E0Z,26,ngram-2,animals,hare,hare,True,True,0,"dog,cat,sheep,lamb,lion,bison,bird,deer,cow,octopus,fish,shark,ant,cheetah,elephant,spider,fox,rat,mouse,snake,robin,ox,frog,toad,rabbit",-4.2195
01KEYZZ564VR8GHAFMME5V2E0Z,27,ngram-2,animals,baboon,carp,False,True,0,"dog,cat,sheep,lamb,lion,bison,bird,deer,cow,octopus,fish,shark,ant,cheetah,elephant,spider,fox,rat,mouse,snake,robin,ox,frog,toad,rabbit,hare",-5.0594
01KEYZZ564VR8GHAFMME5V2E0Z,28,ngram-2,animals,chimpanzee,ant,False,True,0,"dog,cat,sheep,lamb,lion,bison,bird,deer,cow,octopus,fish,shark,ant,cheetah,elephant,spider,fox,rat,mouse,snake,robin,ox,frog,toad,rabbit,hare,baboon",-5.0531
01KEYZZ564VR8GHAFMME5V2E0Z,29,ngram-2,animals,gorilla,gorilla,True,True,0,"dog,cat,sheep,lamb,lion,bison,bird,deer,cow,octopus,fish,shark,ant,cheetah,elephant,spider,fox,rat,mouse,snake,robin,ox,frog,toad,rabbit,hare,baboon,chimpanzee",-4.6697
01KEYZZ564VR8GHAFMME5V2E0Z,30,ngram-2,animals,alpaca,chimpanzee,False,True,0,"dog,cat,sheep,lamb,lion,bison,bird,deer,cow,octopus,fish,shark,ant,cheetah,elephant,spider,fox,rat,mouse,snake,robin,ox,frog,toad,rabbit,hare,baboon,chimpanzee,gorilla",-4.1866
01KEYZZ564VR8GHAFMME5V2E0Z,31,ngram-2,animals,lizard,donkey,False,True,0,"dog,cat,sheep,lamb,lion,bison,bird,deer,cow,octopus,fish,shark,ant,cheetah,elephant,spider,fox,rat,mouse,snake,robin,ox,frog,toad,rabbit,hare,baboon,chimpanzee,gorilla,alpaca",-5.0531
01KEYZZ564VR8GHAFMME5V2E0Z,32,ngram-2,animals,dolphin,gecko,False,True,0,"dog,cat,sheep,lamb,lion,bison,bird,deer,cow,octopus,fish,shark,ant,cheetah,elephant,spider,fox,rat,mouse,snake,robin,ox,frog,toad,rabbit,hare,baboon,chimpanzee,gorilla,alpaca,lizard",-4.3944
01KEYZZ564VR8GHAFMME5V2E0Z,33,ngram-2,animals,swan,whale,False,True,0,"dog,cat,sheep,lamb,lion,bison,bird,deer,cow,octopus,fish,shark,ant,cheetah,elephant,spider,fox,rat,mouse,snake,robin,ox,frog,toad,rabbit,hare,baboon,chimpanzee,gorilla,alpaca,lizard,dolphin",-4.1987
01KEYZZ564VR8GHAFMME5V2E0Z,34,ngram-2,animals,polarbear,duck,False,True,0,"dog,cat,sheep,lamb,lion,bison,bird,deer,cow,octopus,fish,shark,ant,cheetah,elephant,spider,fox,rat,mouse,snake,robin,ox,frog,toad,rabbit,hare,baboon,chimpanzee,gorilla,alpaca,lizard,dolphin,swan",-4.6412
01KEZ006E5XYY18GXM0GT51TBV,2,ngram-2,animals,duck,hare,False,True,0,"rabbit",-4.0224
01KEZ006E5XYY18GXM0GT51TBV,3,ngram-2,animals,chicken,chicken,True,True,0,"rabbit,duck",-4.6603
01KEZ006E5XYY18GXM0GT51TBV,4,ngram-2,animals,goose,horse,False,True,0,"rabbit,duck,chicken",-4.1897
01KEZ006E5XYY18GXM0GT51TBV,5,ngram-2,animals,horse,bandicoot,False,True,0,"rabbit,duck,chicken,goose",-5.0402
01KEZ006E5XYY18GXM0GT51TBV,6,ngram-2,animals,zebra,cow,False,True,0,"rabbit,duck,chicken,goose,horse",-3.7554
01KEZ006E5XYY18GXM0GT51TBV,7,ngram-2,animals,cobra,horse,False,True,0,"rabbit,duck,chicken,goose,horse,zebra",-4.1866
01KEZ006E5XYY18GXM0GT51TBV,8,ngram-2,animals,toucan,aardvark,False,True,0,"rabbit,duck,chicken,goose,horse,zebra,cobra",-5.7137
01KEZ006E5XYY18GXM0GT51TBV,9,ngram-2,animals,baldeagle,penguin,False,True,0,"rabbit,duck,chicken,goose,horse,zebra,cobra,toucan",-5.0239
01KEZ006E5XYY18GXM0GT51TBV,10,ngram-2,animals,gardensnake,aardvark,False,True,0,"rabbit,duck,chicken,goose,horse,zebra,cobra,toucan,bald eagle",-5.7137
01KEZ006E5XYY18GXM0GT51TBV,11,ngram-2,animals,lion,aardvark,False,True,0,"rabbit,duck,chicken,goose,horse,zebra,cobra,toucan,bald eagle,garden snake",-5.7137
01KEZ006E5XYY18GXM0GT51TBV,12,ngram-2,animals,tiger,tiger,True,True,0,"rabbit,duck,chicken,goose,horse,zebra,cobra,toucan,bald eagle,garden snake,lion",-3.2331
01KEZ006E5XYY18GXM0GT51TBV,13,ngram-2,animals,elephant,lion,False,True,0,"rabbit,duck,chicken,goose,horse,zebra,cobra,toucan,bald eagle,garden snake,lion,tiger",-3.1384
01KEZ006E5XYY18GXM0GT51TBV,14,ngram-2,animals,cougar,tiger,False,True,0,"rabbit,duck,chicken,goose,horse,zebra,cobra,toucan,bald eagle,garden snake,lion,tiger,elephant",-3.8976
01KEZ006E5XYY18GXM0GT51TBV,15,ngram-2,animals,mountainlion,bison,False,True,0,"rabbit,duck,chicken,goose,horse,zebra,cobra,toucan,bald eagle,garden snake,lion,tiger,elephant,cougar",-5.0337
01KEZ006E5XYY18GXM0GT51TBV,16,ngram-2,animals,parrot,eagle,False,True,0,"rabbit,duck,chicken,goose,horse,zebra,cobra,toucan,bald eagle,garden snake,lion,tiger,elephant,cougar,mountain lion",-5.0239
01KEZ006E5XYY18GXM0GT51TBV,17,ngram-2,animals,gorilla,budgie,False,True,0,"rabbit,duck,chicken,goose,horse,zebra,cobra,toucan,bald eagle,garden snake,lion,tiger,elephant,cougar,mountain lion,parrot",-4.6508
01KEZ006E5XYY18GXM0GT51TBV,18,ngram-2,animals,chimpanzee,chimpanzee,True,True,0,"rabbit,duck,chicken,goose,horse,zebra,cobra,toucan,bald eagle,garden snake,lion,tiger,elephant,cougar,mountain lion,parrot,gorilla",-4.3944
01KEZ006E5XYY18GXM0GT51TBV,19,ngram-2,animals,goat,gorilla,False,True,0,"rabbit,duck,chicken,goose,horse,zebra,cobra,toucan,bald eagle,garden snake,lion,tiger,elephant,cougar,mountain lion,parrot,gorilla,chimpanzee",-4.3663
01KEZ006E5XYY18GXM0GT51TBV,20,ngram-2,animals,sheep,sheep,True,True,0,"rabbit,duck,chicken,goose,horse,zebra,cobra,toucan,bald eagle,garden snake,lion,tiger,elephant,cougar,mountain lion,parrot,gorilla,chimpanzee,goat",-4.1805
01KEZ006E5XYY18GXM0GT51TBV,21,ngram-2,animals,ostrich,cow,False,True,0,"rabbit,duck,chicken,goose,horse,zebra,cobra,toucan,bald eagle,garden snake,lion,tiger,elephant,cougar,mountain lion,parrot,gorilla,chimpanzee,goat,sheep",-3.7197
01KEZ006E5XYY18GXM0GT51TBV,22,ngram-2,animals,emu,ant,False,True,0,"rabbit,duck,chicken,goose,horse,zebra,cobra,toucan,bald eagle,garden snake,lion,tiger,elephant,cougar,mountain lion,parrot,gorilla,chimpanzee,goat,sheep,ostrich",-5.0466
01KEZ006E5XYY18GXM0GT51TBV,23,ngram-2,animals,turkey,ostrich,False,True,0,"rabbit,duck,chicken,goose,horse,zebra,cobra,toucan,bald eagle,garden snake,lion,tiger,elephant,cougar,mountain lion,parrot,gorilla,chimpanzee,goat,sheep,ostrich,emu",-4.6315
01KEZ006E5XYY18GXM0GT51TBV,24,ngram-2,animals,toad,cheetah,False,True,0,"rabbit,duck,chicken,goose,horse,zebra,cobra,toucan,bald eagle,garden snake,lion,tiger,elephant,cougar,mountain lion,parrot,gorilla,chimpanzee,goat,sheep,ostrich,emu,turkey",-5.0370
01KEZ006E5XYY18GXM0GT51TBV,25,ngram-2,animals,frog,butterfly,False,True,0,"rabbit,duck,chicken,goose,horse,zebra,cobra,toucan,bald eagle,garden snake,lion,tiger,elephant,cougar,mountain lion,parrot,gorilla,chimpanzee,goat,sheep,ostrich,emu,turkey,toad",-5.0434
01KEZ006E5XYY18GXM0GT51TBV,26,ngram-2,animals,bullfrog,newt,False,True,0,"rabbit,duck,chicken,goose,horse,zebra,cobra,toucan,bald eagle,garden snake,lion,tiger,elephant,cougar,mountain lion,parrot,gorilla,chimpanzee,goat,sheep,ostrich,emu,turkey,toad,frog",-4.6634
01KEZ006E5XYY18GXM0GT51TBV,27,ngram-2,animals,monkey,aardvark,False,True,0,"rabbit,duck,chicken,goose,horse,zebra,cobra,toucan,bald eagle,garden snake,lion,tiger,elephant,cougar,mountain lion,parrot,gorilla,chimpanzee,goat,sheep,ostrich,emu,turkey,toad,frog,bullfrog",-5.7137
01KEZ006E5XYY18GXM0GT51TBV,28,ngram-2,animals,panda,chimpanzee,False,True,0,"rabbit,duck,chicken,goose,horse,zebra,cobra,toucan,bald eagle,garden snake,lion,tiger,elephant,cougar,mountain lion,parrot,gorilla,chimpanzee,goat,sheep,ostrich,emu,turkey,toad,frog,bullfrog,monkey",-4.0224
01KEZ006E5XYY18GXM0GT51TBV,29,ngram-2,animals,grizzlybear,bear,False,True,0,"rabbit,duck,chicken,goose,horse,zebra,cobra,toucan,bald eagle,garden snake,lion,tiger,elephant,cougar,mountain lion,parrot,gorilla,chimpanzee,goat,sheep,ostrich,emu,turkey,toad,frog,bullfrog,monkey,panda",-4.3914
01KEZ006E5XYY18GXM0GT51TBV,30,ngram-2,animals,robin,elephant,False,True,0,"rabbit,duck,chicken,goose,horse,zebra,cobra,toucan,bald eagle,garden snake,lion,tiger,elephant,cougar,mountain lion,parrot,gorilla,chimpanzee,goat,sheep,ostrich,emu,turkey,toad,frog,bullfrog,monkey,panda,grizzly bear",-5.0370
01KEZ006E5XYY18GXM0GT51TBV,31,ngram-2,animals,bluebird,beaver,False,True,0,"rabbit,duck,chicken,goose,horse,zebra,cobra,toucan,bald eagle,garden snake,lion,tiger,elephant,cougar,mountain lion,parrot,gorilla,chimpanzee,goat,sheep,ostrich,emu,turkey,toad,frog,bullfrog,monkey,panda,grizzly bear,robin",-5.0466
01KEZ006E5XYY18GXM0GT51TBV,32,ngram-2,animals,cat,aardvark,False,True,0,"rabbit,duck,chicken,goose,horse,zebra,cobra,toucan,bald eagle,garden snake,lion,tiger,elephant,cougar,mountain lion,parrot,gorilla,chimpanzee,goat,sheep,ostrich,emu,turkey,toad,frog,bullfrog,monkey,panda,grizzly bear,robin,bluebird",-5.7137
01KEZ006E5XYY18GXM0GT51TBV,33,ngram-2,animals,dog,dog,True,True,0,"rabbit,duck,chicken,goose,horse,zebra,cobra,toucan,bald eagle,garden snake,lion,tiger,elephant,cougar,mountain lion,parrot,gorilla,chimpanzee,goat,sheep,ostrich,emu,turkey,toad,frog,bullfrog,monkey,panda,grizzly bear,robin,bluebird,cat",-2.8904
01KEZ006E5XYY18GXM0GT51TBV,34,ngram-2,animals,owl,cat,False,True,0,"rabbit,duck,chicken,goose,horse,zebra,cobra,toucan,bald eagle,garden snake,lion,tiger,elephant,cougar,mountain lion,parrot,gorilla,chimpanzee,goat,sheep,ostrich,emu,turkey,toad,frog,bullfrog,monkey,panda,grizzly bear,robin,bluebird,cat,dog",-2.3542
01KEZ006E5XYY18GXM0GT51TBV,35,ngram-2,animals,goldfish,bat,False,True,0,"rabbit,duck,chicken,goose,horse,zebra,cobra,toucan,bald eagle,garden snake,lion,tiger,elephant,cougar,mountain lion,parrot,gorilla,chimpanzee,goat,sheep,ostrich,emu,turkey,toad,frog,bullfrog,monkey,panda,grizzly bear,robin,bluebird,cat,dog,owl",-5.0434
01KEZ006E5XYY18GXM0GT51TBV,36,ngram-2,animals,shark,crab,False,True,0,"rabbit,duck,chicken,goose,horse,zebra,cobra,toucan,bald eagle,garden snake,lion,tiger,elephant,cougar,mountain lion,parrot,gorilla,chimpanzee,goat,sheep,ostrich,emu,turkey,toad,frog,bullfrog,monkey,panda,grizzly bear,robin,bluebird,cat,dog,owl,goldfish",-5.0304
01KEZ006E5XYY18GXM0GT51TBV,37,ngram-2,animals,whale,dolphin,False,True,0,"rabbit,duck,chicken,goose,horse,zebra,cobra,toucan,bald eagle,garden snake,lion,tiger,elephant,cougar,mountain lion,parrot,gorilla,chimpanzee,goat,sheep,ostrich,emu,turkey,toad,frog,bullfrog,monkey,panda,grizzly bear,robin,bluebird,cat,dog,owl,goldfish,shark",-4.3851
01KEZ006E5XYY18GXM0GT51TBV,38,ngram-2,animals,swordfish,dolphin,False,True,0,"rabbit,duck,chicken,goose,horse,zebra,cobra,toucan,bald eagle,garden snake,lion,tiger,elephant,cougar,mountain lion,parrot,gorilla,chimpanzee,goat,sheep,ostrich,emu,turkey,toad,frog,bullfrog,monkey,panda,grizzly bear,robin,bluebird,cat,dog,owl,goldfish,shark,whale",-4.1744
01KEZ006E5XYY18GXM0GT51TBV,39,ngram-2,animals,gibbon,tuna,False,True,0,"rabbit,duck,chicken,goose,horse,zebra,cobra,toucan,bald eagle,garden snake,lion,tiger,elephant,cougar,mountain lion,parrot,gorilla,chimpanzee,goat,sheep,ostrich,emu,turkey,toad,frog,bullfrog,monkey,panda,grizzly bear,robin,bluebird,cat,dog,owl,goldfish,shark,whale,swordfish",-5.0239
01KEZ017JT7003DH049QRNYGNY,2,ngram-2,animals,cat,cat,True,True,0,"dog",-2.3979
01KEZ017JT7003DH049QRNYGNY,3,ngram-2,animals,elephant,dog,False,True,0,"dog,cat",-2.8554
01KEZ017JT7003DH049QRNYGNY,4,ngram-2,animals,lemur,tiger,False,True,0,"dog,cat,elephant",-3.9120
01KEZ017JT7003DH049QRNYGNY,5,ngram-2,animals,lion,albatross,False,True,0,"dog,cat,elephant,lemur",-5.0562
01KEZ017JT7003DH049QRNYGNY,6,ngram-2,animals,zebra,tiger,False,True,0,"dog,cat,elephant,lemur,lion",-3.1781
01KEZ017JT7003DH049QRNYGNY,7,ngram-2,animals,giraffe,horse,False,True,0,"dog,cat,elephant,lemur,lion,zebra",-4.2017
01KEZ017JT7003DH049QRNYGNY,8,ngram-2,animals,mouse,tiger,False,True,0,"dog,cat,elephant,lemur,lion,zebra,giraffe",-4.4308
01KEZ017JT7003DH049QRNYGNY,9,ngram-2,animals,monkey,rat,False,True,0,"dog,cat,elephant,lemur,lion,zebra,giraffe,mouse",-3.7436
01KEZ017JT7003DH049QRNYGNY,10,ngram-2,animals,crocodile,chimpanzee,False,True,0,"dog,cat,elephant,lemur,lion,zebra,giraffe,mouse,monkey",-4.0372
01KEZ017JT7003DH049QRNYGNY,11,ngram-2,animals,rabbit,alligator,False,True,0,"dog,cat,elephant,lemur,lion,zebra,giraffe,mouse,monkey,crocodile",-4.6821
01KEZ017JT7003DH049QRNYGNY,12,ngram-2,animals,tiger,hare,False,True,0,"dog,cat,elephant,lemur,lion,zebra,giraffe,mouse,monkey,crocodile,rabbit",-4.0372
01KEZ017JT7003DH049QRNYGNY,13,ngram-2,animals,fox,lion,False,True,0,"dog,cat,elephant,lemur,lion,zebra,giraffe,mouse,monkey,crocodile,rabbit,tiger",-3.1527
01KEZ017JT7003DH049QRNYGNY,14,ngram-2,animals,pig,wolf,False,True,0,"dog,cat,elephant,lemur,lion,zebra,giraffe,mouse,monkey,crocodile,rabbit,tiger,fox",-3.8652
01KEZ017JT7003DH049QRNYGNY,15,ngram-2,animals,horse,cow,False,True,0,"dog,cat,elephant,lemur,lion,zebra,giraffe,mouse,monkey,crocodile,rabbit,tiger,fox,pig",-3.7524
01KEZ017JT7003DH049QRNYGNY,16,ngram-2,animals,cow,donkey,False,True,0,"dog,cat,elephant,lemur,lion,zebra,giraffe,mouse,monkey,crocodile,rabbit,tiger,fox,pig,horse",-3.7699
01KEZ017JT7003DH049QRNYGNY,17,ngram-2,animals,chicken,chicken,True,True,0,"dog,cat,elephant,lemur,lion,zebra,giraffe,mouse,monkey,crocodile,rabbit,tiger,fox,pig,horse,cow",-3.7670
01KEZ017JT7003DH049QRNYGNY,18,ngram-2,animals,donkey,horse,False,True,0,"dog,cat,elephant,lemur,lion,zebra,giraffe,mouse,monkey,crocodile,rabbit,tiger,fox,pig,horse,cow,chicken",-4.2047
01KEZ017JT7003DH049QRNYGNY,19,ngram-2,animals,fish,horse,False,True,0,"dog,cat,elephant,lemur,lion,zebra,giraffe,mouse,monkey,crocodile,rabbit,tiger,fox,pig,horse,cow,chicken,donkey",-4.4037
01KEZ017JT7003DH049QRNYGNY,20,ngram-2,animals,goat,shark,False,True,0,"dog,cat,elephant,lemur,lion,zebra,giraffe,mouse,monkey,crocodile,rabbit,tiger,fox,pig,horse,cow,chicken,donkey,fish",-4.2047
01KEZ017JT7003DH049QRNYGNY,21,ngram-2,animals,sheep,sheep,True,True,0,"dog,cat,elephant,lemur,lion,zebra,giraffe,mouse,monkey,crocodile,rabbit,tiger,fox,pig,horse,cow,chicken,donkey,fish,goat",-4.1957
01KEZ017JT7003DH049QRNYGNY,22,ngram-2,animals,parrot,cow,False,True,0,"dog,cat,elephant,lemur,lion,zebra,giraffe,mouse,monkey,crocodile,rabbit,tiger,fox,pig,horse,cow,chicken,donkey,fish,goat,sheep",-3.7347
01KEZ017JT7003DH049QRNYGNY,23,ngram-2,animals,gorilla,budgie,False,True,0,"dog,cat,elephant,lemur,lion,zebra,giraffe,mouse,monkey,crocodile,rabbit,tiger,fox,pig,horse,cow,chicken,donkey,fish,goat,sheep,parrot",-4.6666
01KEZ017JT7003DH049QRNYGNY,24,ngram-2,animals,leopard,chimpanzee,False,True,0,"dog,cat,elephant,lemur,lion,zebra,giraffe,mouse,monkey,crocodile,rabbit,tiger,fox,pig,horse,cow,chicken,donkey,fish,goat,sheep,parrot,gorilla",-4.1866
01KEZ017JT7003DH049QRNYGNY,25,ngram-2,animals,deer,antelope,False,True,0,"dog,cat,elephant,lemur,lion,zebra,giraffe,mouse,monkey,crocodile,rabbit,tiger,fox,pig,horse,cow,chicken,donkey,fish,goat,sheep,parrot,gorilla,leopard",-4.7005
01KEZ017JT7003DH049QRNYGNY,26,ngram-2,animals,alligator,moose,False,True,0,"dog,cat,elephant,lemur,lion,zebra,giraffe,mouse,monkey,crocodile,rabbit,tiger,fox,pig,horse,cow,chicken,donkey,fish,goat,sheep,parrot,gorilla,leopard,deer",-4.4158
01KEZ017JT7003DH049QRNYGNY,27,ngram-2,animals,baboon,crocodile,False,True,0,"dog,cat,elephant,lemur,lion,zebra,giraffe,mouse,monkey,crocodile,rabbit,tiger,fox,pig,horse,cow,chicken,donkey,fish,goat,sheep,parrot,gorilla,leopard,deer,alligator",-3.5711
01KEZ017JT7003DH049QRNYGNY,28,ngram-2,animals,ant,chimpanzee,False,True,0,"dog,cat,elephant,lemur,lion,zebra,giraffe,mouse,monkey,crocodile,rabbit,tiger,fox,pig,horse,cow,chicken,donkey,fish,goat,sheep,parrot,gorilla,leopard,deer,alligator,baboon",-5.0531
01KEZ017JT7003DH049QRNYGNY,29,ngram-2,animals,bee,bee,True,True,0,"dog,cat,elephant,lemur,lion,zebra,giraffe,mouse,monkey,crocodile,rabbit,tiger,fox,pig,horse,cow,chicken,donkey,fish,goat,sheep,parrot,gorilla,leopard,deer,alligator,baboon,ant",-4.4128
01KEZ017JT7003DH049QRNYGNY,30,ngram-2,animals,buffalo,wasp,False,True,0,"dog,cat,elephant,lemur,lion,zebra,giraffe,mouse,monkey,crocodile,rabbit,tiger,fox,pig,horse,cow,chicken,donkey,fish,goat,sheep,parrot,gorilla,leopard,deer,alligator,baboon,ant,bee",-4.6666
01KEZ017JT7003DH049QRNYGNY,31,ngram-2,animals,chipmunk,cow,False,True,0,"dog,cat,elephant,lemur,lion,zebra,giraffe,mouse,monkey,crocodile,rabbit,tiger,fox,pig,horse,cow,chicken,donkey,fish,goat,sheep,parrot,gorilla,leopard,deer,alligator,baboon,ant,bee,buffalo",-5.0434
01KEZ07KK8BNXYYZ2681AX7QJF,2,ngram-2,animals,cat,sheep,False,True,0,"goat",-4.0073
01KEZ07KK8BNXYYZ2681AX7QJF,3,ngram-2,animals,sheep,dog,False,True,0,"goat,cat",-2.8499
01KEZ07KK8BNXYYZ2681AX7QJF,4,ngram-2,animals,ram,cow,False,True,0,"goat,cat,sheep",-3.7287
01KEZ07KK8BNXYYZ2681AX7QJF,5,ngram-2,animals,lion,aardvark,False,True,0,"goat,cat,sheep,ram",-5.7236
01KEZ07KK8BNXYYZ2681AX7QJF,6,ngram-2,animals,tiger,tiger,True,True,0,"goat,cat,sheep,ram,lion",-3.2415
01KEZ07KK8BNXYYZ2681AX7QJF,7,ngram-2,animals,panther,lion,False,True,0,"goat,cat,sheep,ram,lion,tiger",-3.1470
01KEZ07KK8BNXYYZ2681AX7QJF,8,ngram-2,animals,cheetah,tiger,False,True,0,"goat,cat,sheep,ram,lion,tiger,panther",-4.6444
01KEZ07KK8BNXYYZ2681AX7QJF,9,ngram-2,animals,fox,jaguar,False,True,0,"goat,cat,sheep,ram,lion,tiger,panther,cheetah",-4.1836
01KEZ07KK8BNXYYZ2681AX7QJF,10,ngram-2,animals,wolf,wolf,True,True,0,"goat,cat,sheep,ram,lion,tiger,panther,cheetah,fox",-4.0134
01KEZ07KK8BNXYYZ2681AX7QJF,11,ngram-2,animals,ant,fox,False,True,0,"goat,cat,sheep,ram,lion,tiger,panther,cheetah,fox,wolf",-4.3944
01KEZ07KK8BNXYYZ2681AX7QJF,12,ngram-2,animals,termite,bee,False,True,0,"goat,cat,sheep,ram,lion,tiger,panther,cheetah,fox,wolf,ant",-4.1836
01KEZ07KK8BNXYYZ2681AX7QJF,13,ngram-2,animals,bee,aardvark,False,True,0,"goat,cat,sheep,ram,lion,tiger,panther,cheetah,fox,wolf,ant,termite",-5.7236
01KEZ07KK8BNXYYZ2681AX7QJF,14,ngram-2,animals,grasshopper,wasp,False,True,0,"goat,cat,sheep,ram,lion,tiger,panther,cheetah,fox,wolf,ant,termite,bee",-4.6603
01KEZ07KK8BNXYYZ2681AX7QJF,15,ngram-2,animals,mantis,butterfly,False,True,0,"goat,cat,sheep,ram,lion,tiger,panther,cheetah,fox,wolf,ant,termite,bee,grasshopper",-5.0370
01KEZ07KK8BNXYYZ2681AX7QJF,16,ngram-2,animals,woodpecker,aardvark,False,True,0,"goat,cat,sheep,ram,lion,tiger,panther,cheetah,fox,wolf,ant,termite,bee,grasshopper,mantis",-5.7236
01KEZ07KK8BNXYYZ2681AX7QJF,17,ngram-2,animals,dove,parrot,False,True,0,"goat,cat,sheep,ram,lion,tiger,panther,cheetah,fox,wolf,ant,termite,bee,grasshopper,mantis,woodpecker",-5.0337
01KEZ07KK8BNXYYZ2681AX7QJF,18,ngram-2,animals,falcon,rooster,False,True,0,"goat,cat,sheep,ram,lion,tiger,panther,cheetah,fox,wolf,ant,termite,bee,grasshopper,mantis,woodpecker,dove",-5.0337
01KEZ07KK8BNXYYZ2681AX7QJF,19,ngram-2,animals,eagle,crab,False,True,0,"goat,cat,sheep,ram,lion,tiger,panther,cheetah,fox,wolf,ant,termite,bee,grasshopper,mantis,woodpecker,dove,falcon",-5.0466
01KEZ07KK8BNXYYZ2681AX7QJF,20,ngram-2,animals,vulture,robin,False,True,0,"goat,cat,sheep,ram,lion,tiger,panther,cheetah,fox,wolf,ant,termite,bee,grasshopper,mantis,woodpecker,dove,falcon,eagle",-4.3975
01KEZ07KK8BNXYYZ2681AX7QJF,21,ngram-2,animals,viper,goat,False,True,0,"goat,cat,sheep,ram,lion,tiger,panther,cheetah,fox,wolf,ant,termite,bee,grasshopper,mantis,woodpecker,dove,falcon,eagle,vulture",-5.0402
01KEZ07KK8BNXYYZ2681AX7QJF,22,ngram-2,animals,python,boaconstrictor,False,True,0,"goat,cat,sheep,ram,lion,tiger,panther,cheetah,fox,wolf,ant,termite,bee,grasshopper,mantis,woodpecker,dove,falcon,eagle,vulture,viper",-5.0337
01KEZ07KK8BNXYYZ2681AX7QJF,23,ngram-2,animals,turtle,porcupine,False,True,0,"goat,cat,sheep,ram,lion,tiger,panther,cheetah,fox,wolf,ant,termite,bee,grasshopper,mantis,woodpecker,dove,falcon,eagle,vulture,viper,python",-5.0337
01KEZ07KK8BNXYYZ2681AX7QJF,24,ngram-2,animals,butterfly,tortoise,False,True,0,"goat,cat,sheep,ram,lion,tiger,panther,cheetah,fox,wolf,ant,termite,bee,grasshopper,mantis,woodpecker,dove,falcon,eagle,vulture,viper,python,turtle",-4.3726
01KEZ07KK8BNXYYZ2681AX7QJF,25,ngram-2,animals,cow,moth,False,True,0,"goat,cat,sheep,ram,lion,tiger,panther,cheetah,fox,wolf,ant,termite,bee,grasshopper,mantis,woodpecker,dove,falcon,eagle,vulture,viper,python,turtle,butterfly",-4.6571
01KEZ08DFN3ANC5C20S9WFV8KN,2,ngram-2,animals,dog,dog,True,True,0,"cat",-2.9042
01KEZ08DFN3ANC5C20S9WFV8KN,3,ngram-2,animals,tiger,cat,False,True,0,"cat,dog",-2.3680
01KEZ08DFN3ANC5C20S9WFV8KN,4,ngram-2,animals,lion,lion,True,True,0,"cat,dog,tiger",-3.2217
01KEZ08DFN3ANC5C20S9WFV8KN,5,ngram-2,animals,elephant,tiger,False,True,0,"cat,dog,tiger,lion",-3.1781
01KEZ08DFN3ANC5C20S9WFV8KN,6,ngram-2,animals,zebra,tiger,False,True,0,"cat,dog,tiger,lion,elephant",-3.9120
01KEZ08DFN3ANC5C20S9WFV8KN,7,ngram-2,animals,monkey,horse,False,True,0,"cat,dog,tiger,lion,elephant,zebra",-4.2017
01KEZ08DFN3ANC5C20S9WFV8KN,8,ngram-2,animals,bear,chimpanzee,False,True,0,"cat,dog,tiger,lion,elephant,zebra,monkey",-4.0372
01KEZ08DFN3ANC5C20S9WFV8KN,9,ngram-2,animals,wolf,lion,False,True,0,"cat,dog,tiger,lion,elephant,zebra,monkey,bear",-4.4368
01KEZ08DFN3ANC5C20S9WFV8KN,10,ngram-2,animals,fox,coyote,False,True,0,"cat,dog,tiger,lion,elephant,zebra,monkey,bear,wolf",-4.6883
01KEZ08DFN3ANC5C20S9WFV8KN,11,ngram-2,animals,giraffe,wolf,False,True,0,"cat,dog,tiger,lion,elephant,zebra,monkey,bear,wolf,fox",-3.8652
01KEZ08DFN3ANC5C20S9WFV8KN,12,ngram-2,animals,horse,tiger,False,True,0,"cat,dog,tiger,lion,elephant,zebra,monkey,bear,wolf,fox,giraffe",-4.4308
01KEZ08DFN3ANC5C20S9WFV8KN,13,ngram-2,animals,pig,cow,False,True,0,"cat,dog,tiger,lion,elephant,zebra,monkey,bear,wolf,fox,giraffe,horse",-3.7699
01KEZ08DFN3ANC5C20S9WFV8KN,14,ngram-2,animals,cow,cow,True,True,0,"cat,dog,tiger,lion,elephant,zebra,monkey,bear,wolf,fox,giraffe,horse,pig",-3.8860
01KEZ08DFN3ANC5C20S9WFV8KN,15,ngram-2,animals,sheep,chicken,False,True,0,"cat,dog,tiger,lion,elephant,zebra,monkey,bear,wolf,fox,giraffe,horse,pig,cow",-3.6492
01KEZ08DFN3ANC5C20S9WFV8KN,16,ngram-2,animals,raccoon,cow,False,True,0,"cat,dog,tiger,lion,elephant,zebra,monkey,bear,wolf,fox,giraffe,horse,pig,cow,sheep",-3.7347
01KEZ08DFN3ANC5C20S9WFV8KN,17,ngram-2,animals,reindeer,deer,False,True,0,"cat,dog,tiger,lion,elephant,zebra,monkey,bear,wolf,fox,giraffe,horse,pig,cow,sheep,raccoon",-4.6634
01KEZ08DFN3ANC5C20S9WFV8KN,18,ngram-2,animals,moose,bison,False,True,0,"cat,dog,tiger,lion,elephant,zebra,monkey,bear,wolf,fox,giraffe,horse,pig,cow,sheep,raccoon,reindeer",-5.0499
01KEZ08DFN3ANC5C20S9WFV8KN,19,ngram-2,animals,hyena,elk,False,True,0,"cat,dog,tiger,lion,elephant,zebra,monkey,bear,wolf,fox,giraffe,horse,pig,cow,sheep,raccoon,reindeer,moose",-4.3789
01KEZ08DFN3ANC5C20S9WFV8KN,20,ngram-2,animals,bat,badger,False,True,0,"cat,dog,tiger,lion,elephant,zebra,monkey,bear,wolf,fox,giraffe,horse,pig,cow,sheep,raccoon,reindeer,moose,hyena",-5.0594
01KEZ08DFN3ANC5C20S9WFV8KN,21,ngram-2,animals,gorilla,rabbit,False,True,0,"cat,dog,tiger,lion,elephant,zebra,monkey,bear,wolf,fox,giraffe,horse,pig,cow,sheep,raccoon,reindeer,moose,hyena,bat",-4.6697
01KEZ08DFN3ANC5C20S9WFV8KN,22,ngram-2,animals,leopard,chimpanzee,False,True,0,"cat,dog,tiger,lion,elephant,zebra,monkey,bear,wolf,fox,giraffe,horse,pig,cow,sheep,raccoon,reindeer,moose,hyena,bat,gorilla",-4.1866
01KEZ08DFN3ANC5C20S9WFV8KN,23,ngram-2,animals,lynx,antelope,False,True,0,"cat,dog,tiger,lion,elephant,zebra,monkey,bear,wolf,fox,giraffe,horse,pig,cow,sheep,raccoon,reindeer,moose,hyena,bat,gorilla,leopard",-4.7005
01KEZ08DFN3ANC5C20S9WFV8KN,24,ngram-2,animals,antelope,capybara,False,True,0,"cat,dog,tiger,lion,elephant,zebra,monkey,bear,wolf,fox,giraffe,horse,pig,cow,sheep,raccoon,reindeer,moose,hyena,bat,gorilla,leopard,lynx",-5.0434
01KEZ08DFN3ANC5C20S9WFV8KN,25,ngram-2,animals,yak,alligator,False,True,0,"cat,dog,tiger,lion,elephant,zebra,monkey,bear,wolf,fox,giraffe,horse,pig,cow,sheep,raccoon,reindeer,moose,hyena,bat,gorilla,leopard,lynx,antelope",-5.0562
01KEZ08DFN3ANC5C20S9WFV8KN,26,ngram-2,animals,llama,aardvark,False,True,0,"cat,dog,tiger,lion,elephant,zebra,monkey,bear,wolf,fox,giraffe,horse,pig,cow,sheep,raccoon,reindeer,moose,hyena,bat,gorilla,leopard,lynx,antelope,yak",-5.7301
01KEZ08DFN3ANC5C20S9WFV8KN,27,ngram-2,animals,lemur,alpaca,False,True,0,"cat,dog,tiger,lion,elephant,zebra,monkey,bear,wolf,fox,giraffe,horse,pig,cow,sheep,raccoon,reindeer,moose,hyena,bat,gorilla,leopard,lynx,antelope,yak,llama",-4.1620
01KEZ08DFN3ANC5C20S9WFV8KN,28,ngram-2,animals,beaver,albatross,False,True,0,"cat,dog,tiger,lion,elephant,zebra,monkey,bear,wolf,fox,giraffe,horse,pig,cow,sheep,raccoon,reindeer,moose,hyena,bat,gorilla,leopard,lynx,antelope,yak,llama,lemur",-5.0562
01KEZ08DFN3ANC5C20S9WFV8KN,29,ngram-2,animals,goat,dolphin,False,True,0,"cat,dog,tiger,lion,elephant,zebra,monkey,bear,wolf,fox,giraffe,horse,pig,cow,sheep,raccoon,reindeer,moose,hyena,bat,gorilla,leopard,lynx,antelope,yak,llama,lemur,beaver",-5.0531
01KEZ08DFN3ANC5C20S9WFV8KN,30,ngram-2,animals,rat,sheep,False,True,0,"cat,dog,tiger,lion,elephant,zebra,monkey,bear,wolf,fox,giraffe,horse,pig,cow,sheep,raccoon,reindeer,moose,hyena,bat,gorilla,leopard,lynx,antelope,yak,llama,lemur,beaver,goat",-4.0134
01KEZ08DFN3ANC5C20S9WFV8KN,31,ngram-2,animals,mouse,mouse,True,True,0,"cat,dog,tiger,lion,elephant,zebra,monkey,bear,wolf,fox,giraffe,horse,pig,cow,sheep,raccoon,reindeer,moose,hyena,bat,gorilla,leopard,lynx,antelope,yak,llama,lemur,beaver,goat,rat",-3.1840
01KEZ09TK1RS1R4ANT0Z24JD7R,2,ngram-2,animals,dog,dog,True,True,0,"cat",-2.9042
01KEZ09TK1RS1R4ANT0Z24JD7R,3,ngram-2,animals,fox,cat,False,True,0,"cat,dog",-2.3680
01KEZ09TK1RS1R4ANT0Z24JD7R,4,ngram-2,animals,wolf,wolf,True,True,0,"cat,dog,fox",-4.0194
01KEZ09TK1RS1R4ANT0Z24JD7R,5,ngram-2,animals,chicken,fox,False,True,0,"cat,dog,fox,wolf",-4.4006
01KEZ09TK1RS1R4ANT0Z24JD7R,6,ngram-2,animals,panda,horse,False,True,0,"cat,dog,fox,wolf,chicken",-4.2047
01KEZ09TK1RS1R4ANT0Z24JD7R,7,ngram-2,animals,bear,bear,True,True,0,"cat,dog,fox,wolf,chicken,panda",-4.6944
01KEZ09TK1RS1R4ANT0Z24JD7R,8,ngram-2,animals,polarbear,lion,False,True,0,"cat,dog,fox,wolf,chicken,panda,bear",-4.4368
01KEZ09TK1RS1R4ANT0Z24JD7R,9,ngram-2,animals,tiger,grizzlybear,False,True,0,"cat,dog,fox,wolf,chicken,panda,bear,polar bear",-4.6728
01KEZ09TK1RS1R4ANT0Z24JD7R,10,ngram-2,animals,lion,lion,True,True,0,"cat,dog,fox,wolf,chicken,panda,bear,polar bear,tiger",-3.2217
01KEZ09TK1RS1R4ANT0Z24JD7R,11,ngram-2,animals,flamingo,tiger,False,True,0,"cat,dog,fox,wolf,chicken,panda,bear,polar bear,tiger,lion",-3.1781
01KEZ09TK1RS1R4ANT0Z24JD7R,12,ngram-2,animals,eagle,ape,False,True,0,"cat,dog,fox,wolf,chicken,panda,bear,polar bear,tiger,lion,flamingo",-5.0594
01KEZ09TK1RS1R4ANT0Z24JD7R,13,ngram-2,animals,meerkat,robin,False,True,0,"cat,dog,fox,wolf,chicken,panda,bear,polar bear,tiger,lion,flamingo,eagle",-4.4037
01KEZ09TK1RS1R4ANT0Z24JD7R,14,ngram-2,animals,hyena,panda,False,True,0,"cat,dog,fox,wolf,chicken,panda,bear,polar bear,tiger,lion,flamingo,eagle,meerkat",-4.6476
01KEZ09TK1RS1R4ANT0Z24JD7R,15,ngram-2,animals,leopard,badger,False,True,0,"cat,dog,fox,wolf,chicken,panda,bear,polar bear,tiger,lion,flamingo,eagle,meerkat,hyena",-5.0594
01KEZ09TK1RS1R4ANT0Z24JD7R,16,ngram-2,animals,cheetah,antelope,False,True,0,"cat,dog,fox,wolf,chicken,panda,bear,polar bear,tiger,lion,flamingo,eagle,meerkat,hyena,leopard",-4.7005
01KEZ09TK1RS1R4ANT0Z24JD7R,17,ngram-2,animals,walrus,jaguar,False,True,0,"cat,dog,fox,wolf,chicken,panda,bear,polar bear,tiger,lion,flamingo,eagle,meerkat,hyena,leopard,cheetah",-4.1897
01KEZ09TK1RS1R4ANT0Z24JD7R,18,ngram-2,animals,seal,aardvark,False,True,0,"cat,dog,fox,wolf,chicken,panda,bear,polar bear,tiger,lion,flamingo,eagle,meerkat,hyena,leopard,cheetah,walrus",-5.0499
01KEZ09TK1RS1R4ANT0Z24JD7R,19,ngram-2,animals,hippopotamus,cow,False,True,0,"cat,dog,fox,wolf,chicken,panda,bear,polar bear,tiger,lion,flamingo,eagle,meerkat,hyena,leopard,cheetah,walrus,seal",-5.0562
01KEZ09TK1RS1R4ANT0Z24JD7R,20,ngram-2,animals,lizard,dolphin,False,True,0,"cat,dog,fox,wolf,chicken,panda,bear,polar bear,tiger,lion,flamingo,eagle,meerkat,hyena,leopard,cheetah,walrus,seal,hippopotamus",-4.6697
01KEZ09TK1RS1R4ANT0Z24JD7R,21,ngram-2,animals,iguana,gecko,False,True,0,"cat,dog,fox,wolf,chicken,panda,bear,polar bear,tiger,lion,flamingo,eagle,meerkat,hyena,leopard,cheetah,walrus,seal,hippopotamus,lizard",-4.3944
01KEZ09TK1RS1R4ANT0Z24JD7R,22,ngram-2,animals,chameleon,goose,False,True,0,"cat,dog,fox,wolf,chicken,panda,bear,polar bear,tiger,lion,flamingo,eagle,meerkat,hyena,leopard,cheetah,walrus,seal,hippopotamus,lizard,iguana",-5.0434
01KEZ09TK1RS1R4ANT0Z24JD7R,23,ngram-2,animals,sloth,komododragon,False,True,0,"cat,dog,fox,wolf,chicken,panda,bear,polar bear,tiger,lion,flamingo,eagle,meerkat,hyena,leopard,cheetah,walrus,seal,hippopotamus,lizard,iguana,chameleon",-5.0434
01KEZ09TK1RS1R4ANT0Z24JD7R,24,ngram-2,animals,bat,armadillo,False,True,0,"cat,dog,fox,wolf,chicken,panda,bear,polar bear,tiger,lion,flamingo,eagle,meerkat,hyena,leopard,cheetah,walrus,seal,hippopotamus,lizard,iguana,chameleon,sloth",-5.0594
01KEZ09TK1RS1R4ANT0Z24JD7R,25,ngram-2,animals,alligator,rabbit,False,True,0,"cat,dog,fox,wolf,chicken,panda,bear,polar bear,tiger,lion,flamingo,eagle,meerkat,hyena,leopard,cheetah,walrus,seal,hippopotamus,lizard,iguana,chameleon,sloth,bat",-4.6697
01KEZ09TK1RS1R4ANT0Z24JD7R,26,ngram-2,animals,crocodile,crocodile,True,True,0,"cat,dog,fox,wolf,chicken,panda,bear,polar bear,tiger,lion,flamingo,eagle,meerkat,hyena,leopard,cheetah,walrus,seal,hippopotamus,lizard,iguana,chameleon,sloth,bat,alligator",-3.6889
01KEZ09TK1RS1R4ANT0Z24JD7R,27,ngram-2,animals,deer,alligator,False,True,0,"cat,dog,fox,wolf,chicken,panda,bear,polar bear,tiger,lion,flamingo,eagle,meerkat,hyena,leopard,cheetah,walrus,seal,hippopotamus,lizard,iguana,chameleon,sloth,bat,alligator,crocodile",-4.6821
01KEZ09TK1RS1R4ANT0Z24JD7R,28,ngram-2,animals,anteater,moose,False,True,0,"cat,dog,fox,wolf,chicken,panda,bear,polar bear,tiger,lion,flamingo,eagle,meerkat,hyena,leopard,cheetah,walrus,seal,hippopotamus,lizard,iguana,chameleon,sloth,bat,alligator,crocodile,deer",-4.4158
01KEZ09TK1RS1R4ANT0Z24JD7R,29,ngram-2,animals,monkey,armadillo,False,True,0,"cat,dog,fox,wolf,chicken,panda,bear,polar bear,tiger,lion,flamingo,eagle,meerkat,hyena,leopard,cheetah,walrus,seal,hippopotamus,lizard,iguana,chameleon,sloth,bat,alligator,crocodile,deer,anteater",-4.6540
01KEZ09TK1RS1R4ANT0Z24JD7R,30,ngram-2,animals,ape,chimpanzee,False,True,0,"cat,dog,fox,wolf,chicken,panda,bear,polar bear,tiger,lion,flamingo,eagle,meerkat,hyena,leopard,cheetah,walrus,seal,hippopotamus,lizard,iguana,chameleon,sloth,bat,alligator,crocodile,deer,anteater,monkey",-4.0372
01KEZ09TK1RS1R4ANT0Z24JD7R,31,ngram-2,animals,chimpanzee,gorilla,False,True,0,"cat,dog,fox,wolf,chicken,panda,bear,polar bear,tiger,lion,flamingo,eagle,meerkat,hyena,leopard,cheetah,walrus,seal,hippopotamus,lizard,iguana,chameleon,sloth,bat,alligator,crocodile,deer,anteater,monkey,ape",-4.1495
01KEZ09TK1RS1R4ANT0Z24JD7R,32,ngram-2,animals,gorilla,gorilla,True,True,0,"cat,dog,fox,wolf,chicken,panda,bear,polar bear,tiger,lion,flamingo,eagle,meerkat,hyena,leopard,cheetah,walrus,seal,hippopotamus,lizard,iguana,chameleon,sloth,bat,alligator,crocodile,deer,anteater,monkey,ape,chimpanzee",-4.6697
01KEZ0DW3QXKNN51B8FGFM08KC,2,ngram-2,animals,cat,cat,True,True,0,"dog",-2.3979
01KEZ0DW3QXKNN51B8FGFM08KC,3,ngram-2,animals,fish,dog,False,True,0,"dog,cat",-2.8554
01KEZ0DW3QXKNN51B8FGFM08KC,4,ngram-2,animals,bird,shark,False,True,0,"dog,cat,fish",-4.2047
01KEZ0DW3QXKNN51B8FGFM08KC,5,ngram-2,animals,lion,eagle,False,True,0,"dog,cat,fish,bird",-4.4128
01KEZ0DW3QXKNN51B8FGFM08KC,6,ngram-2,animals,tiger,tiger,True,True,0,"dog,cat,fish,bird,lion",-3.2470
01KEZ0DW3QXKNN51B8FGFM08KC,7,ngram-2,animals,elephant,lion,False,True,0,"dog,cat,fish,bird,lion,tiger",-3.1527
01KEZ0DW3QXKNN51B8FGFM08KC,8,ngram-2,animals,zebra,tiger,False,True,0,"dog,cat,fish,bird,lion,tiger,elephant",-3.9120
01KEZ0DW3QXKNN51B8FGFM08KC,9,ngram-2,animals,deer,horse,False,True,0,"dog,cat,fish,bird,lion,tiger,elephant,zebra",-4.2017
01KEZ0DW3QXKNN51B8FGFM08KC,10,ngram-2,animals,monkey,moose,False,True,0,"dog,cat,fish,bird,lion,tiger,elephant,zebra,deer",-4.4158
01KEZ0DW3QXKNN51B8FGFM08KC,11,ngram-2,animals,giraffe,chimpanzee,False,True,0,"dog,cat,fish,bird,lion,tiger,elephant,zebra,deer,monkey",-4.0372
01KEZ0DW3QXKNN51B8FGFM08KC,12,ngram-2,animals,panda,tiger,False,True,0,"dog,cat,fish,bird,lion,tiger,elephant,zebra,deer,monkey,giraffe",-4.4308
01KEZ0DW3QXKNN51B8FGFM08KC,13,ngram-2,animals,gorilla,bear,False,True,0,"dog,cat,fish,bird,lion,tiger,elephant,zebra,deer,monkey,giraffe,panda",-4.4067
01KEZ0DW3QXKNN51B8FGFM08KC,14,ngram-2,animals,dolphin,chimpanzee,False,True,0,"dog,cat,fish,bird,lion,tiger,elephant,zebra,deer,monkey,giraffe,panda,gorilla",-4.1866
01KEZ0DW3QXKNN51B8FGFM08KC,15,ngram-2,animals,shark,whale,False,True,0,"dog,cat,fish,bird,lion,tiger,elephant,zebra,deer,monkey,giraffe,panda,gorilla,dolphin",-4.1987
01KEZ0DW3QXKNN51B8FGFM08KC,16,ngram-2,animals,whale,dolphin,False,True,0,"dog,cat,fish,bird,lion,tiger,elephant,zebra,deer,monkey,giraffe,panda,gorilla,dolphin,shark",-4.4006
01KEZ0DW3QXKNN51B8FGFM08KC,17,ngram-2,animals,penguin,dolphin,False,True,0,"dog,cat,fish,bird,lion,tiger,elephant,zebra,deer,monkey,giraffe,panda,gorilla,dolphin,shark,whale",-4.1897
01KEZ0DW3QXKNN51B8FGFM08KC,18,ngram-2,animals,octopus,horse,False,True,0,"dog,cat,fish,bird,lion,tiger,elephant,zebra,deer,monkey,giraffe,panda,gorilla,dolphin,shark,whale,penguin",-4.6883
01KEZ0DW3QXKNN51B8FGFM08KC,19,ngram-2,animals,snake,cuttlefish,False,True,0,"dog,cat,fish,bird,lion,tiger,elephant,zebra,deer,monkey,giraffe,panda,gorilla,dolphin,shark,whale,penguin,octopus",-5.0626
01KEZ0DW3QXKNN51B8FGFM08KC,20,ngram-2,animals,lizard,lizard,True,True,0,"dog,cat,fish,bird,lion,tiger,elephant,zebra,deer,monkey,giraffe,panda,gorilla,dolphin,shark,whale,penguin,octopus,snake",-4.2047
01KEZ0DW3QXKNN51B8FGFM08KC,21,ngram-2,animals,crocodile,gecko,False,True,0,"dog,cat,fish,bird,lion,tiger,elephant,zebra,deer,monkey,giraffe,panda,gorilla,dolphin,shark,whale,penguin,octopus,snake,lizard",-4.3944
01KEZ0DW3QXKNN51B8FGFM08KC,22,ngram-2,animals,alligator,penguin,False,True,0,"dog,cat,fish,bird,lion,tiger,elephant,zebra,deer,monkey,giraffe,panda,gorilla,dolphin,shark,whale,penguin,octopus,snake,lizard,crocodile",-4.6821
01KEZ0DW3QXKNN51B8FGFM08KC,23,ngram-2,animals,frog,crocodile,False,True,0,"dog,cat,fish,bird,lion,tiger,elephant,zebra,deer,monkey,giraffe,panda,gorilla,dolphin,shark,whale,penguin,octopus,snake,lizard,crocodile,alligator",-3.5711
01KEZ0DW3QXKNN51B8FGFM08KC,24,ngram-2,animals,turtle,newt,False,True,0,"dog,cat,fish,bird,lion,tiger,elephant,zebra,deer,monkey,giraffe,panda,gorilla,dolphin,shark,whale,penguin,octopus,snake,lizard,crocodile,alligator,frog",-4.6790
01KEZ0DW3QXKNN51B8FGFM08KC,25,ngram-2,animals,tortoise,tortoise,True,True,0,"dog,cat,fish,bird,lion,tiger,elephant,zebra,deer,monkey,giraffe,panda,gorilla,dolphin,shark,whale,penguin,octopus,snake,lizard,crocodile,alligator,frog,turtle",-4.6666
01KEZ0DW3QXKNN51B8FGFM08KC,26,ngram-2,animals,wolf,turtle,False,True,0,"dog,cat,fish,bird,lion,tiger,elephant,zebra,deer,monkey,giraffe,panda,gorilla,dolphin,shark,whale,penguin,octopus,snake,lizard,crocodile,alligator,frog,turtle,tortoise",-4.6571
01KEZ0DW3QXKNN51B8FGFM08KC,27,ngram-2,animals,horse,fox,False,True,0,"dog,cat,fish,bird,lion,tiger,elephant,zebra,deer,monkey,giraffe,panda,gorilla,dolphin,shark,whale,penguin,octopus,snake,lizard,crocodile,alligator,frog,turtle,tortoise,wolf",-4.4006
01KEZ0DW3QXKNN51B8FGFM08KC,28,ngram-2,animals,bear,cow,False,True,0,"dog,cat,fish,bird,lion,tiger,elephant,zebra,deer,monkey,giraffe,panda,gorilla,dolphin,shark,whale,penguin,octopus,snake,lizard,crocodile,alligator,frog,turtle,tortoise,wolf,horse",-3.7699
01KEZ0DW3QXKNN51B8FGFM08KC,29,ngram-2,animals,fox,lion,False,True,0,"dog,cat,fish,bird,lion,tiger,elephant,zebra,deer,monkey,giraffe,panda,gorilla,dolphin,shark,whale,penguin,octopus,snake,lizard,crocodile,alligator,frog,turtle,tortoise,wolf,horse,bear",-4.4368
01KEZ0DW3QXKNN51B8FGFM08KC,30,ngram-2,animals,rabbit,wolf,False,True,0,"dog,cat,fish,bird,lion,tiger,elephant,zebra,deer,monkey,giraffe,panda,gorilla,dolphin,shark,whale,penguin,octopus,snake,lizard,crocodile,alligator,frog,turtle,tortoise,wolf,horse,bear,fox",-3.8652
01KEZ0DW3QXKNN51B8FGFM08KC,31,ngram-2,animals,pig,hare,False,True,0,"dog,cat,fish,bird,lion,tiger,elephant,zebra,deer,monkey,giraffe,panda,gorilla,dolphin,shark,whale,penguin,octopus,snake,lizard,crocodile,alligator,frog,turtle,tortoise,wolf,horse,bear,fox,rabbit",-4.0372
01KEZ0DW3QXKNN51B8FGFM08KC,32,ngram-2,animals,sheep,cow,False,True,0,"dog,cat,fish,bird,lion,tiger,elephant,zebra,deer,monkey,giraffe,panda,gorilla,dolphin,shark,whale,penguin,octopus,snake,lizard,crocodile,alligator,frog,turtle,tortoise,wolf,horse,bear,fox,rabbit,pig",-3.7524
01KEZ0DW3QXKNN51B8FGFM08KC,33,ngram-2,animals,cow,cow,True,True,0,"dog,cat,fish,bird,lion,tiger,elephant,zebra,deer,monkey,giraffe,panda,gorilla,dolphin,shark,whale,penguin,octopus,snake,lizard,crocodile,alligator,frog,turtle,tortoise,wolf,horse,bear,fox,rabbit,pig,sheep",-3.8682
01KEZ0DW3QXKNN51B8FGFM08KC,34,ngram-2,animals,chicken,chicken,True,True,0,"dog,cat,fish,bird,lion,tiger,elephant,zebra,deer,monkey,giraffe,panda,gorilla,dolphin,shark,whale,penguin,octopus,snake,lizard,crocodile,alligator,frog,turtle,tortoise,wolf,horse,bear,fox,rabbit,pig,sheep,cow",-3.7670
01KEZ0DW3QXKNN51B8FGFM08KC,35,ngram-2,animals,ape,horse,False,True,0,"dog,cat,fish,bird,lion,tiger,elephant,zebra,deer,monkey,giraffe,panda,gorilla,dolphin,shark,whale,penguin,octopus,snake,lizard,crocodile,alligator,frog,turtle,tortoise,wolf,horse,bear,fox,rabbit,pig,sheep,cow,chicken",-4.2047
01KEZ0DW3QXKNN51B8FGFM08KC,36,ngram-2,animals,kangaroo,gorilla,False,True,0,"dog,cat,fish,bird,lion,tiger,elephant,zebra,deer,monkey,giraffe,panda,gorilla,dolphin,shark,whale,penguin,octopus,snake,lizard,crocodile,alligator,frog,turtle,tortoise,wolf,horse,bear,fox,rabbit,pig,sheep,cow,chicken,ape",-4.1495
01KEZ0DW3QXKNN51B8FGFM08KC,37,ngram-2,animals,koala,koala,True,True,0,"dog,cat,fish,bird,lion,tiger,elephant,zebra,deer,monkey,giraffe,panda,gorilla,dolphin,shark,whale,penguin,octopus,snake,lizard,crocodile,alligator,frog,turtle,tortoise,wolf,horse,bear,fox,rabbit,pig,sheep,cow,chicken,ape,kangaroo",-3.9859
01KEZ0DW3QXKNN51B8FGFM08KC,38,ngram-2,animals,spider,panda,False,True,0,"dog,cat,fish,bird,lion,tiger,elephant,zebra,deer,monkey,giraffe,panda,gorilla,dolphin,shark,whale,penguin,octopus,snake,lizard,crocodile,alligator,frog,turtle,tortoise,wolf,horse,bear,fox,rabbit,pig,sheep,cow,chicken,ape,kangaroo,koala",-4.6728
01KEZ0DW3QXKNN51B8FGFM08KC,39,ngram-2,animals,moose,ant,False,True,0,"dog,cat,fish,bird,lion,tiger,elephant,zebra,deer,monkey,giraffe,panda,gorilla,dolphin,shark,whale,penguin,octopus,snake,lizard,crocodile,alligator,frog,turtle,tortoise,wolf,horse,bear,fox,rabbit,pig,sheep,cow,chicken,ape,kangaroo,koala,spider",-5.0845
01KEZ0DW3QXKNN51B8FGFM08KC,40,ngram-2,animals,elk,deer,False,True,0,"dog,cat,fish,bird,lion,tiger,elephant,zebra,deer,monkey,giraffe,panda,gorilla,dolphin,shark,whale,penguin,octopus,snake,lizard,crocodile,alligator,frog,turtle,tortoise,wolf,horse,bear,fox,rabbit,pig,sheep,cow,chicken,ape,kangaroo,koala,spider,moose",-4.6666
01KEZ0DW3QXKNN51B8FGFM08KC,41,ngram-2,animals,bison,reindeer,False,True,0,"dog,cat,fish,bird,lion,tiger,elephant,zebra,deer,monkey,giraffe,panda,gorilla,dolphin,shark,whale,penguin,octopus,snake,lizard,crocodile,alligator,frog,turtle,tortoise,wolf,horse,bear,fox,rabbit,pig,sheep,cow,chicken,ape,kangaroo,koala,spider,moose,elk",-4.6476
01KEZ0DW3QXKNN51B8FGFM08KC,42,ngram-2,animals,donkey,antelope,False,True,0,"dog,cat,fish,bird,lion,tiger,elephant,zebra,deer,monkey,giraffe,panda,gorilla,dolphin,shark,whale,penguin,octopus,snake,lizard,crocodile,alligator,frog,turtle,tortoise,wolf,horse,bear,fox,rabbit,pig,sheep,cow,chicken,ape,kangaroo,koala,spider,moose,elk,bison",-5.0689
01KEZ0SDN5PWYKNW6GNR5D955W,2,ngram-2,animals,guineapig,aardvark,False,True,0,"walrus",-5.0434
01KEZ0SDN5PWYKNW6GNR5D955W,3,ngram-2,animals,pig,mouse,False,True,0,"walrus,guinea pig",-4.3631
01KEZ0SDN5PWYKNW6GNR5D955W,4,ngram-2,animals,dog,cow,False,True,0,"walrus,guinea pig,pig",-3.7466
01KEZ0SDN5PWYKNW6GNR5D955W,5,ngram-2,animals,cat,cat,True,True,0,"walrus,guinea pig,pig,dog",-2.3924
01KEZ0SDN5PWYKNW6GNR5D955W,6,ngram-2,animals,alligator,dog,False,True,0,"walrus,guinea pig,pig,dog,cat",-2.8499
01KEZ0SDN5PWYKNW6GNR5D955W,7,ngram-2,animals,crocodile,crocodile,True,True,0,"walrus,guinea pig,pig,dog,cat,alligator",-3.6826
01KEZ0SDN5PWYKNW6GNR5D955W,8,ngram-2,animals,pigeon,alligator,False,True,0,"walrus,guinea pig,pig,dog,cat,alligator,crocodile",-4.6759
01KEZ0SDN5PWYKNW6GNR5D955W,9,ngram-2,animals,otter,chicken,False,True,0,"walrus,guinea pig,pig,dog,cat,alligator,crocodile,pigeon",-5.0466
01KEZ0SDN5PWYKNW6GNR5D955W,10,ngram-2,animals,dolphin,badger,False,True,0,"walrus,guinea pig,pig,dog,cat,alligator,crocodile,pigeon,otter",-5.0499
01KEZ0SDN5PWYKNW6GNR5D955W,11,ngram-2,animals,whale,shark,False,True,0,"walrus,guinea pig,pig,dog,cat,alligator,crocodile,pigeon,otter,dolphin",-4.4158
01KEZ0SDN5PWYKNW6GNR5D955W,12,ngram-2,animals,shark,dolphin,False,True,0,"walrus,guinea pig,pig,dog,cat,alligator,crocodile,pigeon,otter,dolphin,whale",-4.1836
01KEZ0SDN5PWYKNW6GNR5D955W,13,ngram-2,animals,mammoth,dolphin,False,True,0,"walrus,guinea pig,pig,dog,cat,alligator,crocodile,pigeon,otter,dolphin,whale,shark",-4.3944
01KEZ0SDN5PWYKNW6GNR5D955W,14,ngram-2,animals,zebra,aardvark,False,True,0,"walrus,guinea pig,pig,dog,cat,alligator,crocodile,pigeon,otter,dolphin,whale,shark,mammoth",-5.7236
01KEZ0SDN5PWYKNW6GNR5D955W,15,ngram-2,animals,giraffe,horse,False,True,0,"walrus,guinea pig,pig,dog,cat,alligator,crocodile,pigeon,otter,dolphin,whale,shark,mammoth,zebra",-4.1957
01KEZ0SDN5PWYKNW6GNR5D955W,16,ngram-2,animals,toad,tiger,False,True,0,"walrus,guinea pig,pig,dog,cat,alligator,crocodile,pigeon,otter,dolphin,whale,shark,mammoth,zebra,giraffe",-4.4248
01KEZ0SDN5PWYKNW6GNR5D955W,17,ngram-2,animals,eel,frog,False,True,0,"walrus,guinea pig,pig,dog,cat,alligator,crocodile,pigeon,otter,dolphin,whale,shark,mammoth,zebra,giraffe,toad",-4.6476
01KEZ0SDN5PWYKNW6GNR5D955W,18,ngram-2,animals,hawk,frog,False,True,0,"walrus,guinea pig,pig,dog,cat,alligator,crocodile,pigeon,otter,dolphin,whale,shark,mammoth,zebra,giraffe,toad,eel",-5.0370
01KEZ0SDN5PWYKNW6GNR5D955W,19,ngram-2,animals,duck,eagle,False,True,0,"walrus,guinea pig,pig,dog,cat,alligator,crocodile,pigeon,otter,dolphin,whale,shark,mammoth,zebra,giraffe,toad,eel,hawk",-4.6508
01KEZ0SDN5PWYKNW6GNR5D955W,20,ngram-2,animals,falcon,chicken,False,True,0,"walrus,guinea pig,pig,dog,cat,alligator,crocodile,pigeon,otter,dolphin,whale,shark,mammoth,zebra,giraffe,toad,eel,hawk,duck",-4.3820
01KEZ0SDN5PWYKNW6GNR5D955W,21,ngram-2,animals,peacock,eagle,False,True,0,"walrus,guinea pig,pig,dog,cat,alligator,crocodile,pigeon,otter,dolphin,whale,shark,mammoth,zebra,giraffe,toad,eel,hawk,duck,falcon",-4.6412
01KEZ0SDN5PWYKNW6GNR5D955W,22,ngram-2,animals,ostrich,hawk,False,True,0,"walrus,guinea pig,pig,dog,cat,alligator,crocodile,pigeon,otter,dolphin,whale,shark,mammoth,zebra,giraffe,toad,eel,hawk,duck,falcon,peacock",-4.6476
01KEZ0SDN5PWYKNW6GNR5D955W,23,ngram-2,animals,penguin,emu,False,True,0,"walrus,guinea pig,pig,dog,cat,alligator,crocodile,pigeon,otter,dolphin,whale,shark,mammoth,zebra,giraffe,toad,eel,hawk,duck,falcon,peacock,ostrich",-4.6508
01KEZ0SDN5PWYKNW6GNR5D955W,24,ngram-2,animals,horse,seal,False,True,0,"walrus,guinea pig,pig,dog,cat,alligator,crocodile,pigeon,otter,dolphin,whale,shark,mammoth,zebra,giraffe,toad,eel,hawk,duck,falcon,peacock,ostrich,penguin",-4.6821
01KEZ0SDN5PWYKNW6GNR5D955W,25,ngram-2,animals,sheep,cow,False,True,0,"walrus,guinea pig,pig,dog,cat,alligator,crocodile,pigeon,otter,dolphin,whale,shark,mammoth,zebra,giraffe,toad,eel,hawk,duck,falcon,peacock,ostrich,penguin,horse",-3.7641
01KEZ0SDN5PWYKNW6GNR5D955W,26,ngram-2,animals,cow,cow,True,True,0,"walrus,guinea pig,pig,dog,cat,alligator,crocodile,pigeon,otter,dolphin,whale,shark,mammoth,zebra,giraffe,toad,eel,hawk,duck,falcon,peacock,ostrich,penguin,horse,sheep",-3.8622
01KEZ0SDN5PWYKNW6GNR5D955W,27,ngram-2,animals,pelican,chicken,False,True,0,"walrus,guinea pig,pig,dog,cat,alligator,crocodile,pigeon,otter,dolphin,whale,shark,mammoth,zebra,giraffe,toad,eel,hawk,duck,falcon,peacock,ostrich,penguin,horse,sheep,cow",-3.6434
01KEZ0SDN5PWYKNW6GNR5D955W,28,ngram-2,animals,panda,grouse,False,True,0,"walrus,guinea pig,pig,dog,cat,alligator,crocodile,pigeon,otter,dolphin,whale,shark,mammoth,zebra,giraffe,toad,eel,hawk,duck,falcon,peacock,ostrich,penguin,horse,sheep,cow,pelican",-5.0337
01KEZ0SDN5PWYKNW6GNR5D955W,29,ngram-2,animals,tiger,bear,False,True,0,"walrus,guinea pig,pig,dog,cat,alligator,crocodile,pigeon,otter,dolphin,whale,shark,mammoth,zebra,giraffe,toad,eel,hawk,duck,falcon,peacock,ostrich,penguin,horse,sheep,cow,pelican,panda",-4.4006
01KEZ0SDN5PWYKNW6GNR5D955W,30,ngram-2,animals,lion,lion,True,True,0,"walrus,guinea pig,pig,dog,cat,alligator,crocodile,pigeon,otter,dolphin,whale,shark,mammoth,zebra,giraffe,toad,eel,hawk,duck,falcon,peacock,ostrich,penguin,horse,sheep,cow,pelican,panda,tiger",-3.2160
01KEZ0SDN5PWYKNW6GNR5D955W,31,ngram-2,animals,cheetah,tiger,False,True,0,"walrus,guinea pig,pig,dog,cat,alligator,crocodile,pigeon,otter,dolphin,whale,shark,mammoth,zebra,giraffe,toad,eel,hawk,duck,falcon,peacock,ostrich,penguin,horse,sheep,cow,pelican,panda,tiger,lion",-3.1725
01KEZ0SDN5PWYKNW6GNR5D955W,32,ngram-2,animals,wolf,jaguar,False,True,0,"walrus,guinea pig,pig,dog,cat,alligator,crocodile,pigeon,otter,dolphin,whale,shark,mammoth,zebra,giraffe,toad,eel,hawk,duck,falcon,peacock,ostrich,penguin,horse,sheep,cow,pelican,panda,tiger,lion,cheetah",-4.1836
01KEZ0SDN5PWYKNW6GNR5D955W,33,ngram-2,animals,coyote,fox,False,True,0,"walrus,guinea pig,pig,dog,cat,alligator,crocodile,pigeon,otter,dolphin,whale,shark,mammoth,zebra,giraffe,toad,eel,hawk,duck,falcon,peacock,ostrich,penguin,horse,sheep,cow,pelican,panda,tiger,lion,cheetah,wolf",-4.3944
01KEZ0SDN5PWYKNW6GNR5D955W,34,ngram-2,animals,bison,antelope,False,True,0,"walrus,guinea pig,pig,dog,cat,alligator,crocodile,pigeon,otter,dolphin,whale,shark,mammoth,zebra,giraffe,toad,eel,hawk,duck,falcon,peacock,ostrich,penguin,horse,sheep,cow,pelican,panda,tiger,lion,cheetah,wolf,coyote",-5.0402
01KEZ0SDN5PWYKNW6GNR5D955W,35,ngram-2,animals,leopard,antelope,False,True,0,"walrus,guinea pig,pig,dog,cat,alligator,crocodile,pigeon,otter,dolphin,whale,shark,mammoth,zebra,giraffe,toad,eel,hawk,duck,falcon,peacock,ostrich,penguin,horse,sheep,cow,pelican,panda,tiger,lion,cheetah,wolf,coyote,bison",-5.0626
01KEZ0SDN5PWYKNW6GNR5D955W,36,ngram-2,animals,woodpecker,antelope,False,True,0,"walrus,guinea pig,pig,dog,cat,alligator,crocodile,pigeon,otter,dolphin,whale,shark,mammoth,zebra,giraffe,toad,eel,hawk,duck,falcon,peacock,ostrich,penguin,horse,sheep,cow,pelican,panda,tiger,lion,cheetah,wolf,coyote,bison,leopard",-4.6944
01KEZ0SDN5PWYKNW6GNR5D955W,37,ngram-2,animals,parrot,dove,False,True,0,"walrus,guinea pig,pig,dog,cat,alligator,crocodile,pigeon,otter,dolphin,whale,shark,mammoth,zebra,giraffe,toad,eel,hawk,duck,falcon,peacock,ostrich,penguin,horse,sheep,cow,pelican,panda,tiger,lion,cheetah,wolf,coyote,bison,leopard,woodpecker",-5.0337
01KEZ0SDN5PWYKNW6GNR5D955W,38,ngram-2,animals,python,budgie,False,True,0,"walrus,guinea pig,pig,dog,cat,alligator,crocodile,pigeon,otter,dolphin,whale,shark,mammoth,zebra,giraffe,toad,eel,hawk,duck,falcon,peacock,ostrich,penguin,horse,sheep,cow,pelican,panda,tiger,lion,cheetah,wolf,coyote,bison,leopard,woodpecker,parrot",-4.6603
01KEZ0SDN5PWYKNW6GNR5D955W,39,ngram-2,animals,porcupine,turtle,False,True,0,"walrus,guinea pig,pig,dog,cat,alligator,crocodile,pigeon,otter,dolphin,whale,shark,mammoth,zebra,giraffe,toad,eel,hawk,duck,falcon,peacock,ostrich,penguin,horse,sheep,cow,pelican,panda,tiger,lion,cheetah,wolf,coyote,bison,leopard,woodpecker,parrot,python",-5.0337
01KEZ0SDN5PWYKNW6GNR5D955W,40,ngram-2,animals,ant,dolphin,False,True,0,"walrus,guinea pig,pig,dog,cat,alligator,crocodile,pigeon,otter,dolphin,whale,shark,mammoth,zebra,giraffe,toad,eel,hawk,duck,falcon,peacock,ostrich,penguin,horse,sheep,cow,pelican,panda,tiger,lion,cheetah,wolf,coyote,bison,leopard,woodpecker,parrot,python,porcupine",-5.0499
01KEZ0SDN5PWYKNW6GNR5D955W,41,ngram-2,animals,boar,bee,False,True,0,"walrus,guinea pig,pig,dog,cat,alligator,crocodile,pigeon,otter,dolphin,whale,shark,mammoth,zebra,giraffe,toad,eel,hawk,duck,falcon,peacock,ostrich,penguin,horse,sheep,cow,pelican,panda,tiger,lion,cheetah,wolf,coyote,bison,leopard,woodpecker,parrot,python,porcupine,ant",-4.1836
01KEZ0SDN5PWYKNW6GNR5D955W,42,ngram-2,animals,bat,frog,False,True,0,"walrus,guinea pig,pig,dog,cat,alligator,crocodile,pigeon,otter,dolphin,whale,shark,mammoth,zebra,giraffe,toad,eel,hawk,duck,falcon,peacock,ostrich,penguin,horse,sheep,cow,pelican,panda,tiger,lion,cheetah,wolf,coyote,bison,leopard,woodpecker,parrot,python,porcupine,ant,boar",-5.0402
01KEZ0SDN5PWYKNW6GNR5D955W,43,ngram-2,animals,butterfly,rabbit,False,True,0,"walrus,guinea pig,pig,dog,cat,alligator,crocodile,pigeon,otter,dolphin,whale,shark,mammoth,zebra,giraffe,toad,eel,hawk,duck,falcon,peacock,ostrich,penguin,horse,sheep,cow,pelican,panda,tiger,lion,cheetah,wolf,coyote,bison,leopard,woodpecker,parrot,python,porcupine,ant,boar,bat",-4.6634
01KEZ0SDN5PWYKNW6GNR5D955W,44,ngram-2,animals,ox,moth,False,True,0,"walrus,guinea pig,pig,dog,cat,alligator,crocodile,pigeon,otter,dolphin,whale,shark,mammoth,zebra,giraffe,toad,eel,hawk,duck,falcon,peacock,ostrich,penguin,horse,sheep,cow,pelican,panda,tiger,lion,cheetah,wolf,coyote,bison,leopard,woodpecker,parrot,python,porcupine,ant,boar,bat,butterfly",-4.6571
01KEZ0SDN5PWYKNW6GNR5D955W,45,ngram-2,animals,octopus,frog,False,True,0,"walrus,guinea pig,pig,dog,cat,alligator,crocodile,pigeon,otter,dolphin,whale,shark,mammoth,zebra,giraffe,toad,eel,hawk,duck,falcon,peacock,ostrich,penguin,horse,sheep,cow,pelican,panda,tiger,lion,cheetah,wolf,coyote,bison,leopard,woodpecker,parrot,python,porcupine,ant,boar,bat,butterfly,ox",-5.0337
01KEZ0SDN5PWYKNW6GNR5D955W,46,ngram-2,animals,starfish,cuttlefish,False,True,0,"walrus,guinea pig,pig,dog,cat,alligator,crocodile,pigeon,otter,dolphin,whale,shark,mammoth,zebra,giraffe,toad,eel,hawk,duck,falcon,peacock,ostrich,penguin,horse,sheep,cow,pelican,panda,tiger,lion,cheetah,wolf,coyote,bison,leopard,woodpecker,parrot,python,porcupine,ant,boar,bat,butterfly,ox,octopus",-5.0562
01KEZ0SDN5PWYKNW6GNR5D955W,47,ngram-2,animals,clam,crab,False,True,0,"walrus,guinea pig,pig,dog,cat,alligator,crocodile,pigeon,otter,dolphin,whale,shark,mammoth,zebra,giraffe,toad,eel,hawk,duck,falcon,peacock,ostrich,penguin,horse,sheep,cow,pelican,panda,tiger,lion,cheetah,wolf,coyote,bison,leopard,woodpecker,parrot,python,porcupine,ant,boar,bat,butterfly,ox,octopus,starfish",-5.0466
01KEZ0SDN5PWYKNW6GNR5D955W,48,ngram-2,animals,oyster,mussel,False,True,0,"walrus,guinea pig,pig,dog,cat,alligator,crocodile,pigeon,otter,dolphin,whale,shark,mammoth,zebra,giraffe,toad,eel,hawk,duck,falcon,peacock,ostrich,penguin,horse,sheep,cow,pelican,panda,tiger,lion,cheetah,wolf,coyote,bison,leopard,woodpecker,parrot,python,porcupine,ant,boar,bat,butterfly,ox,octopus,starfish,clam",-5.0337
01KEZ12BH8TNQ12KCEH4D0564Y,2,ngram-2,animals,cat,cat,True,True,0,"dog",-2.3979
01KEZ12BH8TNQ12KCEH4D0564Y,3,ngram-2,animals,rabbit,dog,False,True,0,"dog,cat",-2.8554
01KEZ12BH8TNQ12KCEH4D0564Y,4,ngram-2,animals,zebra,hare,False,True,0,"dog,cat,rabbit",-4.0372
01KEZ12BH8TNQ12KCEH4D0564Y,5,ngram-2,animals,goldfish,horse,False,True,0,"dog,cat,rabbit,zebra",-4.2017
01KEZ12BH8TNQ12KCEH4D0564Y,6,ngram-2,animals,crab,parrot,False,True,0,"dog,cat,rabbit,zebra,goldfish",-5.0466
01KEZ12BH8TNQ12KCEH4D0564Y,7,ngram-2,animals,hamster,lobster,False,True,0,"dog,cat,rabbit,zebra,goldfish,crab",-3.8130
01KEZ12BH8TNQ12KCEH4D0564Y,8,ngram-2,animals,emu,rat,False,True,0,"dog,cat,rabbit,zebra,goldfish,crab,hamster",-4.3883
01KEZ12BH8TNQ12KCEH4D0564Y,9,ngram-2,animals,horse,ostrich,False,True,0,"dog,cat,rabbit,zebra,goldfish,crab,hamster,emu",-4.6476
01KEZ12BH8TNQ12KCEH4D0564Y,10,ngram-2,animals,penguin,cow,False,True,0,"dog,cat,rabbit,zebra,goldfish,crab,hamster,emu,horse",-3.7699
01KEZ12BH8TNQ12KCEH4D0564Y,11,ngram-2,animals,seal,horse,False,True,0,"dog,cat,rabbit,zebra,goldfish,crab,hamster,emu,horse,penguin",-4.6883
01KEZ12BH8TNQ12KCEH4D0564Y,12,ngram-2,animals,cow,hippopotamus,False,True,0,"dog,cat,rabbit,zebra,goldfish,crab,hamster,emu,horse,penguin,seal",-5.0562
01KEZ12BH8TNQ12KCEH4D0564Y,13,ngram-2,animals,pig,chicken,False,True,0,"dog,cat,rabbit,zebra,goldfish,crab,hamster,emu,horse,penguin,seal,cow",-3.6492
01KEZ12BH8TNQ12KCEH4D0564Y,14,ngram-2,animals,donkey,cow,False,True,0,"dog,cat,rabbit,zebra,goldfish,crab,hamster,emu,horse,penguin,seal,cow,pig",-3.7524
01KEZ12BH8TNQ12KCEH4D0564Y,15,ngram-2,animals,llama,horse,False,True,0,"dog,cat,rabbit,zebra,goldfish,crab,hamster,emu,horse,penguin,seal,cow,pig,donkey",-4.4037
01KEZ12BH8TNQ12KCEH4D0564Y,16,ngram-2,animals,fox,alpaca,False,True,0,"dog,cat,rabbit,zebra,goldfish,crab,hamster,emu,horse,penguin,seal,cow,pig,donkey,llama",-4.1620
01KEZ12BH8TNQ12KCEH4D0564Y,17,ngram-2,animals,gerbil,wolf,False,True,0,"dog,cat,rabbit,zebra,goldfish,crab,hamster,emu,horse,penguin,seal,cow,pig,donkey,llama,fox",-3.8652
01KEZ12BH8TNQ12KCEH4D0564Y,18,ngram-2,animals,kangaroo,guineapig,False,True,0,"dog,cat,rabbit,zebra,goldfish,crab,hamster,emu,horse,penguin,seal,cow,pig,donkey,llama,fox,gerbil",-5.0499
01KEZ12BH8TNQ12KCEH4D0564Y,19,ngram-2,animals,panda,koala,False,True,0,"dog,cat,rabbit,zebra,goldfish,crab,hamster,emu,horse,penguin,seal,cow,pig,donkey,llama,fox,gerbil,kangaroo",-3.8317
01KEZ12BH8TNQ12KCEH4D0564Y,20,ngram-2,animals,eel,bear,False,True,0,"dog,cat,rabbit,zebra,goldfish,crab,hamster,emu,horse,penguin,seal,cow,pig,donkey,llama,fox,gerbil,kangaroo,panda",-4.4067
01KEZ12BH8TNQ12KCEH4D0564Y,21,ngram-2,animals,tiger,frog,False,True,0,"dog,cat,rabbit,zebra,goldfish,crab,hamster,emu,horse,penguin,seal,cow,pig,donkey,llama,fox,gerbil,kangaroo,panda,eel",-5.0434
01KEZ12BH8TNQ12KCEH4D0564Y,22,ngram-2,animals,lion,lion,True,True,0,"dog,cat,rabbit,zebra,goldfish,crab,hamster,emu,horse,penguin,seal,cow,pig,donkey,llama,fox,gerbil,kangaroo,panda,eel,tiger",-3.2217
01KEZ12BH8TNQ12KCEH4D0564Y,23,ngram-2,animals,raccoon,tiger,False,True,0,"dog,cat,rabbit,zebra,goldfish,crab,hamster,emu,horse,penguin,seal,cow,pig,donkey,llama,fox,gerbil,kangaroo,panda,eel,tiger,lion",-3.1781
01KEZ12BH8TNQ12KCEH4D0564Y,24,ngram-2,animals,polarbear,deer,False,True,0,"dog,cat,rabbit,zebra,goldfish,crab,hamster,emu,horse,penguin,seal,cow,pig,donkey,llama,fox,gerbil,kangaroo,panda,eel,tiger,lion,raccoon",-4.6634
01KEZ12BH8TNQ12KCEH4D0564Y,25,ngram-2,animals,rat,grizzlybear,False,True,0,"dog,cat,rabbit,zebra,goldfish,crab,hamster,emu,horse,penguin,seal,cow,pig,donkey,llama,fox,gerbil,kangaroo,panda,eel,tiger,lion,raccoon,polar bear",-4.6728
01KEZ12BH8TNQ12KCEH4D0564Y,26,ngram-2,animals,mouse,mouse,True,True,0,"dog,cat,rabbit,zebra,goldfish,crab,hamster,emu,horse,penguin,seal,cow,pig,donkey,llama,fox,gerbil,kangaroo,panda,eel,tiger,lion,raccoon,polar bear,rat",-3.1840
01KEZ12BH8TNQ12KCEH4D0564Y,27,ngram-2,animals,elephant,rat,False,True,0,"dog,cat,rabbit,zebra,goldfish,crab,hamster,emu,horse,penguin,seal,cow,pig,donkey,llama,fox,gerbil,kangaroo,panda,eel,tiger,lion,raccoon,polar bear,rat,mouse",-3.7436
01KEZ12BH8TNQ12KCEH4D0564Y,28,ngram-2,animals,meerkat,tiger,False,True,0,"dog,cat,rabbit,zebra,goldfish,crab,hamster,emu,horse,penguin,seal,cow,pig,donkey,llama,fox,gerbil,kangaroo,panda,eel,tiger,lion,raccoon,polar bear,rat,mouse,elephant",-3.9120
01KEZ12BH8TNQ12KCEH4D0564Y,29,ngram-2,animals,monkey,panda,False,True,0,"dog,cat,rabbit,zebra,goldfish,crab,hamster,emu,horse,penguin,seal,cow,pig,donkey,llama,fox,gerbil,kangaroo,panda,eel,tiger,lion,raccoon,polar bear,rat,mouse,elephant,meerkat",-4.6476
01KEZ12BH8TNQ12KCEH4D0564Y,30,ngram-2,animals,gorilla,chimpanzee,False,True,0,"dog,cat,rabbit,zebra,goldfish,crab,hamster,emu,horse,penguin,seal,cow,pig,donkey,llama,fox,gerbil,kangaroo,panda,eel,tiger,lion,raccoon,polar bear,rat,mouse,elephant,meerkat,monkey",-4.0372
01KEZ12BH8TNQ12KCEH4D0564Y,31,ngram-2,animals,chimpanzee,chimpanzee,True,True,0,"dog,cat,rabbit,zebra,goldfish,crab,hamster,emu,horse,penguin,seal,cow,pig,donkey,llama,fox,gerbil,kangaroo,panda,eel,tiger,lion,raccoon,polar bear,rat,mouse,elephant,meerkat,monkey,gorilla",-4.4098
01KEZ12BH8TNQ12KCEH4D0564Y,32,ngram-2,animals,ant,gorilla,False,True,0,"dog,cat,rabbit,zebra,goldfish,crab,hamster,emu,horse,penguin,seal,cow,pig,donkey,llama,fox,gerbil,kangaroo,panda,eel,tiger,lion,raccoon,polar bear,rat,mouse,elephant,meerkat,monkey,gorilla,chimpanzee",-4.3820
01KEZ12BH8TNQ12KCEH4D0564Y,33,ngram-2,animals,bee,bee,True,True,0,"dog,cat,rabbit,zebra,goldfish,crab,hamster,emu,horse,penguin,seal,cow,pig,donkey,llama,fox,gerbil,kangaroo,panda,eel,tiger,lion,raccoon,polar bear,rat,mouse,elephant,meerkat,monkey,gorilla,chimpanzee,ant",-4.4128
01KEZ12BH8TNQ12KCEH4D0564Y,34,ngram-2,animals,frog,wasp,False,True,0,"dog,cat,rabbit,zebra,goldfish,crab,hamster,emu,horse,penguin,seal,cow,pig,donkey,llama,fox,gerbil,kangaroo,panda,eel,tiger,lion,raccoon,polar bear,rat,mouse,elephant,meerkat,monkey,gorilla,chimpanzee,ant,bee",-4.6666
01KEZ12BH8TNQ12KCEH4D0564Y,35,ngram-2,animals,koala,newt,False,True,0,"dog,cat,rabbit,zebra,goldfish,crab,hamster,emu,horse,penguin,seal,cow,pig,donkey,llama,fox,gerbil,kangaroo,panda,eel,tiger,lion,raccoon,polar bear,rat,mouse,elephant,meerkat,monkey,gorilla,chimpanzee,ant,bee,frog",-4.6790
01KEZ12BH8TNQ12KCEH4D0564Y,36,ngram-2,animals,mongoose,panda,False,True,0,"dog,cat,rabbit,zebra,goldfish,crab,hamster,emu,horse,penguin,seal,cow,pig,donkey,llama,fox,gerbil,kangaroo,panda,eel,tiger,lion,raccoon,polar bear,rat,mouse,elephant,meerkat,monkey,gorilla,chimpanzee,ant,bee,frog,koala",-4.6728
01KEZ12BH8TNQ12KCEH4D0564Y,37,ngram-2,animals,newt,elephant,False,True,0,"dog,cat,rabbit,zebra,goldfish,crab,hamster,emu,horse,penguin,seal,cow,pig,donkey,llama,fox,gerbil,kangaroo,panda,eel,tiger,lion,raccoon,polar bear,rat,mouse,elephant,meerkat,monkey,gorilla,chimpanzee,ant,bee,frog,koala,mongoose",-5.0434
01KEZ12BH8TNQ12KCEH4D0564Y,38,ngram-2,animals,octopus,salamander,False,True,0,"dog,cat,rabbit,zebra,goldfish,crab,hamster,emu,horse,penguin,seal,cow,pig,donkey,llama,fox,gerbil,kangaroo,panda,eel,tiger,lion,raccoon,polar bear,rat,mouse,elephant,meerkat,monkey,gorilla,chimpanzee,ant,bee,frog,koala,mongoose,newt",-4.6412
01KEZ12BH8TNQ12KCEH4D0564Y,39,ngram-2,animals,reindeer,cuttlefish,False,True,0,"dog,cat,rabbit,zebra,goldfish,crab,hamster,emu,horse,penguin,seal,cow,pig,donkey,llama,fox,gerbil,kangaroo,panda,eel,tiger,lion,raccoon,polar bear,rat,mouse,elephant,meerkat,monkey,gorilla,chimpanzee,ant,bee,frog,koala,mongoose,newt,octopus",-5.0626
01KEZ12BH8TNQ12KCEH4D0564Y,40,ngram-2,animals,toad,bison,False,True,0,"dog,cat,rabbit,zebra,goldfish,crab,hamster,emu,horse,penguin,seal,cow,pig,donkey,llama,fox,gerbil,kangaroo,panda,eel,tiger,lion,raccoon,polar bear,rat,mouse,elephant,meerkat,monkey,gorilla,chimpanzee,ant,bee,frog,koala,mongoose,newt,octopus,reindeer",-5.0499
01KEZ12BH8TNQ12KCEH4D0564Y,41,ngram-2,animals,owl,frog,False,True,0,"dog,cat,rabbit,zebra,goldfish,crab,hamster,emu,horse,penguin,seal,cow,pig,donkey,llama,fox,gerbil,kangaroo,panda,eel,tiger,lion,raccoon,polar bear,rat,mouse,elephant,meerkat,monkey,gorilla,chimpanzee,ant,bee,frog,koala,mongoose,newt,octopus,reindeer,toad",-4.6540
01KFVAS5NKEWASJ2Y0HZA62XRZ,2,ngram-2,animals,cat,cat,True,True,0,"dog",-2.3868
01KFVAS5NKEWASJ2Y0HZA62XRZ,3,ngram-2,animals,lion,dog,False,True,0,"dog,cat",-2.8444
01KFVAS5NKEWASJ2Y0HZA62XRZ,4,ngram-2,animals,leopard,tiger,False,True,0,"dog,cat,lion",-3.1669
01KFVAS5NKEWASJ2Y0HZA62XRZ,5,ngram-2,animals,fish,antelope,False,True,0,"dog,cat,lion,leopard",-4.6883
01KFVAS5NKEWASJ2Y0HZA62XRZ,6,ngram-2,animals,turtle,shark,False,True,0,"dog,cat,lion,leopard,fish",-4.1927
01KFVAS5NKEWASJ2Y0HZA62XRZ,7,ngram-2,animals,eagle,tortoise,False,True,0,"dog,cat,lion,leopard,fish,turtle",-4.3663
01KFVAS5NKEWASJ2Y0HZA62XRZ,8,ngram-2,animals,canary,robin,False,True,0,"dog,cat,lion,leopard,fish,turtle,eagle",-4.3914
01KFVAS5NKEWASJ2Y0HZA62XRZ,9,ngram-2,animals,rat,aardvark,False,True,0,"dog,cat,lion,leopard,fish,turtle,eagle,canary",-5.7170
01KFVAS5NKEWASJ2Y0HZA62XRZ,10,ngram-2,animals,mouse,mouse,True,True,0,"dog,cat,lion,leopard,fish,turtle,eagle,canary,rat",-3.1721
01KFVAS5NKEWASJ2Y0HZA62XRZ,11,ngram-2,animals,cockroach,rat,False,True,0,"dog,cat,lion,leopard,fish,turtle,eagle,canary,rat,mouse",-3.7317
01KFVAS5NKEWASJ2Y0HZA62XRZ,12,ngram-2,animals,beetle,beetle,True,True,0,"dog,cat,lion,leopard,fish,turtle,eagle,canary,rat,mouse,cockroach",-5.0370
01KFVAS5NKEWASJ2Y0HZA62XRZ,13,ngram-2,animals,fly,butterfly,False,True,0,"dog,cat,lion,leopard,fish,turtle,eagle,canary,rat,mouse,cockroach,beetle",-5.0370
01KFVAS5NKEWASJ2Y0HZA62XRZ,14,ngram-2,animals,butterfly,ant,False,True,0,"dog,cat,lion,leopard,fish,turtle,eagle,canary,rat,mouse,cockroach,beetle,fly",-4.6476
01KFVAS5NKEWASJ2Y0HZA62XRZ,15,ngram-2,animals,mosquito,moth,False,True,0,"dog,cat,lion,leopard,fish,turtle,eagle,canary,rat,mouse,cockroach,beetle,fly,butterfly",-4.6508
01KFVAS5NKEWASJ2Y0HZA62XRZ,16,ngram-2,animals,fox,cockroach,False,True,0,"dog,cat,lion,leopard,fish,turtle,eagle,canary,rat,mouse,cockroach,beetle,fly,butterfly,mosquito",-5.0272
01KFVAS5NKEWASJ2Y0HZA62XRZ,17,ngram-2,animals,wolf,wolf,True,True,0,"dog,cat,lion,leopard,fish,turtle,eagle,canary,rat,mouse,cockroach,beetle,fly,butterfly,mosquito,fox",-4.0073
01KFVAS5NKEWASJ2Y0HZA62XRZ,18,ngram-2,animals,whale,fox,False,True,0,"dog,cat,lion,leopard,fish,turtle,eagle,canary,rat,mouse,cockroach,beetle,fly,butterfly,mosquito,fox,wolf",-4.3883
01KFVAS5NKEWASJ2Y0HZA62XRZ,19,ngram-2,animals,seagull,dolphin,False,True,0,"dog,cat,lion,leopard,fish,turtle,eagle,canary,rat,mouse,cockroach,beetle,fly,butterfly,mosquito,fox,wolf,whale",-4.1775
01KFVAS5NKEWASJ2Y0HZA62XRZ,20,ngram-2,animals,clam,fish,False,True,0,"dog,cat,lion,leopard,fish,turtle,eagle,canary,rat,mouse,cockroach,beetle,fly,butterfly,mosquito,fox,wolf,whale,seagull",-5.0337
01KFVAS5NKEWASJ2Y0HZA62XRZ,21,ngram-2,animals,mussel,oyster,False,True,0,"dog,cat,lion,leopard,fish,turtle,eagle,canary,rat,mouse,cockroach,beetle,fly,butterfly,mosquito,fox,wolf,whale,seagull,clam",-5.0272
01KFVAS5NKEWASJ2Y0HZA62XRZ,22,ngram-2,animals,coral,koi,False,True,0,"dog,cat,lion,leopard,fish,turtle,eagle,canary,rat,mouse,cockroach,beetle,fly,butterfly,mosquito,fox,wolf,whale,seagull,clam,mussel",-5.0272
01KFVAS5NKEWASJ2Y0HZA62XRZ,23,ngram-2,animals,chinchilla,aardvark,False,True,0,"dog,cat,lion,leopard,fish,turtle,eagle,canary,rat,mouse,cockroach,beetle,fly,butterfly,mosquito,fox,wolf,whale,seagull,clam,mussel,coral",-5.7170
01KFVAS5NKEWASJ2Y0HZA62XRZ,24,ngram-2,animals,leopardgecko,bat,False,True,0,"dog,cat,lion,leopard,fish,turtle,eagle,canary,rat,mouse,cockroach,beetle,fly,butterfly,mosquito,fox,wolf,whale,seagull,clam,mussel,coral,chinchilla",-5.0337
01KFVAS5NKEWASJ2Y0HZA62XRZ,25,ngram-2,animals,boaconstrictor,aardvark,False,True,0,"dog,cat,lion,leopard,fish,turtle,eagle,canary,rat,mouse,cockroach,beetle,fly,butterfly,mosquito,fox,wolf,whale,seagull,clam,mussel,coral,chinchilla,leopard gecko",-5.7170
01KFVAS5NKEWASJ2Y0HZA62XRZ,26,ngram-2,animals,rattlesnake,rattlesnake,True,True,0,"dog,cat,lion,leopard,fish,turtle,eagle,canary,rat,mouse,cockroach,beetle,fly,butterfly,mosquito,fox,wolf,whale,seagull,clam,mussel,coral,chinchilla,leopard gecko,boa constrictor",-5.0272
01KFVAS5NKEWASJ2Y0HZA62XRZ,27,ngram-2,animals,toad,hedgehog,False,True,0,"dog,cat,lion,leopard,fish,turtle,eagle,canary,rat,mouse,cockroach,beetle,fly,butterfly,mosquito,fox,wolf,whale,seagull,clam,mussel,coral,chinchilla,leopard gecko,boa constrictor,rattlesnake",-5.0272
01KFVAS5NKEWASJ2Y0HZA62XRZ,28,ngram-2,animals,elephant,frog,False,True,0,"dog,cat,lion,leopard,fish,turtle,eagle,canary,rat,mouse,cockroach,beetle,fly,butterfly,mosquito,fox,wolf,whale,seagull,clam,mussel,coral,chinchilla,leopard gecko,boa constrictor,rattlesnake,toad",-4.6412
01KFVAS5NKEWASJ2Y0HZA62XRZ,29,ngram-2,animals,giraffe,tiger,False,True,0,"dog,cat,lion,leopard,fish,turtle,eagle,canary,rat,mouse,cockroach,beetle,fly,butterfly,mosquito,fox,wolf,whale,seagull,clam,mussel,coral,chinchilla,leopard gecko,boa constrictor,rattlesnake,toad,elephant",-3.9005
01KFVAS5NKEWASJ2Y0HZA62XRZ,30,ngram-2,animals,coyote,tiger,False,True,0,"dog,cat,lion,leopard,fish,turtle,eagle,canary,rat,mouse,cockroach,beetle,fly,butterfly,mosquito,fox,wolf,whale,seagull,clam,mussel,coral,chinchilla,leopard gecko,boa constrictor,rattlesnake,toad,elephant,giraffe",-4.4188
01KFVAS5NKEWASJ2Y0HZA62XRZ,31,ngram-2,animals,rabbit,antelope,False,True,0,"dog,cat,lion,leopard,fish,turtle,eagle,canary,rat,mouse,cockroach,beetle,fly,butterfly,mosquito,fox,wolf,whale,seagull,clam,mussel,coral,chinchilla,leopard gecko,boa constrictor,rattlesnake,toad,elephant,giraffe,coyote",-5.0337
01KFVAS5NKEWASJ2Y0HZA62XRZ,32,ngram-2,animals,squirrel,hare,False,True,0,"dog,cat,lion,leopard,fish,turtle,eagle,canary,rat,mouse,cockroach,beetle,fly,butterfly,mosquito,fox,wolf,whale,seagull,clam,mussel,coral,chinchilla,leopard gecko,boa constrictor,rattlesnake,toad,elephant,giraffe,coyote,rabbit",-4.0254
01KFVAS5NKEWASJ2Y0HZA62XRZ,33,ngram-2,animals,mockingbird,fox,False,True,0,"dog,cat,lion,leopard,fish,turtle,eagle,canary,rat,mouse,cockroach,beetle,fly,butterfly,mosquito,fox,wolf,whale,seagull,clam,mussel,coral,chinchilla,leopard gecko,boa constrictor,rattlesnake,toad,elephant,giraffe,coyote,rabbit,squirrel",-4.6571
01KFVAS5NKEWASJ2Y0HZA62XRZ,34,ngram-2,animals,wren,aardvark,False,True,0,"dog,cat,lion,leopard,fish,turtle,eagle,canary,rat,mouse,cockroach,beetle,fly,butterfly,mosquito,fox,wolf,whale,seagull,clam,mussel,coral,chinchilla,leopard gecko,boa constrictor,rattlesnake,toad,elephant,giraffe,coyote,rabbit,squirrel,mockingbird",-5.7170
01KFVAS5NKEWASJ2Y0HZA62XRZ,35,ngram-2,animals,heron,aardvark,False,True,0,"dog,cat,lion,leopard,fish,turtle,eagle,canary,rat,mouse,cockroach,beetle,fly,butterfly,mosquito,fox,wolf,whale,seagull,clam,mussel,coral,chinchilla,leopard gecko,boa constrictor,rattlesnake,toad,elephant,giraffe,coyote,rabbit,squirrel,mockingbird,wren",-5.7170
01KFVAS5NKEWASJ2Y0HZA62XRZ,36,ngram-2,animals,swan,seagull,False,True,0,"dog,cat,lion,leopard,fish,turtle,eagle,canary,rat,mouse,cockroach,beetle,fly,butterfly,mosquito,fox,wolf,whale,seagull,clam,mussel,coral,chinchilla,leopard gecko,boa constrictor,rattlesnake,toad,elephant,giraffe,coyote,rabbit,squirrel,mockingbird,wren,heron",-5.0272
01KFVAS5NKEWASJ2Y0HZA62XRZ,37,ngram-2,animals,goose,duck,False,True,0,"dog,cat,lion,leopard,fish,turtle,eagle,canary,rat,mouse,cockroach,beetle,fly,butterfly,mosquito,fox,wolf,whale,seagull,clam,mussel,coral,chinchilla,leopard gecko,boa constrictor,rattlesnake,toad,elephant,giraffe,coyote,rabbit,squirrel,mockingbird,wren,heron,swan",-4.6282
01KFVAS5NKEWASJ2Y0HZA62XRZ,38,ngram-2,animals,duck,bandicoot,False,True,0,"dog,cat,lion,leopard,fish,turtle,eagle,canary,rat,mouse,cockroach,beetle,fly,butterfly,mosquito,fox,wolf,whale,seagull,clam,mussel,coral,chinchilla,leopard gecko,boa constrictor,rattlesnake,toad,elephant,giraffe,coyote,rabbit,squirrel,mockingbird,wren,heron,swan,goose",-5.0434
01KFVAS5NKEWASJ2Y0HZA62XRZ,39,ngram-2,animals,crab,chicken,False,True,0,"dog,cat,lion,leopard,fish,turtle,eagle,canary,rat,mouse,cockroach,beetle,fly,butterfly,mosquito,fox,wolf,whale,seagull,clam,mussel,coral,chinchilla,leopard gecko,boa constrictor,rattlesnake,toad,elephant,giraffe,coyote,rabbit,squirrel,mockingbird,wren,heron,swan,goose,duck",-4.3758
01KFVAS5NKEWASJ2Y0HZA62XRZ,40,ngram-2,animals,monkey,lobster,False,True,0,"dog,cat,lion,leopard,fish,turtle,eagle,canary,rat,mouse,cockroach,beetle,fly,butterfly,mosquito,fox,wolf,whale,seagull,clam,mussel,coral,chinchilla,leopard gecko,boa constrictor,rattlesnake,toad,elephant,giraffe,coyote,rabbit,squirrel,mockingbird,wren,heron,swan,goose,duck,crab",-3.8003
01KFVAS5NKEWASJ2Y0HZA62XRZ,41,ngram-2,animals,ape,chimpanzee,False,True,0,"dog,cat,lion,leopard,fish,turtle,eagle,canary,rat,mouse,cockroach,beetle,fly,butterfly,mosquito,fox,wolf,whale,seagull,clam,mussel,coral,chinchilla,leopard gecko,boa constrictor,rattlesnake,toad,elephant,giraffe,coyote,rabbit,squirrel,mockingbird,wren,heron,swan,goose,duck,crab,monkey",-4.0254
01KFVAS5NKEWASJ2Y0HZA62XRZ,42,ngram-2,animals,gorilla,gorilla,True,True,0,"dog,cat,lion,leopard,fish,turtle,eagle,canary,rat,mouse,cockroach,beetle,fly,butterfly,mosquito,fox,wolf,whale,seagull,clam,mussel,coral,chinchilla,leopard gecko,boa constrictor,rattlesnake,toad,elephant,giraffe,coyote,rabbit,squirrel,mockingbird,wren,heron,swan,goose,duck,crab,monkey,ape",-4.3599
01KFVAS5NKEWASJ2Y0HZA62XRZ,43,ngram-2,animals,human,chimpanzee,False,True,0,"dog,cat,lion,leopard,fish,turtle,eagle,canary,rat,mouse,cockroach,beetle,fly,butterfly,mosquito,fox,wolf,whale,seagull,clam,mussel,coral,chinchilla,leopard gecko,boa constrictor,rattlesnake,toad,elephant,giraffe,coyote,rabbit,squirrel,mockingbird,wren,heron,swan,goose,duck,crab,monkey,ape,gorilla",-4.1744
01KFVAS5NKEWASJ2Y0HZA62XRZ,44,ngram-2,animals,horse,caterpillar,False,True,0,"dog,cat,lion,leopard,fish,turtle,eagle,canary,rat,mouse,cockroach,beetle,fly,butterfly,mosquito,fox,wolf,whale,seagull,clam,mussel,coral,chinchilla,leopard gecko,boa constrictor,rattlesnake,toad,elephant,giraffe,coyote,rabbit,squirrel,mockingbird,wren,heron,swan,goose,duck,crab,monkey,ape,gorilla,human",-5.0304
01KFVAS5NKEWASJ2Y0HZA62XRZ,45,ngram-2,animals,donkey,cow,False,True,0,"dog,cat,lion,leopard,fish,turtle,eagle,canary,rat,mouse,cockroach,beetle,fly,butterfly,mosquito,fox,wolf,whale,seagull,clam,mussel,coral,chinchilla,leopard gecko,boa constrictor,rattlesnake,toad,elephant,giraffe,coyote,rabbit,squirrel,mockingbird,wren,heron,swan,goose,duck,crab,monkey,ape,gorilla,human,horse",-3.7583
01KFVB0CGZR4Z2DAKY95TA2X1C,2,ngram-2,animals,cat,cat,True,True,0,"dog",-2.3924
01KFVB0CGZR4Z2DAKY95TA2X1C,3,ngram-2,animals,fish,dog,False,True,0,"dog,cat",-2.8499
01KFVB0CGZR4Z2DAKY95TA2X1C,4,ngram-2,animals,squirrel,shark,False,True,0,"dog,cat,fish",-4.1987
01KFVB0CGZR4Z2DAKY95TA2X1C,5,ngram-2,animals,rabbit,fox,False,True,0,"dog,cat,fish,squirrel",-4.6634
01KFVB0CGZR4Z2DAKY95TA2X1C,6,ngram-2,animals,monkey,hare,False,True,0,"dog,cat,fish,squirrel,rabbit",-4.0313
01KFVB0CGZR4Z2DAKY95TA2X1C,7,ngram-2,animals,ape,chimpanzee,False,True,0,"dog,cat,fish,squirrel,rabbit,monkey",-4.0313
01KFVB0CGZR4Z2DAKY95TA2X1C,8,ngram-2,animals,gorilla,gorilla,True,True,0,"dog,cat,fish,squirrel,rabbit,monkey,ape",-4.3663
01KFVB0CGZR4Z2DAKY95TA2X1C,9,ngram-2,animals,horse,chimpanzee,False,True,0,"dog,cat,fish,squirrel,rabbit,monkey,ape,gorilla",-4.1805
01KFVB0CGZR4Z2DAKY95TA2X1C,10,ngram-2,animals,donkey,cow,False,True,0,"dog,cat,fish,squirrel,rabbit,monkey,ape,gorilla,horse",-3.7641
01KFVB0CGZR4Z2DAKY95TA2X1C,11,ngram-2,animals,mule,horse,False,True,0,"dog,cat,fish,squirrel,rabbit,monkey,ape,gorilla,horse,donkey",-4.3975
01KFVB0CGZR4Z2DAKY95TA2X1C,12,ngram-2,animals,cow,duck,False,True,0,"dog,cat,fish,squirrel,rabbit,monkey,ape,gorilla,horse,donkey,mule",-5.0370
01KFVB0CGZR4Z2DAKY95TA2X1C,13,ngram-2,animals,bull,chicken,False,True,0,"dog,cat,fish,squirrel,rabbit,monkey,ape,gorilla,horse,donkey,mule,cow",-3.6434
01KFVB0CGZR4Z2DAKY95TA2X1C,14,ngram-2,animals,steer,cow,False,True,0,"dog,cat,fish,squirrel,rabbit,monkey,ape,gorilla,horse,donkey,mule,cow,bull",-5.0466
01KFVB0CGZR4Z2DAKY95TA2X1C,15,ngram-2,animals,pig,aardvark,False,True,0,"dog,cat,fish,squirrel,rabbit,monkey,ape,gorilla,horse,donkey,mule,cow,bull,steer",-5.7236
01KFVB0CGZR4Z2DAKY95TA2X1C,16,ngram-2,animals,hog,cow,False,True,0,"dog,cat,fish,squirrel,rabbit,monkey,ape,gorilla,horse,donkey,mule,cow,bull,steer,pig",-3.7466
01KFVB0CGZR4Z2DAKY95TA2X1C,17,ngram-2,animals,chicken,boar,False,True,0,"dog,cat,fish,squirrel,rabbit,monkey,ape,gorilla,horse,donkey,mule,cow,bull,steer,pig,hog",-5.0370
01KFVB0CGZR4Z2DAKY95TA2X1C,18,ngram-2,animals,hen,horse,False,True,0,"dog,cat,fish,squirrel,rabbit,monkey,ape,gorilla,horse,donkey,mule,cow,bull,steer,pig,hog,chicken",-4.1987
01KFVB0CGZR4Z2DAKY95TA2X1C,19,ngram-2,animals,rooster,chicken,False,True,0,"dog,cat,fish,squirrel,rabbit,monkey,ape,gorilla,horse,donkey,mule,cow,bull,steer,pig,hog,chicken,hen",-5.0499
01KFVB0CGZR4Z2DAKY95TA2X1C,20,ngram-2,animals,cricket,bull,False,True,0,"dog,cat,fish,squirrel,rabbit,monkey,ape,gorilla,horse,donkey,mule,cow,bull,steer,pig,hog,chicken,hen,rooster",-5.0531
01KFVB0CGZR4Z2DAKY95TA2X1C,21,ngram-2,animals,lamb,aardvark,False,True,0,"dog,cat,fish,squirrel,rabbit,monkey,ape,gorilla,horse,donkey,mule,cow,bull,steer,pig,hog,chicken,hen,rooster,cricket",-5.7236
01KFVB0CGZR4Z2DAKY95TA2X1C,22,ngram-2,animals,goat,sheep,False,True,0,"dog,cat,fish,squirrel,rabbit,monkey,ape,gorilla,horse,donkey,mule,cow,bull,steer,pig,hog,chicken,hen,rooster,cricket,lamb",-4.6603
01KFVB0CGZR4Z2DAKY95TA2X1C,23,ngram-2,animals,lion,sheep,False,True,0,"dog,cat,fish,squirrel,rabbit,monkey,ape,gorilla,horse,donkey,mule,cow,bull,steer,pig,hog,chicken,hen,rooster,cricket,lamb,goat",-4.0073
01KFVB0CGZR4Z2DAKY95TA2X1C,24,ngram-2,animals,tiger,tiger,True,True,0,"dog,cat,fish,squirrel,rabbit,monkey,ape,gorilla,horse,donkey,mule,cow,bull,steer,pig,hog,chicken,hen,rooster,cricket,lamb,goat,lion",-3.2415
01KFVB0CGZR4Z2DAKY95TA2X1C,25,ngram-2,animals,panther,lion,False,True,0,"dog,cat,fish,squirrel,rabbit,monkey,ape,gorilla,horse,donkey,mule,cow,bull,steer,pig,hog,chicken,hen,rooster,cricket,lamb,goat,lion,tiger",-3.1470
01KFVB0CGZR4Z2DAKY95TA2X1C,26,ngram-2,animals,whale,tiger,False,True,0,"dog,cat,fish,squirrel,rabbit,monkey,ape,gorilla,horse,donkey,mule,cow,bull,steer,pig,hog,chicken,hen,rooster,cricket,lamb,goat,lion,tiger,panther",-4.6444
01KFVB0CGZR4Z2DAKY95TA2X1C,27,ngram-2,animals,dolphin,shark,False,True,0,"dog,cat,fish,squirrel,rabbit,monkey,ape,gorilla,horse,donkey,mule,cow,bull,steer,pig,hog,chicken,hen,rooster,cricket,lamb,goat,lion,tiger,panther,whale",-4.1836
01KFVB0CGZR4Z2DAKY95TA2X1C,28,ngram-2,animals,seal,whale,False,True,0,"dog,cat,fish,squirrel,rabbit,monkey,ape,gorilla,horse,donkey,mule,cow,bull,steer,pig,hog,chicken,hen,rooster,cricket,lamb,goat,lion,tiger,panther,whale,dolphin",-4.1927
01KFVB0CGZR4Z2DAKY95TA2X1C,29,ngram-2,animals,manatee,cow,False,True,0,"dog,cat,fish,squirrel,rabbit,monkey,ape,gorilla,horse,donkey,mule,cow,bull,steer,pig,hog,chicken,hen,rooster,cricket,lamb,goat,lion,tiger,panther,whale,dolphin,seal",-5.0499
01KFVB0CGZR4Z2DAKY95TA2X1C,30,ngram-2,animals,hyena,gorilla,False,True,0,"dog,cat,fish,squirrel,rabbit,monkey,ape,gorilla,horse,donkey,mule,cow,bull,steer,pig,hog,chicken,hen,rooster,cricket,lamb,goat,lion,tiger,panther,whale,dolphin,seal,manatee",-5.0337
01KFVB0CGZR4Z2DAKY95TA2X1C,31,ngram-2,animals,badger,bat,False,True,0,"dog,cat,fish,squirrel,rabbit,monkey,ape,gorilla,horse,donkey,mule,cow,bull,steer,pig,hog,chicken,hen,rooster,cricket,lamb,goat,lion,tiger,panther,whale,dolphin,seal,manatee,hyena",-5.0531
01KFVB0CGZR4Z2DAKY95TA2X1C,32,ngram-2,animals,elk,mouse,False,True,0,"dog,cat,fish,squirrel,rabbit,monkey,ape,gorilla,horse,donkey,mule,cow,bull,steer,pig,hog,chicken,hen,rooster,cricket,lamb,goat,lion,tiger,panther,whale,dolphin,seal,manatee,hyena,badger",-4.6508
01KFVB0CGZR4Z2DAKY95TA2X1C,33,ngram-2,animals,moose,reindeer,False,True,0,"dog,cat,fish,squirrel,rabbit,monkey,ape,gorilla,horse,donkey,mule,cow,bull,steer,pig,hog,chicken,hen,rooster,cricket,lamb,goat,lion,tiger,panther,whale,dolphin,seal,manatee,hyena,badger,elk",-4.6412
01KFVB0CGZR4Z2DAKY95TA2X1C,34,ngram-2,animals,blackbear,elk,False,True,0,"dog,cat,fish,squirrel,rabbit,monkey,ape,gorilla,horse,donkey,mule,cow,bull,steer,pig,hog,chicken,hen,rooster,cricket,lamb,goat,lion,tiger,panther,whale,dolphin,seal,manatee,hyena,badger,elk,moose",-4.3726
01KFVB0CGZR4Z2DAKY95TA2X1C,35,ngram-2,animals,brownbear,brownbear,True,True,0,"dog,cat,fish,squirrel,rabbit,monkey,ape,gorilla,horse,donkey,mule,cow,bull,steer,pig,hog,chicken,hen,rooster,cricket,lamb,goat,lion,tiger,panther,whale,dolphin,seal,manatee,hyena,badger,elk,moose,black bear",-5.0402
01KFVB0CGZR4Z2DAKY95TA2X1C,36,ngram-2,animals,grizzlybear,polarbear,False,True,0,"dog,cat,fish,squirrel,rabbit,monkey,ape,gorilla,horse,donkey,mule,cow,bull,steer,pig,hog,chicken,hen,rooster,cricket,lamb,goat,lion,tiger,panther,whale,dolphin,seal,manatee,hyena,badger,elk,moose,black bear,brown bear",-4.6315
01KFVB0CGZR4Z2DAKY95TA2X1C,37,ngram-2,animals,wolverine,elephant,False,True,0,"dog,cat,fish,squirrel,rabbit,monkey,ape,gorilla,horse,donkey,mule,cow,bull,steer,pig,hog,chicken,hen,rooster,cricket,lamb,goat,lion,tiger,panther,whale,dolphin,seal,manatee,hyena,badger,elk,moose,black bear,brown bear,grizzly bear",-5.0466
01KFVB0CGZR4Z2DAKY95TA2X1C,38,ngram-2,animals,bobcat,fox,False,True,0,"dog,cat,fish,squirrel,rabbit,monkey,ape,gorilla,horse,donkey,mule,cow,bull,steer,pig,hog,chicken,hen,rooster,cricket,lamb,goat,lion,tiger,panther,whale,dolphin,seal,manatee,hyena,badger,elk,moose,black bear,brown bear,grizzly bear,wolverine",-5.0337
01KFVB0CGZR4Z2DAKY95TA2X1C,39,ngram-2,animals,mountainlion,cougar,False,True,0,"dog,cat,fish,squirrel,rabbit,monkey,ape,gorilla,horse,donkey,mule,cow,bull,steer,pig,hog,chicken,hen,rooster,cricket,lamb,goat,lion,tiger,panther,whale,dolphin,seal,manatee,hyena,badger,elk,moose,black bear,brown bear,grizzly bear,wolverine,bobcat",-5.0370
01KFVB0CGZR4Z2DAKY95TA2X1C,40,ngram-2,animals,eagle,parrot,False,True,0,"dog,cat,fish,squirrel,rabbit,monkey,ape,gorilla,horse,donkey,mule,cow,bull,steer,pig,hog,chicken,hen,rooster,cricket,lamb,goat,lion,tiger,panther,whale,dolphin,seal,manatee,hyena,badger,elk,moose,black bear,brown bear,grizzly bear,wolverine,bobcat,mountain lion",-5.0337
01KFVB0CGZR4Z2DAKY95TA2X1C,41,ngram-2,animals,hawk,robin,False,True,0,"dog,cat,fish,squirrel,rabbit,monkey,ape,gorilla,horse,donkey,mule,cow,bull,steer,pig,hog,chicken,hen,rooster,cricket,lamb,goat,lion,tiger,panther,whale,dolphin,seal,manatee,hyena,badger,elk,moose,black bear,brown bear,grizzly bear,wolverine,bobcat,mountain lion,eagle",-4.3975
01KFVB0CGZR4Z2DAKY95TA2X1C,42,ngram-2,animals,salmon,eagle,False,True,0,"dog,cat,fish,squirrel,rabbit,monkey,ape,gorilla,horse,donkey,mule,cow,bull,steer,pig,hog,chicken,hen,rooster,cricket,lamb,goat,lion,tiger,panther,whale,dolphin,seal,manatee,hyena,badger,elk,moose,black bear,brown bear,grizzly bear,wolverine,bobcat,mountain lion,eagle,hawk",-4.6508
01KFVB0CGZR4Z2DAKY95TA2X1C,43,ngram-2,animals,rat,catfish,False,True,0,"dog,cat,fish,squirrel,rabbit,monkey,ape,gorilla,horse,donkey,mule,cow,bull,steer,pig,hog,chicken,hen,rooster,cricket,lamb,goat,lion,tiger,panther,whale,dolphin,seal,manatee,hyena,badger,elk,moose,black bear,brown bear,grizzly bear,wolverine,bobcat,mountain lion,eagle,hawk,salmon",-5.0499
01KFVB19T93B4SA3VEXZ5TEC2A,2,ngram-2,animals,dog,panda,False,True,0,"koala",-4.6697
01KFVB19T93B4SA3VEXZ5TEC2A,3,ngram-2,animals,cat,cat,True,True,0,"koala,dog",-2.3951
01KFVB19T93B4SA3VEXZ5TEC2A,4,ngram-2,animals,tiger,dog,False,True,0,"koala,dog,cat",-2.8526
01KFVB19T93B4SA3VEXZ5TEC2A,5,ngram-2,animals,elephant,lion,False,True,0,"koala,dog,cat,tiger",-3.1499
01KFVB19T93B4SA3VEXZ5TEC2A,6,ngram-2,animals,zebra,tiger,False,True,0,"koala,dog,cat,tiger,elephant",-3.9092
01KFVB19T93B4SA3VEXZ5TEC2A,7,ngram-2,animals,dolphin,horse,False,True,0,"koala,dog,cat,tiger,elephant,zebra",-4.1987
01KFVB19T93B4SA3VEXZ5TEC2A,8,ngram-2,animals,bear,whale,False,True,0,"koala,dog,cat,tiger,elephant,zebra,dolphin",-4.1957
01KFVB19T93B4SA3VEXZ5TEC2A,9,ngram-2,animals,lion,fox,False,True,0,"koala,dog,cat,tiger,elephant,zebra,dolphin,bear",-4.7215
01KFVB19T93B4SA3VEXZ5TEC2A,10,ngram-2,animals,kangaroo,tiger,False,True,0,"koala,dog,cat,tiger,elephant,zebra,dolphin,bear,lion",-3.1753
01KFVB19T93B4SA3VEXZ5TEC2A,11,ngram-2,animals,fox,koala,False,True,0,"koala,dog,cat,tiger,elephant,zebra,dolphin,bear,lion,kangaroo",-3.8286
01KFVB19T93B4SA3VEXZ5TEC2A,12,ngram-2,animals,giraffe,wolf,False,True,0,"koala,dog,cat,tiger,elephant,zebra,dolphin,bear,lion,kangaroo,fox",-3.8622
01KFVB19T93B4SA3VEXZ5TEC2A,13,ngram-2,animals,monkey,tiger,False,True,0,"koala,dog,cat,tiger,elephant,zebra,dolphin,bear,lion,kangaroo,fox,giraffe",-4.4278
01KFVB19T93B4SA3VEXZ5TEC2A,14,ngram-2,animals,whale,chimpanzee,False,True,0,"koala,dog,cat,tiger,elephant,zebra,dolphin,bear,lion,kangaroo,fox,giraffe,monkey",-4.0342
01KFVB19T93B4SA3VEXZ5TEC2A,15,ngram-2,animals,cow,dolphin,False,True,0,"koala,dog,cat,tiger,elephant,zebra,dolphin,bear,lion,kangaroo,fox,giraffe,monkey,whale",-4.1866
01KFVB19T93B4SA3VEXZ5TEC2A,16,ngram-2,animals,camel,chicken,False,True,0,"koala,dog,cat,tiger,elephant,zebra,dolphin,bear,lion,kangaroo,fox,giraffe,monkey,whale,cow",-3.6463
01KFVB19T93B4SA3VEXZ5TEC2A,17,ngram-2,animals,goat,horse,False,True,0,"koala,dog,cat,tiger,elephant,zebra,dolphin,bear,lion,kangaroo,fox,giraffe,monkey,whale,cow,camel",-4.6476
01KFVB19T93B4SA3VEXZ5TEC2A,18,ngram-2,animals,eagle,sheep,False,True,0,"koala,dog,cat,tiger,elephant,zebra,dolphin,bear,lion,kangaroo,fox,giraffe,monkey,whale,cow,camel,goat",-4.0104
01KFVB19T93B4SA3VEXZ5TEC2A,19,ngram-2,animals,parrot,robin,False,True,0,"koala,dog,cat,tiger,elephant,zebra,dolphin,bear,lion,kangaroo,fox,giraffe,monkey,whale,cow,camel,goat,eagle",-4.4006
01KFVB19T93B4SA3VEXZ5TEC2A,20,ngram-2,animals,fish,budgie,False,True,0,"koala,dog,cat,tiger,elephant,zebra,dolphin,bear,lion,kangaroo,fox,giraffe,monkey,whale,cow,camel,goat,eagle,parrot",-4.6634
01KFVB19T93B4SA3VEXZ5TEC2A,21,ngram-2,animals,bee,shark,False,True,0,"koala,dog,cat,tiger,elephant,zebra,dolphin,bear,lion,kangaroo,fox,giraffe,monkey,whale,cow,camel,goat,eagle,parrot,fish",-4.2017
01KFVB19T93B4SA3VEXZ5TEC2A,22,ngram-2,animals,sloth,wasp,False,True,0,"koala,dog,cat,tiger,elephant,zebra,dolphin,bear,lion,kangaroo,fox,giraffe,monkey,whale,cow,camel,goat,eagle,parrot,fish,bee",-4.6634
01KFVB19T93B4SA3VEXZ5TEC2A,23,ngram-2,animals,bat,armadillo,False,True,0,"koala,dog,cat,tiger,elephant,zebra,dolphin,bear,lion,kangaroo,fox,giraffe,monkey,whale,cow,camel,goat,eagle,parrot,fish,bee,sloth",-5.0562
01KFVB19T93B4SA3VEXZ5TEC2A,24,ngram-2,animals,rabbit,alligator,False,True,0,"koala,dog,cat,tiger,elephant,zebra,dolphin,bear,lion,kangaroo,fox,giraffe,monkey,whale,cow,camel,goat,eagle,parrot,fish,bee,sloth,bat",-5.0720
01KFVB19T93B4SA3VEXZ5TEC2A,25,ngram-2,animals,squirrel,hare,False,True,0,"koala,dog,cat,tiger,elephant,zebra,dolphin,bear,lion,kangaroo,fox,giraffe,monkey,whale,cow,camel,goat,eagle,parrot,fish,bee,sloth,bat,rabbit",-4.0342
01KFVB19T93B4SA3VEXZ5TEC2A,26,ngram-2,animals,rat,fox,False,True,0,"koala,dog,cat,tiger,elephant,zebra,dolphin,bear,lion,kangaroo,fox,giraffe,monkey,whale,cow,camel,goat,eagle,parrot,fish,bee,sloth,bat,rabbit,squirrel",-4.6666
01KFVB19T93B4SA3VEXZ5TEC2A,27,ngram-2,animals,mouse,mouse,True,True,0,"koala,dog,cat,tiger,elephant,zebra,dolphin,bear,lion,kangaroo,fox,giraffe,monkey,whale,cow,camel,goat,eagle,parrot,fish,bee,sloth,bat,rabbit,squirrel,rat",-3.1810
01KFVB19T93B4SA3VEXZ5TEC2A,28,ngram-2,animals,pig,rat,False,True,0,"koala,dog,cat,tiger,elephant,zebra,dolphin,bear,lion,kangaroo,fox,giraffe,monkey,whale,cow,camel,goat,eagle,parrot,fish,bee,sloth,bat,rabbit,squirrel,rat,mouse",-3.7406
01KFVB19T93B4SA3VEXZ5TEC2A,29,ngram-2,animals,sheep,cow,False,True,0,"koala,dog,cat,tiger,elephant,zebra,dolphin,bear,lion,kangaroo,fox,giraffe,monkey,whale,cow,camel,goat,eagle,parrot,fish,bee,sloth,bat,rabbit,squirrel,rat,mouse,pig",-3.7495
01KFVB19T93B4SA3VEXZ5TEC2A,30,ngram-2,animals,donkey,cow,False,True,0,"koala,dog,cat,tiger,elephant,zebra,dolphin,bear,lion,kangaroo,fox,giraffe,monkey,whale,cow,camel,goat,eagle,parrot,fish,bee,sloth,bat,rabbit,squirrel,rat,mouse,pig,sheep",-3.7317
01KFVB19T93B4SA3VEXZ5TEC2A,31,ngram-2,animals,mule,horse,False,True,0,"koala,dog,cat,tiger,elephant,zebra,dolphin,bear,lion,kangaroo,fox,giraffe,monkey,whale,cow,camel,goat,eagle,parrot,fish,bee,sloth,bat,rabbit,squirrel,rat,mouse,pig,sheep,donkey",-4.4006
01KFVB19T93B4SA3VEXZ5TEC2A,32,ngram-2,animals,horse,cow,False,True,0,"koala,dog,cat,tiger,elephant,zebra,dolphin,bear,lion,kangaroo,fox,giraffe,monkey,whale,cow,camel,goat,eagle,parrot,fish,bee,sloth,bat,rabbit,squirrel,rat,mouse,pig,sheep,donkey,mule",-5.0402
01KFVB19T93B4SA3VEXZ5TEC2A,33,ngram-2,animals,cheetah,cow,False,True,0,"koala,dog,cat,tiger,elephant,zebra,dolphin,bear,lion,kangaroo,fox,giraffe,monkey,whale,cow,camel,goat,eagle,parrot,fish,bee,sloth,bat,rabbit,squirrel,rat,mouse,pig,sheep,donkey,mule,horse",-3.7670
01KFVB19T93B4SA3VEXZ5TEC2A,34,ngram-2,animals,jaguar,leopard,False,True,0,"koala,dog,cat,tiger,elephant,zebra,dolphin,bear,lion,kangaroo,fox,giraffe,monkey,whale,cow,camel,goat,eagle,parrot,fish,bee,sloth,bat,rabbit,squirrel,rat,mouse,pig,sheep,donkey,mule,horse,cheetah",-4.1866
01KFVB19T93B4SA3VEXZ5TEC2A,35,ngram-2,animals,moose,cougar,False,True,0,"koala,dog,cat,tiger,elephant,zebra,dolphin,bear,lion,kangaroo,fox,giraffe,monkey,whale,cow,camel,goat,eagle,parrot,fish,bee,sloth,bat,rabbit,squirrel,rat,mouse,pig,sheep,donkey,mule,horse,cheetah,jaguar",-4.6697
01KFVB19T93B4SA3VEXZ5TEC2A,36,ngram-2,animals,elk,deer,False,True,0,"koala,dog,cat,tiger,elephant,zebra,dolphin,bear,lion,kangaroo,fox,giraffe,monkey,whale,cow,camel,goat,eagle,parrot,fish,bee,sloth,bat,rabbit,squirrel,rat,mouse,pig,sheep,donkey,mule,horse,cheetah,jaguar,moose",-4.6634
01KFVB19T93B4SA3VEXZ5TEC2A,37,ngram-2,animals,reindeer,bear,False,True,0,"koala,dog,cat,tiger,elephant,zebra,dolphin,bear,lion,kangaroo,fox,giraffe,monkey,whale,cow,camel,goat,eagle,parrot,fish,bee,sloth,bat,rabbit,squirrel,rat,mouse,pig,sheep,donkey,mule,horse,cheetah,jaguar,moose,elk",-5.0499
01KFVB19T93B4SA3VEXZ5TEC2A,38,ngram-2,animals,porcupine,bison,False,True,0,"koala,dog,cat,tiger,elephant,zebra,dolphin,bear,lion,kangaroo,fox,giraffe,monkey,whale,cow,camel,goat,eagle,parrot,fish,bee,sloth,bat,rabbit,squirrel,rat,mouse,pig,sheep,donkey,mule,horse,cheetah,jaguar,moose,elk,reindeer",-5.0466
01KFVB19T93B4SA3VEXZ5TEC2A,39,ngram-2,animals,leopard,ant,False,True,0,"koala,dog,cat,tiger,elephant,zebra,dolphin,bear,lion,kangaroo,fox,giraffe,monkey,whale,cow,camel,goat,eagle,parrot,fish,bee,sloth,bat,rabbit,squirrel,rat,mouse,pig,sheep,donkey,mule,horse,cheetah,jaguar,moose,elk,reindeer,porcupine",-5.0531
01KFVB19T93B4SA3VEXZ5TEC2A,40,ngram-2,animals,puma,antelope,False,True,0,"koala,dog,cat,tiger,elephant,zebra,dolphin,bear,lion,kangaroo,fox,giraffe,monkey,whale,cow,camel,goat,eagle,parrot,fish,bee,sloth,bat,rabbit,squirrel,rat,mouse,pig,sheep,donkey,mule,horse,cheetah,jaguar,moose,elk,reindeer,porcupine,leopard",-4.6974
01KFVB19T93B4SA3VEXZ5TEC2A,41,ngram-2,animals,seal,leopard,False,True,0,"koala,dog,cat,tiger,elephant,zebra,dolphin,bear,lion,kangaroo,fox,giraffe,monkey,whale,cow,camel,goat,eagle,parrot,fish,bee,sloth,bat,rabbit,squirrel,rat,mouse,pig,sheep,donkey,mule,horse,cheetah,jaguar,moose,elk,reindeer,porcupine,leopard,puma",-4.6444
01KFVB19T93B4SA3VEXZ5TEC2A,42,ngram-2,animals,orca,cow,False,True,0,"koala,dog,cat,tiger,elephant,zebra,dolphin,bear,lion,kangaroo,fox,giraffe,monkey,whale,cow,camel,goat,eagle,parrot,fish,bee,sloth,bat,rabbit,squirrel,rat,mouse,pig,sheep,donkey,mule,horse,cheetah,jaguar,moose,elk,reindeer,porcupine,leopard,puma,seal",-5.0531
01KFVB19T93B4SA3VEXZ5TEC2A,43,ngram-2,animals,walrus,dolphin,False,True,0,"koala,dog,cat,tiger,elephant,zebra,dolphin,bear,lion,kangaroo,fox,giraffe,monkey,whale,cow,camel,goat,eagle,parrot,fish,bee,sloth,bat,rabbit,squirrel,rat,mouse,pig,sheep,donkey,mule,horse,cheetah,jaguar,moose,elk,reindeer,porcupine,leopard,puma,seal,orca",-4.6444
01KFVB19T93B4SA3VEXZ5TEC2A,44,ngram-2,animals,manatee,aardvark,False,True,0,"koala,dog,cat,tiger,elephant,zebra,dolphin,bear,lion,kangaroo,fox,giraffe,monkey,whale,cow,camel,goat,eagle,parrot,fish,bee,sloth,bat,rabbit,squirrel,rat,mouse,pig,sheep,donkey,mule,horse,cheetah,jaguar,moose,elk,reindeer,porcupine,leopard,puma,seal,orca,walrus",-5.0466
01KFVB19T93B4SA3VEXZ5TEC2A,45,ngram-2,animals,gorilla,hyena,False,True,0,"koala,dog,cat,tiger,elephant,zebra,dolphin,bear,lion,kangaroo,fox,giraffe,monkey,whale,cow,camel,goat,eagle,parrot,fish,bee,sloth,bat,rabbit,squirrel,rat,mouse,pig,sheep,donkey,mule,horse,cheetah,jaguar,moose,elk,reindeer,porcupine,leopard,puma,seal,orca,walrus,manatee",-5.0370
01KFVB19T93B4SA3VEXZ5TEC2A,46,ngram-2,animals,lemur,chimpanzee,False,True,0,"koala,dog,cat,tiger,elephant,zebra,dolphin,bear,lion,kangaroo,fox,giraffe,monkey,whale,cow,camel,goat,eagle,parrot,fish,bee,sloth,bat,rabbit,squirrel,rat,mouse,pig,sheep,donkey,mule,horse,cheetah,jaguar,moose,elk,reindeer,porcupine,leopard,puma,seal,orca,walrus,manatee,gorilla",-4.1836
01KFVB19T93B4SA3VEXZ5TEC2A,47,ngram-2,animals,mole,albatross,False,True,0,"koala,dog,cat,tiger,elephant,zebra,dolphin,bear,lion,kangaroo,fox,giraffe,monkey,whale,cow,camel,goat,eagle,parrot,fish,bee,sloth,bat,rabbit,squirrel,rat,mouse,pig,sheep,donkey,mule,horse,cheetah,jaguar,moose,elk,reindeer,porcupine,leopard,puma,seal,orca,walrus,manatee,gorilla,lemur",-5.0531
01KFVB19T93B4SA3VEXZ5TEC2A,48,ngram-2,animals,armadillo,aardvark,False,True,0,"koala,dog,cat,tiger,elephant,zebra,dolphin,bear,lion,kangaroo,fox,giraffe,monkey,whale,cow,camel,goat,eagle,parrot,fish,bee,sloth,bat,rabbit,squirrel,rat,mouse,pig,sheep,donkey,mule,horse,cheetah,jaguar,moose,elk,reindeer,porcupine,leopard,puma,seal,orca,walrus,manatee,gorilla,lemur,mole",-5.0499
01KFVB19T93B4SA3VEXZ5TEC2A,49,ngram-2,animals,platypus,beaver,False,True,0,"koala,dog,cat,tiger,elephant,zebra,dolphin,bear,lion,kangaroo,fox,giraffe,monkey,whale,cow,camel,goat,eagle,parrot,fish,bee,sloth,bat,rabbit,squirrel,rat,mouse,pig,sheep,donkey,mule,horse,cheetah,jaguar,moose,elk,reindeer,porcupine,leopard,puma,seal,orca,walrus,manatee,gorilla,lemur,mole,armadillo",-5.0531
01KFVB19T93B4SA3VEXZ5TEC2A,50,ngram-2,animals,ant,aardvark,False,True,0,"koala,dog,cat,tiger,elephant,zebra,dolphin,bear,lion,kangaroo,fox,giraffe,monkey,whale,cow,camel,goat,eagle,parrot,fish,bee,sloth,bat,rabbit,squirrel,rat,mouse,pig,sheep,donkey,mule,horse,cheetah,jaguar,moose,elk,reindeer,porcupine,leopard,puma,seal,orca,walrus,manatee,gorilla,lemur,mole,armadillo,platypus",-5.7268
01KFVB19T93B4SA3VEXZ5TEC2A,51,ngram-2,animals,spider,bee,False,True,0,"koala,dog,cat,tiger,elephant,zebra,dolphin,bear,lion,kangaroo,fox,giraffe,monkey,whale,cow,camel,goat,eagle,parrot,fish,bee,sloth,bat,rabbit,squirrel,rat,mouse,pig,sheep,donkey,mule,horse,cheetah,jaguar,moose,elk,reindeer,porcupine,leopard,puma,seal,orca,walrus,manatee,gorilla,lemur,mole,armadillo,platypus,ant",-4.1866
01KFVB19T93B4SA3VEXZ5TEC2A,52,ngram-2,animals,grasshopper,ant,False,True,0,"koala,dog,cat,tiger,elephant,zebra,dolphin,bear,lion,kangaroo,fox,giraffe,monkey,whale,cow,camel,goat,eagle,parrot,fish,bee,sloth,bat,rabbit,squirrel,rat,mouse,pig,sheep,donkey,mule,horse,cheetah,jaguar,moose,elk,reindeer,porcupine,leopard,puma,seal,orca,walrus,manatee,gorilla,lemur,mole,armadillo,platypus,ant,spider",-5.0814
01KFVB1D6RPECNYKEKWYT56TMM,2,ngram-2,animals,pig,tiger,False,True,0,"giraffe",-4.4278
01KFVB1D6RPECNYKEKWYT56TMM,3,ngram-2,animals,dog,cow,False,True,0,"giraffe,pig",-3.7495
01KFVB1D6RPECNYKEKWYT56TMM,4,ngram-2,animals,goat,cat,False,True,0,"giraffe,pig,dog",-2.3653
01KFVB1D6RPECNYKEKWYT56TMM,5,ngram-2,animals,sheep,sheep,True,True,0,"giraffe,pig,dog,goat",-4.1927
01KFVB1D6RPECNYKEKWYT56TMM,6,ngram-2,animals,cow,cow,True,True,0,"giraffe,pig,dog,goat,sheep",-3.8652
01KFVB1D6RPECNYKEKWYT56TMM,7,ngram-2,animals,llama,chicken,False,True,0,"giraffe,pig,dog,goat,sheep,cow",-3.6463
01KFVB1D6RPECNYKEKWYT56TMM,8,ngram-2,animals,zebra,alpaca,False,True,0,"giraffe,pig,dog,goat,sheep,cow,llama",-4.1589
01KFVB1D6RPECNYKEKWYT56TMM,9,ngram-2,animals,lion,horse,False,True,0,"giraffe,pig,dog,goat,sheep,cow,llama,zebra",-4.1987
01KFVB1D6RPECNYKEKWYT56TMM,10,ngram-2,animals,pony,tiger,False,True,0,"giraffe,pig,dog,goat,sheep,cow,llama,zebra,lion",-3.1753
01KFVB1D6RPECNYKEKWYT56TMM,11,ngram-2,animals,cat,cheetah,False,True,0,"giraffe,pig,dog,goat,sheep,cow,llama,zebra,lion,pony",-5.0499
01KFVB1D6RPECNYKEKWYT56TMM,12,ngram-2,animals,fox,dog,False,True,0,"giraffe,pig,dog,goat,sheep,cow,llama,zebra,lion,pony,cat",-2.8526
01KFVB1D6RPECNYKEKWYT56TMM,13,ngram-2,animals,bear,wolf,False,True,0,"giraffe,pig,dog,goat,sheep,cow,llama,zebra,lion,pony,cat,fox",-3.8622
01KFVB1D6RPECNYKEKWYT56TMM,14,ngram-2,animals,rabbit,lion,False,True,0,"giraffe,pig,dog,goat,sheep,cow,llama,zebra,lion,pony,cat,fox,bear",-4.4338
01KFVB1D6RPECNYKEKWYT56TMM,15,ngram-2,animals,hare,hare,True,True,0,"giraffe,pig,dog,goat,sheep,cow,llama,zebra,lion,pony,cat,fox,bear,rabbit",-4.2166
01KFVB1D6RPECNYKEKWYT56TMM,16,ngram-2,animals,guineapig,baboon,False,True,0,"giraffe,pig,dog,goat,sheep,cow,llama,zebra,lion,pony,cat,fox,bear,rabbit,hare",-5.0562
01KFVB1D6RPECNYKEKWYT56TMM,17,ngram-2,animals,mouse,mouse,True,True,0,"giraffe,pig,dog,goat,sheep,cow,llama,zebra,lion,pony,cat,fox,bear,rabbit,hare,guinea pig",-4.6540
01KFVB1D6RPECNYKEKWYT56TMM,18,ngram-2,animals,ferret,rat,False,True,0,"giraffe,pig,dog,goat,sheep,cow,llama,zebra,lion,pony,cat,fox,bear,rabbit,hare,guinea pig,mouse",-3.7406
01KFVB1D6RPECNYKEKWYT56TMM,19,ngram-2,animals,stoat,baboon,False,True,0,"giraffe,pig,dog,goat,sheep,cow,llama,zebra,lion,pony,cat,fox,bear,rabbit,hare,guinea pig,mouse,ferret",-5.0499
01KFVB1D6RPECNYKEKWYT56TMM,20,ngram-2,animals,donkey,aardvark,False,True,0,"giraffe,pig,dog,goat,sheep,cow,llama,zebra,lion,pony,cat,fox,bear,rabbit,hare,guinea pig,mouse,ferret,stoat",-5.7268
01KFVB1D6RPECNYKEKWYT56TMM,21,ngram-2,animals,horse,mule,False,True,0,"giraffe,pig,dog,goat,sheep,cow,llama,zebra,lion,pony,cat,fox,bear,rabbit,hare,guinea pig,mouse,ferret,stoat,donkey",-4.4006
01KFVB1D6RPECNYKEKWYT56TMM,22,ngram-2,animals,wolf,cow,False,True,0,"giraffe,pig,dog,goat,sheep,cow,llama,zebra,lion,pony,cat,fox,bear,rabbit,hare,guinea pig,mouse,ferret,stoat,donkey,horse",-3.7670
01KFVB1D6RPECNYKEKWYT56TMM,23,ngram-2,animals,elephant,fox,False,True,0,"giraffe,pig,dog,goat,sheep,cow,llama,zebra,lion,pony,cat,fox,bear,rabbit,hare,guinea pig,mouse,ferret,stoat,donkey,horse,wolf",-4.3975
01KFVB1D6RPECNYKEKWYT56TMM,24,ngram-2,animals,rhinoceros,tiger,False,True,0,"giraffe,pig,dog,goat,sheep,cow,llama,zebra,lion,pony,cat,fox,bear,rabbit,hare,guinea pig,mouse,ferret,stoat,donkey,horse,wolf,elephant",-3.9092
01KFVB1D6RPECNYKEKWYT56TMM,25,ngram-2,animals,shrew,chimpanzee,False,True,0,"giraffe,pig,dog,goat,sheep,cow,llama,zebra,lion,pony,cat,fox,bear,rabbit,hare,guinea pig,mouse,ferret,stoat,donkey,horse,wolf,elephant,rhinoceros",-5.0370
01KFVB1D6RPECNYKEKWYT56TMM,26,ngram-2,animals,vole,donkey,False,True,0,"giraffe,pig,dog,goat,sheep,cow,llama,zebra,lion,pony,cat,fox,bear,rabbit,hare,guinea pig,mouse,ferret,stoat,donkey,horse,wolf,elephant,rhinoceros,shrew",-5.0434
01KFVB1D6RPECNYKEKWYT56TMM,27,ngram-2,animals,gerbil,shrew,False,True,0,"giraffe,pig,dog,goat,sheep,cow,llama,zebra,lion,pony,cat,fox,bear,rabbit,hare,guinea pig,mouse,ferret,stoat,donkey,horse,wolf,elephant,rhinoceros,shrew,vole",-4.6444
01KFVB1D6RPECNYKEKWYT56TMM,28,ngram-2,animals,rat,guineapig,False,True,0,"giraffe,pig,dog,goat,sheep,cow,llama,zebra,lion,pony,cat,fox,bear,rabbit,hare,guinea pig,mouse,ferret,stoat,donkey,horse,wolf,elephant,rhinoceros,shrew,vole,gerbil",-5.0466
01KFVB1D6RPECNYKEKWYT56TMM,29,ngram-2,animals,chinchilla,mouse,False,True,0,"giraffe,pig,dog,goat,sheep,cow,llama,zebra,lion,pony,cat,fox,bear,rabbit,hare,guinea pig,mouse,ferret,stoat,donkey,horse,wolf,elephant,rhinoceros,shrew,vole,gerbil,rat",-3.1120
01KFVB1D6RPECNYKEKWYT56TMM,30,ngram-2,animals,bat,hamster,False,True,0,"giraffe,pig,dog,goat,sheep,cow,llama,zebra,lion,pony,cat,fox,bear,rabbit,hare,guinea pig,mouse,ferret,stoat,donkey,horse,wolf,elephant,rhinoceros,shrew,vole,gerbil,rat,chinchilla",-5.0434
01KFVB1D6RPECNYKEKWYT56TMM,31,ngram-2,animals,monkey,rabbit,False,True,0,"giraffe,pig,dog,goat,sheep,cow,llama,zebra,lion,pony,cat,fox,bear,rabbit,hare,guinea pig,mouse,ferret,stoat,donkey,horse,wolf,elephant,rhinoceros,shrew,vole,gerbil,rat,chinchilla,bat",-4.6666
01KFVB3GCQ2ASEP1SP5PVGYAG7,2,ngram-2,animals,dog,dog,True,True,0,"cat",-2.8987
01KFVB3GCQ2ASEP1SP5PVGYAG7,3,ngram-2,animals,lion,cat,False,True,0,"cat,dog",-2.3625
01KFVB3GCQ2ASEP1SP5PVGYAG7,4,ngram-2,animals,tiger,tiger,True,True,0,"cat,dog,lion",-3.2415
01KFVB3GCQ2ASEP1SP5PVGYAG7,5,ngram-2,animals,chicken,lion,False,True,0,"cat,dog,lion,tiger",-3.1470
01KFVB3GCQ2ASEP1SP5PVGYAG7,6,ngram-2,animals,turkey,horse,False,True,0,"cat,dog,lion,tiger,chicken",-4.1987
01KFVB3GCQ2ASEP1SP5PVGYAG7,7,ngram-2,animals,cheetah,chicken,False,True,0,"cat,dog,lion,tiger,chicken,turkey",-5.0466
01KFVB3GCQ2ASEP1SP5PVGYAG7,8,ngram-2,animals,leopard,jaguar,False,True,0,"cat,dog,lion,tiger,chicken,turkey,cheetah",-4.1836
01KFVB3GCQ2ASEP1SP5PVGYAG7,9,ngram-2,animals,frog,antelope,False,True,0,"cat,dog,lion,tiger,chicken,turkey,cheetah,leopard",-4.6944
01KFVB3GCQ2ASEP1SP5PVGYAG7,10,ngram-2,animals,snake,newt,False,True,0,"cat,dog,lion,tiger,chicken,turkey,cheetah,leopard,frog",-4.6728
01KFVB3GCQ2ASEP1SP5PVGYAG7,11,ngram-2,animals,ant,lizard,False,True,0,"cat,dog,lion,tiger,chicken,turkey,cheetah,leopard,frog,snake",-4.0164
01KFVB3GCQ2ASEP1SP5PVGYAG7,12,ngram-2,animals,eagle,bee,False,True,0,"cat,dog,lion,tiger,chicken,turkey,cheetah,leopard,frog,snake,ant",-4.1836
01KFVB3GCQ2ASEP1SP5PVGYAG7,13,ngram-2,animals,elephant,robin,False,True,0,"cat,dog,lion,tiger,chicken,turkey,cheetah,leopard,frog,snake,ant,eagle",-4.3975
01KFVB3GCQ2ASEP1SP5PVGYAG7,14,ngram-2,animals,llama,tiger,False,True,0,"cat,dog,lion,tiger,chicken,turkey,cheetah,leopard,frog,snake,ant,eagle,elephant",-3.9063
01KFVB3GCQ2ASEP1SP5PVGYAG7,15,ngram-2,animals,alpaca,alpaca,True,True,0,"cat,dog,lion,tiger,chicken,turkey,cheetah,leopard,frog,snake,ant,eagle,elephant,llama",-4.3789
01KFVB3GCQ2ASEP1SP5PVGYAG7,16,ngram-2,animals,peacock,donkey,False,True,0,"cat,dog,lion,tiger,chicken,turkey,cheetah,leopard,frog,snake,ant,eagle,elephant,llama,alpaca",-5.0466
01KFVB3GCQ2ASEP1SP5PVGYAG7,17,ngram-2,animals,pig,hawk,False,True,0,"cat,dog,lion,tiger,chicken,turkey,cheetah,leopard,frog,snake,ant,eagle,elephant,llama,alpaca,peacock",-4.6476
01KFVB3GCQ2ASEP1SP5PVGYAG7,18,ngram-2,animals,cow,cow,True,True,0,"cat,dog,lion,tiger,chicken,turkey,cheetah,leopard,frog,snake,ant,eagle,elephant,llama,alpaca,peacock,pig",-3.8801
01KFVB3GCQ2ASEP1SP5PVGYAG7,19,ngram-2,animals,sheep,chicken,False,True,0,"cat,dog,lion,tiger,chicken,turkey,cheetah,leopard,frog,snake,ant,eagle,elephant,llama,alpaca,peacock,pig,cow",-3.6434
01KFVB3GCQ2ASEP1SP5PVGYAG7,20,ngram-2,animals,duck,cow,False,True,0,"cat,dog,lion,tiger,chicken,turkey,cheetah,leopard,frog,snake,ant,eagle,elephant,llama,alpaca,peacock,pig,cow,sheep",-3.7287
01KFVB3GCQ2ASEP1SP5PVGYAG7,21,ngram-2,animals,goose,chicken,False,True,0,"cat,dog,lion,tiger,chicken,turkey,cheetah,leopard,frog,snake,ant,eagle,elephant,llama,alpaca,peacock,pig,cow,sheep,duck",-4.3820
01KFVB3GCQ2ASEP1SP5PVGYAG7,22,ngram-2,animals,hare,bandicoot,False,True,0,"cat,dog,lion,tiger,chicken,turkey,cheetah,leopard,frog,snake,ant,eagle,elephant,llama,alpaca,peacock,pig,cow,sheep,duck,goose",-5.0499
01KFVB3GCQ2ASEP1SP5PVGYAG7,23,ngram-2,animals,rabbit,baboon,False,True,0,"cat,dog,lion,tiger,chicken,turkey,cheetah,leopard,frog,snake,ant,eagle,elephant,llama,alpaca,peacock,pig,cow,sheep,duck,goose,hare",-5.0531
01KFVB3GCQ2ASEP1SP5PVGYAG7,24,ngram-2,animals,hamster,hare,False,True,0,"cat,dog,lion,tiger,chicken,turkey,cheetah,leopard,frog,snake,ant,eagle,elephant,llama,alpaca,peacock,pig,cow,sheep,duck,goose,hare,rabbit",-4.0313
01KFVB3GCQ2ASEP1SP5PVGYAG7,25,ngram-2,animals,boar,rat,False,True,0,"cat,dog,lion,tiger,chicken,turkey,cheetah,leopard,frog,snake,ant,eagle,elephant,llama,alpaca,peacock,pig,cow,sheep,duck,goose,hare,rabbit,hamster",-4.3820
01KFVB3GCQ2ASEP1SP5PVGYAG7,26,ngram-2,animals,turtle,bat,False,True,0,"cat,dog,lion,tiger,chicken,turkey,cheetah,leopard,frog,snake,ant,eagle,elephant,llama,alpaca,peacock,pig,cow,sheep,duck,goose,hare,rabbit,hamster,boar",-5.0402
01KFVB3GCQ2ASEP1SP5PVGYAG7,27,ngram-2,animals,tortoise,tortoise,True,True,0,"cat,dog,lion,tiger,chicken,turkey,cheetah,leopard,frog,snake,ant,eagle,elephant,llama,alpaca,peacock,pig,cow,sheep,duck,goose,hare,rabbit,hamster,boar,turtle",-4.6603
01KFVB3GCQ2ASEP1SP5PVGYAG7,28,ngram-2,animals,toad,turtle,False,True,0,"cat,dog,lion,tiger,chicken,turkey,cheetah,leopard,frog,snake,ant,eagle,elephant,llama,alpaca,peacock,pig,cow,sheep,duck,goose,hare,rabbit,hamster,boar,turtle,tortoise",-4.6508
01KFVB3GCQ2ASEP1SP5PVGYAG7,29,ngram-2,animals,shark,frog,False,True,0,"cat,dog,lion,tiger,chicken,turkey,cheetah,leopard,frog,snake,ant,eagle,elephant,llama,alpaca,peacock,pig,cow,sheep,duck,goose,hare,rabbit,hamster,boar,turtle,tortoise,toad",-4.6476
01KFVB3GCQ2ASEP1SP5PVGYAG7,30,ngram-2,animals,tuna,dolphin,False,True,0,"cat,dog,lion,tiger,chicken,turkey,cheetah,leopard,frog,snake,ant,eagle,elephant,llama,alpaca,peacock,pig,cow,sheep,duck,goose,hare,rabbit,hamster,boar,turtle,tortoise,toad,shark",-4.3944
01KFVB3GCQ2ASEP1SP5PVGYAG7,31,ngram-2,animals,bass,alligator,False,True,0,"cat,dog,lion,tiger,chicken,turkey,cheetah,leopard,frog,snake,ant,eagle,elephant,llama,alpaca,peacock,pig,cow,sheep,duck,goose,hare,rabbit,hamster,boar,turtle,tortoise,toad,shark,tuna",-5.0434
01KFVB3GCQ2ASEP1SP5PVGYAG7,32,ngram-2,animals,walleye,aardvark,False,True,0,"cat,dog,lion,tiger,chicken,turkey,cheetah,leopard,frog,snake,ant,eagle,elephant,llama,alpaca,peacock,pig,cow,sheep,duck,goose,hare,rabbit,hamster,boar,turtle,tortoise,toad,shark,tuna,bass",-5.7236
01KFVB3GCQ2ASEP1SP5PVGYAG7,33,ngram-2,animals,goat,aardvark,False,True,0,"cat,dog,lion,tiger,chicken,turkey,cheetah,leopard,frog,snake,ant,eagle,elephant,llama,alpaca,peacock,pig,cow,sheep,duck,goose,hare,rabbit,hamster,boar,turtle,tortoise,toad,shark,tuna,bass,walleye",-5.7236
01KFVB3GCQ2ASEP1SP5PVGYAG7,34,ngram-2,animals,deer,sheep,False,True,0,"cat,dog,lion,tiger,chicken,turkey,cheetah,leopard,frog,snake,ant,eagle,elephant,llama,alpaca,peacock,pig,cow,sheep,duck,goose,hare,rabbit,hamster,boar,turtle,tortoise,toad,shark,tuna,bass,walleye,goat",-4.0073
01KFVB3GCQ2ASEP1SP5PVGYAG7,35,ngram-2,animals,moose,moose,True,True,0,"cat,dog,lion,tiger,chicken,turkey,cheetah,leopard,frog,snake,ant,eagle,elephant,llama,alpaca,peacock,pig,cow,sheep,duck,goose,hare,rabbit,hamster,boar,turtle,tortoise,toad,shark,tuna,bass,walleye,goat,deer",-4.6974
01KFVB3GCQ2ASEP1SP5PVGYAG7,36,ngram-2,animals,elk,deer,False,True,0,"cat,dog,lion,tiger,chicken,turkey,cheetah,leopard,frog,snake,ant,eagle,elephant,llama,alpaca,peacock,pig,cow,sheep,duck,goose,hare,rabbit,hamster,boar,turtle,tortoise,toad,shark,tuna,bass,walleye,goat,deer,moose",-4.6603
01KFVB3GCQ2ASEP1SP5PVGYAG7,37,ngram-2,animals,bear,reindeer,False,True,0,"cat,dog,lion,tiger,chicken,turkey,cheetah,leopard,frog,snake,ant,eagle,elephant,llama,alpaca,peacock,pig,cow,sheep,duck,goose,hare,rabbit,hamster,boar,turtle,tortoise,toad,shark,tuna,bass,walleye,goat,deer,moose,elk",-4.6412
01KFVB3GCQ2ASEP1SP5PVGYAG7,38,ngram-2,animals,panda,lion,False,True,0,"cat,dog,lion,tiger,chicken,turkey,cheetah,leopard,frog,snake,ant,eagle,elephant,llama,alpaca,peacock,pig,cow,sheep,duck,goose,hare,rabbit,hamster,boar,turtle,tortoise,toad,shark,tuna,bass,walleye,goat,deer,moose,elk,bear",-4.4308
01KFVB3GCQ2ASEP1SP5PVGYAG7,39,ngram-2,animals,kangaroo,bear,False,True,0,"cat,dog,lion,tiger,chicken,turkey,cheetah,leopard,frog,snake,ant,eagle,elephant,llama,alpaca,peacock,pig,cow,sheep,duck,goose,hare,rabbit,hamster,boar,turtle,tortoise,toad,shark,tuna,bass,walleye,goat,deer,moose,elk,bear,panda",-4.4006
01KFVB3GCQ2ASEP1SP5PVGYAG7,40,ngram-2,animals,koala,koala,True,True,0,"cat,dog,lion,tiger,chicken,turkey,cheetah,leopard,frog,snake,ant,eagle,elephant,llama,alpaca,peacock,pig,cow,sheep,duck,goose,hare,rabbit,hamster,boar,turtle,tortoise,toad,shark,tuna,bass,walleye,goat,deer,moose,elk,bear,panda,kangaroo",-3.9797
01KFVB3GCQ2ASEP1SP5PVGYAG7,41,ngram-2,animals,alligator,panda,False,True,0,"cat,dog,lion,tiger,chicken,turkey,cheetah,leopard,frog,snake,ant,eagle,elephant,llama,alpaca,peacock,pig,cow,sheep,duck,goose,hare,rabbit,hamster,boar,turtle,tortoise,toad,shark,tuna,bass,walleye,goat,deer,moose,elk,bear,panda,kangaroo,koala",-4.6666
01KFVB3GCQ2ASEP1SP5PVGYAG7,42,ngram-2,animals,crocodile,crocodile,True,True,0,"cat,dog,lion,tiger,chicken,turkey,cheetah,leopard,frog,snake,ant,eagle,elephant,llama,alpaca,peacock,pig,cow,sheep,duck,goose,hare,rabbit,hamster,boar,turtle,tortoise,toad,shark,tuna,bass,walleye,goat,deer,moose,elk,bear,panda,kangaroo,koala,alligator",-3.6826
01KFVB3GCQ2ASEP1SP5PVGYAG7,43,ngram-2,animals,capybara,alligator,False,True,0,"cat,dog,lion,tiger,chicken,turkey,cheetah,leopard,frog,snake,ant,eagle,elephant,llama,alpaca,peacock,pig,cow,sheep,duck,goose,hare,rabbit,hamster,boar,turtle,tortoise,toad,shark,tuna,bass,walleye,goat,deer,moose,elk,bear,panda,kangaroo,koala,alligator,crocodile",-4.6759
01KFVB3GCQ2ASEP1SP5PVGYAG7,44,ngram-2,animals,jaguar,llama,False,True,0,"cat,dog,lion,tiger,chicken,turkey,cheetah,leopard,frog,snake,ant,eagle,elephant,llama,alpaca,peacock,pig,cow,sheep,duck,goose,hare,rabbit,hamster,boar,turtle,tortoise,toad,shark,tuna,bass,walleye,goat,deer,moose,elk,bear,panda,kangaroo,koala,alligator,crocodile,capybara",-5.0370
01KFVB3GCQ2ASEP1SP5PVGYAG7,45,ngram-2,animals,cougar,anteater,False,True,0,"cat,dog,lion,tiger,chicken,turkey,cheetah,leopard,frog,snake,ant,eagle,elephant,llama,alpaca,peacock,pig,cow,sheep,duck,goose,hare,rabbit,hamster,boar,turtle,tortoise,toad,shark,tuna,bass,walleye,goat,deer,moose,elk,bear,panda,kangaroo,koala,alligator,crocodile,capybara,jaguar",-5.0720
01KFVB3GCQ2ASEP1SP5PVGYAG7,46,ngram-2,animals,bison,ferret,False,True,0,"cat,dog,lion,tiger,chicken,turkey,cheetah,leopard,frog,snake,ant,eagle,elephant,llama,alpaca,peacock,pig,cow,sheep,duck,goose,hare,rabbit,hamster,boar,turtle,tortoise,toad,shark,tuna,bass,walleye,goat,deer,moose,elk,bear,panda,kangaroo,koala,alligator,crocodile,capybara,jaguar,cougar",-5.0434
01KFVB3GCQ2ASEP1SP5PVGYAG7,47,ngram-2,animals,coyote,antelope,False,True,0,"cat,dog,lion,tiger,chicken,turkey,cheetah,leopard,frog,snake,ant,eagle,elephant,llama,alpaca,peacock,pig,cow,sheep,duck,goose,hare,rabbit,hamster,boar,turtle,tortoise,toad,shark,tuna,bass,walleye,goat,deer,moose,elk,bear,panda,kangaroo,koala,alligator,crocodile,capybara,jaguar,cougar,bison",-5.0626
01KFVB4WW841Q5AG47NA866WJ3,2,ngram-2,animals,dog,dog,True,True,0,"cat",-2.9042
01KFVB4WW841Q5AG47NA866WJ3,3,ngram-2,animals,bear,cat,False,True,0,"cat,dog",-2.3680
01KFVB4WW841Q5AG47NA866WJ3,4,ngram-2,animals,elephant,lion,False,True,0,"cat,dog,bear",-4.4368
01KFVB4WW841Q5AG47NA866WJ3,5,ngram-2,animals,rabbit,tiger,False,True,0,"cat,dog,bear,elephant",-3.9120
01KFVB4WW841Q5AG47NA866WJ3,6,ngram-2,animals,lion,hare,False,True,0,"cat,dog,bear,elephant,rabbit",-4.0372
01KFVB4WW841Q5AG47NA866WJ3,7,ngram-2,animals,rhino,tiger,False,True,0,"cat,dog,bear,elephant,rabbit,lion",-3.1781
01KFVB4WW841Q5AG47NA866WJ3,8,ngram-2,animals,cheetah,hippopotamus,False,True,0,"cat,dog,bear,elephant,rabbit,lion,rhino",-4.3758
01KFVB4WW841Q5AG47NA866WJ3,9,ngram-2,animals,giraffe,jaguar,False,True,0,"cat,dog,bear,elephant,rabbit,lion,rhino,cheetah",-4.1897
01KFVB4WW841Q5AG47NA866WJ3,10,ngram-2,animals,monkey,tiger,False,True,0,"cat,dog,bear,elephant,rabbit,lion,rhino,cheetah,giraffe",-4.4308
01KFVB4WW841Q5AG47NA866WJ3,11,ngram-2,animals,gorilla,chimpanzee,False,True,0,"cat,dog,bear,elephant,rabbit,lion,rhino,cheetah,giraffe,monkey",-4.0372
01KFVB4WW841Q5AG47NA866WJ3,12,ngram-2,animals,zebra,chimpanzee,False,True,0,"cat,dog,bear,elephant,rabbit,lion,rhino,cheetah,giraffe,monkey,gorilla",-4.1866
01KFVB4WW841Q5AG47NA866WJ3,13,ngram-2,animals,hyena,horse,False,True,0,"cat,dog,bear,elephant,rabbit,lion,rhino,cheetah,giraffe,monkey,gorilla,zebra",-4.2017
01KFVB4WW841Q5AG47NA866WJ3,14,ngram-2,animals,deer,badger,False,True,0,"cat,dog,bear,elephant,rabbit,lion,rhino,cheetah,giraffe,monkey,gorilla,zebra,hyena",-5.0594
01KFVB4WW841Q5AG47NA866WJ3,15,ngram-2,animals,snake,moose,False,True,0,"cat,dog,bear,elephant,rabbit,lion,rhino,cheetah,giraffe,monkey,gorilla,zebra,hyena,deer",-4.4158
01KFVB4WW841Q5AG47NA866WJ3,16,ngram-2,animals,donkey,lizard,False,True,0,"cat,dog,bear,elephant,rabbit,lion,rhino,cheetah,giraffe,monkey,gorilla,zebra,hyena,deer,snake",-4.0224
01KFVB4WW841Q5AG47NA866WJ3,17,ngram-2,animals,horse,mule,False,True,0,"cat,dog,bear,elephant,rabbit,lion,rhino,cheetah,giraffe,monkey,gorilla,zebra,hyena,deer,snake,donkey",-4.4037
01KFVB4WW841Q5AG47NA866WJ3,18,ngram-2,animals,ostrich,cow,False,True,0,"cat,dog,bear,elephant,rabbit,lion,rhino,cheetah,giraffe,monkey,gorilla,zebra,hyena,deer,snake,donkey,horse",-3.7699
01KFVB4WW841Q5AG47NA866WJ3,19,ngram-2,animals,crocodile,emu,False,True,0,"cat,dog,bear,elephant,rabbit,lion,rhino,cheetah,giraffe,monkey,gorilla,zebra,hyena,deer,snake,donkey,horse,ostrich",-4.6571
01KFVB4WW841Q5AG47NA866WJ3,20,ngram-2,animals,lizard,alligator,False,True,0,"cat,dog,bear,elephant,rabbit,lion,rhino,cheetah,giraffe,monkey,gorilla,zebra,hyena,deer,snake,donkey,horse,ostrich,crocodile",-4.6821
01KFVB4WW841Q5AG47NA866WJ3,21,ngram-2,animals,eagle,gecko,False,True,0,"cat,dog,bear,elephant,rabbit,lion,rhino,cheetah,giraffe,monkey,gorilla,zebra,hyena,deer,snake,donkey,horse,ostrich,crocodile,lizard",-4.3944
01KFVB5P0FTGWRQW8VTRPAH9JF,2,ngram-2,animals,cat,cat,True,True,0,"dog",-2.3868
01KFVB5P0FTGWRQW8VTRPAH9JF,3,ngram-2,animals,monkey,dog,False,True,0,"dog,cat",-2.8444
01KFVB5P0FTGWRQW8VTRPAH9JF,4,ngram-2,animals,fish,chimpanzee,False,True,0,"dog,cat,monkey",-4.0254
01KFVB5P0FTGWRQW8VTRPAH9JF,5,ngram-2,animals,gorilla,shark,False,True,0,"dog,cat,monkey,fish",-4.1927
01KFVB5P0FTGWRQW8VTRPAH9JF,6,ngram-2,animals,rhino,chimpanzee,False,True,0,"dog,cat,monkey,fish,gorilla",-4.1744
01KFVB5P0FTGWRQW8VTRPAH9JF,7,ngram-2,animals,bird,hippopotamus,False,True,0,"dog,cat,monkey,fish,gorilla,rhino",-4.3631
01KFVB5P0FTGWRQW8VTRPAH9JF,8,ngram-2,animals,eagle,eagle,True,True,0,"dog,cat,monkey,fish,gorilla,rhino,bird",-4.6883
01KFVB5P0FTGWRQW8VTRPAH9JF,9,ngram-2,animals,zebra,robin,False,True,0,"dog,cat,monkey,fish,gorilla,rhino,bird,eagle",-4.3914
01KFVB5P0FTGWRQW8VTRPAH9JF,10,ngram-2,animals,horse,giraffe,False,True,0,"dog,cat,monkey,fish,gorilla,rhino,bird,eagle,zebra",-4.4128
01KFVB5P0FTGWRQW8VTRPAH9JF,11,ngram-2,animals,cow,donkey,False,True,0,"dog,cat,monkey,fish,gorilla,rhino,bird,eagle,zebra,horse",-3.7583
01KFVB5P0FTGWRQW8VTRPAH9JF,12,ngram-2,animals,pig,chicken,False,True,0,"dog,cat,monkey,fish,gorilla,rhino,bird,eagle,zebra,horse,cow",-3.6376
01KFVB5P0FTGWRQW8VTRPAH9JF,13,ngram-2,animals,chicken,cow,False,True,0,"dog,cat,monkey,fish,gorilla,rhino,bird,eagle,zebra,horse,cow,pig",-3.7406
01KFVB5P0FTGWRQW8VTRPAH9JF,14,ngram-2,animals,bison,horse,False,True,0,"dog,cat,monkey,fish,gorilla,rhino,bird,eagle,zebra,horse,cow,pig,chicken",-4.1927
01KFVB5P0FTGWRQW8VTRPAH9JF,15,ngram-2,animals,frog,antelope,False,True,0,"dog,cat,monkey,fish,gorilla,rhino,bird,eagle,zebra,horse,cow,pig,chicken,bison",-5.0562
01KFVB5P0FTGWRQW8VTRPAH9JF,16,ngram-2,animals,hen,newt,False,True,0,"dog,cat,monkey,fish,gorilla,rhino,bird,eagle,zebra,horse,cow,pig,chicken,bison,frog",-4.6666
01KFVB5P0FTGWRQW8VTRPAH9JF,17,ngram-2,animals,falcon,rooster,False,True,0,"dog,cat,monkey,fish,gorilla,rhino,bird,eagle,zebra,horse,cow,pig,chicken,bison,frog,hen",-4.6380
01KFVB5P0FTGWRQW8VTRPAH9JF,18,ngram-2,animals,iguana,eagle,False,True,0,"dog,cat,monkey,fish,gorilla,rhino,bird,eagle,zebra,horse,cow,pig,chicken,bison,frog,hen,falcon",-4.6347
01KFVB5P0FTGWRQW8VTRPAH9JF,19,ngram-2,animals,lizard,chameleon,False,True,0,"dog,cat,monkey,fish,gorilla,rhino,bird,eagle,zebra,horse,cow,pig,chicken,bison,frog,hen,falcon,iguana",-5.0304
01KFVB5P0FTGWRQW8VTRPAH9JF,20,ngram-2,animals,ape,gecko,False,True,0,"dog,cat,monkey,fish,gorilla,rhino,bird,eagle,zebra,horse,cow,pig,chicken,bison,frog,hen,falcon,iguana,lizard",-4.3820
01KFVB5P0FTGWRQW8VTRPAH9JF,21,ngram-2,animals,swordfish,gorilla,False,True,0,"dog,cat,monkey,fish,gorilla,rhino,bird,eagle,zebra,horse,cow,pig,chicken,bison,frog,hen,falcon,iguana,lizard,ape",-4.1368
01KFVB5P0FTGWRQW8VTRPAH9JF,22,ngram-2,animals,tuna,gibbon,False,True,0,"dog,cat,monkey,fish,gorilla,rhino,bird,eagle,zebra,horse,cow,pig,chicken,bison,frog,hen,falcon,iguana,lizard,ape,swordfish",-5.0272
01KFVB5P0FTGWRQW8VTRPAH9JF,23,ngram-2,animals,crab,alligator,False,True,0,"dog,cat,monkey,fish,gorilla,rhino,bird,eagle,zebra,horse,cow,pig,chicken,bison,frog,hen,falcon,iguana,lizard,ape,swordfish,tuna",-5.0370
01KFVB5P0FTGWRQW8VTRPAH9JF,24,ngram-2,animals,lobster,lobster,True,True,0,"dog,cat,monkey,fish,gorilla,rhino,bird,eagle,zebra,horse,cow,pig,chicken,bison,frog,hen,falcon,iguana,lizard,ape,swordfish,tuna,crab",-3.9544
01KFVB5P0FTGWRQW8VTRPAH9JF,25,ngram-2,animals,trout,shrimp,False,True,0,"dog,cat,monkey,fish,gorilla,rhino,bird,eagle,zebra,horse,cow,pig,chicken,bison,frog,hen,falcon,iguana,lizard,ape,swordfish,tuna,crab,lobster",-4.6412
01KFVB5P0FTGWRQW8VTRPAH9JF,26,ngram-2,animals,snapper,aardvark,False,True,0,"dog,cat,monkey,fish,gorilla,rhino,bird,eagle,zebra,horse,cow,pig,chicken,bison,frog,hen,falcon,iguana,lizard,ape,swordfish,tuna,crab,lobster,trout",-5.0337
01KFVB5P0FTGWRQW8VTRPAH9JF,27,ngram-2,animals,halibut,aardvark,False,True,0,"dog,cat,monkey,fish,gorilla,rhino,bird,eagle,zebra,horse,cow,pig,chicken,bison,frog,hen,falcon,iguana,lizard,ape,swordfish,tuna,crab,lobster,trout,snapper",-5.7170
01KFVB5P0FTGWRQW8VTRPAH9JF,28,ngram-2,animals,hummingbird,aardvark,False,True,0,"dog,cat,monkey,fish,gorilla,rhino,bird,eagle,zebra,horse,cow,pig,chicken,bison,frog,hen,falcon,iguana,lizard,ape,swordfish,tuna,crab,lobster,trout,snapper,halibut",-5.7170
01KFVB5P0FTGWRQW8VTRPAH9JF,29,ngram-2,animals,hog,aardvark,False,True,0,"dog,cat,monkey,fish,gorilla,rhino,bird,eagle,zebra,horse,cow,pig,chicken,bison,frog,hen,falcon,iguana,lizard,ape,swordfish,tuna,crab,lobster,trout,snapper,halibut,hummingbird",-5.7170
01KFVB5P0FTGWRQW8VTRPAH9JF,30,ngram-2,animals,boar,chicken,False,True,0,"dog,cat,monkey,fish,gorilla,rhino,bird,eagle,zebra,horse,cow,pig,chicken,bison,frog,hen,falcon,iguana,lizard,ape,swordfish,tuna,crab,lobster,trout,snapper,halibut,hummingbird,hog",-5.0304
01KFVB5P0FTGWRQW8VTRPAH9JF,31,ngram-2,animals,snake,bat,False,True,0,"dog,cat,monkey,fish,gorilla,rhino,bird,eagle,zebra,horse,cow,pig,chicken,bison,frog,hen,falcon,iguana,lizard,ape,swordfish,tuna,crab,lobster,trout,snapper,halibut,hummingbird,hog,boar",-5.0337
01KFVB5P0FTGWRQW8VTRPAH9JF,32,ngram-2,animals,boa,lizard,False,True,0,"dog,cat,monkey,fish,gorilla,rhino,bird,eagle,zebra,horse,cow,pig,chicken,bison,frog,hen,falcon,iguana,lizard,ape,swordfish,tuna,crab,lobster,trout,snapper,halibut,hummingbird,hog,boar,snake",-4.0104
01KFVB5XA9G56M2PPK9TDYZXCZ,2,ngram-2,animals,dog,dog,True,True,0,"cat",-2.8931
01KFVB5XA9G56M2PPK9TDYZXCZ,3,ngram-2,animals,bear,cat,False,True,0,"cat,dog",-2.3570
01KFVB5XA9G56M2PPK9TDYZXCZ,4,ngram-2,animals,tiger,lion,False,True,0,"cat,dog,bear",-4.4248
01KFVB5XA9G56M2PPK9TDYZXCZ,5,ngram-2,animals,lion,lion,True,True,0,"cat,dog,bear,tiger",-3.2103
01KFVB5XA9G56M2PPK9TDYZXCZ,6,ngram-2,animals,giraffe,tiger,False,True,0,"cat,dog,bear,tiger,lion",-3.1669
01KFVB5XA9G56M2PPK9TDYZXCZ,7,ngram-2,animals,squirrel,tiger,False,True,0,"cat,dog,bear,tiger,lion,giraffe",-4.4188
01KFVB5XA9G56M2PPK9TDYZXCZ,8,ngram-2,animals,fox,beaver,False,True,0,"cat,dog,bear,tiger,lion,giraffe,squirrel",-5.0626
01KFVB5XA9G56M2PPK9TDYZXCZ,9,ngram-2,animals,goat,wolf,False,True,0,"cat,dog,bear,tiger,lion,giraffe,squirrel,fox",-3.8532
01KFVB5XA9G56M2PPK9TDYZXCZ,10,ngram-2,animals,pig,sheep,False,True,0,"cat,dog,bear,tiger,lion,giraffe,squirrel,fox,goat",-4.0013
01KFVB5XA9G56M2PPK9TDYZXCZ,11,ngram-2,animals,sheep,cow,False,True,0,"cat,dog,bear,tiger,lion,giraffe,squirrel,fox,goat,pig",-3.7406
01KFVB5XA9G56M2PPK9TDYZXCZ,12,ngram-2,animals,chicken,cow,False,True,0,"cat,dog,bear,tiger,lion,giraffe,squirrel,fox,goat,pig,sheep",-3.7227
01KFVB5XA9G56M2PPK9TDYZXCZ,13,ngram-2,animals,hen,horse,False,True,0,"cat,dog,bear,tiger,lion,giraffe,squirrel,fox,goat,pig,sheep,chicken",-4.1927
01KFVB5XA9G56M2PPK9TDYZXCZ,14,ngram-2,animals,rooster,chicken,False,True,0,"cat,dog,bear,tiger,lion,giraffe,squirrel,fox,goat,pig,sheep,chicken,hen",-5.0434
01KFVB5XA9G56M2PPK9TDYZXCZ,15,ngram-2,animals,mouse,bull,False,True,0,"cat,dog,bear,tiger,lion,giraffe,squirrel,fox,goat,pig,sheep,chicken,hen,rooster",-5.0466
01KFVB5XA9G56M2PPK9TDYZXCZ,16,ngram-2,animals,rat,rat,True,True,0,"cat,dog,bear,tiger,lion,giraffe,squirrel,fox,goat,pig,sheep,chicken,hen,rooster,mouse",-3.8652
01KFVB5XA9G56M2PPK9TDYZXCZ,17,ngram-2,animals,wolf,mouse,False,True,0,"cat,dog,bear,tiger,lion,giraffe,squirrel,fox,goat,pig,sheep,chicken,hen,rooster,mouse,rat",-3.1031
01KFVB5XA9G56M2PPK9TDYZXCZ,18,ngram-2,animals,owl,fox,False,True,0,"cat,dog,bear,tiger,lion,giraffe,squirrel,fox,goat,pig,sheep,chicken,hen,rooster,mouse,rat,wolf",-4.3883
01KFVB5XA9G56M2PPK9TDYZXCZ,19,ngram-2,animals,gecko,bat,False,True,0,"cat,dog,bear,tiger,lion,giraffe,squirrel,fox,goat,pig,sheep,chicken,hen,rooster,mouse,rat,wolf,owl",-5.0466
01KFVB5XA9G56M2PPK9TDYZXCZ,20,ngram-2,animals,lizard,anteater,False,True,0,"cat,dog,bear,tiger,lion,giraffe,squirrel,fox,goat,pig,sheep,chicken,hen,rooster,mouse,rat,wolf,owl,gecko",-5.0337
01KFVB5XA9G56M2PPK9TDYZXCZ,21,ngram-2,animals,emu,gecko,False,True,0,"cat,dog,bear,tiger,lion,giraffe,squirrel,fox,goat,pig,sheep,chicken,hen,rooster,mouse,rat,wolf,owl,gecko,lizard",-4.3820
01KFVB5XA9G56M2PPK9TDYZXCZ,22,ngram-2,animals,snake,ostrich,False,True,0,"cat,dog,bear,tiger,lion,giraffe,squirrel,fox,goat,pig,sheep,chicken,hen,rooster,mouse,rat,wolf,owl,gecko,lizard,emu",-4.6347
01KFVB5XA9G56M2PPK9TDYZXCZ,23,ngram-2,animals,frog,lizard,False,True,0,"cat,dog,bear,tiger,lion,giraffe,squirrel,fox,goat,pig,sheep,chicken,hen,rooster,mouse,rat,wolf,owl,gecko,lizard,emu,snake",-4.0104
01KFVB5XA9G56M2PPK9TDYZXCZ,24,ngram-2,animals,jellyfish,newt,False,True,0,"cat,dog,bear,tiger,lion,giraffe,squirrel,fox,goat,pig,sheep,chicken,hen,rooster,mouse,rat,wolf,owl,gecko,lizard,emu,snake,frog",-4.6666
01KFVB5XA9G56M2PPK9TDYZXCZ,25,ngram-2,animals,starfish,crab,False,True,0,"cat,dog,bear,tiger,lion,giraffe,squirrel,fox,goat,pig,sheep,chicken,hen,rooster,mouse,rat,wolf,owl,gecko,lizard,emu,snake,frog,jellyfish",-5.0370
01KFVB5XA9G56M2PPK9TDYZXCZ,26,ngram-2,animals,fish,clam,False,True,0,"cat,dog,bear,tiger,lion,giraffe,squirrel,fox,goat,pig,sheep,chicken,hen,rooster,mouse,rat,wolf,owl,gecko,lizard,emu,snake,frog,jellyfish,starfish",-5.0402
01KFVB5XA9G56M2PPK9TDYZXCZ,27,ngram-2,animals,shark,shark,True,True,0,"cat,dog,bear,tiger,lion,giraffe,squirrel,fox,goat,pig,sheep,chicken,hen,rooster,mouse,rat,wolf,owl,gecko,lizard,emu,snake,frog,jellyfish,starfish,fish",-4.4158
01KFVB5XA9G56M2PPK9TDYZXCZ,28,ngram-2,animals,dolphin,dolphin,True,True,0,"cat,dog,bear,tiger,lion,giraffe,squirrel,fox,goat,pig,sheep,chicken,hen,rooster,mouse,rat,wolf,owl,gecko,lizard,emu,snake,frog,jellyfish,starfish,fish,shark",-4.6759
01KFVB5XA9G56M2PPK9TDYZXCZ,29,ngram-2,animals,bumblebee,whale,False,True,0,"cat,dog,bear,tiger,lion,giraffe,squirrel,fox,goat,pig,sheep,chicken,hen,rooster,mouse,rat,wolf,owl,gecko,lizard,emu,snake,frog,jellyfish,starfish,fish,shark,dolphin",-4.1866
01KFVB5XA9G56M2PPK9TDYZXCZ,30,ngram-2,animals,honeybee,aardvark,False,True,0,"cat,dog,bear,tiger,lion,giraffe,squirrel,fox,goat,pig,sheep,chicken,hen,rooster,mouse,rat,wolf,owl,gecko,lizard,emu,snake,frog,jellyfish,starfish,fish,shark,dolphin,bumble bee",-5.7170
01KFVB5XA9G56M2PPK9TDYZXCZ,31,ngram-2,animals,mosquito,aardvark,False,True,0,"cat,dog,bear,tiger,lion,giraffe,squirrel,fox,goat,pig,sheep,chicken,hen,rooster,mouse,rat,wolf,owl,gecko,lizard,emu,snake,frog,jellyfish,starfish,fish,shark,dolphin,bumble bee,honey bee",-5.7170
01KFVB5XA9G56M2PPK9TDYZXCZ,32,ngram-2,animals,cockroach,fox,False,True,0,"cat,dog,bear,tiger,lion,giraffe,squirrel,fox,goat,pig,sheep,chicken,hen,rooster,mouse,rat,wolf,owl,gecko,lizard,emu,snake,frog,jellyfish,starfish,fish,shark,dolphin,bumble bee,honey bee,mosquito",-5.0272
01KFVB5XA9G56M2PPK9TDYZXCZ,33,ngram-2,animals,dragonfly,beetle,False,True,0,"cat,dog,bear,tiger,lion,giraffe,squirrel,fox,goat,pig,sheep,chicken,hen,rooster,mouse,rat,wolf,owl,gecko,lizard,emu,snake,frog,jellyfish,starfish,fish,shark,dolphin,bumble bee,honey bee,mosquito,cockroach",-4.6315
01KFVB5XA9G56M2PPK9TDYZXCZ,34,ngram-2,animals,shrimp,beetle,False,True,0,"cat,dog,bear,tiger,lion,giraffe,squirrel,fox,goat,pig,sheep,chicken,hen,rooster,mouse,rat,wolf,owl,gecko,lizard,emu,snake,frog,jellyfish,starfish,fish,shark,dolphin,bumble bee,honey bee,mosquito,cockroach,dragonfly",-5.0370
01KFVB5XA9G56M2PPK9TDYZXCZ,35,ngram-2,animals,seahorse,goose,False,True,0,"cat,dog,bear,tiger,lion,giraffe,squirrel,fox,goat,pig,sheep,chicken,hen,rooster,mouse,rat,wolf,owl,gecko,lizard,emu,snake,frog,jellyfish,starfish,fish,shark,dolphin,bumble bee,honey bee,mosquito,cockroach,dragonfly,shrimp",-5.0304
01KFVB5XA9G56M2PPK9TDYZXCZ,36,ngram-2,animals,whale,aardvark,False,True,0,"cat,dog,bear,tiger,lion,giraffe,squirrel,fox,goat,pig,sheep,chicken,hen,rooster,mouse,rat,wolf,owl,gecko,lizard,emu,snake,frog,jellyfish,starfish,fish,shark,dolphin,bumble bee,honey bee,mosquito,cockroach,dragonfly,shrimp,seahorse",-5.7170
01KFVB5XA9G56M2PPK9TDYZXCZ,37,ngram-2,animals,barracuda,dolphin,False,True,0,"cat,dog,bear,tiger,lion,giraffe,squirrel,fox,goat,pig,sheep,chicken,hen,rooster,mouse,rat,wolf,owl,gecko,lizard,emu,snake,frog,jellyfish,starfish,fish,shark,dolphin,bumble bee,honey bee,mosquito,cockroach,dragonfly,shrimp,seahorse,whale",-4.1775
01KFVB5XA9G56M2PPK9TDYZXCZ,38,ngram-2,animals,lobster,aardvark,False,True,0,"cat,dog,bear,tiger,lion,giraffe,squirrel,fox,goat,pig,sheep,chicken,hen,rooster,mouse,rat,wolf,owl,gecko,lizard,emu,snake,frog,jellyfish,starfish,fish,shark,dolphin,bumble bee,honey bee,mosquito,cockroach,dragonfly,shrimp,seahorse,whale,barracuda",-5.7170
01KFVB5XA9G56M2PPK9TDYZXCZ,39,ngram-2,animals,snail,shrimp,False,True,0,"cat,dog,bear,tiger,lion,giraffe,squirrel,fox,goat,pig,sheep,chicken,hen,rooster,mouse,rat,wolf,owl,gecko,lizard,emu,snake,frog,jellyfish,starfish,fish,shark,dolphin,bumble bee,honey bee,mosquito,cockroach,dragonfly,shrimp,seahorse,whale,barracuda,lobster",-4.6412
01KFVB62GYRNHQXPSBY74QPV8R,2,ngram-2,animals,donkey,cow,False,True,0,"pig",-3.7466
01KFVB62GYRNHQXPSBY74QPV8R,3,ngram-2,animals,cow,horse,False,True,0,"pig,donkey",-4.3975
01KFVB62GYRNHQXPSBY74QPV8R,4,ngram-2,animals,duck,chicken,False,True,0,"pig,donkey,cow",-3.6434
01KFVB62GYRNHQXPSBY74QPV8R,5,ngram-2,animals,chicken,chicken,True,True,0,"pig,donkey,cow,duck",-4.6697
01KFVB62GYRNHQXPSBY74QPV8R,6,ngram-2,animals,horse,cow,False,True,0,"pig,donkey,cow,duck,chicken",-4.4218
01KFVB62GYRNHQXPSBY74QPV8R,7,ngram-2,animals,sheep,cow,False,True,0,"pig,donkey,cow,duck,chicken,horse",-3.7641
01KFVB62GYRNHQXPSBY74QPV8R,8,ngram-2,animals,llama,cow,False,True,0,"pig,donkey,cow,duck,chicken,horse,sheep",-3.7287
01KFVB62GYRNHQXPSBY74QPV8R,9,ngram-2,animals,alpaca,alpaca,True,True,0,"pig,donkey,cow,duck,chicken,horse,sheep,llama",-4.3789
01KFVB62GYRNHQXPSBY74QPV8R,10,ngram-2,animals,whale,donkey,False,True,0,"pig,donkey,cow,duck,chicken,horse,sheep,llama,alpaca",-5.0466
01KFVB62GYRNHQXPSBY74QPV8R,11,ngram-2,animals,dolphin,shark,False,True,0,"pig,donkey,cow,duck,chicken,horse,sheep,llama,alpaca,whale",-4.1836
01KFVB62GYRNHQXPSBY74QPV8R,12,ngram-2,animals,porpoise,whale,False,True,0,"pig,donkey,cow,duck,chicken,horse,sheep,llama,alpaca,whale,dolphin",-4.1927
01KFVB62GYRNHQXPSBY74QPV8R,13,ngram-2,animals,turtle,aardvark,False,True,0,"pig,donkey,cow,duck,chicken,horse,sheep,llama,alpaca,whale,dolphin,porpoise",-5.7236
01KFVB62GYRNHQXPSBY74QPV8R,14,ngram-2,animals,komododragon,tortoise,False,True,0,"pig,donkey,cow,duck,chicken,horse,sheep,llama,alpaca,whale,dolphin,porpoise,turtle",-4.3726
01KFVB62GYRNHQXPSBY74QPV8R,15,ngram-2,animals,cat,elk,False,True,0,"pig,donkey,cow,duck,chicken,horse,sheep,llama,alpaca,whale,dolphin,porpoise,turtle,komodo dragon",-5.0370
01KFVB62GYRNHQXPSBY74QPV8R,16,ngram-2,animals,dog,dog,True,True,0,"pig,donkey,cow,duck,chicken,horse,sheep,llama,alpaca,whale,dolphin,porpoise,turtle,komodo dragon,cat",-2.8987
01KFVB62GYRNHQXPSBY74QPV8R,17,ngram-2,animals,hamster,cat,False,True,0,"pig,donkey,cow,duck,chicken,horse,sheep,llama,alpaca,whale,dolphin,porpoise,turtle,komodo dragon,cat,dog",-2.3625
01KFVB62GYRNHQXPSBY74QPV8R,18,ngram-2,animals,gerbil,rat,False,True,0,"pig,donkey,cow,duck,chicken,horse,sheep,llama,alpaca,whale,dolphin,porpoise,turtle,komodo dragon,cat,dog,hamster",-4.3820
01KFVB62GYRNHQXPSBY74QPV8R,19,ngram-2,animals,rabbit,guineapig,False,True,0,"pig,donkey,cow,duck,chicken,horse,sheep,llama,alpaca,whale,dolphin,porpoise,turtle,komodo dragon,cat,dog,hamster,gerbil",-5.0434
01KFVB62GYRNHQXPSBY74QPV8R,20,ngram-2,animals,guineapig,hare,False,True,0,"pig,donkey,cow,duck,chicken,horse,sheep,llama,alpaca,whale,dolphin,porpoise,turtle,komodo dragon,cat,dog,hamster,gerbil,rabbit",-4.0313
01KFVB62GYRNHQXPSBY74QPV8R,21,ngram-2,animals,mouse,mouse,True,True,0,"pig,donkey,cow,duck,chicken,horse,sheep,llama,alpaca,whale,dolphin,porpoise,turtle,komodo dragon,cat,dog,hamster,gerbil,rabbit,guinea pig",-4.6508
01KFVB62GYRNHQXPSBY74QPV8R,22,ngram-2,animals,cockatoo,rat,False,True,0,"pig,donkey,cow,duck,chicken,horse,sheep,llama,alpaca,whale,dolphin,porpoise,turtle,komodo dragon,cat,dog,hamster,gerbil,rabbit,guinea pig,mouse",-3.7377
01KFVB62GYRNHQXPSBY74QPV8R,23,ngram-2,animals,parrot,aardvark,False,True,0,"pig,donkey,cow,duck,chicken,horse,sheep,llama,alpaca,whale,dolphin,porpoise,turtle,komodo dragon,cat,dog,hamster,gerbil,rabbit,guinea pig,mouse,cockatoo",-5.7236
01KFVB62GYRNHQXPSBY74QPV8R,24,ngram-2,animals,bluetit,budgie,False,True,0,"pig,donkey,cow,duck,chicken,horse,sheep,llama,alpaca,whale,dolphin,porpoise,turtle,komodo dragon,cat,dog,hamster,gerbil,rabbit,guinea pig,mouse,cockatoo,parrot",-4.6603
01KFVB62GYRNHQXPSBY74QPV8R,25,ngram-2,animals,chaffinch,snake,False,True,0,"pig,donkey,cow,duck,chicken,horse,sheep,llama,alpaca,whale,dolphin,porpoise,turtle,komodo dragon,cat,dog,hamster,gerbil,rabbit,guinea pig,mouse,cockatoo,parrot,blue tit",-5.0337
01KFVB62GYRNHQXPSBY74QPV8R,26,ngram-2,animals,blackbird,bear,False,True,0,"pig,donkey,cow,duck,chicken,horse,sheep,llama,alpaca,whale,dolphin,porpoise,turtle,komodo dragon,cat,dog,hamster,gerbil,rabbit,guinea pig,mouse,cockatoo,parrot,blue tit,chaffinch",-5.0337
01KFVB62GYRNHQXPSBY74QPV8R,27,ngram-2,animals,crow,pigeon,False,True,0,"pig,donkey,cow,duck,chicken,horse,sheep,llama,alpaca,whale,dolphin,porpoise,turtle,komodo dragon,cat,dog,hamster,gerbil,rabbit,guinea pig,mouse,cockatoo,parrot,blue tit,chaffinch,blackbird",-5.0370
01KFVB62GYRNHQXPSBY74QPV8R,28,ngram-2,animals,raven,bat,False,True,0,"pig,donkey,cow,duck,chicken,horse,sheep,llama,alpaca,whale,dolphin,porpoise,turtle,komodo dragon,cat,dog,hamster,gerbil,rabbit,guinea pig,mouse,cockatoo,parrot,blue tit,chaffinch,blackbird,crow",-5.0466
01KFVB62GYRNHQXPSBY74QPV8R,29,ngram-2,animals,heron,crow,False,True,0,"pig,donkey,cow,duck,chicken,horse,sheep,llama,alpaca,whale,dolphin,porpoise,turtle,komodo dragon,cat,dog,hamster,gerbil,rabbit,guinea pig,mouse,cockatoo,parrot,blue tit,chaffinch,blackbird,crow,raven",-5.0370
01KFVB62GYRNHQXPSBY74QPV8R,30,ngram-2,animals,seagull,swan,False,True,0,"pig,donkey,cow,duck,chicken,horse,sheep,llama,alpaca,whale,dolphin,porpoise,turtle,komodo dragon,cat,dog,hamster,gerbil,rabbit,guinea pig,mouse,cockatoo,parrot,blue tit,chaffinch,blackbird,crow,raven,heron",-5.0337
01KFVB62GYRNHQXPSBY74QPV8R,31,ngram-2,animals,sparrow,clam,False,True,0,"pig,donkey,cow,duck,chicken,horse,sheep,llama,alpaca,whale,dolphin,porpoise,turtle,komodo dragon,cat,dog,hamster,gerbil,rabbit,guinea pig,mouse,cockatoo,parrot,blue tit,chaffinch,blackbird,crow,raven,heron,seagull",-5.0402
01KFVB62GYRNHQXPSBY74QPV8R,32,ngram-2,animals,rat,eagle,False,True,0,"pig,donkey,cow,duck,chicken,horse,sheep,llama,alpaca,whale,dolphin,porpoise,turtle,komodo dragon,cat,dog,hamster,gerbil,rabbit,guinea pig,mouse,cockatoo,parrot,blue tit,chaffinch,blackbird,crow,raven,heron,seagull,sparrow",-4.6444
01KFVB62GYRNHQXPSBY74QPV8R,33,ngram-2,animals,raccoon,mouse,False,True,0,"pig,donkey,cow,duck,chicken,horse,sheep,llama,alpaca,whale,dolphin,porpoise,turtle,komodo dragon,cat,dog,hamster,gerbil,rabbit,guinea pig,mouse,cockatoo,parrot,blue tit,chaffinch,blackbird,crow,raven,heron,seagull,sparrow,rat",-3.1091
01KFVB62GYRNHQXPSBY74QPV8R,34,ngram-2,animals,deer,bear,False,True,0,"pig,donkey,cow,duck,chicken,horse,sheep,llama,alpaca,whale,dolphin,porpoise,turtle,komodo dragon,cat,dog,hamster,gerbil,rabbit,guinea pig,mouse,cockatoo,parrot,blue tit,chaffinch,blackbird,crow,raven,heron,seagull,sparrow,rat,raccoon",-5.0626
01KFVB62GYRNHQXPSBY74QPV8R,35,ngram-2,animals,badger,moose,False,True,0,"pig,donkey,cow,duck,chicken,horse,sheep,llama,alpaca,whale,dolphin,porpoise,turtle,komodo dragon,cat,dog,hamster,gerbil,rabbit,guinea pig,mouse,cockatoo,parrot,blue tit,chaffinch,blackbird,crow,raven,heron,seagull,sparrow,rat,raccoon,deer",-4.4098
01KFVB62GYRNHQXPSBY74QPV8R,36,ngram-2,animals,woodlouse,mouse,False,True,0,"pig,donkey,cow,duck,chicken,horse,sheep,llama,alpaca,whale,dolphin,porpoise,turtle,komodo dragon,cat,dog,hamster,gerbil,rabbit,guinea pig,mouse,cockatoo,parrot,blue tit,chaffinch,blackbird,crow,raven,heron,seagull,sparrow,rat,raccoon,deer,badger",-4.6508
01KFVB62GYRNHQXPSBY74QPV8R,37,ngram-2,animals,spider,flea,False,True,0,"pig,donkey,cow,duck,chicken,horse,sheep,llama,alpaca,whale,dolphin,porpoise,turtle,komodo dragon,cat,dog,hamster,gerbil,rabbit,guinea pig,mouse,cockatoo,parrot,blue tit,chaffinch,blackbird,crow,raven,heron,seagull,sparrow,rat,raccoon,deer,badger,wood louse",-5.0370
01KFVB62GYRNHQXPSBY74QPV8R,38,ngram-2,animals,beetle,ant,False,True,0,"pig,donkey,cow,duck,chicken,horse,sheep,llama,alpaca,whale,dolphin,porpoise,turtle,komodo dragon,cat,dog,hamster,gerbil,rabbit,guinea pig,mouse,cockatoo,parrot,blue tit,chaffinch,blackbird,crow,raven,heron,seagull,sparrow,rat,raccoon,deer,badger,wood louse,spider",-5.0783
01KFVB62GYRNHQXPSBY74QPV8R,39,ngram-2,animals,worm,butterfly,False,True,0,"pig,donkey,cow,duck,chicken,horse,sheep,llama,alpaca,whale,dolphin,porpoise,turtle,komodo dragon,cat,dog,hamster,gerbil,rabbit,guinea pig,mouse,cockatoo,parrot,blue tit,chaffinch,blackbird,crow,raven,heron,seagull,sparrow,rat,raccoon,deer,badger,wood louse,spider,beetle",-5.0434
01KFVB62GYRNHQXPSBY74QPV8R,40,ngram-2,animals,bee,ant,False,True,0,"pig,donkey,cow,duck,chicken,horse,sheep,llama,alpaca,whale,dolphin,porpoise,turtle,komodo dragon,cat,dog,hamster,gerbil,rabbit,guinea pig,mouse,cockatoo,parrot,blue tit,chaffinch,blackbird,crow,raven,heron,seagull,sparrow,rat,raccoon,deer,badger,wood louse,spider,beetle,worm",-4.6444
01KFVB62GYRNHQXPSBY74QPV8R,41,ngram-2,animals,wasp,buffalo,False,True,0,"pig,donkey,cow,duck,chicken,horse,sheep,llama,alpaca,whale,dolphin,porpoise,turtle,komodo dragon,cat,dog,hamster,gerbil,rabbit,guinea pig,mouse,cockatoo,parrot,blue tit,chaffinch,blackbird,crow,raven,heron,seagull,sparrow,rat,raccoon,deer,badger,wood louse,spider,beetle,worm,bee",-5.0658
01KFVB62GYRNHQXPSBY74QPV8R,42,ngram-2,animals,fly,bear,False,True,0,"pig,donkey,cow,duck,chicken,horse,sheep,llama,alpaca,whale,dolphin,porpoise,turtle,komodo dragon,cat,dog,hamster,gerbil,rabbit,guinea pig,mouse,cockatoo,parrot,blue tit,chaffinch,blackbird,crow,raven,heron,seagull,sparrow,rat,raccoon,deer,badger,wood louse,spider,beetle,worm,bee,wasp",-5.0434
01KFVB62GYRNHQXPSBY74QPV8R,43,ngram-2,animals,ant,bee,False,True,0,"pig,donkey,cow,duck,chicken,horse,sheep,llama,alpaca,whale,dolphin,porpoise,turtle,komodo dragon,cat,dog,hamster,gerbil,rabbit,guinea pig,mouse,cockatoo,parrot,blue tit,chaffinch,blackbird,crow,raven,heron,seagull,sparrow,rat,raccoon,deer,badger,wood louse,spider,beetle,worm,bee,wasp,fly",-4.6540
01KFVB7J5Z3XASJY1ZD4X95WZ4,2,ngram-2,animals,cat,cat,True,True,0,"dog",-2.3979
01KFVB7J5Z3XASJY1ZD4X95WZ4,3,ngram-2,animals,owl,dog,False,True,0,"dog,cat",-2.8554
01KFVB7J5Z3XASJY1ZD4X95WZ4,4,ngram-2,animals,bat,cheetah,False,True,0,"dog,cat,owl",-5.0594
01KFVB7J5Z3XASJY1ZD4X95WZ4,5,ngram-2,animals,llama,rabbit,False,True,0,"dog,cat,owl,bat",-4.6697
01KFVB7J5Z3XASJY1ZD4X95WZ4,6,ngram-2,animals,sheep,alpaca,False,True,0,"dog,cat,owl,bat,llama",-4.1620
01KFVB7J5Z3XASJY1ZD4X95WZ4,7,ngram-2,animals,cow,cow,True,True,0,"dog,cat,owl,bat,llama,sheep",-3.8682
01KFVB7J5Z3XASJY1ZD4X95WZ4,8,ngram-2,animals,duck,chicken,False,True,0,"dog,cat,owl,bat,llama,sheep,cow",-3.6492
01KFVB7J5Z3XASJY1ZD4X95WZ4,9,ngram-2,animals,chicken,chicken,True,True,0,"dog,cat,owl,bat,llama,sheep,cow,duck",-4.6759
01KFVB7J5Z3XASJY1ZD4X95WZ4,10,ngram-2,animals,horse,cow,False,True,0,"dog,cat,owl,bat,llama,sheep,cow,duck,chicken",-4.4278
01KFVB7J5Z3XASJY1ZD4X95WZ4,11,ngram-2,animals,lamb,cow,False,True,0,"dog,cat,owl,bat,llama,sheep,cow,duck,chicken,horse",-3.7699
01KFVB7J5Z3XASJY1ZD4X95WZ4,12,ngram-2,animals,pony,goat,False,True,0,"dog,cat,owl,bat,llama,sheep,cow,duck,chicken,horse,lamb",-4.6666
01KFVB7J5Z3XASJY1ZD4X95WZ4,13,ngram-2,animals,cheetah,cat,False,True,0,"dog,cat,owl,bat,llama,sheep,cow,duck,chicken,horse,lamb,pony",-5.0531
01KFVB7J5Z3XASJY1ZD4X95WZ4,14,ngram-2,animals,leopard,jaguar,False,True,0,"dog,cat,owl,bat,llama,sheep,cow,duck,chicken,horse,lamb,pony,cheetah",-4.1897
01KFVB7J5Z3XASJY1ZD4X95WZ4,15,ngram-2,animals,elephant,antelope,False,True,0,"dog,cat,owl,bat,llama,sheep,cow,duck,chicken,horse,lamb,pony,cheetah,leopard",-4.7005
01KFVB7J5Z3XASJY1ZD4X95WZ4,16,ngram-2,animals,meerkat,tiger,False,True,0,"dog,cat,owl,bat,llama,sheep,cow,duck,chicken,horse,lamb,pony,cheetah,leopard,elephant",-3.9120
01KFVB7J5Z3XASJY1ZD4X95WZ4,17,ngram-2,animals,goose,panda,False,True,0,"dog,cat,owl,bat,llama,sheep,cow,duck,chicken,horse,lamb,pony,cheetah,leopard,elephant,meerkat",-4.6476
01KFVB7J5Z3XASJY1ZD4X95WZ4,18,ngram-2,animals,moose,bandicoot,False,True,0,"dog,cat,owl,bat,llama,sheep,cow,duck,chicken,horse,lamb,pony,cheetah,leopard,elephant,meerkat,goose",-5.0562
01KFVB7J5Z3XASJY1ZD4X95WZ4,19,ngram-2,animals,deer,elk,False,True,0,"dog,cat,owl,bat,llama,sheep,cow,duck,chicken,horse,lamb,pony,cheetah,leopard,elephant,meerkat,goose,moose",-4.3789
01KFVB7J5Z3XASJY1ZD4X95WZ4,20,ngram-2,animals,lizard,moose,False,True,0,"dog,cat,owl,bat,llama,sheep,cow,duck,chicken,horse,lamb,pony,cheetah,leopard,elephant,meerkat,goose,moose,deer",-4.4158
01KFVB7J5Z3XASJY1ZD4X95WZ4,21,ngram-2,animals,alligator,gecko,False,True,0,"dog,cat,owl,bat,llama,sheep,cow,duck,chicken,horse,lamb,pony,cheetah,leopard,elephant,meerkat,goose,moose,deer,lizard",-4.3944
01KFVB7J5Z3XASJY1ZD4X95WZ4,22,ngram-2,animals,crocodile,crocodile,True,True,0,"dog,cat,owl,bat,llama,sheep,cow,duck,chicken,horse,lamb,pony,cheetah,leopard,elephant,meerkat,goose,moose,deer,lizard,alligator",-3.6889
01KFVB7J5Z3XASJY1ZD4X95WZ4,23,ngram-2,animals,camel,alligator,False,True,0,"dog,cat,owl,bat,llama,sheep,cow,duck,chicken,horse,lamb,pony,cheetah,leopard,elephant,meerkat,goose,moose,deer,lizard,alligator,crocodile",-4.6821
01KFVB7J5Z3XASJY1ZD4X95WZ4,24,ngram-2,animals,bird,horse,False,True,0,"dog,cat,owl,bat,llama,sheep,cow,duck,chicken,horse,lamb,pony,cheetah,leopard,elephant,meerkat,goose,moose,deer,lizard,alligator,crocodile,camel",-4.6508
01KFVB7J5Z3XASJY1ZD4X95WZ4,25,ngram-2,animals,eagle,eagle,True,True,0,"dog,cat,owl,bat,llama,sheep,cow,duck,chicken,horse,lamb,pony,cheetah,leopard,elephant,meerkat,goose,moose,deer,lizard,alligator,crocodile,camel,bird",-4.7005
01KFVB7J5Z3XASJY1ZD4X95WZ4,26,ngram-2,animals,hawk,robin,False,True,0,"dog,cat,owl,bat,llama,sheep,cow,duck,chicken,horse,lamb,pony,cheetah,leopard,elephant,meerkat,goose,moose,deer,lizard,alligator,crocodile,camel,bird,eagle",-4.4037
01KFVB7J5Z3XASJY1ZD4X95WZ4,27,ngram-2,animals,crow,eagle,False,True,0,"dog,cat,owl,bat,llama,sheep,cow,duck,chicken,horse,lamb,pony,cheetah,leopard,elephant,meerkat,goose,moose,deer,lizard,alligator,crocodile,camel,bird,eagle,hawk",-4.6571
01KFVB7J5Z3XASJY1ZD4X95WZ4,28,ngram-2,animals,raven,bat,False,True,0,"dog,cat,owl,bat,llama,sheep,cow,duck,chicken,horse,lamb,pony,cheetah,leopard,elephant,meerkat,goose,moose,deer,lizard,alligator,crocodile,camel,bird,eagle,hawk,crow",-5.0531
01KFVB7J5Z3XASJY1ZD4X95WZ4,29,ngram-2,animals,seagull,crow,False,True,0,"dog,cat,owl,bat,llama,sheep,cow,duck,chicken,horse,lamb,pony,cheetah,leopard,elephant,meerkat,goose,moose,deer,lizard,alligator,crocodile,camel,bird,eagle,hawk,crow,raven",-5.0434
01KFVB7J5Z3XASJY1ZD4X95WZ4,30,ngram-2,animals,fish,clam,False,True,0,"dog,cat,owl,bat,llama,sheep,cow,duck,chicken,horse,lamb,pony,cheetah,leopard,elephant,meerkat,goose,moose,deer,lizard,alligator,crocodile,camel,bird,eagle,hawk,crow,raven,seagull",-5.0466
01KFVB7J5Z3XASJY1ZD4X95WZ4,31,ngram-2,animals,salmon,shark,False,True,0,"dog,cat,owl,bat,llama,sheep,cow,duck,chicken,horse,lamb,pony,cheetah,leopard,elephant,meerkat,goose,moose,deer,lizard,alligator,crocodile,camel,bird,eagle,hawk,crow,raven,seagull,fish",-4.2047
01KFVB7J5Z3XASJY1ZD4X95WZ4,32,ngram-2,animals,catfish,goldfish,False,True,0,"dog,cat,owl,bat,llama,sheep,cow,duck,chicken,horse,lamb,pony,cheetah,leopard,elephant,meerkat,goose,moose,deer,lizard,alligator,crocodile,camel,bird,eagle,hawk,crow,raven,seagull,fish,salmon",-5.0562
01KFVB7J5Z3XASJY1ZD4X95WZ4,33,ngram-2,animals,crab,chicken,False,True,0,"dog,cat,owl,bat,llama,sheep,cow,duck,chicken,horse,lamb,pony,cheetah,leopard,elephant,meerkat,goose,moose,deer,lizard,alligator,crocodile,camel,bird,eagle,hawk,crow,raven,seagull,fish,salmon,catfish",-5.0402
01KFVB7J5Z3XASJY1ZD4X95WZ4,34,ngram-2,animals,crayfish,lobster,False,True,0,"dog,cat,owl,bat,llama,sheep,cow,duck,chicken,horse,lamb,pony,cheetah,leopard,elephant,meerkat,goose,moose,deer,lizard,alligator,crocodile,camel,bird,eagle,hawk,crow,raven,seagull,fish,salmon,catfish,crab",-3.8130
01KFVB7J5Z3XASJY1ZD4X95WZ4,35,ngram-2,animals,sparrow,spider,False,True,0,"dog,cat,owl,bat,llama,sheep,cow,duck,chicken,horse,lamb,pony,cheetah,leopard,elephant,meerkat,goose,moose,deer,lizard,alligator,crocodile,camel,bird,eagle,hawk,crow,raven,seagull,fish,salmon,catfish,crab,crayfish",-5.0402
01KFVB7J5Z3XASJY1ZD4X95WZ4,36,ngram-2,animals,finch,eagle,False,True,0,"dog,cat,owl,bat,llama,sheep,cow,duck,chicken,horse,lamb,pony,cheetah,leopard,elephant,meerkat,goose,moose,deer,lizard,alligator,crocodile,camel,bird,eagle,hawk,crow,raven,seagull,fish,salmon,catfish,crab,crayfish,sparrow",-4.6508
01KFVB7J5Z3XASJY1ZD4X95WZ4,37,ngram-2,animals,robin,parakeet,False,True,0,"dog,cat,owl,bat,llama,sheep,cow,duck,chicken,horse,lamb,pony,cheetah,leopard,elephant,meerkat,goose,moose,deer,lizard,alligator,crocodile,camel,bird,eagle,hawk,crow,raven,seagull,fish,salmon,catfish,crab,crayfish,sparrow,finch",-5.0402
01KFVC2RWMV2HHTG63TPCJDVGK,2,ngram-2,animals,cat,cat,True,True,0,"dog",-2.3951
01KFVC2RWMV2HHTG63TPCJDVGK,3,ngram-2,animals,fox,dog,False,True,0,"dog,cat",-2.8526
01KFVC2RWMV2HHTG63TPCJDVGK,4,ngram-2,animals,kangaroo,wolf,False,True,0,"dog,cat,fox",-3.8622
01KFVC2RWMV2HHTG63TPCJDVGK,5,ngram-2,animals,lion,koala,False,True,0,"dog,cat,fox,kangaroo",-3.8286
01KFVC2RWMV2HHTG63TPCJDVGK,6,ngram-2,animals,giraffe,tiger,False,True,0,"dog,cat,fox,kangaroo,lion",-3.1753
01KFVC2RWMV2HHTG63TPCJDVGK,7,ngram-2,animals,leopard,tiger,False,True,0,"dog,cat,fox,kangaroo,lion,giraffe",-4.4278
01KFVC2RWMV2HHTG63TPCJDVGK,8,ngram-2,animals,koala,antelope,False,True,0,"dog,cat,fox,kangaroo,lion,giraffe,leopard",-4.6974
01KFVC2RWMV2HHTG63TPCJDVGK,9,ngram-2,animals,bird,panda,False,True,0,"dog,cat,fox,kangaroo,lion,giraffe,leopard,koala",-4.6697
01KFVC2RWMV2HHTG63TPCJDVGK,10,ngram-2,animals,goat,eagle,False,True,0,"dog,cat,fox,kangaroo,lion,giraffe,leopard,koala,bird",-4.4098
01KFVC2RWMV2HHTG63TPCJDVGK,11,ngram-2,animals,horse,sheep,False,True,0,"dog,cat,fox,kangaroo,lion,giraffe,leopard,koala,bird,goat",-4.0104
01KFVC2RWMV2HHTG63TPCJDVGK,12,ngram-2,animals,zebra,cow,False,True,0,"dog,cat,fox,kangaroo,lion,giraffe,leopard,koala,bird,goat,horse",-3.7670
01KFVC2RWMV2HHTG63TPCJDVGK,13,ngram-2,animals,monkey,horse,False,True,0,"dog,cat,fox,kangaroo,lion,giraffe,leopard,koala,bird,goat,horse,zebra",-4.1987
01KFVC2RWMV2HHTG63TPCJDVGK,14,ngram-2,animals,rabbit,chimpanzee,False,True,0,"dog,cat,fox,kangaroo,lion,giraffe,leopard,koala,bird,goat,horse,zebra,monkey",-4.0342
01KFVC2RWMV2HHTG63TPCJDVGK,15,ngram-2,animals,hamster,hare,False,True,0,"dog,cat,fox,kangaroo,lion,giraffe,leopard,koala,bird,goat,horse,zebra,monkey,rabbit",-4.0342
01KFVC2RWMV2HHTG63TPCJDVGK,16,ngram-2,animals,rat,gerbil,False,True,0,"dog,cat,fox,kangaroo,lion,giraffe,leopard,koala,bird,goat,horse,zebra,monkey,rabbit,hamster",-4.6728
01KFVC2RWMV2HHTG63TPCJDVGK,17,ngram-2,animals,pig,mouse,False,True,0,"dog,cat,fox,kangaroo,lion,giraffe,leopard,koala,bird,goat,horse,zebra,monkey,rabbit,hamster,rat",-3.1120
01KFVC2RWMV2HHTG63TPCJDVGK,18,ngram-2,animals,lamb,cow,False,True,0,"dog,cat,fox,kangaroo,lion,giraffe,leopard,koala,bird,goat,horse,zebra,monkey,rabbit,hamster,rat,pig",-3.7495
01KFVC2RWMV2HHTG63TPCJDVGK,19,ngram-2,animals,bear,goat,False,True,0,"dog,cat,fox,kangaroo,lion,giraffe,leopard,koala,bird,goat,horse,zebra,monkey,rabbit,hamster,rat,pig,lamb",-4.6634
01KFVC2RWMV2HHTG63TPCJDVGK,20,ngram-2,animals,chicken,lion,False,True,0,"dog,cat,fox,kangaroo,lion,giraffe,leopard,koala,bird,goat,horse,zebra,monkey,rabbit,hamster,rat,pig,lamb,bear",-4.4338
01KFVC2RWMV2HHTG63TPCJDVGK,21,ngram-2,animals,rooster,horse,False,True,0,"dog,cat,fox,kangaroo,lion,giraffe,leopard,koala,bird,goat,horse,zebra,monkey,rabbit,hamster,rat,pig,lamb,bear,chicken",-4.2017
01KFVC2RWMV2HHTG63TPCJDVGK,22,ngram-2,animals,cockerel,bull,False,True,0,"dog,cat,fox,kangaroo,lion,giraffe,leopard,koala,bird,goat,horse,zebra,monkey,rabbit,hamster,rat,pig,lamb,bear,chicken,rooster",-5.0562
01KFVC2RWMV2HHTG63TPCJDVGK,23,ngram-2,animals,polarbear,aardvark,False,True,0,"dog,cat,fox,kangaroo,lion,giraffe,leopard,koala,bird,goat,horse,zebra,monkey,rabbit,hamster,rat,pig,lamb,bear,chicken,rooster,cockerel",-5.7268
01KFVC2RWMV2HHTG63TPCJDVGK,24,ngram-2,animals,grizzlybear,panda,False,True,0,"dog,cat,fox,kangaroo,lion,giraffe,leopard,koala,bird,goat,horse,zebra,monkey,rabbit,hamster,rat,pig,lamb,bear,chicken,rooster,cockerel,polar bear",-4.6697
01KFVC2RWMV2HHTG63TPCJDVGK,25,ngram-2,animals,elephant,human,False,True,0,"dog,cat,fox,kangaroo,lion,giraffe,leopard,koala,bird,goat,horse,zebra,monkey,rabbit,hamster,rat,pig,lamb,bear,chicken,rooster,cockerel,polar bear,grizzly bear",-5.0499
01KFVC2RWMV2HHTG63TPCJDVGK,26,ngram-2,animals,cheetah,tiger,False,True,0,"dog,cat,fox,kangaroo,lion,giraffe,leopard,koala,bird,goat,horse,zebra,monkey,rabbit,hamster,rat,pig,lamb,bear,chicken,rooster,cockerel,polar bear,grizzly bear,elephant",-3.9092
01KFVCGYEAS68PW8YHR6FQKQSE,2,ngram-2,animals,cat,cat,True,True,0,"dog",-2.3924
01KFVCGYEAS68PW8YHR6FQKQSE,3,ngram-2,animals,bear,dog,False,True,0,"dog,cat",-2.8499
01KFVCGYEAS68PW8YHR6FQKQSE,4,ngram-2,animals,turkey,lion,False,True,0,"dog,cat,bear",-4.4308
01KFVCGYEAS68PW8YHR6FQKQSE,5,ngram-2,animals,squirrel,cheetah,False,True,0,"dog,cat,bear,turkey",-5.0466
01KFVCGYEAS68PW8YHR6FQKQSE,6,ngram-2,animals,monkey,fox,False,True,0,"dog,cat,bear,turkey,squirrel",-4.6634
01KFVCGYEAS68PW8YHR6FQKQSE,7,ngram-2,animals,lion,chimpanzee,False,True,0,"dog,cat,bear,turkey,squirrel,monkey",-4.0313
01KFVCGYEAS68PW8YHR6FQKQSE,8,ngram-2,animals,tiger,tiger,True,True,0,"dog,cat,bear,turkey,squirrel,monkey,lion",-3.2415
01KFVCGYEAS68PW8YHR6FQKQSE,9,ngram-2,animals,bird,lion,False,True,0,"dog,cat,bear,turkey,squirrel,monkey,lion,tiger",-3.1470
01KFVCGYEAS68PW8YHR6FQKQSE,10,ngram-2,animals,eagle,eagle,True,True,0,"dog,cat,bear,turkey,squirrel,monkey,lion,tiger,bird",-4.6944
01KFVCGYEAS68PW8YHR6FQKQSE,11,ngram-2,animals,falcon,robin,False,True,0,"dog,cat,bear,turkey,squirrel,monkey,lion,tiger,bird,eagle",-4.3975
01KFVCGYEAS68PW8YHR6FQKQSE,12,ngram-2,animals,salmon,eagle,False,True,0,"dog,cat,bear,turkey,squirrel,monkey,lion,tiger,bird,eagle,falcon",-4.6412
01KFVCGYEAS68PW8YHR6FQKQSE,13,ngram-2,animals,raccoon,catfish,False,True,0,"dog,cat,bear,turkey,squirrel,monkey,lion,tiger,bird,eagle,falcon,salmon",-5.0499
01KFVCGYEAS68PW8YHR6FQKQSE,14,ngram-2,animals,elephant,deer,False,True,0,"dog,cat,bear,turkey,squirrel,monkey,lion,tiger,bird,eagle,falcon,salmon,raccoon",-4.6571
01KFVCGYEAS68PW8YHR6FQKQSE,15,ngram-2,animals,giraffe,tiger,False,True,0,"dog,cat,bear,turkey,squirrel,monkey,lion,tiger,bird,eagle,falcon,salmon,raccoon,elephant",-3.9063
01KFVCGYEAS68PW8YHR6FQKQSE,16,ngram-2,animals,rhino,tiger,False,True,0,"dog,cat,bear,turkey,squirrel,monkey,lion,tiger,bird,eagle,falcon,salmon,raccoon,elephant,giraffe",-4.4248
01KFVCGYEAS68PW8YHR6FQKQSE,17,ngram-2,animals,liger,hippopotamus,False,True,0,"dog,cat,bear,turkey,squirrel,monkey,lion,tiger,bird,eagle,falcon,salmon,raccoon,elephant,giraffe,rhino",-4.3694
01KFVCGYEAS68PW8YHR6FQKQSE,18,ngram-2,animals,hamster,aardvark,False,True,0,"dog,cat,bear,turkey,squirrel,monkey,lion,tiger,bird,eagle,falcon,salmon,raccoon,elephant,giraffe,rhino,liger",-5.7236
01KFVCGYEAS68PW8YHR6FQKQSE,19,ngram-2,animals,ferret,rat,False,True,0,"dog,cat,bear,turkey,squirrel,monkey,lion,tiger,bird,eagle,falcon,salmon,raccoon,elephant,giraffe,rhino,liger,hamster",-4.3820
01KFVCGYEAS68PW8YHR6FQKQSE,20,ngram-2,animals,baboon,fish,False,True,0,"dog,cat,bear,turkey,squirrel,monkey,lion,tiger,bird,eagle,falcon,salmon,raccoon,elephant,giraffe,rhino,liger,hamster,ferret",-5.0466
01KFVCGYEAS68PW8YHR6FQKQSE,21,ngram-2,animals,jaguar,ant,False,True,0,"dog,cat,bear,turkey,squirrel,monkey,lion,tiger,bird,eagle,falcon,salmon,raccoon,elephant,giraffe,rhino,liger,hamster,ferret,baboon",-5.0466
01KFVCGYEAS68PW8YHR6FQKQSE,22,ngram-2,animals,pelican,cougar,False,True,0,"dog,cat,bear,turkey,squirrel,monkey,lion,tiger,bird,eagle,falcon,salmon,raccoon,elephant,giraffe,rhino,liger,hamster,ferret,baboon,jaguar",-4.6666
01KFVCGYEAS68PW8YHR6FQKQSE,23,ngram-2,animals,grouse,panda,False,True,0,"dog,cat,bear,turkey,squirrel,monkey,lion,tiger,bird,eagle,falcon,salmon,raccoon,elephant,giraffe,rhino,liger,hamster,ferret,baboon,jaguar,pelican",-5.0337
01KFVCGYEAS68PW8YHR6FQKQSE,24,ngram-2,animals,peacock,aardvark,False,True,0,"dog,cat,bear,turkey,squirrel,monkey,lion,tiger,bird,eagle,falcon,salmon,raccoon,elephant,giraffe,rhino,liger,hamster,ferret,baboon,jaguar,pelican,grouse",-5.7236
01KFVCGYEAS68PW8YHR6FQKQSE,25,ngram-2,animals,pig,hawk,False,True,0,"dog,cat,bear,turkey,squirrel,monkey,lion,tiger,bird,eagle,falcon,salmon,raccoon,elephant,giraffe,rhino,liger,hamster,ferret,baboon,jaguar,pelican,grouse,peacock",-4.6476
01KFVCGYEAS68PW8YHR6FQKQSE,26,ngram-2,animals,cow,cow,True,True,0,"dog,cat,bear,turkey,squirrel,monkey,lion,tiger,bird,eagle,falcon,salmon,raccoon,elephant,giraffe,rhino,liger,hamster,ferret,baboon,jaguar,pelican,grouse,peacock,pig",-3.8801
01KFVCGYEAS68PW8YHR6FQKQSE,27,ngram-2,animals,chicken,chicken,True,True,0,"dog,cat,bear,turkey,squirrel,monkey,lion,tiger,bird,eagle,falcon,salmon,raccoon,elephant,giraffe,rhino,liger,hamster,ferret,baboon,jaguar,pelican,grouse,peacock,pig,cow",-3.7612
01KFVCGYEAS68PW8YHR6FQKQSE,28,ngram-2,animals,goat,horse,False,True,0,"dog,cat,bear,turkey,squirrel,monkey,lion,tiger,bird,eagle,falcon,salmon,raccoon,elephant,giraffe,rhino,liger,hamster,ferret,baboon,jaguar,pelican,grouse,peacock,pig,cow,chicken",-4.1987
01KFVCGYEAS68PW8YHR6FQKQSE,29,ngram-2,animals,lamb,sheep,False,True,0,"dog,cat,bear,turkey,squirrel,monkey,lion,tiger,bird,eagle,falcon,salmon,raccoon,elephant,giraffe,rhino,liger,hamster,ferret,baboon,jaguar,pelican,grouse,peacock,pig,cow,chicken,goat",-4.0073
01KFVCGYEAS68PW8YHR6FQKQSE,30,ngram-2,animals,alligator,goat,False,True,0,"dog,cat,bear,turkey,squirrel,monkey,lion,tiger,bird,eagle,falcon,salmon,raccoon,elephant,giraffe,rhino,liger,hamster,ferret,baboon,jaguar,pelican,grouse,peacock,pig,cow,chicken,goat,lamb",-4.6603
