text,relativeTimestamp,irt,playerID,gameID,original_index,category,switch,trial,label,original_text,normalized_text,snafu_cat,switch_snafu,word_index
fox,3700,3700.0,01JRZM8B5AP49HDHKE9WA4CFM3,01JRZJVNVKRZ80G3F778WT0EK3,0,animals,1.0,0,,fox,fox,"['Canine', 'NorthAmerican', 'UsedForFur']",True,0
badger,5409,1709.0,01JRZM8B5AP49HDHKE9WA4CFM3,01JRZJVNVKRZ80G3F778WT0EK3,1,animals,0.0,0,,badger,badger,"['NorthAmerican', 'Weasels']",False,1
mouse,6491,1082.0,01JRZM8B5AP49HDHKE9WA4CFM3,01JRZJVNVKRZ80G3F778WT0EK3,2,animals,0.0,0,,mouse,mouse,"['Bird', 'Rodents']",True,2
tiger,7753,1262.0,01JRZM8B5AP49HDHKE9WA4CFM3,01JRZJVNVKRZ80G3F778WT0EK3,3,animals,0.0,0,,tiger,tiger,"['African', 'Feline']",True,3
frog,8933,1180.0,01JRZM8B5AP49HDHKE9WA4CFM3,01JRZJVNVKRZ80G3F778WT0EK3,4,animals,0.0,0,,frog,frog,"['ReptileAmphibian', 'Water']",True,4
lizard,10325,1392.0,01JRZM8B5AP49HDHKE9WA4CFM3,01JRZJVNVKRZ80G3F778WT0EK3,5,animals,0.0,0,,lizard,lizard,['ReptileAmphibian'],False,5
cat,11772,1447.0,01JRZM8B5AP49HDHKE9WA4CFM3,01JRZJVNVKRZ80G3F778WT0EK3,6,animals,0.0,0,,cat,cat,"['Pets', 'Feline']",True,6
dog,13868,2096.0,01JRZM8B5AP49HDHKE9WA4CFM3,01JRZJVNVKRZ80G3F778WT0EK3,7,animals,0.0,0,,dog,dog,"['Canine', 'Pets']",False,7
spider,15168,1300.0,01JRZM8B5AP49HDHKE9WA4CFM3,01JRZJVNVKRZ80G3F778WT0EK3,8,animals,0.0,0,,spider,spider,"['Arachnid', 'Farm']",True,8
duck,18445,3277.0,01JRZM8B5AP49HDHKE9WA4CFM3,01JRZJVNVKRZ80G3F778WT0EK3,9,animals,0.0,0,,duck,duck,['Bird'],True,9
panda,20057,1612.0,01JRZM8B5AP49HDHKE9WA4CFM3,01JRZJVNVKRZ80G3F778WT0EK3,10,animals,0.0,0,,panda,panda,['Asian'],True,10
elephant,21447,1390.0,01JRZM8B5AP49HDHKE9WA4CFM3,01JRZJVNVKRZ80G3F778WT0EK3,11,animals,0.0,0,,elephant,elephant,['African'],True,11
dolphin,25745,4298.0,01JRZM8B5AP49HDHKE9WA4CFM3,01JRZJVNVKRZ80G3F778WT0EK3,12,animals,0.0,0,,dolphin,dolphin,"['Insects', 'Water']",True,12
monkey,28172,2427.0,01JRZM8B5AP49HDHKE9WA4CFM3,01JRZJVNVKRZ80G3F778WT0EK3,13,animals,0.0,0,,monkey,monkey,"['African', 'Primates']",True,13
bull,30220,2048.0,01JRZM8B5AP49HDHKE9WA4CFM3,01JRZJVNVKRZ80G3F778WT0EK3,14,animals,0.0,0,,bull,bull,"['BeastsOfBurden', 'Bovine', 'Farm']",True,14
cow,31762,1542.0,01JRZM8B5AP49HDHKE9WA4CFM3,01JRZJVNVKRZ80G3F778WT0EK3,15,animals,0.0,0,,cow,cow,"['Bovine', 'Farm']",False,15
chicken,33035,1273.0,01JRZM8B5AP49HDHKE9WA4CFM3,01JRZJVNVKRZ80G3F778WT0EK3,16,animals,0.0,0,,chicken,chicken,"['Bird', 'Farm']",False,16
horse,36450,3415.0,01JRZM8B5AP49HDHKE9WA4CFM3,01JRZJVNVKRZ80G3F778WT0EK3,17,animals,0.0,0,,horse,horse,"['BeastsOfBurden', 'Farm']",False,17
ladybird,39212,2762.0,01JRZM8B5AP49HDHKE9WA4CFM3,01JRZJVNVKRZ80G3F778WT0EK3,18,animals,0.0,0,,ladybird,ladybird,['Insects'],True,18
magpie,42798,3586.0,01JRZM8B5AP49HDHKE9WA4CFM3,01JRZJVNVKRZ80G3F778WT0EK3,19,animals,0.0,0,,magpie,magpie,['Bird'],True,19
hedgehog,50021,7223.0,01JRZM8B5AP49HDHKE9WA4CFM3,01JRZJVNVKRZ80G3F778WT0EK3,20,animals,0.0,0,,hedgehog,hedgehog,"['Insectivores', 'Rodents']",True,20
snake,52814,2793.0,01JRZM8B5AP49HDHKE9WA4CFM3,01JRZJVNVKRZ80G3F778WT0EK3,21,animals,0.0,0,,snake,snake,"['Farm', 'ReptileAmphibian']",True,21
rat,54312,1498.0,01JRZM8B5AP49HDHKE9WA4CFM3,01JRZJVNVKRZ80G3F778WT0EK3,22,animals,0.0,0,,rat,rat,['Rodents'],True,22
emu,59680,5368.0,01JRZM8B5AP49HDHKE9WA4CFM3,01JRZJVNVKRZ80G3F778WT0EK3,23,animals,0.0,0,,emu,emu,"['Australian', 'Bird']",True,23
ostrich,61538,1858.0,01JRZM8B5AP49HDHKE9WA4CFM3,01JRZJVNVKRZ80G3F778WT0EK3,24,animals,0.0,0,,ostrich,ostrich,"['African', 'Bird']",False,24
ant,65612,4074.0,01JRZM8B5AP49HDHKE9WA4CFM3,01JRZJVNVKRZ80G3F778WT0EK3,25,animals,0.0,0,,ant,ant,['Insects'],True,25
rooster,74004,8392.0,01JRZM8B5AP49HDHKE9WA4CFM3,01JRZJVNVKRZ80G3F778WT0EK3,26,animals,0.0,0,,rooster,rooster,['Farm'],True,26
whale,85864,11860.0,01JRZM8B5AP49HDHKE9WA4CFM3,01JRZJVNVKRZ80G3F778WT0EK3,27,animals,0.0,0,,whale,whale,"['Fish', 'Water']",True,27
fish,88879,3015.0,01JRZM8B5AP49HDHKE9WA4CFM3,01JRZJVNVKRZ80G3F778WT0EK3,28,animals,0.0,0,,fish,fish,"['Fish', 'Water']",False,28
chaffinch,105203,16324.0,01JRZM8B5AP49HDHKE9WA4CFM3,01JRZJVNVKRZ80G3F778WT0EK3,29,animals,0.0,0,,chaffinch,chaffinch,['Bird'],True,29
bear,110927,5724.0,01JRZM8B5AP49HDHKE9WA4CFM3,01JRZJVNVKRZ80G3F778WT0EK3,30,animals,0.0,0,,bear,bear,['NorthAmerican'],True,30
apes,119856,8929.0,01JRZM8B5AP49HDHKE9WA4CFM3,01JRZJVNVKRZ80G3F778WT0EK3,31,animals,0.0,0,,ape,ape,['Primates'],True,31
lion,131158,11302.0,01JRZM8B5AP49HDHKE9WA4CFM3,01JRZJVNVKRZ80G3F778WT0EK3,32,animals,0.0,0,,lion,lion,"['African', 'Feline']",True,32
cheetah,137623,6465.0,01JRZM8B5AP49HDHKE9WA4CFM3,01JRZJVNVKRZ80G3F778WT0EK3,33,animals,0.0,0,,cheeta,cheetah,"['African', 'Feline']",False,33
hyena,147717,10094.0,01JRZM8B5AP49HDHKE9WA4CFM3,01JRZJVNVKRZ80G3F778WT0EK3,34,animals,0.0,0,,hyeena,hyena,"['African', 'Canine']",False,34
cockroach,158172,10455.0,01JRZM8B5AP49HDHKE9WA4CFM3,01JRZJVNVKRZ80G3F778WT0EK3,35,animals,0.0,0,,cockroach,cockroach,['Insects'],True,35
stick insect,175048,16876.0,01JRZM8B5AP49HDHKE9WA4CFM3,01JRZJVNVKRZ80G3F778WT0EK3,36,animals,0.0,0,,stick insect,stickinsect,['Insects'],False,36
maggot,179405,4357.0,01JRZM8B5AP49HDHKE9WA4CFM3,01JRZJVNVKRZ80G3F778WT0EK3,37,animals,0.0,0,,maggot,maggot,['Insects'],False,37
hat,3481,3481.0,01JRZM8B5AP49HDHKE9WA4CFM3,01JRZJVNVKRZ80G3F778WT0EK3,0,clothes,1.0,0,,hat,hat,,True,0
glove,4440,959.0,01JRZM8B5AP49HDHKE9WA4CFM3,01JRZJVNVKRZ80G3F778WT0EK3,1,clothes,1.0,0,,glove,glove,,True,1
scarf,6157,1717.0,01JRZM8B5AP49HDHKE9WA4CFM3,01JRZJVNVKRZ80G3F778WT0EK3,2,clothes,1.0,0,,scarf,scarf,,True,2
jean,8544,2387.0,01JRZM8B5AP49HDHKE9WA4CFM3,01JRZJVNVKRZ80G3F778WT0EK3,3,clothes,0.0,0,,jeans,jean,,True,3
jacket,10272,1728.0,01JRZM8B5AP49HDHKE9WA4CFM3,01JRZJVNVKRZ80G3F778WT0EK3,4,clothes,1.0,0,,jacket,jacket,,True,4
underwear,13610,3338.0,01JRZM8B5AP49HDHKE9WA4CFM3,01JRZJVNVKRZ80G3F778WT0EK3,5,clothes,0.0,0,,underwear,underwear,,True,5
shoe,16600,2990.0,01JRZM8B5AP49HDHKE9WA4CFM3,01JRZJVNVKRZ80G3F778WT0EK3,6,clothes,0.0,0,,shoes,shoe,,True,6
sock,18775,2175.0,01JRZM8B5AP49HDHKE9WA4CFM3,01JRZJVNVKRZ80G3F778WT0EK3,7,clothes,0.0,0,,socks,sock,,True,7
tie,19621,846.0,01JRZM8B5AP49HDHKE9WA4CFM3,01JRZJVNVKRZ80G3F778WT0EK3,8,clothes,0.0,0,,tie,tie,,True,8
T-shirt,27492,7871.0,01JRZM8B5AP49HDHKE9WA4CFM3,01JRZJVNVKRZ80G3F778WT0EK3,9,clothes,0.0,0,,t shirt,tshirt,,True,9
slipper,30961,3469.0,01JRZM8B5AP49HDHKE9WA4CFM3,01JRZJVNVKRZ80G3F778WT0EK3,10,clothes,0.0,0,,slippers,slipper,,True,10
bra,33034,2073.0,01JRZM8B5AP49HDHKE9WA4CFM3,01JRZJVNVKRZ80G3F778WT0EK3,11,clothes,0.0,0,,bra,bra,,True,11
boxer short,36303,3269.0,01JRZM8B5AP49HDHKE9WA4CFM3,01JRZJVNVKRZ80G3F778WT0EK3,12,clothes,0.0,0,,boxer shorts,boxershort,,True,12
wedding dress,44282,7979.0,01JRZM8B5AP49HDHKE9WA4CFM3,01JRZJVNVKRZ80G3F778WT0EK3,13,clothes,0.0,0,,wedding dress,weddingdres,,True,13
suit,45194,912.0,01JRZM8B5AP49HDHKE9WA4CFM3,01JRZJVNVKRZ80G3F778WT0EK3,14,clothes,0.0,0,,suit,suit,,True,14
cufflink,49006,3812.0,01JRZM8B5AP49HDHKE9WA4CFM3,01JRZJVNVKRZ80G3F778WT0EK3,15,clothes,0.0,0,,cuff links,cufflink,,True,15
sandals,58182,5109.0,01JRZM8B5AP49HDHKE9WA4CFM3,01JRZJVNVKRZ80G3F778WT0EK3,17,clothes,1.0,0,,sandles,sandal,,True,16
burka,70592,12410.0,01JRZM8B5AP49HDHKE9WA4CFM3,01JRZJVNVKRZ80G3F778WT0EK3,18,clothes,0.0,0,,burka,burka,,True,17
jogging bottom,79584,8992.0,01JRZM8B5AP49HDHKE9WA4CFM3,01JRZJVNVKRZ80G3F778WT0EK3,19,clothes,0.0,0,,jogging bottoms,joggingbottom,,True,18
dress,85863,6279.0,01JRZM8B5AP49HDHKE9WA4CFM3,01JRZJVNVKRZ80G3F778WT0EK3,20,clothes,0.0,0,,dress,dres,,True,19
thong,106077,5298.0,01JRZM8B5AP49HDHKE9WA4CFM3,01JRZJVNVKRZ80G3F778WT0EK3,22,clothes,0.0,0,,thong,thong,,True,20
pajama,111425,5348.0,01JRZM8B5AP49HDHKE9WA4CFM3,01JRZJVNVKRZ80G3F778WT0EK3,23,clothes,0.0,0,,pjs,pajama,,True,21
dressing gown,114713,3288.0,01JRZM8B5AP49HDHKE9WA4CFM3,01JRZJVNVKRZ80G3F778WT0EK3,24,clothes,0.0,0,,dressing gown,dressinggown,,True,22
hoodie,128252,13539.0,01JRZM8B5AP49HDHKE9WA4CFM3,01JRZJVNVKRZ80G3F778WT0EK3,25,clothes,0.0,0,,hoodie,hoodie,,True,23
jumper,130982,2730.0,01JRZM8B5AP49HDHKE9WA4CFM3,01JRZJVNVKRZ80G3F778WT0EK3,26,clothes,0.0,0,,jumper,jumper,,True,24
onesie,134287,3305.0,01JRZM8B5AP49HDHKE9WA4CFM3,01JRZJVNVKRZ80G3F778WT0EK3,27,clothes,0.0,0,,onesie,onesie,,True,25
cap,141187,6900.0,01JRZM8B5AP49HDHKE9WA4CFM3,01JRZJVNVKRZ80G3F778WT0EK3,28,clothes,1.0,0,,cap,cap,,True,26
coat,153145,11958.0,01JRZM8B5AP49HDHKE9WA4CFM3,01JRZJVNVKRZ80G3F778WT0EK3,29,clothes,1.0,0,,coat,coat,,True,27
trainer,157557,4412.0,01JRZM8B5AP49HDHKE9WA4CFM3,01JRZJVNVKRZ80G3F778WT0EK3,30,clothes,0.0,0,,trainers,trainer,,True,28
wetsuit,163457,5900.0,01JRZM8B5AP49HDHKE9WA4CFM3,01JRZJVNVKRZ80G3F778WT0EK3,31,clothes,0.0,0,,wetsuit,wetsuit,,True,29
crop top,172476,9019.0,01JRZM8B5AP49HDHKE9WA4CFM3,01JRZJVNVKRZ80G3F778WT0EK3,32,clothes,0.0,0,,crop top,croptop,,True,30
bread,5505,5505.0,01JRZM8B5AP49HDHKE9WA4CFM3,01JRZJVNVKRZ80G3F778WT0EK3,0,supermarket,1.0,0,,bread,bread,,True,0
milk,6574,1069.0,01JRZM8B5AP49HDHKE9WA4CFM3,01JRZJVNVKRZ80G3F778WT0EK3,1,supermarket,1.0,0,,milk,milk,,True,1
sugar,8957,2383.0,01JRZM8B5AP49HDHKE9WA4CFM3,01JRZJVNVKRZ80G3F778WT0EK3,2,supermarket,1.0,0,,sugar,sugar,,True,2
flour,12722,3765.0,01JRZM8B5AP49HDHKE9WA4CFM3,01JRZJVNVKRZ80G3F778WT0EK3,3,supermarket,1.0,0,,flour,flour,,True,3
cheese,16545,3823.0,01JRZM8B5AP49HDHKE9WA4CFM3,01JRZJVNVKRZ80G3F778WT0EK3,4,supermarket,1.0,0,,cheese,cheese,,True,4
pastry,19381,2836.0,01JRZM8B5AP49HDHKE9WA4CFM3,01JRZJVNVKRZ80G3F778WT0EK3,5,supermarket,1.0,0,,pastry,pastry,,True,5
pie,21554,2173.0,01JRZM8B5AP49HDHKE9WA4CFM3,01JRZJVNVKRZ80G3F778WT0EK3,6,supermarket,1.0,0,,pie,pie,,True,6
corned beef,32545,10991.0,01JRZM8B5AP49HDHKE9WA4CFM3,01JRZJVNVKRZ80G3F778WT0EK3,7,supermarket,1.0,0,,cornedbeef,cornedbeef,,True,7
bean,42196,9651.0,01JRZM8B5AP49HDHKE9WA4CFM3,01JRZJVNVKRZ80G3F778WT0EK3,8,supermarket,1.0,0,,beans,bean,,True,8
honey,45784,3588.0,01JRZM8B5AP49HDHKE9WA4CFM3,01JRZJVNVKRZ80G3F778WT0EK3,9,supermarket,1.0,0,,honey,honey,,True,9
cereal,48240,2456.0,01JRZM8B5AP49HDHKE9WA4CFM3,01JRZJVNVKRZ80G3F778WT0EK3,10,supermarket,1.0,0,,cereal,cereal,,True,10
chips,52863,4623.0,01JRZM8B5AP49HDHKE9WA4CFM3,01JRZJVNVKRZ80G3F778WT0EK3,11,supermarket,1.0,0,,chips,chip,,True,11
crisp,54584,1721.0,01JRZM8B5AP49HDHKE9WA4CFM3,01JRZJVNVKRZ80G3F778WT0EK3,12,supermarket,1.0,0,,crisps,crisp,,True,12
bacon,59336,4752.0,01JRZM8B5AP49HDHKE9WA4CFM3,01JRZJVNVKRZ80G3F778WT0EK3,13,supermarket,1.0,0,,bacon,bacon,,True,13
ham,60467,1131.0,01JRZM8B5AP49HDHKE9WA4CFM3,01JRZJVNVKRZ80G3F778WT0EK3,14,supermarket,1.0,0,,ham,ham,,True,14
sausage,63891,3424.0,01JRZM8B5AP49HDHKE9WA4CFM3,01JRZJVNVKRZ80G3F778WT0EK3,15,supermarket,1.0,0,,sausage,sausage,,True,15
beef,65488,1597.0,01JRZM8B5AP49HDHKE9WA4CFM3,01JRZJVNVKRZ80G3F778WT0EK3,16,supermarket,1.0,0,,beef,beef,,True,16
lamb,67026,1538.0,01JRZM8B5AP49HDHKE9WA4CFM3,01JRZJVNVKRZ80G3F778WT0EK3,17,supermarket,1.0,0,,lamb,lamb,,True,17
pork,70323,3297.0,01JRZM8B5AP49HDHKE9WA4CFM3,01JRZJVNVKRZ80G3F778WT0EK3,18,supermarket,1.0,0,,pork,pork,,True,18
turkey,75872,5549.0,01JRZM8B5AP49HDHKE9WA4CFM3,01JRZJVNVKRZ80G3F778WT0EK3,19,supermarket,1.0,0,,turkey,turkey,,True,19
chicken,76838,966.0,01JRZM8B5AP49HDHKE9WA4CFM3,01JRZJVNVKRZ80G3F778WT0EK3,20,supermarket,1.0,0,,chicken,chicken,,True,20
egg,77669,831.0,01JRZM8B5AP49HDHKE9WA4CFM3,01JRZJVNVKRZ80G3F778WT0EK3,21,supermarket,1.0,0,,eggs,egg,,True,21
chocolate,84970,7301.0,01JRZM8B5AP49HDHKE9WA4CFM3,01JRZJVNVKRZ80G3F778WT0EK3,22,supermarket,1.0,0,,chocolate,chocolate,,True,22
cream,86741,1771.0,01JRZM8B5AP49HDHKE9WA4CFM3,01JRZJVNVKRZ80G3F778WT0EK3,23,supermarket,1.0,0,,cream,cream,,True,23
yogurt,89125,2384.0,01JRZM8B5AP49HDHKE9WA4CFM3,01JRZJVNVKRZ80G3F778WT0EK3,24,supermarket,1.0,0,,yogurt,yogurt,,True,24
salmon,103577,14452.0,01JRZM8B5AP49HDHKE9WA4CFM3,01JRZJVNVKRZ80G3F778WT0EK3,25,supermarket,1.0,0,,salmon,salmon,,True,25
cod,105055,1478.0,01JRZM8B5AP49HDHKE9WA4CFM3,01JRZJVNVKRZ80G3F778WT0EK3,26,supermarket,1.0,0,,cod,cod,,True,26
fish finger,108052,2997.0,01JRZM8B5AP49HDHKE9WA4CFM3,01JRZJVNVKRZ80G3F778WT0EK3,27,supermarket,1.0,0,,fish fingers,fishfinger,,True,27
haddock,111860,3808.0,01JRZM8B5AP49HDHKE9WA4CFM3,01JRZJVNVKRZ80G3F778WT0EK3,28,supermarket,1.0,0,,haddock,haddock,,True,28
washing up liquid,120121,8261.0,01JRZM8B5AP49HDHKE9WA4CFM3,01JRZJVNVKRZ80G3F778WT0EK3,29,supermarket,0.0,0,,washing up liquid,washingupliquid,,True,29
nappy,125752,5631.0,01JRZM8B5AP49HDHKE9WA4CFM3,01JRZJVNVKRZ80G3F778WT0EK3,30,supermarket,0.0,0,,nappys,nappy,,True,30
oil,130422,4670.0,01JRZM8B5AP49HDHKE9WA4CFM3,01JRZJVNVKRZ80G3F778WT0EK3,31,supermarket,1.0,0,,oil,oil,,True,31
tissue,134645,4223.0,01JRZM8B5AP49HDHKE9WA4CFM3,01JRZJVNVKRZ80G3F778WT0EK3,32,supermarket,0.0,0,,tissue,tissue,,True,32
coke,136933,2288.0,01JRZM8B5AP49HDHKE9WA4CFM3,01JRZJVNVKRZ80G3F778WT0EK3,33,supermarket,1.0,0,,coke,coke,,True,33
fanta,138713,1780.0,01JRZM8B5AP49HDHKE9WA4CFM3,01JRZJVNVKRZ80G3F778WT0EK3,34,supermarket,1.0,0,,fanta,fanta,,True,34
cream soda,142670,3957.0,01JRZM8B5AP49HDHKE9WA4CFM3,01JRZJVNVKRZ80G3F778WT0EK3,35,supermarket,1.0,0,,cream soda,creamsoda,,True,35
lemon juice,146978,4308.0,01JRZM8B5AP49HDHKE9WA4CFM3,01JRZJVNVKRZ80G3F778WT0EK3,36,supermarket,1.0,0,,lemon juice,lemonjuice,,True,36
orange,149967,2989.0,01JRZM8B5AP49HDHKE9WA4CFM3,01JRZJVNVKRZ80G3F778WT0EK3,37,supermarket,1.0,0,,orange,orange,,True,37
apple,150786,819.0,01JRZM8B5AP49HDHKE9WA4CFM3,01JRZJVNVKRZ80G3F778WT0EK3,38,supermarket,1.0,0,,apple,apple,,True,38
banana,157013,6227.0,01JRZM8B5AP49HDHKE9WA4CFM3,01JRZJVNVKRZ80G3F778WT0EK3,39,supermarket,1.0,0,,banana,banana,,True,39
broccoli,161952,4939.0,01JRZM8B5AP49HDHKE9WA4CFM3,01JRZJVNVKRZ80G3F778WT0EK3,40,supermarket,1.0,0,,broccoli,broccoli,,True,40
cabbage,163505,1553.0,01JRZM8B5AP49HDHKE9WA4CFM3,01JRZJVNVKRZ80G3F778WT0EK3,41,supermarket,1.0,0,,cabbage,cabbage,,True,41
carrot,166684,3179.0,01JRZM8B5AP49HDHKE9WA4CFM3,01JRZJVNVKRZ80G3F778WT0EK3,42,supermarket,1.0,0,,carrots,carrot,,True,42
mince,174102,7418.0,01JRZM8B5AP49HDHKE9WA4CFM3,01JRZJVNVKRZ80G3F778WT0EK3,43,supermarket,1.0,0,,mince,mince,,True,43
dog,4058,4058.0,01JRZMD7YGCM4R3WQAZZ3T4YC7,01JRZJVNVPJPVN0V95HWDE9YV7,0,animals,1.0,0,,dog,dog,"['Canine', 'Pets']",True,0
cat,5779,1721.0,01JRZMD7YGCM4R3WQAZZ3T4YC7,01JRZJVNVPJPVN0V95HWDE9YV7,1,animals,1.0,0,,cat,cat,"['Pets', 'Feline']",False,1
pig,7220,1441.0,01JRZMD7YGCM4R3WQAZZ3T4YC7,01JRZJVNVPJPVN0V95HWDE9YV7,2,animals,1.0,0,,pig,pig,['Farm'],True,2
zebra,9534,2314.0,01JRZMD7YGCM4R3WQAZZ3T4YC7,01JRZJVNVPJPVN0V95HWDE9YV7,3,animals,0.0,0,,zebra,zebra,['African'],True,3
horse,12420,2886.0,01JRZMD7YGCM4R3WQAZZ3T4YC7,01JRZJVNVPJPVN0V95HWDE9YV7,4,animals,0.0,0,,horse,horse,"['BeastsOfBurden', 'Farm']",True,4
snake,20040,7620.0,01JRZMD7YGCM4R3WQAZZ3T4YC7,01JRZJVNVPJPVN0V95HWDE9YV7,5,animals,0.0,0,,snake,snake,"['Farm', 'ReptileAmphibian']",False,5
spider,21994,1954.0,01JRZMD7YGCM4R3WQAZZ3T4YC7,01JRZJVNVPJPVN0V95HWDE9YV7,6,animals,0.0,0,,spiders,spider,"['Arachnid', 'Farm']",False,6
dinosaur,26896,4902.0,01JRZMD7YGCM4R3WQAZZ3T4YC7,01JRZJVNVPJPVN0V95HWDE9YV7,7,animals,0.0,0,,dinasuer,dinosaur,"['Dinosaur', 'ReptileAmphibian', 'Extinct']",True,7
hippopotamus,33599,6703.0,01JRZMD7YGCM4R3WQAZZ3T4YC7,01JRZJVNVPJPVN0V95HWDE9YV7,8,animals,0.0,0,,hippos,hippopotamus,['African'],True,8
elephant,36015,2416.0,01JRZMD7YGCM4R3WQAZZ3T4YC7,01JRZJVNVPJPVN0V95HWDE9YV7,9,animals,0.0,0,,elaphant,elephant,['African'],False,9
bear,39302,3287.0,01JRZMD7YGCM4R3WQAZZ3T4YC7,01JRZJVNVPJPVN0V95HWDE9YV7,10,animals,0.0,0,,bear,bear,['NorthAmerican'],True,10
monkey,42239,2937.0,01JRZMD7YGCM4R3WQAZZ3T4YC7,01JRZJVNVPJPVN0V95HWDE9YV7,11,animals,0.0,0,,monkey,monkey,"['African', 'Primates']",True,11
dragonfly,56210,13971.0,01JRZMD7YGCM4R3WQAZZ3T4YC7,01JRZJVNVPJPVN0V95HWDE9YV7,12,animals,0.0,0,,dragon fly,dragonfly,['Insects'],True,12
fly,58738,2528.0,01JRZMD7YGCM4R3WQAZZ3T4YC7,01JRZJVNVPJPVN0V95HWDE9YV7,13,animals,0.0,0,,fly,fly,['Insects'],False,13
anaconda,64596,5858.0,01JRZMD7YGCM4R3WQAZZ3T4YC7,01JRZJVNVPJPVN0V95HWDE9YV7,14,animals,0.0,0,,anaconda,anaconda,['ReptileAmphibian'],True,14
rat,71077,6481.0,01JRZMD7YGCM4R3WQAZZ3T4YC7,01JRZJVNVPJPVN0V95HWDE9YV7,15,animals,0.0,0,,rats,rat,['Rodents'],True,15
frog,78820,7743.0,01JRZMD7YGCM4R3WQAZZ3T4YC7,01JRZJVNVPJPVN0V95HWDE9YV7,16,animals,0.0,0,,frogs,frog,"['ReptileAmphibian', 'Water']",True,16
lion,88770,9950.0,01JRZMD7YGCM4R3WQAZZ3T4YC7,01JRZJVNVPJPVN0V95HWDE9YV7,17,animals,0.0,0,,lion,lion,"['African', 'Feline']",True,17
cheetah,91012,2242.0,01JRZMD7YGCM4R3WQAZZ3T4YC7,01JRZJVNVPJPVN0V95HWDE9YV7,18,animals,0.0,0,,cheetah,cheetah,"['African', 'Feline']",False,18
jaguar,96202,5190.0,01JRZMD7YGCM4R3WQAZZ3T4YC7,01JRZJVNVPJPVN0V95HWDE9YV7,19,animals,1.0,0,,jaguar,jaguar,['Feline'],False,19
mouse,109614,13412.0,01JRZMD7YGCM4R3WQAZZ3T4YC7,01JRZJVNVPJPVN0V95HWDE9YV7,20,animals,0.0,0,,mice,mouse,"['Bird', 'Rodents']",True,20
rabbit,117723,8109.0,01JRZMD7YGCM4R3WQAZZ3T4YC7,01JRZJVNVPJPVN0V95HWDE9YV7,21,animals,0.0,0,,rabbit,rabbit,"['NorthAmerican', 'Pets', 'Rabbit', 'UsedForFur']",True,21
hedgehog,122329,4606.0,01JRZMD7YGCM4R3WQAZZ3T4YC7,01JRZJVNVPJPVN0V95HWDE9YV7,22,animals,1.0,0,,hedgehog,hedgehog,"['Insectivores', 'Rodents']",True,22
ladybug,127914,5585.0,01JRZMD7YGCM4R3WQAZZ3T4YC7,01JRZJVNVPJPVN0V95HWDE9YV7,23,animals,0.0,0,,lady bug,ladybug,['Insects'],True,23
ostrich,147091,6272.0,01JRZMD7YGCM4R3WQAZZ3T4YC7,01JRZJVNVPJPVN0V95HWDE9YV7,25,animals,0.0,0,,ostrick,ostrich,"['African', 'Bird']",False,24
fish,148569,1478.0,01JRZMD7YGCM4R3WQAZZ3T4YC7,01JRZJVNVPJPVN0V95HWDE9YV7,26,animals,0.0,0,,fish,fish,"['Fish', 'Water']",True,25
starfish,154695,6126.0,01JRZMD7YGCM4R3WQAZZ3T4YC7,01JRZJVNVPJPVN0V95HWDE9YV7,27,animals,0.0,0,,starfish,starfish,['Water'],False,26
shark,157688,2993.0,01JRZMD7YGCM4R3WQAZZ3T4YC7,01JRZJVNVPJPVN0V95HWDE9YV7,28,animals,0.0,0,,sharks,shark,"['Fish', 'Water']",False,27
leopard,172875,15187.0,01JRZMD7YGCM4R3WQAZZ3T4YC7,01JRZJVNVPJPVN0V95HWDE9YV7,29,animals,0.0,0,,leapord,leopard,"['African', 'Feline']",True,28
t-shirt,5453,5453.0,01JRZMD7YGCM4R3WQAZZ3T4YC7,01JRZJVNVPJPVN0V95HWDE9YV7,0,clothes,1.0,0,,tshirts,tshirt,,True,0
shirt,8133,2680.0,01JRZMD7YGCM4R3WQAZZ3T4YC7,01JRZJVNVPJPVN0V95HWDE9YV7,1,clothes,1.0,0,,shirts,shirt,,True,1
vest,9646,1513.0,01JRZMD7YGCM4R3WQAZZ3T4YC7,01JRZJVNVPJPVN0V95HWDE9YV7,2,clothes,0.0,0,,ests,vest,,True,2
underwear,18363,2604.0,01JRZMD7YGCM4R3WQAZZ3T4YC7,01JRZJVNVPJPVN0V95HWDE9YV7,4,clothes,0.0,0,,underwear,underwear,,True,3
top,21065,2702.0,01JRZMD7YGCM4R3WQAZZ3T4YC7,01JRZJVNVPJPVN0V95HWDE9YV7,5,clothes,0.0,0,,tops,top,,True,4
hoodie,22960,1895.0,01JRZMD7YGCM4R3WQAZZ3T4YC7,01JRZJVNVPJPVN0V95HWDE9YV7,6,clothes,1.0,0,,hoodie,hoodie,,True,5
jogger,26637,3677.0,01JRZMD7YGCM4R3WQAZZ3T4YC7,01JRZJVNVPJPVN0V95HWDE9YV7,7,clothes,0.0,0,,joggers,jogger,,True,6
quarter zip,33513,6876.0,01JRZMD7YGCM4R3WQAZZ3T4YC7,01JRZJVNVPJPVN0V95HWDE9YV7,8,clothes,1.0,0,,quater zips,quarterzip,,True,7
nightwear,42176,8663.0,01JRZMD7YGCM4R3WQAZZ3T4YC7,01JRZJVNVPJPVN0V95HWDE9YV7,9,clothes,0.0,0,,night wear,nightwear,,True,8
scarf,53068,10892.0,01JRZMD7YGCM4R3WQAZZ3T4YC7,01JRZJVNVPJPVN0V95HWDE9YV7,10,clothes,0.0,0,,scarf,scarf,,True,9
glove,56139,3071.0,01JRZMD7YGCM4R3WQAZZ3T4YC7,01JRZJVNVPJPVN0V95HWDE9YV7,11,clothes,0.0,0,,gloves,glove,,True,10
hat,59477,3338.0,01JRZMD7YGCM4R3WQAZZ3T4YC7,01JRZJVNVPJPVN0V95HWDE9YV7,12,clothes,0.0,0,,hats,hat,,True,11
beanie,61637,2160.0,01JRZMD7YGCM4R3WQAZZ3T4YC7,01JRZJVNVPJPVN0V95HWDE9YV7,13,clothes,0.0,0,,beanies,beanie,,True,12
designer T-shirt,72953,11316.0,01JRZMD7YGCM4R3WQAZZ3T4YC7,01JRZJVNVPJPVN0V95HWDE9YV7,14,clothes,0.0,0,,designer t shirts,designertshirt,,True,13
designer hoodie,77019,4066.0,01JRZMD7YGCM4R3WQAZZ3T4YC7,01JRZJVNVPJPVN0V95HWDE9YV7,15,clothes,0.0,0,,designer hooodies,designerhoodie,,True,14
designer jean,82935,5916.0,01JRZMD7YGCM4R3WQAZZ3T4YC7,01JRZJVNVPJPVN0V95HWDE9YV7,16,clothes,0.0,0,,designer jeans,designerjean,,True,15
dress,90888,7953.0,01JRZMD7YGCM4R3WQAZZ3T4YC7,01JRZJVNVPJPVN0V95HWDE9YV7,17,clothes,0.0,0,,dress,dres,,True,16
bra,104673,13785.0,01JRZMD7YGCM4R3WQAZZ3T4YC7,01JRZJVNVPJPVN0V95HWDE9YV7,18,clothes,0.0,0,,bras,bra,,True,17
bikini,113263,8590.0,01JRZMD7YGCM4R3WQAZZ3T4YC7,01JRZJVNVPJPVN0V95HWDE9YV7,19,clothes,0.0,0,,bikinis,bikini,,True,18
sock,123057,9794.0,01JRZMD7YGCM4R3WQAZZ3T4YC7,01JRZJVNVPJPVN0V95HWDE9YV7,20,clothes,0.0,0,,socks,sock,,True,19
ankle sock,137020,13963.0,01JRZMD7YGCM4R3WQAZZ3T4YC7,01JRZJVNVPJPVN0V95HWDE9YV7,21,clothes,0.0,0,,ankle socks,anklesock,,True,20
bottom,160085,10119.0,01JRZMD7YGCM4R3WQAZZ3T4YC7,01JRZJVNVPJPVN0V95HWDE9YV7,23,clothes,0.0,0,,bottom,bottom,,True,21
pajama,166944,6859.0,01JRZMD7YGCM4R3WQAZZ3T4YC7,01JRZJVNVPJPVN0V95HWDE9YV7,24,clothes,0.0,0,,pajamas,pajama,,True,22
boxer,172720,5776.0,01JRZMD7YGCM4R3WQAZZ3T4YC7,01JRZJVNVPJPVN0V95HWDE9YV7,25,clothes,0.0,0,,boxers,boxer,,True,23
burger,8438,8438.0,01JRZMD7YGCM4R3WQAZZ3T4YC7,01JRZJVNVPJPVN0V95HWDE9YV7,0,supermarket,1.0,0,,burger,burger,,True,0
egg,10695,2257.0,01JRZMD7YGCM4R3WQAZZ3T4YC7,01JRZJVNVPJPVN0V95HWDE9YV7,1,supermarket,0.0,0,,eggs,egg,,True,1
olive,13344,2649.0,01JRZMD7YGCM4R3WQAZZ3T4YC7,01JRZJVNVPJPVN0V95HWDE9YV7,2,supermarket,0.0,0,,olives,olive,,True,2
banana,19291,5947.0,01JRZMD7YGCM4R3WQAZZ3T4YC7,01JRZJVNVPJPVN0V95HWDE9YV7,3,supermarket,1.0,0,,bananas,banana,,True,3
milk,21232,1941.0,01JRZMD7YGCM4R3WQAZZ3T4YC7,01JRZJVNVPJPVN0V95HWDE9YV7,4,supermarket,0.0,0,,milk,milk,,True,4
orange,23635,2403.0,01JRZMD7YGCM4R3WQAZZ3T4YC7,01JRZJVNVPJPVN0V95HWDE9YV7,5,supermarket,1.0,0,,oranges,orange,,True,5
berry,26824,3189.0,01JRZMD7YGCM4R3WQAZZ3T4YC7,01JRZJVNVPJPVN0V95HWDE9YV7,6,supermarket,1.0,0,,berries,berry,,True,6
butter,33697,6873.0,01JRZMD7YGCM4R3WQAZZ3T4YC7,01JRZJVNVPJPVN0V95HWDE9YV7,7,supermarket,0.0,0,,butter,butter,,True,7
bread,35588,1891.0,01JRZMD7YGCM4R3WQAZZ3T4YC7,01JRZJVNVPJPVN0V95HWDE9YV7,8,supermarket,0.0,0,,bread,bread,,True,8
sweet,39936,4348.0,01JRZMD7YGCM4R3WQAZZ3T4YC7,01JRZJVNVPJPVN0V95HWDE9YV7,9,supermarket,0.0,0,,sweets,sweet,,True,9
pie,41374,1438.0,01JRZMD7YGCM4R3WQAZZ3T4YC7,01JRZJVNVPJPVN0V95HWDE9YV7,10,supermarket,0.0,0,,pie,pie,,True,10
wine,43081,1707.0,01JRZMD7YGCM4R3WQAZZ3T4YC7,01JRZJVNVPJPVN0V95HWDE9YV7,11,supermarket,0.0,0,,wine,wine,,True,11
water,46425,3344.0,01JRZMD7YGCM4R3WQAZZ3T4YC7,01JRZJVNVPJPVN0V95HWDE9YV7,12,supermarket,0.0,0,,water,water,,True,12
salad,49962,3537.0,01JRZMD7YGCM4R3WQAZZ3T4YC7,01JRZJVNVPJPVN0V95HWDE9YV7,13,supermarket,0.0,0,,salad,salad,,True,13
chicken,53183,3221.0,01JRZMD7YGCM4R3WQAZZ3T4YC7,01JRZJVNVPJPVN0V95HWDE9YV7,14,supermarket,0.0,0,,chicken,chicken,,True,14
beef,54487,1304.0,01JRZMD7YGCM4R3WQAZZ3T4YC7,01JRZJVNVPJPVN0V95HWDE9YV7,15,supermarket,0.0,0,,beef,beef,,True,15
potato,58476,3989.0,01JRZMD7YGCM4R3WQAZZ3T4YC7,01JRZJVNVPJPVN0V95HWDE9YV7,16,supermarket,0.0,0,,patatoes,potato,,True,16
chocolate,69060,10584.0,01JRZMD7YGCM4R3WQAZZ3T4YC7,01JRZJVNVPJPVN0V95HWDE9YV7,17,supermarket,0.0,0,,chocolate,chocolate,,True,17
sugar,75091,6031.0,01JRZMD7YGCM4R3WQAZZ3T4YC7,01JRZJVNVPJPVN0V95HWDE9YV7,18,supermarket,0.0,0,,suger,sugar,,True,18
salt,76640,1549.0,01JRZMD7YGCM4R3WQAZZ3T4YC7,01JRZJVNVPJPVN0V95HWDE9YV7,19,supermarket,0.0,0,,salt,salt,,True,19
apple,78786,2146.0,01JRZMD7YGCM4R3WQAZZ3T4YC7,01JRZJVNVPJPVN0V95HWDE9YV7,20,supermarket,1.0,0,,apples,apple,,True,20
strawberry,84038,5252.0,01JRZMD7YGCM4R3WQAZZ3T4YC7,01JRZJVNVPJPVN0V95HWDE9YV7,21,supermarket,1.0,0,,strawberries,strawberry,,True,21
candy,91342,7304.0,01JRZMD7YGCM4R3WQAZZ3T4YC7,01JRZJVNVPJPVN0V95HWDE9YV7,22,supermarket,0.0,0,,candy,candy,,True,22
cabbage,98545,7203.0,01JRZMD7YGCM4R3WQAZZ3T4YC7,01JRZJVNVPJPVN0V95HWDE9YV7,23,supermarket,0.0,0,,cabbage,cabbage,,True,23
biscuit,107823,9278.0,01JRZMD7YGCM4R3WQAZZ3T4YC7,01JRZJVNVPJPVN0V95HWDE9YV7,24,supermarket,0.0,0,,biscuits,biscuit,,True,24
crisps,116301,8478.0,01JRZMD7YGCM4R3WQAZZ3T4YC7,01JRZJVNVPJPVN0V95HWDE9YV7,25,supermarket,0.0,0,,crisps,crisp,,True,25
drink,132742,16441.0,01JRZMD7YGCM4R3WQAZZ3T4YC7,01JRZJVNVPJPVN0V95HWDE9YV7,26,supermarket,0.0,0,,drinks,drink,,True,26
syrup,140272,7530.0,01JRZMD7YGCM4R3WQAZZ3T4YC7,01JRZJVNVPJPVN0V95HWDE9YV7,27,supermarket,0.0,0,,syrup,syrup,,True,27
frozen food,144220,3948.0,01JRZMD7YGCM4R3WQAZZ3T4YC7,01JRZJVNVPJPVN0V95HWDE9YV7,28,supermarket,1.0,0,,frozen food,frozenfood,,True,28
frozen berry,148481,4261.0,01JRZMD7YGCM4R3WQAZZ3T4YC7,01JRZJVNVPJPVN0V95HWDE9YV7,29,supermarket,1.0,0,,frozen berries,frozenberry,,True,29
peanut butter,152917,4436.0,01JRZMD7YGCM4R3WQAZZ3T4YC7,01JRZJVNVPJPVN0V95HWDE9YV7,30,supermarket,0.0,0,,penut butter,peanutbutter,,True,30
pepper,160553,7636.0,01JRZMD7YGCM4R3WQAZZ3T4YC7,01JRZJVNVPJPVN0V95HWDE9YV7,31,supermarket,0.0,0,,peppers,pepper,,True,31
cucumber,167985,7432.0,01JRZMD7YGCM4R3WQAZZ3T4YC7,01JRZJVNVPJPVN0V95HWDE9YV7,32,supermarket,0.0,0,,cucumber,cucumber,,True,32
giraffe,5532,5532.0,01JRZME5HD6ARCPV9Z5DB4RZQ7,01JRZJVNVSVZXGDPATZ85GR1Z8,0,animals,1.0,0,,girafe,giraffe,['African'],True,0
pig,7603,2071.0,01JRZME5HD6ARCPV9Z5DB4RZQ7,01JRZJVNVSVZXGDPATZ85GR1Z8,1,animals,0.0,0,,pig,pig,['Farm'],True,1
dog,8993,1390.0,01JRZME5HD6ARCPV9Z5DB4RZQ7,01JRZJVNVSVZXGDPATZ85GR1Z8,2,animals,0.0,0,,dog,dog,"['Canine', 'Pets']",True,2
goat,10507,1514.0,01JRZME5HD6ARCPV9Z5DB4RZQ7,01JRZJVNVSVZXGDPATZ85GR1Z8,3,animals,1.0,0,,goat,goat,['Farm'],True,3
sheep,12420,1913.0,01JRZME5HD6ARCPV9Z5DB4RZQ7,01JRZJVNVSVZXGDPATZ85GR1Z8,4,animals,1.0,0,,sheep,sheep,['Farm'],False,4
cow,13664,1244.0,01JRZME5HD6ARCPV9Z5DB4RZQ7,01JRZJVNVSVZXGDPATZ85GR1Z8,5,animals,1.0,0,,cow,cow,"['Bovine', 'Farm']",False,5
llama,15934,2270.0,01JRZME5HD6ARCPV9Z5DB4RZQ7,01JRZJVNVSVZXGDPATZ85GR1Z8,6,animals,0.0,0,,llama,llama,"['BeastsOfBurden', 'UsedForFur']",True,6
zebra,19034,3100.0,01JRZME5HD6ARCPV9Z5DB4RZQ7,01JRZJVNVSVZXGDPATZ85GR1Z8,7,animals,1.0,0,,zebra,zebra,['African'],True,7
lion,20993,1959.0,01JRZME5HD6ARCPV9Z5DB4RZQ7,01JRZJVNVSVZXGDPATZ85GR1Z8,8,animals,1.0,0,,lion,lion,"['African', 'Feline']",False,8
pony,80377,59384.0,01JRZME5HD6ARCPV9Z5DB4RZQ7,01JRZJVNVSVZXGDPATZ85GR1Z8,9,animals,0.0,0,,pony,pony,"['BeastsOfBurden', 'Farm']",True,9
cat,81990,1613.0,01JRZME5HD6ARCPV9Z5DB4RZQ7,01JRZJVNVSVZXGDPATZ85GR1Z8,10,animals,0.0,0,,cat,cat,"['Pets', 'Feline']",True,10
fox,87315,5325.0,01JRZME5HD6ARCPV9Z5DB4RZQ7,01JRZJVNVSVZXGDPATZ85GR1Z8,11,animals,0.0,0,,fox,fox,"['Canine', 'NorthAmerican', 'UsedForFur']",True,11
bear,88453,1138.0,01JRZME5HD6ARCPV9Z5DB4RZQ7,01JRZJVNVSVZXGDPATZ85GR1Z8,12,animals,0.0,0,,bear,bear,['NorthAmerican'],False,12
rabbit,90315,1862.0,01JRZME5HD6ARCPV9Z5DB4RZQ7,01JRZJVNVSVZXGDPATZ85GR1Z8,13,animals,1.0,0,,rabbit,rabbit,"['NorthAmerican', 'Pets', 'Rabbit', 'UsedForFur']",False,13
hare,92213,1898.0,01JRZME5HD6ARCPV9Z5DB4RZQ7,01JRZJVNVSVZXGDPATZ85GR1Z8,14,animals,1.0,0,,hare,hare,['Rabbit'],False,14
guinea pig,99308,7095.0,01JRZME5HD6ARCPV9Z5DB4RZQ7,01JRZJVNVSVZXGDPATZ85GR1Z8,15,animals,0.0,0,,gunieapig,guineapig,"['Pets', 'Rodents']",True,15
mouse,101513,2205.0,01JRZME5HD6ARCPV9Z5DB4RZQ7,01JRZJVNVSVZXGDPATZ85GR1Z8,16,animals,0.0,0,,mouse,mouse,"['Bird', 'Rodents']",False,16
ferret,104927,3414.0,01JRZME5HD6ARCPV9Z5DB4RZQ7,01JRZJVNVSVZXGDPATZ85GR1Z8,17,animals,1.0,0,,ferret,ferret,"['Farm', 'Weasels']",True,17
stoat,107235,2308.0,01JRZME5HD6ARCPV9Z5DB4RZQ7,01JRZJVNVSVZXGDPATZ85GR1Z8,18,animals,1.0,0,,stoat,stoat,['Weasels'],False,18
donkey,112094,4859.0,01JRZME5HD6ARCPV9Z5DB4RZQ7,01JRZJVNVSVZXGDPATZ85GR1Z8,19,animals,1.0,0,,donkey,donkey,"['BeastsOfBurden', 'Farm']",True,19
horse,114216,2122.0,01JRZME5HD6ARCPV9Z5DB4RZQ7,01JRZJVNVSVZXGDPATZ85GR1Z8,20,animals,1.0,0,,horse,horse,"['BeastsOfBurden', 'Farm']",False,20
wolf,127022,12806.0,01JRZME5HD6ARCPV9Z5DB4RZQ7,01JRZJVNVSVZXGDPATZ85GR1Z8,21,animals,0.0,0,,wolf,wolf,"['Canine', 'NorthAmerican']",True,21
elephant,132802,5780.0,01JRZME5HD6ARCPV9Z5DB4RZQ7,01JRZJVNVSVZXGDPATZ85GR1Z8,22,animals,1.0,0,,elephant,elephant,['African'],True,22
rhinoceros,138240,5438.0,01JRZME5HD6ARCPV9Z5DB4RZQ7,01JRZJVNVSVZXGDPATZ85GR1Z8,23,animals,1.0,0,,rhinoceros,rhinoceros,['African'],False,23
shrew,141913,3673.0,01JRZME5HD6ARCPV9Z5DB4RZQ7,01JRZJVNVSVZXGDPATZ85GR1Z8,24,animals,1.0,0,,shrew,shrew,"['Insectivores', 'Primates', 'Rodents']",True,24
vole,144085,2172.0,01JRZME5HD6ARCPV9Z5DB4RZQ7,01JRZJVNVSVZXGDPATZ85GR1Z8,25,animals,1.0,0,,vole,vole,['Rodents'],False,25
gerbil,148832,4747.0,01JRZME5HD6ARCPV9Z5DB4RZQ7,01JRZJVNVSVZXGDPATZ85GR1Z8,26,animals,1.0,0,,gerbil,gerbil,"['Pets', 'Rodents']",False,26
rat,152633,3801.0,01JRZME5HD6ARCPV9Z5DB4RZQ7,01JRZJVNVSVZXGDPATZ85GR1Z8,27,animals,1.0,0,,rat,rat,['Rodents'],False,27
chinchilla,159438,6805.0,01JRZME5HD6ARCPV9Z5DB4RZQ7,01JRZJVNVSVZXGDPATZ85GR1Z8,28,animals,0.0,0,,chinchilla,chinchilla,"['Rodents', 'UsedForFur']",False,28
bat,166606,7168.0,01JRZME5HD6ARCPV9Z5DB4RZQ7,01JRZJVNVSVZXGDPATZ85GR1Z8,29,animals,0.0,0,,bat,bat,['Insectivores'],True,29
monkey,175275,8669.0,01JRZME5HD6ARCPV9Z5DB4RZQ7,01JRZJVNVSVZXGDPATZ85GR1Z8,30,animals,0.0,0,,monkey,monkey,"['African', 'Primates']",True,30
t-shirt,5343,5343.0,01JRZME5HD6ARCPV9Z5DB4RZQ7,01JRZJVNVSVZXGDPATZ85GR1Z8,0,clothes,1.0,0,,t-shirt,tshirt,,True,0
blouse,7423,2080.0,01JRZME5HD6ARCPV9Z5DB4RZQ7,01JRZJVNVSVZXGDPATZ85GR1Z8,1,clothes,1.0,0,,blouse,blouse,,True,1
top,8731,1308.0,01JRZME5HD6ARCPV9Z5DB4RZQ7,01JRZJVNVSVZXGDPATZ85GR1Z8,2,clothes,1.0,0,,top,top,,True,2
trouser,11428,2697.0,01JRZME5HD6ARCPV9Z5DB4RZQ7,01JRZJVNVSVZXGDPATZ85GR1Z8,3,clothes,0.0,0,,trousers,trouser,,True,3
tie,13659,2231.0,01JRZME5HD6ARCPV9Z5DB4RZQ7,01JRZJVNVSVZXGDPATZ85GR1Z8,4,clothes,0.0,0,,tie,tie,,True,4
glove,15513,1854.0,01JRZME5HD6ARCPV9Z5DB4RZQ7,01JRZJVNVSVZXGDPATZ85GR1Z8,5,clothes,0.0,0,,gloves,glove,,True,5
short,18315,2802.0,01JRZME5HD6ARCPV9Z5DB4RZQ7,01JRZJVNVSVZXGDPATZ85GR1Z8,6,clothes,0.0,0,,shorts,short,,True,6
skirt,20351,2036.0,01JRZME5HD6ARCPV9Z5DB4RZQ7,01JRZJVNVSVZXGDPATZ85GR1Z8,7,clothes,0.0,0,,skirt,skirt,,True,7
jumper,22762,2411.0,01JRZME5HD6ARCPV9Z5DB4RZQ7,01JRZJVNVSVZXGDPATZ85GR1Z8,8,clothes,1.0,0,,jumper,jumper,,True,8
cardigan,25111,2349.0,01JRZME5HD6ARCPV9Z5DB4RZQ7,01JRZJVNVSVZXGDPATZ85GR1Z8,9,clothes,1.0,0,,cardigan,cardigan,,True,9
knicker,30582,5471.0,01JRZME5HD6ARCPV9Z5DB4RZQ7,01JRZJVNVSVZXGDPATZ85GR1Z8,10,clothes,1.0,0,,knickers,knicker,,True,10
vest,32204,1622.0,01JRZME5HD6ARCPV9Z5DB4RZQ7,01JRZJVNVSVZXGDPATZ85GR1Z8,11,clothes,1.0,0,,vest,vest,,True,11
socks,33967,1763.0,01JRZME5HD6ARCPV9Z5DB4RZQ7,01JRZJVNVSVZXGDPATZ85GR1Z8,12,clothes,1.0,0,,socks,sock,,True,12
tight,36263,2296.0,01JRZME5HD6ARCPV9Z5DB4RZQ7,01JRZJVNVSVZXGDPATZ85GR1Z8,13,clothes,1.0,0,,tights,tight,,True,13
legging,38652,2389.0,01JRZME5HD6ARCPV9Z5DB4RZQ7,01JRZJVNVSVZXGDPATZ85GR1Z8,14,clothes,1.0,0,,leggings,legging,,True,14
dress,42763,4111.0,01JRZME5HD6ARCPV9Z5DB4RZQ7,01JRZJVNVSVZXGDPATZ85GR1Z8,15,clothes,0.0,0,,dress,dres,,True,15
suit,44510,1747.0,01JRZME5HD6ARCPV9Z5DB4RZQ7,01JRZJVNVSVZXGDPATZ85GR1Z8,16,clothes,0.0,0,,suit,suit,,True,16
cape,50901,6391.0,01JRZME5HD6ARCPV9Z5DB4RZQ7,01JRZJVNVSVZXGDPATZ85GR1Z8,17,clothes,1.0,0,,cape,cape,,True,17
coat,54435,3534.0,01JRZME5HD6ARCPV9Z5DB4RZQ7,01JRZJVNVSVZXGDPATZ85GR1Z8,18,clothes,1.0,0,,coat,coat,,True,18
jacket,56763,2328.0,01JRZME5HD6ARCPV9Z5DB4RZQ7,01JRZJVNVSVZXGDPATZ85GR1Z8,19,clothes,1.0,0,,jacket,jacket,,True,19
tank top,77299,20536.0,01JRZME5HD6ARCPV9Z5DB4RZQ7,01JRZJVNVSVZXGDPATZ85GR1Z8,20,clothes,0.0,0,,tank top,tanktop,,True,20
sweater,83153,5854.0,01JRZME5HD6ARCPV9Z5DB4RZQ7,01JRZJVNVSVZXGDPATZ85GR1Z8,21,clothes,0.0,0,,sweater,sweater,,True,21
tracksuit,90438,7285.0,01JRZME5HD6ARCPV9Z5DB4RZQ7,01JRZJVNVSVZXGDPATZ85GR1Z8,22,clothes,0.0,0,,tracksuit,tracksuit,,True,22
dressing gown,98191,7753.0,01JRZME5HD6ARCPV9Z5DB4RZQ7,01JRZJVNVSVZXGDPATZ85GR1Z8,23,clothes,1.0,0,,dressing gown,dressinggown,,True,23
pyjama,108483,10292.0,01JRZME5HD6ARCPV9Z5DB4RZQ7,01JRZJVNVSVZXGDPATZ85GR1Z8,24,clothes,1.0,0,,pyjamas,pyjama,,True,24
jogger,112146,3663.0,01JRZME5HD6ARCPV9Z5DB4RZQ7,01JRZJVNVSVZXGDPATZ85GR1Z8,25,clothes,0.0,0,,joggers,jogger,,True,25
hat,122328,10182.0,01JRZME5HD6ARCPV9Z5DB4RZQ7,01JRZJVNVSVZXGDPATZ85GR1Z8,26,clothes,1.0,0,,hat,hat,,True,26
beret,129219,6891.0,01JRZME5HD6ARCPV9Z5DB4RZQ7,01JRZJVNVSVZXGDPATZ85GR1Z8,27,clothes,1.0,0,,beret,beret,,True,27
cap,136363,7144.0,01JRZME5HD6ARCPV9Z5DB4RZQ7,01JRZJVNVSVZXGDPATZ85GR1Z8,28,clothes,1.0,0,,cap,cap,,True,28
tiara,144793,8430.0,01JRZME5HD6ARCPV9Z5DB4RZQ7,01JRZJVNVSVZXGDPATZ85GR1Z8,29,clothes,1.0,0,,tiara,tiara,,True,29
shirt,153013,8220.0,01JRZME5HD6ARCPV9Z5DB4RZQ7,01JRZJVNVSVZXGDPATZ85GR1Z8,30,clothes,0.0,0,,shirt,shirt,,True,30
waistcoat,161166,8153.0,01JRZME5HD6ARCPV9Z5DB4RZQ7,01JRZJVNVSVZXGDPATZ85GR1Z8,31,clothes,0.0,0,,waistcoat,waistcoat,,True,31
petticoat,165822,4656.0,01JRZME5HD6ARCPV9Z5DB4RZQ7,01JRZJVNVSVZXGDPATZ85GR1Z8,32,clothes,1.0,0,,petticoat,petticoat,,True,32
underskirt,173672,7850.0,01JRZME5HD6ARCPV9Z5DB4RZQ7,01JRZJVNVSVZXGDPATZ85GR1Z8,33,clothes,1.0,0,,underskirt,underskirt,,True,33
bikini,177431,3759.0,01JRZME5HD6ARCPV9Z5DB4RZQ7,01JRZJVNVSVZXGDPATZ85GR1Z8,34,clothes,0.0,0,,bikini,bikini,,True,34
spaghetto,8681,8681.0,01JRZME5HD6ARCPV9Z5DB4RZQ7,01JRZJVNVSVZXGDPATZ85GR1Z8,0,supermarket,1.0,0,,spaghetti,spaghetto,,True,0
lamb chop,13737,5056.0,01JRZME5HD6ARCPV9Z5DB4RZQ7,01JRZJVNVSVZXGDPATZ85GR1Z8,1,supermarket,1.0,0,,lamb chops,lambchop,,True,1
chicken wing,19135,5398.0,01JRZME5HD6ARCPV9Z5DB4RZQ7,01JRZJVNVSVZXGDPATZ85GR1Z8,2,supermarket,0.0,0,,chicken wings,chickenwing,,True,2
chicken drumstick,25195,6060.0,01JRZME5HD6ARCPV9Z5DB4RZQ7,01JRZJVNVSVZXGDPATZ85GR1Z8,3,supermarket,0.0,0,,chicken drumsticks,chickendrumstick,,True,3
beef,29058,3863.0,01JRZME5HD6ARCPV9Z5DB4RZQ7,01JRZJVNVSVZXGDPATZ85GR1Z8,4,supermarket,0.0,0,,beef,beef,,True,4
pork chop,34827,5769.0,01JRZME5HD6ARCPV9Z5DB4RZQ7,01JRZJVNVSVZXGDPATZ85GR1Z8,5,supermarket,0.0,0,,pork chops,porkchop,,True,5
lamb mince,38781,3954.0,01JRZME5HD6ARCPV9Z5DB4RZQ7,01JRZJVNVSVZXGDPATZ85GR1Z8,6,supermarket,0.0,0,,lamb mince,lambmince,,True,6
tomato,41737,2956.0,01JRZME5HD6ARCPV9Z5DB4RZQ7,01JRZJVNVSVZXGDPATZ85GR1Z8,7,supermarket,1.0,0,,tomatoes,tomato,,True,7
onion,43730,1993.0,01JRZME5HD6ARCPV9Z5DB4RZQ7,01JRZJVNVSVZXGDPATZ85GR1Z8,8,supermarket,0.0,0,,onions,onion,,True,8
lettuce,45739,2009.0,01JRZME5HD6ARCPV9Z5DB4RZQ7,01JRZJVNVSVZXGDPATZ85GR1Z8,9,supermarket,0.0,0,,lettuce,lettuce,,True,9
bacon,49401,3662.0,01JRZME5HD6ARCPV9Z5DB4RZQ7,01JRZJVNVSVZXGDPATZ85GR1Z8,10,supermarket,1.0,0,,bacon,bacon,,True,10
egg,51071,1670.0,01JRZME5HD6ARCPV9Z5DB4RZQ7,01JRZJVNVSVZXGDPATZ85GR1Z8,11,supermarket,0.0,0,,eggs,egg,,True,11
bread,52314,1243.0,01JRZME5HD6ARCPV9Z5DB4RZQ7,01JRZJVNVSVZXGDPATZ85GR1Z8,12,supermarket,1.0,0,,bread,bread,,True,12
milk,55292,2978.0,01JRZME5HD6ARCPV9Z5DB4RZQ7,01JRZJVNVSVZXGDPATZ85GR1Z8,13,supermarket,1.0,0,,milk,milk,,True,13
sugar,57682,2390.0,01JRZME5HD6ARCPV9Z5DB4RZQ7,01JRZJVNVSVZXGDPATZ85GR1Z8,14,supermarket,0.0,0,,sugar,sugar,,True,14
teas,60038,2356.0,01JRZME5HD6ARCPV9Z5DB4RZQ7,01JRZJVNVSVZXGDPATZ85GR1Z8,15,supermarket,0.0,0,,tea,tea,,True,15
coffee,61989,1951.0,01JRZME5HD6ARCPV9Z5DB4RZQ7,01JRZJVNVSVZXGDPATZ85GR1Z8,16,supermarket,0.0,0,,coffee,coffee,,True,16
water,64068,2079.0,01JRZME5HD6ARCPV9Z5DB4RZQ7,01JRZJVNVSVZXGDPATZ85GR1Z8,17,supermarket,1.0,0,,water,water,,True,17
herbal tea,68102,4034.0,01JRZME5HD6ARCPV9Z5DB4RZQ7,01JRZJVNVSVZXGDPATZ85GR1Z8,18,supermarket,1.0,0,,herbal tea,herbaltea,,True,18
cake,70650,2548.0,01JRZME5HD6ARCPV9Z5DB4RZQ7,01JRZJVNVSVZXGDPATZ85GR1Z8,19,supermarket,1.0,0,,cakes,cake,,True,19
biscuit,73688,3038.0,01JRZME5HD6ARCPV9Z5DB4RZQ7,01JRZJVNVSVZXGDPATZ85GR1Z8,20,supermarket,0.0,0,,biscuits,biscuit,,True,20
bean,83101,9413.0,01JRZME5HD6ARCPV9Z5DB4RZQ7,01JRZJVNVSVZXGDPATZ85GR1Z8,21,supermarket,1.0,0,,beans,bean,,True,21
pot noodle,87131,4030.0,01JRZME5HD6ARCPV9Z5DB4RZQ7,01JRZJVNVSVZXGDPATZ85GR1Z8,22,supermarket,1.0,0,,pot noodles,potnoodle,,True,22
grape,89464,2333.0,01JRZME5HD6ARCPV9Z5DB4RZQ7,01JRZJVNVSVZXGDPATZ85GR1Z8,23,supermarket,1.0,0,,grapes,grape,,True,23
banana,95177,5713.0,01JRZME5HD6ARCPV9Z5DB4RZQ7,01JRZJVNVSVZXGDPATZ85GR1Z8,24,supermarket,0.0,0,,bananas,banana,,True,24
raspberry,98685,3508.0,01JRZME5HD6ARCPV9Z5DB4RZQ7,01JRZJVNVSVZXGDPATZ85GR1Z8,25,supermarket,0.0,0,,raspberries,raspberry,,True,25
cherry,100995,2310.0,01JRZME5HD6ARCPV9Z5DB4RZQ7,01JRZJVNVSVZXGDPATZ85GR1Z8,26,supermarket,0.0,0,,cherries,cherry,,True,26
leek,103865,2870.0,01JRZME5HD6ARCPV9Z5DB4RZQ7,01JRZJVNVSVZXGDPATZ85GR1Z8,27,supermarket,1.0,0,,leeks,leek,,True,27
potato,106392,2527.0,01JRZME5HD6ARCPV9Z5DB4RZQ7,01JRZJVNVSVZXGDPATZ85GR1Z8,28,supermarket,0.0,0,,potatoes,potato,,True,28
strawberry,124578,18186.0,01JRZME5HD6ARCPV9Z5DB4RZQ7,01JRZJVNVSVZXGDPATZ85GR1Z8,29,supermarket,1.0,0,,strawberries,strawberry,,True,29
peach,126631,2053.0,01JRZME5HD6ARCPV9Z5DB4RZQ7,01JRZJVNVSVZXGDPATZ85GR1Z8,30,supermarket,0.0,0,,peaches,peach,,True,30
plum,128492,1861.0,01JRZME5HD6ARCPV9Z5DB4RZQ7,01JRZJVNVSVZXGDPATZ85GR1Z8,31,supermarket,0.0,0,,plums,plum,,True,31
apricot,132580,4088.0,01JRZME5HD6ARCPV9Z5DB4RZQ7,01JRZJVNVSVZXGDPATZ85GR1Z8,32,supermarket,0.0,0,,apricots,apricot,,True,32
pea,135778,3198.0,01JRZME5HD6ARCPV9Z5DB4RZQ7,01JRZJVNVSVZXGDPATZ85GR1Z8,33,supermarket,1.0,0,,peas,pea,,True,33
melon,140391,4613.0,01JRZME5HD6ARCPV9Z5DB4RZQ7,01JRZJVNVSVZXGDPATZ85GR1Z8,34,supermarket,1.0,0,,melon,melon,,True,34
coconut,144237,3846.0,01JRZME5HD6ARCPV9Z5DB4RZQ7,01JRZJVNVSVZXGDPATZ85GR1Z8,35,supermarket,1.0,0,,coconut,coconut,,True,35
butter,147049,2812.0,01JRZME5HD6ARCPV9Z5DB4RZQ7,01JRZJVNVSVZXGDPATZ85GR1Z8,36,supermarket,1.0,0,,butter,butter,,True,36
margarine,150137,3088.0,01JRZME5HD6ARCPV9Z5DB4RZQ7,01JRZJVNVSVZXGDPATZ85GR1Z8,37,supermarket,0.0,0,,maragrine,margarine,,True,37
milkshake,165791,7786.0,01JRZME5HD6ARCPV9Z5DB4RZQ7,01JRZJVNVSVZXGDPATZ85GR1Z8,39,supermarket,0.0,0,,milkshake,milkshake,,True,38
orange,169360,3569.0,01JRZME5HD6ARCPV9Z5DB4RZQ7,01JRZJVNVSVZXGDPATZ85GR1Z8,40,supermarket,1.0,0,,oranges,orange,,True,39
lemon,173179,3819.0,01JRZME5HD6ARCPV9Z5DB4RZQ7,01JRZJVNVSVZXGDPATZ85GR1Z8,41,supermarket,0.0,0,,lemons,lemon,,True,40
lime,175751,2572.0,01JRZME5HD6ARCPV9Z5DB4RZQ7,01JRZJVNVSVZXGDPATZ85GR1Z8,42,supermarket,0.0,0,,limes,lime,,True,41
dog,4801,4801.0,01JRZMMYQSHKC8GD5HSV7QW7VW,01JRZJVNVNBA0FVYWF8DKX0FMY,0,animals,1.0,0,,dog,dog,"['Canine', 'Pets']",True,0
cat,6516,1715.0,01JRZMMYQSHKC8GD5HSV7QW7VW,01JRZJVNVNBA0FVYWF8DKX0FMY,1,animals,1.0,0,,cat,cat,"['Pets', 'Feline']",False,1
zebra,9343,2827.0,01JRZMMYQSHKC8GD5HSV7QW7VW,01JRZJVNVNBA0FVYWF8DKX0FMY,2,animals,0.0,0,,zebra,zebra,['African'],True,2
cow,11054,1711.0,01JRZMMYQSHKC8GD5HSV7QW7VW,01JRZJVNVNBA0FVYWF8DKX0FMY,3,animals,0.0,0,,cow,cow,"['Bovine', 'Farm']",True,3
camel,13540,2486.0,01JRZMMYQSHKC8GD5HSV7QW7VW,01JRZJVNVNBA0FVYWF8DKX0FMY,4,animals,0.0,0,,camel,camel,"['African', 'BeastsOfBurden']",True,4
horse,16310,2770.0,01JRZMMYQSHKC8GD5HSV7QW7VW,01JRZJVNVNBA0FVYWF8DKX0FMY,5,animals,0.0,0,,horse,horse,"['BeastsOfBurden', 'Farm']",False,5
rabbit,18921,2611.0,01JRZMMYQSHKC8GD5HSV7QW7VW,01JRZJVNVNBA0FVYWF8DKX0FMY,6,animals,0.0,0,,rabbit,rabbit,"['NorthAmerican', 'Pets', 'Rabbit', 'UsedForFur']",True,6
elephant,23346,4425.0,01JRZMMYQSHKC8GD5HSV7QW7VW,01JRZJVNVNBA0FVYWF8DKX0FMY,7,animals,1.0,0,,elephant,elephant,['African'],True,7
lion,26507,3161.0,01JRZMMYQSHKC8GD5HSV7QW7VW,01JRZJVNVNBA0FVYWF8DKX0FMY,8,animals,1.0,0,,lion,lion,"['African', 'Feline']",False,8
tiger,32258,5751.0,01JRZMMYQSHKC8GD5HSV7QW7VW,01JRZJVNVNBA0FVYWF8DKX0FMY,9,animals,1.0,0,,tiger,tiger,"['African', 'Feline']",False,9
snake,37405,5147.0,01JRZMMYQSHKC8GD5HSV7QW7VW,01JRZJVNVNBA0FVYWF8DKX0FMY,10,animals,1.0,0,,snake,snake,"['Farm', 'ReptileAmphibian']",True,10
ant,54040,16635.0,01JRZMMYQSHKC8GD5HSV7QW7VW,01JRZJVNVNBA0FVYWF8DKX0FMY,11,animals,0.0,0,,ant,ant,['Insects'],True,11
llama,67939,13899.0,01JRZMMYQSHKC8GD5HSV7QW7VW,01JRZJVNVNBA0FVYWF8DKX0FMY,12,animals,0.0,0,,llama,llama,"['BeastsOfBurden', 'UsedForFur']",True,12
hare,76415,8476.0,01JRZMMYQSHKC8GD5HSV7QW7VW,01JRZJVNVNBA0FVYWF8DKX0FMY,13,animals,0.0,0,,hare,hare,['Rabbit'],True,13
flea,88892,12477.0,01JRZMMYQSHKC8GD5HSV7QW7VW,01JRZJVNVNBA0FVYWF8DKX0FMY,14,animals,0.0,0,,flea,flea,['Insects'],True,14
hippopotamus,122729,33837.0,01JRZMMYQSHKC8GD5HSV7QW7VW,01JRZJVNVNBA0FVYWF8DKX0FMY,15,animals,0.0,0,,hippo,hippopotamus,['African'],True,15
pony,133021,10292.0,01JRZMMYQSHKC8GD5HSV7QW7VW,01JRZJVNVNBA0FVYWF8DKX0FMY,16,animals,0.0,0,,pony,pony,"['BeastsOfBurden', 'Farm']",True,16
dromedary,139902,6881.0,01JRZMMYQSHKC8GD5HSV7QW7VW,01JRZJVNVNBA0FVYWF8DKX0FMY,17,animals,0.0,0,,dromedary,dromedary,['BeastsOfBurden'],False,17
kangaroo,142999,3097.0,01JRZMMYQSHKC8GD5HSV7QW7VW,01JRZJVNVNBA0FVYWF8DKX0FMY,18,animals,0.0,0,,kangaroo,kangaroo,['Australian'],True,18
bull,162076,19077.0,01JRZMMYQSHKC8GD5HSV7QW7VW,01JRZJVNVNBA0FVYWF8DKX0FMY,19,animals,0.0,0,,bull,bull,"['BeastsOfBurden', 'Bovine', 'Farm']",True,19
deer,169049,6973.0,01JRZMMYQSHKC8GD5HSV7QW7VW,01JRZJVNVNBA0FVYWF8DKX0FMY,20,animals,0.0,0,,deer,deer,"['Deers', 'NorthAmerican']",True,20
foal,174223,5174.0,01JRZMMYQSHKC8GD5HSV7QW7VW,01JRZJVNVNBA0FVYWF8DKX0FMY,21,animals,0.0,0,,foal,foal,['Farm'],True,21
dress,4660,4660.0,01JRZMMYQSHKC8GD5HSV7QW7VW,01JRZJVNVNBA0FVYWF8DKX0FMY,0,clothes,1.0,0,,dress,dres,,True,0
skirt,7437,2777.0,01JRZMMYQSHKC8GD5HSV7QW7VW,01JRZJVNVNBA0FVYWF8DKX0FMY,1,clothes,0.0,0,,skirt,skirt,,True,1
coat,10602,3165.0,01JRZMMYQSHKC8GD5HSV7QW7VW,01JRZJVNVNBA0FVYWF8DKX0FMY,2,clothes,0.0,0,,coat,coat,,True,2
sock,12713,2111.0,01JRZMMYQSHKC8GD5HSV7QW7VW,01JRZJVNVNBA0FVYWF8DKX0FMY,3,clothes,1.0,0,,socks,sock,,True,3
pant,16462,3749.0,01JRZMMYQSHKC8GD5HSV7QW7VW,01JRZJVNVNBA0FVYWF8DKX0FMY,4,clothes,1.0,0,,pants,pant,,True,4
trouser,23728,7266.0,01JRZMMYQSHKC8GD5HSV7QW7VW,01JRZJVNVNBA0FVYWF8DKX0FMY,5,clothes,0.0,0,,trousers,trouser,,True,5
short,26627,2899.0,01JRZMMYQSHKC8GD5HSV7QW7VW,01JRZJVNVNBA0FVYWF8DKX0FMY,6,clothes,1.0,0,,shorts,short,,True,6
T-shirt,29369,2742.0,01JRZMMYQSHKC8GD5HSV7QW7VW,01JRZJVNVNBA0FVYWF8DKX0FMY,7,clothes,1.0,0,,t shirt,tshirt,,True,7
blouse,31638,2269.0,01JRZMMYQSHKC8GD5HSV7QW7VW,01JRZJVNVNBA0FVYWF8DKX0FMY,8,clothes,0.0,0,,blouse,blouse,,True,8
tank top,33935,2297.0,01JRZMMYQSHKC8GD5HSV7QW7VW,01JRZJVNVNBA0FVYWF8DKX0FMY,9,clothes,0.0,0,,tank top,tanktop,,True,9
jumper,36074,2139.0,01JRZMMYQSHKC8GD5HSV7QW7VW,01JRZJVNVNBA0FVYWF8DKX0FMY,10,clothes,1.0,0,,jumper,jumper,,True,10
cardigan,39573,3499.0,01JRZMMYQSHKC8GD5HSV7QW7VW,01JRZJVNVNBA0FVYWF8DKX0FMY,11,clothes,1.0,0,,caridgan,cardigan,,True,11
fleece,43440,3867.0,01JRZMMYQSHKC8GD5HSV7QW7VW,01JRZJVNVNBA0FVYWF8DKX0FMY,12,clothes,1.0,0,,fleece,fleece,,True,12
hoodie,46186,2746.0,01JRZMMYQSHKC8GD5HSV7QW7VW,01JRZJVNVNBA0FVYWF8DKX0FMY,13,clothes,1.0,0,,hoody,hoodie,,True,13
shoe,54487,8301.0,01JRZMMYQSHKC8GD5HSV7QW7VW,01JRZJVNVNBA0FVYWF8DKX0FMY,14,clothes,1.0,0,,shoes,shoe,,True,14
sandal,56327,1840.0,01JRZMMYQSHKC8GD5HSV7QW7VW,01JRZJVNVNBA0FVYWF8DKX0FMY,15,clothes,1.0,0,,sandals,sandal,,True,15
slipper,58450,2123.0,01JRZMMYQSHKC8GD5HSV7QW7VW,01JRZJVNVNBA0FVYWF8DKX0FMY,16,clothes,1.0,0,,slippers,slipper,,True,16
pyjama,62877,4427.0,01JRZMMYQSHKC8GD5HSV7QW7VW,01JRZJVNVNBA0FVYWF8DKX0FMY,17,clothes,1.0,0,,pyjamas,pyjama,,True,17
nightdress,67442,4565.0,01JRZMMYQSHKC8GD5HSV7QW7VW,01JRZJVNVNBA0FVYWF8DKX0FMY,18,clothes,1.0,0,,nightdress,nightdres,,True,18
jacket,77220,9778.0,01JRZMMYQSHKC8GD5HSV7QW7VW,01JRZJVNVNBA0FVYWF8DKX0FMY,19,clothes,0.0,0,,jacket,jacket,,True,19
frock,89725,12505.0,01JRZMMYQSHKC8GD5HSV7QW7VW,01JRZJVNVNBA0FVYWF8DKX0FMY,20,clothes,0.0,0,,frock,frock,,True,20
trainer,98917,9192.0,01JRZMMYQSHKC8GD5HSV7QW7VW,01JRZJVNVNBA0FVYWF8DKX0FMY,21,clothes,0.0,0,,trainers,trainer,,True,21
tight,105678,6761.0,01JRZMMYQSHKC8GD5HSV7QW7VW,01JRZJVNVNBA0FVYWF8DKX0FMY,22,clothes,0.0,0,,tights,tight,,True,22
legging,107841,2163.0,01JRZMMYQSHKC8GD5HSV7QW7VW,01JRZJVNVNBA0FVYWF8DKX0FMY,23,clothes,0.0,0,,leggings,legging,,True,23
training top,119670,11829.0,01JRZMMYQSHKC8GD5HSV7QW7VW,01JRZJVNVNBA0FVYWF8DKX0FMY,24,clothes,0.0,0,,training top,trainingtop,,True,24
vest,127314,7644.0,01JRZMMYQSHKC8GD5HSV7QW7VW,01JRZJVNVNBA0FVYWF8DKX0FMY,25,clothes,0.0,0,,vest,vest,,True,25
waistcoat,141905,14591.0,01JRZMMYQSHKC8GD5HSV7QW7VW,01JRZJVNVNBA0FVYWF8DKX0FMY,26,clothes,0.0,0,,waistcoaty,waistcoat,,True,26
shirt,151019,9114.0,01JRZMMYQSHKC8GD5HSV7QW7VW,01JRZJVNVNBA0FVYWF8DKX0FMY,27,clothes,0.0,0,,shirt,shirt,,True,27
football top,164082,13063.0,01JRZMMYQSHKC8GD5HSV7QW7VW,01JRZJVNVNBA0FVYWF8DKX0FMY,28,clothes,0.0,0,,football top,footballtop,,True,28
tie,179817,15735.0,01JRZMMYQSHKC8GD5HSV7QW7VW,01JRZJVNVNBA0FVYWF8DKX0FMY,29,clothes,0.0,0,,tie,tie,,True,29
pea,4109,4109.0,01JRZMMYQSHKC8GD5HSV7QW7VW,01JRZJVNVNBA0FVYWF8DKX0FMY,0,supermarket,1.0,0,,peas,pea,,True,0
cereal,6901,2792.0,01JRZMMYQSHKC8GD5HSV7QW7VW,01JRZJVNVNBA0FVYWF8DKX0FMY,1,supermarket,1.0,0,,cereal,cereal,,True,1
milk,10710,3809.0,01JRZMMYQSHKC8GD5HSV7QW7VW,01JRZJVNVNBA0FVYWF8DKX0FMY,2,supermarket,1.0,0,,milk,milk,,True,2
egg,12245,1535.0,01JRZMMYQSHKC8GD5HSV7QW7VW,01JRZJVNVNBA0FVYWF8DKX0FMY,3,supermarket,0.0,0,,eggs,egg,,True,3
tea,13543,1298.0,01JRZMMYQSHKC8GD5HSV7QW7VW,01JRZJVNVNBA0FVYWF8DKX0FMY,4,supermarket,1.0,0,,tea,tea,,True,4
coffee,15496,1953.0,01JRZMMYQSHKC8GD5HSV7QW7VW,01JRZJVNVNBA0FVYWF8DKX0FMY,5,supermarket,1.0,0,,coffee,coffee,,True,5
squash,19394,3898.0,01JRZMMYQSHKC8GD5HSV7QW7VW,01JRZJVNVNBA0FVYWF8DKX0FMY,6,supermarket,1.0,0,,squash,squash,,True,6
soda pop,21390,1996.0,01JRZMMYQSHKC8GD5HSV7QW7VW,01JRZJVNVNBA0FVYWF8DKX0FMY,7,supermarket,1.0,0,,pop,sodapop,,True,7
meat,25736,4346.0,01JRZMMYQSHKC8GD5HSV7QW7VW,01JRZJVNVNBA0FVYWF8DKX0FMY,8,supermarket,0.0,0,,meat,meat,,True,8
pork,27732,1996.0,01JRZMMYQSHKC8GD5HSV7QW7VW,01JRZJVNVNBA0FVYWF8DKX0FMY,9,supermarket,1.0,0,,pork,pork,,True,9
lamb,29254,1522.0,01JRZMMYQSHKC8GD5HSV7QW7VW,01JRZJVNVNBA0FVYWF8DKX0FMY,10,supermarket,1.0,0,,lamb,lamb,,True,10
beef,31758,2504.0,01JRZMMYQSHKC8GD5HSV7QW7VW,01JRZJVNVNBA0FVYWF8DKX0FMY,11,supermarket,1.0,0,,beef,beef,,True,11
bacon,33562,1804.0,01JRZMMYQSHKC8GD5HSV7QW7VW,01JRZJVNVNBA0FVYWF8DKX0FMY,12,supermarket,1.0,0,,bacon,bacon,,True,12
cheese,35543,1981.0,01JRZMMYQSHKC8GD5HSV7QW7VW,01JRZJVNVNBA0FVYWF8DKX0FMY,13,supermarket,0.0,0,,cheese,cheese,,True,13
chicken,37316,1773.0,01JRZMMYQSHKC8GD5HSV7QW7VW,01JRZJVNVNBA0FVYWF8DKX0FMY,14,supermarket,0.0,0,,chicken,chicken,,True,14
bread,39272,1956.0,01JRZMMYQSHKC8GD5HSV7QW7VW,01JRZJVNVNBA0FVYWF8DKX0FMY,15,supermarket,1.0,0,,bread,bread,,True,15
roll,41029,1757.0,01JRZMMYQSHKC8GD5HSV7QW7VW,01JRZJVNVNBA0FVYWF8DKX0FMY,16,supermarket,1.0,0,,rolls,roll,,True,16
sandwich,43364,2335.0,01JRZMMYQSHKC8GD5HSV7QW7VW,01JRZJVNVNBA0FVYWF8DKX0FMY,17,supermarket,0.0,0,,sandwiches,sandwich,,True,17
crisp,45623,2259.0,01JRZMMYQSHKC8GD5HSV7QW7VW,01JRZJVNVNBA0FVYWF8DKX0FMY,18,supermarket,0.0,0,,crisps,crisp,,True,18
sauce,47625,2002.0,01JRZMMYQSHKC8GD5HSV7QW7VW,01JRZJVNVNBA0FVYWF8DKX0FMY,19,supermarket,0.0,0,,sauce,sauce,,True,19
baked bean,50396,2771.0,01JRZMMYQSHKC8GD5HSV7QW7VW,01JRZJVNVNBA0FVYWF8DKX0FMY,20,supermarket,1.0,0,,baked beans,bakedbean,,True,20
spaghetto,53821,3425.0,01JRZMMYQSHKC8GD5HSV7QW7VW,01JRZJVNVNBA0FVYWF8DKX0FMY,21,supermarket,1.0,0,,spaghetti,spaghetto,,True,21
carrot,57277,3456.0,01JRZMMYQSHKC8GD5HSV7QW7VW,01JRZJVNVNBA0FVYWF8DKX0FMY,22,supermarket,0.0,0,,carrots,carrot,,True,22
vegetable,60535,3258.0,01JRZMMYQSHKC8GD5HSV7QW7VW,01JRZJVNVNBA0FVYWF8DKX0FMY,23,supermarket,0.0,0,,vegetables,vegetable,,True,23
cauliflower,64405,3870.0,01JRZMMYQSHKC8GD5HSV7QW7VW,01JRZJVNVNBA0FVYWF8DKX0FMY,24,supermarket,1.0,0,,cauliflower,cauliflower,,True,24
lettuce,68182,3777.0,01JRZMMYQSHKC8GD5HSV7QW7VW,01JRZJVNVNBA0FVYWF8DKX0FMY,25,supermarket,1.0,0,,lettuce,lettuce,,True,25
tomato,70240,2058.0,01JRZMMYQSHKC8GD5HSV7QW7VW,01JRZJVNVNBA0FVYWF8DKX0FMY,26,supermarket,1.0,0,,tomatoes,tomato,,True,26
cottage cheese,80714,10474.0,01JRZMMYQSHKC8GD5HSV7QW7VW,01JRZJVNVNBA0FVYWF8DKX0FMY,27,supermarket,0.0,0,,cottage cheese,cottagecheese,,True,27
butter,84338,3624.0,01JRZMMYQSHKC8GD5HSV7QW7VW,01JRZJVNVNBA0FVYWF8DKX0FMY,28,supermarket,1.0,0,,butter,butter,,True,28
margarine,86536,2198.0,01JRZMMYQSHKC8GD5HSV7QW7VW,01JRZJVNVNBA0FVYWF8DKX0FMY,29,supermarket,1.0,0,,margarine,margarine,,True,29
ready meal,92597,6061.0,01JRZMMYQSHKC8GD5HSV7QW7VW,01JRZJVNVNBA0FVYWF8DKX0FMY,30,supermarket,0.0,0,,ready meals,readymeal,,True,30
sausage,97829,5232.0,01JRZMMYQSHKC8GD5HSV7QW7VW,01JRZJVNVNBA0FVYWF8DKX0FMY,31,supermarket,0.0,0,,sausages,sausage,,True,31
ketchup,105314,7485.0,01JRZMMYQSHKC8GD5HSV7QW7VW,01JRZJVNVNBA0FVYWF8DKX0FMY,32,supermarket,0.0,0,,ketchup,ketchup,,True,32
strawberry,114558,9244.0,01JRZMMYQSHKC8GD5HSV7QW7VW,01JRZJVNVNBA0FVYWF8DKX0FMY,33,supermarket,1.0,0,,strawberry,strawberry,,True,33
nectarine,117751,3193.0,01JRZMMYQSHKC8GD5HSV7QW7VW,01JRZJVNVNBA0FVYWF8DKX0FMY,34,supermarket,1.0,0,,nectarine,nectarine,,True,34
satsuma,120330,2579.0,01JRZMMYQSHKC8GD5HSV7QW7VW,01JRZJVNVNBA0FVYWF8DKX0FMY,35,supermarket,1.0,0,,satsuma,satsuma,,True,35
banana,123163,2833.0,01JRZMMYQSHKC8GD5HSV7QW7VW,01JRZJVNVNBA0FVYWF8DKX0FMY,36,supermarket,1.0,0,,bananas,banana,,True,36
apple,125213,2050.0,01JRZMMYQSHKC8GD5HSV7QW7VW,01JRZJVNVNBA0FVYWF8DKX0FMY,37,supermarket,1.0,0,,apples,apple,,True,37
kiwi fruit,133939,8726.0,01JRZMMYQSHKC8GD5HSV7QW7VW,01JRZJVNVNBA0FVYWF8DKX0FMY,38,supermarket,1.0,0,,kiwi fruit,kiwifruit,,True,38
custard,142122,8183.0,01JRZMMYQSHKC8GD5HSV7QW7VW,01JRZJVNVNBA0FVYWF8DKX0FMY,39,supermarket,0.0,0,,custard,custard,,True,39
sponge pudding,146762,4640.0,01JRZMMYQSHKC8GD5HSV7QW7VW,01JRZJVNVNBA0FVYWF8DKX0FMY,40,supermarket,0.0,0,,sponge pudding,spongepudding,,True,40
tinned fruit cocktail,154293,7531.0,01JRZMMYQSHKC8GD5HSV7QW7VW,01JRZJVNVNBA0FVYWF8DKX0FMY,41,supermarket,0.0,0,,tinned fruit cocktail,tinnedfruitcocktail,,True,41
rice pudding,162180,7887.0,01JRZMMYQSHKC8GD5HSV7QW7VW,01JRZJVNVNBA0FVYWF8DKX0FMY,42,supermarket,0.0,0,,rice pudding,ricepudding,,True,42
chocolate,167879,5699.0,01JRZMMYQSHKC8GD5HSV7QW7VW,01JRZJVNVNBA0FVYWF8DKX0FMY,43,supermarket,1.0,0,,chocolate,chocolate,,True,43
sweet,170282,2403.0,01JRZMMYQSHKC8GD5HSV7QW7VW,01JRZJVNVNBA0FVYWF8DKX0FMY,44,supermarket,1.0,0,,sweets,sweet,,True,44
mint,171921,1639.0,01JRZMMYQSHKC8GD5HSV7QW7VW,01JRZJVNVNBA0FVYWF8DKX0FMY,45,supermarket,0.0,0,,mints,mint,,True,45
dog,5541,5541.0,01JRZMXC6J5VRHG4070J0B63FB,01JRZJVNVR597RR90RT0ZZAWR1,0,animals,1.0,0,,dog,dog,"['Canine', 'Pets']",True,0
cat,6502,961.0,01JRZMXC6J5VRHG4070J0B63FB,01JRZJVNVR597RR90RT0ZZAWR1,1,animals,0.0,0,,cat,cat,"['Pets', 'Feline']",False,1
sheep,8673,2171.0,01JRZMXC6J5VRHG4070J0B63FB,01JRZJVNVR597RR90RT0ZZAWR1,2,animals,1.0,0,,sheep,sheep,['Farm'],True,2
lamb,10570,1897.0,01JRZMXC6J5VRHG4070J0B63FB,01JRZJVNVR597RR90RT0ZZAWR1,3,animals,1.0,0,,lamb,lamb,['Farm'],False,3
lion,11579,1009.0,01JRZMXC6J5VRHG4070J0B63FB,01JRZJVNVR597RR90RT0ZZAWR1,4,animals,0.0,0,,lion,lion,"['African', 'Feline']",True,4
bison,15900,4321.0,01JRZMXC6J5VRHG4070J0B63FB,01JRZJVNVR597RR90RT0ZZAWR1,5,animals,0.0,0,,buffalo,bison,"['Bovine', 'NorthAmerican']",True,5
bird,25954,10054.0,01JRZMXC6J5VRHG4070J0B63FB,01JRZJVNVR597RR90RT0ZZAWR1,6,animals,0.0,0,,bird,bird,['Bird'],True,6
deer,33942,7988.0,01JRZMXC6J5VRHG4070J0B63FB,01JRZJVNVR597RR90RT0ZZAWR1,7,animals,0.0,0,,deer,deer,"['Deers', 'NorthAmerican']",True,7
cow,39505,5563.0,01JRZMXC6J5VRHG4070J0B63FB,01JRZJVNVR597RR90RT0ZZAWR1,8,animals,0.0,0,,cow,cow,"['Bovine', 'Farm']",True,8
octopus,45640,6135.0,01JRZMXC6J5VRHG4070J0B63FB,01JRZJVNVR597RR90RT0ZZAWR1,9,animals,0.0,0,,octopus,octopus,['Water'],True,9
fish,47670,2030.0,01JRZMXC6J5VRHG4070J0B63FB,01JRZJVNVR597RR90RT0ZZAWR1,10,animals,1.0,0,,fish,fish,"['Fish', 'Water']",False,10
shark,49733,2063.0,01JRZMXC6J5VRHG4070J0B63FB,01JRZJVNVR597RR90RT0ZZAWR1,11,animals,1.0,0,,shark,shark,"['Fish', 'Water']",False,11
ant,52561,2828.0,01JRZMXC6J5VRHG4070J0B63FB,01JRZJVNVR597RR90RT0ZZAWR1,12,animals,0.0,0,,ant,ant,['Insects'],True,12
cheetah,60161,7600.0,01JRZMXC6J5VRHG4070J0B63FB,01JRZJVNVR597RR90RT0ZZAWR1,13,animals,0.0,0,,cheetah,cheetah,"['African', 'Feline']",True,13
elephant,66912,6751.0,01JRZMXC6J5VRHG4070J0B63FB,01JRZJVNVR597RR90RT0ZZAWR1,14,animals,0.0,0,,elephant,elephant,['African'],False,14
spider,69369,2457.0,01JRZMXC6J5VRHG4070J0B63FB,01JRZJVNVR597RR90RT0ZZAWR1,15,animals,0.0,0,,spider,spider,"['Arachnid', 'Farm']",True,15
fox,74999,5630.0,01JRZMXC6J5VRHG4070J0B63FB,01JRZJVNVR597RR90RT0ZZAWR1,16,animals,0.0,0,,fox,fox,"['Canine', 'NorthAmerican', 'UsedForFur']",True,16
rat,97422,22423.0,01JRZMXC6J5VRHG4070J0B63FB,01JRZJVNVR597RR90RT0ZZAWR1,17,animals,1.0,0,,rat,rat,['Rodents'],True,17
mouse,98617,1195.0,01JRZMXC6J5VRHG4070J0B63FB,01JRZJVNVR597RR90RT0ZZAWR1,18,animals,1.0,0,,mouse,mouse,"['Bird', 'Rodents']",False,18
snake,103508,4891.0,01JRZMXC6J5VRHG4070J0B63FB,01JRZJVNVR597RR90RT0ZZAWR1,19,animals,0.0,0,,snake,snake,"['Farm', 'ReptileAmphibian']",True,19
robin,112924,9416.0,01JRZMXC6J5VRHG4070J0B63FB,01JRZJVNVR597RR90RT0ZZAWR1,20,animals,0.0,0,,robin,robin,['Bird'],True,20
ox,119131,6207.0,01JRZMXC6J5VRHG4070J0B63FB,01JRZJVNVR597RR90RT0ZZAWR1,21,animals,0.0,0,,ox,ox,['BeastsOfBurden'],True,21
frog,130055,10924.0,01JRZMXC6J5VRHG4070J0B63FB,01JRZJVNVR597RR90RT0ZZAWR1,22,animals,0.0,0,,frog,frog,"['ReptileAmphibian', 'Water']",True,22
toad,131116,1061.0,01JRZMXC6J5VRHG4070J0B63FB,01JRZJVNVR597RR90RT0ZZAWR1,23,animals,0.0,0,,toaf,toad,"['ReptileAmphibian', 'Water']",False,23
rabbit,134173,1165.0,01JRZMXC6J5VRHG4070J0B63FB,01JRZJVNVR597RR90RT0ZZAWR1,25,animals,1.0,0,,rabbit,rabbit,"['NorthAmerican', 'Pets', 'Rabbit', 'UsedForFur']",True,24
hare,137208,3035.0,01JRZMXC6J5VRHG4070J0B63FB,01JRZJVNVR597RR90RT0ZZAWR1,26,animals,1.0,0,,hare,hare,['Rabbit'],False,25
baboon,143297,6089.0,01JRZMXC6J5VRHG4070J0B63FB,01JRZJVNVR597RR90RT0ZZAWR1,27,animals,1.0,0,,baboon,baboon,['Primates'],True,26
chimpanzee,145474,2177.0,01JRZMXC6J5VRHG4070J0B63FB,01JRZJVNVR597RR90RT0ZZAWR1,28,animals,1.0,0,,chimp,chimpanzee,"['African', 'Primates']",False,27
gorilla,150167,4693.0,01JRZMXC6J5VRHG4070J0B63FB,01JRZJVNVR597RR90RT0ZZAWR1,29,animals,1.0,0,,gorilla,gorilla,"['African', 'Primates']",False,28
alpaca,155486,5319.0,01JRZMXC6J5VRHG4070J0B63FB,01JRZJVNVR597RR90RT0ZZAWR1,30,animals,0.0,0,,alpaca,alpaca,['UsedForFur'],True,29
lizard,159407,3921.0,01JRZMXC6J5VRHG4070J0B63FB,01JRZJVNVR597RR90RT0ZZAWR1,31,animals,0.0,0,,lizard,lizard,['ReptileAmphibian'],True,30
dolphin,163762,4355.0,01JRZMXC6J5VRHG4070J0B63FB,01JRZJVNVR597RR90RT0ZZAWR1,32,animals,0.0,0,,dolphin,dolphin,"['Insects', 'Water']",True,31
swan,170863,7101.0,01JRZMXC6J5VRHG4070J0B63FB,01JRZJVNVR597RR90RT0ZZAWR1,33,animals,0.0,0,,swan,swan,['Bird'],True,32
polar bear,177978,7115.0,01JRZMXC6J5VRHG4070J0B63FB,01JRZJVNVR597RR90RT0ZZAWR1,34,animals,0.0,0,,polar bear,polarbear,['Arctic'],True,33
Jumper,4174,4174.0,01JRZMXC6J5VRHG4070J0B63FB,01JRZJVNVR597RR90RT0ZZAWR1,0,clothes,1.0,0,,Jumper,jumper,,True,0
Jean,5573,1399.0,01JRZMXC6J5VRHG4070J0B63FB,01JRZJVNVR597RR90RT0ZZAWR1,1,clothes,0.0,0,,Jeans,jean,,True,1
Hoodie,7407,1834.0,01JRZMXC6J5VRHG4070J0B63FB,01JRZJVNVR597RR90RT0ZZAWR1,2,clothes,1.0,0,,Hoodie,hoodie,,True,2
Sock,8486,1079.0,01JRZMXC6J5VRHG4070J0B63FB,01JRZJVNVR597RR90RT0ZZAWR1,3,clothes,1.0,0,,Soxks,sock,,True,3
Underwear,13856,2934.0,01JRZMXC6J5VRHG4070J0B63FB,01JRZJVNVR597RR90RT0ZZAWR1,5,clothes,1.0,0,,Underwear,underwear,,True,4
Dress,16647,2791.0,01JRZMXC6J5VRHG4070J0B63FB,01JRZJVNVR597RR90RT0ZZAWR1,6,clothes,0.0,0,,Dress,dres,,True,5
Skirt,18140,1493.0,01JRZMXC6J5VRHG4070J0B63FB,01JRZJVNVR597RR90RT0ZZAWR1,7,clothes,0.0,0,,Skirt,skirt,,True,6
Bra,19843,1703.0,01JRZMXC6J5VRHG4070J0B63FB,01JRZJVNVR597RR90RT0ZZAWR1,8,clothes,0.0,0,,Bra,bra,,True,7
Shirt,21208,1365.0,01JRZMXC6J5VRHG4070J0B63FB,01JRZJVNVR597RR90RT0ZZAWR1,9,clothes,0.0,0,,Shirt,shirt,,True,8
Coat,23571,2363.0,01JRZMXC6J5VRHG4070J0B63FB,01JRZJVNVR597RR90RT0ZZAWR1,10,clothes,0.0,0,,Coat,coat,,True,9
Bomber Jacket,26962,3391.0,01JRZMXC6J5VRHG4070J0B63FB,01JRZJVNVR597RR90RT0ZZAWR1,11,clothes,0.0,0,,Bomber Jacket,bomberjacket,,True,10
Tuxedo,28853,1891.0,01JRZMXC6J5VRHG4070J0B63FB,01JRZJVNVR597RR90RT0ZZAWR1,12,clothes,0.0,0,,Tuxedo,tuxedo,,True,11
Pyjama,33032,4179.0,01JRZMXC6J5VRHG4070J0B63FB,01JRZJVNVR597RR90RT0ZZAWR1,13,clothes,0.0,0,,Pyjamas,pyjama,,True,12
Beanie Hat,36948,3916.0,01JRZMXC6J5VRHG4070J0B63FB,01JRZJVNVR597RR90RT0ZZAWR1,14,clothes,0.0,0,,Beanie Hat,beaniehat,,True,13
Straw Hat,39990,3042.0,01JRZMXC6J5VRHG4070J0B63FB,01JRZJVNVR597RR90RT0ZZAWR1,15,clothes,0.0,0,,Straw Har,strawhat,,True,14
Tracksuit button,46369,6379.0,01JRZMXC6J5VRHG4070J0B63FB,01JRZJVNVR597RR90RT0ZZAWR1,16,clothes,0.0,0,,Tracksuit bottons,tracksuitbutton,,True,15
Tracksuit Bottom,51241,4872.0,01JRZMXC6J5VRHG4070J0B63FB,01JRZJVNVR597RR90RT0ZZAWR1,17,clothes,0.0,0,,Tracksuit Bottoms,tracksuitbottom,,True,16
Tracksuit Top,56490,5249.0,01JRZMXC6J5VRHG4070J0B63FB,01JRZJVNVR597RR90RT0ZZAWR1,18,clothes,0.0,0,,Tracksuit Top,tracksuittop,,True,17
Baseball Cap,60640,4150.0,01JRZMXC6J5VRHG4070J0B63FB,01JRZJVNVR597RR90RT0ZZAWR1,19,clothes,0.0,0,,Baseball Cap,baseballcap,,True,18
Jersey,66484,5844.0,01JRZMXC6J5VRHG4070J0B63FB,01JRZJVNVR597RR90RT0ZZAWR1,20,clothes,0.0,0,,Football Jersey,jersey,,True,19
Linen Shirt,71541,5057.0,01JRZMXC6J5VRHG4070J0B63FB,01JRZJVNVR597RR90RT0ZZAWR1,21,clothes,0.0,0,,Linen Shirt,linenshirt,,True,20
Winter Coat,75103,3562.0,01JRZMXC6J5VRHG4070J0B63FB,01JRZJVNVR597RR90RT0ZZAWR1,22,clothes,0.0,0,,Winter Coat,wintercoat,,True,21
T - Shirt,79236,4133.0,01JRZMXC6J5VRHG4070J0B63FB,01JRZJVNVR597RR90RT0ZZAWR1,23,clothes,0.0,0,,T - Shirt,tshirt,,True,22
Swimming Short,84340,5104.0,01JRZMXC6J5VRHG4070J0B63FB,01JRZJVNVR597RR90RT0ZZAWR1,24,clothes,0.0,0,,Swimming Shorts,swimmingshort,,True,23
Bikini,90916,6576.0,01JRZMXC6J5VRHG4070J0B63FB,01JRZJVNVR597RR90RT0ZZAWR1,25,clothes,0.0,0,,Bikini,bikini,,True,24
Cardigan,97239,6323.0,01JRZMXC6J5VRHG4070J0B63FB,01JRZJVNVR597RR90RT0ZZAWR1,26,clothes,0.0,0,,Cardigan,cardigan,,True,25
Dressing gown,101915,4676.0,01JRZMXC6J5VRHG4070J0B63FB,01JRZJVNVR597RR90RT0ZZAWR1,27,clothes,0.0,0,,Dressing gown,dressinggown,,True,26
Gym Top,110047,8132.0,01JRZMXC6J5VRHG4070J0B63FB,01JRZJVNVR597RR90RT0ZZAWR1,28,clothes,0.0,0,,Gym Top,gymtop,,True,27
Gym Shorts,115285,5238.0,01JRZMXC6J5VRHG4070J0B63FB,01JRZJVNVR597RR90RT0ZZAWR1,29,clothes,0.0,0,,Gym Short,gymshort,,True,28
blouse,135504,20219.0,01JRZMXC6J5VRHG4070J0B63FB,01JRZJVNVR597RR90RT0ZZAWR1,30,clothes,0.0,0,,blouse,blouse,,True,29
legging,141086,5582.0,01JRZMXC6J5VRHG4070J0B63FB,01JRZJVNVR597RR90RT0ZZAWR1,31,clothes,0.0,0,,leggings,legging,,True,30
basque,148190,7104.0,01JRZMXC6J5VRHG4070J0B63FB,01JRZJVNVR597RR90RT0ZZAWR1,32,clothes,0.0,0,,basque,basque,,True,31
body stocking,156209,8019.0,01JRZMXC6J5VRHG4070J0B63FB,01JRZJVNVR597RR90RT0ZZAWR1,33,clothes,0.0,0,,body stocking,bodystocking,,True,32
poncho,170370,14161.0,01JRZMXC6J5VRHG4070J0B63FB,01JRZJVNVR597RR90RT0ZZAWR1,34,clothes,0.0,0,,poncho,poncho,,True,33
tie-dye shirt,172843,2473.0,01JRZMXC6J5VRHG4070J0B63FB,01JRZJVNVR597RR90RT0ZZAWR1,35,clothes,0.0,0,,tye die shirt,tiedyeshirt,,True,34
fish,7686,7686.0,01JRZMXC6J5VRHG4070J0B63FB,01JRZJVNVR597RR90RT0ZZAWR1,0,supermarket,1.0,0,,fish,fish,,True,0
meat,8915,1229.0,01JRZMXC6J5VRHG4070J0B63FB,01JRZJVNVR597RR90RT0ZZAWR1,1,supermarket,0.0,0,,meat,meat,,True,1
bean,10846,1931.0,01JRZMXC6J5VRHG4070J0B63FB,01JRZJVNVR597RR90RT0ZZAWR1,2,supermarket,0.0,0,,beans,bean,,True,2
chocolate,14389,3543.0,01JRZMXC6J5VRHG4070J0B63FB,01JRZJVNVR597RR90RT0ZZAWR1,3,supermarket,0.0,0,,chocolate,chocolate,,True,3
chicken,17321,2932.0,01JRZMXC6J5VRHG4070J0B63FB,01JRZJVNVR597RR90RT0ZZAWR1,4,supermarket,0.0,0,,chicken,chicken,,True,4
pasta,18834,1513.0,01JRZMXC6J5VRHG4070J0B63FB,01JRZJVNVR597RR90RT0ZZAWR1,5,supermarket,0.0,0,,pasta,pasta,,True,5
egg,20760,1926.0,01JRZMXC6J5VRHG4070J0B63FB,01JRZJVNVR597RR90RT0ZZAWR1,6,supermarket,0.0,0,,eggs,egg,,True,6
milk,21840,1080.0,01JRZMXC6J5VRHG4070J0B63FB,01JRZJVNVR597RR90RT0ZZAWR1,7,supermarket,0.0,0,,milk,milk,,True,7
cheese,23065,1225.0,01JRZMXC6J5VRHG4070J0B63FB,01JRZJVNVR597RR90RT0ZZAWR1,8,supermarket,0.0,0,,cheese,cheese,,True,8
bread,26559,3494.0,01JRZMXC6J5VRHG4070J0B63FB,01JRZJVNVR597RR90RT0ZZAWR1,9,supermarket,1.0,0,,bread,bread,,True,9
crumpet,28367,1808.0,01JRZMXC6J5VRHG4070J0B63FB,01JRZJVNVR597RR90RT0ZZAWR1,10,supermarket,1.0,0,,crumpets,crumpet,,True,10
crisp,33046,4679.0,01JRZMXC6J5VRHG4070J0B63FB,01JRZJVNVR597RR90RT0ZZAWR1,11,supermarket,0.0,0,,crisps,crisp,,True,11
fizzy drink,38366,5320.0,01JRZMXC6J5VRHG4070J0B63FB,01JRZJVNVR597RR90RT0ZZAWR1,12,supermarket,0.0,0,,fizzy pop,fizzydrink,,True,12
peanut,42361,3995.0,01JRZMXC6J5VRHG4070J0B63FB,01JRZJVNVR597RR90RT0ZZAWR1,13,supermarket,1.0,0,,peanuts,peanut,,True,13
almond,44555,2194.0,01JRZMXC6J5VRHG4070J0B63FB,01JRZJVNVR597RR90RT0ZZAWR1,14,supermarket,1.0,0,,almonds,almond,,True,14
pistachio,48797,4242.0,01JRZMXC6J5VRHG4070J0B63FB,01JRZJVNVR597RR90RT0ZZAWR1,15,supermarket,0.0,0,,pistachios,pistachio,,True,15
bleach,59610,10813.0,01JRZMXC6J5VRHG4070J0B63FB,01JRZJVNVR597RR90RT0ZZAWR1,16,supermarket,0.0,0,,bleach,bleach,,True,16
bin bag,61829,2219.0,01JRZMXC6J5VRHG4070J0B63FB,01JRZJVNVR597RR90RT0ZZAWR1,17,supermarket,0.0,0,,bin bags,binbag,,True,17
broom,66339,4510.0,01JRZMXC6J5VRHG4070J0B63FB,01JRZJVNVR597RR90RT0ZZAWR1,18,supermarket,0.0,0,,broom,broom,,True,18
magazine,68422,2083.0,01JRZMXC6J5VRHG4070J0B63FB,01JRZJVNVR597RR90RT0ZZAWR1,19,supermarket,0.0,0,,magazines,magazine,,True,19
book,70474,2052.0,01JRZMXC6J5VRHG4070J0B63FB,01JRZJVNVR597RR90RT0ZZAWR1,20,supermarket,0.0,0,,books,book,,True,20
apple,72679,2205.0,01JRZMXC6J5VRHG4070J0B63FB,01JRZJVNVR597RR90RT0ZZAWR1,21,supermarket,0.0,0,,apples,apple,,True,21
banana,76341,3662.0,01JRZMXC6J5VRHG4070J0B63FB,01JRZJVNVR597RR90RT0ZZAWR1,22,supermarket,0.0,0,,bannanas,banana,,True,22
strawberry,81317,4976.0,01JRZMXC6J5VRHG4070J0B63FB,01JRZJVNVR597RR90RT0ZZAWR1,23,supermarket,0.0,0,,stawberries,strawberry,,True,23
raspberry,84116,2799.0,01JRZMXC6J5VRHG4070J0B63FB,01JRZJVNVR597RR90RT0ZZAWR1,24,supermarket,0.0,0,,raspberries,raspberry,,True,24
orange,85568,1452.0,01JRZMXC6J5VRHG4070J0B63FB,01JRZJVNVR597RR90RT0ZZAWR1,25,supermarket,0.0,0,,orange,orange,,True,25
peach,87643,2075.0,01JRZMXC6J5VRHG4070J0B63FB,01JRZJVNVR597RR90RT0ZZAWR1,26,supermarket,0.0,0,,peach,peach,,True,26
apricot,90382,2739.0,01JRZMXC6J5VRHG4070J0B63FB,01JRZJVNVR597RR90RT0ZZAWR1,27,supermarket,0.0,0,,apricot,apricot,,True,27
pineapple,96485,6103.0,01JRZMXC6J5VRHG4070J0B63FB,01JRZJVNVR597RR90RT0ZZAWR1,28,supermarket,0.0,0,,pineapple,pineapple,,True,28
broccoli,101499,5014.0,01JRZMXC6J5VRHG4070J0B63FB,01JRZJVNVR597RR90RT0ZZAWR1,29,supermarket,0.0,0,,broccoli,broccoli,,True,29
cauliflower,105253,3754.0,01JRZMXC6J5VRHG4070J0B63FB,01JRZJVNVR597RR90RT0ZZAWR1,30,supermarket,0.0,0,,cauliflower,cauliflower,,True,30
leek,112921,7668.0,01JRZMXC6J5VRHG4070J0B63FB,01JRZJVNVR597RR90RT0ZZAWR1,31,supermarket,0.0,0,,leek,leek,,True,31
bell pepper,120338,7417.0,01JRZMXC6J5VRHG4070J0B63FB,01JRZJVNVR597RR90RT0ZZAWR1,32,supermarket,0.0,0,,bell peppers,bellpepper,,True,32
sausage,125621,5283.0,01JRZMXC6J5VRHG4070J0B63FB,01JRZJVNVR597RR90RT0ZZAWR1,33,supermarket,0.0,0,,sausages,sausage,,True,33
cottage cheese,134189,8568.0,01JRZMXC6J5VRHG4070J0B63FB,01JRZJVNVR597RR90RT0ZZAWR1,34,supermarket,0.0,0,,cottage cheese,cottagecheese,,True,34
potato,138054,3865.0,01JRZMXC6J5VRHG4070J0B63FB,01JRZJVNVR597RR90RT0ZZAWR1,35,supermarket,0.0,0,,potatoe,potato,,True,35
wine,147764,9710.0,01JRZMXC6J5VRHG4070J0B63FB,01JRZJVNVR597RR90RT0ZZAWR1,36,supermarket,0.0,0,,wine,wine,,True,36
beer,148506,742.0,01JRZMXC6J5VRHG4070J0B63FB,01JRZJVNVR597RR90RT0ZZAWR1,37,supermarket,0.0,0,,beer,beer,,True,37
whiskey,149859,1353.0,01JRZMXC6J5VRHG4070J0B63FB,01JRZJVNVR597RR90RT0ZZAWR1,38,supermarket,0.0,0,,whiskey,whiskey,,True,38
vodka,152819,2960.0,01JRZMXC6J5VRHG4070J0B63FB,01JRZJVNVR597RR90RT0ZZAWR1,39,supermarket,0.0,0,,vodka,vodka,,True,39
biscuit,167279,14460.0,01JRZMXC6J5VRHG4070J0B63FB,01JRZJVNVR597RR90RT0ZZAWR1,40,supermarket,0.0,0,,biscuits,biscuit,,True,40
pig,4968,4968.0,01JRZNBSJJKSD28TPGC4NBSM6F,01JRZJVNVQBWA099SM8QG0YJ0J,0,animals,1.0,0,,pig,pig,['Farm'],True,0
donkey,8233,3265.0,01JRZNBSJJKSD28TPGC4NBSM6F,01JRZJVNVQBWA099SM8QG0YJ0J,1,animals,0.0,0,,donkey,donkey,"['BeastsOfBurden', 'Farm']",False,1
cow,10289,2056.0,01JRZNBSJJKSD28TPGC4NBSM6F,01JRZJVNVQBWA099SM8QG0YJ0J,2,animals,0.0,0,,cow,cow,"['Bovine', 'Farm']",False,2
duck,12268,1979.0,01JRZNBSJJKSD28TPGC4NBSM6F,01JRZJVNVQBWA099SM8QG0YJ0J,3,animals,0.0,0,,duck,duck,['Bird'],True,3
chicken,14941,2673.0,01JRZNBSJJKSD28TPGC4NBSM6F,01JRZJVNVQBWA099SM8QG0YJ0J,4,animals,0.0,0,,chicken,chicken,"['Bird', 'Farm']",False,4
horse,20328,5387.0,01JRZNBSJJKSD28TPGC4NBSM6F,01JRZJVNVQBWA099SM8QG0YJ0J,5,animals,0.0,0,,horse,horse,"['BeastsOfBurden', 'Farm']",False,5
sheep,24137,3809.0,01JRZNBSJJKSD28TPGC4NBSM6F,01JRZJVNVQBWA099SM8QG0YJ0J,6,animals,0.0,0,,sheep,sheep,['Farm'],False,6
llama,26005,1868.0,01JRZNBSJJKSD28TPGC4NBSM6F,01JRZJVNVQBWA099SM8QG0YJ0J,7,animals,0.0,0,,llama,llama,"['BeastsOfBurden', 'UsedForFur']",True,7
alpaca,29247,3242.0,01JRZNBSJJKSD28TPGC4NBSM6F,01JRZJVNVQBWA099SM8QG0YJ0J,8,animals,0.0,0,,alpaca,alpaca,['UsedForFur'],False,8
whale,32138,2891.0,01JRZNBSJJKSD28TPGC4NBSM6F,01JRZJVNVQBWA099SM8QG0YJ0J,9,animals,1.0,0,,whale,whale,"['Fish', 'Water']",True,9
dolphin,34882,2744.0,01JRZNBSJJKSD28TPGC4NBSM6F,01JRZJVNVQBWA099SM8QG0YJ0J,10,animals,0.0,0,,dolphin,dolphin,"['Insects', 'Water']",False,10
porpoise,39297,4415.0,01JRZNBSJJKSD28TPGC4NBSM6F,01JRZJVNVQBWA099SM8QG0YJ0J,11,animals,0.0,0,,porpoise,porpoise,['Water'],False,11
turtle,50503,11206.0,01JRZNBSJJKSD28TPGC4NBSM6F,01JRZJVNVQBWA099SM8QG0YJ0J,12,animals,1.0,0,,ptile,turtle,"['ReptileAmphibian', 'Water']",False,12
komodo dragon,54673,4170.0,01JRZNBSJJKSD28TPGC4NBSM6F,01JRZJVNVQBWA099SM8QG0YJ0J,13,animals,0.0,0,,komodo dragon,komododragon,['ReptileAmphibian'],False,13
cat,55993,1320.0,01JRZNBSJJKSD28TPGC4NBSM6F,01JRZJVNVQBWA099SM8QG0YJ0J,14,animals,1.0,0,,cat,cat,"['Pets', 'Feline']",True,14
dog,57809,1816.0,01JRZNBSJJKSD28TPGC4NBSM6F,01JRZJVNVQBWA099SM8QG0YJ0J,15,animals,0.0,0,,dog,dog,"['Canine', 'Pets']",False,15
hamster,61706,3897.0,01JRZNBSJJKSD28TPGC4NBSM6F,01JRZJVNVQBWA099SM8QG0YJ0J,16,animals,0.0,0,,hamster,hamster,"['Pets', 'Rodents']",False,16
gerbil,65688,3982.0,01JRZNBSJJKSD28TPGC4NBSM6F,01JRZJVNVQBWA099SM8QG0YJ0J,17,animals,0.0,0,,gerbil,gerbil,"['Pets', 'Rodents']",False,17
rabbit,68651,2963.0,01JRZNBSJJKSD28TPGC4NBSM6F,01JRZJVNVQBWA099SM8QG0YJ0J,18,animals,0.0,0,,rabbit,rabbit,"['NorthAmerican', 'Pets', 'Rabbit', 'UsedForFur']",False,18
guinea pig,73011,4360.0,01JRZNBSJJKSD28TPGC4NBSM6F,01JRZJVNVQBWA099SM8QG0YJ0J,19,animals,0.0,0,,guinea pig,guineapig,"['Pets', 'Rodents']",False,19
mouse,75205,2194.0,01JRZNBSJJKSD28TPGC4NBSM6F,01JRZJVNVQBWA099SM8QG0YJ0J,20,animals,0.0,0,,mouse,mouse,"['Bird', 'Rodents']",False,20
cockatoo,79549,4344.0,01JRZNBSJJKSD28TPGC4NBSM6F,01JRZJVNVQBWA099SM8QG0YJ0J,21,animals,1.0,0,,cockatoo,cockatoo,"['Bird', 'Pets']",False,21
parrot,81934,2385.0,01JRZNBSJJKSD28TPGC4NBSM6F,01JRZJVNVQBWA099SM8QG0YJ0J,22,animals,0.0,0,,parrot,parrot,"['Bird', 'Pets']",False,22
blue tit,84788,2854.0,01JRZNBSJJKSD28TPGC4NBSM6F,01JRZJVNVQBWA099SM8QG0YJ0J,23,animals,0.0,0,,blue tit,bird,['Bird'],False,23
chaffinch,92070,2820.0,01JRZNBSJJKSD28TPGC4NBSM6F,01JRZJVNVQBWA099SM8QG0YJ0J,25,animals,0.0,0,,chaffinch,chaffinch,['Bird'],False,24
blackbird,96229,4159.0,01JRZNBSJJKSD28TPGC4NBSM6F,01JRZJVNVQBWA099SM8QG0YJ0J,26,animals,0.0,0,,black bird,blackbird,['Bird'],False,25
crow,106313,5175.0,01JRZNBSJJKSD28TPGC4NBSM6F,01JRZJVNVQBWA099SM8QG0YJ0J,28,animals,0.0,0,,crow,crow,['Bird'],False,26
raven,109622,3309.0,01JRZNBSJJKSD28TPGC4NBSM6F,01JRZJVNVQBWA099SM8QG0YJ0J,29,animals,0.0,0,,raven,raven,['Bird'],False,27
heron,110900,1278.0,01JRZNBSJJKSD28TPGC4NBSM6F,01JRZJVNVQBWA099SM8QG0YJ0J,30,animals,0.0,0,,ron,heron,['Bird'],False,28
seagull,126449,6599.0,01JRZNBSJJKSD28TPGC4NBSM6F,01JRZJVNVQBWA099SM8QG0YJ0J,33,animals,0.0,0,,seagull,seagull,['Bird'],False,29
sparrow,129803,3354.0,01JRZNBSJJKSD28TPGC4NBSM6F,01JRZJVNVQBWA099SM8QG0YJ0J,34,animals,0.0,0,,sparrow,sparrow,['Bird'],False,30
rat,134031,4228.0,01JRZNBSJJKSD28TPGC4NBSM6F,01JRZJVNVQBWA099SM8QG0YJ0J,35,animals,1.0,0,,rat,rat,['Rodents'],True,31
raccoon,137722,3691.0,01JRZNBSJJKSD28TPGC4NBSM6F,01JRZJVNVQBWA099SM8QG0YJ0J,36,animals,0.0,0,,raccoon,raccoon,['NorthAmerican'],True,32
deer,139425,1703.0,01JRZNBSJJKSD28TPGC4NBSM6F,01JRZJVNVQBWA099SM8QG0YJ0J,37,animals,1.0,0,,deer,deer,"['Deers', 'NorthAmerican']",False,33
badger,142694,3269.0,01JRZNBSJJKSD28TPGC4NBSM6F,01JRZJVNVQBWA099SM8QG0YJ0J,38,animals,0.0,0,,badger,badger,"['NorthAmerican', 'Weasels']",False,34
wood louse,147289,4595.0,01JRZNBSJJKSD28TPGC4NBSM6F,01JRZJVNVQBWA099SM8QG0YJ0J,39,animals,1.0,0,,wood louse,woodlouse,['Insects'],True,35
spider,152161,4872.0,01JRZNBSJJKSD28TPGC4NBSM6F,01JRZJVNVQBWA099SM8QG0YJ0J,40,animals,0.0,0,,spider,spider,"['Arachnid', 'Farm']",True,36
beetle,155923,3762.0,01JRZNBSJJKSD28TPGC4NBSM6F,01JRZJVNVQBWA099SM8QG0YJ0J,41,animals,0.0,0,,beetle,beetle,['Insects'],True,37
worm,160334,4411.0,01JRZNBSJJKSD28TPGC4NBSM6F,01JRZJVNVQBWA099SM8QG0YJ0J,42,animals,0.0,0,,worm,worm,"['Insects', 'Worms']",False,38
bee,162617,2283.0,01JRZNBSJJKSD28TPGC4NBSM6F,01JRZJVNVQBWA099SM8QG0YJ0J,43,animals,0.0,0,,bee,bee,['Insects'],False,39
wasp,164533,1916.0,01JRZNBSJJKSD28TPGC4NBSM6F,01JRZJVNVQBWA099SM8QG0YJ0J,44,animals,0.0,0,,wasp,wasp,['Insects'],False,40
fly,166639,2106.0,01JRZNBSJJKSD28TPGC4NBSM6F,01JRZJVNVQBWA099SM8QG0YJ0J,45,animals,0.0,0,,fly,fly,['Insects'],False,41
ant,174245,7606.0,01JRZNBSJJKSD28TPGC4NBSM6F,01JRZJVNVQBWA099SM8QG0YJ0J,46,animals,0.0,0,,ant,ant,['Insects'],False,42
skirt,4895,4895.0,01JRZNBSJJKSD28TPGC4NBSM6F,01JRZJVNVQBWA099SM8QG0YJ0J,0,clothes,1.0,0,,skirt,skirt,,True,0
top,8062,3167.0,01JRZNBSJJKSD28TPGC4NBSM6F,01JRZJVNVQBWA099SM8QG0YJ0J,1,clothes,0.0,0,,top,top,,True,1
dress,10946,2884.0,01JRZNBSJJKSD28TPGC4NBSM6F,01JRZJVNVQBWA099SM8QG0YJ0J,2,clothes,0.0,0,,dress,dres,,True,2
knicker,15351,4405.0,01JRZNBSJJKSD28TPGC4NBSM6F,01JRZJVNVQBWA099SM8QG0YJ0J,3,clothes,1.0,0,,knickers,knicker,,True,3
boxer,18018,2667.0,01JRZNBSJJKSD28TPGC4NBSM6F,01JRZJVNVQBWA099SM8QG0YJ0J,4,clothes,0.0,0,,boxers,boxer,,True,4
jumper,21276,3258.0,01JRZNBSJJKSD28TPGC4NBSM6F,01JRZJVNVQBWA099SM8QG0YJ0J,5,clothes,1.0,0,,jumper,jumper,,True,5
sweater,28545,7269.0,01JRZNBSJJKSD28TPGC4NBSM6F,01JRZJVNVQBWA099SM8QG0YJ0J,6,clothes,0.0,0,,sweater,sweater,,True,6
tracksuit top,33336,4791.0,01JRZNBSJJKSD28TPGC4NBSM6F,01JRZJVNVQBWA099SM8QG0YJ0J,7,clothes,1.0,0,,tracksuit top,tracksuittop,,True,7
tracksuit bottom,40051,6715.0,01JRZNBSJJKSD28TPGC4NBSM6F,01JRZJVNVQBWA099SM8QG0YJ0J,8,clothes,0.0,0,,tracksuit bottoms,tracksuitbottom,,True,8
shoe,42603,2552.0,01JRZNBSJJKSD28TPGC4NBSM6F,01JRZJVNVQBWA099SM8QG0YJ0J,9,clothes,1.0,0,,shoes,shoe,,True,9
trainer,45817,3214.0,01JRZNBSJJKSD28TPGC4NBSM6F,01JRZJVNVQBWA099SM8QG0YJ0J,10,clothes,0.0,0,,trainers,trainer,,True,10
tuxedo,49279,3462.0,01JRZNBSJJKSD28TPGC4NBSM6F,01JRZJVNVQBWA099SM8QG0YJ0J,11,clothes,1.0,0,,tuxedo,tuxedo,,True,11
high heel,54514,5235.0,01JRZNBSJJKSD28TPGC4NBSM6F,01JRZJVNVQBWA099SM8QG0YJ0J,12,clothes,1.0,0,,high heels,highheel,,True,12
suit,58671,4157.0,01JRZNBSJJKSD28TPGC4NBSM6F,01JRZJVNVQBWA099SM8QG0YJ0J,13,clothes,1.0,0,,suit,suit,,True,13
chino,62955,4284.0,01JRZNBSJJKSD28TPGC4NBSM6F,01JRZJVNVQBWA099SM8QG0YJ0J,14,clothes,1.0,0,,chinos,chino,,True,14
cargo pant,68252,5297.0,01JRZNBSJJKSD28TPGC4NBSM6F,01JRZJVNVQBWA099SM8QG0YJ0J,15,clothes,0.0,0,,cargo pants,cargopant,,True,15
shell suit,76924,8672.0,01JRZNBSJJKSD28TPGC4NBSM6F,01JRZJVNVQBWA099SM8QG0YJ0J,16,clothes,1.0,0,,shell suit,shellsuit,,True,16
wrap dress,81915,4991.0,01JRZNBSJJKSD28TPGC4NBSM6F,01JRZJVNVQBWA099SM8QG0YJ0J,17,clothes,1.0,0,,wrap dress,wrapdres,,True,17
bandage dress,91240,9325.0,01JRZNBSJJKSD28TPGC4NBSM6F,01JRZJVNVQBWA099SM8QG0YJ0J,18,clothes,0.0,0,,bandage dress,bandagedres,,True,18
sock,96351,5111.0,01JRZNBSJJKSD28TPGC4NBSM6F,01JRZJVNVQBWA099SM8QG0YJ0J,19,clothes,1.0,0,,socks,sock,,True,19
trainer sock,100095,3744.0,01JRZNBSJJKSD28TPGC4NBSM6F,01JRZJVNVQBWA099SM8QG0YJ0J,20,clothes,0.0,0,,trainer socks,trainersock,,True,20
ankle sock,103814,3719.0,01JRZNBSJJKSD28TPGC4NBSM6F,01JRZJVNVQBWA099SM8QG0YJ0J,21,clothes,0.0,0,,ankle socks,anklesock,,True,21
knee-high sock,109316,5502.0,01JRZNBSJJKSD28TPGC4NBSM6F,01JRZJVNVQBWA099SM8QG0YJ0J,22,clothes,0.0,0,,knee high socks,kneehighsock,,True,22
compression sock,114953,5637.0,01JRZNBSJJKSD28TPGC4NBSM6F,01JRZJVNVQBWA099SM8QG0YJ0J,23,clothes,0.0,0,,compression socks,compressionsock,,True,23
stocking,117964,3011.0,01JRZNBSJJKSD28TPGC4NBSM6F,01JRZJVNVQBWA099SM8QG0YJ0J,24,clothes,0.0,0,,stockings,stocking,,True,24
tight,121205,3241.0,01JRZNBSJJKSD28TPGC4NBSM6F,01JRZJVNVQBWA099SM8QG0YJ0J,25,clothes,0.0,0,,tights,tight,,True,25
pump,124210,3005.0,01JRZNBSJJKSD28TPGC4NBSM6F,01JRZJVNVQBWA099SM8QG0YJ0J,26,clothes,1.0,0,,pumps,pump,,True,26
short,127461,3251.0,01JRZNBSJJKSD28TPGC4NBSM6F,01JRZJVNVQBWA099SM8QG0YJ0J,27,clothes,1.0,0,,shorts,short,,True,27
mini skirt,130518,3057.0,01JRZNBSJJKSD28TPGC4NBSM6F,01JRZJVNVQBWA099SM8QG0YJ0J,28,clothes,1.0,0,,mini skirt,miniskirt,,True,28
midi skirt,135581,5063.0,01JRZNBSJJKSD28TPGC4NBSM6F,01JRZJVNVQBWA099SM8QG0YJ0J,29,clothes,0.0,0,,midi skirt,midiskirt,,True,29
maxi skirt,139040,3459.0,01JRZNBSJJKSD28TPGC4NBSM6F,01JRZJVNVQBWA099SM8QG0YJ0J,30,clothes,0.0,0,,maxi skirt,maxiskirt,,True,30
legging,144891,5851.0,01JRZNBSJJKSD28TPGC4NBSM6F,01JRZJVNVQBWA099SM8QG0YJ0J,31,clothes,1.0,0,,leggings,legging,,True,31
waistcoat,153103,8212.0,01JRZNBSJJKSD28TPGC4NBSM6F,01JRZJVNVQBWA099SM8QG0YJ0J,32,clothes,1.0,0,,waist coat,waistcoat,,True,32
coat,155140,2037.0,01JRZNBSJJKSD28TPGC4NBSM6F,01JRZJVNVQBWA099SM8QG0YJ0J,33,clothes,1.0,0,,coat,coat,,True,33
jacket,157731,2591.0,01JRZNBSJJKSD28TPGC4NBSM6F,01JRZJVNVQBWA099SM8QG0YJ0J,34,clothes,0.0,0,,jacket,jacket,,True,34
leather jacket,162549,4818.0,01JRZNBSJJKSD28TPGC4NBSM6F,01JRZJVNVQBWA099SM8QG0YJ0J,35,clothes,0.0,0,,leather jacket,leatherjacket,,True,35
fur coat,166293,3744.0,01JRZNBSJJKSD28TPGC4NBSM6F,01JRZJVNVQBWA099SM8QG0YJ0J,36,clothes,0.0,0,,fur coat,furcoat,,True,36
stole,168827,2534.0,01JRZNBSJJKSD28TPGC4NBSM6F,01JRZJVNVQBWA099SM8QG0YJ0J,37,clothes,1.0,0,,stole,stole,,True,37
shawl,171085,2258.0,01JRZNBSJJKSD28TPGC4NBSM6F,01JRZJVNVQBWA099SM8QG0YJ0J,38,clothes,0.0,0,,shawl,shawl,,True,38
trolley,5798,5798.0,01JRZNBSJJKSD28TPGC4NBSM6F,01JRZJVNVQBWA099SM8QG0YJ0J,0,supermarket,1.0,0,,trolley,trolley,,True,0
pear,9033,3235.0,01JRZNBSJJKSD28TPGC4NBSM6F,01JRZJVNVQBWA099SM8QG0YJ0J,1,supermarket,1.0,0,,pears,pear,,True,1
apple,11199,2166.0,01JRZNBSJJKSD28TPGC4NBSM6F,01JRZJVNVQBWA099SM8QG0YJ0J,2,supermarket,1.0,0,,apples,apple,,True,2
till,14162,2963.0,01JRZNBSJJKSD28TPGC4NBSM6F,01JRZJVNVQBWA099SM8QG0YJ0J,3,supermarket,1.0,0,,till,till,,True,3
checkout,17168,3006.0,01JRZNBSJJKSD28TPGC4NBSM6F,01JRZJVNVQBWA099SM8QG0YJ0J,4,supermarket,0.0,0,,checkout,checkout,,True,4
basket,19909,2741.0,01JRZNBSJJKSD28TPGC4NBSM6F,01JRZJVNVQBWA099SM8QG0YJ0J,5,supermarket,0.0,0,,basket,basket,,True,5
meat,22848,2939.0,01JRZNBSJJKSD28TPGC4NBSM6F,01JRZJVNVQBWA099SM8QG0YJ0J,6,supermarket,1.0,0,,meat,meat,,True,6
monies,26226,3378.0,01JRZNBSJJKSD28TPGC4NBSM6F,01JRZJVNVQBWA099SM8QG0YJ0J,7,supermarket,1.0,0,,money,money,,True,7
chicken,34872,8646.0,01JRZNBSJJKSD28TPGC4NBSM6F,01JRZJVNVQBWA099SM8QG0YJ0J,8,supermarket,1.0,0,,hicken,chicken,,True,8
pork,37607,2735.0,01JRZNBSJJKSD28TPGC4NBSM6F,01JRZJVNVQBWA099SM8QG0YJ0J,9,supermarket,0.0,0,,pork,pork,,True,9
bacon,45591,4068.0,01JRZNBSJJKSD28TPGC4NBSM6F,01JRZJVNVQBWA099SM8QG0YJ0J,11,supermarket,0.0,0,,bacon,bacon,,True,10
rum,49798,4207.0,01JRZNBSJJKSD28TPGC4NBSM6F,01JRZJVNVQBWA099SM8QG0YJ0J,12,supermarket,1.0,0,,rum,rum,,True,11
whiskey,54036,4238.0,01JRZNBSJJKSD28TPGC4NBSM6F,01JRZJVNVQBWA099SM8QG0YJ0J,13,supermarket,0.0,0,,whiskey,whiskey,,True,12
vodka,58130,4094.0,01JRZNBSJJKSD28TPGC4NBSM6F,01JRZJVNVQBWA099SM8QG0YJ0J,14,supermarket,0.0,0,,vodka,vodka,,True,13
yoghurt,61068,2938.0,01JRZNBSJJKSD28TPGC4NBSM6F,01JRZJVNVQBWA099SM8QG0YJ0J,15,supermarket,1.0,0,,yoghurt,yoghurt,,True,14
milk,63096,2028.0,01JRZNBSJJKSD28TPGC4NBSM6F,01JRZJVNVQBWA099SM8QG0YJ0J,16,supermarket,0.0,0,,milk,milk,,True,15
cheese,65253,2157.0,01JRZNBSJJKSD28TPGC4NBSM6F,01JRZJVNVQBWA099SM8QG0YJ0J,17,supermarket,0.0,0,,cheese,cheese,,True,16
water,68182,2929.0,01JRZNBSJJKSD28TPGC4NBSM6F,01JRZJVNVQBWA099SM8QG0YJ0J,18,supermarket,1.0,0,,water,water,,True,17
butter,73049,4867.0,01JRZNBSJJKSD28TPGC4NBSM6F,01JRZJVNVQBWA099SM8QG0YJ0J,19,supermarket,1.0,0,,butter,butter,,True,18
cucumber,75665,2616.0,01JRZNBSJJKSD28TPGC4NBSM6F,01JRZJVNVQBWA099SM8QG0YJ0J,20,supermarket,1.0,0,,cucumber,cucumber,,True,19
carrot,78755,3090.0,01JRZNBSJJKSD28TPGC4NBSM6F,01JRZJVNVQBWA099SM8QG0YJ0J,21,supermarket,0.0,0,,carrots,carrot,,True,20
cabbage,81565,2810.0,01JRZNBSJJKSD28TPGC4NBSM6F,01JRZJVNVQBWA099SM8QG0YJ0J,22,supermarket,0.0,0,,cabbage,cabbage,,True,21
lettuce,85350,3785.0,01JRZNBSJJKSD28TPGC4NBSM6F,01JRZJVNVQBWA099SM8QG0YJ0J,23,supermarket,0.0,0,,lettuce,lettuce,,True,22
dishwasher salt,90323,4973.0,01JRZNBSJJKSD28TPGC4NBSM6F,01JRZJVNVQBWA099SM8QG0YJ0J,24,supermarket,1.0,0,,dishwasher salts,dishwashersalt,,True,23
antibacterial,94734,4411.0,01JRZNBSJJKSD28TPGC4NBSM6F,01JRZJVNVQBWA099SM8QG0YJ0J,25,supermarket,0.0,0,,antibac,antibacterial,,True,24
nappy,98314,3580.0,01JRZNBSJJKSD28TPGC4NBSM6F,01JRZJVNVQBWA099SM8QG0YJ0J,26,supermarket,1.0,0,,nappies,nappy,,True,25
wipe,101606,3292.0,01JRZNBSJJKSD28TPGC4NBSM6F,01JRZJVNVQBWA099SM8QG0YJ0J,27,supermarket,0.0,0,,wipes,wipe,,True,26
oat bar,105407,3801.0,01JRZNBSJJKSD28TPGC4NBSM6F,01JRZJVNVQBWA099SM8QG0YJ0J,28,supermarket,1.0,0,,oaty bars,oatbar,,True,27
flapjack,110663,5256.0,01JRZNBSJJKSD28TPGC4NBSM6F,01JRZJVNVQBWA099SM8QG0YJ0J,29,supermarket,0.0,0,,flapjack,flapjack,,True,28
bread,112844,2181.0,01JRZNBSJJKSD28TPGC4NBSM6F,01JRZJVNVQBWA099SM8QG0YJ0J,30,supermarket,1.0,0,,bread,bread,,True,29
tomato,120870,8026.0,01JRZNBSJJKSD28TPGC4NBSM6F,01JRZJVNVQBWA099SM8QG0YJ0J,31,supermarket,1.0,0,,tomatoes,tomato,,True,30
parsnip,135377,8526.0,01JRZNBSJJKSD28TPGC4NBSM6F,01JRZJVNVQBWA099SM8QG0YJ0J,33,supermarket,0.0,0,,parsnips,parsnip,,True,31
butternut squash,141159,5782.0,01JRZNBSJJKSD28TPGC4NBSM6F,01JRZJVNVQBWA099SM8QG0YJ0J,34,supermarket,0.0,0,,butternut squash,butternutsquash,,True,32
pumpkin,143442,2283.0,01JRZNBSJJKSD28TPGC4NBSM6F,01JRZJVNVQBWA099SM8QG0YJ0J,35,supermarket,0.0,0,,pumpkins,pumpkin,,True,33
goat's cheese,147634,4192.0,01JRZNBSJJKSD28TPGC4NBSM6F,01JRZJVNVQBWA099SM8QG0YJ0J,36,supermarket,1.0,0,,goats cheese,goatcheese,,True,34
cheddar,150266,2632.0,01JRZNBSJJKSD28TPGC4NBSM6F,01JRZJVNVQBWA099SM8QG0YJ0J,37,supermarket,0.0,0,,cheddar,cheddar,,True,35
wensleydale cheese,156509,6243.0,01JRZNBSJJKSD28TPGC4NBSM6F,01JRZJVNVQBWA099SM8QG0YJ0J,38,supermarket,0.0,0,,wensleydale cheese,wensleydalecheese,,True,36
baby food,162381,5872.0,01JRZNBSJJKSD28TPGC4NBSM6F,01JRZJVNVQBWA099SM8QG0YJ0J,39,supermarket,1.0,0,,baby food,babyfood,,True,37
formula,165503,3122.0,01JRZNBSJJKSD28TPGC4NBSM6F,01JRZJVNVQBWA099SM8QG0YJ0J,40,supermarket,0.0,0,,formula,formula,,True,38
oat milk,169075,3572.0,01JRZNBSJJKSD28TPGC4NBSM6F,01JRZJVNVQBWA099SM8QG0YJ0J,41,supermarket,1.0,0,,oat milk,oatmilk,,True,39
tomato puree,173176,4101.0,01JRZNBSJJKSD28TPGC4NBSM6F,01JRZJVNVQBWA099SM8QG0YJ0J,42,supermarket,1.0,0,,tomato puree,tomatopuree,,True,40
tinned tomato,176986,3810.0,01JRZNBSJJKSD28TPGC4NBSM6F,01JRZJVNVQBWA099SM8QG0YJ0J,43,supermarket,0.0,0,,tinned tomatoes,tinnedtomato,,True,41
dog,6038,6038.0,01JRZTVYQ9BYTS2A4K40EER079,01JRZTN1GWJDHA7QRH7AXWGARW,0,animals,1.0,0,,dog,dog,"['Canine', 'Pets']",True,0
cat,7536,1498.0,01JRZTVYQ9BYTS2A4K40EER079,01JRZTN1GWJDHA7QRH7AXWGARW,1,animals,1.0,0,,cat,cat,"['Pets', 'Feline']",False,1
bear,9104,1568.0,01JRZTVYQ9BYTS2A4K40EER079,01JRZTN1GWJDHA7QRH7AXWGARW,2,animals,0.0,0,,bear,bear,['NorthAmerican'],True,2
turkey,11617,2513.0,01JRZTVYQ9BYTS2A4K40EER079,01JRZTN1GWJDHA7QRH7AXWGARW,3,animals,0.0,0,,turkey,turkey,"['Bird', 'Farm']",True,3
squirrel,22062,10445.0,01JRZTVYQ9BYTS2A4K40EER079,01JRZTN1GWJDHA7QRH7AXWGARW,4,animals,0.0,0,,squirrle,squirrel,"['NorthAmerican', 'Rodents']",True,4
monkey,24799,2737.0,01JRZTVYQ9BYTS2A4K40EER079,01JRZTN1GWJDHA7QRH7AXWGARW,5,animals,0.0,0,,monkjey,monkey,"['African', 'Primates']",True,5
lion,26585,1786.0,01JRZTVYQ9BYTS2A4K40EER079,01JRZTN1GWJDHA7QRH7AXWGARW,6,animals,0.0,0,,lion,lion,"['African', 'Feline']",False,6
tiger,29015,2430.0,01JRZTVYQ9BYTS2A4K40EER079,01JRZTN1GWJDHA7QRH7AXWGARW,7,animals,0.0,0,,tiger,tiger,"['African', 'Feline']",False,7
bird,37341,8326.0,01JRZTVYQ9BYTS2A4K40EER079,01JRZTN1GWJDHA7QRH7AXWGARW,8,animals,1.0,0,,bird,bird,['Bird'],True,8
eagle,39738,2397.0,01JRZTVYQ9BYTS2A4K40EER079,01JRZTN1GWJDHA7QRH7AXWGARW,9,animals,0.0,0,,eagel,eagle,['Bird'],False,9
falcon,44903,5165.0,01JRZTVYQ9BYTS2A4K40EER079,01JRZTN1GWJDHA7QRH7AXWGARW,10,animals,0.0,0,,falcon,falcon,['Bird'],False,10
salmon,49750,4847.0,01JRZTVYQ9BYTS2A4K40EER079,01JRZTN1GWJDHA7QRH7AXWGARW,11,animals,0.0,0,,salmon,salmon,['Fish'],True,11
raccoon,55487,5737.0,01JRZTVYQ9BYTS2A4K40EER079,01JRZTN1GWJDHA7QRH7AXWGARW,12,animals,0.0,0,,racoon,raccoon,['NorthAmerican'],True,12
elephant,61801,6314.0,01JRZTVYQ9BYTS2A4K40EER079,01JRZTN1GWJDHA7QRH7AXWGARW,13,animals,0.0,0,,elephant,elephant,['African'],True,13
giraffe,66232,4431.0,01JRZTVYQ9BYTS2A4K40EER079,01JRZTN1GWJDHA7QRH7AXWGARW,14,animals,0.0,0,,girafffe,giraffe,['African'],False,14
rhino,71977,5745.0,01JRZTVYQ9BYTS2A4K40EER079,01JRZTN1GWJDHA7QRH7AXWGARW,15,animals,0.0,0,,rhino,rhino,['African'],False,15
liger,77551,5574.0,01JRZTVYQ9BYTS2A4K40EER079,01JRZTN1GWJDHA7QRH7AXWGARW,16,animals,0.0,0,,liger,liger,['Feline'],True,16
hamster,84525,6974.0,01JRZTVYQ9BYTS2A4K40EER079,01JRZTN1GWJDHA7QRH7AXWGARW,17,animals,1.0,0,,hamsgter,hamster,"['Pets', 'Rodents']",True,17
ferret,90130,5605.0,01JRZTVYQ9BYTS2A4K40EER079,01JRZTN1GWJDHA7QRH7AXWGARW,18,animals,1.0,0,,ferret,ferret,"['Farm', 'Weasels']",True,18
baboon,96635,6505.0,01JRZTVYQ9BYTS2A4K40EER079,01JRZTN1GWJDHA7QRH7AXWGARW,19,animals,0.0,0,,baboon,baboon,['Primates'],True,19
jaguar,102568,5933.0,01JRZTVYQ9BYTS2A4K40EER079,01JRZTN1GWJDHA7QRH7AXWGARW,20,animals,0.0,0,,jaguar,jaguar,['Feline'],True,20
pelican,118161,15593.0,01JRZTVYQ9BYTS2A4K40EER079,01JRZTN1GWJDHA7QRH7AXWGARW,21,animals,0.0,0,,pelican,pelican,['Bird'],True,21
grouse,124785,6624.0,01JRZTVYQ9BYTS2A4K40EER079,01JRZTN1GWJDHA7QRH7AXWGARW,22,animals,0.0,0,,grouse,grouse,['Bird'],False,22
peacock,133022,8237.0,01JRZTVYQ9BYTS2A4K40EER079,01JRZTN1GWJDHA7QRH7AXWGARW,23,animals,0.0,0,,peacock,peacock,['Bird'],False,23
pig,141995,8973.0,01JRZTVYQ9BYTS2A4K40EER079,01JRZTN1GWJDHA7QRH7AXWGARW,24,animals,0.0,0,,pig,pig,['Farm'],True,24
cow,143496,1501.0,01JRZTVYQ9BYTS2A4K40EER079,01JRZTN1GWJDHA7QRH7AXWGARW,25,animals,0.0,0,,cow,cow,"['Bovine', 'Farm']",False,25
chicken,146524,3028.0,01JRZTVYQ9BYTS2A4K40EER079,01JRZTN1GWJDHA7QRH7AXWGARW,26,animals,0.0,0,,chicken,chicken,"['Bird', 'Farm']",False,26
goat,148739,2215.0,01JRZTVYQ9BYTS2A4K40EER079,01JRZTN1GWJDHA7QRH7AXWGARW,27,animals,0.0,0,,goat,goat,['Farm'],False,27
lamb,152456,3717.0,01JRZTVYQ9BYTS2A4K40EER079,01JRZTN1GWJDHA7QRH7AXWGARW,28,animals,0.0,0,,lamb,lamb,['Farm'],False,28
alligator,160175,7719.0,01JRZTVYQ9BYTS2A4K40EER079,01JRZTN1GWJDHA7QRH7AXWGARW,29,animals,0.0,0,,alligator,alligator,"['ReptileAmphibian', 'Water']",True,29
shirt,10405,10405.0,01JRZTVYQ9BYTS2A4K40EER079,01JRZTN1GWJDHA7QRH7AXWGARW,0,clothes,1.0,0,,shirt,shirt,,True,0
pant,13890,3485.0,01JRZTVYQ9BYTS2A4K40EER079,01JRZTN1GWJDHA7QRH7AXWGARW,1,clothes,0.0,0,,pants,pant,,True,1
sock,15688,1798.0,01JRZTVYQ9BYTS2A4K40EER079,01JRZTN1GWJDHA7QRH7AXWGARW,2,clothes,0.0,0,,socks,sock,,True,2
shoe,17094,1406.0,01JRZTVYQ9BYTS2A4K40EER079,01JRZTN1GWJDHA7QRH7AXWGARW,3,clothes,0.0,0,,shoes,shoe,,True,3
dress,18558,1464.0,01JRZTVYQ9BYTS2A4K40EER079,01JRZTN1GWJDHA7QRH7AXWGARW,4,clothes,0.0,0,,dress,dres,,True,4
underwear,28063,7782.0,01JRZTVYQ9BYTS2A4K40EER079,01JRZTN1GWJDHA7QRH7AXWGARW,6,clothes,0.0,0,,underwear,underwearnotealreadysingularbutoftenconsideredapluralnounduetoitcommonusageaamasnounhoweverfollowinginstructionstrictlynochangeimade,,True,5
blouse,32098,4035.0,01JRZTVYQ9BYTS2A4K40EER079,01JRZTN1GWJDHA7QRH7AXWGARW,7,clothes,1.0,0,,blouse,blouse,,True,6
jacket,34130,2032.0,01JRZTVYQ9BYTS2A4K40EER079,01JRZTN1GWJDHA7QRH7AXWGARW,8,clothes,0.0,0,,jacket,jacket,,True,7
coat,35575,1445.0,01JRZTVYQ9BYTS2A4K40EER079,01JRZTN1GWJDHA7QRH7AXWGARW,9,clothes,0.0,0,,coat,coat,,True,8
hat,40238,4663.0,01JRZTVYQ9BYTS2A4K40EER079,01JRZTN1GWJDHA7QRH7AXWGARW,10,clothes,0.0,0,,hat,hat,,True,9
glove,42946,2708.0,01JRZTVYQ9BYTS2A4K40EER079,01JRZTN1GWJDHA7QRH7AXWGARW,11,clothes,0.0,0,,gloves,glove,,True,10
jean,50946,8000.0,01JRZTVYQ9BYTS2A4K40EER079,01JRZTN1GWJDHA7QRH7AXWGARW,12,clothes,0.0,0,,jeans,jean,,True,11
slack,53662,2716.0,01JRZTVYQ9BYTS2A4K40EER079,01JRZTN1GWJDHA7QRH7AXWGARW,13,clothes,0.0,0,,slacks,slack,,True,12
sneaker,58447,4785.0,01JRZTVYQ9BYTS2A4K40EER079,01JRZTN1GWJDHA7QRH7AXWGARW,14,clothes,0.0,0,,sneakers,sneaker,,True,13
flannel shirt,65591,7144.0,01JRZTVYQ9BYTS2A4K40EER079,01JRZTN1GWJDHA7QRH7AXWGARW,15,clothes,1.0,0,,flannel shirt,flannelshirt,,True,14
T-shirt,80215,14624.0,01JRZTVYQ9BYTS2A4K40EER079,01JRZTN1GWJDHA7QRH7AXWGARW,16,clothes,1.0,0,,tshirt,tshirt,,True,15
short,88795,8580.0,01JRZTVYQ9BYTS2A4K40EER079,01JRZTN1GWJDHA7QRH7AXWGARW,17,clothes,0.0,0,,shorts,short,,True,16
bra,94595,5800.0,01JRZTVYQ9BYTS2A4K40EER079,01JRZTN1GWJDHA7QRH7AXWGARW,18,clothes,0.0,0,,bra,bra,,True,17
panty,96878,2283.0,01JRZTVYQ9BYTS2A4K40EER079,01JRZTN1GWJDHA7QRH7AXWGARW,19,clothes,0.0,0,,panties,panty,,True,18
skirt,103224,6346.0,01JRZTVYQ9BYTS2A4K40EER079,01JRZTN1GWJDHA7QRH7AXWGARW,20,clothes,0.0,0,,skirt,skirt,,True,19
tuxedo,110899,7675.0,01JRZTVYQ9BYTS2A4K40EER079,01JRZTN1GWJDHA7QRH7AXWGARW,21,clothes,0.0,0,,tuxedo,tuxedo,,True,20
suit,115405,4506.0,01JRZTVYQ9BYTS2A4K40EER079,01JRZTN1GWJDHA7QRH7AXWGARW,22,clothes,0.0,0,,suit,suit,,True,21
henley,125705,10300.0,01JRZTVYQ9BYTS2A4K40EER079,01JRZTN1GWJDHA7QRH7AXWGARW,23,clothes,1.0,0,,henley,henley,,True,22
sweatshirt,133219,7514.0,01JRZTVYQ9BYTS2A4K40EER079,01JRZTN1GWJDHA7QRH7AXWGARW,24,clothes,0.0,0,,sweatshirt,sweatshirt,,True,23
sweater,136640,3421.0,01JRZTVYQ9BYTS2A4K40EER079,01JRZTN1GWJDHA7QRH7AXWGARW,25,clothes,0.0,0,,sweater,sweater,,True,24
hoodie,142420,5780.0,01JRZTVYQ9BYTS2A4K40EER079,01JRZTN1GWJDHA7QRH7AXWGARW,26,clothes,0.0,0,,hoodie,hoodie,,True,25
khaki,153088,10668.0,01JRZTVYQ9BYTS2A4K40EER079,01JRZTN1GWJDHA7QRH7AXWGARW,27,clothes,0.0,0,,khakis,khaki,,True,26
bean,6931,6931.0,01JRZTVYQ9BYTS2A4K40EER079,01JRZTN1GWJDHA7QRH7AXWGARW,0,supermarket,1.0,0,,beans,bean,,True,0
lettuce,12302,5371.0,01JRZTVYQ9BYTS2A4K40EER079,01JRZTN1GWJDHA7QRH7AXWGARW,1,supermarket,1.0,0,,lettuce,lettuce,,True,1
fruit,16050,3748.0,01JRZTVYQ9BYTS2A4K40EER079,01JRZTN1GWJDHA7QRH7AXWGARW,2,supermarket,1.0,0,,fruit,fruit,,True,2
salami,18176,2126.0,01JRZTVYQ9BYTS2A4K40EER079,01JRZTN1GWJDHA7QRH7AXWGARW,3,supermarket,0.0,0,,salami,salami,,True,3
fish,20131,1955.0,01JRZTVYQ9BYTS2A4K40EER079,01JRZTN1GWJDHA7QRH7AXWGARW,4,supermarket,0.0,0,,fish,fish,,True,4
meat,21643,1512.0,01JRZTVYQ9BYTS2A4K40EER079,01JRZTN1GWJDHA7QRH7AXWGARW,5,supermarket,0.0,0,,meat,meat,,True,5
beef,24938,3295.0,01JRZTVYQ9BYTS2A4K40EER079,01JRZTN1GWJDHA7QRH7AXWGARW,6,supermarket,0.0,0,,beef,beef,,True,6
chicken,27395,2457.0,01JRZTVYQ9BYTS2A4K40EER079,01JRZTN1GWJDHA7QRH7AXWGARW,7,supermarket,0.0,0,,shicken,chicken,,True,7
ice cream,32767,5372.0,01JRZTVYQ9BYTS2A4K40EER079,01JRZTN1GWJDHA7QRH7AXWGARW,8,supermarket,0.0,0,,icecream,icecream,,True,8
broccoli,42373,9606.0,01JRZTVYQ9BYTS2A4K40EER079,01JRZTN1GWJDHA7QRH7AXWGARW,9,supermarket,1.0,0,,broclli\,broccoli,,True,9
bread,49138,6765.0,01JRZTVYQ9BYTS2A4K40EER079,01JRZTN1GWJDHA7QRH7AXWGARW,10,supermarket,0.0,0,,bread,bread,,True,10
rice,50463,1325.0,01JRZTVYQ9BYTS2A4K40EER079,01JRZTN1GWJDHA7QRH7AXWGARW,11,supermarket,0.0,0,,rice,rice,,True,11
potato,53239,2776.0,01JRZTVYQ9BYTS2A4K40EER079,01JRZTN1GWJDHA7QRH7AXWGARW,12,supermarket,0.0,0,,potatoes,potato,,True,12
French fry,57497,4258.0,01JRZTVYQ9BYTS2A4K40EER079,01JRZTN1GWJDHA7QRH7AXWGARW,13,supermarket,0.0,0,,French fries,frenchfry,,True,13
yogurt,63763,6266.0,01JRZTVYQ9BYTS2A4K40EER079,01JRZTN1GWJDHA7QRH7AXWGARW,14,supermarket,0.0,0,,yogurt,yogurt,,True,14
milk,67024,3261.0,01JRZTVYQ9BYTS2A4K40EER079,01JRZTN1GWJDHA7QRH7AXWGARW,15,supermarket,0.0,0,,milk,milk,,True,15
cream,71134,4110.0,01JRZTVYQ9BYTS2A4K40EER079,01JRZTN1GWJDHA7QRH7AXWGARW,16,supermarket,0.0,0,,cream,cream,,True,16
sugar,72999,1865.0,01JRZTVYQ9BYTS2A4K40EER079,01JRZTN1GWJDHA7QRH7AXWGARW,17,supermarket,0.0,0,,sugar,sugar,,True,17
egg,77242,4243.0,01JRZTVYQ9BYTS2A4K40EER079,01JRZTN1GWJDHA7QRH7AXWGARW,18,supermarket,0.0,0,,eggs,egg,,True,18
candy,83710,6468.0,01JRZTVYQ9BYTS2A4K40EER079,01JRZTN1GWJDHA7QRH7AXWGARW,19,supermarket,0.0,0,,candy,candy,,True,19
chocolate,87876,4166.0,01JRZTVYQ9BYTS2A4K40EER079,01JRZTN1GWJDHA7QRH7AXWGARW,20,supermarket,0.0,0,,chocolate,chocolate,,True,20
gummy bear,92253,4377.0,01JRZTVYQ9BYTS2A4K40EER079,01JRZTN1GWJDHA7QRH7AXWGARW,21,supermarket,0.0,0,,gummy bears,gummybear,,True,21
tuna,101469,9216.0,01JRZTVYQ9BYTS2A4K40EER079,01JRZTN1GWJDHA7QRH7AXWGARW,22,supermarket,0.0,0,,tuna fish,tuna,,True,22
green bean,107499,6030.0,01JRZTVYQ9BYTS2A4K40EER079,01JRZTN1GWJDHA7QRH7AXWGARW,23,supermarket,1.0,0,,green beans,greenbean,,True,23
dog food,115109,7610.0,01JRZTVYQ9BYTS2A4K40EER079,01JRZTN1GWJDHA7QRH7AXWGARW,24,supermarket,0.0,0,,dog food,dogfood,,True,24
cleaner,119820,4711.0,01JRZTVYQ9BYTS2A4K40EER079,01JRZTN1GWJDHA7QRH7AXWGARW,25,supermarket,0.0,0,,cleaning,cleaner,,True,25
Windex,121787,1967.0,01JRZTVYQ9BYTS2A4K40EER079,01JRZTN1GWJDHA7QRH7AXWGARW,26,supermarket,0.0,0,,windex,windex,,True,26
tea,126471,4684.0,01JRZTVYQ9BYTS2A4K40EER079,01JRZTN1GWJDHA7QRH7AXWGARW,27,supermarket,0.0,0,,tp,tea,,True,27
pickle,130462,3991.0,01JRZTVYQ9BYTS2A4K40EER079,01JRZTN1GWJDHA7QRH7AXWGARW,28,supermarket,0.0,0,,pickles,pickle,,True,28
soup,136481,6019.0,01JRZTVYQ9BYTS2A4K40EER079,01JRZTN1GWJDHA7QRH7AXWGARW,29,supermarket,0.0,0,,soup,soup,,True,29
cheese,139572,3091.0,01JRZTVYQ9BYTS2A4K40EER079,01JRZTN1GWJDHA7QRH7AXWGARW,30,supermarket,0.0,0,,cheese,cheese,,True,30
bacon,145935,6363.0,01JRZTVYQ9BYTS2A4K40EER079,01JRZTN1GWJDHA7QRH7AXWGARW,31,supermarket,0.0,0,,bacon,bacon,,True,31
ham,148559,2624.0,01JRZTVYQ9BYTS2A4K40EER079,01JRZTN1GWJDHA7QRH7AXWGARW,32,supermarket,0.0,0,,ham,ham,,True,32
pork,154338,5779.0,01JRZTVYQ9BYTS2A4K40EER079,01JRZTN1GWJDHA7QRH7AXWGARW,33,supermarket,0.0,0,,pork,pork,,True,33
cherry,160726,6388.0,01JRZTVYQ9BYTS2A4K40EER079,01JRZTN1GWJDHA7QRH7AXWGARW,34,supermarket,0.0,0,,cherries,cherry,,True,34
orange,165494,4768.0,01JRZTVYQ9BYTS2A4K40EER079,01JRZTN1GWJDHA7QRH7AXWGARW,35,supermarket,1.0,0,,oranges,orange,,True,35
pear,170282,4788.0,01JRZTVYQ9BYTS2A4K40EER079,01JRZTN1GWJDHA7QRH7AXWGARW,36,supermarket,1.0,0,,pears,pear,,True,36
apple,172667,2385.0,01JRZTVYQ9BYTS2A4K40EER079,01JRZTN1GWJDHA7QRH7AXWGARW,37,supermarket,1.0,0,,apples,apple,,True,37
grape,178773,6106.0,01JRZTVYQ9BYTS2A4K40EER079,01JRZTN1GWJDHA7QRH7AXWGARW,38,supermarket,1.0,0,,grapes,grape,,True,38
cat,2800,2800.0,01JRZTY3R5MMM6CR38YJXC2PZV,01JRZTN1GTGVRYNEB5WBNCEE22,0,animals,1.0,0,,cat,cat,"['Pets', 'Feline']",True,0
dog,3634,834.0,01JRZTY3R5MMM6CR38YJXC2PZV,01JRZTN1GTGVRYNEB5WBNCEE22,1,animals,0.0,0,,dog,dog,"['Canine', 'Pets']",False,1
lamb,4592,958.0,01JRZTY3R5MMM6CR38YJXC2PZV,01JRZTN1GTGVRYNEB5WBNCEE22,2,animals,0.0,0,,lamb,lamb,['Farm'],True,2
tiger,5364,772.0,01JRZTY3R5MMM6CR38YJXC2PZV,01JRZTN1GTGVRYNEB5WBNCEE22,3,animals,1.0,0,,tiger,tiger,"['African', 'Feline']",True,3
lion,6600,1236.0,01JRZTY3R5MMM6CR38YJXC2PZV,01JRZTN1GTGVRYNEB5WBNCEE22,4,animals,1.0,0,,lion,lion,"['African', 'Feline']",False,4
bear,7387,787.0,01JRZTY3R5MMM6CR38YJXC2PZV,01JRZTN1GTGVRYNEB5WBNCEE22,5,animals,0.0,0,,bear,bear,['NorthAmerican'],True,5
goat,9052,1665.0,01JRZTY3R5MMM6CR38YJXC2PZV,01JRZTN1GTGVRYNEB5WBNCEE22,6,animals,0.0,0,,goat,goat,['Farm'],True,6
sheep,13974,4922.0,01JRZTY3R5MMM6CR38YJXC2PZV,01JRZTN1GTGVRYNEB5WBNCEE22,7,animals,0.0,0,,sheep,sheep,['Farm'],False,7
bird,16314,2340.0,01JRZTY3R5MMM6CR38YJXC2PZV,01JRZTN1GTGVRYNEB5WBNCEE22,8,animals,0.0,0,,bird,bird,['Bird'],True,8
lizard,24388,8074.0,01JRZTY3R5MMM6CR38YJXC2PZV,01JRZTN1GTGVRYNEB5WBNCEE22,9,animals,0.0,0,,lizard,lizard,['ReptileAmphibian'],True,9
iguana,25626,1238.0,01JRZTY3R5MMM6CR38YJXC2PZV,01JRZTN1GTGVRYNEB5WBNCEE22,10,animals,0.0,0,,iguana,iguana,['ReptileAmphibian'],False,10
goose,30959,5333.0,01JRZTY3R5MMM6CR38YJXC2PZV,01JRZTN1GTGVRYNEB5WBNCEE22,11,animals,0.0,0,,goose,goose,['Water'],True,11
leopard,36124,5165.0,01JRZTY3R5MMM6CR38YJXC2PZV,01JRZTN1GTGVRYNEB5WBNCEE22,12,animals,1.0,0,,leopard,leopard,"['African', 'Feline']",True,12
fly,40886,4762.0,01JRZTY3R5MMM6CR38YJXC2PZV,01JRZTN1GTGVRYNEB5WBNCEE22,13,animals,0.0,0,,fly,fly,['Insects'],True,13
ant,43693,2807.0,01JRZTY3R5MMM6CR38YJXC2PZV,01JRZTN1GTGVRYNEB5WBNCEE22,14,animals,0.0,0,,ant,ant,['Insects'],False,14
spider,45016,1323.0,01JRZTY3R5MMM6CR38YJXC2PZV,01JRZTN1GTGVRYNEB5WBNCEE22,15,animals,0.0,0,,spider,spider,"['Arachnid', 'Farm']",True,15
squirrel,47549,2533.0,01JRZTY3R5MMM6CR38YJXC2PZV,01JRZTN1GTGVRYNEB5WBNCEE22,16,animals,0.0,0,,squirrel,squirrel,"['NorthAmerican', 'Rodents']",True,16
fox,49766,2217.0,01JRZTY3R5MMM6CR38YJXC2PZV,01JRZTN1GTGVRYNEB5WBNCEE22,17,animals,0.0,0,,fox,fox,"['Canine', 'NorthAmerican', 'UsedForFur']",False,17
skunk,52523,2757.0,01JRZTY3R5MMM6CR38YJXC2PZV,01JRZTN1GTGVRYNEB5WBNCEE22,18,animals,0.0,0,,skunk,skunk,"['NorthAmerican', 'Weasels']",False,18
horse,53413,890.0,01JRZTY3R5MMM6CR38YJXC2PZV,01JRZTN1GTGVRYNEB5WBNCEE22,19,animals,0.0,0,,horse,horse,"['BeastsOfBurden', 'Farm']",True,19
cow,54546,1133.0,01JRZTY3R5MMM6CR38YJXC2PZV,01JRZTN1GTGVRYNEB5WBNCEE22,20,animals,0.0,0,,cow,cow,"['Bovine', 'Farm']",False,20
chicken,56534,1988.0,01JRZTY3R5MMM6CR38YJXC2PZV,01JRZTN1GTGVRYNEB5WBNCEE22,21,animals,0.0,0,,chichen,chicken,"['Bird', 'Farm']",False,21
rooster,58794,2260.0,01JRZTY3R5MMM6CR38YJXC2PZV,01JRZTN1GTGVRYNEB5WBNCEE22,22,animals,0.0,0,,rooster,rooster,['Farm'],False,22
bull,60821,2027.0,01JRZTY3R5MMM6CR38YJXC2PZV,01JRZTN1GTGVRYNEB5WBNCEE22,23,animals,0.0,0,,bull,bull,"['BeastsOfBurden', 'Bovine', 'Farm']",False,23
calf,61738,917.0,01JRZTY3R5MMM6CR38YJXC2PZV,01JRZTN1GTGVRYNEB5WBNCEE22,24,animals,0.0,0,,veal,calf,"['Bovine', 'Farm']",False,24
panda,66086,4348.0,01JRZTY3R5MMM6CR38YJXC2PZV,01JRZTN1GTGVRYNEB5WBNCEE22,25,animals,0.0,0,,panda,panda,['Asian'],True,25
brown bear,68836,2750.0,01JRZTY3R5MMM6CR38YJXC2PZV,01JRZTN1GTGVRYNEB5WBNCEE22,26,animals,0.0,0,,brown bear,brownbear,['NorthAmerican'],True,26
polar bear,70545,1709.0,01JRZTY3R5MMM6CR38YJXC2PZV,01JRZTN1GTGVRYNEB5WBNCEE22,27,animals,0.0,0,,polar bear,polarbear,['Arctic'],True,27
black bear,72516,1971.0,01JRZTY3R5MMM6CR38YJXC2PZV,01JRZTN1GTGVRYNEB5WBNCEE22,28,animals,0.0,0,,black bear,blackbear,['NorthAmerican'],True,28
grizzly bear,74677,2161.0,01JRZTY3R5MMM6CR38YJXC2PZV,01JRZTN1GTGVRYNEB5WBNCEE22,29,animals,0.0,0,,grizzly bear,grizzlybear,['NorthAmerican'],False,29
human,77521,2844.0,01JRZTY3R5MMM6CR38YJXC2PZV,01JRZTN1GTGVRYNEB5WBNCEE22,30,animals,0.0,0,,human,human,['Primates'],True,30
ostrich,82521,5000.0,01JRZTY3R5MMM6CR38YJXC2PZV,01JRZTN1GTGVRYNEB5WBNCEE22,31,animals,0.0,0,,ostrich,ostrich,"['African', 'Bird']",True,31
koala,85935,3414.0,01JRZTY3R5MMM6CR38YJXC2PZV,01JRZTN1GTGVRYNEB5WBNCEE22,32,animals,0.0,0,,kuala,koala,['Australian'],True,32
worm,96988,11053.0,01JRZTY3R5MMM6CR38YJXC2PZV,01JRZTN1GTGVRYNEB5WBNCEE22,33,animals,0.0,0,,worm,worm,"['Insects', 'Worms']",True,33
squid,99721,2733.0,01JRZTY3R5MMM6CR38YJXC2PZV,01JRZTN1GTGVRYNEB5WBNCEE22,34,animals,0.0,0,,squid,squid,['Water'],True,34
salmon,101753,2032.0,01JRZTY3R5MMM6CR38YJXC2PZV,01JRZTN1GTGVRYNEB5WBNCEE22,35,animals,0.0,0,,salmon,salmon,['Fish'],True,35
tuna,103060,1307.0,01JRZTY3R5MMM6CR38YJXC2PZV,01JRZTN1GTGVRYNEB5WBNCEE22,36,animals,0.0,0,,tuna,tuna,['Fish'],False,36
fish,105177,2117.0,01JRZTY3R5MMM6CR38YJXC2PZV,01JRZTN1GTGVRYNEB5WBNCEE22,37,animals,0.0,0,,fish,fish,"['Fish', 'Water']",False,37
porcupine,115874,10697.0,01JRZTY3R5MMM6CR38YJXC2PZV,01JRZTN1GTGVRYNEB5WBNCEE22,38,animals,0.0,0,,porcupine,porcupine,['Rodents'],True,38
llama,118955,3081.0,01JRZTY3R5MMM6CR38YJXC2PZV,01JRZTN1GTGVRYNEB5WBNCEE22,39,animals,0.0,0,,llama,llama,"['BeastsOfBurden', 'UsedForFur']",True,39
butterfly,123915,4960.0,01JRZTY3R5MMM6CR38YJXC2PZV,01JRZTN1GTGVRYNEB5WBNCEE22,40,animals,0.0,0,,butterfly,butterfly,['Insects'],True,40
maggot,127000,3085.0,01JRZTY3R5MMM6CR38YJXC2PZV,01JRZTN1GTGVRYNEB5WBNCEE22,41,animals,0.0,0,,maggot,maggot,['Insects'],False,41
pig,137691,10691.0,01JRZTY3R5MMM6CR38YJXC2PZV,01JRZTN1GTGVRYNEB5WBNCEE22,42,animals,0.0,0,,pig,pig,['Farm'],True,42
sparrow,147649,9958.0,01JRZTY3R5MMM6CR38YJXC2PZV,01JRZTN1GTGVRYNEB5WBNCEE22,43,animals,0.0,0,,sparrow,sparrow,['Bird'],True,43
blue jay,150615,2966.0,01JRZTY3R5MMM6CR38YJXC2PZV,01JRZTN1GTGVRYNEB5WBNCEE22,44,animals,0.0,0,,blue jay,bluejay,['Bird'],False,44
alligator,157715,7100.0,01JRZTY3R5MMM6CR38YJXC2PZV,01JRZTN1GTGVRYNEB5WBNCEE22,45,animals,0.0,0,,alligator,alligator,"['ReptileAmphibian', 'Water']",True,45
crocodile,160510,2795.0,01JRZTY3R5MMM6CR38YJXC2PZV,01JRZTN1GTGVRYNEB5WBNCEE22,46,animals,0.0,0,,crocodile,crocodile,['ReptileAmphibian'],False,46
otter,163841,3331.0,01JRZTY3R5MMM6CR38YJXC2PZV,01JRZTN1GTGVRYNEB5WBNCEE22,47,animals,0.0,0,,otter,otter,"['Water', 'Weasels']",True,47
sea urchin,166680,2839.0,01JRZTY3R5MMM6CR38YJXC2PZV,01JRZTN1GTGVRYNEB5WBNCEE22,48,animals,0.0,0,,sea urchin,seaurchin,['Water'],False,48
horsefly,171964,5284.0,01JRZTY3R5MMM6CR38YJXC2PZV,01JRZTN1GTGVRYNEB5WBNCEE22,49,animals,0.0,0,,horsefly,horsefly,['Insects'],True,49
monkey,175235,3271.0,01JRZTY3R5MMM6CR38YJXC2PZV,01JRZTN1GTGVRYNEB5WBNCEE22,50,animals,0.0,0,,monkey,monkey,"['African', 'Primates']",True,50
chimpanzee,179005,3770.0,01JRZTY3R5MMM6CR38YJXC2PZV,01JRZTN1GTGVRYNEB5WBNCEE22,51,animals,0.0,0,,chimpanzee,chimpanzee,"['African', 'Primates']",False,51
underwear,5830,5830.0,01JRZTY3R5MMM6CR38YJXC2PZV,01JRZTN1GTGVRYNEB5WBNCEE22,0,clothes,1.0,0,,underwear,underwear,,True,0
T-shirt,6979,1149.0,01JRZTY3R5MMM6CR38YJXC2PZV,01JRZTN1GTGVRYNEB5WBNCEE22,1,clothes,0.0,0,,tshirt,tshirt,,True,1
sweater,8809,1830.0,01JRZTY3R5MMM6CR38YJXC2PZV,01JRZTN1GTGVRYNEB5WBNCEE22,2,clothes,0.0,0,,sweater,sweater,,True,2
shoe,12074,3265.0,01JRZTY3R5MMM6CR38YJXC2PZV,01JRZTN1GTGVRYNEB5WBNCEE22,3,clothes,0.0,0,,shoes,shoe,,True,3
boot,13517,1443.0,01JRZTY3R5MMM6CR38YJXC2PZV,01JRZTN1GTGVRYNEB5WBNCEE22,4,clothes,0.0,0,,boots,boot,,True,4
glove,14616,1099.0,01JRZTY3R5MMM6CR38YJXC2PZV,01JRZTN1GTGVRYNEB5WBNCEE22,5,clothes,0.0,0,,gloves,glove,,True,5
panty,17583,2967.0,01JRZTY3R5MMM6CR38YJXC2PZV,01JRZTN1GTGVRYNEB5WBNCEE22,6,clothes,0.0,0,,panties,panty,,True,6
sock,20671,3088.0,01JRZTY3R5MMM6CR38YJXC2PZV,01JRZTN1GTGVRYNEB5WBNCEE22,7,clothes,0.0,0,,socks,sock,,True,7
short,24354,3683.0,01JRZTY3R5MMM6CR38YJXC2PZV,01JRZTN1GTGVRYNEB5WBNCEE22,8,clothes,0.0,0,,shorts,short,,True,8
pant,25269,915.0,01JRZTY3R5MMM6CR38YJXC2PZV,01JRZTN1GTGVRYNEB5WBNCEE22,9,clothes,0.0,0,,pants,pant,,True,9
dress,26169,900.0,01JRZTY3R5MMM6CR38YJXC2PZV,01JRZTN1GTGVRYNEB5WBNCEE22,10,clothes,0.0,0,,dress,dres,,True,10
skirt,27567,1398.0,01JRZTY3R5MMM6CR38YJXC2PZV,01JRZTN1GTGVRYNEB5WBNCEE22,11,clothes,0.0,0,,skirt,skirt,,True,11
bikini,33499,5932.0,01JRZTY3R5MMM6CR38YJXC2PZV,01JRZTN1GTGVRYNEB5WBNCEE22,12,clothes,0.0,0,,bikiji,bikini,,True,12
lingerie,38264,1556.0,01JRZTY3R5MMM6CR38YJXC2PZV,01JRZTN1GTGVRYNEB5WBNCEE22,14,clothes,1.0,0,,ligerie,lingerie,,True,13
slipper,44072,5808.0,01JRZTY3R5MMM6CR38YJXC2PZV,01JRZTN1GTGVRYNEB5WBNCEE22,15,clothes,0.0,0,,slippers,slipper,,True,14
sandals,46131,2059.0,01JRZTY3R5MMM6CR38YJXC2PZV,01JRZTN1GTGVRYNEB5WBNCEE22,16,clothes,0.0,0,,sandles,sandal,,True,15
hat,52744,6613.0,01JRZTY3R5MMM6CR38YJXC2PZV,01JRZTN1GTGVRYNEB5WBNCEE22,17,clothes,0.0,0,,hat,hat,,True,16
glasses,56416,3672.0,01JRZTY3R5MMM6CR38YJXC2PZV,01JRZTN1GTGVRYNEB5WBNCEE22,18,clothes,0.0,0,,glasses,glass,,True,17
scarf,59924,3508.0,01JRZTY3R5MMM6CR38YJXC2PZV,01JRZTN1GTGVRYNEB5WBNCEE22,19,clothes,0.0,0,,scarf,scarf,,True,18
mitten,61050,1126.0,01JRZTY3R5MMM6CR38YJXC2PZV,01JRZTN1GTGVRYNEB5WBNCEE22,20,clothes,0.0,0,,mittens,mitten,,True,19
neck warmer,97201,36151.0,01JRZTY3R5MMM6CR38YJXC2PZV,01JRZTN1GTGVRYNEB5WBNCEE22,21,clothes,0.0,0,,neck warmer,neckwarmer,,True,20
helmet,98862,1661.0,01JRZTY3R5MMM6CR38YJXC2PZV,01JRZTN1GTGVRYNEB5WBNCEE22,22,clothes,0.0,0,,helmet,helmet,,True,21
mask,104920,6058.0,01JRZTY3R5MMM6CR38YJXC2PZV,01JRZTN1GTGVRYNEB5WBNCEE22,23,clothes,0.0,0,,mask,mask,,True,22
top hat,107576,2656.0,01JRZTY3R5MMM6CR38YJXC2PZV,01JRZTN1GTGVRYNEB5WBNCEE22,24,clothes,0.0,0,,top hat,tophat,,True,23
ball cap,110430,2854.0,01JRZTY3R5MMM6CR38YJXC2PZV,01JRZTN1GTGVRYNEB5WBNCEE22,25,clothes,0.0,0,,ball cap,ballcap,,True,24
cowboy hat,114153,3723.0,01JRZTY3R5MMM6CR38YJXC2PZV,01JRZTN1GTGVRYNEB5WBNCEE22,26,clothes,0.0,0,,cowboy hat,cowboyhat,,True,25
fedora,116143,1990.0,01JRZTY3R5MMM6CR38YJXC2PZV,01JRZTN1GTGVRYNEB5WBNCEE22,27,clothes,0.0,0,,fedora,fedora,,True,26
sunglass,119310,3167.0,01JRZTY3R5MMM6CR38YJXC2PZV,01JRZTN1GTGVRYNEB5WBNCEE22,28,clothes,0.0,0,,sunglasses,sunglas,,True,27
finger warmer,125922,6612.0,01JRZTY3R5MMM6CR38YJXC2PZV,01JRZTN1GTGVRYNEB5WBNCEE22,29,clothes,0.0,0,,finger warmers,fingerwarmer,,True,28
thong,130004,4082.0,01JRZTY3R5MMM6CR38YJXC2PZV,01JRZTN1GTGVRYNEB5WBNCEE22,30,clothes,1.0,0,,thong,thong,,True,29
legging,139997,9993.0,01JRZTY3R5MMM6CR38YJXC2PZV,01JRZTN1GTGVRYNEB5WBNCEE22,31,clothes,0.0,0,,leggings,legging,,True,30
spandex,142966,2969.0,01JRZTY3R5MMM6CR38YJXC2PZV,01JRZTN1GTGVRYNEB5WBNCEE22,32,clothes,0.0,0,,spandex,spandex,,True,31
swim suit,145558,2592.0,01JRZTY3R5MMM6CR38YJXC2PZV,01JRZTN1GTGVRYNEB5WBNCEE22,33,clothes,1.0,0,,swim suit,swimsuit,,True,32
trunk,147073,1515.0,01JRZTY3R5MMM6CR38YJXC2PZV,01JRZTN1GTGVRYNEB5WBNCEE22,34,clothes,0.0,0,,trunks,trunk,,True,33
jeorts,154332,7259.0,01JRZTY3R5MMM6CR38YJXC2PZV,01JRZTN1GTGVRYNEB5WBNCEE22,35,clothes,0.0,0,,jorts,jeort,,True,34
jean,156902,2570.0,01JRZTY3R5MMM6CR38YJXC2PZV,01JRZTN1GTGVRYNEB5WBNCEE22,36,clothes,0.0,0,,jeans,jean,,True,35
cardigan,163742,6840.0,01JRZTY3R5MMM6CR38YJXC2PZV,01JRZTN1GTGVRYNEB5WBNCEE22,37,clothes,0.0,0,,cardigan,cardigan,,True,36
suit,164904,1162.0,01JRZTY3R5MMM6CR38YJXC2PZV,01JRZTN1GTGVRYNEB5WBNCEE22,38,clothes,0.0,0,,suit,suit,,True,37
vest,166496,1592.0,01JRZTY3R5MMM6CR38YJXC2PZV,01JRZTN1GTGVRYNEB5WBNCEE22,39,clothes,0.0,0,,vest,vest,,True,38
jacket,171461,4965.0,01JRZTY3R5MMM6CR38YJXC2PZV,01JRZTN1GTGVRYNEB5WBNCEE22,40,clothes,0.0,0,,jacket,jacket,,True,39
coat,172933,1472.0,01JRZTY3R5MMM6CR38YJXC2PZV,01JRZTN1GTGVRYNEB5WBNCEE22,41,clothes,0.0,0,,coat,coat,,True,40
shawl,175823,2890.0,01JRZTY3R5MMM6CR38YJXC2PZV,01JRZTN1GTGVRYNEB5WBNCEE22,42,clothes,0.0,0,,shawl,shawl,,True,41
milk,6553,6553.0,01JRZTY3R5MMM6CR38YJXC2PZV,01JRZTN1GTGVRYNEB5WBNCEE22,0,supermarket,1.0,0,,milk,milk,,True,0
juice,7806,1253.0,01JRZTY3R5MMM6CR38YJXC2PZV,01JRZTN1GTGVRYNEB5WBNCEE22,1,supermarket,1.0,0,,juice,juice,,True,1
beer,8864,1058.0,01JRZTY3R5MMM6CR38YJXC2PZV,01JRZTN1GTGVRYNEB5WBNCEE22,2,supermarket,1.0,0,,beer,beer,,True,2
liquor,16352,7488.0,01JRZTY3R5MMM6CR38YJXC2PZV,01JRZTN1GTGVRYNEB5WBNCEE22,3,supermarket,1.0,0,,hard alcohol,liquor,,True,3
wine,17036,684.0,01JRZTY3R5MMM6CR38YJXC2PZV,01JRZTN1GTGVRYNEB5WBNCEE22,4,supermarket,1.0,0,,wine,wine,,True,4
bread,18003,967.0,01JRZTY3R5MMM6CR38YJXC2PZV,01JRZTN1GTGVRYNEB5WBNCEE22,5,supermarket,0.0,0,,bread,bread,,True,5
egg,19406,1403.0,01JRZTY3R5MMM6CR38YJXC2PZV,01JRZTN1GTGVRYNEB5WBNCEE22,6,supermarket,0.0,0,,eggs,egg,,True,6
coffee ground,22482,3076.0,01JRZTY3R5MMM6CR38YJXC2PZV,01JRZTN1GTGVRYNEB5WBNCEE22,7,supermarket,0.0,0,,coffee grounds,coffeeground,,True,7
garbage bag,26813,4331.0,01JRZTY3R5MMM6CR38YJXC2PZV,01JRZTN1GTGVRYNEB5WBNCEE22,8,supermarket,0.0,0,,garbage bags,garbagebag,,True,8
cheese,34152,7339.0,01JRZTY3R5MMM6CR38YJXC2PZV,01JRZTN1GTGVRYNEB5WBNCEE22,9,supermarket,0.0,0,,cheese,cheese,,True,9
nugget,36666,2514.0,01JRZTY3R5MMM6CR38YJXC2PZV,01JRZTN1GTGVRYNEB5WBNCEE22,10,supermarket,0.0,0,,nuggets,nugget,,True,10
beef,37939,1273.0,01JRZTY3R5MMM6CR38YJXC2PZV,01JRZTN1GTGVRYNEB5WBNCEE22,11,supermarket,0.0,0,,beef,beef,,True,11
pork,39371,1432.0,01JRZTY3R5MMM6CR38YJXC2PZV,01JRZTN1GTGVRYNEB5WBNCEE22,12,supermarket,0.0,0,,pork,pork,,True,12
chicken,40756,1385.0,01JRZTY3R5MMM6CR38YJXC2PZV,01JRZTN1GTGVRYNEB5WBNCEE22,13,supermarket,0.0,0,,chicken,chicken,,True,13
apple,42446,1690.0,01JRZTY3R5MMM6CR38YJXC2PZV,01JRZTN1GTGVRYNEB5WBNCEE22,14,supermarket,0.0,0,,apples,apple,,True,14
lemon,43825,1379.0,01JRZTY3R5MMM6CR38YJXC2PZV,01JRZTN1GTGVRYNEB5WBNCEE22,15,supermarket,0.0,0,,lemon,lemon,,True,15
lime,45477,1652.0,01JRZTY3R5MMM6CR38YJXC2PZV,01JRZTN1GTGVRYNEB5WBNCEE22,16,supermarket,0.0,0,,lime,lime,,True,16
salad,46419,942.0,01JRZTY3R5MMM6CR38YJXC2PZV,01JRZTN1GTGVRYNEB5WBNCEE22,17,supermarket,0.0,0,,salad,salad,,True,17
coleslaw,48692,2273.0,01JRZTY3R5MMM6CR38YJXC2PZV,01JRZTN1GTGVRYNEB5WBNCEE22,18,supermarket,0.0,0,,coleslaw,coleslaw,,True,18
carrot,49868,1176.0,01JRZTY3R5MMM6CR38YJXC2PZV,01JRZTN1GTGVRYNEB5WBNCEE22,19,supermarket,0.0,0,,carrot,carrot,,True,19
broccoli,53851,3983.0,01JRZTY3R5MMM6CR38YJXC2PZV,01JRZTN1GTGVRYNEB5WBNCEE22,20,supermarket,0.0,0,,broccoli,broccoli,,True,20
orange,58644,4793.0,01JRZTY3R5MMM6CR38YJXC2PZV,01JRZTN1GTGVRYNEB5WBNCEE22,21,supermarket,0.0,0,,orange,orange,,True,21
strawberry,63169,4525.0,01JRZTY3R5MMM6CR38YJXC2PZV,01JRZTN1GTGVRYNEB5WBNCEE22,22,supermarket,0.0,0,,strawberry,strawberry,,True,22
raspberry,65966,2797.0,01JRZTY3R5MMM6CR38YJXC2PZV,01JRZTN1GTGVRYNEB5WBNCEE22,23,supermarket,0.0,0,,raspberry,raspberry,,True,23
chocolate,76740,10774.0,01JRZTY3R5MMM6CR38YJXC2PZV,01JRZTN1GTGVRYNEB5WBNCEE22,24,supermarket,0.0,0,,chocolate,chocolate,,True,24
candy bar,79784,3044.0,01JRZTY3R5MMM6CR38YJXC2PZV,01JRZTN1GTGVRYNEB5WBNCEE22,25,supermarket,0.0,0,,candy bars,candybar,,True,25
sucker,81238,1454.0,01JRZTY3R5MMM6CR38YJXC2PZV,01JRZTN1GTGVRYNEB5WBNCEE22,26,supermarket,0.0,0,,suckers,sucker,,True,26
cola,82878,1640.0,01JRZTY3R5MMM6CR38YJXC2PZV,01JRZTN1GTGVRYNEB5WBNCEE22,27,supermarket,0.0,0,,cola,cola,,True,27
water,88250,5372.0,01JRZTY3R5MMM6CR38YJXC2PZV,01JRZTN1GTGVRYNEB5WBNCEE22,28,supermarket,1.0,0,,water,water,,True,28
cigarette,94477,6227.0,01JRZTY3R5MMM6CR38YJXC2PZV,01JRZTN1GTGVRYNEB5WBNCEE22,29,supermarket,0.0,0,,cigarettes,cigarette,,True,29
bacon,105625,11148.0,01JRZTY3R5MMM6CR38YJXC2PZV,01JRZTN1GTGVRYNEB5WBNCEE22,30,supermarket,0.0,0,,bacon,bacon,,True,30
sausage,107629,2004.0,01JRZTY3R5MMM6CR38YJXC2PZV,01JRZTN1GTGVRYNEB5WBNCEE22,31,supermarket,0.0,0,,sausage,sausage,,True,31
lamb chop,111285,3656.0,01JRZTY3R5MMM6CR38YJXC2PZV,01JRZTN1GTGVRYNEB5WBNCEE22,32,supermarket,0.0,0,,lamb chops,lambchop,,True,32
pasta,112955,1670.0,01JRZTY3R5MMM6CR38YJXC2PZV,01JRZTN1GTGVRYNEB5WBNCEE22,33,supermarket,0.0,0,,pasta,pasta,,True,33
spaghetto,116208,3253.0,01JRZTY3R5MMM6CR38YJXC2PZV,01JRZTN1GTGVRYNEB5WBNCEE22,34,supermarket,0.0,0,,spaghetti,spaghetto,,True,34
lasagna,119210,3002.0,01JRZTY3R5MMM6CR38YJXC2PZV,01JRZTN1GTGVRYNEB5WBNCEE22,35,supermarket,0.0,0,,lasagna,lasagna,,True,35
yogurt,126709,7499.0,01JRZTY3R5MMM6CR38YJXC2PZV,01JRZTN1GTGVRYNEB5WBNCEE22,36,supermarket,1.0,0,,yogurt,yogurt,,True,36
ice cream,128344,1635.0,01JRZTY3R5MMM6CR38YJXC2PZV,01JRZTN1GTGVRYNEB5WBNCEE22,37,supermarket,1.0,0,,ice cream,icecream,,True,37
parsley,135165,6821.0,01JRZTY3R5MMM6CR38YJXC2PZV,01JRZTN1GTGVRYNEB5WBNCEE22,38,supermarket,0.0,0,,parsley,parsley,,True,38
garlic,136506,1341.0,01JRZTY3R5MMM6CR38YJXC2PZV,01JRZTN1GTGVRYNEB5WBNCEE22,39,supermarket,0.0,0,,garlic,garlic,,True,39
onion,138274,1768.0,01JRZTY3R5MMM6CR38YJXC2PZV,01JRZTN1GTGVRYNEB5WBNCEE22,40,supermarket,0.0,0,,onion,onion,,True,40
potato,139466,1192.0,01JRZTY3R5MMM6CR38YJXC2PZV,01JRZTN1GTGVRYNEB5WBNCEE22,41,supermarket,0.0,0,,potato,potato,,True,41
mint,142272,2806.0,01JRZTY3R5MMM6CR38YJXC2PZV,01JRZTN1GTGVRYNEB5WBNCEE22,42,supermarket,0.0,0,,mint,mint,,True,42
pepper,146308,4036.0,01JRZTY3R5MMM6CR38YJXC2PZV,01JRZTN1GTGVRYNEB5WBNCEE22,43,supermarket,0.0,0,,pepper,pepper,,True,43
salt,147446,1138.0,01JRZTY3R5MMM6CR38YJXC2PZV,01JRZTN1GTGVRYNEB5WBNCEE22,44,supermarket,0.0,0,,salt,salt,,True,44
paprika,148798,1352.0,01JRZTY3R5MMM6CR38YJXC2PZV,01JRZTN1GTGVRYNEB5WBNCEE22,45,supermarket,0.0,0,,paprika,paprika,,True,45
hot sauce,150063,1265.0,01JRZTY3R5MMM6CR38YJXC2PZV,01JRZTN1GTGVRYNEB5WBNCEE22,46,supermarket,0.0,0,,hot sauce,hotsauce,,True,46
sweet sauce,151605,1542.0,01JRZTY3R5MMM6CR38YJXC2PZV,01JRZTN1GTGVRYNEB5WBNCEE22,47,supermarket,0.0,0,,sweet sauce,sweetsauce,,True,47
cream,155876,4271.0,01JRZTY3R5MMM6CR38YJXC2PZV,01JRZTN1GTGVRYNEB5WBNCEE22,48,supermarket,1.0,0,,cream,cream,,True,48
soup,157746,1870.0,01JRZTY3R5MMM6CR38YJXC2PZV,01JRZTN1GTGVRYNEB5WBNCEE22,49,supermarket,0.0,0,,soup,soup,,True,49
noodle,159039,1293.0,01JRZTY3R5MMM6CR38YJXC2PZV,01JRZTN1GTGVRYNEB5WBNCEE22,50,supermarket,0.0,0,,noodles,noodle,,True,50
cajun seasoning,167853,8814.0,01JRZTY3R5MMM6CR38YJXC2PZV,01JRZTN1GTGVRYNEB5WBNCEE22,51,supermarket,0.0,0,,cajun seasoning,cajunseasoning,,True,51
butter,173281,5428.0,01JRZTY3R5MMM6CR38YJXC2PZV,01JRZTN1GTGVRYNEB5WBNCEE22,52,supermarket,1.0,0,,butter,butter,,True,52
margarine,174624,1343.0,01JRZTY3R5MMM6CR38YJXC2PZV,01JRZTN1GTGVRYNEB5WBNCEE22,53,supermarket,1.0,0,,margerine,margarine,,True,53
cat,4092,4092.0,01JRZTYPA683EJCD98JEP0H9HZ,01JRZTN1FYFK94HBH0Q75W4H71,0,animals,1.0,0,,cat,cat,"['Pets', 'Feline']",True,0
dog,5533,1441.0,01JRZTYPA683EJCD98JEP0H9HZ,01JRZTN1FYFK94HBH0Q75W4H71,1,animals,1.0,0,,dog,dog,"['Canine', 'Pets']",False,1
horse,10199,4666.0,01JRZTYPA683EJCD98JEP0H9HZ,01JRZTN1FYFK94HBH0Q75W4H71,2,animals,0.0,0,,horse,horse,"['BeastsOfBurden', 'Farm']",True,2
donkey,12537,2338.0,01JRZTYPA683EJCD98JEP0H9HZ,01JRZTN1FYFK94HBH0Q75W4H71,3,animals,0.0,0,,donkey,donkey,"['BeastsOfBurden', 'Farm']",False,3
Giraffe,24083,11546.0,01JRZTYPA683EJCD98JEP0H9HZ,01JRZTN1FYFK94HBH0Q75W4H71,4,animals,0.0,0,,Giraffe,giraffe,['African'],True,4
Tiger,38606,14523.0,01JRZTYPA683EJCD98JEP0H9HZ,01JRZTN1FYFK94HBH0Q75W4H71,5,animals,0.0,0,,Tiger,tiger,"['African', 'Feline']",False,5
Whale,41045,2439.0,01JRZTYPA683EJCD98JEP0H9HZ,01JRZTN1FYFK94HBH0Q75W4H71,6,animals,0.0,0,,Whale,whale,"['Fish', 'Water']",True,6
Elephant,58388,17343.0,01JRZTYPA683EJCD98JEP0H9HZ,01JRZTN1FYFK94HBH0Q75W4H71,7,animals,0.0,0,,Elephant,elephant,['African'],True,7
Panda,62987,4599.0,01JRZTYPA683EJCD98JEP0H9HZ,01JRZTN1FYFK94HBH0Q75W4H71,8,animals,0.0,0,,Panda,panda,['Asian'],True,8
Penguin,66759,3772.0,01JRZTYPA683EJCD98JEP0H9HZ,01JRZTN1FYFK94HBH0Q75W4H71,9,animals,0.0,0,,Penguin,penguin,"['Arctic', 'Bird', 'Water']",True,9
Turtle,69783,3024.0,01JRZTYPA683EJCD98JEP0H9HZ,01JRZTN1FYFK94HBH0Q75W4H71,10,animals,0.0,0,,Turtle,turtle,"['ReptileAmphibian', 'Water']",False,10
Bear,72645,2862.0,01JRZTYPA683EJCD98JEP0H9HZ,01JRZTN1FYFK94HBH0Q75W4H71,11,animals,0.0,0,,Bear,bear,['NorthAmerican'],True,11
Lion,83464,10819.0,01JRZTYPA683EJCD98JEP0H9HZ,01JRZTN1FYFK94HBH0Q75W4H71,12,animals,0.0,0,,Lion,lion,"['African', 'Feline']",True,12
Leopard,92658,9194.0,01JRZTYPA683EJCD98JEP0H9HZ,01JRZTN1FYFK94HBH0Q75W4H71,13,animals,0.0,0,,Leopard,leopard,"['African', 'Feline']",False,13
Bison,96658,4000.0,01JRZTYPA683EJCD98JEP0H9HZ,01JRZTN1FYFK94HBH0Q75W4H71,14,animals,0.0,0,,Bison,bison,"['Bovine', 'NorthAmerican']",True,14
Snake,102171,5513.0,01JRZTYPA683EJCD98JEP0H9HZ,01JRZTN1FYFK94HBH0Q75W4H71,15,animals,0.0,0,,Snake,snake,"['Farm', 'ReptileAmphibian']",True,15
Fox,106556,4385.0,01JRZTYPA683EJCD98JEP0H9HZ,01JRZTN1FYFK94HBH0Q75W4H71,16,animals,0.0,0,,Fox,fox,"['Canine', 'NorthAmerican', 'UsedForFur']",True,16
Bat,109407,2851.0,01JRZTYPA683EJCD98JEP0H9HZ,01JRZTN1FYFK94HBH0Q75W4H71,17,animals,0.0,0,,Bat,bat,['Insectivores'],True,17
Lynx,126667,17260.0,01JRZTYPA683EJCD98JEP0H9HZ,01JRZTN1FYFK94HBH0Q75W4H71,18,animals,0.0,0,,Lynx,lynx,['Feline'],True,18
Capybara,130950,4283.0,01JRZTYPA683EJCD98JEP0H9HZ,01JRZTN1FYFK94HBH0Q75W4H71,19,animals,0.0,0,,Capybara,capybara,['Rodents'],True,19
Zebra,143342,12392.0,01JRZTYPA683EJCD98JEP0H9HZ,01JRZTN1FYFK94HBH0Q75W4H71,20,animals,0.0,0,,Zebra,zebra,['African'],True,20
Squirrel,152041,8699.0,01JRZTYPA683EJCD98JEP0H9HZ,01JRZTN1FYFK94HBH0Q75W4H71,21,animals,0.0,0,,Squirrel,squirrel,"['NorthAmerican', 'Rodents']",True,21
Shark,159371,7330.0,01JRZTYPA683EJCD98JEP0H9HZ,01JRZTN1FYFK94HBH0Q75W4H71,22,animals,0.0,0,,Shark,shark,"['Fish', 'Water']",True,22
Wolf,168498,9127.0,01JRZTYPA683EJCD98JEP0H9HZ,01JRZTN1FYFK94HBH0Q75W4H71,23,animals,0.0,0,,Wolf,wolf,"['Canine', 'NorthAmerican']",True,23
Monkey,173052,4554.0,01JRZTYPA683EJCD98JEP0H9HZ,01JRZTN1FYFK94HBH0Q75W4H71,24,animals,0.0,0,,Monkey,monkey,"['African', 'Primates']",True,24
Dress,4852,4852.0,01JRZTYPA683EJCD98JEP0H9HZ,01JRZTN1FYFK94HBH0Q75W4H71,0,clothes,1.0,0,,Dress,dres,,True,0
Shirt,7268,2416.0,01JRZTYPA683EJCD98JEP0H9HZ,01JRZTN1FYFK94HBH0Q75W4H71,1,clothes,1.0,0,,Shirt,shirt,,True,1
Pant,9142,1874.0,01JRZTYPA683EJCD98JEP0H9HZ,01JRZTN1FYFK94HBH0Q75W4H71,2,clothes,1.0,0,,Pants,pant,,True,2
Jean,10240,1098.0,01JRZTYPA683EJCD98JEP0H9HZ,01JRZTN1FYFK94HBH0Q75W4H71,3,clothes,0.0,0,,Jeans,jean,,True,3
Shoe,12217,1977.0,01JRZTYPA683EJCD98JEP0H9HZ,01JRZTN1FYFK94HBH0Q75W4H71,4,clothes,0.0,0,,Shoes,shoe,,True,4
Hat,14893,2676.0,01JRZTYPA683EJCD98JEP0H9HZ,01JRZTN1FYFK94HBH0Q75W4H71,5,clothes,0.0,0,,Hat,hat,,True,5
Cap,15612,719.0,01JRZTYPA683EJCD98JEP0H9HZ,01JRZTN1FYFK94HBH0Q75W4H71,6,clothes,1.0,0,,Cap,cap,,True,6
Tee Shirt,19541,3929.0,01JRZTYPA683EJCD98JEP0H9HZ,01JRZTN1FYFK94HBH0Q75W4H71,7,clothes,0.0,0,,Tee Shirt,teeshirt,,True,7
Hoodie,21158,1617.0,01JRZTYPA683EJCD98JEP0H9HZ,01JRZTN1FYFK94HBH0Q75W4H71,8,clothes,0.0,0,,Hoodie,hoodie,,True,8
Jacket,23284,2126.0,01JRZTYPA683EJCD98JEP0H9HZ,01JRZTN1FYFK94HBH0Q75W4H71,9,clothes,0.0,0,,Jacket,jacket,,True,9
Coat,26183,2899.0,01JRZTYPA683EJCD98JEP0H9HZ,01JRZTN1FYFK94HBH0Q75W4H71,10,clothes,0.0,0,,Coat,coat,,True,10
Sock,30689,4506.0,01JRZTYPA683EJCD98JEP0H9HZ,01JRZTN1FYFK94HBH0Q75W4H71,11,clothes,0.0,0,,Socks,sock,,True,11
Boxer,33939,3250.0,01JRZTYPA683EJCD98JEP0H9HZ,01JRZTN1FYFK94HBH0Q75W4H71,12,clothes,0.0,0,,Boxers,boxer,,True,12
Polo,43567,9628.0,01JRZTYPA683EJCD98JEP0H9HZ,01JRZTN1FYFK94HBH0Q75W4H71,13,clothes,0.0,0,,Polo,polo,,True,13
Belt,57393,13826.0,01JRZTYPA683EJCD98JEP0H9HZ,01JRZTN1FYFK94HBH0Q75W4H71,14,clothes,0.0,0,,Belt,belt,,True,14
Glass,71575,14182.0,01JRZTYPA683EJCD98JEP0H9HZ,01JRZTN1FYFK94HBH0Q75W4H71,15,clothes,0.0,0,,Glasses,glas,,True,15
Cart,6212,6212.0,01JRZTYPA683EJCD98JEP0H9HZ,01JRZTN1FYFK94HBH0Q75W4H71,0,supermarket,1.0,0,,Cart,cart,,True,0
Cookie,21047,14835.0,01JRZTYPA683EJCD98JEP0H9HZ,01JRZTN1FYFK94HBH0Q75W4H71,1,supermarket,1.0,0,,Cookies,cookie,,True,1
Salad,27665,6618.0,01JRZTYPA683EJCD98JEP0H9HZ,01JRZTN1FYFK94HBH0Q75W4H71,2,supermarket,0.0,0,,Salad,salad,,True,2
Apple,32541,4876.0,01JRZTYPA683EJCD98JEP0H9HZ,01JRZTN1FYFK94HBH0Q75W4H71,3,supermarket,1.0,0,,Apple,apple,,True,3
Banana,35971,3430.0,01JRZTYPA683EJCD98JEP0H9HZ,01JRZTN1FYFK94HBH0Q75W4H71,4,supermarket,0.0,0,,Banana,banana,,True,4
Orange,39384,3413.0,01JRZTYPA683EJCD98JEP0H9HZ,01JRZTN1FYFK94HBH0Q75W4H71,5,supermarket,0.0,0,,Orange,orange,,True,5
Tomato,42780,3396.0,01JRZTYPA683EJCD98JEP0H9HZ,01JRZTN1FYFK94HBH0Q75W4H71,6,supermarket,0.0,0,,Tomato,tomato,,True,6
Carrot,45544,2764.0,01JRZTYPA683EJCD98JEP0H9HZ,01JRZTN1FYFK94HBH0Q75W4H71,7,supermarket,0.0,0,,Carrot,carrot,,True,7
Blueberry,49963,4419.0,01JRZTYPA683EJCD98JEP0H9HZ,01JRZTN1FYFK94HBH0Q75W4H71,8,supermarket,0.0,0,,Blueberries,blueberry,,True,8
Strawberry,52480,2517.0,01JRZTYPA683EJCD98JEP0H9HZ,01JRZTN1FYFK94HBH0Q75W4H71,9,supermarket,0.0,0,,Strawberries,strawberry,,True,9
Onion,63003,10523.0,01JRZTYPA683EJCD98JEP0H9HZ,01JRZTN1FYFK94HBH0Q75W4H71,10,supermarket,0.0,0,,Onion,onion,,True,10
Potato,64736,1733.0,01JRZTYPA683EJCD98JEP0H9HZ,01JRZTN1FYFK94HBH0Q75W4H71,11,supermarket,0.0,0,,Potatoes,potato,,True,11
Milk,66147,1411.0,01JRZTYPA683EJCD98JEP0H9HZ,01JRZTN1FYFK94HBH0Q75W4H71,12,supermarket,0.0,0,,Milk,milk,,True,12
Eggs,67956,1809.0,01JRZTYPA683EJCD98JEP0H9HZ,01JRZTN1FYFK94HBH0Q75W4H71,13,supermarket,0.0,0,,Eggs,egg,,True,13
Butter,69621,1665.0,01JRZTYPA683EJCD98JEP0H9HZ,01JRZTN1FYFK94HBH0Q75W4H71,14,supermarket,0.0,0,,Butter,butter,,True,14
Pasta,71677,2056.0,01JRZTYPA683EJCD98JEP0H9HZ,01JRZTN1FYFK94HBH0Q75W4H71,15,supermarket,1.0,0,,Pasta,pasta,,True,15
Pizza,72723,1046.0,01JRZTYPA683EJCD98JEP0H9HZ,01JRZTN1FYFK94HBH0Q75W4H71,16,supermarket,0.0,0,,Pizza,pizza,,True,16
Cheese,76198,3475.0,01JRZTYPA683EJCD98JEP0H9HZ,01JRZTN1FYFK94HBH0Q75W4H71,17,supermarket,0.0,0,,Cheese,cheese,,True,17
Wine,78702,2504.0,01JRZTYPA683EJCD98JEP0H9HZ,01JRZTN1FYFK94HBH0Q75W4H71,18,supermarket,0.0,0,,Wine,wine,,True,18
Yogurt,83978,5276.0,01JRZTYPA683EJCD98JEP0H9HZ,01JRZTN1FYFK94HBH0Q75W4H71,19,supermarket,0.0,0,,Yogurt,yogurt,,True,19
Protein Powder,89280,5302.0,01JRZTYPA683EJCD98JEP0H9HZ,01JRZTN1FYFK94HBH0Q75W4H71,20,supermarket,0.0,0,,Protein Powder,proteinpowder,,True,20
Salt,90753,1473.0,01JRZTYPA683EJCD98JEP0H9HZ,01JRZTN1FYFK94HBH0Q75W4H71,21,supermarket,0.0,0,,Salt,salt,,True,21
Pepper,91959,1206.0,01JRZTYPA683EJCD98JEP0H9HZ,01JRZTN1FYFK94HBH0Q75W4H71,22,supermarket,0.0,0,,Pepper,pepper,,True,22
Bacon,96237,4278.0,01JRZTYPA683EJCD98JEP0H9HZ,01JRZTN1FYFK94HBH0Q75W4H71,23,supermarket,0.0,0,,Bacon,bacon,,True,23
Fish,99312,3075.0,01JRZTYPA683EJCD98JEP0H9HZ,01JRZTN1FYFK94HBH0Q75W4H71,24,supermarket,0.0,0,,Fish,fish,,True,24
Beef,102098,2786.0,01JRZTYPA683EJCD98JEP0H9HZ,01JRZTN1FYFK94HBH0Q75W4H71,25,supermarket,0.0,0,,Beef,beef,,True,25
Ice cream,108116,6018.0,01JRZTYPA683EJCD98JEP0H9HZ,01JRZTN1FYFK94HBH0Q75W4H71,26,supermarket,0.0,0,,Ice cream,icecream,,True,26
Flour,110061,1945.0,01JRZTYPA683EJCD98JEP0H9HZ,01JRZTN1FYFK94HBH0Q75W4H71,27,supermarket,0.0,0,,Flour,flour,,True,27
Sugar,111513,1452.0,01JRZTYPA683EJCD98JEP0H9HZ,01JRZTN1FYFK94HBH0Q75W4H71,28,supermarket,0.0,0,,Sugar,sugar,,True,28
Olive oil,115167,3654.0,01JRZTYPA683EJCD98JEP0H9HZ,01JRZTN1FYFK94HBH0Q75W4H71,29,supermarket,1.0,0,,Olive oil,oliveoil,,True,29
Popcorn,122876,7709.0,01JRZTYPA683EJCD98JEP0H9HZ,01JRZTN1FYFK94HBH0Q75W4H71,30,supermarket,0.0,0,,Popcorn,popcorn,,True,30
Candy,124043,1167.0,01JRZTYPA683EJCD98JEP0H9HZ,01JRZTN1FYFK94HBH0Q75W4H71,31,supermarket,0.0,0,,Candy,candy,,True,31
Bagel,128519,4476.0,01JRZTYPA683EJCD98JEP0H9HZ,01JRZTN1FYFK94HBH0Q75W4H71,32,supermarket,0.0,0,,Bagels,bagel,,True,32
Muffin,129905,1386.0,01JRZTYPA683EJCD98JEP0H9HZ,01JRZTN1FYFK94HBH0Q75W4H71,33,supermarket,0.0,0,,Muffins,muffin,,True,33
Cake,132499,2594.0,01JRZTYPA683EJCD98JEP0H9HZ,01JRZTN1FYFK94HBH0Q75W4H71,34,supermarket,0.0,0,,Cakes,cake,,True,34
Jam,134623,2124.0,01JRZTYPA683EJCD98JEP0H9HZ,01JRZTN1FYFK94HBH0Q75W4H71,35,supermarket,0.0,0,,Jam,jam,,True,35
Peanut Butter,138249,3626.0,01JRZTYPA683EJCD98JEP0H9HZ,01JRZTN1FYFK94HBH0Q75W4H71,36,supermarket,0.0,0,,Peanut Butter,peanutbutter,,True,36
Coffee,142664,4415.0,01JRZTYPA683EJCD98JEP0H9HZ,01JRZTN1FYFK94HBH0Q75W4H71,37,supermarket,0.0,0,,Coffee,coffee,,True,37
Beer,144180,1516.0,01JRZTYPA683EJCD98JEP0H9HZ,01JRZTN1FYFK94HBH0Q75W4H71,38,supermarket,0.0,0,,Beer,beer,,True,38
Almond Milk,148230,4050.0,01JRZTYPA683EJCD98JEP0H9HZ,01JRZTN1FYFK94HBH0Q75W4H71,39,supermarket,0.0,0,,Almond Milk,almondmilk,,True,39
Coke,149757,1527.0,01JRZTYPA683EJCD98JEP0H9HZ,01JRZTN1FYFK94HBH0Q75W4H71,40,supermarket,0.0,0,,Coke,coke,,True,40
Pepsi,152221,2464.0,01JRZTYPA683EJCD98JEP0H9HZ,01JRZTN1FYFK94HBH0Q75W4H71,41,supermarket,0.0,0,,Pepsi,pepsi,,True,41
Paper Towel,162323,10102.0,01JRZTYPA683EJCD98JEP0H9HZ,01JRZTN1FYFK94HBH0Q75W4H71,42,supermarket,0.0,0,,Paper Towels,papertowel,,True,42
Detergent,167282,4959.0,01JRZTYPA683EJCD98JEP0H9HZ,01JRZTN1FYFK94HBH0Q75W4H71,43,supermarket,0.0,0,,Detergent,detergent,,True,43
Tupperware,174362,7080.0,01JRZTYPA683EJCD98JEP0H9HZ,01JRZTN1FYFK94HBH0Q75W4H71,44,supermarket,0.0,0,,Tupperwares,tupperware,,True,44
Candle,175647,1285.0,01JRZTYPA683EJCD98JEP0H9HZ,01JRZTN1FYFK94HBH0Q75W4H71,45,supermarket,0.0,0,,Candles,candle,,True,45
shirt,3228,3228.0,01JRZTZ6WE38X65HPAXWT0X5AV,01JRZTN1G0KE87KKT4VRZG8AJM,0,clothes,1.0,0,,shirt,shirt,,True,0
shoe,4921,1693.0,01JRZTZ6WE38X65HPAXWT0X5AV,01JRZTN1G0KE87KKT4VRZG8AJM,1,clothes,0.0,0,,shoes,shoe,,True,1
pant,6496,1575.0,01JRZTZ6WE38X65HPAXWT0X5AV,01JRZTN1G0KE87KKT4VRZG8AJM,2,clothes,0.0,0,,pants,pant,,True,2
jacket,8170,1674.0,01JRZTZ6WE38X65HPAXWT0X5AV,01JRZTN1G0KE87KKT4VRZG8AJM,3,clothes,0.0,0,,jacket,jacket,,True,3
tank top,10273,2103.0,01JRZTZ6WE38X65HPAXWT0X5AV,01JRZTN1G0KE87KKT4VRZG8AJM,4,clothes,0.0,0,,tank top,tanktop,,True,4
sweater,12655,2382.0,01JRZTZ6WE38X65HPAXWT0X5AV,01JRZTN1G0KE87KKT4VRZG8AJM,5,clothes,1.0,0,,sweater,sweater,,True,5
underwear,16231,3576.0,01JRZTZ6WE38X65HPAXWT0X5AV,01JRZTN1G0KE87KKT4VRZG8AJM,6,clothes,1.0,0,,underwear,underwear,,True,6
boxer,19979,3748.0,01JRZTZ6WE38X65HPAXWT0X5AV,01JRZTN1G0KE87KKT4VRZG8AJM,7,clothes,0.0,0,,boxers,boxer,,True,7
dress,22694,2715.0,01JRZTZ6WE38X65HPAXWT0X5AV,01JRZTN1G0KE87KKT4VRZG8AJM,8,clothes,0.0,0,,dress,dres,,True,8
button-down,26744,4050.0,01JRZTZ6WE38X65HPAXWT0X5AV,01JRZTN1G0KE87KKT4VRZG8AJM,9,clothes,0.0,0,,button down,buttondown,,True,9
jean,29505,2761.0,01JRZTZ6WE38X65HPAXWT0X5AV,01JRZTN1G0KE87KKT4VRZG8AJM,10,clothes,0.0,0,,jeans,jean,,True,10
hat,35303,5798.0,01JRZTZ6WE38X65HPAXWT0X5AV,01JRZTN1G0KE87KKT4VRZG8AJM,11,clothes,0.0,0,,hat,hat,,True,11
cap,36611,1308.0,01JRZTZ6WE38X65HPAXWT0X5AV,01JRZTN1G0KE87KKT4VRZG8AJM,12,clothes,0.0,0,,cap,cap,,True,12
mitten,39908,3297.0,01JRZTZ6WE38X65HPAXWT0X5AV,01JRZTN1G0KE87KKT4VRZG8AJM,13,clothes,0.0,0,,mittens,mitten,,True,13
glove,41564,1656.0,01JRZTZ6WE38X65HPAXWT0X5AV,01JRZTN1G0KE87KKT4VRZG8AJM,14,clothes,0.0,0,,gloves,glove,,True,14
scarf,43624,2060.0,01JRZTZ6WE38X65HPAXWT0X5AV,01JRZTN1G0KE87KKT4VRZG8AJM,15,clothes,0.0,0,,scarf,scarf,,True,15
jewel,46170,2546.0,01JRZTZ6WE38X65HPAXWT0X5AV,01JRZTN1G0KE87KKT4VRZG8AJM,16,clothes,0.0,0,,jewelry,jewel,,True,16
ring,47810,1640.0,01JRZTZ6WE38X65HPAXWT0X5AV,01JRZTN1G0KE87KKT4VRZG8AJM,17,clothes,0.0,0,,ring,ring,,True,17
watch,49658,1848.0,01JRZTZ6WE38X65HPAXWT0X5AV,01JRZTN1G0KE87KKT4VRZG8AJM,18,clothes,0.0,0,,watch,watch,,True,18
hoodie,66206,16548.0,01JRZTZ6WE38X65HPAXWT0X5AV,01JRZTN1G0KE87KKT4VRZG8AJM,19,clothes,0.0,0,,hoodie,hoodie,,True,19
bow,69276,3070.0,01JRZTZ6WE38X65HPAXWT0X5AV,01JRZTN1G0KE87KKT4VRZG8AJM,20,clothes,0.0,0,,bow,bow,,True,20
tie,70436,1160.0,01JRZTZ6WE38X65HPAXWT0X5AV,01JRZTN1G0KE87KKT4VRZG8AJM,21,clothes,0.0,0,,tie,tie,,True,21
slipper,76633,6197.0,01JRZTZ6WE38X65HPAXWT0X5AV,01JRZTN1G0KE87KKT4VRZG8AJM,22,clothes,0.0,0,,slippers,slipper,,True,22
muumuu,78964,2331.0,01JRZTZ6WE38X65HPAXWT0X5AV,01JRZTN1G0KE87KKT4VRZG8AJM,23,clothes,0.0,0,,mumu,muumuu,,True,23
collar,83272,4308.0,01JRZTZ6WE38X65HPAXWT0X5AV,01JRZTN1G0KE87KKT4VRZG8AJM,24,clothes,0.0,0,,collar,collar,,True,24
cufflink,87024,3752.0,01JRZTZ6WE38X65HPAXWT0X5AV,01JRZTN1G0KE87KKT4VRZG8AJM,25,clothes,0.0,0,,cuff links,cufflink,,True,25
onesie,119164,32140.0,01JRZTZ6WE38X65HPAXWT0X5AV,01JRZTN1G0KE87KKT4VRZG8AJM,26,clothes,0.0,0,,onesie,onesie,,True,26
cheese,5405,5405.0,01JRZTZ6WE38X65HPAXWT0X5AV,01JRZTN1G0KE87KKT4VRZG8AJM,0,supermarket,1.0,0,,cheese,cheese,,True,0
milk,8373,2968.0,01JRZTZ6WE38X65HPAXWT0X5AV,01JRZTN1G0KE87KKT4VRZG8AJM,1,supermarket,1.0,0,,milk,milk,,True,1
egg,10499,2126.0,01JRZTZ6WE38X65HPAXWT0X5AV,01JRZTN1G0KE87KKT4VRZG8AJM,2,supermarket,0.0,0,,eggs,egg,,True,2
cereal,13521,3022.0,01JRZTZ6WE38X65HPAXWT0X5AV,01JRZTN1G0KE87KKT4VRZG8AJM,3,supermarket,0.0,0,,cereal,cereal,,True,3
bread,15243,1722.0,01JRZTZ6WE38X65HPAXWT0X5AV,01JRZTN1G0KE87KKT4VRZG8AJM,4,supermarket,0.0,0,,bread,bread,,True,4
meat,60124,44881.0,01JRZTZ6WE38X65HPAXWT0X5AV,01JRZTN1G0KE87KKT4VRZG8AJM,5,supermarket,0.0,0,,meat,meat,,True,5
syrup,71695,11571.0,01JRZTZ6WE38X65HPAXWT0X5AV,01JRZTN1G0KE87KKT4VRZG8AJM,6,supermarket,0.0,0,,syrup,syrup,,True,6
tomato,76413,4718.0,01JRZTZ6WE38X65HPAXWT0X5AV,01JRZTN1G0KE87KKT4VRZG8AJM,7,supermarket,0.0,0,,tomatoes,tomato,,True,7
jam,79165,2752.0,01JRZTZ6WE38X65HPAXWT0X5AV,01JRZTN1G0KE87KKT4VRZG8AJM,8,supermarket,0.0,0,,jam,jam,,True,8
peanut butter,83373,4208.0,01JRZTZ6WE38X65HPAXWT0X5AV,01JRZTN1G0KE87KKT4VRZG8AJM,9,supermarket,1.0,0,,peanut butter,peanutbutter,,True,9
juice,96836,13463.0,01JRZTZ6WE38X65HPAXWT0X5AV,01JRZTN1G0KE87KKT4VRZG8AJM,10,supermarket,0.0,0,,juice,juice,,True,10
grape,101054,4218.0,01JRZTZ6WE38X65HPAXWT0X5AV,01JRZTN1G0KE87KKT4VRZG8AJM,11,supermarket,0.0,0,,grapes,grape,,True,11
apple,103766,2712.0,01JRZTZ6WE38X65HPAXWT0X5AV,01JRZTN1G0KE87KKT4VRZG8AJM,12,supermarket,1.0,0,,apples,apple,,True,12
pear,105477,1711.0,01JRZTZ6WE38X65HPAXWT0X5AV,01JRZTN1G0KE87KKT4VRZG8AJM,13,supermarket,0.0,0,,pears,pear,,True,13
lettuce,119962,14485.0,01JRZTZ6WE38X65HPAXWT0X5AV,01JRZTN1G0KE87KKT4VRZG8AJM,14,supermarket,0.0,0,,lettuce,lettuce,,True,14
cabbage,122586,2624.0,01JRZTZ6WE38X65HPAXWT0X5AV,01JRZTN1G0KE87KKT4VRZG8AJM,15,supermarket,0.0,0,,cabbage,cabbage,,True,15
yogurt,129524,6938.0,01JRZTZ6WE38X65HPAXWT0X5AV,01JRZTN1G0KE87KKT4VRZG8AJM,16,supermarket,0.0,0,,yogurt,yogurt,,True,16
ketchup,133686,4162.0,01JRZTZ6WE38X65HPAXWT0X5AV,01JRZTN1G0KE87KKT4VRZG8AJM,17,supermarket,0.0,0,,ketchup,ketchup,,True,17
mustard,136303,2617.0,01JRZTZ6WE38X65HPAXWT0X5AV,01JRZTN1G0KE87KKT4VRZG8AJM,18,supermarket,0.0,0,,mustard,mustard,,True,18
mayo,148327,12024.0,01JRZTZ6WE38X65HPAXWT0X5AV,01JRZTN1G0KE87KKT4VRZG8AJM,19,supermarket,0.0,0,,mayo,mayo,,True,19
pickle,166166,17839.0,01JRZTZ6WE38X65HPAXWT0X5AV,01JRZTN1G0KE87KKT4VRZG8AJM,20,supermarket,0.0,0,,pickles,pickle,,True,20
tuna,178632,12466.0,01JRZTZ6WE38X65HPAXWT0X5AV,01JRZTN1G0KE87KKT4VRZG8AJM,21,supermarket,0.0,0,,tuna,tuna,,True,21
cat,5391,5391.0,01JRZTZ95WQK3WYTWKZG0DHHSD,01JRZTN1GHPV8833TZK1TB617F,0,animals,1.0,0,,cat,cat,"['Pets', 'Feline']",True,0
dog,7771,2380.0,01JRZTZ95WQK3WYTWKZG0DHHSD,01JRZTN1GHPV8833TZK1TB617F,1,animals,0.0,0,,dog,dog,"['Canine', 'Pets']",False,1
aardvark,12165,4394.0,01JRZTZ95WQK3WYTWKZG0DHHSD,01JRZTN1GHPV8833TZK1TB617F,2,animals,1.0,0,,aardvark,aardvark,"['African', 'Insectivores']",True,2
monkey,18006,5841.0,01JRZTZ95WQK3WYTWKZG0DHHSD,01JRZTN1GHPV8833TZK1TB617F,3,animals,0.0,0,,monkey,monkey,"['African', 'Primates']",False,3
camel,20907,2901.0,01JRZTZ95WQK3WYTWKZG0DHHSD,01JRZTN1GHPV8833TZK1TB617F,4,animals,1.0,0,,camel,camel,"['African', 'BeastsOfBurden']",False,4
horse,23714,2807.0,01JRZTZ95WQK3WYTWKZG0DHHSD,01JRZTN1GHPV8833TZK1TB617F,5,animals,0.0,0,,horse,horse,"['BeastsOfBurden', 'Farm']",False,5
cow,28252,4538.0,01JRZTZ95WQK3WYTWKZG0DHHSD,01JRZTN1GHPV8833TZK1TB617F,6,animals,0.0,0,,cow,cow,"['Bovine', 'Farm']",False,6
sheep,30240,1988.0,01JRZTZ95WQK3WYTWKZG0DHHSD,01JRZTN1GHPV8833TZK1TB617F,7,animals,0.0,0,,sheep,sheep,['Farm'],False,7
lamb,31905,1665.0,01JRZTZ95WQK3WYTWKZG0DHHSD,01JRZTN1GHPV8833TZK1TB617F,8,animals,0.0,0,,lamb,lamb,['Farm'],False,8
goat,35305,3400.0,01JRZTZ95WQK3WYTWKZG0DHHSD,01JRZTN1GHPV8833TZK1TB617F,9,animals,0.0,0,,goat,goat,['Farm'],False,9
bison,40760,5455.0,01JRZTZ95WQK3WYTWKZG0DHHSD,01JRZTN1GHPV8833TZK1TB617F,10,animals,0.0,0,,buffalo,bison,"['Bovine', 'NorthAmerican']",True,10
lion,44514,3754.0,01JRZTZ95WQK3WYTWKZG0DHHSD,01JRZTN1GHPV8833TZK1TB617F,11,animals,0.0,0,,lion,lion,"['African', 'Feline']",True,11
cheetah,46920,2406.0,01JRZTZ95WQK3WYTWKZG0DHHSD,01JRZTN1GHPV8833TZK1TB617F,12,animals,0.0,0,,cheetah,cheetah,"['African', 'Feline']",False,12
jaguar,49497,2577.0,01JRZTZ95WQK3WYTWKZG0DHHSD,01JRZTN1GHPV8833TZK1TB617F,13,animals,0.0,0,,jaguar,jaguar,['Feline'],False,13
leopard,53312,3815.0,01JRZTZ95WQK3WYTWKZG0DHHSD,01JRZTN1GHPV8833TZK1TB617F,14,animals,0.0,0,,leopard,leopard,"['African', 'Feline']",False,14
snake,61567,4119.0,01JRZTZ95WQK3WYTWKZG0DHHSD,01JRZTN1GHPV8833TZK1TB617F,16,animals,1.0,0,,snake,snake,"['Farm', 'ReptileAmphibian']",True,15
lizard,65416,3849.0,01JRZTZ95WQK3WYTWKZG0DHHSD,01JRZTN1GHPV8833TZK1TB617F,17,animals,0.0,0,,lizard,lizard,['ReptileAmphibian'],False,16
gecko,68296,2880.0,01JRZTZ95WQK3WYTWKZG0DHHSD,01JRZTN1GHPV8833TZK1TB617F,18,animals,0.0,0,,gheko,gecko,['ReptileAmphibian'],False,17
anteater,73580,5284.0,01JRZTZ95WQK3WYTWKZG0DHHSD,01JRZTN1GHPV8833TZK1TB617F,19,animals,0.0,0,,anteater,anteater,['Insectivores'],True,18
crocodile,82616,9036.0,01JRZTZ95WQK3WYTWKZG0DHHSD,01JRZTN1GHPV8833TZK1TB617F,20,animals,1.0,0,,crocodile,crocodile,['ReptileAmphibian'],True,19
alligator,87204,4588.0,01JRZTZ95WQK3WYTWKZG0DHHSD,01JRZTN1GHPV8833TZK1TB617F,21,animals,0.0,0,,alligator,alligator,"['ReptileAmphibian', 'Water']",False,20
fish,92153,4949.0,01JRZTZ95WQK3WYTWKZG0DHHSD,01JRZTN1GHPV8833TZK1TB617F,22,animals,1.0,0,,fish,fish,"['Fish', 'Water']",False,21
whale,93761,1608.0,01JRZTZ95WQK3WYTWKZG0DHHSD,01JRZTN1GHPV8833TZK1TB617F,23,animals,0.0,0,,whale,whale,"['Fish', 'Water']",False,22
dolphin,97301,3540.0,01JRZTZ95WQK3WYTWKZG0DHHSD,01JRZTN1GHPV8833TZK1TB617F,24,animals,0.0,0,,dolphin,dolphin,"['Insects', 'Water']",False,23
shark,100001,2700.0,01JRZTZ95WQK3WYTWKZG0DHHSD,01JRZTN1GHPV8833TZK1TB617F,25,animals,0.0,0,,shark,shark,"['Fish', 'Water']",False,24
octopus,103108,3107.0,01JRZTZ95WQK3WYTWKZG0DHHSD,01JRZTN1GHPV8833TZK1TB617F,26,animals,0.0,0,,octopus,octopus,['Water'],False,25
cuttlefish,107351,4243.0,01JRZTZ95WQK3WYTWKZG0DHHSD,01JRZTN1GHPV8833TZK1TB617F,27,animals,0.0,0,,cuttlefish,cuttlefish,['Fish'],True,26
starfish,116268,8917.0,01JRZTZ95WQK3WYTWKZG0DHHSD,01JRZTN1GHPV8833TZK1TB617F,28,animals,0.0,0,,starfish,starfish,['Water'],True,27
crab,119821,3553.0,01JRZTZ95WQK3WYTWKZG0DHHSD,01JRZTN1GHPV8833TZK1TB617F,29,animals,0.0,0,,crab,crab,['Water'],False,28
lobster,123363,3542.0,01JRZTZ95WQK3WYTWKZG0DHHSD,01JRZTN1GHPV8833TZK1TB617F,30,animals,0.0,0,,lobster,lobster,['Water'],False,29
prawn,126373,3010.0,01JRZTZ95WQK3WYTWKZG0DHHSD,01JRZTN1GHPV8833TZK1TB617F,31,animals,0.0,0,,prawn,prawn,"['Australian', 'Fish', 'Water']",False,30
orca,131149,4776.0,01JRZTZ95WQK3WYTWKZG0DHHSD,01JRZTN1GHPV8833TZK1TB617F,32,animals,0.0,0,,orca,orca,['Water'],False,31
killer whale,135208,4059.0,01JRZTZ95WQK3WYTWKZG0DHHSD,01JRZTN1GHPV8833TZK1TB617F,33,animals,0.0,0,,killer whale,killerwhale,['Water'],False,32
crow,138801,3593.0,01JRZTZ95WQK3WYTWKZG0DHHSD,01JRZTN1GHPV8833TZK1TB617F,34,animals,1.0,0,,crow,crow,['Bird'],True,33
robin,144959,6158.0,01JRZTZ95WQK3WYTWKZG0DHHSD,01JRZTN1GHPV8833TZK1TB617F,35,animals,0.0,0,,robin,robin,['Bird'],False,34
blackbird,149581,4622.0,01JRZTZ95WQK3WYTWKZG0DHHSD,01JRZTN1GHPV8833TZK1TB617F,36,animals,0.0,0,,blackbird,blackbird,['Bird'],False,35
pigeon,155274,5693.0,01JRZTZ95WQK3WYTWKZG0DHHSD,01JRZTN1GHPV8833TZK1TB617F,37,animals,0.0,0,,pigeon,pigeon,['Bird'],False,36
ostrich,159025,3751.0,01JRZTZ95WQK3WYTWKZG0DHHSD,01JRZTN1GHPV8833TZK1TB617F,38,animals,0.0,0,,ostrich,ostrich,"['African', 'Bird']",False,37
emu,161994,2969.0,01JRZTZ95WQK3WYTWKZG0DHHSD,01JRZTN1GHPV8833TZK1TB617F,39,animals,0.0,0,,emu,emu,"['Australian', 'Bird']",False,38
alpaca,165619,3625.0,01JRZTZ95WQK3WYTWKZG0DHHSD,01JRZTN1GHPV8833TZK1TB617F,40,animals,0.0,0,,alpacca,alpaca,['UsedForFur'],True,39
donkey,169137,3518.0,01JRZTZ95WQK3WYTWKZG0DHHSD,01JRZTN1GHPV8833TZK1TB617F,41,animals,1.0,0,,donkey,donkey,"['BeastsOfBurden', 'Farm']",True,40
mule,172688,3551.0,01JRZTZ95WQK3WYTWKZG0DHHSD,01JRZTN1GHPV8833TZK1TB617F,42,animals,0.0,0,,mule,mule,"['BeastsOfBurden', 'Farm']",False,41
duck,175265,2577.0,01JRZTZ95WQK3WYTWKZG0DHHSD,01JRZTN1GHPV8833TZK1TB617F,43,animals,0.0,0,,duck,duck,['Bird'],True,42
swan,177882,2617.0,01JRZTZ95WQK3WYTWKZG0DHHSD,01JRZTN1GHPV8833TZK1TB617F,44,animals,0.0,0,,swan,swan,['Bird'],False,43
shirt,5600,5600.0,01JRZTZ95WQK3WYTWKZG0DHHSD,01JRZTN1GHPV8833TZK1TB617F,0,clothes,1.0,0,,shirt,shirt,,True,0
tie,10653,5053.0,01JRZTZ95WQK3WYTWKZG0DHHSD,01JRZTN1GHPV8833TZK1TB617F,1,clothes,0.0,0,,tie,tie,,True,1
trouser,13903,3250.0,01JRZTZ95WQK3WYTWKZG0DHHSD,01JRZTN1GHPV8833TZK1TB617F,2,clothes,0.0,0,,trousers,trouser,,True,2
belt,16832,2929.0,01JRZTZ95WQK3WYTWKZG0DHHSD,01JRZTN1GHPV8833TZK1TB617F,3,clothes,0.0,0,,belt,belt,,True,3
short,19427,2595.0,01JRZTZ95WQK3WYTWKZG0DHHSD,01JRZTN1GHPV8833TZK1TB617F,4,clothes,0.0,0,,shorts,short,,True,4
knicker,22588,3161.0,01JRZTZ95WQK3WYTWKZG0DHHSD,01JRZTN1GHPV8833TZK1TB617F,5,clothes,0.0,0,,knickers,knicker,,True,5
sock,24545,1957.0,01JRZTZ95WQK3WYTWKZG0DHHSD,01JRZTN1GHPV8833TZK1TB617F,6,clothes,0.0,0,,socks,sock,,True,6
jacket,27846,3301.0,01JRZTZ95WQK3WYTWKZG0DHHSD,01JRZTN1GHPV8833TZK1TB617F,7,clothes,1.0,0,,jacket,jacket,,True,7
jean,32765,4919.0,01JRZTZ95WQK3WYTWKZG0DHHSD,01JRZTN1GHPV8833TZK1TB617F,8,clothes,0.0,0,,jeans,jean,,True,8
pant,35439,2674.0,01JRZTZ95WQK3WYTWKZG0DHHSD,01JRZTN1GHPV8833TZK1TB617F,9,clothes,0.0,0,,pants,pant,,True,9
glove,38854,3415.0,01JRZTZ95WQK3WYTWKZG0DHHSD,01JRZTN1GHPV8833TZK1TB617F,10,clothes,0.0,0,,gloves,glove,,True,10
hat,40533,1679.0,01JRZTZ95WQK3WYTWKZG0DHHSD,01JRZTN1GHPV8833TZK1TB617F,11,clothes,0.0,0,,hat,hat,,True,11
scarf,43159,2626.0,01JRZTZ95WQK3WYTWKZG0DHHSD,01JRZTN1GHPV8833TZK1TB617F,12,clothes,0.0,0,,scarf,scarf,,True,12
cap,59367,16208.0,01JRZTZ95WQK3WYTWKZG0DHHSD,01JRZTN1GHPV8833TZK1TB617F,13,clothes,0.0,0,,cap,cap,,True,13
coat,73452,14085.0,01JRZTZ95WQK3WYTWKZG0DHHSD,01JRZTN1GHPV8833TZK1TB617F,14,clothes,1.0,0,,coat,coat,,True,14
wellington boot,83454,10002.0,01JRZTZ95WQK3WYTWKZG0DHHSD,01JRZTN1GHPV8833TZK1TB617F,15,clothes,0.0,0,,wellington boots,wellingtonboot,,True,15
slipper,86820,3366.0,01JRZTZ95WQK3WYTWKZG0DHHSD,01JRZTN1GHPV8833TZK1TB617F,16,clothes,0.0,0,,slippers,slipper,,True,16
flip flop,91029,4209.0,01JRZTZ95WQK3WYTWKZG0DHHSD,01JRZTN1GHPV8833TZK1TB617F,17,clothes,0.0,0,,flip flops,flipflop,,True,17
sandal,99575,8546.0,01JRZTZ95WQK3WYTWKZG0DHHSD,01JRZTN1GHPV8833TZK1TB617F,18,clothes,0.0,0,,sandals,sandal,,True,18
sweatshirt,104939,5364.0,01JRZTZ95WQK3WYTWKZG0DHHSD,01JRZTN1GHPV8833TZK1TB617F,19,clothes,1.0,0,,sweartshirt,sweatshirt,,True,19
tee shirt,108508,3569.0,01JRZTZ95WQK3WYTWKZG0DHHSD,01JRZTN1GHPV8833TZK1TB617F,20,clothes,1.0,0,,tee shirt,teeshirt,,True,20
muscle shirt,112913,4405.0,01JRZTZ95WQK3WYTWKZG0DHHSD,01JRZTN1GHPV8833TZK1TB617F,21,clothes,1.0,0,,muscle shirt,muscleshirt,,True,21
anorak,119458,6545.0,01JRZTZ95WQK3WYTWKZG0DHHSD,01JRZTN1GHPV8833TZK1TB617F,22,clothes,0.0,0,,anorak,anorak,,True,22
bowler hat,123234,3776.0,01JRZTZ95WQK3WYTWKZG0DHHSD,01JRZTN1GHPV8833TZK1TB617F,23,clothes,0.0,0,,bowler hat,bowlerhat,,True,23
top hat,127478,4244.0,01JRZTZ95WQK3WYTWKZG0DHHSD,01JRZTN1GHPV8833TZK1TB617F,24,clothes,0.0,0,,top hat,tophat,,True,24
balaclava,136889,9411.0,01JRZTZ95WQK3WYTWKZG0DHHSD,01JRZTN1GHPV8833TZK1TB617F,25,clothes,0.0,0,,balaclava,balaclava,,True,25
headband,144682,7793.0,01JRZTZ95WQK3WYTWKZG0DHHSD,01JRZTN1GHPV8833TZK1TB617F,26,clothes,0.0,0,,headband,headband,,True,26
vest,152548,7866.0,01JRZTZ95WQK3WYTWKZG0DHHSD,01JRZTN1GHPV8833TZK1TB617F,27,clothes,0.0,0,,vest,vest,,True,27
wristband,162344,9796.0,01JRZTZ95WQK3WYTWKZG0DHHSD,01JRZTN1GHPV8833TZK1TB617F,28,clothes,0.0,0,,wristband,wristband,,True,28
plimsoll,171238,8894.0,01JRZTZ95WQK3WYTWKZG0DHHSD,01JRZTN1GHPV8833TZK1TB617F,29,clothes,0.0,0,,plimsoles,plimsoll,,True,29
trainer,176396,5158.0,01JRZTZ95WQK3WYTWKZG0DHHSD,01JRZTN1GHPV8833TZK1TB617F,30,clothes,0.0,0,,trainers,trainer,,True,30
tea,5274,5274.0,01JRZTZ95WQK3WYTWKZG0DHHSD,01JRZTN1GHPV8833TZK1TB617F,0,supermarket,1.0,0,,tea,tea,,True,0
coffee,8019,2745.0,01JRZTZ95WQK3WYTWKZG0DHHSD,01JRZTN1GHPV8833TZK1TB617F,1,supermarket,0.0,0,,coffee,coffee,,True,1
coke,11025,3006.0,01JRZTZ95WQK3WYTWKZG0DHHSD,01JRZTN1GHPV8833TZK1TB617F,2,supermarket,1.0,0,,coke,coke,,True,2
lemonade,14188,3163.0,01JRZTZ95WQK3WYTWKZG0DHHSD,01JRZTN1GHPV8833TZK1TB617F,3,supermarket,0.0,0,,lemonade,lemonade,,True,3
ginger ale,17905,3717.0,01JRZTZ95WQK3WYTWKZG0DHHSD,01JRZTN1GHPV8833TZK1TB617F,4,supermarket,0.0,0,,ginger ale,gingerale,,True,4
sugar,21576,3671.0,01JRZTZ95WQK3WYTWKZG0DHHSD,01JRZTN1GHPV8833TZK1TB617F,5,supermarket,1.0,0,,sugar,sugar,,True,5
stevia,24175,2599.0,01JRZTZ95WQK3WYTWKZG0DHHSD,01JRZTN1GHPV8833TZK1TB617F,6,supermarket,0.0,0,,stevia,stevia,,True,6
honey,27214,3039.0,01JRZTZ95WQK3WYTWKZG0DHHSD,01JRZTN1GHPV8833TZK1TB617F,7,supermarket,0.0,0,,honey,honey,,True,7
water,33194,5980.0,01JRZTZ95WQK3WYTWKZG0DHHSD,01JRZTN1GHPV8833TZK1TB617F,8,supermarket,1.0,0,,water,water,,True,8
lentil,37973,4779.0,01JRZTZ95WQK3WYTWKZG0DHHSD,01JRZTN1GHPV8833TZK1TB617F,9,supermarket,1.0,0,,lentils,lentil,,True,9
pea,40285,2312.0,01JRZTZ95WQK3WYTWKZG0DHHSD,01JRZTN1GHPV8833TZK1TB617F,10,supermarket,0.0,0,,peas,pea,,True,10
bean,43142,2857.0,01JRZTZ95WQK3WYTWKZG0DHHSD,01JRZTN1GHPV8833TZK1TB617F,11,supermarket,0.0,0,,beans,bean,,True,11
chickpea,48205,5063.0,01JRZTZ95WQK3WYTWKZG0DHHSD,01JRZTN1GHPV8833TZK1TB617F,12,supermarket,0.0,0,,chick peas,chickpea,,True,12
carrot,57370,9165.0,01JRZTZ95WQK3WYTWKZG0DHHSD,01JRZTN1GHPV8833TZK1TB617F,13,supermarket,1.0,0,,carrots,carrot,,True,13
cucumber,63594,6224.0,01JRZTZ95WQK3WYTWKZG0DHHSD,01JRZTN1GHPV8833TZK1TB617F,14,supermarket,0.0,0,,cucumber,cucumber,,True,14
tomato,65983,2389.0,01JRZTZ95WQK3WYTWKZG0DHHSD,01JRZTN1GHPV8833TZK1TB617F,15,supermarket,0.0,0,,tomato,tomato,,True,15
lettuce,68739,2756.0,01JRZTZ95WQK3WYTWKZG0DHHSD,01JRZTN1GHPV8833TZK1TB617F,16,supermarket,0.0,0,,lettuce,lettuce,,True,16
cabbage,71236,2497.0,01JRZTZ95WQK3WYTWKZG0DHHSD,01JRZTN1GHPV8833TZK1TB617F,17,supermarket,0.0,0,,cabbage,cabbage,,True,17
cauliflower,76732,5496.0,01JRZTZ95WQK3WYTWKZG0DHHSD,01JRZTN1GHPV8833TZK1TB617F,18,supermarket,0.0,0,,cauliflower,cauliflower,,True,18
melon,82044,5312.0,01JRZTZ95WQK3WYTWKZG0DHHSD,01JRZTN1GHPV8833TZK1TB617F,19,supermarket,1.0,0,,melon,melon,,True,19
apple,83477,1433.0,01JRZTZ95WQK3WYTWKZG0DHHSD,01JRZTN1GHPV8833TZK1TB617F,20,supermarket,0.0,0,,apple,apple,,True,20
orange,86677,3200.0,01JRZTZ95WQK3WYTWKZG0DHHSD,01JRZTN1GHPV8833TZK1TB617F,21,supermarket,0.0,0,,oranges,orange,,True,21
grape,90563,3886.0,01JRZTZ95WQK3WYTWKZG0DHHSD,01JRZTN1GHPV8833TZK1TB617F,22,supermarket,0.0,0,,grapes,grape,,True,22
lemon,94350,3787.0,01JRZTZ95WQK3WYTWKZG0DHHSD,01JRZTN1GHPV8833TZK1TB617F,23,supermarket,0.0,0,,lemons,lemon,,True,23
grapefruit,104447,10097.0,01JRZTZ95WQK3WYTWKZG0DHHSD,01JRZTN1GHPV8833TZK1TB617F,24,supermarket,0.0,0,,grapefruit,grapefruit,,True,24
avocado,109929,5482.0,01JRZTZ95WQK3WYTWKZG0DHHSD,01JRZTN1GHPV8833TZK1TB617F,25,supermarket,0.0,0,,avocado,avocado,,True,25
date,119656,9727.0,01JRZTZ95WQK3WYTWKZG0DHHSD,01JRZTN1GHPV8833TZK1TB617F,26,supermarket,0.0,0,,dates,date,,True,26
biscuit,124473,4817.0,01JRZTZ95WQK3WYTWKZG0DHHSD,01JRZTN1GHPV8833TZK1TB617F,27,supermarket,1.0,0,,biscuits,biscuit,,True,27
cake,126764,2291.0,01JRZTZ95WQK3WYTWKZG0DHHSD,01JRZTN1GHPV8833TZK1TB617F,28,supermarket,0.0,0,,cakes,cake,,True,28
scone,130126,3362.0,01JRZTZ95WQK3WYTWKZG0DHHSD,01JRZTN1GHPV8833TZK1TB617F,29,supermarket,1.0,0,,scones,scone,,True,29
bread,132307,2181.0,01JRZTZ95WQK3WYTWKZG0DHHSD,01JRZTN1GHPV8833TZK1TB617F,30,supermarket,0.0,0,,bread,bread,,True,30
shortbread,136831,4524.0,01JRZTZ95WQK3WYTWKZG0DHHSD,01JRZTN1GHPV8833TZK1TB617F,31,supermarket,0.0,0,,shortbread,shortbread,,True,31
bun,140849,4018.0,01JRZTZ95WQK3WYTWKZG0DHHSD,01JRZTN1GHPV8833TZK1TB617F,32,supermarket,0.0,0,,buns,bun,,True,32
croissant,152488,11639.0,01JRZTZ95WQK3WYTWKZG0DHHSD,01JRZTN1GHPV8833TZK1TB617F,33,supermarket,0.0,0,,croissants,croissant,,True,33
lemon tart,163074,10586.0,01JRZTZ95WQK3WYTWKZG0DHHSD,01JRZTN1GHPV8833TZK1TB617F,34,supermarket,0.0,0,,lemon tart,lemontart,,True,34
cheesecake,168851,5777.0,01JRZTZ95WQK3WYTWKZG0DHHSD,01JRZTN1GHPV8833TZK1TB617F,35,supermarket,0.0,0,,cheesecake,cheesecake,,True,35
jam,175533,6682.0,01JRZTZ95WQK3WYTWKZG0DHHSD,01JRZTN1GHPV8833TZK1TB617F,36,supermarket,1.0,0,,jam,jam,,True,36
marmalade,179199,3666.0,01JRZTZ95WQK3WYTWKZG0DHHSD,01JRZTN1GHPV8833TZK1TB617F,37,supermarket,0.0,0,,marmalade,marmalade,,True,37
Goat,9603,9603.0,01JRZV0B4SEM67S8GTXT3X71NK,01JRZTN1H18JRVWGGN534Q2FP3,0,animals,1.0,0,,Goat,goat,['Farm'],True,0
Cat,12700,3097.0,01JRZV0B4SEM67S8GTXT3X71NK,01JRZTN1H18JRVWGGN534Q2FP3,1,animals,0.0,0,,Cat,cat,"['Pets', 'Feline']",True,1
Sheep,18117,4040.0,01JRZV0B4SEM67S8GTXT3X71NK,01JRZTN1H18JRVWGGN534Q2FP3,3,animals,0.0,0,,Sheep,sheep,['Farm'],False,2
Ram,29993,11876.0,01JRZV0B4SEM67S8GTXT3X71NK,01JRZTN1H18JRVWGGN534Q2FP3,4,animals,0.0,0,,Ram,ram,['Farm'],False,3
Lion,43556,13563.0,01JRZV0B4SEM67S8GTXT3X71NK,01JRZTN1H18JRVWGGN534Q2FP3,5,animals,1.0,0,,Lion,lion,"['African', 'Feline']",True,4
Tiger,47823,4267.0,01JRZV0B4SEM67S8GTXT3X71NK,01JRZTN1H18JRVWGGN534Q2FP3,6,animals,0.0,0,,Tiger,tiger,"['African', 'Feline']",False,5
Panther,52691,4868.0,01JRZV0B4SEM67S8GTXT3X71NK,01JRZTN1H18JRVWGGN534Q2FP3,7,animals,0.0,0,,Panther,panther,"['African', 'Feline']",False,6
Cheetah,60014,7323.0,01JRZV0B4SEM67S8GTXT3X71NK,01JRZTN1H18JRVWGGN534Q2FP3,8,animals,0.0,0,,Cheetah,cheetah,"['African', 'Feline']",False,7
Fox,66034,6020.0,01JRZV0B4SEM67S8GTXT3X71NK,01JRZTN1H18JRVWGGN534Q2FP3,9,animals,1.0,0,,Fox,fox,"['Canine', 'NorthAmerican', 'UsedForFur']",True,8
Wolf,68409,2375.0,01JRZV0B4SEM67S8GTXT3X71NK,01JRZTN1H18JRVWGGN534Q2FP3,10,animals,0.0,0,,Wolf,wolf,"['Canine', 'NorthAmerican']",False,9
Ant,70623,2214.0,01JRZV0B4SEM67S8GTXT3X71NK,01JRZTN1H18JRVWGGN534Q2FP3,11,animals,1.0,0,,Ant,ant,['Insects'],True,10
Termite,73756,3133.0,01JRZV0B4SEM67S8GTXT3X71NK,01JRZTN1H18JRVWGGN534Q2FP3,12,animals,0.0,0,,Termite,termite,['Insects'],False,11
bee,76082,2326.0,01JRZV0B4SEM67S8GTXT3X71NK,01JRZTN1H18JRVWGGN534Q2FP3,13,animals,0.0,0,,bee,bee,['Insects'],False,12
grasshopper,79913,3831.0,01JRZV0B4SEM67S8GTXT3X71NK,01JRZTN1H18JRVWGGN534Q2FP3,14,animals,0.0,0,,ass hopper,grasshopper,['Insects'],False,13
Mantis,88372,8459.0,01JRZV0B4SEM67S8GTXT3X71NK,01JRZTN1H18JRVWGGN534Q2FP3,15,animals,0.0,0,,Mantis,mantis,['Insects'],False,14
Woodpecker,99813,11441.0,01JRZV0B4SEM67S8GTXT3X71NK,01JRZTN1H18JRVWGGN534Q2FP3,16,animals,1.0,0,,Wood Pexker,woodpecker,['Bird'],True,15
Dove,103034,3221.0,01JRZV0B4SEM67S8GTXT3X71NK,01JRZTN1H18JRVWGGN534Q2FP3,17,animals,0.0,0,,Dove,dove,['Bird'],False,16
falcon,105873,2839.0,01JRZV0B4SEM67S8GTXT3X71NK,01JRZTN1H18JRVWGGN534Q2FP3,18,animals,0.0,0,,falcon,falcon,['Bird'],False,17
Eagle,113429,7556.0,01JRZV0B4SEM67S8GTXT3X71NK,01JRZTN1H18JRVWGGN534Q2FP3,19,animals,0.0,0,,Eagle,eagle,['Bird'],False,18
Vulture,118304,4875.0,01JRZV0B4SEM67S8GTXT3X71NK,01JRZTN1H18JRVWGGN534Q2FP3,20,animals,0.0,0,,Vulture,vulture,['Bird'],False,19
Viper,135739,17435.0,01JRZV0B4SEM67S8GTXT3X71NK,01JRZTN1H18JRVWGGN534Q2FP3,21,animals,1.0,0,,Viper,viper,['ReptileAmphibian'],True,20
Python,150749,15010.0,01JRZV0B4SEM67S8GTXT3X71NK,01JRZTN1H18JRVWGGN534Q2FP3,22,animals,0.0,0,,Python,python,['ReptileAmphibian'],False,21
Turtle,155787,5038.0,01JRZV0B4SEM67S8GTXT3X71NK,01JRZTN1H18JRVWGGN534Q2FP3,23,animals,0.0,0,,Turtle,turtle,"['ReptileAmphibian', 'Water']",False,22
Butterfly,169123,13336.0,01JRZV0B4SEM67S8GTXT3X71NK,01JRZTN1H18JRVWGGN534Q2FP3,24,animals,0.0,0,,Butterfly,butterfly,['Insects'],True,23
Cow,178117,8994.0,01JRZV0B4SEM67S8GTXT3X71NK,01JRZTN1H18JRVWGGN534Q2FP3,25,animals,0.0,0,,Cow,cow,"['Bovine', 'Farm']",True,24
Dress,13242,13242.0,01JRZV0B4SEM67S8GTXT3X71NK,01JRZTN1H18JRVWGGN534Q2FP3,0,clothes,1.0,0,,Bag,dres,,True,0
Shirt,17890,4648.0,01JRZV0B4SEM67S8GTXT3X71NK,01JRZTN1H18JRVWGGN534Q2FP3,1,clothes,1.0,0,,Shirt,shirt,,True,1
Nike shoe,28294,10404.0,01JRZV0B4SEM67S8GTXT3X71NK,01JRZTN1H18JRVWGGN534Q2FP3,2,clothes,1.0,0,,Nike skoes,nikeshoe,,True,2
Van,31074,2780.0,01JRZV0B4SEM67S8GTXT3X71NK,01JRZTN1H18JRVWGGN534Q2FP3,3,clothes,1.0,0,,Vans,van,,True,3
Sweater,40011,8937.0,01JRZV0B4SEM67S8GTXT3X71NK,01JRZTN1H18JRVWGGN534Q2FP3,4,clothes,1.0,0,,Sweater,sweater,,True,4
Scarf,51952,11941.0,01JRZV0B4SEM67S8GTXT3X71NK,01JRZTN1H18JRVWGGN534Q2FP3,5,clothes,1.0,0,,Scarf,scarf,,True,5
Coat,54528,2576.0,01JRZV0B4SEM67S8GTXT3X71NK,01JRZTN1H18JRVWGGN534Q2FP3,6,clothes,1.0,0,,Coat,coat,,True,6
Jacket,65096,10568.0,01JRZV0B4SEM67S8GTXT3X71NK,01JRZTN1H18JRVWGGN534Q2FP3,7,clothes,1.0,0,,Jaclet,jacket,,True,7
Denim Jacket,71415,6319.0,01JRZV0B4SEM67S8GTXT3X71NK,01JRZTN1H18JRVWGGN534Q2FP3,8,clothes,1.0,0,,Denim Jacket,denimjacket,,True,8
Pant,83533,12118.0,01JRZV0B4SEM67S8GTXT3X71NK,01JRZTN1H18JRVWGGN534Q2FP3,9,clothes,1.0,0,,Pants,pant,,True,9
Singlet,91363,7830.0,01JRZV0B4SEM67S8GTXT3X71NK,01JRZTN1H18JRVWGGN534Q2FP3,10,clothes,0.0,0,,Singlet,singlet,,True,10
Croc,101124,9761.0,01JRZV0B4SEM67S8GTXT3X71NK,01JRZTN1H18JRVWGGN534Q2FP3,11,clothes,0.0,0,,Croks,croc,,True,11
Earring,146341,45217.0,01JRZV0B4SEM67S8GTXT3X71NK,01JRZTN1H18JRVWGGN534Q2FP3,12,clothes,0.0,0,,Earing,earring,,True,12
Bra,154148,7807.0,01JRZV0B4SEM67S8GTXT3X71NK,01JRZTN1H18JRVWGGN534Q2FP3,13,clothes,0.0,0,,Bra,bra,,True,13
Boxer,162470,8322.0,01JRZV0B4SEM67S8GTXT3X71NK,01JRZTN1H18JRVWGGN534Q2FP3,14,clothes,0.0,0,,Boxers,boxer,,True,14
trunks,165279,2809.0,01JRZV0B4SEM67S8GTXT3X71NK,01JRZTN1H18JRVWGGN534Q2FP3,15,clothes,0.0,0,,runks,trunk,,True,15
Cap,57321,57321.0,01JRZV0B4SEM67S8GTXT3X71NK,01JRZTN1H18JRVWGGN534Q2FP3,0,supermarket,1.0,0,,Cap,cap,,True,0
beef,61421,4100.0,01JRZV0B4SEM67S8GTXT3X71NK,01JRZTN1H18JRVWGGN534Q2FP3,1,supermarket,0.0,0,,beef,beef,,True,1
goat,67923,6502.0,01JRZV0B4SEM67S8GTXT3X71NK,01JRZTN1H18JRVWGGN534Q2FP3,2,supermarket,0.0,0,,goat,goat,,True,2
water,83522,15599.0,01JRZV0B4SEM67S8GTXT3X71NK,01JRZTN1H18JRVWGGN534Q2FP3,3,supermarket,0.0,0,,water,water,,True,3
Juice,92162,8640.0,01JRZV0B4SEM67S8GTXT3X71NK,01JRZTN1H18JRVWGGN534Q2FP3,4,supermarket,0.0,0,,Juice,juice,,True,4
Wine,95080,2918.0,01JRZV0B4SEM67S8GTXT3X71NK,01JRZTN1H18JRVWGGN534Q2FP3,5,supermarket,0.0,0,,Whine,wine,,True,5
Glass,110344,15264.0,01JRZV0B4SEM67S8GTXT3X71NK,01JRZTN1H18JRVWGGN534Q2FP3,6,supermarket,0.0,0,,Glass,glas,,True,6
Toy,113466,3122.0,01JRZV0B4SEM67S8GTXT3X71NK,01JRZTN1H18JRVWGGN534Q2FP3,7,supermarket,0.0,0,,Toys,toy,,True,7
Bag,119252,5786.0,01JRZV0B4SEM67S8GTXT3X71NK,01JRZTN1H18JRVWGGN534Q2FP3,8,supermarket,1.0,0,,Bag,bag,,True,8
pig,5126,5126.0,01JRZV1479JENTNGP52K0MK94A,01JRZTN1GX6C3TEMG623XKPYJZ,0,animals,1.0,0,,pig,pig,['Farm'],True,0
dog,6815,1689.0,01JRZV1479JENTNGP52K0MK94A,01JRZTN1GX6C3TEMG623XKPYJZ,1,animals,0.0,0,,dog,dog,"['Canine', 'Pets']",True,1
cat,8538,1723.0,01JRZV1479JENTNGP52K0MK94A,01JRZTN1GX6C3TEMG623XKPYJZ,2,animals,0.0,0,,cat,cat,"['Pets', 'Feline']",False,2
sheep,11775,3237.0,01JRZV1479JENTNGP52K0MK94A,01JRZTN1GX6C3TEMG623XKPYJZ,3,animals,1.0,0,,sheep,sheep,['Farm'],True,3
cow,12985,1210.0,01JRZV1479JENTNGP52K0MK94A,01JRZTN1GX6C3TEMG623XKPYJZ,4,animals,1.0,0,,cow,cow,"['Bovine', 'Farm']",False,4
goat,14853,1868.0,01JRZV1479JENTNGP52K0MK94A,01JRZTN1GX6C3TEMG623XKPYJZ,5,animals,1.0,0,,goat,goat,['Farm'],False,5
llama,20324,5471.0,01JRZV1479JENTNGP52K0MK94A,01JRZTN1GX6C3TEMG623XKPYJZ,6,animals,1.0,0,,llama,llama,"['BeastsOfBurden', 'UsedForFur']",True,6
bird,23648,3324.0,01JRZV1479JENTNGP52K0MK94A,01JRZTN1GX6C3TEMG623XKPYJZ,7,animals,0.0,0,,bird,bird,['Bird'],True,7
elephant,35551,11903.0,01JRZV1479JENTNGP52K0MK94A,01JRZTN1GX6C3TEMG623XKPYJZ,8,animals,0.0,0,,elephant,elephant,['African'],True,8
tiger,37253,1702.0,01JRZV1479JENTNGP52K0MK94A,01JRZTN1GX6C3TEMG623XKPYJZ,9,animals,0.0,0,,tiger,tiger,"['African', 'Feline']",False,9
lion,39352,2099.0,01JRZV1479JENTNGP52K0MK94A,01JRZTN1GX6C3TEMG623XKPYJZ,10,animals,0.0,0,,lion,lion,"['African', 'Feline']",False,10
giraffe,44388,5036.0,01JRZV1479JENTNGP52K0MK94A,01JRZTN1GX6C3TEMG623XKPYJZ,11,animals,0.0,0,,girraffe,giraffe,['African'],False,11
hippopotamus,51252,6864.0,01JRZV1479JENTNGP52K0MK94A,01JRZTN1GX6C3TEMG623XKPYJZ,12,animals,0.0,0,,hippo,hippopotamus,['African'],False,12
panda,53659,2407.0,01JRZV1479JENTNGP52K0MK94A,01JRZTN1GX6C3TEMG623XKPYJZ,13,animals,0.0,0,,panda,panda,['Asian'],True,13
polar bear,57837,4178.0,01JRZV1479JENTNGP52K0MK94A,01JRZTN1GX6C3TEMG623XKPYJZ,14,animals,0.0,0,,polar bear,polarbear,['Arctic'],True,14
snake,64285,6448.0,01JRZV1479JENTNGP52K0MK94A,01JRZTN1GX6C3TEMG623XKPYJZ,15,animals,1.0,0,,snake,snake,"['Farm', 'ReptileAmphibian']",True,15
toad,67949,3664.0,01JRZV1479JENTNGP52K0MK94A,01JRZTN1GX6C3TEMG623XKPYJZ,16,animals,1.0,0,,toad,toad,"['ReptileAmphibian', 'Water']",False,16
frog,70453,2504.0,01JRZV1479JENTNGP52K0MK94A,01JRZTN1GX6C3TEMG623XKPYJZ,17,animals,1.0,0,,frog,frog,"['ReptileAmphibian', 'Water']",False,17
tadpole,73230,2777.0,01JRZV1479JENTNGP52K0MK94A,01JRZTN1GX6C3TEMG623XKPYJZ,18,animals,1.0,0,,tad pole,tadpole,['Water'],False,18
fish,78321,5091.0,01JRZV1479JENTNGP52K0MK94A,01JRZTN1GX6C3TEMG623XKPYJZ,19,animals,1.0,0,,fish,fish,"['Fish', 'Water']",False,19
shark,79845,1524.0,01JRZV1479JENTNGP52K0MK94A,01JRZTN1GX6C3TEMG623XKPYJZ,20,animals,1.0,0,,shark,shark,"['Fish', 'Water']",False,20
dolphin,84652,4807.0,01JRZV1479JENTNGP52K0MK94A,01JRZTN1GX6C3TEMG623XKPYJZ,21,animals,1.0,0,,dolphin,dolphin,"['Insects', 'Water']",False,21
whale,86535,1883.0,01JRZV1479JENTNGP52K0MK94A,01JRZTN1GX6C3TEMG623XKPYJZ,22,animals,1.0,0,,whale,whale,"['Fish', 'Water']",False,22
crab,97786,11251.0,01JRZV1479JENTNGP52K0MK94A,01JRZTN1GX6C3TEMG623XKPYJZ,23,animals,1.0,0,,crab,crab,['Water'],False,23
lobster,101167,3381.0,01JRZV1479JENTNGP52K0MK94A,01JRZTN1GX6C3TEMG623XKPYJZ,24,animals,1.0,0,,lobster,lobster,['Water'],False,24
squid,106188,5021.0,01JRZV1479JENTNGP52K0MK94A,01JRZTN1GX6C3TEMG623XKPYJZ,25,animals,1.0,0,,squid,squid,['Water'],False,25
octopus,110284,4096.0,01JRZV1479JENTNGP52K0MK94A,01JRZTN1GX6C3TEMG623XKPYJZ,26,animals,1.0,0,,octopus,octopus,['Water'],False,26
rat,116451,6167.0,01JRZV1479JENTNGP52K0MK94A,01JRZTN1GX6C3TEMG623XKPYJZ,27,animals,0.0,0,,rat,rat,['Rodents'],True,27
mouse,120824,4373.0,01JRZV1479JENTNGP52K0MK94A,01JRZTN1GX6C3TEMG623XKPYJZ,28,animals,0.0,0,,mouse,mouse,"['Bird', 'Rodents']",False,28
squirrel,126786,5962.0,01JRZV1479JENTNGP52K0MK94A,01JRZTN1GX6C3TEMG623XKPYJZ,29,animals,0.0,0,,squirrel,squirrel,"['NorthAmerican', 'Rodents']",False,29
pigeon,135943,9157.0,01JRZV1479JENTNGP52K0MK94A,01JRZTN1GX6C3TEMG623XKPYJZ,30,animals,1.0,0,,pidgeon,pigeon,['Bird'],True,30
chicken,143932,7989.0,01JRZV1479JENTNGP52K0MK94A,01JRZTN1GX6C3TEMG623XKPYJZ,31,animals,1.0,0,,chicken,chicken,"['Bird', 'Farm']",False,31
pheasant,149993,6061.0,01JRZV1479JENTNGP52K0MK94A,01JRZTN1GX6C3TEMG623XKPYJZ,32,animals,1.0,0,,pheasant,pheasant,['Bird'],False,32
peacock,153875,3882.0,01JRZV1479JENTNGP52K0MK94A,01JRZTN1GX6C3TEMG623XKPYJZ,33,animals,1.0,0,,peacock,peacock,['Bird'],False,33
dove,156925,3050.0,01JRZV1479JENTNGP52K0MK94A,01JRZTN1GX6C3TEMG623XKPYJZ,34,animals,1.0,0,,dove,dove,['Bird'],False,34
rooster,162488,5563.0,01JRZV1479JENTNGP52K0MK94A,01JRZTN1GX6C3TEMG623XKPYJZ,35,animals,1.0,0,,rooster,rooster,['Farm'],True,35
hawk,166164,3676.0,01JRZV1479JENTNGP52K0MK94A,01JRZTN1GX6C3TEMG623XKPYJZ,36,animals,1.0,0,,hawk,hawk,['Bird'],True,36
Sock,6808,6808.0,01JRZV1479JENTNGP52K0MK94A,01JRZTN1GX6C3TEMG623XKPYJZ,0,clothes,1.0,0,,Socks,sock,,True,0
Shoe,9709,2901.0,01JRZV1479JENTNGP52K0MK94A,01JRZTN1GX6C3TEMG623XKPYJZ,1,clothes,1.0,0,,Shoes,shoe,,True,1
T-shirt,13125,3416.0,01JRZV1479JENTNGP52K0MK94A,01JRZTN1GX6C3TEMG623XKPYJZ,2,clothes,0.0,0,,Tshirt,tshirt,,True,2
Trousers,16660,3535.0,01JRZV1479JENTNGP52K0MK94A,01JRZTN1GX6C3TEMG623XKPYJZ,3,clothes,0.0,0,,Trousers,trousers,,True,3
Pant,19693,3033.0,01JRZV1479JENTNGP52K0MK94A,01JRZTN1GX6C3TEMG623XKPYJZ,4,clothes,0.0,0,,Pants,pant,,True,4
Shirt,25944,6251.0,01JRZV1479JENTNGP52K0MK94A,01JRZTN1GX6C3TEMG623XKPYJZ,5,clothes,0.0,0,,Shirt,shirt,,True,5
Skirt,31778,5834.0,01JRZV1479JENTNGP52K0MK94A,01JRZTN1GX6C3TEMG623XKPYJZ,6,clothes,0.0,0,,Skirt,skirt,,True,6
Top,35413,3635.0,01JRZV1479JENTNGP52K0MK94A,01JRZTN1GX6C3TEMG623XKPYJZ,7,clothes,0.0,0,,Top,top,,True,7
Short,41480,6067.0,01JRZV1479JENTNGP52K0MK94A,01JRZTN1GX6C3TEMG623XKPYJZ,8,clothes,0.0,0,,Shorts,short,,True,8
Blouse,53114,11634.0,01JRZV1479JENTNGP52K0MK94A,01JRZTN1GX6C3TEMG623XKPYJZ,9,clothes,0.0,0,,Blouse,blouse,,True,9
Coat,55781,2667.0,01JRZV1479JENTNGP52K0MK94A,01JRZTN1GX6C3TEMG623XKPYJZ,10,clothes,0.0,0,,Coat,coat,,True,10
Jacket,59037,3256.0,01JRZV1479JENTNGP52K0MK94A,01JRZTN1GX6C3TEMG623XKPYJZ,11,clothes,0.0,0,,Jacket,jacket,,True,11
Blazer,65565,6528.0,01JRZV1479JENTNGP52K0MK94A,01JRZTN1GX6C3TEMG623XKPYJZ,12,clothes,0.0,0,,Blazer,blazer,,True,12
Belt,71733,6168.0,01JRZV1479JENTNGP52K0MK94A,01JRZTN1GX6C3TEMG623XKPYJZ,13,clothes,0.0,0,,Belt,belt,,True,13
Sash,75892,4159.0,01JRZV1479JENTNGP52K0MK94A,01JRZTN1GX6C3TEMG623XKPYJZ,14,clothes,0.0,0,,Sash,sash,,True,14
Jean,88461,12569.0,01JRZV1479JENTNGP52K0MK94A,01JRZTN1GX6C3TEMG623XKPYJZ,15,clothes,0.0,0,,Jeans,jean,,True,15
Legging,95645,7184.0,01JRZV1479JENTNGP52K0MK94A,01JRZTN1GX6C3TEMG623XKPYJZ,16,clothes,0.0,0,,Leggings,legging,,True,16
Bralet,104832,9187.0,01JRZV1479JENTNGP52K0MK94A,01JRZTN1GX6C3TEMG623XKPYJZ,17,clothes,0.0,0,,Bralet,bralet,,True,17
Jegging,110335,5503.0,01JRZV1479JENTNGP52K0MK94A,01JRZTN1GX6C3TEMG623XKPYJZ,18,clothes,0.0,0,,Jeggings,jegging,,True,18
Dress,121931,11596.0,01JRZV1479JENTNGP52K0MK94A,01JRZTN1GX6C3TEMG623XKPYJZ,19,clothes,0.0,0,,Dress,dres,,True,19
Vest,132645,10714.0,01JRZV1479JENTNGP52K0MK94A,01JRZTN1GX6C3TEMG623XKPYJZ,20,clothes,0.0,0,,Vest,vest,,True,20
Pinafore,143318,10673.0,01JRZV1479JENTNGP52K0MK94A,01JRZTN1GX6C3TEMG623XKPYJZ,21,clothes,0.0,0,,Pinafore,pinafore,,True,21
Skort,150148,6830.0,01JRZV1479JENTNGP52K0MK94A,01JRZTN1GX6C3TEMG623XKPYJZ,22,clothes,0.0,0,,Skort,skort,,True,22
Sweatpants,166276,16128.0,01JRZV1479JENTNGP52K0MK94A,01JRZTN1GX6C3TEMG623XKPYJZ,23,clothes,0.0,0,,Sweat pant,sweatpant,,True,23
Jogger,177658,11382.0,01JRZV1479JENTNGP52K0MK94A,01JRZTN1GX6C3TEMG623XKPYJZ,24,clothes,0.0,0,,Joggers,jogger,,True,24
trolley,9193,9193.0,01JRZV1479JENTNGP52K0MK94A,01JRZTN1GX6C3TEMG623XKPYJZ,0,supermarket,1.0,0,,trolley,trolley,,True,0
cart,12814,3621.0,01JRZV1479JENTNGP52K0MK94A,01JRZTN1GX6C3TEMG623XKPYJZ,1,supermarket,1.0,0,,cart,cart,,True,1
basket,16999,4185.0,01JRZV1479JENTNGP52K0MK94A,01JRZTN1GX6C3TEMG623XKPYJZ,2,supermarket,1.0,0,,basket,basket,,True,2
till,24414,7415.0,01JRZV1479JENTNGP52K0MK94A,01JRZTN1GX6C3TEMG623XKPYJZ,3,supermarket,1.0,0,,till,till,,True,3
scale,30761,6347.0,01JRZV1479JENTNGP52K0MK94A,01JRZTN1GX6C3TEMG623XKPYJZ,4,supermarket,1.0,0,,weighing scales,scale,,True,4
card machine,35995,5234.0,01JRZV1479JENTNGP52K0MK94A,01JRZTN1GX6C3TEMG623XKPYJZ,5,supermarket,1.0,0,,card machine,cardmachine,,True,5
food,43048,7053.0,01JRZV1479JENTNGP52K0MK94A,01JRZTN1GX6C3TEMG623XKPYJZ,6,supermarket,0.0,0,,food,food,,True,6
fresh produce aisle,54007,10959.0,01JRZV1479JENTNGP52K0MK94A,01JRZTN1GX6C3TEMG623XKPYJZ,7,supermarket,0.0,0,,fresh produce isle,freshproduceaisle,,True,7
bakery,60012,6005.0,01JRZV1479JENTNGP52K0MK94A,01JRZTN1GX6C3TEMG623XKPYJZ,8,supermarket,1.0,0,,bakery,bakery,,True,8
toilet paper,69186,9174.0,01JRZV1479JENTNGP52K0MK94A,01JRZTN1GX6C3TEMG623XKPYJZ,9,supermarket,0.0,0,,toilet paper,toiletpaper,,True,9
freezer,80231,11045.0,01JRZV1479JENTNGP52K0MK94A,01JRZTN1GX6C3TEMG623XKPYJZ,10,supermarket,1.0,0,,freezers,freezer,,True,10
chill isle,87735,7504.0,01JRZV1479JENTNGP52K0MK94A,01JRZTN1GX6C3TEMG623XKPYJZ,11,supermarket,1.0,0,,chilled isle,chillisle,,True,11
checkout,99737,12002.0,01JRZV1479JENTNGP52K0MK94A,01JRZTN1GX6C3TEMG623XKPYJZ,12,supermarket,1.0,0,,checkouts,checkout,,True,12
automatic door,108330,8593.0,01JRZV1479JENTNGP52K0MK94A,01JRZTN1GX6C3TEMG623XKPYJZ,13,supermarket,1.0,0,,automatic doors,automaticdoor,,True,13
cheese aisle,125415,17085.0,01JRZV1479JENTNGP52K0MK94A,01JRZTN1GX6C3TEMG623XKPYJZ,14,supermarket,0.0,0,,cheese isle,cheeseaisle,,True,14
condiment,137750,12335.0,01JRZV1479JENTNGP52K0MK94A,01JRZTN1GX6C3TEMG623XKPYJZ,15,supermarket,0.0,0,,condiments,condiment,,True,15
toiletry,146083,8333.0,01JRZV1479JENTNGP52K0MK94A,01JRZTN1GX6C3TEMG623XKPYJZ,16,supermarket,0.0,0,,toiletries,toiletry,,True,16
hair dye,161090,15007.0,01JRZV1479JENTNGP52K0MK94A,01JRZTN1GX6C3TEMG623XKPYJZ,17,supermarket,0.0,0,,hair dye,hairdye,,True,17
crisp,171447,10357.0,01JRZV1479JENTNGP52K0MK94A,01JRZTN1GX6C3TEMG623XKPYJZ,18,supermarket,0.0,0,,crisps,crisp,,True,18
chocolate,175151,3704.0,01JRZV1479JENTNGP52K0MK94A,01JRZTN1GX6C3TEMG623XKPYJZ,19,supermarket,0.0,0,,chocolate,chocolate,,True,19
bird,4052,4052.0,01JRZV24TKM8XJQ7CXX2T3ZWGX,01JRZTN1G857VNRR75A69HMTD8,0,animals,1.0,0,,bird,bird,['Bird'],True,0
cat,5065,1013.0,01JRZV24TKM8XJQ7CXX2T3ZWGX,01JRZTN1G857VNRR75A69HMTD8,1,animals,0.0,0,,cat,cat,"['Pets', 'Feline']",True,1
dog,6396,1331.0,01JRZV24TKM8XJQ7CXX2T3ZWGX,01JRZTN1G857VNRR75A69HMTD8,2,animals,0.0,0,,dog,dog,"['Canine', 'Pets']",False,2
horse,7755,1359.0,01JRZV24TKM8XJQ7CXX2T3ZWGX,01JRZTN1G857VNRR75A69HMTD8,3,animals,0.0,0,,horse,horse,"['BeastsOfBurden', 'Farm']",True,3
sloth,14491,6736.0,01JRZV24TKM8XJQ7CXX2T3ZWGX,01JRZTN1G857VNRR75A69HMTD8,4,animals,0.0,0,,sloth,sloth,['Jungle'],True,4
capybara,16125,1634.0,01JRZV24TKM8XJQ7CXX2T3ZWGX,01JRZTN1G857VNRR75A69HMTD8,5,animals,0.0,0,,capybara,capybara,['Rodents'],True,5
llama,18983,2858.0,01JRZV24TKM8XJQ7CXX2T3ZWGX,01JRZTN1G857VNRR75A69HMTD8,6,animals,0.0,0,,llama,llama,"['BeastsOfBurden', 'UsedForFur']",True,6
alpaca,20424,1441.0,01JRZV24TKM8XJQ7CXX2T3ZWGX,01JRZTN1G857VNRR75A69HMTD8,7,animals,0.0,0,,alpaca,alpaca,['UsedForFur'],False,7
rabbit,23083,2659.0,01JRZV24TKM8XJQ7CXX2T3ZWGX,01JRZTN1G857VNRR75A69HMTD8,8,animals,0.0,0,,rabbit,rabbit,"['NorthAmerican', 'Pets', 'Rabbit', 'UsedForFur']",False,8
skunk,25603,2520.0,01JRZV24TKM8XJQ7CXX2T3ZWGX,01JRZTN1G857VNRR75A69HMTD8,9,animals,0.0,0,,skunk,skunk,"['NorthAmerican', 'Weasels']",False,9
mole,27511,1908.0,01JRZV24TKM8XJQ7CXX2T3ZWGX,01JRZTN1G857VNRR75A69HMTD8,10,animals,0.0,0,,mole,mole,"['Insectivores', 'Rodents']",True,10
aardvark,34164,6653.0,01JRZV24TKM8XJQ7CXX2T3ZWGX,01JRZTN1G857VNRR75A69HMTD8,11,animals,0.0,0,,aarvark,aardvark,"['African', 'Insectivores']",False,11
anteater,36988,2824.0,01JRZV24TKM8XJQ7CXX2T3ZWGX,01JRZTN1G857VNRR75A69HMTD8,12,animals,0.0,0,,anteater,anteater,['Insectivores'],False,12
cheetah,38740,1752.0,01JRZV24TKM8XJQ7CXX2T3ZWGX,01JRZTN1G857VNRR75A69HMTD8,13,animals,1.0,0,,cheetah,cheetah,"['African', 'Feline']",True,13
lion,40112,1372.0,01JRZV24TKM8XJQ7CXX2T3ZWGX,01JRZTN1G857VNRR75A69HMTD8,14,animals,1.0,0,,lion,lion,"['African', 'Feline']",False,14
panther,43682,3570.0,01JRZV24TKM8XJQ7CXX2T3ZWGX,01JRZTN1G857VNRR75A69HMTD8,15,animals,1.0,0,,panther,panther,"['African', 'Feline']",False,15
tiger,45449,1767.0,01JRZV24TKM8XJQ7CXX2T3ZWGX,01JRZTN1G857VNRR75A69HMTD8,16,animals,1.0,0,,tiger,tiger,"['African', 'Feline']",False,16
bobcat,47008,1559.0,01JRZV24TKM8XJQ7CXX2T3ZWGX,01JRZTN1G857VNRR75A69HMTD8,17,animals,1.0,0,,bobcat,bobcat,"['Feline', 'NorthAmerican']",False,17
cougar,49403,2395.0,01JRZV24TKM8XJQ7CXX2T3ZWGX,01JRZTN1G857VNRR75A69HMTD8,18,animals,1.0,0,,couger,cougar,"['Feline', 'NorthAmerican']",False,18
ferret,54638,5235.0,01JRZV24TKM8XJQ7CXX2T3ZWGX,01JRZTN1G857VNRR75A69HMTD8,19,animals,0.0,0,,ferret,ferret,"['Farm', 'Weasels']",True,19
mouse,57743,3105.0,01JRZV24TKM8XJQ7CXX2T3ZWGX,01JRZTN1G857VNRR75A69HMTD8,20,animals,0.0,0,,mouse,mouse,"['Bird', 'Rodents']",True,20
rat,58369,626.0,01JRZV24TKM8XJQ7CXX2T3ZWGX,01JRZTN1G857VNRR75A69HMTD8,21,animals,0.0,0,,rat,rat,['Rodents'],False,21
hippopotamus,68450,10081.0,01JRZV24TKM8XJQ7CXX2T3ZWGX,01JRZTN1G857VNRR75A69HMTD8,22,animals,1.0,0,,hippo,hippopotamus,['African'],True,22
rhino,71819,3369.0,01JRZV24TKM8XJQ7CXX2T3ZWGX,01JRZTN1G857VNRR75A69HMTD8,23,animals,1.0,0,,rhino,rhino,['African'],False,23
giraffe,75536,3717.0,01JRZV24TKM8XJQ7CXX2T3ZWGX,01JRZTN1G857VNRR75A69HMTD8,24,animals,1.0,0,,giraffe,giraffe,['African'],False,24
coyote,82147,6611.0,01JRZV24TKM8XJQ7CXX2T3ZWGX,01JRZTN1G857VNRR75A69HMTD8,25,animals,1.0,0,,coyote,coyote,['Canine'],True,25
wolf,83237,1090.0,01JRZV24TKM8XJQ7CXX2T3ZWGX,01JRZTN1G857VNRR75A69HMTD8,26,animals,1.0,0,,wolf,wolf,"['Canine', 'NorthAmerican']",False,26
fox,84970,1733.0,01JRZV24TKM8XJQ7CXX2T3ZWGX,01JRZTN1G857VNRR75A69HMTD8,27,animals,1.0,0,,fox,fox,"['Canine', 'NorthAmerican', 'UsedForFur']",False,27
raccoon,92174,7204.0,01JRZV24TKM8XJQ7CXX2T3ZWGX,01JRZTN1G857VNRR75A69HMTD8,28,animals,0.0,0,,raccoon,raccoon,['NorthAmerican'],False,28
possum,97568,5394.0,01JRZV24TKM8XJQ7CXX2T3ZWGX,01JRZTN1G857VNRR75A69HMTD8,29,animals,0.0,0,,possum,possum,['Australian'],True,29
cardinal,109894,12326.0,01JRZV24TKM8XJQ7CXX2T3ZWGX,01JRZTN1G857VNRR75A69HMTD8,30,animals,1.0,0,,cardinal,cardinal,['Bird'],True,30
robin,113946,4052.0,01JRZV24TKM8XJQ7CXX2T3ZWGX,01JRZTN1G857VNRR75A69HMTD8,31,animals,1.0,0,,robin,robin,['Bird'],False,31
beaver,123923,9977.0,01JRZV24TKM8XJQ7CXX2T3ZWGX,01JRZTN1G857VNRR75A69HMTD8,32,animals,0.0,0,,beaver,beaver,"['NorthAmerican', 'Rodents', 'UsedForFur', 'Water']",True,32
stork,133316,9393.0,01JRZV24TKM8XJQ7CXX2T3ZWGX,01JRZTN1G857VNRR75A69HMTD8,33,animals,1.0,0,,stork,stork,['Bird'],True,33
hawk,139550,6234.0,01JRZV24TKM8XJQ7CXX2T3ZWGX,01JRZTN1G857VNRR75A69HMTD8,34,animals,1.0,0,,hawk,hawk,['Bird'],False,34
eagle,140268,718.0,01JRZV24TKM8XJQ7CXX2T3ZWGX,01JRZTN1G857VNRR75A69HMTD8,35,animals,1.0,0,,eagle,eagle,['Bird'],False,35
lemur,147813,7545.0,01JRZV24TKM8XJQ7CXX2T3ZWGX,01JRZTN1G857VNRR75A69HMTD8,36,animals,1.0,0,,lemur,lemur,"['African', 'Primates']",True,36
monkey,149756,1943.0,01JRZV24TKM8XJQ7CXX2T3ZWGX,01JRZTN1G857VNRR75A69HMTD8,37,animals,1.0,0,,monkey,monkey,"['African', 'Primates']",False,37
chimpanzee,155636,5880.0,01JRZV24TKM8XJQ7CXX2T3ZWGX,01JRZTN1G857VNRR75A69HMTD8,38,animals,1.0,0,,chimpanzee,chimpanzee,"['African', 'Primates']",False,38
orangutan,161437,5801.0,01JRZV24TKM8XJQ7CXX2T3ZWGX,01JRZTN1G857VNRR75A69HMTD8,39,animals,1.0,0,,organgutan,orangutan,['Primates'],False,39
zebra,175118,13681.0,01JRZV24TKM8XJQ7CXX2T3ZWGX,01JRZTN1G857VNRR75A69HMTD8,40,animals,1.0,0,,zebra,zebra,['African'],True,40
hyena,178318,3200.0,01JRZV24TKM8XJQ7CXX2T3ZWGX,01JRZTN1G857VNRR75A69HMTD8,41,animals,1.0,0,,hyena,hyena,"['African', 'Canine']",False,41
blouse,4618,4618.0,01JRZV24TKM8XJQ7CXX2T3ZWGX,01JRZTN1G857VNRR75A69HMTD8,0,clothes,1.0,0,,blouse,blouse,,True,0
shirt,5392,774.0,01JRZV24TKM8XJQ7CXX2T3ZWGX,01JRZTN1G857VNRR75A69HMTD8,1,clothes,1.0,0,,shirt,shirt,,True,1
pant,6991,1599.0,01JRZV24TKM8XJQ7CXX2T3ZWGX,01JRZTN1G857VNRR75A69HMTD8,2,clothes,1.0,0,,pants,pant,,True,2
capri,9085,2094.0,01JRZV24TKM8XJQ7CXX2T3ZWGX,01JRZTN1G857VNRR75A69HMTD8,3,clothes,1.0,0,,capris,capri,,True,3
shoe,11887,2802.0,01JRZV24TKM8XJQ7CXX2T3ZWGX,01JRZTN1G857VNRR75A69HMTD8,4,clothes,1.0,0,,shoes,shoe,,True,4
boot,14178,2291.0,01JRZV24TKM8XJQ7CXX2T3ZWGX,01JRZTN1G857VNRR75A69HMTD8,5,clothes,1.0,0,,boots,boot,,True,5
high heel,17209,3031.0,01JRZV24TKM8XJQ7CXX2T3ZWGX,01JRZTN1G857VNRR75A69HMTD8,6,clothes,1.0,0,,high heels,highheel,,True,6
sock,22262,5053.0,01JRZV24TKM8XJQ7CXX2T3ZWGX,01JRZTN1G857VNRR75A69HMTD8,7,clothes,0.0,0,,socks,sock,,True,7
hat,26586,4324.0,01JRZV24TKM8XJQ7CXX2T3ZWGX,01JRZTN1G857VNRR75A69HMTD8,8,clothes,1.0,0,,hat,hat,,True,8
sun hat,28006,1420.0,01JRZV24TKM8XJQ7CXX2T3ZWGX,01JRZTN1G857VNRR75A69HMTD8,9,clothes,1.0,0,,sun hat,sunhat,,True,9
baseball cap,33349,5343.0,01JRZV24TKM8XJQ7CXX2T3ZWGX,01JRZTN1G857VNRR75A69HMTD8,10,clothes,1.0,0,,baseball cap,baseballcap,,True,10
fedora,36401,3052.0,01JRZV24TKM8XJQ7CXX2T3ZWGX,01JRZTN1G857VNRR75A69HMTD8,11,clothes,1.0,0,,fedora,fedora,,True,11
hiking boot,43542,7141.0,01JRZV24TKM8XJQ7CXX2T3ZWGX,01JRZTN1G857VNRR75A69HMTD8,12,clothes,0.0,0,,hiking boots,hikingboot,,True,12
sandal,47664,4122.0,01JRZV24TKM8XJQ7CXX2T3ZWGX,01JRZTN1G857VNRR75A69HMTD8,13,clothes,0.0,0,,sandals,sandal,,True,13
slipper,53212,5548.0,01JRZV24TKM8XJQ7CXX2T3ZWGX,01JRZTN1G857VNRR75A69HMTD8,14,clothes,0.0,0,,slippers,slipper,,True,14
rain coat,55989,2777.0,01JRZV24TKM8XJQ7CXX2T3ZWGX,01JRZTN1G857VNRR75A69HMTD8,15,clothes,1.0,0,,rain coat,raincoat,,True,15
jacket,63929,7940.0,01JRZV24TKM8XJQ7CXX2T3ZWGX,01JRZTN1G857VNRR75A69HMTD8,16,clothes,1.0,0,,jacket,jacket,,True,16
denim jacket,67823,3894.0,01JRZV24TKM8XJQ7CXX2T3ZWGX,01JRZTN1G857VNRR75A69HMTD8,17,clothes,1.0,0,,denim jacket,denimjacket,,True,17
fleece jacket,72380,4557.0,01JRZV24TKM8XJQ7CXX2T3ZWGX,01JRZTN1G857VNRR75A69HMTD8,18,clothes,1.0,0,,fleece jacket,fleecejacket,,True,18
wool sock,76950,4570.0,01JRZV24TKM8XJQ7CXX2T3ZWGX,01JRZTN1G857VNRR75A69HMTD8,19,clothes,0.0,0,,wool socks,woolsock,,True,19
athletic sock,86347,9397.0,01JRZV24TKM8XJQ7CXX2T3ZWGX,01JRZTN1G857VNRR75A69HMTD8,20,clothes,1.0,0,,athletic socks,athleticsock,,True,20
jock strap,89696,3349.0,01JRZV24TKM8XJQ7CXX2T3ZWGX,01JRZTN1G857VNRR75A69HMTD8,21,clothes,1.0,0,,jock strap,jockstrap,,True,21
yoga pant,103280,13584.0,01JRZV24TKM8XJQ7CXX2T3ZWGX,01JRZTN1G857VNRR75A69HMTD8,22,clothes,1.0,0,,yoga pants,yogapant,,True,22
scarf,121146,17866.0,01JRZV24TKM8XJQ7CXX2T3ZWGX,01JRZTN1G857VNRR75A69HMTD8,23,clothes,0.0,0,,scarf,scarf,,True,23
t-shirt,133450,12304.0,01JRZV24TKM8XJQ7CXX2T3ZWGX,01JRZTN1G857VNRR75A69HMTD8,24,clothes,0.0,0,,t-shirt,tshirt,,True,24
dress,139940,6490.0,01JRZV24TKM8XJQ7CXX2T3ZWGX,01JRZTN1G857VNRR75A69HMTD8,25,clothes,1.0,0,,dress,dres,,True,25
skirt,146046,6106.0,01JRZV24TKM8XJQ7CXX2T3ZWGX,01JRZTN1G857VNRR75A69HMTD8,26,clothes,1.0,0,,skirt,skirt,,True,26
mini-skirt,157484,11438.0,01JRZV24TKM8XJQ7CXX2T3ZWGX,01JRZTN1G857VNRR75A69HMTD8,27,clothes,1.0,0,,mini-skirt,miniskirt,,True,27
kilt,159837,2353.0,01JRZV24TKM8XJQ7CXX2T3ZWGX,01JRZTN1G857VNRR75A69HMTD8,28,clothes,1.0,0,,kilt,kilt,,True,28
slack,167859,8022.0,01JRZV24TKM8XJQ7CXX2T3ZWGX,01JRZTN1G857VNRR75A69HMTD8,29,clothes,0.0,0,,slacks,slack,,True,29
chino,170502,2643.0,01JRZV24TKM8XJQ7CXX2T3ZWGX,01JRZTN1G857VNRR75A69HMTD8,30,clothes,0.0,0,,chinos,chino,,True,30
cheese,4304,4304.0,01JRZV24TKM8XJQ7CXX2T3ZWGX,01JRZTN1G857VNRR75A69HMTD8,0,supermarket,1.0,0,,cheese,cheese,,True,0
egg,5603,1299.0,01JRZV24TKM8XJQ7CXX2T3ZWGX,01JRZTN1G857VNRR75A69HMTD8,1,supermarket,0.0,0,,eggs,egg,,True,1
bread,7643,2040.0,01JRZV24TKM8XJQ7CXX2T3ZWGX,01JRZTN1G857VNRR75A69HMTD8,2,supermarket,0.0,0,,bread,bread,,True,2
lemon,10518,2875.0,01JRZV24TKM8XJQ7CXX2T3ZWGX,01JRZTN1G857VNRR75A69HMTD8,3,supermarket,1.0,0,,lemons,lemon,,True,3
apple,12461,1943.0,01JRZV24TKM8XJQ7CXX2T3ZWGX,01JRZTN1G857VNRR75A69HMTD8,4,supermarket,1.0,0,,apples,apple,,True,4
grape,14796,2335.0,01JRZV24TKM8XJQ7CXX2T3ZWGX,01JRZTN1G857VNRR75A69HMTD8,5,supermarket,1.0,0,,grapes,grape,,True,5
watermelon,17956,3160.0,01JRZV24TKM8XJQ7CXX2T3ZWGX,01JRZTN1G857VNRR75A69HMTD8,6,supermarket,1.0,0,,watermelon,watermelon,,True,6
melon,19888,1932.0,01JRZV24TKM8XJQ7CXX2T3ZWGX,01JRZTN1G857VNRR75A69HMTD8,7,supermarket,1.0,0,,melon,melon,,True,7
avocado,24003,4115.0,01JRZV24TKM8XJQ7CXX2T3ZWGX,01JRZTN1G857VNRR75A69HMTD8,8,supermarket,1.0,0,,avocado,avocado,,True,8
pear,30914,6911.0,01JRZV24TKM8XJQ7CXX2T3ZWGX,01JRZTN1G857VNRR75A69HMTD8,9,supermarket,1.0,0,,pears,pear,,True,9
starfruit,36707,5793.0,01JRZV24TKM8XJQ7CXX2T3ZWGX,01JRZTN1G857VNRR75A69HMTD8,10,supermarket,1.0,0,,starfruit,starfruit,,True,10
yoghurt,41443,4736.0,01JRZV24TKM8XJQ7CXX2T3ZWGX,01JRZTN1G857VNRR75A69HMTD8,11,supermarket,0.0,0,,yoghurt,yoghurt,,True,11
cereal,43524,2081.0,01JRZV24TKM8XJQ7CXX2T3ZWGX,01JRZTN1G857VNRR75A69HMTD8,12,supermarket,0.0,0,,cereal,cereal,,True,12
granola,48724,5200.0,01JRZV24TKM8XJQ7CXX2T3ZWGX,01JRZTN1G857VNRR75A69HMTD8,13,supermarket,1.0,0,,granola,granola,,True,13
oatmeal,50750,2026.0,01JRZV24TKM8XJQ7CXX2T3ZWGX,01JRZTN1G857VNRR75A69HMTD8,14,supermarket,1.0,0,,oatmeal,oatmeal,,True,14
flour,55562,4812.0,01JRZV24TKM8XJQ7CXX2T3ZWGX,01JRZTN1G857VNRR75A69HMTD8,15,supermarket,1.0,0,,flour,flour,,True,15
sugar,57685,2123.0,01JRZV24TKM8XJQ7CXX2T3ZWGX,01JRZTN1G857VNRR75A69HMTD8,16,supermarket,1.0,0,,sugar,sugar,,True,16
baking soda,62521,4836.0,01JRZV24TKM8XJQ7CXX2T3ZWGX,01JRZTN1G857VNRR75A69HMTD8,17,supermarket,1.0,0,,baking soda,bakingsoda,,True,17
baking powder,65856,3335.0,01JRZV24TKM8XJQ7CXX2T3ZWGX,01JRZTN1G857VNRR75A69HMTD8,18,supermarket,1.0,0,,baking powder,bakingpowder,,True,18
icing,70025,4169.0,01JRZV24TKM8XJQ7CXX2T3ZWGX,01JRZTN1G857VNRR75A69HMTD8,19,supermarket,0.0,0,,icing,icing,,True,19
maple syrup,78106,8081.0,01JRZV24TKM8XJQ7CXX2T3ZWGX,01JRZTN1G857VNRR75A69HMTD8,20,supermarket,0.0,0,,maple syrup,maplesyrup,,True,20
pizza,85488,7382.0,01JRZV24TKM8XJQ7CXX2T3ZWGX,01JRZTN1G857VNRR75A69HMTD8,21,supermarket,0.0,0,,pizza,pizza,,True,21
chicken thigh,91182,5694.0,01JRZV24TKM8XJQ7CXX2T3ZWGX,01JRZTN1G857VNRR75A69HMTD8,22,supermarket,0.0,0,,chicken thighs,chickenthigh,,True,22
turkey,93960,2778.0,01JRZV24TKM8XJQ7CXX2T3ZWGX,01JRZTN1G857VNRR75A69HMTD8,23,supermarket,0.0,0,,turkey,turkey,,True,23
fish,97573,3613.0,01JRZV24TKM8XJQ7CXX2T3ZWGX,01JRZTN1G857VNRR75A69HMTD8,24,supermarket,1.0,0,,fish,fish,,True,24
salmon,100284,2711.0,01JRZV24TKM8XJQ7CXX2T3ZWGX,01JRZTN1G857VNRR75A69HMTD8,25,supermarket,1.0,0,,salmon,salmon,,True,25
trout,105228,4944.0,01JRZV24TKM8XJQ7CXX2T3ZWGX,01JRZTN1G857VNRR75A69HMTD8,26,supermarket,1.0,0,,trout,trout,,True,26
beef,110700,5472.0,01JRZV24TKM8XJQ7CXX2T3ZWGX,01JRZTN1G857VNRR75A69HMTD8,27,supermarket,0.0,0,,beef,beef,,True,27
hotdog,115228,4528.0,01JRZV24TKM8XJQ7CXX2T3ZWGX,01JRZTN1G857VNRR75A69HMTD8,28,supermarket,0.0,0,,hotdogs,hotdog,,True,28
soda,117422,2194.0,01JRZV24TKM8XJQ7CXX2T3ZWGX,01JRZTN1G857VNRR75A69HMTD8,29,supermarket,1.0,0,,soda,soda,,True,29
beer,123354,5932.0,01JRZV24TKM8XJQ7CXX2T3ZWGX,01JRZTN1G857VNRR75A69HMTD8,30,supermarket,1.0,0,,beer,beer,,True,30
seltzer,127622,4268.0,01JRZV24TKM8XJQ7CXX2T3ZWGX,01JRZTN1G857VNRR75A69HMTD8,31,supermarket,1.0,0,,seltzer,seltzer,,True,31
flower,136197,8575.0,01JRZV24TKM8XJQ7CXX2T3ZWGX,01JRZTN1G857VNRR75A69HMTD8,32,supermarket,0.0,0,,flowers,flower,,True,32
toilet paper,143208,7011.0,01JRZV24TKM8XJQ7CXX2T3ZWGX,01JRZTN1G857VNRR75A69HMTD8,33,supermarket,1.0,0,,toilet paper,toiletpaper,,True,33
tissue,147436,4228.0,01JRZV24TKM8XJQ7CXX2T3ZWGX,01JRZTN1G857VNRR75A69HMTD8,34,supermarket,1.0,0,,tissues,tissue,,True,34
paper towel,149406,1970.0,01JRZV24TKM8XJQ7CXX2T3ZWGX,01JRZTN1G857VNRR75A69HMTD8,35,supermarket,1.0,0,,paper towels,papertowel,,True,35
lettuce,162589,13183.0,01JRZV24TKM8XJQ7CXX2T3ZWGX,01JRZTN1G857VNRR75A69HMTD8,36,supermarket,1.0,0,,lettuce,lettuce,,True,36
broccoli,166291,3702.0,01JRZV24TKM8XJQ7CXX2T3ZWGX,01JRZTN1G857VNRR75A69HMTD8,37,supermarket,1.0,0,,broccoli,broccoli,,True,37
caper,171151,4860.0,01JRZV24TKM8XJQ7CXX2T3ZWGX,01JRZTN1G857VNRR75A69HMTD8,38,supermarket,0.0,0,,capers,caper,,True,38
scallop,174065,2914.0,01JRZV24TKM8XJQ7CXX2T3ZWGX,01JRZTN1G857VNRR75A69HMTD8,39,supermarket,0.0,0,,scallops,scallop,,True,39
dog,5691,5691.0,01JRZV2A3QHG5RC1BX6J3T3H91,01JRZTN1GX6C3TEMG62KTH7HCA,0,animals,1.0,0,,dog,dog,"['Canine', 'Pets']",True,0
cat,7226,1535.0,01JRZV2A3QHG5RC1BX6J3T3H91,01JRZTN1GX6C3TEMG62KTH7HCA,1,animals,1.0,0,,cat,cat,"['Pets', 'Feline']",False,1
rabbit,9955,2729.0,01JRZV2A3QHG5RC1BX6J3T3H91,01JRZTN1GX6C3TEMG62KTH7HCA,2,animals,0.0,0,,rabbit,rabbit,"['NorthAmerican', 'Pets', 'Rabbit', 'UsedForFur']",False,2
zebra,13241,3286.0,01JRZV2A3QHG5RC1BX6J3T3H91,01JRZTN1GX6C3TEMG62KTH7HCA,3,animals,0.0,0,,zebra,zebra,['African'],True,3
goldfish,17256,4015.0,01JRZV2A3QHG5RC1BX6J3T3H91,01JRZTN1GX6C3TEMG62KTH7HCA,4,animals,0.0,0,,goldfish,goldfish,"['Fish', 'Pets', 'Water']",True,4
crab,20739,3483.0,01JRZV2A3QHG5RC1BX6J3T3H91,01JRZTN1GX6C3TEMG62KTH7HCA,5,animals,0.0,0,,crab,crab,['Water'],False,5
hamster,24737,3998.0,01JRZV2A3QHG5RC1BX6J3T3H91,01JRZTN1GX6C3TEMG62KTH7HCA,6,animals,0.0,0,,hamster,hamster,"['Pets', 'Rodents']",True,6
emu,27192,2455.0,01JRZV2A3QHG5RC1BX6J3T3H91,01JRZTN1GX6C3TEMG62KTH7HCA,7,animals,0.0,0,,emu,emu,"['Australian', 'Bird']",True,7
horse,29346,2154.0,01JRZV2A3QHG5RC1BX6J3T3H91,01JRZTN1GX6C3TEMG62KTH7HCA,8,animals,0.0,0,,horse,horse,"['BeastsOfBurden', 'Farm']",True,8
penguin,32211,2865.0,01JRZV2A3QHG5RC1BX6J3T3H91,01JRZTN1GX6C3TEMG62KTH7HCA,9,animals,0.0,0,,penguin,penguin,"['Arctic', 'Bird', 'Water']",True,9
seal,34668,2457.0,01JRZV2A3QHG5RC1BX6J3T3H91,01JRZTN1GX6C3TEMG62KTH7HCA,10,animals,0.0,0,,seal,seal,"['Arctic', 'Water']",False,10
cow,37539,2871.0,01JRZV2A3QHG5RC1BX6J3T3H91,01JRZTN1GX6C3TEMG62KTH7HCA,11,animals,0.0,0,,cow,cow,"['Bovine', 'Farm']",True,11
pig,39072,1533.0,01JRZV2A3QHG5RC1BX6J3T3H91,01JRZTN1GX6C3TEMG62KTH7HCA,12,animals,0.0,0,,pig,pig,['Farm'],False,12
donkey,45418,6346.0,01JRZV2A3QHG5RC1BX6J3T3H91,01JRZTN1GX6C3TEMG62KTH7HCA,13,animals,0.0,0,,donkey,donkey,"['BeastsOfBurden', 'Farm']",False,13
lama,46859,1441.0,01JRZV2A3QHG5RC1BX6J3T3H91,01JRZTN1GX6C3TEMG62KTH7HCA,14,animals,0.0,0,,lama,llama,"['BeastsOfBurden', 'UsedForFur']",False,14
fox,49517,2658.0,01JRZV2A3QHG5RC1BX6J3T3H91,01JRZTN1GX6C3TEMG62KTH7HCA,15,animals,0.0,0,,fox,fox,"['Canine', 'NorthAmerican', 'UsedForFur']",False,15
gerbil,51768,2251.0,01JRZV2A3QHG5RC1BX6J3T3H91,01JRZTN1GX6C3TEMG62KTH7HCA,16,animals,0.0,0,,gerbil,gerbil,"['Pets', 'Rodents']",True,16
kangaroo,55663,3895.0,01JRZV2A3QHG5RC1BX6J3T3H91,01JRZTN1GX6C3TEMG62KTH7HCA,17,animals,0.0,0,,kangaroo,kangaroo,['Australian'],True,17
panda,57917,2254.0,01JRZV2A3QHG5RC1BX6J3T3H91,01JRZTN1GX6C3TEMG62KTH7HCA,18,animals,0.0,0,,panda,panda,['Asian'],True,18
eel,60163,2246.0,01JRZV2A3QHG5RC1BX6J3T3H91,01JRZTN1GX6C3TEMG62KTH7HCA,19,animals,0.0,0,,eel,eel,['Water'],True,19
tiger,70102,9939.0,01JRZV2A3QHG5RC1BX6J3T3H91,01JRZTN1GX6C3TEMG62KTH7HCA,20,animals,0.0,0,,tiger,tiger,"['African', 'Feline']",True,20
lion,71538,1436.0,01JRZV2A3QHG5RC1BX6J3T3H91,01JRZTN1GX6C3TEMG62KTH7HCA,21,animals,0.0,0,,lion,lion,"['African', 'Feline']",False,21
raccoon,77370,5832.0,01JRZV2A3QHG5RC1BX6J3T3H91,01JRZTN1GX6C3TEMG62KTH7HCA,22,animals,0.0,0,,raccoon,raccoon,['NorthAmerican'],True,22
polar bear,80890,3520.0,01JRZV2A3QHG5RC1BX6J3T3H91,01JRZTN1GX6C3TEMG62KTH7HCA,23,animals,0.0,0,,polar bear,polarbear,['Arctic'],True,23
rat,90108,9218.0,01JRZV2A3QHG5RC1BX6J3T3H91,01JRZTN1GX6C3TEMG62KTH7HCA,24,animals,0.0,0,,rat,rat,['Rodents'],True,24
mouse,92219,2111.0,01JRZV2A3QHG5RC1BX6J3T3H91,01JRZTN1GX6C3TEMG62KTH7HCA,25,animals,0.0,0,,mouse,mouse,"['Bird', 'Rodents']",False,25
elephant,95293,3074.0,01JRZV2A3QHG5RC1BX6J3T3H91,01JRZTN1GX6C3TEMG62KTH7HCA,26,animals,0.0,0,,elephant,elephant,['African'],True,26
meerkat,101946,6653.0,01JRZV2A3QHG5RC1BX6J3T3H91,01JRZTN1GX6C3TEMG62KTH7HCA,27,animals,0.0,0,,meercat,meerkat,['African'],False,27
monkey,105426,3480.0,01JRZV2A3QHG5RC1BX6J3T3H91,01JRZTN1GX6C3TEMG62KTH7HCA,28,animals,0.0,0,,monkey,monkey,"['African', 'Primates']",False,28
gorilla,107988,2562.0,01JRZV2A3QHG5RC1BX6J3T3H91,01JRZTN1GX6C3TEMG62KTH7HCA,29,animals,0.0,0,,gorilla,gorilla,"['African', 'Primates']",False,29
chimpanzee,119351,11363.0,01JRZV2A3QHG5RC1BX6J3T3H91,01JRZTN1GX6C3TEMG62KTH7HCA,30,animals,0.0,0,,chimpanzee,chimpanzee,"['African', 'Primates']",False,30
ant,124325,4974.0,01JRZV2A3QHG5RC1BX6J3T3H91,01JRZTN1GX6C3TEMG62KTH7HCA,31,animals,0.0,0,,ant,ant,['Insects'],True,31
bee,126111,1786.0,01JRZV2A3QHG5RC1BX6J3T3H91,01JRZTN1GX6C3TEMG62KTH7HCA,32,animals,0.0,0,,bee,bee,['Insects'],False,32
frog,129290,3179.0,01JRZV2A3QHG5RC1BX6J3T3H91,01JRZTN1GX6C3TEMG62KTH7HCA,33,animals,0.0,0,,frog,frog,"['ReptileAmphibian', 'Water']",True,33
koala,136595,7305.0,01JRZV2A3QHG5RC1BX6J3T3H91,01JRZTN1GX6C3TEMG62KTH7HCA,34,animals,0.0,0,,koala,koala,['Australian'],True,34
mongoose,146286,9691.0,01JRZV2A3QHG5RC1BX6J3T3H91,01JRZTN1GX6C3TEMG62KTH7HCA,35,animals,0.0,0,,mongoose,mongoose,"['African', 'Weasels']",True,35
newt,148675,2389.0,01JRZV2A3QHG5RC1BX6J3T3H91,01JRZTN1GX6C3TEMG62KTH7HCA,36,animals,0.0,0,,newt,newt,"['ReptileAmphibian', 'Water']",True,36
octopus,153198,4523.0,01JRZV2A3QHG5RC1BX6J3T3H91,01JRZTN1GX6C3TEMG62KTH7HCA,37,animals,0.0,0,,octopus,octopus,['Water'],False,37
reindeer,159457,6259.0,01JRZV2A3QHG5RC1BX6J3T3H91,01JRZTN1GX6C3TEMG62KTH7HCA,38,animals,0.0,0,,reindeer,reindeer,"['Arctic', 'Deers']",True,38
toad,166975,7518.0,01JRZV2A3QHG5RC1BX6J3T3H91,01JRZTN1GX6C3TEMG62KTH7HCA,39,animals,0.0,0,,toad,toad,"['ReptileAmphibian', 'Water']",True,39
owl,175093,8118.0,01JRZV2A3QHG5RC1BX6J3T3H91,01JRZTN1GX6C3TEMG62KTH7HCA,40,animals,0.0,0,,vowl,owl,['Bird'],True,40
T-shirt,5308,5308.0,01JRZV2A3QHG5RC1BX6J3T3H91,01JRZTN1GX6C3TEMG62KTH7HCA,0,clothes,1.0,0,,t shirt,tshirt,,True,0
trouser,9320,4012.0,01JRZV2A3QHG5RC1BX6J3T3H91,01JRZTN1GX6C3TEMG62KTH7HCA,1,clothes,0.0,0,,trousers,trouser,,True,1
jean,10554,1234.0,01JRZV2A3QHG5RC1BX6J3T3H91,01JRZTN1GX6C3TEMG62KTH7HCA,2,clothes,0.0,0,,jeans,jean,,True,2
skirt,11964,1410.0,01JRZV2A3QHG5RC1BX6J3T3H91,01JRZTN1GX6C3TEMG62KTH7HCA,3,clothes,0.0,0,,skirt,skirt,,True,3
bra,13094,1130.0,01JRZV2A3QHG5RC1BX6J3T3H91,01JRZTN1GX6C3TEMG62KTH7HCA,4,clothes,0.0,0,,bra,bra,,True,4
jumper,15753,2659.0,01JRZV2A3QHG5RC1BX6J3T3H91,01JRZTN1GX6C3TEMG62KTH7HCA,5,clothes,0.0,0,,jumper,jumper,,True,5
cardigan,17911,2158.0,01JRZV2A3QHG5RC1BX6J3T3H91,01JRZTN1GX6C3TEMG62KTH7HCA,6,clothes,0.0,0,,ardigan,cardigan,,True,6
vest,20257,2346.0,01JRZV2A3QHG5RC1BX6J3T3H91,01JRZTN1GX6C3TEMG62KTH7HCA,7,clothes,0.0,0,,vest,vest,,True,7
sweatpant,26510,6253.0,01JRZV2A3QHG5RC1BX6J3T3H91,01JRZTN1GX6C3TEMG62KTH7HCA,8,clothes,0.0,0,,sweatpants,sweatpant,,True,8
sock,29071,2561.0,01JRZV2A3QHG5RC1BX6J3T3H91,01JRZTN1GX6C3TEMG62KTH7HCA,9,clothes,0.0,0,,socks,sock,,True,9
shoe,34092,5021.0,01JRZV2A3QHG5RC1BX6J3T3H91,01JRZTN1GX6C3TEMG62KTH7HCA,10,clothes,0.0,0,,shoes,shoe,,True,10
knicker,44034,9942.0,01JRZV2A3QHG5RC1BX6J3T3H91,01JRZTN1GX6C3TEMG62KTH7HCA,11,clothes,0.0,0,,knickers,knicker,,True,11
boxers shorts,48212,4178.0,01JRZV2A3QHG5RC1BX6J3T3H91,01JRZTN1GX6C3TEMG62KTH7HCA,12,clothes,0.0,0,,boxers shorts,boxershort,,True,12
thong,50977,2765.0,01JRZV2A3QHG5RC1BX6J3T3H91,01JRZTN1GX6C3TEMG62KTH7HCA,13,clothes,0.0,0,,thong,thong,,True,13
dress,54358,3381.0,01JRZV2A3QHG5RC1BX6J3T3H91,01JRZTN1GX6C3TEMG62KTH7HCA,14,clothes,0.0,0,,dress,dres,,True,14
suit,57430,3072.0,01JRZV2A3QHG5RC1BX6J3T3H91,01JRZTN1GX6C3TEMG62KTH7HCA,15,clothes,0.0,0,,suit,suit,,True,15
tie,58861,1431.0,01JRZV2A3QHG5RC1BX6J3T3H91,01JRZTN1GX6C3TEMG62KTH7HCA,16,clothes,0.0,0,,tie,tie,,True,16
shirt,61934,3073.0,01JRZV2A3QHG5RC1BX6J3T3H91,01JRZTN1GX6C3TEMG62KTH7HCA,17,clothes,0.0,0,,shirt,shirt,,True,17
waistcoat,69585,7651.0,01JRZV2A3QHG5RC1BX6J3T3H91,01JRZTN1GX6C3TEMG62KTH7HCA,18,clothes,0.0,0,,waistcoat,waistcoat,,True,18
coat,74016,4431.0,01JRZV2A3QHG5RC1BX6J3T3H91,01JRZTN1GX6C3TEMG62KTH7HCA,19,clothes,0.0,0,,coat,coat,,True,19
raincoat,83336,9320.0,01JRZV2A3QHG5RC1BX6J3T3H91,01JRZTN1GX6C3TEMG62KTH7HCA,20,clothes,0.0,0,,riancoat,raincoat,,True,20
tracksuit,99928,13006.0,01JRZV2A3QHG5RC1BX6J3T3H91,01JRZTN1GX6C3TEMG62KTH7HCA,22,clothes,0.0,0,,tracksuit,tracksuit,,True,21
jumpsuit,108673,8745.0,01JRZV2A3QHG5RC1BX6J3T3H91,01JRZTN1GX6C3TEMG62KTH7HCA,23,clothes,0.0,0,,jumpsuit,jumpsuit,,True,22
hat,114960,6287.0,01JRZV2A3QHG5RC1BX6J3T3H91,01JRZTN1GX6C3TEMG62KTH7HCA,24,clothes,0.0,0,,hat,hat,,True,23
scarf,120359,5399.0,01JRZV2A3QHG5RC1BX6J3T3H91,01JRZTN1GX6C3TEMG62KTH7HCA,25,clothes,0.0,0,,scalf,scarf,,True,24
glove,122762,2403.0,01JRZV2A3QHG5RC1BX6J3T3H91,01JRZTN1GX6C3TEMG62KTH7HCA,26,clothes,0.0,0,,gloves,glove,,True,25
gilet,127597,4835.0,01JRZV2A3QHG5RC1BX6J3T3H91,01JRZTN1GX6C3TEMG62KTH7HCA,27,clothes,0.0,0,,gilet,gilet,,True,26
legging,149082,21485.0,01JRZV2A3QHG5RC1BX6J3T3H91,01JRZTN1GX6C3TEMG62KTH7HCA,28,clothes,0.0,0,,leggings,legging,,True,27
tight,152782,3700.0,01JRZV2A3QHG5RC1BX6J3T3H91,01JRZTN1GX6C3TEMG62KTH7HCA,29,clothes,0.0,0,,tights,tight,,True,28
stocking,155521,2739.0,01JRZV2A3QHG5RC1BX6J3T3H91,01JRZTN1GX6C3TEMG62KTH7HCA,30,clothes,0.0,0,,stockings,stocking,,True,29
suspender,159447,3926.0,01JRZV2A3QHG5RC1BX6J3T3H91,01JRZTN1GX6C3TEMG62KTH7HCA,31,clothes,0.0,0,,suspenders,suspender,,True,30
bodysuit,166281,6834.0,01JRZV2A3QHG5RC1BX6J3T3H91,01JRZTN1GX6C3TEMG62KTH7HCA,32,clothes,0.0,0,,bodysuit,bodysuit,,True,31
belt,174163,7882.0,01JRZV2A3QHG5RC1BX6J3T3H91,01JRZTN1GX6C3TEMG62KTH7HCA,33,clothes,0.0,0,,belt,belt,,True,32
apple,6862,6862.0,01JRZV2A3QHG5RC1BX6J3T3H91,01JRZTN1GX6C3TEMG62KTH7HCA,0,supermarket,1.0,0,,apple,apple,,True,0
banana,8909,2047.0,01JRZV2A3QHG5RC1BX6J3T3H91,01JRZTN1GX6C3TEMG62KTH7HCA,1,supermarket,0.0,0,,bananna,banana,,True,1
carrot,12387,3478.0,01JRZV2A3QHG5RC1BX6J3T3H91,01JRZTN1GX6C3TEMG62KTH7HCA,2,supermarket,1.0,0,,carrot,carrot,,True,2
deodorant,16901,4514.0,01JRZV2A3QHG5RC1BX6J3T3H91,01JRZTN1GX6C3TEMG62KTH7HCA,3,supermarket,0.0,0,,deodorant,deodorant,,True,3
egg,18738,1837.0,01JRZV2A3QHG5RC1BX6J3T3H91,01JRZTN1GX6C3TEMG62KTH7HCA,4,supermarket,0.0,0,,eggs,egg,,True,4
fish,21124,2386.0,01JRZV2A3QHG5RC1BX6J3T3H91,01JRZTN1GX6C3TEMG62KTH7HCA,5,supermarket,0.0,0,,fish,fish,,True,5
gel,27754,6630.0,01JRZV2A3QHG5RC1BX6J3T3H91,01JRZTN1GX6C3TEMG62KTH7HCA,6,supermarket,0.0,0,,gel,gel,,True,6
ham,32044,4290.0,01JRZV2A3QHG5RC1BX6J3T3H91,01JRZTN1GX6C3TEMG62KTH7HCA,7,supermarket,0.0,0,,ham,ham,,True,7
jam,34314,2270.0,01JRZV2A3QHG5RC1BX6J3T3H91,01JRZTN1GX6C3TEMG62KTH7HCA,8,supermarket,0.0,0,,jam,jam,,True,8
lemon,38379,4065.0,01JRZV2A3QHG5RC1BX6J3T3H91,01JRZTN1GX6C3TEMG62KTH7HCA,9,supermarket,0.0,0,,lemon,lemon,,True,9
nut,45576,7197.0,01JRZV2A3QHG5RC1BX6J3T3H91,01JRZTN1GX6C3TEMG62KTH7HCA,10,supermarket,0.0,0,,nuts,nut,,True,10
olive,49503,3927.0,01JRZV2A3QHG5RC1BX6J3T3H91,01JRZTN1GX6C3TEMG62KTH7HCA,11,supermarket,0.0,0,,olives,olive,,True,11
pineapple,53660,4157.0,01JRZV2A3QHG5RC1BX6J3T3H91,01JRZTN1GX6C3TEMG62KTH7HCA,12,supermarket,1.0,0,,pineapple,pineapple,,True,12
sandwich spread,65534,11874.0,01JRZV2A3QHG5RC1BX6J3T3H91,01JRZTN1GX6C3TEMG62KTH7HCA,13,supermarket,0.0,0,,sandwich spread,sandwichspread,,True,13
tuna,67405,1871.0,01JRZV2A3QHG5RC1BX6J3T3H91,01JRZTN1GX6C3TEMG62KTH7HCA,14,supermarket,0.0,0,,tuna,tuna,,True,14
window cleaner,72808,5403.0,01JRZV2A3QHG5RC1BX6J3T3H91,01JRZTN1GX6C3TEMG62KTH7HCA,15,supermarket,0.0,0,,window cleaner,windowcleaner,,True,15
avocado,81322,8514.0,01JRZV2A3QHG5RC1BX6J3T3H91,01JRZTN1GX6C3TEMG62KTH7HCA,16,supermarket,0.0,0,,avocado,avocado,,True,16
bread,84904,3582.0,01JRZV2A3QHG5RC1BX6J3T3H91,01JRZTN1GX6C3TEMG62KTH7HCA,17,supermarket,0.0,0,,bread,bread,,True,17
cucumber,88166,3262.0,01JRZV2A3QHG5RC1BX6J3T3H91,01JRZTN1GX6C3TEMG62KTH7HCA,18,supermarket,0.0,0,,cucumber,cucumber,,True,18
frozen pea,101174,13008.0,01JRZV2A3QHG5RC1BX6J3T3H91,01JRZTN1GX6C3TEMG62KTH7HCA,19,supermarket,0.0,0,,frozen peas,frozenpea,,True,19
jelly,118585,17411.0,01JRZV2A3QHG5RC1BX6J3T3H91,01JRZTN1GX6C3TEMG62KTH7HCA,20,supermarket,0.0,0,,jelly,jelly,,True,20
lamb,126257,7672.0,01JRZV2A3QHG5RC1BX6J3T3H91,01JRZTN1GX6C3TEMG62KTH7HCA,21,supermarket,0.0,0,,lamb,lamb,,True,21
melon,132005,5748.0,01JRZV2A3QHG5RC1BX6J3T3H91,01JRZTN1GX6C3TEMG62KTH7HCA,22,supermarket,0.0,0,,melon,melon,,True,22
nutella,139180,7175.0,01JRZV2A3QHG5RC1BX6J3T3H91,01JRZTN1GX6C3TEMG62KTH7HCA,23,supermarket,0.0,0,,nutella,nutella,,True,23
potato chip,145720,6540.0,01JRZV2A3QHG5RC1BX6J3T3H91,01JRZTN1GX6C3TEMG62KTH7HCA,24,supermarket,0.0,0,,oven chips,potatochip,,True,24
potato,151964,6244.0,01JRZV2A3QHG5RC1BX6J3T3H91,01JRZTN1GX6C3TEMG62KTH7HCA,25,supermarket,0.0,0,,potatos,potato,,True,25
peanut,160373,8409.0,01JRZV2A3QHG5RC1BX6J3T3H91,01JRZTN1GX6C3TEMG62KTH7HCA,26,supermarket,0.0,0,,roasted peanuts,peanut,,True,26
sausage,164767,4394.0,01JRZV2A3QHG5RC1BX6J3T3H91,01JRZTN1GX6C3TEMG62KTH7HCA,27,supermarket,0.0,0,,sausages,sausage,,True,27
tin of fruit,169884,5117.0,01JRZV2A3QHG5RC1BX6J3T3H91,01JRZTN1GX6C3TEMG62KTH7HCA,28,supermarket,0.0,0,,tinned fruit,tinoffruit,,True,28
cereal,177056,7172.0,01JRZV2A3QHG5RC1BX6J3T3H91,01JRZTN1GX6C3TEMG62KTH7HCA,29,supermarket,0.0,0,,cereal,cereal,,True,29
salad,179508,2452.0,01JRZV2A3QHG5RC1BX6J3T3H91,01JRZTN1GX6C3TEMG62KTH7HCA,30,supermarket,0.0,0,,salad,salad,,True,30
cat,3415,3415.0,01JRZV38RWY8R9KJGFTXG2ST8P,01JRZTN1GETEBWPDXA6NQPTKSR,0,animals,1.0,0,,cat,cat,"['Pets', 'Feline']",True,0
dog,5820,2405.0,01JRZV38RWY8R9KJGFTXG2ST8P,01JRZTN1GETEBWPDXA6NQPTKSR,1,animals,1.0,0,,dog,dog,"['Canine', 'Pets']",False,1
cow,6906,1086.0,01JRZV38RWY8R9KJGFTXG2ST8P,01JRZTN1GETEBWPDXA6NQPTKSR,2,animals,1.0,0,,cow,cow,"['Bovine', 'Farm']",True,2
chicken,9006,2100.0,01JRZV38RWY8R9KJGFTXG2ST8P,01JRZTN1GETEBWPDXA6NQPTKSR,3,animals,1.0,0,,chicken,chicken,"['Bird', 'Farm']",False,3
sheep,10349,1343.0,01JRZV38RWY8R9KJGFTXG2ST8P,01JRZTN1GETEBWPDXA6NQPTKSR,4,animals,1.0,0,,sheep,sheep,['Farm'],False,4
goat,11992,1643.0,01JRZV38RWY8R9KJGFTXG2ST8P,01JRZTN1GETEBWPDXA6NQPTKSR,5,animals,1.0,0,,goat,goat,['Farm'],False,5
elephant,15080,3088.0,01JRZV38RWY8R9KJGFTXG2ST8P,01JRZTN1GETEBWPDXA6NQPTKSR,6,animals,0.0,0,,elephant,elephant,['African'],True,6
badger,17481,2401.0,01JRZV38RWY8R9KJGFTXG2ST8P,01JRZTN1GETEBWPDXA6NQPTKSR,7,animals,0.0,0,,badger,badger,"['NorthAmerican', 'Weasels']",True,7
fox,19371,1890.0,01JRZV38RWY8R9KJGFTXG2ST8P,01JRZTN1GETEBWPDXA6NQPTKSR,8,animals,0.0,0,,fox,fox,"['Canine', 'NorthAmerican', 'UsedForFur']",False,8
rabbit,21345,1974.0,01JRZV38RWY8R9KJGFTXG2ST8P,01JRZTN1GETEBWPDXA6NQPTKSR,9,animals,1.0,0,,rabbit,rabbit,"['NorthAmerican', 'Pets', 'Rabbit', 'UsedForFur']",False,9
hare,22998,1653.0,01JRZV38RWY8R9KJGFTXG2ST8P,01JRZTN1GETEBWPDXA6NQPTKSR,10,animals,1.0,0,,hare,hare,['Rabbit'],False,10
octopus,25118,2120.0,01JRZV38RWY8R9KJGFTXG2ST8P,01JRZTN1GETEBWPDXA6NQPTKSR,11,animals,0.0,0,,octopus,octopus,['Water'],True,11
whale,26433,1315.0,01JRZV38RWY8R9KJGFTXG2ST8P,01JRZTN1GETEBWPDXA6NQPTKSR,12,animals,1.0,0,,whale,whale,"['Fish', 'Water']",False,12
shark,28089,1656.0,01JRZV38RWY8R9KJGFTXG2ST8P,01JRZTN1GETEBWPDXA6NQPTKSR,13,animals,1.0,0,,shark,shark,"['Fish', 'Water']",False,13
orca,32766,4677.0,01JRZV38RWY8R9KJGFTXG2ST8P,01JRZTN1GETEBWPDXA6NQPTKSR,14,animals,1.0,0,,orca,orca,['Water'],False,14
dolphin,36284,3518.0,01JRZV38RWY8R9KJGFTXG2ST8P,01JRZTN1GETEBWPDXA6NQPTKSR,15,animals,1.0,0,,dolphin,dolphin,"['Insects', 'Water']",False,15
camel,38356,2072.0,01JRZV38RWY8R9KJGFTXG2ST8P,01JRZTN1GETEBWPDXA6NQPTKSR,16,animals,0.0,0,,camel,camel,"['African', 'BeastsOfBurden']",True,16
bear,41584,3228.0,01JRZV38RWY8R9KJGFTXG2ST8P,01JRZTN1GETEBWPDXA6NQPTKSR,17,animals,0.0,0,,bear,bear,['NorthAmerican'],True,17
lion,45377,3793.0,01JRZV38RWY8R9KJGFTXG2ST8P,01JRZTN1GETEBWPDXA6NQPTKSR,18,animals,1.0,0,,lion,lion,"['African', 'Feline']",True,18
tiger,46786,1409.0,01JRZV38RWY8R9KJGFTXG2ST8P,01JRZTN1GETEBWPDXA6NQPTKSR,19,animals,1.0,0,,tiger,tiger,"['African', 'Feline']",False,19
zebra,48508,1722.0,01JRZV38RWY8R9KJGFTXG2ST8P,01JRZTN1GETEBWPDXA6NQPTKSR,20,animals,1.0,0,,zebra,zebra,['African'],False,20
ant,52152,3644.0,01JRZV38RWY8R9KJGFTXG2ST8P,01JRZTN1GETEBWPDXA6NQPTKSR,21,animals,0.0,0,,ant,ant,['Insects'],True,21
wasp,54465,2313.0,01JRZV38RWY8R9KJGFTXG2ST8P,01JRZTN1GETEBWPDXA6NQPTKSR,22,animals,1.0,0,,wasp,wasp,['Insects'],False,22
fly,56853,2388.0,01JRZV38RWY8R9KJGFTXG2ST8P,01JRZTN1GETEBWPDXA6NQPTKSR,23,animals,1.0,0,,fly,fly,['Insects'],False,23
bee,58325,1472.0,01JRZV38RWY8R9KJGFTXG2ST8P,01JRZTN1GETEBWPDXA6NQPTKSR,24,animals,1.0,0,,bee,bee,['Insects'],False,24
stingray,62793,4468.0,01JRZV38RWY8R9KJGFTXG2ST8P,01JRZTN1GETEBWPDXA6NQPTKSR,25,animals,0.0,0,,stingray,stingray,['Water'],True,25
meerkat,67826,5033.0,01JRZV38RWY8R9KJGFTXG2ST8P,01JRZTN1GETEBWPDXA6NQPTKSR,26,animals,0.0,0,,meerkat,meerkat,['African'],True,26
panda,70653,2827.0,01JRZV38RWY8R9KJGFTXG2ST8P,01JRZTN1GETEBWPDXA6NQPTKSR,27,animals,0.0,0,,panda,panda,['Asian'],True,27
koala,74918,4265.0,01JRZV38RWY8R9KJGFTXG2ST8P,01JRZTN1GETEBWPDXA6NQPTKSR,28,animals,0.0,0,,koala,koala,['Australian'],True,28
bushbaby,77576,2658.0,01JRZV38RWY8R9KJGFTXG2ST8P,01JRZTN1GETEBWPDXA6NQPTKSR,29,animals,0.0,0,,bushbaby,bushbaby,['Primates'],True,29
ape,80540,2964.0,01JRZV38RWY8R9KJGFTXG2ST8P,01JRZTN1GETEBWPDXA6NQPTKSR,30,animals,1.0,0,,ape,ape,['Primates'],False,30
gorilla,82211,1671.0,01JRZV38RWY8R9KJGFTXG2ST8P,01JRZTN1GETEBWPDXA6NQPTKSR,31,animals,1.0,0,,gorilla,gorilla,"['African', 'Primates']",False,31
monkey,84058,1847.0,01JRZV38RWY8R9KJGFTXG2ST8P,01JRZTN1GETEBWPDXA6NQPTKSR,32,animals,1.0,0,,monkey,monkey,"['African', 'Primates']",False,32
human,87733,3675.0,01JRZV38RWY8R9KJGFTXG2ST8P,01JRZTN1GETEBWPDXA6NQPTKSR,33,animals,1.0,0,,human,human,['Primates'],False,33
caterpillar,97184,9451.0,01JRZV38RWY8R9KJGFTXG2ST8P,01JRZTN1GETEBWPDXA6NQPTKSR,34,animals,0.0,0,,caterpillar,caterpillar,['Insects'],True,34
snake,100383,3199.0,01JRZV38RWY8R9KJGFTXG2ST8P,01JRZTN1GETEBWPDXA6NQPTKSR,35,animals,0.0,0,,snake,snake,"['Farm', 'ReptileAmphibian']",True,35
rat,102419,2036.0,01JRZV38RWY8R9KJGFTXG2ST8P,01JRZTN1GETEBWPDXA6NQPTKSR,36,animals,1.0,0,,rat,rat,['Rodents'],True,36
mouse,107322,4903.0,01JRZV38RWY8R9KJGFTXG2ST8P,01JRZTN1GETEBWPDXA6NQPTKSR,37,animals,1.0,0,,mouse,mouse,"['Bird', 'Rodents']",False,37
spider,110086,2764.0,01JRZV38RWY8R9KJGFTXG2ST8P,01JRZTN1GETEBWPDXA6NQPTKSR,38,animals,0.0,0,,spider,spider,"['Arachnid', 'Farm']",True,38
moth,111897,1811.0,01JRZV38RWY8R9KJGFTXG2ST8P,01JRZTN1GETEBWPDXA6NQPTKSR,39,animals,0.0,0,,moth,moth,['Insects'],True,39
dragonfly,117089,5192.0,01JRZV38RWY8R9KJGFTXG2ST8P,01JRZTN1GETEBWPDXA6NQPTKSR,40,animals,0.0,0,,dragonfly,dragonfly,['Insects'],False,40
polar bear,123570,6481.0,01JRZV38RWY8R9KJGFTXG2ST8P,01JRZTN1GETEBWPDXA6NQPTKSR,41,animals,0.0,0,,polar bear,polarbear,['Arctic'],True,41
beetle,129243,5673.0,01JRZV38RWY8R9KJGFTXG2ST8P,01JRZTN1GETEBWPDXA6NQPTKSR,42,animals,0.0,0,,beetle,beetle,['Insects'],True,42
butterfly,134285,5042.0,01JRZV38RWY8R9KJGFTXG2ST8P,01JRZTN1GETEBWPDXA6NQPTKSR,43,animals,0.0,0,,butterfly,butterfly,['Insects'],False,43
vole,141806,7521.0,01JRZV38RWY8R9KJGFTXG2ST8P,01JRZTN1GETEBWPDXA6NQPTKSR,44,animals,0.0,0,,vole,vole,['Rodents'],True,44
bat,150967,9161.0,01JRZV38RWY8R9KJGFTXG2ST8P,01JRZTN1GETEBWPDXA6NQPTKSR,45,animals,1.0,0,,bat,bat,['Insectivores'],True,45
fruitbat,153309,2342.0,01JRZV38RWY8R9KJGFTXG2ST8P,01JRZTN1GETEBWPDXA6NQPTKSR,46,animals,1.0,0,,fruitbat,fruitbat,"['African', 'Asian']",True,46
panther,164397,11088.0,01JRZV38RWY8R9KJGFTXG2ST8P,01JRZTN1GETEBWPDXA6NQPTKSR,47,animals,1.0,0,,panther,panther,"['African', 'Feline']",False,47
jaguar,167570,3173.0,01JRZV38RWY8R9KJGFTXG2ST8P,01JRZTN1GETEBWPDXA6NQPTKSR,48,animals,1.0,0,,jaguar,jaguar,['Feline'],False,48
cougar,171037,3467.0,01JRZV38RWY8R9KJGFTXG2ST8P,01JRZTN1GETEBWPDXA6NQPTKSR,49,animals,1.0,0,,cougar,cougar,"['Feline', 'NorthAmerican']",False,49
puma,174443,3406.0,01JRZV38RWY8R9KJGFTXG2ST8P,01JRZTN1GETEBWPDXA6NQPTKSR,50,animals,1.0,0,,puma,puma,"['Feline', 'NorthAmerican']",False,50
ostrich,178258,3815.0,01JRZV38RWY8R9KJGFTXG2ST8P,01JRZTN1GETEBWPDXA6NQPTKSR,51,animals,0.0,0,,ostrich,ostrich,"['African', 'Bird']",True,51
hat,5024,5024.0,01JRZV38RWY8R9KJGFTXG2ST8P,01JRZTN1GETEBWPDXA6NQPTKSR,0,clothes,1.0,0,,hat,hat,,True,0
short,7828,2804.0,01JRZV38RWY8R9KJGFTXG2ST8P,01JRZTN1GETEBWPDXA6NQPTKSR,1,clothes,1.0,0,,shorts,short,,True,1
skirt,10617,2789.0,01JRZV38RWY8R9KJGFTXG2ST8P,01JRZTN1GETEBWPDXA6NQPTKSR,2,clothes,1.0,0,,skirt,skirt,,True,2
vest,11918,1301.0,01JRZV38RWY8R9KJGFTXG2ST8P,01JRZTN1GETEBWPDXA6NQPTKSR,3,clothes,0.0,0,,vest,vest,,True,3
sock,14730,2812.0,01JRZV38RWY8R9KJGFTXG2ST8P,01JRZTN1GETEBWPDXA6NQPTKSR,4,clothes,1.0,0,,socks,sock,,True,4
underpant,17431,2701.0,01JRZV38RWY8R9KJGFTXG2ST8P,01JRZTN1GETEBWPDXA6NQPTKSR,5,clothes,1.0,0,,underpants,underpant,,True,5
speedo,22971,5540.0,01JRZV38RWY8R9KJGFTXG2ST8P,01JRZTN1GETEBWPDXA6NQPTKSR,6,clothes,1.0,0,,speedos,speedo,,True,6
swimming trunk,26656,3685.0,01JRZV38RWY8R9KJGFTXG2ST8P,01JRZTN1GETEBWPDXA6NQPTKSR,7,clothes,1.0,0,,swimming trunks,swimmingtrunk,,True,7
glass,29863,3207.0,01JRZV38RWY8R9KJGFTXG2ST8P,01JRZTN1GETEBWPDXA6NQPTKSR,8,clothes,0.0,0,,glasses,glas,,True,8
cap,31739,1876.0,01JRZV38RWY8R9KJGFTXG2ST8P,01JRZTN1GETEBWPDXA6NQPTKSR,9,clothes,0.0,0,,cap,cap,,True,9
shirt,33186,1447.0,01JRZV38RWY8R9KJGFTXG2ST8P,01JRZTN1GETEBWPDXA6NQPTKSR,10,clothes,1.0,0,,shirt,shirt,,True,10
blazer,36467,3281.0,01JRZV38RWY8R9KJGFTXG2ST8P,01JRZTN1GETEBWPDXA6NQPTKSR,11,clothes,1.0,0,,blazer,blazer,,True,11
tie,38175,1708.0,01JRZV38RWY8R9KJGFTXG2ST8P,01JRZTN1GETEBWPDXA6NQPTKSR,12,clothes,1.0,0,,tie,tie,,True,12
jacket,47132,8957.0,01JRZV38RWY8R9KJGFTXG2ST8P,01JRZTN1GETEBWPDXA6NQPTKSR,13,clothes,0.0,0,,jacket,jacket,,True,13
jumper,49345,2213.0,01JRZV38RWY8R9KJGFTXG2ST8P,01JRZTN1GETEBWPDXA6NQPTKSR,14,clothes,1.0,0,,jumper,jumper,,True,14
fleece,52006,2661.0,01JRZV38RWY8R9KJGFTXG2ST8P,01JRZTN1GETEBWPDXA6NQPTKSR,15,clothes,1.0,0,,fleece,fleece,,True,15
dress,53678,1672.0,01JRZV38RWY8R9KJGFTXG2ST8P,01JRZTN1GETEBWPDXA6NQPTKSR,16,clothes,0.0,0,,dress,dres,,True,16
suit,58010,4332.0,01JRZV38RWY8R9KJGFTXG2ST8P,01JRZTN1GETEBWPDXA6NQPTKSR,17,clothes,0.0,0,,suit,suit,,True,17
goggles,64448,6438.0,01JRZV38RWY8R9KJGFTXG2ST8P,01JRZTN1GETEBWPDXA6NQPTKSR,18,clothes,0.0,0,,goggles,goggle,,True,18
watch,70770,6322.0,01JRZV38RWY8R9KJGFTXG2ST8P,01JRZTN1GETEBWPDXA6NQPTKSR,19,clothes,0.0,0,,watch,watch,,True,19
trouser,77381,6611.0,01JRZV38RWY8R9KJGFTXG2ST8P,01JRZTN1GETEBWPDXA6NQPTKSR,20,clothes,1.0,0,,trousers,trouser,,True,20
jean,79384,2003.0,01JRZV38RWY8R9KJGFTXG2ST8P,01JRZTN1GETEBWPDXA6NQPTKSR,21,clothes,1.0,0,,jeans,jean,,True,21
cargos,81881,2497.0,01JRZV38RWY8R9KJGFTXG2ST8P,01JRZTN1GETEBWPDXA6NQPTKSR,22,clothes,1.0,0,,cargos,cargo,,True,22
shoe,84468,2587.0,01JRZV38RWY8R9KJGFTXG2ST8P,01JRZTN1GETEBWPDXA6NQPTKSR,23,clothes,1.0,0,,shoes,shoe,,True,23
slipper,86492,2024.0,01JRZV38RWY8R9KJGFTXG2ST8P,01JRZTN1GETEBWPDXA6NQPTKSR,24,clothes,1.0,0,,slippers,slipper,,True,24
trainer,89904,3412.0,01JRZV38RWY8R9KJGFTXG2ST8P,01JRZTN1GETEBWPDXA6NQPTKSR,25,clothes,1.0,0,,trainers,trainer,,True,25
sunglass,104106,14202.0,01JRZV38RWY8R9KJGFTXG2ST8P,01JRZTN1GETEBWPDXA6NQPTKSR,26,clothes,0.0,0,,sunglasses,sunglas,,True,26
neckchief,110378,6272.0,01JRZV38RWY8R9KJGFTXG2ST8P,01JRZTN1GETEBWPDXA6NQPTKSR,27,clothes,0.0,0,,neckchief,neckchief,,True,27
bow tie,114608,4230.0,01JRZV38RWY8R9KJGFTXG2ST8P,01JRZTN1GETEBWPDXA6NQPTKSR,28,clothes,0.0,0,,boe tie,bowtie,,True,28
polo shirt,117269,2661.0,01JRZV38RWY8R9KJGFTXG2ST8P,01JRZTN1GETEBWPDXA6NQPTKSR,29,clothes,0.0,0,,polo shirt,poloshirt,,True,29
jogging bottom,123423,6154.0,01JRZV38RWY8R9KJGFTXG2ST8P,01JRZTN1GETEBWPDXA6NQPTKSR,30,clothes,0.0,0,,jogging bottoms,joggingbottom,,True,30
T-shirt,127018,3595.0,01JRZV38RWY8R9KJGFTXG2ST8P,01JRZTN1GETEBWPDXA6NQPTKSR,31,clothes,0.0,0,,t shirt,tshirt,,True,31
dressing gown,137070,10052.0,01JRZV38RWY8R9KJGFTXG2ST8P,01JRZTN1GETEBWPDXA6NQPTKSR,32,clothes,0.0,0,,dressing gown,dressinggown,,True,32
cardigan,149980,12910.0,01JRZV38RWY8R9KJGFTXG2ST8P,01JRZTN1GETEBWPDXA6NQPTKSR,33,clothes,0.0,0,,cardigan,cardigan,,True,33
long-sleeved shirt,163580,13600.0,01JRZV38RWY8R9KJGFTXG2ST8P,01JRZTN1GETEBWPDXA6NQPTKSR,34,clothes,0.0,0,,long sleeve,longsleevedshirt,,True,34
cufflink,169703,6123.0,01JRZV38RWY8R9KJGFTXG2ST8P,01JRZTN1GETEBWPDXA6NQPTKSR,35,clothes,0.0,0,,cufflinks,cufflink,,True,35
chaine,173572,3869.0,01JRZV38RWY8R9KJGFTXG2ST8P,01JRZTN1GETEBWPDXA6NQPTKSR,36,clothes,1.0,0,,chain,chaine,,True,36
ring,174840,1268.0,01JRZV38RWY8R9KJGFTXG2ST8P,01JRZTN1GETEBWPDXA6NQPTKSR,37,clothes,1.0,0,,ring,ring,,True,37
necklace,177994,3154.0,01JRZV38RWY8R9KJGFTXG2ST8P,01JRZTN1GETEBWPDXA6NQPTKSR,38,clothes,1.0,0,,necklace,necklace,,True,38
isle,5514,5514.0,01JRZV38RWY8R9KJGFTXG2ST8P,01JRZTN1GETEBWPDXA6NQPTKSR,0,supermarket,1.0,0,,isle,isle,,True,0
shelf,9378,3864.0,01JRZV38RWY8R9KJGFTXG2ST8P,01JRZTN1GETEBWPDXA6NQPTKSR,1,supermarket,1.0,0,,shelf,shelf,,True,1
cart,12285,2907.0,01JRZV38RWY8R9KJGFTXG2ST8P,01JRZTN1GETEBWPDXA6NQPTKSR,2,supermarket,0.0,0,,cart,cart,,True,2
trolley,14832,2547.0,01JRZV38RWY8R9KJGFTXG2ST8P,01JRZTN1GETEBWPDXA6NQPTKSR,3,supermarket,0.0,0,,trolley,trolley,,True,3
checkout,18676,3844.0,01JRZV38RWY8R9KJGFTXG2ST8P,01JRZTN1GETEBWPDXA6NQPTKSR,4,supermarket,0.0,0,,checkout,checkout,,True,4
camera,21513,2837.0,01JRZV38RWY8R9KJGFTXG2ST8P,01JRZTN1GETEBWPDXA6NQPTKSR,5,supermarket,0.0,0,,camera,camera,,True,5
worker,24484,2971.0,01JRZV38RWY8R9KJGFTXG2ST8P,01JRZTN1GETEBWPDXA6NQPTKSR,6,supermarket,0.0,0,,worker,worker,,True,6
shopper,27375,2891.0,01JRZV38RWY8R9KJGFTXG2ST8P,01JRZTN1GETEBWPDXA6NQPTKSR,7,supermarket,0.0,0,,shopper,shopper,,True,7
freezer,30294,2919.0,01JRZV38RWY8R9KJGFTXG2ST8P,01JRZTN1GETEBWPDXA6NQPTKSR,8,supermarket,1.0,0,,freezer,freezer,,True,8
fridge,33035,2741.0,01JRZV38RWY8R9KJGFTXG2ST8P,01JRZTN1GETEBWPDXA6NQPTKSR,9,supermarket,1.0,0,,fridge,fridge,,True,9
escalator,36625,3590.0,01JRZV38RWY8R9KJGFTXG2ST8P,01JRZTN1GETEBWPDXA6NQPTKSR,10,supermarket,0.0,0,,escalator,escalator,,True,10
manager,42269,5644.0,01JRZV38RWY8R9KJGFTXG2ST8P,01JRZTN1GETEBWPDXA6NQPTKSR,11,supermarket,0.0,0,,manager,manager,,True,11
shift leader,45939,3670.0,01JRZV38RWY8R9KJGFTXG2ST8P,01JRZTN1GETEBWPDXA6NQPTKSR,12,supermarket,0.0,0,,shift leader,shiftleader,,True,12
pallet,50043,4104.0,01JRZV38RWY8R9KJGFTXG2ST8P,01JRZTN1GETEBWPDXA6NQPTKSR,13,supermarket,0.0,0,,pallet,pallet,,True,13
cereal,52735,2692.0,01JRZV38RWY8R9KJGFTXG2ST8P,01JRZTN1GETEBWPDXA6NQPTKSR,14,supermarket,0.0,0,,cereal,cereal,,True,14
chocolate,55897,3162.0,01JRZV38RWY8R9KJGFTXG2ST8P,01JRZTN1GETEBWPDXA6NQPTKSR,15,supermarket,0.0,0,,chocolate,chocolate,,True,15
toilet roll,60702,4805.0,01JRZV38RWY8R9KJGFTXG2ST8P,01JRZTN1GETEBWPDXA6NQPTKSR,16,supermarket,0.0,0,,toilet roll,toiletroll,,True,16
security guard,67142,6440.0,01JRZV38RWY8R9KJGFTXG2ST8P,01JRZTN1GETEBWPDXA6NQPTKSR,17,supermarket,0.0,0,,security guard,securityguard,,True,17
wheelchair,75204,8062.0,01JRZV38RWY8R9KJGFTXG2ST8P,01JRZTN1GETEBWPDXA6NQPTKSR,18,supermarket,0.0,0,,wheelchair,wheelchair,,True,18
toilet,77881,2677.0,01JRZV38RWY8R9KJGFTXG2ST8P,01JRZTN1GETEBWPDXA6NQPTKSR,19,supermarket,0.0,0,,toilets,toilet,,True,19
scanner,84078,6197.0,01JRZV38RWY8R9KJGFTXG2ST8P,01JRZTN1GETEBWPDXA6NQPTKSR,20,supermarket,0.0,0,,scanners,scanner,,True,20
donation box,92159,8081.0,01JRZV38RWY8R9KJGFTXG2ST8P,01JRZTN1GETEBWPDXA6NQPTKSR,21,supermarket,0.0,0,,donation box,donationbox,,True,21
fruit,97637,5478.0,01JRZV38RWY8R9KJGFTXG2ST8P,01JRZTN1GETEBWPDXA6NQPTKSR,22,supermarket,0.0,0,,fruits,fruit,,True,22
vegetable,102317,4680.0,01JRZV38RWY8R9KJGFTXG2ST8P,01JRZTN1GETEBWPDXA6NQPTKSR,23,supermarket,0.0,0,,vegetables,vegetable,,True,23
meat,104721,2404.0,01JRZV38RWY8R9KJGFTXG2ST8P,01JRZTN1GETEBWPDXA6NQPTKSR,24,supermarket,0.0,0,,meat,meat,,True,24
cheese,114976,10255.0,01JRZV38RWY8R9KJGFTXG2ST8P,01JRZTN1GETEBWPDXA6NQPTKSR,25,supermarket,0.0,0,,cheese,cheese,,True,25
yoghurt,117987,3011.0,01JRZV38RWY8R9KJGFTXG2ST8P,01JRZTN1GETEBWPDXA6NQPTKSR,26,supermarket,0.0,0,,yoghurt,yoghurt,,True,26
milk,120682,2695.0,01JRZV38RWY8R9KJGFTXG2ST8P,01JRZTN1GETEBWPDXA6NQPTKSR,27,supermarket,0.0,0,,milk,milk,,True,27
customer,127222,6540.0,01JRZV38RWY8R9KJGFTXG2ST8P,01JRZTN1GETEBWPDXA6NQPTKSR,28,supermarket,0.0,0,,customers,customer,,True,28
speaker,130395,3173.0,01JRZV38RWY8R9KJGFTXG2ST8P,01JRZTN1GETEBWPDXA6NQPTKSR,29,supermarket,0.0,0,,speakers,speaker,,True,29
tannoy system,133216,2821.0,01JRZV38RWY8R9KJGFTXG2ST8P,01JRZTN1GETEBWPDXA6NQPTKSR,30,supermarket,0.0,0,,tannoy,tannoysystem,,True,30
vape,136433,3217.0,01JRZV38RWY8R9KJGFTXG2ST8P,01JRZTN1GETEBWPDXA6NQPTKSR,31,supermarket,0.0,0,,vapes,vape,,True,31
beer,138758,2325.0,01JRZV38RWY8R9KJGFTXG2ST8P,01JRZTN1GETEBWPDXA6NQPTKSR,32,supermarket,0.0,0,,beers,beer,,True,32
wine,141061,2303.0,01JRZV38RWY8R9KJGFTXG2ST8P,01JRZTN1GETEBWPDXA6NQPTKSR,33,supermarket,0.0,0,,wines,wine,,True,33
vodka,144023,2962.0,01JRZV38RWY8R9KJGFTXG2ST8P,01JRZTN1GETEBWPDXA6NQPTKSR,34,supermarket,0.0,0,,vodka,vodka,,True,34
spirit,148241,4218.0,01JRZV38RWY8R9KJGFTXG2ST8P,01JRZTN1GETEBWPDXA6NQPTKSR,35,supermarket,0.0,0,,spirits,spirit,,True,35
cider,153665,5424.0,01JRZV38RWY8R9KJGFTXG2ST8P,01JRZTN1GETEBWPDXA6NQPTKSR,36,supermarket,0.0,0,,ciders,cider,,True,36
nappy,157594,3929.0,01JRZV38RWY8R9KJGFTXG2ST8P,01JRZTN1GETEBWPDXA6NQPTKSR,37,supermarket,0.0,0,,nappies,nappy,,True,37
sweet,173269,15675.0,01JRZV38RWY8R9KJGFTXG2ST8P,01JRZTN1GETEBWPDXA6NQPTKSR,38,supermarket,0.0,0,,sweets,sweet,,True,38
confectionery,177753,4484.0,01JRZV38RWY8R9KJGFTXG2ST8P,01JRZTN1GETEBWPDXA6NQPTKSR,39,supermarket,0.0,0,,confectionary,confectionery,,True,39
dog,3678,3678.0,01JRZV3XTJWWF63QQ562QC4XMM,01JRZTN1GBAPKG4X1FY1VWF47M,0,animals,1.0,0,,dog,dog,"['Canine', 'Pets']",True,0
cat,5516,1838.0,01JRZV3XTJWWF63QQ562QC4XMM,01JRZTN1GBAPKG4X1FY1VWF47M,1,animals,1.0,0,,cat,cat,"['Pets', 'Feline']",False,1
owl,6964,1448.0,01JRZV3XTJWWF63QQ562QC4XMM,01JRZTN1GBAPKG4X1FY1VWF47M,2,animals,1.0,0,,owl,owl,['Bird'],True,2
bat,7836,872.0,01JRZV3XTJWWF63QQ562QC4XMM,01JRZTN1GBAPKG4X1FY1VWF47M,3,animals,1.0,0,,bat,bat,['Insectivores'],True,3
llama,12097,4261.0,01JRZV3XTJWWF63QQ562QC4XMM,01JRZTN1GBAPKG4X1FY1VWF47M,4,animals,1.0,0,,llama,llama,"['BeastsOfBurden', 'UsedForFur']",True,4
sheep,14860,2763.0,01JRZV3XTJWWF63QQ562QC4XMM,01JRZTN1GBAPKG4X1FY1VWF47M,5,animals,1.0,0,,sheep,sheep,['Farm'],True,5
cow,16018,1158.0,01JRZV3XTJWWF63QQ562QC4XMM,01JRZTN1GBAPKG4X1FY1VWF47M,6,animals,1.0,0,,cow,cow,"['Bovine', 'Farm']",False,6
duck,18596,2578.0,01JRZV3XTJWWF63QQ562QC4XMM,01JRZTN1GBAPKG4X1FY1VWF47M,7,animals,1.0,0,,duck,duck,['Bird'],True,7
chicken,21232,2636.0,01JRZV3XTJWWF63QQ562QC4XMM,01JRZTN1GBAPKG4X1FY1VWF47M,8,animals,1.0,0,,chicken,chicken,"['Bird', 'Farm']",False,8
horse,28192,6960.0,01JRZV3XTJWWF63QQ562QC4XMM,01JRZTN1GBAPKG4X1FY1VWF47M,9,animals,1.0,0,,horse,horse,"['BeastsOfBurden', 'Farm']",False,9
lamb,31745,3553.0,01JRZV3XTJWWF63QQ562QC4XMM,01JRZTN1GBAPKG4X1FY1VWF47M,10,animals,1.0,0,,lamb,lamb,['Farm'],False,10
pony,38035,6290.0,01JRZV3XTJWWF63QQ562QC4XMM,01JRZTN1GBAPKG4X1FY1VWF47M,11,animals,1.0,0,,pony,pony,"['BeastsOfBurden', 'Farm']",False,11
cheetah,43281,5246.0,01JRZV3XTJWWF63QQ562QC4XMM,01JRZTN1GBAPKG4X1FY1VWF47M,12,animals,1.0,0,,cheetah,cheetah,"['African', 'Feline']",True,12
leopard,49916,6635.0,01JRZV3XTJWWF63QQ562QC4XMM,01JRZTN1GBAPKG4X1FY1VWF47M,13,animals,1.0,0,,leopard,leopard,"['African', 'Feline']",False,13
elephant,57023,7107.0,01JRZV3XTJWWF63QQ562QC4XMM,01JRZTN1GBAPKG4X1FY1VWF47M,14,animals,1.0,0,,elephant,elephant,['African'],False,14
meerkat,62311,5288.0,01JRZV3XTJWWF63QQ562QC4XMM,01JRZTN1GBAPKG4X1FY1VWF47M,15,animals,1.0,0,,meerkat,meerkat,['African'],False,15
goose,69750,7439.0,01JRZV3XTJWWF63QQ562QC4XMM,01JRZTN1GBAPKG4X1FY1VWF47M,16,animals,0.0,0,,goose,goose,['Water'],True,16
moose,71623,1873.0,01JRZV3XTJWWF63QQ562QC4XMM,01JRZTN1GBAPKG4X1FY1VWF47M,17,animals,0.0,0,,moose,moose,"['Deers', 'NorthAmerican']",True,17
deer,73929,2306.0,01JRZV3XTJWWF63QQ562QC4XMM,01JRZTN1GBAPKG4X1FY1VWF47M,18,animals,0.0,0,,deer,deer,"['Deers', 'NorthAmerican']",False,18
lizard,78154,4225.0,01JRZV3XTJWWF63QQ562QC4XMM,01JRZTN1GBAPKG4X1FY1VWF47M,19,animals,1.0,0,,lizard,lizard,['ReptileAmphibian'],True,19
alligator,82932,4778.0,01JRZV3XTJWWF63QQ562QC4XMM,01JRZTN1GBAPKG4X1FY1VWF47M,20,animals,1.0,0,,alligator,alligator,"['ReptileAmphibian', 'Water']",False,20
crocodile,92425,9493.0,01JRZV3XTJWWF63QQ562QC4XMM,01JRZTN1GBAPKG4X1FY1VWF47M,21,animals,1.0,0,,crocodile,crocodile,['ReptileAmphibian'],False,21
camel,98825,6400.0,01JRZV3XTJWWF63QQ562QC4XMM,01JRZTN1GBAPKG4X1FY1VWF47M,22,animals,0.0,0,,camel,camel,"['African', 'BeastsOfBurden']",True,22
bird,101525,2700.0,01JRZV3XTJWWF63QQ562QC4XMM,01JRZTN1GBAPKG4X1FY1VWF47M,23,animals,1.0,0,,bird,bird,['Bird'],True,23
eagle,104596,3071.0,01JRZV3XTJWWF63QQ562QC4XMM,01JRZTN1GBAPKG4X1FY1VWF47M,24,animals,1.0,0,,eagle,eagle,['Bird'],False,24
hawk,107077,2481.0,01JRZV3XTJWWF63QQ562QC4XMM,01JRZTN1GBAPKG4X1FY1VWF47M,25,animals,1.0,0,,hawk,hawk,['Bird'],False,25
crow,113234,6157.0,01JRZV3XTJWWF63QQ562QC4XMM,01JRZTN1GBAPKG4X1FY1VWF47M,26,animals,1.0,0,,crow,crow,['Bird'],False,26
raven,115116,1882.0,01JRZV3XTJWWF63QQ562QC4XMM,01JRZTN1GBAPKG4X1FY1VWF47M,27,animals,1.0,0,,raven,raven,['Bird'],False,27
seagull,123056,7940.0,01JRZV3XTJWWF63QQ562QC4XMM,01JRZTN1GBAPKG4X1FY1VWF47M,28,animals,1.0,0,,seagull,seagull,['Bird'],False,28
fish,130606,7550.0,01JRZV3XTJWWF63QQ562QC4XMM,01JRZTN1GBAPKG4X1FY1VWF47M,29,animals,1.0,0,,fish,fish,"['Fish', 'Water']",True,29
salmon,134866,4260.0,01JRZV3XTJWWF63QQ562QC4XMM,01JRZTN1GBAPKG4X1FY1VWF47M,30,animals,1.0,0,,salmon,salmon,['Fish'],False,30
catfish,138114,3248.0,01JRZV3XTJWWF63QQ562QC4XMM,01JRZTN1GBAPKG4X1FY1VWF47M,31,animals,1.0,0,,catfish,catfish,['Fish'],False,31
crab,140890,2776.0,01JRZV3XTJWWF63QQ562QC4XMM,01JRZTN1GBAPKG4X1FY1VWF47M,32,animals,1.0,0,,crab,crab,['Water'],True,32
crayfish,143421,2531.0,01JRZV3XTJWWF63QQ562QC4XMM,01JRZTN1GBAPKG4X1FY1VWF47M,33,animals,1.0,0,,crawfish,crayfish,['Water'],False,33
sparrow,158354,14933.0,01JRZV3XTJWWF63QQ562QC4XMM,01JRZTN1GBAPKG4X1FY1VWF47M,34,animals,1.0,0,,sparrow,sparrow,['Bird'],True,34
finch,166746,8392.0,01JRZV3XTJWWF63QQ562QC4XMM,01JRZTN1GBAPKG4X1FY1VWF47M,35,animals,1.0,0,,finch,finch,['Bird'],False,35
robin,172516,5770.0,01JRZV3XTJWWF63QQ562QC4XMM,01JRZTN1GBAPKG4X1FY1VWF47M,36,animals,1.0,0,,robin,robin,['Bird'],False,36
shirt,3720,3720.0,01JRZV3XTJWWF63QQ562QC4XMM,01JRZTN1GBAPKG4X1FY1VWF47M,0,clothes,1.0,0,,shirt,shirt,,True,0
skirt,6037,2317.0,01JRZV3XTJWWF63QQ562QC4XMM,01JRZTN1GBAPKG4X1FY1VWF47M,1,clothes,1.0,0,,skirt,skirt,,True,1
dress,9333,3296.0,01JRZV3XTJWWF63QQ562QC4XMM,01JRZTN1GBAPKG4X1FY1VWF47M,2,clothes,1.0,0,,dress,dres,,True,2
underwear,13742,4409.0,01JRZV3XTJWWF63QQ562QC4XMM,01JRZTN1GBAPKG4X1FY1VWF47M,3,clothes,0.0,0,,underwear,underwear,,True,3
shoe,15311,1569.0,01JRZV3XTJWWF63QQ562QC4XMM,01JRZTN1GBAPKG4X1FY1VWF47M,4,clothes,1.0,0,,shoes,shoe,,True,4
belt,16771,1460.0,01JRZV3XTJWWF63QQ562QC4XMM,01JRZTN1GBAPKG4X1FY1VWF47M,5,clothes,1.0,0,,belt,belt,,True,5
leather,20773,4002.0,01JRZV3XTJWWF63QQ562QC4XMM,01JRZTN1GBAPKG4X1FY1VWF47M,6,clothes,0.0,0,,leather,leather,,True,6
sock,29752,8979.0,01JRZV3XTJWWF63QQ562QC4XMM,01JRZTN1GBAPKG4X1FY1VWF47M,7,clothes,0.0,0,,socks,sock,,True,7
tie,33201,3449.0,01JRZV3XTJWWF63QQ562QC4XMM,01JRZTN1GBAPKG4X1FY1VWF47M,8,clothes,0.0,0,,tie,tie,,True,8
lace,36898,3697.0,01JRZV3XTJWWF63QQ562QC4XMM,01JRZTN1GBAPKG4X1FY1VWF47M,9,clothes,0.0,0,,laces,lace,,True,9
tight,40606,3708.0,01JRZV3XTJWWF63QQ562QC4XMM,01JRZTN1GBAPKG4X1FY1VWF47M,10,clothes,1.0,0,,tights,tight,,True,10
glove,53609,13003.0,01JRZV3XTJWWF63QQ562QC4XMM,01JRZTN1GBAPKG4X1FY1VWF47M,11,clothes,1.0,0,,gloves,glove,,True,11
ring,60279,6670.0,01JRZV3XTJWWF63QQ562QC4XMM,01JRZTN1GBAPKG4X1FY1VWF47M,12,clothes,1.0,0,,rings,ring,,True,12
watch,70082,9803.0,01JRZV3XTJWWF63QQ562QC4XMM,01JRZTN1GBAPKG4X1FY1VWF47M,13,clothes,1.0,0,,watch,watch,,True,13
hat,75811,5729.0,01JRZV3XTJWWF63QQ562QC4XMM,01JRZTN1GBAPKG4X1FY1VWF47M,14,clothes,1.0,0,,hat,hat,,True,14
scrunchie,84937,9126.0,01JRZV3XTJWWF63QQ562QC4XMM,01JRZTN1GBAPKG4X1FY1VWF47M,15,clothes,1.0,0,,scrunchie,scrunchie,,True,15
headband,93000,8063.0,01JRZV3XTJWWF63QQ562QC4XMM,01JRZTN1GBAPKG4X1FY1VWF47M,16,clothes,1.0,0,,headband,headband,,True,16
necklace,99452,6452.0,01JRZV3XTJWWF63QQ562QC4XMM,01JRZTN1GBAPKG4X1FY1VWF47M,17,clothes,1.0,0,,necklace,necklace,,True,17
mask,109393,9941.0,01JRZV3XTJWWF63QQ562QC4XMM,01JRZTN1GBAPKG4X1FY1VWF47M,18,clothes,0.0,0,,mask,mask,,True,18
scarf,113962,4569.0,01JRZV3XTJWWF63QQ562QC4XMM,01JRZTN1GBAPKG4X1FY1VWF47M,19,clothes,1.0,0,,scarf,scarf,,True,19
ponytail,128040,14078.0,01JRZV3XTJWWF63QQ562QC4XMM,01JRZTN1GBAPKG4X1FY1VWF47M,20,clothes,1.0,0,,ponytail,ponytail,,True,20
hair clip,141165,13125.0,01JRZV3XTJWWF63QQ562QC4XMM,01JRZTN1GBAPKG4X1FY1VWF47M,21,clothes,1.0,0,,hair clips,hairclip,,True,21
cufflink,146161,4996.0,01JRZV3XTJWWF63QQ562QC4XMM,01JRZTN1GBAPKG4X1FY1VWF47M,22,clothes,1.0,0,,cufflinks,cufflink,,True,22
bracelet,155038,8877.0,01JRZV3XTJWWF63QQ562QC4XMM,01JRZTN1GBAPKG4X1FY1VWF47M,23,clothes,1.0,0,,bracelet,bracelet,,True,23
armband,164390,9352.0,01JRZV3XTJWWF63QQ562QC4XMM,01JRZTN1GBAPKG4X1FY1VWF47M,24,clothes,1.0,0,,armband,armband,,True,24
earring,175208,10818.0,01JRZV3XTJWWF63QQ562QC4XMM,01JRZTN1GBAPKG4X1FY1VWF47M,25,clothes,0.0,0,,earring,earring,,True,25
orange,4973,4973.0,01JRZV3XTJWWF63QQ562QC4XMM,01JRZTN1GBAPKG4X1FY1VWF47M,0,supermarket,1.0,0,,orange,orange,,True,0
bread,6779,1806.0,01JRZV3XTJWWF63QQ562QC4XMM,01JRZTN1GBAPKG4X1FY1VWF47M,1,supermarket,0.0,0,,bread,bread,,True,1
cart,8411,1632.0,01JRZV3XTJWWF63QQ562QC4XMM,01JRZTN1GBAPKG4X1FY1VWF47M,2,supermarket,0.0,0,,cart,cart,,True,2
mango,11608,3197.0,01JRZV3XTJWWF63QQ562QC4XMM,01JRZTN1GBAPKG4X1FY1VWF47M,3,supermarket,1.0,0,,mango,mango,,True,3
cereal,17912,6304.0,01JRZV3XTJWWF63QQ562QC4XMM,01JRZTN1GBAPKG4X1FY1VWF47M,4,supermarket,0.0,0,,cereal,cereal,,True,4
rice,20261,2349.0,01JRZV3XTJWWF63QQ562QC4XMM,01JRZTN1GBAPKG4X1FY1VWF47M,5,supermarket,0.0,0,,rice,rice,,True,5
milk,25745,5484.0,01JRZV3XTJWWF63QQ562QC4XMM,01JRZTN1GBAPKG4X1FY1VWF47M,6,supermarket,1.0,0,,milk,milk,,True,6
tea,30564,4819.0,01JRZV3XTJWWF63QQ562QC4XMM,01JRZTN1GBAPKG4X1FY1VWF47M,7,supermarket,1.0,0,,tea,tea,,True,7
coffee,32382,1818.0,01JRZV3XTJWWF63QQ562QC4XMM,01JRZTN1GBAPKG4X1FY1VWF47M,8,supermarket,1.0,0,,coffee,coffee,,True,8
candy,41656,9274.0,01JRZV3XTJWWF63QQ562QC4XMM,01JRZTN1GBAPKG4X1FY1VWF47M,9,supermarket,1.0,0,,candy,candy,,True,9
chocolate,46207,4551.0,01JRZV3XTJWWF63QQ562QC4XMM,01JRZTN1GBAPKG4X1FY1VWF47M,10,supermarket,1.0,0,,chocolate,chocolate,,True,10
fruits,50573,4366.0,01JRZV3XTJWWF63QQ562QC4XMM,01JRZTN1GBAPKG4X1FY1VWF47M,11,supermarket,1.0,0,,fruit,fruit,,True,11
cake,57733,7160.0,01JRZV3XTJWWF63QQ562QC4XMM,01JRZTN1GBAPKG4X1FY1VWF47M,12,supermarket,0.0,0,,cake,cake,,True,12
spinach,71777,14044.0,01JRZV3XTJWWF63QQ562QC4XMM,01JRZTN1GBAPKG4X1FY1VWF47M,13,supermarket,1.0,0,,spinach,spinach,,True,13
carrot,76138,4361.0,01JRZV3XTJWWF63QQ562QC4XMM,01JRZTN1GBAPKG4X1FY1VWF47M,14,supermarket,1.0,0,,carrot,carrot,,True,14
potato,79369,3231.0,01JRZV3XTJWWF63QQ562QC4XMM,01JRZTN1GBAPKG4X1FY1VWF47M,15,supermarket,1.0,0,,potato,potato,,True,15
apple,83889,4520.0,01JRZV3XTJWWF63QQ562QC4XMM,01JRZTN1GBAPKG4X1FY1VWF47M,16,supermarket,1.0,0,,apple,apple,,True,16
lettuce,92886,8997.0,01JRZV3XTJWWF63QQ562QC4XMM,01JRZTN1GBAPKG4X1FY1VWF47M,17,supermarket,0.0,0,,lettuce,lettuce,,True,17
salad,99161,6275.0,01JRZV3XTJWWF63QQ562QC4XMM,01JRZTN1GBAPKG4X1FY1VWF47M,18,supermarket,0.0,0,,salad,salad,,True,18
fish,105183,6022.0,01JRZV3XTJWWF63QQ562QC4XMM,01JRZTN1GBAPKG4X1FY1VWF47M,19,supermarket,1.0,0,,fish,fish,,True,19
salmon,108506,3323.0,01JRZV3XTJWWF63QQ562QC4XMM,01JRZTN1GBAPKG4X1FY1VWF47M,20,supermarket,1.0,0,,salmon,salmon,,True,20
crab,110823,2317.0,01JRZV3XTJWWF63QQ562QC4XMM,01JRZTN1GBAPKG4X1FY1VWF47M,21,supermarket,1.0,0,,crab,crab,,True,21
catfish,121387,10564.0,01JRZV3XTJWWF63QQ562QC4XMM,01JRZTN1GBAPKG4X1FY1VWF47M,22,supermarket,1.0,0,,catfish,catfish,,True,22
meat,123470,2083.0,01JRZV3XTJWWF63QQ562QC4XMM,01JRZTN1GBAPKG4X1FY1VWF47M,23,supermarket,1.0,0,,meat,meat,,True,23
pork,127378,3908.0,01JRZV3XTJWWF63QQ562QC4XMM,01JRZTN1GBAPKG4X1FY1VWF47M,24,supermarket,1.0,0,,pork,pork,,True,24
hamburger,132276,4898.0,01JRZV3XTJWWF63QQ562QC4XMM,01JRZTN1GBAPKG4X1FY1VWF47M,25,supermarket,1.0,0,,hamburger,hamburger,,True,25
chicken,137699,5423.0,01JRZV3XTJWWF63QQ562QC4XMM,01JRZTN1GBAPKG4X1FY1VWF47M,26,supermarket,1.0,0,,chicken,chicken,,True,26
tofu,146543,8844.0,01JRZV3XTJWWF63QQ562QC4XMM,01JRZTN1GBAPKG4X1FY1VWF47M,27,supermarket,1.0,0,,tofu,tofu,,True,27
cheese,151905,5362.0,01JRZV3XTJWWF63QQ562QC4XMM,01JRZTN1GBAPKG4X1FY1VWF47M,28,supermarket,1.0,0,,cheese,cheese,,True,28
cheddar,160528,8623.0,01JRZV3XTJWWF63QQ562QC4XMM,01JRZTN1GBAPKG4X1FY1VWF47M,29,supermarket,1.0,0,,cheddar,cheddar,,True,29
feta,165461,4933.0,01JRZV3XTJWWF63QQ562QC4XMM,01JRZTN1GBAPKG4X1FY1VWF47M,30,supermarket,1.0,0,,feta,feta,,True,30
sugar,169198,3737.0,01JRZV3XTJWWF63QQ562QC4XMM,01JRZTN1GBAPKG4X1FY1VWF47M,31,supermarket,1.0,0,,sugar,sugar,,True,31
salt,170482,1284.0,01JRZV3XTJWWF63QQ562QC4XMM,01JRZTN1GBAPKG4X1FY1VWF47M,32,supermarket,1.0,0,,salt,salt,,True,32
pepper,174191,3709.0,01JRZV3XTJWWF63QQ562QC4XMM,01JRZTN1GBAPKG4X1FY1VWF47M,33,supermarket,1.0,0,,pepper,pepper,,True,33
dog,3475,3475.0,01JRZV44VFMQYSTX1F95VC95QV,01JRZTN1GM335Z32P5XNSSB4RC,0,animals,1.0,0,,dog,dog,"['Canine', 'Pets']",True,0
cat,4329,854.0,01JRZV44VFMQYSTX1F95VC95QV,01JRZTN1GM335Z32P5XNSSB4RC,1,animals,0.0,0,,cat,cat,"['Pets', 'Feline']",False,1
mouse,7703,3374.0,01JRZV44VFMQYSTX1F95VC95QV,01JRZTN1GM335Z32P5XNSSB4RC,2,animals,0.0,0,,mouse,mouse,"['Bird', 'Rodents']",True,2
bird,9224,1521.0,01JRZV44VFMQYSTX1F95VC95QV,01JRZTN1GM335Z32P5XNSSB4RC,3,animals,1.0,0,,bird,bird,['Bird'],False,3
tiger,10330,1106.0,01JRZV44VFMQYSTX1F95VC95QV,01JRZTN1GM335Z32P5XNSSB4RC,4,animals,0.0,0,,tiger,tiger,"['African', 'Feline']",True,4
lion,12304,1974.0,01JRZV44VFMQYSTX1F95VC95QV,01JRZTN1GM335Z32P5XNSSB4RC,5,animals,0.0,0,,lion,lion,"['African', 'Feline']",False,5
elephant,15565,3261.0,01JRZV44VFMQYSTX1F95VC95QV,01JRZTN1GM335Z32P5XNSSB4RC,6,animals,0.0,0,,elephant,elephant,['African'],False,6
deer,19133,3568.0,01JRZV44VFMQYSTX1F95VC95QV,01JRZTN1GM335Z32P5XNSSB4RC,7,animals,0.0,0,,deer,deer,"['Deers', 'NorthAmerican']",True,7
horse,20237,1104.0,01JRZV44VFMQYSTX1F95VC95QV,01JRZTN1GM335Z32P5XNSSB4RC,8,animals,0.0,0,,horse,horse,"['BeastsOfBurden', 'Farm']",True,8
pony,21281,1044.0,01JRZV44VFMQYSTX1F95VC95QV,01JRZTN1GM335Z32P5XNSSB4RC,9,animals,0.0,0,,pony,pony,"['BeastsOfBurden', 'Farm']",False,9
sparrow,28419,7138.0,01JRZV44VFMQYSTX1F95VC95QV,01JRZTN1GM335Z32P5XNSSB4RC,10,animals,1.0,0,,sparrow,sparrow,['Bird'],True,10
snake,37761,4356.0,01JRZV44VFMQYSTX1F95VC95QV,01JRZTN1GM335Z32P5XNSSB4RC,12,animals,0.0,0,,snake,snake,"['Farm', 'ReptileAmphibian']",True,11
worm,39119,1358.0,01JRZV44VFMQYSTX1F95VC95QV,01JRZTN1GM335Z32P5XNSSB4RC,13,animals,0.0,0,,worm,worm,"['Insects', 'Worms']",True,12
ant,40733,1614.0,01JRZV44VFMQYSTX1F95VC95QV,01JRZTN1GM335Z32P5XNSSB4RC,14,animals,0.0,0,,ant,ant,['Insects'],False,13
butterfly,46533,5800.0,01JRZV44VFMQYSTX1F95VC95QV,01JRZTN1GM335Z32P5XNSSB4RC,15,animals,0.0,0,,butterfly,butterfly,['Insects'],False,14
dragonfly,53925,7392.0,01JRZV44VFMQYSTX1F95VC95QV,01JRZTN1GM335Z32P5XNSSB4RC,16,animals,0.0,0,,dragonfly,dragonfly,['Insects'],False,15
beetle,55393,1468.0,01JRZV44VFMQYSTX1F95VC95QV,01JRZTN1GM335Z32P5XNSSB4RC,17,animals,0.0,0,,beetle,beetle,['Insects'],False,16
earwig,57183,1790.0,01JRZV44VFMQYSTX1F95VC95QV,01JRZTN1GM335Z32P5XNSSB4RC,18,animals,0.0,0,,ear wig,earwig,['Insects'],False,17
slug,59253,2070.0,01JRZV44VFMQYSTX1F95VC95QV,01JRZTN1GM335Z32P5XNSSB4RC,19,animals,0.0,0,,slug,slug,['Water'],True,18
snail,61879,2626.0,01JRZV44VFMQYSTX1F95VC95QV,01JRZTN1GM335Z32P5XNSSB4RC,20,animals,0.0,0,,snail,snail,['Water'],False,19
jellyfish,63776,1897.0,01JRZV44VFMQYSTX1F95VC95QV,01JRZTN1GM335Z32P5XNSSB4RC,21,animals,0.0,0,,jellyfish,jellyfish,['Water'],False,20
octopus,65407,1631.0,01JRZV44VFMQYSTX1F95VC95QV,01JRZTN1GM335Z32P5XNSSB4RC,22,animals,0.0,0,,octopus,octopus,['Water'],False,21
squid,69787,4380.0,01JRZV44VFMQYSTX1F95VC95QV,01JRZTN1GM335Z32P5XNSSB4RC,23,animals,0.0,0,,squid,squid,['Water'],False,22
whale,74959,5172.0,01JRZV44VFMQYSTX1F95VC95QV,01JRZTN1GM335Z32P5XNSSB4RC,24,animals,0.0,0,,whale,whale,"['Fish', 'Water']",False,23
shark,76994,2035.0,01JRZV44VFMQYSTX1F95VC95QV,01JRZTN1GM335Z32P5XNSSB4RC,25,animals,0.0,0,,shark,shark,"['Fish', 'Water']",False,24
fish,78085,1091.0,01JRZV44VFMQYSTX1F95VC95QV,01JRZTN1GM335Z32P5XNSSB4RC,26,animals,0.0,0,,fish,fish,"['Fish', 'Water']",False,25
clown fish,83678,5593.0,01JRZV44VFMQYSTX1F95VC95QV,01JRZTN1GM335Z32P5XNSSB4RC,27,animals,0.0,0,,clown fish,clownfish,['Fish'],False,26
hawk,88149,4471.0,01JRZV44VFMQYSTX1F95VC95QV,01JRZTN1GM335Z32P5XNSSB4RC,28,animals,1.0,0,,hawk,hawk,['Bird'],True,27
giraffe,93239,5090.0,01JRZV44VFMQYSTX1F95VC95QV,01JRZTN1GM335Z32P5XNSSB4RC,29,animals,0.0,0,,giraffe,giraffe,['African'],True,28
sheep,95647,2408.0,01JRZV44VFMQYSTX1F95VC95QV,01JRZTN1GM335Z32P5XNSSB4RC,30,animals,0.0,0,,sheep,sheep,['Farm'],True,29
cow,98300,2653.0,01JRZV44VFMQYSTX1F95VC95QV,01JRZTN1GM335Z32P5XNSSB4RC,31,animals,0.0,0,,cow,cow,"['Bovine', 'Farm']",False,30
anteater,103396,5096.0,01JRZV44VFMQYSTX1F95VC95QV,01JRZTN1GM335Z32P5XNSSB4RC,32,animals,0.0,0,,anteater,anteater,['Insectivores'],True,31
owl,111450,8054.0,01JRZV44VFMQYSTX1F95VC95QV,01JRZTN1GM335Z32P5XNSSB4RC,33,animals,1.0,0,,owl,owl,['Bird'],True,32
spider,122628,11178.0,01JRZV44VFMQYSTX1F95VC95QV,01JRZTN1GM335Z32P5XNSSB4RC,34,animals,0.0,0,,spider,spider,"['Arachnid', 'Farm']",True,33
wasp,124445,1817.0,01JRZV44VFMQYSTX1F95VC95QV,01JRZTN1GM335Z32P5XNSSB4RC,35,animals,0.0,0,,wasp,wasp,['Insects'],True,34
bee,125379,934.0,01JRZV44VFMQYSTX1F95VC95QV,01JRZTN1GM335Z32P5XNSSB4RC,36,animals,0.0,0,,bee,bee,['Insects'],False,35
fly,126813,1434.0,01JRZV44VFMQYSTX1F95VC95QV,01JRZTN1GM335Z32P5XNSSB4RC,37,animals,0.0,0,,fly,fly,['Insects'],False,36
rat,140997,14184.0,01JRZV44VFMQYSTX1F95VC95QV,01JRZTN1GM335Z32P5XNSSB4RC,38,animals,0.0,0,,rat,rat,['Rodents'],True,37
shirt,2884,2884.0,01JRZV44VFMQYSTX1F95VC95QV,01JRZTN1GM335Z32P5XNSSB4RC,0,clothes,1.0,0,,shirt,shirt,,True,0
tie,3849,965.0,01JRZV44VFMQYSTX1F95VC95QV,01JRZTN1GM335Z32P5XNSSB4RC,1,clothes,0.0,0,,tie,tie,,True,1
sock,5030,1181.0,01JRZV44VFMQYSTX1F95VC95QV,01JRZTN1GM335Z32P5XNSSB4RC,2,clothes,0.0,0,,socks,sock,,True,2
shoe,6301,1271.0,01JRZV44VFMQYSTX1F95VC95QV,01JRZTN1GM335Z32P5XNSSB4RC,3,clothes,1.0,0,,shoes,shoe,,True,3
blouse,9537,3236.0,01JRZV44VFMQYSTX1F95VC95QV,01JRZTN1GM335Z32P5XNSSB4RC,4,clothes,0.0,0,,blouse,blouse,,True,4
skirt,10390,853.0,01JRZV44VFMQYSTX1F95VC95QV,01JRZTN1GM335Z32P5XNSSB4RC,5,clothes,0.0,0,,kirt,skirt,,True,5
dress,13436,1005.0,01JRZV44VFMQYSTX1F95VC95QV,01JRZTN1GM335Z32P5XNSSB4RC,7,clothes,0.0,0,,dress,dres,,True,6
tight,15856,2420.0,01JRZV44VFMQYSTX1F95VC95QV,01JRZTN1GM335Z32P5XNSSB4RC,8,clothes,0.0,0,,tights,tight,,True,7
sandal,19385,3529.0,01JRZV44VFMQYSTX1F95VC95QV,01JRZTN1GM335Z32P5XNSSB4RC,9,clothes,0.0,0,,sandals,sandal,,True,8
flip flop,21722,2337.0,01JRZV44VFMQYSTX1F95VC95QV,01JRZTN1GM335Z32P5XNSSB4RC,10,clothes,1.0,0,,flip flops,flipflop,,True,9
hat,22572,850.0,01JRZV44VFMQYSTX1F95VC95QV,01JRZTN1GM335Z32P5XNSSB4RC,11,clothes,0.0,0,,hat,hat,,True,10
sunglass,25952,3380.0,01JRZV44VFMQYSTX1F95VC95QV,01JRZTN1GM335Z32P5XNSSB4RC,12,clothes,0.0,0,,sunglasses,sunglas,,True,11
earmuff,29259,3307.0,01JRZV44VFMQYSTX1F95VC95QV,01JRZTN1GM335Z32P5XNSSB4RC,13,clothes,0.0,0,,ear muffs,earmuff,,True,12
vest,34258,4999.0,01JRZV44VFMQYSTX1F95VC95QV,01JRZTN1GM335Z32P5XNSSB4RC,14,clothes,0.0,0,,vest,vest,,True,13
pant,36736,2478.0,01JRZV44VFMQYSTX1F95VC95QV,01JRZTN1GM335Z32P5XNSSB4RC,15,clothes,0.0,0,,pants,pant,,True,14
Y-fronts,39815,3079.0,01JRZV44VFMQYSTX1F95VC95QV,01JRZTN1GM335Z32P5XNSSB4RC,16,clothes,0.0,0,,y fronts,yfront,,True,15
knicker,44261,4446.0,01JRZV44VFMQYSTX1F95VC95QV,01JRZTN1GM335Z32P5XNSSB4RC,17,clothes,0.0,0,,knickers,knicker,,True,16
bra,45685,1424.0,01JRZV44VFMQYSTX1F95VC95QV,01JRZTN1GM335Z32P5XNSSB4RC,18,clothes,0.0,0,,bra,bra,,True,17
T-shirt,50094,4409.0,01JRZV44VFMQYSTX1F95VC95QV,01JRZTN1GM335Z32P5XNSSB4RC,19,clothes,0.0,0,,t shirt,tshirt,,True,18
legging,53216,3122.0,01JRZV44VFMQYSTX1F95VC95QV,01JRZTN1GM335Z32P5XNSSB4RC,20,clothes,0.0,0,,leggings,legging,,True,19
jegging,55296,2080.0,01JRZV44VFMQYSTX1F95VC95QV,01JRZTN1GM335Z32P5XNSSB4RC,21,clothes,0.0,0,,jeggings,jegging,,True,20
belt,57910,2614.0,01JRZV44VFMQYSTX1F95VC95QV,01JRZTN1GM335Z32P5XNSSB4RC,22,clothes,0.0,0,,belt,belt,,True,21
waistcoat,61653,3743.0,01JRZV44VFMQYSTX1F95VC95QV,01JRZTN1GM335Z32P5XNSSB4RC,23,clothes,0.0,0,,waistcoat,waistcoat,,True,22
suit,62611,958.0,01JRZV44VFMQYSTX1F95VC95QV,01JRZTN1GM335Z32P5XNSSB4RC,24,clothes,0.0,0,,suit,suit,,True,23
glove,69126,6515.0,01JRZV44VFMQYSTX1F95VC95QV,01JRZTN1GM335Z32P5XNSSB4RC,25,clothes,0.0,0,,gloves,glove,,True,24
scarf,71194,2068.0,01JRZV44VFMQYSTX1F95VC95QV,01JRZTN1GM335Z32P5XNSSB4RC,26,clothes,0.0,0,,scarf,scarf,,True,25
corset,80805,9611.0,01JRZV44VFMQYSTX1F95VC95QV,01JRZTN1GM335Z32P5XNSSB4RC,27,clothes,0.0,0,,corset,corset,,True,26
halterneck,87479,6674.0,01JRZV44VFMQYSTX1F95VC95QV,01JRZTN1GM335Z32P5XNSSB4RC,28,clothes,0.0,0,,halterneck,halterneck,,True,27
trainer,102741,15262.0,01JRZV44VFMQYSTX1F95VC95QV,01JRZTN1GM335Z32P5XNSSB4RC,29,clothes,1.0,0,,trainers,trainer,,True,28
boot,107096,4355.0,01JRZV44VFMQYSTX1F95VC95QV,01JRZTN1GM335Z32P5XNSSB4RC,30,clothes,1.0,0,,boots,boot,,True,29
dungaree,114723,7627.0,01JRZV44VFMQYSTX1F95VC95QV,01JRZTN1GM335Z32P5XNSSB4RC,31,clothes,0.0,0,,dungarees,dungaree,,True,30
sari,161198,46475.0,01JRZV44VFMQYSTX1F95VC95QV,01JRZTN1GM335Z32P5XNSSB4RC,32,clothes,0.0,0,,sari,sari,,True,31
short,170994,9796.0,01JRZV44VFMQYSTX1F95VC95QV,01JRZTN1GM335Z32P5XNSSB4RC,33,clothes,0.0,0,,SHORTS,short,,True,32
bread,4997,4997.0,01JRZV44VFMQYSTX1F95VC95QV,01JRZTN1GM335Z32P5XNSSB4RC,0,supermarket,1.0,0,,bread,bread,,True,0
yoghurt,7606,2609.0,01JRZV44VFMQYSTX1F95VC95QV,01JRZTN1GM335Z32P5XNSSB4RC,1,supermarket,0.0,0,,yoghurt,yoghurt,,True,1
butter,10938,3332.0,01JRZV44VFMQYSTX1F95VC95QV,01JRZTN1GM335Z32P5XNSSB4RC,2,supermarket,0.0,0,,butter,butter,,True,2
milk,13815,2877.0,01JRZV44VFMQYSTX1F95VC95QV,01JRZTN1GM335Z32P5XNSSB4RC,3,supermarket,0.0,0,,milk,milk,,True,3
tomato,17313,3498.0,01JRZV44VFMQYSTX1F95VC95QV,01JRZTN1GM335Z32P5XNSSB4RC,4,supermarket,0.0,0,,tomato,tomato,,True,4
onion,18460,1147.0,01JRZV44VFMQYSTX1F95VC95QV,01JRZTN1GM335Z32P5XNSSB4RC,5,supermarket,1.0,0,,onion,onion,,True,5
pepper,22612,4152.0,01JRZV44VFMQYSTX1F95VC95QV,01JRZTN1GM335Z32P5XNSSB4RC,6,supermarket,1.0,0,,pepper,pepper,,True,6
banana,25446,2834.0,01JRZV44VFMQYSTX1F95VC95QV,01JRZTN1GM335Z32P5XNSSB4RC,7,supermarket,0.0,0,,bananas,banana,,True,7
juice,26976,1530.0,01JRZV44VFMQYSTX1F95VC95QV,01JRZTN1GM335Z32P5XNSSB4RC,8,supermarket,0.0,0,,juice,juice,,True,8
cereal,29353,2377.0,01JRZV44VFMQYSTX1F95VC95QV,01JRZTN1GM335Z32P5XNSSB4RC,9,supermarket,0.0,0,,cereal,cereal,,True,9
wrap,32917,3564.0,01JRZV44VFMQYSTX1F95VC95QV,01JRZTN1GM335Z32P5XNSSB4RC,10,supermarket,0.0,0,,wraps,wrap,,True,10
squash,36405,3488.0,01JRZV44VFMQYSTX1F95VC95QV,01JRZTN1GM335Z32P5XNSSB4RC,11,supermarket,0.0,0,,squash,squash,,True,11
apple,49087,12682.0,01JRZV44VFMQYSTX1F95VC95QV,01JRZTN1GM335Z32P5XNSSB4RC,12,supermarket,0.0,0,,apples,apple,,True,12
orange,52469,3382.0,01JRZV44VFMQYSTX1F95VC95QV,01JRZTN1GM335Z32P5XNSSB4RC,13,supermarket,0.0,0,,oranges,orange,,True,13
grape,55053,2584.0,01JRZV44VFMQYSTX1F95VC95QV,01JRZTN1GM335Z32P5XNSSB4RC,14,supermarket,0.0,0,,grapes,grape,,True,14
garlic,62117,1563.0,01JRZV44VFMQYSTX1F95VC95QV,01JRZTN1GM335Z32P5XNSSB4RC,16,supermarket,0.0,0,,garlic,garlic,,True,15
ginger,64590,2473.0,01JRZV44VFMQYSTX1F95VC95QV,01JRZTN1GM335Z32P5XNSSB4RC,17,supermarket,0.0,0,,ginger,ginger,,True,16
soy sauce,66596,2006.0,01JRZV44VFMQYSTX1F95VC95QV,01JRZTN1GM335Z32P5XNSSB4RC,18,supermarket,0.0,0,,soy sauce,soysauce,,True,17
mayonnaise,73669,7073.0,01JRZV44VFMQYSTX1F95VC95QV,01JRZTN1GM335Z32P5XNSSB4RC,19,supermarket,0.0,0,,mayonnaise,mayonnaise,,True,18
ketchup,76341,2672.0,01JRZV44VFMQYSTX1F95VC95QV,01JRZTN1GM335Z32P5XNSSB4RC,20,supermarket,0.0,0,,ketchup,ketchup,,True,19
water,80016,3675.0,01JRZV44VFMQYSTX1F95VC95QV,01JRZTN1GM335Z32P5XNSSB4RC,21,supermarket,0.0,0,,water,water,,True,20
chocolate,82481,2465.0,01JRZV44VFMQYSTX1F95VC95QV,01JRZTN1GM335Z32P5XNSSB4RC,22,supermarket,0.0,0,,chocolate,chocolate,,True,21
biscuit,83712,1231.0,01JRZV44VFMQYSTX1F95VC95QV,01JRZTN1GM335Z32P5XNSSB4RC,23,supermarket,0.0,0,,biscuits,biscuit,,True,22
cake,86567,2855.0,01JRZV44VFMQYSTX1F95VC95QV,01JRZTN1GM335Z32P5XNSSB4RC,24,supermarket,0.0,0,,cakes,cake,,True,23
crumpet,89333,2766.0,01JRZV44VFMQYSTX1F95VC95QV,01JRZTN1GM335Z32P5XNSSB4RC,25,supermarket,0.0,0,,crumpets,crumpet,,True,24
pastry,93738,4405.0,01JRZV44VFMQYSTX1F95VC95QV,01JRZTN1GM335Z32P5XNSSB4RC,26,supermarket,0.0,0,,pastries,pastry,,True,25
washing up liquid,96920,3182.0,01JRZV44VFMQYSTX1F95VC95QV,01JRZTN1GM335Z32P5XNSSB4RC,27,supermarket,0.0,0,,washing up liquid,washingupliquid,,True,26
washing powder,105550,8630.0,01JRZV44VFMQYSTX1F95VC95QV,01JRZTN1GM335Z32P5XNSSB4RC,28,supermarket,0.0,0,,washing powder,washingpowder,,True,27
egg,109214,3664.0,01JRZV44VFMQYSTX1F95VC95QV,01JRZTN1GM335Z32P5XNSSB4RC,29,supermarket,0.0,0,,eggs,egg,,True,28
flour,115158,5944.0,01JRZV44VFMQYSTX1F95VC95QV,01JRZTN1GM335Z32P5XNSSB4RC,30,supermarket,0.0,0,,flour,flour,,True,29
birthday cake,119992,4834.0,01JRZV44VFMQYSTX1F95VC95QV,01JRZTN1GM335Z32P5XNSSB4RC,31,supermarket,0.0,0,,birthday cake,birthdaycake,,True,30
card,122308,2316.0,01JRZV44VFMQYSTX1F95VC95QV,01JRZTN1GM335Z32P5XNSSB4RC,32,supermarket,0.0,0,,cards,card,,True,31
sweet,124566,2258.0,01JRZV44VFMQYSTX1F95VC95QV,01JRZTN1GM335Z32P5XNSSB4RC,33,supermarket,0.0,0,,sweets,sweet,,True,32
oat milk,135231,10665.0,01JRZV44VFMQYSTX1F95VC95QV,01JRZTN1GM335Z32P5XNSSB4RC,34,supermarket,0.0,0,,oat milk,oatmilk,,True,33
honey,138700,3469.0,01JRZV44VFMQYSTX1F95VC95QV,01JRZTN1GM335Z32P5XNSSB4RC,35,supermarket,0.0,0,,honey,honey,,True,34
peanut butter,143707,5007.0,01JRZV44VFMQYSTX1F95VC95QV,01JRZTN1GM335Z32P5XNSSB4RC,36,supermarket,0.0,0,,peanut butter,peanutbutter,,True,35
chocolate spread,151043,7336.0,01JRZV44VFMQYSTX1F95VC95QV,01JRZTN1GM335Z32P5XNSSB4RC,37,supermarket,0.0,0,,chocolate spread,chocolatespread,,True,36
marmite,152613,1570.0,01JRZV44VFMQYSTX1F95VC95QV,01JRZTN1GM335Z32P5XNSSB4RC,38,supermarket,0.0,0,,marmite,marmite,,True,37
bean,153924,1311.0,01JRZV44VFMQYSTX1F95VC95QV,01JRZTN1GM335Z32P5XNSSB4RC,39,supermarket,0.0,0,,beans,bean,,True,38
breadcrumb,157978,4054.0,01JRZV44VFMQYSTX1F95VC95QV,01JRZTN1GM335Z32P5XNSSB4RC,40,supermarket,0.0,0,,breadcrumbs,breadcrumb,,True,39
coconut,164483,6505.0,01JRZV44VFMQYSTX1F95VC95QV,01JRZTN1GM335Z32P5XNSSB4RC,41,supermarket,0.0,0,,coconut,coconut,,True,40
coconut milk,168371,3888.0,01JRZV44VFMQYSTX1F95VC95QV,01JRZTN1GM335Z32P5XNSSB4RC,42,supermarket,0.0,0,,coconut milk,coconutmilk,,True,41
gravy,170206,1835.0,01JRZV44VFMQYSTX1F95VC95QV,01JRZTN1GM335Z32P5XNSSB4RC,43,supermarket,0.0,0,,gravy,gravy,,True,42
potato,172050,1844.0,01JRZV44VFMQYSTX1F95VC95QV,01JRZTN1GM335Z32P5XNSSB4RC,44,supermarket,0.0,0,,potatoes,potato,,True,43
chicken,174721,2671.0,01JRZV44VFMQYSTX1F95VC95QV,01JRZTN1GM335Z32P5XNSSB4RC,45,supermarket,0.0,0,,chicken,chicken,,True,44
beef,176418,1697.0,01JRZV44VFMQYSTX1F95VC95QV,01JRZTN1GM335Z32P5XNSSB4RC,46,supermarket,0.0,0,,beef,beef,,True,45
turkey,177614,1196.0,01JRZV44VFMQYSTX1F95VC95QV,01JRZTN1GM335Z32P5XNSSB4RC,47,supermarket,0.0,0,,turkey,turkey,,True,46
lettuce,178896,1282.0,01JRZV44VFMQYSTX1F95VC95QV,01JRZTN1GM335Z32P5XNSSB4RC,48,supermarket,1.0,0,,lettuce,lettuce,,True,47
cat,7206,7206.0,01JRZV487V6JBCV4PWJXMYDRHE,01JRZTN1H8B6P1WC976C5HCJMF,0,animals,1.0,0,,cat,cat,"['Pets', 'Feline']",True,0
dog,13888,6682.0,01JRZV487V6JBCV4PWJXMYDRHE,01JRZTN1H8B6P1WC976C5HCJMF,1,animals,1.0,0,,dog,dog,"['Canine', 'Pets']",False,1
rabbit,16747,2859.0,01JRZV487V6JBCV4PWJXMYDRHE,01JRZTN1H8B6P1WC976C5HCJMF,2,animals,1.0,0,,rabbit,rabbit,"['NorthAmerican', 'Pets', 'Rabbit', 'UsedForFur']",False,2
horse,21575,4828.0,01JRZV487V6JBCV4PWJXMYDRHE,01JRZTN1H8B6P1WC976C5HCJMF,3,animals,0.0,0,,horse,horse,"['BeastsOfBurden', 'Farm']",True,3
pig,25266,3691.0,01JRZV487V6JBCV4PWJXMYDRHE,01JRZTN1H8B6P1WC976C5HCJMF,4,animals,0.0,0,,pig,pig,['Farm'],False,4
sheep,26754,1488.0,01JRZV487V6JBCV4PWJXMYDRHE,01JRZTN1H8B6P1WC976C5HCJMF,5,animals,0.0,0,,sheep,sheep,['Farm'],False,5
lamb,28417,1663.0,01JRZV487V6JBCV4PWJXMYDRHE,01JRZTN1H8B6P1WC976C5HCJMF,6,animals,0.0,0,,lamb,lamb,['Farm'],False,6
foal,31983,3566.0,01JRZV487V6JBCV4PWJXMYDRHE,01JRZTN1H8B6P1WC976C5HCJMF,7,animals,0.0,0,,foal,foal,['Farm'],False,7
stallion,34757,2774.0,01JRZV487V6JBCV4PWJXMYDRHE,01JRZTN1H8B6P1WC976C5HCJMF,8,animals,0.0,0,,stallion,stallion,['Farm'],False,8
mare,36000,1243.0,01JRZV487V6JBCV4PWJXMYDRHE,01JRZTN1H8B6P1WC976C5HCJMF,9,animals,0.0,0,,mare,mare,"['BeastsOfBurden', 'Farm']",False,9
llama,42204,6204.0,01JRZV487V6JBCV4PWJXMYDRHE,01JRZTN1H8B6P1WC976C5HCJMF,10,animals,0.0,0,,llama,llama,"['BeastsOfBurden', 'UsedForFur']",False,10
alpaca,45454,3250.0,01JRZV487V6JBCV4PWJXMYDRHE,01JRZTN1H8B6P1WC976C5HCJMF,11,animals,0.0,0,,alpaca,alpaca,['UsedForFur'],False,11
sloth,50318,4864.0,01JRZV487V6JBCV4PWJXMYDRHE,01JRZTN1H8B6P1WC976C5HCJMF,12,animals,0.0,0,,sloth,sloth,['Jungle'],True,12
penguin,55309,4991.0,01JRZV487V6JBCV4PWJXMYDRHE,01JRZTN1H8B6P1WC976C5HCJMF,13,animals,0.0,0,,penguin,penguin,"['Arctic', 'Bird', 'Water']",True,13
parrot,58547,3238.0,01JRZV487V6JBCV4PWJXMYDRHE,01JRZTN1H8B6P1WC976C5HCJMF,14,animals,1.0,0,,parrot,parrot,"['Bird', 'Pets']",False,14
budgie,61656,3109.0,01JRZV487V6JBCV4PWJXMYDRHE,01JRZTN1H8B6P1WC976C5HCJMF,15,animals,1.0,0,,budgie,budgie,['Pets'],False,15
magpie,66201,4545.0,01JRZV487V6JBCV4PWJXMYDRHE,01JRZTN1H8B6P1WC976C5HCJMF,16,animals,0.0,0,,magpie,magpie,['Bird'],True,16
eagle,68115,1914.0,01JRZV487V6JBCV4PWJXMYDRHE,01JRZTN1H8B6P1WC976C5HCJMF,17,animals,0.0,0,,eagle,eagle,['Bird'],False,17
vulture,72025,3910.0,01JRZV487V6JBCV4PWJXMYDRHE,01JRZTN1H8B6P1WC976C5HCJMF,18,animals,0.0,0,,vulture,vulture,['Bird'],False,18
goat,83069,11044.0,01JRZV487V6JBCV4PWJXMYDRHE,01JRZTN1H8B6P1WC976C5HCJMF,19,animals,0.0,0,,goat,goat,['Farm'],True,19
cow,88627,5558.0,01JRZV487V6JBCV4PWJXMYDRHE,01JRZTN1H8B6P1WC976C5HCJMF,20,animals,0.0,0,,cow,cow,"['Bovine', 'Farm']",False,20
shark,123427,34800.0,01JRZV487V6JBCV4PWJXMYDRHE,01JRZTN1H8B6P1WC976C5HCJMF,21,animals,0.0,0,,shark,shark,"['Fish', 'Water']",True,21
fish,126802,3375.0,01JRZV487V6JBCV4PWJXMYDRHE,01JRZTN1H8B6P1WC976C5HCJMF,22,animals,1.0,0,,fish,fish,"['Fish', 'Water']",False,22
dolphin,130229,3427.0,01JRZV487V6JBCV4PWJXMYDRHE,01JRZTN1H8B6P1WC976C5HCJMF,23,animals,0.0,0,,dolphin,dolphin,"['Insects', 'Water']",False,23
caterpillar,136327,6098.0,01JRZV487V6JBCV4PWJXMYDRHE,01JRZTN1H8B6P1WC976C5HCJMF,24,animals,0.0,0,,catepillar,caterpillar,['Insects'],False,24
butterfly,144796,8469.0,01JRZV487V6JBCV4PWJXMYDRHE,01JRZTN1H8B6P1WC976C5HCJMF,25,animals,0.0,0,,butterfly,butterfly,['Insects'],False,25
spider,152584,7788.0,01JRZV487V6JBCV4PWJXMYDRHE,01JRZTN1H8B6P1WC976C5HCJMF,26,animals,1.0,0,,spider,spider,"['Arachnid', 'Farm']",True,26
parakeet,161223,8639.0,01JRZV487V6JBCV4PWJXMYDRHE,01JRZTN1H8B6P1WC976C5HCJMF,27,animals,1.0,0,,parakeet,parakeet,"['Bird', 'Pets']",True,27
piglet,171972,10749.0,01JRZV487V6JBCV4PWJXMYDRHE,01JRZTN1H8B6P1WC976C5HCJMF,28,animals,0.0,0,,piglet,piglet,['Farm'],True,28
shoe,4123,4123.0,01JRZV487V6JBCV4PWJXMYDRHE,01JRZTN1H8B6P1WC976C5HCJMF,0,clothes,1.0,0,,shoes,shoe,,True,0
sock,6400,2277.0,01JRZV487V6JBCV4PWJXMYDRHE,01JRZTN1H8B6P1WC976C5HCJMF,1,clothes,1.0,0,,socks,sock,,True,1
trouser,8646,2246.0,01JRZV487V6JBCV4PWJXMYDRHE,01JRZTN1H8B6P1WC976C5HCJMF,2,clothes,0.0,0,,trousers,trouser,,True,2
legging,10733,2087.0,01JRZV487V6JBCV4PWJXMYDRHE,01JRZTN1H8B6P1WC976C5HCJMF,3,clothes,0.0,0,,leggings,legging,,True,3
jean,15550,4817.0,01JRZV487V6JBCV4PWJXMYDRHE,01JRZTN1H8B6P1WC976C5HCJMF,4,clothes,0.0,0,,jeans,jean,,True,4
pant,19794,4244.0,01JRZV487V6JBCV4PWJXMYDRHE,01JRZTN1H8B6P1WC976C5HCJMF,5,clothes,0.0,0,,pants,pant,,True,5
knicker,21879,2085.0,01JRZV487V6JBCV4PWJXMYDRHE,01JRZTN1H8B6P1WC976C5HCJMF,6,clothes,0.0,0,,knickers,knicker,,True,6
underpant,24677,2798.0,01JRZV487V6JBCV4PWJXMYDRHE,01JRZTN1H8B6P1WC976C5HCJMF,7,clothes,0.0,0,,underpants,underpant,,True,7
Y-front,26763,2086.0,01JRZV487V6JBCV4PWJXMYDRHE,01JRZTN1H8B6P1WC976C5HCJMF,8,clothes,0.0,0,,Y fronts,yfront,,True,8
shirt,32064,5301.0,01JRZV487V6JBCV4PWJXMYDRHE,01JRZTN1H8B6P1WC976C5HCJMF,9,clothes,0.0,0,,shirts,shirt,,True,9
button-down,34610,2546.0,01JRZV487V6JBCV4PWJXMYDRHE,01JRZTN1H8B6P1WC976C5HCJMF,10,clothes,0.0,0,,button downs,buttondown,,True,10
peplum top,37721,3111.0,01JRZV487V6JBCV4PWJXMYDRHE,01JRZTN1H8B6P1WC976C5HCJMF,11,clothes,0.0,0,,peplum top,peplumtop,,True,11
jacket,41895,4174.0,01JRZV487V6JBCV4PWJXMYDRHE,01JRZTN1H8B6P1WC976C5HCJMF,12,clothes,0.0,0,,jacket,jacket,,True,12
t-shirt,44436,2541.0,01JRZV487V6JBCV4PWJXMYDRHE,01JRZTN1H8B6P1WC976C5HCJMF,13,clothes,0.0,0,,t-shirt,tshirt,,True,13
hat,51080,6644.0,01JRZV487V6JBCV4PWJXMYDRHE,01JRZTN1H8B6P1WC976C5HCJMF,14,clothes,0.0,0,,hats,hat,,True,14
sunglass,54577,3497.0,01JRZV487V6JBCV4PWJXMYDRHE,01JRZTN1H8B6P1WC976C5HCJMF,15,clothes,0.0,0,,sunglasses,sunglas,,True,15
necklace,58740,4163.0,01JRZV487V6JBCV4PWJXMYDRHE,01JRZTN1H8B6P1WC976C5HCJMF,16,clothes,0.0,0,,necklaces,necklace,,True,16
ring,60949,2209.0,01JRZV487V6JBCV4PWJXMYDRHE,01JRZTN1H8B6P1WC976C5HCJMF,17,clothes,0.0,0,,rings,ring,,True,17
coat,73528,12579.0,01JRZV487V6JBCV4PWJXMYDRHE,01JRZTN1H8B6P1WC976C5HCJMF,18,clothes,0.0,0,,coat,coat,,True,18
skinny jean,83596,10068.0,01JRZV487V6JBCV4PWJXMYDRHE,01JRZTN1H8B6P1WC976C5HCJMF,19,clothes,0.0,0,,skinny jeans,skinnyjean,,True,19
wide leg pant,90065,6469.0,01JRZV487V6JBCV4PWJXMYDRHE,01JRZTN1H8B6P1WC976C5HCJMF,20,clothes,0.0,0,,wide leg pants,widelegpant,,True,20
bra,93072,3007.0,01JRZV487V6JBCV4PWJXMYDRHE,01JRZTN1H8B6P1WC976C5HCJMF,21,clothes,0.0,0,,bras,bra,,True,21
tight,95333,2261.0,01JRZV487V6JBCV4PWJXMYDRHE,01JRZTN1H8B6P1WC976C5HCJMF,22,clothes,1.0,0,,tights,tight,,True,22
stocking,98617,3284.0,01JRZV487V6JBCV4PWJXMYDRHE,01JRZTN1H8B6P1WC976C5HCJMF,23,clothes,1.0,0,,stockings,stocking,,True,23
suspenders,101845,3228.0,01JRZV487V6JBCV4PWJXMYDRHE,01JRZTN1H8B6P1WC976C5HCJMF,24,clothes,0.0,0,,suspenders,suspender,,True,24
fishnet tight,108600,6755.0,01JRZV487V6JBCV4PWJXMYDRHE,01JRZTN1H8B6P1WC976C5HCJMF,25,clothes,1.0,0,,fishnet tights,fishnettight,,True,25
boy short,115171,6571.0,01JRZV487V6JBCV4PWJXMYDRHE,01JRZTN1H8B6P1WC976C5HCJMF,26,clothes,0.0,0,,boy shorts,boyshort,,True,26
denim short,118812,3641.0,01JRZV487V6JBCV4PWJXMYDRHE,01JRZTN1H8B6P1WC976C5HCJMF,27,clothes,0.0,0,,denim shorts,denimshort,,True,27
dress,122002,3190.0,01JRZV487V6JBCV4PWJXMYDRHE,01JRZTN1H8B6P1WC976C5HCJMF,28,clothes,0.0,0,,dress,dres,,True,28
maxi dress,125425,3423.0,01JRZV487V6JBCV4PWJXMYDRHE,01JRZTN1H8B6P1WC976C5HCJMF,29,clothes,0.0,0,,maxi dress,maxidres,,True,29
mini dress,128757,3332.0,01JRZV487V6JBCV4PWJXMYDRHE,01JRZTN1H8B6P1WC976C5HCJMF,30,clothes,0.0,0,,mini dress,minidres,,True,30
midi dress,133641,4884.0,01JRZV487V6JBCV4PWJXMYDRHE,01JRZTN1H8B6P1WC976C5HCJMF,31,clothes,0.0,0,,midi dress,mididres,,True,31
skirt,140651,7010.0,01JRZV487V6JBCV4PWJXMYDRHE,01JRZTN1H8B6P1WC976C5HCJMF,32,clothes,0.0,0,,skirt,skirt,,True,32
maxi skirt,143741,3090.0,01JRZV487V6JBCV4PWJXMYDRHE,01JRZTN1H8B6P1WC976C5HCJMF,33,clothes,0.0,0,,maxi skirt,maxiskirt,,True,33
denim skirt,147160,3419.0,01JRZV487V6JBCV4PWJXMYDRHE,01JRZTN1H8B6P1WC976C5HCJMF,34,clothes,0.0,0,,denim skirt,denimskirt,,True,34
leather skirt,150169,3009.0,01JRZV487V6JBCV4PWJXMYDRHE,01JRZTN1H8B6P1WC976C5HCJMF,35,clothes,0.0,0,,leather skirt,leatherskirt,,True,35
midi skirt,154651,4482.0,01JRZV487V6JBCV4PWJXMYDRHE,01JRZTN1H8B6P1WC976C5HCJMF,36,clothes,0.0,0,,midi skirt,midiskirt,,True,36
mini skirt,161083,6432.0,01JRZV487V6JBCV4PWJXMYDRHE,01JRZTN1H8B6P1WC976C5HCJMF,37,clothes,0.0,0,,mini skirt,miniskirt,,True,37
bracelet,169622,8539.0,01JRZV487V6JBCV4PWJXMYDRHE,01JRZTN1H8B6P1WC976C5HCJMF,38,clothes,0.0,0,,bracelets,bracelet,,True,38
cheese,32650,4124.0,01JRZV487V6JBCV4PWJXMYDRHE,01JRZTN1H8B6P1WC976C5HCJMF,1,supermarket,0.0,0,,cheese,cheese,,True,0
potato,34813,2163.0,01JRZV487V6JBCV4PWJXMYDRHE,01JRZTN1H8B6P1WC976C5HCJMF,2,supermarket,1.0,0,,potatoes,potato,,True,1
carrot,36911,2098.0,01JRZV487V6JBCV4PWJXMYDRHE,01JRZTN1H8B6P1WC976C5HCJMF,3,supermarket,0.0,0,,carrots,carrot,,True,2
onion,38709,1798.0,01JRZV487V6JBCV4PWJXMYDRHE,01JRZTN1H8B6P1WC976C5HCJMF,4,supermarket,0.0,0,,onions,onion,,True,3
lettuce,40454,1745.0,01JRZV487V6JBCV4PWJXMYDRHE,01JRZTN1H8B6P1WC976C5HCJMF,5,supermarket,0.0,0,,lettuce,lettuce,,True,4
tomato,43148,2694.0,01JRZV487V6JBCV4PWJXMYDRHE,01JRZTN1H8B6P1WC976C5HCJMF,6,supermarket,1.0,0,,"tomatoes,",tomato,,True,5
grape,47515,4367.0,01JRZV487V6JBCV4PWJXMYDRHE,01JRZTN1H8B6P1WC976C5HCJMF,7,supermarket,0.0,0,,grapes,grape,,True,6
sausage,49558,2043.0,01JRZV487V6JBCV4PWJXMYDRHE,01JRZTN1H8B6P1WC976C5HCJMF,8,supermarket,0.0,0,,sausages,sausage,,True,7
egg,56996,7438.0,01JRZV487V6JBCV4PWJXMYDRHE,01JRZTN1H8B6P1WC976C5HCJMF,9,supermarket,0.0,0,,eggs,egg,,True,8
bread,60253,3257.0,01JRZV487V6JBCV4PWJXMYDRHE,01JRZTN1H8B6P1WC976C5HCJMF,10,supermarket,0.0,0,,bread,bread,,True,9
broccoli,65049,4796.0,01JRZV487V6JBCV4PWJXMYDRHE,01JRZTN1H8B6P1WC976C5HCJMF,11,supermarket,0.0,0,,broccolli,broccoli,,True,10
cabbage,74817,9768.0,01JRZV487V6JBCV4PWJXMYDRHE,01JRZTN1H8B6P1WC976C5HCJMF,12,supermarket,0.0,0,,cabbage,cabbage,,True,11
lentil,77762,2945.0,01JRZV487V6JBCV4PWJXMYDRHE,01JRZTN1H8B6P1WC976C5HCJMF,13,supermarket,0.0,0,,lentils,lentil,,True,12
noodle,80278,2516.0,01JRZV487V6JBCV4PWJXMYDRHE,01JRZTN1H8B6P1WC976C5HCJMF,14,supermarket,0.0,0,,noodles,noodle,,True,13
rice,88147,7869.0,01JRZV487V6JBCV4PWJXMYDRHE,01JRZTN1H8B6P1WC976C5HCJMF,15,supermarket,0.0,0,,rice,rice,,True,14
sauce,93797,5650.0,01JRZV487V6JBCV4PWJXMYDRHE,01JRZTN1H8B6P1WC976C5HCJMF,16,supermarket,0.0,0,,sauce,sauce,,True,15
pasta,95494,1697.0,01JRZV487V6JBCV4PWJXMYDRHE,01JRZTN1H8B6P1WC976C5HCJMF,17,supermarket,0.0,0,,pasta,pasta,,True,16
tomato sauce,98877,3383.0,01JRZV487V6JBCV4PWJXMYDRHE,01JRZTN1H8B6P1WC976C5HCJMF,18,supermarket,0.0,0,,tomato sauce,tomatosauce,,True,17
ketchup,101023,2146.0,01JRZV487V6JBCV4PWJXMYDRHE,01JRZTN1H8B6P1WC976C5HCJMF,19,supermarket,0.0,0,,ketchup,ketchup,,True,18
mayonnaise,103180,2157.0,01JRZV487V6JBCV4PWJXMYDRHE,01JRZTN1H8B6P1WC976C5HCJMF,20,supermarket,0.0,0,,mayonaise,mayonnaise,,True,19
salt,107661,4481.0,01JRZV487V6JBCV4PWJXMYDRHE,01JRZTN1H8B6P1WC976C5HCJMF,21,supermarket,0.0,0,,salt,salt,,True,20
pepper,109565,1904.0,01JRZV487V6JBCV4PWJXMYDRHE,01JRZTN1H8B6P1WC976C5HCJMF,22,supermarket,0.0,0,,pepper,pepper,,True,21
chocolate,115882,6317.0,01JRZV487V6JBCV4PWJXMYDRHE,01JRZTN1H8B6P1WC976C5HCJMF,23,supermarket,0.0,0,,chocolate,chocolate,,True,22
biscuit,119040,3158.0,01JRZV487V6JBCV4PWJXMYDRHE,01JRZTN1H8B6P1WC976C5HCJMF,24,supermarket,0.0,0,,biscuits,biscuit,,True,23
fish,127586,8546.0,01JRZV487V6JBCV4PWJXMYDRHE,01JRZTN1H8B6P1WC976C5HCJMF,25,supermarket,0.0,0,,fish,fish,,True,24
mince,130301,2715.0,01JRZV487V6JBCV4PWJXMYDRHE,01JRZTN1H8B6P1WC976C5HCJMF,26,supermarket,0.0,0,,mince,mince,,True,25
kiev,132737,2436.0,01JRZV487V6JBCV4PWJXMYDRHE,01JRZTN1H8B6P1WC976C5HCJMF,27,supermarket,0.0,0,,kievs,kiev,,True,26
oil,137419,4682.0,01JRZV487V6JBCV4PWJXMYDRHE,01JRZTN1H8B6P1WC976C5HCJMF,28,supermarket,0.0,0,,oil,oil,,True,27
cucumber,147570,10151.0,01JRZV487V6JBCV4PWJXMYDRHE,01JRZTN1H8B6P1WC976C5HCJMF,29,supermarket,0.0,0,,cucumber,cucumber,,True,28
aubergine,155741,8171.0,01JRZV487V6JBCV4PWJXMYDRHE,01JRZTN1H8B6P1WC976C5HCJMF,30,supermarket,0.0,0,,aubergine,aubergine,,True,29
croissant,167154,11413.0,01JRZV487V6JBCV4PWJXMYDRHE,01JRZTN1H8B6P1WC976C5HCJMF,31,supermarket,0.0,0,,croissants,croissant,,True,30
dill,171640,4486.0,01JRZV487V6JBCV4PWJXMYDRHE,01JRZTN1H8B6P1WC976C5HCJMF,32,supermarket,0.0,0,,dill,dill,,True,31
pickle,176727,5087.0,01JRZV487V6JBCV4PWJXMYDRHE,01JRZTN1H8B6P1WC976C5HCJMF,33,supermarket,0.0,0,,pickles,pickle,,True,32
burger,178883,2156.0,01JRZV487V6JBCV4PWJXMYDRHE,01JRZTN1H8B6P1WC976C5HCJMF,34,supermarket,0.0,0,,burgers,burger,,True,33
cat,16162,16162.0,01JRZV53T5D6P8DAW3P48PQSX0,01JRZTN1GVVCB6DQAYR1TKM0KW,0,animals,,0,,cat,cat,"['Pets', 'Feline']",True,0
lion,20142,3980.0,01JRZV53T5D6P8DAW3P48PQSX0,01JRZTN1GVVCB6DQAYR1TKM0KW,1,animals,,0,,lion,lion,"['African', 'Feline']",False,1
elephant,24013,3871.0,01JRZV53T5D6P8DAW3P48PQSX0,01JRZTN1GVVCB6DQAYR1TKM0KW,2,animals,,0,,elephant,elephant,['African'],False,2
tiger,27580,3567.0,01JRZV53T5D6P8DAW3P48PQSX0,01JRZTN1GVVCB6DQAYR1TKM0KW,3,animals,,0,,tiger,tiger,"['African', 'Feline']",False,3
giraffe,32443,4863.0,01JRZV53T5D6P8DAW3P48PQSX0,01JRZTN1GVVCB6DQAYR1TKM0KW,4,animals,,0,,giraffe,giraffe,['African'],False,4
zebra,35860,3417.0,01JRZV53T5D6P8DAW3P48PQSX0,01JRZTN1GVVCB6DQAYR1TKM0KW,5,animals,,0,,zebra,zebra,['African'],False,5
kangaroo,41203,5343.0,01JRZV53T5D6P8DAW3P48PQSX0,01JRZTN1GVVCB6DQAYR1TKM0KW,6,animals,,0,,kangaroo,kangaroo,['Australian'],True,6
bear,44807,3604.0,01JRZV53T5D6P8DAW3P48PQSX0,01JRZTN1GVVCB6DQAYR1TKM0KW,7,animals,,0,,bear,bear,['NorthAmerican'],True,7
fox,47422,2615.0,01JRZV53T5D6P8DAW3P48PQSX0,01JRZTN1GVVCB6DQAYR1TKM0KW,8,animals,,0,,fox,fox,"['Canine', 'NorthAmerican', 'UsedForFur']",False,8
monkey,50183,2761.0,01JRZV53T5D6P8DAW3P48PQSX0,01JRZTN1GVVCB6DQAYR1TKM0KW,9,animals,,0,,monkey,monkey,"['African', 'Primates']",True,9
dolphin,54761,4578.0,01JRZV53T5D6P8DAW3P48PQSX0,01JRZTN1GVVCB6DQAYR1TKM0KW,10,animals,,0,,dolpine,dolphin,"['Insects', 'Water']",True,10
eagle,58427,3666.0,01JRZV53T5D6P8DAW3P48PQSX0,01JRZTN1GVVCB6DQAYR1TKM0KW,11,animals,,0,,eagle,eagle,['Bird'],True,11
snake,61159,2732.0,01JRZV53T5D6P8DAW3P48PQSX0,01JRZTN1GVVCB6DQAYR1TKM0KW,12,animals,,0,,snake,snake,"['Farm', 'ReptileAmphibian']",True,12
crocodile,66052,4893.0,01JRZV53T5D6P8DAW3P48PQSX0,01JRZTN1GVVCB6DQAYR1TKM0KW,13,animals,,0,,crocodile,crocodile,['ReptileAmphibian'],False,13
penguin,79109,9603.0,01JRZV53T5D6P8DAW3P48PQSX0,01JRZTN1GVVCB6DQAYR1TKM0KW,15,animals,,0,,penguine,penguin,"['Arctic', 'Bird', 'Water']",True,14
wolf,84259,5150.0,01JRZV53T5D6P8DAW3P48PQSX0,01JRZTN1GVVCB6DQAYR1TKM0KW,16,animals,,0,,wolf,wolf,"['Canine', 'NorthAmerican']",True,15
dog,88342,4083.0,01JRZV53T5D6P8DAW3P48PQSX0,01JRZTN1GVVCB6DQAYR1TKM0KW,17,animals,,0,,dog,dog,"['Canine', 'Pets']",False,16
parrot,99391,11049.0,01JRZV53T5D6P8DAW3P48PQSX0,01JRZTN1GVVCB6DQAYR1TKM0KW,18,animals,,0,,parrot,parrot,"['Bird', 'Pets']",False,17
hippopotamus,106244,6853.0,01JRZV53T5D6P8DAW3P48PQSX0,01JRZTN1GVVCB6DQAYR1TKM0KW,19,animals,,0,,hipppopotamus,hippopotamus,['African'],True,18
rhinoceros,112124,5880.0,01JRZV53T5D6P8DAW3P48PQSX0,01JRZTN1GVVCB6DQAYR1TKM0KW,20,animals,,0,,rhinoceros,rhinoceros,['African'],False,19
chimpanzee,117804,5680.0,01JRZV53T5D6P8DAW3P48PQSX0,01JRZTN1GVVCB6DQAYR1TKM0KW,21,animals,,0,,chimpanzee,chimpanzee,"['African', 'Primates']",False,20
octopus,123658,5854.0,01JRZV53T5D6P8DAW3P48PQSX0,01JRZTN1GVVCB6DQAYR1TKM0KW,22,animals,,0,,octopus,octopus,['Water'],True,21
owl,127247,3589.0,01JRZV53T5D6P8DAW3P48PQSX0,01JRZTN1GVVCB6DQAYR1TKM0KW,23,animals,,0,,owl,owl,['Bird'],True,22
cheetah,134663,7416.0,01JRZV53T5D6P8DAW3P48PQSX0,01JRZTN1GVVCB6DQAYR1TKM0KW,24,animals,,0,,cheetah,cheetah,"['African', 'Feline']",True,23
deer,136746,2083.0,01JRZV53T5D6P8DAW3P48PQSX0,01JRZTN1GVVCB6DQAYR1TKM0KW,25,animals,,0,,deer,deer,"['Deers', 'NorthAmerican']",True,24
moose,139545,2799.0,01JRZV53T5D6P8DAW3P48PQSX0,01JRZTN1GVVCB6DQAYR1TKM0KW,26,animals,,0,,moose,moose,"['Deers', 'NorthAmerican']",False,25
tortoise,143881,4336.0,01JRZV53T5D6P8DAW3P48PQSX0,01JRZTN1GVVCB6DQAYR1TKM0KW,27,animals,,0,,tortoise,tortoise,['ReptileAmphibian'],True,26
llama,147803,3922.0,01JRZV53T5D6P8DAW3P48PQSX0,01JRZTN1GVVCB6DQAYR1TKM0KW,28,animals,,0,,llama,llama,"['BeastsOfBurden', 'UsedForFur']",True,27
bat,150043,2240.0,01JRZV53T5D6P8DAW3P48PQSX0,01JRZTN1GVVCB6DQAYR1TKM0KW,29,animals,,0,,bat,bat,['Insectivores'],True,28
squirrel,158706,8663.0,01JRZV53T5D6P8DAW3P48PQSX0,01JRZTN1GVVCB6DQAYR1TKM0KW,30,animals,,0,,squirrel,squirrel,"['NorthAmerican', 'Rodents']",True,29
flamingo,166951,8245.0,01JRZV53T5D6P8DAW3P48PQSX0,01JRZTN1GVVCB6DQAYR1TKM0KW,31,animals,,0,,flamingo,flamingo,['Bird'],True,30
hedgehog,172818,5867.0,01JRZV53T5D6P8DAW3P48PQSX0,01JRZTN1GVVCB6DQAYR1TKM0KW,32,animals,,0,,hedgehog,hedgehog,"['Insectivores', 'Rodents']",True,31
shirt,20100,20100.0,01JRZV53T5D6P8DAW3P48PQSX0,01JRZTN1GVVCB6DQAYR1TKM0KW,0,clothes,,0,,shirt,shirt,,True,0
singlet,30039,9939.0,01JRZV53T5D6P8DAW3P48PQSX0,01JRZTN1GVVCB6DQAYR1TKM0KW,1,clothes,,0,,singlet,singlet,,True,1
trousers,45468,15429.0,01JRZV53T5D6P8DAW3P48PQSX0,01JRZTN1GVVCB6DQAYR1TKM0KW,2,clothes,,0,,trouser,trousers,,True,2
pant,50012,4544.0,01JRZV53T5D6P8DAW3P48PQSX0,01JRZTN1GVVCB6DQAYR1TKM0KW,3,clothes,,0,,pants,pant,,True,3
jacket,54151,4139.0,01JRZV53T5D6P8DAW3P48PQSX0,01JRZTN1GVVCB6DQAYR1TKM0KW,4,clothes,,0,,jackets,jacket,,True,4
dress,56639,2488.0,01JRZV53T5D6P8DAW3P48PQSX0,01JRZTN1GVVCB6DQAYR1TKM0KW,5,clothes,,0,,dress,dres,,True,5
skirt,60036,3397.0,01JRZV53T5D6P8DAW3P48PQSX0,01JRZTN1GVVCB6DQAYR1TKM0KW,6,clothes,,0,,skirt,skirt,,True,6
sweater,63823,3787.0,01JRZV53T5D6P8DAW3P48PQSX0,01JRZTN1GVVCB6DQAYR1TKM0KW,7,clothes,,0,,sweater,sweater,,True,7
short,66864,3041.0,01JRZV53T5D6P8DAW3P48PQSX0,01JRZTN1GVVCB6DQAYR1TKM0KW,8,clothes,,0,,shorts,short,,True,8
jean,69901,3037.0,01JRZV53T5D6P8DAW3P48PQSX0,01JRZTN1GVVCB6DQAYR1TKM0KW,9,clothes,,0,,jeans,jean,,True,9
coat,73217,3316.0,01JRZV53T5D6P8DAW3P48PQSX0,01JRZTN1GVVCB6DQAYR1TKM0KW,10,clothes,,0,,coat,coat,,True,10
sock,75926,2709.0,01JRZV53T5D6P8DAW3P48PQSX0,01JRZTN1GVVCB6DQAYR1TKM0KW,11,clothes,,0,,socks,sock,,True,11
blouse,79282,3356.0,01JRZV53T5D6P8DAW3P48PQSX0,01JRZTN1GVVCB6DQAYR1TKM0KW,12,clothes,,0,,blouse,blouse,,True,12
hoodie,82446,3164.0,01JRZV53T5D6P8DAW3P48PQSX0,01JRZTN1GVVCB6DQAYR1TKM0KW,13,clothes,,0,,hoodie,hoodie,,True,13
hat,89854,7408.0,01JRZV53T5D6P8DAW3P48PQSX0,01JRZTN1GVVCB6DQAYR1TKM0KW,14,clothes,,0,,hat,hat,,True,14
underwear,98454,8600.0,01JRZV53T5D6P8DAW3P48PQSX0,01JRZTN1GVVCB6DQAYR1TKM0KW,15,clothes,,0,,underwear,underwear,,True,15
tank top,115237,16783.0,01JRZV53T5D6P8DAW3P48PQSX0,01JRZTN1GVVCB6DQAYR1TKM0KW,16,clothes,,0,,tank top,tanktop,,True,16
legging,119811,4574.0,01JRZV53T5D6P8DAW3P48PQSX0,01JRZTN1GVVCB6DQAYR1TKM0KW,17,clothes,,0,,leggings,legging,,True,17
overall,125716,5905.0,01JRZV53T5D6P8DAW3P48PQSX0,01JRZTN1GVVCB6DQAYR1TKM0KW,18,clothes,,0,,overalls,overall,,True,18
scarf,129858,4142.0,01JRZV53T5D6P8DAW3P48PQSX0,01JRZTN1GVVCB6DQAYR1TKM0KW,19,clothes,,0,,scarfs,scarf,,True,19
cardigan,134550,4692.0,01JRZV53T5D6P8DAW3P48PQSX0,01JRZTN1GVVCB6DQAYR1TKM0KW,20,clothes,,0,,cardigans,cardigan,,True,20
tracksuit,139221,4671.0,01JRZV53T5D6P8DAW3P48PQSX0,01JRZTN1GVVCB6DQAYR1TKM0KW,21,clothes,,0,,tracksuit,tracksuit,,True,21
swimsuit,144751,5530.0,01JRZV53T5D6P8DAW3P48PQSX0,01JRZTN1GVVCB6DQAYR1TKM0KW,22,clothes,,0,,swimsuit,swimsuit,,True,22
blazer,148062,3311.0,01JRZV53T5D6P8DAW3P48PQSX0,01JRZTN1GVVCB6DQAYR1TKM0KW,23,clothes,,0,,blazer,blazer,,True,23
mitten,156590,8528.0,01JRZV53T5D6P8DAW3P48PQSX0,01JRZTN1GVVCB6DQAYR1TKM0KW,24,clothes,,0,,mittens,mitten,,True,24
beanie,163473,6883.0,01JRZV53T5D6P8DAW3P48PQSX0,01JRZTN1GVVCB6DQAYR1TKM0KW,25,clothes,,0,,beanie,beanie,,True,25
raincoat,168458,4985.0,01JRZV53T5D6P8DAW3P48PQSX0,01JRZTN1GVVCB6DQAYR1TKM0KW,26,clothes,,0,,raincoat,raincoat,,True,26
pajama,171803,3345.0,01JRZV53T5D6P8DAW3P48PQSX0,01JRZTN1GVVCB6DQAYR1TKM0KW,27,clothes,,0,,pajamas,pajama,,True,27
boot,174921,3118.0,01JRZV53T5D6P8DAW3P48PQSX0,01JRZTN1GVVCB6DQAYR1TKM0KW,28,clothes,,0,,boots,boot,,True,28
sandal,178995,4074.0,01JRZV53T5D6P8DAW3P48PQSX0,01JRZTN1GVVCB6DQAYR1TKM0KW,29,clothes,,0,,sandals,sandal,,True,29
book,16854,16854.0,01JRZV53T5D6P8DAW3P48PQSX0,01JRZTN1GVVCB6DQAYR1TKM0KW,0,supermarket,,0,,book,book,,True,0
milk,21961,5107.0,01JRZV53T5D6P8DAW3P48PQSX0,01JRZTN1GVVCB6DQAYR1TKM0KW,1,supermarket,,0,,milk,milk,,True,1
eggs,24586,2625.0,01JRZV53T5D6P8DAW3P48PQSX0,01JRZTN1GVVCB6DQAYR1TKM0KW,2,supermarket,,0,,eggs,egg,,True,2
bread,28800,4214.0,01JRZV53T5D6P8DAW3P48PQSX0,01JRZTN1GVVCB6DQAYR1TKM0KW,3,supermarket,,0,,bread,bread,,True,3
butter,31552,2752.0,01JRZV53T5D6P8DAW3P48PQSX0,01JRZTN1GVVCB6DQAYR1TKM0KW,4,supermarket,,0,,butter,butter,,True,4
cheese,35568,4016.0,01JRZV53T5D6P8DAW3P48PQSX0,01JRZTN1GVVCB6DQAYR1TKM0KW,5,supermarket,,0,,cheese,cheese,,True,5
chicken,39835,4267.0,01JRZV53T5D6P8DAW3P48PQSX0,01JRZTN1GVVCB6DQAYR1TKM0KW,6,supermarket,,0,,chicken,chicken,,True,6
apple,42907,3072.0,01JRZV53T5D6P8DAW3P48PQSX0,01JRZTN1GVVCB6DQAYR1TKM0KW,7,supermarket,,0,,apples,apple,,True,7
banana,47604,4697.0,01JRZV53T5D6P8DAW3P48PQSX0,01JRZTN1GVVCB6DQAYR1TKM0KW,8,supermarket,,0,,bananas,banana,,True,8
rice,51950,4346.0,01JRZV53T5D6P8DAW3P48PQSX0,01JRZTN1GVVCB6DQAYR1TKM0KW,9,supermarket,,0,,rice,rice,,True,9
pasta,55708,3758.0,01JRZV53T5D6P8DAW3P48PQSX0,01JRZTN1GVVCB6DQAYR1TKM0KW,10,supermarket,,0,,pasta,pasta,,True,10
cereal,59417,3709.0,01JRZV53T5D6P8DAW3P48PQSX0,01JRZTN1GVVCB6DQAYR1TKM0KW,11,supermarket,,0,,cereal,cereal,,True,11
orange,64995,5578.0,01JRZV53T5D6P8DAW3P48PQSX0,01JRZTN1GVVCB6DQAYR1TKM0KW,12,supermarket,,0,,orange,orange,,True,12
toilet,71109,6114.0,01JRZV53T5D6P8DAW3P48PQSX0,01JRZTN1GVVCB6DQAYR1TKM0KW,13,supermarket,,0,,toilet,toilet,,True,13
shampoo,76455,5346.0,01JRZV53T5D6P8DAW3P48PQSX0,01JRZTN1GVVCB6DQAYR1TKM0KW,14,supermarket,,0,,shampoo,shampoo,,True,14
laundry detergent,82484,6029.0,01JRZV53T5D6P8DAW3P48PQSX0,01JRZTN1GVVCB6DQAYR1TKM0KW,15,supermarket,,0,,laundry detergent,laundrydetergent,,True,15
soap,99594,17110.0,01JRZV53T5D6P8DAW3P48PQSX0,01JRZTN1GVVCB6DQAYR1TKM0KW,16,supermarket,,0,,soap,soap,,True,16
yogurt,104368,4774.0,01JRZV53T5D6P8DAW3P48PQSX0,01JRZTN1GVVCB6DQAYR1TKM0KW,17,supermarket,,0,,yogurt,yogurt,,True,17
lettuce,108590,4222.0,01JRZV53T5D6P8DAW3P48PQSX0,01JRZTN1GVVCB6DQAYR1TKM0KW,18,supermarket,,0,,lettucd,lettuce,,True,18
tomato,114813,6223.0,01JRZV53T5D6P8DAW3P48PQSX0,01JRZTN1GVVCB6DQAYR1TKM0KW,19,supermarket,,0,,tomatoes,tomato,,True,19
cracker,121603,6790.0,01JRZV53T5D6P8DAW3P48PQSX0,01JRZTN1GVVCB6DQAYR1TKM0KW,20,supermarket,,0,,crackers,cracker,,True,20
peanut,126348,4745.0,01JRZV53T5D6P8DAW3P48PQSX0,01JRZTN1GVVCB6DQAYR1TKM0KW,21,supermarket,,0,,peanuts,peanut,,True,21
peanut butter,132596,6248.0,01JRZV53T5D6P8DAW3P48PQSX0,01JRZTN1GVVCB6DQAYR1TKM0KW,22,supermarket,,0,,peanut butter,peanutbutter,,True,22
jam,134744,2148.0,01JRZV53T5D6P8DAW3P48PQSX0,01JRZTN1GVVCB6DQAYR1TKM0KW,23,supermarket,,0,,jam,jam,,True,23
frozen pizza,140446,5702.0,01JRZV53T5D6P8DAW3P48PQSX0,01JRZTN1GVVCB6DQAYR1TKM0KW,24,supermarket,,0,,frozen piza,frozenpizza,,True,24
ice cream,145168,4722.0,01JRZV53T5D6P8DAW3P48PQSX0,01JRZTN1GVVCB6DQAYR1TKM0KW,25,supermarket,,0,,ice cream,icecream,,True,25
paper towel,150525,5357.0,01JRZV53T5D6P8DAW3P48PQSX0,01JRZTN1GVVCB6DQAYR1TKM0KW,26,supermarket,,0,,paper towels,papertowel,,True,26
coffee,155150,4625.0,01JRZV53T5D6P8DAW3P48PQSX0,01JRZTN1GVVCB6DQAYR1TKM0KW,27,supermarket,,0,,coffee,coffee,,True,27
tea,158278,3128.0,01JRZV53T5D6P8DAW3P48PQSX0,01JRZTN1GVVCB6DQAYR1TKM0KW,28,supermarket,,0,,tea,tea,,True,28
canned bean,163428,5150.0,01JRZV53T5D6P8DAW3P48PQSX0,01JRZTN1GVVCB6DQAYR1TKM0KW,29,supermarket,,0,,canned beans,cannedbean,,True,29
ground beef,172414,8986.0,01JRZV53T5D6P8DAW3P48PQSX0,01JRZTN1GVVCB6DQAYR1TKM0KW,30,supermarket,,0,,ground beef,groundbeef,,True,30
pencil,177568,5154.0,01JRZV53T5D6P8DAW3P48PQSX0,01JRZTN1GVVCB6DQAYR1TKM0KW,31,supermarket,,0,,pencil,pencil,,True,31
sheep,17855,17855.0,01JRZV6APGR2Z1CJV7RQ7CB46Q,01JRZTN1GQY4D6PFV1195702XW,0,animals,1.0,0,,sheep,sheep,['Farm'],True,0
goat,21390,3535.0,01JRZV6APGR2Z1CJV7RQ7CB46Q,01JRZTN1GQY4D6PFV1195702XW,1,animals,0.0,0,,goat,goat,['Farm'],False,1
dog,23552,2162.0,01JRZV6APGR2Z1CJV7RQ7CB46Q,01JRZTN1GQY4D6PFV1195702XW,2,animals,0.0,0,,dog,dog,"['Canine', 'Pets']",True,2
cat,25933,2381.0,01JRZV6APGR2Z1CJV7RQ7CB46Q,01JRZTN1GQY4D6PFV1195702XW,3,animals,0.0,0,,cat,cat,"['Pets', 'Feline']",False,3
horse,28876,2943.0,01JRZV6APGR2Z1CJV7RQ7CB46Q,01JRZTN1GQY4D6PFV1195702XW,4,animals,1.0,0,,horse,horse,"['BeastsOfBurden', 'Farm']",True,4
donkey,32045,3169.0,01JRZV6APGR2Z1CJV7RQ7CB46Q,01JRZTN1GQY4D6PFV1195702XW,5,animals,1.0,0,,donkey,donkey,"['BeastsOfBurden', 'Farm']",False,5
lion,38816,6771.0,01JRZV6APGR2Z1CJV7RQ7CB46Q,01JRZTN1GQY4D6PFV1195702XW,6,animals,1.0,0,,lion,lion,"['African', 'Feline']",True,6
tiger,45892,7076.0,01JRZV6APGR2Z1CJV7RQ7CB46Q,01JRZTN1GQY4D6PFV1195702XW,7,animals,1.0,0,,tiger,tiger,"['African', 'Feline']",False,7
bison,57132,11240.0,01JRZV6APGR2Z1CJV7RQ7CB46Q,01JRZTN1GQY4D6PFV1195702XW,8,animals,1.0,0,,buffalo,bison,"['Bovine', 'NorthAmerican']",True,8
cow,62965,5833.0,01JRZV6APGR2Z1CJV7RQ7CB46Q,01JRZTN1GQY4D6PFV1195702XW,9,animals,1.0,0,,cow,cow,"['Bovine', 'Farm']",False,9
rhino,70454,7489.0,01JRZV6APGR2Z1CJV7RQ7CB46Q,01JRZTN1GQY4D6PFV1195702XW,10,animals,0.0,0,,rhino,rhino,['African'],True,10
elephant,75519,5065.0,01JRZV6APGR2Z1CJV7RQ7CB46Q,01JRZTN1GQY4D6PFV1195702XW,11,animals,0.0,0,,elephany,elephant,['African'],False,11
monkey,79260,3741.0,01JRZV6APGR2Z1CJV7RQ7CB46Q,01JRZTN1GQY4D6PFV1195702XW,12,animals,0.0,0,,monkey,monkey,"['African', 'Primates']",False,12
gorilla,81152,1892.0,01JRZV6APGR2Z1CJV7RQ7CB46Q,01JRZTN1GQY4D6PFV1195702XW,13,animals,1.0,0,,gorilla,gorilla,"['African', 'Primates']",False,13
chimpanzee,89280,8128.0,01JRZV6APGR2Z1CJV7RQ7CB46Q,01JRZTN1GQY4D6PFV1195702XW,14,animals,1.0,0,,chimpanzee,chimpanzee,"['African', 'Primates']",False,14
rat,97071,7791.0,01JRZV6APGR2Z1CJV7RQ7CB46Q,01JRZTN1GQY4D6PFV1195702XW,15,animals,0.0,0,,rat,rat,['Rodents'],True,15
leopard,104155,7084.0,01JRZV6APGR2Z1CJV7RQ7CB46Q,01JRZTN1GQY4D6PFV1195702XW,16,animals,0.0,0,,leopard,leopard,"['African', 'Feline']",True,16
antelope,114362,10207.0,01JRZV6APGR2Z1CJV7RQ7CB46Q,01JRZTN1GQY4D6PFV1195702XW,17,animals,0.0,0,,antelope,antelope,['African'],False,17
pig,124320,4280.0,01JRZV6APGR2Z1CJV7RQ7CB46Q,01JRZTN1GQY4D6PFV1195702XW,19,animals,0.0,0,,pig,pig,['Farm'],True,18
warthog,133920,9600.0,01JRZV6APGR2Z1CJV7RQ7CB46Q,01JRZTN1GQY4D6PFV1195702XW,20,animals,0.0,0,,warthog,warthog,['African'],True,19
dolphin,151419,17499.0,01JRZV6APGR2Z1CJV7RQ7CB46Q,01JRZTN1GQY4D6PFV1195702XW,21,animals,0.0,0,,dolphin,dolphin,"['Insects', 'Water']",True,20
whale,156618,5199.0,01JRZV6APGR2Z1CJV7RQ7CB46Q,01JRZTN1GQY4D6PFV1195702XW,22,animals,0.0,0,,whale,whale,"['Fish', 'Water']",False,21
bear,171930,15312.0,01JRZV6APGR2Z1CJV7RQ7CB46Q,01JRZTN1GQY4D6PFV1195702XW,23,animals,0.0,0,,bear,bear,['NorthAmerican'],True,22
jacket,5867,5867.0,01JRZV6APGR2Z1CJV7RQ7CB46Q,01JRZTN1GQY4D6PFV1195702XW,0,clothes,1.0,0,,jacket,jacket,,True,0
sweater,11943,6076.0,01JRZV6APGR2Z1CJV7RQ7CB46Q,01JRZTN1GQY4D6PFV1195702XW,1,clothes,1.0,0,,sweater,sweater,,True,1
T-shirt,18184,6241.0,01JRZV6APGR2Z1CJV7RQ7CB46Q,01JRZTN1GQY4D6PFV1195702XW,2,clothes,1.0,0,,tshirt,tshirt,,True,2
vest,23958,5774.0,01JRZV6APGR2Z1CJV7RQ7CB46Q,01JRZTN1GQY4D6PFV1195702XW,3,clothes,1.0,0,,vest,vest,,True,3
brief,30448,6490.0,01JRZV6APGR2Z1CJV7RQ7CB46Q,01JRZTN1GQY4D6PFV1195702XW,4,clothes,0.0,0,,briefs,brief,,True,4
scarf,33806,3358.0,01JRZV6APGR2Z1CJV7RQ7CB46Q,01JRZTN1GQY4D6PFV1195702XW,5,clothes,0.0,0,,scarf,scarf,,True,5
boxer,42328,8522.0,01JRZV6APGR2Z1CJV7RQ7CB46Q,01JRZTN1GQY4D6PFV1195702XW,6,clothes,0.0,0,,boxer,boxer,,True,6
sock,45706,3378.0,01JRZV6APGR2Z1CJV7RQ7CB46Q,01JRZTN1GQY4D6PFV1195702XW,7,clothes,0.0,0,,socks,sock,,True,7
coat,49232,3526.0,01JRZV6APGR2Z1CJV7RQ7CB46Q,01JRZTN1GQY4D6PFV1195702XW,8,clothes,0.0,0,,coat,coat,,True,8
beanie,57021,7789.0,01JRZV6APGR2Z1CJV7RQ7CB46Q,01JRZTN1GQY4D6PFV1195702XW,9,clothes,0.0,0,,beenie,beanie,,True,9
legging,62280,5259.0,01JRZV6APGR2Z1CJV7RQ7CB46Q,01JRZTN1GQY4D6PFV1195702XW,10,clothes,1.0,0,,leggings,legging,,True,10
stocking,66922,4642.0,01JRZV6APGR2Z1CJV7RQ7CB46Q,01JRZTN1GQY4D6PFV1195702XW,11,clothes,1.0,0,,stockings,stocking,,True,11
belt,72253,5331.0,01JRZV6APGR2Z1CJV7RQ7CB46Q,01JRZTN1GQY4D6PFV1195702XW,12,clothes,0.0,0,,belt,belt,,True,12
polo,93287,21034.0,01JRZV6APGR2Z1CJV7RQ7CB46Q,01JRZTN1GQY4D6PFV1195702XW,13,clothes,1.0,0,,polo,polo,,True,13
blouse,99557,6270.0,01JRZV6APGR2Z1CJV7RQ7CB46Q,01JRZTN1GQY4D6PFV1195702XW,14,clothes,1.0,0,,blouse,blouse,,True,14
skirt,101918,2361.0,01JRZV6APGR2Z1CJV7RQ7CB46Q,01JRZTN1GQY4D6PFV1195702XW,15,clothes,0.0,0,,skirt,skirt,,True,15
shorts,104621,2703.0,01JRZV6APGR2Z1CJV7RQ7CB46Q,01JRZTN1GQY4D6PFV1195702XW,16,clothes,1.0,0,,short,short,,True,16
trouser,108519,3898.0,01JRZV6APGR2Z1CJV7RQ7CB46Q,01JRZTN1GQY4D6PFV1195702XW,17,clothes,1.0,0,,trousers,trouser,,True,17
denim,110575,2056.0,01JRZV6APGR2Z1CJV7RQ7CB46Q,01JRZTN1GQY4D6PFV1195702XW,18,clothes,1.0,0,,denim,denim,,True,18
chino,123767,13192.0,01JRZV6APGR2Z1CJV7RQ7CB46Q,01JRZTN1GQY4D6PFV1195702XW,19,clothes,1.0,0,,chino,chino,,True,19
flannel,135303,11536.0,01JRZV6APGR2Z1CJV7RQ7CB46Q,01JRZTN1GQY4D6PFV1195702XW,20,clothes,0.0,0,,flannel,flannel,,True,20
glove,143065,7762.0,01JRZV6APGR2Z1CJV7RQ7CB46Q,01JRZTN1GQY4D6PFV1195702XW,21,clothes,0.0,0,,gloves,glove,,True,21
cap,150399,7334.0,01JRZV6APGR2Z1CJV7RQ7CB46Q,01JRZTN1GQY4D6PFV1195702XW,22,clothes,1.0,0,,cap,cap,,True,22
hat,160118,9719.0,01JRZV6APGR2Z1CJV7RQ7CB46Q,01JRZTN1GQY4D6PFV1195702XW,23,clothes,1.0,0,,hat,hat,,True,23
shirt,174950,14832.0,01JRZV6APGR2Z1CJV7RQ7CB46Q,01JRZTN1GQY4D6PFV1195702XW,24,clothes,0.0,0,,shirt,shirt,,True,24
soap,12966,12966.0,01JRZV6APGR2Z1CJV7RQ7CB46Q,01JRZTN1GQY4D6PFV1195702XW,0,supermarket,1.0,0,,soap,soap,,True,0
sugar,21688,8722.0,01JRZV6APGR2Z1CJV7RQ7CB46Q,01JRZTN1GQY4D6PFV1195702XW,1,supermarket,0.0,0,,sugar,sugar,,True,1
salt,25733,4045.0,01JRZV6APGR2Z1CJV7RQ7CB46Q,01JRZTN1GQY4D6PFV1195702XW,2,supermarket,0.0,0,,salt,salt,,True,2
soda,27759,2026.0,01JRZV6APGR2Z1CJV7RQ7CB46Q,01JRZTN1GQY4D6PFV1195702XW,3,supermarket,0.0,0,,soda,soda,,True,3
oil,35503,7744.0,01JRZV6APGR2Z1CJV7RQ7CB46Q,01JRZTN1GQY4D6PFV1195702XW,4,supermarket,0.0,0,,oil,oil,,True,4
tissue,37450,1947.0,01JRZV6APGR2Z1CJV7RQ7CB46Q,01JRZTN1GQY4D6PFV1195702XW,5,supermarket,0.0,0,,tissue,tissue,,True,5
egg,44152,6702.0,01JRZV6APGR2Z1CJV7RQ7CB46Q,01JRZTN1GQY4D6PFV1195702XW,6,supermarket,0.0,0,,eggs,egg,,True,6
toothpaste,51816,7664.0,01JRZV6APGR2Z1CJV7RQ7CB46Q,01JRZTN1GQY4D6PFV1195702XW,7,supermarket,0.0,0,,toothpaste,toothpaste,,True,7
chocolate,64518,12702.0,01JRZV6APGR2Z1CJV7RQ7CB46Q,01JRZTN1GQY4D6PFV1195702XW,8,supermarket,0.0,0,,chocolate,chocolate,,True,8
bread,70054,5536.0,01JRZV6APGR2Z1CJV7RQ7CB46Q,01JRZTN1GQY4D6PFV1195702XW,9,supermarket,0.0,0,,bread,bread,,True,9
milk,78826,8772.0,01JRZV6APGR2Z1CJV7RQ7CB46Q,01JRZTN1GQY4D6PFV1195702XW,10,supermarket,0.0,0,,milk,milk,,True,10
flour,93022,14196.0,01JRZV6APGR2Z1CJV7RQ7CB46Q,01JRZTN1GQY4D6PFV1195702XW,11,supermarket,0.0,0,,flour,flour,,True,11
crisp,110901,17879.0,01JRZV6APGR2Z1CJV7RQ7CB46Q,01JRZTN1GQY4D6PFV1195702XW,12,supermarket,0.0,0,,crisps,crisp,,True,12
biscuit,117058,6157.0,01JRZV6APGR2Z1CJV7RQ7CB46Q,01JRZTN1GQY4D6PFV1195702XW,13,supermarket,0.0,0,,biscuits,biscuit,,True,13
apple,121046,3988.0,01JRZV6APGR2Z1CJV7RQ7CB46Q,01JRZTN1GQY4D6PFV1195702XW,14,supermarket,0.0,0,,apples,apple,,True,14
meat,123785,2739.0,01JRZV6APGR2Z1CJV7RQ7CB46Q,01JRZTN1GQY4D6PFV1195702XW,15,supermarket,1.0,0,,meat,meat,,True,15
chicken,126392,2607.0,01JRZV6APGR2Z1CJV7RQ7CB46Q,01JRZTN1GQY4D6PFV1195702XW,16,supermarket,1.0,0,,chicken,chicken,,True,16
fish,131473,5081.0,01JRZV6APGR2Z1CJV7RQ7CB46Q,01JRZTN1GQY4D6PFV1195702XW,17,supermarket,1.0,0,,fish,fish,,True,17
sausage,135621,4148.0,01JRZV6APGR2Z1CJV7RQ7CB46Q,01JRZTN1GQY4D6PFV1195702XW,18,supermarket,1.0,0,,sausages,sausage,,True,18
perfume,152995,17374.0,01JRZV6APGR2Z1CJV7RQ7CB46Q,01JRZTN1GQY4D6PFV1195702XW,19,supermarket,0.0,0,,perfume,perfume,,True,19
tomato sauce,164456,11461.0,01JRZV6APGR2Z1CJV7RQ7CB46Q,01JRZTN1GQY4D6PFV1195702XW,20,supermarket,0.0,0,,tomato sauce,tomatosauce,,True,20
dog,4343,4343.0,01JRZV6NY3FP07MPKF3JPHW3P2,01JRZTN1GKP9GXYEC8VBJ5BX9P,0,animals,1.0,0,,dog,dog,"['Canine', 'Pets']",True,0
cat,5757,1414.0,01JRZV6NY3FP07MPKF3JPHW3P2,01JRZTN1GKP9GXYEC8VBJ5BX9P,1,animals,0.0,0,,cat,cat,"['Pets', 'Feline']",False,1
fox,8042,2285.0,01JRZV6NY3FP07MPKF3JPHW3P2,01JRZTN1GKP9GXYEC8VBJ5BX9P,2,animals,0.0,0,,fox,fox,"['Canine', 'NorthAmerican', 'UsedForFur']",True,2
kangaroo,13837,5795.0,01JRZV6NY3FP07MPKF3JPHW3P2,01JRZTN1GKP9GXYEC8VBJ5BX9P,3,animals,0.0,0,,kangaroo,kangaroo,['Australian'],True,3
lion,18432,4595.0,01JRZV6NY3FP07MPKF3JPHW3P2,01JRZTN1GKP9GXYEC8VBJ5BX9P,4,animals,0.0,0,,lion,lion,"['African', 'Feline']",True,4
giraffe,20666,2234.0,01JRZV6NY3FP07MPKF3JPHW3P2,01JRZTN1GKP9GXYEC8VBJ5BX9P,5,animals,0.0,0,,giraffe,giraffe,['African'],False,5
leopard,28922,8256.0,01JRZV6NY3FP07MPKF3JPHW3P2,01JRZTN1GKP9GXYEC8VBJ5BX9P,6,animals,0.0,0,,leopard,leopard,"['African', 'Feline']",False,6
koala,31511,2589.0,01JRZV6NY3FP07MPKF3JPHW3P2,01JRZTN1GKP9GXYEC8VBJ5BX9P,7,animals,0.0,0,,koala,koala,['Australian'],True,7
bird,36922,5411.0,01JRZV6NY3FP07MPKF3JPHW3P2,01JRZTN1GKP9GXYEC8VBJ5BX9P,8,animals,0.0,0,,bird,bird,['Bird'],True,8
goat,43668,6746.0,01JRZV6NY3FP07MPKF3JPHW3P2,01JRZTN1GKP9GXYEC8VBJ5BX9P,9,animals,0.0,0,,goat,goat,['Farm'],True,9
horse,46988,3320.0,01JRZV6NY3FP07MPKF3JPHW3P2,01JRZTN1GKP9GXYEC8VBJ5BX9P,10,animals,0.0,0,,horse,horse,"['BeastsOfBurden', 'Farm']",False,10
zebra,48809,1821.0,01JRZV6NY3FP07MPKF3JPHW3P2,01JRZTN1GKP9GXYEC8VBJ5BX9P,11,animals,0.0,0,,zebra,zebra,['African'],True,11
monkey,55016,6207.0,01JRZV6NY3FP07MPKF3JPHW3P2,01JRZTN1GKP9GXYEC8VBJ5BX9P,12,animals,0.0,0,,monkey,monkey,"['African', 'Primates']",False,12
rabbit,67205,12189.0,01JRZV6NY3FP07MPKF3JPHW3P2,01JRZTN1GKP9GXYEC8VBJ5BX9P,13,animals,0.0,0,,rabbit,rabbit,"['NorthAmerican', 'Pets', 'Rabbit', 'UsedForFur']",True,13
hamster,68808,1603.0,01JRZV6NY3FP07MPKF3JPHW3P2,01JRZTN1GKP9GXYEC8VBJ5BX9P,14,animals,0.0,0,,hamster,hamster,"['Pets', 'Rodents']",False,14
rat,70281,1473.0,01JRZV6NY3FP07MPKF3JPHW3P2,01JRZTN1GKP9GXYEC8VBJ5BX9P,15,animals,0.0,0,,rat,rat,['Rodents'],False,15
pig,82194,11913.0,01JRZV6NY3FP07MPKF3JPHW3P2,01JRZTN1GKP9GXYEC8VBJ5BX9P,16,animals,0.0,0,,pig,pig,['Farm'],True,16
lamb,89004,6810.0,01JRZV6NY3FP07MPKF3JPHW3P2,01JRZTN1GKP9GXYEC8VBJ5BX9P,17,animals,0.0,0,,lamb,lamb,['Farm'],False,17
bear,96893,7889.0,01JRZV6NY3FP07MPKF3JPHW3P2,01JRZTN1GKP9GXYEC8VBJ5BX9P,18,animals,0.0,0,,bear,bear,['NorthAmerican'],True,18
chicken,102428,5535.0,01JRZV6NY3FP07MPKF3JPHW3P2,01JRZTN1GKP9GXYEC8VBJ5BX9P,19,animals,1.0,0,,chicken,chicken,"['Bird', 'Farm']",True,19
rooster,104515,2087.0,01JRZV6NY3FP07MPKF3JPHW3P2,01JRZTN1GKP9GXYEC8VBJ5BX9P,20,animals,1.0,0,,rooster,rooster,['Farm'],False,20
cockerel,117275,12760.0,01JRZV6NY3FP07MPKF3JPHW3P2,01JRZTN1GKP9GXYEC8VBJ5BX9P,21,animals,1.0,0,,cockerel,cockerel,['Bird'],True,21
polar bear,121975,4700.0,01JRZV6NY3FP07MPKF3JPHW3P2,01JRZTN1GKP9GXYEC8VBJ5BX9P,22,animals,0.0,0,,polar bear,polarbear,['Arctic'],True,22
grizzly bear,125215,3240.0,01JRZV6NY3FP07MPKF3JPHW3P2,01JRZTN1GKP9GXYEC8VBJ5BX9P,23,animals,0.0,0,,grizzly bear,grizzlybear,['NorthAmerican'],True,23
elephant,150857,25642.0,01JRZV6NY3FP07MPKF3JPHW3P2,01JRZTN1GKP9GXYEC8VBJ5BX9P,24,animals,0.0,0,,elephant,elephant,['African'],True,24
cheetah,161849,10992.0,01JRZV6NY3FP07MPKF3JPHW3P2,01JRZTN1GKP9GXYEC8VBJ5BX9P,25,animals,0.0,0,,cheetah,cheetah,"['African', 'Feline']",False,25
watch,4115,4115.0,01JRZV6NY3FP07MPKF3JPHW3P2,01JRZTN1GKP9GXYEC8VBJ5BX9P,0,clothes,1.0,0,,watch,watch,,True,0
top,6561,2446.0,01JRZV6NY3FP07MPKF3JPHW3P2,01JRZTN1GKP9GXYEC8VBJ5BX9P,1,clothes,0.0,0,,top,top,,True,1
shoe,7804,1243.0,01JRZV6NY3FP07MPKF3JPHW3P2,01JRZTN1GKP9GXYEC8VBJ5BX9P,2,clothes,0.0,0,,shoes,shoe,,True,2
boot,8658,854.0,01JRZV6NY3FP07MPKF3JPHW3P2,01JRZTN1GKP9GXYEC8VBJ5BX9P,3,clothes,1.0,0,,boots,boot,,True,3
sunglass,13961,5303.0,01JRZV6NY3FP07MPKF3JPHW3P2,01JRZTN1GKP9GXYEC8VBJ5BX9P,4,clothes,0.0,0,,sun glasses,sunglas,,True,4
tie,15791,1830.0,01JRZV6NY3FP07MPKF3JPHW3P2,01JRZTN1GKP9GXYEC8VBJ5BX9P,5,clothes,0.0,0,,tie,tie,,True,5
shirt,16988,1197.0,01JRZV6NY3FP07MPKF3JPHW3P2,01JRZTN1GKP9GXYEC8VBJ5BX9P,6,clothes,0.0,0,,shirt,shirt,,True,6
jean,19191,2203.0,01JRZV6NY3FP07MPKF3JPHW3P2,01JRZTN1GKP9GXYEC8VBJ5BX9P,7,clothes,0.0,0,,jeans,jean,,True,7
tracksuit,22055,2864.0,01JRZV6NY3FP07MPKF3JPHW3P2,01JRZTN1GKP9GXYEC8VBJ5BX9P,8,clothes,0.0,0,,trackies,tracksuit,,True,8
tracksuit top,25201,3146.0,01JRZV6NY3FP07MPKF3JPHW3P2,01JRZTN1GKP9GXYEC8VBJ5BX9P,9,clothes,0.0,0,,tracksuit top,tracksuittop,,True,9
tracksuit bottom,29011,3810.0,01JRZV6NY3FP07MPKF3JPHW3P2,01JRZTN1GKP9GXYEC8VBJ5BX9P,10,clothes,1.0,0,,tracksuit bottoms,tracksuitbottom,,True,10
smart trouser,32168,3157.0,01JRZV6NY3FP07MPKF3JPHW3P2,01JRZTN1GKP9GXYEC8VBJ5BX9P,11,clothes,0.0,0,,smart trousers,smarttrouser,,True,11
belt,34234,2066.0,01JRZV6NY3FP07MPKF3JPHW3P2,01JRZTN1GKP9GXYEC8VBJ5BX9P,12,clothes,0.0,0,,belt,belt,,True,12
slipper,38648,4414.0,01JRZV6NY3FP07MPKF3JPHW3P2,01JRZTN1GKP9GXYEC8VBJ5BX9P,13,clothes,0.0,0,,slippers,slipper,,True,13
dressing gown,41693,3045.0,01JRZV6NY3FP07MPKF3JPHW3P2,01JRZTN1GKP9GXYEC8VBJ5BX9P,14,clothes,0.0,0,,dressing gown,dressinggown,,True,14
boxer,45079,3386.0,01JRZV6NY3FP07MPKF3JPHW3P2,01JRZTN1GKP9GXYEC8VBJ5BX9P,15,clothes,0.0,0,,boxers,boxer,,True,15
pant,46034,955.0,01JRZV6NY3FP07MPKF3JPHW3P2,01JRZTN1GKP9GXYEC8VBJ5BX9P,16,clothes,0.0,0,,pants,pant,,True,16
bikini,47845,1811.0,01JRZV6NY3FP07MPKF3JPHW3P2,01JRZTN1GKP9GXYEC8VBJ5BX9P,17,clothes,0.0,0,,bikini,bikini,,True,17
dress,49558,1713.0,01JRZV6NY3FP07MPKF3JPHW3P2,01JRZTN1GKP9GXYEC8VBJ5BX9P,18,clothes,0.0,0,,dress,dres,,True,18
bra,52660,3102.0,01JRZV6NY3FP07MPKF3JPHW3P2,01JRZTN1GKP9GXYEC8VBJ5BX9P,19,clothes,0.0,0,,bra,bra,,True,19
lingerie,56257,3597.0,01JRZV6NY3FP07MPKF3JPHW3P2,01JRZTN1GKP9GXYEC8VBJ5BX9P,20,clothes,0.0,0,,lingerie,lingerie,,True,20
T-shirt,63683,7426.0,01JRZV6NY3FP07MPKF3JPHW3P2,01JRZTN1GKP9GXYEC8VBJ5BX9P,21,clothes,0.0,0,,t shirt,tshirt,,True,21
long sleeve top,68812,5129.0,01JRZV6NY3FP07MPKF3JPHW3P2,01JRZTN1GKP9GXYEC8VBJ5BX9P,22,clothes,0.0,0,,long sleeve top,longsleevetop,,True,22
hoodie,75755,6943.0,01JRZV6NY3FP07MPKF3JPHW3P2,01JRZTN1GKP9GXYEC8VBJ5BX9P,23,clothes,0.0,0,,hoodie,hoodie,,True,23
fleece,77218,1463.0,01JRZV6NY3FP07MPKF3JPHW3P2,01JRZTN1GKP9GXYEC8VBJ5BX9P,24,clothes,0.0,0,,fleece,fleece,,True,24
coat,82683,5465.0,01JRZV6NY3FP07MPKF3JPHW3P2,01JRZTN1GKP9GXYEC8VBJ5BX9P,25,clothes,0.0,0,,coat,coat,,True,25
pajama,84616,1933.0,01JRZV6NY3FP07MPKF3JPHW3P2,01JRZTN1GKP9GXYEC8VBJ5BX9P,26,clothes,0.0,0,,pjamas,pajama,,True,26
headband,97551,12935.0,01JRZV6NY3FP07MPKF3JPHW3P2,01JRZTN1GKP9GXYEC8VBJ5BX9P,27,clothes,0.0,0,,headband,headband,,True,27
football boot,112718,15167.0,01JRZV6NY3FP07MPKF3JPHW3P2,01JRZTN1GKP9GXYEC8VBJ5BX9P,28,clothes,0.0,0,,football boots,footballboot,,True,28
football shirt,115189,2471.0,01JRZV6NY3FP07MPKF3JPHW3P2,01JRZTN1GKP9GXYEC8VBJ5BX9P,29,clothes,1.0,0,,foootball shirt,footballshirt,,True,29
short,117025,1836.0,01JRZV6NY3FP07MPKF3JPHW3P2,01JRZTN1GKP9GXYEC8VBJ5BX9P,30,clothes,0.0,0,,shorts,short,,True,30
tight,118992,1967.0,01JRZV6NY3FP07MPKF3JPHW3P2,01JRZTN1GKP9GXYEC8VBJ5BX9P,31,clothes,0.0,0,,tights,tight,,True,31
flat cap,127589,8597.0,01JRZV6NY3FP07MPKF3JPHW3P2,01JRZTN1GKP9GXYEC8VBJ5BX9P,32,clothes,0.0,0,,flat cap,flatcap,,True,32
baseball cap,130487,2898.0,01JRZV6NY3FP07MPKF3JPHW3P2,01JRZTN1GKP9GXYEC8VBJ5BX9P,33,clothes,0.0,0,,baseball cap,baseballcap,,True,33
gilet,136803,6316.0,01JRZV6NY3FP07MPKF3JPHW3P2,01JRZTN1GKP9GXYEC8VBJ5BX9P,34,clothes,0.0,0,,gilet,gilet,,True,34
chicken breast,5562,5562.0,01JRZV6NY3FP07MPKF3JPHW3P2,01JRZTN1GKP9GXYEC8VBJ5BX9P,0,supermarket,1.0,0,,chicken breast,chickenbreast,,True,0
turkey,8331,2769.0,01JRZV6NY3FP07MPKF3JPHW3P2,01JRZTN1GKP9GXYEC8VBJ5BX9P,1,supermarket,0.0,0,,turkey,turkey,,True,1
chicken pack,9948,1617.0,01JRZV6NY3FP07MPKF3JPHW3P2,01JRZTN1GKP9GXYEC8VBJ5BX9P,2,supermarket,0.0,0,,packet chicken,chickenpack,,True,2
pack ham,12795,1095.0,01JRZV6NY3FP07MPKF3JPHW3P2,01JRZTN1GKP9GXYEC8VBJ5BX9P,4,supermarket,0.0,0,,acket ham,packham,,True,3
ham joint,14812,2017.0,01JRZV6NY3FP07MPKF3JPHW3P2,01JRZTN1GKP9GXYEC8VBJ5BX9P,5,supermarket,0.0,0,,ham joint,hamjoint,,True,4
banana,15981,1169.0,01JRZV6NY3FP07MPKF3JPHW3P2,01JRZTN1GKP9GXYEC8VBJ5BX9P,6,supermarket,0.0,0,,banana,banana,,True,5
apple,17040,1059.0,01JRZV6NY3FP07MPKF3JPHW3P2,01JRZTN1GKP9GXYEC8VBJ5BX9P,7,supermarket,0.0,0,,apples,apple,,True,6
rape,17827,787.0,01JRZV6NY3FP07MPKF3JPHW3P2,01JRZTN1GKP9GXYEC8VBJ5BX9P,8,supermarket,0.0,0,,rapes,rape,,True,7
tomato,20030,2203.0,01JRZV6NY3FP07MPKF3JPHW3P2,01JRZTN1GKP9GXYEC8VBJ5BX9P,9,supermarket,0.0,0,,tomatoes,tomato,,True,8
carrot,21542,1512.0,01JRZV6NY3FP07MPKF3JPHW3P2,01JRZTN1GKP9GXYEC8VBJ5BX9P,10,supermarket,0.0,0,,carrots,carrot,,True,9
rice,28434,6892.0,01JRZV6NY3FP07MPKF3JPHW3P2,01JRZTN1GKP9GXYEC8VBJ5BX9P,11,supermarket,0.0,0,,rice,rice,,True,10
potato,30478,2044.0,01JRZV6NY3FP07MPKF3JPHW3P2,01JRZTN1GKP9GXYEC8VBJ5BX9P,12,supermarket,0.0,0,,potatoes,potato,,True,11
baby potato,33537,3059.0,01JRZV6NY3FP07MPKF3JPHW3P2,01JRZTN1GKP9GXYEC8VBJ5BX9P,13,supermarket,1.0,0,,baby potatoes,babypotato,,True,12
energy drink,37695,4158.0,01JRZV6NY3FP07MPKF3JPHW3P2,01JRZTN1GKP9GXYEC8VBJ5BX9P,14,supermarket,0.0,0,,energy drinks,energydrink,,True,13
Pepsi Diet,42390,4695.0,01JRZV6NY3FP07MPKF3JPHW3P2,01JRZTN1GKP9GXYEC8VBJ5BX9P,15,supermarket,0.0,0,,pepsi diet,pepsidiet,,True,14
Pepsi,46943,4553.0,01JRZV6NY3FP07MPKF3JPHW3P2,01JRZTN1GKP9GXYEC8VBJ5BX9P,16,supermarket,1.0,0,,standard pepsi,pepsi,,True,15
wine,47819,876.0,01JRZV6NY3FP07MPKF3JPHW3P2,01JRZTN1GKP9GXYEC8VBJ5BX9P,17,supermarket,0.0,0,,wine,wine,,True,16
beer,48694,875.0,01JRZV6NY3FP07MPKF3JPHW3P2,01JRZTN1GKP9GXYEC8VBJ5BX9P,18,supermarket,0.0,0,,beer,beer,,True,17
spirit,50527,1833.0,01JRZV6NY3FP07MPKF3JPHW3P2,01JRZTN1GKP9GXYEC8VBJ5BX9P,19,supermarket,0.0,0,,spirits,spirit,,True,18
pepper,55754,5227.0,01JRZV6NY3FP07MPKF3JPHW3P2,01JRZTN1GKP9GXYEC8VBJ5BX9P,20,supermarket,0.0,0,,peppers,pepper,,True,19
porridge,58255,2501.0,01JRZV6NY3FP07MPKF3JPHW3P2,01JRZTN1GKP9GXYEC8VBJ5BX9P,21,supermarket,0.0,0,,porridge,porridge,,True,20
spinach,60823,2568.0,01JRZV6NY3FP07MPKF3JPHW3P2,01JRZTN1GKP9GXYEC8VBJ5BX9P,22,supermarket,0.0,0,,spinach,spinach,,True,21
egg,62632,1809.0,01JRZV6NY3FP07MPKF3JPHW3P2,01JRZTN1GKP9GXYEC8VBJ5BX9P,23,supermarket,0.0,0,,eggs,egg,,True,22
bread,64809,2177.0,01JRZV6NY3FP07MPKF3JPHW3P2,01JRZTN1GKP9GXYEC8VBJ5BX9P,24,supermarket,0.0,0,,bread,bread,,True,23
cabbage,69379,4570.0,01JRZV6NY3FP07MPKF3JPHW3P2,01JRZTN1GKP9GXYEC8VBJ5BX9P,25,supermarket,0.0,0,,cabbage,cabbage,,True,24
beef,71906,2527.0,01JRZV6NY3FP07MPKF3JPHW3P2,01JRZTN1GKP9GXYEC8VBJ5BX9P,26,supermarket,0.0,0,,beef,beef,,True,25
yoghurt,74455,2549.0,01JRZV6NY3FP07MPKF3JPHW3P2,01JRZTN1GKP9GXYEC8VBJ5BX9P,27,supermarket,0.0,0,,yoghurt,yoghurt,,True,26
Greek yogurt,76617,2162.0,01JRZV6NY3FP07MPKF3JPHW3P2,01JRZTN1GKP9GXYEC8VBJ5BX9P,28,supermarket,0.0,0,,greek yoghurt,greekyogurt,,True,27
dessert,79373,2756.0,01JRZV6NY3FP07MPKF3JPHW3P2,01JRZTN1GKP9GXYEC8VBJ5BX9P,29,supermarket,0.0,0,,deserts,dessert,,True,28
pizza,80404,1031.0,01JRZV6NY3FP07MPKF3JPHW3P2,01JRZTN1GKP9GXYEC8VBJ5BX9P,30,supermarket,0.0,0,,pizza,pizza,,True,29
noodle,81883,1479.0,01JRZV6NY3FP07MPKF3JPHW3P2,01JRZTN1GKP9GXYEC8VBJ5BX9P,31,supermarket,0.0,0,,noodles,noodle,,True,30
flapjack,83550,1667.0,01JRZV6NY3FP07MPKF3JPHW3P2,01JRZTN1GKP9GXYEC8VBJ5BX9P,32,supermarket,0.0,0,,flapjacks,flapjack,,True,31
doughnut,84857,1307.0,01JRZV6NY3FP07MPKF3JPHW3P2,01JRZTN1GKP9GXYEC8VBJ5BX9P,33,supermarket,0.0,0,,donuts,doughnut,,True,32
chewing gum,89065,4208.0,01JRZV6NY3FP07MPKF3JPHW3P2,01JRZTN1GKP9GXYEC8VBJ5BX9P,34,supermarket,0.0,0,,chewing gum,chewinggum,,True,33
chocolate bar,93792,4727.0,01JRZV6NY3FP07MPKF3JPHW3P2,01JRZTN1GKP9GXYEC8VBJ5BX9P,35,supermarket,0.0,0,,chocolate bars,chocolatebar,,True,34
cake,94848,1056.0,01JRZV6NY3FP07MPKF3JPHW3P2,01JRZTN1GKP9GXYEC8VBJ5BX9P,36,supermarket,0.0,0,,cakes,cake,,True,35
french stick,98168,3320.0,01JRZV6NY3FP07MPKF3JPHW3P2,01JRZTN1GKP9GXYEC8VBJ5BX9P,37,supermarket,0.0,0,,french stick,frenchstick,,True,36
sourdough bread,101508,3340.0,01JRZV6NY3FP07MPKF3JPHW3P2,01JRZTN1GKP9GXYEC8VBJ5BX9P,38,supermarket,1.0,0,,sourdough bread,sourdoughbread,,True,37
halloumi cheese,109931,8423.0,01JRZV6NY3FP07MPKF3JPHW3P2,01JRZTN1GKP9GXYEC8VBJ5BX9P,39,supermarket,0.0,0,,halloumi cheese,halloumicheese,,True,38
mozzarella cheese,111681,1750.0,01JRZV6NY3FP07MPKF3JPHW3P2,01JRZTN1GKP9GXYEC8VBJ5BX9P,40,supermarket,1.0,0,,ozarella cheese,mozzarellacheese,,True,39
cheddar cheese,113754,2073.0,01JRZV6NY3FP07MPKF3JPHW3P2,01JRZTN1GKP9GXYEC8VBJ5BX9P,41,supermarket,0.0,0,,heddar cheese,cheddarcheese,,True,40
protein pudding,118106,4352.0,01JRZV6NY3FP07MPKF3JPHW3P2,01JRZTN1GKP9GXYEC8VBJ5BX9P,42,supermarket,0.0,0,,protein puddings,proteinpudding,,True,41
milk,119896,1790.0,01JRZV6NY3FP07MPKF3JPHW3P2,01JRZTN1GKP9GXYEC8VBJ5BX9P,43,supermarket,0.0,0,,milk,milk,,True,42
bottle of water,123418,3522.0,01JRZV6NY3FP07MPKF3JPHW3P2,01JRZTN1GKP9GXYEC8VBJ5BX9P,44,supermarket,0.0,0,,bottles of water,bottleofwater,,True,43
vape,127990,4572.0,01JRZV6NY3FP07MPKF3JPHW3P2,01JRZTN1GKP9GXYEC8VBJ5BX9P,45,supermarket,0.0,0,,vapes,vape,,True,44
cigarette,130316,2326.0,01JRZV6NY3FP07MPKF3JPHW3P2,01JRZTN1GKP9GXYEC8VBJ5BX9P,46,supermarket,0.0,0,,cigarettes,cigarette,,True,45
scratchcard,134251,3935.0,01JRZV6NY3FP07MPKF3JPHW3P2,01JRZTN1GKP9GXYEC8VBJ5BX9P,47,supermarket,0.0,0,,scratchcards,scratchcard,,True,46
salt,141461,7210.0,01JRZV6NY3FP07MPKF3JPHW3P2,01JRZTN1GKP9GXYEC8VBJ5BX9P,48,supermarket,0.0,0,,salt,salt,,True,47
coffee,147971,6510.0,01JRZV6NY3FP07MPKF3JPHW3P2,01JRZTN1GKP9GXYEC8VBJ5BX9P,49,supermarket,0.0,0,,coffee,coffee,,True,48
tea bag,150052,2081.0,01JRZV6NY3FP07MPKF3JPHW3P2,01JRZTN1GKP9GXYEC8VBJ5BX9P,50,supermarket,0.0,0,,tea bags,teabag,,True,49
frozen fruit,160004,9952.0,01JRZV6NY3FP07MPKF3JPHW3P2,01JRZTN1GKP9GXYEC8VBJ5BX9P,51,supermarket,0.0,0,,frozen fruit,frozenfruit,,True,50
cereal,161220,1216.0,01JRZV6NY3FP07MPKF3JPHW3P2,01JRZTN1GKP9GXYEC8VBJ5BX9P,52,supermarket,1.0,0,,ce crea,cereal,,True,51
ice cream,164902,3682.0,01JRZV6NY3FP07MPKF3JPHW3P2,01JRZTN1GKP9GXYEC8VBJ5BX9P,53,supermarket,0.0,0,,ice cream,icecream,,True,52
orange,170384,5482.0,01JRZV6NY3FP07MPKF3JPHW3P2,01JRZTN1GKP9GXYEC8VBJ5BX9P,54,supermarket,0.0,0,,oranges,orange,,True,53
cat,3927,3927.0,01JRZV70AGXQF7GD5HNSWNZ4AY,01JRZTN1GC390MZTQ6ZVEA5PZY,0,animals,1.0,0,,cat,cat,"['Pets', 'Feline']",True,0
dog,5354,1427.0,01JRZV70AGXQF7GD5HNSWNZ4AY,01JRZTN1GC390MZTQ6ZVEA5PZY,1,animals,1.0,0,,dog,dog,"['Canine', 'Pets']",False,1
fox,7627,2273.0,01JRZV70AGXQF7GD5HNSWNZ4AY,01JRZTN1GC390MZTQ6ZVEA5PZY,2,animals,0.0,0,,fox,fox,"['Canine', 'NorthAmerican', 'UsedForFur']",False,2
wolf,9733,2106.0,01JRZV70AGXQF7GD5HNSWNZ4AY,01JRZTN1GC390MZTQ6ZVEA5PZY,3,animals,0.0,0,,wolf,wolf,"['Canine', 'NorthAmerican']",False,3
chicken,13108,3375.0,01JRZV70AGXQF7GD5HNSWNZ4AY,01JRZTN1GC390MZTQ6ZVEA5PZY,4,animals,0.0,0,,chicken,chicken,"['Bird', 'Farm']",True,4
panda,14347,1239.0,01JRZV70AGXQF7GD5HNSWNZ4AY,01JRZTN1GC390MZTQ6ZVEA5PZY,5,animals,0.0,0,,panda,panda,['Asian'],True,5
bear,15511,1164.0,01JRZV70AGXQF7GD5HNSWNZ4AY,01JRZTN1GC390MZTQ6ZVEA5PZY,6,animals,0.0,0,,bear,bear,['NorthAmerican'],True,6
polar bear,18344,2833.0,01JRZV70AGXQF7GD5HNSWNZ4AY,01JRZTN1GC390MZTQ6ZVEA5PZY,7,animals,0.0,0,,polar bear,polarbear,['Arctic'],True,7
tiger,20484,2140.0,01JRZV70AGXQF7GD5HNSWNZ4AY,01JRZTN1GC390MZTQ6ZVEA5PZY,8,animals,0.0,0,,tiger,tiger,"['African', 'Feline']",True,8
lion,22936,2452.0,01JRZV70AGXQF7GD5HNSWNZ4AY,01JRZTN1GC390MZTQ6ZVEA5PZY,9,animals,0.0,0,,lion,lion,"['African', 'Feline']",False,9
flamingo,25274,2338.0,01JRZV70AGXQF7GD5HNSWNZ4AY,01JRZTN1GC390MZTQ6ZVEA5PZY,10,animals,0.0,0,,flamingo,flamingo,['Bird'],True,10
eagle,27336,2062.0,01JRZV70AGXQF7GD5HNSWNZ4AY,01JRZTN1GC390MZTQ6ZVEA5PZY,11,animals,0.0,0,,eagle,eagle,['Bird'],False,11
meerkat,29575,2239.0,01JRZV70AGXQF7GD5HNSWNZ4AY,01JRZTN1GC390MZTQ6ZVEA5PZY,12,animals,0.0,0,,meerkat,meerkat,['African'],True,12
hyena,37985,8410.0,01JRZV70AGXQF7GD5HNSWNZ4AY,01JRZTN1GC390MZTQ6ZVEA5PZY,13,animals,0.0,0,,hyena,hyena,"['African', 'Canine']",False,13
leopard,49984,11999.0,01JRZV70AGXQF7GD5HNSWNZ4AY,01JRZTN1GC390MZTQ6ZVEA5PZY,14,animals,0.0,0,,leopard,leopard,"['African', 'Feline']",False,14
cheetah,52880,2896.0,01JRZV70AGXQF7GD5HNSWNZ4AY,01JRZTN1GC390MZTQ6ZVEA5PZY,15,animals,0.0,0,,cheetah,cheetah,"['African', 'Feline']",False,15
walrus,54803,1923.0,01JRZV70AGXQF7GD5HNSWNZ4AY,01JRZTN1GC390MZTQ6ZVEA5PZY,16,animals,0.0,0,,walrus,walrus,"['Arctic', 'Water']",True,16
seal,55755,952.0,01JRZV70AGXQF7GD5HNSWNZ4AY,01JRZTN1GC390MZTQ6ZVEA5PZY,17,animals,0.0,0,,seak,seal,"['Arctic', 'Water']",False,17
hippopotamus,64733,5852.0,01JRZV70AGXQF7GD5HNSWNZ4AY,01JRZTN1GC390MZTQ6ZVEA5PZY,19,animals,0.0,0,,hippopatamus,hippopotamus,['African'],True,18
lizard,75309,10576.0,01JRZV70AGXQF7GD5HNSWNZ4AY,01JRZTN1GC390MZTQ6ZVEA5PZY,20,animals,1.0,0,,lizard,lizard,['ReptileAmphibian'],True,19
iguana,81161,5852.0,01JRZV70AGXQF7GD5HNSWNZ4AY,01JRZTN1GC390MZTQ6ZVEA5PZY,21,animals,1.0,0,,iguana,iguana,['ReptileAmphibian'],False,20
chameleon,87666,6505.0,01JRZV70AGXQF7GD5HNSWNZ4AY,01JRZTN1GC390MZTQ6ZVEA5PZY,22,animals,0.0,0,,chameleon,chameleon,"['African', 'ReptileAmphibian']",False,21
sloth,130261,42595.0,01JRZV70AGXQF7GD5HNSWNZ4AY,01JRZTN1GC390MZTQ6ZVEA5PZY,23,animals,0.0,0,,sloth,sloth,['Jungle'],True,22
bat,132990,2729.0,01JRZV70AGXQF7GD5HNSWNZ4AY,01JRZTN1GC390MZTQ6ZVEA5PZY,24,animals,0.0,0,,bat,bat,['Insectivores'],True,23
alligator,139167,6177.0,01JRZV70AGXQF7GD5HNSWNZ4AY,01JRZTN1GC390MZTQ6ZVEA5PZY,25,animals,0.0,0,,alligator,alligator,"['ReptileAmphibian', 'Water']",True,24
crocodile,143571,4404.0,01JRZV70AGXQF7GD5HNSWNZ4AY,01JRZTN1GC390MZTQ6ZVEA5PZY,26,animals,0.0,0,,crocodile,crocodile,['ReptileAmphibian'],False,25
deer,154217,10646.0,01JRZV70AGXQF7GD5HNSWNZ4AY,01JRZTN1GC390MZTQ6ZVEA5PZY,27,animals,0.0,0,,deer,deer,"['Deers', 'NorthAmerican']",True,26
anteater,159928,5711.0,01JRZV70AGXQF7GD5HNSWNZ4AY,01JRZTN1GC390MZTQ6ZVEA5PZY,28,animals,0.0,0,,anteater,anteater,['Insectivores'],True,27
monkey,166004,6076.0,01JRZV70AGXQF7GD5HNSWNZ4AY,01JRZTN1GC390MZTQ6ZVEA5PZY,29,animals,0.0,0,,monkey,monkey,"['African', 'Primates']",True,28
ape,167327,1323.0,01JRZV70AGXQF7GD5HNSWNZ4AY,01JRZTN1GC390MZTQ6ZVEA5PZY,30,animals,0.0,0,,ape,ape,['Primates'],False,29
chimpanzee,171364,4037.0,01JRZV70AGXQF7GD5HNSWNZ4AY,01JRZTN1GC390MZTQ6ZVEA5PZY,31,animals,0.0,0,,chimpanzee,chimpanzee,"['African', 'Primates']",False,30
gorilla,173971,2607.0,01JRZV70AGXQF7GD5HNSWNZ4AY,01JRZTN1GC390MZTQ6ZVEA5PZY,32,animals,0.0,0,,gorilla,gorilla,"['African', 'Primates']",False,31
shirt,3679,3679.0,01JRZV70AGXQF7GD5HNSWNZ4AY,01JRZTN1GC390MZTQ6ZVEA5PZY,0,clothes,1.0,0,,shirt,shirt,,True,0
T-shirt,5863,2184.0,01JRZV70AGXQF7GD5HNSWNZ4AY,01JRZTN1GC390MZTQ6ZVEA5PZY,1,clothes,1.0,0,,tshirt,tshirt,,True,1
scarf,9918,4055.0,01JRZV70AGXQF7GD5HNSWNZ4AY,01JRZTN1GC390MZTQ6ZVEA5PZY,2,clothes,0.0,0,,scarfe,scarf,,True,2
sock,14425,4507.0,01JRZV70AGXQF7GD5HNSWNZ4AY,01JRZTN1GC390MZTQ6ZVEA5PZY,3,clothes,0.0,0,,socks,sock,,True,3
underpant,16622,2197.0,01JRZV70AGXQF7GD5HNSWNZ4AY,01JRZTN1GC390MZTQ6ZVEA5PZY,4,clothes,0.0,0,,underpants,underpant,,True,4
knicker,18387,1765.0,01JRZV70AGXQF7GD5HNSWNZ4AY,01JRZTN1GC390MZTQ6ZVEA5PZY,5,clothes,0.0,0,,knickers,knicker,,True,5
boxer short,21891,3504.0,01JRZV70AGXQF7GD5HNSWNZ4AY,01JRZTN1GC390MZTQ6ZVEA5PZY,6,clothes,0.0,0,,boxer shorts,boxershort,,True,6
trouser,23911,2020.0,01JRZV70AGXQF7GD5HNSWNZ4AY,01JRZTN1GC390MZTQ6ZVEA5PZY,7,clothes,0.0,0,,trousers,trouser,,True,7
jean,25254,1343.0,01JRZV70AGXQF7GD5HNSWNZ4AY,01JRZTN1GC390MZTQ6ZVEA5PZY,8,clothes,0.0,0,,jeans,jean,,True,8
belt,27991,2737.0,01JRZV70AGXQF7GD5HNSWNZ4AY,01JRZTN1GC390MZTQ6ZVEA5PZY,9,clothes,0.0,0,,belt,belt,,True,9
panty,31371,3380.0,01JRZV70AGXQF7GD5HNSWNZ4AY,01JRZTN1GC390MZTQ6ZVEA5PZY,10,clothes,0.0,0,,panties,panty,,True,10
suspender,33846,2475.0,01JRZV70AGXQF7GD5HNSWNZ4AY,01JRZTN1GC390MZTQ6ZVEA5PZY,11,clothes,0.0,0,,suspenders,suspender,,True,11
shoe,36574,2728.0,01JRZV70AGXQF7GD5HNSWNZ4AY,01JRZTN1GC390MZTQ6ZVEA5PZY,12,clothes,0.0,0,,shoes,shoe,,True,12
trainer,38553,1979.0,01JRZV70AGXQF7GD5HNSWNZ4AY,01JRZTN1GC390MZTQ6ZVEA5PZY,13,clothes,0.0,0,,trainers,trainer,,True,13
high heel,41754,3201.0,01JRZV70AGXQF7GD5HNSWNZ4AY,01JRZTN1GC390MZTQ6ZVEA5PZY,14,clothes,0.0,0,,high heels,highheel,,True,14
jumper,43391,1637.0,01JRZV70AGXQF7GD5HNSWNZ4AY,01JRZTN1GC390MZTQ6ZVEA5PZY,15,clothes,1.0,0,,jumper,jumper,,True,15
pullover,46605,3214.0,01JRZV70AGXQF7GD5HNSWNZ4AY,01JRZTN1GC390MZTQ6ZVEA5PZY,16,clothes,1.0,0,,pullover,pullover,,True,16
cardigan,49918,3313.0,01JRZV70AGXQF7GD5HNSWNZ4AY,01JRZTN1GC390MZTQ6ZVEA5PZY,17,clothes,1.0,0,,cardigan,cardigan,,True,17
hat,56119,6201.0,01JRZV70AGXQF7GD5HNSWNZ4AY,01JRZTN1GC390MZTQ6ZVEA5PZY,18,clothes,0.0,0,,hat,hat,,True,18
cap,58037,1918.0,01JRZV70AGXQF7GD5HNSWNZ4AY,01JRZTN1GC390MZTQ6ZVEA5PZY,19,clothes,0.0,0,,cap,cap,,True,19
coat,62003,3966.0,01JRZV70AGXQF7GD5HNSWNZ4AY,01JRZTN1GC390MZTQ6ZVEA5PZY,20,clothes,0.0,0,,coat,coat,,True,20
mack,63873,1870.0,01JRZV70AGXQF7GD5HNSWNZ4AY,01JRZTN1GC390MZTQ6ZVEA5PZY,21,clothes,0.0,0,,mac,mack,,True,21
bra,69435,5562.0,01JRZV70AGXQF7GD5HNSWNZ4AY,01JRZTN1GC390MZTQ6ZVEA5PZY,22,clothes,0.0,0,,bra,bra,,True,22
hoodie,76599,7164.0,01JRZV70AGXQF7GD5HNSWNZ4AY,01JRZTN1GC390MZTQ6ZVEA5PZY,23,clothes,0.0,0,,hoodie,hoodie,,True,23
shawl,80882,4283.0,01JRZV70AGXQF7GD5HNSWNZ4AY,01JRZTN1GC390MZTQ6ZVEA5PZY,24,clothes,0.0,0,,shawl,shawl,,True,24
tie,88131,7249.0,01JRZV70AGXQF7GD5HNSWNZ4AY,01JRZTN1GC390MZTQ6ZVEA5PZY,25,clothes,0.0,0,,tie,tie,,True,25
cravat,91367,3236.0,01JRZV70AGXQF7GD5HNSWNZ4AY,01JRZTN1GC390MZTQ6ZVEA5PZY,26,clothes,0.0,0,,cravat,cravat,,True,26
earmuff,99461,8094.0,01JRZV70AGXQF7GD5HNSWNZ4AY,01JRZTN1GC390MZTQ6ZVEA5PZY,27,clothes,0.0,0,,ear muffs,earmuff,,True,27
chaps,113842,14381.0,01JRZV70AGXQF7GD5HNSWNZ4AY,01JRZTN1GC390MZTQ6ZVEA5PZY,28,clothes,0.0,0,,chaps,chap,,True,28
tight,120142,6300.0,01JRZV70AGXQF7GD5HNSWNZ4AY,01JRZTN1GC390MZTQ6ZVEA5PZY,29,clothes,0.0,0,,tights,tight,,True,29
legging,124003,3861.0,01JRZV70AGXQF7GD5HNSWNZ4AY,01JRZTN1GC390MZTQ6ZVEA5PZY,30,clothes,0.0,0,,leggings,legging,,True,30
jegging,127083,3080.0,01JRZV70AGXQF7GD5HNSWNZ4AY,01JRZTN1GC390MZTQ6ZVEA5PZY,31,clothes,0.0,0,,jeggings,jegging,,True,31
brace,130722,3639.0,01JRZV70AGXQF7GD5HNSWNZ4AY,01JRZTN1GC390MZTQ6ZVEA5PZY,32,clothes,0.0,0,,braces,brace,,True,32
dungaree,134831,4109.0,01JRZV70AGXQF7GD5HNSWNZ4AY,01JRZTN1GC390MZTQ6ZVEA5PZY,33,clothes,0.0,0,,dungarees,dungaree,,True,33
slipper,140051,5220.0,01JRZV70AGXQF7GD5HNSWNZ4AY,01JRZTN1GC390MZTQ6ZVEA5PZY,34,clothes,0.0,0,,slippers,slipper,,True,34
boot,148893,8842.0,01JRZV70AGXQF7GD5HNSWNZ4AY,01JRZTN1GC390MZTQ6ZVEA5PZY,35,clothes,0.0,0,,boots,boot,,True,35
bandana,160650,11757.0,01JRZV70AGXQF7GD5HNSWNZ4AY,01JRZTN1GC390MZTQ6ZVEA5PZY,36,clothes,0.0,0,,bandana,bandana,,True,36
cape,167720,7070.0,01JRZV70AGXQF7GD5HNSWNZ4AY,01JRZTN1GC390MZTQ6ZVEA5PZY,37,clothes,0.0,0,,cape,cape,,True,37
body warmer,177159,9439.0,01JRZV70AGXQF7GD5HNSWNZ4AY,01JRZTN1GC390MZTQ6ZVEA5PZY,38,clothes,1.0,0,,body warmer,bodywarmer,,True,38
tomato puree,6755,6755.0,01JRZV70AGXQF7GD5HNSWNZ4AY,01JRZTN1GC390MZTQ6ZVEA5PZY,0,supermarket,1.0,0,,tomato puree,tomatopuree,,True,0
chopped tomato,11831,5076.0,01JRZV70AGXQF7GD5HNSWNZ4AY,01JRZTN1GC390MZTQ6ZVEA5PZY,1,supermarket,1.0,0,,chopped tomatos,choppedtomato,,True,1
banana,13415,1584.0,01JRZV70AGXQF7GD5HNSWNZ4AY,01JRZTN1GC390MZTQ6ZVEA5PZY,2,supermarket,0.0,0,,bananas,banana,,True,2
bread,15020,1605.0,01JRZV70AGXQF7GD5HNSWNZ4AY,01JRZTN1GC390MZTQ6ZVEA5PZY,3,supermarket,0.0,0,,bread,bread,,True,3
milk,16848,1828.0,01JRZV70AGXQF7GD5HNSWNZ4AY,01JRZTN1GC390MZTQ6ZVEA5PZY,4,supermarket,0.0,0,,milk,milk,,True,4
cheese,19680,2832.0,01JRZV70AGXQF7GD5HNSWNZ4AY,01JRZTN1GC390MZTQ6ZVEA5PZY,5,supermarket,0.0,0,,cheese,cheese,,True,5
ham,21989,2309.0,01JRZV70AGXQF7GD5HNSWNZ4AY,01JRZTN1GC390MZTQ6ZVEA5PZY,6,supermarket,0.0,0,,ham,ham,,True,6
pepper,24454,2465.0,01JRZV70AGXQF7GD5HNSWNZ4AY,01JRZTN1GC390MZTQ6ZVEA5PZY,7,supermarket,0.0,0,,peppers,pepper,,True,7
salt,26007,1553.0,01JRZV70AGXQF7GD5HNSWNZ4AY,01JRZTN1GC390MZTQ6ZVEA5PZY,8,supermarket,0.0,0,,salt,salt,,True,8
foil,27363,1356.0,01JRZV70AGXQF7GD5HNSWNZ4AY,01JRZTN1GC390MZTQ6ZVEA5PZY,9,supermarket,0.0,0,,foil,foil,,True,9
cling film,30300,2937.0,01JRZV70AGXQF7GD5HNSWNZ4AY,01JRZTN1GC390MZTQ6ZVEA5PZY,10,supermarket,0.0,0,,cling film,clingfilm,,True,10
greaseproof paper,34206,3906.0,01JRZV70AGXQF7GD5HNSWNZ4AY,01JRZTN1GC390MZTQ6ZVEA5PZY,11,supermarket,0.0,0,,grease proof paper,greaseproofpaper,,True,11
cloth,36122,1916.0,01JRZV70AGXQF7GD5HNSWNZ4AY,01JRZTN1GC390MZTQ6ZVEA5PZY,12,supermarket,0.0,0,,cloths,cloth,,True,12
washing up liquid,40017,3895.0,01JRZV70AGXQF7GD5HNSWNZ4AY,01JRZTN1GC390MZTQ6ZVEA5PZY,13,supermarket,0.0,0,,washing up liquid,washingupliquid,,True,13
courgette,42321,2304.0,01JRZV70AGXQF7GD5HNSWNZ4AY,01JRZTN1GC390MZTQ6ZVEA5PZY,14,supermarket,0.0,0,,courgettes,courgette,,True,14
broccoli,46649,4328.0,01JRZV70AGXQF7GD5HNSWNZ4AY,01JRZTN1GC390MZTQ6ZVEA5PZY,15,supermarket,0.0,0,,brocolli,broccoli,,True,15
carrot,49236,2587.0,01JRZV70AGXQF7GD5HNSWNZ4AY,01JRZTN1GC390MZTQ6ZVEA5PZY,16,supermarket,0.0,0,,carrots,carrot,,True,16
potato,50882,1646.0,01JRZV70AGXQF7GD5HNSWNZ4AY,01JRZTN1GC390MZTQ6ZVEA5PZY,17,supermarket,0.0,0,,potatoes,potato,,True,17
raspberry,53911,3029.0,01JRZV70AGXQF7GD5HNSWNZ4AY,01JRZTN1GC390MZTQ6ZVEA5PZY,18,supermarket,0.0,0,,raspberrys,raspberry,,True,18
strawberry,57441,3530.0,01JRZV70AGXQF7GD5HNSWNZ4AY,01JRZTN1GC390MZTQ6ZVEA5PZY,19,supermarket,0.0,0,,strawberries,strawberry,,True,19
bread roll,59589,2148.0,01JRZV70AGXQF7GD5HNSWNZ4AY,01JRZTN1GC390MZTQ6ZVEA5PZY,20,supermarket,0.0,0,,bread rolls,breadroll,,True,20
blueberry,64056,4467.0,01JRZV70AGXQF7GD5HNSWNZ4AY,01JRZTN1GC390MZTQ6ZVEA5PZY,21,supermarket,0.0,0,,blueberries,blueberry,,True,21
chicken,75829,11773.0,01JRZV70AGXQF7GD5HNSWNZ4AY,01JRZTN1GC390MZTQ6ZVEA5PZY,22,supermarket,0.0,0,,chicken,chicken,,True,22
bacon,79420,3591.0,01JRZV70AGXQF7GD5HNSWNZ4AY,01JRZTN1GC390MZTQ6ZVEA5PZY,23,supermarket,0.0,0,,bacon,bacon,,True,23
steak,81956,2536.0,01JRZV70AGXQF7GD5HNSWNZ4AY,01JRZTN1GC390MZTQ6ZVEA5PZY,24,supermarket,0.0,0,,steak,steak,,True,24
fish,83351,1395.0,01JRZV70AGXQF7GD5HNSWNZ4AY,01JRZTN1GC390MZTQ6ZVEA5PZY,25,supermarket,0.0,0,,fish,fish,,True,25
fish finger,85699,2348.0,01JRZV70AGXQF7GD5HNSWNZ4AY,01JRZTN1GC390MZTQ6ZVEA5PZY,26,supermarket,0.0,0,,fish fingers,fishfinger,,True,26
chip,87243,1544.0,01JRZV70AGXQF7GD5HNSWNZ4AY,01JRZTN1GC390MZTQ6ZVEA5PZY,27,supermarket,0.0,0,,chips,chip,,True,27
doughnut,96333,9090.0,01JRZV70AGXQF7GD5HNSWNZ4AY,01JRZTN1GC390MZTQ6ZVEA5PZY,28,supermarket,0.0,0,,doughnuts,doughnut,,True,28
crisp,98487,2154.0,01JRZV70AGXQF7GD5HNSWNZ4AY,01JRZTN1GC390MZTQ6ZVEA5PZY,29,supermarket,0.0,0,,crisps,crisp,,True,29
wrap,101737,3250.0,01JRZV70AGXQF7GD5HNSWNZ4AY,01JRZTN1GC390MZTQ6ZVEA5PZY,30,supermarket,0.0,0,,wraps,wrap,,True,30
tortilla,106051,4314.0,01JRZV70AGXQF7GD5HNSWNZ4AY,01JRZTN1GC390MZTQ6ZVEA5PZY,31,supermarket,0.0,0,,tortillas,tortilla,,True,31
biscuit,111635,5584.0,01JRZV70AGXQF7GD5HNSWNZ4AY,01JRZTN1GC390MZTQ6ZVEA5PZY,32,supermarket,0.0,0,,biscuits,biscuit,,True,32
ice cream,113819,2184.0,01JRZV70AGXQF7GD5HNSWNZ4AY,01JRZTN1GC390MZTQ6ZVEA5PZY,33,supermarket,0.0,0,,ice cream,icecream,,True,33
Easter egg,116801,2982.0,01JRZV70AGXQF7GD5HNSWNZ4AY,01JRZTN1GC390MZTQ6ZVEA5PZY,34,supermarket,0.0,0,,easter eggs,easteregg,,True,34
egg,117849,1048.0,01JRZV70AGXQF7GD5HNSWNZ4AY,01JRZTN1GC390MZTQ6ZVEA5PZY,35,supermarket,0.0,0,,eggs,egg,,True,35
sugar,119503,1654.0,01JRZV70AGXQF7GD5HNSWNZ4AY,01JRZTN1GC390MZTQ6ZVEA5PZY,36,supermarket,0.0,0,,sugar,sugar,,True,36
flour,121403,1900.0,01JRZV70AGXQF7GD5HNSWNZ4AY,01JRZTN1GC390MZTQ6ZVEA5PZY,37,supermarket,0.0,0,,flour,flour,,True,37
pastry,124533,3130.0,01JRZV70AGXQF7GD5HNSWNZ4AY,01JRZTN1GC390MZTQ6ZVEA5PZY,38,supermarket,0.0,0,,pastry,pastry,,True,38
cream,127412,2879.0,01JRZV70AGXQF7GD5HNSWNZ4AY,01JRZTN1GC390MZTQ6ZVEA5PZY,39,supermarket,0.0,0,,cream,cream,,True,39
milkshake,131650,4238.0,01JRZV70AGXQF7GD5HNSWNZ4AY,01JRZTN1GC390MZTQ6ZVEA5PZY,40,supermarket,0.0,0,,milkshake,milkshake,,True,40
soda pop,133556,1906.0,01JRZV70AGXQF7GD5HNSWNZ4AY,01JRZTN1GC390MZTQ6ZVEA5PZY,41,supermarket,0.0,0,,pop,sodapop,,True,41
coca cola,136445,2889.0,01JRZV70AGXQF7GD5HNSWNZ4AY,01JRZTN1GC390MZTQ6ZVEA5PZY,42,supermarket,0.0,0,,coca cola,cocacola,,True,42
cornflake,141155,4710.0,01JRZV70AGXQF7GD5HNSWNZ4AY,01JRZTN1GC390MZTQ6ZVEA5PZY,43,supermarket,0.0,0,,cornflakes,cornflake,,True,43
Rice Krispie,144948,3793.0,01JRZV70AGXQF7GD5HNSWNZ4AY,01JRZTN1GC390MZTQ6ZVEA5PZY,44,supermarket,0.0,0,,rice crispies,ricekrispie,,True,44
Coco Pops,148029,3081.0,01JRZV70AGXQF7GD5HNSWNZ4AY,01JRZTN1GC390MZTQ6ZVEA5PZY,45,supermarket,0.0,0,,coco pops,cocopop,,True,45
cleaning spray,153452,5423.0,01JRZV70AGXQF7GD5HNSWNZ4AY,01JRZTN1GC390MZTQ6ZVEA5PZY,46,supermarket,0.0,0,,cleaning spray,cleaningspray,,True,46
toilet paper,156581,3129.0,01JRZV70AGXQF7GD5HNSWNZ4AY,01JRZTN1GC390MZTQ6ZVEA5PZY,47,supermarket,0.0,0,,toilet roll,toiletpaper,,True,47
kitchen roll,162050,5469.0,01JRZV70AGXQF7GD5HNSWNZ4AY,01JRZTN1GC390MZTQ6ZVEA5PZY,48,supermarket,0.0,0,,kitchen roll,kitchenroll,,True,48
wipe,165508,3458.0,01JRZV70AGXQF7GD5HNSWNZ4AY,01JRZTN1GC390MZTQ6ZVEA5PZY,49,supermarket,0.0,0,,wipes,wipe,,True,49
match,174829,9321.0,01JRZV70AGXQF7GD5HNSWNZ4AY,01JRZTN1GC390MZTQ6ZVEA5PZY,50,supermarket,0.0,0,,matches,match,,True,50
T-shirt,3330,3330.0,01JRZV9BPZZKKZRXVFH7G31SS3,01JRZTN1H4DDW9W7RK3NT63DCQ,0,clothes,1.0,0,,t shirts,tshirt,,True,0
trouser,6870,3540.0,01JRZV9BPZZKKZRXVFH7G31SS3,01JRZTN1H4DDW9W7RK3NT63DCQ,1,clothes,0.0,0,,trousers,trouser,,True,1
sock,12085,5215.0,01JRZV9BPZZKKZRXVFH7G31SS3,01JRZTN1H4DDW9W7RK3NT63DCQ,2,clothes,0.0,0,,socks,sock,,True,2
short,13164,1079.0,01JRZV9BPZZKKZRXVFH7G31SS3,01JRZTN1H4DDW9W7RK3NT63DCQ,3,clothes,0.0,0,,shorts,short,,True,3
underwear,17306,4142.0,01JRZV9BPZZKKZRXVFH7G31SS3,01JRZTN1H4DDW9W7RK3NT63DCQ,4,clothes,1.0,0,,underwear,underwear,,True,4
bra,18113,807.0,01JRZV9BPZZKKZRXVFH7G31SS3,01JRZTN1H4DDW9W7RK3NT63DCQ,5,clothes,0.0,0,,bra,bra,,True,5
boxer,19593,1480.0,01JRZV9BPZZKKZRXVFH7G31SS3,01JRZTN1H4DDW9W7RK3NT63DCQ,6,clothes,0.0,0,,boxers,boxer,,True,6
glove,24621,5028.0,01JRZV9BPZZKKZRXVFH7G31SS3,01JRZTN1H4DDW9W7RK3NT63DCQ,7,clothes,0.0,0,,gloves,glove,,True,7
hat,26272,1651.0,01JRZV9BPZZKKZRXVFH7G31SS3,01JRZTN1H4DDW9W7RK3NT63DCQ,8,clothes,0.0,0,,hats,hat,,True,8
scarf,28218,1946.0,01JRZV9BPZZKKZRXVFH7G31SS3,01JRZTN1H4DDW9W7RK3NT63DCQ,9,clothes,0.0,0,,scarves,scarf,,True,9
vest,34635,6417.0,01JRZV9BPZZKKZRXVFH7G31SS3,01JRZTN1H4DDW9W7RK3NT63DCQ,10,clothes,0.0,0,,vests,vest,,True,10
pyjama,38525,3890.0,01JRZV9BPZZKKZRXVFH7G31SS3,01JRZTN1H4DDW9W7RK3NT63DCQ,11,clothes,0.0,0,,pyjamas,pyjama,,True,11
dress,41650,3125.0,01JRZV9BPZZKKZRXVFH7G31SS3,01JRZTN1H4DDW9W7RK3NT63DCQ,12,clothes,1.0,0,,dress,dres,,True,12
shirt,44843,3193.0,01JRZV9BPZZKKZRXVFH7G31SS3,01JRZTN1H4DDW9W7RK3NT63DCQ,13,clothes,0.0,0,,shirt,shirt,,True,13
suit,45951,1108.0,01JRZV9BPZZKKZRXVFH7G31SS3,01JRZTN1H4DDW9W7RK3NT63DCQ,14,clothes,0.0,0,,suits,suit,,True,14
sunglass,53039,7088.0,01JRZV9BPZZKKZRXVFH7G31SS3,01JRZTN1H4DDW9W7RK3NT63DCQ,15,clothes,0.0,0,,sunglasses,sunglas,,True,15
towel,57344,4305.0,01JRZV9BPZZKKZRXVFH7G31SS3,01JRZTN1H4DDW9W7RK3NT63DCQ,16,clothes,0.0,0,,towels,towel,,True,16
glass,63512,6168.0,01JRZV9BPZZKKZRXVFH7G31SS3,01JRZTN1H4DDW9W7RK3NT63DCQ,17,clothes,1.0,0,,glasses,glas,,True,17
top,72576,9064.0,01JRZV9BPZZKKZRXVFH7G31SS3,01JRZTN1H4DDW9W7RK3NT63DCQ,18,clothes,0.0,0,,tops,top,,True,18
hoodie,77741,5165.0,01JRZV9BPZZKKZRXVFH7G31SS3,01JRZTN1H4DDW9W7RK3NT63DCQ,19,clothes,1.0,0,,hoodies,hoodie,,True,19
jacket,79079,1338.0,01JRZV9BPZZKKZRXVFH7G31SS3,01JRZTN1H4DDW9W7RK3NT63DCQ,20,clothes,0.0,0,,jackets,jacket,,True,20
knicker,98865,4817.0,01JRZV9BPZZKKZRXVFH7G31SS3,01JRZTN1H4DDW9W7RK3NT63DCQ,22,clothes,0.0,0,,knickers,knicker,,True,21
brief,100549,1684.0,01JRZV9BPZZKKZRXVFH7G31SS3,01JRZTN1H4DDW9W7RK3NT63DCQ,23,clothes,0.0,0,,briefs,brief,,True,22
Y-fronts,104865,4316.0,01JRZV9BPZZKKZRXVFH7G31SS3,01JRZTN1H4DDW9W7RK3NT63DCQ,24,clothes,0.0,0,,y fronts,yfront,,True,23
ankle sock,111040,6175.0,01JRZV9BPZZKKZRXVFH7G31SS3,01JRZTN1H4DDW9W7RK3NT63DCQ,25,clothes,0.0,0,,ankle socks,anklesock,,True,24
shoe,113273,2233.0,01JRZV9BPZZKKZRXVFH7G31SS3,01JRZTN1H4DDW9W7RK3NT63DCQ,26,clothes,0.0,0,,shoes,shoe,,True,25
trainer,115765,2492.0,01JRZV9BPZZKKZRXVFH7G31SS3,01JRZTN1H4DDW9W7RK3NT63DCQ,27,clothes,0.0,0,,trainers,trainer,,True,26
work shoe,122016,6251.0,01JRZV9BPZZKKZRXVFH7G31SS3,01JRZTN1H4DDW9W7RK3NT63DCQ,28,clothes,0.0,0,,work shoes,workshoe,,True,27
workwear,126394,4378.0,01JRZV9BPZZKKZRXVFH7G31SS3,01JRZTN1H4DDW9W7RK3NT63DCQ,29,clothes,0.0,0,,workwear,workwear,,True,28
gym top,132687,6293.0,01JRZV9BPZZKKZRXVFH7G31SS3,01JRZTN1H4DDW9W7RK3NT63DCQ,30,clothes,1.0,0,,gym top,gymtop,,True,29
workout top,136790,4103.0,01JRZV9BPZZKKZRXVFH7G31SS3,01JRZTN1H4DDW9W7RK3NT63DCQ,31,clothes,0.0,0,,workout tops,workouttop,,True,30
gym short,141926,5136.0,01JRZV9BPZZKKZRXVFH7G31SS3,01JRZTN1H4DDW9W7RK3NT63DCQ,32,clothes,0.0,0,,gym shorts,gymshort,,True,31
running shoe,144345,2419.0,01JRZV9BPZZKKZRXVFH7G31SS3,01JRZTN1H4DDW9W7RK3NT63DCQ,33,clothes,0.0,0,,running shoes,runningshoe,,True,32
football shirt,154442,10097.0,01JRZV9BPZZKKZRXVFH7G31SS3,01JRZTN1H4DDW9W7RK3NT63DCQ,34,clothes,0.0,0,,football shirts,footballshirt,,True,33
football short,157517,3075.0,01JRZV9BPZZKKZRXVFH7G31SS3,01JRZTN1H4DDW9W7RK3NT63DCQ,35,clothes,0.0,0,,football shorts,footballshort,,True,34
rugby shirt,160167,2650.0,01JRZV9BPZZKKZRXVFH7G31SS3,01JRZTN1H4DDW9W7RK3NT63DCQ,36,clothes,0.0,0,,rugby shirt,rugbyshirt,,True,35
basketball shirt,163211,3044.0,01JRZV9BPZZKKZRXVFH7G31SS3,01JRZTN1H4DDW9W7RK3NT63DCQ,37,clothes,0.0,0,,basketball shirt,basketballshirt,,True,36
baseball shirt,167361,4150.0,01JRZV9BPZZKKZRXVFH7G31SS3,01JRZTN1H4DDW9W7RK3NT63DCQ,38,clothes,0.0,0,,baseball shirt,baseballshirt,,True,37
tank top,169382,2021.0,01JRZV9BPZZKKZRXVFH7G31SS3,01JRZTN1H4DDW9W7RK3NT63DCQ,39,clothes,0.0,0,,tank top,tanktop,,True,38
apple,3525,3525.0,01JRZV9BPZZKKZRXVFH7G31SS3,01JRZTN1H4DDW9W7RK3NT63DCQ,0,supermarket,1.0,0,,apples,apple,,True,0
milk,4792,1267.0,01JRZV9BPZZKKZRXVFH7G31SS3,01JRZTN1H4DDW9W7RK3NT63DCQ,1,supermarket,0.0,0,,milk,milk,,True,1
banana,6301,1509.0,01JRZV9BPZZKKZRXVFH7G31SS3,01JRZTN1H4DDW9W7RK3NT63DCQ,2,supermarket,1.0,0,,banana,banana,,True,2
pear,7605,1304.0,01JRZV9BPZZKKZRXVFH7G31SS3,01JRZTN1H4DDW9W7RK3NT63DCQ,3,supermarket,1.0,0,,pear,pear,,True,3
coke,9837,2232.0,01JRZV9BPZZKKZRXVFH7G31SS3,01JRZTN1H4DDW9W7RK3NT63DCQ,4,supermarket,0.0,0,,coke,coke,,True,4
drink,11400,1563.0,01JRZV9BPZZKKZRXVFH7G31SS3,01JRZTN1H4DDW9W7RK3NT63DCQ,5,supermarket,0.0,0,,drinks,drink,,True,5
laundry,13258,1858.0,01JRZV9BPZZKKZRXVFH7G31SS3,01JRZTN1H4DDW9W7RK3NT63DCQ,6,supermarket,0.0,0,,laundry,laundry,,True,6
grocery,15764,2506.0,01JRZV9BPZZKKZRXVFH7G31SS3,01JRZTN1H4DDW9W7RK3NT63DCQ,7,supermarket,0.0,0,,groceries,grocery,,True,7
fruits,17128,1364.0,01JRZV9BPZZKKZRXVFH7G31SS3,01JRZTN1H4DDW9W7RK3NT63DCQ,8,supermarket,1.0,0,,fruit,fruit,,True,8
vegetable,19006,1878.0,01JRZV9BPZZKKZRXVFH7G31SS3,01JRZTN1H4DDW9W7RK3NT63DCQ,9,supermarket,0.0,0,,egetables,vegetable,,True,9
tomato,21825,2819.0,01JRZV9BPZZKKZRXVFH7G31SS3,01JRZTN1H4DDW9W7RK3NT63DCQ,10,supermarket,0.0,0,,tomatos,tomato,,True,10
onion,24337,1272.0,01JRZV9BPZZKKZRXVFH7G31SS3,01JRZTN1H4DDW9W7RK3NT63DCQ,12,supermarket,0.0,0,,nions,onion,,True,11
chicken,26516,1114.0,01JRZV9BPZZKKZRXVFH7G31SS3,01JRZTN1H4DDW9W7RK3NT63DCQ,14,supermarket,0.0,0,,hicken,chicken,,True,12
fish,27339,823.0,01JRZV9BPZZKKZRXVFH7G31SS3,01JRZTN1H4DDW9W7RK3NT63DCQ,15,supermarket,0.0,0,,fish,fish,,True,13
pork,28722,1383.0,01JRZV9BPZZKKZRXVFH7G31SS3,01JRZTN1H4DDW9W7RK3NT63DCQ,16,supermarket,1.0,0,,pork,pork,,True,14
lamb,29929,1207.0,01JRZV9BPZZKKZRXVFH7G31SS3,01JRZTN1H4DDW9W7RK3NT63DCQ,17,supermarket,0.0,0,,lamb,lamb,,True,15
burger,35014,5085.0,01JRZV9BPZZKKZRXVFH7G31SS3,01JRZTN1H4DDW9W7RK3NT63DCQ,18,supermarket,0.0,0,,burgers,burger,,True,16
chip,36625,1611.0,01JRZV9BPZZKKZRXVFH7G31SS3,01JRZTN1H4DDW9W7RK3NT63DCQ,19,supermarket,0.0,0,,chips,chip,,True,17
potato,38062,1437.0,01JRZV9BPZZKKZRXVFH7G31SS3,01JRZTN1H4DDW9W7RK3NT63DCQ,20,supermarket,0.0,0,,potatoes,potato,,True,18
cloth,40036,1974.0,01JRZV9BPZZKKZRXVFH7G31SS3,01JRZTN1H4DDW9W7RK3NT63DCQ,21,supermarket,1.0,0,,clothes,cloth,,True,19
laundry powder,45369,5333.0,01JRZV9BPZZKKZRXVFH7G31SS3,01JRZTN1H4DDW9W7RK3NT63DCQ,22,supermarket,0.0,0,,clothes powder,laundrypowder,,True,20
washing up liquid,48871,3502.0,01JRZV9BPZZKKZRXVFH7G31SS3,01JRZTN1H4DDW9W7RK3NT63DCQ,23,supermarket,0.0,0,,washing up liquid,washingupliquid,,True,21
detergent,50574,1703.0,01JRZV9BPZZKKZRXVFH7G31SS3,01JRZTN1H4DDW9W7RK3NT63DCQ,24,supermarket,0.0,0,,detergent,detergent,,True,22
milkshake,57189,6615.0,01JRZV9BPZZKKZRXVFH7G31SS3,01JRZTN1H4DDW9W7RK3NT63DCQ,25,supermarket,0.0,0,,milkshake,milkshake,,True,23
yoghurt,58919,1730.0,01JRZV9BPZZKKZRXVFH7G31SS3,01JRZTN1H4DDW9W7RK3NT63DCQ,26,supermarket,0.0,0,,yoghurt,yoghurt,,True,24
pea,62283,3364.0,01JRZV9BPZZKKZRXVFH7G31SS3,01JRZTN1H4DDW9W7RK3NT63DCQ,27,supermarket,0.0,0,,peas,pea,,True,25
salmon,69791,2973.0,01JRZV9BPZZKKZRXVFH7G31SS3,01JRZTN1H4DDW9W7RK3NT63DCQ,30,supermarket,0.0,0,,salmon,salmon,,True,26
prawn,71989,2198.0,01JRZV9BPZZKKZRXVFH7G31SS3,01JRZTN1H4DDW9W7RK3NT63DCQ,31,supermarket,0.0,0,,prawns,prawn,,True,27
cake,75580,3591.0,01JRZV9BPZZKKZRXVFH7G31SS3,01JRZTN1H4DDW9W7RK3NT63DCQ,32,supermarket,0.0,0,,cakes,cake,,True,28
bread,76694,1114.0,01JRZV9BPZZKKZRXVFH7G31SS3,01JRZTN1H4DDW9W7RK3NT63DCQ,33,supermarket,0.0,0,,bread,bread,,True,29
bun,78671,1977.0,01JRZV9BPZZKKZRXVFH7G31SS3,01JRZTN1H4DDW9W7RK3NT63DCQ,34,supermarket,0.0,0,,buns,bun,,True,30
birthday cake,86035,7364.0,01JRZV9BPZZKKZRXVFH7G31SS3,01JRZTN1H4DDW9W7RK3NT63DCQ,35,supermarket,0.0,0,,birthday cakes,birthdaycake,,True,31
kitchen utensil,93877,7842.0,01JRZV9BPZZKKZRXVFH7G31SS3,01JRZTN1H4DDW9W7RK3NT63DCQ,36,supermarket,1.0,0,,kitchen utensils,kitchenutensil,,True,32
knife,95139,1262.0,01JRZV9BPZZKKZRXVFH7G31SS3,01JRZTN1H4DDW9W7RK3NT63DCQ,37,supermarket,0.0,0,,knives,knife,,True,33
fork,97538,1659.0,01JRZV9BPZZKKZRXVFH7G31SS3,01JRZTN1H4DDW9W7RK3NT63DCQ,39,supermarket,0.0,0,,forks,fork,,True,34
pen,104991,7453.0,01JRZV9BPZZKKZRXVFH7G31SS3,01JRZTN1H4DDW9W7RK3NT63DCQ,40,supermarket,0.0,0,,pens,pen,,True,35
pencil,106049,1058.0,01JRZV9BPZZKKZRXVFH7G31SS3,01JRZTN1H4DDW9W7RK3NT63DCQ,41,supermarket,0.0,0,,pencils,pencil,,True,36
rubber,107473,1424.0,01JRZV9BPZZKKZRXVFH7G31SS3,01JRZTN1H4DDW9W7RK3NT63DCQ,42,supermarket,0.0,0,,rubbers,rubber,,True,37
ruler,108598,1125.0,01JRZV9BPZZKKZRXVFH7G31SS3,01JRZTN1H4DDW9W7RK3NT63DCQ,43,supermarket,0.0,0,,rulers,ruler,,True,38
book,110736,2138.0,01JRZV9BPZZKKZRXVFH7G31SS3,01JRZTN1H4DDW9W7RK3NT63DCQ,44,supermarket,0.0,0,,books,book,,True,39
notepad,112128,1392.0,01JRZV9BPZZKKZRXVFH7G31SS3,01JRZTN1H4DDW9W7RK3NT63DCQ,45,supermarket,0.0,0,,notepad,notepad,,True,40
turkey,115518,3390.0,01JRZV9BPZZKKZRXVFH7G31SS3,01JRZTN1H4DDW9W7RK3NT63DCQ,46,supermarket,0.0,0,,turkey,turkey,,True,41
beef,116342,824.0,01JRZV9BPZZKKZRXVFH7G31SS3,01JRZTN1H4DDW9W7RK3NT63DCQ,47,supermarket,0.0,0,,beef,beef,,True,42
Lego,124760,8418.0,01JRZV9BPZZKKZRXVFH7G31SS3,01JRZTN1H4DDW9W7RK3NT63DCQ,48,supermarket,0.0,0,,lego,lego,,True,43
toy,125683,923.0,01JRZV9BPZZKKZRXVFH7G31SS3,01JRZTN1H4DDW9W7RK3NT63DCQ,49,supermarket,0.0,0,,toys,toy,,True,44
pram,127218,1535.0,01JRZV9BPZZKKZRXVFH7G31SS3,01JRZTN1H4DDW9W7RK3NT63DCQ,50,supermarket,0.0,0,,prams,pram,,True,45
t-shirt,132379,5161.0,01JRZV9BPZZKKZRXVFH7G31SS3,01JRZTN1H4DDW9W7RK3NT63DCQ,51,supermarket,0.0,0,,t shirts,tshirt,,True,46
trouser,135933,3554.0,01JRZV9BPZZKKZRXVFH7G31SS3,01JRZTN1H4DDW9W7RK3NT63DCQ,52,supermarket,0.0,0,,trousers,trouser,,True,47
television,137009,1076.0,01JRZV9BPZZKKZRXVFH7G31SS3,01JRZTN1H4DDW9W7RK3NT63DCQ,53,supermarket,0.0,0,,tv,television,,True,48
kettle,138550,1541.0,01JRZV9BPZZKKZRXVFH7G31SS3,01JRZTN1H4DDW9W7RK3NT63DCQ,54,supermarket,0.0,0,,kettle,kettle,,True,49
microwave,142046,3496.0,01JRZV9BPZZKKZRXVFH7G31SS3,01JRZTN1H4DDW9W7RK3NT63DCQ,55,supermarket,0.0,0,,microwaves,microwave,,True,50
toaster,143758,1712.0,01JRZV9BPZZKKZRXVFH7G31SS3,01JRZTN1H4DDW9W7RK3NT63DCQ,56,supermarket,0.0,0,,toasters,toaster,,True,51
scale,152203,8445.0,01JRZV9BPZZKKZRXVFH7G31SS3,01JRZTN1H4DDW9W7RK3NT63DCQ,57,supermarket,0.0,0,,scales,scale,,True,52
pencil case,161235,9032.0,01JRZV9BPZZKKZRXVFH7G31SS3,01JRZTN1H4DDW9W7RK3NT63DCQ,58,supermarket,0.0,0,,pencilcases,pencilcase,,True,53
salt,166970,5735.0,01JRZV9BPZZKKZRXVFH7G31SS3,01JRZTN1H4DDW9W7RK3NT63DCQ,59,supermarket,0.0,0,,salt,salt,,True,54
sugar,169243,2273.0,01JRZV9BPZZKKZRXVFH7G31SS3,01JRZTN1H4DDW9W7RK3NT63DCQ,60,supermarket,0.0,0,,sugar,sugar,,True,55
vinegar,170955,1712.0,01JRZV9BPZZKKZRXVFH7G31SS3,01JRZTN1H4DDW9W7RK3NT63DCQ,61,supermarket,0.0,0,,vinega,vinegar,,True,56
wine,172576,1621.0,01JRZV9BPZZKKZRXVFH7G31SS3,01JRZTN1H4DDW9W7RK3NT63DCQ,62,supermarket,0.0,0,,wine,wine,,True,57
alcohol,174051,1475.0,01JRZV9BPZZKKZRXVFH7G31SS3,01JRZTN1H4DDW9W7RK3NT63DCQ,63,supermarket,1.0,0,,alcohol,alcohol,,True,58
lemonade,178785,4734.0,01JRZV9BPZZKKZRXVFH7G31SS3,01JRZTN1H4DDW9W7RK3NT63DCQ,64,supermarket,0.0,0,,lemonade,lemonade,,True,59
dog,6025,6025.0,01JRZVAVM79EMN2RP0TP6WPYP9,01JRZTN1FMDRH762N6329E1BC9,0,animals,1.0,0,,dog,dog,"['Canine', 'Pets']",True,0
cat,9097,3072.0,01JRZVAVM79EMN2RP0TP6WPYP9,01JRZTN1FMDRH762N6329E1BC9,1,animals,1.0,0,,cat,cat,"['Pets', 'Feline']",False,1
mouse,10796,1699.0,01JRZVAVM79EMN2RP0TP6WPYP9,01JRZTN1FMDRH762N6329E1BC9,2,animals,1.0,0,,mouse,mouse,"['Bird', 'Rodents']",True,2
guinea pig,14354,3558.0,01JRZVAVM79EMN2RP0TP6WPYP9,01JRZTN1FMDRH762N6329E1BC9,3,animals,1.0,0,,guinea pig,guineapig,"['Pets', 'Rodents']",False,3
horse,15937,1583.0,01JRZVAVM79EMN2RP0TP6WPYP9,01JRZTN1FMDRH762N6329E1BC9,4,animals,1.0,0,,horse,horse,"['BeastsOfBurden', 'Farm']",True,4
cow,17238,1301.0,01JRZVAVM79EMN2RP0TP6WPYP9,01JRZTN1FMDRH762N6329E1BC9,5,animals,1.0,0,,cow,cow,"['Bovine', 'Farm']",False,5
pig,18542,1304.0,01JRZVAVM79EMN2RP0TP6WPYP9,01JRZTN1FMDRH762N6329E1BC9,6,animals,1.0,0,,pig,pig,['Farm'],False,6
hen,19760,1218.0,01JRZVAVM79EMN2RP0TP6WPYP9,01JRZTN1FMDRH762N6329E1BC9,7,animals,0.0,0,,hun,hen,['Farm'],False,7
chicken,25668,3747.0,01JRZVAVM79EMN2RP0TP6WPYP9,01JRZTN1FMDRH762N6329E1BC9,9,animals,0.0,0,,chicken,chicken,"['Bird', 'Farm']",False,8
donkey,27950,2282.0,01JRZVAVM79EMN2RP0TP6WPYP9,01JRZTN1FMDRH762N6329E1BC9,10,animals,0.0,0,,donkey,donkey,"['BeastsOfBurden', 'Farm']",False,9
elephant,30341,2391.0,01JRZVAVM79EMN2RP0TP6WPYP9,01JRZTN1FMDRH762N6329E1BC9,11,animals,0.0,0,,elephant,elephant,['African'],True,10
monkey,33041,2700.0,01JRZVAVM79EMN2RP0TP6WPYP9,01JRZTN1FMDRH762N6329E1BC9,12,animals,0.0,0,,monkey,monkey,"['African', 'Primates']",False,11
bird,34903,1862.0,01JRZVAVM79EMN2RP0TP6WPYP9,01JRZTN1FMDRH762N6329E1BC9,13,animals,0.0,0,,bird,bird,['Bird'],True,12
hippopotamus,39126,4223.0,01JRZVAVM79EMN2RP0TP6WPYP9,01JRZTN1FMDRH762N6329E1BC9,14,animals,0.0,0,,hippo,hippopotamus,['African'],True,13
wolf,42512,3386.0,01JRZVAVM79EMN2RP0TP6WPYP9,01JRZTN1FMDRH762N6329E1BC9,15,animals,0.0,0,,wolf,wolf,"['Canine', 'NorthAmerican']",True,14
goat,44459,1947.0,01JRZVAVM79EMN2RP0TP6WPYP9,01JRZTN1FMDRH762N6329E1BC9,16,animals,0.0,0,,goat,goat,['Farm'],True,15
bear,48361,3902.0,01JRZVAVM79EMN2RP0TP6WPYP9,01JRZTN1FMDRH762N6329E1BC9,17,animals,0.0,0,,bear,bear,['NorthAmerican'],True,16
giraffe,51563,3202.0,01JRZVAVM79EMN2RP0TP6WPYP9,01JRZTN1FMDRH762N6329E1BC9,18,animals,0.0,0,,giraffe,giraffe,['African'],True,17
antelope,54175,2612.0,01JRZVAVM79EMN2RP0TP6WPYP9,01JRZTN1FMDRH762N6329E1BC9,19,animals,0.0,0,,antelope,antelope,['African'],False,18
ferret,59657,5482.0,01JRZVAVM79EMN2RP0TP6WPYP9,01JRZTN1FMDRH762N6329E1BC9,20,animals,0.0,0,,ferret,ferret,"['Farm', 'Weasels']",True,19
rat,64831,5174.0,01JRZVAVM79EMN2RP0TP6WPYP9,01JRZTN1FMDRH762N6329E1BC9,21,animals,0.0,0,,rat,rat,['Rodents'],True,20
fish,67982,3151.0,01JRZVAVM79EMN2RP0TP6WPYP9,01JRZTN1FMDRH762N6329E1BC9,22,animals,0.0,0,,fish,fish,"['Fish', 'Water']",True,21
baboon,72679,4697.0,01JRZVAVM79EMN2RP0TP6WPYP9,01JRZTN1FMDRH762N6329E1BC9,23,animals,0.0,0,,baboon,baboon,['Primates'],True,22
skunk,80212,7533.0,01JRZVAVM79EMN2RP0TP6WPYP9,01JRZTN1FMDRH762N6329E1BC9,24,animals,0.0,0,,skunk,skunk,"['NorthAmerican', 'Weasels']",True,23
deer,85644,5432.0,01JRZVAVM79EMN2RP0TP6WPYP9,01JRZTN1FMDRH762N6329E1BC9,25,animals,0.0,0,,deer,deer,"['Deers', 'NorthAmerican']",False,24
stag,88448,2804.0,01JRZVAVM79EMN2RP0TP6WPYP9,01JRZTN1FMDRH762N6329E1BC9,26,animals,0.0,0,,stag,stag,['Deers'],False,25
leopard,97960,9512.0,01JRZVAVM79EMN2RP0TP6WPYP9,01JRZTN1FMDRH762N6329E1BC9,27,animals,0.0,0,,leopard,leopard,"['African', 'Feline']",True,26
lion,100439,2479.0,01JRZVAVM79EMN2RP0TP6WPYP9,01JRZTN1FMDRH762N6329E1BC9,28,animals,0.0,0,,lion,lion,"['African', 'Feline']",False,27
cheetah,104997,4558.0,01JRZVAVM79EMN2RP0TP6WPYP9,01JRZTN1FMDRH762N6329E1BC9,29,animals,0.0,0,,cheetah,cheetah,"['African', 'Feline']",False,28
snake,112276,7279.0,01JRZVAVM79EMN2RP0TP6WPYP9,01JRZTN1FMDRH762N6329E1BC9,30,animals,0.0,0,,snake,snake,"['Farm', 'ReptileAmphibian']",True,29
badger,118028,5752.0,01JRZVAVM79EMN2RP0TP6WPYP9,01JRZTN1FMDRH762N6329E1BC9,31,animals,0.0,0,,badger,badger,"['NorthAmerican', 'Weasels']",True,30
mole,122384,4356.0,01JRZVAVM79EMN2RP0TP6WPYP9,01JRZTN1FMDRH762N6329E1BC9,32,animals,0.0,0,,mole,mole,"['Insectivores', 'Rodents']",True,31
hamster,128724,6340.0,01JRZVAVM79EMN2RP0TP6WPYP9,01JRZTN1FMDRH762N6329E1BC9,33,animals,0.0,0,,hamster,hamster,"['Pets', 'Rodents']",False,32
sea lion,135427,6703.0,01JRZVAVM79EMN2RP0TP6WPYP9,01JRZTN1FMDRH762N6329E1BC9,34,animals,0.0,0,,sealion,sealion,['Water'],True,33
vole,138910,3483.0,01JRZVAVM79EMN2RP0TP6WPYP9,01JRZTN1FMDRH762N6329E1BC9,35,animals,0.0,0,,vole,vole,['Rodents'],True,34
fox,143408,4498.0,01JRZVAVM79EMN2RP0TP6WPYP9,01JRZTN1FMDRH762N6329E1BC9,36,animals,0.0,0,,fox,fox,"['Canine', 'NorthAmerican', 'UsedForFur']",True,35
rooster,156243,12835.0,01JRZVAVM79EMN2RP0TP6WPYP9,01JRZTN1FMDRH762N6329E1BC9,37,animals,0.0,0,,rooster,rooster,['Farm'],True,36
gibbon,172199,15956.0,01JRZVAVM79EMN2RP0TP6WPYP9,01JRZTN1FMDRH762N6329E1BC9,38,animals,0.0,0,,gibbon,gibbon,['Primates'],True,37
trouser,5685,5685.0,01JRZVAVM79EMN2RP0TP6WPYP9,01JRZTN1FMDRH762N6329E1BC9,0,clothes,1.0,0,,trousers,trouser,,True,0
t-shirt,8280,2595.0,01JRZVAVM79EMN2RP0TP6WPYP9,01JRZTN1FMDRH762N6329E1BC9,1,clothes,1.0,0,,t-shrit,tshirt,,True,1
shoe,11646,3366.0,01JRZVAVM79EMN2RP0TP6WPYP9,01JRZTN1FMDRH762N6329E1BC9,2,clothes,0.0,0,,shoe,shoe,,True,2
sock,12955,1309.0,01JRZVAVM79EMN2RP0TP6WPYP9,01JRZTN1FMDRH762N6329E1BC9,3,clothes,0.0,0,,sock,sock,,True,3
tie,14099,1144.0,01JRZVAVM79EMN2RP0TP6WPYP9,01JRZTN1FMDRH762N6329E1BC9,4,clothes,0.0,0,,tie,tie,,True,4
coat,15475,1376.0,01JRZVAVM79EMN2RP0TP6WPYP9,01JRZTN1FMDRH762N6329E1BC9,5,clothes,1.0,0,,coat,coat,,True,5
jumper,19071,3596.0,01JRZVAVM79EMN2RP0TP6WPYP9,01JRZTN1FMDRH762N6329E1BC9,6,clothes,0.0,0,,jumper,jumper,,True,6
jacket,20788,1717.0,01JRZVAVM79EMN2RP0TP6WPYP9,01JRZTN1FMDRH762N6329E1BC9,7,clothes,1.0,0,,jacket,jacket,,True,7
blazer,24497,3709.0,01JRZVAVM79EMN2RP0TP6WPYP9,01JRZTN1FMDRH762N6329E1BC9,8,clothes,1.0,0,,blazer,blazer,,True,8
blouse,34552,10055.0,01JRZVAVM79EMN2RP0TP6WPYP9,01JRZTN1FMDRH762N6329E1BC9,9,clothes,0.0,0,,blouse,blouse,,True,9
hoodie,38229,3677.0,01JRZVAVM79EMN2RP0TP6WPYP9,01JRZTN1FMDRH762N6329E1BC9,10,clothes,0.0,0,,hoodie,hoodie,,True,10
tracksuit,42336,4107.0,01JRZVAVM79EMN2RP0TP6WPYP9,01JRZTN1FMDRH762N6329E1BC9,11,clothes,0.0,0,,tracksuit,tracksuit,,True,11
jean,44566,2230.0,01JRZVAVM79EMN2RP0TP6WPYP9,01JRZTN1FMDRH762N6329E1BC9,12,clothes,1.0,0,,jeans,jean,,True,12
flare,46694,2128.0,01JRZVAVM79EMN2RP0TP6WPYP9,01JRZTN1FMDRH762N6329E1BC9,13,clothes,1.0,0,,flares,flare,,True,13
legging,49475,2781.0,01JRZVAVM79EMN2RP0TP6WPYP9,01JRZTN1FMDRH762N6329E1BC9,14,clothes,1.0,0,,leggings,legging,,True,14
short,53888,4413.0,01JRZVAVM79EMN2RP0TP6WPYP9,01JRZTN1FMDRH762N6329E1BC9,15,clothes,1.0,0,,shorts,short,,True,15
skirt,56549,2661.0,01JRZVAVM79EMN2RP0TP6WPYP9,01JRZTN1FMDRH762N6329E1BC9,16,clothes,0.0,0,,skirt,skirt,,True,16
dress,58806,2257.0,01JRZVAVM79EMN2RP0TP6WPYP9,01JRZTN1FMDRH762N6329E1BC9,17,clothes,0.0,0,,dress,dres,,True,17
onesie,61439,2633.0,01JRZVAVM79EMN2RP0TP6WPYP9,01JRZTN1FMDRH762N6329E1BC9,18,clothes,0.0,0,,onesie,onesie,,True,18
gown,64379,2940.0,01JRZVAVM79EMN2RP0TP6WPYP9,01JRZTN1FMDRH762N6329E1BC9,19,clothes,0.0,0,,gown,gown,,True,19
legwarmer,75014,10635.0,01JRZVAVM79EMN2RP0TP6WPYP9,01JRZTN1FMDRH762N6329E1BC9,20,clothes,0.0,0,,legwarmers,legwarmer,,True,20
cagoul,77704,2690.0,01JRZVAVM79EMN2RP0TP6WPYP9,01JRZTN1FMDRH762N6329E1BC9,21,clothes,0.0,0,,cagoul,cagoul,,True,21
tuxedo,87561,9857.0,01JRZVAVM79EMN2RP0TP6WPYP9,01JRZTN1FMDRH762N6329E1BC9,22,clothes,0.0,0,,tuxedo,tuxedo,,True,22
waistcoat,96873,9312.0,01JRZVAVM79EMN2RP0TP6WPYP9,01JRZTN1FMDRH762N6329E1BC9,23,clothes,0.0,0,,waistcoat,waistcoat,,True,23
raincoat,105636,8763.0,01JRZVAVM79EMN2RP0TP6WPYP9,01JRZTN1FMDRH762N6329E1BC9,24,clothes,0.0,0,,raincoat,raincoat,,True,24
tight,111655,6019.0,01JRZVAVM79EMN2RP0TP6WPYP9,01JRZTN1FMDRH762N6329E1BC9,25,clothes,0.0,0,,tights,tight,,True,25
dungaree,123651,11996.0,01JRZVAVM79EMN2RP0TP6WPYP9,01JRZTN1FMDRH762N6329E1BC9,26,clothes,0.0,0,,dungarees,dungaree,,True,26
halterneck,132012,8361.0,01JRZVAVM79EMN2RP0TP6WPYP9,01JRZTN1FMDRH762N6329E1BC9,27,clothes,0.0,0,,halterneck,halterneck,,True,27
culottes,136237,4225.0,01JRZVAVM79EMN2RP0TP6WPYP9,01JRZTN1FMDRH762N6329E1BC9,28,clothes,0.0,0,,cullots,culotte,,True,28
slippers,141419,5182.0,01JRZVAVM79EMN2RP0TP6WPYP9,01JRZTN1FMDRH762N6329E1BC9,29,clothes,0.0,0,,salapets,slipper,,True,29
fishnet,146654,5235.0,01JRZVAVM79EMN2RP0TP6WPYP9,01JRZTN1FMDRH762N6329E1BC9,30,clothes,0.0,0,,fishnets,fishnet,,True,30
scarf,152664,6010.0,01JRZVAVM79EMN2RP0TP6WPYP9,01JRZTN1FMDRH762N6329E1BC9,31,clothes,1.0,0,,scarf,scarf,,True,31
glove,154761,2097.0,01JRZVAVM79EMN2RP0TP6WPYP9,01JRZTN1FMDRH762N6329E1BC9,32,clothes,1.0,0,,gloves,glove,,True,32
boot,157305,2544.0,01JRZVAVM79EMN2RP0TP6WPYP9,01JRZTN1FMDRH762N6329E1BC9,33,clothes,1.0,0,,boots,boot,,True,33
bean,4412,4412.0,01JRZVAVM79EMN2RP0TP6WPYP9,01JRZTN1FMDRH762N6329E1BC9,0,supermarket,1.0,0,,beans,bean,,True,0
bread,7043,2631.0,01JRZVAVM79EMN2RP0TP6WPYP9,01JRZTN1FMDRH762N6329E1BC9,1,supermarket,1.0,0,,bread,bread,,True,1
milk,8698,1655.0,01JRZVAVM79EMN2RP0TP6WPYP9,01JRZTN1FMDRH762N6329E1BC9,2,supermarket,1.0,0,,milk,milk,,True,2
egg,10091,1393.0,01JRZVAVM79EMN2RP0TP6WPYP9,01JRZTN1FMDRH762N6329E1BC9,3,supermarket,1.0,0,,eggs,egg,,True,3
cereal,14357,4266.0,01JRZVAVM79EMN2RP0TP6WPYP9,01JRZTN1FMDRH762N6329E1BC9,4,supermarket,0.0,0,,cereal,cereal,,True,4
butter,18109,3752.0,01JRZVAVM79EMN2RP0TP6WPYP9,01JRZTN1FMDRH762N6329E1BC9,5,supermarket,1.0,0,,butter,butter,,True,5
margarine,21383,3274.0,01JRZVAVM79EMN2RP0TP6WPYP9,01JRZTN1FMDRH762N6329E1BC9,6,supermarket,1.0,0,,margarine,margarine,,True,6
vegetable,24305,2922.0,01JRZVAVM79EMN2RP0TP6WPYP9,01JRZTN1FMDRH762N6329E1BC9,7,supermarket,1.0,0,,vegetables,vegetable,,True,7
fruits,28156,3851.0,01JRZVAVM79EMN2RP0TP6WPYP9,01JRZTN1FMDRH762N6329E1BC9,8,supermarket,1.0,0,,fruit,fruit,,True,8
spice,30612,2456.0,01JRZVAVM79EMN2RP0TP6WPYP9,01JRZTN1FMDRH762N6329E1BC9,9,supermarket,0.0,0,,spices,spice,,True,9
drink,33063,2451.0,01JRZVAVM79EMN2RP0TP6WPYP9,01JRZTN1FMDRH762N6329E1BC9,10,supermarket,0.0,0,,drinks,drink,,True,10
soda pop,35048,1985.0,01JRZVAVM79EMN2RP0TP6WPYP9,01JRZTN1FMDRH762N6329E1BC9,11,supermarket,0.0,0,,pop,sodapop,,True,11
yoghurt,47255,12207.0,01JRZVAVM79EMN2RP0TP6WPYP9,01JRZTN1FMDRH762N6329E1BC9,12,supermarket,0.0,0,,yoghurt,yoghurt,,True,12
cake,50675,3420.0,01JRZVAVM79EMN2RP0TP6WPYP9,01JRZTN1FMDRH762N6329E1BC9,13,supermarket,0.0,0,,cakes,cake,,True,13
cheese,56070,5395.0,01JRZVAVM79EMN2RP0TP6WPYP9,01JRZTN1FMDRH762N6329E1BC9,14,supermarket,1.0,0,,cheese,cheese,,True,14
ham,59279,3209.0,01JRZVAVM79EMN2RP0TP6WPYP9,01JRZTN1FMDRH762N6329E1BC9,15,supermarket,1.0,0,,ham,ham,,True,15
meat,62600,3321.0,01JRZVAVM79EMN2RP0TP6WPYP9,01JRZTN1FMDRH762N6329E1BC9,16,supermarket,1.0,0,,meat,meat,,True,16
steak,66786,4186.0,01JRZVAVM79EMN2RP0TP6WPYP9,01JRZTN1FMDRH762N6329E1BC9,17,supermarket,1.0,0,,steak,steak,,True,17
tin,69302,2516.0,01JRZVAVM79EMN2RP0TP6WPYP9,01JRZTN1FMDRH762N6329E1BC9,18,supermarket,0.0,0,,tins,tin,,True,18
chip,74299,4997.0,01JRZVAVM79EMN2RP0TP6WPYP9,01JRZTN1FMDRH762N6329E1BC9,19,supermarket,0.0,0,,chips,chip,,True,19
fish,77128,2829.0,01JRZVAVM79EMN2RP0TP6WPYP9,01JRZTN1FMDRH762N6329E1BC9,20,supermarket,0.0,0,,fish,fish,,True,20
sweet,83310,6182.0,01JRZVAVM79EMN2RP0TP6WPYP9,01JRZTN1FMDRH762N6329E1BC9,21,supermarket,1.0,0,,sweets,sweet,,True,21
confectionery,86360,3050.0,01JRZVAVM79EMN2RP0TP6WPYP9,01JRZTN1FMDRH762N6329E1BC9,22,supermarket,1.0,0,,confectionary,confectionery,,True,22
crisp,88688,2328.0,01JRZVAVM79EMN2RP0TP6WPYP9,01JRZTN1FMDRH762N6329E1BC9,23,supermarket,1.0,0,,crisps,crisp,,True,23
jam,91086,2398.0,01JRZVAVM79EMN2RP0TP6WPYP9,01JRZTN1FMDRH762N6329E1BC9,24,supermarket,0.0,0,,jam,jam,,True,24
marmalade,95157,4071.0,01JRZVAVM79EMN2RP0TP6WPYP9,01JRZTN1FMDRH762N6329E1BC9,25,supermarket,0.0,0,,marmalade,marmalade,,True,25
rice,106368,11211.0,01JRZVAVM79EMN2RP0TP6WPYP9,01JRZTN1FMDRH762N6329E1BC9,26,supermarket,0.0,0,,rice,rice,,True,26
poppadom,113517,7149.0,01JRZVAVM79EMN2RP0TP6WPYP9,01JRZTN1FMDRH762N6329E1BC9,27,supermarket,0.0,0,,poppodums,poppadom,,True,27
sauce,116761,3244.0,01JRZVAVM79EMN2RP0TP6WPYP9,01JRZTN1FMDRH762N6329E1BC9,28,supermarket,0.0,0,,sauce,sauce,,True,28
condiment,119851,3090.0,01JRZVAVM79EMN2RP0TP6WPYP9,01JRZTN1FMDRH762N6329E1BC9,29,supermarket,0.0,0,,condiments,condiment,,True,29
sandwich,128281,8430.0,01JRZVAVM79EMN2RP0TP6WPYP9,01JRZTN1FMDRH762N6329E1BC9,30,supermarket,0.0,0,,sandwiches,sandwich,,True,30
teabag,135105,6824.0,01JRZVAVM79EMN2RP0TP6WPYP9,01JRZTN1FMDRH762N6329E1BC9,31,supermarket,1.0,0,,teabags,teabag,,True,31
coffee,138667,3562.0,01JRZVAVM79EMN2RP0TP6WPYP9,01JRZTN1FMDRH762N6329E1BC9,32,supermarket,1.0,0,,coffee,coffee,,True,32
flour,144849,6182.0,01JRZVAVM79EMN2RP0TP6WPYP9,01JRZTN1FMDRH762N6329E1BC9,33,supermarket,0.0,0,,flour,flour,,True,33
sugar,147215,2366.0,01JRZVAVM79EMN2RP0TP6WPYP9,01JRZTN1FMDRH762N6329E1BC9,34,supermarket,0.0,0,,sugar,sugar,,True,34
washing powder,159711,12496.0,01JRZVAVM79EMN2RP0TP6WPYP9,01JRZTN1FMDRH762N6329E1BC9,35,supermarket,0.0,0,,washing powder,washingpowder,,True,35
table,168943,9232.0,01JRZVAVM79EMN2RP0TP6WPYP9,01JRZTN1FMDRH762N6329E1BC9,36,supermarket,0.0,0,,tables,table,,True,36
medicine,171620,2677.0,01JRZVAVM79EMN2RP0TP6WPYP9,01JRZTN1FMDRH762N6329E1BC9,37,supermarket,0.0,0,,medicines,medicine,,True,37
wipe,176839,5219.0,01JRZVAVM79EMN2RP0TP6WPYP9,01JRZTN1FMDRH762N6329E1BC9,38,supermarket,0.0,0,,wipes,wipe,,True,38
dog,3332,3332.0,01JRZVB1ZZWP72ABKRJBM128E4,01JRZTN1FX9S3C5Q3P4CQGBJ0K,0,animals,1.0,0,,dog,dog,"['Canine', 'Pets']",True,0
cat,4187,855.0,01JRZVB1ZZWP72ABKRJBM128E4,01JRZTN1FX9S3C5Q3P4CQGBJ0K,1,animals,0.0,0,,cat,cat,"['Pets', 'Feline']",False,1
bird,5136,949.0,01JRZVB1ZZWP72ABKRJBM128E4,01JRZTN1FX9S3C5Q3P4CQGBJ0K,2,animals,0.0,0,,bird,bird,['Bird'],True,2
fish,6485,1349.0,01JRZVB1ZZWP72ABKRJBM128E4,01JRZTN1FX9S3C5Q3P4CQGBJ0K,3,animals,0.0,0,,fish,fish,"['Fish', 'Water']",True,3
jaguar,9083,2598.0,01JRZVB1ZZWP72ABKRJBM128E4,01JRZTN1FX9S3C5Q3P4CQGBJ0K,4,animals,1.0,0,,jaguar,jaguar,['Feline'],True,4
elephant,11490,2407.0,01JRZVB1ZZWP72ABKRJBM128E4,01JRZTN1FX9S3C5Q3P4CQGBJ0K,5,animals,0.0,0,,elephant,elephant,['African'],True,5
giraffe,13330,1840.0,01JRZVB1ZZWP72ABKRJBM128E4,01JRZTN1FX9S3C5Q3P4CQGBJ0K,6,animals,0.0,0,,giraffe,giraffe,['African'],False,6
pig,16730,3400.0,01JRZVB1ZZWP72ABKRJBM128E4,01JRZTN1FX9S3C5Q3P4CQGBJ0K,7,animals,1.0,0,,pig,pig,['Farm'],True,7
cow,17850,1120.0,01JRZVB1ZZWP72ABKRJBM128E4,01JRZTN1FX9S3C5Q3P4CQGBJ0K,8,animals,0.0,0,,cow,cow,"['Bovine', 'Farm']",False,8
horse,19241,1391.0,01JRZVB1ZZWP72ABKRJBM128E4,01JRZTN1FX9S3C5Q3P4CQGBJ0K,9,animals,0.0,0,,horse,horse,"['BeastsOfBurden', 'Farm']",False,9
donkey,20349,1108.0,01JRZVB1ZZWP72ABKRJBM128E4,01JRZTN1FX9S3C5Q3P4CQGBJ0K,10,animals,0.0,0,,donkey,donkey,"['BeastsOfBurden', 'Farm']",False,10
shark,23661,3312.0,01JRZVB1ZZWP72ABKRJBM128E4,01JRZTN1FX9S3C5Q3P4CQGBJ0K,11,animals,1.0,0,,shark,shark,"['Fish', 'Water']",True,11
dolphin,24982,1321.0,01JRZVB1ZZWP72ABKRJBM128E4,01JRZTN1FX9S3C5Q3P4CQGBJ0K,12,animals,0.0,0,,dolphin,dolphin,"['Insects', 'Water']",False,12
eagle,28133,3151.0,01JRZVB1ZZWP72ABKRJBM128E4,01JRZTN1FX9S3C5Q3P4CQGBJ0K,13,animals,1.0,0,,eagle,eagle,['Bird'],True,13
tortoise,32147,4014.0,01JRZVB1ZZWP72ABKRJBM128E4,01JRZTN1FX9S3C5Q3P4CQGBJ0K,14,animals,1.0,0,,tortoise,tortoise,['ReptileAmphibian'],True,14
turtle,36145,3998.0,01JRZVB1ZZWP72ABKRJBM128E4,01JRZTN1FX9S3C5Q3P4CQGBJ0K,15,animals,0.0,0,,turtle,turtle,"['ReptileAmphibian', 'Water']",False,15
squirrel,40751,4606.0,01JRZVB1ZZWP72ABKRJBM128E4,01JRZTN1FX9S3C5Q3P4CQGBJ0K,16,animals,1.0,0,,squirrel,squirrel,"['NorthAmerican', 'Rodents']",True,16
hamster,42488,1737.0,01JRZVB1ZZWP72ABKRJBM128E4,01JRZTN1FX9S3C5Q3P4CQGBJ0K,17,animals,0.0,0,,hamster,hamster,"['Pets', 'Rodents']",False,17
rat,44309,1821.0,01JRZVB1ZZWP72ABKRJBM128E4,01JRZTN1FX9S3C5Q3P4CQGBJ0K,18,animals,0.0,0,,rat,rat,['Rodents'],False,18
mouse,46190,1881.0,01JRZVB1ZZWP72ABKRJBM128E4,01JRZTN1FX9S3C5Q3P4CQGBJ0K,19,animals,0.0,0,,mouse,mouse,"['Bird', 'Rodents']",False,19
kangaroo,51910,5720.0,01JRZVB1ZZWP72ABKRJBM128E4,01JRZTN1FX9S3C5Q3P4CQGBJ0K,20,animals,1.0,0,,kangaroo,kangaroo,['Australian'],True,20
guinea pig,60370,8460.0,01JRZVB1ZZWP72ABKRJBM128E4,01JRZTN1FX9S3C5Q3P4CQGBJ0K,21,animals,1.0,0,,guinea pig,guineapig,"['Pets', 'Rodents']",True,21
raccoon,65568,5198.0,01JRZVB1ZZWP72ABKRJBM128E4,01JRZTN1FX9S3C5Q3P4CQGBJ0K,22,animals,1.0,0,,racoon,raccoon,['NorthAmerican'],True,22
skunk,69090,3522.0,01JRZVB1ZZWP72ABKRJBM128E4,01JRZTN1FX9S3C5Q3P4CQGBJ0K,23,animals,0.0,0,,skunk,skunk,"['NorthAmerican', 'Weasels']",False,23
parrot,79590,10500.0,01JRZVB1ZZWP72ABKRJBM128E4,01JRZTN1FX9S3C5Q3P4CQGBJ0K,24,animals,1.0,0,,parrot,parrot,"['Bird', 'Pets']",True,24
hog,88923,9333.0,01JRZVB1ZZWP72ABKRJBM128E4,01JRZTN1FX9S3C5Q3P4CQGBJ0K,25,animals,1.0,0,,hog,hog,['Farm'],True,25
flying squirrel,97482,8559.0,01JRZVB1ZZWP72ABKRJBM128E4,01JRZTN1FX9S3C5Q3P4CQGBJ0K,26,animals,1.0,0,,flying squirrel,flyingsquirrel,['Rodents'],True,26
peacock,104768,7286.0,01JRZVB1ZZWP72ABKRJBM128E4,01JRZTN1FX9S3C5Q3P4CQGBJ0K,27,animals,1.0,0,,peacock,peacock,['Bird'],True,27
flamingo,109157,4389.0,01JRZVB1ZZWP72ABKRJBM128E4,01JRZTN1FX9S3C5Q3P4CQGBJ0K,28,animals,0.0,0,,flamingo,flamingo,['Bird'],False,28
tiger,110190,1033.0,01JRZVB1ZZWP72ABKRJBM128E4,01JRZTN1FX9S3C5Q3P4CQGBJ0K,29,animals,0.0,0,,tiger,tiger,"['African', 'Feline']",True,29
leopard,112130,1940.0,01JRZVB1ZZWP72ABKRJBM128E4,01JRZTN1FX9S3C5Q3P4CQGBJ0K,30,animals,0.0,0,,leopard,leopard,"['African', 'Feline']",False,30
hawk,130116,17986.0,01JRZVB1ZZWP72ABKRJBM128E4,01JRZTN1FX9S3C5Q3P4CQGBJ0K,31,animals,1.0,0,,hawk,hawk,['Bird'],True,31
bengal tiger,135127,5011.0,01JRZVB1ZZWP72ABKRJBM128E4,01JRZTN1FX9S3C5Q3P4CQGBJ0K,32,animals,1.0,0,,bengal tiger,bengaltiger,['Feline'],True,32
mongoose,141033,5906.0,01JRZVB1ZZWP72ABKRJBM128E4,01JRZTN1FX9S3C5Q3P4CQGBJ0K,33,animals,1.0,0,,mongoose,mongoose,"['African', 'Weasels']",True,33
porcupine,150970,9937.0,01JRZVB1ZZWP72ABKRJBM128E4,01JRZTN1FX9S3C5Q3P4CQGBJ0K,34,animals,1.0,0,,porcupine,porcupine,['Rodents'],True,34
hippopotamus,155478,4508.0,01JRZVB1ZZWP72ABKRJBM128E4,01JRZTN1FX9S3C5Q3P4CQGBJ0K,35,animals,1.0,0,,hippo,hippopotamus,['African'],True,35
rhino,157911,2433.0,01JRZVB1ZZWP72ABKRJBM128E4,01JRZTN1FX9S3C5Q3P4CQGBJ0K,36,animals,0.0,0,,rhino,rhino,['African'],False,36
emu,161208,3297.0,01JRZVB1ZZWP72ABKRJBM128E4,01JRZTN1FX9S3C5Q3P4CQGBJ0K,37,animals,0.0,0,,emu,emu,"['Australian', 'Bird']",True,37
ostrich,164490,3282.0,01JRZVB1ZZWP72ABKRJBM128E4,01JRZTN1FX9S3C5Q3P4CQGBJ0K,38,animals,0.0,0,,ostrich,ostrich,"['African', 'Bird']",False,38
falcon,177550,4443.0,01JRZVB1ZZWP72ABKRJBM128E4,01JRZTN1FX9S3C5Q3P4CQGBJ0K,40,animals,0.0,0,,falcon,falcon,['Bird'],False,39
shirt,3531,3531.0,01JRZVB1ZZWP72ABKRJBM128E4,01JRZTN1FX9S3C5Q3P4CQGBJ0K,0,clothes,1.0,0,,shirt,shirt,,True,0
skirt,5207,1676.0,01JRZVB1ZZWP72ABKRJBM128E4,01JRZTN1FX9S3C5Q3P4CQGBJ0K,1,clothes,1.0,0,,skirt,skirt,,True,1
tennis shoe,11483,6276.0,01JRZVB1ZZWP72ABKRJBM128E4,01JRZTN1FX9S3C5Q3P4CQGBJ0K,2,clothes,1.0,0,,tennis shoes,tennishoe,,True,2
flip flop,14162,2679.0,01JRZVB1ZZWP72ABKRJBM128E4,01JRZTN1FX9S3C5Q3P4CQGBJ0K,3,clothes,0.0,0,,flip flops,flipflop,,True,3
sandal,18432,4270.0,01JRZVB1ZZWP72ABKRJBM128E4,01JRZTN1FX9S3C5Q3P4CQGBJ0K,4,clothes,0.0,0,,sandals,sandal,,True,4
pant,22153,3721.0,01JRZVB1ZZWP72ABKRJBM128E4,01JRZTN1FX9S3C5Q3P4CQGBJ0K,5,clothes,1.0,0,,pants,pant,,True,5
trouser,25139,2986.0,01JRZVB1ZZWP72ABKRJBM128E4,01JRZTN1FX9S3C5Q3P4CQGBJ0K,6,clothes,0.0,0,,trousers,trouser,,True,6
short,27568,2429.0,01JRZVB1ZZWP72ABKRJBM128E4,01JRZTN1FX9S3C5Q3P4CQGBJ0K,7,clothes,0.0,0,,shorts,short,,True,7
sock,36938,9370.0,01JRZVB1ZZWP72ABKRJBM128E4,01JRZTN1FX9S3C5Q3P4CQGBJ0K,8,clothes,1.0,0,,socks,sock,,True,8
hat,42114,5176.0,01JRZVB1ZZWP72ABKRJBM128E4,01JRZTN1FX9S3C5Q3P4CQGBJ0K,9,clothes,1.0,0,,hat,hat,,True,9
fedora,43628,1514.0,01JRZVB1ZZWP72ABKRJBM128E4,01JRZTN1FX9S3C5Q3P4CQGBJ0K,10,clothes,0.0,0,,fedora,fedora,,True,10
bandana,50197,6569.0,01JRZVB1ZZWP72ABKRJBM128E4,01JRZTN1FX9S3C5Q3P4CQGBJ0K,11,clothes,0.0,0,,bandana,bandana,,True,11
headband,55316,5119.0,01JRZVB1ZZWP72ABKRJBM128E4,01JRZTN1FX9S3C5Q3P4CQGBJ0K,12,clothes,0.0,0,,headband,headband,,True,12
scarf,59311,3995.0,01JRZVB1ZZWP72ABKRJBM128E4,01JRZTN1FX9S3C5Q3P4CQGBJ0K,13,clothes,0.0,0,,scarf,scarf,,True,13
necklace,62590,3279.0,01JRZVB1ZZWP72ABKRJBM128E4,01JRZTN1FX9S3C5Q3P4CQGBJ0K,14,clothes,1.0,0,,necklace,necklace,,True,14
glove,66985,4395.0,01JRZVB1ZZWP72ABKRJBM128E4,01JRZTN1FX9S3C5Q3P4CQGBJ0K,15,clothes,1.0,0,,gloves,glove,,True,15
mitten,68290,1305.0,01JRZVB1ZZWP72ABKRJBM128E4,01JRZTN1FX9S3C5Q3P4CQGBJ0K,16,clothes,0.0,0,,mittens,mitten,,True,16
jean,77390,9100.0,01JRZVB1ZZWP72ABKRJBM128E4,01JRZTN1FX9S3C5Q3P4CQGBJ0K,17,clothes,1.0,0,,jeans,jean,,True,17
button-down,83481,6091.0,01JRZVB1ZZWP72ABKRJBM128E4,01JRZTN1FX9S3C5Q3P4CQGBJ0K,18,clothes,1.0,0,,button down,buttondown,,True,18
long sleeve shirt,88831,5350.0,01JRZVB1ZZWP72ABKRJBM128E4,01JRZTN1FX9S3C5Q3P4CQGBJ0K,19,clothes,0.0,0,,long sleeve shirt,longsleeveshirt,,True,19
dress,91257,2426.0,01JRZVB1ZZWP72ABKRJBM128E4,01JRZTN1FX9S3C5Q3P4CQGBJ0K,20,clothes,1.0,0,,dress,dres,,True,20
high heel,105412,14155.0,01JRZVB1ZZWP72ABKRJBM128E4,01JRZTN1FX9S3C5Q3P4CQGBJ0K,21,clothes,1.0,0,,high heels,highheel,,True,21
boot,106854,1442.0,01JRZVB1ZZWP72ABKRJBM128E4,01JRZTN1FX9S3C5Q3P4CQGBJ0K,22,clothes,0.0,0,,boots,boot,,True,22
girdle,117758,10904.0,01JRZVB1ZZWP72ABKRJBM128E4,01JRZTN1FX9S3C5Q3P4CQGBJ0K,23,clothes,0.0,0,,girdle,girdle,,True,23
suit,119534,1776.0,01JRZVB1ZZWP72ABKRJBM128E4,01JRZTN1FX9S3C5Q3P4CQGBJ0K,24,clothes,1.0,0,,suit,suit,,True,24
tie,120322,788.0,01JRZVB1ZZWP72ABKRJBM128E4,01JRZTN1FX9S3C5Q3P4CQGBJ0K,25,clothes,0.0,0,,tie,tie,,True,25
tuxedo,124147,3825.0,01JRZVB1ZZWP72ABKRJBM128E4,01JRZTN1FX9S3C5Q3P4CQGBJ0K,26,clothes,0.0,0,,tuxedo,tuxedo,,True,26
gown,125291,1144.0,01JRZVB1ZZWP72ABKRJBM128E4,01JRZTN1FX9S3C5Q3P4CQGBJ0K,27,clothes,0.0,0,,gown,gown,,True,27
cufflink,129031,3740.0,01JRZVB1ZZWP72ABKRJBM128E4,01JRZTN1FX9S3C5Q3P4CQGBJ0K,28,clothes,0.0,0,,cufflinks,cufflink,,True,28
vest,136193,7162.0,01JRZVB1ZZWP72ABKRJBM128E4,01JRZTN1FX9S3C5Q3P4CQGBJ0K,29,clothes,0.0,0,,vest,vest,,True,29
bowtie,139190,2997.0,01JRZVB1ZZWP72ABKRJBM128E4,01JRZTN1FX9S3C5Q3P4CQGBJ0K,30,clothes,0.0,0,,bowtie,bowtie,,True,30
tutu,149014,9824.0,01JRZVB1ZZWP72ABKRJBM128E4,01JRZTN1FX9S3C5Q3P4CQGBJ0K,31,clothes,1.0,0,,tutu,tutu,,True,31
skort,157833,8819.0,01JRZVB1ZZWP72ABKRJBM128E4,01JRZTN1FX9S3C5Q3P4CQGBJ0K,32,clothes,0.0,0,,skort,skort,,True,32
booty,170126,12293.0,01JRZVB1ZZWP72ABKRJBM128E4,01JRZTN1FX9S3C5Q3P4CQGBJ0K,33,clothes,0.0,0,,booties,booty,,True,33
cheddar cheese,7747,7747.0,01JRZVB1ZZWP72ABKRJBM128E4,01JRZTN1FX9S3C5Q3P4CQGBJ0K,0,supermarket,1.0,0,,cheddar cheese,cheddarcheese,,True,0
pepper jack cheese,12389,4642.0,01JRZVB1ZZWP72ABKRJBM128E4,01JRZTN1FX9S3C5Q3P4CQGBJ0K,1,supermarket,0.0,0,,pepper jack cheese,pepperjackcheese,,True,1
Swiss cheese,15859,3470.0,01JRZVB1ZZWP72ABKRJBM128E4,01JRZTN1FX9S3C5Q3P4CQGBJ0K,2,supermarket,0.0,0,,Swiss cheese,swischeese,,True,2
provolone,20157,4298.0,01JRZVB1ZZWP72ABKRJBM128E4,01JRZTN1FX9S3C5Q3P4CQGBJ0K,3,supermarket,0.0,0,,provolone,provolone,,True,3
ice cream,25635,5478.0,01JRZVB1ZZWP72ABKRJBM128E4,01JRZTN1FX9S3C5Q3P4CQGBJ0K,4,supermarket,1.0,0,,ice cream,icecream,,True,4
popsicle,31126,5491.0,01JRZVB1ZZWP72ABKRJBM128E4,01JRZTN1FX9S3C5Q3P4CQGBJ0K,5,supermarket,0.0,0,,popsicle,popsicle,,True,5
snickers ice cream bar,39369,8243.0,01JRZVB1ZZWP72ABKRJBM128E4,01JRZTN1FX9S3C5Q3P4CQGBJ0K,6,supermarket,0.0,0,,snickers ice cream bar,snickericecreambar,,True,6
milk,41798,2429.0,01JRZVB1ZZWP72ABKRJBM128E4,01JRZTN1FX9S3C5Q3P4CQGBJ0K,7,supermarket,1.0,0,,milk,milk,,True,7
egg,42738,940.0,01JRZVB1ZZWP72ABKRJBM128E4,01JRZTN1FX9S3C5Q3P4CQGBJ0K,8,supermarket,0.0,0,,eggs,egg,,True,8
yogurt,44991,2253.0,01JRZVB1ZZWP72ABKRJBM128E4,01JRZTN1FX9S3C5Q3P4CQGBJ0K,9,supermarket,0.0,0,,yogurt,yogurt,,True,9
butter,52670,7679.0,01JRZVB1ZZWP72ABKRJBM128E4,01JRZTN1FX9S3C5Q3P4CQGBJ0K,10,supermarket,0.0,0,,butter,butter,,True,10
flour,55291,2621.0,01JRZVB1ZZWP72ABKRJBM128E4,01JRZTN1FX9S3C5Q3P4CQGBJ0K,11,supermarket,1.0,0,,flour,flour,,True,11
sugar,58432,3141.0,01JRZVB1ZZWP72ABKRJBM128E4,01JRZTN1FX9S3C5Q3P4CQGBJ0K,12,supermarket,0.0,0,,sugar,sugar,,True,12
salt,63293,4861.0,01JRZVB1ZZWP72ABKRJBM128E4,01JRZTN1FX9S3C5Q3P4CQGBJ0K,13,supermarket,0.0,0,,salt,salt,,True,13
pepper,64753,1460.0,01JRZVB1ZZWP72ABKRJBM128E4,01JRZTN1FX9S3C5Q3P4CQGBJ0K,14,supermarket,0.0,0,,pepper,pepper,,True,14
vinegar,66321,1568.0,01JRZVB1ZZWP72ABKRJBM128E4,01JRZTN1FX9S3C5Q3P4CQGBJ0K,15,supermarket,0.0,0,,vinegar,vinegar,,True,15
oil,67322,1001.0,01JRZVB1ZZWP72ABKRJBM128E4,01JRZTN1FX9S3C5Q3P4CQGBJ0K,16,supermarket,0.0,0,,oil,oil,,True,16
olive oil,70054,2732.0,01JRZVB1ZZWP72ABKRJBM128E4,01JRZTN1FX9S3C5Q3P4CQGBJ0K,17,supermarket,0.0,0,,olive oil,oliveoil,,True,17
basil,74879,4825.0,01JRZVB1ZZWP72ABKRJBM128E4,01JRZTN1FX9S3C5Q3P4CQGBJ0K,18,supermarket,0.0,0,,basil,basil,,True,18
rosemary,79290,4411.0,01JRZVB1ZZWP72ABKRJBM128E4,01JRZTN1FX9S3C5Q3P4CQGBJ0K,19,supermarket,0.0,0,,rosemary,rosemary,,True,19
turmeric,80827,1537.0,01JRZVB1ZZWP72ABKRJBM128E4,01JRZTN1FX9S3C5Q3P4CQGBJ0K,20,supermarket,0.0,0,,tumeric,turmeric,,True,20
red pepper flake,87735,6908.0,01JRZVB1ZZWP72ABKRJBM128E4,01JRZTN1FX9S3C5Q3P4CQGBJ0K,21,supermarket,0.0,0,,red pepper flakes,redpepperflake,,True,21
green pepper,91150,3415.0,01JRZVB1ZZWP72ABKRJBM128E4,01JRZTN1FX9S3C5Q3P4CQGBJ0K,22,supermarket,1.0,0,,green pepper,greenpepper,,True,22
red pepper,93514,2364.0,01JRZVB1ZZWP72ABKRJBM128E4,01JRZTN1FX9S3C5Q3P4CQGBJ0K,23,supermarket,0.0,0,,red pepper,redpepper,,True,23
yellow pepper,99207,5693.0,01JRZVB1ZZWP72ABKRJBM128E4,01JRZTN1FX9S3C5Q3P4CQGBJ0K,24,supermarket,0.0,0,,yellow pepper,yellowpepper,,True,24
dill,103909,4702.0,01JRZVB1ZZWP72ABKRJBM128E4,01JRZTN1FX9S3C5Q3P4CQGBJ0K,25,supermarket,1.0,0,,dill,dill,,True,25
caesar salad,111232,7323.0,01JRZVB1ZZWP72ABKRJBM128E4,01JRZTN1FX9S3C5Q3P4CQGBJ0K,26,supermarket,1.0,0,,caesar salad,caesarsalad,,True,26
mixed green,114990,3758.0,01JRZVB1ZZWP72ABKRJBM128E4,01JRZTN1FX9S3C5Q3P4CQGBJ0K,27,supermarket,0.0,0,,mixed greens,mixedgreen,,True,27
ranch,116190,1200.0,01JRZVB1ZZWP72ABKRJBM128E4,01JRZTN1FX9S3C5Q3P4CQGBJ0K,28,supermarket,0.0,0,,ranch,ranch,,True,28
blue cheese,118231,2041.0,01JRZVB1ZZWP72ABKRJBM128E4,01JRZTN1FX9S3C5Q3P4CQGBJ0K,29,supermarket,0.0,0,,blue cheese,bluecheese,,True,29
French dressing,122618,4387.0,01JRZVB1ZZWP72ABKRJBM128E4,01JRZTN1FX9S3C5Q3P4CQGBJ0K,30,supermarket,0.0,0,,French dressing,frenchdressing,,True,30
caesar dressing,125829,3211.0,01JRZVB1ZZWP72ABKRJBM128E4,01JRZTN1FX9S3C5Q3P4CQGBJ0K,31,supermarket,0.0,0,,caesar dressing,caesardressing,,True,31
Frank's hot sauce,128508,2679.0,01JRZVB1ZZWP72ABKRJBM128E4,01JRZTN1FX9S3C5Q3P4CQGBJ0K,32,supermarket,1.0,0,,franks hot sauce,frankhotsauce,,True,32
coke,129728,1220.0,01JRZVB1ZZWP72ABKRJBM128E4,01JRZTN1FX9S3C5Q3P4CQGBJ0K,33,supermarket,1.0,0,,coke,coke,,True,33
pepsi,131746,2018.0,01JRZVB1ZZWP72ABKRJBM128E4,01JRZTN1FX9S3C5Q3P4CQGBJ0K,34,supermarket,0.0,0,,pepsi,pepsi,,True,34
mountain dew,134071,2325.0,01JRZVB1ZZWP72ABKRJBM128E4,01JRZTN1FX9S3C5Q3P4CQGBJ0K,35,supermarket,0.0,0,,mountain dew,mountaindew,,True,35
Dr Pepper,136282,2211.0,01JRZVB1ZZWP72ABKRJBM128E4,01JRZTN1FX9S3C5Q3P4CQGBJ0K,36,supermarket,0.0,0,,dr pepper,drpepper,,True,36
sprite,140206,3924.0,01JRZVB1ZZWP72ABKRJBM128E4,01JRZTN1FX9S3C5Q3P4CQGBJ0K,37,supermarket,0.0,0,,sprite,sprite,,True,37
7up,142682,2476.0,01JRZVB1ZZWP72ABKRJBM128E4,01JRZTN1FX9S3C5Q3P4CQGBJ0K,38,supermarket,0.0,0,,7up,7up,,True,38
Cherry Coke,146859,4177.0,01JRZVB1ZZWP72ABKRJBM128E4,01JRZTN1FX9S3C5Q3P4CQGBJ0K,39,supermarket,0.0,0,,cherry coke,cherrycoke,,True,39
cherry pepsi,151108,4249.0,01JRZVB1ZZWP72ABKRJBM128E4,01JRZTN1FX9S3C5Q3P4CQGBJ0K,40,supermarket,0.0,0,,cherry pepsi,cherrypepsi,,True,40
Diet Coke,155743,4635.0,01JRZVB1ZZWP72ABKRJBM128E4,01JRZTN1FX9S3C5Q3P4CQGBJ0K,41,supermarket,0.0,0,,diet coke,dietcoke,,True,41
diet pepsi,159077,3334.0,01JRZVB1ZZWP72ABKRJBM128E4,01JRZTN1FX9S3C5Q3P4CQGBJ0K,42,supermarket,0.0,0,,diet pepsi,dietpepsi,,True,42
ginger ale,161980,2903.0,01JRZVB1ZZWP72ABKRJBM128E4,01JRZTN1FX9S3C5Q3P4CQGBJ0K,43,supermarket,0.0,0,,ginger ale,gingerale,,True,43
A&W root beer,171895,9915.0,01JRZVB1ZZWP72ABKRJBM128E4,01JRZTN1FX9S3C5Q3P4CQGBJ0K,44,supermarket,0.0,0,,a&w root beer,awrootbeer,,True,44
Barq's root beer,178029,6134.0,01JRZVB1ZZWP72ABKRJBM128E4,01JRZTN1FX9S3C5Q3P4CQGBJ0K,45,supermarket,0.0,0,,Barqs root beer,barqrootbeer,,True,45
dog,4385,4385.0,01JRZVQDBYC12WH6QK6KG8CQD1,01JRZTN1GFVZ4258QHKVQD7M7H,0,animals,1.0,0,,dog,dog,"['Canine', 'Pets']",True,0
cat,7533,3148.0,01JRZVQDBYC12WH6QK6KG8CQD1,01JRZTN1GFVZ4258QHKVQD7M7H,1,animals,1.0,0,,cat,cat,"['Pets', 'Feline']",False,1
hyena,10326,2793.0,01JRZVQDBYC12WH6QK6KG8CQD1,01JRZTN1GFVZ4258QHKVQD7M7H,2,animals,0.0,0,,hyena,hyena,"['African', 'Canine']",True,2
giraffe,14188,3862.0,01JRZVQDBYC12WH6QK6KG8CQD1,01JRZTN1GFVZ4258QHKVQD7M7H,3,animals,0.0,0,,giraffe,giraffe,['African'],False,3
elephant,18227,4039.0,01JRZVQDBYC12WH6QK6KG8CQD1,01JRZTN1GFVZ4258QHKVQD7M7H,4,animals,0.0,0,,elephant,elephant,['African'],False,4
mouse,21474,3247.0,01JRZVQDBYC12WH6QK6KG8CQD1,01JRZTN1GFVZ4258QHKVQD7M7H,5,animals,1.0,0,,mouse,mouse,"['Bird', 'Rodents']",True,5
lion,24227,2753.0,01JRZVQDBYC12WH6QK6KG8CQD1,01JRZTN1GFVZ4258QHKVQD7M7H,6,animals,1.0,0,,lion,lion,"['African', 'Feline']",True,6
cheetah,30198,5971.0,01JRZVQDBYC12WH6QK6KG8CQD1,01JRZTN1GFVZ4258QHKVQD7M7H,7,animals,1.0,0,,cheetah,cheetah,"['African', 'Feline']",False,7
porcupine,35991,5793.0,01JRZVQDBYC12WH6QK6KG8CQD1,01JRZTN1GFVZ4258QHKVQD7M7H,8,animals,0.0,0,,porcupine,porcupine,['Rodents'],True,8
rat,41517,5526.0,01JRZVQDBYC12WH6QK6KG8CQD1,01JRZTN1GFVZ4258QHKVQD7M7H,9,animals,1.0,0,,rat,rat,['Rodents'],False,9
fox,45874,4357.0,01JRZVQDBYC12WH6QK6KG8CQD1,01JRZTN1GFVZ4258QHKVQD7M7H,10,animals,0.0,0,,fox,fox,"['Canine', 'NorthAmerican', 'UsedForFur']",True,10
ferret,53743,7869.0,01JRZVQDBYC12WH6QK6KG8CQD1,01JRZTN1GFVZ4258QHKVQD7M7H,11,animals,0.0,0,,ferret,ferret,"['Farm', 'Weasels']",True,11
fish,61425,7682.0,01JRZVQDBYC12WH6QK6KG8CQD1,01JRZTN1GFVZ4258QHKVQD7M7H,12,animals,1.0,0,,fish,fish,"['Fish', 'Water']",True,12
shark,63961,2536.0,01JRZVQDBYC12WH6QK6KG8CQD1,01JRZTN1GFVZ4258QHKVQD7M7H,13,animals,1.0,0,,shark,shark,"['Fish', 'Water']",False,13
orca,66649,2688.0,01JRZVQDBYC12WH6QK6KG8CQD1,01JRZTN1GFVZ4258QHKVQD7M7H,14,animals,1.0,0,,orca,orca,['Water'],False,14
dolphin,70797,4148.0,01JRZVQDBYC12WH6QK6KG8CQD1,01JRZTN1GFVZ4258QHKVQD7M7H,15,animals,1.0,0,,dolphin,dolphin,"['Insects', 'Water']",False,15
bird,78550,7753.0,01JRZVQDBYC12WH6QK6KG8CQD1,01JRZTN1GFVZ4258QHKVQD7M7H,16,animals,1.0,0,,bird,bird,['Bird'],True,16
vulture,84667,6117.0,01JRZVQDBYC12WH6QK6KG8CQD1,01JRZTN1GFVZ4258QHKVQD7M7H,17,animals,1.0,0,,vulture,vulture,['Bird'],False,17
jaguar,96089,11422.0,01JRZVQDBYC12WH6QK6KG8CQD1,01JRZTN1GFVZ4258QHKVQD7M7H,18,animals,1.0,0,,jaguar,jaguar,['Feline'],True,18
anteater,102128,6039.0,01JRZVQDBYC12WH6QK6KG8CQD1,01JRZTN1GFVZ4258QHKVQD7M7H,19,animals,0.0,0,,anteater,anteater,['Insectivores'],True,19
armadillo,110751,8623.0,01JRZVQDBYC12WH6QK6KG8CQD1,01JRZTN1GFVZ4258QHKVQD7M7H,20,animals,0.0,0,,armadillo,armadillo,['Insectivores'],False,20
frog,118233,7482.0,01JRZVQDBYC12WH6QK6KG8CQD1,01JRZTN1GFVZ4258QHKVQD7M7H,21,animals,0.0,0,,frog,frog,"['ReptileAmphibian', 'Water']",True,21
alligator,127182,8949.0,01JRZVQDBYC12WH6QK6KG8CQD1,01JRZTN1GFVZ4258QHKVQD7M7H,22,animals,1.0,0,,alligator,alligator,"['ReptileAmphibian', 'Water']",False,22
crocodile,132379,5197.0,01JRZVQDBYC12WH6QK6KG8CQD1,01JRZTN1GFVZ4258QHKVQD7M7H,23,animals,1.0,0,,crocodile,crocodile,['ReptileAmphibian'],False,23
swan,137897,5518.0,01JRZVQDBYC12WH6QK6KG8CQD1,01JRZTN1GFVZ4258QHKVQD7M7H,24,animals,1.0,0,,swan,swan,['Bird'],True,24
duck,141263,3366.0,01JRZVQDBYC12WH6QK6KG8CQD1,01JRZTN1GFVZ4258QHKVQD7M7H,25,animals,1.0,0,,duck,duck,['Bird'],False,25
weasel,157383,16120.0,01JRZVQDBYC12WH6QK6KG8CQD1,01JRZTN1GFVZ4258QHKVQD7M7H,26,animals,0.0,0,,weasle,weasel,['Weasels'],True,26
minx,164268,6885.0,01JRZVQDBYC12WH6QK6KG8CQD1,01JRZTN1GFVZ4258QHKVQD7M7H,27,animals,0.0,0,,minx,mink,"['UsedForFur', 'Weasels']",False,27
bobcat,170839,6571.0,01JRZVQDBYC12WH6QK6KG8CQD1,01JRZTN1GFVZ4258QHKVQD7M7H,28,animals,1.0,0,,bobcat,bobcat,"['Feline', 'NorthAmerican']",True,28
rhino,177890,7051.0,01JRZVQDBYC12WH6QK6KG8CQD1,01JRZTN1GFVZ4258QHKVQD7M7H,29,animals,0.0,0,,rhino,rhino,['African'],True,29
shirt,5584,5584.0,01JRZVQDBYC12WH6QK6KG8CQD1,01JRZTN1GFVZ4258QHKVQD7M7H,0,clothes,1.0,0,,shirt,shirt,,True,0
tie,8172,2588.0,01JRZVQDBYC12WH6QK6KG8CQD1,01JRZTN1GFVZ4258QHKVQD7M7H,1,clothes,0.0,0,,tie,tie,,True,1
pant,11835,3663.0,01JRZVQDBYC12WH6QK6KG8CQD1,01JRZTN1GFVZ4258QHKVQD7M7H,2,clothes,1.0,0,,pants,pant,,True,2
short,16576,4741.0,01JRZVQDBYC12WH6QK6KG8CQD1,01JRZTN1GFVZ4258QHKVQD7M7H,3,clothes,1.0,0,,shorts,short,,True,3
jacket,20363,3787.0,01JRZVQDBYC12WH6QK6KG8CQD1,01JRZTN1GFVZ4258QHKVQD7M7H,4,clothes,0.0,0,,jacket,jacket,,True,4
vest,23761,3398.0,01JRZVQDBYC12WH6QK6KG8CQD1,01JRZTN1GFVZ4258QHKVQD7M7H,5,clothes,0.0,0,,vest,vest,,True,5
sock,31456,7695.0,01JRZVQDBYC12WH6QK6KG8CQD1,01JRZTN1GFVZ4258QHKVQD7M7H,6,clothes,1.0,0,,socks,sock,,True,6
shoe,36052,4596.0,01JRZVQDBYC12WH6QK6KG8CQD1,01JRZTN1GFVZ4258QHKVQD7M7H,7,clothes,1.0,0,,shoes,shoe,,True,7
boot,40903,4851.0,01JRZVQDBYC12WH6QK6KG8CQD1,01JRZTN1GFVZ4258QHKVQD7M7H,8,clothes,1.0,0,,boots,boot,,True,8
underwear,48372,7469.0,01JRZVQDBYC12WH6QK6KG8CQD1,01JRZTN1GFVZ4258QHKVQD7M7H,9,clothes,1.0,0,,underwear,underwear,,True,9
belt,56310,7938.0,01JRZVQDBYC12WH6QK6KG8CQD1,01JRZTN1GFVZ4258QHKVQD7M7H,10,clothes,0.0,0,,belt,belt,,True,10
glove,61213,4903.0,01JRZVQDBYC12WH6QK6KG8CQD1,01JRZTN1GFVZ4258QHKVQD7M7H,11,clothes,0.0,0,,gloves,glove,,True,11
hat,71160,9947.0,01JRZVQDBYC12WH6QK6KG8CQD1,01JRZTN1GFVZ4258QHKVQD7M7H,12,clothes,0.0,0,,hat,hat,,True,12
lingerie,78567,7407.0,01JRZVQDBYC12WH6QK6KG8CQD1,01JRZTN1GFVZ4258QHKVQD7M7H,13,clothes,0.0,0,,lingerie,lingerie,,True,13
bra,85639,7072.0,01JRZVQDBYC12WH6QK6KG8CQD1,01JRZTN1GFVZ4258QHKVQD7M7H,14,clothes,1.0,0,,bra,bra,,True,14
flannel,133828,48189.0,01JRZVQDBYC12WH6QK6KG8CQD1,01JRZTN1GFVZ4258QHKVQD7M7H,15,clothes,0.0,0,,flannel,flannel,,True,15
undershirt,139572,5744.0,01JRZVQDBYC12WH6QK6KG8CQD1,01JRZTN1GFVZ4258QHKVQD7M7H,16,clothes,0.0,0,,undershirt,undershirt,,True,16
boxer,147239,7667.0,01JRZVQDBYC12WH6QK6KG8CQD1,01JRZTN1GFVZ4258QHKVQD7M7H,17,clothes,1.0,0,,boxers,boxer,,True,17
panty,160605,13366.0,01JRZVQDBYC12WH6QK6KG8CQD1,01JRZTN1GFVZ4258QHKVQD7M7H,18,clothes,1.0,0,,panties,panty,,True,18
handkerchief,172593,11988.0,01JRZVQDBYC12WH6QK6KG8CQD1,01JRZTN1GFVZ4258QHKVQD7M7H,19,clothes,0.0,0,,hankerchief,handkerchief,,True,19
chip,6905,6905.0,01JRZVQDBYC12WH6QK6KG8CQD1,01JRZTN1GFVZ4258QHKVQD7M7H,0,supermarket,1.0,0,,chips,chip,,True,0
milk,12224,5319.0,01JRZVQDBYC12WH6QK6KG8CQD1,01JRZTN1GFVZ4258QHKVQD7M7H,1,supermarket,0.0,0,,milk,milk,,True,1
cookie,15618,3394.0,01JRZVQDBYC12WH6QK6KG8CQD1,01JRZTN1GFVZ4258QHKVQD7M7H,2,supermarket,0.0,0,,cookies,cookie,,True,2
cheese,19563,3945.0,01JRZVQDBYC12WH6QK6KG8CQD1,01JRZTN1GFVZ4258QHKVQD7M7H,3,supermarket,0.0,0,,cheese,cheese,,True,3
bread,21727,2164.0,01JRZVQDBYC12WH6QK6KG8CQD1,01JRZTN1GFVZ4258QHKVQD7M7H,4,supermarket,0.0,0,,bread,bread,,True,4
beef,24813,3086.0,01JRZVQDBYC12WH6QK6KG8CQD1,01JRZTN1GFVZ4258QHKVQD7M7H,5,supermarket,1.0,0,,beef,beef,,True,5
chicken,28231,3418.0,01JRZVQDBYC12WH6QK6KG8CQD1,01JRZTN1GFVZ4258QHKVQD7M7H,6,supermarket,1.0,0,,chicken,chicken,,True,6
shampoo,34352,6121.0,01JRZVQDBYC12WH6QK6KG8CQD1,01JRZTN1GFVZ4258QHKVQD7M7H,7,supermarket,0.0,0,,shampoo,shampoo,,True,7
pork,42216,7864.0,01JRZVQDBYC12WH6QK6KG8CQD1,01JRZTN1GFVZ4258QHKVQD7M7H,8,supermarket,1.0,0,,pork,pork,,True,8
butter,45133,2917.0,01JRZVQDBYC12WH6QK6KG8CQD1,01JRZTN1GFVZ4258QHKVQD7M7H,9,supermarket,0.0,0,,butter,butter,,True,9
oil,47548,2415.0,01JRZVQDBYC12WH6QK6KG8CQD1,01JRZTN1GFVZ4258QHKVQD7M7H,10,supermarket,0.0,0,,oil,oil,,True,10
cereal,50703,3155.0,01JRZVQDBYC12WH6QK6KG8CQD1,01JRZTN1GFVZ4258QHKVQD7M7H,11,supermarket,0.0,0,,cereal,cereal,,True,11
nut,53490,2787.0,01JRZVQDBYC12WH6QK6KG8CQD1,01JRZTN1GFVZ4258QHKVQD7M7H,12,supermarket,0.0,0,,nuts,nut,,True,12
gum,59105,5615.0,01JRZVQDBYC12WH6QK6KG8CQD1,01JRZTN1GFVZ4258QHKVQD7M7H,13,supermarket,0.0,0,,gum,gum,,True,13
frozen meal,66341,7236.0,01JRZVQDBYC12WH6QK6KG8CQD1,01JRZTN1GFVZ4258QHKVQD7M7H,14,supermarket,0.0,0,,frozen meals,frozenmeal,,True,14
potato,72009,5668.0,01JRZVQDBYC12WH6QK6KG8CQD1,01JRZTN1GFVZ4258QHKVQD7M7H,15,supermarket,0.0,0,,potatoes,potato,,True,15
ice,75915,3906.0,01JRZVQDBYC12WH6QK6KG8CQD1,01JRZTN1GFVZ4258QHKVQD7M7H,16,supermarket,0.0,0,,ice,ice,,True,16
punch,81910,5995.0,01JRZVQDBYC12WH6QK6KG8CQD1,01JRZTN1GFVZ4258QHKVQD7M7H,17,supermarket,0.0,0,,punch,punch,,True,17
soda,84149,2239.0,01JRZVQDBYC12WH6QK6KG8CQD1,01JRZTN1GFVZ4258QHKVQD7M7H,18,supermarket,0.0,0,,soda,soda,,True,18
water,87071,2922.0,01JRZVQDBYC12WH6QK6KG8CQD1,01JRZTN1GFVZ4258QHKVQD7M7H,19,supermarket,0.0,0,,water,water,,True,19
creamer,90580,3509.0,01JRZVQDBYC12WH6QK6KG8CQD1,01JRZTN1GFVZ4258QHKVQD7M7H,20,supermarket,0.0,0,,creamer,creamer,,True,20
coffee,93322,2742.0,01JRZVQDBYC12WH6QK6KG8CQD1,01JRZTN1GFVZ4258QHKVQD7M7H,21,supermarket,0.0,0,,coffee,coffee,,True,21
bun,100620,7298.0,01JRZVQDBYC12WH6QK6KG8CQD1,01JRZTN1GFVZ4258QHKVQD7M7H,22,supermarket,0.0,0,,buns,bun,,True,22
hot dog,106047,5427.0,01JRZVQDBYC12WH6QK6KG8CQD1,01JRZTN1GFVZ4258QHKVQD7M7H,23,supermarket,0.0,0,,hot dogs,hotdog,,True,23
fruit,110683,4636.0,01JRZVQDBYC12WH6QK6KG8CQD1,01JRZTN1GFVZ4258QHKVQD7M7H,24,supermarket,0.0,0,,fruit,fruit,,True,24
bean,115080,4397.0,01JRZVQDBYC12WH6QK6KG8CQD1,01JRZTN1GFVZ4258QHKVQD7M7H,25,supermarket,0.0,0,,beans,bean,,True,25
vegetable,119406,4326.0,01JRZVQDBYC12WH6QK6KG8CQD1,01JRZTN1GFVZ4258QHKVQD7M7H,26,supermarket,1.0,0,,vegetables,vegetable,,True,26
granola,126051,6645.0,01JRZVQDBYC12WH6QK6KG8CQD1,01JRZTN1GFVZ4258QHKVQD7M7H,27,supermarket,0.0,0,,granola,granola,,True,27
kale,141651,15600.0,01JRZVQDBYC12WH6QK6KG8CQD1,01JRZTN1GFVZ4258QHKVQD7M7H,28,supermarket,1.0,0,,kale,kale,,True,28
spinach,146185,4534.0,01JRZVQDBYC12WH6QK6KG8CQD1,01JRZTN1GFVZ4258QHKVQD7M7H,29,supermarket,1.0,0,,spinach,spinach,,True,29
doughnut,154896,8711.0,01JRZVQDBYC12WH6QK6KG8CQD1,01JRZTN1GFVZ4258QHKVQD7M7H,30,supermarket,0.0,0,,donuts,doughnut,,True,30
beer,159475,4579.0,01JRZVQDBYC12WH6QK6KG8CQD1,01JRZTN1GFVZ4258QHKVQD7M7H,31,supermarket,1.0,0,,beer,beer,,True,31
liquor,163767,4292.0,01JRZVQDBYC12WH6QK6KG8CQD1,01JRZTN1GFVZ4258QHKVQD7M7H,32,supermarket,1.0,0,,liquor,liquor,,True,32
foil,172072,8305.0,01JRZVQDBYC12WH6QK6KG8CQD1,01JRZTN1GFVZ4258QHKVQD7M7H,33,supermarket,0.0,0,,foil,foil,,True,33
dog,10869,10869.0,01JRZVQH4TCPW9YYQ8XC990GTH,01JRZTN1GPSHSKGXNMVKACYWYG,0,animals,1.0,0,,dog,dog,"['Canine', 'Pets']",True,0
cat,12585,1716.0,01JRZVQH4TCPW9YYQ8XC990GTH,01JRZTN1GPSHSKGXNMVKACYWYG,1,animals,0.0,0,,cat,cat,"['Pets', 'Feline']",False,1
fish,16331,3746.0,01JRZVQH4TCPW9YYQ8XC990GTH,01JRZTN1GPSHSKGXNMVKACYWYG,2,animals,0.0,0,,fish,fish,"['Fish', 'Water']",True,2
bird,19856,3525.0,01JRZVQH4TCPW9YYQ8XC990GTH,01JRZTN1GPSHSKGXNMVKACYWYG,3,animals,0.0,0,,bird,bird,['Bird'],True,3
lion,22019,2163.0,01JRZVQH4TCPW9YYQ8XC990GTH,01JRZTN1GPSHSKGXNMVKACYWYG,4,animals,1.0,0,,lion,lion,"['African', 'Feline']",True,4
tiger,25085,3066.0,01JRZVQH4TCPW9YYQ8XC990GTH,01JRZTN1GPSHSKGXNMVKACYWYG,5,animals,0.0,0,,tiger,tiger,"['African', 'Feline']",False,5
elephant,29478,4393.0,01JRZVQH4TCPW9YYQ8XC990GTH,01JRZTN1GPSHSKGXNMVKACYWYG,6,animals,0.0,0,,elephant,elephant,['African'],False,6
zebra,32824,3346.0,01JRZVQH4TCPW9YYQ8XC990GTH,01JRZTN1GPSHSKGXNMVKACYWYG,7,animals,0.0,0,,zebra,zebra,['African'],False,7
deer,37000,4176.0,01JRZVQH4TCPW9YYQ8XC990GTH,01JRZTN1GPSHSKGXNMVKACYWYG,8,animals,1.0,0,,deer,deer,"['Deers', 'NorthAmerican']",True,8
monkey,40003,3003.0,01JRZVQH4TCPW9YYQ8XC990GTH,01JRZTN1GPSHSKGXNMVKACYWYG,9,animals,1.0,0,,monkey,monkey,"['African', 'Primates']",True,9
giraffe,44396,4393.0,01JRZVQH4TCPW9YYQ8XC990GTH,01JRZTN1GPSHSKGXNMVKACYWYG,10,animals,1.0,0,,giraffe,giraffe,['African'],False,10
panda,46794,2398.0,01JRZVQH4TCPW9YYQ8XC990GTH,01JRZTN1GPSHSKGXNMVKACYWYG,11,animals,1.0,0,,panda,panda,['Asian'],True,11
gorilla,49257,2463.0,01JRZVQH4TCPW9YYQ8XC990GTH,01JRZTN1GPSHSKGXNMVKACYWYG,12,animals,1.0,0,,gorilla,gorilla,"['African', 'Primates']",True,12
dolphin,56708,7451.0,01JRZVQH4TCPW9YYQ8XC990GTH,01JRZTN1GPSHSKGXNMVKACYWYG,13,animals,1.0,0,,dolphin,dolphin,"['Insects', 'Water']",True,13
shark,58923,2215.0,01JRZVQH4TCPW9YYQ8XC990GTH,01JRZTN1GPSHSKGXNMVKACYWYG,14,animals,0.0,0,,shark,shark,"['Fish', 'Water']",False,14
whale,60338,1415.0,01JRZVQH4TCPW9YYQ8XC990GTH,01JRZTN1GPSHSKGXNMVKACYWYG,15,animals,0.0,0,,whale,whale,"['Fish', 'Water']",False,15
penguin,66446,6108.0,01JRZVQH4TCPW9YYQ8XC990GTH,01JRZTN1GPSHSKGXNMVKACYWYG,16,animals,0.0,0,,penguin,penguin,"['Arctic', 'Bird', 'Water']",False,16
octopus,68973,2527.0,01JRZVQH4TCPW9YYQ8XC990GTH,01JRZTN1GPSHSKGXNMVKACYWYG,17,animals,0.0,0,,octopus,octopus,['Water'],False,17
snake,73689,4716.0,01JRZVQH4TCPW9YYQ8XC990GTH,01JRZTN1GPSHSKGXNMVKACYWYG,18,animals,1.0,0,,snake,snake,"['Farm', 'ReptileAmphibian']",True,18
lizard,76121,2432.0,01JRZVQH4TCPW9YYQ8XC990GTH,01JRZTN1GPSHSKGXNMVKACYWYG,19,animals,0.0,0,,lizard,lizard,['ReptileAmphibian'],False,19
crocodile,80772,4651.0,01JRZVQH4TCPW9YYQ8XC990GTH,01JRZTN1GPSHSKGXNMVKACYWYG,20,animals,0.0,0,,crocodile,crocodile,['ReptileAmphibian'],False,20
alligator,84441,3669.0,01JRZVQH4TCPW9YYQ8XC990GTH,01JRZTN1GPSHSKGXNMVKACYWYG,21,animals,0.0,0,,alligator,alligator,"['ReptileAmphibian', 'Water']",False,21
frog,86683,2242.0,01JRZVQH4TCPW9YYQ8XC990GTH,01JRZTN1GPSHSKGXNMVKACYWYG,22,animals,0.0,0,,frog,frog,"['ReptileAmphibian', 'Water']",False,22
turtle,90434,3751.0,01JRZVQH4TCPW9YYQ8XC990GTH,01JRZTN1GPSHSKGXNMVKACYWYG,23,animals,0.0,0,,turtle,turtle,"['ReptileAmphibian', 'Water']",False,23
tortoise,93194,2760.0,01JRZVQH4TCPW9YYQ8XC990GTH,01JRZTN1GPSHSKGXNMVKACYWYG,24,animals,0.0,0,,tortoise,tortoise,['ReptileAmphibian'],False,24
wolf,97888,4694.0,01JRZVQH4TCPW9YYQ8XC990GTH,01JRZTN1GPSHSKGXNMVKACYWYG,25,animals,1.0,0,,wolf,wolf,"['Canine', 'NorthAmerican']",True,25
horse,99728,1840.0,01JRZVQH4TCPW9YYQ8XC990GTH,01JRZTN1GPSHSKGXNMVKACYWYG,26,animals,1.0,0,,horse,horse,"['BeastsOfBurden', 'Farm']",True,26
bear,102378,2650.0,01JRZVQH4TCPW9YYQ8XC990GTH,01JRZTN1GPSHSKGXNMVKACYWYG,27,animals,1.0,0,,bear,bear,['NorthAmerican'],True,27
fox,104561,2183.0,01JRZVQH4TCPW9YYQ8XC990GTH,01JRZTN1GPSHSKGXNMVKACYWYG,28,animals,1.0,0,,fox,fox,"['Canine', 'NorthAmerican', 'UsedForFur']",False,28
rabbit,106501,1940.0,01JRZVQH4TCPW9YYQ8XC990GTH,01JRZTN1GPSHSKGXNMVKACYWYG,29,animals,0.0,0,,rabbit,rabbit,"['NorthAmerican', 'Pets', 'Rabbit', 'UsedForFur']",False,29
pig,109093,2592.0,01JRZVQH4TCPW9YYQ8XC990GTH,01JRZTN1GPSHSKGXNMVKACYWYG,30,animals,1.0,0,,pig,pig,['Farm'],True,30
sheep,111133,2040.0,01JRZVQH4TCPW9YYQ8XC990GTH,01JRZTN1GPSHSKGXNMVKACYWYG,31,animals,0.0,0,,sheep,sheep,['Farm'],False,31
cow,112789,1656.0,01JRZVQH4TCPW9YYQ8XC990GTH,01JRZTN1GPSHSKGXNMVKACYWYG,32,animals,0.0,0,,cow,cow,"['Bovine', 'Farm']",False,32
chicken,115255,2466.0,01JRZVQH4TCPW9YYQ8XC990GTH,01JRZTN1GPSHSKGXNMVKACYWYG,33,animals,0.0,0,,chicken,chicken,"['Bird', 'Farm']",False,33
ape,123591,8336.0,01JRZVQH4TCPW9YYQ8XC990GTH,01JRZTN1GPSHSKGXNMVKACYWYG,34,animals,1.0,0,,ape,ape,['Primates'],True,34
kangaroo,134517,10926.0,01JRZVQH4TCPW9YYQ8XC990GTH,01JRZTN1GPSHSKGXNMVKACYWYG,35,animals,1.0,0,,kangaroo,kangaroo,['Australian'],True,35
koala,139007,4490.0,01JRZVQH4TCPW9YYQ8XC990GTH,01JRZTN1GPSHSKGXNMVKACYWYG,36,animals,0.0,0,,koala,koala,['Australian'],False,36
spider,141823,2816.0,01JRZVQH4TCPW9YYQ8XC990GTH,01JRZTN1GPSHSKGXNMVKACYWYG,37,animals,0.0,0,,spider,spider,"['Arachnid', 'Farm']",True,37
moose,150508,8685.0,01JRZVQH4TCPW9YYQ8XC990GTH,01JRZTN1GPSHSKGXNMVKACYWYG,38,animals,1.0,0,,moose,moose,"['Deers', 'NorthAmerican']",True,38
elk,153955,3447.0,01JRZVQH4TCPW9YYQ8XC990GTH,01JRZTN1GPSHSKGXNMVKACYWYG,39,animals,0.0,0,,elk,elk,"['Deers', 'NorthAmerican']",False,39
bison,165938,11983.0,01JRZVQH4TCPW9YYQ8XC990GTH,01JRZTN1GPSHSKGXNMVKACYWYG,40,animals,1.0,0,,buffalo,bison,"['Bovine', 'NorthAmerican']",False,40
donkey,175529,9591.0,01JRZVQH4TCPW9YYQ8XC990GTH,01JRZTN1GPSHSKGXNMVKACYWYG,41,animals,1.0,0,,donkey,donkey,"['BeastsOfBurden', 'Farm']",True,41
shirt,10696,10696.0,01JRZVQH4TCPW9YYQ8XC990GTH,01JRZTN1GPSHSKGXNMVKACYWYG,0,clothes,1.0,0,,shirt,shirt,,True,0
sweater,13369,2673.0,01JRZVQH4TCPW9YYQ8XC990GTH,01JRZTN1GPSHSKGXNMVKACYWYG,1,clothes,0.0,0,,sweater,sweater,,True,1
t-shirt,17181,3812.0,01JRZVQH4TCPW9YYQ8XC990GTH,01JRZTN1GPSHSKGXNMVKACYWYG,2,clothes,0.0,0,,t-shirt,tshirt,,True,2
tank top,19401,2220.0,01JRZVQH4TCPW9YYQ8XC990GTH,01JRZTN1GPSHSKGXNMVKACYWYG,3,clothes,0.0,0,,tank top,tanktop,,True,3
hoodie,21630,2229.0,01JRZVQH4TCPW9YYQ8XC990GTH,01JRZTN1GPSHSKGXNMVKACYWYG,4,clothes,0.0,0,,hoodie,hoodie,,True,4
sweatshirt,28139,6509.0,01JRZVQH4TCPW9YYQ8XC990GTH,01JRZTN1GPSHSKGXNMVKACYWYG,5,clothes,0.0,0,,sweatshirt,sweatshirt,,True,5
jacket,31685,3546.0,01JRZVQH4TCPW9YYQ8XC990GTH,01JRZTN1GPSHSKGXNMVKACYWYG,6,clothes,0.0,0,,jacket,jacket,,True,6
blouse,39321,7636.0,01JRZVQH4TCPW9YYQ8XC990GTH,01JRZTN1GPSHSKGXNMVKACYWYG,7,clothes,1.0,0,,blouse,blouse,,True,7
crop top,43900,4579.0,01JRZVQH4TCPW9YYQ8XC990GTH,01JRZTN1GPSHSKGXNMVKACYWYG,8,clothes,1.0,0,,crop top,croptop,,True,8
cardigan,48147,4247.0,01JRZVQH4TCPW9YYQ8XC990GTH,01JRZTN1GPSHSKGXNMVKACYWYG,9,clothes,1.0,0,,cardigan,cardigan,,True,9
cargo short,56392,8245.0,01JRZVQH4TCPW9YYQ8XC990GTH,01JRZTN1GPSHSKGXNMVKACYWYG,10,clothes,1.0,0,,cargo shorts,cargoshort,,True,10
jean,58528,2136.0,01JRZVQH4TCPW9YYQ8XC990GTH,01JRZTN1GPSHSKGXNMVKACYWYG,11,clothes,0.0,0,,jeans,jean,,True,11
leggings,60579,2051.0,01JRZVQH4TCPW9YYQ8XC990GTH,01JRZTN1GPSHSKGXNMVKACYWYG,12,clothes,0.0,0,,legging,legging,,True,12
short,63528,2949.0,01JRZVQH4TCPW9YYQ8XC990GTH,01JRZTN1GPSHSKGXNMVKACYWYG,13,clothes,0.0,0,,shorts,short,,True,13
skirt,66828,3300.0,01JRZVQH4TCPW9YYQ8XC990GTH,01JRZTN1GPSHSKGXNMVKACYWYG,14,clothes,0.0,0,,skirt,skirt,,True,14
overall,72168,5340.0,01JRZVQH4TCPW9YYQ8XC990GTH,01JRZTN1GPSHSKGXNMVKACYWYG,15,clothes,0.0,0,,overalls,overall,,True,15
tight,75988,3820.0,01JRZVQH4TCPW9YYQ8XC990GTH,01JRZTN1GPSHSKGXNMVKACYWYG,16,clothes,0.0,0,,tights,tight,,True,16
jogger,81227,5239.0,01JRZVQH4TCPW9YYQ8XC990GTH,01JRZTN1GPSHSKGXNMVKACYWYG,17,clothes,1.0,0,,joggers,jogger,,True,17
dress,84570,3343.0,01JRZVQH4TCPW9YYQ8XC990GTH,01JRZTN1GPSHSKGXNMVKACYWYG,18,clothes,1.0,0,,dress,dres,,True,18
suit,86176,1606.0,01JRZVQH4TCPW9YYQ8XC990GTH,01JRZTN1GPSHSKGXNMVKACYWYG,19,clothes,0.0,0,,suit,suit,,True,19
sundress,88324,2148.0,01JRZVQH4TCPW9YYQ8XC990GTH,01JRZTN1GPSHSKGXNMVKACYWYG,20,clothes,0.0,0,,sundress,sundres,,True,20
jumpsuit,95127,6803.0,01JRZVQH4TCPW9YYQ8XC990GTH,01JRZTN1GPSHSKGXNMVKACYWYG,21,clothes,1.0,0,,jumpsuit,jumpsuit,,True,21
coat,98814,3687.0,01JRZVQH4TCPW9YYQ8XC990GTH,01JRZTN1GPSHSKGXNMVKACYWYG,22,clothes,1.0,0,,coat,coat,,True,22
raincoat,102142,3328.0,01JRZVQH4TCPW9YYQ8XC990GTH,01JRZTN1GPSHSKGXNMVKACYWYG,23,clothes,0.0,0,,raincoat,raincoat,,True,23
sock,107782,5640.0,01JRZVQH4TCPW9YYQ8XC990GTH,01JRZTN1GPSHSKGXNMVKACYWYG,24,clothes,1.0,0,,socks,sock,,True,24
hat,111346,3564.0,01JRZVQH4TCPW9YYQ8XC990GTH,01JRZTN1GPSHSKGXNMVKACYWYG,25,clothes,1.0,0,,hat,hat,,True,25
scarf,113813,2467.0,01JRZVQH4TCPW9YYQ8XC990GTH,01JRZTN1GPSHSKGXNMVKACYWYG,26,clothes,0.0,0,,scarf,scarf,,True,26
belt,115611,1798.0,01JRZVQH4TCPW9YYQ8XC990GTH,01JRZTN1GPSHSKGXNMVKACYWYG,27,clothes,1.0,0,,belt,belt,,True,27
glove,117615,2004.0,01JRZVQH4TCPW9YYQ8XC990GTH,01JRZTN1GPSHSKGXNMVKACYWYG,28,clothes,1.0,0,,gloves,glove,,True,28
boxer,124501,6886.0,01JRZVQH4TCPW9YYQ8XC990GTH,01JRZTN1GPSHSKGXNMVKACYWYG,29,clothes,1.0,0,,boxers,boxer,,True,29
bra,127935,3434.0,01JRZVQH4TCPW9YYQ8XC990GTH,01JRZTN1GPSHSKGXNMVKACYWYG,30,clothes,0.0,0,,bra,bra,,True,30
polo shirt,141361,13426.0,01JRZVQH4TCPW9YYQ8XC990GTH,01JRZTN1GPSHSKGXNMVKACYWYG,31,clothes,1.0,0,,polo shirt,poloshirt,,True,31
parka,146474,5113.0,01JRZVQH4TCPW9YYQ8XC990GTH,01JRZTN1GPSHSKGXNMVKACYWYG,32,clothes,1.0,0,,parka,parka,,True,32
puffer jacket,149516,3042.0,01JRZVQH4TCPW9YYQ8XC990GTH,01JRZTN1GPSHSKGXNMVKACYWYG,33,clothes,0.0,0,,puffer jacket,pufferjacket,,True,33
kimono,158831,9315.0,01JRZVQH4TCPW9YYQ8XC990GTH,01JRZTN1GPSHSKGXNMVKACYWYG,34,clothes,1.0,0,,kimono,kimono,,True,34
tuxedo,163853,5022.0,01JRZVQH4TCPW9YYQ8XC990GTH,01JRZTN1GPSHSKGXNMVKACYWYG,35,clothes,1.0,0,,tuxedo,tuxedo,,True,35
nightgown,171405,7552.0,01JRZVQH4TCPW9YYQ8XC990GTH,01JRZTN1GPSHSKGXNMVKACYWYG,36,clothes,1.0,0,,nightgown,nightgown,,True,36
bathrobe,175504,4099.0,01JRZVQH4TCPW9YYQ8XC990GTH,01JRZTN1GPSHSKGXNMVKACYWYG,37,clothes,1.0,0,,bathrobe,bathrobe,,True,37
shopping cart,15474,15474.0,01JRZVQH4TCPW9YYQ8XC990GTH,01JRZTN1GPSHSKGXNMVKACYWYG,0,supermarket,1.0,0,,shopping cart,shoppingcart,,True,0
bacon,23845,8371.0,01JRZVQH4TCPW9YYQ8XC990GTH,01JRZTN1GPSHSKGXNMVKACYWYG,1,supermarket,1.0,0,,bacon,bacon,,True,1
paper towel,33591,9746.0,01JRZVQH4TCPW9YYQ8XC990GTH,01JRZTN1GPSHSKGXNMVKACYWYG,2,supermarket,1.0,0,,paper towels,papertowel,,True,2
trash bag,38214,4623.0,01JRZVQH4TCPW9YYQ8XC990GTH,01JRZTN1GPSHSKGXNMVKACYWYG,3,supermarket,0.0,0,,trash bags,trashbag,,True,3
water bottle,47361,9147.0,01JRZVQH4TCPW9YYQ8XC990GTH,01JRZTN1GPSHSKGXNMVKACYWYG,4,supermarket,1.0,0,,water bottles,waterbottle,,True,4
self-checkout,60287,12926.0,01JRZVQH4TCPW9YYQ8XC990GTH,01JRZTN1GPSHSKGXNMVKACYWYG,5,supermarket,0.0,0,,self checkout,selfcheckout,,True,5
apple,67183,6896.0,01JRZVQH4TCPW9YYQ8XC990GTH,01JRZTN1GPSHSKGXNMVKACYWYG,6,supermarket,1.0,0,,apples,apple,,True,6
carrot,69527,2344.0,01JRZVQH4TCPW9YYQ8XC990GTH,01JRZTN1GPSHSKGXNMVKACYWYG,7,supermarket,0.0,0,,carrots,carrot,,True,7
banana,72894,3367.0,01JRZVQH4TCPW9YYQ8XC990GTH,01JRZTN1GPSHSKGXNMVKACYWYG,8,supermarket,0.0,0,,bananas,banana,,True,8
lettuce,74815,1921.0,01JRZVQH4TCPW9YYQ8XC990GTH,01JRZTN1GPSHSKGXNMVKACYWYG,9,supermarket,0.0,0,,lettuce,lettuce,,True,9
cabbage,78118,3303.0,01JRZVQH4TCPW9YYQ8XC990GTH,01JRZTN1GPSHSKGXNMVKACYWYG,10,supermarket,0.0,0,,cabbage,cabbage,,True,10
grapefruit,86971,8853.0,01JRZVQH4TCPW9YYQ8XC990GTH,01JRZTN1GPSHSKGXNMVKACYWYG,11,supermarket,0.0,0,,grapefruit,grapefruit,,True,11
bread,92537,5566.0,01JRZVQH4TCPW9YYQ8XC990GTH,01JRZTN1GPSHSKGXNMVKACYWYG,12,supermarket,1.0,0,,bread,bread,,True,12
burger,97207,4670.0,01JRZVQH4TCPW9YYQ8XC990GTH,01JRZTN1GPSHSKGXNMVKACYWYG,13,supermarket,1.0,0,,burgers,burger,,True,13
butter,100636,3429.0,01JRZVQH4TCPW9YYQ8XC990GTH,01JRZTN1GPSHSKGXNMVKACYWYG,14,supermarket,1.0,0,,butter,butter,,True,14
milk,102107,1471.0,01JRZVQH4TCPW9YYQ8XC990GTH,01JRZTN1GPSHSKGXNMVKACYWYG,15,supermarket,0.0,0,,milk,milk,,True,15
cheese,103678,1571.0,01JRZVQH4TCPW9YYQ8XC990GTH,01JRZTN1GPSHSKGXNMVKACYWYG,16,supermarket,0.0,0,,cheese,cheese,,True,16
egg,106922,3244.0,01JRZVQH4TCPW9YYQ8XC990GTH,01JRZTN1GPSHSKGXNMVKACYWYG,17,supermarket,1.0,0,,eggs,egg,,True,17
beef,112758,5836.0,01JRZVQH4TCPW9YYQ8XC990GTH,01JRZTN1GPSHSKGXNMVKACYWYG,18,supermarket,1.0,0,,beef,beef,,True,18
chicken,114746,1988.0,01JRZVQH4TCPW9YYQ8XC990GTH,01JRZTN1GPSHSKGXNMVKACYWYG,19,supermarket,0.0,0,,chicked,chicken,,True,19
fish,125475,5979.0,01JRZVQH4TCPW9YYQ8XC990GTH,01JRZTN1GPSHSKGXNMVKACYWYG,21,supermarket,0.0,0,,fish,fish,,True,20
rice,133339,7864.0,01JRZVQH4TCPW9YYQ8XC990GTH,01JRZTN1GPSHSKGXNMVKACYWYG,22,supermarket,1.0,0,,rice,rice,,True,21
pasta,136690,3351.0,01JRZVQH4TCPW9YYQ8XC990GTH,01JRZTN1GPSHSKGXNMVKACYWYG,23,supermarket,0.0,0,,pasta,pasta,,True,22
salt,139149,2459.0,01JRZVQH4TCPW9YYQ8XC990GTH,01JRZTN1GPSHSKGXNMVKACYWYG,24,supermarket,1.0,0,,salt,salt,,True,23
pepper,145356,6207.0,01JRZVQH4TCPW9YYQ8XC990GTH,01JRZTN1GPSHSKGXNMVKACYWYG,25,supermarket,0.0,0,,pepper,pepper,,True,24
mustard,151294,5938.0,01JRZVQH4TCPW9YYQ8XC990GTH,01JRZTN1GPSHSKGXNMVKACYWYG,26,supermarket,0.0,0,,mustard,mustard,,True,25
peach,161651,10357.0,01JRZVQH4TCPW9YYQ8XC990GTH,01JRZTN1GPSHSKGXNMVKACYWYG,27,supermarket,1.0,0,,peaches,peach,,True,26
coffee,165430,3779.0,01JRZVQH4TCPW9YYQ8XC990GTH,01JRZTN1GPSHSKGXNMVKACYWYG,28,supermarket,1.0,0,,coffee,coffee,,True,27
tea,166884,1454.0,01JRZVQH4TCPW9YYQ8XC990GTH,01JRZTN1GPSHSKGXNMVKACYWYG,29,supermarket,0.0,0,,tea,tea,,True,28
soda,171278,4394.0,01JRZVQH4TCPW9YYQ8XC990GTH,01JRZTN1GPSHSKGXNMVKACYWYG,30,supermarket,0.0,0,,soda,soda,,True,29
dish soap,177277,5999.0,01JRZVQH4TCPW9YYQ8XC990GTH,01JRZTN1GPSHSKGXNMVKACYWYG,31,supermarket,1.0,0,,dish soap,dishsoap,,True,30
dog,7077,7077.0,01JRZVTTBTQQRWK9V4FE1N7KX1,01JRZTN1FFF207XW8Z3WVZG0MW,0,animals,1.0,0,,dog,dog,"['Canine', 'Pets']",True,0
cat,8908,1831.0,01JRZVTTBTQQRWK9V4FE1N7KX1,01JRZTN1FFF207XW8Z3WVZG0MW,1,animals,1.0,0,,cat,cat,"['Pets', 'Feline']",False,1
fish,11350,2442.0,01JRZVTTBTQQRWK9V4FE1N7KX1,01JRZTN1FFF207XW8Z3WVZG0MW,2,animals,0.0,0,,fish,fish,"['Fish', 'Water']",True,2
penguin,14427,3077.0,01JRZVTTBTQQRWK9V4FE1N7KX1,01JRZTN1FFF207XW8Z3WVZG0MW,3,animals,0.0,0,,penguin,penguin,"['Arctic', 'Bird', 'Water']",False,3
lion,16184,1757.0,01JRZVTTBTQQRWK9V4FE1N7KX1,01JRZTN1FFF207XW8Z3WVZG0MW,4,animals,1.0,0,,lion,lion,"['African', 'Feline']",True,4
giraffe,18346,2162.0,01JRZVTTBTQQRWK9V4FE1N7KX1,01JRZTN1FFF207XW8Z3WVZG0MW,5,animals,0.0,0,,giraffe,giraffe,['African'],False,5
tiger,20990,2644.0,01JRZVTTBTQQRWK9V4FE1N7KX1,01JRZTN1FFF207XW8Z3WVZG0MW,6,animals,0.0,0,,tigerr,tiger,"['African', 'Feline']",False,6
leopard,25474,2121.0,01JRZVTTBTQQRWK9V4FE1N7KX1,01JRZTN1FFF207XW8Z3WVZG0MW,8,animals,1.0,0,,leopard,leopard,"['African', 'Feline']",False,7
antelope,31900,6426.0,01JRZVTTBTQQRWK9V4FE1N7KX1,01JRZTN1FFF207XW8Z3WVZG0MW,9,animals,0.0,0,,antelope,antelope,['African'],False,8
gorilla,37584,5684.0,01JRZVTTBTQQRWK9V4FE1N7KX1,01JRZTN1FFF207XW8Z3WVZG0MW,10,animals,0.0,0,,gorilla,gorilla,"['African', 'Primates']",False,9
lemur,40487,2903.0,01JRZVTTBTQQRWK9V4FE1N7KX1,01JRZTN1FFF207XW8Z3WVZG0MW,11,animals,0.0,0,,lemur,lemur,"['African', 'Primates']",False,10
spider monkey,44228,3741.0,01JRZVTTBTQQRWK9V4FE1N7KX1,01JRZTN1FFF207XW8Z3WVZG0MW,12,animals,0.0,0,,spider monkey,spidermonkey,['Primates'],False,11
ant,45713,1485.0,01JRZVTTBTQQRWK9V4FE1N7KX1,01JRZTN1FFF207XW8Z3WVZG0MW,13,animals,0.0,0,,ant,ant,['Insects'],True,12
spider,47856,2143.0,01JRZVTTBTQQRWK9V4FE1N7KX1,01JRZTN1FFF207XW8Z3WVZG0MW,14,animals,0.0,0,,spider,spider,"['Arachnid', 'Farm']",True,13
elephant,50820,2964.0,01JRZVTTBTQQRWK9V4FE1N7KX1,01JRZTN1FFF207XW8Z3WVZG0MW,15,animals,0.0,0,,elephant,elephant,['African'],True,14
chimpanzee,56150,5330.0,01JRZVTTBTQQRWK9V4FE1N7KX1,01JRZTN1FFF207XW8Z3WVZG0MW,16,animals,0.0,0,,chimp,chimpanzee,"['African', 'Primates']",False,15
sloth,65632,9482.0,01JRZVTTBTQQRWK9V4FE1N7KX1,01JRZTN1FFF207XW8Z3WVZG0MW,17,animals,0.0,0,,sloth,sloth,['Jungle'],True,16
chinchilla,71854,6222.0,01JRZVTTBTQQRWK9V4FE1N7KX1,01JRZTN1FFF207XW8Z3WVZG0MW,18,animals,0.0,0,,chinchilla,chinchilla,"['Rodents', 'UsedForFur']",True,17
hamster,73587,1733.0,01JRZVTTBTQQRWK9V4FE1N7KX1,01JRZTN1FFF207XW8Z3WVZG0MW,19,animals,0.0,0,,hamster,hamster,"['Pets', 'Rodents']",False,18
bear,77245,3658.0,01JRZVTTBTQQRWK9V4FE1N7KX1,01JRZTN1FFF207XW8Z3WVZG0MW,20,animals,0.0,0,,bear,bear,['NorthAmerican'],True,19
panda,83647,6402.0,01JRZVTTBTQQRWK9V4FE1N7KX1,01JRZTN1FFF207XW8Z3WVZG0MW,21,animals,0.0,0,,panda,panda,['Asian'],True,20
lizard,89851,6204.0,01JRZVTTBTQQRWK9V4FE1N7KX1,01JRZTN1FFF207XW8Z3WVZG0MW,22,animals,0.0,0,,lizard,lizard,['ReptileAmphibian'],True,21
komodo dragon,95119,5268.0,01JRZVTTBTQQRWK9V4FE1N7KX1,01JRZTN1FFF207XW8Z3WVZG0MW,23,animals,0.0,0,,kimono dragon,komododragon,['ReptileAmphibian'],False,22
macaque,100456,5337.0,01JRZVTTBTQQRWK9V4FE1N7KX1,01JRZTN1FFF207XW8Z3WVZG0MW,24,animals,0.0,0,,macaque,macaque,"['Primates', 'Primates']",True,23
deer,106720,6264.0,01JRZVTTBTQQRWK9V4FE1N7KX1,01JRZTN1FFF207XW8Z3WVZG0MW,25,animals,0.0,0,,deer,deer,"['Deers', 'NorthAmerican']",True,24
rabbit,111651,4931.0,01JRZVTTBTQQRWK9V4FE1N7KX1,01JRZTN1FFF207XW8Z3WVZG0MW,26,animals,0.0,0,,rabbit,rabbit,"['NorthAmerican', 'Pets', 'Rabbit', 'UsedForFur']",False,25
rat,112863,1212.0,01JRZVTTBTQQRWK9V4FE1N7KX1,01JRZTN1FFF207XW8Z3WVZG0MW,27,animals,0.0,0,,rat,rat,['Rodents'],True,26
mouse,114703,1840.0,01JRZVTTBTQQRWK9V4FE1N7KX1,01JRZTN1FFF207XW8Z3WVZG0MW,28,animals,0.0,0,,mouse,mouse,"['Bird', 'Rodents']",False,27
vole,115760,1057.0,01JRZVTTBTQQRWK9V4FE1N7KX1,01JRZTN1FFF207XW8Z3WVZG0MW,29,animals,0.0,0,,vole,vole,['Rodents'],False,28
shrew,118287,2527.0,01JRZVTTBTQQRWK9V4FE1N7KX1,01JRZTN1FFF207XW8Z3WVZG0MW,30,animals,0.0,0,,shrew,shrew,"['Insectivores', 'Primates', 'Rodents']",False,29
mole,121556,3269.0,01JRZVTTBTQQRWK9V4FE1N7KX1,01JRZTN1FFF207XW8Z3WVZG0MW,31,animals,0.0,0,,mole,mole,"['Insectivores', 'Rodents']",False,30
hedgehog,129757,8201.0,01JRZVTTBTQQRWK9V4FE1N7KX1,01JRZTN1FFF207XW8Z3WVZG0MW,32,animals,0.0,0,,hedgehog,hedgehog,"['Insectivores', 'Rodents']",False,31
porcupine,132354,2597.0,01JRZVTTBTQQRWK9V4FE1N7KX1,01JRZTN1FFF207XW8Z3WVZG0MW,33,animals,0.0,0,,porcupine,porcupine,['Rodents'],False,32
puma,137473,5119.0,01JRZVTTBTQQRWK9V4FE1N7KX1,01JRZTN1FFF207XW8Z3WVZG0MW,34,animals,1.0,0,,puma,puma,"['Feline', 'NorthAmerican']",True,33
jaguar,138929,1456.0,01JRZVTTBTQQRWK9V4FE1N7KX1,01JRZTN1FFF207XW8Z3WVZG0MW,35,animals,1.0,0,,jaguar,jaguar,['Feline'],False,34
lynx,141732,2803.0,01JRZVTTBTQQRWK9V4FE1N7KX1,01JRZTN1FFF207XW8Z3WVZG0MW,36,animals,1.0,0,,lynx,lynx,['Feline'],False,35
owl,148847,7115.0,01JRZVTTBTQQRWK9V4FE1N7KX1,01JRZTN1FFF207XW8Z3WVZG0MW,37,animals,0.0,0,,owl,owl,['Bird'],True,36
ostrich,151913,3066.0,01JRZVTTBTQQRWK9V4FE1N7KX1,01JRZTN1FFF207XW8Z3WVZG0MW,38,animals,0.0,0,,ostrich,ostrich,"['African', 'Bird']",False,37
kangaroo,154340,2427.0,01JRZVTTBTQQRWK9V4FE1N7KX1,01JRZTN1FFF207XW8Z3WVZG0MW,39,animals,0.0,0,,kangaroo,kangaroo,['Australian'],True,38
koala,157997,3657.0,01JRZVTTBTQQRWK9V4FE1N7KX1,01JRZTN1FFF207XW8Z3WVZG0MW,40,animals,0.0,0,,koala,koala,['Australian'],False,39
eagle,165916,7919.0,01JRZVTTBTQQRWK9V4FE1N7KX1,01JRZTN1FFF207XW8Z3WVZG0MW,41,animals,0.0,0,,eagle,eagle,['Bird'],True,40
robin,168777,2861.0,01JRZVTTBTQQRWK9V4FE1N7KX1,01JRZTN1FFF207XW8Z3WVZG0MW,42,animals,0.0,0,,robin,robin,['Bird'],False,41
thrush,171263,2486.0,01JRZVTTBTQQRWK9V4FE1N7KX1,01JRZTN1FFF207XW8Z3WVZG0MW,43,animals,0.0,0,,thrush,thrush,['Bird'],False,42
blackbird,173474,2211.0,01JRZVTTBTQQRWK9V4FE1N7KX1,01JRZTN1FFF207XW8Z3WVZG0MW,44,animals,0.0,0,,blackbird,blackbird,['Bird'],False,43
wren,176363,2889.0,01JRZVTTBTQQRWK9V4FE1N7KX1,01JRZTN1FFF207XW8Z3WVZG0MW,45,animals,0.0,0,,wren,wren,['Bird'],False,44
shirt,4563,4563.0,01JRZVTTBTQQRWK9V4FE1N7KX1,01JRZTN1FFF207XW8Z3WVZG0MW,0,clothes,1.0,0,,shirt,shirt,,True,0
suit,5623,1060.0,01JRZVTTBTQQRWK9V4FE1N7KX1,01JRZTN1FFF207XW8Z3WVZG0MW,1,clothes,0.0,0,,suit,suit,,True,1
tie,6606,983.0,01JRZVTTBTQQRWK9V4FE1N7KX1,01JRZTN1FFF207XW8Z3WVZG0MW,2,clothes,0.0,0,,tie,tie,,True,2
skirt,9008,2402.0,01JRZVTTBTQQRWK9V4FE1N7KX1,01JRZTN1FFF207XW8Z3WVZG0MW,3,clothes,0.0,0,,skirt,skirt,,True,3
scarf,11471,2463.0,01JRZVTTBTQQRWK9V4FE1N7KX1,01JRZTN1FFF207XW8Z3WVZG0MW,4,clothes,0.0,0,,scarf,scarf,,True,4
coat,12985,1514.0,01JRZVTTBTQQRWK9V4FE1N7KX1,01JRZTN1FFF207XW8Z3WVZG0MW,5,clothes,1.0,0,,coat,coat,,True,5
jacket,14426,1441.0,01JRZVTTBTQQRWK9V4FE1N7KX1,01JRZTN1FFF207XW8Z3WVZG0MW,6,clothes,1.0,0,,jacket,jacket,,True,6
blouse,17219,2793.0,01JRZVTTBTQQRWK9V4FE1N7KX1,01JRZTN1FFF207XW8Z3WVZG0MW,7,clothes,0.0,0,,blouse,blouse,,True,7
dress,19320,2101.0,01JRZVTTBTQQRWK9V4FE1N7KX1,01JRZTN1FFF207XW8Z3WVZG0MW,8,clothes,0.0,0,,dress,dres,,True,8
pashmina,24230,4910.0,01JRZVTTBTQQRWK9V4FE1N7KX1,01JRZTN1FFF207XW8Z3WVZG0MW,9,clothes,0.0,0,,pashmina,pashmina,,True,9
kimono,26702,2472.0,01JRZVTTBTQQRWK9V4FE1N7KX1,01JRZTN1FFF207XW8Z3WVZG0MW,10,clothes,0.0,0,,kimono,kimono,,True,10
hat,29544,2842.0,01JRZVTTBTQQRWK9V4FE1N7KX1,01JRZTN1FFF207XW8Z3WVZG0MW,11,clothes,0.0,0,,hat,hat,,True,11
belt,39211,9667.0,01JRZVTTBTQQRWK9V4FE1N7KX1,01JRZTN1FFF207XW8Z3WVZG0MW,12,clothes,0.0,0,,belt,belt,,True,12
tight,42935,3724.0,01JRZVTTBTQQRWK9V4FE1N7KX1,01JRZTN1FFF207XW8Z3WVZG0MW,13,clothes,0.0,0,,tights,tight,,True,13
stocking,48663,5728.0,01JRZVTTBTQQRWK9V4FE1N7KX1,01JRZTN1FFF207XW8Z3WVZG0MW,14,clothes,0.0,0,,stockings,stocking,,True,14
pant,54246,5583.0,01JRZVTTBTQQRWK9V4FE1N7KX1,01JRZTN1FFF207XW8Z3WVZG0MW,15,clothes,0.0,0,,pants,pant,,True,15
bra,56238,1992.0,01JRZVTTBTQQRWK9V4FE1N7KX1,01JRZTN1FFF207XW8Z3WVZG0MW,16,clothes,0.0,0,,bra,bra,,True,16
vest,57398,1160.0,01JRZVTTBTQQRWK9V4FE1N7KX1,01JRZTN1FFF207XW8Z3WVZG0MW,17,clothes,0.0,0,,vest,vest,,True,17
waistcoat,60996,3598.0,01JRZVTTBTQQRWK9V4FE1N7KX1,01JRZTN1FFF207XW8Z3WVZG0MW,18,clothes,0.0,0,,waistcoat,waistcoat,,True,18
poncho,65432,4436.0,01JRZVTTBTQQRWK9V4FE1N7KX1,01JRZTN1FFF207XW8Z3WVZG0MW,19,clothes,0.0,0,,poncho,poncho,,True,19
cardigan,72943,7511.0,01JRZVTTBTQQRWK9V4FE1N7KX1,01JRZTN1FFF207XW8Z3WVZG0MW,20,clothes,0.0,0,,cardigan,cardigan,,True,20
jumper,74422,1479.0,01JRZVTTBTQQRWK9V4FE1N7KX1,01JRZTN1FFF207XW8Z3WVZG0MW,21,clothes,0.0,0,,jumper,jumper,,True,21
sweatshirt,78623,4201.0,01JRZVTTBTQQRWK9V4FE1N7KX1,01JRZTN1FFF207XW8Z3WVZG0MW,22,clothes,0.0,0,,sweatshirt,sweatshirt,,True,22
legging,82926,4303.0,01JRZVTTBTQQRWK9V4FE1N7KX1,01JRZTN1FFF207XW8Z3WVZG0MW,23,clothes,0.0,0,,leggings,legging,,True,23
trouser,84665,1739.0,01JRZVTTBTQQRWK9V4FE1N7KX1,01JRZTN1FFF207XW8Z3WVZG0MW,24,clothes,0.0,0,,trousers,trouser,,True,24
jean,86152,1487.0,01JRZVTTBTQQRWK9V4FE1N7KX1,01JRZTN1FFF207XW8Z3WVZG0MW,25,clothes,0.0,0,,jeans,jean,,True,25
sock,87886,1734.0,01JRZVTTBTQQRWK9V4FE1N7KX1,01JRZTN1FFF207XW8Z3WVZG0MW,26,clothes,0.0,0,,socks,sock,,True,26
suspender,94901,7015.0,01JRZVTTBTQQRWK9V4FE1N7KX1,01JRZTN1FFF207XW8Z3WVZG0MW,27,clothes,0.0,0,,suspenders,suspender,,True,27
corset,97178,2277.0,01JRZVTTBTQQRWK9V4FE1N7KX1,01JRZTN1FFF207XW8Z3WVZG0MW,28,clothes,0.0,0,,corset,corset,,True,28
basque,98722,1544.0,01JRZVTTBTQQRWK9V4FE1N7KX1,01JRZTN1FFF207XW8Z3WVZG0MW,29,clothes,0.0,0,,basque,basque,,True,29
teddy,101871,3149.0,01JRZVTTBTQQRWK9V4FE1N7KX1,01JRZTN1FFF207XW8Z3WVZG0MW,30,clothes,0.0,0,,teddy,teddy,,True,30
cap,105789,3918.0,01JRZVTTBTQQRWK9V4FE1N7KX1,01JRZTN1FFF207XW8Z3WVZG0MW,31,clothes,0.0,0,,cap,cap,,True,31
mack,110827,5038.0,01JRZVTTBTQQRWK9V4FE1N7KX1,01JRZTN1FFF207XW8Z3WVZG0MW,32,clothes,1.0,0,,mac,mack,,True,32
glove,119537,8710.0,01JRZVTTBTQQRWK9V4FE1N7KX1,01JRZTN1FFF207XW8Z3WVZG0MW,33,clothes,0.0,0,,gloves,glove,,True,33
gilet,126129,6592.0,01JRZVTTBTQQRWK9V4FE1N7KX1,01JRZTN1FFF207XW8Z3WVZG0MW,34,clothes,0.0,0,,gilet,gilet,,True,34
short,131678,5549.0,01JRZVTTBTQQRWK9V4FE1N7KX1,01JRZTN1FFF207XW8Z3WVZG0MW,35,clothes,0.0,0,,shorts,short,,True,35
sandal,133978,2300.0,01JRZVTTBTQQRWK9V4FE1N7KX1,01JRZTN1FFF207XW8Z3WVZG0MW,36,clothes,0.0,0,,sandals,sandal,,True,36
trainer,136493,2515.0,01JRZVTTBTQQRWK9V4FE1N7KX1,01JRZTN1FFF207XW8Z3WVZG0MW,37,clothes,0.0,0,,trainers,trainer,,True,37
blazer,143693,7200.0,01JRZVTTBTQQRWK9V4FE1N7KX1,01JRZTN1FFF207XW8Z3WVZG0MW,38,clothes,1.0,0,,blazer,blazer,,True,38
shoe,178700,35007.0,01JRZVTTBTQQRWK9V4FE1N7KX1,01JRZTN1FFF207XW8Z3WVZG0MW,39,clothes,0.0,0,,shoes,shoe,,True,39
bread,4043,4043.0,01JRZVTTBTQQRWK9V4FE1N7KX1,01JRZTN1FFF207XW8Z3WVZG0MW,0,supermarket,1.0,0,,bread,bread,,True,0
milk,5763,1720.0,01JRZVTTBTQQRWK9V4FE1N7KX1,01JRZTN1FFF207XW8Z3WVZG0MW,1,supermarket,0.0,0,,milk,milk,,True,1
potato,8046,2283.0,01JRZVTTBTQQRWK9V4FE1N7KX1,01JRZTN1FFF207XW8Z3WVZG0MW,2,supermarket,1.0,0,,potatoes,potato,,True,2
corn,10909,2863.0,01JRZVTTBTQQRWK9V4FE1N7KX1,01JRZTN1FFF207XW8Z3WVZG0MW,3,supermarket,1.0,0,,corn,corn,,True,3
flour,12394,1485.0,01JRZVTTBTQQRWK9V4FE1N7KX1,01JRZTN1FFF207XW8Z3WVZG0MW,4,supermarket,0.0,0,,flour,flour,,True,4
egg,14049,1655.0,01JRZVTTBTQQRWK9V4FE1N7KX1,01JRZTN1FFF207XW8Z3WVZG0MW,5,supermarket,0.0,0,,eggs,egg,,True,5
marshmallow,18241,4192.0,01JRZVTTBTQQRWK9V4FE1N7KX1,01JRZTN1FFF207XW8Z3WVZG0MW,6,supermarket,0.0,0,,marshmallows,marshmallow,,True,6
chocolate,19972,1731.0,01JRZVTTBTQQRWK9V4FE1N7KX1,01JRZTN1FFF207XW8Z3WVZG0MW,7,supermarket,0.0,0,,chocolate,chocolate,,True,7
cereal,22800,2828.0,01JRZVTTBTQQRWK9V4FE1N7KX1,01JRZTN1FFF207XW8Z3WVZG0MW,8,supermarket,0.0,0,,cereal,cereal,,True,8
rice,24902,2102.0,01JRZVTTBTQQRWK9V4FE1N7KX1,01JRZTN1FFF207XW8Z3WVZG0MW,9,supermarket,0.0,0,,rice,rice,,True,9
roll,26463,1561.0,01JRZVTTBTQQRWK9V4FE1N7KX1,01JRZTN1FFF207XW8Z3WVZG0MW,10,supermarket,0.0,0,,rolls,roll,,True,10
cake,27802,1339.0,01JRZVTTBTQQRWK9V4FE1N7KX1,01JRZTN1FFF207XW8Z3WVZG0MW,11,supermarket,0.0,0,,cake,cake,,True,11
biscuit,30117,2315.0,01JRZVTTBTQQRWK9V4FE1N7KX1,01JRZTN1FFF207XW8Z3WVZG0MW,12,supermarket,0.0,0,,biscuits,biscuit,,True,12
fish,36734,6617.0,01JRZVTTBTQQRWK9V4FE1N7KX1,01JRZTN1FFF207XW8Z3WVZG0MW,13,supermarket,0.0,0,,fish,fish,,True,13
meat,39325,2591.0,01JRZVTTBTQQRWK9V4FE1N7KX1,01JRZTN1FFF207XW8Z3WVZG0MW,14,supermarket,0.0,0,,meat,meat,,True,14
chicken,43731,4406.0,01JRZVTTBTQQRWK9V4FE1N7KX1,01JRZTN1FFF207XW8Z3WVZG0MW,15,supermarket,0.0,0,,chicken,chicken,,True,15
pizza,46048,2317.0,01JRZVTTBTQQRWK9V4FE1N7KX1,01JRZTN1FFF207XW8Z3WVZG0MW,16,supermarket,0.0,0,,pizza,pizza,,True,16
pasta,48003,1955.0,01JRZVTTBTQQRWK9V4FE1N7KX1,01JRZTN1FFF207XW8Z3WVZG0MW,17,supermarket,0.0,0,,pasta,pasta,,True,17
detergent,51246,3243.0,01JRZVTTBTQQRWK9V4FE1N7KX1,01JRZTN1FFF207XW8Z3WVZG0MW,18,supermarket,0.0,0,,detergent,detergent,,True,18
bleach,54272,3026.0,01JRZVTTBTQQRWK9V4FE1N7KX1,01JRZTN1FFF207XW8Z3WVZG0MW,19,supermarket,0.0,0,,bleach,bleach,,True,19
sponge,56078,1806.0,01JRZVTTBTQQRWK9V4FE1N7KX1,01JRZTN1FFF207XW8Z3WVZG0MW,20,supermarket,0.0,0,,sponge,sponge,,True,20
cloths,58111,2033.0,01JRZVTTBTQQRWK9V4FE1N7KX1,01JRZTN1FFF207XW8Z3WVZG0MW,21,supermarket,0.0,0,,cloth,cloth,,True,21
washing powder,64656,6545.0,01JRZVTTBTQQRWK9V4FE1N7KX1,01JRZTN1FFF207XW8Z3WVZG0MW,22,supermarket,0.0,0,,washing powder,washingpowder,,True,22
crisp,71013,6357.0,01JRZVTTBTQQRWK9V4FE1N7KX1,01JRZTN1FFF207XW8Z3WVZG0MW,23,supermarket,0.0,0,,crisps,crisp,,True,23
cracker,73315,2302.0,01JRZVTTBTQQRWK9V4FE1N7KX1,01JRZTN1FFF207XW8Z3WVZG0MW,24,supermarket,0.0,0,,crackers,cracker,,True,24
cheese,74876,1561.0,01JRZVTTBTQQRWK9V4FE1N7KX1,01JRZTN1FFF207XW8Z3WVZG0MW,25,supermarket,0.0,0,,cheese,cheese,,True,25
quorn,76996,2120.0,01JRZVTTBTQQRWK9V4FE1N7KX1,01JRZTN1FFF207XW8Z3WVZG0MW,26,supermarket,0.0,0,,quorn,quorn,,True,26
sauce,80657,3661.0,01JRZVTTBTQQRWK9V4FE1N7KX1,01JRZTN1FFF207XW8Z3WVZG0MW,27,supermarket,0.0,0,,sauce,sauce,,True,27
gravy,82436,1779.0,01JRZVTTBTQQRWK9V4FE1N7KX1,01JRZTN1FFF207XW8Z3WVZG0MW,28,supermarket,0.0,0,,gravy,gravy,,True,28
meringue,89102,6666.0,01JRZVTTBTQQRWK9V4FE1N7KX1,01JRZTN1FFF207XW8Z3WVZG0MW,29,supermarket,0.0,0,,meringue,meringue,,True,29
croissant,95402,6300.0,01JRZVTTBTQQRWK9V4FE1N7KX1,01JRZTN1FFF207XW8Z3WVZG0MW,30,supermarket,0.0,0,,croissants,croissant,,True,30
battery,100199,4797.0,01JRZVTTBTQQRWK9V4FE1N7KX1,01JRZTN1FFF207XW8Z3WVZG0MW,31,supermarket,0.0,0,,batteries,battery,,True,31
conditioner,106771,6572.0,01JRZVTTBTQQRWK9V4FE1N7KX1,01JRZTN1FFF207XW8Z3WVZG0MW,32,supermarket,0.0,0,,conditioner,conditioner,,True,32
soap,108405,1634.0,01JRZVTTBTQQRWK9V4FE1N7KX1,01JRZTN1FFF207XW8Z3WVZG0MW,33,supermarket,0.0,0,,soap,soap,,True,33
shampoo,110190,1785.0,01JRZVTTBTQQRWK9V4FE1N7KX1,01JRZTN1FFF207XW8Z3WVZG0MW,34,supermarket,0.0,0,,shampoo,shampoo,,True,34
comb,118125,7935.0,01JRZVTTBTQQRWK9V4FE1N7KX1,01JRZTN1FFF207XW8Z3WVZG0MW,35,supermarket,0.0,0,,comb,comb,,True,35
bag,120406,2281.0,01JRZVTTBTQQRWK9V4FE1N7KX1,01JRZTN1FFF207XW8Z3WVZG0MW,36,supermarket,0.0,0,,bag,bag,,True,36
lipstick,124882,4476.0,01JRZVTTBTQQRWK9V4FE1N7KX1,01JRZTN1FFF207XW8Z3WVZG0MW,37,supermarket,0.0,0,,lipstick,lipstick,,True,37
banana,130050,5168.0,01JRZVTTBTQQRWK9V4FE1N7KX1,01JRZTN1FFF207XW8Z3WVZG0MW,38,supermarket,0.0,0,,bananas,banana,,True,38
grape,132718,2668.0,01JRZVTTBTQQRWK9V4FE1N7KX1,01JRZTN1FFF207XW8Z3WVZG0MW,39,supermarket,0.0,0,,grapes,grape,,True,39
carrot,135594,2876.0,01JRZVTTBTQQRWK9V4FE1N7KX1,01JRZTN1FFF207XW8Z3WVZG0MW,40,supermarket,1.0,0,,carrots,carrot,,True,40
courgette,139876,4282.0,01JRZVTTBTQQRWK9V4FE1N7KX1,01JRZTN1FFF207XW8Z3WVZG0MW,41,supermarket,1.0,0,,courgettes,courgette,,True,41
pepper,141404,1528.0,01JRZVTTBTQQRWK9V4FE1N7KX1,01JRZTN1FFF207XW8Z3WVZG0MW,42,supermarket,1.0,0,,peppers,pepper,,True,42
spice,143318,1914.0,01JRZVTTBTQQRWK9V4FE1N7KX1,01JRZTN1FFF207XW8Z3WVZG0MW,43,supermarket,0.0,0,,spice,spice,,True,43
soybean,149592,6274.0,01JRZVTTBTQQRWK9V4FE1N7KX1,01JRZTN1FFF207XW8Z3WVZG0MW,44,supermarket,0.0,0,,soya beans,soybean,,True,44
tomato,153525,3933.0,01JRZVTTBTQQRWK9V4FE1N7KX1,01JRZTN1FFF207XW8Z3WVZG0MW,45,supermarket,0.0,0,,tomato,tomato,,True,45
soup,155693,2168.0,01JRZVTTBTQQRWK9V4FE1N7KX1,01JRZTN1FFF207XW8Z3WVZG0MW,46,supermarket,0.0,0,,soup,soup,,True,46
chip,162524,6831.0,01JRZVTTBTQQRWK9V4FE1N7KX1,01JRZTN1FFF207XW8Z3WVZG0MW,47,supermarket,1.0,0,,chips,chip,,True,47
sausage,165845,3321.0,01JRZVTTBTQQRWK9V4FE1N7KX1,01JRZTN1FFF207XW8Z3WVZG0MW,48,supermarket,0.0,0,,sausages,sausage,,True,48
mashed potatoes,168065,2220.0,01JRZVTTBTQQRWK9V4FE1N7KX1,01JRZTN1FFF207XW8Z3WVZG0MW,49,supermarket,1.0,0,,mash,mashedpotato,,True,49
pineapple,174789,6724.0,01JRZVTTBTQQRWK9V4FE1N7KX1,01JRZTN1FFF207XW8Z3WVZG0MW,50,supermarket,0.0,0,,pineapple,pineapple,,True,50
apple,176277,1488.0,01JRZVTTBTQQRWK9V4FE1N7KX1,01JRZTN1FFF207XW8Z3WVZG0MW,51,supermarket,0.0,0,,apple,apple,,True,51
orange,177758,1481.0,01JRZVTTBTQQRWK9V4FE1N7KX1,01JRZTN1FFF207XW8Z3WVZG0MW,52,supermarket,0.0,0,,orange,orange,,True,52
cat,2411,2411.0,01JRZVVD8WBQEKB5T84KZDZJ3F,01JRZTN1G2AJHMQHHFGGW6T0RB,0,animals,1.0,0,,cat,cat,"['Pets', 'Feline']",True,0
cow,3162,751.0,01JRZVVD8WBQEKB5T84KZDZJ3F,01JRZTN1G2AJHMQHHFGGW6T0RB,1,animals,1.0,0,,cow,cow,"['Bovine', 'Farm']",True,1
horse,4196,1034.0,01JRZVVD8WBQEKB5T84KZDZJ3F,01JRZTN1G2AJHMQHHFGGW6T0RB,2,animals,0.0,0,,horse,horse,"['BeastsOfBurden', 'Farm']",False,2
pig,5639,1443.0,01JRZVVD8WBQEKB5T84KZDZJ3F,01JRZTN1G2AJHMQHHFGGW6T0RB,3,animals,0.0,0,,pig,pig,['Farm'],False,3
chimpanzee,7718,2079.0,01JRZVVD8WBQEKB5T84KZDZJ3F,01JRZTN1G2AJHMQHHFGGW6T0RB,4,animals,1.0,0,,chimpanzee,chimpanzee,"['African', 'Primates']",True,4
elephant,9300,1582.0,01JRZVVD8WBQEKB5T84KZDZJ3F,01JRZTN1G2AJHMQHHFGGW6T0RB,5,animals,1.0,0,,elephant,elephant,['African'],False,5
tiger,10273,973.0,01JRZVVD8WBQEKB5T84KZDZJ3F,01JRZTN1G2AJHMQHHFGGW6T0RB,6,animals,1.0,0,,tiger,tiger,"['African', 'Feline']",False,6
lion,12399,2126.0,01JRZVVD8WBQEKB5T84KZDZJ3F,01JRZTN1G2AJHMQHHFGGW6T0RB,7,animals,0.0,0,,lion,lion,"['African', 'Feline']",False,7
puma,13436,1037.0,01JRZVVD8WBQEKB5T84KZDZJ3F,01JRZTN1G2AJHMQHHFGGW6T0RB,8,animals,0.0,0,,puma,puma,"['Feline', 'NorthAmerican']",False,8
cheetah,15485,2049.0,01JRZVVD8WBQEKB5T84KZDZJ3F,01JRZTN1G2AJHMQHHFGGW6T0RB,9,animals,0.0,0,,cheetah,cheetah,"['African', 'Feline']",False,9
rhino,17139,1654.0,01JRZVVD8WBQEKB5T84KZDZJ3F,01JRZTN1G2AJHMQHHFGGW6T0RB,10,animals,0.0,0,,rhino,rhino,['African'],False,10
flamingo,20741,3602.0,01JRZVVD8WBQEKB5T84KZDZJ3F,01JRZTN1G2AJHMQHHFGGW6T0RB,11,animals,1.0,0,,flamingo,flamingo,['Bird'],True,11
porcupine,25113,4372.0,01JRZVVD8WBQEKB5T84KZDZJ3F,01JRZTN1G2AJHMQHHFGGW6T0RB,12,animals,1.0,0,,porcupine,porcupine,['Rodents'],True,12
dolphin,27843,2730.0,01JRZVVD8WBQEKB5T84KZDZJ3F,01JRZTN1G2AJHMQHHFGGW6T0RB,13,animals,0.0,0,,dolphin,dolphin,"['Insects', 'Water']",True,13
blue whale,31945,4102.0,01JRZVVD8WBQEKB5T84KZDZJ3F,01JRZTN1G2AJHMQHHFGGW6T0RB,14,animals,1.0,0,,blue whale,bluewhale,['Water'],False,14
great white shark,35909,3964.0,01JRZVVD8WBQEKB5T84KZDZJ3F,01JRZTN1G2AJHMQHHFGGW6T0RB,15,animals,0.0,0,,great white shark,greatwhiteshark,['Fish'],True,15
hammerhead shark,40151,4242.0,01JRZVVD8WBQEKB5T84KZDZJ3F,01JRZTN1G2AJHMQHHFGGW6T0RB,16,animals,0.0,0,,hammerhead shark,hammerheadshark,"['Fish', 'Water']",False,16
basking shark,43046,2895.0,01JRZVVD8WBQEKB5T84KZDZJ3F,01JRZTN1G2AJHMQHHFGGW6T0RB,17,animals,0.0,0,,basking shark,baskingshark,"['Fish', 'Water']",False,17
tortoise,46049,3003.0,01JRZVVD8WBQEKB5T84KZDZJ3F,01JRZTN1G2AJHMQHHFGGW6T0RB,18,animals,0.0,0,,tortoise,tortoise,['ReptileAmphibian'],True,18
terrapin,47674,1625.0,01JRZVVD8WBQEKB5T84KZDZJ3F,01JRZTN1G2AJHMQHHFGGW6T0RB,19,animals,0.0,0,,terrapin,terrapin,['Water'],True,19
turtle,49663,1989.0,01JRZVVD8WBQEKB5T84KZDZJ3F,01JRZTN1G2AJHMQHHFGGW6T0RB,20,animals,0.0,0,,turtle,turtle,"['ReptileAmphibian', 'Water']",False,20
snapping turtle,54304,4641.0,01JRZVVD8WBQEKB5T84KZDZJ3F,01JRZTN1G2AJHMQHHFGGW6T0RB,21,animals,0.0,0,,snapping turt;e,snappingturtle,['Water'],False,21
antelope,58630,4326.0,01JRZVVD8WBQEKB5T84KZDZJ3F,01JRZTN1G2AJHMQHHFGGW6T0RB,22,animals,0.0,0,,antelope,antelope,['African'],True,22
anteater,60952,2322.0,01JRZVVD8WBQEKB5T84KZDZJ3F,01JRZTN1G2AJHMQHHFGGW6T0RB,23,animals,0.0,0,,anteater,anteater,['Insectivores'],True,23
duckbill platypus,68525,7573.0,01JRZVVD8WBQEKB5T84KZDZJ3F,01JRZTN1G2AJHMQHHFGGW6T0RB,24,animals,0.0,0,,duckbilled platypus,duckbillplatypus,"['Australian', 'Water']",True,24
dog,70107,1582.0,01JRZVVD8WBQEKB5T84KZDZJ3F,01JRZTN1G2AJHMQHHFGGW6T0RB,25,animals,0.0,0,,dog,dog,"['Canine', 'Pets']",True,25
hamster,71385,1278.0,01JRZVVD8WBQEKB5T84KZDZJ3F,01JRZTN1G2AJHMQHHFGGW6T0RB,26,animals,0.0,0,,hamster,hamster,"['Pets', 'Rodents']",False,26
guinea pig,74856,3471.0,01JRZVVD8WBQEKB5T84KZDZJ3F,01JRZTN1G2AJHMQHHFGGW6T0RB,27,animals,0.0,0,,guinea pig,guineapig,"['Pets', 'Rodents']",False,27
rabbit,76288,1432.0,01JRZVVD8WBQEKB5T84KZDZJ3F,01JRZTN1G2AJHMQHHFGGW6T0RB,28,animals,0.0,0,,rabbit,rabbit,"['NorthAmerican', 'Pets', 'Rabbit', 'UsedForFur']",False,28
hare,77634,1346.0,01JRZVVD8WBQEKB5T84KZDZJ3F,01JRZTN1G2AJHMQHHFGGW6T0RB,29,animals,0.0,0,,hare,hare,['Rabbit'],False,29
carp,80070,2436.0,01JRZVVD8WBQEKB5T84KZDZJ3F,01JRZTN1G2AJHMQHHFGGW6T0RB,30,animals,1.0,0,,carp,carp,['Fish'],True,30
cockroach,81146,1076.0,01JRZVVD8WBQEKB5T84KZDZJ3F,01JRZTN1G2AJHMQHHFGGW6T0RB,31,animals,0.0,0,,roach,cockroach,['Insects'],True,31
tench,82679,1533.0,01JRZVVD8WBQEKB5T84KZDZJ3F,01JRZTN1G2AJHMQHHFGGW6T0RB,32,animals,0.0,0,,tench,tench,"['Fish', 'Water']",True,32
bream,85061,2382.0,01JRZVVD8WBQEKB5T84KZDZJ3F,01JRZTN1G2AJHMQHHFGGW6T0RB,33,animals,0.0,0,,bream,bream,"['Fish', 'Water']",False,33
perch,86410,1349.0,01JRZVVD8WBQEKB5T84KZDZJ3F,01JRZTN1G2AJHMQHHFGGW6T0RB,34,animals,0.0,0,,perch,perch,['Fish'],False,34
tuna,87751,1341.0,01JRZVVD8WBQEKB5T84KZDZJ3F,01JRZTN1G2AJHMQHHFGGW6T0RB,35,animals,0.0,0,,tuna,tuna,['Fish'],False,35
ant,91279,3528.0,01JRZVVD8WBQEKB5T84KZDZJ3F,01JRZTN1G2AJHMQHHFGGW6T0RB,36,animals,0.0,0,,ant,ant,['Insects'],True,36
gazelle,100120,8841.0,01JRZVVD8WBQEKB5T84KZDZJ3F,01JRZTN1G2AJHMQHHFGGW6T0RB,37,animals,0.0,0,,gazelle,gazelle,"['African', 'Deers']",True,37
macaque monkey,111129,11009.0,01JRZVVD8WBQEKB5T84KZDZJ3F,01JRZTN1G2AJHMQHHFGGW6T0RB,38,animals,0.0,0,,macaque monkey,macaque,"['Primates', 'Primates']",True,38
gorilla,113060,1931.0,01JRZVVD8WBQEKB5T84KZDZJ3F,01JRZTN1G2AJHMQHHFGGW6T0RB,39,animals,0.0,0,,gorilla,gorilla,"['African', 'Primates']",False,39
sheep,119455,6395.0,01JRZVVD8WBQEKB5T84KZDZJ3F,01JRZTN1G2AJHMQHHFGGW6T0RB,40,animals,0.0,0,,sheep,sheep,['Farm'],True,40
donkey,122628,3173.0,01JRZVVD8WBQEKB5T84KZDZJ3F,01JRZTN1G2AJHMQHHFGGW6T0RB,41,animals,0.0,0,,donkey,donkey,"['BeastsOfBurden', 'Farm']",False,41
falcon,139405,15172.0,01JRZVVD8WBQEKB5T84KZDZJ3F,01JRZTN1G2AJHMQHHFGGW6T0RB,43,animals,1.0,0,,falcon,falcon,['Bird'],True,42
eagle,141399,1994.0,01JRZVVD8WBQEKB5T84KZDZJ3F,01JRZTN1G2AJHMQHHFGGW6T0RB,44,animals,0.0,0,,eagle,eagle,['Bird'],False,43
robin,145783,4384.0,01JRZVVD8WBQEKB5T84KZDZJ3F,01JRZTN1G2AJHMQHHFGGW6T0RB,45,animals,0.0,0,,robin,robin,['Bird'],False,44
finch,146718,935.0,01JRZVVD8WBQEKB5T84KZDZJ3F,01JRZTN1G2AJHMQHHFGGW6T0RB,46,animals,0.0,0,,finch,finch,['Bird'],False,45
parakeet,149516,2798.0,01JRZVVD8WBQEKB5T84KZDZJ3F,01JRZTN1G2AJHMQHHFGGW6T0RB,47,animals,0.0,0,,parakeet,parakeet,"['Bird', 'Pets']",False,46
rat,153968,4452.0,01JRZVVD8WBQEKB5T84KZDZJ3F,01JRZTN1G2AJHMQHHFGGW6T0RB,48,animals,1.0,0,,rat,rat,['Rodents'],True,47
mouse,154810,842.0,01JRZVVD8WBQEKB5T84KZDZJ3F,01JRZTN1G2AJHMQHHFGGW6T0RB,49,animals,0.0,0,,mouse,mouse,"['Bird', 'Rodents']",False,48
dormouse,156663,1853.0,01JRZVVD8WBQEKB5T84KZDZJ3F,01JRZTN1G2AJHMQHHFGGW6T0RB,50,animals,0.0,0,,dormouse,dormouse,['Rodents'],False,49
shrew,160771,4108.0,01JRZVVD8WBQEKB5T84KZDZJ3F,01JRZTN1G2AJHMQHHFGGW6T0RB,51,animals,0.0,0,,shrew,shrew,"['Insectivores', 'Primates', 'Rodents']",False,50
raccoon,168678,7907.0,01JRZVVD8WBQEKB5T84KZDZJ3F,01JRZTN1G2AJHMQHHFGGW6T0RB,52,animals,0.0,0,,raccoon,raccoon,['NorthAmerican'],True,51
pony,170449,1771.0,01JRZVVD8WBQEKB5T84KZDZJ3F,01JRZTN1G2AJHMQHHFGGW6T0RB,53,animals,0.0,0,,pony,pony,"['BeastsOfBurden', 'Farm']",True,52
highland cow,178635,8186.0,01JRZVVD8WBQEKB5T84KZDZJ3F,01JRZTN1G2AJHMQHHFGGW6T0RB,54,animals,0.0,0,,highland cattle,highlandcow,"['Farm', 'Bovine']",False,53
jumper,3760,3760.0,01JRZVVD8WBQEKB5T84KZDZJ3F,01JRZTN1G2AJHMQHHFGGW6T0RB,0,clothes,1.0,0,,jumper,jumper,,True,0
cardigan,5990,2230.0,01JRZVVD8WBQEKB5T84KZDZJ3F,01JRZTN1G2AJHMQHHFGGW6T0RB,1,clothes,0.0,0,,cardigan,cardigan,,True,1
T-shirt,7472,1482.0,01JRZVVD8WBQEKB5T84KZDZJ3F,01JRZTN1G2AJHMQHHFGGW6T0RB,2,clothes,1.0,0,,tshirt,tshirt,,True,2
long sleeved shirt,12120,4648.0,01JRZVVD8WBQEKB5T84KZDZJ3F,01JRZTN1G2AJHMQHHFGGW6T0RB,3,clothes,1.0,0,,long sleeved shirt,longsleevedshirt,,True,3
dress shirt,14167,2047.0,01JRZVVD8WBQEKB5T84KZDZJ3F,01JRZTN1G2AJHMQHHFGGW6T0RB,4,clothes,0.0,0,,dress shirt,dresshirt,,True,4
blouse,15481,1314.0,01JRZVVD8WBQEKB5T84KZDZJ3F,01JRZTN1G2AJHMQHHFGGW6T0RB,5,clothes,0.0,0,,blouse,blouse,,True,5
sweatshirt,17813,2332.0,01JRZVVD8WBQEKB5T84KZDZJ3F,01JRZTN1G2AJHMQHHFGGW6T0RB,6,clothes,0.0,0,,sweatshirt,sweatshirt,,True,6
sash,22989,5176.0,01JRZVVD8WBQEKB5T84KZDZJ3F,01JRZTN1G2AJHMQHHFGGW6T0RB,7,clothes,0.0,0,,sash,sash,,True,7
cummerbund,27799,4810.0,01JRZVVD8WBQEKB5T84KZDZJ3F,01JRZTN1G2AJHMQHHFGGW6T0RB,8,clothes,0.0,0,,cummerbund,cummerbund,,True,8
sock,31163,3364.0,01JRZVVD8WBQEKB5T84KZDZJ3F,01JRZTN1G2AJHMQHHFGGW6T0RB,9,clothes,1.0,0,,socks,sock,,True,9
football sock,33184,2021.0,01JRZVVD8WBQEKB5T84KZDZJ3F,01JRZTN1G2AJHMQHHFGGW6T0RB,10,clothes,0.0,0,,football socks,footballsock,,True,10
short,34969,1785.0,01JRZVVD8WBQEKB5T84KZDZJ3F,01JRZTN1G2AJHMQHHFGGW6T0RB,11,clothes,0.0,0,,shorts,short,,True,11
brief,37373,2404.0,01JRZVVD8WBQEKB5T84KZDZJ3F,01JRZTN1G2AJHMQHHFGGW6T0RB,12,clothes,1.0,0,,briefs,brief,,True,12
boxer,38501,1128.0,01JRZVVD8WBQEKB5T84KZDZJ3F,01JRZTN1G2AJHMQHHFGGW6T0RB,13,clothes,0.0,0,,boxers,boxer,,True,13
knicker,40404,1903.0,01JRZVVD8WBQEKB5T84KZDZJ3F,01JRZTN1G2AJHMQHHFGGW6T0RB,14,clothes,0.0,0,,knickers,knicker,,True,14
panty,43934,3530.0,01JRZVVD8WBQEKB5T84KZDZJ3F,01JRZTN1G2AJHMQHHFGGW6T0RB,15,clothes,0.0,0,,panties,panty,,True,15
bra,46556,2622.0,01JRZVVD8WBQEKB5T84KZDZJ3F,01JRZTN1G2AJHMQHHFGGW6T0RB,16,clothes,0.0,0,,bra,bra,,True,16
slip,48550,1994.0,01JRZVVD8WBQEKB5T84KZDZJ3F,01JRZTN1G2AJHMQHHFGGW6T0RB,17,clothes,0.0,0,,slip,slip,,True,17
camisole,50625,2075.0,01JRZVVD8WBQEKB5T84KZDZJ3F,01JRZTN1G2AJHMQHHFGGW6T0RB,18,clothes,0.0,0,,camisole,camisole,,True,18
pyjama,57164,6539.0,01JRZVVD8WBQEKB5T84KZDZJ3F,01JRZTN1G2AJHMQHHFGGW6T0RB,19,clothes,1.0,0,,pyjamas - tshirt and shorts,pyjamatshirtandshort,,True,19
pyjama,61107,3943.0,01JRZVVD8WBQEKB5T84KZDZJ3F,01JRZTN1G2AJHMQHHFGGW6T0RB,20,clothes,0.0,0,,pyjamas - flannel,pyjama,,True,20
porkpie hat,67387,6280.0,01JRZVVD8WBQEKB5T84KZDZJ3F,01JRZTN1G2AJHMQHHFGGW6T0RB,21,clothes,1.0,0,,porkpie hat,porkpiehat,,True,21
cap,70061,2674.0,01JRZVVD8WBQEKB5T84KZDZJ3F,01JRZTN1G2AJHMQHHFGGW6T0RB,22,clothes,0.0,0,,cap,cap,,True,22
top hat,73442,3381.0,01JRZVVD8WBQEKB5T84KZDZJ3F,01JRZTN1G2AJHMQHHFGGW6T0RB,23,clothes,0.0,0,,tub hat,tophat,,True,23
flat cap,78796,5354.0,01JRZVVD8WBQEKB5T84KZDZJ3F,01JRZTN1G2AJHMQHHFGGW6T0RB,24,clothes,0.0,0,,flat cap,flatcap,,True,24
scarf,80574,1778.0,01JRZVVD8WBQEKB5T84KZDZJ3F,01JRZTN1G2AJHMQHHFGGW6T0RB,25,clothes,0.0,0,,scarg,scarf,,True,25
glove,83585,3011.0,01JRZVVD8WBQEKB5T84KZDZJ3F,01JRZTN1G2AJHMQHHFGGW6T0RB,26,clothes,0.0,0,,gloves,glove,,True,26
jean,86070,2485.0,01JRZVVD8WBQEKB5T84KZDZJ3F,01JRZTN1G2AJHMQHHFGGW6T0RB,27,clothes,1.0,0,,jeans,jean,,True,27
legging,88694,2624.0,01JRZVVD8WBQEKB5T84KZDZJ3F,01JRZTN1G2AJHMQHHFGGW6T0RB,28,clothes,0.0,0,,leggings,legging,,True,28
tracksuit bottom,93210,4516.0,01JRZVVD8WBQEKB5T84KZDZJ3F,01JRZTN1G2AJHMQHHFGGW6T0RB,29,clothes,0.0,0,,tracksuit bottoms,tracksuitbottom,,True,29
suit jacket,96226,3016.0,01JRZVVD8WBQEKB5T84KZDZJ3F,01JRZTN1G2AJHMQHHFGGW6T0RB,30,clothes,0.0,0,,suit jacket,suitjacket,,True,30
trouser,99023,2797.0,01JRZVVD8WBQEKB5T84KZDZJ3F,01JRZTN1G2AJHMQHHFGGW6T0RB,31,clothes,0.0,0,,suit trousers,trouser,,True,31
waistcoat,101392,2369.0,01JRZVVD8WBQEKB5T84KZDZJ3F,01JRZTN1G2AJHMQHHFGGW6T0RB,32,clothes,0.0,0,,waistcoat,waistcoat,,True,32
trainer,103105,1713.0,01JRZVVD8WBQEKB5T84KZDZJ3F,01JRZTN1G2AJHMQHHFGGW6T0RB,33,clothes,1.0,0,,trainers,trainer,,True,33
high heel shoe,105313,2208.0,01JRZVVD8WBQEKB5T84KZDZJ3F,01JRZTN1G2AJHMQHHFGGW6T0RB,34,clothes,0.0,0,,high heel shoes,highheelshoe,,True,34
flat shoe,108173,2860.0,01JRZVVD8WBQEKB5T84KZDZJ3F,01JRZTN1G2AJHMQHHFGGW6T0RB,35,clothes,0.0,0,,flat shoes,flatshoe,,True,35
dress shoe,111916,3743.0,01JRZVVD8WBQEKB5T84KZDZJ3F,01JRZTN1G2AJHMQHHFGGW6T0RB,36,clothes,0.0,0,,dress shoes,dresshoe,,True,36
tie,112957,1041.0,01JRZVVD8WBQEKB5T84KZDZJ3F,01JRZTN1G2AJHMQHHFGGW6T0RB,37,clothes,1.0,0,,tie,tie,,True,37
bowtie,114315,1358.0,01JRZVVD8WBQEKB5T84KZDZJ3F,01JRZTN1G2AJHMQHHFGGW6T0RB,38,clothes,0.0,0,,bowtie,bowtie,,True,38
cufflink,116195,1880.0,01JRZVVD8WBQEKB5T84KZDZJ3F,01JRZTN1G2AJHMQHHFGGW6T0RB,39,clothes,0.0,0,,cufflinks,cufflink,,True,39
coat,121667,5472.0,01JRZVVD8WBQEKB5T84KZDZJ3F,01JRZTN1G2AJHMQHHFGGW6T0RB,40,clothes,1.0,0,,coat,coat,,True,40
jacket,124025,2358.0,01JRZVVD8WBQEKB5T84KZDZJ3F,01JRZTN1G2AJHMQHHFGGW6T0RB,41,clothes,0.0,0,,jacket,jacket,,True,41
hoodie,132060,8035.0,01JRZVVD8WBQEKB5T84KZDZJ3F,01JRZTN1G2AJHMQHHFGGW6T0RB,42,clothes,0.0,0,,hoody,hoodie,,True,42
zipped hoody,136199,4139.0,01JRZVVD8WBQEKB5T84KZDZJ3F,01JRZTN1G2AJHMQHHFGGW6T0RB,43,clothes,0.0,0,,zipped hoody,zippedhoody,,True,43
belt,148517,12318.0,01JRZVVD8WBQEKB5T84KZDZJ3F,01JRZTN1G2AJHMQHHFGGW6T0RB,44,clothes,0.0,0,,belt,belt,,True,44
skirt,155634,7117.0,01JRZVVD8WBQEKB5T84KZDZJ3F,01JRZTN1G2AJHMQHHFGGW6T0RB,45,clothes,0.0,0,,skirt,skirt,,True,45
dress,160556,4922.0,01JRZVVD8WBQEKB5T84KZDZJ3F,01JRZTN1G2AJHMQHHFGGW6T0RB,46,clothes,0.0,0,,dress,dres,,True,46
apron,171811,11255.0,01JRZVVD8WBQEKB5T84KZDZJ3F,01JRZTN1G2AJHMQHHFGGW6T0RB,47,clothes,1.0,0,,apron,apron,,True,47
pirate hat,178333,6522.0,01JRZVVD8WBQEKB5T84KZDZJ3F,01JRZTN1G2AJHMQHHFGGW6T0RB,48,clothes,0.0,0,,pirate hat,piratehat,,True,48
trolley,3197,3197.0,01JRZVVD8WBQEKB5T84KZDZJ3F,01JRZTN1G2AJHMQHHFGGW6T0RB,0,supermarket,1.0,0,,trolley,trolley,,True,0
till,5084,1887.0,01JRZVVD8WBQEKB5T84KZDZJ3F,01JRZTN1G2AJHMQHHFGGW6T0RB,1,supermarket,1.0,0,,till,till,,True,1
cashier,7927,2843.0,01JRZVVD8WBQEKB5T84KZDZJ3F,01JRZTN1G2AJHMQHHFGGW6T0RB,2,supermarket,1.0,0,,cashier,cashier,,True,2
basket,8937,1010.0,01JRZVVD8WBQEKB5T84KZDZJ3F,01JRZTN1G2AJHMQHHFGGW6T0RB,3,supermarket,0.0,0,,basket,basket,,True,3
shelf,10297,1360.0,01JRZVVD8WBQEKB5T84KZDZJ3F,01JRZTN1G2AJHMQHHFGGW6T0RB,4,supermarket,0.0,0,,shelves,shelf,,True,4
groceries,13148,2851.0,01JRZVVD8WBQEKB5T84KZDZJ3F,01JRZTN1G2AJHMQHHFGGW6T0RB,5,supermarket,1.0,0,,groceries,grocery,,True,5
electrical good,16599,3451.0,01JRZVVD8WBQEKB5T84KZDZJ3F,01JRZTN1G2AJHMQHHFGGW6T0RB,6,supermarket,0.0,0,,electrical goods,electricalgood,,True,6
receipt,18029,1430.0,01JRZVVD8WBQEKB5T84KZDZJ3F,01JRZTN1G2AJHMQHHFGGW6T0RB,7,supermarket,0.0,0,,receipts,receipt,,True,7
manager,22442,4413.0,01JRZVVD8WBQEKB5T84KZDZJ3F,01JRZTN1G2AJHMQHHFGGW6T0RB,8,supermarket,0.0,0,,manager,manager,,True,8
employee,23666,1224.0,01JRZVVD8WBQEKB5T84KZDZJ3F,01JRZTN1G2AJHMQHHFGGW6T0RB,9,supermarket,0.0,0,,staff,employee,,True,9
customer service desk,32897,9231.0,01JRZVVD8WBQEKB5T84KZDZJ3F,01JRZTN1G2AJHMQHHFGGW6T0RB,10,supermarket,0.0,0,,customer service desk,customerservicedesk,,True,10
toilet,34717,1820.0,01JRZVVD8WBQEKB5T84KZDZJ3F,01JRZTN1G2AJHMQHHFGGW6T0RB,11,supermarket,1.0,0,,toilets,toilet,,True,11
cigarette kiosk,38839,4122.0,01JRZVVD8WBQEKB5T84KZDZJ3F,01JRZTN1G2AJHMQHHFGGW6T0RB,12,supermarket,0.0,0,,cigarette kiosk,cigarettekiosk,,True,12
bakery,42269,3430.0,01JRZVVD8WBQEKB5T84KZDZJ3F,01JRZTN1G2AJHMQHHFGGW6T0RB,13,supermarket,0.0,0,,bakery section,bakery,,True,13
frozen section,45246,2977.0,01JRZVVD8WBQEKB5T84KZDZJ3F,01JRZTN1G2AJHMQHHFGGW6T0RB,14,supermarket,0.0,0,,frozen section,frozensection,,True,14
delicatessen,53919,8673.0,01JRZVVD8WBQEKB5T84KZDZJ3F,01JRZTN1G2AJHMQHHFGGW6T0RB,15,supermarket,0.0,0,,delicatessan,delicatessen,,True,15
entertainment,63545,9626.0,01JRZVVD8WBQEKB5T84KZDZJ3F,01JRZTN1G2AJHMQHHFGGW6T0RB,16,supermarket,0.0,0,,entertainment aisle,entertainment,,True,16
aisle,66582,3037.0,01JRZVVD8WBQEKB5T84KZDZJ3F,01JRZTN1G2AJHMQHHFGGW6T0RB,17,supermarket,0.0,0,,aisles,aisle,,True,17
parking lot,69992,3410.0,01JRZVVD8WBQEKB5T84KZDZJ3F,01JRZTN1G2AJHMQHHFGGW6T0RB,18,supermarket,0.0,0,,car park,parkinglot,,True,18
fruit or vegetable,79474,9482.0,01JRZVVD8WBQEKB5T84KZDZJ3F,01JRZTN1G2AJHMQHHFGGW6T0RB,19,supermarket,0.0,0,,fruit and vegetables,fruitorvegetable,,True,19
fish counter,83696,4222.0,01JRZVVD8WBQEKB5T84KZDZJ3F,01JRZTN1G2AJHMQHHFGGW6T0RB,20,supermarket,0.0,0,,fish counter,fishcounter,,True,20
pizza counter,86315,2619.0,01JRZVVD8WBQEKB5T84KZDZJ3F,01JRZTN1G2AJHMQHHFGGW6T0RB,21,supermarket,0.0,0,,pizza counter,pizzacounter,,True,21
postbox,91061,4746.0,01JRZVVD8WBQEKB5T84KZDZJ3F,01JRZTN1G2AJHMQHHFGGW6T0RB,22,supermarket,0.0,0,,post box,postbox,,True,22
queue,95914,4853.0,01JRZVVD8WBQEKB5T84KZDZJ3F,01JRZTN1G2AJHMQHHFGGW6T0RB,23,supermarket,0.0,0,,queues,queue,,True,23
queue divider,99575,3661.0,01JRZVVD8WBQEKB5T84KZDZJ3F,01JRZTN1G2AJHMQHHFGGW6T0RB,24,supermarket,0.0,0,,queue divider,queuedivider,,True,24
health and beauty section,106503,6928.0,01JRZVVD8WBQEKB5T84KZDZJ3F,01JRZTN1G2AJHMQHHFGGW6T0RB,25,supermarket,0.0,0,,home and beauty section,healthandbeautysection,,True,25
pharmacy,110542,4039.0,01JRZVVD8WBQEKB5T84KZDZJ3F,01JRZTN1G2AJHMQHHFGGW6T0RB,26,supermarket,0.0,0,,medical section,pharmacy,,True,26
alcohol,120515,9973.0,01JRZVVD8WBQEKB5T84KZDZJ3F,01JRZTN1G2AJHMQHHFGGW6T0RB,27,supermarket,0.0,0,,alcohol aisle,alcohol,,True,27
confectionery,129684,9169.0,01JRZVVD8WBQEKB5T84KZDZJ3F,01JRZTN1G2AJHMQHHFGGW6T0RB,28,supermarket,0.0,0,,confectionery section,confectionery,,True,28
shopping list,169995,40311.0,01JRZVVD8WBQEKB5T84KZDZJ3F,01JRZTN1G2AJHMQHHFGGW6T0RB,29,supermarket,0.0,0,,shopping lists,shoppinglist,,True,29
shopper,172086,2091.0,01JRZVVD8WBQEKB5T84KZDZJ3F,01JRZTN1G2AJHMQHHFGGW6T0RB,30,supermarket,0.0,0,,shoppers,shopper,,True,30
cat,6291,6291.0,01JRZVZSHRSYTEMFHWQ5S7MR6A,01JRZTN1HBY54H4F5KYMFBDFB6,0,animals,1.0,0,,cat,cat,"['Pets', 'Feline']",True,0
dog,11180,4889.0,01JRZVZSHRSYTEMFHWQ5S7MR6A,01JRZTN1HBY54H4F5KYMFBDFB6,1,animals,1.0,0,,dog,dog,"['Canine', 'Pets']",False,1
bear,14583,3403.0,01JRZVZSHRSYTEMFHWQ5S7MR6A,01JRZTN1HBY54H4F5KYMFBDFB6,2,animals,0.0,0,,bear,bear,['NorthAmerican'],True,2
elephant,18713,4130.0,01JRZVZSHRSYTEMFHWQ5S7MR6A,01JRZTN1HBY54H4F5KYMFBDFB6,3,animals,0.0,0,,elephant,elephant,['African'],True,3
Rabbit,25686,6973.0,01JRZVZSHRSYTEMFHWQ5S7MR6A,01JRZTN1HBY54H4F5KYMFBDFB6,4,animals,0.0,0,,Rabbit,rabbit,"['NorthAmerican', 'Pets', 'Rabbit', 'UsedForFur']",True,4
Lion,33290,7604.0,01JRZVZSHRSYTEMFHWQ5S7MR6A,01JRZTN1HBY54H4F5KYMFBDFB6,5,animals,0.0,0,,Lion,lion,"['African', 'Feline']",True,5
Rhino,37989,4699.0,01JRZVZSHRSYTEMFHWQ5S7MR6A,01JRZTN1HBY54H4F5KYMFBDFB6,6,animals,0.0,0,,Rhino,rhino,['African'],False,6
Cheetah,46792,8803.0,01JRZVZSHRSYTEMFHWQ5S7MR6A,01JRZTN1HBY54H4F5KYMFBDFB6,7,animals,0.0,0,,Cheetah,cheetah,"['African', 'Feline']",False,7
Giraffe,64697,17905.0,01JRZVZSHRSYTEMFHWQ5S7MR6A,01JRZTN1HBY54H4F5KYMFBDFB6,8,animals,0.0,0,,Giraffe,giraffe,['African'],False,8
monkey,70100,5403.0,01JRZVZSHRSYTEMFHWQ5S7MR6A,01JRZTN1HBY54H4F5KYMFBDFB6,9,animals,0.0,0,,monkey,monkey,"['African', 'Primates']",False,9
gorilla,79264,9164.0,01JRZVZSHRSYTEMFHWQ5S7MR6A,01JRZTN1HBY54H4F5KYMFBDFB6,10,animals,0.0,0,,gorilla,gorilla,"['African', 'Primates']",False,10
Zebra,85801,6537.0,01JRZVZSHRSYTEMFHWQ5S7MR6A,01JRZTN1HBY54H4F5KYMFBDFB6,11,animals,0.0,0,,Zebra,zebra,['African'],False,11
Hyena,103704,17903.0,01JRZVZSHRSYTEMFHWQ5S7MR6A,01JRZTN1HBY54H4F5KYMFBDFB6,12,animals,0.0,0,,Hyena,hyena,"['African', 'Canine']",False,12
Deer,107900,4196.0,01JRZVZSHRSYTEMFHWQ5S7MR6A,01JRZTN1HBY54H4F5KYMFBDFB6,13,animals,0.0,0,,Deer,deer,"['Deers', 'NorthAmerican']",True,13
Snake,130646,22746.0,01JRZVZSHRSYTEMFHWQ5S7MR6A,01JRZTN1HBY54H4F5KYMFBDFB6,14,animals,0.0,0,,Snake,snake,"['Farm', 'ReptileAmphibian']",True,14
Donkey,139073,8427.0,01JRZVZSHRSYTEMFHWQ5S7MR6A,01JRZTN1HBY54H4F5KYMFBDFB6,15,animals,1.0,0,,Donkey,donkey,"['BeastsOfBurden', 'Farm']",False,15
Horse,142473,3400.0,01JRZVZSHRSYTEMFHWQ5S7MR6A,01JRZTN1HBY54H4F5KYMFBDFB6,16,animals,1.0,0,,Horse,horse,"['BeastsOfBurden', 'Farm']",False,16
Ostrich,155414,12941.0,01JRZVZSHRSYTEMFHWQ5S7MR6A,01JRZTN1HBY54H4F5KYMFBDFB6,17,animals,0.0,0,,Ostrich,ostrich,"['African', 'Bird']",True,17
Crocodile,163234,7820.0,01JRZVZSHRSYTEMFHWQ5S7MR6A,01JRZTN1HBY54H4F5KYMFBDFB6,18,animals,0.0,0,,Crocodile,crocodile,['ReptileAmphibian'],True,18
Lizard,172999,9765.0,01JRZVZSHRSYTEMFHWQ5S7MR6A,01JRZTN1HBY54H4F5KYMFBDFB6,19,animals,0.0,0,,Lizard,lizard,['ReptileAmphibian'],False,19
Eagle,179429,6430.0,01JRZVZSHRSYTEMFHWQ5S7MR6A,01JRZTN1HBY54H4F5KYMFBDFB6,20,animals,0.0,0,,Eagle,eagle,['Bird'],True,20
Dress,5921,5921.0,01JRZVZSHRSYTEMFHWQ5S7MR6A,01JRZTN1HBY54H4F5KYMFBDFB6,0,clothes,1.0,0,,Dress,dres,,True,0
Trousers,11280,5359.0,01JRZVZSHRSYTEMFHWQ5S7MR6A,01JRZTN1HBY54H4F5KYMFBDFB6,1,clothes,1.0,0,,Trousers,trousers,,True,1
Shirt,20157,8877.0,01JRZVZSHRSYTEMFHWQ5S7MR6A,01JRZTN1HBY54H4F5KYMFBDFB6,2,clothes,0.0,0,,Shirt,shirt,,True,2
Skirt,25670,5513.0,01JRZVZSHRSYTEMFHWQ5S7MR6A,01JRZTN1HBY54H4F5KYMFBDFB6,3,clothes,0.0,0,,Skirt,skirt,,True,3
Tie,29013,3343.0,01JRZVZSHRSYTEMFHWQ5S7MR6A,01JRZTN1HBY54H4F5KYMFBDFB6,4,clothes,0.0,0,,Tie,tie,,True,4
Short,34808,5795.0,01JRZVZSHRSYTEMFHWQ5S7MR6A,01JRZTN1HBY54H4F5KYMFBDFB6,5,clothes,0.0,0,,Shorts,short,,True,5
Sock,39080,4272.0,01JRZVZSHRSYTEMFHWQ5S7MR6A,01JRZTN1HBY54H4F5KYMFBDFB6,6,clothes,0.0,0,,Socks,sock,,True,6
Hat,43167,4087.0,01JRZVZSHRSYTEMFHWQ5S7MR6A,01JRZTN1HBY54H4F5KYMFBDFB6,7,clothes,1.0,0,,Hat,hat,,True,7
Beanie,48388,5221.0,01JRZVZSHRSYTEMFHWQ5S7MR6A,01JRZTN1HBY54H4F5KYMFBDFB6,8,clothes,1.0,0,,Beanie,beanie,,True,8
Coat,52344,3956.0,01JRZVZSHRSYTEMFHWQ5S7MR6A,01JRZTN1HBY54H4F5KYMFBDFB6,9,clothes,0.0,0,,Coat,coat,,True,9
Vest,60211,7867.0,01JRZVZSHRSYTEMFHWQ5S7MR6A,01JRZTN1HBY54H4F5KYMFBDFB6,10,clothes,1.0,0,,Vest,vest,,True,10
T-shirt,65359,5148.0,01JRZVZSHRSYTEMFHWQ5S7MR6A,01JRZTN1HBY54H4F5KYMFBDFB6,11,clothes,1.0,0,,T-shirt,tshirt,,True,11
Stocking,91072,25713.0,01JRZVZSHRSYTEMFHWQ5S7MR6A,01JRZTN1HBY54H4F5KYMFBDFB6,12,clothes,0.0,0,,Stockings,stocking,,True,12
Jacket,103750,12678.0,01JRZVZSHRSYTEMFHWQ5S7MR6A,01JRZTN1HBY54H4F5KYMFBDFB6,13,clothes,0.0,0,,Jacket,jacket,,True,13
Pyjama,109274,5524.0,01JRZVZSHRSYTEMFHWQ5S7MR6A,01JRZTN1HBY54H4F5KYMFBDFB6,14,clothes,1.0,0,,Pyjamas,pyjama,,True,14
Nightie,117276,8002.0,01JRZVZSHRSYTEMFHWQ5S7MR6A,01JRZTN1HBY54H4F5KYMFBDFB6,15,clothes,1.0,0,,Nightie,nightie,,True,15
Gown,122148,4872.0,01JRZVZSHRSYTEMFHWQ5S7MR6A,01JRZTN1HBY54H4F5KYMFBDFB6,16,clothes,1.0,0,,Gowen,gown,,True,16
Scarf,132074,9926.0,01JRZVZSHRSYTEMFHWQ5S7MR6A,01JRZTN1HBY54H4F5KYMFBDFB6,17,clothes,1.0,0,,Scarf,scarf,,True,17
Glove,137420,5346.0,01JRZVZSHRSYTEMFHWQ5S7MR6A,01JRZTN1HBY54H4F5KYMFBDFB6,18,clothes,1.0,0,,Gloves,glove,,True,18
Belt,146511,9091.0,01JRZVZSHRSYTEMFHWQ5S7MR6A,01JRZTN1HBY54H4F5KYMFBDFB6,19,clothes,1.0,0,,Belt,belt,,True,19
Underwear,167931,21420.0,01JRZVZSHRSYTEMFHWQ5S7MR6A,01JRZTN1HBY54H4F5KYMFBDFB6,20,clothes,1.0,0,,Underwear,underwear,,True,20
Bra,175453,7522.0,01JRZVZSHRSYTEMFHWQ5S7MR6A,01JRZTN1HBY54H4F5KYMFBDFB6,21,clothes,1.0,0,,Bra,bra,,True,21
Coffee,7647,7647.0,01JRZVZSHRSYTEMFHWQ5S7MR6A,01JRZTN1HBY54H4F5KYMFBDFB6,0,supermarket,1.0,0,,Coffee,coffee,,True,0
Milk,12163,4516.0,01JRZVZSHRSYTEMFHWQ5S7MR6A,01JRZTN1HBY54H4F5KYMFBDFB6,1,supermarket,1.0,0,,Milk,milk,,True,1
Sugar,15806,3643.0,01JRZVZSHRSYTEMFHWQ5S7MR6A,01JRZTN1HBY54H4F5KYMFBDFB6,2,supermarket,1.0,0,,Sugar,sugar,,True,2
Tea,19245,3439.0,01JRZVZSHRSYTEMFHWQ5S7MR6A,01JRZTN1HBY54H4F5KYMFBDFB6,3,supermarket,1.0,0,,Tea,tea,,True,3
Rice,22801,3556.0,01JRZVZSHRSYTEMFHWQ5S7MR6A,01JRZTN1HBY54H4F5KYMFBDFB6,4,supermarket,0.0,0,,Rice,rice,,True,4
Soap,26705,3904.0,01JRZVZSHRSYTEMFHWQ5S7MR6A,01JRZTN1HBY54H4F5KYMFBDFB6,5,supermarket,0.0,0,,Soap,soap,,True,5
JUICE,148213,121508.0,01JRZVZSHRSYTEMFHWQ5S7MR6A,01JRZTN1HBY54H4F5KYMFBDFB6,6,supermarket,0.0,0,,JUICE,juice,,True,6
SALT,153011,4798.0,01JRZVZSHRSYTEMFHWQ5S7MR6A,01JRZTN1HBY54H4F5KYMFBDFB6,7,supermarket,0.0,0,,SALT,salt,,True,7
Chicken,160914,7903.0,01JRZVZSHRSYTEMFHWQ5S7MR6A,01JRZTN1HBY54H4F5KYMFBDFB6,8,supermarket,0.0,0,,Chicken,chicken,,True,8
Pie,164983,4069.0,01JRZVZSHRSYTEMFHWQ5S7MR6A,01JRZTN1HBY54H4F5KYMFBDFB6,9,supermarket,1.0,0,,Pie,pie,,True,9
Bread,174255,9272.0,01JRZVZSHRSYTEMFHWQ5S7MR6A,01JRZTN1HBY54H4F5KYMFBDFB6,10,supermarket,1.0,0,,Bread,bread,,True,10
T-shirt,14247,14247.0,01JRZWQWV673K9MRS7JRNHV6K1,01JRZTN1FWAHG3E3Y9K3WFREG8,0,clothes,1.0,0,,T-shirts,tshirt,,True,0
Pant,20367,6120.0,01JRZWQWV673K9MRS7JRNHV6K1,01JRZTN1FWAHG3E3Y9K3WFREG8,1,clothes,0.0,0,,Pants,pant,,True,1
Vest,34056,13689.0,01JRZWQWV673K9MRS7JRNHV6K1,01JRZTN1FWAHG3E3Y9K3WFREG8,2,clothes,0.0,0,,Vest,vest,,True,2
Tank top,49058,15002.0,01JRZWQWV673K9MRS7JRNHV6K1,01JRZTN1FWAHG3E3Y9K3WFREG8,3,clothes,0.0,0,,Tank top,tanktop,,True,3
jean,63750,14692.0,01JRZWQWV673K9MRS7JRNHV6K1,01JRZTN1FWAHG3E3Y9K3WFREG8,4,clothes,0.0,0,,Denim jeans,jean,,True,4
Jacket,80031,16281.0,01JRZWQWV673K9MRS7JRNHV6K1,01JRZTN1FWAHG3E3Y9K3WFREG8,5,clothes,0.0,0,,Jacket,jacket,,True,5
Shoe,93195,13164.0,01JRZWQWV673K9MRS7JRNHV6K1,01JRZTN1FWAHG3E3Y9K3WFREG8,6,clothes,0.0,0,,Shoes,shoe,,True,6
Tennis shoe,109949,16754.0,01JRZWQWV673K9MRS7JRNHV6K1,01JRZTN1FWAHG3E3Y9K3WFREG8,7,clothes,0.0,0,,Tennis shoes,tennishoe,,True,7
Gown,123746,13797.0,01JRZWQWV673K9MRS7JRNHV6K1,01JRZTN1FWAHG3E3Y9K3WFREG8,8,clothes,1.0,0,,Gown,gown,,True,8
Slipper,136553,12807.0,01JRZWQWV673K9MRS7JRNHV6K1,01JRZTN1FWAHG3E3Y9K3WFREG8,9,clothes,1.0,0,,Slippers,slipper,,True,9
Boot,151495,14942.0,01JRZWQWV673K9MRS7JRNHV6K1,01JRZTN1FWAHG3E3Y9K3WFREG8,10,clothes,0.0,0,,Boots,boot,,True,10
Nike jean,164244,12749.0,01JRZWQWV673K9MRS7JRNHV6K1,01JRZTN1FWAHG3E3Y9K3WFREG8,11,clothes,0.0,0,,Nike jeans,nikejean,,True,11
Winter coat,179293,15049.0,01JRZWQWV673K9MRS7JRNHV6K1,01JRZTN1FWAHG3E3Y9K3WFREG8,12,clothes,0.0,0,,Winter coat,wintercoat,,True,12
Sugar,8931,8931.0,01JRZWQWV673K9MRS7JRNHV6K1,01JRZTN1FWAHG3E3Y9K3WFREG8,0,supermarket,1.0,0,,Sugar,sugar,,True,0
Bean,12398,3467.0,01JRZWQWV673K9MRS7JRNHV6K1,01JRZTN1FWAHG3E3Y9K3WFREG8,1,supermarket,0.0,0,,Beans,bean,,True,1
Bread,15449,3051.0,01JRZWQWV673K9MRS7JRNHV6K1,01JRZTN1FWAHG3E3Y9K3WFREG8,2,supermarket,0.0,0,,Bread,bread,,True,2
Rice,19669,4220.0,01JRZWQWV673K9MRS7JRNHV6K1,01JRZTN1FWAHG3E3Y9K3WFREG8,3,supermarket,0.0,0,,Rice,rice,,True,3
Cereal,23093,3424.0,01JRZWQWV673K9MRS7JRNHV6K1,01JRZTN1FWAHG3E3Y9K3WFREG8,4,supermarket,0.0,0,,Cereal,cereal,,True,4
Dishwashing liquid,34414,11321.0,01JRZWQWV673K9MRS7JRNHV6K1,01JRZTN1FWAHG3E3Y9K3WFREG8,5,supermarket,0.0,0,,Dishwashing liquid,dishwashingliquid,,True,5
Maize meal,47590,13176.0,01JRZWQWV673K9MRS7JRNHV6K1,01JRZTN1FWAHG3E3Y9K3WFREG8,6,supermarket,0.0,0,,Maize meal,maizemeal,,True,6
Pie,53685,6095.0,01JRZWQWV673K9MRS7JRNHV6K1,01JRZTN1FWAHG3E3Y9K3WFREG8,7,supermarket,0.0,0,,Pie,pie,,True,7
Egg,61319,7634.0,01JRZWQWV673K9MRS7JRNHV6K1,01JRZTN1FWAHG3E3Y9K3WFREG8,8,supermarket,0.0,0,,Eggs,egg,,True,8
Muffin,71519,10200.0,01JRZWQWV673K9MRS7JRNHV6K1,01JRZTN1FWAHG3E3Y9K3WFREG8,9,supermarket,0.0,0,,Muffins,muffin,,True,9
Powdered soup,87539,16020.0,01JRZWQWV673K9MRS7JRNHV6K1,01JRZTN1FWAHG3E3Y9K3WFREG8,10,supermarket,0.0,0,,Powder soup,powderedsoup,,True,10
Coffee,94548,7009.0,01JRZWQWV673K9MRS7JRNHV6K1,01JRZTN1FWAHG3E3Y9K3WFREG8,11,supermarket,1.0,0,,Coffee,coffee,,True,11
Tea,97440,2892.0,01JRZWQWV673K9MRS7JRNHV6K1,01JRZTN1FWAHG3E3Y9K3WFREG8,12,supermarket,1.0,0,,Tea,tea,,True,12
Soap,110390,12950.0,01JRZWQWV673K9MRS7JRNHV6K1,01JRZTN1FWAHG3E3Y9K3WFREG8,13,supermarket,0.0,0,,Soap,soap,,True,13
Earbud,117255,6865.0,01JRZWQWV673K9MRS7JRNHV6K1,01JRZTN1FWAHG3E3Y9K3WFREG8,14,supermarket,0.0,0,,Earbuds,earbud,,True,14
Towel,126574,9319.0,01JRZWQWV673K9MRS7JRNHV6K1,01JRZTN1FWAHG3E3Y9K3WFREG8,15,supermarket,0.0,0,,Towels,towel,,True,15
Microwave,134858,8284.0,01JRZWQWV673K9MRS7JRNHV6K1,01JRZTN1FWAHG3E3Y9K3WFREG8,16,supermarket,0.0,0,,Microwave,microwave,,True,16
Stove,140477,5619.0,01JRZWQWV673K9MRS7JRNHV6K1,01JRZTN1FWAHG3E3Y9K3WFREG8,17,supermarket,0.0,0,,Stove,stove,,True,17
Spoon,148027,7550.0,01JRZWQWV673K9MRS7JRNHV6K1,01JRZTN1FWAHG3E3Y9K3WFREG8,18,supermarket,1.0,0,,Spoons,spoon,,True,18
Fork,155372,7345.0,01JRZWQWV673K9MRS7JRNHV6K1,01JRZTN1FWAHG3E3Y9K3WFREG8,19,supermarket,0.0,0,,Fork,fork,,True,19
Knife,160807,5435.0,01JRZWQWV673K9MRS7JRNHV6K1,01JRZTN1FWAHG3E3Y9K3WFREG8,20,supermarket,0.0,0,,Knife,knife,,True,20
Dish,168580,7773.0,01JRZWQWV673K9MRS7JRNHV6K1,01JRZTN1FWAHG3E3Y9K3WFREG8,21,supermarket,0.0,0,,Dishes,dish,,True,21
Cloth,178252,9672.0,01JRZWQWV673K9MRS7JRNHV6K1,01JRZTN1FWAHG3E3Y9K3WFREG8,22,supermarket,0.0,0,,Cloth,cloth,,True,22
dog,5840,5840.0,01JRZYA5RWAP9QC28P6WRAKD5C,01JRZTN1FSTEYDA6KQH9YYTT29,0,animals,1.0,0,,dog,dog,"['Canine', 'Pets']",True,0
cat,8551,2711.0,01JRZYA5RWAP9QC28P6WRAKD5C,01JRZTN1FSTEYDA6KQH9YYTT29,1,animals,1.0,0,,cat,cat,"['Pets', 'Feline']",False,1
fish,11032,2481.0,01JRZYA5RWAP9QC28P6WRAKD5C,01JRZTN1FSTEYDA6KQH9YYTT29,2,animals,0.0,0,,fish,fish,"['Fish', 'Water']",True,2
alligator,13895,2863.0,01JRZYA5RWAP9QC28P6WRAKD5C,01JRZTN1FSTEYDA6KQH9YYTT29,3,animals,0.0,0,,alligator,alligator,"['ReptileAmphibian', 'Water']",False,3
monkey,17128,3233.0,01JRZYA5RWAP9QC28P6WRAKD5C,01JRZTN1FSTEYDA6KQH9YYTT29,4,animals,0.0,0,,monkey,monkey,"['African', 'Primates']",True,4
giraffe,20777,3649.0,01JRZYA5RWAP9QC28P6WRAKD5C,01JRZTN1FSTEYDA6KQH9YYTT29,5,animals,0.0,0,,giraffe,giraffe,['African'],False,5
crocodile,24883,4106.0,01JRZYA5RWAP9QC28P6WRAKD5C,01JRZTN1FSTEYDA6KQH9YYTT29,6,animals,0.0,0,,crocodile,crocodile,['ReptileAmphibian'],True,6
horse,30987,6104.0,01JRZYA5RWAP9QC28P6WRAKD5C,01JRZTN1FSTEYDA6KQH9YYTT29,7,animals,0.0,0,,horse,horse,"['BeastsOfBurden', 'Farm']",True,7
cow,33437,2450.0,01JRZYA5RWAP9QC28P6WRAKD5C,01JRZTN1FSTEYDA6KQH9YYTT29,8,animals,0.0,0,,cow,cow,"['Bovine', 'Farm']",False,8
hamster,40049,6612.0,01JRZYA5RWAP9QC28P6WRAKD5C,01JRZTN1FSTEYDA6KQH9YYTT29,9,animals,0.0,0,,hamster,hamster,"['Pets', 'Rodents']",True,9
boar,44988,4939.0,01JRZYA5RWAP9QC28P6WRAKD5C,01JRZTN1FSTEYDA6KQH9YYTT29,10,animals,0.0,0,,boar,boar,['NorthAmerican'],True,10
pig,46898,1910.0,01JRZYA5RWAP9QC28P6WRAKD5C,01JRZTN1FSTEYDA6KQH9YYTT29,11,animals,0.0,0,,pig,pig,['Farm'],True,11
lamb,50175,3277.0,01JRZYA5RWAP9QC28P6WRAKD5C,01JRZTN1FSTEYDA6KQH9YYTT29,12,animals,0.0,0,,lamb,lamb,['Farm'],False,12
goat,51717,1542.0,01JRZYA5RWAP9QC28P6WRAKD5C,01JRZTN1FSTEYDA6KQH9YYTT29,13,animals,0.0,0,,goat,goat,['Farm'],False,13
orangutan,65435,13718.0,01JRZYA5RWAP9QC28P6WRAKD5C,01JRZTN1FSTEYDA6KQH9YYTT29,14,animals,0.0,0,,orangutang,orangutan,['Primates'],True,14
armadillo,74661,9226.0,01JRZYA5RWAP9QC28P6WRAKD5C,01JRZTN1FSTEYDA6KQH9YYTT29,15,animals,0.0,0,,armadillo,armadillo,['Insectivores'],True,15
turtle,78667,4006.0,01JRZYA5RWAP9QC28P6WRAKD5C,01JRZTN1FSTEYDA6KQH9YYTT29,16,animals,0.0,0,,turtle,turtle,"['ReptileAmphibian', 'Water']",True,16
lion,90303,11636.0,01JRZYA5RWAP9QC28P6WRAKD5C,01JRZTN1FSTEYDA6KQH9YYTT29,17,animals,1.0,0,,lion,lion,"['African', 'Feline']",True,17
tiger,91364,1061.0,01JRZYA5RWAP9QC28P6WRAKD5C,01JRZTN1FSTEYDA6KQH9YYTT29,18,animals,1.0,0,,tiger,tiger,"['African', 'Feline']",False,18
bear,92498,1134.0,01JRZYA5RWAP9QC28P6WRAKD5C,01JRZTN1FSTEYDA6KQH9YYTT29,19,animals,1.0,0,,bear,bear,['NorthAmerican'],True,19
chimpanzee,109156,16658.0,01JRZYA5RWAP9QC28P6WRAKD5C,01JRZTN1FSTEYDA6KQH9YYTT29,20,animals,0.0,0,,chimpanzee,chimpanzee,"['African', 'Primates']",True,20
raccoon,146913,37757.0,01JRZYA5RWAP9QC28P6WRAKD5C,01JRZTN1FSTEYDA6KQH9YYTT29,21,animals,0.0,0,,raccoon,raccoon,['NorthAmerican'],True,21
coyote,154075,7162.0,01JRZYA5RWAP9QC28P6WRAKD5C,01JRZTN1FSTEYDA6KQH9YYTT29,22,animals,0.0,0,,coyote,coyote,['Canine'],True,22
shark,165566,11491.0,01JRZYA5RWAP9QC28P6WRAKD5C,01JRZTN1FSTEYDA6KQH9YYTT29,23,animals,0.0,0,,shark,shark,"['Fish', 'Water']",True,23
T-shirt,4718,4718.0,01JRZYA5RWAP9QC28P6WRAKD5C,01JRZTN1FSTEYDA6KQH9YYTT29,0,clothes,1.0,0,,tshirt,tshirt,,True,0
tank top,7060,2342.0,01JRZYA5RWAP9QC28P6WRAKD5C,01JRZTN1FSTEYDA6KQH9YYTT29,1,clothes,1.0,0,,tank top,tanktop,,True,1
bra,9487,2427.0,01JRZYA5RWAP9QC28P6WRAKD5C,01JRZTN1FSTEYDA6KQH9YYTT29,2,clothes,0.0,0,,bra,bra,,True,2
underwear,11550,2063.0,01JRZYA5RWAP9QC28P6WRAKD5C,01JRZTN1FSTEYDA6KQH9YYTT29,3,clothes,0.0,0,,underwear,underwear,,True,3
swimsuit,15333,3783.0,01JRZYA5RWAP9QC28P6WRAKD5C,01JRZTN1FSTEYDA6KQH9YYTT29,4,clothes,0.0,0,,swimsuit,swimsuit,,True,4
pant,16667,1334.0,01JRZYA5RWAP9QC28P6WRAKD5C,01JRZTN1FSTEYDA6KQH9YYTT29,5,clothes,0.0,0,,pants,pant,,True,5
capri pant,19845,3178.0,01JRZYA5RWAP9QC28P6WRAKD5C,01JRZTN1FSTEYDA6KQH9YYTT29,6,clothes,0.0,0,,capri pants,capripant,,True,6
tube top,22219,2374.0,01JRZYA5RWAP9QC28P6WRAKD5C,01JRZTN1FSTEYDA6KQH9YYTT29,7,clothes,1.0,0,,tube top,tubetop,,True,7
long sleeve shirt,27511,5292.0,01JRZYA5RWAP9QC28P6WRAKD5C,01JRZTN1FSTEYDA6KQH9YYTT29,8,clothes,1.0,0,,long sleeve shirt,longsleeveshirt,,True,8
sweater,29417,1906.0,01JRZYA5RWAP9QC28P6WRAKD5C,01JRZTN1FSTEYDA6KQH9YYTT29,9,clothes,1.0,0,,sweater,sweater,,True,9
1/3 zip sweater,34631,5214.0,01JRZYA5RWAP9QC28P6WRAKD5C,01JRZTN1FSTEYDA6KQH9YYTT29,10,clothes,1.0,0,,1/3 zip sweater,13zipsweater,,True,10
turtleneck,38548,3917.0,01JRZYA5RWAP9QC28P6WRAKD5C,01JRZTN1FSTEYDA6KQH9YYTT29,11,clothes,1.0,0,,turtleneck,turtleneck,,True,11
undershirt,42229,3681.0,01JRZYA5RWAP9QC28P6WRAKD5C,01JRZTN1FSTEYDA6KQH9YYTT29,12,clothes,1.0,0,,undershirt,undershirt,,True,12
long john,45692,3463.0,01JRZYA5RWAP9QC28P6WRAKD5C,01JRZTN1FSTEYDA6KQH9YYTT29,13,clothes,0.0,0,,long johns,longjohn,,True,13
short,47458,1766.0,01JRZYA5RWAP9QC28P6WRAKD5C,01JRZTN1FSTEYDA6KQH9YYTT29,14,clothes,0.0,0,,shorts,short,,True,14
legging,51005,3547.0,01JRZYA5RWAP9QC28P6WRAKD5C,01JRZTN1FSTEYDA6KQH9YYTT29,15,clothes,0.0,0,,leggings,legging,,True,15
racerback tank top,62563,11558.0,01JRZYA5RWAP9QC28P6WRAKD5C,01JRZTN1FSTEYDA6KQH9YYTT29,16,clothes,1.0,0,,racerback tank top,racerbacktanktop,,True,16
blouse,66960,4397.0,01JRZYA5RWAP9QC28P6WRAKD5C,01JRZTN1FSTEYDA6KQH9YYTT29,17,clothes,1.0,0,,blouse,blouse,,True,17
button up shirt,71319,4359.0,01JRZYA5RWAP9QC28P6WRAKD5C,01JRZTN1FSTEYDA6KQH9YYTT29,18,clothes,1.0,0,,button up shirt,buttonupshirt,,True,18
jacket,72666,1347.0,01JRZYA5RWAP9QC28P6WRAKD5C,01JRZTN1FSTEYDA6KQH9YYTT29,19,clothes,0.0,0,,jacket,jacket,,True,19
parka,77240,4574.0,01JRZYA5RWAP9QC28P6WRAKD5C,01JRZTN1FSTEYDA6KQH9YYTT29,20,clothes,0.0,0,,parka,parka,,True,20
pajama,82738,5498.0,01JRZYA5RWAP9QC28P6WRAKD5C,01JRZTN1FSTEYDA6KQH9YYTT29,21,clothes,0.0,0,,pajamas,pajama,,True,21
snow pant,89463,6725.0,01JRZYA5RWAP9QC28P6WRAKD5C,01JRZTN1FSTEYDA6KQH9YYTT29,22,clothes,0.0,0,,snow pants,snowpant,,True,22
beanie,98580,9117.0,01JRZYA5RWAP9QC28P6WRAKD5C,01JRZTN1FSTEYDA6KQH9YYTT29,23,clothes,0.0,0,,beanie,beanie,,True,23
toque,100023,1443.0,01JRZYA5RWAP9QC28P6WRAKD5C,01JRZTN1FSTEYDA6KQH9YYTT29,24,clothes,0.0,0,,toque,toque,,True,24
mitten,102322,2299.0,01JRZYA5RWAP9QC28P6WRAKD5C,01JRZTN1FSTEYDA6KQH9YYTT29,25,clothes,0.0,0,,mittens,mitten,,True,25
glove,104634,2312.0,01JRZYA5RWAP9QC28P6WRAKD5C,01JRZTN1FSTEYDA6KQH9YYTT29,26,clothes,0.0,0,,gloves,glove,,True,26
sock,107293,2659.0,01JRZYA5RWAP9QC28P6WRAKD5C,01JRZTN1FSTEYDA6KQH9YYTT29,27,clothes,0.0,0,,socks,sock,,True,27
shoe,108919,1626.0,01JRZYA5RWAP9QC28P6WRAKD5C,01JRZTN1FSTEYDA6KQH9YYTT29,28,clothes,0.0,0,,shoes,shoe,,True,28
slipper,111839,2920.0,01JRZYA5RWAP9QC28P6WRAKD5C,01JRZTN1FSTEYDA6KQH9YYTT29,29,clothes,0.0,0,,slippers,slipper,,True,29
robe,122981,11142.0,01JRZYA5RWAP9QC28P6WRAKD5C,01JRZTN1FSTEYDA6KQH9YYTT29,30,clothes,0.0,0,,robe,robe,,True,30
dress,127675,4694.0,01JRZYA5RWAP9QC28P6WRAKD5C,01JRZTN1FSTEYDA6KQH9YYTT29,31,clothes,0.0,0,,dress,dres,,True,31
suit,130202,2527.0,01JRZYA5RWAP9QC28P6WRAKD5C,01JRZTN1FSTEYDA6KQH9YYTT29,32,clothes,0.0,0,,suit,suit,,True,32
skirt,131891,1689.0,01JRZYA5RWAP9QC28P6WRAKD5C,01JRZTN1FSTEYDA6KQH9YYTT29,33,clothes,0.0,0,,skirt,skirt,,True,33
thong,144092,12201.0,01JRZYA5RWAP9QC28P6WRAKD5C,01JRZTN1FSTEYDA6KQH9YYTT29,34,clothes,0.0,0,,thong,thong,,True,34
vest,148882,4790.0,01JRZYA5RWAP9QC28P6WRAKD5C,01JRZTN1FSTEYDA6KQH9YYTT29,35,clothes,0.0,0,,vest,vest,,True,35
scarf,153186,4304.0,01JRZYA5RWAP9QC28P6WRAKD5C,01JRZTN1FSTEYDA6KQH9YYTT29,36,clothes,0.0,0,,scarf,scarf,,True,36
cardigan,168351,15165.0,01JRZYA5RWAP9QC28P6WRAKD5C,01JRZTN1FSTEYDA6KQH9YYTT29,37,clothes,1.0,0,,cardigan,cardigan,,True,37
boxer,179391,11040.0,01JRZYA5RWAP9QC28P6WRAKD5C,01JRZTN1FSTEYDA6KQH9YYTT29,38,clothes,0.0,0,,boxers,boxer,,True,38
apple,3676,3676.0,01JRZYA5RWAP9QC28P6WRAKD5C,01JRZTN1FSTEYDA6KQH9YYTT29,0,supermarket,1.0,0,,apple,apple,,True,0
orange,5662,1986.0,01JRZYA5RWAP9QC28P6WRAKD5C,01JRZTN1FSTEYDA6KQH9YYTT29,1,supermarket,1.0,0,,orange,orange,,True,1
lettuce,8017,2355.0,01JRZYA5RWAP9QC28P6WRAKD5C,01JRZTN1FSTEYDA6KQH9YYTT29,2,supermarket,0.0,0,,lettuce,lettuce,,True,2
bread,9594,1577.0,01JRZYA5RWAP9QC28P6WRAKD5C,01JRZTN1FSTEYDA6KQH9YYTT29,3,supermarket,0.0,0,,bread,bread,,True,3
milk,10932,1338.0,01JRZYA5RWAP9QC28P6WRAKD5C,01JRZTN1FSTEYDA6KQH9YYTT29,4,supermarket,0.0,0,,milk,milk,,True,4
egg,12118,1186.0,01JRZYA5RWAP9QC28P6WRAKD5C,01JRZTN1FSTEYDA6KQH9YYTT29,5,supermarket,0.0,0,,eggs,egg,,True,5
salad dressing,17867,5749.0,01JRZYA5RWAP9QC28P6WRAKD5C,01JRZTN1FSTEYDA6KQH9YYTT29,6,supermarket,0.0,0,,salad dressing,saladdressing,,True,6
strawberry,22352,4485.0,01JRZYA5RWAP9QC28P6WRAKD5C,01JRZTN1FSTEYDA6KQH9YYTT29,7,supermarket,1.0,0,,strawberries,strawberry,,True,7
cherry,24828,2476.0,01JRZYA5RWAP9QC28P6WRAKD5C,01JRZTN1FSTEYDA6KQH9YYTT29,8,supermarket,1.0,0,,cherries,cherry,,True,8
cucumber,26855,2027.0,01JRZYA5RWAP9QC28P6WRAKD5C,01JRZTN1FSTEYDA6KQH9YYTT29,9,supermarket,0.0,0,,cucumber,cucumber,,True,9
avocado,28815,1960.0,01JRZYA5RWAP9QC28P6WRAKD5C,01JRZTN1FSTEYDA6KQH9YYTT29,10,supermarket,0.0,0,,avocado,avocado,,True,10
onion,30357,1542.0,01JRZYA5RWAP9QC28P6WRAKD5C,01JRZTN1FSTEYDA6KQH9YYTT29,11,supermarket,0.0,0,,onion,onion,,True,11
garlic,31884,1527.0,01JRZYA5RWAP9QC28P6WRAKD5C,01JRZTN1FSTEYDA6KQH9YYTT29,12,supermarket,0.0,0,,garlic,garlic,,True,12
rosemary,33990,2106.0,01JRZYA5RWAP9QC28P6WRAKD5C,01JRZTN1FSTEYDA6KQH9YYTT29,13,supermarket,0.0,0,,rosemary,rosemary,,True,13
dill,35298,1308.0,01JRZYA5RWAP9QC28P6WRAKD5C,01JRZTN1FSTEYDA6KQH9YYTT29,14,supermarket,0.0,0,,dill,dill,,True,14
carrot,38317,3019.0,01JRZYA5RWAP9QC28P6WRAKD5C,01JRZTN1FSTEYDA6KQH9YYTT29,15,supermarket,0.0,0,,carrots,carrot,,True,15
banana,41061,2744.0,01JRZYA5RWAP9QC28P6WRAKD5C,01JRZTN1FSTEYDA6KQH9YYTT29,16,supermarket,1.0,0,,bananas,banana,,True,16
chip,43950,2889.0,01JRZYA5RWAP9QC28P6WRAKD5C,01JRZTN1FSTEYDA6KQH9YYTT29,17,supermarket,0.0,0,,chips,chip,,True,17
cracker,45544,1594.0,01JRZYA5RWAP9QC28P6WRAKD5C,01JRZTN1FSTEYDA6KQH9YYTT29,18,supermarket,0.0,0,,crackers,cracker,,True,18
cheese,46778,1234.0,01JRZYA5RWAP9QC28P6WRAKD5C,01JRZTN1FSTEYDA6KQH9YYTT29,19,supermarket,0.0,0,,cheese,cheese,,True,19
ham,50033,3255.0,01JRZYA5RWAP9QC28P6WRAKD5C,01JRZTN1FSTEYDA6KQH9YYTT29,20,supermarket,0.0,0,,ham,ham,,True,20
salami,51232,1199.0,01JRZYA5RWAP9QC28P6WRAKD5C,01JRZTN1FSTEYDA6KQH9YYTT29,21,supermarket,0.0,0,,salami,salami,,True,21
popsicle,58878,7646.0,01JRZYA5RWAP9QC28P6WRAKD5C,01JRZTN1FSTEYDA6KQH9YYTT29,22,supermarket,0.0,0,,popsicle,popsicle,,True,22
ice cream,61711,2833.0,01JRZYA5RWAP9QC28P6WRAKD5C,01JRZTN1FSTEYDA6KQH9YYTT29,23,supermarket,0.0,0,,ice cream,icecream,,True,23
cupcake,64813,3102.0,01JRZYA5RWAP9QC28P6WRAKD5C,01JRZTN1FSTEYDA6KQH9YYTT29,24,supermarket,0.0,0,,cupcake,cupcake,,True,24
cake,65682,869.0,01JRZYA5RWAP9QC28P6WRAKD5C,01JRZTN1FSTEYDA6KQH9YYTT29,25,supermarket,0.0,0,,cake,cake,,True,25
soda,69728,4046.0,01JRZYA5RWAP9QC28P6WRAKD5C,01JRZTN1FSTEYDA6KQH9YYTT29,26,supermarket,0.0,0,,soda,soda,,True,26
water,71380,1652.0,01JRZYA5RWAP9QC28P6WRAKD5C,01JRZTN1FSTEYDA6KQH9YYTT29,27,supermarket,0.0,0,,water,water,,True,27
coffee,73232,1852.0,01JRZYA5RWAP9QC28P6WRAKD5C,01JRZTN1FSTEYDA6KQH9YYTT29,28,supermarket,0.0,0,,coffee,coffee,,True,28
tea,74374,1142.0,01JRZYA5RWAP9QC28P6WRAKD5C,01JRZTN1FSTEYDA6KQH9YYTT29,29,supermarket,0.0,0,,tea,tea,,True,29
cream,76926,2552.0,01JRZYA5RWAP9QC28P6WRAKD5C,01JRZTN1FSTEYDA6KQH9YYTT29,30,supermarket,0.0,0,,cream,cream,,True,30
yogurt,79171,2245.0,01JRZYA5RWAP9QC28P6WRAKD5C,01JRZTN1FSTEYDA6KQH9YYTT29,31,supermarket,0.0,0,,yogurt,yogurt,,True,31
sour cream,81504,2333.0,01JRZYA5RWAP9QC28P6WRAKD5C,01JRZTN1FSTEYDA6KQH9YYTT29,32,supermarket,0.0,0,,sour cream,sourcream,,True,32
cream cheese,85926,4422.0,01JRZYA5RWAP9QC28P6WRAKD5C,01JRZTN1FSTEYDA6KQH9YYTT29,33,supermarket,0.0,0,,cream cheese,creamcheese,,True,33
beer,87768,1842.0,01JRZYA5RWAP9QC28P6WRAKD5C,01JRZTN1FSTEYDA6KQH9YYTT29,34,supermarket,0.0,0,,beer,beer,,True,34
wine,88627,859.0,01JRZYA5RWAP9QC28P6WRAKD5C,01JRZTN1FSTEYDA6KQH9YYTT29,35,supermarket,0.0,0,,wine,wine,,True,35
chocolate,96541,7914.0,01JRZYA5RWAP9QC28P6WRAKD5C,01JRZTN1FSTEYDA6KQH9YYTT29,36,supermarket,0.0,0,,chocolate,chocolate,,True,36
candy,98042,1501.0,01JRZYA5RWAP9QC28P6WRAKD5C,01JRZTN1FSTEYDA6KQH9YYTT29,37,supermarket,0.0,0,,candy,candy,,True,37
soy sauce,102125,4083.0,01JRZYA5RWAP9QC28P6WRAKD5C,01JRZTN1FSTEYDA6KQH9YYTT29,38,supermarket,0.0,0,,soy sauce,soysauce,,True,38
ranch,104091,1966.0,01JRZYA5RWAP9QC28P6WRAKD5C,01JRZTN1FSTEYDA6KQH9YYTT29,39,supermarket,0.0,0,,ranch,ranch,,True,39
hot sauce,108031,3940.0,01JRZYA5RWAP9QC28P6WRAKD5C,01JRZTN1FSTEYDA6KQH9YYTT29,40,supermarket,0.0,0,,hot sauce,hotsauce,,True,40
pasta,112680,4649.0,01JRZYA5RWAP9QC28P6WRAKD5C,01JRZTN1FSTEYDA6KQH9YYTT29,41,supermarket,0.0,0,,pasta,pasta,,True,41
olive oil,116652,3972.0,01JRZYA5RWAP9QC28P6WRAKD5C,01JRZTN1FSTEYDA6KQH9YYTT29,42,supermarket,0.0,0,,olive oil,oliveoil,,True,42
sunflower oil,120506,3854.0,01JRZYA5RWAP9QC28P6WRAKD5C,01JRZTN1FSTEYDA6KQH9YYTT29,43,supermarket,0.0,0,,sunflower oil,sunfloweroil,,True,43
vegetable oil,126668,6162.0,01JRZYA5RWAP9QC28P6WRAKD5C,01JRZTN1FSTEYDA6KQH9YYTT29,44,supermarket,0.0,0,,vegetable oil,vegetableoil,,True,44
pineapple,129595,2927.0,01JRZYA5RWAP9QC28P6WRAKD5C,01JRZTN1FSTEYDA6KQH9YYTT29,45,supermarket,1.0,0,,pineapple,pineapple,,True,45
biscuit,133046,3451.0,01JRZYA5RWAP9QC28P6WRAKD5C,01JRZTN1FSTEYDA6KQH9YYTT29,46,supermarket,0.0,0,,biscuits,biscuit,,True,46
cookie,136232,3186.0,01JRZYA5RWAP9QC28P6WRAKD5C,01JRZTN1FSTEYDA6KQH9YYTT29,47,supermarket,0.0,0,,cookies,cookie,,True,47
date,143099,6867.0,01JRZYA5RWAP9QC28P6WRAKD5C,01JRZTN1FSTEYDA6KQH9YYTT29,48,supermarket,0.0,0,,dates,date,,True,48
fig,145256,2157.0,01JRZYA5RWAP9QC28P6WRAKD5C,01JRZTN1FSTEYDA6KQH9YYTT29,49,supermarket,0.0,0,,figs,fig,,True,49
asparagus,152496,7240.0,01JRZYA5RWAP9QC28P6WRAKD5C,01JRZTN1FSTEYDA6KQH9YYTT29,50,supermarket,0.0,0,,asparagus,asparagu,,True,50
parsnip,160091,7595.0,01JRZYA5RWAP9QC28P6WRAKD5C,01JRZTN1FSTEYDA6KQH9YYTT29,51,supermarket,0.0,0,,parsnips,parsnip,,True,51
flour,165389,5298.0,01JRZYA5RWAP9QC28P6WRAKD5C,01JRZTN1FSTEYDA6KQH9YYTT29,52,supermarket,0.0,0,,flour,flour,,True,52
sugar,167867,2478.0,01JRZYA5RWAP9QC28P6WRAKD5C,01JRZTN1FSTEYDA6KQH9YYTT29,53,supermarket,0.0,0,,sugar,sugar,,True,53
pizza,172936,5069.0,01JRZYA5RWAP9QC28P6WRAKD5C,01JRZTN1FSTEYDA6KQH9YYTT29,54,supermarket,0.0,0,,pizza,pizza,,True,54
fish,175530,2594.0,01JRZYA5RWAP9QC28P6WRAKD5C,01JRZTN1FSTEYDA6KQH9YYTT29,55,supermarket,0.0,0,,fish,fish,,True,55
beef,179600,4070.0,01JRZYA5RWAP9QC28P6WRAKD5C,01JRZTN1FSTEYDA6KQH9YYTT29,56,supermarket,0.0,0,,beef,beef,,True,56
cat,3485,3485.0,01JRZYT564ZWTP3BH3AJPNGKCA,01JRZTN1GWJDHA7QRH6VWQYFVB,0,animals,1.0,0,,cat,cat,"['Pets', 'Feline']",True,0
dog,4427,942.0,01JRZYT564ZWTP3BH3AJPNGKCA,01JRZTN1GWJDHA7QRH6VWQYFVB,1,animals,0.0,0,,dog,dog,"['Canine', 'Pets']",False,1
rabbit,6340,1913.0,01JRZYT564ZWTP3BH3AJPNGKCA,01JRZTN1GWJDHA7QRH6VWQYFVB,2,animals,0.0,0,,rabbit,rabbit,"['NorthAmerican', 'Pets', 'Rabbit', 'UsedForFur']",False,2
snake,10138,3798.0,01JRZYT564ZWTP3BH3AJPNGKCA,01JRZTN1GWJDHA7QRH6VWQYFVB,3,animals,0.0,0,,snake,snake,"['Farm', 'ReptileAmphibian']",True,3
hamster,12876,2738.0,01JRZYT564ZWTP3BH3AJPNGKCA,01JRZTN1GWJDHA7QRH6VWQYFVB,4,animals,0.0,0,,hamster,hamster,"['Pets', 'Rodents']",True,4
rat,20582,7706.0,01JRZYT564ZWTP3BH3AJPNGKCA,01JRZTN1GWJDHA7QRH6VWQYFVB,5,animals,0.0,0,,rat,rat,['Rodents'],False,5
gerbil,24891,4309.0,01JRZYT564ZWTP3BH3AJPNGKCA,01JRZTN1GWJDHA7QRH6VWQYFVB,6,animals,0.0,0,,gerbil,gerbil,"['Pets', 'Rodents']",False,6
guinea pig,28664,3773.0,01JRZYT564ZWTP3BH3AJPNGKCA,01JRZTN1GWJDHA7QRH6VWQYFVB,7,animals,0.0,0,,guinea pig,guineapig,"['Pets', 'Rodents']",False,7
elephant,35972,7308.0,01JRZYT564ZWTP3BH3AJPNGKCA,01JRZTN1GWJDHA7QRH6VWQYFVB,8,animals,1.0,0,,elephant,elephant,['African'],True,8
hippopotamus,37432,1460.0,01JRZYT564ZWTP3BH3AJPNGKCA,01JRZTN1GWJDHA7QRH6VWQYFVB,9,animals,0.0,0,,hippo,hippopotamus,['African'],False,9
lion,39452,2020.0,01JRZYT564ZWTP3BH3AJPNGKCA,01JRZTN1GWJDHA7QRH6VWQYFVB,10,animals,0.0,0,,lion,lion,"['African', 'Feline']",False,10
tiger,40913,1461.0,01JRZYT564ZWTP3BH3AJPNGKCA,01JRZTN1GWJDHA7QRH6VWQYFVB,11,animals,0.0,0,,tiger,tiger,"['African', 'Feline']",False,11
monkey,43825,2912.0,01JRZYT564ZWTP3BH3AJPNGKCA,01JRZTN1GWJDHA7QRH6VWQYFVB,12,animals,0.0,0,,monkey,monkey,"['African', 'Primates']",False,12
chimpanzee,47447,3622.0,01JRZYT564ZWTP3BH3AJPNGKCA,01JRZTN1GWJDHA7QRH6VWQYFVB,13,animals,0.0,0,,chimpanzee,chimpanzee,"['African', 'Primates']",False,13
armadillo,53013,5566.0,01JRZYT564ZWTP3BH3AJPNGKCA,01JRZTN1GWJDHA7QRH6VWQYFVB,14,animals,0.0,0,,armadillo,armadillo,['Insectivores'],True,14
sea lion,55681,2668.0,01JRZYT564ZWTP3BH3AJPNGKCA,01JRZTN1GWJDHA7QRH6VWQYFVB,15,animals,1.0,0,,sea lion,sealion,['Water'],True,15
seal,57361,1680.0,01JRZYT564ZWTP3BH3AJPNGKCA,01JRZTN1GWJDHA7QRH6VWQYFVB,16,animals,0.0,0,,seal,seal,"['Arctic', 'Water']",False,16
penguin,58756,1395.0,01JRZYT564ZWTP3BH3AJPNGKCA,01JRZTN1GWJDHA7QRH6VWQYFVB,17,animals,0.0,0,,penguin,penguin,"['Arctic', 'Bird', 'Water']",False,17
whale,63768,5012.0,01JRZYT564ZWTP3BH3AJPNGKCA,01JRZTN1GWJDHA7QRH6VWQYFVB,18,animals,0.0,0,,whale,whale,"['Fish', 'Water']",False,18
ray,67994,4226.0,01JRZYT564ZWTP3BH3AJPNGKCA,01JRZTN1GWJDHA7QRH6VWQYFVB,19,animals,0.0,0,,ray,ray,['Water'],False,19
fish,69885,1891.0,01JRZYT564ZWTP3BH3AJPNGKCA,01JRZTN1GWJDHA7QRH6VWQYFVB,20,animals,0.0,0,,fish,fish,"['Fish', 'Water']",False,20
eel,72602,2717.0,01JRZYT564ZWTP3BH3AJPNGKCA,01JRZTN1GWJDHA7QRH6VWQYFVB,21,animals,0.0,0,,eel,eel,['Water'],False,21
frog,76158,3556.0,01JRZYT564ZWTP3BH3AJPNGKCA,01JRZTN1GWJDHA7QRH6VWQYFVB,22,animals,0.0,0,,frog,frog,"['ReptileAmphibian', 'Water']",False,22
newt,80151,3993.0,01JRZYT564ZWTP3BH3AJPNGKCA,01JRZTN1GWJDHA7QRH6VWQYFVB,23,animals,0.0,0,,newt,newt,"['ReptileAmphibian', 'Water']",False,23
salamander,84691,4540.0,01JRZYT564ZWTP3BH3AJPNGKCA,01JRZTN1GWJDHA7QRH6VWQYFVB,24,animals,0.0,0,,salamander,salamander,"['ReptileAmphibian', 'Water']",False,24
turtle,90060,5369.0,01JRZYT564ZWTP3BH3AJPNGKCA,01JRZTN1GWJDHA7QRH6VWQYFVB,25,animals,0.0,0,,turtle,turtle,"['ReptileAmphibian', 'Water']",False,25
tortoise,94007,3947.0,01JRZYT564ZWTP3BH3AJPNGKCA,01JRZTN1GWJDHA7QRH6VWQYFVB,26,animals,0.0,0,,tortoise,tortoise,['ReptileAmphibian'],False,26
crab,99306,5299.0,01JRZYT564ZWTP3BH3AJPNGKCA,01JRZTN1GWJDHA7QRH6VWQYFVB,27,animals,0.0,0,,crab,crab,['Water'],True,27
lobster,102209,2903.0,01JRZYT564ZWTP3BH3AJPNGKCA,01JRZTN1GWJDHA7QRH6VWQYFVB,28,animals,0.0,0,,lobster,lobster,['Water'],False,28
crayfish,104074,1865.0,01JRZYT564ZWTP3BH3AJPNGKCA,01JRZTN1GWJDHA7QRH6VWQYFVB,29,animals,0.0,0,,crayfish,crayfish,['Water'],False,29
spider,110232,6158.0,01JRZYT564ZWTP3BH3AJPNGKCA,01JRZTN1GWJDHA7QRH6VWQYFVB,30,animals,1.0,0,,spider,spider,"['Arachnid', 'Farm']",True,30
ant,112930,2698.0,01JRZYT564ZWTP3BH3AJPNGKCA,01JRZTN1GWJDHA7QRH6VWQYFVB,31,animals,0.0,0,,ant,ant,['Insects'],True,31
millipede,116764,3834.0,01JRZYT564ZWTP3BH3AJPNGKCA,01JRZTN1GWJDHA7QRH6VWQYFVB,32,animals,0.0,0,,millipede,millipede,['Insects'],False,32
centipede,120094,3330.0,01JRZYT564ZWTP3BH3AJPNGKCA,01JRZTN1GWJDHA7QRH6VWQYFVB,33,animals,0.0,0,,centipede,centipede,['Insects'],False,33
worm,122925,2831.0,01JRZYT564ZWTP3BH3AJPNGKCA,01JRZTN1GWJDHA7QRH6VWQYFVB,34,animals,0.0,0,,worm,worm,"['Insects', 'Worms']",False,34
snail,124690,1765.0,01JRZYT564ZWTP3BH3AJPNGKCA,01JRZTN1GWJDHA7QRH6VWQYFVB,35,animals,0.0,0,,snail,snail,['Water'],True,35
slug,126243,1553.0,01JRZYT564ZWTP3BH3AJPNGKCA,01JRZTN1GWJDHA7QRH6VWQYFVB,36,animals,0.0,0,,slug,slug,['Water'],False,36
wood louse,135693,9450.0,01JRZYT564ZWTP3BH3AJPNGKCA,01JRZTN1GWJDHA7QRH6VWQYFVB,37,animals,0.0,0,,wood louse,woodlouse,['Insects'],True,37
flea,143771,8078.0,01JRZYT564ZWTP3BH3AJPNGKCA,01JRZTN1GWJDHA7QRH6VWQYFVB,38,animals,0.0,0,,flea,flea,['Insects'],False,38
daddy long leg,149895,6124.0,01JRZYT564ZWTP3BH3AJPNGKCA,01JRZTN1GWJDHA7QRH6VWQYFVB,39,animals,0.0,0,,daddy long legs,daddylonglegs,['Insects'],False,39
koala,153152,3257.0,01JRZYT564ZWTP3BH3AJPNGKCA,01JRZTN1GWJDHA7QRH6VWQYFVB,40,animals,1.0,0,,koala,koala,['Australian'],True,40
panda,155310,2158.0,01JRZYT564ZWTP3BH3AJPNGKCA,01JRZTN1GWJDHA7QRH6VWQYFVB,41,animals,0.0,0,,panda,panda,['Asian'],True,41
polar bear,158829,3519.0,01JRZYT564ZWTP3BH3AJPNGKCA,01JRZTN1GWJDHA7QRH6VWQYFVB,42,animals,0.0,0,,polar bear,polarbear,['Arctic'],True,42
grizzly bear,162380,3551.0,01JRZYT564ZWTP3BH3AJPNGKCA,01JRZTN1GWJDHA7QRH6VWQYFVB,43,animals,0.0,0,,grizzly bear,grizzlybear,['NorthAmerican'],True,43
kangaroo,169577,7197.0,01JRZYT564ZWTP3BH3AJPNGKCA,01JRZTN1GWJDHA7QRH6VWQYFVB,44,animals,0.0,0,,kangaroo,kangaroo,['Australian'],True,44
wombat,171903,2326.0,01JRZYT564ZWTP3BH3AJPNGKCA,01JRZTN1GWJDHA7QRH6VWQYFVB,45,animals,0.0,0,,wombat,wombat,['Australian'],False,45
shirt,3614,3614.0,01JRZYT564ZWTP3BH3AJPNGKCA,01JRZTN1GWJDHA7QRH6VWQYFVB,0,clothes,1.0,0,,shirt,shirt,,True,0
jean,6532,2918.0,01JRZYT564ZWTP3BH3AJPNGKCA,01JRZTN1GWJDHA7QRH6VWQYFVB,1,clothes,0.0,0,,jeans,jean,,True,1
tie,8194,1662.0,01JRZYT564ZWTP3BH3AJPNGKCA,01JRZTN1GWJDHA7QRH6VWQYFVB,2,clothes,0.0,0,,tie,tie,,True,2
sock,11904,3710.0,01JRZYT564ZWTP3BH3AJPNGKCA,01JRZTN1GWJDHA7QRH6VWQYFVB,3,clothes,0.0,0,,socks,sock,,True,3
skirt,14525,2621.0,01JRZYT564ZWTP3BH3AJPNGKCA,01JRZTN1GWJDHA7QRH6VWQYFVB,4,clothes,0.0,0,,skirt,skirt,,True,4
dress,15818,1293.0,01JRZYT564ZWTP3BH3AJPNGKCA,01JRZTN1GWJDHA7QRH6VWQYFVB,5,clothes,0.0,0,,dress,dres,,True,5
shoe,18616,2798.0,01JRZYT564ZWTP3BH3AJPNGKCA,01JRZTN1GWJDHA7QRH6VWQYFVB,6,clothes,0.0,0,,shoes,shoe,,True,6
trainer,20173,1557.0,01JRZYT564ZWTP3BH3AJPNGKCA,01JRZTN1GWJDHA7QRH6VWQYFVB,7,clothes,0.0,0,,trainers,trainer,,True,7
bow,26441,6268.0,01JRZYT564ZWTP3BH3AJPNGKCA,01JRZTN1GWJDHA7QRH6VWQYFVB,8,clothes,0.0,0,,bow,bow,,True,8
headband,29887,3446.0,01JRZYT564ZWTP3BH3AJPNGKCA,01JRZTN1GWJDHA7QRH6VWQYFVB,9,clothes,0.0,0,,headband,headband,,True,9
sunglass,32656,2769.0,01JRZYT564ZWTP3BH3AJPNGKCA,01JRZTN1GWJDHA7QRH6VWQYFVB,10,clothes,0.0,0,,sun glasses,sunglas,,True,10
beanie,36925,4269.0,01JRZYT564ZWTP3BH3AJPNGKCA,01JRZTN1GWJDHA7QRH6VWQYFVB,11,clothes,0.0,0,,beanie,beanie,,True,11
baseball cap,41602,4677.0,01JRZYT564ZWTP3BH3AJPNGKCA,01JRZTN1GWJDHA7QRH6VWQYFVB,12,clothes,0.0,0,,baseball cap,baseballcap,,True,12
belt,46797,5195.0,01JRZYT564ZWTP3BH3AJPNGKCA,01JRZTN1GWJDHA7QRH6VWQYFVB,13,clothes,0.0,0,,belt,belt,,True,13
scarf,52985,6188.0,01JRZYT564ZWTP3BH3AJPNGKCA,01JRZTN1GWJDHA7QRH6VWQYFVB,14,clothes,0.0,0,,scarf,scarf,,True,14
glove,55693,2708.0,01JRZYT564ZWTP3BH3AJPNGKCA,01JRZTN1GWJDHA7QRH6VWQYFVB,15,clothes,0.0,0,,gloves,glove,,True,15
berry,58985,3292.0,01JRZYT564ZWTP3BH3AJPNGKCA,01JRZTN1GWJDHA7QRH6VWQYFVB,16,clothes,0.0,0,,berie,berry,,True,16
necklace,63909,4924.0,01JRZYT564ZWTP3BH3AJPNGKCA,01JRZTN1GWJDHA7QRH6VWQYFVB,17,clothes,0.0,0,,necklace,necklace,,True,17
short,67996,4087.0,01JRZYT564ZWTP3BH3AJPNGKCA,01JRZTN1GWJDHA7QRH6VWQYFVB,18,clothes,0.0,0,,shorts,short,,True,18
chino,71207,3211.0,01JRZYT564ZWTP3BH3AJPNGKCA,01JRZTN1GWJDHA7QRH6VWQYFVB,19,clothes,0.0,0,,chinos,chino,,True,19
woolly jumper,78363,7156.0,01JRZYT564ZWTP3BH3AJPNGKCA,01JRZTN1GWJDHA7QRH6VWQYFVB,20,clothes,0.0,0,,wooley jumper,woollyjumper,,True,20
cardigan,83490,5127.0,01JRZYT564ZWTP3BH3AJPNGKCA,01JRZTN1GWJDHA7QRH6VWQYFVB,21,clothes,0.0,0,,cardigan,cardigan,,True,21
tight,88720,5230.0,01JRZYT564ZWTP3BH3AJPNGKCA,01JRZTN1GWJDHA7QRH6VWQYFVB,22,clothes,0.0,0,,tights,tight,,True,22
legging,91904,3184.0,01JRZYT564ZWTP3BH3AJPNGKCA,01JRZTN1GWJDHA7QRH6VWQYFVB,23,clothes,0.0,0,,leggings,legging,,True,23
jegging,94945,3041.0,01JRZYT564ZWTP3BH3AJPNGKCA,01JRZTN1GWJDHA7QRH6VWQYFVB,24,clothes,0.0,0,,jeggings,jegging,,True,24
bracelet,103319,8374.0,01JRZYT564ZWTP3BH3AJPNGKCA,01JRZTN1GWJDHA7QRH6VWQYFVB,25,clothes,0.0,0,,braclet,bracelet,,True,25
ring,111212,7893.0,01JRZYT564ZWTP3BH3AJPNGKCA,01JRZTN1GWJDHA7QRH6VWQYFVB,26,clothes,0.0,0,,ring,ring,,True,26
sweatshirt,122857,11645.0,01JRZYT564ZWTP3BH3AJPNGKCA,01JRZTN1GWJDHA7QRH6VWQYFVB,27,clothes,1.0,0,,sweatshirt,sweatshirt,,True,27
polo,130019,7162.0,01JRZYT564ZWTP3BH3AJPNGKCA,01JRZTN1GWJDHA7QRH6VWQYFVB,28,clothes,1.0,0,,polo,polo,,True,28
suit,136181,6162.0,01JRZYT564ZWTP3BH3AJPNGKCA,01JRZTN1GWJDHA7QRH6VWQYFVB,29,clothes,0.0,0,,suit,suit,,True,29
blazer,138463,2282.0,01JRZYT564ZWTP3BH3AJPNGKCA,01JRZTN1GWJDHA7QRH6VWQYFVB,30,clothes,0.0,0,,blazer,blazer,,True,30
undershirt,148577,10114.0,01JRZYT564ZWTP3BH3AJPNGKCA,01JRZTN1GWJDHA7QRH6VWQYFVB,31,clothes,1.0,0,,undershirt,undershirt,,True,31
pyjama,156673,8096.0,01JRZYT564ZWTP3BH3AJPNGKCA,01JRZTN1GWJDHA7QRH6VWQYFVB,32,clothes,0.0,0,,pyjamas,pyjama,,True,32
boxer,160528,3855.0,01JRZYT564ZWTP3BH3AJPNGKCA,01JRZTN1GWJDHA7QRH6VWQYFVB,33,clothes,0.0,0,,boxers,boxer,,True,33
brief,166290,5762.0,01JRZYT564ZWTP3BH3AJPNGKCA,01JRZTN1GWJDHA7QRH6VWQYFVB,34,clothes,0.0,0,,briefs,brief,,True,34
knicker,168956,2666.0,01JRZYT564ZWTP3BH3AJPNGKCA,01JRZTN1GWJDHA7QRH6VWQYFVB,35,clothes,0.0,0,,knickers,knicker,,True,35
bra,173045,4089.0,01JRZYT564ZWTP3BH3AJPNGKCA,01JRZTN1GWJDHA7QRH6VWQYFVB,36,clothes,0.0,0,,bra,bra,,True,36
bralet,177898,4853.0,01JRZYT564ZWTP3BH3AJPNGKCA,01JRZTN1GWJDHA7QRH6VWQYFVB,37,clothes,0.0,0,,bralet,bralet,,True,37
bean,7182,7182.0,01JRZYT564ZWTP3BH3AJPNGKCA,01JRZTN1GWJDHA7QRH6VWQYFVB,0,supermarket,1.0,0,,beans,bean,,True,0
orange,9587,2405.0,01JRZYT564ZWTP3BH3AJPNGKCA,01JRZTN1GWJDHA7QRH6VWQYFVB,1,supermarket,1.0,0,,orange,orange,,True,1
apple,12945,3358.0,01JRZYT564ZWTP3BH3AJPNGKCA,01JRZTN1GWJDHA7QRH6VWQYFVB,2,supermarket,0.0,0,,apple,apple,,True,2
eggplant,14840,1895.0,01JRZYT564ZWTP3BH3AJPNGKCA,01JRZTN1GWJDHA7QRH6VWQYFVB,3,supermarket,0.0,0,,eggplant,eggplant,,True,3
egg,16228,1388.0,01JRZYT564ZWTP3BH3AJPNGKCA,01JRZTN1GWJDHA7QRH6VWQYFVB,4,supermarket,0.0,0,,egg,egg,,True,4
strawberry,26031,9803.0,01JRZYT564ZWTP3BH3AJPNGKCA,01JRZTN1GWJDHA7QRH6VWQYFVB,5,supermarket,0.0,0,,strawberry,strawberry,,True,5
ham,28647,2616.0,01JRZYT564ZWTP3BH3AJPNGKCA,01JRZTN1GWJDHA7QRH6VWQYFVB,6,supermarket,1.0,0,,ham,ham,,True,6
cheese,31183,2536.0,01JRZYT564ZWTP3BH3AJPNGKCA,01JRZTN1GWJDHA7QRH6VWQYFVB,7,supermarket,0.0,0,,cheese,cheese,,True,7
bread,32699,1516.0,01JRZYT564ZWTP3BH3AJPNGKCA,01JRZTN1GWJDHA7QRH6VWQYFVB,8,supermarket,0.0,0,,bread,bread,,True,8
bacon,37406,4707.0,01JRZYT564ZWTP3BH3AJPNGKCA,01JRZTN1GWJDHA7QRH6VWQYFVB,9,supermarket,0.0,0,,bacon,bacon,,True,9
spaghetto,42382,4976.0,01JRZYT564ZWTP3BH3AJPNGKCA,01JRZTN1GWJDHA7QRH6VWQYFVB,10,supermarket,1.0,0,,spaghetti,spaghetto,,True,10
pasta,43546,1164.0,01JRZYT564ZWTP3BH3AJPNGKCA,01JRZTN1GWJDHA7QRH6VWQYFVB,11,supermarket,0.0,0,,pasta,pasta,,True,11
oil,46446,2900.0,01JRZYT564ZWTP3BH3AJPNGKCA,01JRZTN1GWJDHA7QRH6VWQYFVB,12,supermarket,0.0,0,,oil,oil,,True,12
yogurt,48268,1822.0,01JRZYT564ZWTP3BH3AJPNGKCA,01JRZTN1GWJDHA7QRH6VWQYFVB,13,supermarket,0.0,0,,yogurt,yogurt,,True,13
oat,51750,3482.0,01JRZYT564ZWTP3BH3AJPNGKCA,01JRZTN1GWJDHA7QRH6VWQYFVB,14,supermarket,0.0,0,,oat,oat,,True,14
flour,57105,5355.0,01JRZYT564ZWTP3BH3AJPNGKCA,01JRZTN1GWJDHA7QRH6VWQYFVB,15,supermarket,1.0,0,,flour,flour,,True,15
sugar,58928,1823.0,01JRZYT564ZWTP3BH3AJPNGKCA,01JRZTN1GWJDHA7QRH6VWQYFVB,16,supermarket,0.0,0,,sugar,sugar,,True,16
icing sugar,64293,5365.0,01JRZYT564ZWTP3BH3AJPNGKCA,01JRZTN1GWJDHA7QRH6VWQYFVB,17,supermarket,0.0,0,,icing sugar,icingsugar,,True,17
roll,69345,5052.0,01JRZYT564ZWTP3BH3AJPNGKCA,01JRZTN1GWJDHA7QRH6VWQYFVB,18,supermarket,0.0,0,,rolls,roll,,True,18
cheese spread,75077,5732.0,01JRZYT564ZWTP3BH3AJPNGKCA,01JRZTN1GWJDHA7QRH6VWQYFVB,19,supermarket,0.0,0,,cheese spread,cheesespread,,True,19
milk,76370,1293.0,01JRZYT564ZWTP3BH3AJPNGKCA,01JRZTN1GWJDHA7QRH6VWQYFVB,20,supermarket,0.0,0,,milk,milk,,True,20
berry,82448,6078.0,01JRZYT564ZWTP3BH3AJPNGKCA,01JRZTN1GWJDHA7QRH6VWQYFVB,21,supermarket,1.0,0,,berries,berry,,True,21
blueberry,86513,4065.0,01JRZYT564ZWTP3BH3AJPNGKCA,01JRZTN1GWJDHA7QRH6VWQYFVB,22,supermarket,0.0,0,,blueberry,blueberry,,True,22
raspberry,89723,3210.0,01JRZYT564ZWTP3BH3AJPNGKCA,01JRZTN1GWJDHA7QRH6VWQYFVB,23,supermarket,0.0,0,,raspberry,raspberry,,True,23
chocolate,98165,8442.0,01JRZYT564ZWTP3BH3AJPNGKCA,01JRZTN1GWJDHA7QRH6VWQYFVB,24,supermarket,0.0,0,,chocolate,chocolate,,True,24
bread flour,104823,6658.0,01JRZYT564ZWTP3BH3AJPNGKCA,01JRZTN1GWJDHA7QRH6VWQYFVB,25,supermarket,0.0,0,,bread flour,breadflour,,True,25
custard,111127,6304.0,01JRZYT564ZWTP3BH3AJPNGKCA,01JRZTN1GWJDHA7QRH6VWQYFVB,26,supermarket,0.0,0,,custard,custard,,True,26
noodle,114368,3241.0,01JRZYT564ZWTP3BH3AJPNGKCA,01JRZTN1GWJDHA7QRH6VWQYFVB,27,supermarket,1.0,0,,noodles,noodle,,True,27
rice,117193,2825.0,01JRZYT564ZWTP3BH3AJPNGKCA,01JRZTN1GWJDHA7QRH6VWQYFVB,28,supermarket,0.0,0,,rice,rice,,True,28
sweet and sour sauce,122673,5480.0,01JRZYT564ZWTP3BH3AJPNGKCA,01JRZTN1GWJDHA7QRH6VWQYFVB,29,supermarket,0.0,0,,sweet sour sauce,sweetandsoursauce,,True,29
soy sauce,126081,3408.0,01JRZYT564ZWTP3BH3AJPNGKCA,01JRZTN1GWJDHA7QRH6VWQYFVB,30,supermarket,0.0,0,,soy sauce,soysauce,,True,30
ketchup,127530,1449.0,01JRZYT564ZWTP3BH3AJPNGKCA,01JRZTN1GWJDHA7QRH6VWQYFVB,31,supermarket,1.0,0,,ketchup,ketchup,,True,31
mustard,129214,1684.0,01JRZYT564ZWTP3BH3AJPNGKCA,01JRZTN1GWJDHA7QRH6VWQYFVB,32,supermarket,0.0,0,,mustard,mustard,,True,32
mayonnaise,134089,4875.0,01JRZYT564ZWTP3BH3AJPNGKCA,01JRZTN1GWJDHA7QRH6VWQYFVB,33,supermarket,0.0,0,,mayonaise,mayonnaise,,True,33
salad cream,138887,4798.0,01JRZYT564ZWTP3BH3AJPNGKCA,01JRZTN1GWJDHA7QRH6VWQYFVB,34,supermarket,0.0,0,,salad cream,saladcream,,True,34
brown sauce,147261,8374.0,01JRZYT564ZWTP3BH3AJPNGKCA,01JRZTN1GWJDHA7QRH6VWQYFVB,35,supermarket,0.0,0,,brown sauce,brownsauce,,True,35
caramel,150303,3042.0,01JRZYT564ZWTP3BH3AJPNGKCA,01JRZTN1GWJDHA7QRH6VWQYFVB,36,supermarket,0.0,0,,caramel,caramel,,True,36
butter,157156,6853.0,01JRZYT564ZWTP3BH3AJPNGKCA,01JRZTN1GWJDHA7QRH6VWQYFVB,37,supermarket,1.0,0,,butter,butter,,True,37
lard,161435,4279.0,01JRZYT564ZWTP3BH3AJPNGKCA,01JRZTN1GWJDHA7QRH6VWQYFVB,38,supermarket,0.0,0,,lard,lard,,True,38
baking spread,171089,9654.0,01JRZYT564ZWTP3BH3AJPNGKCA,01JRZTN1GWJDHA7QRH6VWQYFVB,39,supermarket,0.0,0,,baking spread,bakingspread,,True,39
laundry liquid,177212,6123.0,01JRZYT564ZWTP3BH3AJPNGKCA,01JRZTN1GWJDHA7QRH6VWQYFVB,40,supermarket,1.0,0,,laundry liquid,laundryliquid,,True,40
dog,5144,5144.0,01JS023W449S8VDZVV1TTHD45Y,01JRZTN1GYR4F60K8GXXR2KRWQ,0,animals,1.0,0,,dogs,dog,"['Canine', 'Pets']",True,0
cat,7377,2233.0,01JS023W449S8VDZVV1TTHD45Y,01JRZTN1GYR4F60K8GXXR2KRWQ,1,animals,0.0,0,,cats,cat,"['Pets', 'Feline']",False,1
tiger,12535,5158.0,01JS023W449S8VDZVV1TTHD45Y,01JRZTN1GYR4F60K8GXXR2KRWQ,2,animals,0.0,0,,tiger,tiger,"['African', 'Feline']",False,2
lion,14475,1940.0,01JS023W449S8VDZVV1TTHD45Y,01JRZTN1GYR4F60K8GXXR2KRWQ,3,animals,0.0,0,,lion,lion,"['African', 'Feline']",False,3
elephant,18454,3979.0,01JS023W449S8VDZVV1TTHD45Y,01JRZTN1GYR4F60K8GXXR2KRWQ,4,animals,0.0,0,,elephants,elephant,['African'],False,4
jackal,25023,6569.0,01JS023W449S8VDZVV1TTHD45Y,01JRZTN1GYR4F60K8GXXR2KRWQ,5,animals,0.0,0,,jackals,jackal,"['African', 'Canine']",False,5
hyena,29492,4469.0,01JS023W449S8VDZVV1TTHD45Y,01JRZTN1GYR4F60K8GXXR2KRWQ,6,animals,0.0,0,,hyenas,hyena,"['African', 'Canine']",False,6
black bear,37232,7740.0,01JS023W449S8VDZVV1TTHD45Y,01JRZTN1GYR4F60K8GXXR2KRWQ,7,animals,0.0,0,,black bear,blackbear,['NorthAmerican'],True,7
brown bear,40124,2892.0,01JS023W449S8VDZVV1TTHD45Y,01JRZTN1GYR4F60K8GXXR2KRWQ,8,animals,0.0,0,,brown bear,brownbear,['NorthAmerican'],False,8
polar bear,43645,3521.0,01JS023W449S8VDZVV1TTHD45Y,01JRZTN1GYR4F60K8GXXR2KRWQ,9,animals,0.0,0,,polar bear,polarbear,['Arctic'],True,9
hippopotamus,49387,5742.0,01JS023W449S8VDZVV1TTHD45Y,01JRZTN1GYR4F60K8GXXR2KRWQ,10,animals,0.0,0,,hippo,hippopotamus,['African'],True,10
pig,52595,3208.0,01JS023W449S8VDZVV1TTHD45Y,01JRZTN1GYR4F60K8GXXR2KRWQ,11,animals,0.0,0,,pig,pig,['Farm'],True,11
cow,54186,1591.0,01JS023W449S8VDZVV1TTHD45Y,01JRZTN1GYR4F60K8GXXR2KRWQ,12,animals,0.0,0,,cow,cow,"['Bovine', 'Farm']",False,12
chicken,57339,3153.0,01JS023W449S8VDZVV1TTHD45Y,01JRZTN1GYR4F60K8GXXR2KRWQ,13,animals,0.0,0,,chicken,chicken,"['Bird', 'Farm']",False,13
rooster,59753,2414.0,01JS023W449S8VDZVV1TTHD45Y,01JRZTN1GYR4F60K8GXXR2KRWQ,14,animals,0.0,0,,rooster,rooster,['Farm'],False,14
fox,62865,3112.0,01JS023W449S8VDZVV1TTHD45Y,01JRZTN1GYR4F60K8GXXR2KRWQ,15,animals,0.0,0,,fox,fox,"['Canine', 'NorthAmerican', 'UsedForFur']",True,15
bird,69858,6993.0,01JS023W449S8VDZVV1TTHD45Y,01JRZTN1GYR4F60K8GXXR2KRWQ,16,animals,0.0,0,,birds,bird,['Bird'],True,16
parrot,71438,1580.0,01JS023W449S8VDZVV1TTHD45Y,01JRZTN1GYR4F60K8GXXR2KRWQ,17,animals,0.0,0,,parrots,parrot,"['Bird', 'Pets']",False,17
hawk,75450,4012.0,01JS023W449S8VDZVV1TTHD45Y,01JRZTN1GYR4F60K8GXXR2KRWQ,18,animals,0.0,0,,hawks,hawk,['Bird'],False,18
owl,78023,2573.0,01JS023W449S8VDZVV1TTHD45Y,01JRZTN1GYR4F60K8GXXR2KRWQ,19,animals,0.0,0,,owls,owl,['Bird'],False,19
crow,82225,4202.0,01JS023W449S8VDZVV1TTHD45Y,01JRZTN1GYR4F60K8GXXR2KRWQ,20,animals,0.0,0,,crows,crow,['Bird'],False,20
bat,83556,1331.0,01JS023W449S8VDZVV1TTHD45Y,01JRZTN1GYR4F60K8GXXR2KRWQ,21,animals,0.0,0,,bats,bat,['Insectivores'],True,21
penguin,93308,9752.0,01JS023W449S8VDZVV1TTHD45Y,01JRZTN1GYR4F60K8GXXR2KRWQ,22,animals,0.0,0,,pinguens,penguin,"['Arctic', 'Bird', 'Water']",True,22
otter,94805,1497.0,01JS023W449S8VDZVV1TTHD45Y,01JRZTN1GYR4F60K8GXXR2KRWQ,23,animals,0.0,0,,otters,otter,"['Water', 'Weasels']",False,23
opossum,105428,10623.0,01JS023W449S8VDZVV1TTHD45Y,01JRZTN1GYR4F60K8GXXR2KRWQ,24,animals,0.0,0,,opossum,opossum,['NorthAmerican'],True,24
beaver,109538,4110.0,01JS023W449S8VDZVV1TTHD45Y,01JRZTN1GYR4F60K8GXXR2KRWQ,25,animals,0.0,0,,beavers,beaver,"['NorthAmerican', 'Rodents', 'UsedForFur', 'Water']",False,25
duck,111564,2026.0,01JS023W449S8VDZVV1TTHD45Y,01JRZTN1GYR4F60K8GXXR2KRWQ,26,animals,0.0,0,,ducks,duck,['Bird'],True,26
pit bull,124916,13352.0,01JS023W449S8VDZVV1TTHD45Y,01JRZTN1GYR4F60K8GXXR2KRWQ,27,animals,1.0,0,,pit bulls,pitbull,['Canine'],True,27
leopard,139421,14505.0,01JS023W449S8VDZVV1TTHD45Y,01JRZTN1GYR4F60K8GXXR2KRWQ,28,animals,0.0,0,,leopards,leopard,"['African', 'Feline']",True,28
cheetah,148624,9203.0,01JS023W449S8VDZVV1TTHD45Y,01JRZTN1GYR4F60K8GXXR2KRWQ,29,animals,0.0,0,,cheetahs,cheetah,"['African', 'Feline']",False,29
jaguar,154058,5434.0,01JS023W449S8VDZVV1TTHD45Y,01JRZTN1GYR4F60K8GXXR2KRWQ,30,animals,0.0,0,,jaguars,jaguar,['Feline'],False,30
goat,162310,8252.0,01JS023W449S8VDZVV1TTHD45Y,01JRZTN1GYR4F60K8GXXR2KRWQ,31,animals,0.0,0,,goats,goat,['Farm'],True,31
lamb,165826,3516.0,01JS023W449S8VDZVV1TTHD45Y,01JRZTN1GYR4F60K8GXXR2KRWQ,32,animals,0.0,0,,lambs,lamb,['Farm'],False,32
hamster,177384,11558.0,01JS023W449S8VDZVV1TTHD45Y,01JRZTN1GYR4F60K8GXXR2KRWQ,33,animals,0.0,0,,hamster,hamster,"['Pets', 'Rodents']",True,33
shirt,7130,7130.0,01JS023W449S8VDZVV1TTHD45Y,01JRZTN1GYR4F60K8GXXR2KRWQ,0,clothes,1.0,0,,shirt,shirt,,True,0
pant,8841,1711.0,01JS023W449S8VDZVV1TTHD45Y,01JRZTN1GYR4F60K8GXXR2KRWQ,1,clothes,0.0,0,,pants,pant,,True,1
sock,10483,1642.0,01JS023W449S8VDZVV1TTHD45Y,01JRZTN1GYR4F60K8GXXR2KRWQ,2,clothes,0.0,0,,socks,sock,,True,2
underwear,12775,2292.0,01JS023W449S8VDZVV1TTHD45Y,01JRZTN1GYR4F60K8GXXR2KRWQ,3,clothes,0.0,0,,underwear,underwearnotealreadyinaformthatcanbesingularorpluralbutforconsistencyinthetaskitmightbeconsideredaneedingaclearsingularformhoweveranunderwearinotstandardthutheoriginalikeptaitamasnoun,,True,3
shoe,14411,1636.0,01JS023W449S8VDZVV1TTHD45Y,01JRZTN1GYR4F60K8GXXR2KRWQ,4,clothes,0.0,0,,shoes,shoe,,True,4
watch,21910,7499.0,01JS023W449S8VDZVV1TTHD45Y,01JRZTN1GYR4F60K8GXXR2KRWQ,5,clothes,0.0,0,,watch,watch,,True,5
belt,24308,2398.0,01JS023W449S8VDZVV1TTHD45Y,01JRZTN1GYR4F60K8GXXR2KRWQ,6,clothes,0.0,0,,belt,belt,,True,6
shoelace,29465,5157.0,01JS023W449S8VDZVV1TTHD45Y,01JRZTN1GYR4F60K8GXXR2KRWQ,7,clothes,0.0,0,,shoe laces,shoelace,,True,7
bracelet,42630,13165.0,01JS023W449S8VDZVV1TTHD45Y,01JRZTN1GYR4F60K8GXXR2KRWQ,8,clothes,0.0,0,,bracelets,bracelet,,True,8
ring,44396,1766.0,01JS023W449S8VDZVV1TTHD45Y,01JRZTN1GYR4F60K8GXXR2KRWQ,9,clothes,0.0,0,,rings,ring,,True,9
undershirt,51404,7008.0,01JS023W449S8VDZVV1TTHD45Y,01JRZTN1GYR4F60K8GXXR2KRWQ,10,clothes,1.0,0,,undershirt,undershirt,,True,10
thong,55483,4079.0,01JS023W449S8VDZVV1TTHD45Y,01JRZTN1GYR4F60K8GXXR2KRWQ,11,clothes,0.0,0,,thongs,thong,,True,11
bra,57400,1917.0,01JS023W449S8VDZVV1TTHD45Y,01JRZTN1GYR4F60K8GXXR2KRWQ,12,clothes,0.0,0,,bras,bra,,True,12
sweatshirt,65316,7916.0,01JS023W449S8VDZVV1TTHD45Y,01JRZTN1GYR4F60K8GXXR2KRWQ,13,clothes,1.0,0,,sweatshirt,sweatshirt,,True,13
hoodie,67627,2311.0,01JS023W449S8VDZVV1TTHD45Y,01JRZTN1GYR4F60K8GXXR2KRWQ,14,clothes,1.0,0,,hoodie,hoodie,,True,14
jacket,72004,4377.0,01JS023W449S8VDZVV1TTHD45Y,01JRZTN1GYR4F60K8GXXR2KRWQ,15,clothes,1.0,0,,jacket,jacket,,True,15
hat,77490,5486.0,01JS023W449S8VDZVV1TTHD45Y,01JRZTN1GYR4F60K8GXXR2KRWQ,16,clothes,0.0,0,,hat,hat,,True,16
beanie,79531,2041.0,01JS023W449S8VDZVV1TTHD45Y,01JRZTN1GYR4F60K8GXXR2KRWQ,17,clothes,0.0,0,,beanie,beanie,,True,17
bandana,88750,9219.0,01JS023W449S8VDZVV1TTHD45Y,01JRZTN1GYR4F60K8GXXR2KRWQ,18,clothes,0.0,0,,bandana,bandana,,True,18
scarf,93496,4746.0,01JS023W449S8VDZVV1TTHD45Y,01JRZTN1GYR4F60K8GXXR2KRWQ,19,clothes,0.0,0,,scarf,scarf,,True,19
earmuff,99613,6117.0,01JS023W449S8VDZVV1TTHD45Y,01JRZTN1GYR4F60K8GXXR2KRWQ,20,clothes,0.0,0,,ear muff,earmuff,,True,20
headband,106577,6964.0,01JS023W449S8VDZVV1TTHD45Y,01JRZTN1GYR4F60K8GXXR2KRWQ,21,clothes,0.0,0,,headband,headband,,True,21
wristband,109831,3254.0,01JS023W449S8VDZVV1TTHD45Y,01JRZTN1GYR4F60K8GXXR2KRWQ,22,clothes,0.0,0,,wrist band,wristband,,True,22
legging,130403,20572.0,01JS023W449S8VDZVV1TTHD45Y,01JRZTN1GYR4F60K8GXXR2KRWQ,23,clothes,0.0,0,,leggings,legging,,True,23
sandal,149752,9670.0,01JS023W449S8VDZVV1TTHD45Y,01JRZTN1GYR4F60K8GXXR2KRWQ,25,clothes,0.0,0,,sandals,sandal,,True,24
slide,154583,4831.0,01JS023W449S8VDZVV1TTHD45Y,01JRZTN1GYR4F60K8GXXR2KRWQ,26,clothes,0.0,0,,slides,slide,,True,25
high heel,158784,4201.0,01JS023W449S8VDZVV1TTHD45Y,01JRZTN1GYR4F60K8GXXR2KRWQ,27,clothes,0.0,0,,high heels,highheel,,True,26
sneaker,164133,5349.0,01JS023W449S8VDZVV1TTHD45Y,01JRZTN1GYR4F60K8GXXR2KRWQ,28,clothes,0.0,0,,sneakers,sneaker,,True,27
boot,167475,3342.0,01JS023W449S8VDZVV1TTHD45Y,01JRZTN1GYR4F60K8GXXR2KRWQ,29,clothes,0.0,0,,boots,boot,,True,28
chap,177197,9722.0,01JS023W449S8VDZVV1TTHD45Y,01JRZTN1GYR4F60K8GXXR2KRWQ,30,clothes,0.0,0,,chaps,chap,,True,29
shopping cart,7995,7995.0,01JS023W449S8VDZVV1TTHD45Y,01JRZTN1GYR4F60K8GXXR2KRWQ,0,supermarket,1.0,0,,shopping cart,shoppingcart,,True,0
fruit,10985,2990.0,01JS023W449S8VDZVV1TTHD45Y,01JRZTN1GYR4F60K8GXXR2KRWQ,1,supermarket,0.0,0,,fruits,fruit,,True,1
vegetable,14592,3607.0,01JS023W449S8VDZVV1TTHD45Y,01JRZTN1GYR4F60K8GXXR2KRWQ,2,supermarket,1.0,0,,vegetables,vegetable,,True,2
candy,17824,3232.0,01JS023W449S8VDZVV1TTHD45Y,01JRZTN1GYR4F60K8GXXR2KRWQ,3,supermarket,0.0,0,,candy,candy,,True,3
meat,24686,6862.0,01JS023W449S8VDZVV1TTHD45Y,01JRZTN1GYR4F60K8GXXR2KRWQ,4,supermarket,0.0,0,,meat,meat,,True,4
steak,26649,1963.0,01JS023W449S8VDZVV1TTHD45Y,01JRZTN1GYR4F60K8GXXR2KRWQ,5,supermarket,0.0,0,,steaks,steak,,True,5
bread,32706,6057.0,01JS023W449S8VDZVV1TTHD45Y,01JRZTN1GYR4F60K8GXXR2KRWQ,6,supermarket,0.0,0,,bread,bread,,True,6
beer,34850,2144.0,01JS023W449S8VDZVV1TTHD45Y,01JRZTN1GYR4F60K8GXXR2KRWQ,7,supermarket,0.0,0,,beer,beer,,True,7
soda,38429,3579.0,01JS023W449S8VDZVV1TTHD45Y,01JRZTN1GYR4F60K8GXXR2KRWQ,8,supermarket,0.0,0,,soda,soda,,True,8
wine,39715,1286.0,01JS023W449S8VDZVV1TTHD45Y,01JRZTN1GYR4F60K8GXXR2KRWQ,9,supermarket,0.0,0,,wine,wine,,True,9
cracker,48761,9046.0,01JS023W449S8VDZVV1TTHD45Y,01JRZTN1GYR4F60K8GXXR2KRWQ,10,supermarket,0.0,0,,crackers,cracker,,True,10
chip,50366,1605.0,01JS023W449S8VDZVV1TTHD45Y,01JRZTN1GYR4F60K8GXXR2KRWQ,11,supermarket,0.0,0,,chips,chip,,True,11
cereal,60948,10582.0,01JS023W449S8VDZVV1TTHD45Y,01JRZTN1GYR4F60K8GXXR2KRWQ,12,supermarket,0.0,0,,cereal,cereal,,True,12
cleaner,66507,5559.0,01JS023W449S8VDZVV1TTHD45Y,01JRZTN1GYR4F60K8GXXR2KRWQ,13,supermarket,0.0,0,,cleaners,cleaner,,True,13
bleach,68595,2088.0,01JS023W449S8VDZVV1TTHD45Y,01JRZTN1GYR4F60K8GXXR2KRWQ,14,supermarket,0.0,0,,bleach,bleach,,True,14
Windex,71937,3342.0,01JS023W449S8VDZVV1TTHD45Y,01JRZTN1GYR4F60K8GXXR2KRWQ,15,supermarket,0.0,0,,windex,windex,,True,15
dusting spray,77871,5934.0,01JS023W449S8VDZVV1TTHD45Y,01JRZTN1GYR4F60K8GXXR2KRWQ,16,supermarket,0.0,0,,dusting spray,dustingspray,,True,16
rice,83306,5435.0,01JS023W449S8VDZVV1TTHD45Y,01JRZTN1GYR4F60K8GXXR2KRWQ,17,supermarket,0.0,0,,rice,rice,,True,17
potato,87495,4189.0,01JS023W449S8VDZVV1TTHD45Y,01JRZTN1GYR4F60K8GXXR2KRWQ,18,supermarket,0.0,0,,potatos,potato,,True,18
tomato,90109,2614.0,01JS023W449S8VDZVV1TTHD45Y,01JRZTN1GYR4F60K8GXXR2KRWQ,19,supermarket,0.0,0,,tomatos,tomato,,True,19
broccoli,101029,10920.0,01JS023W449S8VDZVV1TTHD45Y,01JRZTN1GYR4F60K8GXXR2KRWQ,20,supermarket,1.0,0,,broccoli,broccoli,,True,20
green bean,107147,6118.0,01JS023W449S8VDZVV1TTHD45Y,01JRZTN1GYR4F60K8GXXR2KRWQ,21,supermarket,1.0,0,,green beans,greenbean,,True,21
cauliflower,123634,16487.0,01JS023W449S8VDZVV1TTHD45Y,01JRZTN1GYR4F60K8GXXR2KRWQ,22,supermarket,1.0,0,,califlouer,cauliflower,,True,22
salad,129559,5925.0,01JS023W449S8VDZVV1TTHD45Y,01JRZTN1GYR4F60K8GXXR2KRWQ,23,supermarket,1.0,0,,salad,salad,,True,23
pizza crust,135375,5816.0,01JS023W449S8VDZVV1TTHD45Y,01JRZTN1GYR4F60K8GXXR2KRWQ,24,supermarket,0.0,0,,pizza crust,pizzacrust,,True,24
lunch meat,139577,4202.0,01JS023W449S8VDZVV1TTHD45Y,01JRZTN1GYR4F60K8GXXR2KRWQ,25,supermarket,0.0,0,,lunch meat,lunchmeat,,True,25
cheese,141831,2254.0,01JS023W449S8VDZVV1TTHD45Y,01JRZTN1GYR4F60K8GXXR2KRWQ,26,supermarket,0.0,0,,cheese,cheese,,True,26
hot pocket,153229,11398.0,01JS023W449S8VDZVV1TTHD45Y,01JRZTN1GYR4F60K8GXXR2KRWQ,27,supermarket,0.0,0,,hot pockets,hotpocket,,True,27
burrito,158527,5298.0,01JS023W449S8VDZVV1TTHD45Y,01JRZTN1GYR4F60K8GXXR2KRWQ,28,supermarket,0.0,0,,burritos,burrito,,True,28
egg,166240,7713.0,01JS023W449S8VDZVV1TTHD45Y,01JRZTN1GYR4F60K8GXXR2KRWQ,29,supermarket,0.0,0,,eggs,egg,,True,29
bacon,168488,2248.0,01JS023W449S8VDZVV1TTHD45Y,01JRZTN1GYR4F60K8GXXR2KRWQ,30,supermarket,0.0,0,,bacon,bacon,,True,30
sausage,171101,2613.0,01JS023W449S8VDZVV1TTHD45Y,01JRZTN1GYR4F60K8GXXR2KRWQ,31,supermarket,0.0,0,,sausage,sausage,,True,31
pork chop,176393,5292.0,01JS023W449S8VDZVV1TTHD45Y,01JRZTN1GYR4F60K8GXXR2KRWQ,32,supermarket,0.0,0,,pork chops,porkchop,,True,32
dog,7926,7926.0,01JS02HXTE4SS192QNCYFTQXPB,01JS020PK96Y9AGDVD08GYWFER,0,animals,1.0,0,,dogs,dog,"['Canine', 'Pets']",True,0
cat,8556,630.0,01JS02HXTE4SS192QNCYFTQXPB,01JS020PK96Y9AGDVD08GYWFER,1,animals,1.0,0,,cats,cat,"['Pets', 'Feline']",False,1
lion,9867,1311.0,01JS02HXTE4SS192QNCYFTQXPB,01JS020PK96Y9AGDVD08GYWFER,2,animals,0.0,0,,lions,lion,"['African', 'Feline']",False,2
turtle,12967,3100.0,01JS02HXTE4SS192QNCYFTQXPB,01JS020PK96Y9AGDVD08GYWFER,3,animals,0.0,0,,turtles,turtle,"['ReptileAmphibian', 'Water']",True,3
fish,13699,732.0,01JS02HXTE4SS192QNCYFTQXPB,01JS020PK96Y9AGDVD08GYWFER,4,animals,1.0,0,,fish,fish,"['Fish', 'Water']",False,4
dolphin,15496,1797.0,01JS02HXTE4SS192QNCYFTQXPB,01JS020PK96Y9AGDVD08GYWFER,5,animals,0.0,0,,dolphin,dolphin,"['Insects', 'Water']",False,5
whale,17571,2075.0,01JS02HXTE4SS192QNCYFTQXPB,01JS020PK96Y9AGDVD08GYWFER,6,animals,0.0,0,,whale,whale,"['Fish', 'Water']",False,6
ant,19259,1688.0,01JS02HXTE4SS192QNCYFTQXPB,01JS020PK96Y9AGDVD08GYWFER,7,animals,1.0,0,,ant,ant,['Insects'],True,7
cockroach,25373,6114.0,01JS02HXTE4SS192QNCYFTQXPB,01JS020PK96Y9AGDVD08GYWFER,8,animals,0.0,0,,cockaroach,cockroach,['Insects'],False,8
fly,32023,6650.0,01JS02HXTE4SS192QNCYFTQXPB,01JS020PK96Y9AGDVD08GYWFER,9,animals,0.0,0,,fly,fly,['Insects'],False,9
pig,41818,9795.0,01JS02HXTE4SS192QNCYFTQXPB,01JS020PK96Y9AGDVD08GYWFER,10,animals,1.0,0,,pig,pig,['Farm'],True,10
cow,42519,701.0,01JS02HXTE4SS192QNCYFTQXPB,01JS020PK96Y9AGDVD08GYWFER,11,animals,0.0,0,,cow,cow,"['Bovine', 'Farm']",False,11
chicken,53656,11137.0,01JS02HXTE4SS192QNCYFTQXPB,01JS020PK96Y9AGDVD08GYWFER,12,animals,0.0,0,,chicken,chicken,"['Bird', 'Farm']",False,12
turkey,58256,4600.0,01JS02HXTE4SS192QNCYFTQXPB,01JS020PK96Y9AGDVD08GYWFER,13,animals,1.0,0,,turkey,turkey,"['Bird', 'Farm']",False,13
deer,63008,4752.0,01JS02HXTE4SS192QNCYFTQXPB,01JS020PK96Y9AGDVD08GYWFER,14,animals,0.0,0,,deer,deer,"['Deers', 'NorthAmerican']",True,14
bear,63995,987.0,01JS02HXTE4SS192QNCYFTQXPB,01JS020PK96Y9AGDVD08GYWFER,15,animals,0.0,0,,bear,bear,['NorthAmerican'],False,15
penguin,65623,1628.0,01JS02HXTE4SS192QNCYFTQXPB,01JS020PK96Y9AGDVD08GYWFER,16,animals,0.0,0,,penguin,penguin,"['Arctic', 'Bird', 'Water']",True,16
seal,67491,1868.0,01JS02HXTE4SS192QNCYFTQXPB,01JS020PK96Y9AGDVD08GYWFER,17,animals,1.0,0,,seal,seal,"['Arctic', 'Water']",False,17
walrus,68464,973.0,01JS02HXTE4SS192QNCYFTQXPB,01JS020PK96Y9AGDVD08GYWFER,18,animals,0.0,0,,walrus,walrus,"['Arctic', 'Water']",False,18
aardvark,88059,19595.0,01JS02HXTE4SS192QNCYFTQXPB,01JS020PK96Y9AGDVD08GYWFER,19,animals,1.0,0,,aardvark,aardvark,"['African', 'Insectivores']",True,19
rabbit,95783,7724.0,01JS02HXTE4SS192QNCYFTQXPB,01JS020PK96Y9AGDVD08GYWFER,20,animals,0.0,0,,bunny,rabbit,"['NorthAmerican', 'Pets', 'Rabbit', 'UsedForFur']",True,20
monkey,100628,3745.0,01JS02HXTE4SS192QNCYFTQXPB,01JS020PK96Y9AGDVD08GYWFER,22,animals,1.0,0,,monkey,monkey,"['African', 'Primates']",True,21
chimpanzee,103503,2875.0,01JS02HXTE4SS192QNCYFTQXPB,01JS020PK96Y9AGDVD08GYWFER,23,animals,0.0,0,,chimpanzee,chimpanzee,"['African', 'Primates']",False,22
ape,104182,679.0,01JS02HXTE4SS192QNCYFTQXPB,01JS020PK96Y9AGDVD08GYWFER,24,animals,0.0,0,,ape,ape,['Primates'],False,23
panda,105116,934.0,01JS02HXTE4SS192QNCYFTQXPB,01JS020PK96Y9AGDVD08GYWFER,25,animals,1.0,0,,panda,panda,['Asian'],True,24
viper,112373,7257.0,01JS02HXTE4SS192QNCYFTQXPB,01JS020PK96Y9AGDVD08GYWFER,26,animals,1.0,0,,viper,viper,['ReptileAmphibian'],True,25
boa,114691,2318.0,01JS02HXTE4SS192QNCYFTQXPB,01JS020PK96Y9AGDVD08GYWFER,27,animals,0.0,0,,boa,boaconstrictor,['ReptileAmphibian'],False,26
rattlesnake,117175,2484.0,01JS02HXTE4SS192QNCYFTQXPB,01JS020PK96Y9AGDVD08GYWFER,28,animals,0.0,0,,rattlesnake,rattlesnake,['ReptileAmphibian'],False,27
hedgehog,130917,13742.0,01JS02HXTE4SS192QNCYFTQXPB,01JS020PK96Y9AGDVD08GYWFER,29,animals,0.0,0,,hedgehog,hedgehog,"['Insectivores', 'Rodents']",True,28
eagle,144156,13239.0,01JS02HXTE4SS192QNCYFTQXPB,01JS020PK96Y9AGDVD08GYWFER,30,animals,1.0,0,,eagle,eagle,['Bird'],True,29
falcon,146216,2060.0,01JS02HXTE4SS192QNCYFTQXPB,01JS020PK96Y9AGDVD08GYWFER,31,animals,0.0,0,,falcon,falcon,['Bird'],False,30
crab,157932,11716.0,01JS02HXTE4SS192QNCYFTQXPB,01JS020PK96Y9AGDVD08GYWFER,32,animals,1.0,0,,crab,crab,['Water'],True,31
lobster,159399,1467.0,01JS02HXTE4SS192QNCYFTQXPB,01JS020PK96Y9AGDVD08GYWFER,33,animals,0.0,0,,lobster,lobster,['Water'],False,32
shrimps,165404,6005.0,01JS02HXTE4SS192QNCYFTQXPB,01JS020PK96Y9AGDVD08GYWFER,34,animals,0.0,0,,shrimp,shrimp,['Fish'],True,33
goose,177764,12360.0,01JS02HXTE4SS192QNCYFTQXPB,01JS020PK96Y9AGDVD08GYWFER,35,animals,0.0,0,,goose,goose,['Water'],True,34
suit,3295,3295.0,01JS02HXTE4SS192QNCYFTQXPB,01JS020PK96Y9AGDVD08GYWFER,0,clothes,1.0,0,,suit,suit,,True,0
swimsuit,4691,1396.0,01JS02HXTE4SS192QNCYFTQXPB,01JS020PK96Y9AGDVD08GYWFER,1,clothes,0.0,0,,swimsuit,swimsuit,,True,1
pant,5489,798.0,01JS02HXTE4SS192QNCYFTQXPB,01JS020PK96Y9AGDVD08GYWFER,2,clothes,1.0,0,,pants,pant,,True,2
tie,6852,1363.0,01JS02HXTE4SS192QNCYFTQXPB,01JS020PK96Y9AGDVD08GYWFER,3,clothes,0.0,0,,tie,tie,,True,3
hat,7592,740.0,01JS02HXTE4SS192QNCYFTQXPB,01JS020PK96Y9AGDVD08GYWFER,4,clothes,0.0,0,,hat,hat,,True,4
short,18159,10567.0,01JS02HXTE4SS192QNCYFTQXPB,01JS020PK96Y9AGDVD08GYWFER,5,clothes,1.0,0,,shorts,short,,True,5
bikini,19641,1482.0,01JS02HXTE4SS192QNCYFTQXPB,01JS020PK96Y9AGDVD08GYWFER,6,clothes,0.0,0,,bikini,bikini,,True,6
shirt,23717,4076.0,01JS02HXTE4SS192QNCYFTQXPB,01JS020PK96Y9AGDVD08GYWFER,7,clothes,0.0,0,,shirt,shirt,,True,7
dress shirt,25927,2210.0,01JS02HXTE4SS192QNCYFTQXPB,01JS020PK96Y9AGDVD08GYWFER,8,clothes,1.0,0,,dress shirt,dresshirt,,True,8
belt,28220,2293.0,01JS02HXTE4SS192QNCYFTQXPB,01JS020PK96Y9AGDVD08GYWFER,9,clothes,0.0,0,,belt,belt,,True,9
boot,31389,3169.0,01JS02HXTE4SS192QNCYFTQXPB,01JS020PK96Y9AGDVD08GYWFER,10,clothes,0.0,0,,boots,boot,,True,10
jordan,42896,11507.0,01JS02HXTE4SS192QNCYFTQXPB,01JS020PK96Y9AGDVD08GYWFER,11,clothes,0.0,0,,jordans,jordan,,True,11
dress,51791,8895.0,01JS02HXTE4SS192QNCYFTQXPB,01JS020PK96Y9AGDVD08GYWFER,12,clothes,0.0,0,,dress,dres,,True,12
jean,56008,4217.0,01JS02HXTE4SS192QNCYFTQXPB,01JS020PK96Y9AGDVD08GYWFER,13,clothes,0.0,0,,jeans,jean,,True,13
jacket,61245,5237.0,01JS02HXTE4SS192QNCYFTQXPB,01JS020PK96Y9AGDVD08GYWFER,14,clothes,0.0,0,,jacket,jacket,,True,14
sweater,63806,2561.0,01JS02HXTE4SS192QNCYFTQXPB,01JS020PK96Y9AGDVD08GYWFER,15,clothes,1.0,0,,sweater,sweater,,True,15
pullover,65897,2091.0,01JS02HXTE4SS192QNCYFTQXPB,01JS020PK96Y9AGDVD08GYWFER,16,clothes,0.0,0,,pullover,pullover,,True,16
sports jacket,69262,3365.0,01JS02HXTE4SS192QNCYFTQXPB,01JS020PK96Y9AGDVD08GYWFER,17,clothes,0.0,0,,sports jacket,sportjacket,,True,17
shooting jacket,72334,3072.0,01JS02HXTE4SS192QNCYFTQXPB,01JS020PK96Y9AGDVD08GYWFER,18,clothes,0.0,0,,shooting jacket,shootingjacket,,True,18
baseball cap,77540,5206.0,01JS02HXTE4SS192QNCYFTQXPB,01JS020PK96Y9AGDVD08GYWFER,19,clothes,1.0,0,,baseball cap,baseballcap,,True,19
fedora,79456,1916.0,01JS02HXTE4SS192QNCYFTQXPB,01JS020PK96Y9AGDVD08GYWFER,20,clothes,0.0,0,,fedora,fedora,,True,20
homburg,83241,3785.0,01JS02HXTE4SS192QNCYFTQXPB,01JS020PK96Y9AGDVD08GYWFER,21,clothes,0.0,0,,homburg,homburg,,True,21
top hat,84346,1105.0,01JS02HXTE4SS192QNCYFTQXPB,01JS020PK96Y9AGDVD08GYWFER,22,clothes,0.0,0,,top hat,tophat,,True,22
glove,86243,1897.0,01JS02HXTE4SS192QNCYFTQXPB,01JS020PK96Y9AGDVD08GYWFER,23,clothes,1.0,0,,gloves,glove,,True,23
sock,88270,2027.0,01JS02HXTE4SS192QNCYFTQXPB,01JS020PK96Y9AGDVD08GYWFER,24,clothes,0.0,0,,socks,sock,,True,24
lederhosen,92515,4245.0,01JS02HXTE4SS192QNCYFTQXPB,01JS020PK96Y9AGDVD08GYWFER,25,clothes,1.0,0,,lederhose,lederhosen,,True,25
kilt,96160,3645.0,01JS02HXTE4SS192QNCYFTQXPB,01JS020PK96Y9AGDVD08GYWFER,26,clothes,0.0,0,,kilt,kilt,,True,26
T-shirt,107775,11615.0,01JS02HXTE4SS192QNCYFTQXPB,01JS020PK96Y9AGDVD08GYWFER,27,clothes,0.0,0,,t shirt,tshirt,,True,27
necklace,116756,8981.0,01JS02HXTE4SS192QNCYFTQXPB,01JS020PK96Y9AGDVD08GYWFER,28,clothes,1.0,0,,necklace,necklace,,True,28
bracelet,118023,1267.0,01JS02HXTE4SS192QNCYFTQXPB,01JS020PK96Y9AGDVD08GYWFER,29,clothes,0.0,0,,bracelet,bracelet,,True,29
earring,120496,2473.0,01JS02HXTE4SS192QNCYFTQXPB,01JS020PK96Y9AGDVD08GYWFER,30,clothes,0.0,0,,earrings,earring,,True,30
sunglass,122390,1894.0,01JS02HXTE4SS192QNCYFTQXPB,01JS020PK96Y9AGDVD08GYWFER,31,clothes,1.0,0,,sunglasses,sunglas,,True,31
glass,127798,5408.0,01JS02HXTE4SS192QNCYFTQXPB,01JS020PK96Y9AGDVD08GYWFER,32,clothes,0.0,0,,glasses,glas,,True,32
mask,138779,10981.0,01JS02HXTE4SS192QNCYFTQXPB,01JS020PK96Y9AGDVD08GYWFER,33,clothes,0.0,0,,mask,mask,,True,33
balaclava,142157,3378.0,01JS02HXTE4SS192QNCYFTQXPB,01JS020PK96Y9AGDVD08GYWFER,34,clothes,0.0,0,,balaclava,balaclava,,True,34
helmet,149052,6895.0,01JS02HXTE4SS192QNCYFTQXPB,01JS020PK96Y9AGDVD08GYWFER,35,clothes,0.0,0,,helmet,helmet,,True,35
eyepatch,151902,2850.0,01JS02HXTE4SS192QNCYFTQXPB,01JS020PK96Y9AGDVD08GYWFER,36,clothes,1.0,0,,eyepatch,eyepatch,,True,36
wooden leg,156096,4194.0,01JS02HXTE4SS192QNCYFTQXPB,01JS020PK96Y9AGDVD08GYWFER,37,clothes,0.0,0,,wood leg,woodenleg,,True,37
hook arm,157965,1869.0,01JS02HXTE4SS192QNCYFTQXPB,01JS020PK96Y9AGDVD08GYWFER,38,clothes,0.0,0,,hook arm,hookarm,,True,38
winter jacket,170163,12198.0,01JS02HXTE4SS192QNCYFTQXPB,01JS020PK96Y9AGDVD08GYWFER,39,clothes,0.0,0,,winter jacket,winterjacket,,True,39
bread,3386,3386.0,01JS02HXTE4SS192QNCYFTQXPB,01JS020PK96Y9AGDVD08GYWFER,0,supermarket,1.0,0,,bread,bread,,True,0
milk,4568,1182.0,01JS02HXTE4SS192QNCYFTQXPB,01JS020PK96Y9AGDVD08GYWFER,1,supermarket,0.0,0,,milk,milk,,True,1
egg,5448,880.0,01JS02HXTE4SS192QNCYFTQXPB,01JS020PK96Y9AGDVD08GYWFER,2,supermarket,0.0,0,,eggs,egg,,True,2
bean,10083,4635.0,01JS02HXTE4SS192QNCYFTQXPB,01JS020PK96Y9AGDVD08GYWFER,3,supermarket,0.0,0,,beans,bean,,True,3
rice,10867,784.0,01JS02HXTE4SS192QNCYFTQXPB,01JS020PK96Y9AGDVD08GYWFER,4,supermarket,0.0,0,,rice,rice,,True,4
meat,12722,1855.0,01JS02HXTE4SS192QNCYFTQXPB,01JS020PK96Y9AGDVD08GYWFER,5,supermarket,0.0,0,,meat,meat,,True,5
beef,13591,869.0,01JS02HXTE4SS192QNCYFTQXPB,01JS020PK96Y9AGDVD08GYWFER,6,supermarket,0.0,0,,beef,beef,,True,6
pork,16823,3232.0,01JS02HXTE4SS192QNCYFTQXPB,01JS020PK96Y9AGDVD08GYWFER,7,supermarket,0.0,0,,pork,pork,,True,7
chicken,19551,2728.0,01JS02HXTE4SS192QNCYFTQXPB,01JS020PK96Y9AGDVD08GYWFER,8,supermarket,0.0,0,,chicken,chicken,,True,8
turkey,24493,4942.0,01JS02HXTE4SS192QNCYFTQXPB,01JS020PK96Y9AGDVD08GYWFER,9,supermarket,1.0,0,,turkey,turkey,,True,9
ham,25395,902.0,01JS02HXTE4SS192QNCYFTQXPB,01JS020PK96Y9AGDVD08GYWFER,10,supermarket,1.0,0,,ham,ham,,True,10
lettuce,28293,2898.0,01JS02HXTE4SS192QNCYFTQXPB,01JS020PK96Y9AGDVD08GYWFER,11,supermarket,1.0,0,,lettuce,lettuce,,True,11
onion,32823,4530.0,01JS02HXTE4SS192QNCYFTQXPB,01JS020PK96Y9AGDVD08GYWFER,12,supermarket,1.0,0,,onions,onion,,True,12
tomato,34213,1390.0,01JS02HXTE4SS192QNCYFTQXPB,01JS020PK96Y9AGDVD08GYWFER,13,supermarket,1.0,0,,tomatos,tomato,,True,13
eggplant,40339,6126.0,01JS02HXTE4SS192QNCYFTQXPB,01JS020PK96Y9AGDVD08GYWFER,14,supermarket,0.0,0,,eggplants,eggplant,,True,14
cookie,46568,6229.0,01JS02HXTE4SS192QNCYFTQXPB,01JS020PK96Y9AGDVD08GYWFER,15,supermarket,0.0,0,,cookies,cookie,,True,15
peanut butter,49250,2682.0,01JS02HXTE4SS192QNCYFTQXPB,01JS020PK96Y9AGDVD08GYWFER,16,supermarket,1.0,0,,peanut butter,peanutbutter,,True,16
jam,49939,689.0,01JS02HXTE4SS192QNCYFTQXPB,01JS020PK96Y9AGDVD08GYWFER,17,supermarket,1.0,0,,jam,jam,,True,17
cracker,58792,8853.0,01JS02HXTE4SS192QNCYFTQXPB,01JS020PK96Y9AGDVD08GYWFER,18,supermarket,0.0,0,,crackers,cracker,,True,18
chip,60955,2163.0,01JS02HXTE4SS192QNCYFTQXPB,01JS020PK96Y9AGDVD08GYWFER,19,supermarket,0.0,0,,chips,chip,,True,19
popcorn,62813,1858.0,01JS02HXTE4SS192QNCYFTQXPB,01JS020PK96Y9AGDVD08GYWFER,20,supermarket,0.0,0,,popcorn,popcorn,,True,20
soda,66386,3573.0,01JS02HXTE4SS192QNCYFTQXPB,01JS020PK96Y9AGDVD08GYWFER,21,supermarket,0.0,0,,soda,soda,,True,21
water,67313,927.0,01JS02HXTE4SS192QNCYFTQXPB,01JS020PK96Y9AGDVD08GYWFER,22,supermarket,0.0,0,,water,water,,True,22
apple juice,70332,3019.0,01JS02HXTE4SS192QNCYFTQXPB,01JS020PK96Y9AGDVD08GYWFER,23,supermarket,0.0,0,,apple juice,applejuice,,True,23
orange juice,73419,3087.0,01JS02HXTE4SS192QNCYFTQXPB,01JS020PK96Y9AGDVD08GYWFER,24,supermarket,0.0,0,,orange juice,orangejuice,,True,24
tuna,76875,3456.0,01JS02HXTE4SS192QNCYFTQXPB,01JS020PK96Y9AGDVD08GYWFER,25,supermarket,0.0,0,,tuna,tuna,,True,25
orange,93376,16501.0,01JS02HXTE4SS192QNCYFTQXPB,01JS020PK96Y9AGDVD08GYWFER,26,supermarket,0.0,0,,orange,orange,,True,26
apple,94505,1129.0,01JS02HXTE4SS192QNCYFTQXPB,01JS020PK96Y9AGDVD08GYWFER,27,supermarket,0.0,0,,apple,apple,,True,27
lemon,101290,6785.0,01JS02HXTE4SS192QNCYFTQXPB,01JS020PK96Y9AGDVD08GYWFER,28,supermarket,0.0,0,,lemons,lemon,,True,28
lime,102388,1098.0,01JS02HXTE4SS192QNCYFTQXPB,01JS020PK96Y9AGDVD08GYWFER,29,supermarket,0.0,0,,limes,lime,,True,29
potato,107756,5368.0,01JS02HXTE4SS192QNCYFTQXPB,01JS020PK96Y9AGDVD08GYWFER,30,supermarket,0.0,0,,potatoes,potato,,True,30
beer,109981,2225.0,01JS02HXTE4SS192QNCYFTQXPB,01JS020PK96Y9AGDVD08GYWFER,31,supermarket,0.0,0,,beer,beer,,True,31
wine,110904,923.0,01JS02HXTE4SS192QNCYFTQXPB,01JS020PK96Y9AGDVD08GYWFER,32,supermarket,0.0,0,,wine,wine,,True,32
liquor,114679,3775.0,01JS02HXTE4SS192QNCYFTQXPB,01JS020PK96Y9AGDVD08GYWFER,33,supermarket,0.0,0,,liqour,liquor,,True,33
diaper,128346,13667.0,01JS02HXTE4SS192QNCYFTQXPB,01JS020PK96Y9AGDVD08GYWFER,34,supermarket,0.0,0,,diapers,diaper,,True,34
baby wipe,133342,4996.0,01JS02HXTE4SS192QNCYFTQXPB,01JS020PK96Y9AGDVD08GYWFER,35,supermarket,0.0,0,,baby wipes,babywipe,,True,35
toilet paper,135654,2312.0,01JS02HXTE4SS192QNCYFTQXPB,01JS020PK96Y9AGDVD08GYWFER,36,supermarket,0.0,0,,toilet paper,toiletpaper,,True,36
cheese,144443,8789.0,01JS02HXTE4SS192QNCYFTQXPB,01JS020PK96Y9AGDVD08GYWFER,37,supermarket,0.0,0,,cheese,cheese,,True,37
salami,155725,11282.0,01JS02HXTE4SS192QNCYFTQXPB,01JS020PK96Y9AGDVD08GYWFER,38,supermarket,0.0,0,,salami,salami,,True,38
pickle,157352,1627.0,01JS02HXTE4SS192QNCYFTQXPB,01JS020PK96Y9AGDVD08GYWFER,39,supermarket,0.0,0,,pickles,pickle,,True,39
olive,158826,1474.0,01JS02HXTE4SS192QNCYFTQXPB,01JS020PK96Y9AGDVD08GYWFER,40,supermarket,0.0,0,,olives,olive,,True,40
peach,161493,2667.0,01JS02HXTE4SS192QNCYFTQXPB,01JS020PK96Y9AGDVD08GYWFER,41,supermarket,0.0,0,,peaches,peach,,True,41
pineapple,163070,1577.0,01JS02HXTE4SS192QNCYFTQXPB,01JS020PK96Y9AGDVD08GYWFER,42,supermarket,0.0,0,,pineapple,pineapple,,True,42
cherry,174910,11840.0,01JS02HXTE4SS192QNCYFTQXPB,01JS020PK96Y9AGDVD08GYWFER,43,supermarket,0.0,0,,cherries,cherry,,True,43
blueberry,178673,3763.0,01JS02HXTE4SS192QNCYFTQXPB,01JS020PK96Y9AGDVD08GYWFER,44,supermarket,0.0,0,,blueberries,blueberry,,True,44
shirt,3001,3001.0,01JYPF7W0GE4BW18EJF8HNSWQ3,01JYPEX834X5MTS4TMVPMZS0XF,0,clothes,1.0,1,Everyday wear,shirt,shirt,,True,0
skirt,5254,2253.0,01JYPF7W0GE4BW18EJF8HNSWQ3,01JYPEX834X5MTS4TMVPMZS0XF,1,clothes,0.0,1,Everyday wear,skirt,skirt,,True,1
dress,6491,1237.0,01JYPF7W0GE4BW18EJF8HNSWQ3,01JYPEX834X5MTS4TMVPMZS0XF,2,clothes,0.0,1,Everyday wear,dress,dres,,True,2
pant,7532,1041.0,01JYPF7W0GE4BW18EJF8HNSWQ3,01JYPEX834X5MTS4TMVPMZS0XF,3,clothes,0.0,1,Everyday wear,pants,pant,,True,3
sock,8454,922.0,01JYPF7W0GE4BW18EJF8HNSWQ3,01JYPEX834X5MTS4TMVPMZS0XF,4,clothes,0.0,1,Everyday wear,socks,sock,,True,4
underwear,10422,1968.0,01JYPF7W0GE4BW18EJF8HNSWQ3,01JYPEX834X5MTS4TMVPMZS0XF,5,clothes,0.0,1,Everyday wear,underwear,underwear,,True,5
skort,13137,2715.0,01JYPF7W0GE4BW18EJF8HNSWQ3,01JYPEX834X5MTS4TMVPMZS0XF,6,clothes,0.0,1,Everyday wear,skort,skort,,True,6
tank top,15858,2721.0,01JYPF7W0GE4BW18EJF8HNSWQ3,01JYPEX834X5MTS4TMVPMZS0XF,7,clothes,0.0,1,Everyday wear,tank top,tanktop,,True,7
short,22020,6162.0,01JYPF7W0GE4BW18EJF8HNSWQ3,01JYPEX834X5MTS4TMVPMZS0XF,8,clothes,0.0,1,Everyday wear,shorts,short,,True,8
shoe,26234,4214.0,01JYPF7W0GE4BW18EJF8HNSWQ3,01JYPEX834X5MTS4TMVPMZS0XF,9,clothes,1.0,1,accessories,shoes,shoe,,True,9
hat,27284,1050.0,01JYPF7W0GE4BW18EJF8HNSWQ3,01JYPEX834X5MTS4TMVPMZS0XF,10,clothes,0.0,1,accessories,hat,hat,,True,10
scarf,29202,1918.0,01JYPF7W0GE4BW18EJF8HNSWQ3,01JYPEX834X5MTS4TMVPMZS0XF,11,clothes,0.0,1,accessories,scarf,scarf,,True,11
T-shirt,36033,6831.0,01JYPF7W0GE4BW18EJF8HNSWQ3,01JYPEX834X5MTS4TMVPMZS0XF,12,clothes,1.0,1,tops,tshirt,tshirt,,True,12
button-up shirt,39628,3595.0,01JYPF7W0GE4BW18EJF8HNSWQ3,01JYPEX834X5MTS4TMVPMZS0XF,13,clothes,0.0,1,tops,button up shirt,buttonupshirt,,True,13
bra,46282,6654.0,01JYPF7W0GE4BW18EJF8HNSWQ3,01JYPEX834X5MTS4TMVPMZS0XF,14,clothes,1.0,1,undergarment,bra,bra,,True,14
brogue,54584,8302.0,01JYPF7W0GE4BW18EJF8HNSWQ3,01JYPEX834X5MTS4TMVPMZS0XF,15,clothes,1.0,1,accessories,boggin,brogue,,True,15
bandana,77338,22754.0,01JYPF7W0GE4BW18EJF8HNSWQ3,01JYPEX834X5MTS4TMVPMZS0XF,16,clothes,0.0,1,accessories,bandana,bandana,,True,16
belt,82803,5465.0,01JYPF7W0GE4BW18EJF8HNSWQ3,01JYPEX834X5MTS4TMVPMZS0XF,17,clothes,0.0,1,accessories,belt,belt,,True,17
flip-flop,97186,14383.0,01JYPF7W0GE4BW18EJF8HNSWQ3,01JYPEX834X5MTS4TMVPMZS0XF,18,clothes,1.0,1,shoes,flip flop,flipflop,,True,18
boot,98684,1498.0,01JYPF7W0GE4BW18EJF8HNSWQ3,01JYPEX834X5MTS4TMVPMZS0XF,19,clothes,0.0,1,shoes,boots,boot,,True,19
cowboy hat,102559,3875.0,01JYPF7W0GE4BW18EJF8HNSWQ3,01JYPEX834X5MTS4TMVPMZS0XF,20,clothes,1.0,1,hats,cowboy hat,cowboyhat,,True,20
fedora,115818,13259.0,01JYPF7W0GE4BW18EJF8HNSWQ3,01JYPEX834X5MTS4TMVPMZS0XF,21,clothes,0.0,1,hats,fedora,fedora,,True,21
jacket,123778,7960.0,01JYPF7W0GE4BW18EJF8HNSWQ3,01JYPEX834X5MTS4TMVPMZS0XF,22,clothes,1.0,1,jackets,jacket,jacket,,True,22
poncho,128578,4800.0,01JYPF7W0GE4BW18EJF8HNSWQ3,01JYPEX834X5MTS4TMVPMZS0XF,23,clothes,0.0,1,jackets,poncho,poncho,,True,23
rain jacket,136231,7653.0,01JYPF7W0GE4BW18EJF8HNSWQ3,01JYPEX834X5MTS4TMVPMZS0XF,24,clothes,0.0,1,jackets,rain jacket,rainjacket,,True,24
snow jacket,138765,2534.0,01JYPF7W0GE4BW18EJF8HNSWQ3,01JYPEX834X5MTS4TMVPMZS0XF,25,clothes,0.0,1,jackets,snow jacket,snowjacket,,True,25
blue jean jacket,141919,3154.0,01JYPF7W0GE4BW18EJF8HNSWQ3,01JYPEX834X5MTS4TMVPMZS0XF,26,clothes,0.0,1,jackets,blue jean jacket,bluejeanjacket,,True,26
shawl,152125,10206.0,01JYPF7W0GE4BW18EJF8HNSWQ3,01JYPEX834X5MTS4TMVPMZS0XF,27,clothes,0.0,1,jackets,shawl,shawl,,True,27
pajama,154422,2297.0,01JYPF7W0GE4BW18EJF8HNSWQ3,01JYPEX834X5MTS4TMVPMZS0XF,28,clothes,1.0,1,sleepwear,pajamas,pajama,,True,28
gown,156124,1702.0,01JYPF7W0GE4BW18EJF8HNSWQ3,01JYPEX834X5MTS4TMVPMZS0XF,29,clothes,0.0,1,sleepwear,gown,gown,,True,29
muumuu,163034,6910.0,01JYPF7W0GE4BW18EJF8HNSWQ3,01JYPEX834X5MTS4TMVPMZS0XF,30,clothes,0.0,1,sleepwear,moomoo,muumuu,,True,30
sundress,168807,5773.0,01JYPF7W0GE4BW18EJF8HNSWQ3,01JYPEX834X5MTS4TMVPMZS0XF,31,clothes,1.0,1,formal wear,sundress,sundres,,True,31
formal dress,171782,2975.0,01JYPF7W0GE4BW18EJF8HNSWQ3,01JYPEX834X5MTS4TMVPMZS0XF,32,clothes,0.0,1,formal wear,formal dress,formaldres,,True,32
suit,172725,943.0,01JYPF7W0GE4BW18EJF8HNSWQ3,01JYPEX834X5MTS4TMVPMZS0XF,33,clothes,0.0,1,formal wear,suit,suit,,True,33
tie,175108,2383.0,01JYPF7W0GE4BW18EJF8HNSWQ3,01JYPEX834X5MTS4TMVPMZS0XF,34,clothes,0.0,1,formal wear,tie,tie,,True,34
bow,179256,4148.0,01JYPF7W0GE4BW18EJF8HNSWQ3,01JYPEX834X5MTS4TMVPMZS0XF,35,clothes,0.0,1,formal wear,bow,bow,,True,35
dog,3536,3536.0,01JYPF9GM7P9V2JTTNJX1NGK95,01JYPEXDJHN2C65MW0GZM3VP3C,0,animals,1.0,1,Pets ,dog,dog,"['Canine', 'Pets']",True,0
cat,4890,1354.0,01JYPF9GM7P9V2JTTNJX1NGK95,01JYPEXDJHN2C65MW0GZM3VP3C,1,animals,0.0,1,Pets ,cat,cat,"['Pets', 'Feline']",False,1
rabbit,6175,1285.0,01JYPF9GM7P9V2JTTNJX1NGK95,01JYPEXDJHN2C65MW0GZM3VP3C,2,animals,0.0,1,Pets ,rabbit,rabbit,"['NorthAmerican', 'Pets', 'Rabbit', 'UsedForFur']",False,2
pig,7849,1674.0,01JYPF9GM7P9V2JTTNJX1NGK95,01JYPEXDJHN2C65MW0GZM3VP3C,3,animals,1.0,1,Farm Animals,pig,pig,['Farm'],True,3
goat,9206,1357.0,01JYPF9GM7P9V2JTTNJX1NGK95,01JYPEXDJHN2C65MW0GZM3VP3C,4,animals,0.0,1,Farm Animals,goat,goat,['Farm'],False,4
horse,12596,3390.0,01JYPF9GM7P9V2JTTNJX1NGK95,01JYPEXDJHN2C65MW0GZM3VP3C,5,animals,0.0,1,Farm Animals,horse,horse,"['BeastsOfBurden', 'Farm']",False,5
zebra,15127,2531.0,01JYPF9GM7P9V2JTTNJX1NGK95,01JYPEXDJHN2C65MW0GZM3VP3C,6,animals,1.0,1,Wild Animals,zebra,zebra,['African'],True,6
lion,17174,2047.0,01JYPF9GM7P9V2JTTNJX1NGK95,01JYPEXDJHN2C65MW0GZM3VP3C,7,animals,0.0,1,Wild Animals,lion,lion,"['African', 'Feline']",False,7
tiger,19152,1978.0,01JYPF9GM7P9V2JTTNJX1NGK95,01JYPEXDJHN2C65MW0GZM3VP3C,8,animals,0.0,1,Wild Animals,tiger,tiger,"['African', 'Feline']",False,8
monkey,21000,1848.0,01JYPF9GM7P9V2JTTNJX1NGK95,01JYPEXDJHN2C65MW0GZM3VP3C,9,animals,0.0,1,Wild Animals,monkey,monkey,"['African', 'Primates']",False,9
bear,23062,2062.0,01JYPF9GM7P9V2JTTNJX1NGK95,01JYPEXDJHN2C65MW0GZM3VP3C,10,animals,0.0,1,Wild Animals,bear,bear,['NorthAmerican'],True,10
hippopotamus,25979,2917.0,01JYPF9GM7P9V2JTTNJX1NGK95,01JYPEXDJHN2C65MW0GZM3VP3C,11,animals,0.0,1,Wild Animals,hippo,hippopotamus,['African'],True,11
snake,29899,3920.0,01JYPF9GM7P9V2JTTNJX1NGK95,01JYPEXDJHN2C65MW0GZM3VP3C,12,animals,0.0,1,Wild Animals,snake,snake,"['Farm', 'ReptileAmphibian']",True,12
rat,33752,3853.0,01JYPF9GM7P9V2JTTNJX1NGK95,01JYPEXDJHN2C65MW0GZM3VP3C,13,animals,0.0,1,Wild Animals,rat,rat,['Rodents'],True,13
guinea pig,38162,4410.0,01JYPF9GM7P9V2JTTNJX1NGK95,01JYPEXDJHN2C65MW0GZM3VP3C,14,animals,1.0,1,Small Pets,guinea pig,guineapig,"['Pets', 'Rodents']",False,14
mouse,42208,4046.0,01JYPF9GM7P9V2JTTNJX1NGK95,01JYPEXDJHN2C65MW0GZM3VP3C,15,animals,0.0,1,Small Pets,mouse,mouse,"['Bird', 'Rodents']",False,15
donkey,80079,37871.0,01JYPF9GM7P9V2JTTNJX1NGK95,01JYPEXDJHN2C65MW0GZM3VP3C,16,animals,1.0,1,Worker Animal,donkey,donkey,"['BeastsOfBurden', 'Farm']",True,16
raccoon,112992,32913.0,01JYPF9GM7P9V2JTTNJX1NGK95,01JYPEXDJHN2C65MW0GZM3VP3C,17,animals,1.0,1,American Wild Animal,racoon,raccoon,['NorthAmerican'],True,17
wolf,117808,4816.0,01JYPF9GM7P9V2JTTNJX1NGK95,01JYPEXDJHN2C65MW0GZM3VP3C,18,animals,0.0,1,American Wild Animal,wolf,wolf,"['Canine', 'NorthAmerican']",False,18
chipmunk,131220,13412.0,01JYPF9GM7P9V2JTTNJX1NGK95,01JYPEXDJHN2C65MW0GZM3VP3C,19,animals,0.0,1,American Wild Animal,chipmonk,chipmunk,"['NorthAmerican', 'Rodents']",False,19
elephant,136403,5183.0,01JYPF9GM7P9V2JTTNJX1NGK95,01JYPEXDJHN2C65MW0GZM3VP3C,20,animals,1.0,1,African Wild Animal,elephant,elephant,['African'],True,20
deer,143264,6861.0,01JYPF9GM7P9V2JTTNJX1NGK95,01JYPEXDJHN2C65MW0GZM3VP3C,21,animals,1.0,1,English Woild Animal,deer,deer,"['Deers', 'NorthAmerican']",True,21
sheep,150539,7275.0,01JYPF9GM7P9V2JTTNJX1NGK95,01JYPEXDJHN2C65MW0GZM3VP3C,22,animals,1.0,1,Farm Animals,sheep,sheep,['Farm'],True,22
cow,153542,3003.0,01JYPF9GM7P9V2JTTNJX1NGK95,01JYPEXDJHN2C65MW0GZM3VP3C,23,animals,0.0,1,Farm Animals,cow,cow,"['Bovine', 'Farm']",False,23
hen,155735,2193.0,01JYPF9GM7P9V2JTTNJX1NGK95,01JYPEXDJHN2C65MW0GZM3VP3C,24,animals,0.0,1,Farm Animals,hen,hen,['Farm'],False,24
kangaroo,170743,15008.0,01JYPF9GM7P9V2JTTNJX1NGK95,01JYPEXDJHN2C65MW0GZM3VP3C,25,animals,1.0,1,Australian Wild Animals,kangaroo,kangaroo,['Australian'],True,25
koala,177957,7214.0,01JYPF9GM7P9V2JTTNJX1NGK95,01JYPEXDJHN2C65MW0GZM3VP3C,26,animals,0.0,1,Australian Wild Animals,koala,koala,['Australian'],False,26
t-shirt,4387,4387.0,01JYPF9WMDWGJ362NDP8MARNR4,01JYPEXDJQYTEMV2J0K2Y4M1X4,0,clothes,1.0,1,Summer clothes,t-shirt,tshirt,,True,0
short,11516,7129.0,01JYPF9WMDWGJ362NDP8MARNR4,01JYPEXDJQYTEMV2J0K2Y4M1X4,1,clothes,0.0,1,Summer clothes,shorts,short,,True,1
underwear,14257,2741.0,01JYPF9WMDWGJ362NDP8MARNR4,01JYPEXDJQYTEMV2J0K2Y4M1X4,2,clothes,1.0,1,Female-oriented clothes,underwear,underwear,,True,2
dress,17013,2756.0,01JYPF9WMDWGJ362NDP8MARNR4,01JYPEXDJQYTEMV2J0K2Y4M1X4,3,clothes,0.0,1,Female-oriented clothes,dress,dres,,True,3
trouser,20454,3441.0,01JYPF9WMDWGJ362NDP8MARNR4,01JYPEXDJQYTEMV2J0K2Y4M1X4,4,clothes,1.0,1,Trousers,trousers,trouser,,True,4
skirt,24564,4110.0,01JYPF9WMDWGJ362NDP8MARNR4,01JYPEXDJQYTEMV2J0K2Y4M1X4,5,clothes,1.0,1,Skirt,skirt,skirt,,True,5
tie,27943,3379.0,01JYPF9WMDWGJ362NDP8MARNR4,01JYPEXDJQYTEMV2J0K2Y4M1X4,6,clothes,1.0,1,Common Accessories,tie,tie,,True,6
cap,31447,3504.0,01JYPF9WMDWGJ362NDP8MARNR4,01JYPEXDJQYTEMV2J0K2Y4M1X4,7,clothes,0.0,1,Common Accessories,cap,cap,,True,7
sock,45731,14284.0,01JYPF9WMDWGJ362NDP8MARNR4,01JYPEXDJQYTEMV2J0K2Y4M1X4,8,clothes,0.0,1,Common Accessories,socks,sock,,True,8
jumper,53179,7448.0,01JYPF9WMDWGJ362NDP8MARNR4,01JYPEXDJQYTEMV2J0K2Y4M1X4,9,clothes,1.0,1,Wear when cold inside,jumper,jumper,,True,9
scarf,55975,2796.0,01JYPF9WMDWGJ362NDP8MARNR4,01JYPEXDJQYTEMV2J0K2Y4M1X4,10,clothes,1.0,1,Protection from cold accessory,scarf,scarf,,True,10
bra,60225,4250.0,01JYPF9WMDWGJ362NDP8MARNR4,01JYPEXDJQYTEMV2J0K2Y4M1X4,11,clothes,1.0,1,Underclothes wear (female),bra,bra,,True,11
belt,63819,3594.0,01JYPF9WMDWGJ362NDP8MARNR4,01JYPEXDJQYTEMV2J0K2Y4M1X4,12,clothes,1.0,1,Trouser accessory,belt,belt,,True,12
hat,86390,22571.0,01JYPF9WMDWGJ362NDP8MARNR4,01JYPEXDJQYTEMV2J0K2Y4M1X4,13,clothes,1.0,1,accessories on hair,hat,hat,,True,13
blazer,96019,9629.0,01JYPF9WMDWGJ362NDP8MARNR4,01JYPEXDJQYTEMV2J0K2Y4M1X4,14,clothes,1.0,1,Formal Wear,blazer,blazer,,True,14
jean,105195,9176.0,01JYPF9WMDWGJ362NDP8MARNR4,01JYPEXDJQYTEMV2J0K2Y4M1X4,15,clothes,0.0,1,Formal Wear,jeans,jean,,True,15
jeorts,108431,3236.0,01JYPF9WMDWGJ362NDP8MARNR4,01JYPEXDJQYTEMV2J0K2Y4M1X4,16,clothes,1.0,1,Summer(ish),jorts,jeort,,True,16
bikini,112145,3714.0,01JYPF9WMDWGJ362NDP8MARNR4,01JYPEXDJQYTEMV2J0K2Y4M1X4,17,clothes,1.0,1,beachwear (female),bikini,bikini,,True,17
cardigan,114515,2370.0,01JYPF9WMDWGJ362NDP8MARNR4,01JYPEXDJQYTEMV2J0K2Y4M1X4,18,clothes,1.0,1,Protection from cold,cardigan,cardigan,,True,18
jacket,116528,2013.0,01JYPF9WMDWGJ362NDP8MARNR4,01JYPEXDJQYTEMV2J0K2Y4M1X4,19,clothes,0.0,1,Protection from cold,jacket,jacket,,True,19
coat,118742,2214.0,01JYPF9WMDWGJ362NDP8MARNR4,01JYPEXDJQYTEMV2J0K2Y4M1X4,20,clothes,0.0,1,Protection from cold,coat,coat,,True,20
glove,123774,5032.0,01JYPF9WMDWGJ362NDP8MARNR4,01JYPEXDJQYTEMV2J0K2Y4M1X4,21,clothes,0.0,1,Protection from cold,gloves,glove,,True,21
legging,127387,3613.0,01JYPF9WMDWGJ362NDP8MARNR4,01JYPEXDJQYTEMV2J0K2Y4M1X4,22,clothes,1.0,1,Leggings,leggings,legging,,True,22
vest,129601,2214.0,01JYPF9WMDWGJ362NDP8MARNR4,01JYPEXDJQYTEMV2J0K2Y4M1X4,23,clothes,1.0,1,undershirt ,vest,vest,,True,23
shirt,156906,27305.0,01JYPF9WMDWGJ362NDP8MARNR4,01JYPEXDJQYTEMV2J0K2Y4M1X4,24,clothes,1.0,1,Common clothes,shirt,shirt,,True,24
apron,173274,16368.0,01JYPF9WMDWGJ362NDP8MARNR4,01JYPEXDJQYTEMV2J0K2Y4M1X4,25,clothes,1.0,1,Kitchen-related wear,apron,apron,,True,25
dog,5466,5466.0,01JYPFB1YDBB87K8WP98HJEANK,01JYPEXG3ZJQHFZ6M4D3VS0BTM,0,animals,1.0,1,Pets,dog,dog,"['Canine', 'Pets']",True,0
cat,6639,1173.0,01JYPFB1YDBB87K8WP98HJEANK,01JYPEXG3ZJQHFZ6M4D3VS0BTM,1,animals,0.0,1,Pets,cat,cat,"['Pets', 'Feline']",False,1
horse,8071,1432.0,01JYPFB1YDBB87K8WP98HJEANK,01JYPEXG3ZJQHFZ6M4D3VS0BTM,2,animals,0.0,1,Pets,horse,horse,"['BeastsOfBurden', 'Farm']",True,2
elephant,9745,1674.0,01JYPFB1YDBB87K8WP98HJEANK,01JYPEXG3ZJQHFZ6M4D3VS0BTM,3,animals,1.0,1,Wild animals,elephant,elephant,['African'],True,3
squirrel,11561,1816.0,01JYPFB1YDBB87K8WP98HJEANK,01JYPEXG3ZJQHFZ6M4D3VS0BTM,4,animals,0.0,1,Wild animals,squirrel,squirrel,"['NorthAmerican', 'Rodents']",True,4
panther,15136,3575.0,01JYPFB1YDBB87K8WP98HJEANK,01JYPEXG3ZJQHFZ6M4D3VS0BTM,5,animals,0.0,1,Wild animals,panther,panther,"['African', 'Feline']",True,5
bird,19417,4281.0,01JYPFB1YDBB87K8WP98HJEANK,01JYPEXG3ZJQHFZ6M4D3VS0BTM,6,animals,0.0,1,Wild animals,bird,bird,['Bird'],True,6
lizard,27704,8287.0,01JYPFB1YDBB87K8WP98HJEANK,01JYPEXG3ZJQHFZ6M4D3VS0BTM,7,animals,0.0,1,Wild animals,lizard,lizard,['ReptileAmphibian'],True,7
rhino,32160,4456.0,01JYPFB1YDBB87K8WP98HJEANK,01JYPEXG3ZJQHFZ6M4D3VS0BTM,8,animals,0.0,1,Wild animals,rhino,rhino,['African'],True,8
frog,38889,6729.0,01JYPFB1YDBB87K8WP98HJEANK,01JYPEXG3ZJQHFZ6M4D3VS0BTM,9,animals,1.0,1,amphibians,frog,frog,"['ReptileAmphibian', 'Water']",True,9
fish,39831,942.0,01JYPFB1YDBB87K8WP98HJEANK,01JYPEXG3ZJQHFZ6M4D3VS0BTM,10,animals,0.0,1,amphibians,fish,fish,"['Fish', 'Water']",False,10
cheetah,47647,7816.0,01JYPFB1YDBB87K8WP98HJEANK,01JYPEXG3ZJQHFZ6M4D3VS0BTM,11,animals,0.0,1,amphibians,cheeta,cheetah,"['African', 'Feline']",True,11
lion,48704,1057.0,01JYPFB1YDBB87K8WP98HJEANK,01JYPEXG3ZJQHFZ6M4D3VS0BTM,12,animals,1.0,1,zoo animals,lion,lion,"['African', 'Feline']",False,12
tiger,49631,927.0,01JYPFB1YDBB87K8WP98HJEANK,01JYPEXG3ZJQHFZ6M4D3VS0BTM,13,animals,0.0,1,zoo animals,tiger,tiger,"['African', 'Feline']",False,13
giraffe,52311,2680.0,01JYPFB1YDBB87K8WP98HJEANK,01JYPEXG3ZJQHFZ6M4D3VS0BTM,14,animals,0.0,1,zoo animals,giraffe,giraffe,['African'],False,14
penguin,59314,7003.0,01JYPFB1YDBB87K8WP98HJEANK,01JYPEXG3ZJQHFZ6M4D3VS0BTM,15,animals,1.0,1,cold weather birds,penguine,penguin,"['Arctic', 'Bird', 'Water']",True,15
snake,62775,3461.0,01JYPFB1YDBB87K8WP98HJEANK,01JYPEXG3ZJQHFZ6M4D3VS0BTM,16,animals,1.0,1,slithering creatures,snake,snake,"['Farm', 'ReptileAmphibian']",True,16
worm,64865,2090.0,01JYPFB1YDBB87K8WP98HJEANK,01JYPEXG3ZJQHFZ6M4D3VS0BTM,17,animals,0.0,1,slithering creatures,worm,worm,"['Insects', 'Worms']",True,17
skunk,73615,8750.0,01JYPFB1YDBB87K8WP98HJEANK,01JYPEXG3ZJQHFZ6M4D3VS0BTM,18,animals,1.0,1,woodland creatures,skunk,skunk,"['NorthAmerican', 'Weasels']",True,18
opossum,76552,2937.0,01JYPFB1YDBB87K8WP98HJEANK,01JYPEXG3ZJQHFZ6M4D3VS0BTM,19,animals,0.0,1,woodland creatures,opossum,opossum,['NorthAmerican'],False,19
raccoon,79216,2664.0,01JYPFB1YDBB87K8WP98HJEANK,01JYPEXG3ZJQHFZ6M4D3VS0BTM,20,animals,0.0,1,woodland creatures,raccoon,raccoon,['NorthAmerican'],False,20
deer,80640,1424.0,01JYPFB1YDBB87K8WP98HJEANK,01JYPEXG3ZJQHFZ6M4D3VS0BTM,21,animals,0.0,1,woodland creatures,deer,deer,"['Deers', 'NorthAmerican']",False,21
fox,83143,2503.0,01JYPFB1YDBB87K8WP98HJEANK,01JYPEXG3ZJQHFZ6M4D3VS0BTM,22,animals,0.0,1,woodland creatures,fox,fox,"['Canine', 'NorthAmerican', 'UsedForFur']",False,22
wolf,84224,1081.0,01JYPFB1YDBB87K8WP98HJEANK,01JYPEXG3ZJQHFZ6M4D3VS0BTM,23,animals,0.0,1,woodland creatures,wolf,wolf,"['Canine', 'NorthAmerican']",False,23
coyote,88009,3785.0,01JYPFB1YDBB87K8WP98HJEANK,01JYPEXG3ZJQHFZ6M4D3VS0BTM,24,animals,0.0,1,woodland creatures,coyote,coyote,['Canine'],False,24
antelope,97160,9151.0,01JYPFB1YDBB87K8WP98HJEANK,01JYPEXG3ZJQHFZ6M4D3VS0BTM,25,animals,0.0,1,woodland creatures,antelope,antelope,['African'],True,25
alligator,101104,3944.0,01JYPFB1YDBB87K8WP98HJEANK,01JYPEXG3ZJQHFZ6M4D3VS0BTM,26,animals,0.0,1,woodland creatures,alligator,alligator,"['ReptileAmphibian', 'Water']",True,26
crocodile,103890,2786.0,01JYPFB1YDBB87K8WP98HJEANK,01JYPEXG3ZJQHFZ6M4D3VS0BTM,27,animals,0.0,1,woodland creatures,crocodile,crocodile,['ReptileAmphibian'],False,27
tadpole,118033,14143.0,01JYPFB1YDBB87K8WP98HJEANK,01JYPEXG3ZJQHFZ6M4D3VS0BTM,28,animals,1.0,1,baby animal,tadpole,tadpole,['Water'],True,28
grasshopper,123383,5350.0,01JYPFB1YDBB87K8WP98HJEANK,01JYPEXG3ZJQHFZ6M4D3VS0BTM,29,animals,1.0,1,bugs,grasshopper,grasshopper,['Insects'],True,29
moth,126504,3121.0,01JYPFB1YDBB87K8WP98HJEANK,01JYPEXG3ZJQHFZ6M4D3VS0BTM,30,animals,0.0,1,bugs,moth,moth,['Insects'],False,30
bee,128049,1545.0,01JYPFB1YDBB87K8WP98HJEANK,01JYPEXG3ZJQHFZ6M4D3VS0BTM,31,animals,0.0,1,bugs,bee,bee,['Insects'],False,31
wasp,130640,2591.0,01JYPFB1YDBB87K8WP98HJEANK,01JYPEXG3ZJQHFZ6M4D3VS0BTM,32,animals,0.0,1,bugs,wasp,wasp,['Insects'],False,32
bear,137889,7249.0,01JYPFB1YDBB87K8WP98HJEANK,01JYPEXG3ZJQHFZ6M4D3VS0BTM,33,animals,1.0,1,hibernating animals,bear,bear,['NorthAmerican'],True,33
chipmunk,172964,35075.0,01JYPFB1YDBB87K8WP98HJEANK,01JYPEXG3ZJQHFZ6M4D3VS0BTM,34,animals,1.0,1,tiny animals,chipmunk,chipmunk,"['NorthAmerican', 'Rodents']",False,34
tiger,7003,7003.0,01JYPFBDND4WA9ST09T94P1SVQ,01JYPEXF3VAANGMNYRM5MS7WMD,0,animals,1.0,1,Wild,tiger,tiger,"['African', 'Feline']",True,0
fox,7797,794.0,01JYPFBDND4WA9ST09T94P1SVQ,01JYPEXF3VAANGMNYRM5MS7WMD,1,animals,0.0,1,Wild,fox,fox,"['Canine', 'NorthAmerican', 'UsedForFur']",True,1
lion,10296,2499.0,01JYPFBDND4WA9ST09T94P1SVQ,01JYPEXF3VAANGMNYRM5MS7WMD,2,animals,1.0,1,Safari Animals,lion,lion,"['African', 'Feline']",True,2
elephant,13962,3666.0,01JYPFBDND4WA9ST09T94P1SVQ,01JYPEXF3VAANGMNYRM5MS7WMD,3,animals,0.0,1,Safari Animals,elephant,elephant,['African'],False,3
giraffe,17885,3923.0,01JYPFBDND4WA9ST09T94P1SVQ,01JYPEXF3VAANGMNYRM5MS7WMD,4,animals,0.0,1,Safari Animals,giraffe,giraffe,['African'],False,4
zebra,20622,2737.0,01JYPFBDND4WA9ST09T94P1SVQ,01JYPEXF3VAANGMNYRM5MS7WMD,5,animals,0.0,1,Safari Animals,zebra,zebra,['African'],False,5
cheetah,24457,3835.0,01JYPFBDND4WA9ST09T94P1SVQ,01JYPEXF3VAANGMNYRM5MS7WMD,6,animals,1.0,1,Fast Cats,cheetah,cheetah,"['African', 'Feline']",False,6
leopard,27116,2659.0,01JYPFBDND4WA9ST09T94P1SVQ,01JYPEXF3VAANGMNYRM5MS7WMD,7,animals,1.0,1,Misc.,leopard,leopard,"['African', 'Feline']",False,7
rhino,30059,2943.0,01JYPFBDND4WA9ST09T94P1SVQ,01JYPEXF3VAANGMNYRM5MS7WMD,8,animals,0.0,1,Misc.,rhino,rhino,['African'],False,8
hippopotamus,32628,2569.0,01JYPFBDND4WA9ST09T94P1SVQ,01JYPEXF3VAANGMNYRM5MS7WMD,9,animals,0.0,1,Misc.,hippo,hippopotamus,['African'],False,9
monkey,35508,2880.0,01JYPFBDND4WA9ST09T94P1SVQ,01JYPEXF3VAANGMNYRM5MS7WMD,10,animals,0.0,1,Misc.,monkey,monkey,"['African', 'Primates']",False,10
ape,36686,1178.0,01JYPFBDND4WA9ST09T94P1SVQ,01JYPEXF3VAANGMNYRM5MS7WMD,11,animals,0.0,1,Misc.,ape,ape,['Primates'],False,11
gorilla,40279,3593.0,01JYPFBDND4WA9ST09T94P1SVQ,01JYPEXF3VAANGMNYRM5MS7WMD,12,animals,0.0,1,Misc.,gorilla,gorilla,"['African', 'Primates']",False,12
chimpanzee,43502,3223.0,01JYPFBDND4WA9ST09T94P1SVQ,01JYPEXF3VAANGMNYRM5MS7WMD,13,animals,0.0,1,Misc.,chimp,chimpanzee,"['African', 'Primates']",False,13
baboon,50123,6621.0,01JYPFBDND4WA9ST09T94P1SVQ,01JYPEXF3VAANGMNYRM5MS7WMD,14,animals,0.0,1,Misc.,baboon,baboon,['Primates'],False,14
orangutan,58909,8786.0,01JYPFBDND4WA9ST09T94P1SVQ,01JYPEXF3VAANGMNYRM5MS7WMD,15,animals,0.0,1,Misc.,orangutan,orangutan,['Primates'],False,15
sloth,62040,3131.0,01JYPFBDND4WA9ST09T94P1SVQ,01JYPEXF3VAANGMNYRM5MS7WMD,16,animals,0.0,1,Misc.,sloth,sloth,['Jungle'],True,16
koala,63938,1898.0,01JYPFBDND4WA9ST09T94P1SVQ,01JYPEXF3VAANGMNYRM5MS7WMD,17,animals,0.0,1,Misc.,koala,koala,['Australian'],True,17
kangaroo,67466,3528.0,01JYPFBDND4WA9ST09T94P1SVQ,01JYPEXF3VAANGMNYRM5MS7WMD,18,animals,0.0,1,Misc.,kangaroo,kangaroo,['Australian'],False,18
wolf,71472,4006.0,01JYPFBDND4WA9ST09T94P1SVQ,01JYPEXF3VAANGMNYRM5MS7WMD,19,animals,0.0,1,Misc.,wolf,wolf,"['Canine', 'NorthAmerican']",True,19
raccoon,75634,4162.0,01JYPFBDND4WA9ST09T94P1SVQ,01JYPEXF3VAANGMNYRM5MS7WMD,20,animals,0.0,1,Misc.,raccoon,raccoon,['NorthAmerican'],False,20
bear,78009,2375.0,01JYPFBDND4WA9ST09T94P1SVQ,01JYPEXF3VAANGMNYRM5MS7WMD,21,animals,0.0,1,Misc.,bear,bear,['NorthAmerican'],False,21
black bear,81634,3625.0,01JYPFBDND4WA9ST09T94P1SVQ,01JYPEXF3VAANGMNYRM5MS7WMD,22,animals,0.0,1,Misc.,black bear,blackbear,['NorthAmerican'],False,22
polar bear,85059,3425.0,01JYPFBDND4WA9ST09T94P1SVQ,01JYPEXF3VAANGMNYRM5MS7WMD,23,animals,0.0,1,Misc.,polar bear,polarbear,['Arctic'],True,23
panda,87898,2839.0,01JYPFBDND4WA9ST09T94P1SVQ,01JYPEXF3VAANGMNYRM5MS7WMD,24,animals,0.0,1,Misc.,panda,panda,['Asian'],True,24
wallaby,93107,5209.0,01JYPFBDND4WA9ST09T94P1SVQ,01JYPEXF3VAANGMNYRM5MS7WMD,25,animals,0.0,1,Misc.,wallaby,wallaby,['Australian'],True,25
wombat,95589,2482.0,01JYPFBDND4WA9ST09T94P1SVQ,01JYPEXF3VAANGMNYRM5MS7WMD,26,animals,0.0,1,Misc.,wobat,wombat,['Australian'],False,26
anteater,100553,4964.0,01JYPFBDND4WA9ST09T94P1SVQ,01JYPEXF3VAANGMNYRM5MS7WMD,27,animals,0.0,1,Misc.,anteater,anteater,['Insectivores'],True,27
armadillo,104323,3770.0,01JYPFBDND4WA9ST09T94P1SVQ,01JYPEXF3VAANGMNYRM5MS7WMD,28,animals,0.0,1,Misc.,armadillo,armadillo,['Insectivores'],False,28
beaver,106552,2229.0,01JYPFBDND4WA9ST09T94P1SVQ,01JYPEXF3VAANGMNYRM5MS7WMD,29,animals,0.0,1,Misc.,beaver,beaver,"['NorthAmerican', 'Rodents', 'UsedForFur', 'Water']",True,29
otter,113205,6653.0,01JYPFBDND4WA9ST09T94P1SVQ,01JYPEXF3VAANGMNYRM5MS7WMD,30,animals,0.0,1,Misc.,otter,otter,"['Water', 'Weasels']",False,30
hedgehog,116980,3775.0,01JYPFBDND4WA9ST09T94P1SVQ,01JYPEXF3VAANGMNYRM5MS7WMD,31,animals,0.0,1,Misc.,hedgehog,hedgehog,"['Insectivores', 'Rodents']",True,31
badger,121016,4036.0,01JYPFBDND4WA9ST09T94P1SVQ,01JYPEXF3VAANGMNYRM5MS7WMD,32,animals,0.0,1,Misc.,badger,badger,"['NorthAmerican', 'Weasels']",True,32
skunk,124291,3275.0,01JYPFBDND4WA9ST09T94P1SVQ,01JYPEXF3VAANGMNYRM5MS7WMD,33,animals,0.0,1,Misc.,skunk,skunk,"['NorthAmerican', 'Weasels']",False,33
deer,126436,2145.0,01JYPFBDND4WA9ST09T94P1SVQ,01JYPEXF3VAANGMNYRM5MS7WMD,34,animals,0.0,1,Misc.,deer,deer,"['Deers', 'NorthAmerican']",False,34
reindeer,129387,2951.0,01JYPFBDND4WA9ST09T94P1SVQ,01JYPEXF3VAANGMNYRM5MS7WMD,35,animals,0.0,1,Misc.,reindeer,reindeer,"['Arctic', 'Deers']",False,35
bison,136918,7531.0,01JYPFBDND4WA9ST09T94P1SVQ,01JYPEXF3VAANGMNYRM5MS7WMD,36,animals,0.0,1,Misc.,buffalo,bison,"['Bovine', 'NorthAmerican']",True,36
camel,141921,1743.0,01JYPFBDND4WA9ST09T94P1SVQ,01JYPEXF3VAANGMNYRM5MS7WMD,38,animals,0.0,1,Misc.,camel,camel,"['African', 'BeastsOfBurden']",True,37
llama,144476,2555.0,01JYPFBDND4WA9ST09T94P1SVQ,01JYPEXF3VAANGMNYRM5MS7WMD,39,animals,0.0,1,Misc.,llama,llama,"['BeastsOfBurden', 'UsedForFur']",False,38
cow,147586,3110.0,01JYPFBDND4WA9ST09T94P1SVQ,01JYPEXF3VAANGMNYRM5MS7WMD,40,animals,0.0,1,Misc.,cow,cow,"['Bovine', 'Farm']",True,39
sheep,149158,1572.0,01JYPFBDND4WA9ST09T94P1SVQ,01JYPEXF3VAANGMNYRM5MS7WMD,41,animals,0.0,1,Misc.,sheep,sheep,['Farm'],False,40
chicken,151483,2325.0,01JYPFBDND4WA9ST09T94P1SVQ,01JYPEXF3VAANGMNYRM5MS7WMD,42,animals,0.0,1,Misc.,chicken,chicken,"['Bird', 'Farm']",False,41
cat,153261,1778.0,01JYPFBDND4WA9ST09T94P1SVQ,01JYPEXF3VAANGMNYRM5MS7WMD,43,animals,0.0,1,Misc.,cat,cat,"['Pets', 'Feline']",True,42
goat,156300,3039.0,01JYPFBDND4WA9ST09T94P1SVQ,01JYPEXF3VAANGMNYRM5MS7WMD,44,animals,0.0,1,Misc.,goat,goat,['Farm'],True,43
vole,161053,4753.0,01JYPFBDND4WA9ST09T94P1SVQ,01JYPEXF3VAANGMNYRM5MS7WMD,45,animals,0.0,1,Misc.,vole,vole,['Rodents'],True,44
shrew,165097,4044.0,01JYPFBDND4WA9ST09T94P1SVQ,01JYPEXF3VAANGMNYRM5MS7WMD,46,animals,0.0,1,Misc.,shroo,shrew,"['Insectivores', 'Primates', 'Rodents']",False,45
donkey,167600,2503.0,01JYPFBDND4WA9ST09T94P1SVQ,01JYPEXF3VAANGMNYRM5MS7WMD,47,animals,0.0,1,Misc.,donkey,donkey,"['BeastsOfBurden', 'Farm']",True,46
horse,169394,1794.0,01JYPFBDND4WA9ST09T94P1SVQ,01JYPEXF3VAANGMNYRM5MS7WMD,48,animals,0.0,1,Misc.,horse,horse,"['BeastsOfBurden', 'Farm']",False,47
yak,177005,7611.0,01JYPFBDND4WA9ST09T94P1SVQ,01JYPEXF3VAANGMNYRM5MS7WMD,49,animals,0.0,1,Misc.,yak,yak,"['BeastsOfBurden', 'Bovine']",False,48
sock,10858,10858.0,01JYPFBSVWFGED43P1GBBRZM8H,01JYPEXHF2E6400C3R52K3G5Q5,0,clothes,1.0,1,foot clothing,socks,sock,,True,0
trousers,18412,7554.0,01JYPFBSVWFGED43P1GBBRZM8H,01JYPEXHF2E6400C3R52K3G5Q5,1,clothes,1.0,1,corporate clothing,trouser,trousers,,True,1
shirt,28510,10098.0,01JYPFBSVWFGED43P1GBBRZM8H,01JYPEXHF2E6400C3R52K3G5Q5,2,clothes,0.0,1,corporate clothing,shirt,shirt,,True,2
belt,34472,5962.0,01JYPFBSVWFGED43P1GBBRZM8H,01JYPEXHF2E6400C3R52K3G5Q5,3,clothes,0.0,1,corporate clothing,belt,belt,,True,3
cap,43861,9389.0,01JYPFBSVWFGED43P1GBBRZM8H,01JYPEXHF2E6400C3R52K3G5Q5,4,clothes,1.0,1,loungewear,cap,cap,,True,4
singlet,53990,10129.0,01JYPFBSVWFGED43P1GBBRZM8H,01JYPEXHF2E6400C3R52K3G5Q5,5,clothes,0.0,1,loungewear,singlet,singlet,,True,5
pants,62203,8213.0,01JYPFBSVWFGED43P1GBBRZM8H,01JYPEXHF2E6400C3R52K3G5Q5,6,clothes,1.0,1,winter clothing,pant,pant,,True,6
sweater,74481,12278.0,01JYPFBSVWFGED43P1GBBRZM8H,01JYPEXHF2E6400C3R52K3G5Q5,7,clothes,0.0,1,winter clothing,sweater,sweater,,True,7
jacket,85714,11233.0,01JYPFBSVWFGED43P1GBBRZM8H,01JYPEXHF2E6400C3R52K3G5Q5,8,clothes,1.0,1,clothing for everyone,jacket,jacket,,True,8
gown,92631,6917.0,01JYPFBSVWFGED43P1GBBRZM8H,01JYPEXHF2E6400C3R52K3G5Q5,9,clothes,1.0,1,women clothing,gown,gown,,True,9
skirt,101061,8430.0,01JYPFBSVWFGED43P1GBBRZM8H,01JYPEXHF2E6400C3R52K3G5Q5,10,clothes,0.0,1,women clothing,skirt,skirt,,True,10
blouse,107359,6298.0,01JYPFBSVWFGED43P1GBBRZM8H,01JYPEXHF2E6400C3R52K3G5Q5,11,clothes,0.0,1,women clothing,blouse,blouse,,True,11
tie,133663,26304.0,01JYPFBSVWFGED43P1GBBRZM8H,01JYPEXHF2E6400C3R52K3G5Q5,12,clothes,1.0,1,accessories,tie,tie,,True,12
cufflink,147359,13696.0,01JYPFBSVWFGED43P1GBBRZM8H,01JYPEXHF2E6400C3R52K3G5Q5,13,clothes,0.0,1,accessories,cufflinks,cufflink,,True,13
boxer,173719,26360.0,01JYPFBSVWFGED43P1GBBRZM8H,01JYPEXHF2E6400C3R52K3G5Q5,14,clothes,1.0,1,light clothing,boxers,boxer,,True,14
headtie,179594,5875.0,01JYPFBSVWFGED43P1GBBRZM8H,01JYPEXHF2E6400C3R52K3G5Q5,15,clothes,0.0,1,light clothing,headtie,headtie,,True,15
jean,10254,10254.0,01JYPFCHBCQF9ZM840W292ZMZ7,01JYPEXDJRV74K26G410CPKW9R,0,clothes,1.0,1,Bottoms,jeans,jean,,True,0
t-shirt,15467,5213.0,01JYPFCHBCQF9ZM840W292ZMZ7,01JYPEXDJRV74K26G410CPKW9R,1,clothes,1.0,1,Tops,t-shirts,tshirt,,True,1
shirt,18264,2797.0,01JYPFCHBCQF9ZM840W292ZMZ7,01JYPEXDJRV74K26G410CPKW9R,2,clothes,0.0,1,Tops,shirts,shirt,,True,2
polo shirt,22140,3876.0,01JYPFCHBCQF9ZM840W292ZMZ7,01JYPEXDJRV74K26G410CPKW9R,3,clothes,0.0,1,Tops,polo shirt,poloshirt,,True,3
button down shirt,29634,7494.0,01JYPFCHBCQF9ZM840W292ZMZ7,01JYPEXDJRV74K26G410CPKW9R,4,clothes,0.0,1,Tops,button down shirt,buttondownshirt,,True,4
sweater,34154,4520.0,01JYPFCHBCQF9ZM840W292ZMZ7,01JYPEXDJRV74K26G410CPKW9R,5,clothes,0.0,1,Tops,sweater,sweater,,True,5
crew neck,37427,3273.0,01JYPFCHBCQF9ZM840W292ZMZ7,01JYPEXDJRV74K26G410CPKW9R,6,clothes,0.0,1,Tops,crew neck,crewneck,,True,6
V-neck,41356,3929.0,01JYPFCHBCQF9ZM840W292ZMZ7,01JYPEXDJRV74K26G410CPKW9R,7,clothes,0.0,1,Tops,v neck,vneck,,True,7
turtleneck,44442,3086.0,01JYPFCHBCQF9ZM840W292ZMZ7,01JYPEXDJRV74K26G410CPKW9R,8,clothes,0.0,1,Tops,turtleneck,turtleneck,,True,8
hoodie,48864,4422.0,01JYPFCHBCQF9ZM840W292ZMZ7,01JYPEXDJRV74K26G410CPKW9R,9,clothes,0.0,1,Tops,hoodie,hoodie,,True,9
chino,52776,3912.0,01JYPFCHBCQF9ZM840W292ZMZ7,01JYPEXDJRV74K26G410CPKW9R,10,clothes,1.0,1,Trousers,chinos,chino,,True,10
jogger,56439,3663.0,01JYPFCHBCQF9ZM840W292ZMZ7,01JYPEXDJRV74K26G410CPKW9R,11,clothes,0.0,1,Trousers,joggers,jogger,,True,11
short,60080,3641.0,01JYPFCHBCQF9ZM840W292ZMZ7,01JYPEXDJRV74K26G410CPKW9R,12,clothes,0.0,1,Trousers,shorts,short,,True,12
denim jacket,64793,4713.0,01JYPFCHBCQF9ZM840W292ZMZ7,01JYPEXDJRV74K26G410CPKW9R,13,clothes,1.0,1,Jackets,denim jacket,denimjacket,,True,13
bomber jacket,70181,5388.0,01JYPFCHBCQF9ZM840W292ZMZ7,01JYPEXDJRV74K26G410CPKW9R,14,clothes,0.0,1,Jackets,bomber jacket,bomberjacket,,True,14
blazer,73143,2962.0,01JYPFCHBCQF9ZM840W292ZMZ7,01JYPEXDJRV74K26G410CPKW9R,15,clothes,0.0,1,Jackets,blazer,blazer,,True,15
leather jacket,77417,4274.0,01JYPFCHBCQF9ZM840W292ZMZ7,01JYPEXDJRV74K26G410CPKW9R,16,clothes,0.0,1,Jackets,leather jacket,leatherjacket,,True,16
parka,80582,3165.0,01JYPFCHBCQF9ZM840W292ZMZ7,01JYPEXDJRV74K26G410CPKW9R,17,clothes,0.0,1,Jackets,parka,parka,,True,17
raincoat,85458,4876.0,01JYPFCHBCQF9ZM840W292ZMZ7,01JYPEXDJRV74K26G410CPKW9R,18,clothes,0.0,1,Jackets,raincoat,raincoat,,True,18
Gilet,90317,4859.0,01JYPFCHBCQF9ZM840W292ZMZ7,01JYPEXDJRV74K26G410CPKW9R,19,clothes,0.0,1,Jackets,Gilet,gilet,,True,19
Body Warmer,94293,3976.0,01JYPFCHBCQF9ZM840W292ZMZ7,01JYPEXDJRV74K26G410CPKW9R,20,clothes,0.0,1,Jackets,Body Warmer,bodywarmer,,True,20
Trainer,98668,4375.0,01JYPFCHBCQF9ZM840W292ZMZ7,01JYPEXDJRV74K26G410CPKW9R,21,clothes,1.0,1,Shoes,Trainers,trainer,,True,21
Loafer,101655,2987.0,01JYPFCHBCQF9ZM840W292ZMZ7,01JYPEXDJRV74K26G410CPKW9R,22,clothes,0.0,1,Shoes,Loafers,loafer,,True,22
Chelsea Boot,107142,5487.0,01JYPFCHBCQF9ZM840W292ZMZ7,01JYPEXDJRV74K26G410CPKW9R,23,clothes,0.0,1,Shoes,Chelsea Boots,chelseaboot,,True,23
Sandal,109108,1966.0,01JYPFCHBCQF9ZM840W292ZMZ7,01JYPEXDJRV74K26G410CPKW9R,24,clothes,0.0,1,Shoes,Sandals,sandal,,True,24
Hiking Boot,112393,3285.0,01JYPFCHBCQF9ZM840W292ZMZ7,01JYPEXDJRV74K26G410CPKW9R,25,clothes,0.0,1,Shoes,Hiking Boots,hikingboot,,True,25
Belt,115371,2978.0,01JYPFCHBCQF9ZM840W292ZMZ7,01JYPEXDJRV74K26G410CPKW9R,26,clothes,1.0,1,Accessories,Belt,belt,,True,26
Watch,119013,3642.0,01JYPFCHBCQF9ZM840W292ZMZ7,01JYPEXDJRV74K26G410CPKW9R,27,clothes,0.0,1,Accessories,Watch,watch,,True,27
Sunglass,122755,3742.0,01JYPFCHBCQF9ZM840W292ZMZ7,01JYPEXDJRV74K26G410CPKW9R,28,clothes,0.0,1,Accessories,Sunglasses,sunglas,,True,28
Beanie,127088,4333.0,01JYPFCHBCQF9ZM840W292ZMZ7,01JYPEXDJRV74K26G410CPKW9R,29,clothes,0.0,1,Accessories,Beanie,beanie,,True,29
Cap,130078,2990.0,01JYPFCHBCQF9ZM840W292ZMZ7,01JYPEXDJRV74K26G410CPKW9R,30,clothes,0.0,1,Accessories,Cap,cap,,True,30
Flat Cap,132921,2843.0,01JYPFCHBCQF9ZM840W292ZMZ7,01JYPEXDJRV74K26G410CPKW9R,31,clothes,0.0,1,Accessories,Flat Cap,flatcap,,True,31
Bowler Hat,136031,3110.0,01JYPFCHBCQF9ZM840W292ZMZ7,01JYPEXDJRV74K26G410CPKW9R,32,clothes,0.0,1,Accessories,Bowler Hat,bowlerhat,,True,32
Scarf,148962,12931.0,01JYPFCHBCQF9ZM840W292ZMZ7,01JYPEXDJRV74K26G410CPKW9R,33,clothes,0.0,1,Accessories,Scarf,scarf,,True,33
Boxer Short,157390,8428.0,01JYPFCHBCQF9ZM840W292ZMZ7,01JYPEXDJRV74K26G410CPKW9R,34,clothes,1.0,1,Underwear,Boxer Shorts,boxershort,,True,34
Sock,164057,6667.0,01JYPFCHBCQF9ZM840W292ZMZ7,01JYPEXDJRV74K26G410CPKW9R,35,clothes,0.0,1,Underwear,Socks,sock,,True,35
Vest,169458,5401.0,01JYPFCHBCQF9ZM840W292ZMZ7,01JYPEXDJRV74K26G410CPKW9R,36,clothes,0.0,1,Underwear,Vest,vest,,True,36
Legging,175553,6095.0,01JYPFCHBCQF9ZM840W292ZMZ7,01JYPEXDJRV74K26G410CPKW9R,37,clothes,0.0,1,Underwear,Leggings,legging,,True,37
knicker,178681,3128.0,01JYPFCHBCQF9ZM840W292ZMZ7,01JYPEXDJRV74K26G410CPKW9R,38,clothes,0.0,1,Underwear,knickers,knicker,,True,38
fruit,25588,25588.0,01JYPFCXMAYESJN6JFNPGP0R4M,01JYPEXHF1RK8KCTVGWY2BSQJV,0,supermarket,1.0,1,banana,beverages fruit,fruit,,True,0
watermelon,33326,7738.0,01JYPFCXMAYESJN6JFNPGP0R4M,01JYPEXHF1RK8KCTVGWY2BSQJV,1,supermarket,1.0,1,fruit,water melon,watermelon,,True,1
banana,37196,3870.0,01JYPFCXMAYESJN6JFNPGP0R4M,01JYPEXHF1RK8KCTVGWY2BSQJV,2,supermarket,1.0,1,yellow banana,banana,banana,,True,2
corn flake,44728,7532.0,01JYPFCXMAYESJN6JFNPGP0R4M,01JYPEXHF1RK8KCTVGWY2BSQJV,3,supermarket,1.0,1,things,corn flakes,cornflake,,True,3
clothing,49783,5055.0,01JYPFCXMAYESJN6JFNPGP0R4M,01JYPEXHF1RK8KCTVGWY2BSQJV,4,supermarket,0.0,1,things,clothings,clothing,,True,4
toy,53055,3272.0,01JYPFCXMAYESJN6JFNPGP0R4M,01JYPEXHF1RK8KCTVGWY2BSQJV,5,supermarket,0.0,1,things,toys,toy,,True,5
kitchenware,62076,9021.0,01JYPFCXMAYESJN6JFNPGP0R4M,01JYPEXHF1RK8KCTVGWY2BSQJV,6,supermarket,0.0,1,things,kitchen wares,kitchenware,,True,6
utensil,67335,5259.0,01JYPFCXMAYESJN6JFNPGP0R4M,01JYPEXHF1RK8KCTVGWY2BSQJV,7,supermarket,0.0,1,things,utensils,utensil,,True,7
shoe,72677,5342.0,01JYPFCXMAYESJN6JFNPGP0R4M,01JYPEXHF1RK8KCTVGWY2BSQJV,8,supermarket,0.0,1,things,shoes,shoe,,True,8
snack,77421,4744.0,01JYPFCXMAYESJN6JFNPGP0R4M,01JYPEXHF1RK8KCTVGWY2BSQJV,9,supermarket,0.0,1,things,snacks,snack,,True,9
cosmetic,83542,6121.0,01JYPFCXMAYESJN6JFNPGP0R4M,01JYPEXHF1RK8KCTVGWY2BSQJV,10,supermarket,1.0,1,cream,cosmetics,cosmetic,,True,10
foodstuff,93204,9662.0,01JYPFCXMAYESJN6JFNPGP0R4M,01JYPEXHF1RK8KCTVGWY2BSQJV,11,supermarket,1.0,1,snacks,food stuff,foodstuff,,True,11
drink,97198,3994.0,01JYPFCXMAYESJN6JFNPGP0R4M,01JYPEXHF1RK8KCTVGWY2BSQJV,12,supermarket,1.0,1,coke,drinks,drink,,True,12
appliance,105750,8552.0,01JYPFCXMAYESJN6JFNPGP0R4M,01JYPEXHF1RK8KCTVGWY2BSQJV,13,supermarket,1.0,1,fridge,appliances,appliance,,True,13
soda,114793,9043.0,01JYPFCXMAYESJN6JFNPGP0R4M,01JYPEXHF1RK8KCTVGWY2BSQJV,14,supermarket,1.0,1,refreshment,soda,soda,,True,14
ice cream,122928,8135.0,01JYPFCXMAYESJN6JFNPGP0R4M,01JYPEXHF1RK8KCTVGWY2BSQJV,15,supermarket,0.0,1,refreshment,ice cream,icecream,,True,15
fridge,139117,16189.0,01JYPFCXMAYESJN6JFNPGP0R4M,01JYPEXHF1RK8KCTVGWY2BSQJV,16,supermarket,0.0,1,refreshment,fridge,fridge,,True,16
bread,144253,5136.0,01JYPFCXMAYESJN6JFNPGP0R4M,01JYPEXHF1RK8KCTVGWY2BSQJV,17,supermarket,1.0,1,items,bread,bread,,True,17
coke,148332,4079.0,01JYPFCXMAYESJN6JFNPGP0R4M,01JYPEXHF1RK8KCTVGWY2BSQJV,18,supermarket,0.0,1,items,coke,coke,,True,18
perfume,158396,10064.0,01JYPFCXMAYESJN6JFNPGP0R4M,01JYPEXHF1RK8KCTVGWY2BSQJV,19,supermarket,0.0,1,items,perfumes,perfume,,True,19
body spray,163496,5100.0,01JYPFCXMAYESJN6JFNPGP0R4M,01JYPEXHF1RK8KCTVGWY2BSQJV,20,supermarket,0.0,1,items,body spray,bodyspray,,True,20
clock,167698,4202.0,01JYPFCXMAYESJN6JFNPGP0R4M,01JYPEXHF1RK8KCTVGWY2BSQJV,21,supermarket,0.0,1,items,clock,clock,,True,21
detergent,175277,7579.0,01JYPFCXMAYESJN6JFNPGP0R4M,01JYPEXHF1RK8KCTVGWY2BSQJV,22,supermarket,0.0,1,items,detergent,detergent,,True,22
shirt,3833,3833.0,01JYPFEB4F0D0S6QWQ0NG26SV7,01JYPEXF3R76GP3CY4VQGEP89F,0,clothes,1.0,1,Not a group,shirt,shirt,,True,0
pant,4997,1164.0,01JYPFEB4F0D0S6QWQ0NG26SV7,01JYPEXF3R76GP3CY4VQGEP89F,1,clothes,1.0,1,Not a group,pants,pant,,True,1
shoe,6880,1883.0,01JYPFEB4F0D0S6QWQ0NG26SV7,01JYPEXF3R76GP3CY4VQGEP89F,2,clothes,1.0,1,Not a group,shoes,shoe,,True,2
trouser,8656,1776.0,01JYPFEB4F0D0S6QWQ0NG26SV7,01JYPEXF3R76GP3CY4VQGEP89F,3,clothes,1.0,1,Lower body clothing,trousers,trouser,,True,3
skirt,10179,1523.0,01JYPFEB4F0D0S6QWQ0NG26SV7,01JYPEXF3R76GP3CY4VQGEP89F,4,clothes,0.0,1,Lower body clothing,skirt,skirt,,True,4
blouse,12500,2321.0,01JYPFEB4F0D0S6QWQ0NG26SV7,01JYPEXF3R76GP3CY4VQGEP89F,5,clothes,1.0,1,Upper body clothing,blouse,blouse,,True,5
sweater,14029,1529.0,01JYPFEB4F0D0S6QWQ0NG26SV7,01JYPEXF3R76GP3CY4VQGEP89F,6,clothes,0.0,1,Upper body clothing,sweater,sweater,,True,6
jean,15327,1298.0,01JYPFEB4F0D0S6QWQ0NG26SV7,01JYPEXF3R76GP3CY4VQGEP89F,7,clothes,1.0,1,Not a group,jeans,jean,,True,7
jacket,17180,1853.0,01JYPFEB4F0D0S6QWQ0NG26SV7,01JYPEXF3R76GP3CY4VQGEP89F,8,clothes,1.0,1,Not a group,jacket,jacket,,True,8
mitten,18159,979.0,01JYPFEB4F0D0S6QWQ0NG26SV7,01JYPEXF3R76GP3CY4VQGEP89F,9,clothes,1.0,1,Not a group,mittens,mitten,,True,9
hat,18947,788.0,01JYPFEB4F0D0S6QWQ0NG26SV7,01JYPEXF3R76GP3CY4VQGEP89F,10,clothes,1.0,1,Not a group,hat,hat,,True,10
coat,20576,1629.0,01JYPFEB4F0D0S6QWQ0NG26SV7,01JYPEXF3R76GP3CY4VQGEP89F,11,clothes,1.0,1,Not a group,coat,coat,,True,11
slack,21848,1272.0,01JYPFEB4F0D0S6QWQ0NG26SV7,01JYPEXF3R76GP3CY4VQGEP89F,12,clothes,1.0,1,Not a group,slacks,slack,,True,12
pinafore,26843,4995.0,01JYPFEB4F0D0S6QWQ0NG26SV7,01JYPEXF3R76GP3CY4VQGEP89F,13,clothes,1.0,1,Not a group,pinnafore,pinafore,,True,13
sock,30800,3957.0,01JYPFEB4F0D0S6QWQ0NG26SV7,01JYPEXF3R76GP3CY4VQGEP89F,14,clothes,1.0,1,Not a group,socks,sock,,True,14
boxer,32509,1709.0,01JYPFEB4F0D0S6QWQ0NG26SV7,01JYPEXF3R76GP3CY4VQGEP89F,15,clothes,1.0,1,Undergarments,boxers,boxer,,True,15
short,34144,1635.0,01JYPFEB4F0D0S6QWQ0NG26SV7,01JYPEXF3R76GP3CY4VQGEP89F,16,clothes,0.0,1,Undergarments,shorts,short,,True,16
underwear,35934,1790.0,01JYPFEB4F0D0S6QWQ0NG26SV7,01JYPEXF3R76GP3CY4VQGEP89F,17,clothes,0.0,1,Undergarments,underwear,underwear,,True,17
tight,37099,1165.0,01JYPFEB4F0D0S6QWQ0NG26SV7,01JYPEXF3R76GP3CY4VQGEP89F,18,clothes,0.0,1,Undergarments,tights,tight,,True,18
legging,39011,1912.0,01JYPFEB4F0D0S6QWQ0NG26SV7,01JYPEXF3R76GP3CY4VQGEP89F,19,clothes,0.0,1,Undergarments,leggings,legging,,True,19
pantaloon,41829,2818.0,01JYPFEB4F0D0S6QWQ0NG26SV7,01JYPEXF3R76GP3CY4VQGEP89F,20,clothes,1.0,1,Not a group,pantaloons,pantaloon,,True,20
gown,43601,1772.0,01JYPFEB4F0D0S6QWQ0NG26SV7,01JYPEXF3R76GP3CY4VQGEP89F,21,clothes,1.0,1,Formalwear,gown,gown,,True,21
tuxedo,45403,1802.0,01JYPFEB4F0D0S6QWQ0NG26SV7,01JYPEXF3R76GP3CY4VQGEP89F,22,clothes,0.0,1,Formalwear,tuxedo,tuxedo,,True,22
suit,46645,1242.0,01JYPFEB4F0D0S6QWQ0NG26SV7,01JYPEXF3R76GP3CY4VQGEP89F,23,clothes,0.0,1,Formalwear,suit,suit,,True,23
cap,55044,8399.0,01JYPFEB4F0D0S6QWQ0NG26SV7,01JYPEXF3R76GP3CY4VQGEP89F,24,clothes,1.0,1,Weird clothing,cap,cap,,True,24
vest,57805,2761.0,01JYPFEB4F0D0S6QWQ0NG26SV7,01JYPEXF3R76GP3CY4VQGEP89F,25,clothes,0.0,1,Weird clothing,vest,vest,,True,25
blazer,60471,2666.0,01JYPFEB4F0D0S6QWQ0NG26SV7,01JYPEXF3R76GP3CY4VQGEP89F,26,clothes,0.0,1,Weird clothing,blunderbuss,blazer,,True,26
chino,64480,4009.0,01JYPFEB4F0D0S6QWQ0NG26SV7,01JYPEXF3R76GP3CY4VQGEP89F,27,clothes,1.0,1,Typed of pants,chinos,chino,,True,27
capri,67609,3129.0,01JYPFEB4F0D0S6QWQ0NG26SV7,01JYPEXF3R76GP3CY4VQGEP89F,28,clothes,0.0,1,Typed of pants,capris,capri,,True,28
cargo short,72558,4949.0,01JYPFEB4F0D0S6QWQ0NG26SV7,01JYPEXF3R76GP3CY4VQGEP89F,29,clothes,0.0,1,Typed of pants,cargo shorts,cargoshort,,True,29
camisole,78205,5647.0,01JYPFEB4F0D0S6QWQ0NG26SV7,01JYPEXF3R76GP3CY4VQGEP89F,30,clothes,1.0,1,Undershirts,camisole,camisole,,True,30
tank top,80011,1806.0,01JYPFEB4F0D0S6QWQ0NG26SV7,01JYPEXF3R76GP3CY4VQGEP89F,31,clothes,0.0,1,Undershirts,tank top,tanktop,,True,31
bra,81367,1356.0,01JYPFEB4F0D0S6QWQ0NG26SV7,01JYPEXF3R76GP3CY4VQGEP89F,32,clothes,1.0,1,Women's Underwear,bra,bra,,True,32
panty,83636,2269.0,01JYPFEB4F0D0S6QWQ0NG26SV7,01JYPEXF3R76GP3CY4VQGEP89F,33,clothes,0.0,1,Women's Underwear,panties,panty,,True,33
hosery,86841,3205.0,01JYPFEB4F0D0S6QWQ0NG26SV7,01JYPEXF3R76GP3CY4VQGEP89F,34,clothes,0.0,1,Women's Underwear,hose,hosery,,True,34
garter,90315,3474.0,01JYPFEB4F0D0S6QWQ0NG26SV7,01JYPEXF3R76GP3CY4VQGEP89F,35,clothes,0.0,1,Women's Underwear,garters,garter,,True,35
crown,108042,17727.0,01JYPFEB4F0D0S6QWQ0NG26SV7,01JYPEXF3R76GP3CY4VQGEP89F,36,clothes,1.0,1,Accessories,crown,crown,,True,36
tiara,111931,3889.0,01JYPFEB4F0D0S6QWQ0NG26SV7,01JYPEXF3R76GP3CY4VQGEP89F,37,clothes,0.0,1,Accessories,tiara,tiara,,True,37
necklace,114447,2516.0,01JYPFEB4F0D0S6QWQ0NG26SV7,01JYPEXF3R76GP3CY4VQGEP89F,38,clothes,0.0,1,Accessories,necklace,necklace,,True,38
ring,115897,1450.0,01JYPFEB4F0D0S6QWQ0NG26SV7,01JYPEXF3R76GP3CY4VQGEP89F,39,clothes,0.0,1,Accessories,ring,ring,,True,39
bracelet,117282,1385.0,01JYPFEB4F0D0S6QWQ0NG26SV7,01JYPEXF3R76GP3CY4VQGEP89F,40,clothes,0.0,1,Accessories,bracelet,bracelet,,True,40
watch,120464,3182.0,01JYPFEB4F0D0S6QWQ0NG26SV7,01JYPEXF3R76GP3CY4VQGEP89F,41,clothes,0.0,1,Accessories,watch,watch,,True,41
sari,124646,4182.0,01JYPFEB4F0D0S6QWQ0NG26SV7,01JYPEXF3R76GP3CY4VQGEP89F,42,clothes,1.0,1,Wraps,sari,sari,,True,42
sarong,126197,1551.0,01JYPFEB4F0D0S6QWQ0NG26SV7,01JYPEXF3R76GP3CY4VQGEP89F,43,clothes,0.0,1,Wraps,sarong,sarong,,True,43
loincloth,131778,5581.0,01JYPFEB4F0D0S6QWQ0NG26SV7,01JYPEXF3R76GP3CY4VQGEP89F,44,clothes,1.0,1,Not a group,loincloth,loincloth,,True,44
kimono,133157,1379.0,01JYPFEB4F0D0S6QWQ0NG26SV7,01JYPEXF3R76GP3CY4VQGEP89F,45,clothes,1.0,1,Not a group,kimono,kimono,,True,45
sash,141607,8450.0,01JYPFEB4F0D0S6QWQ0NG26SV7,01JYPEXF3R76GP3CY4VQGEP89F,46,clothes,1.0,1,Not a group,sash,sash,,True,46
swimsuit,147280,5673.0,01JYPFEB4F0D0S6QWQ0NG26SV7,01JYPEXF3R76GP3CY4VQGEP89F,47,clothes,1.0,1,Swimwear,swimsuit,swimsuit,,True,47
wetsuit,149017,1737.0,01JYPFEB4F0D0S6QWQ0NG26SV7,01JYPEXF3R76GP3CY4VQGEP89F,48,clothes,0.0,1,Swimwear,wetsuit,wetsuit,,True,48
helmet,151861,2844.0,01JYPFEB4F0D0S6QWQ0NG26SV7,01JYPEXF3R76GP3CY4VQGEP89F,49,clothes,1.0,1,Protective gear,helmet,helmet,,True,49
armour,154642,2781.0,01JYPFEB4F0D0S6QWQ0NG26SV7,01JYPEXF3R76GP3CY4VQGEP89F,50,clothes,0.0,1,Protective gear,armor,armour,,True,50
T-shirt,161550,6908.0,01JYPFEB4F0D0S6QWQ0NG26SV7,01JYPEXF3R76GP3CY4VQGEP89F,51,clothes,1.0,1,Layers,tshirt,tshirt,,True,51
thermal,165170,3620.0,01JYPFEB4F0D0S6QWQ0NG26SV7,01JYPEXF3R76GP3CY4VQGEP89F,52,clothes,0.0,1,Layers,thermal,thermal,,True,52
long john,169640,4470.0,01JYPFEB4F0D0S6QWQ0NG26SV7,01JYPEXF3R76GP3CY4VQGEP89F,53,clothes,1.0,1,Nightwear,longjohns,longjohn,,True,53
nightgown,171317,1677.0,01JYPFEB4F0D0S6QWQ0NG26SV7,01JYPEXF3R76GP3CY4VQGEP89F,54,clothes,0.0,1,Nightwear,nightgown,nightgown,,True,54
pajama,173046,1729.0,01JYPFEB4F0D0S6QWQ0NG26SV7,01JYPEXF3R76GP3CY4VQGEP89F,55,clothes,0.0,1,Nightwear,pajamas,pajama,,True,55
slipper,178845,5799.0,01JYPFEB4F0D0S6QWQ0NG26SV7,01JYPEXF3R76GP3CY4VQGEP89F,56,clothes,0.0,1,Nightwear,slippers,slipper,,True,56
egg,10029,10029.0,01JYPFH3QFAJ1CB18WT76KN472,01JYPEX832HWRCYQYFGED5EHFQ,0,supermarket,1.0,1,Chickens,eggs,egg,,True,0
bean,12243,2214.0,01JYPFH3QFAJ1CB18WT76KN472,01JYPEX832HWRCYQYFGED5EHFQ,1,supermarket,1.0,1,Heinz,beans,bean,,True,1
sausage,15649,3406.0,01JYPFH3QFAJ1CB18WT76KN472,01JYPEX832HWRCYQYFGED5EHFQ,2,supermarket,1.0,1,Meat ,sausages,sausage,,True,2
beefburger,18289,2640.0,01JYPFH3QFAJ1CB18WT76KN472,01JYPEX832HWRCYQYFGED5EHFQ,3,supermarket,0.0,1,Meat ,beefburgers,beefburger,,True,3
pizza,20111,1822.0,01JYPFH3QFAJ1CB18WT76KN472,01JYPEX832HWRCYQYFGED5EHFQ,4,supermarket,1.0,1,Pizza Night ,pizza,pizza,,True,4
orange,21812,1701.0,01JYPFH3QFAJ1CB18WT76KN472,01JYPEX832HWRCYQYFGED5EHFQ,5,supermarket,1.0,1,3 of my 5 a day ,oranges,orange,,True,5
pear,23877,2065.0,01JYPFH3QFAJ1CB18WT76KN472,01JYPEX832HWRCYQYFGED5EHFQ,6,supermarket,0.0,1,3 of my 5 a day ,pears,pear,,True,6
apple,25853,1976.0,01JYPFH3QFAJ1CB18WT76KN472,01JYPEX832HWRCYQYFGED5EHFQ,7,supermarket,0.0,1,3 of my 5 a day ,apples,apple,,True,7
radish,34490,8637.0,01JYPFH3QFAJ1CB18WT76KN472,01JYPEX832HWRCYQYFGED5EHFQ,8,supermarket,1.0,1,Salad toppings,radishes,radish,,True,8
pomegranate,41306,6816.0,01JYPFH3QFAJ1CB18WT76KN472,01JYPEX832HWRCYQYFGED5EHFQ,9,supermarket,0.0,1,Salad toppings,pomegranite,pomegranate,,True,9
fish finger,47077,5771.0,01JYPFH3QFAJ1CB18WT76KN472,01JYPEX832HWRCYQYFGED5EHFQ,10,supermarket,1.0,1,Captain Finger,fish fingers,fishfinger,,True,10
icing,50429,3352.0,01JYPFH3QFAJ1CB18WT76KN472,01JYPEX832HWRCYQYFGED5EHFQ,11,supermarket,1.0,1,Cake making,icing,icing,,True,11
cake,51623,1194.0,01JYPFH3QFAJ1CB18WT76KN472,01JYPEX832HWRCYQYFGED5EHFQ,12,supermarket,1.0,1,Cupcake Club,cake,cake,,True,12
bread,55066,3443.0,01JYPFH3QFAJ1CB18WT76KN472,01JYPEX832HWRCYQYFGED5EHFQ,13,supermarket,1.0,1,Breakfast luxuries,bread,bread,,True,13
pastry,57899,2833.0,01JYPFH3QFAJ1CB18WT76KN472,01JYPEX832HWRCYQYFGED5EHFQ,14,supermarket,0.0,1,Breakfast luxuries,pastries,pastry,,True,14
bacon,59707,1808.0,01JYPFH3QFAJ1CB18WT76KN472,01JYPEX832HWRCYQYFGED5EHFQ,15,supermarket,1.0,1,freezer food,bacon,bacon,,True,15
lemon,63017,3310.0,01JYPFH3QFAJ1CB18WT76KN472,01JYPEX832HWRCYQYFGED5EHFQ,16,supermarket,0.0,1,freezer food,lemon,lemon,,True,16
lime,64623,1606.0,01JYPFH3QFAJ1CB18WT76KN472,01JYPEX832HWRCYQYFGED5EHFQ,17,supermarket,0.0,1,freezer food,lime,lime,,True,17
pea,68347,3724.0,01JYPFH3QFAJ1CB18WT76KN472,01JYPEX832HWRCYQYFGED5EHFQ,18,supermarket,0.0,1,freezer food,peas,pea,,True,18
chips,69982,1635.0,01JYPFH3QFAJ1CB18WT76KN472,01JYPEX832HWRCYQYFGED5EHFQ,19,supermarket,1.0,1,Chip sandwich,chips,chip,,True,19
kiwi,71487,1505.0,01JYPFH3QFAJ1CB18WT76KN472,01JYPEX832HWRCYQYFGED5EHFQ,20,supermarket,0.0,1,Chip sandwich,kiwi,kiwi,,True,20
breakfast bar,77964,6477.0,01JYPFH3QFAJ1CB18WT76KN472,01JYPEX832HWRCYQYFGED5EHFQ,21,supermarket,1.0,1,sugar delight,breakfast bars,breakfastbar,,True,21
porridge,81886,3922.0,01JYPFH3QFAJ1CB18WT76KN472,01JYPEX832HWRCYQYFGED5EHFQ,22,supermarket,1.0,1,Cereal breakfast ,porrige,porridge,,True,22
butter,83300,1414.0,01JYPFH3QFAJ1CB18WT76KN472,01JYPEX832HWRCYQYFGED5EHFQ,23,supermarket,1.0,1,Breakfast blues ,butter,butter,,True,23
yoghurt,85739,2439.0,01JYPFH3QFAJ1CB18WT76KN472,01JYPEX832HWRCYQYFGED5EHFQ,24,supermarket,0.0,1,Breakfast blues ,yoghurt,yoghurt,,True,24
blueberry,90617,4878.0,01JYPFH3QFAJ1CB18WT76KN472,01JYPEX832HWRCYQYFGED5EHFQ,25,supermarket,0.0,1,Breakfast blues ,blueberries,blueberry,,True,25
strawberry,93400,2783.0,01JYPFH3QFAJ1CB18WT76KN472,01JYPEX832HWRCYQYFGED5EHFQ,26,supermarket,0.0,1,Breakfast blues ,strawberries,strawberry,,True,26
nut,96865,3465.0,01JYPFH3QFAJ1CB18WT76KN472,01JYPEX832HWRCYQYFGED5EHFQ,27,supermarket,0.0,1,Breakfast blues ,nuts,nut,,True,27
bagel,99141,2276.0,01JYPFH3QFAJ1CB18WT76KN472,01JYPEX832HWRCYQYFGED5EHFQ,28,supermarket,1.0,1,Lunch time treats,bagels,bagel,,True,28
french stick,105172,6031.0,01JYPFH3QFAJ1CB18WT76KN472,01JYPEX832HWRCYQYFGED5EHFQ,29,supermarket,0.0,1,Lunch time treats,french stick,frenchstick,,True,29
marmite,113986,8814.0,01JYPFH3QFAJ1CB18WT76KN472,01JYPEX832HWRCYQYFGED5EHFQ,30,supermarket,0.0,1,Lunch time treats,marmite,marmite,,True,30
ham,116538,2552.0,01JYPFH3QFAJ1CB18WT76KN472,01JYPEX832HWRCYQYFGED5EHFQ,31,supermarket,1.0,1,Potato salad ,ham,ham,,True,31
salami,120917,4379.0,01JYPFH3QFAJ1CB18WT76KN472,01JYPEX832HWRCYQYFGED5EHFQ,32,supermarket,0.0,1,Potato salad ,salami,salami,,True,32
potato,123824,2907.0,01JYPFH3QFAJ1CB18WT76KN472,01JYPEX832HWRCYQYFGED5EHFQ,33,supermarket,0.0,1,Potato salad ,potato,potato,,True,33
cucumber,125904,2080.0,01JYPFH3QFAJ1CB18WT76KN472,01JYPEX832HWRCYQYFGED5EHFQ,34,supermarket,1.0,1,Salad night ,cucumber,cucumber,,True,34
tomato,127482,1578.0,01JYPFH3QFAJ1CB18WT76KN472,01JYPEX832HWRCYQYFGED5EHFQ,35,supermarket,0.0,1,Salad night ,tomato,tomato,,True,35
lettuce,130227,2745.0,01JYPFH3QFAJ1CB18WT76KN472,01JYPEX832HWRCYQYFGED5EHFQ,36,supermarket,0.0,1,Salad night ,lettuce,lettuce,,True,36
icing sugar,134186,3959.0,01JYPFH3QFAJ1CB18WT76KN472,01JYPEX832HWRCYQYFGED5EHFQ,37,supermarket,1.0,1,Cake Date ,icing sugar,icingsugar,,True,37
flour,135800,1614.0,01JYPFH3QFAJ1CB18WT76KN472,01JYPEX832HWRCYQYFGED5EHFQ,38,supermarket,0.0,1,Cake Date ,flour,flour,,True,38
noodle,138058,2258.0,01JYPFH3QFAJ1CB18WT76KN472,01JYPEX832HWRCYQYFGED5EHFQ,39,supermarket,1.0,1,Cupboard delacacies,noodles,noodle,,True,39
rice,139284,1226.0,01JYPFH3QFAJ1CB18WT76KN472,01JYPEX832HWRCYQYFGED5EHFQ,40,supermarket,0.0,1,Cupboard delacacies,rice,rice,,True,40
pasta,140746,1462.0,01JYPFH3QFAJ1CB18WT76KN472,01JYPEX832HWRCYQYFGED5EHFQ,41,supermarket,0.0,1,Cupboard delacacies,pasta,pasta,,True,41
sauce,144903,4157.0,01JYPFH3QFAJ1CB18WT76KN472,01JYPEX832HWRCYQYFGED5EHFQ,42,supermarket,0.0,1,Cupboard delacacies,sauce,sauce,,True,42
papadum,147904,3001.0,01JYPFH3QFAJ1CB18WT76KN472,01JYPEX832HWRCYQYFGED5EHFQ,43,supermarket,0.0,1,Cupboard delacacies,popodums,papadum,,True,43
ready-made curry,152720,4816.0,01JYPFH3QFAJ1CB18WT76KN472,01JYPEX832HWRCYQYFGED5EHFQ,44,supermarket,0.0,1,Cupboard delacacies,ready made curry,readymadecurry,,True,44
naan bread,156436,3716.0,01JYPFH3QFAJ1CB18WT76KN472,01JYPEX832HWRCYQYFGED5EHFQ,45,supermarket,0.0,1,Cupboard delacacies,naam bread,naanbread,,True,45
soap,162643,6207.0,01JYPFH3QFAJ1CB18WT76KN472,01JYPEX832HWRCYQYFGED5EHFQ,46,supermarket,0.0,1,Cupboard delacacies,soap,soap,,True,46
washing up liquid,166581,3938.0,01JYPFH3QFAJ1CB18WT76KN472,01JYPEX832HWRCYQYFGED5EHFQ,47,supermarket,0.0,1,Cupboard delacacies,washing up liquid,washingupliquid,,True,47
peach,170281,3700.0,01JYPFH3QFAJ1CB18WT76KN472,01JYPEX832HWRCYQYFGED5EHFQ,48,supermarket,0.0,1,Cupboard delacacies,peaches,peach,,True,48
onion,176249,5968.0,01JYPFH3QFAJ1CB18WT76KN472,01JYPEX832HWRCYQYFGED5EHFQ,49,supermarket,0.0,1,Cupboard delacacies,onions,onion,,True,49
meat,7719,7719.0,01JYPFJZM63XTP91KNX22SHHQZ,01JYPEXF3NKCV4W7XR4559AHQA,0,supermarket,1.0,1,Meat Products,meat,meat,,True,0
fruit,10577,2858.0,01JYPFJZM63XTP91KNX22SHHQZ,01JYPEXF3NKCV4W7XR4559AHQA,1,supermarket,1.0,1,Fruit items,fruit,fruit,,True,1
vegetable,15037,4460.0,01JYPFJZM63XTP91KNX22SHHQZ,01JYPEXF3NKCV4W7XR4559AHQA,2,supermarket,1.0,1,All vegetables,vegetables,vegetable,,True,2
milk,20643,5606.0,01JYPFJZM63XTP91KNX22SHHQZ,01JYPEXF3NKCV4W7XR4559AHQA,3,supermarket,1.0,1,Dairy,milk,milk,,True,3
dairy,22857,2214.0,01JYPFJZM63XTP91KNX22SHHQZ,01JYPEXF3NKCV4W7XR4559AHQA,4,supermarket,1.0,1,Dairy,dairy,dairy,,True,4
cheese,25572,2715.0,01JYPFJZM63XTP91KNX22SHHQZ,01JYPEXF3NKCV4W7XR4559AHQA,5,supermarket,0.0,1,Dairy,cheese,cheese,,True,5
yogurt,32832,7260.0,01JYPFJZM63XTP91KNX22SHHQZ,01JYPEXF3NKCV4W7XR4559AHQA,6,supermarket,1.0,1,Yogurt items,yogurt,yogurt,,True,6
detergent,37534,4702.0,01JYPFJZM63XTP91KNX22SHHQZ,01JYPEXF3NKCV4W7XR4559AHQA,7,supermarket,1.0,1,Everything else,detergent,detergent,,True,7
dish soap,40868,3334.0,01JYPFJZM63XTP91KNX22SHHQZ,01JYPEXF3NKCV4W7XR4559AHQA,8,supermarket,0.0,1,Everything else,dish soap,dishsoap,,True,8
apple,43629,2761.0,01JYPFJZM63XTP91KNX22SHHQZ,01JYPEXF3NKCV4W7XR4559AHQA,9,supermarket,0.0,1,Everything else,apples,apple,,True,9
lettuce,46753,3124.0,01JYPFJZM63XTP91KNX22SHHQZ,01JYPEXF3NKCV4W7XR4559AHQA,10,supermarket,0.0,1,Everything else,lettuce,lettuce,,True,10
carrot,50211,3458.0,01JYPFJZM63XTP91KNX22SHHQZ,01JYPEXF3NKCV4W7XR4559AHQA,11,supermarket,0.0,1,Everything else,carrots,carrot,,True,11
potato,57664,7453.0,01JYPFJZM63XTP91KNX22SHHQZ,01JYPEXF3NKCV4W7XR4559AHQA,12,supermarket,0.0,1,Everything else,potatoes,potato,,True,12
fish,68471,10807.0,01JYPFJZM63XTP91KNX22SHHQZ,01JYPEXF3NKCV4W7XR4559AHQA,13,supermarket,0.0,1,Everything else,fish,fish,,True,13
steak,70531,2060.0,01JYPFJZM63XTP91KNX22SHHQZ,01JYPEXF3NKCV4W7XR4559AHQA,14,supermarket,0.0,1,Everything else,steak,steak,,True,14
beef,72117,1586.0,01JYPFJZM63XTP91KNX22SHHQZ,01JYPEXF3NKCV4W7XR4559AHQA,15,supermarket,0.0,1,Everything else,beef,beef,,True,15
pork,74714,2597.0,01JYPFJZM63XTP91KNX22SHHQZ,01JYPEXF3NKCV4W7XR4559AHQA,16,supermarket,0.0,1,Everything else,pork,pork,,True,16
strawberry,92211,17497.0,01JYPFJZM63XTP91KNX22SHHQZ,01JYPEXF3NKCV4W7XR4559AHQA,17,supermarket,0.0,1,Everything else,strawberries,strawberry,,True,17
blackberry,99223,7012.0,01JYPFJZM63XTP91KNX22SHHQZ,01JYPEXF3NKCV4W7XR4559AHQA,18,supermarket,0.0,1,Everything else,blackberries,blackberry,,True,18
raspberry,105600,6377.0,01JYPFJZM63XTP91KNX22SHHQZ,01JYPEXF3NKCV4W7XR4559AHQA,19,supermarket,0.0,1,Everything else,rasberry,raspberry,,True,19
water,109674,4074.0,01JYPFJZM63XTP91KNX22SHHQZ,01JYPEXF3NKCV4W7XR4559AHQA,20,supermarket,0.0,1,Everything else,water,water,,True,20
frozen pizza,120052,10378.0,01JYPFJZM63XTP91KNX22SHHQZ,01JYPEXF3NKCV4W7XR4559AHQA,21,supermarket,0.0,1,Everything else,frozen pizza,frozenpizza,,True,21
chicken nugget,127961,7909.0,01JYPFJZM63XTP91KNX22SHHQZ,01JYPEXF3NKCV4W7XR4559AHQA,22,supermarket,0.0,1,Everything else,chicken nuggets,chickennugget,,True,22
Greek yogurt,132233,4272.0,01JYPFJZM63XTP91KNX22SHHQZ,01JYPEXF3NKCV4W7XR4559AHQA,23,supermarket,0.0,1,Everything else,greek yogurt,greekyogurt,,True,23
granola,138491,6258.0,01JYPFJZM63XTP91KNX22SHHQZ,01JYPEXF3NKCV4W7XR4559AHQA,24,supermarket,0.0,1,Everything else,granola,granola,,True,24
peanut butter,146224,7733.0,01JYPFJZM63XTP91KNX22SHHQZ,01JYPEXF3NKCV4W7XR4559AHQA,25,supermarket,0.0,1,Everything else,peanut butter,peanutbutter,,True,25
cart,149321,3097.0,01JYPFJZM63XTP91KNX22SHHQZ,01JYPEXF3NKCV4W7XR4559AHQA,26,supermarket,0.0,1,Everything else,carts,cart,,True,26
tuna,161858,12537.0,01JYPFJZM63XTP91KNX22SHHQZ,01JYPEXF3NKCV4W7XR4559AHQA,27,supermarket,0.0,1,Everything else,tuna,tuna,,True,27
breakfast bar,171959,10101.0,01JYPFJZM63XTP91KNX22SHHQZ,01JYPEXF3NKCV4W7XR4559AHQA,28,supermarket,0.0,1,Everything else,breakfast bars,breakfastbar,,True,28
protein bar,177405,5446.0,01JYPFJZM63XTP91KNX22SHHQZ,01JYPEXF3NKCV4W7XR4559AHQA,29,supermarket,0.0,1,Everything else,protein bars,proteinbar,,True,29
dog,3314,3314.0,01JYPFM623X2HV979H2Y3ZVGTW,01JYPEXF3KYG5RPKV1K44VPTEZ,0,animals,1.0,1,Household pets,dog,dog,"['Canine', 'Pets']",True,0
cat,4423,1109.0,01JYPFM623X2HV979H2Y3ZVGTW,01JYPEXF3KYG5RPKV1K44VPTEZ,1,animals,0.0,1,Household pets,cat,cat,"['Pets', 'Feline']",False,1
bear,5325,902.0,01JYPFM623X2HV979H2Y3ZVGTW,01JYPEXF3KYG5RPKV1K44VPTEZ,2,animals,1.0,1,Wild animals,bear,bear,['NorthAmerican'],True,2
giraffe,9590,4265.0,01JYPFM623X2HV979H2Y3ZVGTW,01JYPEXF3KYG5RPKV1K44VPTEZ,3,animals,0.0,1,Wild animals,giraffe,giraffe,['African'],True,3
meerkat,10973,1383.0,01JYPFM623X2HV979H2Y3ZVGTW,01JYPEXF3KYG5RPKV1K44VPTEZ,4,animals,0.0,1,Wild animals,meerkat,meerkat,['African'],False,4
panda,13806,2833.0,01JYPFM623X2HV979H2Y3ZVGTW,01JYPEXF3KYG5RPKV1K44VPTEZ,5,animals,0.0,1,Wild animals,panda,panda,['Asian'],True,5
monkey,16135,2329.0,01JYPFM623X2HV979H2Y3ZVGTW,01JYPEXF3KYG5RPKV1K44VPTEZ,6,animals,0.0,1,Wild animals,monkey,monkey,"['African', 'Primates']",True,6
gorilla,18252,2117.0,01JYPFM623X2HV979H2Y3ZVGTW,01JYPEXF3KYG5RPKV1K44VPTEZ,7,animals,1.0,1,Household pets (gorilla should be in the group above),gorilla,gorilla,"['African', 'Primates']",False,7
hamster,19996,1744.0,01JYPFM623X2HV979H2Y3ZVGTW,01JYPEXF3KYG5RPKV1K44VPTEZ,8,animals,0.0,1,Household pets (gorilla should be in the group above),hamster,hamster,"['Pets', 'Rodents']",True,8
gerbil,23876,3880.0,01JYPFM623X2HV979H2Y3ZVGTW,01JYPEXF3KYG5RPKV1K44VPTEZ,9,animals,0.0,1,Household pets (gorilla should be in the group above),gerbil,gerbil,"['Pets', 'Rodents']",False,9
snake,24892,1016.0,01JYPFM623X2HV979H2Y3ZVGTW,01JYPEXF3KYG5RPKV1K44VPTEZ,10,animals,1.0,1,Sneaky animals,snake,snake,"['Farm', 'ReptileAmphibian']",True,10
spider,26846,1954.0,01JYPFM623X2HV979H2Y3ZVGTW,01JYPEXF3KYG5RPKV1K44VPTEZ,11,animals,0.0,1,Sneaky animals,spider,spider,"['Arachnid', 'Farm']",False,11
caterpillar,30984,4138.0,01JYPFM623X2HV979H2Y3ZVGTW,01JYPEXF3KYG5RPKV1K44VPTEZ,12,animals,0.0,1,Sneaky animals,caterpillar,caterpillar,['Insects'],True,12
ant,31851,867.0,01JYPFM623X2HV979H2Y3ZVGTW,01JYPEXF3KYG5RPKV1K44VPTEZ,13,animals,1.0,1,Flying animals,ant,ant,['Insects'],False,13
eagle,36668,4817.0,01JYPFM623X2HV979H2Y3ZVGTW,01JYPEXF3KYG5RPKV1K44VPTEZ,14,animals,0.0,1,Flying animals,eagle,eagle,['Bird'],True,14
seagull,39186,2518.0,01JYPFM623X2HV979H2Y3ZVGTW,01JYPEXF3KYG5RPKV1K44VPTEZ,15,animals,0.0,1,Flying animals,seagull,seagull,['Bird'],False,15
pigeon,40880,1694.0,01JYPFM623X2HV979H2Y3ZVGTW,01JYPEXF3KYG5RPKV1K44VPTEZ,16,animals,1.0,1,Aminals in the sea (pigeon above),pigeon,pigeon,['Bird'],False,16
whale,43121,2241.0,01JYPFM623X2HV979H2Y3ZVGTW,01JYPEXF3KYG5RPKV1K44VPTEZ,17,animals,0.0,1,Aminals in the sea (pigeon above),whale,whale,"['Fish', 'Water']",True,17
dolphin,45972,2851.0,01JYPFM623X2HV979H2Y3ZVGTW,01JYPEXF3KYG5RPKV1K44VPTEZ,18,animals,0.0,1,Aminals in the sea (pigeon above),dolphin,dolphin,"['Insects', 'Water']",False,18
trout,47953,1981.0,01JYPFM623X2HV979H2Y3ZVGTW,01JYPEXF3KYG5RPKV1K44VPTEZ,19,animals,0.0,1,Aminals in the sea (pigeon above),trout,trout,['Fish'],True,19
catfish,50630,2677.0,01JYPFM623X2HV979H2Y3ZVGTW,01JYPEXF3KYG5RPKV1K44VPTEZ,20,animals,1.0,1,Farm animals (Catfish above),catfish,catfish,['Fish'],False,20
chicken,58600,7970.0,01JYPFM623X2HV979H2Y3ZVGTW,01JYPEXF3KYG5RPKV1K44VPTEZ,21,animals,0.0,1,Farm animals (Catfish above),chicken,chicken,"['Bird', 'Farm']",True,21
cow,59331,731.0,01JYPFM623X2HV979H2Y3ZVGTW,01JYPEXF3KYG5RPKV1K44VPTEZ,22,animals,0.0,1,Farm animals (Catfish above),cow,cow,"['Bovine', 'Farm']",False,22
pig,61510,2179.0,01JYPFM623X2HV979H2Y3ZVGTW,01JYPEXF3KYG5RPKV1K44VPTEZ,23,animals,1.0,1,Wild animals (Pig above),pig,pig,['Farm'],False,23
elephant,63962,2452.0,01JYPFM623X2HV979H2Y3ZVGTW,01JYPEXF3KYG5RPKV1K44VPTEZ,24,animals,0.0,1,Wild animals (Pig above),elephant,elephant,['African'],True,24
tiger,67217,3255.0,01JYPFM623X2HV979H2Y3ZVGTW,01JYPEXF3KYG5RPKV1K44VPTEZ,25,animals,0.0,1,Wild animals (Pig above),tiger,tiger,"['African', 'Feline']",False,25
lion,68490,1273.0,01JYPFM623X2HV979H2Y3ZVGTW,01JYPEXF3KYG5RPKV1K44VPTEZ,26,animals,1.0,1,Mouse (lion above),lion,lion,"['African', 'Feline']",False,26
mouse,69922,1432.0,01JYPFM623X2HV979H2Y3ZVGTW,01JYPEXF3KYG5RPKV1K44VPTEZ,27,animals,0.0,1,Mouse (lion above),mouse,mouse,"['Bird', 'Rodents']",True,27
rat,71014,1092.0,01JYPFM623X2HV979H2Y3ZVGTW,01JYPEXF3KYG5RPKV1K44VPTEZ,28,animals,1.0,1,Rat,rat,rat,['Rodents'],False,28
fox,77460,6446.0,01JYPFM623X2HV979H2Y3ZVGTW,01JYPEXF3KYG5RPKV1K44VPTEZ,29,animals,1.0,1,Fox,fox,fox,"['Canine', 'NorthAmerican', 'UsedForFur']",True,29
polar bear,82636,5176.0,01JYPFM623X2HV979H2Y3ZVGTW,01JYPEXF3KYG5RPKV1K44VPTEZ,30,animals,1.0,1,Arctic ,polar bear,polarbear,['Arctic'],True,30
kangaroo,87546,4910.0,01JYPFM623X2HV979H2Y3ZVGTW,01JYPEXF3KYG5RPKV1K44VPTEZ,31,animals,1.0,1,Flying animals (Not kangaroo),kangaroo,kangaroo,['Australian'],True,31
butterfly,95102,7556.0,01JYPFM623X2HV979H2Y3ZVGTW,01JYPEXF3KYG5RPKV1K44VPTEZ,32,animals,0.0,1,Flying animals (Not kangaroo),butterfly,butterfly,['Insects'],True,32
fly,96943,1841.0,01JYPFM623X2HV979H2Y3ZVGTW,01JYPEXF3KYG5RPKV1K44VPTEZ,33,animals,0.0,1,Flying animals (Not kangaroo),fly,fly,['Insects'],False,33
bee,103123,6180.0,01JYPFM623X2HV979H2Y3ZVGTW,01JYPEXF3KYG5RPKV1K44VPTEZ,34,animals,0.0,1,Flying animals (Not kangaroo),bee,bee,['Insects'],False,34
hornet,104881,1758.0,01JYPFM623X2HV979H2Y3ZVGTW,01JYPEXF3KYG5RPKV1K44VPTEZ,35,animals,0.0,1,Flying animals (Not kangaroo),hornet,hornet,['Insects'],False,35
wasp,106946,2065.0,01JYPFM623X2HV979H2Y3ZVGTW,01JYPEXF3KYG5RPKV1K44VPTEZ,36,animals,1.0,1,Sting animal,wasp,wasp,['Insects'],False,36
woodlouse,113235,6289.0,01JYPFM623X2HV979H2Y3ZVGTW,01JYPEXF3KYG5RPKV1K44VPTEZ,37,animals,1.0,1,Random outisde animals,woodlouse,woodlouse,['Insects'],False,37
mole rat,120660,7425.0,01JYPFM623X2HV979H2Y3ZVGTW,01JYPEXF3KYG5RPKV1K44VPTEZ,38,animals,0.0,1,Random outisde animals,mole rat,mole,"['Insectivores', 'Rodents']",True,38
anteater,122216,1556.0,01JYPFM623X2HV979H2Y3ZVGTW,01JYPEXF3KYG5RPKV1K44VPTEZ,39,animals,1.0,1,Found by water (anteater above),anteater,anteater,['Insectivores'],False,39
dragonfly,129594,7378.0,01JYPFM623X2HV979H2Y3ZVGTW,01JYPEXF3KYG5RPKV1K44VPTEZ,40,animals,0.0,1,Found by water (anteater above),dragonfly,dragonfly,['Insects'],True,40
swan,132211,2617.0,01JYPFM623X2HV979H2Y3ZVGTW,01JYPEXF3KYG5RPKV1K44VPTEZ,41,animals,0.0,1,Found by water (anteater above),swan,swan,['Bird'],True,41
duck,133234,1023.0,01JYPFM623X2HV979H2Y3ZVGTW,01JYPEXF3KYG5RPKV1K44VPTEZ,42,animals,1.0,1,Wild animals (duck above),duck,duck,['Bird'],False,42
moose,141697,8463.0,01JYPFM623X2HV979H2Y3ZVGTW,01JYPEXF3KYG5RPKV1K44VPTEZ,43,animals,0.0,1,Wild animals (duck above),moose,moose,"['Deers', 'NorthAmerican']",True,43
deer,143388,1691.0,01JYPFM623X2HV979H2Y3ZVGTW,01JYPEXF3KYG5RPKV1K44VPTEZ,44,animals,0.0,1,Wild animals (duck above),deer,deer,"['Deers', 'NorthAmerican']",False,44
bison,148630,5242.0,01JYPFM623X2HV979H2Y3ZVGTW,01JYPEXF3KYG5RPKV1K44VPTEZ,45,animals,0.0,1,Wild animals (duck above),bison,bison,"['Bovine', 'NorthAmerican']",False,45
bull,151358,2728.0,01JYPFM623X2HV979H2Y3ZVGTW,01JYPEXF3KYG5RPKV1K44VPTEZ,46,animals,1.0,1,Bull,bull,bull,"['BeastsOfBurden', 'Bovine', 'Farm']",False,46
goose,154697,3339.0,01JYPFM623X2HV979H2Y3ZVGTW,01JYPEXF3KYG5RPKV1K44VPTEZ,47,animals,1.0,1,Goose,goose,goose,['Water'],True,47
bandicoot,158745,4048.0,01JYPFM623X2HV979H2Y3ZVGTW,01JYPEXF3KYG5RPKV1K44VPTEZ,48,animals,1.0,1,Bandicoot,bandicoot,bandicoot,['Australian'],True,48
flamingo,172999,14254.0,01JYPFM623X2HV979H2Y3ZVGTW,01JYPEXF3KYG5RPKV1K44VPTEZ,49,animals,1.0,1,flamingo,flamingo,flamingo,['Bird'],True,49
ape,177701,4702.0,01JYPFM623X2HV979H2Y3ZVGTW,01JYPEXF3KYG5RPKV1K44VPTEZ,50,animals,1.0,1,ape,ape,ape,['Primates'],True,50
cat,7619,7619.0,01JYPFMJX7PFY3CWP406BRNTD2,01JYPEXG3Q8DM1X9A29PGB06N8,0,animals,1.0,1,Domestic animals,cat,cat,"['Pets', 'Feline']",True,0
dog,8868,1249.0,01JYPFMJX7PFY3CWP406BRNTD2,01JYPEXG3Q8DM1X9A29PGB06N8,1,animals,0.0,1,Domestic animals,dog,dog,"['Canine', 'Pets']",False,1
tiger,12019,3151.0,01JYPFMJX7PFY3CWP406BRNTD2,01JYPEXG3Q8DM1X9A29PGB06N8,2,animals,1.0,1,wilde,tiger,tiger,"['African', 'Feline']",True,2
lion,13276,1257.0,01JYPFMJX7PFY3CWP406BRNTD2,01JYPEXG3Q8DM1X9A29PGB06N8,3,animals,1.0,1,carnivore,lion,lion,"['African', 'Feline']",False,3
elephant,16367,3091.0,01JYPFMJX7PFY3CWP406BRNTD2,01JYPEXG3Q8DM1X9A29PGB06N8,4,animals,0.0,1,carnivore,elephant,elephant,['African'],False,4
zebra,18058,1691.0,01JYPFMJX7PFY3CWP406BRNTD2,01JYPEXG3Q8DM1X9A29PGB06N8,5,animals,1.0,1,herbivore,sebra,zebra,['African'],False,5
monkey,20395,2337.0,01JYPFMJX7PFY3CWP406BRNTD2,01JYPEXG3Q8DM1X9A29PGB06N8,6,animals,1.0,1,primates,monkey,monkey,"['African', 'Primates']",False,6
bear,22317,1922.0,01JYPFMJX7PFY3CWP406BRNTD2,01JYPEXG3Q8DM1X9A29PGB06N8,7,animals,1.0,1,large animals,bear,bear,['NorthAmerican'],True,7
wolf,24080,1763.0,01JYPFMJX7PFY3CWP406BRNTD2,01JYPEXG3Q8DM1X9A29PGB06N8,8,animals,0.0,1,large animals,wolf,wolf,"['Canine', 'NorthAmerican']",False,8
fox,26076,1996.0,01JYPFMJX7PFY3CWP406BRNTD2,01JYPEXG3Q8DM1X9A29PGB06N8,9,animals,0.0,1,large animals,fox,fox,"['Canine', 'NorthAmerican', 'UsedForFur']",False,9
giraffe,30102,4026.0,01JYPFMJX7PFY3CWP406BRNTD2,01JYPEXG3Q8DM1X9A29PGB06N8,10,animals,0.0,1,large animals,giraffe,giraffe,['African'],True,10
horse,36100,5998.0,01JYPFMJX7PFY3CWP406BRNTD2,01JYPEXG3Q8DM1X9A29PGB06N8,11,animals,1.0,1,racing animal,horse,horse,"['BeastsOfBurden', 'Farm']",True,11
pig,37927,1827.0,01JYPFMJX7PFY3CWP406BRNTD2,01JYPEXG3Q8DM1X9A29PGB06N8,12,animals,1.0,1,dirty animals,pig,pig,['Farm'],False,12
cow,40101,2174.0,01JYPFMJX7PFY3CWP406BRNTD2,01JYPEXG3Q8DM1X9A29PGB06N8,13,animals,1.0,1,production,cow,cow,"['Bovine', 'Farm']",False,13
sheep,42200,2099.0,01JYPFMJX7PFY3CWP406BRNTD2,01JYPEXG3Q8DM1X9A29PGB06N8,14,animals,1.0,1,friendly,sheep,sheep,['Farm'],False,14
raccoon,46219,4019.0,01JYPFMJX7PFY3CWP406BRNTD2,01JYPEXG3Q8DM1X9A29PGB06N8,15,animals,0.0,1,friendly,raccoon,raccoon,['NorthAmerican'],True,15
reindeer,50037,3818.0,01JYPFMJX7PFY3CWP406BRNTD2,01JYPEXG3Q8DM1X9A29PGB06N8,16,animals,1.0,1,magic ,reindeer,reindeer,"['Arctic', 'Deers']",True,16
moose,53976,3939.0,01JYPFMJX7PFY3CWP406BRNTD2,01JYPEXG3Q8DM1X9A29PGB06N8,17,animals,1.0,1,dangerous,moose,moose,"['Deers', 'NorthAmerican']",False,17
hyena,57656,3680.0,01JYPFMJX7PFY3CWP406BRNTD2,01JYPEXG3Q8DM1X9A29PGB06N8,18,animals,0.0,1,dangerous,hyena,hyena,"['African', 'Canine']",True,18
bat,59998,2342.0,01JYPFMJX7PFY3CWP406BRNTD2,01JYPEXG3Q8DM1X9A29PGB06N8,19,animals,1.0,1,large primates,bat,bat,['Insectivores'],True,19
gorilla,63247,3249.0,01JYPFMJX7PFY3CWP406BRNTD2,01JYPEXG3Q8DM1X9A29PGB06N8,20,animals,0.0,1,large primates,gorilla,gorilla,"['African', 'Primates']",True,20
leopard,70085,6838.0,01JYPFMJX7PFY3CWP406BRNTD2,01JYPEXG3Q8DM1X9A29PGB06N8,21,animals,0.0,1,large primates,leopard,leopard,"['African', 'Feline']",False,21
lynx,75279,5194.0,01JYPFMJX7PFY3CWP406BRNTD2,01JYPEXG3Q8DM1X9A29PGB06N8,22,animals,0.0,1,large primates,lynx,lynx,['Feline'],False,22
antelope,81159,5880.0,01JYPFMJX7PFY3CWP406BRNTD2,01JYPEXG3Q8DM1X9A29PGB06N8,23,animals,1.0,1,wild animals,antelope,antelope,['African'],True,23
yak,94499,13340.0,01JYPFMJX7PFY3CWP406BRNTD2,01JYPEXG3Q8DM1X9A29PGB06N8,24,animals,1.0,1,small herbivores,yak,yak,"['BeastsOfBurden', 'Bovine']",True,24
llama,98608,4109.0,01JYPFMJX7PFY3CWP406BRNTD2,01JYPEXG3Q8DM1X9A29PGB06N8,25,animals,0.0,1,small herbivores,llama,llama,"['BeastsOfBurden', 'UsedForFur']",False,25
lemur,102289,3681.0,01JYPFMJX7PFY3CWP406BRNTD2,01JYPEXG3Q8DM1X9A29PGB06N8,26,animals,1.0,1,herbivore,lemur,lemur,"['African', 'Primates']",True,26
beaver,108268,5979.0,01JYPFMJX7PFY3CWP406BRNTD2,01JYPEXG3Q8DM1X9A29PGB06N8,27,animals,1.0,1,domesticated,beaver,beaver,"['NorthAmerican', 'Rodents', 'UsedForFur', 'Water']",True,27
goat,125754,17486.0,01JYPFMJX7PFY3CWP406BRNTD2,01JYPEXG3Q8DM1X9A29PGB06N8,28,animals,0.0,1,domesticated,goat,goat,['Farm'],True,28
rat,139206,13452.0,01JYPFMJX7PFY3CWP406BRNTD2,01JYPEXG3Q8DM1X9A29PGB06N8,29,animals,0.0,1,domesticated,rat,rat,['Rodents'],True,29
mouse,144649,5443.0,01JYPFMJX7PFY3CWP406BRNTD2,01JYPEXG3Q8DM1X9A29PGB06N8,30,animals,0.0,1,domesticated,mouse,mouse,"['Bird', 'Rodents']",False,30
Dog,5318,5318.0,01JYPFMNDNMXG4MMTM5J1FERG5,01JYPEZKPZ47HQV9NDA7AJKZW8,0,animals,1.0,1,Domestic animal,Dog,dog,"['Canine', 'Pets']",True,0
cat,7334,2016.0,01JYPFMNDNMXG4MMTM5J1FERG5,01JYPEZKPZ47HQV9NDA7AJKZW8,1,animals,1.0,1,both mammels,cat,cat,"['Pets', 'Feline']",False,1
elephant,11139,3805.0,01JYPFMNDNMXG4MMTM5J1FERG5,01JYPEZKPZ47HQV9NDA7AJKZW8,2,animals,0.0,1,both mammels,elephant,elephant,['African'],True,2
lemur,13459,2320.0,01JYPFMNDNMXG4MMTM5J1FERG5,01JYPEZKPZ47HQV9NDA7AJKZW8,3,animals,0.0,1,both mammels,limon\,lemur,"['African', 'Primates']",False,3
lion,18081,4622.0,01JYPFMNDNMXG4MMTM5J1FERG5,01JYPEZKPZ47HQV9NDA7AJKZW8,4,animals,1.0,1,found in africa,lion,lion,"['African', 'Feline']",False,4
zebra,27371,9290.0,01JYPFMNDNMXG4MMTM5J1FERG5,01JYPEZKPZ47HQV9NDA7AJKZW8,5,animals,0.0,1,found in africa,zebra,zebra,['African'],False,5
giraffe,37835,10464.0,01JYPFMNDNMXG4MMTM5J1FERG5,01JYPEZKPZ47HQV9NDA7AJKZW8,6,animals,0.0,1,found in africa,girrafie,giraffe,['African'],False,6
Mouse,45203,7368.0,01JYPFMNDNMXG4MMTM5J1FERG5,01JYPEZKPZ47HQV9NDA7AJKZW8,7,animals,1.0,1,,Mouse,mouse,"['Bird', 'Rodents']",True,7
monkey,48418,3215.0,01JYPFMNDNMXG4MMTM5J1FERG5,01JYPEZKPZ47HQV9NDA7AJKZW8,8,animals,1.0,1,,monkey,monkey,"['African', 'Primates']",True,8
crocodile,53154,4736.0,01JYPFMNDNMXG4MMTM5J1FERG5,01JYPEZKPZ47HQV9NDA7AJKZW8,9,animals,0.0,1,,croccodile,crocodile,['ReptileAmphibian'],True,9
rabbit,56961,3807.0,01JYPFMNDNMXG4MMTM5J1FERG5,01JYPEZKPZ47HQV9NDA7AJKZW8,10,animals,1.0,1,Sharpe senses,rabbit,rabbit,"['NorthAmerican', 'Pets', 'Rabbit', 'UsedForFur']",True,10
tiger,59754,2793.0,01JYPFMNDNMXG4MMTM5J1FERG5,01JYPEZKPZ47HQV9NDA7AJKZW8,11,animals,0.0,1,Sharpe senses,tiger,tiger,"['African', 'Feline']",True,11
fox,62157,2403.0,01JYPFMNDNMXG4MMTM5J1FERG5,01JYPEZKPZ47HQV9NDA7AJKZW8,12,animals,0.0,1,Sharpe senses,fox,fox,"['Canine', 'NorthAmerican', 'UsedForFur']",True,12
pig,64896,2739.0,01JYPFMNDNMXG4MMTM5J1FERG5,01JYPEZKPZ47HQV9NDA7AJKZW8,13,animals,1.0,1,Farm animals,pig,pig,['Farm'],True,13
horse,66951,2055.0,01JYPFMNDNMXG4MMTM5J1FERG5,01JYPEZKPZ47HQV9NDA7AJKZW8,14,animals,0.0,1,Farm animals,horse,horse,"['BeastsOfBurden', 'Farm']",False,14
cow,68311,1360.0,01JYPFMNDNMXG4MMTM5J1FERG5,01JYPEZKPZ47HQV9NDA7AJKZW8,15,animals,1.0,1,Domestic animals,cow,cow,"['Bovine', 'Farm']",False,15
chicken,71614,3303.0,01JYPFMNDNMXG4MMTM5J1FERG5,01JYPEZKPZ47HQV9NDA7AJKZW8,16,animals,0.0,1,Domestic animals,chicken,chicken,"['Bird', 'Farm']",False,16
donkey,76261,4647.0,01JYPFMNDNMXG4MMTM5J1FERG5,01JYPEZKPZ47HQV9NDA7AJKZW8,17,animals,0.0,1,Domestic animals,donkey,donkey,"['BeastsOfBurden', 'Farm']",False,17
fish,78232,1971.0,01JYPFMNDNMXG4MMTM5J1FERG5,01JYPEZKPZ47HQV9NDA7AJKZW8,18,animals,1.0,1,vertebrates,fish,fish,"['Fish', 'Water']",True,18
goat,81947,3715.0,01JYPFMNDNMXG4MMTM5J1FERG5,01JYPEZKPZ47HQV9NDA7AJKZW8,19,animals,0.0,1,vertebrates,goat,goat,['Farm'],True,19
sheep,87117,5170.0,01JYPFMNDNMXG4MMTM5J1FERG5,01JYPEZKPZ47HQV9NDA7AJKZW8,20,animals,0.0,1,vertebrates,sheep,sheep,['Farm'],False,20
parrot,92364,5247.0,01JYPFMNDNMXG4MMTM5J1FERG5,01JYPEZKPZ47HQV9NDA7AJKZW8,21,animals,0.0,1,vertebrates,parrot,parrot,"['Bird', 'Pets']",True,21
gorilla,99894,7530.0,01JYPFMNDNMXG4MMTM5J1FERG5,01JYPEZKPZ47HQV9NDA7AJKZW8,22,animals,0.0,1,vertebrates,gorilla,gorilla,"['African', 'Primates']",True,22
leopard,107493,7599.0,01JYPFMNDNMXG4MMTM5J1FERG5,01JYPEZKPZ47HQV9NDA7AJKZW8,23,animals,1.0,1,,leopard,leopard,"['African', 'Feline']",False,23
Deer,112981,5488.0,01JYPFMNDNMXG4MMTM5J1FERG5,01JYPEZKPZ47HQV9NDA7AJKZW8,24,animals,0.0,1,,Deer,deer,"['Deers', 'NorthAmerican']",True,24
alligator,139985,27004.0,01JYPFMNDNMXG4MMTM5J1FERG5,01JYPEZKPZ47HQV9NDA7AJKZW8,25,animals,1.0,1,,alligator,alligator,"['ReptileAmphibian', 'Water']",True,25
Baboon,147622,7637.0,01JYPFMNDNMXG4MMTM5J1FERG5,01JYPEZKPZ47HQV9NDA7AJKZW8,26,animals,0.0,1,,Babbon,baboon,['Primates'],True,26
Ant,153728,6106.0,01JYPFMNDNMXG4MMTM5J1FERG5,01JYPEZKPZ47HQV9NDA7AJKZW8,27,animals,1.0,1,insects,Ant,ant,['Insects'],True,27
bee,158058,4330.0,01JYPFMNDNMXG4MMTM5J1FERG5,01JYPEZKPZ47HQV9NDA7AJKZW8,28,animals,0.0,1,insects,bee,bee,['Insects'],False,28
buffalo,165401,7343.0,01JYPFMNDNMXG4MMTM5J1FERG5,01JYPEZKPZ47HQV9NDA7AJKZW8,29,animals,1.0,1,,buffalo,buffalo,"['African', 'Bovine']",True,29
chipmunk,177912,12511.0,01JYPFMNDNMXG4MMTM5J1FERG5,01JYPEZKPZ47HQV9NDA7AJKZW8,30,animals,0.0,1,,chipmunk,chipmunk,"['NorthAmerican', 'Rodents']",True,30
milk,2969,2969.0,01JYPFNZ9J2S0ZNCD1D1E8N3Q8,01JYPEXDJMYHKXREBQJWY0SV7W,0,supermarket,1.0,1,Staples,milk,milk,,True,0
bread,3854,885.0,01JYPFNZ9J2S0ZNCD1D1E8N3Q8,01JYPEXDJMYHKXREBQJWY0SV7W,1,supermarket,0.0,1,Staples,bread,bread,,True,1
butter,4857,1003.0,01JYPFNZ9J2S0ZNCD1D1E8N3Q8,01JYPEXDJMYHKXREBQJWY0SV7W,2,supermarket,0.0,1,Staples,butter,butter,,True,2
orange,5855,998.0,01JYPFNZ9J2S0ZNCD1D1E8N3Q8,01JYPEXDJMYHKXREBQJWY0SV7W,3,supermarket,1.0,1,Fruit,oranges,orange,,True,3
strawberry,8671,2816.0,01JYPFNZ9J2S0ZNCD1D1E8N3Q8,01JYPEXDJMYHKXREBQJWY0SV7W,4,supermarket,0.0,1,Fruit,strawberries,strawberry,,True,4
grape,12609,3938.0,01JYPFNZ9J2S0ZNCD1D1E8N3Q8,01JYPEXDJMYHKXREBQJWY0SV7W,5,supermarket,0.0,1,Fruit,grapes,grape,,True,5
bun,15373,2764.0,01JYPFNZ9J2S0ZNCD1D1E8N3Q8,01JYPEXDJMYHKXREBQJWY0SV7W,6,supermarket,1.0,1,Bread,buns,bun,,True,6
chicken breast,20054,4681.0,01JYPFNZ9J2S0ZNCD1D1E8N3Q8,01JYPEXDJMYHKXREBQJWY0SV7W,7,supermarket,1.0,1,Meats,chicken breast,chickenbreast,,True,7
beef,21872,1818.0,01JYPFNZ9J2S0ZNCD1D1E8N3Q8,01JYPEXDJMYHKXREBQJWY0SV7W,8,supermarket,0.0,1,Meats,beef,beef,,True,8
pork,25709,3837.0,01JYPFNZ9J2S0ZNCD1D1E8N3Q8,01JYPEXDJMYHKXREBQJWY0SV7W,9,supermarket,0.0,1,Meats,pork,pork,,True,9
banana,30584,4875.0,01JYPFNZ9J2S0ZNCD1D1E8N3Q8,01JYPEXDJMYHKXREBQJWY0SV7W,10,supermarket,1.0,1,Yummy Fruit,bananas,banana,,True,10
kiwi,33728,3144.0,01JYPFNZ9J2S0ZNCD1D1E8N3Q8,01JYPEXDJMYHKXREBQJWY0SV7W,11,supermarket,0.0,1,Yummy Fruit,kiwi,kiwi,,True,11
lettuce,35367,1639.0,01JYPFNZ9J2S0ZNCD1D1E8N3Q8,01JYPEXDJMYHKXREBQJWY0SV7W,12,supermarket,1.0,1,Veg,lettuce,lettuce,,True,12
carrot,37522,2155.0,01JYPFNZ9J2S0ZNCD1D1E8N3Q8,01JYPEXDJMYHKXREBQJWY0SV7W,13,supermarket,0.0,1,Veg,carrots,carrot,,True,13
raspberry,44367,6845.0,01JYPFNZ9J2S0ZNCD1D1E8N3Q8,01JYPEXDJMYHKXREBQJWY0SV7W,14,supermarket,1.0,1,Fruits,raspberries,raspberry,,True,14
lemon,49981,5614.0,01JYPFNZ9J2S0ZNCD1D1E8N3Q8,01JYPEXDJMYHKXREBQJWY0SV7W,15,supermarket,0.0,1,Fruits,lemons,lemon,,True,15
lime,51733,1752.0,01JYPFNZ9J2S0ZNCD1D1E8N3Q8,01JYPEXDJMYHKXREBQJWY0SV7W,16,supermarket,0.0,1,Fruits,limes,lime,,True,16
cereal,59785,8052.0,01JYPFNZ9J2S0ZNCD1D1E8N3Q8,01JYPEXDJMYHKXREBQJWY0SV7W,17,supermarket,1.0,1,Breads,cereal,cereal,,True,17
oatmeal,62353,2568.0,01JYPFNZ9J2S0ZNCD1D1E8N3Q8,01JYPEXDJMYHKXREBQJWY0SV7W,18,supermarket,0.0,1,Breads,oatmeal,oatmeal,,True,18
lasagna,64711,2358.0,01JYPFNZ9J2S0ZNCD1D1E8N3Q8,01JYPEXDJMYHKXREBQJWY0SV7W,19,supermarket,0.0,1,Breads,lasagna,lasagna,,True,19
noodle,68569,3858.0,01JYPFNZ9J2S0ZNCD1D1E8N3Q8,01JYPEXDJMYHKXREBQJWY0SV7W,20,supermarket,1.0,1,noodles,noodles,noodle,,True,20
soup,70937,2368.0,01JYPFNZ9J2S0ZNCD1D1E8N3Q8,01JYPEXDJMYHKXREBQJWY0SV7W,21,supermarket,1.0,1,Soup,soup,soup,,True,21
soda pop,74975,4038.0,01JYPFNZ9J2S0ZNCD1D1E8N3Q8,01JYPEXDJMYHKXREBQJWY0SV7W,22,supermarket,1.0,1,Snacks,pop,sodapop,,True,22
chip,77691,2716.0,01JYPFNZ9J2S0ZNCD1D1E8N3Q8,01JYPEXDJMYHKXREBQJWY0SV7W,23,supermarket,0.0,1,Snacks,chips,chip,,True,23
salsa,79695,2004.0,01JYPFNZ9J2S0ZNCD1D1E8N3Q8,01JYPEXDJMYHKXREBQJWY0SV7W,24,supermarket,0.0,1,Snacks,salsa,salsa,,True,24
juice,85337,5642.0,01JYPFNZ9J2S0ZNCD1D1E8N3Q8,01JYPEXDJMYHKXREBQJWY0SV7W,25,supermarket,0.0,1,Snacks,juice,juice,,True,25
hummus,90551,5214.0,01JYPFNZ9J2S0ZNCD1D1E8N3Q8,01JYPEXDJMYHKXREBQJWY0SV7W,26,supermarket,1.0,1,Dip,hummus,hummu,,True,26
lunch meat,95425,4874.0,01JYPFNZ9J2S0ZNCD1D1E8N3Q8,01JYPEXDJMYHKXREBQJWY0SV7W,27,supermarket,1.0,1,Meat,lunch meat,lunchmeat,,True,27
water,98665,3240.0,01JYPFNZ9J2S0ZNCD1D1E8N3Q8,01JYPEXDJMYHKXREBQJWY0SV7W,28,supermarket,1.0,1,Staples,water,water,,True,28
cart,103375,4710.0,01JYPFNZ9J2S0ZNCD1D1E8N3Q8,01JYPEXDJMYHKXREBQJWY0SV7W,29,supermarket,1.0,1,grocery,carts,cart,,True,29
cashier,106042,2667.0,01JYPFNZ9J2S0ZNCD1D1E8N3Q8,01JYPEXDJMYHKXREBQJWY0SV7W,30,supermarket,1.0,1,Snacks,cashier,cashier,,True,30
cookie,110938,4896.0,01JYPFNZ9J2S0ZNCD1D1E8N3Q8,01JYPEXDJMYHKXREBQJWY0SV7W,31,supermarket,0.0,1,Snacks,cookies,cookie,,True,31
cracker,113316,2378.0,01JYPFNZ9J2S0ZNCD1D1E8N3Q8,01JYPEXDJMYHKXREBQJWY0SV7W,32,supermarket,0.0,1,Snacks,crackers,cracker,,True,32
juice box,121296,7980.0,01JYPFNZ9J2S0ZNCD1D1E8N3Q8,01JYPEXDJMYHKXREBQJWY0SV7W,33,supermarket,1.0,1,Snacks,juice boxes,juicebox,,True,33
margarine,133537,12241.0,01JYPFNZ9J2S0ZNCD1D1E8N3Q8,01JYPEXDJMYHKXREBQJWY0SV7W,34,supermarket,0.0,1,Snacks,margerine,margarine,,True,34
yogurt,135848,2311.0,01JYPFNZ9J2S0ZNCD1D1E8N3Q8,01JYPEXDJMYHKXREBQJWY0SV7W,35,supermarket,0.0,1,Snacks,yogurt,yogurt,,True,35
cheese,140328,4480.0,01JYPFNZ9J2S0ZNCD1D1E8N3Q8,01JYPEXDJMYHKXREBQJWY0SV7W,36,supermarket,0.0,1,Snacks,cheese,cheese,,True,36
cottage cheese,144923,4595.0,01JYPFNZ9J2S0ZNCD1D1E8N3Q8,01JYPEXDJMYHKXREBQJWY0SV7W,37,supermarket,1.0,1,Freezer section ,cottage cheese,cottagecheese,,True,37
frozen vegetable,156056,11133.0,01JYPFNZ9J2S0ZNCD1D1E8N3Q8,01JYPEXDJMYHKXREBQJWY0SV7W,38,supermarket,0.0,1,Freezer section ,frozen vegetables,frozenvegetable,,True,38
frozen fruit,161561,5505.0,01JYPFNZ9J2S0ZNCD1D1E8N3Q8,01JYPEXDJMYHKXREBQJWY0SV7W,39,supermarket,1.0,1,Cold,frozen fruit,frozenfruit,,True,39
salad dressing,164327,2766.0,01JYPFNZ9J2S0ZNCD1D1E8N3Q8,01JYPEXDJMYHKXREBQJWY0SV7W,40,supermarket,1.0,1,Dressing,salad dressing,saladdressing,,True,40
dog,6827,6827.0,01JYPFRA528EJHAQ8B6WVSDREN,01JYPEZJR056X9E6FC8BVMWA9C,0,animals,1.0,1,Domestic animals,dog,dog,"['Canine', 'Pets']",True,0
cat,8588,1761.0,01JYPFRA528EJHAQ8B6WVSDREN,01JYPEZJR056X9E6FC8BVMWA9C,1,animals,0.0,1,Domestic animals,cat,cat,"['Pets', 'Feline']",False,1
pig,11151,2563.0,01JYPFRA528EJHAQ8B6WVSDREN,01JYPEZJR056X9E6FC8BVMWA9C,2,animals,0.0,1,Domestic animals,pig,pig,['Farm'],True,2
horse,13693,2542.0,01JYPFRA528EJHAQ8B6WVSDREN,01JYPEZJR056X9E6FC8BVMWA9C,3,animals,1.0,1,Equine,horse,horse,"['BeastsOfBurden', 'Farm']",False,3
zebra,17339,3646.0,01JYPFRA528EJHAQ8B6WVSDREN,01JYPEZJR056X9E6FC8BVMWA9C,4,animals,0.0,1,Equine,zebra,zebra,['African'],True,4
lion,20156,2817.0,01JYPFRA528EJHAQ8B6WVSDREN,01JYPEZJR056X9E6FC8BVMWA9C,5,animals,1.0,1,Big Cats,lion,lion,"['African', 'Feline']",False,5
tiger,22787,2631.0,01JYPFRA528EJHAQ8B6WVSDREN,01JYPEZJR056X9E6FC8BVMWA9C,6,animals,0.0,1,Big Cats,tiger,tiger,"['African', 'Feline']",False,6
monkey,28963,6176.0,01JYPFRA528EJHAQ8B6WVSDREN,01JYPEZJR056X9E6FC8BVMWA9C,7,animals,1.0,1,Jungle animals,monkey,monkey,"['African', 'Primates']",False,7
giraffe,32427,3464.0,01JYPFRA528EJHAQ8B6WVSDREN,01JYPEZJR056X9E6FC8BVMWA9C,8,animals,0.0,1,Jungle animals,giraffe,giraffe,['African'],False,8
elephant,36462,4035.0,01JYPFRA528EJHAQ8B6WVSDREN,01JYPEZJR056X9E6FC8BVMWA9C,9,animals,0.0,1,Jungle animals,elephant,elephant,['African'],False,9
snake,40184,3722.0,01JYPFRA528EJHAQ8B6WVSDREN,01JYPEZJR056X9E6FC8BVMWA9C,10,animals,1.0,1,Favourite animals,snake,snake,"['Farm', 'ReptileAmphibian']",True,10
deer,43783,3599.0,01JYPFRA528EJHAQ8B6WVSDREN,01JYPEZJR056X9E6FC8BVMWA9C,11,animals,0.0,1,Favourite animals,deer,deer,"['Deers', 'NorthAmerican']",True,11
camel,49246,5463.0,01JYPFRA528EJHAQ8B6WVSDREN,01JYPEZJR056X9E6FC8BVMWA9C,12,animals,0.0,1,Favourite animals,camel,camel,"['African', 'BeastsOfBurden']",True,12
sheep,60108,10862.0,01JYPFRA528EJHAQ8B6WVSDREN,01JYPEZJR056X9E6FC8BVMWA9C,13,animals,1.0,1,Farm animals,sheep,sheep,['Farm'],True,13
goat,65107,4999.0,01JYPFRA528EJHAQ8B6WVSDREN,01JYPEZJR056X9E6FC8BVMWA9C,14,animals,0.0,1,Farm animals,goat,goat,['Farm'],False,14
leopard,90700,25593.0,01JYPFRA528EJHAQ8B6WVSDREN,01JYPEZJR056X9E6FC8BVMWA9C,15,animals,1.0,1,fast animals,leopard,leopard,"['African', 'Feline']",True,15
cheetah,98788,8088.0,01JYPFRA528EJHAQ8B6WVSDREN,01JYPEZJR056X9E6FC8BVMWA9C,16,animals,0.0,1,fast animals,cheetah,cheetah,"['African', 'Feline']",False,16
fish,108581,9793.0,01JYPFRA528EJHAQ8B6WVSDREN,01JYPEZJR056X9E6FC8BVMWA9C,17,animals,0.0,1,fast animals,fish,fish,"['Fish', 'Water']",True,17
bear,112336,3755.0,01JYPFRA528EJHAQ8B6WVSDREN,01JYPEZJR056X9E6FC8BVMWA9C,18,animals,0.0,1,fast animals,bear,bear,['NorthAmerican'],True,18
antelope,116416,4080.0,01JYPFRA528EJHAQ8B6WVSDREN,01JYPEZJR056X9E6FC8BVMWA9C,19,animals,0.0,1,fast animals,antelope,antelope,['African'],True,19
mouse,128169,11753.0,01JYPFRA528EJHAQ8B6WVSDREN,01JYPEZJR056X9E6FC8BVMWA9C,20,animals,1.0,1,Rodents,mouse,mouse,"['Bird', 'Rodents']",True,20
rat,130347,2178.0,01JYPFRA528EJHAQ8B6WVSDREN,01JYPEZJR056X9E6FC8BVMWA9C,21,animals,0.0,1,Rodents,rat,rat,['Rodents'],False,21
bird,136450,6103.0,01JYPFRA528EJHAQ8B6WVSDREN,01JYPEZJR056X9E6FC8BVMWA9C,22,animals,1.0,1,Wild animals,bird,bird,['Bird'],True,22
hyena,142051,5601.0,01JYPFRA528EJHAQ8B6WVSDREN,01JYPEZJR056X9E6FC8BVMWA9C,23,animals,0.0,1,Wild animals,hyena,hyena,"['African', 'Canine']",True,23
llama,152281,10230.0,01JYPFRA528EJHAQ8B6WVSDREN,01JYPEZJR056X9E6FC8BVMWA9C,24,animals,0.0,1,Wild animals,llama,llama,"['BeastsOfBurden', 'UsedForFur']",True,24
wombat,162523,10242.0,01JYPFRA528EJHAQ8B6WVSDREN,01JYPEZJR056X9E6FC8BVMWA9C,25,animals,1.0,1,Australian animals,wombat,wombat,['Australian'],True,25
kangaroo,169291,6768.0,01JYPFRA528EJHAQ8B6WVSDREN,01JYPEZJR056X9E6FC8BVMWA9C,26,animals,0.0,1,Australian animals,kangaroo,kangaroo,['Australian'],False,26
jaguar,179766,10475.0,01JYPFRA528EJHAQ8B6WVSDREN,01JYPEZJR056X9E6FC8BVMWA9C,27,animals,0.0,1,Australian animals,jaguar,jaguar,['Feline'],True,27
Egg,6133,6133.0,01JYPFSAXF4FMEYE7DTQ1JMJ7X,01JYPEXDJPEKKG9MKMXH9XX7WJ,0,supermarket,1.0,1,Protein,Eggs,egg,,True,0
Milk,9687,3554.0,01JYPFSAXF4FMEYE7DTQ1JMJ7X,01JYPEXDJPEKKG9MKMXH9XX7WJ,1,supermarket,1.0,1,Drinks,Milk,milk,,True,1
Bread,12989,3302.0,01JYPFSAXF4FMEYE7DTQ1JMJ7X,01JYPEXDJPEKKG9MKMXH9XX7WJ,2,supermarket,1.0,1,Grains,Bread,bread,,True,2
Bun,15999,3010.0,01JYPFSAXF4FMEYE7DTQ1JMJ7X,01JYPEXDJPEKKG9MKMXH9XX7WJ,3,supermarket,1.0,1,Lunchtime,Buns,bun,,True,3
Hot dog,19162,3163.0,01JYPFSAXF4FMEYE7DTQ1JMJ7X,01JYPEXDJPEKKG9MKMXH9XX7WJ,4,supermarket,0.0,1,Lunchtime,Hotdogs,hotdog,,True,4
Brat,21967,2805.0,01JYPFSAXF4FMEYE7DTQ1JMJ7X,01JYPEXDJPEKKG9MKMXH9XX7WJ,5,supermarket,0.0,1,Lunchtime,Brats,brat,,True,5
Ham,25016,3049.0,01JYPFSAXF4FMEYE7DTQ1JMJ7X,01JYPEXDJPEKKG9MKMXH9XX7WJ,6,supermarket,0.0,1,Lunchtime,Ham,ham,,True,6
Turkey,28635,3619.0,01JYPFSAXF4FMEYE7DTQ1JMJ7X,01JYPEXDJPEKKG9MKMXH9XX7WJ,7,supermarket,0.0,1,Lunchtime,Turkey,turkey,,True,7
Chicken,31885,3250.0,01JYPFSAXF4FMEYE7DTQ1JMJ7X,01JYPEXDJPEKKG9MKMXH9XX7WJ,8,supermarket,0.0,1,Lunchtime,Chicken,chicken,,True,8
Potato,36020,4135.0,01JYPFSAXF4FMEYE7DTQ1JMJ7X,01JYPEXDJPEKKG9MKMXH9XX7WJ,9,supermarket,1.0,1,Potato products,Potatoes,potato,,True,9
French Fry,40031,4011.0,01JYPFSAXF4FMEYE7DTQ1JMJ7X,01JYPEXDJPEKKG9MKMXH9XX7WJ,10,supermarket,0.0,1,Potato products,French Fries,frenchfry,,True,10
Tater Tot,44596,4565.0,01JYPFSAXF4FMEYE7DTQ1JMJ7X,01JYPEXDJPEKKG9MKMXH9XX7WJ,11,supermarket,0.0,1,Potato products,Tater Tots,tatertot,,True,11
Potato wedge,48867,4271.0,01JYPFSAXF4FMEYE7DTQ1JMJ7X,01JYPEXDJPEKKG9MKMXH9XX7WJ,12,supermarket,0.0,1,Potato products,Potato wedges,potatowedge,,True,12
Hashbrown,54139,5272.0,01JYPFSAXF4FMEYE7DTQ1JMJ7X,01JYPEXDJPEKKG9MKMXH9XX7WJ,13,supermarket,0.0,1,Potato products,Hashbrowns,hashbrown,,True,13
Pizza,57036,2897.0,01JYPFSAXF4FMEYE7DTQ1JMJ7X,01JYPEXDJPEKKG9MKMXH9XX7WJ,14,supermarket,1.0,1,Lunch items,Pizza,pizza,,True,14
Hotpocket,60536,3500.0,01JYPFSAXF4FMEYE7DTQ1JMJ7X,01JYPEXDJPEKKG9MKMXH9XX7WJ,15,supermarket,0.0,1,Lunch items,Hotpocket,hotpocket,,True,15
Jam,64545,4009.0,01JYPFSAXF4FMEYE7DTQ1JMJ7X,01JYPEXDJPEKKG9MKMXH9XX7WJ,16,supermarket,0.0,1,Lunch items,Jam,jam,,True,16
Peanut Butter,72008,7463.0,01JYPFSAXF4FMEYE7DTQ1JMJ7X,01JYPEXDJPEKKG9MKMXH9XX7WJ,17,supermarket,0.0,1,Lunch items,Peanut Butter,peanutbutter,,True,17
Butter,74999,2991.0,01JYPFSAXF4FMEYE7DTQ1JMJ7X,01JYPEXDJPEKKG9MKMXH9XX7WJ,18,supermarket,1.0,1,Spreadables,Butter,butter,,True,18
Yogurt,79531,4532.0,01JYPFSAXF4FMEYE7DTQ1JMJ7X,01JYPEXDJPEKKG9MKMXH9XX7WJ,19,supermarket,1.0,1,Smooth snacks,Yogurt,yogurt,,True,19
Pudding,85221,5690.0,01JYPFSAXF4FMEYE7DTQ1JMJ7X,01JYPEXDJPEKKG9MKMXH9XX7WJ,20,supermarket,0.0,1,Smooth snacks,Pudding,pudding,,True,20
Ice Cream,88734,3513.0,01JYPFSAXF4FMEYE7DTQ1JMJ7X,01JYPEXDJPEKKG9MKMXH9XX7WJ,21,supermarket,1.0,1,Treats,Ice Cream,icecream,,True,21
Popsicle,92781,4047.0,01JYPFSAXF4FMEYE7DTQ1JMJ7X,01JYPEXDJPEKKG9MKMXH9XX7WJ,22,supermarket,0.0,1,Treats,Popsicles,popsicle,,True,22
Ramen,97852,5071.0,01JYPFSAXF4FMEYE7DTQ1JMJ7X,01JYPEXDJPEKKG9MKMXH9XX7WJ,23,supermarket,1.0,1,Cheap,Ramen,raman,,True,23
Soy Sauce,101175,3323.0,01JYPFSAXF4FMEYE7DTQ1JMJ7X,01JYPEXDJPEKKG9MKMXH9XX7WJ,24,supermarket,1.0,1,Condiments,Soy Sauce,soysauce,,True,24
Ranch Dressing,106702,5527.0,01JYPFSAXF4FMEYE7DTQ1JMJ7X,01JYPEXDJPEKKG9MKMXH9XX7WJ,25,supermarket,0.0,1,Condiments,Ranch Dressing,ranchdressing,,True,25
Cheese,109794,3092.0,01JYPFSAXF4FMEYE7DTQ1JMJ7X,01JYPEXDJPEKKG9MKMXH9XX7WJ,26,supermarket,1.0,1,Baking items,Cheese,cheese,,True,26
Apple,119341,3963.0,01JYPFSAXF4FMEYE7DTQ1JMJ7X,01JYPEXDJPEKKG9MKMXH9XX7WJ,28,supermarket,0.0,1,Baking items,Apples,apple,,True,27
Orange,122382,3041.0,01JYPFSAXF4FMEYE7DTQ1JMJ7X,01JYPEXDJPEKKG9MKMXH9XX7WJ,29,supermarket,0.0,1,Baking items,Oranges,orange,,True,28
Watermelon,127598,5216.0,01JYPFSAXF4FMEYE7DTQ1JMJ7X,01JYPEXDJPEKKG9MKMXH9XX7WJ,30,supermarket,0.0,1,Baking items,Watermelon,watermelon,,True,29
Lemon,130658,3060.0,01JYPFSAXF4FMEYE7DTQ1JMJ7X,01JYPEXDJPEKKG9MKMXH9XX7WJ,31,supermarket,1.0,1,Produce,Lemon,lemon,,True,30
Onion,134067,3409.0,01JYPFSAXF4FMEYE7DTQ1JMJ7X,01JYPEXDJPEKKG9MKMXH9XX7WJ,32,supermarket,0.0,1,Produce,Onion,onion,,True,31
Carrot,137448,3381.0,01JYPFSAXF4FMEYE7DTQ1JMJ7X,01JYPEXDJPEKKG9MKMXH9XX7WJ,33,supermarket,0.0,1,Produce,Carrot,carrot,,True,32
Lettuce,140998,3550.0,01JYPFSAXF4FMEYE7DTQ1JMJ7X,01JYPEXDJPEKKG9MKMXH9XX7WJ,34,supermarket,1.0,1,Rabbit food,Lettuce,lettuce,,True,33
Salad,143862,2864.0,01JYPFSAXF4FMEYE7DTQ1JMJ7X,01JYPEXDJPEKKG9MKMXH9XX7WJ,35,supermarket,0.0,1,Rabbit food,Salad,salad,,True,34
Chicken Nugget,147865,4003.0,01JYPFSAXF4FMEYE7DTQ1JMJ7X,01JYPEXDJPEKKG9MKMXH9XX7WJ,36,supermarket,1.0,1,Meal time,Chicken Nuggets,chickennugget,,True,35
Boneless Wing,154230,6365.0,01JYPFSAXF4FMEYE7DTQ1JMJ7X,01JYPEXDJPEKKG9MKMXH9XX7WJ,37,supermarket,0.0,1,Meal time,Boneless Wings,boneleswing,,True,36
Hamburger Helper,161565,7335.0,01JYPFSAXF4FMEYE7DTQ1JMJ7X,01JYPEXDJPEKKG9MKMXH9XX7WJ,38,supermarket,0.0,1,Meal time,Hamburger Helper,hamburgerhelper,,True,37
Hamburger Bun,169813,8248.0,01JYPFSAXF4FMEYE7DTQ1JMJ7X,01JYPEXDJPEKKG9MKMXH9XX7WJ,39,supermarket,0.0,1,Meal time,Hamburger Buns,hamburgerbun,,True,38
Hamburger,173190,3377.0,01JYPFSAXF4FMEYE7DTQ1JMJ7X,01JYPEXDJPEKKG9MKMXH9XX7WJ,40,supermarket,1.0,1,lunch meat,Hamburger,hamburger,,True,39
Roast Beef,177968,4778.0,01JYPFSAXF4FMEYE7DTQ1JMJ7X,01JYPEXDJPEKKG9MKMXH9XX7WJ,41,supermarket,0.0,1,lunch meat,Roast Beef,roastbeef,,True,40
Mop,19867,19867.0,01JYPFSEQVH489T1JVYRWT2W75,01JYPEZKQ0PH32GRZ5PB8CNP7B,0,supermarket,1.0,1,Baking product and children product,Mop,mop,,True,0
Yogurt,33523,13656.0,01JYPFSEQVH489T1JVYRWT2W75,01JYPEZKQ0PH32GRZ5PB8CNP7B,1,supermarket,1.0,1,Cleaning supply,Yogurt,yogurt,,True,1
Fruit,91627,58104.0,01JYPFSEQVH489T1JVYRWT2W75,01JYPEZKQ0PH32GRZ5PB8CNP7B,2,supermarket,1.0,1,Dairy product,Fresh fruit,fruit,,True,2
Meat,97544,5917.0,01JYPFSEQVH489T1JVYRWT2W75,01JYPEZKQ0PH32GRZ5PB8CNP7B,3,supermarket,1.0,1,Fruit,Meat,meat,,True,3
Beverage,131145,33601.0,01JYPFSEQVH489T1JVYRWT2W75,01JYPEZKQ0PH32GRZ5PB8CNP7B,4,supermarket,1.0,1,Food and Nutrition,Beverages,beverage,,True,4
cake,139643,8498.0,01JYPFSEQVH489T1JVYRWT2W75,01JYPEZKQ0PH32GRZ5PB8CNP7B,5,supermarket,1.0,1,Food and drink,cake,cake,,True,5
bread,144984,5341.0,01JYPFSEQVH489T1JVYRWT2W75,01JYPEZKQ0PH32GRZ5PB8CNP7B,6,supermarket,1.0,1,Dessert,breads,bread,,True,6
can drink,154793,9809.0,01JYPFSEQVH489T1JVYRWT2W75,01JYPEZKQ0PH32GRZ5PB8CNP7B,7,supermarket,1.0,1,Bakery,can drinks,candrink,,True,7
Beer,162032,7239.0,01JYPFSEQVH489T1JVYRWT2W75,01JYPEZKQ0PH32GRZ5PB8CNP7B,8,supermarket,1.0,1,Packaged Drink,Beer,beer,,True,8
Pasta,167796,5764.0,01JYPFSEQVH489T1JVYRWT2W75,01JYPEZKQ0PH32GRZ5PB8CNP7B,9,supermarket,1.0,1,Alcohol,Pasta,pasta,,True,9
Flour,172158,4362.0,01JYPFSEQVH489T1JVYRWT2W75,01JYPEZKQ0PH32GRZ5PB8CNP7B,10,supermarket,1.0,1,Food and cuisine,Flour,flour,,True,10
Toy,176611,4453.0,01JYPFSEQVH489T1JVYRWT2W75,01JYPEZKQ0PH32GRZ5PB8CNP7B,11,supermarket,0.0,1,Food and cuisine,Toys,toy,,True,11
bean,3897,3897.0,01JYPFT3SXYW1PEWJMZEFYT4EA,01JYPEXG3RA9W793WQ18E61M6V,0,supermarket,1.0,1,Vegetables,beans,bean,,True,0
celery,6206,2309.0,01JYPFT3SXYW1PEWJMZEFYT4EA,01JYPEXG3RA9W793WQ18E61M6V,1,supermarket,0.0,1,Vegetables,celery,celery,,True,1
washing liquid,9278,3072.0,01JYPFT3SXYW1PEWJMZEFYT4EA,01JYPEXG3RA9W793WQ18E61M6V,2,supermarket,1.0,1,Cleaning products,washing liquid,washingliquid,,True,2
soap,12165,2887.0,01JYPFT3SXYW1PEWJMZEFYT4EA,01JYPEXG3RA9W793WQ18E61M6V,3,supermarket,0.0,1,Cleaning products,soap,soap,,True,3
apple,15684,3519.0,01JYPFT3SXYW1PEWJMZEFYT4EA,01JYPEXG3RA9W793WQ18E61M6V,4,supermarket,1.0,1,Common fruits,apples,apple,,True,4
pear,17404,1720.0,01JYPFT3SXYW1PEWJMZEFYT4EA,01JYPEXG3RA9W793WQ18E61M6V,5,supermarket,0.0,1,Common fruits,pears,pear,,True,5
soup,23628,6224.0,01JYPFT3SXYW1PEWJMZEFYT4EA,01JYPEXG3RA9W793WQ18E61M6V,6,supermarket,1.0,1,Random item,soup,soup,,True,6
bacon,26975,3347.0,01JYPFT3SXYW1PEWJMZEFYT4EA,01JYPEXG3RA9W793WQ18E61M6V,7,supermarket,1.0,1,Red meats,bacon,bacon,,True,7
beef,28321,1346.0,01JYPFT3SXYW1PEWJMZEFYT4EA,01JYPEXG3RA9W793WQ18E61M6V,8,supermarket,0.0,1,Red meats,beef,beef,,True,8
pork,30989,2668.0,01JYPFT3SXYW1PEWJMZEFYT4EA,01JYPEXG3RA9W793WQ18E61M6V,9,supermarket,0.0,1,Red meats,pork,pork,,True,9
cereal,36743,5754.0,01JYPFT3SXYW1PEWJMZEFYT4EA,01JYPEXG3RA9W793WQ18E61M6V,10,supermarket,1.0,1,Breakfast items (not soda),cereal,cereal,,True,10
milk,37972,1229.0,01JYPFT3SXYW1PEWJMZEFYT4EA,01JYPEXG3RA9W793WQ18E61M6V,11,supermarket,0.0,1,Breakfast items (not soda),milk,milk,,True,11
fruit juice,39952,1980.0,01JYPFT3SXYW1PEWJMZEFYT4EA,01JYPEXG3RA9W793WQ18E61M6V,12,supermarket,0.0,1,Breakfast items (not soda),fruit juice,fruitjuice,,True,12
soda,43062,3110.0,01JYPFT3SXYW1PEWJMZEFYT4EA,01JYPEXG3RA9W793WQ18E61M6V,13,supermarket,0.0,1,Breakfast items (not soda),soda,soda,,True,13
beer,44855,1793.0,01JYPFT3SXYW1PEWJMZEFYT4EA,01JYPEXG3RA9W793WQ18E61M6V,14,supermarket,1.0,1,Alcoholic beverages,beer,beer,,True,14
wine,46247,1392.0,01JYPFT3SXYW1PEWJMZEFYT4EA,01JYPEXG3RA9W793WQ18E61M6V,15,supermarket,0.0,1,Alcoholic beverages,wine,wine,,True,15
vodka,48354,2107.0,01JYPFT3SXYW1PEWJMZEFYT4EA,01JYPEXG3RA9W793WQ18E61M6V,16,supermarket,0.0,1,Alcoholic beverages,vodka,vodka,,True,16
whiskey,50100,1746.0,01JYPFT3SXYW1PEWJMZEFYT4EA,01JYPEXG3RA9W793WQ18E61M6V,17,supermarket,0.0,1,Alcoholic beverages,whiskey,whiskey,,True,17
potato,57135,7035.0,01JYPFT3SXYW1PEWJMZEFYT4EA,01JYPEXG3RA9W793WQ18E61M6V,18,supermarket,1.0,1,Carbohydrates,potatos,potato,,True,18
pasta,62086,4951.0,01JYPFT3SXYW1PEWJMZEFYT4EA,01JYPEXG3RA9W793WQ18E61M6V,19,supermarket,0.0,1,Carbohydrates,pasta,pasta,,True,19
rice,63304,1218.0,01JYPFT3SXYW1PEWJMZEFYT4EA,01JYPEXG3RA9W793WQ18E61M6V,20,supermarket,0.0,1,Carbohydrates,rice,rice,,True,20
bread,64781,1477.0,01JYPFT3SXYW1PEWJMZEFYT4EA,01JYPEXG3RA9W793WQ18E61M6V,21,supermarket,0.0,1,Carbohydrates,bread,bread,,True,21
roll,66509,1728.0,01JYPFT3SXYW1PEWJMZEFYT4EA,01JYPEXG3RA9W793WQ18E61M6V,22,supermarket,0.0,1,Carbohydrates,rolls,roll,,True,22
pancake,68109,1600.0,01JYPFT3SXYW1PEWJMZEFYT4EA,01JYPEXG3RA9W793WQ18E61M6V,23,supermarket,0.0,1,Carbohydrates,pancakes,pancake,,True,23
sponge cake,75281,7172.0,01JYPFT3SXYW1PEWJMZEFYT4EA,01JYPEXG3RA9W793WQ18E61M6V,24,supermarket,0.0,1,Carbohydrates,spongebake,spongecake,,True,24
bleach,89039,13758.0,01JYPFT3SXYW1PEWJMZEFYT4EA,01JYPEXG3RA9W793WQ18E61M6V,25,supermarket,1.0,1,More cleaning products,bleach,bleach,,True,25
windscreen wiper,95682,6643.0,01JYPFT3SXYW1PEWJMZEFYT4EA,01JYPEXG3RA9W793WQ18E61M6V,26,supermarket,0.0,1,More cleaning products,windscreen wiper,windscreenwiper,,True,26
kiwi,100722,5040.0,01JYPFT3SXYW1PEWJMZEFYT4EA,01JYPEXG3RA9W793WQ18E61M6V,27,supermarket,1.0,1,Expensive fruits,kiwis,kiwi,,True,27
avocado,104666,3944.0,01JYPFT3SXYW1PEWJMZEFYT4EA,01JYPEXG3RA9W793WQ18E61M6V,28,supermarket,0.0,1,Expensive fruits,avacado,avocado,,True,28
lemon,107621,2955.0,01JYPFT3SXYW1PEWJMZEFYT4EA,01JYPEXG3RA9W793WQ18E61M6V,29,supermarket,0.0,1,Expensive fruits,lemon,lemon,,True,29
lime,108712,1091.0,01JYPFT3SXYW1PEWJMZEFYT4EA,01JYPEXG3RA9W793WQ18E61M6V,30,supermarket,0.0,1,Expensive fruits,lime,lime,,True,30
lemonade,111073,2361.0,01JYPFT3SXYW1PEWJMZEFYT4EA,01JYPEXG3RA9W793WQ18E61M6V,31,supermarket,1.0,1,Drink,lemonade,lemonade,,True,31
yoghurt,117860,6787.0,01JYPFT3SXYW1PEWJMZEFYT4EA,01JYPEXG3RA9W793WQ18E61M6V,32,supermarket,1.0,1,Desserts,yoghurt,yoghurt,,True,32
ice cream,122552,4692.0,01JYPFT3SXYW1PEWJMZEFYT4EA,01JYPEXG3RA9W793WQ18E61M6V,33,supermarket,0.0,1,Desserts,ice cream,icecream,,True,33
sausage,129283,6731.0,01JYPFT3SXYW1PEWJMZEFYT4EA,01JYPEXG3RA9W793WQ18E61M6V,34,supermarket,1.0,1,White meat + sausages,sausages,sausage,,True,34
turkey,132447,3164.0,01JYPFT3SXYW1PEWJMZEFYT4EA,01JYPEXG3RA9W793WQ18E61M6V,35,supermarket,0.0,1,White meat + sausages,turkey,turkey,,True,35
chicken,135070,2623.0,01JYPFT3SXYW1PEWJMZEFYT4EA,01JYPEXG3RA9W793WQ18E61M6V,36,supermarket,0.0,1,White meat + sausages,chicken,chicken,,True,36
cheese,138070,3000.0,01JYPFT3SXYW1PEWJMZEFYT4EA,01JYPEXG3RA9W793WQ18E61M6V,37,supermarket,1.0,1,Sandwich fillers,cheese,cheese,,True,37
ham,139036,966.0,01JYPFT3SXYW1PEWJMZEFYT4EA,01JYPEXG3RA9W793WQ18E61M6V,38,supermarket,0.0,1,Sandwich fillers,ham,ham,,True,38
butter,141808,2772.0,01JYPFT3SXYW1PEWJMZEFYT4EA,01JYPEXG3RA9W793WQ18E61M6V,39,supermarket,0.0,1,Sandwich fillers,butter,butter,,True,39
jam,143505,1697.0,01JYPFT3SXYW1PEWJMZEFYT4EA,01JYPEXG3RA9W793WQ18E61M6V,40,supermarket,0.0,1,Sandwich fillers,jam,jam,,True,40
chocolate spread,149184,5679.0,01JYPFT3SXYW1PEWJMZEFYT4EA,01JYPEXG3RA9W793WQ18E61M6V,41,supermarket,0.0,1,Sandwich fillers,chocolate spread,chocolatespread,,True,41
candy,152700,3516.0,01JYPFT3SXYW1PEWJMZEFYT4EA,01JYPEXG3RA9W793WQ18E61M6V,42,supermarket,1.0,1,Snacks,candy,candy,,True,42
biscuit,156356,3656.0,01JYPFT3SXYW1PEWJMZEFYT4EA,01JYPEXG3RA9W793WQ18E61M6V,43,supermarket,0.0,1,Snacks,biscuits,biscuit,,True,43
crisp,157720,1364.0,01JYPFT3SXYW1PEWJMZEFYT4EA,01JYPEXG3RA9W793WQ18E61M6V,44,supermarket,0.0,1,Snacks,crisps,crisp,,True,44
fry,162607,4887.0,01JYPFT3SXYW1PEWJMZEFYT4EA,01JYPEXG3RA9W793WQ18E61M6V,45,supermarket,0.0,1,Snacks,fries,fry,,True,45
waffle,165277,2670.0,01JYPFT3SXYW1PEWJMZEFYT4EA,01JYPEXG3RA9W793WQ18E61M6V,46,supermarket,0.0,1,Snacks,waffles,waffle,,True,46
pen,173677,8400.0,01JYPFT3SXYW1PEWJMZEFYT4EA,01JYPEXG3RA9W793WQ18E61M6V,47,supermarket,1.0,1,Useful items,pens,pen,,True,47
book,176686,3009.0,01JYPFT3SXYW1PEWJMZEFYT4EA,01JYPEXG3RA9W793WQ18E61M6V,48,supermarket,0.0,1,Useful items,books,book,,True,48
plate,178964,2278.0,01JYPFT3SXYW1PEWJMZEFYT4EA,01JYPEXG3RA9W793WQ18E61M6V,49,supermarket,0.0,1,Useful items,plates,plate,,True,49
trolley,4359,4359.0,01JYPFWH01PV1K00ZFFMTWF1RZ,01JYPEXHF5TKN64RRRTQRH66M3,0,supermarket,1.0,1,Operational parts of a store,trolley,trolley,,True,0
basket,6664,2305.0,01JYPFWH01PV1K00ZFFMTWF1RZ,01JYPEXHF5TKN64RRRTQRH66M3,1,supermarket,0.0,1,Operational parts of a store,basket,basket,,True,1
aisle,8544,1880.0,01JYPFWH01PV1K00ZFFMTWF1RZ,01JYPEXHF5TKN64RRRTQRH66M3,2,supermarket,0.0,1,Operational parts of a store,aisle,aisle,,True,2
till,10866,2322.0,01JYPFWH01PV1K00ZFFMTWF1RZ,01JYPEXHF5TKN64RRRTQRH66M3,3,supermarket,0.0,1,Operational parts of a store,till,till,,True,3
checkout,12365,1499.0,01JYPFWH01PV1K00ZFFMTWF1RZ,01JYPEXHF5TKN64RRRTQRH66M3,4,supermarket,0.0,1,Operational parts of a store,checkout,checkout,,True,4
display,15143,2778.0,01JYPFWH01PV1K00ZFFMTWF1RZ,01JYPEXHF5TKN64RRRTQRH66M3,5,supermarket,0.0,1,Operational parts of a store,display,display,,True,5
shelf,17530,2387.0,01JYPFWH01PV1K00ZFFMTWF1RZ,01JYPEXHF5TKN64RRRTQRH66M3,6,supermarket,0.0,1,Operational parts of a store,shelf,shelf,,True,6
cart,20850,3320.0,01JYPFWH01PV1K00ZFFMTWF1RZ,01JYPEXHF5TKN64RRRTQRH66M3,7,supermarket,0.0,1,Operational parts of a store,cart,cart,,True,7
employee,26968,6118.0,01JYPFWH01PV1K00ZFFMTWF1RZ,01JYPEXHF5TKN64RRRTQRH66M3,8,supermarket,0.0,1,Operational parts of a store,staff,employee,,True,8
manager,29300,2332.0,01JYPFWH01PV1K00ZFFMTWF1RZ,01JYPEXHF5TKN64RRRTQRH66M3,9,supermarket,0.0,1,Operational parts of a store,manager,manager,,True,9
grocery,33353,4053.0,01JYPFWH01PV1K00ZFFMTWF1RZ,01JYPEXHF5TKN64RRRTQRH66M3,10,supermarket,1.0,1,Categories of items sold in a store ,groceries,grocery,,True,10
flower,35447,2094.0,01JYPFWH01PV1K00ZFFMTWF1RZ,01JYPEXHF5TKN64RRRTQRH66M3,11,supermarket,0.0,1,Categories of items sold in a store ,flowers,flower,,True,11
drink,37941,2494.0,01JYPFWH01PV1K00ZFFMTWF1RZ,01JYPEXHF5TKN64RRRTQRH66M3,12,supermarket,0.0,1,Categories of items sold in a store ,drinks,drink,,True,12
produce,39502,1561.0,01JYPFWH01PV1K00ZFFMTWF1RZ,01JYPEXHF5TKN64RRRTQRH66M3,13,supermarket,0.0,1,Categories of items sold in a store ,produce,produce,,True,13
food,41416,1914.0,01JYPFWH01PV1K00ZFFMTWF1RZ,01JYPEXHF5TKN64RRRTQRH66M3,14,supermarket,0.0,1,Categories of items sold in a store ,food,food,,True,14
cloth,43606,2190.0,01JYPFWH01PV1K00ZFFMTWF1RZ,01JYPEXHF5TKN64RRRTQRH66M3,15,supermarket,0.0,1,Categories of items sold in a store ,clothes,cloth,,True,15
shoe,45132,1526.0,01JYPFWH01PV1K00ZFFMTWF1RZ,01JYPEXHF5TKN64RRRTQRH66M3,16,supermarket,0.0,1,Categories of items sold in a store ,shoes,shoe,,True,16
magazine,47314,2182.0,01JYPFWH01PV1K00ZFFMTWF1RZ,01JYPEXHF5TKN64RRRTQRH66M3,17,supermarket,0.0,1,Categories of items sold in a store ,magazines,magazine,,True,17
battery,48678,1364.0,01JYPFWH01PV1K00ZFFMTWF1RZ,01JYPEXHF5TKN64RRRTQRH66M3,18,supermarket,0.0,1,Categories of items sold in a store ,batteries,battery,,True,18
candy,51316,2638.0,01JYPFWH01PV1K00ZFFMTWF1RZ,01JYPEXHF5TKN64RRRTQRH66M3,19,supermarket,1.0,1,Confectionery ,candy,candy,,True,19
sweet,52964,1648.0,01JYPFWH01PV1K00ZFFMTWF1RZ,01JYPEXHF5TKN64RRRTQRH66M3,20,supermarket,0.0,1,Confectionery ,sweets,sweet,,True,20
gum,54080,1116.0,01JYPFWH01PV1K00ZFFMTWF1RZ,01JYPEXHF5TKN64RRRTQRH66M3,21,supermarket,0.0,1,Confectionery ,gum,gum,,True,21
ambient,56639,2559.0,01JYPFWH01PV1K00ZFFMTWF1RZ,01JYPEXHF5TKN64RRRTQRH66M3,22,supermarket,0.0,1,Confectionery ,ambient,ambient,,True,22
frozen food,60201,3562.0,01JYPFWH01PV1K00ZFFMTWF1RZ,01JYPEXHF5TKN64RRRTQRH66M3,23,supermarket,0.0,1,Confectionery ,frozen,frozenfood,,True,23
chiller,61855,1654.0,01JYPFWH01PV1K00ZFFMTWF1RZ,01JYPEXHF5TKN64RRRTQRH66M3,24,supermarket,0.0,1,Confectionery ,chilled,chiller,,True,24
meat,62995,1140.0,01JYPFWH01PV1K00ZFFMTWF1RZ,01JYPEXHF5TKN64RRRTQRH66M3,25,supermarket,1.0,1,Food items sold in a store ,meat,meat,,True,25
fish,63851,856.0,01JYPFWH01PV1K00ZFFMTWF1RZ,01JYPEXHF5TKN64RRRTQRH66M3,26,supermarket,0.0,1,Food items sold in a store ,fish,fish,,True,26
egg,65516,1665.0,01JYPFWH01PV1K00ZFFMTWF1RZ,01JYPEXHF5TKN64RRRTQRH66M3,27,supermarket,0.0,1,Food items sold in a store ,eggs,egg,,True,27
vegetable,67730,2214.0,01JYPFWH01PV1K00ZFFMTWF1RZ,01JYPEXHF5TKN64RRRTQRH66M3,28,supermarket,0.0,1,Food items sold in a store ,vegetables,vegetable,,True,28
pasta,70018,2288.0,01JYPFWH01PV1K00ZFFMTWF1RZ,01JYPEXHF5TKN64RRRTQRH66M3,29,supermarket,0.0,1,Food items sold in a store ,pasta,pasta,,True,29
bread,70833,815.0,01JYPFWH01PV1K00ZFFMTWF1RZ,01JYPEXHF5TKN64RRRTQRH66M3,30,supermarket,0.0,1,Food items sold in a store ,bread,bread,,True,30
cookie,72186,1353.0,01JYPFWH01PV1K00ZFFMTWF1RZ,01JYPEXHF5TKN64RRRTQRH66M3,31,supermarket,0.0,1,Food items sold in a store ,cookies,cookie,,True,31
pastry,75718,3532.0,01JYPFWH01PV1K00ZFFMTWF1RZ,01JYPEXHF5TKN64RRRTQRH66M3,32,supermarket,0.0,1,Food items sold in a store ,pastries,pastry,,True,32
oil,78126,2408.0,01JYPFWH01PV1K00ZFFMTWF1RZ,01JYPEXHF5TKN64RRRTQRH66M3,33,supermarket,0.0,1,Food items sold in a store ,oils,oil,,True,33
tin,80315,2189.0,01JYPFWH01PV1K00ZFFMTWF1RZ,01JYPEXHF5TKN64RRRTQRH66M3,34,supermarket,0.0,1,Food items sold in a store ,tinned,tin,,True,34
can,81489,1174.0,01JYPFWH01PV1K00ZFFMTWF1RZ,01JYPEXHF5TKN64RRRTQRH66M3,35,supermarket,0.0,1,Food items sold in a store ,canned,can,,True,35
lolly,88034,6545.0,01JYPFWH01PV1K00ZFFMTWF1RZ,01JYPEXHF5TKN64RRRTQRH66M3,36,supermarket,0.0,1,Food items sold in a store ,lollies,lolly,,True,36
grape,91657,3623.0,01JYPFWH01PV1K00ZFFMTWF1RZ,01JYPEXHF5TKN64RRRTQRH66M3,37,supermarket,0.0,1,Food items sold in a store ,grapes,grape,,True,37
apple,92818,1161.0,01JYPFWH01PV1K00ZFFMTWF1RZ,01JYPEXHF5TKN64RRRTQRH66M3,38,supermarket,0.0,1,Food items sold in a store ,apples,apple,,True,38
pear,94053,1235.0,01JYPFWH01PV1K00ZFFMTWF1RZ,01JYPEXHF5TKN64RRRTQRH66M3,39,supermarket,0.0,1,Food items sold in a store ,pears,pear,,True,39
pineapple,96928,2875.0,01JYPFWH01PV1K00ZFFMTWF1RZ,01JYPEXHF5TKN64RRRTQRH66M3,40,supermarket,0.0,1,Food items sold in a store ,pineapple,pineapple,,True,40
prepackaged,98904,1976.0,01JYPFWH01PV1K00ZFFMTWF1RZ,01JYPEXHF5TKN64RRRTQRH66M3,41,supermarket,1.0,1,"Fruits, vegetables and baking goods ",prepackaged,prepackaged,,True,41
pomegranate,104117,5213.0,01JYPFWH01PV1K00ZFFMTWF1RZ,01JYPEXHF5TKN64RRRTQRH66M3,42,supermarket,0.0,1,"Fruits, vegetables and baking goods ",pomegranate,pomegranate,,True,42
melon,107025,2908.0,01JYPFWH01PV1K00ZFFMTWF1RZ,01JYPEXHF5TKN64RRRTQRH66M3,43,supermarket,0.0,1,"Fruits, vegetables and baking goods ",melon,melon,,True,43
lemon,108717,1692.0,01JYPFWH01PV1K00ZFFMTWF1RZ,01JYPEXHF5TKN64RRRTQRH66M3,44,supermarket,0.0,1,"Fruits, vegetables and baking goods ",lemon,lemon,,True,44
pomelo,110515,1798.0,01JYPFWH01PV1K00ZFFMTWF1RZ,01JYPEXHF5TKN64RRRTQRH66M3,45,supermarket,0.0,1,"Fruits, vegetables and baking goods ",pomelo,pomelo,,True,45
onion,115878,5363.0,01JYPFWH01PV1K00ZFFMTWF1RZ,01JYPEXHF5TKN64RRRTQRH66M3,46,supermarket,0.0,1,"Fruits, vegetables and baking goods ",onion,onion,,True,46
carrot,117038,1160.0,01JYPFWH01PV1K00ZFFMTWF1RZ,01JYPEXHF5TKN64RRRTQRH66M3,47,supermarket,0.0,1,"Fruits, vegetables and baking goods ",carrot,carrot,,True,47
tomato,118107,1069.0,01JYPFWH01PV1K00ZFFMTWF1RZ,01JYPEXHF5TKN64RRRTQRH66M3,48,supermarket,0.0,1,"Fruits, vegetables and baking goods ",tomato,tomato,,True,48
potato,119871,1764.0,01JYPFWH01PV1K00ZFFMTWF1RZ,01JYPEXHF5TKN64RRRTQRH66M3,49,supermarket,0.0,1,"Fruits, vegetables and baking goods ",potato,potato,,True,49
kale,121727,1856.0,01JYPFWH01PV1K00ZFFMTWF1RZ,01JYPEXHF5TKN64RRRTQRH66M3,50,supermarket,0.0,1,"Fruits, vegetables and baking goods ",kale,kale,,True,50
spinach,123914,2187.0,01JYPFWH01PV1K00ZFFMTWF1RZ,01JYPEXHF5TKN64RRRTQRH66M3,51,supermarket,0.0,1,"Fruits, vegetables and baking goods ",spinach,spinach,,True,51
bean sprout,127073,3159.0,01JYPFWH01PV1K00ZFFMTWF1RZ,01JYPEXHF5TKN64RRRTQRH66M3,52,supermarket,0.0,1,"Fruits, vegetables and baking goods ",beansprouts,beansprout,,True,52
cauliflower,131014,3941.0,01JYPFWH01PV1K00ZFFMTWF1RZ,01JYPEXHF5TKN64RRRTQRH66M3,53,supermarket,0.0,1,"Fruits, vegetables and baking goods ",cauliflower,cauliflower,,True,53
celeriac,134779,3765.0,01JYPFWH01PV1K00ZFFMTWF1RZ,01JYPEXHF5TKN64RRRTQRH66M3,54,supermarket,0.0,1,"Fruits, vegetables and baking goods ",celeriac,celeriac,,True,54
rice,139047,4268.0,01JYPFWH01PV1K00ZFFMTWF1RZ,01JYPEXHF5TKN64RRRTQRH66M3,55,supermarket,0.0,1,"Fruits, vegetables and baking goods ",rice,rice,,True,55
flour,142050,3003.0,01JYPFWH01PV1K00ZFFMTWF1RZ,01JYPEXHF5TKN64RRRTQRH66M3,56,supermarket,0.0,1,"Fruits, vegetables and baking goods ",flor,flour,,True,56
sugar,146179,2800.0,01JYPFWH01PV1K00ZFFMTWF1RZ,01JYPEXHF5TKN64RRRTQRH66M3,58,supermarket,0.0,1,"Fruits, vegetables and baking goods ",sugar,sugar,,True,57
butter,147135,956.0,01JYPFWH01PV1K00ZFFMTWF1RZ,01JYPEXHF5TKN64RRRTQRH66M3,59,supermarket,0.0,1,"Fruits, vegetables and baking goods ",butter,butter,,True,58
nut,150596,3461.0,01JYPFWH01PV1K00ZFFMTWF1RZ,01JYPEXHF5TKN64RRRTQRH66M3,60,supermarket,0.0,1,"Fruits, vegetables and baking goods ",nuts,nut,,True,59
seed,151902,1306.0,01JYPFWH01PV1K00ZFFMTWF1RZ,01JYPEXHF5TKN64RRRTQRH66M3,61,supermarket,0.0,1,"Fruits, vegetables and baking goods ",seeds,seed,,True,60
desiccated,153992,2090.0,01JYPFWH01PV1K00ZFFMTWF1RZ,01JYPEXHF5TKN64RRRTQRH66M3,62,supermarket,0.0,1,"Fruits, vegetables and baking goods ",dessicated,desiccated,,True,61
shaver,158915,4923.0,01JYPFWH01PV1K00ZFFMTWF1RZ,01JYPEXHF5TKN64RRRTQRH66M3,63,supermarket,1.0,1,Cosmetics and furniture ,shaver,shaver,,True,62
gel,162818,3903.0,01JYPFWH01PV1K00ZFFMTWF1RZ,01JYPEXHF5TKN64RRRTQRH66M3,64,supermarket,0.0,1,Cosmetics and furniture ,gel,gel,,True,63
bodywash,165126,2308.0,01JYPFWH01PV1K00ZFFMTWF1RZ,01JYPEXHF5TKN64RRRTQRH66M3,65,supermarket,0.0,1,Cosmetics and furniture ,bodywash,bodywash,,True,64
toy,167414,2288.0,01JYPFWH01PV1K00ZFFMTWF1RZ,01JYPEXHF5TKN64RRRTQRH66M3,66,supermarket,0.0,1,Cosmetics and furniture ,toys,toy,,True,65
furniture,171009,3595.0,01JYPFWH01PV1K00ZFFMTWF1RZ,01JYPEXHF5TKN64RRRTQRH66M3,67,supermarket,0.0,1,Cosmetics and furniture ,furniture,furniture,,True,66
flatpack,174484,3475.0,01JYPFWH01PV1K00ZFFMTWF1RZ,01JYPEXHF5TKN64RRRTQRH66M3,68,supermarket,0.0,1,Cosmetics and furniture ,flatpack,flatpack,,True,67
soda pop,178364,3880.0,01JYPFWH01PV1K00ZFFMTWF1RZ,01JYPEXHF5TKN64RRRTQRH66M3,69,supermarket,0.0,1,Cosmetics and furniture ,pop,sodapop,,True,68
skirt,5138,5138.0,01JYPFZT0EJCNS55PZMHXG0BWV,01JYPEXG3WX62Y6N2EWMMA3S5P,0,clothes,1.0,1,complete outfit,skirt,skirt,,True,0
reouser,7860,2722.0,01JYPFZT0EJCNS55PZMHXG0BWV,01JYPEXG3WX62Y6N2EWMMA3S5P,1,clothes,0.0,1,complete outfit,reousers,reouser,,True,1
jumper,9610,1750.0,01JYPFZT0EJCNS55PZMHXG0BWV,01JYPEXG3WX62Y6N2EWMMA3S5P,2,clothes,0.0,1,complete outfit,jumper,jumper,,True,2
cardigan,11668,2058.0,01JYPFZT0EJCNS55PZMHXG0BWV,01JYPEXG3WX62Y6N2EWMMA3S5P,3,clothes,0.0,1,complete outfit,cardigan,cardigan,,True,3
trainer,13714,2046.0,01JYPFZT0EJCNS55PZMHXG0BWV,01JYPEXG3WX62Y6N2EWMMA3S5P,4,clothes,0.0,1,complete outfit,trainers,trainer,,True,4
pump,16204,2490.0,01JYPFZT0EJCNS55PZMHXG0BWV,01JYPEXG3WX62Y6N2EWMMA3S5P,5,clothes,0.0,1,complete outfit,pumps,pump,,True,5
scarf,19170,2966.0,01JYPFZT0EJCNS55PZMHXG0BWV,01JYPEXG3WX62Y6N2EWMMA3S5P,6,clothes,0.0,1,complete outfit,scarf,scarf,,True,6
coat,21265,2095.0,01JYPFZT0EJCNS55PZMHXG0BWV,01JYPEXG3WX62Y6N2EWMMA3S5P,7,clothes,0.0,1,complete outfit,coat,coat,,True,7
vest,23830,2565.0,01JYPFZT0EJCNS55PZMHXG0BWV,01JYPEXG3WX62Y6N2EWMMA3S5P,8,clothes,0.0,1,complete outfit,vest,vest,,True,8
bra,25324,1494.0,01JYPFZT0EJCNS55PZMHXG0BWV,01JYPEXG3WX62Y6N2EWMMA3S5P,9,clothes,0.0,1,complete outfit,bra,bra,,True,9
pant,27390,2066.0,01JYPFZT0EJCNS55PZMHXG0BWV,01JYPEXG3WX62Y6N2EWMMA3S5P,10,clothes,0.0,1,complete outfit,pants,pant,,True,10
boxer short,31583,4193.0,01JYPFZT0EJCNS55PZMHXG0BWV,01JYPEXG3WX62Y6N2EWMMA3S5P,11,clothes,0.0,1,complete outfit,boxer shorts,boxershort,,True,11
Y-fronts,34228,2645.0,01JYPFZT0EJCNS55PZMHXG0BWV,01JYPEXG3WX62Y6N2EWMMA3S5P,12,clothes,0.0,1,complete outfit,y fronts,yfront,,True,12
blouse,40600,6372.0,01JYPFZT0EJCNS55PZMHXG0BWV,01JYPEXG3WX62Y6N2EWMMA3S5P,13,clothes,0.0,1,complete outfit,blouse,blouse,,True,13
dress,42447,1847.0,01JYPFZT0EJCNS55PZMHXG0BWV,01JYPEXG3WX62Y6N2EWMMA3S5P,14,clothes,1.0,1,items for winter to keep warm,dress,dres,,True,14
legging,49085,6638.0,01JYPFZT0EJCNS55PZMHXG0BWV,01JYPEXG3WX62Y6N2EWMMA3S5P,15,clothes,0.0,1,items for winter to keep warm,leggings,legging,,True,15
blazer,53532,4447.0,01JYPFZT0EJCNS55PZMHXG0BWV,01JYPEXG3WX62Y6N2EWMMA3S5P,16,clothes,0.0,1,items for winter to keep warm,blazer,blazer,,True,16
jumpsuit,56924,3392.0,01JYPFZT0EJCNS55PZMHXG0BWV,01JYPEXG3WX62Y6N2EWMMA3S5P,17,clothes,0.0,1,items for winter to keep warm,jumpsuit,jumpsuit,,True,17
playsuit,60230,3306.0,01JYPFZT0EJCNS55PZMHXG0BWV,01JYPEXG3WX62Y6N2EWMMA3S5P,18,clothes,0.0,1,items for winter to keep warm,playsuit,playsuit,,True,18
long john,66166,5936.0,01JYPFZT0EJCNS55PZMHXG0BWV,01JYPEXG3WX62Y6N2EWMMA3S5P,19,clothes,0.0,1,items for winter to keep warm,long johns,longjohn,,True,19
hat,69764,3598.0,01JYPFZT0EJCNS55PZMHXG0BWV,01JYPEXG3WX62Y6N2EWMMA3S5P,20,clothes,1.0,1,mainly outdoor clothing for cold day,hat,hat,,True,20
beret,73687,3923.0,01JYPFZT0EJCNS55PZMHXG0BWV,01JYPEXG3WX62Y6N2EWMMA3S5P,21,clothes,0.0,1,mainly outdoor clothing for cold day,beret,beret,,True,21
glove,75470,1783.0,01JYPFZT0EJCNS55PZMHXG0BWV,01JYPEXG3WX62Y6N2EWMMA3S5P,22,clothes,0.0,1,mainly outdoor clothing for cold day,gloves,glove,,True,22
sock,77403,1933.0,01JYPFZT0EJCNS55PZMHXG0BWV,01JYPEXG3WX62Y6N2EWMMA3S5P,23,clothes,0.0,1,mainly outdoor clothing for cold day,socks,sock,,True,23
stocking,80482,3079.0,01JYPFZT0EJCNS55PZMHXG0BWV,01JYPEXG3WX62Y6N2EWMMA3S5P,24,clothes,0.0,1,mainly outdoor clothing for cold day,stockings,stocking,,True,24
tight,83075,2593.0,01JYPFZT0EJCNS55PZMHXG0BWV,01JYPEXG3WX62Y6N2EWMMA3S5P,25,clothes,0.0,1,mainly outdoor clothing for cold day,tights,tight,,True,25
leg warmer,98247,15172.0,01JYPFZT0EJCNS55PZMHXG0BWV,01JYPEXG3WX62Y6N2EWMMA3S5P,26,clothes,0.0,1,mainly outdoor clothing for cold day,leg warmers,legwarmer,,True,26
mitten,103212,4965.0,01JYPFZT0EJCNS55PZMHXG0BWV,01JYPEXG3WX62Y6N2EWMMA3S5P,27,clothes,0.0,1,mainly outdoor clothing for cold day,mittems,mitten,,True,27
T-shirt,109415,6203.0,01JYPFZT0EJCNS55PZMHXG0BWV,01JYPEXG3WX62Y6N2EWMMA3S5P,28,clothes,0.0,1,mainly outdoor clothing for cold day,t shirt,tshirt,,True,28
jean,114597,5182.0,01JYPFZT0EJCNS55PZMHXG0BWV,01JYPEXG3WX62Y6N2EWMMA3S5P,29,clothes,0.0,1,mainly outdoor clothing for cold day,jeans,jean,,True,29
muffler,122579,7982.0,01JYPFZT0EJCNS55PZMHXG0BWV,01JYPEXG3WX62Y6N2EWMMA3S5P,30,clothes,0.0,1,mainly outdoor clothing for cold day,muffler,muffler,,True,30
jegging,130341,7762.0,01JYPFZT0EJCNS55PZMHXG0BWV,01JYPEXG3WX62Y6N2EWMMA3S5P,31,clothes,0.0,1,mainly outdoor clothing for cold day,jeggins,jegging,,True,31
nightie,135317,4976.0,01JYPFZT0EJCNS55PZMHXG0BWV,01JYPEXG3WX62Y6N2EWMMA3S5P,32,clothes,0.0,1,mainly outdoor clothing for cold day,nighty,nightie,,True,32
short,138173,2856.0,01JYPFZT0EJCNS55PZMHXG0BWV,01JYPEXG3WX62Y6N2EWMMA3S5P,33,clothes,0.0,1,mainly outdoor clothing for cold day,shorts,short,,True,33
pantaloons,142301,4128.0,01JYPFZT0EJCNS55PZMHXG0BWV,01JYPEXG3WX62Y6N2EWMMA3S5P,34,clothes,0.0,1,mainly outdoor clothing for cold day,oantaloons,pantaloon,,True,34
pyjama,145086,2785.0,01JYPFZT0EJCNS55PZMHXG0BWV,01JYPEXG3WX62Y6N2EWMMA3S5P,35,clothes,0.0,1,mainly outdoor clothing for cold day,pyjamas,pyjama,,True,35
raincoat,148617,3531.0,01JYPFZT0EJCNS55PZMHXG0BWV,01JYPEXG3WX62Y6N2EWMMA3S5P,36,clothes,0.0,1,mainly outdoor clothing for cold day,raincoat,raincoat,,True,36
maternity dress,153515,4898.0,01JYPFZT0EJCNS55PZMHXG0BWV,01JYPEXG3WX62Y6N2EWMMA3S5P,37,clothes,1.0,1,smart clothes,maternity dress,maternitydres,,True,37
suit,160671,7156.0,01JYPFZT0EJCNS55PZMHXG0BWV,01JYPEXG3WX62Y6N2EWMMA3S5P,38,clothes,0.0,1,smart clothes,suit,suit,,True,38
dinner jacket,164387,3716.0,01JYPFZT0EJCNS55PZMHXG0BWV,01JYPEXG3WX62Y6N2EWMMA3S5P,39,clothes,0.0,1,smart clothes,dinner jacket,dinnerjacket,,True,39
jacket,166949,2562.0,01JYPFZT0EJCNS55PZMHXG0BWV,01JYPEXG3WX62Y6N2EWMMA3S5P,40,clothes,0.0,1,smart clothes,jacket,jacket,,True,40
sun dress,169321,2372.0,01JYPFZT0EJCNS55PZMHXG0BWV,01JYPEXG3WX62Y6N2EWMMA3S5P,41,clothes,1.0,1,clothes for warm sunny days,sun dress,sundres,,True,41
wedding dress,172859,3538.0,01JYPFZT0EJCNS55PZMHXG0BWV,01JYPEXG3WX62Y6N2EWMMA3S5P,42,clothes,1.0,1,wedding,wedding dress,weddingdres,,True,42
morning suit,176959,4100.0,01JYPFZT0EJCNS55PZMHXG0BWV,01JYPEXG3WX62Y6N2EWMMA3S5P,43,clothes,1.0,1,wedding,morning suit,morningsuit,,True,43
shirt,19691,19691.0,01JYPG033ST6GW5Z1AWCJ8YVAC,01JYPEZKQ2MAPENBVQGGMHYC0M,0,clothes,1.0,1,basic clothing for staying at home,shirts,shirt,,True,0
t-shirt,33319,13628.0,01JYPG033ST6GW5Z1AWCJ8YVAC,01JYPEZKQ2MAPENBVQGGMHYC0M,1,clothes,0.0,1,basic clothing for staying at home,tshirts,tshirt,,True,1
boxer,39382,6063.0,01JYPG033ST6GW5Z1AWCJ8YVAC,01JYPEZKQ2MAPENBVQGGMHYC0M,2,clothes,0.0,1,basic clothing for staying at home,boxers,boxer,,True,2
pant,44679,5297.0,01JYPG033ST6GW5Z1AWCJ8YVAC,01JYPEZKQ2MAPENBVQGGMHYC0M,3,clothes,0.0,1,basic clothing for staying at home,pants,pant,,True,3
trouser,50728,6049.0,01JYPG033ST6GW5Z1AWCJ8YVAC,01JYPEZKQ2MAPENBVQGGMHYC0M,4,clothes,1.0,1,casual dressing clothing,trousers,trouser,,True,4
hoodie,53935,3207.0,01JYPG033ST6GW5Z1AWCJ8YVAC,01JYPEZKQ2MAPENBVQGGMHYC0M,5,clothes,0.0,1,casual dressing clothing,hoodie,hoodie,,True,5
tank top,63325,9390.0,01JYPG033ST6GW5Z1AWCJ8YVAC,01JYPEZKQ2MAPENBVQGGMHYC0M,6,clothes,0.0,1,casual dressing clothing,tank top,tanktop,,True,6
dress,66359,3034.0,01JYPG033ST6GW5Z1AWCJ8YVAC,01JYPEZKQ2MAPENBVQGGMHYC0M,7,clothes,1.0,1,multi purpose clothing,dress,dres,,True,7
jean,70153,3794.0,01JYPG033ST6GW5Z1AWCJ8YVAC,01JYPEZKQ2MAPENBVQGGMHYC0M,8,clothes,0.0,1,multi purpose clothing,jeans,jean,,True,8
skirt,75223,5070.0,01JYPG033ST6GW5Z1AWCJ8YVAC,01JYPEZKQ2MAPENBVQGGMHYC0M,9,clothes,0.0,1,multi purpose clothing,skirt,skirt,,True,9
sweatpant,80036,4813.0,01JYPG033ST6GW5Z1AWCJ8YVAC,01JYPEZKQ2MAPENBVQGGMHYC0M,10,clothes,0.0,1,multi purpose clothing,sweatpants,sweatpant,,True,10
short,84570,4534.0,01JYPG033ST6GW5Z1AWCJ8YVAC,01JYPEZKQ2MAPENBVQGGMHYC0M,11,clothes,0.0,1,multi purpose clothing,shorts,short,,True,11
suit,88698,4128.0,01JYPG033ST6GW5Z1AWCJ8YVAC,01JYPEZKQ2MAPENBVQGGMHYC0M,12,clothes,0.0,1,multi purpose clothing,suit,suit,,True,12
cardigan,93581,4883.0,01JYPG033ST6GW5Z1AWCJ8YVAC,01JYPEZKQ2MAPENBVQGGMHYC0M,13,clothes,0.0,1,multi purpose clothing,cardigan,cardigan,,True,13
legging,101527,7946.0,01JYPG033ST6GW5Z1AWCJ8YVAC,01JYPEZKQ2MAPENBVQGGMHYC0M,14,clothes,1.0,1,sports clothing,leggings,legging,,True,14
polo shirt,106728,5201.0,01JYPG033ST6GW5Z1AWCJ8YVAC,01JYPEZKQ2MAPENBVQGGMHYC0M,15,clothes,0.0,1,sports clothing,polo shirt,poloshirt,,True,15
wetsuit,110439,3711.0,01JYPG033ST6GW5Z1AWCJ8YVAC,01JYPEZKQ2MAPENBVQGGMHYC0M,16,clothes,0.0,1,sports clothing,mpsuit,wetsuit,,True,16
jumpsuit,118030,7591.0,01JYPG033ST6GW5Z1AWCJ8YVAC,01JYPEZKQ2MAPENBVQGGMHYC0M,17,clothes,0.0,1,sports clothing,jumpsuit,jumpsuit,,True,17
jacket,125076,7046.0,01JYPG033ST6GW5Z1AWCJ8YVAC,01JYPEZKQ2MAPENBVQGGMHYC0M,18,clothes,1.0,1,fashion clothing,jacket,jacket,,True,18
crop top,129588,4512.0,01JYPG033ST6GW5Z1AWCJ8YVAC,01JYPEZKQ2MAPENBVQGGMHYC0M,19,clothes,0.0,1,fashion clothing,crop top,croptop,,True,19
overall,135411,5823.0,01JYPG033ST6GW5Z1AWCJ8YVAC,01JYPEZKQ2MAPENBVQGGMHYC0M,20,clothes,0.0,1,fashion clothing,overalls,overall,,True,20
button-up shirt,143980,8569.0,01JYPG033ST6GW5Z1AWCJ8YVAC,01JYPEZKQ2MAPENBVQGGMHYC0M,21,clothes,0.0,1,fashion clothing,button-up shirt,buttonupshirt,,True,21
tracksuit,148986,5006.0,01JYPG033ST6GW5Z1AWCJ8YVAC,01JYPEZKQ2MAPENBVQGGMHYC0M,22,clothes,1.0,1,Elegant clothing,tracksuit,tracksuit,,True,22
trench coat,155584,6598.0,01JYPG033ST6GW5Z1AWCJ8YVAC,01JYPEZKQ2MAPENBVQGGMHYC0M,23,clothes,0.0,1,Elegant clothing,trench coat,trenchcoat,,True,23
camisole,167471,11887.0,01JYPG033ST6GW5Z1AWCJ8YVAC,01JYPEZKQ2MAPENBVQGGMHYC0M,24,clothes,0.0,1,Elegant clothing,camisole,camisole,,True,24
tube top,172227,4756.0,01JYPG033ST6GW5Z1AWCJ8YVAC,01JYPEZKQ2MAPENBVQGGMHYC0M,25,clothes,0.0,1,Elegant clothing,tube top,tubetop,,True,25
turtleneck,178537,6310.0,01JYPG033ST6GW5Z1AWCJ8YVAC,01JYPEZKQ2MAPENBVQGGMHYC0M,26,clothes,0.0,1,Elegant clothing,turtleneck,turtleneck,,True,26
wool,21460,21460.0,01JYPG3ASP3VRKXQ3884VZJT46,01JYPEZJQRVKEHS0E7S0KFNZ9H,0,clothes,1.0,1,Clothing Items,wool,wool,,True,0
jacket,41712,20252.0,01JYPG3ASP3VRKXQ3884VZJT46,01JYPEZJQRVKEHS0E7S0KFNZ9H,1,clothes,0.0,1,Clothing Items,jacket,jacket,,True,1
T-shirt,56025,14313.0,01JYPG3ASP3VRKXQ3884VZJT46,01JYPEZJQRVKEHS0E7S0KFNZ9H,2,clothes,0.0,1,Clothing Items,t shirt,tshirt,,True,2
jean,62222,6197.0,01JYPG3ASP3VRKXQ3884VZJT46,01JYPEZJQRVKEHS0E7S0KFNZ9H,3,clothes,0.0,1,Clothing Items,jeans,jean,,True,3
dress,65551,3329.0,01JYPG3ASP3VRKXQ3884VZJT46,01JYPEZJQRVKEHS0E7S0KFNZ9H,4,clothes,0.0,1,Clothing Items,dress,dres,,True,4
skirt,72491,6940.0,01JYPG3ASP3VRKXQ3884VZJT46,01JYPEZJQRVKEHS0E7S0KFNZ9H,5,clothes,0.0,1,Clothing Items,skirt,skirt,,True,5
short,77543,5052.0,01JYPG3ASP3VRKXQ3884VZJT46,01JYPEZJQRVKEHS0E7S0KFNZ9H,6,clothes,0.0,1,Clothing Items,shorts,short,,True,6
sock,87871,10328.0,01JYPG3ASP3VRKXQ3884VZJT46,01JYPEZJQRVKEHS0E7S0KFNZ9H,7,clothes,0.0,1,Clothing Items,sock,sock,,True,7
hat,92139,4268.0,01JYPG3ASP3VRKXQ3884VZJT46,01JYPEZJQRVKEHS0E7S0KFNZ9H,8,clothes,0.0,1,Clothing Items,hat,hat,,True,8
shoe,95904,3765.0,01JYPG3ASP3VRKXQ3884VZJT46,01JYPEZJQRVKEHS0E7S0KFNZ9H,9,clothes,0.0,1,Clothing Items,shoes,shoe,,True,9
belt,98881,2977.0,01JYPG3ASP3VRKXQ3884VZJT46,01JYPEZJQRVKEHS0E7S0KFNZ9H,10,clothes,0.0,1,Clothing Items,belt,belt,,True,10
hoodie,102870,3989.0,01JYPG3ASP3VRKXQ3884VZJT46,01JYPEZJQRVKEHS0E7S0KFNZ9H,11,clothes,0.0,1,Clothing Items,hoodie,hoodie,,True,11
glove,107136,4266.0,01JYPG3ASP3VRKXQ3884VZJT46,01JYPEZJQRVKEHS0E7S0KFNZ9H,12,clothes,0.0,1,Clothing Items,gloves,glove,,True,12
coat,112777,5641.0,01JYPG3ASP3VRKXQ3884VZJT46,01JYPEZJQRVKEHS0E7S0KFNZ9H,13,clothes,0.0,1,Clothing Items,coat,coat,,True,13
bra,114959,2182.0,01JYPG3ASP3VRKXQ3884VZJT46,01JYPEZJQRVKEHS0E7S0KFNZ9H,14,clothes,0.0,1,Clothing Items,bra,bra,,True,14
tie,121834,6875.0,01JYPG3ASP3VRKXQ3884VZJT46,01JYPEZJQRVKEHS0E7S0KFNZ9H,15,clothes,0.0,1,Clothing Items,tie,tie,,True,15
scarf,125869,4035.0,01JYPG3ASP3VRKXQ3884VZJT46,01JYPEZJQRVKEHS0E7S0KFNZ9H,16,clothes,0.0,1,Clothing Items,scarf,scarf,,True,16
cardigan,133317,7448.0,01JYPG3ASP3VRKXQ3884VZJT46,01JYPEZJQRVKEHS0E7S0KFNZ9H,17,clothes,0.0,1,Clothing Items,cardigan,cardigan,,True,17
boot,157063,23746.0,01JYPG3ASP3VRKXQ3884VZJT46,01JYPEZJQRVKEHS0E7S0KFNZ9H,18,clothes,0.0,1,Clothing Items,boots,boot,,True,18
pajama,172235,15172.0,01JYPG3ASP3VRKXQ3884VZJT46,01JYPEZJQRVKEHS0E7S0KFNZ9H,19,clothes,0.0,1,Clothing Items,pajamas,pajama,,True,19
top,10268,10268.0,01JYPG6RE16ZG23V0MV5QWCQG1,01JYPEZMFWPBRGWGW9J7F8ZXDK,0,clothes,1.0,1,casuals wear,top,top,,True,0
jean,17560,7292.0,01JYPG6RE16ZG23V0MV5QWCQG1,01JYPEZMFWPBRGWGW9J7F8ZXDK,1,clothes,0.0,1,casuals wear,jeans,jean,,True,1
shirt,21590,4030.0,01JYPG6RE16ZG23V0MV5QWCQG1,01JYPEZMFWPBRGWGW9J7F8ZXDK,2,clothes,0.0,1,casuals wear,shirt,shirt,,True,2
skirt,25328,3738.0,01JYPG6RE16ZG23V0MV5QWCQG1,01JYPEZMFWPBRGWGW9J7F8ZXDK,3,clothes,1.0,1,semi formal wear,skirt,skirt,,True,3
pant,30116,4788.0,01JYPG6RE16ZG23V0MV5QWCQG1,01JYPEZMFWPBRGWGW9J7F8ZXDK,4,clothes,1.0,1,formal wear,pants,pant,,True,4
trouser,37076,6960.0,01JYPG6RE16ZG23V0MV5QWCQG1,01JYPEZMFWPBRGWGW9J7F8ZXDK,5,clothes,1.0,1,casual/formal wear,trousers,trouser,,True,5
hoodie,48097,11021.0,01JYPG6RE16ZG23V0MV5QWCQG1,01JYPEZMFWPBRGWGW9J7F8ZXDK,6,clothes,1.0,1,casual,hoodie,hoodie,,True,6
headwarmer,54648,6551.0,01JYPG6RE16ZG23V0MV5QWCQG1,01JYPEZMFWPBRGWGW9J7F8ZXDK,7,clothes,1.0,1,inner wears,head warmer,headwarmer,,True,7
bra,60439,5791.0,01JYPG6RE16ZG23V0MV5QWCQG1,01JYPEZMFWPBRGWGW9J7F8ZXDK,8,clothes,0.0,1,inner wears,bra,bra,,True,8
mini,66196,5757.0,01JYPG6RE16ZG23V0MV5QWCQG1,01JYPEZMFWPBRGWGW9J7F8ZXDK,9,clothes,0.0,1,inner wears,mini,mini,,True,9
sock,80783,14587.0,01JYPG6RE16ZG23V0MV5QWCQG1,01JYPEZMFWPBRGWGW9J7F8ZXDK,10,clothes,0.0,1,inner wears,socks,sock,,True,10
earring,88274,7491.0,01JYPG6RE16ZG23V0MV5QWCQG1,01JYPEZMFWPBRGWGW9J7F8ZXDK,11,clothes,0.0,1,inner wears,earring,earring,,True,11
scarf,104791,16517.0,01JYPG6RE16ZG23V0MV5QWCQG1,01JYPEZMFWPBRGWGW9J7F8ZXDK,12,clothes,1.0,1,casual wear,scarf,scarf,,True,12
bandana,110255,5464.0,01JYPG6RE16ZG23V0MV5QWCQG1,01JYPEZMFWPBRGWGW9J7F8ZXDK,13,clothes,1.0,1,formal wear,bandana,bandana,,True,13
jacket,119013,8758.0,01JYPG6RE16ZG23V0MV5QWCQG1,01JYPEZMFWPBRGWGW9J7F8ZXDK,14,clothes,0.0,1,formal wear,jacket,jacket,,True,14
suit,123038,4025.0,01JYPG6RE16ZG23V0MV5QWCQG1,01JYPEZMFWPBRGWGW9J7F8ZXDK,15,clothes,0.0,1,formal wear,suit,suit,,True,15
tie,126488,3450.0,01JYPG6RE16ZG23V0MV5QWCQG1,01JYPEZMFWPBRGWGW9J7F8ZXDK,16,clothes,0.0,1,formal wear,tie,tie,,True,16
bow tie,130404,3916.0,01JYPG6RE16ZG23V0MV5QWCQG1,01JYPEZMFWPBRGWGW9J7F8ZXDK,17,clothes,0.0,1,formal wear,bow tie,bowtie,,True,17
singlet,141721,11317.0,01JYPG6RE16ZG23V0MV5QWCQG1,01JYPEZMFWPBRGWGW9J7F8ZXDK,18,clothes,1.0,1,inner wear,singlet,singlet,,True,18
vest,146229,4508.0,01JYPG6RE16ZG23V0MV5QWCQG1,01JYPEZMFWPBRGWGW9J7F8ZXDK,19,clothes,1.0,1,sport wear,vest,vest,,True,19
jersey,149652,3423.0,01JYPG6RE16ZG23V0MV5QWCQG1,01JYPEZMFWPBRGWGW9J7F8ZXDK,20,clothes,0.0,1,sport wear,jersey,jersey,,True,20
boxer,162384,12732.0,01JYPG6RE16ZG23V0MV5QWCQG1,01JYPEZMFWPBRGWGW9J7F8ZXDK,21,clothes,1.0,1,casual wear,boxers,boxer,,True,21
jogger,177905,15521.0,01JYPG6RE16ZG23V0MV5QWCQG1,01JYPEZMFWPBRGWGW9J7F8ZXDK,22,clothes,0.0,1,casual wear,joggers,jogger,,True,22
T-shirt,4965,4965.0,01JYPG7PZJNHF56HQPDWJP54A1,01JYPEXG3V87A1Z70QBTFKD5P2,0,clothes,1.0,1,everyday wear,tshirt,tshirt,,True,0
short,6798,1833.0,01JYPG7PZJNHF56HQPDWJP54A1,01JYPEXG3V87A1Z70QBTFKD5P2,1,clothes,0.0,1,everyday wear,shorts,short,,True,1
trouser,8811,2013.0,01JYPG7PZJNHF56HQPDWJP54A1,01JYPEXG3V87A1Z70QBTFKD5P2,2,clothes,0.0,1,everyday wear,trousers,trouser,,True,2
skirt,10417,1606.0,01JYPG7PZJNHF56HQPDWJP54A1,01JYPEXG3V87A1Z70QBTFKD5P2,3,clothes,0.0,1,everyday wear,skirt,skirt,,True,3
dress,12421,2004.0,01JYPG7PZJNHF56HQPDWJP54A1,01JYPEXG3V87A1Z70QBTFKD5P2,4,clothes,0.0,1,everyday wear,dress,dres,,True,4
suit,13860,1439.0,01JYPG7PZJNHF56HQPDWJP54A1,01JYPEXG3V87A1Z70QBTFKD5P2,5,clothes,1.0,1,formal,suit,suit,,True,5
sock,16603,2743.0,01JYPG7PZJNHF56HQPDWJP54A1,01JYPEXG3V87A1Z70QBTFKD5P2,6,clothes,1.0,1,underwear,socks,sock,,True,6
bra,18080,1477.0,01JYPG7PZJNHF56HQPDWJP54A1,01JYPEXG3V87A1Z70QBTFKD5P2,7,clothes,0.0,1,underwear,bra,bra,,True,7
boxer,22040,3960.0,01JYPG7PZJNHF56HQPDWJP54A1,01JYPEXG3V87A1Z70QBTFKD5P2,8,clothes,0.0,1,underwear,boxers,boxer,,True,8
brief,24249,2209.0,01JYPG7PZJNHF56HQPDWJP54A1,01JYPEXG3V87A1Z70QBTFKD5P2,9,clothes,0.0,1,underwear,briefs,brief,,True,9
scarf,27037,2788.0,01JYPG7PZJNHF56HQPDWJP54A1,01JYPEXG3V87A1Z70QBTFKD5P2,10,clothes,1.0,1,outerwear,scarf,scarf,,True,10
knicker,29947,2910.0,01JYPG7PZJNHF56HQPDWJP54A1,01JYPEXG3V87A1Z70QBTFKD5P2,11,clothes,1.0,1,women underwear,knickers,knicker,,True,11
glove,32460,2513.0,01JYPG7PZJNHF56HQPDWJP54A1,01JYPEXG3V87A1Z70QBTFKD5P2,12,clothes,1.0,1,protective outerwear,gloves,glove,,True,12
tie,38592,6132.0,01JYPG7PZJNHF56HQPDWJP54A1,01JYPEXG3V87A1Z70QBTFKD5P2,13,clothes,1.0,1,formal accessory,tie,tie,,True,13
bandana,41325,2733.0,01JYPG7PZJNHF56HQPDWJP54A1,01JYPEXG3V87A1Z70QBTFKD5P2,14,clothes,1.0,1,fashion,bandana,bandana,,True,14
jumper,44769,3444.0,01JYPG7PZJNHF56HQPDWJP54A1,01JYPEXG3V87A1Z70QBTFKD5P2,15,clothes,1.0,1,warm everyday,jumper,jumper,,True,15
hoodie,49065,4296.0,01JYPG7PZJNHF56HQPDWJP54A1,01JYPEXG3V87A1Z70QBTFKD5P2,16,clothes,0.0,1,warm everyday,hoodie,hoodie,,True,16
sweater,51332,2267.0,01JYPG7PZJNHF56HQPDWJP54A1,01JYPEXG3V87A1Z70QBTFKD5P2,17,clothes,0.0,1,warm everyday,sweater,sweater,,True,17
cardigan,58058,6726.0,01JYPG7PZJNHF56HQPDWJP54A1,01JYPEXG3V87A1Z70QBTFKD5P2,18,clothes,0.0,1,warm everyday,cardigan,cardigan,,True,18
coat,62945,4887.0,01JYPG7PZJNHF56HQPDWJP54A1,01JYPEXG3V87A1Z70QBTFKD5P2,19,clothes,0.0,1,warm everyday,coat,coat,,True,19
jacket,65564,2619.0,01JYPG7PZJNHF56HQPDWJP54A1,01JYPEXG3V87A1Z70QBTFKD5P2,20,clothes,0.0,1,warm everyday,jacket,jacket,,True,20
overall,67964,2400.0,01JYPG7PZJNHF56HQPDWJP54A1,01JYPEXG3V87A1Z70QBTFKD5P2,21,clothes,1.0,1,all-in-ones,overalls,overall,,True,21
dungaree,71417,3453.0,01JYPG7PZJNHF56HQPDWJP54A1,01JYPEXG3V87A1Z70QBTFKD5P2,22,clothes,0.0,1,all-in-ones,dungarees,dungaree,,True,22
vest,86900,15483.0,01JYPG7PZJNHF56HQPDWJP54A1,01JYPEXG3V87A1Z70QBTFKD5P2,23,clothes,1.0,1,under or outer,vest,vest,,True,23
hat,107566,20666.0,01JYPG7PZJNHF56HQPDWJP54A1,01JYPEXG3V87A1Z70QBTFKD5P2,24,clothes,1.0,1,warm wear,hat,hat,,True,24
earmuff,128765,21199.0,01JYPG7PZJNHF56HQPDWJP54A1,01JYPEXG3V87A1Z70QBTFKD5P2,25,clothes,0.0,1,warm wear,ear muffs,earmuff,,True,25
neckerchief,150278,21513.0,01JYPG7PZJNHF56HQPDWJP54A1,01JYPEXG3V87A1Z70QBTFKD5P2,26,clothes,1.0,1,fancy,neckerchief,neckerchief,,True,26
legging,170840,20562.0,01JYPG7PZJNHF56HQPDWJP54A1,01JYPEXG3V87A1Z70QBTFKD5P2,27,clothes,1.0,1,basic,leggings,legging,,True,27
cat,8611,8611.0,01JYPGFEFKM80NSF3C40G7D2M5,01JYPEXHF3ZG14TXGKK27CV6Y0,0,animals,1.0,1,Household pets,cat,cat,"['Pets', 'Feline']",True,0
dog,10283,1672.0,01JYPGFEFKM80NSF3C40G7D2M5,01JYPEXHF3ZG14TXGKK27CV6Y0,1,animals,0.0,1,Household pets,dog,dog,"['Canine', 'Pets']",False,1
lion,12063,1780.0,01JYPGFEFKM80NSF3C40G7D2M5,01JYPEXHF3ZG14TXGKK27CV6Y0,2,animals,1.0,1,Large Mammals,lion,lion,"['African', 'Feline']",True,2
elephant,13603,1540.0,01JYPGFEFKM80NSF3C40G7D2M5,01JYPEXHF3ZG14TXGKK27CV6Y0,3,animals,0.0,1,Large Mammals,elpehant,elephant,['African'],False,3
tiger,15184,1581.0,01JYPGFEFKM80NSF3C40G7D2M5,01JYPEXHF3ZG14TXGKK27CV6Y0,4,animals,0.0,1,Large Mammals,tiger,tiger,"['African', 'Feline']",False,4
bear,16341,1157.0,01JYPGFEFKM80NSF3C40G7D2M5,01JYPEXHF3ZG14TXGKK27CV6Y0,5,animals,0.0,1,Large Mammals,bear,bear,['NorthAmerican'],True,5
whale,17350,1009.0,01JYPGFEFKM80NSF3C40G7D2M5,01JYPEXHF3ZG14TXGKK27CV6Y0,6,animals,1.0,1,Mammals,whale,whale,"['Fish', 'Water']",True,6
cow,19319,1969.0,01JYPGFEFKM80NSF3C40G7D2M5,01JYPEXHF3ZG14TXGKK27CV6Y0,7,animals,0.0,1,Mammals,cow,cow,"['Bovine', 'Farm']",True,7
dolphin,20889,1570.0,01JYPGFEFKM80NSF3C40G7D2M5,01JYPEXHF3ZG14TXGKK27CV6Y0,8,animals,0.0,1,Mammals,dolphin,dolphin,"['Insects', 'Water']",True,8
kangaroo,22429,1540.0,01JYPGFEFKM80NSF3C40G7D2M5,01JYPEXHF3ZG14TXGKK27CV6Y0,9,animals,1.0,1,Exotic animals,kangaroo,kangaroo,['Australian'],True,9
gorilla,24439,2010.0,01JYPGFEFKM80NSF3C40G7D2M5,01JYPEXHF3ZG14TXGKK27CV6Y0,10,animals,0.0,1,Exotic animals,gorilla,gorilla,"['African', 'Primates']",True,10
peacock,31659,7220.0,01JYPGFEFKM80NSF3C40G7D2M5,01JYPEXHF3ZG14TXGKK27CV6Y0,11,animals,0.0,1,Exotic animals,peacock,peacock,['Bird'],True,11
hawk,33120,1461.0,01JYPGFEFKM80NSF3C40G7D2M5,01JYPEXHF3ZG14TXGKK27CV6Y0,12,animals,0.0,1,Exotic animals,hawk,hawk,['Bird'],False,12
crocodile,35738,2618.0,01JYPGFEFKM80NSF3C40G7D2M5,01JYPEXHF3ZG14TXGKK27CV6Y0,13,animals,1.0,1,Reptiles and amphibians,crocodile,crocodile,['ReptileAmphibian'],True,13
snake,36530,792.0,01JYPGFEFKM80NSF3C40G7D2M5,01JYPEXHF3ZG14TXGKK27CV6Y0,14,animals,0.0,1,Reptiles and amphibians,snake,snake,"['Farm', 'ReptileAmphibian']",False,14
lizard,38326,1796.0,01JYPGFEFKM80NSF3C40G7D2M5,01JYPEXHF3ZG14TXGKK27CV6Y0,15,animals,0.0,1,Reptiles and amphibians,lizard,lizard,['ReptileAmphibian'],False,15
gecko,39410,1084.0,01JYPGFEFKM80NSF3C40G7D2M5,01JYPEXHF3ZG14TXGKK27CV6Y0,16,animals,0.0,1,Reptiles and amphibians,gecko,gecko,['ReptileAmphibian'],False,16
newt,44276,4866.0,01JYPGFEFKM80NSF3C40G7D2M5,01JYPEXHF3ZG14TXGKK27CV6Y0,17,animals,0.0,1,Reptiles and amphibians,newt,newt,"['ReptileAmphibian', 'Water']",False,17
salamander,48088,3812.0,01JYPGFEFKM80NSF3C40G7D2M5,01JYPEXHF3ZG14TXGKK27CV6Y0,18,animals,0.0,1,Reptiles and amphibians,salamander,salamander,"['ReptileAmphibian', 'Water']",False,18
frog,50195,2107.0,01JYPGFEFKM80NSF3C40G7D2M5,01JYPEXHF3ZG14TXGKK27CV6Y0,19,animals,0.0,1,Reptiles and amphibians,frog,frog,"['ReptileAmphibian', 'Water']",False,19
toad,51417,1222.0,01JYPGFEFKM80NSF3C40G7D2M5,01JYPEXHF3ZG14TXGKK27CV6Y0,20,animals,0.0,1,Reptiles and amphibians,toad,toad,"['ReptileAmphibian', 'Water']",False,20
butterfly,57106,5689.0,01JYPGFEFKM80NSF3C40G7D2M5,01JYPEXHF3ZG14TXGKK27CV6Y0,21,animals,1.0,1,Invertebrates,butterfly,butterfly,['Insects'],True,21
koala,58522,1416.0,01JYPGFEFKM80NSF3C40G7D2M5,01JYPEXHF3ZG14TXGKK27CV6Y0,22,animals,0.0,1,Invertebrates,koala,koala,['Australian'],True,22
panda,59878,1356.0,01JYPGFEFKM80NSF3C40G7D2M5,01JYPEXHF3ZG14TXGKK27CV6Y0,23,animals,0.0,1,Invertebrates,panda,panda,['Asian'],True,23
spider,61496,1618.0,01JYPGFEFKM80NSF3C40G7D2M5,01JYPEXHF3ZG14TXGKK27CV6Y0,24,animals,0.0,1,Invertebrates,spider,spider,"['Arachnid', 'Farm']",True,24
scorpion,65128,3632.0,01JYPGFEFKM80NSF3C40G7D2M5,01JYPEXHF3ZG14TXGKK27CV6Y0,25,animals,0.0,1,Invertebrates,scorpion,scorpion,['Insects'],True,25
rat,66535,1407.0,01JYPGFEFKM80NSF3C40G7D2M5,01JYPEXHF3ZG14TXGKK27CV6Y0,26,animals,1.0,1,smalls pets,rat,rat,['Rodents'],True,26
mouse,68860,2325.0,01JYPGFEFKM80NSF3C40G7D2M5,01JYPEXHF3ZG14TXGKK27CV6Y0,27,animals,0.0,1,smalls pets,mouse,mouse,"['Bird', 'Rodents']",False,27
parrot,69926,1066.0,01JYPGFEFKM80NSF3C40G7D2M5,01JYPEXHF3ZG14TXGKK27CV6Y0,28,animals,0.0,1,smalls pets,parrot,parrot,"['Bird', 'Pets']",False,28
zebra,74282,4356.0,01JYPGFEFKM80NSF3C40G7D2M5,01JYPEXHF3ZG14TXGKK27CV6Y0,29,animals,1.0,1,farm and zoo animals,zebra,zebra,['African'],True,29
pig,75590,1308.0,01JYPGFEFKM80NSF3C40G7D2M5,01JYPEXHF3ZG14TXGKK27CV6Y0,30,animals,0.0,1,farm and zoo animals,pig,pig,['Farm'],True,30
goat,76370,780.0,01JYPGFEFKM80NSF3C40G7D2M5,01JYPEXHF3ZG14TXGKK27CV6Y0,31,animals,0.0,1,farm and zoo animals,goat,goat,['Farm'],False,31
badger,81613,5243.0,01JYPGFEFKM80NSF3C40G7D2M5,01JYPEXHF3ZG14TXGKK27CV6Y0,32,animals,0.0,1,farm and zoo animals,badger,badger,"['NorthAmerican', 'Weasels']",True,32
rabbit,82503,890.0,01JYPGFEFKM80NSF3C40G7D2M5,01JYPEXHF3ZG14TXGKK27CV6Y0,33,animals,0.0,1,farm and zoo animals,rabbit,rabbit,"['NorthAmerican', 'Pets', 'Rabbit', 'UsedForFur']",False,33
sheep,85871,3368.0,01JYPGFEFKM80NSF3C40G7D2M5,01JYPEXHF3ZG14TXGKK27CV6Y0,34,animals,0.0,1,farm and zoo animals,sheep,sheep,['Farm'],True,34
chicken,87781,1910.0,01JYPGFEFKM80NSF3C40G7D2M5,01JYPEXHF3ZG14TXGKK27CV6Y0,35,animals,0.0,1,farm and zoo animals,chicken,chicken,"['Bird', 'Farm']",False,35
horse,89941,2160.0,01JYPGFEFKM80NSF3C40G7D2M5,01JYPEXHF3ZG14TXGKK27CV6Y0,36,animals,0.0,1,farm and zoo animals,horse,horse,"['BeastsOfBurden', 'Farm']",False,36
duck,92363,2422.0,01JYPGFEFKM80NSF3C40G7D2M5,01JYPEXHF3ZG14TXGKK27CV6Y0,37,animals,0.0,1,farm and zoo animals,duck,duck,['Bird'],True,37
crab,100426,8063.0,01JYPGFEFKM80NSF3C40G7D2M5,01JYPEXHF3ZG14TXGKK27CV6Y0,38,animals,1.0,1,sea creatures,crab,crab,['Water'],True,38
shark,101978,1552.0,01JYPGFEFKM80NSF3C40G7D2M5,01JYPEXHF3ZG14TXGKK27CV6Y0,39,animals,0.0,1,sea creatures,shark,shark,"['Fish', 'Water']",False,39
starfish,104856,2878.0,01JYPGFEFKM80NSF3C40G7D2M5,01JYPEXHF3ZG14TXGKK27CV6Y0,40,animals,0.0,1,sea creatures,starfish,starfish,['Water'],False,40
lobster,106502,1646.0,01JYPGFEFKM80NSF3C40G7D2M5,01JYPEXHF3ZG14TXGKK27CV6Y0,41,animals,0.0,1,sea creatures,lobster,lobster,['Water'],False,41
jellyfish,109907,3405.0,01JYPGFEFKM80NSF3C40G7D2M5,01JYPEXHF3ZG14TXGKK27CV6Y0,42,animals,0.0,1,sea creatures,jellyfish,jellyfish,['Water'],False,42
toucan,114702,4795.0,01JYPGFEFKM80NSF3C40G7D2M5,01JYPEXHF3ZG14TXGKK27CV6Y0,43,animals,1.0,1,Birds,toucan,toucan,['Bird'],True,43
penguin,118055,3353.0,01JYPGFEFKM80NSF3C40G7D2M5,01JYPEXHF3ZG14TXGKK27CV6Y0,44,animals,0.0,1,Birds,penguin,penguin,"['Arctic', 'Bird', 'Water']",False,44
puffin,120778,2723.0,01JYPGFEFKM80NSF3C40G7D2M5,01JYPEXHF3ZG14TXGKK27CV6Y0,45,animals,0.0,1,Birds,puffin,puffin,"['Arctic', 'Bird']",False,45
owl,122635,1857.0,01JYPGFEFKM80NSF3C40G7D2M5,01JYPEXHF3ZG14TXGKK27CV6Y0,46,animals,0.0,1,Birds,owl,owl,['Bird'],False,46
flamingo,123930,1295.0,01JYPGFEFKM80NSF3C40G7D2M5,01JYPEXHF3ZG14TXGKK27CV6Y0,47,animals,0.0,1,Birds,flamingo,flamingo,['Bird'],False,47
sparrow,126975,3045.0,01JYPGFEFKM80NSF3C40G7D2M5,01JYPEXHF3ZG14TXGKK27CV6Y0,48,animals,0.0,1,Birds,sparrow,sparrow,['Bird'],False,48
eagle,128281,1306.0,01JYPGFEFKM80NSF3C40G7D2M5,01JYPEXHF3ZG14TXGKK27CV6Y0,49,animals,0.0,1,Birds,eagle,eagle,['Bird'],False,49
moose,139437,11156.0,01JYPGFEFKM80NSF3C40G7D2M5,01JYPEXHF3ZG14TXGKK27CV6Y0,50,animals,1.0,1,Herd mammals,moose,moose,"['Deers', 'NorthAmerican']",True,50
bison,140513,1076.0,01JYPGFEFKM80NSF3C40G7D2M5,01JYPEXHF3ZG14TXGKK27CV6Y0,51,animals,0.0,1,Herd mammals,bison,bison,"['Bovine', 'NorthAmerican']",False,51
antelope,143059,2546.0,01JYPGFEFKM80NSF3C40G7D2M5,01JYPEXHF3ZG14TXGKK27CV6Y0,52,animals,0.0,1,Herd mammals,antelope,antelope,['African'],True,52
raccoon,145916,2857.0,01JYPGFEFKM80NSF3C40G7D2M5,01JYPEXHF3ZG14TXGKK27CV6Y0,53,animals,0.0,1,Herd mammals,raccoon,raccoon,['NorthAmerican'],True,53
opossum,150178,4262.0,01JYPGFEFKM80NSF3C40G7D2M5,01JYPEXHF3ZG14TXGKK27CV6Y0,54,animals,0.0,1,Herd mammals,opossum,opossum,['NorthAmerican'],False,54
skunk,151326,1148.0,01JYPGFEFKM80NSF3C40G7D2M5,01JYPEXHF3ZG14TXGKK27CV6Y0,55,animals,0.0,1,Herd mammals,skunk,skunk,"['NorthAmerican', 'Weasels']",False,55
armadillo,153444,2118.0,01JYPGFEFKM80NSF3C40G7D2M5,01JYPEXHF3ZG14TXGKK27CV6Y0,56,animals,0.0,1,Herd mammals,armadilo,armadillo,['Insectivores'],True,56
tapir,158071,4627.0,01JYPGFEFKM80NSF3C40G7D2M5,01JYPEXHF3ZG14TXGKK27CV6Y0,57,animals,0.0,1,Herd mammals,tapir,tapir,['Jungle'],True,57
lemur,160450,2379.0,01JYPGFEFKM80NSF3C40G7D2M5,01JYPEXHF3ZG14TXGKK27CV6Y0,58,animals,0.0,1,Herd mammals,lemur,lemur,"['African', 'Primates']",True,58
albatross,163875,3425.0,01JYPGFEFKM80NSF3C40G7D2M5,01JYPEXHF3ZG14TXGKK27CV6Y0,59,animals,0.0,1,Herd mammals,albatross,albatross,['Bird'],True,59
tortoise,169048,5173.0,01JYPGFEFKM80NSF3C40G7D2M5,01JYPEXHF3ZG14TXGKK27CV6Y0,60,animals,1.0,1,Forest and Nocturnal,tortoise,tortoise,['ReptileAmphibian'],True,60
alligator,170441,1393.0,01JYPGFEFKM80NSF3C40G7D2M5,01JYPEXHF3ZG14TXGKK27CV6Y0,61,animals,0.0,1,Forest and Nocturnal,aligator,alligator,"['ReptileAmphibian', 'Water']",False,61
flea,176706,6265.0,01JYPGFEFKM80NSF3C40G7D2M5,01JYPEXHF3ZG14TXGKK27CV6Y0,62,animals,1.0,1,insect,flea,flea,['Insects'],True,62
bean,3563,3563.0,01JYPGRVW2VEX29F172T6SCS96,01JYPEZJQP9VC8CQWZN0JCFMX4,0,supermarket,1.0,1,cupboards,beans,bean,,True,0
banana,5971,2408.0,01JYPGRVW2VEX29F172T6SCS96,01JYPEZJQP9VC8CQWZN0JCFMX4,1,supermarket,1.0,1,bananas,bananas,banana,,True,1
egg,9964,3993.0,01JYPGRVW2VEX29F172T6SCS96,01JYPEZJQP9VC8CQWZN0JCFMX4,2,supermarket,1.0,1,basic,eggs,egg,,True,2
bread,11883,1919.0,01JYPGRVW2VEX29F172T6SCS96,01JYPEZJQP9VC8CQWZN0JCFMX4,3,supermarket,0.0,1,basic,bread,bread,,True,3
milk,14068,2185.0,01JYPGRVW2VEX29F172T6SCS96,01JYPEZJQP9VC8CQWZN0JCFMX4,4,supermarket,0.0,1,basic,milk,milk,,True,4
sausage,17169,3101.0,01JYPGRVW2VEX29F172T6SCS96,01JYPEZJQP9VC8CQWZN0JCFMX4,5,supermarket,1.0,1,sausage,sausage,sausage,,True,5
grape,24158,6989.0,01JYPGRVW2VEX29F172T6SCS96,01JYPEZJQP9VC8CQWZN0JCFMX4,6,supermarket,1.0,1,grapes,grapes,grape,,True,6
chicken,26987,2829.0,01JYPGRVW2VEX29F172T6SCS96,01JYPEZJQP9VC8CQWZN0JCFMX4,7,supermarket,1.0,1,meat,chicken,chicken,,True,7
beef,28485,1498.0,01JYPGRVW2VEX29F172T6SCS96,01JYPEZJQP9VC8CQWZN0JCFMX4,8,supermarket,0.0,1,meat,beef,beef,,True,8
mince,29692,1207.0,01JYPGRVW2VEX29F172T6SCS96,01JYPEZJQP9VC8CQWZN0JCFMX4,9,supermarket,0.0,1,meat,mince,mince,,True,9
lamb,33253,3561.0,01JYPGRVW2VEX29F172T6SCS96,01JYPEZJQP9VC8CQWZN0JCFMX4,10,supermarket,0.0,1,meat,lamb,lamb,,True,10
rice,34253,1000.0,01JYPGRVW2VEX29F172T6SCS96,01JYPEZJQP9VC8CQWZN0JCFMX4,11,supermarket,1.0,1,cupboard foods,rice,rice,,True,11
pasta,36041,1788.0,01JYPGRVW2VEX29F172T6SCS96,01JYPEZJQP9VC8CQWZN0JCFMX4,12,supermarket,0.0,1,cupboard foods,pasta,pasta,,True,12
pasta sauce,37822,1781.0,01JYPGRVW2VEX29F172T6SCS96,01JYPEZJQP9VC8CQWZN0JCFMX4,13,supermarket,0.0,1,cupboard foods,pasta sauce,pastasauce,,True,13
noodle,40350,2528.0,01JYPGRVW2VEX29F172T6SCS96,01JYPEZJQP9VC8CQWZN0JCFMX4,14,supermarket,0.0,1,cupboard foods,noodles,noodle,,True,14
cracker,43314,2964.0,01JYPGRVW2VEX29F172T6SCS96,01JYPEZJQP9VC8CQWZN0JCFMX4,15,supermarket,1.0,1,savoury food,crackers,cracker,,True,15
potato,54403,11089.0,01JYPGRVW2VEX29F172T6SCS96,01JYPEZJQP9VC8CQWZN0JCFMX4,16,supermarket,1.0,1,potatoes,potatoes,potato,,True,16
chicken nugget,64384,9981.0,01JYPGRVW2VEX29F172T6SCS96,01JYPEZJQP9VC8CQWZN0JCFMX4,17,supermarket,1.0,1,nuggets,chicken nuggets,chickennugget,,True,17
pineapple,73629,9245.0,01JYPGRVW2VEX29F172T6SCS96,01JYPEZJQP9VC8CQWZN0JCFMX4,18,supermarket,1.0,1,fruit and vegetables,pineapple,pineapple,,True,18
carrot,83951,10322.0,01JYPGRVW2VEX29F172T6SCS96,01JYPEZJQP9VC8CQWZN0JCFMX4,19,supermarket,0.0,1,fruit and vegetables,carrots,carrot,,True,19
pea,92873,8922.0,01JYPGRVW2VEX29F172T6SCS96,01JYPEZJQP9VC8CQWZN0JCFMX4,20,supermarket,0.0,1,fruit and vegetables,peas,pea,,True,20
corn,102862,9989.0,01JYPGRVW2VEX29F172T6SCS96,01JYPEZJQP9VC8CQWZN0JCFMX4,21,supermarket,0.0,1,fruit and vegetables,corn,corn,,True,21
leek,114427,11565.0,01JYPGRVW2VEX29F172T6SCS96,01JYPEZJQP9VC8CQWZN0JCFMX4,22,supermarket,0.0,1,fruit and vegetables,leek,leek,,True,22
burger,123721,9294.0,01JYPGRVW2VEX29F172T6SCS96,01JYPEZJQP9VC8CQWZN0JCFMX4,23,supermarket,1.0,1,burgers,burgers,burger,,True,23
tomato,134494,10773.0,01JYPGRVW2VEX29F172T6SCS96,01JYPEZJQP9VC8CQWZN0JCFMX4,24,supermarket,1.0,1,tomatoes,tomatoes,tomato,,True,24
butter,144413,9919.0,01JYPGRVW2VEX29F172T6SCS96,01JYPEZJQP9VC8CQWZN0JCFMX4,25,supermarket,1.0,1,fridge food,butter,butter,,True,25
cheese,155914,11501.0,01JYPGRVW2VEX29F172T6SCS96,01JYPEZJQP9VC8CQWZN0JCFMX4,26,supermarket,0.0,1,fridge food,cheese,cheese,,True,26
orange juice,167708,11794.0,01JYPGRVW2VEX29F172T6SCS96,01JYPEZJQP9VC8CQWZN0JCFMX4,27,supermarket,1.0,1,orange juice,orange juice,orangejuice,,True,27
bagel,179085,11377.0,01JYPGRVW2VEX29F172T6SCS96,01JYPEZJQP9VC8CQWZN0JCFMX4,28,supermarket,1.0,1,bagels,bagels,bagel,,True,28
Dog,3509,3509.0,01JYPGS31V4PV4W4T1QXZCSFHH,01JYPEZJQMKZJJPJ0AB59K96BK,0,animals,1.0,1,Household pets,Dog,dog,"['Canine', 'Pets']",True,0
cat,4543,1034.0,01JYPGS31V4PV4W4T1QXZCSFHH,01JYPEZJQMKZJJPJ0AB59K96BK,1,animals,0.0,1,Household pets,cat,cat,"['Pets', 'Feline']",False,1
lion,6171,1628.0,01JYPGS31V4PV4W4T1QXZCSFHH,01JYPEZJQMKZJJPJ0AB59K96BK,2,animals,1.0,1,Big cats,lian,lion,"['African', 'Feline']",False,2
spider,8744,2573.0,01JYPGS31V4PV4W4T1QXZCSFHH,01JYPEZJQMKZJJPJ0AB59K96BK,3,animals,1.0,1,Insects,spider,spider,"['Arachnid', 'Farm']",True,3
dolphin,13959,5215.0,01JYPGS31V4PV4W4T1QXZCSFHH,01JYPEZJQMKZJJPJ0AB59K96BK,4,animals,1.0,1,Mammal in water,dolphin,dolphin,"['Insects', 'Water']",True,4
rabbit,15598,1639.0,01JYPGS31V4PV4W4T1QXZCSFHH,01JYPEZJQMKZJJPJ0AB59K96BK,5,animals,1.0,1,Found on farms,rabbit,rabbit,"['NorthAmerican', 'Pets', 'Rabbit', 'UsedForFur']",True,5
bird,17081,1483.0,01JYPGS31V4PV4W4T1QXZCSFHH,01JYPEZJQMKZJJPJ0AB59K96BK,6,animals,0.0,1,Found on farms,bird,bird,['Bird'],True,6
chicken,20507,3426.0,01JYPGS31V4PV4W4T1QXZCSFHH,01JYPEZJQMKZJJPJ0AB59K96BK,7,animals,0.0,1,Found on farms,chicken,chicken,"['Bird', 'Farm']",False,7
duck,21888,1381.0,01JYPGS31V4PV4W4T1QXZCSFHH,01JYPEZJQMKZJJPJ0AB59K96BK,8,animals,0.0,1,Found on farms,duck,duck,['Bird'],False,8
cow,22853,965.0,01JYPGS31V4PV4W4T1QXZCSFHH,01JYPEZJQMKZJJPJ0AB59K96BK,9,animals,0.0,1,Found on farms,cow,cow,"['Bovine', 'Farm']",True,9
pig,24101,1248.0,01JYPGS31V4PV4W4T1QXZCSFHH,01JYPEZJQMKZJJPJ0AB59K96BK,10,animals,0.0,1,Found on farms,pig,pig,['Farm'],False,10
horse,26722,2621.0,01JYPGS31V4PV4W4T1QXZCSFHH,01JYPEZJQMKZJJPJ0AB59K96BK,11,animals,0.0,1,Found on farms,horse,horse,"['BeastsOfBurden', 'Farm']",False,11
donkey,28632,1910.0,01JYPGS31V4PV4W4T1QXZCSFHH,01JYPEZJQMKZJJPJ0AB59K96BK,12,animals,0.0,1,Found on farms,donkey,donkey,"['BeastsOfBurden', 'Farm']",False,12
rat,31214,2582.0,01JYPGS31V4PV4W4T1QXZCSFHH,01JYPEZJQMKZJJPJ0AB59K96BK,13,animals,1.0,1,Rodents,rats,rat,['Rodents'],True,13
mouse,34959,3745.0,01JYPGS31V4PV4W4T1QXZCSFHH,01JYPEZJQMKZJJPJ0AB59K96BK,14,animals,0.0,1,Rodents,mouse,mouse,"['Bird', 'Rodents']",False,14
fish,41223,6264.0,01JYPGS31V4PV4W4T1QXZCSFHH,01JYPEZJQMKZJJPJ0AB59K96BK,15,animals,1.0,1,Found in water,fish,fish,"['Fish', 'Water']",True,15
ant,46428,5205.0,01JYPGS31V4PV4W4T1QXZCSFHH,01JYPEZJQMKZJJPJ0AB59K96BK,16,animals,1.0,1,Live in colonies,ant,ant,['Insects'],True,16
bear,51833,5405.0,01JYPGS31V4PV4W4T1QXZCSFHH,01JYPEZJQMKZJJPJ0AB59K96BK,17,animals,1.0,1,Lives in the wild,bear,bear,['NorthAmerican'],True,17
butterfly,57251,5418.0,01JYPGS31V4PV4W4T1QXZCSFHH,01JYPEZJQMKZJJPJ0AB59K96BK,18,animals,1.0,1,Insect that flies,butterfly,butterfly,['Insects'],True,18
moth,58961,1710.0,01JYPGS31V4PV4W4T1QXZCSFHH,01JYPEZJQMKZJJPJ0AB59K96BK,19,animals,0.0,1,Insect that flies,moth,moth,['Insects'],False,19
tiger,65776,6815.0,01JYPGS31V4PV4W4T1QXZCSFHH,01JYPEZJQMKZJJPJ0AB59K96BK,20,animals,1.0,1,Wild animal,tiger,tiger,"['African', 'Feline']",True,20
guinea pig,76310,10534.0,01JYPGS31V4PV4W4T1QXZCSFHH,01JYPEZJQMKZJJPJ0AB59K96BK,21,animals,1.0,1,Has four legs,guinea pigs,guineapig,"['Pets', 'Rodents']",True,21
bull,83130,6820.0,01JYPGS31V4PV4W4T1QXZCSFHH,01JYPEZJQMKZJJPJ0AB59K96BK,22,animals,0.0,1,Has four legs,bull,bull,"['BeastsOfBurden', 'Bovine', 'Farm']",True,22
lamb,88827,5697.0,01JYPGS31V4PV4W4T1QXZCSFHH,01JYPEZJQMKZJJPJ0AB59K96BK,23,animals,0.0,1,Has four legs,lamb,lamb,['Farm'],False,23
sheep,90034,1207.0,01JYPGS31V4PV4W4T1QXZCSFHH,01JYPEZJQMKZJJPJ0AB59K96BK,24,animals,0.0,1,Has four legs,sheep,sheep,['Farm'],False,24
deer,94900,4866.0,01JYPGS31V4PV4W4T1QXZCSFHH,01JYPEZJQMKZJJPJ0AB59K96BK,25,animals,0.0,1,Has four legs,deer,deer,"['Deers', 'NorthAmerican']",True,25
vulture,117121,22221.0,01JYPGS31V4PV4W4T1QXZCSFHH,01JYPEZJQMKZJJPJ0AB59K96BK,26,animals,1.0,1,Bird of prey,volcher,vulture,['Bird'],True,26
urchin,123994,6873.0,01JYPGS31V4PV4W4T1QXZCSFHH,01JYPEZJQMKZJJPJ0AB59K96BK,27,animals,1.0,1,To do with water,urchin,urchin,['Water'],True,27
whale,128348,4354.0,01JYPGS31V4PV4W4T1QXZCSFHH,01JYPEZJQMKZJJPJ0AB59K96BK,28,animals,0.0,1,To do with water,whale,whale,"['Fish', 'Water']",False,28
shark,131350,3002.0,01JYPGS31V4PV4W4T1QXZCSFHH,01JYPEZJQMKZJJPJ0AB59K96BK,29,animals,0.0,1,To do with water,shark,shark,"['Fish', 'Water']",False,29
starfish,133576,2226.0,01JYPGS31V4PV4W4T1QXZCSFHH,01JYPEZJQMKZJJPJ0AB59K96BK,30,animals,0.0,1,To do with water,starfish,starfish,['Water'],False,30
jellyfish,137196,3620.0,01JYPGS31V4PV4W4T1QXZCSFHH,01JYPEZJQMKZJJPJ0AB59K96BK,31,animals,0.0,1,To do with water,jellyfish,jellyfish,['Water'],False,31
hamster,141054,3858.0,01JYPGS31V4PV4W4T1QXZCSFHH,01JYPEZJQMKZJJPJ0AB59K96BK,32,animals,1.0,1,Indoor pet,hamster,hamster,"['Pets', 'Rodents']",True,32
hare,147908,6854.0,01JYPGS31V4PV4W4T1QXZCSFHH,01JYPEZJQMKZJJPJ0AB59K96BK,33,animals,1.0,1,Birds,hare,hare,['Rabbit'],True,33
parrot,152265,4357.0,01JYPGS31V4PV4W4T1QXZCSFHH,01JYPEZJQMKZJJPJ0AB59K96BK,34,animals,0.0,1,Birds,parrot,parrot,"['Bird', 'Pets']",True,34
budgie,154901,2636.0,01JYPGS31V4PV4W4T1QXZCSFHH,01JYPEZJQMKZJJPJ0AB59K96BK,35,animals,0.0,1,Birds,budgie,budgie,['Pets'],False,35
goose,159537,4636.0,01JYPGS31V4PV4W4T1QXZCSFHH,01JYPEZJQMKZJJPJ0AB59K96BK,36,animals,0.0,1,Birds,goose,goose,['Water'],True,36
chinchilla,167224,7687.0,01JYPGS31V4PV4W4T1QXZCSFHH,01JYPEZJQMKZJJPJ0AB59K96BK,37,animals,1.0,1,Small pets,chinchilas,chinchilla,"['Rodents', 'UsedForFur']",True,37
tortoise,169337,2113.0,01JYPGS31V4PV4W4T1QXZCSFHH,01JYPEZJQMKZJJPJ0AB59K96BK,38,animals,1.0,1,Has a shell,tortoise,tortoise,['ReptileAmphibian'],True,38
turtle,174451,5114.0,01JYPGS31V4PV4W4T1QXZCSFHH,01JYPEZJQMKZJJPJ0AB59K96BK,39,animals,0.0,1,Has a shell,turtle,turtle,"['ReptileAmphibian', 'Water']",False,39
dog,7401,7401.0,01JYPGYA8B64FGZDDWQMXB4WSP,01JYPEZKQ3CB68HDWFYBM077X7,0,animals,1.0,1,house pets,dog,dog,"['Canine', 'Pets']",True,0
cat,9594,2193.0,01JYPGYA8B64FGZDDWQMXB4WSP,01JYPEZKQ3CB68HDWFYBM077X7,1,animals,0.0,1,house pets,cat,cat,"['Pets', 'Feline']",False,1
fish,12327,2733.0,01JYPGYA8B64FGZDDWQMXB4WSP,01JYPEZKQ3CB68HDWFYBM077X7,2,animals,1.0,1,water animal,fish,fish,"['Fish', 'Water']",True,2
squirrel,18284,5957.0,01JYPGYA8B64FGZDDWQMXB4WSP,01JYPEZKQ3CB68HDWFYBM077X7,3,animals,1.0,1,backyard animals,squirrel,squirrel,"['NorthAmerican', 'Rodents']",True,3
rabbit,23822,5538.0,01JYPGYA8B64FGZDDWQMXB4WSP,01JYPEZKQ3CB68HDWFYBM077X7,4,animals,0.0,1,backyard animals,rabbit,rabbit,"['NorthAmerican', 'Pets', 'Rabbit', 'UsedForFur']",False,4
monkey,27218,3396.0,01JYPGYA8B64FGZDDWQMXB4WSP,01JYPEZKQ3CB68HDWFYBM077X7,5,animals,1.0,1,circus animal,monkey,monkey,"['African', 'Primates']",True,5
ape,28917,1699.0,01JYPGYA8B64FGZDDWQMXB4WSP,01JYPEZKQ3CB68HDWFYBM077X7,6,animals,1.0,1,apes,ape,ape,['Primates'],False,6
gorilla,32182,3265.0,01JYPGYA8B64FGZDDWQMXB4WSP,01JYPEZKQ3CB68HDWFYBM077X7,7,animals,0.0,1,apes,gorilla,gorilla,"['African', 'Primates']",False,7
horse,34721,2539.0,01JYPGYA8B64FGZDDWQMXB4WSP,01JYPEZKQ3CB68HDWFYBM077X7,8,animals,1.0,1,farm animals,horse,horse,"['BeastsOfBurden', 'Farm']",True,8
donkey,38407,3686.0,01JYPGYA8B64FGZDDWQMXB4WSP,01JYPEZKQ3CB68HDWFYBM077X7,9,animals,0.0,1,farm animals,donkey,donkey,"['BeastsOfBurden', 'Farm']",False,9
mule,40310,1903.0,01JYPGYA8B64FGZDDWQMXB4WSP,01JYPEZKQ3CB68HDWFYBM077X7,10,animals,0.0,1,farm animals,mule,mule,"['BeastsOfBurden', 'Farm']",False,10
cow,41776,1466.0,01JYPGYA8B64FGZDDWQMXB4WSP,01JYPEZKQ3CB68HDWFYBM077X7,11,animals,0.0,1,farm animals,cow,cow,"['Bovine', 'Farm']",False,11
bull,44797,3021.0,01JYPGYA8B64FGZDDWQMXB4WSP,01JYPEZKQ3CB68HDWFYBM077X7,12,animals,0.0,1,farm animals,bull,bull,"['BeastsOfBurden', 'Bovine', 'Farm']",False,12
steers,46952,2155.0,01JYPGYA8B64FGZDDWQMXB4WSP,01JYPEZKQ3CB68HDWFYBM077X7,13,animals,0.0,1,farm animals,steer,steer,['Bovine'],False,13
pig,51823,4871.0,01JYPGYA8B64FGZDDWQMXB4WSP,01JYPEZKQ3CB68HDWFYBM077X7,14,animals,0.0,1,farm animals,pig,pig,['Farm'],True,14
hog,54023,2200.0,01JYPGYA8B64FGZDDWQMXB4WSP,01JYPEZKQ3CB68HDWFYBM077X7,15,animals,0.0,1,farm animals,hog,hog,['Farm'],False,15
chicken,58150,4127.0,01JYPGYA8B64FGZDDWQMXB4WSP,01JYPEZKQ3CB68HDWFYBM077X7,16,animals,0.0,1,farm animals,chicken,chicken,"['Bird', 'Farm']",False,16
hen,61633,3483.0,01JYPGYA8B64FGZDDWQMXB4WSP,01JYPEZKQ3CB68HDWFYBM077X7,17,animals,0.0,1,farm animals,hen,hen,['Farm'],False,17
rooster,65283,3650.0,01JYPGYA8B64FGZDDWQMXB4WSP,01JYPEZKQ3CB68HDWFYBM077X7,18,animals,0.0,1,farm animals,rooster,rooster,['Farm'],False,18
cricket,69854,4571.0,01JYPGYA8B64FGZDDWQMXB4WSP,01JYPEZKQ3CB68HDWFYBM077X7,19,animals,1.0,1,small animal,cricket,cricket,['Insects'],True,19
lamb,77325,7471.0,01JYPGYA8B64FGZDDWQMXB4WSP,01JYPEZKQ3CB68HDWFYBM077X7,20,animals,1.0,1,farm animal,lamb,lamb,['Farm'],True,20
goat,81527,4202.0,01JYPGYA8B64FGZDDWQMXB4WSP,01JYPEZKQ3CB68HDWFYBM077X7,21,animals,0.0,1,farm animal,goat,goat,['Farm'],False,21
lion,84774,3247.0,01JYPGYA8B64FGZDDWQMXB4WSP,01JYPEZKQ3CB68HDWFYBM077X7,22,animals,1.0,1,big cats,loin,lion,"['African', 'Feline']",True,22
tiger,87892,3118.0,01JYPGYA8B64FGZDDWQMXB4WSP,01JYPEZKQ3CB68HDWFYBM077X7,23,animals,0.0,1,big cats,tiger,tiger,"['African', 'Feline']",False,23
panther,91524,3632.0,01JYPGYA8B64FGZDDWQMXB4WSP,01JYPEZKQ3CB68HDWFYBM077X7,24,animals,0.0,1,big cats,panther,panther,"['African', 'Feline']",False,24
whale,94260,2736.0,01JYPGYA8B64FGZDDWQMXB4WSP,01JYPEZKQ3CB68HDWFYBM077X7,25,animals,1.0,1,aquatic animals,whale,whale,"['Fish', 'Water']",True,25
dolphin,101008,6748.0,01JYPGYA8B64FGZDDWQMXB4WSP,01JYPEZKQ3CB68HDWFYBM077X7,26,animals,0.0,1,aquatic animals,dolphin,dolphin,"['Insects', 'Water']",False,26
seal,103646,2638.0,01JYPGYA8B64FGZDDWQMXB4WSP,01JYPEZKQ3CB68HDWFYBM077X7,27,animals,0.0,1,aquatic animals,seal,seal,"['Arctic', 'Water']",False,27
manatee,110593,6947.0,01JYPGYA8B64FGZDDWQMXB4WSP,01JYPEZKQ3CB68HDWFYBM077X7,28,animals,0.0,1,aquatic animals,manatee,manatee,"['African', 'Water']",False,28
hyena,118264,7671.0,01JYPGYA8B64FGZDDWQMXB4WSP,01JYPEZKQ3CB68HDWFYBM077X7,29,animals,1.0,1,hunters,hyena,hyena,"['African', 'Canine']",False,29
badger,122386,4122.0,01JYPGYA8B64FGZDDWQMXB4WSP,01JYPEZKQ3CB68HDWFYBM077X7,30,animals,0.0,1,hunters,badger,badger,"['NorthAmerican', 'Weasels']",True,30
elk,125882,3496.0,01JYPGYA8B64FGZDDWQMXB4WSP,01JYPEZKQ3CB68HDWFYBM077X7,31,animals,1.0,1,candian animals,elk,elk,"['Deers', 'NorthAmerican']",False,31
moose,129224,3342.0,01JYPGYA8B64FGZDDWQMXB4WSP,01JYPEZKQ3CB68HDWFYBM077X7,32,animals,0.0,1,candian animals,moose,moose,"['Deers', 'NorthAmerican']",False,32
black bear,134317,5093.0,01JYPGYA8B64FGZDDWQMXB4WSP,01JYPEZKQ3CB68HDWFYBM077X7,33,animals,0.0,1,candian animals,black bear,blackbear,['NorthAmerican'],False,33
brown bear,138231,3914.0,01JYPGYA8B64FGZDDWQMXB4WSP,01JYPEZKQ3CB68HDWFYBM077X7,34,animals,0.0,1,candian animals,brown bear,brownbear,['NorthAmerican'],False,34
grizzly bear,143753,5522.0,01JYPGYA8B64FGZDDWQMXB4WSP,01JYPEZKQ3CB68HDWFYBM077X7,35,animals,0.0,1,candian animals,grizzle bear,grizzlybear,['NorthAmerican'],False,35
wolverine,149082,5329.0,01JYPGYA8B64FGZDDWQMXB4WSP,01JYPEZKQ3CB68HDWFYBM077X7,36,animals,0.0,1,candian animals,wolverine,wolverine,['Weasels'],True,36
bobcat,152489,3407.0,01JYPGYA8B64FGZDDWQMXB4WSP,01JYPEZKQ3CB68HDWFYBM077X7,37,animals,1.0,1,big cats,bobcat,bobcat,"['Feline', 'NorthAmerican']",True,37
mountain lion,156481,3992.0,01JYPGYA8B64FGZDDWQMXB4WSP,01JYPEZKQ3CB68HDWFYBM077X7,38,animals,0.0,1,big cats,mountain lion,mountainlion,"['Feline', 'NorthAmerican']",False,38
eagle,161384,4903.0,01JYPGYA8B64FGZDDWQMXB4WSP,01JYPEZKQ3CB68HDWFYBM077X7,39,animals,1.0,1,predator birds,eagle,eagle,['Bird'],True,39
hawk,164238,2854.0,01JYPGYA8B64FGZDDWQMXB4WSP,01JYPEZKQ3CB68HDWFYBM077X7,40,animals,0.0,1,predator birds,hawk,hawk,['Bird'],False,40
salmon,167377,3139.0,01JYPGYA8B64FGZDDWQMXB4WSP,01JYPEZKQ3CB68HDWFYBM077X7,41,animals,1.0,1,fish,salmon,salmon,['Fish'],True,41
rat,175566,8189.0,01JYPGYA8B64FGZDDWQMXB4WSP,01JYPEZKQ3CB68HDWFYBM077X7,42,animals,1.0,1,rodent,rat,rat,['Rodents'],True,42
food,4497,4497.0,01JYPK2CA6RZRSCD6WYP83Z1JQ,01JYPEZKQ1NZ4QHNM7TVH8DA88,0,supermarket,1.0,1,staples,food,food,,True,0
toilet roll,7385,2888.0,01JYPK2CA6RZRSCD6WYP83Z1JQ,01JYPEZKQ1NZ4QHNM7TVH8DA88,1,supermarket,0.0,1,staples,toilet roll,toiletroll,,True,1
bread,9260,1875.0,01JYPK2CA6RZRSCD6WYP83Z1JQ,01JYPEZKQ1NZ4QHNM7TVH8DA88,2,supermarket,0.0,1,staples,bread,bread,,True,2
milk,10609,1349.0,01JYPK2CA6RZRSCD6WYP83Z1JQ,01JYPEZKQ1NZ4QHNM7TVH8DA88,3,supermarket,0.0,1,staples,milk,milk,,True,3
sugar,12719,2110.0,01JYPK2CA6RZRSCD6WYP83Z1JQ,01JYPEZKQ1NZ4QHNM7TVH8DA88,4,supermarket,0.0,1,staples,sugar,sugar,,True,4
tea,14254,1535.0,01JYPK2CA6RZRSCD6WYP83Z1JQ,01JYPEZKQ1NZ4QHNM7TVH8DA88,5,supermarket,0.0,1,staples,tea,tea,,True,5
fish,16153,1899.0,01JYPK2CA6RZRSCD6WYP83Z1JQ,01JYPEZKQ1NZ4QHNM7TVH8DA88,6,supermarket,0.0,1,staples,fish,fish,,True,6
meat,17837,1684.0,01JYPK2CA6RZRSCD6WYP83Z1JQ,01JYPEZKQ1NZ4QHNM7TVH8DA88,7,supermarket,1.0,1,meats,meat,meat,,True,7
beef,19084,1247.0,01JYPK2CA6RZRSCD6WYP83Z1JQ,01JYPEZKQ1NZ4QHNM7TVH8DA88,8,supermarket,0.0,1,meats,beef,beef,,True,8
sausage,20837,1753.0,01JYPK2CA6RZRSCD6WYP83Z1JQ,01JYPEZKQ1NZ4QHNM7TVH8DA88,9,supermarket,0.0,1,meats,sausage,sausage,,True,9
till,23604,2767.0,01JYPK2CA6RZRSCD6WYP83Z1JQ,01JYPEZKQ1NZ4QHNM7TVH8DA88,10,supermarket,0.0,1,meats,till,till,,True,10
basket,25682,2078.0,01JYPK2CA6RZRSCD6WYP83Z1JQ,01JYPEZKQ1NZ4QHNM7TVH8DA88,11,supermarket,0.0,1,meats,basket,basket,,True,11
trolley,27607,1925.0,01JYPK2CA6RZRSCD6WYP83Z1JQ,01JYPEZKQ1NZ4QHNM7TVH8DA88,12,supermarket,0.0,1,meats,trolley,trolley,,True,12
cloth,33461,5854.0,01JYPK2CA6RZRSCD6WYP83Z1JQ,01JYPEZKQ1NZ4QHNM7TVH8DA88,13,supermarket,1.0,1,non food,clothes,cloth,,True,13
nappy,35554,2093.0,01JYPK2CA6RZRSCD6WYP83Z1JQ,01JYPEZKQ1NZ4QHNM7TVH8DA88,14,supermarket,0.0,1,non food,nappies,nappy,,True,14
shoe,37253,1699.0,01JYPK2CA6RZRSCD6WYP83Z1JQ,01JYPEZKQ1NZ4QHNM7TVH8DA88,15,supermarket,0.0,1,non food,shoes,shoe,,True,15
fruit,39181,1928.0,01JYPK2CA6RZRSCD6WYP83Z1JQ,01JYPEZKQ1NZ4QHNM7TVH8DA88,16,supermarket,1.0,1,fruits,fruit,fruit,,True,16
vegetable,40734,1553.0,01JYPK2CA6RZRSCD6WYP83Z1JQ,01JYPEZKQ1NZ4QHNM7TVH8DA88,17,supermarket,1.0,1,veg,veg,vegetable,,True,17
juice,42767,2033.0,01JYPK2CA6RZRSCD6WYP83Z1JQ,01JYPEZKQ1NZ4QHNM7TVH8DA88,18,supermarket,0.0,1,veg,juice,juice,,True,18
coffee,45434,2667.0,01JYPK2CA6RZRSCD6WYP83Z1JQ,01JYPEZKQ1NZ4QHNM7TVH8DA88,19,supermarket,1.0,1,pulses,coffee,coffee,,True,19
pea,49293,3859.0,01JYPK2CA6RZRSCD6WYP83Z1JQ,01JYPEZKQ1NZ4QHNM7TVH8DA88,20,supermarket,0.0,1,pulses,peas,pea,,True,20
bean,50693,1400.0,01JYPK2CA6RZRSCD6WYP83Z1JQ,01JYPEZKQ1NZ4QHNM7TVH8DA88,21,supermarket,0.0,1,pulses,beans,bean,,True,21
pizza,53139,2446.0,01JYPK2CA6RZRSCD6WYP83Z1JQ,01JYPEZKQ1NZ4QHNM7TVH8DA88,22,supermarket,1.0,1,frozen,pizza,pizza,,True,22
chip,57686,4547.0,01JYPK2CA6RZRSCD6WYP83Z1JQ,01JYPEZKQ1NZ4QHNM7TVH8DA88,23,supermarket,0.0,1,frozen,chips,chip,,True,23
chocolate,60071,2385.0,01JYPK2CA6RZRSCD6WYP83Z1JQ,01JYPEZKQ1NZ4QHNM7TVH8DA88,24,supermarket,1.0,1,sweet treats,chocolate,chocolate,,True,24
biscuit,62709,2638.0,01JYPK2CA6RZRSCD6WYP83Z1JQ,01JYPEZKQ1NZ4QHNM7TVH8DA88,25,supermarket,0.0,1,sweet treats,biscuits,biscuit,,True,25
cookie,64682,1973.0,01JYPK2CA6RZRSCD6WYP83Z1JQ,01JYPEZKQ1NZ4QHNM7TVH8DA88,26,supermarket,1.0,1,kid,cookies,cookie,,True,26
cheese,66784,2102.0,01JYPK2CA6RZRSCD6WYP83Z1JQ,01JYPEZKQ1NZ4QHNM7TVH8DA88,27,supermarket,0.0,1,kid,cheese,cheese,,True,27
chicken,74478,7694.0,01JYPK2CA6RZRSCD6WYP83Z1JQ,01JYPEZKQ1NZ4QHNM7TVH8DA88,28,supermarket,0.0,1,kid,chicken,chicken,,True,28
pork,76974,2496.0,01JYPK2CA6RZRSCD6WYP83Z1JQ,01JYPEZKQ1NZ4QHNM7TVH8DA88,29,supermarket,0.0,1,kid,pork,pork,,True,29
yoghurt,82407,5433.0,01JYPK2CA6RZRSCD6WYP83Z1JQ,01JYPEZKQ1NZ4QHNM7TVH8DA88,30,supermarket,0.0,1,kid,yoghurt,yoghurt,,True,30
pie,85914,3507.0,01JYPK2CA6RZRSCD6WYP83Z1JQ,01JYPEZKQ1NZ4QHNM7TVH8DA88,31,supermarket,0.0,1,kid,pie,pie,,True,31
baby food,93077,7163.0,01JYPK2CA6RZRSCD6WYP83Z1JQ,01JYPEZKQ1NZ4QHNM7TVH8DA88,32,supermarket,0.0,1,kid,baby food,babyfood,,True,32
custard,95341,2264.0,01JYPK2CA6RZRSCD6WYP83Z1JQ,01JYPEZKQ1NZ4QHNM7TVH8DA88,33,supermarket,0.0,1,kid,custard,custard,,True,33
jelly,98475,3134.0,01JYPK2CA6RZRSCD6WYP83Z1JQ,01JYPEZKQ1NZ4QHNM7TVH8DA88,34,supermarket,0.0,1,kid,jelly,jelly,,True,34
strawberry,101837,3362.0,01JYPK2CA6RZRSCD6WYP83Z1JQ,01JYPEZKQ1NZ4QHNM7TVH8DA88,35,supermarket,1.0,1,misc,strawberry,strawberry,,True,35
bag,103430,1593.0,01JYPK2CA6RZRSCD6WYP83Z1JQ,01JYPEZKQ1NZ4QHNM7TVH8DA88,36,supermarket,0.0,1,misc,bags,bag,,True,36
lemon,105484,2054.0,01JYPK2CA6RZRSCD6WYP83Z1JQ,01JYPEZKQ1NZ4QHNM7TVH8DA88,37,supermarket,1.0,1,rhyming,lemon,lemon,,True,37
melon,108131,2647.0,01JYPK2CA6RZRSCD6WYP83Z1JQ,01JYPEZKQ1NZ4QHNM7TVH8DA88,38,supermarket,0.0,1,rhyming,melon,melon,,True,38
carrot,110579,2448.0,01JYPK2CA6RZRSCD6WYP83Z1JQ,01JYPEZKQ1NZ4QHNM7TVH8DA88,39,supermarket,1.0,1,orange,carrot,carrot,,True,39
potato,114895,4316.0,01JYPK2CA6RZRSCD6WYP83Z1JQ,01JYPEZKQ1NZ4QHNM7TVH8DA88,40,supermarket,1.0,1,starch,potato,potato,,True,40
broccoli,117863,2968.0,01JYPK2CA6RZRSCD6WYP83Z1JQ,01JYPEZKQ1NZ4QHNM7TVH8DA88,41,supermarket,1.0,1,brown,brocolli,broccoli,,True,41
mushroom,120503,2640.0,01JYPK2CA6RZRSCD6WYP83Z1JQ,01JYPEZKQ1NZ4QHNM7TVH8DA88,42,supermarket,0.0,1,brown,mushrppm,mushroom,,True,42
onion,123157,2654.0,01JYPK2CA6RZRSCD6WYP83Z1JQ,01JYPEZKQ1NZ4QHNM7TVH8DA88,43,supermarket,0.0,1,brown,onion,onion,,True,43
banana,126269,3112.0,01JYPK2CA6RZRSCD6WYP83Z1JQ,01JYPEZKQ1NZ4QHNM7TVH8DA88,44,supermarket,0.0,1,brown,banana,banana,,True,44
pear,129084,2815.0,01JYPK2CA6RZRSCD6WYP83Z1JQ,01JYPEZKQ1NZ4QHNM7TVH8DA88,45,supermarket,0.0,1,brown,pear,pear,,True,45
ham,131607,2523.0,01JYPK2CA6RZRSCD6WYP83Z1JQ,01JYPEZKQ1NZ4QHNM7TVH8DA88,46,supermarket,1.0,1,unsure,ham,ham,,True,46
pepper,135052,3445.0,01JYPK2CA6RZRSCD6WYP83Z1JQ,01JYPEZKQ1NZ4QHNM7TVH8DA88,47,supermarket,0.0,1,unsure,pepper,pepper,,True,47
salt,136793,1741.0,01JYPK2CA6RZRSCD6WYP83Z1JQ,01JYPEZKQ1NZ4QHNM7TVH8DA88,48,supermarket,0.0,1,unsure,salt,salt,,True,48
butter,139348,2555.0,01JYPK2CA6RZRSCD6WYP83Z1JQ,01JYPEZKQ1NZ4QHNM7TVH8DA88,49,supermarket,0.0,1,unsure,butter,butter,,True,49
slipper,144345,4997.0,01JYPK2CA6RZRSCD6WYP83Z1JQ,01JYPEZKQ1NZ4QHNM7TVH8DA88,50,supermarket,0.0,1,unsure,slippers,slipper,,True,50
spread,148046,3701.0,01JYPK2CA6RZRSCD6WYP83Z1JQ,01JYPEZKQ1NZ4QHNM7TVH8DA88,51,supermarket,0.0,1,unsure,spread,spread,,True,51
crockery,152742,4696.0,01JYPK2CA6RZRSCD6WYP83Z1JQ,01JYPEZKQ1NZ4QHNM7TVH8DA88,52,supermarket,1.0,1,c,crockery,crockery,,True,52
cheesestring,159921,7179.0,01JYPK2CA6RZRSCD6WYP83Z1JQ,01JYPEZKQ1NZ4QHNM7TVH8DA88,53,supermarket,0.0,1,c,cheesestring,cheesestring,,True,53
milkshake,166752,6831.0,01JYPK2CA6RZRSCD6WYP83Z1JQ,01JYPEZKQ1NZ4QHNM7TVH8DA88,54,supermarket,1.0,1,random,milkshake,milkshake,,True,54
kefir,176344,9592.0,01JYPK2CA6RZRSCD6WYP83Z1JQ,01JYPEZKQ1NZ4QHNM7TVH8DA88,55,supermarket,0.0,1,random,kefir,kefir,,True,55
hat,5619,5619.0,01JYPMJYQ08JKMAV109E8E27GE,01JYPEZKQ1NZ4QHNM7V2T2VYY0,0,clothes,1.0,1,Headwear,hat,hat,,True,0
coat,14896,9277.0,01JYPMJYQ08JKMAV109E8E27GE,01JYPEZKQ1NZ4QHNM7V2T2VYY0,1,clothes,1.0,1,Layering,coat,coat,,True,1
jacket,20483,5587.0,01JYPMJYQ08JKMAV109E8E27GE,01JYPEZKQ1NZ4QHNM7V2T2VYY0,2,clothes,0.0,1,Layering,jacket,jacket,,True,2
scarf,25881,5398.0,01JYPMJYQ08JKMAV109E8E27GE,01JYPEZKQ1NZ4QHNM7V2T2VYY0,3,clothes,1.0,1,Accessories,scarf,scarf,,True,3
jean,28437,2556.0,01JYPMJYQ08JKMAV109E8E27GE,01JYPEZKQ1NZ4QHNM7V2T2VYY0,4,clothes,1.0,1,Denim,jeans,jean,,True,4
skirt,31755,3318.0,01JYPMJYQ08JKMAV109E8E27GE,01JYPEZKQ1NZ4QHNM7V2T2VYY0,5,clothes,1.0,1,Women's Fashion,skirt,skirt,,True,5
dress,35059,3304.0,01JYPMJYQ08JKMAV109E8E27GE,01JYPEZKQ1NZ4QHNM7V2T2VYY0,6,clothes,0.0,1,Women's Fashion,dress,dres,,True,6
boot,40656,5597.0,01JYPMJYQ08JKMAV109E8E27GE,01JYPEZKQ1NZ4QHNM7V2T2VYY0,7,clothes,1.0,1,Footwear,boots,boot,,True,7
t-shirt,43172,2516.0,01JYPMJYQ08JKMAV109E8E27GE,01JYPEZKQ1NZ4QHNM7V2T2VYY0,8,clothes,1.0,1,Casual Cool,t-shirt,tshirt,,True,8
cap,47625,4453.0,01JYPMJYQ08JKMAV109E8E27GE,01JYPEZKQ1NZ4QHNM7V2T2VYY0,9,clothes,0.0,1,Casual Cool,cap,cap,,True,9
cardigan,50759,3134.0,01JYPMJYQ08JKMAV109E8E27GE,01JYPEZKQ1NZ4QHNM7V2T2VYY0,10,clothes,1.0,1,Autumnal Classic,cardigan,cardigan,,True,10
blouse,53469,2710.0,01JYPMJYQ08JKMAV109E8E27GE,01JYPEZKQ1NZ4QHNM7V2T2VYY0,11,clothes,0.0,1,Autumnal Classic,blouse,blouse,,True,11
legging,59423,5954.0,01JYPMJYQ08JKMAV109E8E27GE,01JYPEZKQ1NZ4QHNM7V2T2VYY0,12,clothes,1.0,1,Bottom Half Clothing,leggings,legging,,True,12
trouser,61585,2162.0,01JYPMJYQ08JKMAV109E8E27GE,01JYPEZKQ1NZ4QHNM7V2T2VYY0,13,clothes,0.0,1,Bottom Half Clothing,trousers,trouser,,True,13
short,64153,2568.0,01JYPMJYQ08JKMAV109E8E27GE,01JYPEZKQ1NZ4QHNM7V2T2VYY0,14,clothes,0.0,1,Bottom Half Clothing,shorts,short,,True,14
bikini,68762,4609.0,01JYPMJYQ08JKMAV109E8E27GE,01JYPEZKQ1NZ4QHNM7V2T2VYY0,15,clothes,1.0,1,Swimwear,bikini,bikini,,True,15
belt,70580,1818.0,01JYPMJYQ08JKMAV109E8E27GE,01JYPEZKQ1NZ4QHNM7V2T2VYY0,16,clothes,1.0,1,Wardrobe Must-Have,belt,belt,,True,16
hoodie,73915,3335.0,01JYPMJYQ08JKMAV109E8E27GE,01JYPEZKQ1NZ4QHNM7V2T2VYY0,17,clothes,0.0,1,Wardrobe Must-Have,hoodie,hoodie,,True,17
pyjama,77965,4050.0,01JYPMJYQ08JKMAV109E8E27GE,01JYPEZKQ1NZ4QHNM7V2T2VYY0,18,clothes,1.0,1,Nightwear,pyjamas,pyjama,,True,18
bra,80575,2610.0,01JYPMJYQ08JKMAV109E8E27GE,01JYPEZKQ1NZ4QHNM7V2T2VYY0,19,clothes,1.0,1,Everyday Essentials,bra,bra,,True,19
sock,83489,2914.0,01JYPMJYQ08JKMAV109E8E27GE,01JYPEZKQ1NZ4QHNM7V2T2VYY0,20,clothes,0.0,1,Everyday Essentials,socks,sock,,True,20
suit,84911,1422.0,01JYPMJYQ08JKMAV109E8E27GE,01JYPEZKQ1NZ4QHNM7V2T2VYY0,21,clothes,1.0,1,Smart Clothing and Layers,suit,suit,,True,21
shirt,86414,1503.0,01JYPMJYQ08JKMAV109E8E27GE,01JYPEZKQ1NZ4QHNM7V2T2VYY0,22,clothes,0.0,1,Smart Clothing and Layers,shirt,shirt,,True,22
vest,90657,4243.0,01JYPMJYQ08JKMAV109E8E27GE,01JYPEZKQ1NZ4QHNM7V2T2VYY0,23,clothes,0.0,1,Smart Clothing and Layers,vest,vest,,True,23
jumper,94178,3521.0,01JYPMJYQ08JKMAV109E8E27GE,01JYPEZKQ1NZ4QHNM7V2T2VYY0,24,clothes,0.0,1,Smart Clothing and Layers,jumper,jumper,,True,24
sweatshirt,97388,3210.0,01JYPMJYQ08JKMAV109E8E27GE,01JYPEZKQ1NZ4QHNM7V2T2VYY0,25,clothes,0.0,1,Smart Clothing and Layers,sweatshirt,sweatshirt,,True,25
blazer,99802,2414.0,01JYPMJYQ08JKMAV109E8E27GE,01JYPEZKQ1NZ4QHNM7V2T2VYY0,26,clothes,0.0,1,Smart Clothing and Layers,blazer,blazer,,True,26
tie,101341,1539.0,01JYPMJYQ08JKMAV109E8E27GE,01JYPEZKQ1NZ4QHNM7V2T2VYY0,27,clothes,0.0,1,Smart Clothing and Layers,tie,tie,,True,27
shoe,103286,1945.0,01JYPMJYQ08JKMAV109E8E27GE,01JYPEZKQ1NZ4QHNM7V2T2VYY0,28,clothes,1.0,1,Sportswear Favourites,shoes,shoe,,True,28
trainer,105326,2040.0,01JYPMJYQ08JKMAV109E8E27GE,01JYPEZKQ1NZ4QHNM7V2T2VYY0,29,clothes,0.0,1,Sportswear Favourites,trainers,trainer,,True,29
tracksuit,117822,12496.0,01JYPMJYQ08JKMAV109E8E27GE,01JYPEZKQ1NZ4QHNM7V2T2VYY0,30,clothes,0.0,1,Sportswear Favourites,tracksuit,tracksuit,,True,30
flare,124377,6555.0,01JYPMJYQ08JKMAV109E8E27GE,01JYPEZKQ1NZ4QHNM7V2T2VYY0,31,clothes,0.0,1,Sportswear Favourites,flares,flare,,True,31
sandal,138096,13719.0,01JYPMJYQ08JKMAV109E8E27GE,01JYPEZKQ1NZ4QHNM7V2T2VYY0,32,clothes,1.0,1,Seasonal and Footwear,sandals,sandal,,True,32
flip-flop,144434,6338.0,01JYPMJYQ08JKMAV109E8E27GE,01JYPEZKQ1NZ4QHNM7V2T2VYY0,33,clothes,0.0,1,Seasonal and Footwear,flip-flops,flipflop,,True,33
gilet,154441,10007.0,01JYPMJYQ08JKMAV109E8E27GE,01JYPEZKQ1NZ4QHNM7V2T2VYY0,34,clothes,0.0,1,Seasonal and Footwear,gilet,gilet,,True,34
mitten,159421,4980.0,01JYPMJYQ08JKMAV109E8E27GE,01JYPEZKQ1NZ4QHNM7V2T2VYY0,35,clothes,0.0,1,Seasonal and Footwear,mittens,mitten,,True,35
heel,163662,4241.0,01JYPMJYQ08JKMAV109E8E27GE,01JYPEZKQ1NZ4QHNM7V2T2VYY0,36,clothes,0.0,1,Seasonal and Footwear,heels,heel,,True,36
trench,170959,7297.0,01JYPMJYQ08JKMAV109E8E27GE,01JYPEZKQ1NZ4QHNM7V2T2VYY0,37,clothes,0.0,1,Seasonal and Footwear,trench,trench,,True,37
banana,9318,9318.0,01JYPNPHXBEXBTW6HT4R5CM1B1,01JYPEZMFVS7ZBWSE50MS5B3TS,0,supermarket,1.0,1,greens,banana,banana,,True,0
apple,10991,1673.0,01JYPNPHXBEXBTW6HT4R5CM1B1,01JYPEZMFVS7ZBWSE50MS5B3TS,1,supermarket,0.0,1,greens,apple,apple,,True,1
fruit,16265,5274.0,01JYPNPHXBEXBTW6HT4R5CM1B1,01JYPEZMFVS7ZBWSE50MS5B3TS,2,supermarket,0.0,1,greens,fruits,fruit,,True,2
vegetable,19990,3725.0,01JYPNPHXBEXBTW6HT4R5CM1B1,01JYPEZMFVS7ZBWSE50MS5B3TS,3,supermarket,0.0,1,greens,vegetables,vegetable,,True,3
radish,24056,4066.0,01JYPNPHXBEXBTW6HT4R5CM1B1,01JYPEZMFVS7ZBWSE50MS5B3TS,4,supermarket,0.0,1,greens,radish,radish,,True,4
cucumber,27003,2947.0,01JYPNPHXBEXBTW6HT4R5CM1B1,01JYPEZMFVS7ZBWSE50MS5B3TS,5,supermarket,0.0,1,greens,cucumber,cucumber,,True,5
lettuce,30430,3427.0,01JYPNPHXBEXBTW6HT4R5CM1B1,01JYPEZMFVS7ZBWSE50MS5B3TS,6,supermarket,0.0,1,greens,lettuce,lettuce,,True,6
parsley,32305,1875.0,01JYPNPHXBEXBTW6HT4R5CM1B1,01JYPEZMFVS7ZBWSE50MS5B3TS,7,supermarket,0.0,1,greens,parsley,parsley,,True,7
dill,33515,1210.0,01JYPNPHXBEXBTW6HT4R5CM1B1,01JYPEZMFVS7ZBWSE50MS5B3TS,8,supermarket,0.0,1,greens,dill,dill,,True,8
oregano,36497,2982.0,01JYPNPHXBEXBTW6HT4R5CM1B1,01JYPEZMFVS7ZBWSE50MS5B3TS,9,supermarket,0.0,1,greens,oregano,oregano,,True,9
pepper,38853,2356.0,01JYPNPHXBEXBTW6HT4R5CM1B1,01JYPEZMFVS7ZBWSE50MS5B3TS,10,supermarket,0.0,1,greens,pepper,pepper,,True,10
red pepper,41219,2366.0,01JYPNPHXBEXBTW6HT4R5CM1B1,01JYPEZMFVS7ZBWSE50MS5B3TS,11,supermarket,0.0,1,greens,red pepper,redpepper,,True,11
almond,42445,1226.0,01JYPNPHXBEXBTW6HT4R5CM1B1,01JYPEZMFVS7ZBWSE50MS5B3TS,12,supermarket,0.0,1,greens,alt,almond,,True,12
condiment,47222,4777.0,01JYPNPHXBEXBTW6HT4R5CM1B1,01JYPEZMFVS7ZBWSE50MS5B3TS,13,supermarket,0.0,1,greens,condiments,condiment,,True,13
trolley,55162,7940.0,01JYPNPHXBEXBTW6HT4R5CM1B1,01JYPEZMFVS7ZBWSE50MS5B3TS,14,supermarket,0.0,1,greens,trolley,trolley,,True,14
bag,60780,5618.0,01JYPNPHXBEXBTW6HT4R5CM1B1,01JYPEZMFVS7ZBWSE50MS5B3TS,15,supermarket,0.0,1,greens,bags,bag,,True,15
flour,62404,1624.0,01JYPNPHXBEXBTW6HT4R5CM1B1,01JYPEZMFVS7ZBWSE50MS5B3TS,16,supermarket,0.0,1,greens,flour,flour,,True,16
ice,64426,2022.0,01JYPNPHXBEXBTW6HT4R5CM1B1,01JYPEZMFVS7ZBWSE50MS5B3TS,17,supermarket,0.0,1,greens,ice,ice,,True,17
rice,67681,3255.0,01JYPNPHXBEXBTW6HT4R5CM1B1,01JYPEZMFVS7ZBWSE50MS5B3TS,18,supermarket,0.0,1,greens,rice,rice,,True,18
water,69754,2073.0,01JYPNPHXBEXBTW6HT4R5CM1B1,01JYPEZMFVS7ZBWSE50MS5B3TS,19,supermarket,0.0,1,greens,water,water,,True,19
juice,72075,2321.0,01JYPNPHXBEXBTW6HT4R5CM1B1,01JYPEZMFVS7ZBWSE50MS5B3TS,20,supermarket,0.0,1,greens,juice,juice,,True,20
vodka,73876,1801.0,01JYPNPHXBEXBTW6HT4R5CM1B1,01JYPEZMFVS7ZBWSE50MS5B3TS,21,supermarket,0.0,1,greens,vodka,vodka,,True,21
orange,79935,6059.0,01JYPNPHXBEXBTW6HT4R5CM1B1,01JYPEZMFVS7ZBWSE50MS5B3TS,22,supermarket,1.0,1,cocktail,oranges,orange,,True,22
lemon,83101,3166.0,01JYPNPHXBEXBTW6HT4R5CM1B1,01JYPEZMFVS7ZBWSE50MS5B3TS,23,supermarket,0.0,1,cocktail,lemons,lemon,,True,23
strawberry,87358,4257.0,01JYPNPHXBEXBTW6HT4R5CM1B1,01JYPEZMFVS7ZBWSE50MS5B3TS,24,supermarket,0.0,1,cocktail,strawberries,strawberry,,True,24
gin,90827,3469.0,01JYPNPHXBEXBTW6HT4R5CM1B1,01JYPEZMFVS7ZBWSE50MS5B3TS,25,supermarket,0.0,1,cocktail,gin,gin,,True,25
beer,93841,3014.0,01JYPNPHXBEXBTW6HT4R5CM1B1,01JYPEZMFVS7ZBWSE50MS5B3TS,26,supermarket,0.0,1,cocktail,beer,beer,,True,26
rum,96637,2796.0,01JYPNPHXBEXBTW6HT4R5CM1B1,01JYPEZMFVS7ZBWSE50MS5B3TS,27,supermarket,0.0,1,cocktail,rum,rum,,True,27
bread,98442,1805.0,01JYPNPHXBEXBTW6HT4R5CM1B1,01JYPEZMFVS7ZBWSE50MS5B3TS,28,supermarket,0.0,1,cocktail,bread,bread,,True,28
cake,99711,1269.0,01JYPNPHXBEXBTW6HT4R5CM1B1,01JYPEZMFVS7ZBWSE50MS5B3TS,29,supermarket,0.0,1,cocktail,cake,cake,,True,29
cookie,104780,5069.0,01JYPNPHXBEXBTW6HT4R5CM1B1,01JYPEZMFVS7ZBWSE50MS5B3TS,30,supermarket,0.0,1,cocktail,cookies,cookie,,True,30
gum,106064,1284.0,01JYPNPHXBEXBTW6HT4R5CM1B1,01JYPEZMFVS7ZBWSE50MS5B3TS,31,supermarket,1.0,1,kids,gums,gum,,True,31
lollipop,109398,3334.0,01JYPNPHXBEXBTW6HT4R5CM1B1,01JYPEZMFVS7ZBWSE50MS5B3TS,32,supermarket,0.0,1,kids,lollipos,lollipop,,True,32
jelly,112216,2818.0,01JYPNPHXBEXBTW6HT4R5CM1B1,01JYPEZMFVS7ZBWSE50MS5B3TS,33,supermarket,0.0,1,kids,jelly,jelly,,True,33
jam,115353,3137.0,01JYPNPHXBEXBTW6HT4R5CM1B1,01JYPEZMFVS7ZBWSE50MS5B3TS,34,supermarket,0.0,1,kids,jam,jam,,True,34
ice cream,118463,3110.0,01JYPNPHXBEXBTW6HT4R5CM1B1,01JYPEZMFVS7ZBWSE50MS5B3TS,35,supermarket,1.0,1,cakes,ice pudding,icecream,,True,35
cream,120400,1937.0,01JYPNPHXBEXBTW6HT4R5CM1B1,01JYPEZMFVS7ZBWSE50MS5B3TS,36,supermarket,0.0,1,cakes,cream,cream,,True,36
frosting,125523,5123.0,01JYPNPHXBEXBTW6HT4R5CM1B1,01JYPEZMFVS7ZBWSE50MS5B3TS,37,supermarket,0.0,1,cakes,frosting ice,frosting,,True,37
cloth,132332,6809.0,01JYPNPHXBEXBTW6HT4R5CM1B1,01JYPEZMFVS7ZBWSE50MS5B3TS,38,supermarket,1.0,1,self care,clothes,cloth,,True,38
t-shirt,134971,2639.0,01JYPNPHXBEXBTW6HT4R5CM1B1,01JYPEZMFVS7ZBWSE50MS5B3TS,39,supermarket,0.0,1,self care,tshirt,tshirt,,True,39
pajamas,138684,3713.0,01JYPNPHXBEXBTW6HT4R5CM1B1,01JYPEZMFVS7ZBWSE50MS5B3TS,40,supermarket,0.0,1,self care,pijamas,pajamas,,True,40
oil,141004,2320.0,01JYPNPHXBEXBTW6HT4R5CM1B1,01JYPEZMFVS7ZBWSE50MS5B3TS,41,supermarket,0.0,1,self care,oil,oil,,True,41
avocado,144505,3501.0,01JYPNPHXBEXBTW6HT4R5CM1B1,01JYPEZMFVS7ZBWSE50MS5B3TS,42,supermarket,0.0,1,self care,avocado,avocado,,True,42
seed,148218,3713.0,01JYPNPHXBEXBTW6HT4R5CM1B1,01JYPEZMFVS7ZBWSE50MS5B3TS,43,supermarket,0.0,1,self care,seeds,seed,,True,43
pumpkin,151706,3488.0,01JYPNPHXBEXBTW6HT4R5CM1B1,01JYPEZMFVS7ZBWSE50MS5B3TS,44,supermarket,0.0,1,self care,pumpkin,pumpkin,,True,44
soda,155671,3965.0,01JYPNPHXBEXBTW6HT4R5CM1B1,01JYPEZMFVS7ZBWSE50MS5B3TS,45,supermarket,0.0,1,self care,soda,soda,,True,45
bun,164641,8970.0,01JYPNPHXBEXBTW6HT4R5CM1B1,01JYPEZMFVS7ZBWSE50MS5B3TS,46,supermarket,0.0,1,self care,buns,bun,,True,46
carrot,176309,11668.0,01JYPNPHXBEXBTW6HT4R5CM1B1,01JYPEZMFVS7ZBWSE50MS5B3TS,47,supermarket,0.0,1,self care,carrots,carrot,,True,47
Sock,4352,4352.0,01K0Q6MK1W076E147MTMVZQK33,01K0Q648DVFX04BMVHDB8TEDP1,0,clothes,1.0,2,Underwear,Socks,sock,,True,0
Pant,6560,2208.0,01K0Q6MK1W076E147MTMVZQK33,01K0Q648DVFX04BMVHDB8TEDP1,1,clothes,0.0,2,Underwear,Pants,pant,,True,1
Trousers,9682,3122.0,01K0Q6MK1W076E147MTMVZQK33,01K0Q648DVFX04BMVHDB8TEDP1,2,clothes,1.0,2,Bottoms,Trousers,trousers,,True,2
Hat,11017,1335.0,01K0Q6MK1W076E147MTMVZQK33,01K0Q648DVFX04BMVHDB8TEDP1,3,clothes,1.0,2,Headwear,Hate,hat,,True,3
Top,15483,2175.0,01K0Q6MK1W076E147MTMVZQK33,01K0Q648DVFX04BMVHDB8TEDP1,5,clothes,1.0,2,Tops,Top,top,,True,4
T-shirt,18071,2588.0,01K0Q6MK1W076E147MTMVZQK33,01K0Q648DVFX04BMVHDB8TEDP1,6,clothes,0.0,2,Tops,Tshirt,tshirt,,True,5
Pyjama,25751,7680.0,01K0Q6MK1W076E147MTMVZQK33,01K0Q648DVFX04BMVHDB8TEDP1,7,clothes,1.0,2,Comfies,Pjyamas,pyjama,,True,6
Shoe,28943,3192.0,01K0Q6MK1W076E147MTMVZQK33,01K0Q648DVFX04BMVHDB8TEDP1,8,clothes,1.0,2,Shoes,Shoes,shoe,,True,7
Short,33234,4291.0,01K0Q6MK1W076E147MTMVZQK33,01K0Q648DVFX04BMVHDB8TEDP1,9,clothes,1.0,2,Bottoms ,Shorts,short,,True,8
Skirt,34936,1702.0,01K0Q6MK1W076E147MTMVZQK33,01K0Q648DVFX04BMVHDB8TEDP1,10,clothes,0.0,2,Bottoms ,Skirt,skirt,,True,9
Suit,37864,2928.0,01K0Q6MK1W076E147MTMVZQK33,01K0Q648DVFX04BMVHDB8TEDP1,11,clothes,1.0,2,Formal,Suit,suit,,True,10
Track suit,45279,7415.0,01K0Q6MK1W076E147MTMVZQK33,01K0Q648DVFX04BMVHDB8TEDP1,12,clothes,1.0,2,Gym wear,Trackies,tracksuit,,True,11
Hoodie,47809,2530.0,01K0Q6MK1W076E147MTMVZQK33,01K0Q648DVFX04BMVHDB8TEDP1,13,clothes,0.0,2,Gym wear,Hoodie,hoodie,,True,12
Polo shirt,54680,6871.0,01K0Q6MK1W076E147MTMVZQK33,01K0Q648DVFX04BMVHDB8TEDP1,14,clothes,1.0,2,Top type,Polo shirt,poloshirt,,True,13
Bra,61166,6486.0,01K0Q6MK1W076E147MTMVZQK33,01K0Q648DVFX04BMVHDB8TEDP1,15,clothes,1.0,2,Underwear Women,Bra,bra,,True,14
Swimming costume,64856,3690.0,01K0Q6MK1W076E147MTMVZQK33,01K0Q648DVFX04BMVHDB8TEDP1,16,clothes,1.0,2,Accesory,Swimming costume,swimmingcostume,,True,15
Scarf,72794,7938.0,01K0Q6MK1W076E147MTMVZQK33,01K0Q648DVFX04BMVHDB8TEDP1,17,clothes,0.0,2,Accesory,Scarf,scarf,,True,16
glove,79608,6814.0,01K0Q6MK1W076E147MTMVZQK33,01K0Q648DVFX04BMVHDB8TEDP1,18,clothes,1.0,2,Outdoors,gloves,glove,,True,17
coat,82531,2923.0,01K0Q6MK1W076E147MTMVZQK33,01K0Q648DVFX04BMVHDB8TEDP1,19,clothes,0.0,2,Outdoors,coat,coat,,True,18
jacket,88348,5817.0,01K0Q6MK1W076E147MTMVZQK33,01K0Q648DVFX04BMVHDB8TEDP1,20,clothes,0.0,2,Outdoors,jacket,jacket,,True,19
Cargo,103274,14926.0,01K0Q6MK1W076E147MTMVZQK33,01K0Q648DVFX04BMVHDB8TEDP1,21,clothes,1.0,2,Bottom half,Cargos,cargo,,True,20
Legging,118455,15181.0,01K0Q6MK1W076E147MTMVZQK33,01K0Q648DVFX04BMVHDB8TEDP1,22,clothes,0.0,2,Bottom half,Leggings,legging,,True,21
jumpsuit,121117,2662.0,01K0Q6MK1W076E147MTMVZQK33,01K0Q648DVFX04BMVHDB8TEDP1,23,clothes,1.0,2,Pretty outfits,jumpsuit,jumpsuit,,True,22
dress,122790,1673.0,01K0Q6MK1W076E147MTMVZQK33,01K0Q648DVFX04BMVHDB8TEDP1,24,clothes,0.0,2,Pretty outfits,dress,dres,,True,23
dungaree,127977,5187.0,01K0Q6MK1W076E147MTMVZQK33,01K0Q648DVFX04BMVHDB8TEDP1,25,clothes,0.0,2,Pretty outfits,dungarees,dungaree,,True,24
earmuff,146428,18451.0,01K0Q6MK1W076E147MTMVZQK33,01K0Q648DVFX04BMVHDB8TEDP1,26,clothes,1.0,2,Ear covers,earmuffs,earmuff,,True,25
raincoat,152132,5704.0,01K0Q6MK1W076E147MTMVZQK33,01K0Q648DVFX04BMVHDB8TEDP1,27,clothes,1.0,2,Outdoor wear,raincoat,raincoat,,True,26
playsuit,168394,16262.0,01K0Q6MK1W076E147MTMVZQK33,01K0Q648DVFX04BMVHDB8TEDP1,28,clothes,1.0,2,All in one,playsuit,playsuit,,True,27
tomato,8071,8071.0,01K0Q6NEJ0M60N5M2TF8DYRDJK,01K0Q648FNXKN4M3Q70KXC2HFH,0,supermarket,1.0,2,Produce,tomatoes,tomato,,True,0
bean,11768,3697.0,01K0Q6NEJ0M60N5M2TF8DYRDJK,01K0Q648FNXKN4M3Q70KXC2HFH,1,supermarket,0.0,2,Produce,beans,bean,,True,1
chicken,15368,3600.0,01K0Q6NEJ0M60N5M2TF8DYRDJK,01K0Q648FNXKN4M3Q70KXC2HFH,2,supermarket,1.0,2,Meat,chicken,chicken,,True,2
steak,16473,1105.0,01K0Q6NEJ0M60N5M2TF8DYRDJK,01K0Q648FNXKN4M3Q70KXC2HFH,3,supermarket,1.0,2,Meat,steak,steak,,True,3
ground beef,21287,4814.0,01K0Q6NEJ0M60N5M2TF8DYRDJK,01K0Q648FNXKN4M3Q70KXC2HFH,4,supermarket,1.0,2,Meat,ground beef,groundbeef,,True,4
hotdog,23409,2122.0,01K0Q6NEJ0M60N5M2TF8DYRDJK,01K0Q648FNXKN4M3Q70KXC2HFH,5,supermarket,1.0,2,Meat,hotdogs,hotdog,,True,5
hamburger,26331,2922.0,01K0Q6NEJ0M60N5M2TF8DYRDJK,01K0Q648FNXKN4M3Q70KXC2HFH,6,supermarket,1.0,2,Meat,hamburgers,hamburger,,True,6
hamburger bun,30038,3707.0,01K0Q6NEJ0M60N5M2TF8DYRDJK,01K0Q648FNXKN4M3Q70KXC2HFH,7,supermarket,1.0,2,Bakery,hamburger buns,hamburgerbun,,True,7
hot dog bun,33407,3369.0,01K0Q6NEJ0M60N5M2TF8DYRDJK,01K0Q648FNXKN4M3Q70KXC2HFH,8,supermarket,1.0,2,Produce Bakery,hotdog buns,hotdogbun,,True,8
cheese,36232,2825.0,01K0Q6NEJ0M60N5M2TF8DYRDJK,01K0Q648FNXKN4M3Q70KXC2HFH,9,supermarket,0.0,2,Produce Bakery,cheese,cheese,,True,9
bologna,41681,5449.0,01K0Q6NEJ0M60N5M2TF8DYRDJK,01K0Q648FNXKN4M3Q70KXC2HFH,10,supermarket,0.0,2,Produce Bakery,bologna,bologna,,True,10
turkey,46812,5131.0,01K0Q6NEJ0M60N5M2TF8DYRDJK,01K0Q648FNXKN4M3Q70KXC2HFH,11,supermarket,0.0,2,Produce Bakery,turkey,turkey,,True,11
salami,57770,10958.0,01K0Q6NEJ0M60N5M2TF8DYRDJK,01K0Q648FNXKN4M3Q70KXC2HFH,12,supermarket,0.0,2,Produce Bakery,salami,salami,,True,12
broccoli,62504,4734.0,01K0Q6NEJ0M60N5M2TF8DYRDJK,01K0Q648FNXKN4M3Q70KXC2HFH,13,supermarket,0.0,2,Produce Bakery,broccoli,broccoli,,True,13
avocado,66430,3926.0,01K0Q6NEJ0M60N5M2TF8DYRDJK,01K0Q648FNXKN4M3Q70KXC2HFH,14,supermarket,0.0,2,Produce Bakery,avacadoes,avocado,,True,14
cauliflower,71268,4838.0,01K0Q6NEJ0M60N5M2TF8DYRDJK,01K0Q648FNXKN4M3Q70KXC2HFH,15,supermarket,0.0,2,Produce Bakery,cauliflower,cauliflower,,True,15
french fry,78030,6762.0,01K0Q6NEJ0M60N5M2TF8DYRDJK,01K0Q648FNXKN4M3Q70KXC2HFH,16,supermarket,0.0,2,Produce Bakery,french fries,frenchfry,,True,16
salmon,87399,9369.0,01K0Q6NEJ0M60N5M2TF8DYRDJK,01K0Q648FNXKN4M3Q70KXC2HFH,17,supermarket,0.0,2,Produce Bakery,salmon,salmon,,True,17
sausage,91616,4217.0,01K0Q6NEJ0M60N5M2TF8DYRDJK,01K0Q648FNXKN4M3Q70KXC2HFH,18,supermarket,0.0,2,Produce Bakery,sausages,sausage,,True,18
toilet paper,98502,6886.0,01K0Q6NEJ0M60N5M2TF8DYRDJK,01K0Q648FNXKN4M3Q70KXC2HFH,19,supermarket,0.0,2,Produce Bakery,toilet paper,toiletpaper,,True,19
paper towel,102618,4116.0,01K0Q6NEJ0M60N5M2TF8DYRDJK,01K0Q648FNXKN4M3Q70KXC2HFH,20,supermarket,0.0,2,Produce Bakery,paper towels,papertowel,,True,20
chip,107203,4585.0,01K0Q6NEJ0M60N5M2TF8DYRDJK,01K0Q648FNXKN4M3Q70KXC2HFH,21,supermarket,1.0,2,Snacks,chips,chip,,True,21
salsa,109756,2553.0,01K0Q6NEJ0M60N5M2TF8DYRDJK,01K0Q648FNXKN4M3Q70KXC2HFH,22,supermarket,1.0,2,Snacks,salsa,salsa,,True,22
dip,112165,2409.0,01K0Q6NEJ0M60N5M2TF8DYRDJK,01K0Q648FNXKN4M3Q70KXC2HFH,23,supermarket,0.0,2,Snacks,dip,dip,,True,23
Canned tuna,123170,11005.0,01K0Q6NEJ0M60N5M2TF8DYRDJK,01K0Q648FNXKN4M3Q70KXC2HFH,24,supermarket,1.0,2,Assorted,Canned tuna,cannedtuna,,True,24
Spice,127476,4306.0,01K0Q6NEJ0M60N5M2TF8DYRDJK,01K0Q648FNXKN4M3Q70KXC2HFH,25,supermarket,0.0,2,Assorted,Spices,spice,,True,25
ice cream,134630,7154.0,01K0Q6NEJ0M60N5M2TF8DYRDJK,01K0Q648FNXKN4M3Q70KXC2HFH,26,supermarket,0.0,2,Assorted,ice cream,icecream,,True,26
pickle,137500,2870.0,01K0Q6NEJ0M60N5M2TF8DYRDJK,01K0Q648FNXKN4M3Q70KXC2HFH,27,supermarket,0.0,2,Assorted,pickles,pickle,,True,27
fruit juice,143664,6164.0,01K0Q6NEJ0M60N5M2TF8DYRDJK,01K0Q648FNXKN4M3Q70KXC2HFH,28,supermarket,0.0,2,Assorted,fruit juice,fruitjuice,,True,28
asparagus,166033,22369.0,01K0Q6NEJ0M60N5M2TF8DYRDJK,01K0Q648FNXKN4M3Q70KXC2HFH,29,supermarket,1.0,2,Produce,asparagus,asparagu,,True,29
green pepper,172781,6748.0,01K0Q6NEJ0M60N5M2TF8DYRDJK,01K0Q648FNXKN4M3Q70KXC2HFH,30,supermarket,1.0,2,Produce,green pepper,greenpepper,,True,30
onion,174561,1780.0,01K0Q6NEJ0M60N5M2TF8DYRDJK,01K0Q648FNXKN4M3Q70KXC2HFH,31,supermarket,1.0,2,Produce,onion,onion,,True,31
Salad,179569,5008.0,01K0Q6NEJ0M60N5M2TF8DYRDJK,01K0Q648FNXKN4M3Q70KXC2HFH,32,supermarket,0.0,2,Produce,Salad,salad,,True,32
bread,5559,5559.0,01K0Q6R8WK3AM04PNGRZGFG7KN,01K0Q648FFT9NBVKNBJN9AYPF5,0,supermarket,1.0,2,First word I thought of,bread,bread,,True,0
milk,8499,2940.0,01K0Q6R8WK3AM04PNGRZGFG7KN,01K0Q648FFT9NBVKNBJN9AYPF5,1,supermarket,1.0,2,Things you can drink,milk,milk,,True,1
juice,10394,1895.0,01K0Q6R8WK3AM04PNGRZGFG7KN,01K0Q648FFT9NBVKNBJN9AYPF5,2,supermarket,0.0,2,Things you can drink,juice,juice,,True,2
soda,11608,1214.0,01K0Q6R8WK3AM04PNGRZGFG7KN,01K0Q648FFT9NBVKNBJN9AYPF5,3,supermarket,0.0,2,Things you can drink,soda,soda,,True,3
coffee,13635,2027.0,01K0Q6R8WK3AM04PNGRZGFG7KN,01K0Q648FFT9NBVKNBJN9AYPF5,4,supermarket,0.0,2,Things you can drink,coffee,coffee,,True,4
water,19671,6036.0,01K0Q6R8WK3AM04PNGRZGFG7KN,01K0Q648FFT9NBVKNBJN9AYPF5,5,supermarket,0.0,2,Things you can drink,water,water,,True,5
tea,23158,3487.0,01K0Q6R8WK3AM04PNGRZGFG7KN,01K0Q648FFT9NBVKNBJN9AYPF5,6,supermarket,0.0,2,Things you can drink,tea,tea,,True,6
chip,28853,5695.0,01K0Q6R8WK3AM04PNGRZGFG7KN,01K0Q648FFT9NBVKNBJN9AYPF5,7,supermarket,1.0,2,Snack foods,chips,chip,,True,7
cracker,31755,2902.0,01K0Q6R8WK3AM04PNGRZGFG7KN,01K0Q648FFT9NBVKNBJN9AYPF5,8,supermarket,0.0,2,Snack foods,crackers,cracker,,True,8
cookie,40336,8581.0,01K0Q6R8WK3AM04PNGRZGFG7KN,01K0Q648FFT9NBVKNBJN9AYPF5,9,supermarket,1.0,2,Food you can find in a bakery,cookies,cookie,,True,9
brownie,43568,3232.0,01K0Q6R8WK3AM04PNGRZGFG7KN,01K0Q648FFT9NBVKNBJN9AYPF5,10,supermarket,0.0,2,Food you can find in a bakery,brownies,brownie,,True,10
cake,46128,2560.0,01K0Q6R8WK3AM04PNGRZGFG7KN,01K0Q648FFT9NBVKNBJN9AYPF5,11,supermarket,0.0,2,Food you can find in a bakery,cake,cake,,True,11
batter,57226,11098.0,01K0Q6R8WK3AM04PNGRZGFG7KN,01K0Q648FFT9NBVKNBJN9AYPF5,12,supermarket,1.0,2,Foods needed to bake,batter,batter,,True,12
flour,59196,1970.0,01K0Q6R8WK3AM04PNGRZGFG7KN,01K0Q648FFT9NBVKNBJN9AYPF5,13,supermarket,0.0,2,Foods needed to bake,flour,flour,,True,13
sugar,60347,1151.0,01K0Q6R8WK3AM04PNGRZGFG7KN,01K0Q648FFT9NBVKNBJN9AYPF5,14,supermarket,0.0,2,Foods needed to bake,sugar,sugar,,True,14
salt,61106,759.0,01K0Q6R8WK3AM04PNGRZGFG7KN,01K0Q648FFT9NBVKNBJN9AYPF5,15,supermarket,1.0,2,Spices,salt,salt,,True,15
pepper,63795,2689.0,01K0Q6R8WK3AM04PNGRZGFG7KN,01K0Q648FFT9NBVKNBJN9AYPF5,16,supermarket,0.0,2,Spices,pepper,pepper,,True,16
dressing,70814,7019.0,01K0Q6R8WK3AM04PNGRZGFG7KN,01K0Q648FFT9NBVKNBJN9AYPF5,17,supermarket,1.0,2,Random word,dressing,dressing,,True,17
fruit,72750,1936.0,01K0Q6R8WK3AM04PNGRZGFG7KN,01K0Q648FFT9NBVKNBJN9AYPF5,18,supermarket,1.0,2,Produce items,fruit,fruit,,True,18
vegetable,75871,3121.0,01K0Q6R8WK3AM04PNGRZGFG7KN,01K0Q648FFT9NBVKNBJN9AYPF5,19,supermarket,0.0,2,Produce items,vegetables,vegetable,,True,19
toilet paper,85792,9921.0,01K0Q6R8WK3AM04PNGRZGFG7KN,01K0Q648FFT9NBVKNBJN9AYPF5,20,supermarket,1.0,2,Household/bathroom items,toilet paper,toiletpaper,,True,20
paper towel,88349,2557.0,01K0Q6R8WK3AM04PNGRZGFG7KN,01K0Q648FFT9NBVKNBJN9AYPF5,21,supermarket,0.0,2,Household/bathroom items,paper towels,papertowel,,True,21
toothpaste,97993,9644.0,01K0Q6R8WK3AM04PNGRZGFG7KN,01K0Q648FFT9NBVKNBJN9AYPF5,22,supermarket,0.0,2,Household/bathroom items,toothpaste,toothpaste,,True,22
candy,109831,11838.0,01K0Q6R8WK3AM04PNGRZGFG7KN,01K0Q648FFT9NBVKNBJN9AYPF5,23,supermarket,1.0,2,Random word,candy,candy,,True,23
apple,120423,10592.0,01K0Q6R8WK3AM04PNGRZGFG7KN,01K0Q648FFT9NBVKNBJN9AYPF5,24,supermarket,1.0,2,Types of fruit,apple,apple,,True,24
banana,123473,3050.0,01K0Q6R8WK3AM04PNGRZGFG7KN,01K0Q648FFT9NBVKNBJN9AYPF5,25,supermarket,0.0,2,Types of fruit,banana,banana,,True,25
kiwi,125228,1755.0,01K0Q6R8WK3AM04PNGRZGFG7KN,01K0Q648FFT9NBVKNBJN9AYPF5,26,supermarket,0.0,2,Types of fruit,kiwi,kiwi,,True,26
mango,127694,2466.0,01K0Q6R8WK3AM04PNGRZGFG7KN,01K0Q648FFT9NBVKNBJN9AYPF5,27,supermarket,0.0,2,Types of fruit,mango,mango,,True,27
watermelon,132347,4653.0,01K0Q6R8WK3AM04PNGRZGFG7KN,01K0Q648FFT9NBVKNBJN9AYPF5,28,supermarket,0.0,2,Types of fruit,watermelon,watermelon,,True,28
grape,134790,2443.0,01K0Q6R8WK3AM04PNGRZGFG7KN,01K0Q648FFT9NBVKNBJN9AYPF5,29,supermarket,0.0,2,Types of fruit,grapes,grape,,True,29
raspberry,137183,2393.0,01K0Q6R8WK3AM04PNGRZGFG7KN,01K0Q648FFT9NBVKNBJN9AYPF5,30,supermarket,0.0,2,Types of fruit,raspberry,raspberry,,True,30
strawberry,139941,2758.0,01K0Q6R8WK3AM04PNGRZGFG7KN,01K0Q648FFT9NBVKNBJN9AYPF5,31,supermarket,0.0,2,Types of fruit,strawberry,strawberry,,True,31
blueberry,143642,3701.0,01K0Q6R8WK3AM04PNGRZGFG7KN,01K0Q648FFT9NBVKNBJN9AYPF5,32,supermarket,0.0,2,Types of fruit,blueberry,blueberry,,True,32
pineapple,149554,5912.0,01K0Q6R8WK3AM04PNGRZGFG7KN,01K0Q648FFT9NBVKNBJN9AYPF5,33,supermarket,0.0,2,Types of fruit,pineapple,pineapple,,True,33
ham,152929,3375.0,01K0Q6R8WK3AM04PNGRZGFG7KN,01K0Q648FFT9NBVKNBJN9AYPF5,34,supermarket,1.0,2,Different meats,ham,ham,,True,34
turkey,154212,1283.0,01K0Q6R8WK3AM04PNGRZGFG7KN,01K0Q648FFT9NBVKNBJN9AYPF5,35,supermarket,0.0,2,Different meats,turkey,turkey,,True,35
beef,155357,1145.0,01K0Q6R8WK3AM04PNGRZGFG7KN,01K0Q648FFT9NBVKNBJN9AYPF5,36,supermarket,0.0,2,Different meats,beef,beef,,True,36
steak,156187,830.0,01K0Q6R8WK3AM04PNGRZGFG7KN,01K0Q648FFT9NBVKNBJN9AYPF5,37,supermarket,0.0,2,Different meats,steak,steak,,True,37
chicken,158903,2716.0,01K0Q6R8WK3AM04PNGRZGFG7KN,01K0Q648FFT9NBVKNBJN9AYPF5,38,supermarket,0.0,2,Different meats,chicken,chicken,,True,38
salami,166890,7987.0,01K0Q6R8WK3AM04PNGRZGFG7KN,01K0Q648FFT9NBVKNBJN9AYPF5,39,supermarket,0.0,2,Different meats,salami,salami,,True,39
cheese,171747,4857.0,01K0Q6R8WK3AM04PNGRZGFG7KN,01K0Q648FFT9NBVKNBJN9AYPF5,40,supermarket,1.0,2,Dairy items,cheese,cheese,,True,40
butter,172620,873.0,01K0Q6R8WK3AM04PNGRZGFG7KN,01K0Q648FFT9NBVKNBJN9AYPF5,41,supermarket,0.0,2,Dairy items,butter,butter,,True,41
yogurt,173947,1327.0,01K0Q6R8WK3AM04PNGRZGFG7KN,01K0Q648FFT9NBVKNBJN9AYPF5,42,supermarket,0.0,2,Dairy items,yogurt,yogurt,,True,42
cream cheese,177157,3210.0,01K0Q6R8WK3AM04PNGRZGFG7KN,01K0Q648FFT9NBVKNBJN9AYPF5,43,supermarket,0.0,2,Dairy items,cream cheese,creamcheese,,True,43
sock,6643,6643.0,01K0Q6SN6P2FN88DVW3FHPEN8E,01K0Q648E812KGTFVG99AAGCS8,0,clothes,1.0,2,Accessories,socks,sock,,True,0
shirt,9307,2664.0,01K0Q6SN6P2FN88DVW3FHPEN8E,01K0Q648E812KGTFVG99AAGCS8,1,clothes,1.0,2,Tops,shirt,shirt,,True,1
skirt,11858,2551.0,01K0Q6SN6P2FN88DVW3FHPEN8E,01K0Q648E812KGTFVG99AAGCS8,2,clothes,1.0,2,Suits,skirt,skirt,,True,2
blouse,14709,2851.0,01K0Q6SN6P2FN88DVW3FHPEN8E,01K0Q648E812KGTFVG99AAGCS8,3,clothes,0.0,2,Suits,blouse,blouse,,True,3
pant,18281,3572.0,01K0Q6SN6P2FN88DVW3FHPEN8E,01K0Q648E812KGTFVG99AAGCS8,4,clothes,1.0,2,Bottoms,pants,pant,,True,4
underwear,22384,4103.0,01K0Q6SN6P2FN88DVW3FHPEN8E,01K0Q648E812KGTFVG99AAGCS8,5,clothes,1.0,2,Intimate Apparel,underwear,underwear,,True,5
tie,26353,3969.0,01K0Q6SN6P2FN88DVW3FHPEN8E,01K0Q648E812KGTFVG99AAGCS8,6,clothes,1.0,2,Accessories,tie,tie,,True,6
blazer,31377,5024.0,01K0Q6SN6P2FN88DVW3FHPEN8E,01K0Q648E812KGTFVG99AAGCS8,7,clothes,1.0,2,Outerwear,blazer,blazer,,True,7
jacket,34994,3617.0,01K0Q6SN6P2FN88DVW3FHPEN8E,01K0Q648E812KGTFVG99AAGCS8,8,clothes,0.0,2,Outerwear,jacket,jacket,,True,8
pajama,40822,5828.0,01K0Q6SN6P2FN88DVW3FHPEN8E,01K0Q648E812KGTFVG99AAGCS8,9,clothes,1.0,2,Sleepwear,pajamas,pajama,,True,9
suit,77923,37101.0,01K0Q6SN6P2FN88DVW3FHPEN8E,01K0Q648E812KGTFVG99AAGCS8,10,clothes,1.0,2,Formal and Casual Wear,suit,suit,,True,10
t-shirt,85782,7859.0,01K0Q6SN6P2FN88DVW3FHPEN8E,01K0Q648E812KGTFVG99AAGCS8,11,clothes,0.0,2,Formal and Casual Wear,t-shirt,tshirt,,True,11
tank top,92669,6887.0,01K0Q6SN6P2FN88DVW3FHPEN8E,01K0Q648E812KGTFVG99AAGCS8,12,clothes,0.0,2,Formal and Casual Wear,tank top,tanktop,,True,12
scarf,106406,13737.0,01K0Q6SN6P2FN88DVW3FHPEN8E,01K0Q648E812KGTFVG99AAGCS8,13,clothes,1.0,2,Accessories & Bottoms,scarf,scarf,,True,13
short,138950,32544.0,01K0Q6SN6P2FN88DVW3FHPEN8E,01K0Q648E812KGTFVG99AAGCS8,14,clothes,0.0,2,Accessories & Bottoms,shorts,short,,True,14
sweater,152925,13975.0,01K0Q6SN6P2FN88DVW3FHPEN8E,01K0Q648E812KGTFVG99AAGCS8,15,clothes,1.0,2,Winter wear,sweater,sweater,,True,15
sweatpant,157856,4931.0,01K0Q6SN6P2FN88DVW3FHPEN8E,01K0Q648E812KGTFVG99AAGCS8,16,clothes,1.0,2,Activewear,sweatpants,sweatpant,,True,16
sweatshirt,163107,5251.0,01K0Q6SN6P2FN88DVW3FHPEN8E,01K0Q648E812KGTFVG99AAGCS8,17,clothes,0.0,2,Activewear,sweatshirt,sweatshirt,,True,17
hoodie,166335,3228.0,01K0Q6SN6P2FN88DVW3FHPEN8E,01K0Q648E812KGTFVG99AAGCS8,18,clothes,0.0,2,Activewear,hoodie,hoodie,,True,18
bikini,177594,11259.0,01K0Q6SN6P2FN88DVW3FHPEN8E,01K0Q648E812KGTFVG99AAGCS8,19,clothes,1.0,2,Swimwear,bikini,bikini,,True,19
pasta,5051,5051.0,01K0Q6TS0N4Y4KMQ91FAJQJS0A,01K0Q648FGV6T9HD23BQNCTVBD,0,supermarket,1.0,2,Carbs,"Pasta,",pasta,,True,0
cereal,7359,2308.0,01K0Q6TS0N4Y4KMQ91FAJQJS0A,01K0Q648FGV6T9HD23BQNCTVBD,1,supermarket,0.0,2,Carbs,ceral,cereal,,True,1
bread,9158,1799.0,01K0Q6TS0N4Y4KMQ91FAJQJS0A,01K0Q648FGV6T9HD23BQNCTVBD,2,supermarket,0.0,2,Carbs,bread,bread,,True,2
egg,10583,1425.0,01K0Q6TS0N4Y4KMQ91FAJQJS0A,01K0Q648FGV6T9HD23BQNCTVBD,3,supermarket,1.0,2,Dairy,eggs,egg,,True,3
milk,11848,1265.0,01K0Q6TS0N4Y4KMQ91FAJQJS0A,01K0Q648FGV6T9HD23BQNCTVBD,4,supermarket,0.0,2,Dairy,milk,milk,,True,4
cheese,13802,1954.0,01K0Q6TS0N4Y4KMQ91FAJQJS0A,01K0Q648FGV6T9HD23BQNCTVBD,5,supermarket,0.0,2,Dairy,cheese,cheese,,True,5
flour,15903,2101.0,01K0Q6TS0N4Y4KMQ91FAJQJS0A,01K0Q648FGV6T9HD23BQNCTVBD,6,supermarket,1.0,2,Baking,flour,flour,,True,6
grape,19722,3819.0,01K0Q6TS0N4Y4KMQ91FAJQJS0A,01K0Q648FGV6T9HD23BQNCTVBD,7,supermarket,1.0,2,Fruits and Veggies,grapes,grape,,True,7
banana,21566,1844.0,01K0Q6TS0N4Y4KMQ91FAJQJS0A,01K0Q648FGV6T9HD23BQNCTVBD,8,supermarket,0.0,2,Fruits and Veggies,bananas,banana,,True,8
lettuce,24975,3409.0,01K0Q6TS0N4Y4KMQ91FAJQJS0A,01K0Q648FGV6T9HD23BQNCTVBD,9,supermarket,0.0,2,Fruits and Veggies,lettuce,lettuce,,True,9
celery,27060,2085.0,01K0Q6TS0N4Y4KMQ91FAJQJS0A,01K0Q648FGV6T9HD23BQNCTVBD,10,supermarket,0.0,2,Fruits and Veggies,celery,celery,,True,10
avocado,30348,3288.0,01K0Q6TS0N4Y4KMQ91FAJQJS0A,01K0Q648FGV6T9HD23BQNCTVBD,11,supermarket,0.0,2,Fruits and Veggies,avacodo,avocado,,True,11
rice,33359,3011.0,01K0Q6TS0N4Y4KMQ91FAJQJS0A,01K0Q648FGV6T9HD23BQNCTVBD,12,supermarket,1.0,2,Carbs,rice,rice,,True,12
tortilla,35666,2307.0,01K0Q6TS0N4Y4KMQ91FAJQJS0A,01K0Q648FGV6T9HD23BQNCTVBD,13,supermarket,1.0,2,Carbs,tortillas,tortilla,,True,13
sauce,37948,2282.0,01K0Q6TS0N4Y4KMQ91FAJQJS0A,01K0Q648FGV6T9HD23BQNCTVBD,14,supermarket,1.0,2,Sauce,sauce,sauce,,True,14
butter,40609,2661.0,01K0Q6TS0N4Y4KMQ91FAJQJS0A,01K0Q648FGV6T9HD23BQNCTVBD,15,supermarket,0.0,2,Sauce,butter,butter,,True,15
yogurt,45046,4437.0,01K0Q6TS0N4Y4KMQ91FAJQJS0A,01K0Q648FGV6T9HD23BQNCTVBD,16,supermarket,0.0,2,Sauce,yogurt,yogurt,,True,16
bean,48097,3051.0,01K0Q6TS0N4Y4KMQ91FAJQJS0A,01K0Q648FGV6T9HD23BQNCTVBD,17,supermarket,1.0,2,Legumes,beans,bean,,True,17
pea,49785,1688.0,01K0Q6TS0N4Y4KMQ91FAJQJS0A,01K0Q648FGV6T9HD23BQNCTVBD,18,supermarket,0.0,2,Legumes,peas,pea,,True,18
lentil,53125,3340.0,01K0Q6TS0N4Y4KMQ91FAJQJS0A,01K0Q648FGV6T9HD23BQNCTVBD,19,supermarket,0.0,2,Legumes,lentils,lentil,,True,19
pastry,59791,6666.0,01K0Q6TS0N4Y4KMQ91FAJQJS0A,01K0Q648FGV6T9HD23BQNCTVBD,20,supermarket,1.0,2,Pastries,pastry,pastry,,True,20
cake,61413,1622.0,01K0Q6TS0N4Y4KMQ91FAJQJS0A,01K0Q648FGV6T9HD23BQNCTVBD,21,supermarket,0.0,2,Pastries,cake,cake,,True,21
pie,63181,1768.0,01K0Q6TS0N4Y4KMQ91FAJQJS0A,01K0Q648FGV6T9HD23BQNCTVBD,22,supermarket,0.0,2,Pastries,pie,pie,,True,22
beef,66129,2948.0,01K0Q6TS0N4Y4KMQ91FAJQJS0A,01K0Q648FGV6T9HD23BQNCTVBD,23,supermarket,1.0,2,Protien,beef,beef,,True,23
salmon,68758,2629.0,01K0Q6TS0N4Y4KMQ91FAJQJS0A,01K0Q648FGV6T9HD23BQNCTVBD,24,supermarket,0.0,2,Protien,salmon,salmon,,True,24
shrimp,73638,4880.0,01K0Q6TS0N4Y4KMQ91FAJQJS0A,01K0Q648FGV6T9HD23BQNCTVBD,25,supermarket,0.0,2,Protien,shrimp,shrimp,,True,25
lamb,86558,12920.0,01K0Q6TS0N4Y4KMQ91FAJQJS0A,01K0Q648FGV6T9HD23BQNCTVBD,26,supermarket,0.0,2,Protien,lamb,lamb,,True,26
sauerkraut,92369,5811.0,01K0Q6TS0N4Y4KMQ91FAJQJS0A,01K0Q648FGV6T9HD23BQNCTVBD,27,supermarket,1.0,2,Sourkraut,sourkraut,sauerkraut,,True,27
hot dog,95498,3129.0,01K0Q6TS0N4Y4KMQ91FAJQJS0A,01K0Q648FGV6T9HD23BQNCTVBD,28,supermarket,1.0,2,Meat,hot dogs,hotdog,,True,28
turkey,98343,2845.0,01K0Q6TS0N4Y4KMQ91FAJQJS0A,01K0Q648FGV6T9HD23BQNCTVBD,29,supermarket,0.0,2,Meat,turkey,turkey,,True,29
ham,100262,1919.0,01K0Q6TS0N4Y4KMQ91FAJQJS0A,01K0Q648FGV6T9HD23BQNCTVBD,30,supermarket,0.0,2,Meat,ham,ham,,True,30
mayo,102711,2449.0,01K0Q6TS0N4Y4KMQ91FAJQJS0A,01K0Q648FGV6T9HD23BQNCTVBD,31,supermarket,1.0,2,,mayo,mayo,,True,31
corn,111812,9101.0,01K0Q6TS0N4Y4KMQ91FAJQJS0A,01K0Q648FGV6T9HD23BQNCTVBD,32,supermarket,0.0,2,,corn,corn,,True,32
dairy',123782,11970.0,01K0Q6TS0N4Y4KMQ91FAJQJS0A,01K0Q648FGV6T9HD23BQNCTVBD,33,supermarket,1.0,2,Dairy,dairy',dairy,,True,33
sour cream,130885,7103.0,01K0Q6TS0N4Y4KMQ91FAJQJS0A,01K0Q648FGV6T9HD23BQNCTVBD,34,supermarket,0.0,2,Dairy,sour cream,sourcream,,True,34
wine,132357,1472.0,01K0Q6TS0N4Y4KMQ91FAJQJS0A,01K0Q648FGV6T9HD23BQNCTVBD,35,supermarket,1.0,2,Alchohol,wine,wine,,True,35
beer,135349,2992.0,01K0Q6TS0N4Y4KMQ91FAJQJS0A,01K0Q648FGV6T9HD23BQNCTVBD,36,supermarket,0.0,2,Alchohol,beer,beer,,True,36
macaroni,141262,5913.0,01K0Q6TS0N4Y4KMQ91FAJQJS0A,01K0Q648FGV6T9HD23BQNCTVBD,37,supermarket,1.0,2,Pasta,macaroni,macaroni,,True,37
spaghetti,146082,4820.0,01K0Q6TS0N4Y4KMQ91FAJQJS0A,01K0Q648FGV6T9HD23BQNCTVBD,38,supermarket,0.0,2,Pasta,spagetti,spaghetti,,True,38
squash,149170,3088.0,01K0Q6TS0N4Y4KMQ91FAJQJS0A,01K0Q648FGV6T9HD23BQNCTVBD,39,supermarket,1.0,2,Fruits and Veggies,squash,squash,,True,39
eggplant,156192,7022.0,01K0Q6TS0N4Y4KMQ91FAJQJS0A,01K0Q648FGV6T9HD23BQNCTVBD,40,supermarket,0.0,2,Fruits and Veggies,eggplant,eggplant,,True,40
cabbage,159212,3020.0,01K0Q6TS0N4Y4KMQ91FAJQJS0A,01K0Q648FGV6T9HD23BQNCTVBD,41,supermarket,0.0,2,Fruits and Veggies,cabbage,cabbage,,True,41
salad,160822,1610.0,01K0Q6TS0N4Y4KMQ91FAJQJS0A,01K0Q648FGV6T9HD23BQNCTVBD,42,supermarket,0.0,2,Fruits and Veggies,salad,salad,,True,42
carrot,163478,2656.0,01K0Q6TS0N4Y4KMQ91FAJQJS0A,01K0Q648FGV6T9HD23BQNCTVBD,43,supermarket,0.0,2,Fruits and Veggies,carrots,carrot,,True,43
zucchini,170379,6901.0,01K0Q6TS0N4Y4KMQ91FAJQJS0A,01K0Q648FGV6T9HD23BQNCTVBD,44,supermarket,0.0,2,Fruits and Veggies,zuchinni,zucchini,,True,44
apple,180208,9829.0,01K0Q6TS0N4Y4KMQ91FAJQJS0A,01K0Q648FGV6T9HD23BQNCTVBD,45,supermarket,0.0,2,Fruits and Veggies,apples,apple,,True,45
deer,5096,5096.0,01K0Q6V0R3W3SMJB78N7YXHQYY,01K0Q648H16K20R0C512YFX139,0,animals,1.0,2,2 legs or more,deer,deer,"['Deers', 'NorthAmerican']",True,0
dog,6920,1824.0,01K0Q6V0R3W3SMJB78N7YXHQYY,01K0Q648H16K20R0C512YFX139,1,animals,0.0,2,2 legs or more,dog,dog,"['Canine', 'Pets']",True,1
cat,8766,1846.0,01K0Q6V0R3W3SMJB78N7YXHQYY,01K0Q648H16K20R0C512YFX139,2,animals,0.0,2,2 legs or more,cat,cat,"['Pets', 'Feline']",False,2
bird,9950,1184.0,01K0Q6V0R3W3SMJB78N7YXHQYY,01K0Q648H16K20R0C512YFX139,3,animals,0.0,2,2 legs or more,bird,bird,['Bird'],True,3
lion,19399,9449.0,01K0Q6V0R3W3SMJB78N7YXHQYY,01K0Q648H16K20R0C512YFX139,4,animals,0.0,2,2 legs or more,lion,lion,"['African', 'Feline']",True,4
goat,22042,2643.0,01K0Q6V0R3W3SMJB78N7YXHQYY,01K0Q648H16K20R0C512YFX139,5,animals,0.0,2,2 legs or more,goat,goat,['Farm'],True,5
sheep,23527,1485.0,01K0Q6V0R3W3SMJB78N7YXHQYY,01K0Q648H16K20R0C512YFX139,6,animals,0.0,2,2 legs or more,sheep,sheep,['Farm'],False,6
pig,30802,7275.0,01K0Q6V0R3W3SMJB78N7YXHQYY,01K0Q648H16K20R0C512YFX139,7,animals,0.0,2,2 legs or more,pig,pig,['Farm'],False,7
cow,31866,1064.0,01K0Q6V0R3W3SMJB78N7YXHQYY,01K0Q648H16K20R0C512YFX139,8,animals,0.0,2,2 legs or more,cow,cow,"['Bovine', 'Farm']",False,8
duck,33021,1155.0,01K0Q6V0R3W3SMJB78N7YXHQYY,01K0Q648H16K20R0C512YFX139,9,animals,0.0,2,2 legs or more,duck,duck,['Bird'],True,9
wild dog,43303,10282.0,01K0Q6V0R3W3SMJB78N7YXHQYY,01K0Q648H16K20R0C512YFX139,10,animals,1.0,2,wild animals,wild dog,wilddog,['Canine'],True,10
dolphin,56585,13282.0,01K0Q6V0R3W3SMJB78N7YXHQYY,01K0Q648H16K20R0C512YFX139,11,animals,0.0,2,wild animals,dolphin,dolphin,"['Insects', 'Water']",True,11
pigeon,66141,9556.0,01K0Q6V0R3W3SMJB78N7YXHQYY,01K0Q648H16K20R0C512YFX139,12,animals,0.0,2,wild animals,pigeon,pigeon,['Bird'],True,12
jaguar,71321,5180.0,01K0Q6V0R3W3SMJB78N7YXHQYY,01K0Q648H16K20R0C512YFX139,13,animals,0.0,2,wild animals,jaguar,jaguar,['Feline'],True,13
giraffe,85684,14363.0,01K0Q6V0R3W3SMJB78N7YXHQYY,01K0Q648H16K20R0C512YFX139,14,animals,0.0,2,wild animals,giraffe,giraffe,['African'],True,14
polar bear,87329,1645.0,01K0Q6V0R3W3SMJB78N7YXHQYY,01K0Q648H16K20R0C512YFX139,15,animals,0.0,2,wild animals,polar bear,polarbear,['Arctic'],True,15
panda,88427,1098.0,01K0Q6V0R3W3SMJB78N7YXHQYY,01K0Q648H16K20R0C512YFX139,16,animals,0.0,2,wild animals,panda,panda,['Asian'],True,16
turtle,89538,1111.0,01K0Q6V0R3W3SMJB78N7YXHQYY,01K0Q648H16K20R0C512YFX139,17,animals,0.0,2,wild animals,turtle,turtle,"['ReptileAmphibian', 'Water']",True,17
snake,90524,986.0,01K0Q6V0R3W3SMJB78N7YXHQYY,01K0Q648H16K20R0C512YFX139,18,animals,0.0,2,wild animals,snake,snake,"['Farm', 'ReptileAmphibian']",False,18
elephant,97013,6489.0,01K0Q6V0R3W3SMJB78N7YXHQYY,01K0Q648H16K20R0C512YFX139,19,animals,0.0,2,wild animals,elephant,elephant,['African'],True,19
fish,100874,3861.0,01K0Q6V0R3W3SMJB78N7YXHQYY,01K0Q648H16K20R0C512YFX139,20,animals,1.0,2,vertebrates,fish,fish,"['Fish', 'Water']",True,20
bear,108691,7817.0,01K0Q6V0R3W3SMJB78N7YXHQYY,01K0Q648H16K20R0C512YFX139,21,animals,0.0,2,vertebrates,bear,bear,['NorthAmerican'],True,21
penguin,115977,7286.0,01K0Q6V0R3W3SMJB78N7YXHQYY,01K0Q648H16K20R0C512YFX139,22,animals,0.0,2,vertebrates,penguin,penguin,"['Arctic', 'Bird', 'Water']",True,22
horse,134560,18583.0,01K0Q6V0R3W3SMJB78N7YXHQYY,01K0Q648H16K20R0C512YFX139,23,animals,0.0,2,vertebrates,horse,horse,"['BeastsOfBurden', 'Farm']",True,23
donkey,138912,4352.0,01K0Q6V0R3W3SMJB78N7YXHQYY,01K0Q648H16K20R0C512YFX139,24,animals,1.0,2,heterotrophs,donkey,donkey,"['BeastsOfBurden', 'Farm']",False,24
crocodile,142825,3913.0,01K0Q6V0R3W3SMJB78N7YXHQYY,01K0Q648H16K20R0C512YFX139,25,animals,0.0,2,heterotrophs,crocodile,crocodile,['ReptileAmphibian'],True,25
hen,143815,990.0,01K0Q6V0R3W3SMJB78N7YXHQYY,01K0Q648H16K20R0C512YFX139,26,animals,0.0,2,heterotrophs,hen,hen,['Farm'],True,26
panther,145273,1458.0,01K0Q6V0R3W3SMJB78N7YXHQYY,01K0Q648H16K20R0C512YFX139,27,animals,0.0,2,heterotrophs,panther,panther,"['African', 'Feline']",True,27
tiger,146882,1609.0,01K0Q6V0R3W3SMJB78N7YXHQYY,01K0Q648H16K20R0C512YFX139,28,animals,0.0,2,heterotrophs,tiger,tiger,"['African', 'Feline']",False,28
cheetah,148896,2014.0,01K0Q6V0R3W3SMJB78N7YXHQYY,01K0Q648H16K20R0C512YFX139,29,animals,0.0,2,heterotrophs,cheetah,cheetah,"['African', 'Feline']",False,29
rabbit,150897,2001.0,01K0Q6V0R3W3SMJB78N7YXHQYY,01K0Q648H16K20R0C512YFX139,30,animals,1.0,2,distinct animals,rabbit,rabbit,"['NorthAmerican', 'Pets', 'Rabbit', 'UsedForFur']",True,30
chicken,156395,5498.0,01K0Q6V0R3W3SMJB78N7YXHQYY,01K0Q648H16K20R0C512YFX139,31,animals,0.0,2,distinct animals,chicken,chicken,"['Bird', 'Farm']",True,31
leopard,162703,6308.0,01K0Q6V0R3W3SMJB78N7YXHQYY,01K0Q648H16K20R0C512YFX139,32,animals,0.0,2,distinct animals,leopard,leopard,"['African', 'Feline']",True,32
monkey,165963,3260.0,01K0Q6V0R3W3SMJB78N7YXHQYY,01K0Q648H16K20R0C512YFX139,33,animals,1.0,2,have chordates,monkey,monkey,"['African', 'Primates']",False,33
hamster,168044,2081.0,01K0Q6V0R3W3SMJB78N7YXHQYY,01K0Q648H16K20R0C512YFX139,34,animals,0.0,2,have chordates,hamster,hamster,"['Pets', 'Rodents']",True,34
shark,173212,5168.0,01K0Q6V0R3W3SMJB78N7YXHQYY,01K0Q648H16K20R0C512YFX139,35,animals,0.0,2,have chordates,shark,shark,"['Fish', 'Water']",True,35
rhinoceros,179161,5949.0,01K0Q6V0R3W3SMJB78N7YXHQYY,01K0Q648H16K20R0C512YFX139,36,animals,0.0,2,have chordates,rhinoceros,rhinoceros,['African'],True,36
shirt,4055,4055.0,01K0Q6VEFVJ8DG8FZNNAD4T7B8,01K0Q648E18YQ52Y2TGRJFVRAH,0,clothes,1.0,2,over clothes,shirt,shirt,,True,0
pant,7041,2986.0,01K0Q6VEFVJ8DG8FZNNAD4T7B8,01K0Q648E18YQ52Y2TGRJFVRAH,1,clothes,0.0,2,over clothes,pants,pant,,True,1
skirt,8813,1772.0,01K0Q6VEFVJ8DG8FZNNAD4T7B8,01K0Q648E18YQ52Y2TGRJFVRAH,2,clothes,0.0,2,over clothes,skirt,skirt,,True,2
dress,10467,1654.0,01K0Q6VEFVJ8DG8FZNNAD4T7B8,01K0Q648E18YQ52Y2TGRJFVRAH,3,clothes,0.0,2,over clothes,dress,dres,,True,3
scarf,12691,2224.0,01K0Q6VEFVJ8DG8FZNNAD4T7B8,01K0Q648E18YQ52Y2TGRJFVRAH,4,clothes,0.0,2,over clothes,scarf,scarf,,True,4
coat,15922,3231.0,01K0Q6VEFVJ8DG8FZNNAD4T7B8,01K0Q648E18YQ52Y2TGRJFVRAH,5,clothes,0.0,2,over clothes,coat,coat,,True,5
glove,18134,2212.0,01K0Q6VEFVJ8DG8FZNNAD4T7B8,01K0Q648E18YQ52Y2TGRJFVRAH,6,clothes,0.0,2,over clothes,gloves,glove,,True,6
sock,20542,2408.0,01K0Q6VEFVJ8DG8FZNNAD4T7B8,01K0Q648E18YQ52Y2TGRJFVRAH,7,clothes,0.0,2,over clothes,socks,sock,,True,7
underwear,29732,9190.0,01K0Q6VEFVJ8DG8FZNNAD4T7B8,01K0Q648E18YQ52Y2TGRJFVRAH,8,clothes,1.0,2,under garnment,underwear,underwear,,True,8
bra,31895,2163.0,01K0Q6VEFVJ8DG8FZNNAD4T7B8,01K0Q648E18YQ52Y2TGRJFVRAH,9,clothes,1.0,2,support,bra,bra,,True,9
slip,34341,2446.0,01K0Q6VEFVJ8DG8FZNNAD4T7B8,01K0Q648E18YQ52Y2TGRJFVRAH,10,clothes,1.0,2,silky,slip,slip,,True,10
stocking,37624,3283.0,01K0Q6VEFVJ8DG8FZNNAD4T7B8,01K0Q648E18YQ52Y2TGRJFVRAH,11,clothes,1.0,2,seasonal,stockings,stocking,,True,11
hairband,41981,4357.0,01K0Q6VEFVJ8DG8FZNNAD4T7B8,01K0Q648E18YQ52Y2TGRJFVRAH,12,clothes,0.0,2,seasonal,hairband,hairband,,True,12
hat,48342,6361.0,01K0Q6VEFVJ8DG8FZNNAD4T7B8,01K0Q648E18YQ52Y2TGRJFVRAH,13,clothes,0.0,2,seasonal,hat,hat,,True,13
sleeve,53413,5071.0,01K0Q6VEFVJ8DG8FZNNAD4T7B8,01K0Q648E18YQ52Y2TGRJFVRAH,14,clothes,0.0,2,seasonal,sleeves,sleeve,,True,14
short,55619,2206.0,01K0Q6VEFVJ8DG8FZNNAD4T7B8,01K0Q648E18YQ52Y2TGRJFVRAH,15,clothes,0.0,2,seasonal,shorts,short,,True,15
skort,58552,2933.0,01K0Q6VEFVJ8DG8FZNNAD4T7B8,01K0Q648E18YQ52Y2TGRJFVRAH,16,clothes,0.0,2,seasonal,skort,skort,,True,16
leg warmer,63190,4638.0,01K0Q6VEFVJ8DG8FZNNAD4T7B8,01K0Q648E18YQ52Y2TGRJFVRAH,17,clothes,0.0,2,seasonal,leg warmers,legwarmer,,True,17
bathing suit,81929,18739.0,01K0Q6VEFVJ8DG8FZNNAD4T7B8,01K0Q648E18YQ52Y2TGRJFVRAH,18,clothes,0.0,2,seasonal,bathing suit,bathingsuit,,True,18
swimsuit,92492,10563.0,01K0Q6VEFVJ8DG8FZNNAD4T7B8,01K0Q648E18YQ52Y2TGRJFVRAH,19,clothes,0.0,2,seasonal,swimsuit cover,swimsuit,,True,19
belt,96310,3818.0,01K0Q6VEFVJ8DG8FZNNAD4T7B8,01K0Q648E18YQ52Y2TGRJFVRAH,20,clothes,0.0,2,seasonal,belt,belt,,True,20
jock strap,101546,5236.0,01K0Q6VEFVJ8DG8FZNNAD4T7B8,01K0Q648E18YQ52Y2TGRJFVRAH,21,clothes,0.0,2,seasonal,jock strap,jockstrap,,True,21
thong,104653,3107.0,01K0Q6VEFVJ8DG8FZNNAD4T7B8,01K0Q648E18YQ52Y2TGRJFVRAH,22,clothes,1.0,2,tight,thong,thong,,True,22
bodice,110779,6126.0,01K0Q6VEFVJ8DG8FZNNAD4T7B8,01K0Q648E18YQ52Y2TGRJFVRAH,23,clothes,1.0,2,clingy,bodice,bodice,,True,23
leotard,119812,9033.0,01K0Q6VEFVJ8DG8FZNNAD4T7B8,01K0Q648E18YQ52Y2TGRJFVRAH,24,clothes,1.0,2,legs,leotards,leotard,,True,24
stretchy pant,127212,7400.0,01K0Q6VEFVJ8DG8FZNNAD4T7B8,01K0Q648E18YQ52Y2TGRJFVRAH,25,clothes,0.0,2,legs,stretchy pants,stretchypant,,True,25
jean,130729,3517.0,01K0Q6VEFVJ8DG8FZNNAD4T7B8,01K0Q648E18YQ52Y2TGRJFVRAH,26,clothes,0.0,2,legs,jeans,jean,,True,26
khakis,139140,8411.0,01K0Q6VEFVJ8DG8FZNNAD4T7B8,01K0Q648E18YQ52Y2TGRJFVRAH,27,clothes,0.0,2,legs,kakies,khaki,,True,27
bell bottom,145324,6184.0,01K0Q6VEFVJ8DG8FZNNAD4T7B8,01K0Q648E18YQ52Y2TGRJFVRAH,28,clothes,0.0,2,legs,bell bottoms,bellbottom,,True,28
high heel,148835,3511.0,01K0Q6VEFVJ8DG8FZNNAD4T7B8,01K0Q648E18YQ52Y2TGRJFVRAH,29,clothes,0.0,2,legs,high heels,highheel,,True,29
sneaker,151615,2780.0,01K0Q6VEFVJ8DG8FZNNAD4T7B8,01K0Q648E18YQ52Y2TGRJFVRAH,30,clothes,0.0,2,legs,sneakers,sneaker,,True,30
evening gown,159411,7796.0,01K0Q6VEFVJ8DG8FZNNAD4T7B8,01K0Q648E18YQ52Y2TGRJFVRAH,31,clothes,0.0,2,legs,evening gown,eveninggown,,True,31
wedding gown,163231,3820.0,01K0Q6VEFVJ8DG8FZNNAD4T7B8,01K0Q648E18YQ52Y2TGRJFVRAH,32,clothes,0.0,2,legs,wedding gown,weddinggown,,True,32
cereal,5947,5947.0,01K0Q6VTX1E81VWNF2VTMW5C7S,01K0Q648G4XTHDGMSZKGXZTH7G,0,supermarket,1.0,2,grains,cereal,cereal,,True,0
tortellini,13947,8000.0,01K0Q6VTX1E81VWNF2VTMW5C7S,01K0Q648G4XTHDGMSZKGXZTH7G,1,supermarket,1.0,2,types of boiled pasta,tortalini,tortellini,,True,1
pasta,22352,8405.0,01K0Q6VTX1E81VWNF2VTMW5C7S,01K0Q648G4XTHDGMSZKGXZTH7G,2,supermarket,0.0,2,types of boiled pasta,pasta,pasta,,True,2
dumpling,26378,4026.0,01K0Q6VTX1E81VWNF2VTMW5C7S,01K0Q648G4XTHDGMSZKGXZTH7G,3,supermarket,0.0,2,types of boiled pasta,dumplings,dumpling,,True,3
pea,28414,2036.0,01K0Q6VTX1E81VWNF2VTMW5C7S,01K0Q648G4XTHDGMSZKGXZTH7G,4,supermarket,1.0,2,frozen veggie,peas,pea,,True,4
apple,31222,2808.0,01K0Q6VTX1E81VWNF2VTMW5C7S,01K0Q648G4XTHDGMSZKGXZTH7G,5,supermarket,1.0,2,fruits,apples,apple,,True,5
orange,32541,1319.0,01K0Q6VTX1E81VWNF2VTMW5C7S,01K0Q648G4XTHDGMSZKGXZTH7G,6,supermarket,0.0,2,fruits,oranges,orange,,True,6
banana,38268,5727.0,01K0Q6VTX1E81VWNF2VTMW5C7S,01K0Q648G4XTHDGMSZKGXZTH7G,7,supermarket,0.0,2,fruits,bannanas,banana,,True,7
strawberry,45398,7130.0,01K0Q6VTX1E81VWNF2VTMW5C7S,01K0Q648G4XTHDGMSZKGXZTH7G,8,supermarket,0.0,2,fruits,strawberries,strawberry,,True,8
blueberry,47303,1905.0,01K0Q6VTX1E81VWNF2VTMW5C7S,01K0Q648G4XTHDGMSZKGXZTH7G,9,supermarket,0.0,2,fruits,blueberries,blueberry,,True,9
blackberry,51777,4474.0,01K0Q6VTX1E81VWNF2VTMW5C7S,01K0Q648G4XTHDGMSZKGXZTH7G,10,supermarket,0.0,2,fruits,blackberries,blackberry,,True,10
cherry,54529,2752.0,01K0Q6VTX1E81VWNF2VTMW5C7S,01K0Q648G4XTHDGMSZKGXZTH7G,11,supermarket,0.0,2,fruits,cherries,cherry,,True,11
lemon,56557,2028.0,01K0Q6VTX1E81VWNF2VTMW5C7S,01K0Q648G4XTHDGMSZKGXZTH7G,12,supermarket,0.0,2,fruits,lemon,lemon,,True,12
lime,59434,2877.0,01K0Q6VTX1E81VWNF2VTMW5C7S,01K0Q648G4XTHDGMSZKGXZTH7G,13,supermarket,0.0,2,fruits,lime,lime,,True,13
grapefruit,63921,4487.0,01K0Q6VTX1E81VWNF2VTMW5C7S,01K0Q648G4XTHDGMSZKGXZTH7G,14,supermarket,0.0,2,fruits,grapefruit,grapefruit,,True,14
grape,67945,4024.0,01K0Q6VTX1E81VWNF2VTMW5C7S,01K0Q648G4XTHDGMSZKGXZTH7G,15,supermarket,0.0,2,fruits,grapes,grape,,True,15
pineapple,73781,5836.0,01K0Q6VTX1E81VWNF2VTMW5C7S,01K0Q648G4XTHDGMSZKGXZTH7G,16,supermarket,0.0,2,fruits,pineapple,pineapple,,True,16
yogurt,77466,3685.0,01K0Q6VTX1E81VWNF2VTMW5C7S,01K0Q648G4XTHDGMSZKGXZTH7G,17,supermarket,1.0,2,Dairy,yogurt,yogurt,,True,17
milk,79089,1623.0,01K0Q6VTX1E81VWNF2VTMW5C7S,01K0Q648G4XTHDGMSZKGXZTH7G,18,supermarket,0.0,2,Dairy,milk,milk,,True,18
sour cream,84374,5285.0,01K0Q6VTX1E81VWNF2VTMW5C7S,01K0Q648G4XTHDGMSZKGXZTH7G,19,supermarket,0.0,2,Dairy,sour cream,sourcream,,True,19
cream cheese,87725,3351.0,01K0Q6VTX1E81VWNF2VTMW5C7S,01K0Q648G4XTHDGMSZKGXZTH7G,20,supermarket,0.0,2,Dairy,creamcheese,creamcheese,,True,20
cheddar,90391,2666.0,01K0Q6VTX1E81VWNF2VTMW5C7S,01K0Q648G4XTHDGMSZKGXZTH7G,21,supermarket,0.0,2,Dairy,chedder,cheddar,,True,21
brie,95722,5331.0,01K0Q6VTX1E81VWNF2VTMW5C7S,01K0Q648G4XTHDGMSZKGXZTH7G,22,supermarket,0.0,2,Dairy,brie,brie,,True,22
soy,100875,5153.0,01K0Q6VTX1E81VWNF2VTMW5C7S,01K0Q648G4XTHDGMSZKGXZTH7G,23,supermarket,1.0,2,Asian,soy,soy,,True,23
cracker,105165,4290.0,01K0Q6VTX1E81VWNF2VTMW5C7S,01K0Q648G4XTHDGMSZKGXZTH7G,24,supermarket,1.0,2,crunchy treats,crackers,cracker,,True,24
cookie,106696,1531.0,01K0Q6VTX1E81VWNF2VTMW5C7S,01K0Q648G4XTHDGMSZKGXZTH7G,25,supermarket,1.0,2,sweet treats,cookies,cookie,,True,25
cake,108047,1351.0,01K0Q6VTX1E81VWNF2VTMW5C7S,01K0Q648G4XTHDGMSZKGXZTH7G,26,supermarket,1.0,2,Sharable desserts,cakes,cake,,True,26
beef,109945,1898.0,01K0Q6VTX1E81VWNF2VTMW5C7S,01K0Q648G4XTHDGMSZKGXZTH7G,27,supermarket,1.0,2,meat,beef,beef,,True,27
chicken,111841,1896.0,01K0Q6VTX1E81VWNF2VTMW5C7S,01K0Q648G4XTHDGMSZKGXZTH7G,28,supermarket,0.0,2,meat,chicken,chicken,,True,28
pork,114577,2736.0,01K0Q6VTX1E81VWNF2VTMW5C7S,01K0Q648G4XTHDGMSZKGXZTH7G,29,supermarket,0.0,2,meat,pork,pork,,True,29
steak,117519,2942.0,01K0Q6VTX1E81VWNF2VTMW5C7S,01K0Q648G4XTHDGMSZKGXZTH7G,30,supermarket,0.0,2,meat,steak,steak,,True,30
sausage,120816,3297.0,01K0Q6VTX1E81VWNF2VTMW5C7S,01K0Q648G4XTHDGMSZKGXZTH7G,31,supermarket,0.0,2,meat,sausage,sausage,,True,31
salmon,122797,1981.0,01K0Q6VTX1E81VWNF2VTMW5C7S,01K0Q648G4XTHDGMSZKGXZTH7G,32,supermarket,1.0,2,fish,salmon,salmon,,True,32
tuna,124040,1243.0,01K0Q6VTX1E81VWNF2VTMW5C7S,01K0Q648G4XTHDGMSZKGXZTH7G,33,supermarket,0.0,2,fish,tuna,tuna,,True,33
cod,125470,1430.0,01K0Q6VTX1E81VWNF2VTMW5C7S,01K0Q648G4XTHDGMSZKGXZTH7G,34,supermarket,0.0,2,fish,cod,cod,,True,34
crab,127632,2162.0,01K0Q6VTX1E81VWNF2VTMW5C7S,01K0Q648G4XTHDGMSZKGXZTH7G,35,supermarket,1.0,2,seafood,crab,crab,,True,35
lobster,129356,1724.0,01K0Q6VTX1E81VWNF2VTMW5C7S,01K0Q648G4XTHDGMSZKGXZTH7G,36,supermarket,0.0,2,seafood,lobster,lobster,,True,36
shrimp,132672,3316.0,01K0Q6VTX1E81VWNF2VTMW5C7S,01K0Q648G4XTHDGMSZKGXZTH7G,37,supermarket,0.0,2,seafood,shrimp,shrimp,,True,37
bean,137686,5014.0,01K0Q6VTX1E81VWNF2VTMW5C7S,01K0Q648G4XTHDGMSZKGXZTH7G,38,supermarket,1.0,2,legumes,beans,bean,,True,38
chickpea,141967,4281.0,01K0Q6VTX1E81VWNF2VTMW5C7S,01K0Q648G4XTHDGMSZKGXZTH7G,39,supermarket,0.0,2,legumes,chickpeas,chickpea,,True,39
marinara,147388,5421.0,01K0Q6VTX1E81VWNF2VTMW5C7S,01K0Q648G4XTHDGMSZKGXZTH7G,40,supermarket,1.0,2,sauces,marinara,marinara,,True,40
Alfredo sauce,149807,2419.0,01K0Q6VTX1E81VWNF2VTMW5C7S,01K0Q648G4XTHDGMSZKGXZTH7G,41,supermarket,0.0,2,sauces,alfredo,alfredosauce,,True,41
broccoli,156986,7179.0,01K0Q6VTX1E81VWNF2VTMW5C7S,01K0Q648G4XTHDGMSZKGXZTH7G,42,supermarket,1.0,2,fresh veggies,broccoli,broccoli,,True,42
pepper,159680,2694.0,01K0Q6VTX1E81VWNF2VTMW5C7S,01K0Q648G4XTHDGMSZKGXZTH7G,43,supermarket,0.0,2,fresh veggies,pepper,pepper,,True,43
onion,161115,1435.0,01K0Q6VTX1E81VWNF2VTMW5C7S,01K0Q648G4XTHDGMSZKGXZTH7G,44,supermarket,0.0,2,fresh veggies,onion,onion,,True,44
garlic,162659,1544.0,01K0Q6VTX1E81VWNF2VTMW5C7S,01K0Q648G4XTHDGMSZKGXZTH7G,45,supermarket,0.0,2,fresh veggies,garlic,garlic,,True,45
seasoning,165202,2543.0,01K0Q6VTX1E81VWNF2VTMW5C7S,01K0Q648G4XTHDGMSZKGXZTH7G,46,supermarket,1.0,2,flavor enhancers,seasoning,seasoning,,True,46
salt,166195,993.0,01K0Q6VTX1E81VWNF2VTMW5C7S,01K0Q648G4XTHDGMSZKGXZTH7G,47,supermarket,0.0,2,flavor enhancers,salt,salt,,True,47
dog,2811,2811.0,01K0Q6X9A2MKREST426G0SGCB1,01K0Q648E72YK87NC9N1SSM2C6,0,animals,1.0,2,pets,dog,dog,"['Canine', 'Pets']",True,0
cat,3313,502.0,01K0Q6X9A2MKREST426G0SGCB1,01K0Q648E72YK87NC9N1SSM2C6,1,animals,0.0,2,pets,cat,cat,"['Pets', 'Feline']",False,1
lion,4475,1162.0,01K0Q6X9A2MKREST426G0SGCB1,01K0Q648E72YK87NC9N1SSM2C6,2,animals,1.0,2,big cats,lion,lion,"['African', 'Feline']",False,2
leopard,6513,2038.0,01K0Q6X9A2MKREST426G0SGCB1,01K0Q648E72YK87NC9N1SSM2C6,3,animals,0.0,2,big cats,leopard,leopard,"['African', 'Feline']",False,3
fish,7989,1476.0,01K0Q6X9A2MKREST426G0SGCB1,01K0Q648E72YK87NC9N1SSM2C6,4,animals,1.0,2,sea creatures,fish,fish,"['Fish', 'Water']",True,4
turtle,9849,1860.0,01K0Q6X9A2MKREST426G0SGCB1,01K0Q648E72YK87NC9N1SSM2C6,5,animals,0.0,2,sea creatures,turtle,turtle,"['ReptileAmphibian', 'Water']",False,5
eagle,12461,2612.0,01K0Q6X9A2MKREST426G0SGCB1,01K0Q648E72YK87NC9N1SSM2C6,6,animals,1.0,2,birds,eagle,eagle,['Bird'],True,6
canary,15314,2853.0,01K0Q6X9A2MKREST426G0SGCB1,01K0Q648E72YK87NC9N1SSM2C6,7,animals,0.0,2,birds,canary,canary,"['Bird', 'Pets']",False,7
rat,22237,6923.0,01K0Q6X9A2MKREST426G0SGCB1,01K0Q648E72YK87NC9N1SSM2C6,8,animals,1.0,2,rodents,rat,rat,['Rodents'],True,8
mouse,23160,923.0,01K0Q6X9A2MKREST426G0SGCB1,01K0Q648E72YK87NC9N1SSM2C6,9,animals,0.0,2,rodents,mouse,mouse,"['Bird', 'Rodents']",False,9
cockroach,25476,2316.0,01K0Q6X9A2MKREST426G0SGCB1,01K0Q648E72YK87NC9N1SSM2C6,10,animals,1.0,2,bugs,cockroach,cockroach,['Insects'],True,10
beetle,28016,2540.0,01K0Q6X9A2MKREST426G0SGCB1,01K0Q648E72YK87NC9N1SSM2C6,11,animals,0.0,2,bugs,beetle,beetle,['Insects'],False,11
fly,29613,1597.0,01K0Q6X9A2MKREST426G0SGCB1,01K0Q648E72YK87NC9N1SSM2C6,12,animals,0.0,2,bugs,fly,fly,['Insects'],False,12
butterfly,37982,8369.0,01K0Q6X9A2MKREST426G0SGCB1,01K0Q648E72YK87NC9N1SSM2C6,13,animals,0.0,2,bugs,butterfly,butterfly,['Insects'],False,13
mosquito,41171,3189.0,01K0Q6X9A2MKREST426G0SGCB1,01K0Q648E72YK87NC9N1SSM2C6,14,animals,0.0,2,bugs,mosquito,mosquito,['Insects'],False,14
fox,53662,12491.0,01K0Q6X9A2MKREST426G0SGCB1,01K0Q648E72YK87NC9N1SSM2C6,15,animals,1.0,2,predators,fox,fox,"['Canine', 'NorthAmerican', 'UsedForFur']",True,15
wolf,55493,1831.0,01K0Q6X9A2MKREST426G0SGCB1,01K0Q648E72YK87NC9N1SSM2C6,16,animals,0.0,2,predators,wolf,wolf,"['Canine', 'NorthAmerican']",False,16
whale,59547,4054.0,01K0Q6X9A2MKREST426G0SGCB1,01K0Q648E72YK87NC9N1SSM2C6,17,animals,1.0,2,whale,whale,whale,"['Fish', 'Water']",True,17
seagull,62150,2603.0,01K0Q6X9A2MKREST426G0SGCB1,01K0Q648E72YK87NC9N1SSM2C6,18,animals,1.0,2,seagull,seagull,seagull,['Bird'],True,18
clam,64004,1854.0,01K0Q6X9A2MKREST426G0SGCB1,01K0Q648E72YK87NC9N1SSM2C6,19,animals,1.0,2,stationary sealife,clam,clam,['Water'],True,19
mussel,65361,1357.0,01K0Q6X9A2MKREST426G0SGCB1,01K0Q648E72YK87NC9N1SSM2C6,20,animals,0.0,2,stationary sealife,mussel,mussel,['Water'],False,20
coral,67133,1772.0,01K0Q6X9A2MKREST426G0SGCB1,01K0Q648E72YK87NC9N1SSM2C6,21,animals,0.0,2,stationary sealife,coral,coral,['Water'],False,21
chinchilla,76730,9597.0,01K0Q6X9A2MKREST426G0SGCB1,01K0Q648E72YK87NC9N1SSM2C6,22,animals,1.0,2,chinchilla,chinchilla,chinchilla,"['Rodents', 'UsedForFur']",True,22
leopard gecko,82980,6250.0,01K0Q6X9A2MKREST426G0SGCB1,01K0Q648E72YK87NC9N1SSM2C6,23,animals,1.0,2,leopard gecko,leopard geccko,leopardgecko,['ReptileAmphibian'],True,23
boa constrictor,88378,5398.0,01K0Q6X9A2MKREST426G0SGCB1,01K0Q648E72YK87NC9N1SSM2C6,24,animals,1.0,2,snakes,boa constrictor,boaconstrictor,['ReptileAmphibian'],False,24
rattlesnake,91807,3429.0,01K0Q6X9A2MKREST426G0SGCB1,01K0Q648E72YK87NC9N1SSM2C6,25,animals,0.0,2,snakes,rattlesnake,rattlesnake,['ReptileAmphibian'],False,25
toad,102897,11090.0,01K0Q6X9A2MKREST426G0SGCB1,01K0Q648E72YK87NC9N1SSM2C6,26,animals,1.0,2,toad,toad,toad,"['ReptileAmphibian', 'Water']",False,26
elephant,107280,4383.0,01K0Q6X9A2MKREST426G0SGCB1,01K0Q648E72YK87NC9N1SSM2C6,27,animals,1.0,2,safari,elephant,elephant,['African'],True,27
giraffe,109462,2182.0,01K0Q6X9A2MKREST426G0SGCB1,01K0Q648E72YK87NC9N1SSM2C6,28,animals,0.0,2,safari,giraffe,giraffe,['African'],False,28
coyote,112538,3076.0,01K0Q6X9A2MKREST426G0SGCB1,01K0Q648E72YK87NC9N1SSM2C6,29,animals,1.0,2,field animals,coyote,coyote,['Canine'],True,29
rabbit,114216,1678.0,01K0Q6X9A2MKREST426G0SGCB1,01K0Q648E72YK87NC9N1SSM2C6,30,animals,0.0,2,field animals,rabbit,rabbit,"['NorthAmerican', 'Pets', 'Rabbit', 'UsedForFur']",True,30
squirrel,116647,2431.0,01K0Q6X9A2MKREST426G0SGCB1,01K0Q648E72YK87NC9N1SSM2C6,31,animals,0.0,2,field animals,squirrel,squirrel,"['NorthAmerican', 'Rodents']",False,31
mockingbird,133320,16673.0,01K0Q6X9A2MKREST426G0SGCB1,01K0Q648E72YK87NC9N1SSM2C6,32,animals,1.0,2,birds again,mockingjay,mockingbird,['Bird'],True,32
wren,137513,4193.0,01K0Q6X9A2MKREST426G0SGCB1,01K0Q648E72YK87NC9N1SSM2C6,33,animals,0.0,2,birds again,wren,wren,['Bird'],False,33
heron,139591,2078.0,01K0Q6X9A2MKREST426G0SGCB1,01K0Q648E72YK87NC9N1SSM2C6,34,animals,0.0,2,birds again,heron,heron,['Bird'],False,34
swan,144552,4961.0,01K0Q6X9A2MKREST426G0SGCB1,01K0Q648E72YK87NC9N1SSM2C6,35,animals,0.0,2,birds again,swan,swan,['Bird'],False,35
goose,145681,1129.0,01K0Q6X9A2MKREST426G0SGCB1,01K0Q648E72YK87NC9N1SSM2C6,36,animals,1.0,2,bigger birds,goose,goose,['Water'],True,36
duck,147330,1649.0,01K0Q6X9A2MKREST426G0SGCB1,01K0Q648E72YK87NC9N1SSM2C6,37,animals,0.0,2,bigger birds,duck,duck,['Bird'],True,37
crab,155429,8099.0,01K0Q6X9A2MKREST426G0SGCB1,01K0Q648E72YK87NC9N1SSM2C6,38,animals,1.0,2,crab,crab,crab,['Water'],True,38
monkey,158840,3411.0,01K0Q6X9A2MKREST426G0SGCB1,01K0Q648E72YK87NC9N1SSM2C6,39,animals,1.0,2,primates,monkey,monkey,"['African', 'Primates']",True,39
ape,159458,618.0,01K0Q6X9A2MKREST426G0SGCB1,01K0Q648E72YK87NC9N1SSM2C6,40,animals,0.0,2,primates,ape,ape,['Primates'],False,40
gorilla,160783,1325.0,01K0Q6X9A2MKREST426G0SGCB1,01K0Q648E72YK87NC9N1SSM2C6,41,animals,0.0,2,primates,gorilla,gorilla,"['African', 'Primates']",False,41
human,169497,8714.0,01K0Q6X9A2MKREST426G0SGCB1,01K0Q648E72YK87NC9N1SSM2C6,42,animals,0.0,2,primates,human,human,['Primates'],False,42
horse,176897,7400.0,01K0Q6X9A2MKREST426G0SGCB1,01K0Q648E72YK87NC9N1SSM2C6,43,animals,1.0,2,farm,horse,horse,"['BeastsOfBurden', 'Farm']",True,43
donkey,179696,2799.0,01K0Q6X9A2MKREST426G0SGCB1,01K0Q648E72YK87NC9N1SSM2C6,44,animals,0.0,2,farm,donkey,donkey,"['BeastsOfBurden', 'Farm']",False,44
shirt,2789,2789.0,01K0Q6Y62VMNQA32X7HZPVWD2P,01K0Q648H5MWVYKMG78VTHW8ES,0,clothes,1.0,2,shirt,shirt,shirt,,True,0
pant,4609,1820.0,01K0Q6Y62VMNQA32X7HZPVWD2P,01K0Q648H5MWVYKMG78VTHW8ES,1,clothes,1.0,2,pants,pants,pant,,True,1
sock,5857,1248.0,01K0Q6Y62VMNQA32X7HZPVWD2P,01K0Q648H5MWVYKMG78VTHW8ES,2,clothes,1.0,2,socks,socks,sock,,True,2
hat,8023,2166.0,01K0Q6Y62VMNQA32X7HZPVWD2P,01K0Q648H5MWVYKMG78VTHW8ES,3,clothes,1.0,2,hat,hat,hat,,True,3
dress,12562,4539.0,01K0Q6Y62VMNQA32X7HZPVWD2P,01K0Q648H5MWVYKMG78VTHW8ES,4,clothes,1.0,2,undergarments,dress,dres,,True,4
short,15240,2678.0,01K0Q6Y62VMNQA32X7HZPVWD2P,01K0Q648H5MWVYKMG78VTHW8ES,5,clothes,0.0,2,undergarments,shorts,short,,True,5
boxer,20772,5532.0,01K0Q6Y62VMNQA32X7HZPVWD2P,01K0Q648H5MWVYKMG78VTHW8ES,6,clothes,0.0,2,undergarments,boxers,boxer,,True,6
underwear,23205,2433.0,01K0Q6Y62VMNQA32X7HZPVWD2P,01K0Q648H5MWVYKMG78VTHW8ES,7,clothes,0.0,2,undergarments,underwear,underwear,,True,7
panty,25044,1839.0,01K0Q6Y62VMNQA32X7HZPVWD2P,01K0Q648H5MWVYKMG78VTHW8ES,8,clothes,0.0,2,undergarments,panties,panty,,True,8
stocking,27813,2769.0,01K0Q6Y62VMNQA32X7HZPVWD2P,01K0Q648H5MWVYKMG78VTHW8ES,9,clothes,0.0,2,undergarments,stockings,stocking,,True,9
blouse,30735,2922.0,01K0Q6Y62VMNQA32X7HZPVWD2P,01K0Q648H5MWVYKMG78VTHW8ES,10,clothes,1.0,2,womens top,blouse,blouse,,True,10
jacket,32291,1556.0,01K0Q6Y62VMNQA32X7HZPVWD2P,01K0Q648H5MWVYKMG78VTHW8ES,11,clothes,1.0,2,winter accessories,jacket,jacket,,True,11
glove,36101,3810.0,01K0Q6Y62VMNQA32X7HZPVWD2P,01K0Q648H5MWVYKMG78VTHW8ES,12,clothes,0.0,2,winter accessories,gloves,glove,,True,12
coat,38761,2660.0,01K0Q6Y62VMNQA32X7HZPVWD2P,01K0Q648H5MWVYKMG78VTHW8ES,13,clothes,0.0,2,winter accessories,coat,coat,,True,13
belt,46577,7816.0,01K0Q6Y62VMNQA32X7HZPVWD2P,01K0Q648H5MWVYKMG78VTHW8ES,14,clothes,1.0,2,belt,belt,belt,,True,14
spandex,55223,8646.0,01K0Q6Y62VMNQA32X7HZPVWD2P,01K0Q648H5MWVYKMG78VTHW8ES,15,clothes,1.0,2,spandex clothing,spandex,spandex,,True,15
scarf,63666,8443.0,01K0Q6Y62VMNQA32X7HZPVWD2P,01K0Q648H5MWVYKMG78VTHW8ES,16,clothes,1.0,2,winter warmth,scarf,scarf,,True,16
t-shirt,71995,8329.0,01K0Q6Y62VMNQA32X7HZPVWD2P,01K0Q648H5MWVYKMG78VTHW8ES,17,clothes,1.0,2,shirts,t-shirt,tshirt,,True,17
dress shirt,74679,2684.0,01K0Q6Y62VMNQA32X7HZPVWD2P,01K0Q648H5MWVYKMG78VTHW8ES,18,clothes,0.0,2,shirts,dress shirt,dresshirt,,True,18
khaki,83528,8849.0,01K0Q6Y62VMNQA32X7HZPVWD2P,01K0Q648H5MWVYKMG78VTHW8ES,19,clothes,1.0,2,business casual,khakis,khaki,,True,19
legwarmer,89912,6384.0,01K0Q6Y62VMNQA32X7HZPVWD2P,01K0Q648H5MWVYKMG78VTHW8ES,20,clothes,1.0,2,special clothing,legwarmers,legwarmer,,True,20
turtleneck,101615,11703.0,01K0Q6Y62VMNQA32X7HZPVWD2P,01K0Q648H5MWVYKMG78VTHW8ES,21,clothes,1.0,2,unique shirts,turtleneck,turtleneck,,True,21
windbreaker,142060,40445.0,01K0Q6Y62VMNQA32X7HZPVWD2P,01K0Q648H5MWVYKMG78VTHW8ES,22,clothes,1.0,2,unique jacks,windbreaker,windbreaker,,True,22
sweater,160610,18550.0,01K0Q6Y62VMNQA32X7HZPVWD2P,01K0Q648H5MWVYKMG78VTHW8ES,23,clothes,1.0,2,casual comfortable,sweater,sweater,,True,23
sweatshirt,172290,11680.0,01K0Q6Y62VMNQA32X7HZPVWD2P,01K0Q648H5MWVYKMG78VTHW8ES,24,clothes,0.0,2,casual comfortable,sweatshirt,sweatshirt,,True,24
sweatpant,175026,2736.0,01K0Q6Y62VMNQA32X7HZPVWD2P,01K0Q648H5MWVYKMG78VTHW8ES,25,clothes,0.0,2,casual comfortable,sweatpants,sweatpant,,True,25
cereal,7037,7037.0,01K0Q6Z1W2GQJS4CAW17ZE24VX,01K0Q648F9HWRMR8JNBSND1V27,0,supermarket,1.0,2,Breakfast meals,cereal,cereal,,True,0
pancake mix,11988,4951.0,01K0Q6Z1W2GQJS4CAW17ZE24VX,01K0Q648F9HWRMR8JNBSND1V27,1,supermarket,0.0,2,Breakfast meals,pancake mix,pancakemix,,True,1
can of soup,19492,7504.0,01K0Q6Z1W2GQJS4CAW17ZE24VX,01K0Q648F9HWRMR8JNBSND1V27,2,supermarket,0.0,2,Breakfast meals,canned soup,canofsoup,,True,2
meat,24373,4881.0,01K0Q6Z1W2GQJS4CAW17ZE24VX,01K0Q648F9HWRMR8JNBSND1V27,3,supermarket,1.0,2,Basic food groups,meat,meat,,True,3
vegetable,29213,4840.0,01K0Q6Z1W2GQJS4CAW17ZE24VX,01K0Q648F9HWRMR8JNBSND1V27,4,supermarket,0.0,2,Basic food groups,vegetables,vegetable,,True,4
fish,34244,5031.0,01K0Q6Z1W2GQJS4CAW17ZE24VX,01K0Q648F9HWRMR8JNBSND1V27,5,supermarket,0.0,2,Basic food groups,fresh fish,fish,,True,5
maple syrup,39089,4845.0,01K0Q6Z1W2GQJS4CAW17ZE24VX,01K0Q648F9HWRMR8JNBSND1V27,6,supermarket,1.0,2,Sweet spread,maples syrup,maplesyrup,,True,6
bean,48682,9593.0,01K0Q6Z1W2GQJS4CAW17ZE24VX,01K0Q648F9HWRMR8JNBSND1V27,7,supermarket,1.0,2,Fresh produce,beans,bean,,True,7
carrot,51644,2962.0,01K0Q6Z1W2GQJS4CAW17ZE24VX,01K0Q648F9HWRMR8JNBSND1V27,8,supermarket,0.0,2,Fresh produce,carrot,carrot,,True,8
milk,57123,5479.0,01K0Q6Z1W2GQJS4CAW17ZE24VX,01K0Q648F9HWRMR8JNBSND1V27,9,supermarket,1.0,2,Staple foods,milk,milk,,True,9
egg,60645,3522.0,01K0Q6Z1W2GQJS4CAW17ZE24VX,01K0Q648F9HWRMR8JNBSND1V27,10,supermarket,0.0,2,Staple foods,eggs,egg,,True,10
bread,62452,1807.0,01K0Q6Z1W2GQJS4CAW17ZE24VX,01K0Q648F9HWRMR8JNBSND1V27,11,supermarket,0.0,2,Staple foods,bread,bread,,True,11
waffle,69911,7459.0,01K0Q6Z1W2GQJS4CAW17ZE24VX,01K0Q648F9HWRMR8JNBSND1V27,12,supermarket,0.0,2,Staple foods,waffles,waffle,,True,12
ice cream,76368,6457.0,01K0Q6Z1W2GQJS4CAW17ZE24VX,01K0Q648F9HWRMR8JNBSND1V27,13,supermarket,1.0,2,Cold treats,ice cream,icecream,,True,13
orange juice,86227,9859.0,01K0Q6Z1W2GQJS4CAW17ZE24VX,01K0Q648F9HWRMR8JNBSND1V27,14,supermarket,0.0,2,Cold treats,orange juice,orangejuice,,True,14
strawberry,96265,10038.0,01K0Q6Z1W2GQJS4CAW17ZE24VX,01K0Q648F9HWRMR8JNBSND1V27,15,supermarket,1.0,2,Sodas and fruit,strawberries,strawberry,,True,15
basket,105165,8900.0,01K0Q6Z1W2GQJS4CAW17ZE24VX,01K0Q648F9HWRMR8JNBSND1V27,16,supermarket,0.0,2,Sodas and fruit,baskety,basket,,True,16
cart,111109,5944.0,01K0Q6Z1W2GQJS4CAW17ZE24VX,01K0Q648F9HWRMR8JNBSND1V27,17,supermarket,0.0,2,Sodas and fruit,cart,cart,,True,17
soda,126007,14898.0,01K0Q6Z1W2GQJS4CAW17ZE24VX,01K0Q648F9HWRMR8JNBSND1V27,18,supermarket,0.0,2,Sodas and fruit,soda,soda,,True,18
sandwich,138315,12308.0,01K0Q6Z1W2GQJS4CAW17ZE24VX,01K0Q648F9HWRMR8JNBSND1V27,19,supermarket,0.0,2,Sodas and fruit,sandwiches,sandwich,,True,19
frozen dinner,151417,13102.0,01K0Q6Z1W2GQJS4CAW17ZE24VX,01K0Q648F9HWRMR8JNBSND1V27,20,supermarket,1.0,2,Juices and spreads,frozen dinners,frozendinner,,True,20
yogurt,155764,4347.0,01K0Q6Z1W2GQJS4CAW17ZE24VX,01K0Q648F9HWRMR8JNBSND1V27,21,supermarket,0.0,2,Juices and spreads,yogurt,yogurt,,True,21
cranberry juice,166036,10272.0,01K0Q6Z1W2GQJS4CAW17ZE24VX,01K0Q648F9HWRMR8JNBSND1V27,22,supermarket,0.0,2,Juices and spreads,cranberry juice,cranberryjuice,,True,22
peanut butter,171863,5827.0,01K0Q6Z1W2GQJS4CAW17ZE24VX,01K0Q648F9HWRMR8JNBSND1V27,23,supermarket,0.0,2,Juices and spreads,peanut butter,peanutbutter,,True,23
nutella,176974,5111.0,01K0Q6Z1W2GQJS4CAW17ZE24VX,01K0Q648F9HWRMR8JNBSND1V27,24,supermarket,0.0,2,Juices and spreads,nutella,nutella,,True,24
milk,5329,5329.0,01K0Q6Z5720D4NDSEND9Q4831K,01K0Q648FANVG3NP1HR6PH3Q4H,0,supermarket,1.0,2,dairy,milk,milk,,True,0
egg,7445,2116.0,01K0Q6Z5720D4NDSEND9Q4831K,01K0Q648FANVG3NP1HR6PH3Q4H,1,supermarket,0.0,2,dairy,eggs,egg,,True,1
bacon,8916,1471.0,01K0Q6Z5720D4NDSEND9Q4831K,01K0Q648FANVG3NP1HR6PH3Q4H,2,supermarket,1.0,2,meat,bacon,bacon,,True,2
soda,11485,2569.0,01K0Q6Z5720D4NDSEND9Q4831K,01K0Q648FANVG3NP1HR6PH3Q4H,3,supermarket,1.0,2,liquid,soda,soda,,True,3
water,13684,2199.0,01K0Q6Z5720D4NDSEND9Q4831K,01K0Q648FANVG3NP1HR6PH3Q4H,4,supermarket,0.0,2,liquid,water,water,,True,4
steak,17078,3394.0,01K0Q6Z5720D4NDSEND9Q4831K,01K0Q648FANVG3NP1HR6PH3Q4H,5,supermarket,1.0,2,meat,steak,steak,,True,5
pork,21250,4172.0,01K0Q6Z5720D4NDSEND9Q4831K,01K0Q648FANVG3NP1HR6PH3Q4H,6,supermarket,0.0,2,meat,pork,pork,,True,6
chicken,23310,2060.0,01K0Q6Z5720D4NDSEND9Q4831K,01K0Q648FANVG3NP1HR6PH3Q4H,7,supermarket,0.0,2,meat,chicken,chicken,,True,7
cheese,26856,3546.0,01K0Q6Z5720D4NDSEND9Q4831K,01K0Q648FANVG3NP1HR6PH3Q4H,8,supermarket,1.0,2,italian,cheese,cheese,,True,8
pepperoni,29233,2377.0,01K0Q6Z5720D4NDSEND9Q4831K,01K0Q648FANVG3NP1HR6PH3Q4H,9,supermarket,0.0,2,italian,pepperoni,pepperoni,,True,9
lasagna,33940,4707.0,01K0Q6Z5720D4NDSEND9Q4831K,01K0Q648FANVG3NP1HR6PH3Q4H,10,supermarket,0.0,2,italian,lazagna,lasagna,,True,10
orange,38096,4156.0,01K0Q6Z5720D4NDSEND9Q4831K,01K0Q648FANVG3NP1HR6PH3Q4H,11,supermarket,1.0,2,fruit,orange,orange,,True,11
grape,39372,1276.0,01K0Q6Z5720D4NDSEND9Q4831K,01K0Q648FANVG3NP1HR6PH3Q4H,12,supermarket,0.0,2,fruit,grape,grape,,True,12
berry,41689,2317.0,01K0Q6Z5720D4NDSEND9Q4831K,01K0Q648FANVG3NP1HR6PH3Q4H,13,supermarket,0.0,2,fruit,berry,berry,,True,13
apple,43617,1928.0,01K0Q6Z5720D4NDSEND9Q4831K,01K0Q648FANVG3NP1HR6PH3Q4H,14,supermarket,0.0,2,fruit,apple,apple,,True,14
pear,46501,2884.0,01K0Q6Z5720D4NDSEND9Q4831K,01K0Q648FANVG3NP1HR6PH3Q4H,15,supermarket,0.0,2,fruit,pear,pear,,True,15
pea,48027,1526.0,01K0Q6Z5720D4NDSEND9Q4831K,01K0Q648FANVG3NP1HR6PH3Q4H,16,supermarket,1.0,2,vegetables,peas,pea,,True,16
carrot,50834,2807.0,01K0Q6Z5720D4NDSEND9Q4831K,01K0Q648FANVG3NP1HR6PH3Q4H,17,supermarket,0.0,2,vegetables,carrots,carrot,,True,17
lettuce,53109,2275.0,01K0Q6Z5720D4NDSEND9Q4831K,01K0Q648FANVG3NP1HR6PH3Q4H,18,supermarket,0.0,2,vegetables,lettuce,lettuce,,True,18
spinach,57668,4559.0,01K0Q6Z5720D4NDSEND9Q4831K,01K0Q648FANVG3NP1HR6PH3Q4H,19,supermarket,0.0,2,vegetables,spinach,spinach,,True,19
juice,62830,5162.0,01K0Q6Z5720D4NDSEND9Q4831K,01K0Q648FANVG3NP1HR6PH3Q4H,20,supermarket,1.0,2,drinks,juice,juice,,True,20
tea,64988,2158.0,01K0Q6Z5720D4NDSEND9Q4831K,01K0Q648FANVG3NP1HR6PH3Q4H,21,supermarket,0.0,2,drinks,tea,tea,,True,21
coffee,66971,1983.0,01K0Q6Z5720D4NDSEND9Q4831K,01K0Q648FANVG3NP1HR6PH3Q4H,22,supermarket,0.0,2,drinks,coffee,coffee,,True,22
soap,71426,4455.0,01K0Q6Z5720D4NDSEND9Q4831K,01K0Q648FANVG3NP1HR6PH3Q4H,23,supermarket,1.0,2,cleaner,soap,soap,,True,23
cat litter,77165,5739.0,01K0Q6Z5720D4NDSEND9Q4831K,01K0Q648FANVG3NP1HR6PH3Q4H,24,supermarket,1.0,2,pets,cat litter,catlitter,,True,24
bread,84215,7050.0,01K0Q6Z5720D4NDSEND9Q4831K,01K0Q648FANVG3NP1HR6PH3Q4H,25,supermarket,1.0,2,bread,bread,bread,,True,25
biscuit,87192,2977.0,01K0Q6Z5720D4NDSEND9Q4831K,01K0Q648FANVG3NP1HR6PH3Q4H,26,supermarket,0.0,2,bread,biscuits,biscuit,,True,26
seed,97999,10807.0,01K0Q6Z5720D4NDSEND9Q4831K,01K0Q648FANVG3NP1HR6PH3Q4H,27,supermarket,1.0,2,nuts,seeds,seed,,True,27
nut,100397,2398.0,01K0Q6Z5720D4NDSEND9Q4831K,01K0Q648FANVG3NP1HR6PH3Q4H,28,supermarket,0.0,2,nuts,nuts,nut,,True,28
peanut,107997,7600.0,01K0Q6Z5720D4NDSEND9Q4831K,01K0Q648FANVG3NP1HR6PH3Q4H,29,supermarket,0.0,2,nuts,peanuts,peanut,,True,29
toothbrush,114868,6871.0,01K0Q6Z5720D4NDSEND9Q4831K,01K0Q648FANVG3NP1HR6PH3Q4H,30,supermarket,1.0,2,teeth,tooth brush,toothbrush,,True,30
toothpaste,117957,3089.0,01K0Q6Z5720D4NDSEND9Q4831K,01K0Q648FANVG3NP1HR6PH3Q4H,31,supermarket,0.0,2,teeth,tooth paste,toothpaste,,True,31
mouthwash,122285,4328.0,01K0Q6Z5720D4NDSEND9Q4831K,01K0Q648FANVG3NP1HR6PH3Q4H,32,supermarket,0.0,2,teeth,mouth wash,mouthwash,,True,32
dental floss,125103,2818.0,01K0Q6Z5720D4NDSEND9Q4831K,01K0Q648FANVG3NP1HR6PH3Q4H,33,supermarket,0.0,2,teeth,dental floss,dentalflos,,True,33
coffee creamer,131382,6279.0,01K0Q6Z5720D4NDSEND9Q4831K,01K0Q648FANVG3NP1HR6PH3Q4H,34,supermarket,1.0,2,creamer,coffee creamer,coffeecreamer,,True,34
spam,136106,4724.0,01K0Q6Z5720D4NDSEND9Q4831K,01K0Q648FANVG3NP1HR6PH3Q4H,35,supermarket,1.0,2,canned meat,spam,spam,,True,35
chocolate,142582,6476.0,01K0Q6Z5720D4NDSEND9Q4831K,01K0Q648FANVG3NP1HR6PH3Q4H,36,supermarket,1.0,2,candy,chocolate,chocolate,,True,36
candy,144899,2317.0,01K0Q6Z5720D4NDSEND9Q4831K,01K0Q648FANVG3NP1HR6PH3Q4H,37,supermarket,0.0,2,candy,candy,candy,,True,37
muffin,149035,4136.0,01K0Q6Z5720D4NDSEND9Q4831K,01K0Q648FANVG3NP1HR6PH3Q4H,38,supermarket,1.0,2,treats,muffins,muffin,,True,38
doughnut,151317,2282.0,01K0Q6Z5720D4NDSEND9Q4831K,01K0Q648FANVG3NP1HR6PH3Q4H,39,supermarket,0.0,2,treats,donuts,doughnut,,True,39
bagel,152961,1644.0,01K0Q6Z5720D4NDSEND9Q4831K,01K0Q648FANVG3NP1HR6PH3Q4H,40,supermarket,0.0,2,treats,bagels,bagel,,True,40
cake,155135,2174.0,01K0Q6Z5720D4NDSEND9Q4831K,01K0Q648FANVG3NP1HR6PH3Q4H,41,supermarket,0.0,2,treats,cake,cake,,True,41
ice cream,157132,1997.0,01K0Q6Z5720D4NDSEND9Q4831K,01K0Q648FANVG3NP1HR6PH3Q4H,42,supermarket,0.0,2,treats,ice cream,icecream,,True,42
sour cream,160130,2998.0,01K0Q6Z5720D4NDSEND9Q4831K,01K0Q648FANVG3NP1HR6PH3Q4H,43,supermarket,1.0,2,dairy,sour cream,sourcream,,True,43
yogurt,162140,2010.0,01K0Q6Z5720D4NDSEND9Q4831K,01K0Q648FANVG3NP1HR6PH3Q4H,44,supermarket,0.0,2,dairy,yogurt,yogurt,,True,44
ham,164428,2288.0,01K0Q6Z5720D4NDSEND9Q4831K,01K0Q648FANVG3NP1HR6PH3Q4H,45,supermarket,1.0,2,meat,ham,ham,,True,45
fish,167028,2600.0,01K0Q6Z5720D4NDSEND9Q4831K,01K0Q648FANVG3NP1HR6PH3Q4H,46,supermarket,0.0,2,meat,fish,fish,,True,46
shrimp,168859,1831.0,01K0Q6Z5720D4NDSEND9Q4831K,01K0Q648FANVG3NP1HR6PH3Q4H,47,supermarket,0.0,2,meat,shrimp,shrimp,,True,47
lobster,170798,1939.0,01K0Q6Z5720D4NDSEND9Q4831K,01K0Q648FANVG3NP1HR6PH3Q4H,48,supermarket,0.0,2,meat,lobster,lobster,,True,48
crab,172196,1398.0,01K0Q6Z5720D4NDSEND9Q4831K,01K0Q648FANVG3NP1HR6PH3Q4H,49,supermarket,0.0,2,meat,crab,crab,,True,49
crouton,178780,6584.0,01K0Q6Z5720D4NDSEND9Q4831K,01K0Q648FANVG3NP1HR6PH3Q4H,50,supermarket,1.0,2,extras,croutons,crouton,,True,50
cat,3752,3752.0,01K0Q6ZH97V77T9VN0T9CXYFJS,01K0Q648E3C8PDJY95QJY183A1,0,animals,1.0,2,feline,cat,cat,"['Pets', 'Feline']",True,0
dog,5001,1249.0,01K0Q6ZH97V77T9VN0T9CXYFJS,01K0Q648E3C8PDJY95QJY183A1,1,animals,1.0,2,pets,dog,dog,"['Canine', 'Pets']",False,1
rabbit,6718,1717.0,01K0Q6ZH97V77T9VN0T9CXYFJS,01K0Q648E3C8PDJY95QJY183A1,2,animals,0.0,2,pets,rabbit,rabbit,"['NorthAmerican', 'Pets', 'Rabbit', 'UsedForFur']",False,2
deer,8001,1283.0,01K0Q6ZH97V77T9VN0T9CXYFJS,01K0Q648E3C8PDJY95QJY183A1,3,animals,1.0,2,brown mammals,deer,deer,"['Deers', 'NorthAmerican']",False,3
mongoose,10309,2308.0,01K0Q6ZH97V77T9VN0T9CXYFJS,01K0Q648E3C8PDJY95QJY183A1,4,animals,0.0,2,brown mammals,mongoose,mongoose,"['African', 'Weasels']",True,4
elephant,15762,5453.0,01K0Q6ZH97V77T9VN0T9CXYFJS,01K0Q648E3C8PDJY95QJY183A1,5,animals,1.0,2,African land mammals,elephant,elephant,['African'],False,5
giraffe,19278,3516.0,01K0Q6ZH97V77T9VN0T9CXYFJS,01K0Q648E3C8PDJY95QJY183A1,6,animals,0.0,2,African land mammals,giraffe,giraffe,['African'],False,6
tiger,21524,2246.0,01K0Q6ZH97V77T9VN0T9CXYFJS,01K0Q648E3C8PDJY95QJY183A1,7,animals,1.0,2,predators,tiger,tiger,"['African', 'Feline']",False,7
lion,22933,1409.0,01K0Q6ZH97V77T9VN0T9CXYFJS,01K0Q648E3C8PDJY95QJY183A1,8,animals,0.0,2,predators,lion,lion,"['African', 'Feline']",False,8
caterpillar,26060,3127.0,01K0Q6ZH97V77T9VN0T9CXYFJS,01K0Q648E3C8PDJY95QJY183A1,9,animals,1.0,2,Insect,caterpillar,caterpillar,['Insects'],True,9
bird,27406,1346.0,01K0Q6ZH97V77T9VN0T9CXYFJS,01K0Q648E3C8PDJY95QJY183A1,10,animals,1.0,2,Flying animal,bird,bird,['Bird'],True,10
mouse,28549,1143.0,01K0Q6ZH97V77T9VN0T9CXYFJS,01K0Q648E3C8PDJY95QJY183A1,11,animals,1.0,2,Rodents,mouse,mouse,"['Bird', 'Rodents']",False,11
rat,30039,1490.0,01K0Q6ZH97V77T9VN0T9CXYFJS,01K0Q648E3C8PDJY95QJY183A1,12,animals,0.0,2,Rodents,rat,rat,['Rodents'],False,12
sparrow,33545,3506.0,01K0Q6ZH97V77T9VN0T9CXYFJS,01K0Q648E3C8PDJY95QJY183A1,13,animals,1.0,2,Birds,sparrow,sparrow,['Bird'],True,13
eagle,35474,1929.0,01K0Q6ZH97V77T9VN0T9CXYFJS,01K0Q648E3C8PDJY95QJY183A1,14,animals,0.0,2,Birds,eagle,eagle,['Bird'],False,14
hippopotamus,37325,1851.0,01K0Q6ZH97V77T9VN0T9CXYFJS,01K0Q648E3C8PDJY95QJY183A1,15,animals,1.0,2,Large water mammal,hippo,hippopotamus,['African'],True,15
dolphin,40719,3394.0,01K0Q6ZH97V77T9VN0T9CXYFJS,01K0Q648E3C8PDJY95QJY183A1,16,animals,1.0,2,Water animals,dolphin,dolphin,"['Insects', 'Water']",True,16
fish,43269,2550.0,01K0Q6ZH97V77T9VN0T9CXYFJS,01K0Q648E3C8PDJY95QJY183A1,17,animals,0.0,2,Water animals,fish,fish,"['Fish', 'Water']",False,17
clownfish,48844,5575.0,01K0Q6ZH97V77T9VN0T9CXYFJS,01K0Q648E3C8PDJY95QJY183A1,18,animals,0.0,2,Water animals,clownfish,clownfish,['Fish'],False,18
moose,57283,8439.0,01K0Q6ZH97V77T9VN0T9CXYFJS,01K0Q648E3C8PDJY95QJY183A1,19,animals,1.0,2,Deer family,moose,moose,"['Deers', 'NorthAmerican']",True,19
wolf,62142,4859.0,01K0Q6ZH97V77T9VN0T9CXYFJS,01K0Q648E3C8PDJY95QJY183A1,20,animals,1.0,2,Canine,wolf,wolf,"['Canine', 'NorthAmerican']",False,20
cheetah,65229,3087.0,01K0Q6ZH97V77T9VN0T9CXYFJS,01K0Q648E3C8PDJY95QJY183A1,21,animals,1.0,2,Feline,cheetah,cheetah,"['African', 'Feline']",True,21
ferret,71985,6756.0,01K0Q6ZH97V77T9VN0T9CXYFJS,01K0Q648E3C8PDJY95QJY183A1,22,animals,1.0,2,Small mammals,ferret,ferret,"['Farm', 'Weasels']",True,22
groundhog,80514,8529.0,01K0Q6ZH97V77T9VN0T9CXYFJS,01K0Q648E3C8PDJY95QJY183A1,23,animals,0.0,2,Small mammals,groundhog,groundhog,"['Rodents', 'Weasels']",False,23
lemur,89191,8677.0,01K0Q6ZH97V77T9VN0T9CXYFJS,01K0Q648E3C8PDJY95QJY183A1,24,animals,0.0,2,Small mammals,lemur,lemur,"['African', 'Primates']",True,24
ant,98482,9291.0,01K0Q6ZH97V77T9VN0T9CXYFJS,01K0Q648E3C8PDJY95QJY183A1,25,animals,1.0,2,Insects,ant,ant,['Insects'],True,25
fly,101323,2841.0,01K0Q6ZH97V77T9VN0T9CXYFJS,01K0Q648E3C8PDJY95QJY183A1,26,animals,0.0,2,Insects,fly,fly,['Insects'],False,26
spider,102780,1457.0,01K0Q6ZH97V77T9VN0T9CXYFJS,01K0Q648E3C8PDJY95QJY183A1,27,animals,0.0,2,Insects,spider,spider,"['Arachnid', 'Farm']",True,27
snake,104585,1805.0,01K0Q6ZH97V77T9VN0T9CXYFJS,01K0Q648E3C8PDJY95QJY183A1,28,animals,1.0,2,Reptiles,snake,snake,"['Farm', 'ReptileAmphibian']",False,28
lizard,108049,3464.0,01K0Q6ZH97V77T9VN0T9CXYFJS,01K0Q648E3C8PDJY95QJY183A1,29,animals,0.0,2,Reptiles,lizard,lizard,['ReptileAmphibian'],False,29
gecko,115609,7560.0,01K0Q6ZH97V77T9VN0T9CXYFJS,01K0Q648E3C8PDJY95QJY183A1,30,animals,0.0,2,Reptiles,gecko,gecko,['ReptileAmphibian'],False,30
chameleon,121916,6307.0,01K0Q6ZH97V77T9VN0T9CXYFJS,01K0Q648E3C8PDJY95QJY183A1,31,animals,0.0,2,Reptiles,chameleon,chameleon,"['African', 'ReptileAmphibian']",False,31
komodo dragon,131200,9284.0,01K0Q6ZH97V77T9VN0T9CXYFJS,01K0Q648E3C8PDJY95QJY183A1,32,animals,0.0,2,Reptiles,kamoto dragon,komododragon,['ReptileAmphibian'],False,32
elk,149188,17988.0,01K0Q6ZH97V77T9VN0T9CXYFJS,01K0Q648E3C8PDJY95QJY183A1,33,animals,1.0,2,Deer family,elk,elk,"['Deers', 'NorthAmerican']",True,33
reindeer,157889,8701.0,01K0Q6ZH97V77T9VN0T9CXYFJS,01K0Q648E3C8PDJY95QJY183A1,34,animals,0.0,2,Deer family,reindeer,reindeer,"['Arctic', 'Deers']",False,34
dodo,169916,6048.0,01K0Q6ZH97V77T9VN0T9CXYFJS,01K0Q648E3C8PDJY95QJY183A1,36,animals,1.0,2,Birds,dodo,dodo,['Bird'],True,35
peacock,174362,4446.0,01K0Q6ZH97V77T9VN0T9CXYFJS,01K0Q648E3C8PDJY95QJY183A1,37,animals,0.0,2,Birds,peacock,peacock,['Bird'],False,36
robin,176493,2131.0,01K0Q6ZH97V77T9VN0T9CXYFJS,01K0Q648E3C8PDJY95QJY183A1,38,animals,0.0,2,Birds,robin,robin,['Bird'],False,37
chicken,178161,1668.0,01K0Q6ZH97V77T9VN0T9CXYFJS,01K0Q648E3C8PDJY95QJY183A1,39,animals,0.0,2,Birds,chicken,chicken,"['Bird', 'Farm']",False,38
hat,5057,5057.0,01K0Q70EVWNDWNWSNYBM7X3536,01K0Q648F70ANZ5X27HR3DQ1RC,0,clothes,1.0,2,Hats,hat,hat,,True,0
beanie,7344,2287.0,01K0Q70EVWNDWNWSNYBM7X3536,01K0Q648F70ANZ5X27HR3DQ1RC,1,clothes,0.0,2,Hats,beanie,beanie,,True,1
shoe,9199,1855.0,01K0Q70EVWNDWNWSNYBM7X3536,01K0Q648F70ANZ5X27HR3DQ1RC,2,clothes,1.0,2,Wear on feet,shoes,shoe,,True,2
sock,10272,1073.0,01K0Q70EVWNDWNWSNYBM7X3536,01K0Q648F70ANZ5X27HR3DQ1RC,3,clothes,0.0,2,Wear on feet,socks,sock,,True,3
jean,11790,1518.0,01K0Q70EVWNDWNWSNYBM7X3536,01K0Q648F70ANZ5X27HR3DQ1RC,4,clothes,1.0,2,Outfits,jeans,jean,,True,4
camisole,14815,3025.0,01K0Q70EVWNDWNWSNYBM7X3536,01K0Q648F70ANZ5X27HR3DQ1RC,5,clothes,0.0,2,Outfits,camisole,camisole,,True,5
stiletto,19904,5089.0,01K0Q70EVWNDWNWSNYBM7X3536,01K0Q648F70ANZ5X27HR3DQ1RC,6,clothes,1.0,2,Womens Fancy Shoes,stiletos,stiletto,,True,6
high heel,23889,3985.0,01K0Q70EVWNDWNWSNYBM7X3536,01K0Q648F70ANZ5X27HR3DQ1RC,7,clothes,0.0,2,Womens Fancy Shoes,high heels,highheel,,True,7
jacket,26543,2654.0,01K0Q70EVWNDWNWSNYBM7X3536,01K0Q648F70ANZ5X27HR3DQ1RC,8,clothes,1.0,2,Outer Wear,jacket,jacket,,True,8
pant,29775,3232.0,01K0Q70EVWNDWNWSNYBM7X3536,01K0Q648F70ANZ5X27HR3DQ1RC,9,clothes,0.0,2,Outer Wear,pants,pant,,True,9
khaki,32816,3041.0,01K0Q70EVWNDWNWSNYBM7X3536,01K0Q648F70ANZ5X27HR3DQ1RC,10,clothes,0.0,2,Outer Wear,khakis,khaki,,True,10
shirt,36929,4113.0,01K0Q70EVWNDWNWSNYBM7X3536,01K0Q648F70ANZ5X27HR3DQ1RC,11,clothes,0.0,2,Outer Wear,shirt,shirt,,True,11
long sleeve shirt,40789,3860.0,01K0Q70EVWNDWNWSNYBM7X3536,01K0Q648F70ANZ5X27HR3DQ1RC,12,clothes,0.0,2,Outer Wear,long sleeve shirt,longsleeveshirt,,True,12
purse,45119,4330.0,01K0Q70EVWNDWNWSNYBM7X3536,01K0Q648F70ANZ5X27HR3DQ1RC,13,clothes,1.0,2,Womans' Accessory,purse,purse,,True,13
short,53521,8402.0,01K0Q70EVWNDWNWSNYBM7X3536,01K0Q648F70ANZ5X27HR3DQ1RC,14,clothes,1.0,2,Shorts,shorts,short,,True,14
bra,55423,1902.0,01K0Q70EVWNDWNWSNYBM7X3536,01K0Q648F70ANZ5X27HR3DQ1RC,15,clothes,1.0,2,Undergarments,bra,bra,,True,15
panty,57648,2225.0,01K0Q70EVWNDWNWSNYBM7X3536,01K0Q648F70ANZ5X27HR3DQ1RC,16,clothes,0.0,2,Undergarments,panties,panty,,True,16
brief,60159,2511.0,01K0Q70EVWNDWNWSNYBM7X3536,01K0Q648F70ANZ5X27HR3DQ1RC,17,clothes,0.0,2,Undergarments,briefs,brief,,True,17
jock strap,65822,5663.0,01K0Q70EVWNDWNWSNYBM7X3536,01K0Q648F70ANZ5X27HR3DQ1RC,18,clothes,0.0,2,Undergarments,jock strap,jockstrap,,True,18
swim trunk,72144,6322.0,01K0Q70EVWNDWNWSNYBM7X3536,01K0Q648F70ANZ5X27HR3DQ1RC,19,clothes,0.0,2,Undergarments,swim trunks,swimtrunk,,True,19
swimsuit,75216,3072.0,01K0Q70EVWNDWNWSNYBM7X3536,01K0Q648F70ANZ5X27HR3DQ1RC,20,clothes,0.0,2,Undergarments,swimsuit,swimsuit,,True,20
glass,77903,2687.0,01K0Q70EVWNDWNWSNYBM7X3536,01K0Q648F70ANZ5X27HR3DQ1RC,21,clothes,1.0,2,Glasses,glasses,glas,,True,21
dress,85694,7791.0,01K0Q70EVWNDWNWSNYBM7X3536,01K0Q648F70ANZ5X27HR3DQ1RC,22,clothes,1.0,2,Female shirt,dress,dres,,True,22
earring,90526,4832.0,01K0Q70EVWNDWNWSNYBM7X3536,01K0Q648F70ANZ5X27HR3DQ1RC,23,clothes,1.0,2,Ear accessories,earrings,earring,,True,23
croc,94703,4177.0,01K0Q70EVWNDWNWSNYBM7X3536,01K0Q648F70ANZ5X27HR3DQ1RC,24,clothes,1.0,2,Open footwear,crocs,croc,,True,24
sandal,97471,2768.0,01K0Q70EVWNDWNWSNYBM7X3536,01K0Q648F70ANZ5X27HR3DQ1RC,25,clothes,0.0,2,Open footwear,sandals,sandal,,True,25
overall,107186,9715.0,01K0Q70EVWNDWNWSNYBM7X3536,01K0Q648F70ANZ5X27HR3DQ1RC,26,clothes,1.0,2,Ugly shirts,overalls,overall,,True,26
turtleneck,115537,8351.0,01K0Q70EVWNDWNWSNYBM7X3536,01K0Q648F70ANZ5X27HR3DQ1RC,27,clothes,0.0,2,Ugly shirts,turtleneck,turtleneck,,True,27
wifebeater,119137,3600.0,01K0Q70EVWNDWNWSNYBM7X3536,01K0Q648F70ANZ5X27HR3DQ1RC,28,clothes,0.0,2,Ugly shirts,wife beater,wifebeater,,True,28
pasty,135487,6478.0,01K0Q70EVWNDWNWSNYBM7X3536,01K0Q648F70ANZ5X27HR3DQ1RC,30,clothes,1.0,2,Technically clothing,pasties,pasty,,True,29
cowboy hat,148224,12737.0,01K0Q70EVWNDWNWSNYBM7X3536,01K0Q648F70ANZ5X27HR3DQ1RC,31,clothes,1.0,2,Hat for real men,cowboy hat,cowboyhat,,True,30
cowboy boot,152292,4068.0,01K0Q70EVWNDWNWSNYBM7X3536,01K0Q648F70ANZ5X27HR3DQ1RC,32,clothes,1.0,2,Boots for real men,cowboy boots,cowboyboot,,True,31
sweatpant,159344,7052.0,01K0Q70EVWNDWNWSNYBM7X3536,01K0Q648F70ANZ5X27HR3DQ1RC,33,clothes,1.0,2,Lazy clothes,sweat pants,sweatpant,,True,32
sweatshirt,162930,3586.0,01K0Q70EVWNDWNWSNYBM7X3536,01K0Q648F70ANZ5X27HR3DQ1RC,34,clothes,0.0,2,Lazy clothes,sweat shirt,sweatshirt,,True,33
long john,169920,6990.0,01K0Q70EVWNDWNWSNYBM7X3536,01K0Q648F70ANZ5X27HR3DQ1RC,35,clothes,1.0,2,Undergarments,long johns,longjohn,,True,34
underwear,176336,6416.0,01K0Q70EVWNDWNWSNYBM7X3536,01K0Q648F70ANZ5X27HR3DQ1RC,36,clothes,0.0,2,Undergarments,underwear,underwear,,True,35
tighty white,179760,3424.0,01K0Q70EVWNDWNWSNYBM7X3536,01K0Q648F70ANZ5X27HR3DQ1RC,37,clothes,0.0,2,Undergarments,tighty whites,tightywhite,,True,36
bread,5742,5742.0,01K0Q72X5VYPM0HP8SND31D1V5,01K0Q648F8QE3ZQ13MJMV47Y8W,0,supermarket,1.0,2,baked good,bread,bread,,True,0
egg,7231,1489.0,01K0Q72X5VYPM0HP8SND31D1V5,01K0Q648F8QE3ZQ13MJMV47Y8W,1,supermarket,1.0,2,dairy,eggs,egg,,True,1
milk,9022,1791.0,01K0Q72X5VYPM0HP8SND31D1V5,01K0Q648F8QE3ZQ13MJMV47Y8W,2,supermarket,1.0,2,dairy,milk,milk,,True,2
canned fruit,16980,7958.0,01K0Q72X5VYPM0HP8SND31D1V5,01K0Q648F8QE3ZQ13MJMV47Y8W,3,supermarket,0.0,2,dairy,fruitcanned goods,cannedfruit,,True,3
meat,19429,2449.0,01K0Q72X5VYPM0HP8SND31D1V5,01K0Q648F8QE3ZQ13MJMV47Y8W,4,supermarket,0.0,2,dairy,meat,meat,,True,4
ice,21005,1576.0,01K0Q72X5VYPM0HP8SND31D1V5,01K0Q648F8QE3ZQ13MJMV47Y8W,5,supermarket,0.0,2,dairy,ice,ice,,True,5
ice cream,25596,4591.0,01K0Q72X5VYPM0HP8SND31D1V5,01K0Q648F8QE3ZQ13MJMV47Y8W,6,supermarket,0.0,2,dairy,ice cream,icecream,,True,6
carrot,28696,3100.0,01K0Q72X5VYPM0HP8SND31D1V5,01K0Q648F8QE3ZQ13MJMV47Y8W,7,supermarket,1.0,2,produce,carrot,carrot,,True,7
lettuce,32594,3898.0,01K0Q72X5VYPM0HP8SND31D1V5,01K0Q648F8QE3ZQ13MJMV47Y8W,8,supermarket,0.0,2,produce,lettuce,lettuce,,True,8
apple,35675,3081.0,01K0Q72X5VYPM0HP8SND31D1V5,01K0Q648F8QE3ZQ13MJMV47Y8W,9,supermarket,0.0,2,produce,apple,apple,,True,9
orange,38442,2767.0,01K0Q72X5VYPM0HP8SND31D1V5,01K0Q648F8QE3ZQ13MJMV47Y8W,10,supermarket,1.0,2,fruit,orange,orange,,True,10
banana,41812,3370.0,01K0Q72X5VYPM0HP8SND31D1V5,01K0Q648F8QE3ZQ13MJMV47Y8W,11,supermarket,1.0,2,fruit,banana,banana,,True,11
soup,48591,6779.0,01K0Q72X5VYPM0HP8SND31D1V5,01K0Q648F8QE3ZQ13MJMV47Y8W,12,supermarket,0.0,2,fruit,soup,soup,,True,12
cantaloupe,56122,7531.0,01K0Q72X5VYPM0HP8SND31D1V5,01K0Q648F8QE3ZQ13MJMV47Y8W,13,supermarket,1.0,2,spices,cantelope,cantaloupe,,True,13
pepper,65443,9321.0,01K0Q72X5VYPM0HP8SND31D1V5,01K0Q648F8QE3ZQ13MJMV47Y8W,14,supermarket,0.0,2,spices,pepper,pepper,,True,14
salt,68304,2861.0,01K0Q72X5VYPM0HP8SND31D1V5,01K0Q648F8QE3ZQ13MJMV47Y8W,15,supermarket,0.0,2,spices,ssalt,salt,,True,15
coffee,70388,2084.0,01K0Q72X5VYPM0HP8SND31D1V5,01K0Q648F8QE3ZQ13MJMV47Y8W,16,supermarket,0.0,2,spices,coffee,coffee,,True,16
sugar,72802,2414.0,01K0Q72X5VYPM0HP8SND31D1V5,01K0Q648F8QE3ZQ13MJMV47Y8W,17,supermarket,0.0,2,spices,sugar,sugar,,True,17
cream,75620,2818.0,01K0Q72X5VYPM0HP8SND31D1V5,01K0Q648F8QE3ZQ13MJMV47Y8W,18,supermarket,0.0,2,spices,cream,cream,,True,18
roll,78901,3281.0,01K0Q72X5VYPM0HP8SND31D1V5,01K0Q648F8QE3ZQ13MJMV47Y8W,19,supermarket,1.0,2,meat,rolls,roll,,True,19
hot dog,82770,3869.0,01K0Q72X5VYPM0HP8SND31D1V5,01K0Q648F8QE3ZQ13MJMV47Y8W,20,supermarket,0.0,2,meat,hot dogs,hotdog,,True,20
sausage,86080,3310.0,01K0Q72X5VYPM0HP8SND31D1V5,01K0Q648F8QE3ZQ13MJMV47Y8W,21,supermarket,0.0,2,meat,sausage,sausage,,True,21
bacon,89879,3799.0,01K0Q72X5VYPM0HP8SND31D1V5,01K0Q648F8QE3ZQ13MJMV47Y8W,22,supermarket,0.0,2,meat,bacon,bacon,,True,22
popsicle,96319,6440.0,01K0Q72X5VYPM0HP8SND31D1V5,01K0Q648F8QE3ZQ13MJMV47Y8W,23,supermarket,1.0,2,desert,popcycles,popsicle,,True,23
bun,102571,6252.0,01K0Q72X5VYPM0HP8SND31D1V5,01K0Q648F8QE3ZQ13MJMV47Y8W,24,supermarket,1.0,2,baked,buns,bun,,True,24
doughnut,107980,5409.0,01K0Q72X5VYPM0HP8SND31D1V5,01K0Q648F8QE3ZQ13MJMV47Y8W,25,supermarket,1.0,2,sweets,donuts,doughnut,,True,25
cake,111040,3060.0,01K0Q72X5VYPM0HP8SND31D1V5,01K0Q648F8QE3ZQ13MJMV47Y8W,26,supermarket,1.0,2,sweets,cake,cake,,True,26
cupcake,116366,5326.0,01K0Q72X5VYPM0HP8SND31D1V5,01K0Q648F8QE3ZQ13MJMV47Y8W,27,supermarket,1.0,2,sweets,cupcakes,cupcake,,True,27
chip,120078,3712.0,01K0Q72X5VYPM0HP8SND31D1V5,01K0Q648F8QE3ZQ13MJMV47Y8W,28,supermarket,1.0,2,snacks,chips,chip,,True,28
pretzel,124761,4683.0,01K0Q72X5VYPM0HP8SND31D1V5,01K0Q648F8QE3ZQ13MJMV47Y8W,29,supermarket,1.0,2,snacks,pretzels,pretzel,,True,29
chicken,128790,4029.0,01K0Q72X5VYPM0HP8SND31D1V5,01K0Q648F8QE3ZQ13MJMV47Y8W,30,supermarket,1.0,2,meat,chicken,chicken,,True,30
steak,133042,4252.0,01K0Q72X5VYPM0HP8SND31D1V5,01K0Q648F8QE3ZQ13MJMV47Y8W,31,supermarket,1.0,2,meat,steak,steak,,True,31
bologna,137092,4050.0,01K0Q72X5VYPM0HP8SND31D1V5,01K0Q648F8QE3ZQ13MJMV47Y8W,32,supermarket,1.0,2,meat,bolgna,bologna,,True,32
peach,141554,4462.0,01K0Q72X5VYPM0HP8SND31D1V5,01K0Q648F8QE3ZQ13MJMV47Y8W,33,supermarket,1.0,2,fruit,peaches,peach,,True,33
watermelon,145714,4160.0,01K0Q72X5VYPM0HP8SND31D1V5,01K0Q648F8QE3ZQ13MJMV47Y8W,34,supermarket,1.0,2,fruit,watermelon,watermelon,,True,34
honeydew,149725,4011.0,01K0Q72X5VYPM0HP8SND31D1V5,01K0Q648F8QE3ZQ13MJMV47Y8W,35,supermarket,1.0,2,fruit,honeydew,honeydew,,True,35
fig,158586,8861.0,01K0Q72X5VYPM0HP8SND31D1V5,01K0Q648F8QE3ZQ13MJMV47Y8W,36,supermarket,1.0,2,fruit,fig,fig,,True,36
tuna,169001,10415.0,01K0Q72X5VYPM0HP8SND31D1V5,01K0Q648F8QE3ZQ13MJMV47Y8W,37,supermarket,1.0,2,meat,tuuna,tuna,,True,37
water,177931,5181.0,01K0Q72X5VYPM0HP8SND31D1V5,01K0Q648F8QE3ZQ13MJMV47Y8W,39,supermarket,0.0,2,water,water,water,,True,38
koala,7125,7125.0,01K0Q740G667W38R93DTNE124Q,01K0Q648E623AZZV8VJN11S8JQ,0,animals,1.0,2,Common and exotic mammals,koala,koala,['Australian'],True,0
dog,8560,1435.0,01K0Q740G667W38R93DTNE124Q,01K0Q648E623AZZV8VJN11S8JQ,1,animals,0.0,2,Common and exotic mammals,dog,dog,"['Canine', 'Pets']",True,1
cat,9446,886.0,01K0Q740G667W38R93DTNE124Q,01K0Q648E623AZZV8VJN11S8JQ,2,animals,0.0,2,Common and exotic mammals,cat,cat,"['Pets', 'Feline']",False,2
tiger,10461,1015.0,01K0Q740G667W38R93DTNE124Q,01K0Q648E623AZZV8VJN11S8JQ,3,animals,0.0,2,Common and exotic mammals,tiger,tiger,"['African', 'Feline']",False,3
elephant,13147,2686.0,01K0Q740G667W38R93DTNE124Q,01K0Q648E623AZZV8VJN11S8JQ,4,animals,1.0,2,Large wile animals,elephant,elephant,['African'],False,4
zebra,17063,3916.0,01K0Q740G667W38R93DTNE124Q,01K0Q648E623AZZV8VJN11S8JQ,5,animals,0.0,2,Large wile animals,zebra,zebra,['African'],False,5
dolphin,19437,2374.0,01K0Q740G667W38R93DTNE124Q,01K0Q648E623AZZV8VJN11S8JQ,6,animals,1.0,2,Marine mammal,dolphin,dolphin,"['Insects', 'Water']",True,6
bear,20413,976.0,01K0Q740G667W38R93DTNE124Q,01K0Q648E623AZZV8VJN11S8JQ,7,animals,1.0,2,Wild mammals,bear,bear,['NorthAmerican'],True,7
lion,23746,3333.0,01K0Q740G667W38R93DTNE124Q,01K0Q648E623AZZV8VJN11S8JQ,8,animals,0.0,2,Wild mammals,lion,lion,"['African', 'Feline']",True,8
kangaroo,26959,3213.0,01K0Q740G667W38R93DTNE124Q,01K0Q648E623AZZV8VJN11S8JQ,9,animals,0.0,2,Wild mammals,kangaroo,kangaroo,['Australian'],True,9
fox,28729,1770.0,01K0Q740G667W38R93DTNE124Q,01K0Q648E623AZZV8VJN11S8JQ,10,animals,0.0,2,Wild mammals,fox,fox,"['Canine', 'NorthAmerican', 'UsedForFur']",True,10
giraffe,32294,3565.0,01K0Q740G667W38R93DTNE124Q,01K0Q648E623AZZV8VJN11S8JQ,11,animals,1.0,2,Large and diverse animals,giraffe,giraffe,['African'],True,11
monkey,34104,1810.0,01K0Q740G667W38R93DTNE124Q,01K0Q648E623AZZV8VJN11S8JQ,12,animals,0.0,2,Large and diverse animals,monkey,monkey,"['African', 'Primates']",False,12
whale,37235,3131.0,01K0Q740G667W38R93DTNE124Q,01K0Q648E623AZZV8VJN11S8JQ,13,animals,0.0,2,Large and diverse animals,whale,whale,"['Fish', 'Water']",True,13
cow,38498,1263.0,01K0Q740G667W38R93DTNE124Q,01K0Q648E623AZZV8VJN11S8JQ,14,animals,1.0,2,Mixed animals,cow,cow,"['Bovine', 'Farm']",True,14
camel,39629,1131.0,01K0Q740G667W38R93DTNE124Q,01K0Q648E623AZZV8VJN11S8JQ,15,animals,0.0,2,Mixed animals,camel,camel,"['African', 'BeastsOfBurden']",True,15
goat,40753,1124.0,01K0Q740G667W38R93DTNE124Q,01K0Q648E623AZZV8VJN11S8JQ,16,animals,0.0,2,Mixed animals,goat,goat,['Farm'],True,16
eagle,44813,4060.0,01K0Q740G667W38R93DTNE124Q,01K0Q648E623AZZV8VJN11S8JQ,17,animals,0.0,2,Mixed animals,eagle,eagle,['Bird'],True,17
parrot,48044,3231.0,01K0Q740G667W38R93DTNE124Q,01K0Q648E623AZZV8VJN11S8JQ,18,animals,0.0,2,Mixed animals,parrot,parrot,"['Bird', 'Pets']",False,18
fish,51748,3704.0,01K0Q740G667W38R93DTNE124Q,01K0Q648E623AZZV8VJN11S8JQ,19,animals,0.0,2,Mixed animals,fish,fish,"['Fish', 'Water']",True,19
bee,52932,1184.0,01K0Q740G667W38R93DTNE124Q,01K0Q648E623AZZV8VJN11S8JQ,20,animals,0.0,2,Mixed animals,bee,bee,['Insects'],True,20
sloth,58056,5124.0,01K0Q740G667W38R93DTNE124Q,01K0Q648E623AZZV8VJN11S8JQ,21,animals,0.0,2,Mixed animals,sloth,sloth,['Jungle'],True,21
bat,61837,3781.0,01K0Q740G667W38R93DTNE124Q,01K0Q648E623AZZV8VJN11S8JQ,22,animals,0.0,2,Mixed animals,bat,bat,['Insectivores'],True,22
rabbit,77063,15226.0,01K0Q740G667W38R93DTNE124Q,01K0Q648E623AZZV8VJN11S8JQ,23,animals,1.0,2,Small mammals,rabbit,rabbit,"['NorthAmerican', 'Pets', 'Rabbit', 'UsedForFur']",True,23
squirrel,79947,2884.0,01K0Q740G667W38R93DTNE124Q,01K0Q648E623AZZV8VJN11S8JQ,24,animals,0.0,2,Small mammals,squirril,squirrel,"['NorthAmerican', 'Rodents']",False,24
rat,81066,1119.0,01K0Q740G667W38R93DTNE124Q,01K0Q648E623AZZV8VJN11S8JQ,25,animals,1.0,2,Rodents,rat,rat,['Rodents'],False,25
mouse,82098,1032.0,01K0Q740G667W38R93DTNE124Q,01K0Q648E623AZZV8VJN11S8JQ,26,animals,0.0,2,Rodents,mouse,mouse,"['Bird', 'Rodents']",False,26
pig,83167,1069.0,01K0Q740G667W38R93DTNE124Q,01K0Q648E623AZZV8VJN11S8JQ,27,animals,1.0,2,Farm animals,pig,pig,['Farm'],True,27
sheep,85080,1913.0,01K0Q740G667W38R93DTNE124Q,01K0Q648E623AZZV8VJN11S8JQ,28,animals,0.0,2,Farm animals,sheep,sheep,['Farm'],False,28
donkey,86994,1914.0,01K0Q740G667W38R93DTNE124Q,01K0Q648E623AZZV8VJN11S8JQ,29,animals,1.0,2,Work animals,donkey,donkey,"['BeastsOfBurden', 'Farm']",False,29
mule,88287,1293.0,01K0Q740G667W38R93DTNE124Q,01K0Q648E623AZZV8VJN11S8JQ,30,animals,0.0,2,Work animals,mule,mule,"['BeastsOfBurden', 'Farm']",False,30
horse,89634,1347.0,01K0Q740G667W38R93DTNE124Q,01K0Q648E623AZZV8VJN11S8JQ,31,animals,0.0,2,Work animals,horse,horse,"['BeastsOfBurden', 'Farm']",False,31
cheetah,93005,3371.0,01K0Q740G667W38R93DTNE124Q,01K0Q648E623AZZV8VJN11S8JQ,32,animals,0.0,2,Work animals,cheetah,cheetah,"['African', 'Feline']",True,32
jaguar,97367,4362.0,01K0Q740G667W38R93DTNE124Q,01K0Q648E623AZZV8VJN11S8JQ,33,animals,1.0,2,Wild forest animals,jaguar,jaguar,['Feline'],False,33
moose,98199,832.0,01K0Q740G667W38R93DTNE124Q,01K0Q648E623AZZV8VJN11S8JQ,34,animals,0.0,2,Wild forest animals,moose,moose,"['Deers', 'NorthAmerican']",True,34
elk,99536,1337.0,01K0Q740G667W38R93DTNE124Q,01K0Q648E623AZZV8VJN11S8JQ,35,animals,0.0,2,Wild forest animals,elk,elk,"['Deers', 'NorthAmerican']",False,35
reindeer,102263,2727.0,01K0Q740G667W38R93DTNE124Q,01K0Q648E623AZZV8VJN11S8JQ,36,animals,0.0,2,Wild forest animals,reindeer,reindeer,"['Arctic', 'Deers']",False,36
porcupine,109345,7082.0,01K0Q740G667W38R93DTNE124Q,01K0Q648E623AZZV8VJN11S8JQ,37,animals,0.0,2,Wild forest animals,porcupine,porcupine,['Rodents'],True,37
leopard,116797,7452.0,01K0Q740G667W38R93DTNE124Q,01K0Q648E623AZZV8VJN11S8JQ,38,animals,1.0,2,Cats,leopard,leopard,"['African', 'Feline']",True,38
puma,118170,1373.0,01K0Q740G667W38R93DTNE124Q,01K0Q648E623AZZV8VJN11S8JQ,39,animals,0.0,2,Cats,puma,puma,"['Feline', 'NorthAmerican']",False,39
seal,122899,4729.0,01K0Q740G667W38R93DTNE124Q,01K0Q648E623AZZV8VJN11S8JQ,40,animals,1.0,2,Marine predators,seal,seal,"['Arctic', 'Water']",True,40
orca,125354,2455.0,01K0Q740G667W38R93DTNE124Q,01K0Q648E623AZZV8VJN11S8JQ,41,animals,0.0,2,Marine predators,orca,orca,['Water'],False,41
walrus,131395,6041.0,01K0Q740G667W38R93DTNE124Q,01K0Q648E623AZZV8VJN11S8JQ,42,animals,1.0,2,Large aquatic mammals,walrus,walrus,"['Arctic', 'Water']",False,42
manatee,135702,4307.0,01K0Q740G667W38R93DTNE124Q,01K0Q648E623AZZV8VJN11S8JQ,43,animals,0.0,2,Large aquatic mammals,manatee,manatee,"['African', 'Water']",False,43
gorilla,140480,4778.0,01K0Q740G667W38R93DTNE124Q,01K0Q648E623AZZV8VJN11S8JQ,44,animals,1.0,2,Uncommon mammals,gorilla,gorilla,"['African', 'Primates']",False,44
lemur,142714,2234.0,01K0Q740G667W38R93DTNE124Q,01K0Q648E623AZZV8VJN11S8JQ,45,animals,0.0,2,Uncommon mammals,lemur,lemur,"['African', 'Primates']",False,45
mole,149239,6525.0,01K0Q740G667W38R93DTNE124Q,01K0Q648E623AZZV8VJN11S8JQ,46,animals,0.0,2,Uncommon mammals,mile,mole,"['Insectivores', 'Rodents']",True,46
armadillo,157110,4141.0,01K0Q740G667W38R93DTNE124Q,01K0Q648E623AZZV8VJN11S8JQ,48,animals,0.0,2,Uncommon mammals,armadillo,armadillo,['Insectivores'],False,47
platypus,166550,9440.0,01K0Q740G667W38R93DTNE124Q,01K0Q648E623AZZV8VJN11S8JQ,49,animals,0.0,2,Uncommon mammals,platypus,platypus,"['Australian', 'Water']",True,48
ant,171802,5252.0,01K0Q740G667W38R93DTNE124Q,01K0Q648E623AZZV8VJN11S8JQ,50,animals,1.0,2,Insects,ant,ant,['Insects'],True,49
spider,173433,1631.0,01K0Q740G667W38R93DTNE124Q,01K0Q648E623AZZV8VJN11S8JQ,51,animals,0.0,2,Insects,spider,spider,"['Arachnid', 'Farm']",True,50
grasshopper,176699,3266.0,01K0Q740G667W38R93DTNE124Q,01K0Q648E623AZZV8VJN11S8JQ,52,animals,0.0,2,Insects,grasshopper,grasshopper,['Insects'],True,51
coca cola,9584,9584.0,01K0Q74BNAG2BKXNJKS32EVFQM,01K0Q648EC8CH41Q6ECCP03380,0,supermarket,1.0,2,Brand,coca cola,cocacola,,True,0
apple,13939,4355.0,01K0Q74BNAG2BKXNJKS32EVFQM,01K0Q648EC8CH41Q6ECCP03380,1,supermarket,1.0,2,Fruit I dislike,apple,apple,,True,1
pear,15951,2012.0,01K0Q74BNAG2BKXNJKS32EVFQM,01K0Q648EC8CH41Q6ECCP03380,2,supermarket,0.0,2,Fruit I dislike,pear,pear,,True,2
bean,17530,1579.0,01K0Q74BNAG2BKXNJKS32EVFQM,01K0Q648EC8CH41Q6ECCP03380,3,supermarket,1.0,2,Cupboard staple,beans,bean,,True,3
laundry powder,22249,4719.0,01K0Q74BNAG2BKXNJKS32EVFQM,01K0Q648EC8CH41Q6ECCP03380,4,supermarket,1.0,2,What I bought last,laundry powder,laundrypowder,,True,4
chicken nugget,29230,6981.0,01K0Q74BNAG2BKXNJKS32EVFQM,01K0Q648EC8CH41Q6ECCP03380,5,supermarket,0.0,2,What I bought last,chicken nuggets,chickennugget,,True,5
frozen pea,33618,4388.0,01K0Q74BNAG2BKXNJKS32EVFQM,01K0Q648EC8CH41Q6ECCP03380,6,supermarket,1.0,2,Things I always buy,frozen peas,frozenpea,,True,6
mango,38527,4909.0,01K0Q74BNAG2BKXNJKS32EVFQM,01K0Q648EC8CH41Q6ECCP03380,7,supermarket,0.0,2,Things I always buy,mango,mango,,True,7
lemon,40268,1741.0,01K0Q74BNAG2BKXNJKS32EVFQM,01K0Q648EC8CH41Q6ECCP03380,8,supermarket,0.0,2,Things I always buy,lemon,lemon,,True,8
steak pie,44680,4412.0,01K0Q74BNAG2BKXNJKS32EVFQM,01K0Q648EC8CH41Q6ECCP03380,9,supermarket,1.0,2,How I ruined my bed,steak pie,steakpie,,True,9
washing up liquid,54104,9424.0,01K0Q74BNAG2BKXNJKS32EVFQM,01K0Q648EC8CH41Q6ECCP03380,10,supermarket,0.0,2,How I ruined my bed,washing up liquid,washingupliquid,,True,10
bedsheet,62935,8831.0,01K0Q74BNAG2BKXNJKS32EVFQM,01K0Q648EC8CH41Q6ECCP03380,11,supermarket,0.0,2,How I ruined my bed,bed sheet,bedsheet,,True,11
orange,68549,5614.0,01K0Q74BNAG2BKXNJKS32EVFQM,01K0Q648EC8CH41Q6ECCP03380,12,supermarket,1.0,2,Fridge,oranges,orange,,True,12
bread,74656,6107.0,01K0Q74BNAG2BKXNJKS32EVFQM,01K0Q648EC8CH41Q6ECCP03380,13,supermarket,0.0,2,Fridge,bread,bread,,True,13
milk,75940,1284.0,01K0Q74BNAG2BKXNJKS32EVFQM,01K0Q648EC8CH41Q6ECCP03380,14,supermarket,0.0,2,Fridge,milk,milk,,True,14
cheese,86155,10215.0,01K0Q74BNAG2BKXNJKS32EVFQM,01K0Q648EC8CH41Q6ECCP03380,15,supermarket,0.0,2,Fridge,cheese,cheese,,True,15
yoghurt,90612,4457.0,01K0Q74BNAG2BKXNJKS32EVFQM,01K0Q648EC8CH41Q6ECCP03380,16,supermarket,0.0,2,Fridge,yoghurt,yoghurt,,True,16
egg,95157,4545.0,01K0Q74BNAG2BKXNJKS32EVFQM,01K0Q648EC8CH41Q6ECCP03380,17,supermarket,1.0,2,Animal products,eggs,egg,,True,17
sausage,102612,7455.0,01K0Q74BNAG2BKXNJKS32EVFQM,01K0Q648EC8CH41Q6ECCP03380,18,supermarket,0.0,2,Animal products,sausages,sausage,,True,18
chicken,106386,3774.0,01K0Q74BNAG2BKXNJKS32EVFQM,01K0Q648EC8CH41Q6ECCP03380,19,supermarket,0.0,2,Animal products,chicken,chicken,,True,19
beef,110506,4120.0,01K0Q74BNAG2BKXNJKS32EVFQM,01K0Q648EC8CH41Q6ECCP03380,20,supermarket,0.0,2,Animal products,beef,beef,,True,20
pork,113005,2499.0,01K0Q74BNAG2BKXNJKS32EVFQM,01K0Q648EC8CH41Q6ECCP03380,21,supermarket,0.0,2,Animal products,pork,pork,,True,21
cheese and onion roll,121803,8798.0,01K0Q74BNAG2BKXNJKS32EVFQM,01K0Q648EC8CH41Q6ECCP03380,22,supermarket,1.0,2,Pastry,cheese and onion roll,cheeseandonionroll,,True,22
salt,123791,1988.0,01K0Q74BNAG2BKXNJKS32EVFQM,01K0Q648EC8CH41Q6ECCP03380,23,supermarket,1.0,2,What I bought to cook the other day,salt,salt,,True,23
pepper,125161,1370.0,01K0Q74BNAG2BKXNJKS32EVFQM,01K0Q648EC8CH41Q6ECCP03380,24,supermarket,0.0,2,What I bought to cook the other day,pepper,pepper,,True,24
ginger,133856,8695.0,01K0Q74BNAG2BKXNJKS32EVFQM,01K0Q648EC8CH41Q6ECCP03380,25,supermarket,0.0,2,What I bought to cook the other day,ginger,ginger,,True,25
tortilla wrap,139125,5269.0,01K0Q74BNAG2BKXNJKS32EVFQM,01K0Q648EC8CH41Q6ECCP03380,26,supermarket,0.0,2,What I bought to cook the other day,tortilla wraps,tortillawrap,,True,26
salsa,143124,3999.0,01K0Q74BNAG2BKXNJKS32EVFQM,01K0Q648EC8CH41Q6ECCP03380,27,supermarket,0.0,2,What I bought to cook the other day,salsa,salsa,,True,27
crisp,145577,2453.0,01K0Q74BNAG2BKXNJKS32EVFQM,01K0Q648EC8CH41Q6ECCP03380,28,supermarket,0.0,2,What I bought to cook the other day,crisps,crisp,,True,28
frozen chip,150100,4523.0,01K0Q74BNAG2BKXNJKS32EVFQM,01K0Q648EC8CH41Q6ECCP03380,29,supermarket,1.0,2,"In the cupboard, (frozen chips misplaced)",frozen chips,frozenchip,,True,29
raviolo,159253,9153.0,01K0Q74BNAG2BKXNJKS32EVFQM,01K0Q648EC8CH41Q6ECCP03380,30,supermarket,0.0,2,"In the cupboard, (frozen chips misplaced)",ravioli,raviolo,,True,30
spaghetto,164507,5254.0,01K0Q74BNAG2BKXNJKS32EVFQM,01K0Q648EC8CH41Q6ECCP03380,31,supermarket,0.0,2,"In the cupboard, (frozen chips misplaced)",spaghetti,spaghetto,,True,31
ketchup,173166,8659.0,01K0Q74BNAG2BKXNJKS32EVFQM,01K0Q648EC8CH41Q6ECCP03380,32,supermarket,0.0,2,"In the cupboard, (frozen chips misplaced)",ketchup,ketchup,,True,32
mayo,179260,6094.0,01K0Q74BNAG2BKXNJKS32EVFQM,01K0Q648EC8CH41Q6ECCP03380,33,supermarket,0.0,2,"In the cupboard, (frozen chips misplaced)",mayo,mayo,,True,33
rabbit,6803,6803.0,01K0Q75Q3KNAZPXRF3ZK2DWHTB,01K0Q648EFQ1KP2DFSAVM4JB52,0,animals,1.0,2,Rabbits,rabbit,rabbit,"['NorthAmerican', 'Pets', 'Rabbit', 'UsedForFur']",True,0
duck,9242,2439.0,01K0Q75Q3KNAZPXRF3ZK2DWHTB,01K0Q648EFQ1KP2DFSAVM4JB52,1,animals,1.0,2,Barnyard Birds,duck,duck,['Bird'],True,1
chicken,10941,1699.0,01K0Q75Q3KNAZPXRF3ZK2DWHTB,01K0Q648EFQ1KP2DFSAVM4JB52,2,animals,0.0,2,Barnyard Birds,chicken,chicken,"['Bird', 'Farm']",False,2
goose,12453,1512.0,01K0Q75Q3KNAZPXRF3ZK2DWHTB,01K0Q648EFQ1KP2DFSAVM4JB52,3,animals,0.0,2,Barnyard Birds,goose,goose,['Water'],True,3
horse,14075,1622.0,01K0Q75Q3KNAZPXRF3ZK2DWHTB,01K0Q648EFQ1KP2DFSAVM4JB52,4,animals,1.0,2,Types of Horses,horse,horse,"['BeastsOfBurden', 'Farm']",True,4
zebra,16017,1942.0,01K0Q75Q3KNAZPXRF3ZK2DWHTB,01K0Q648EFQ1KP2DFSAVM4JB52,5,animals,0.0,2,Types of Horses,zebra,zebra,['African'],True,5
cobra,18906,2889.0,01K0Q75Q3KNAZPXRF3ZK2DWHTB,01K0Q648EFQ1KP2DFSAVM4JB52,6,animals,1.0,2,Dangerous Snakes,cobra,cobra,"['African', 'ReptileAmphibian']",False,6
toucan,24371,5465.0,01K0Q75Q3KNAZPXRF3ZK2DWHTB,01K0Q648EFQ1KP2DFSAVM4JB52,7,animals,1.0,2,Unique Birds,toucan,toucan,['Bird'],True,7
bald eagle,30160,5789.0,01K0Q75Q3KNAZPXRF3ZK2DWHTB,01K0Q648EFQ1KP2DFSAVM4JB52,8,animals,0.0,2,Unique Birds,bald eagle,baldeagle,"['Bird', 'NorthAmerican']",False,8
garden snake,35718,5558.0,01K0Q75Q3KNAZPXRF3ZK2DWHTB,01K0Q648EFQ1KP2DFSAVM4JB52,9,animals,1.0,2,Nonvenomous Snakes,garden snake,gardensnake,['ReptileAmphibian'],True,9
lion,40386,4668.0,01K0Q75Q3KNAZPXRF3ZK2DWHTB,01K0Q648EFQ1KP2DFSAVM4JB52,10,animals,1.0,2,African Cats,lion,lion,"['African', 'Feline']",True,10
tiger,41749,1363.0,01K0Q75Q3KNAZPXRF3ZK2DWHTB,01K0Q648EFQ1KP2DFSAVM4JB52,11,animals,0.0,2,African Cats,tiger,tiger,"['African', 'Feline']",False,11
elephant,46203,4454.0,01K0Q75Q3KNAZPXRF3ZK2DWHTB,01K0Q648EFQ1KP2DFSAVM4JB52,12,animals,1.0,2,African Elephants,elephant,elephant,['African'],False,12
cougar,47908,1705.0,01K0Q75Q3KNAZPXRF3ZK2DWHTB,01K0Q648EFQ1KP2DFSAVM4JB52,13,animals,1.0,2,Smaller Wild Cats,cougar,cougar,"['Feline', 'NorthAmerican']",True,13
mountain lion,52354,4446.0,01K0Q75Q3KNAZPXRF3ZK2DWHTB,01K0Q648EFQ1KP2DFSAVM4JB52,14,animals,0.0,2,Smaller Wild Cats,mountain lion,mountainlion,"['Feline', 'NorthAmerican']",False,14
parrot,57621,5267.0,01K0Q75Q3KNAZPXRF3ZK2DWHTB,01K0Q648EFQ1KP2DFSAVM4JB52,15,animals,1.0,2,Exotic Birds,parrot,parrot,"['Bird', 'Pets']",True,15
gorilla,61253,3632.0,01K0Q75Q3KNAZPXRF3ZK2DWHTB,01K0Q648EFQ1KP2DFSAVM4JB52,16,animals,1.0,2,Monkeys,gorilla,gorilla,"['African', 'Primates']",True,16
chimpanzee,66706,5453.0,01K0Q75Q3KNAZPXRF3ZK2DWHTB,01K0Q648EFQ1KP2DFSAVM4JB52,17,animals,0.0,2,Monkeys,chimpanzee,chimpanzee,"['African', 'Primates']",False,17
goat,71241,4535.0,01K0Q75Q3KNAZPXRF3ZK2DWHTB,01K0Q648EFQ1KP2DFSAVM4JB52,18,animals,1.0,2,Barnyard Mammals,goat,goat,['Farm'],True,18
sheep,73843,2602.0,01K0Q75Q3KNAZPXRF3ZK2DWHTB,01K0Q648EFQ1KP2DFSAVM4JB52,19,animals,0.0,2,Barnyard Mammals,sheep,sheep,['Farm'],False,19
ostrich,82938,9095.0,01K0Q75Q3KNAZPXRF3ZK2DWHTB,01K0Q648EFQ1KP2DFSAVM4JB52,20,animals,1.0,2,Two-Legged Large Birds,ostrich,ostrich,"['African', 'Bird']",True,20
emu,90737,7799.0,01K0Q75Q3KNAZPXRF3ZK2DWHTB,01K0Q648EFQ1KP2DFSAVM4JB52,21,animals,0.0,2,Two-Legged Large Birds,emu,emu,"['Australian', 'Bird']",False,21
turkey,95973,5236.0,01K0Q75Q3KNAZPXRF3ZK2DWHTB,01K0Q648EFQ1KP2DFSAVM4JB52,22,animals,0.0,2,Two-Legged Large Birds,turkey,turkey,"['Bird', 'Farm']",False,22
toad,98764,2791.0,01K0Q75Q3KNAZPXRF3ZK2DWHTB,01K0Q648EFQ1KP2DFSAVM4JB52,23,animals,1.0,2,Toads,taod,toad,"['ReptileAmphibian', 'Water']",True,23
frog,104755,3595.0,01K0Q75Q3KNAZPXRF3ZK2DWHTB,01K0Q648EFQ1KP2DFSAVM4JB52,25,animals,0.0,2,Frogs and Toads,frog,frog,"['ReptileAmphibian', 'Water']",False,24
bullfrog,111274,6519.0,01K0Q75Q3KNAZPXRF3ZK2DWHTB,01K0Q648EFQ1KP2DFSAVM4JB52,26,animals,0.0,2,Frogs and Toads,bullfrog,bullfrog,['ReptileAmphibian'],False,25
monkey,121888,10614.0,01K0Q75Q3KNAZPXRF3ZK2DWHTB,01K0Q648EFQ1KP2DFSAVM4JB52,27,animals,1.0,2,Monkeys,monkey,monkey,"['African', 'Primates']",True,26
panda,125630,3742.0,01K0Q75Q3KNAZPXRF3ZK2DWHTB,01K0Q648EFQ1KP2DFSAVM4JB52,28,animals,1.0,2,Asian Bears,panda bear,panda,['Asian'],True,27
grizzly bear,129956,4326.0,01K0Q75Q3KNAZPXRF3ZK2DWHTB,01K0Q648EFQ1KP2DFSAVM4JB52,29,animals,1.0,2,Wilderness Bears,grizzly bear,grizzlybear,['NorthAmerican'],True,28
robin,134985,5029.0,01K0Q75Q3KNAZPXRF3ZK2DWHTB,01K0Q648EFQ1KP2DFSAVM4JB52,30,animals,1.0,2,Small Birds,robin,robin,['Bird'],True,29
bluebird,138968,3983.0,01K0Q75Q3KNAZPXRF3ZK2DWHTB,01K0Q648EFQ1KP2DFSAVM4JB52,31,animals,0.0,2,Small Birds,bluebird,bluebird,['Bird'],False,30
cat,144292,5324.0,01K0Q75Q3KNAZPXRF3ZK2DWHTB,01K0Q648EFQ1KP2DFSAVM4JB52,32,animals,1.0,2,Domestic Cats,cat,cat,"['Pets', 'Feline']",True,31
dog,145106,814.0,01K0Q75Q3KNAZPXRF3ZK2DWHTB,01K0Q648EFQ1KP2DFSAVM4JB52,33,animals,1.0,2,Smart Animals,dog,dog,"['Canine', 'Pets']",False,32
owl,149523,4417.0,01K0Q75Q3KNAZPXRF3ZK2DWHTB,01K0Q648EFQ1KP2DFSAVM4JB52,34,animals,0.0,2,Smart Animals,owl,owl,['Bird'],True,33
goldfish,154878,5355.0,01K0Q75Q3KNAZPXRF3ZK2DWHTB,01K0Q648EFQ1KP2DFSAVM4JB52,35,animals,1.0,2,Marine Animals ,goldfish,goldfish,"['Fish', 'Pets', 'Water']",True,34
shark,158042,3164.0,01K0Q75Q3KNAZPXRF3ZK2DWHTB,01K0Q648EFQ1KP2DFSAVM4JB52,36,animals,0.0,2,Marine Animals ,shark,shark,"['Fish', 'Water']",False,35
whale,161009,2967.0,01K0Q75Q3KNAZPXRF3ZK2DWHTB,01K0Q648EFQ1KP2DFSAVM4JB52,37,animals,0.0,2,Marine Animals ,whale,whale,"['Fish', 'Water']",False,36
swordfish,169091,8082.0,01K0Q75Q3KNAZPXRF3ZK2DWHTB,01K0Q648EFQ1KP2DFSAVM4JB52,38,animals,0.0,2,Marine Animals ,sword fish,swordfish,['Fish'],False,37
gibbon,177659,8568.0,01K0Q75Q3KNAZPXRF3ZK2DWHTB,01K0Q648EFQ1KP2DFSAVM4JB52,39,animals,1.0,2,Wild Monkeys,gibbon,gibbon,['Primates'],True,38
jean,3897,3897.0,01K0Q75YNTJYXJACEYW96E3W7V,01K0Q648FBWW9GVXTJXZC6QA0A,0,clothes,1.0,2,bottomwear,jeans,jean,,True,0
shoe,4999,1102.0,01K0Q75YNTJYXJACEYW96E3W7V,01K0Q648FBWW9GVXTJXZC6QA0A,1,clothes,1.0,2,footwear,shoes,shoe,,True,1
slider,6962,1963.0,01K0Q75YNTJYXJACEYW96E3W7V,01K0Q648FBWW9GVXTJXZC6QA0A,2,clothes,0.0,2,footwear,sliders,slider,,True,2
hat,9151,2189.0,01K0Q75YNTJYXJACEYW96E3W7V,01K0Q648FBWW9GVXTJXZC6QA0A,3,clothes,1.0,2,headwear,hat,hat,,True,3
bandana,12083,2932.0,01K0Q75YNTJYXJACEYW96E3W7V,01K0Q648FBWW9GVXTJXZC6QA0A,4,clothes,0.0,2,headwear,bandana,bandana,,True,4
glass,16369,4286.0,01K0Q75YNTJYXJACEYW96E3W7V,01K0Q648FBWW9GVXTJXZC6QA0A,5,clothes,0.0,2,headwear,glasses,glas,,True,5
pant,20554,4185.0,01K0Q75YNTJYXJACEYW96E3W7V,01K0Q648FBWW9GVXTJXZC6QA0A,6,clothes,1.0,2,casual bottomwear,pants,pant,,True,6
short,21902,1348.0,01K0Q75YNTJYXJACEYW96E3W7V,01K0Q648FBWW9GVXTJXZC6QA0A,7,clothes,0.0,2,casual bottomwear,shorts,short,,True,7
legging,25091,3189.0,01K0Q75YNTJYXJACEYW96E3W7V,01K0Q648FBWW9GVXTJXZC6QA0A,8,clothes,0.0,2,casual bottomwear,leggings,legging,,True,8
jegging,26924,1833.0,01K0Q75YNTJYXJACEYW96E3W7V,01K0Q648FBWW9GVXTJXZC6QA0A,9,clothes,0.0,2,casual bottomwear,jeggings,jegging,,True,9
belt,31113,4189.0,01K0Q75YNTJYXJACEYW96E3W7V,01K0Q648FBWW9GVXTJXZC6QA0A,10,clothes,1.0,2,waist accessory,belt,belt,,True,10
vest,33839,2726.0,01K0Q75YNTJYXJACEYW96E3W7V,01K0Q648FBWW9GVXTJXZC6QA0A,11,clothes,1.0,2,casual tops,vest,vest,,True,11
cardigan,36011,2172.0,01K0Q75YNTJYXJACEYW96E3W7V,01K0Q648FBWW9GVXTJXZC6QA0A,12,clothes,0.0,2,casual tops,cardigan,cardigan,,True,12
monocle,39186,3175.0,01K0Q75YNTJYXJACEYW96E3W7V,01K0Q648FBWW9GVXTJXZC6QA0A,13,clothes,1.0,2,fancy eyewear,monocle,monocle,,True,13
fedora,43063,3877.0,01K0Q75YNTJYXJACEYW96E3W7V,01K0Q648FBWW9GVXTJXZC6QA0A,14,clothes,1.0,2,fancy hats,fedora,fedora,,True,14
fez,47861,4798.0,01K0Q75YNTJYXJACEYW96E3W7V,01K0Q648FBWW9GVXTJXZC6QA0A,15,clothes,0.0,2,fancy hats,fez,fez,,True,15
earring,54405,6544.0,01K0Q75YNTJYXJACEYW96E3W7V,01K0Q648FBWW9GVXTJXZC6QA0A,16,clothes,1.0,2,accessories,earring,earring,,True,16
watch,59423,5018.0,01K0Q75YNTJYXJACEYW96E3W7V,01K0Q648FBWW9GVXTJXZC6QA0A,17,clothes,0.0,2,accessories,watch,watch,,True,17
bracelet,63527,4104.0,01K0Q75YNTJYXJACEYW96E3W7V,01K0Q648FBWW9GVXTJXZC6QA0A,18,clothes,0.0,2,accessories,bracelet,bracelet,,True,18
necklace,65287,1760.0,01K0Q75YNTJYXJACEYW96E3W7V,01K0Q648FBWW9GVXTJXZC6QA0A,19,clothes,0.0,2,accessories,necklace,necklace,,True,19
slipper,73128,7841.0,01K0Q75YNTJYXJACEYW96E3W7V,01K0Q648FBWW9GVXTJXZC6QA0A,20,clothes,1.0,2,casual footwear,slippers,slipper,,True,20
balaclava,84385,11257.0,01K0Q75YNTJYXJACEYW96E3W7V,01K0Q648FBWW9GVXTJXZC6QA0A,21,clothes,1.0,2,facewear,balacalava,balaclava,,True,21
turtleneck,91324,6939.0,01K0Q75YNTJYXJACEYW96E3W7V,01K0Q648FBWW9GVXTJXZC6QA0A,22,clothes,1.0,2,fancy tops,turtle neck,turtleneck,,True,22
waistcoat,95448,4124.0,01K0Q75YNTJYXJACEYW96E3W7V,01K0Q648FBWW9GVXTJXZC6QA0A,23,clothes,0.0,2,fancy tops,waistcoat,waistcoat,,True,23
overall,100346,4898.0,01K0Q75YNTJYXJACEYW96E3W7V,01K0Q648FBWW9GVXTJXZC6QA0A,24,clothes,0.0,2,fancy tops,overalls,overall,,True,24
dungaree,104035,3689.0,01K0Q75YNTJYXJACEYW96E3W7V,01K0Q648FBWW9GVXTJXZC6QA0A,25,clothes,0.0,2,fancy tops,dungarees,dungaree,,True,25
sandal,118085,14050.0,01K0Q75YNTJYXJACEYW96E3W7V,01K0Q648FBWW9GVXTJXZC6QA0A,26,clothes,1.0,2,beach footwear,sandals,sandal,,True,26
beanie,126661,8576.0,01K0Q75YNTJYXJACEYW96E3W7V,01K0Q648FBWW9GVXTJXZC6QA0A,27,clothes,1.0,2,casual hats,beanie,beanie,,True,27
glove,133469,6808.0,01K0Q75YNTJYXJACEYW96E3W7V,01K0Q648FBWW9GVXTJXZC6QA0A,28,clothes,1.0,2,handwear,gloves,glove,,True,28
dressing gown,139235,5766.0,01K0Q75YNTJYXJACEYW96E3W7V,01K0Q648FBWW9GVXTJXZC6QA0A,29,clothes,1.0,2,bedwear,dressing gown,dressinggown,,True,29
tracksuit bottom,144180,4945.0,01K0Q75YNTJYXJACEYW96E3W7V,01K0Q648FBWW9GVXTJXZC6QA0A,30,clothes,1.0,2,sporty bottomwear,tracksuit bottoms,tracksuitbottom,,True,30
stocking,151151,6971.0,01K0Q75YNTJYXJACEYW96E3W7V,01K0Q648FBWW9GVXTJXZC6QA0A,31,clothes,0.0,2,sporty bottomwear,stockings,stocking,,True,31
blouse,155950,4799.0,01K0Q75YNTJYXJACEYW96E3W7V,01K0Q648FBWW9GVXTJXZC6QA0A,32,clothes,1.0,2,womans top,blouse,blouse,,True,32
boxer,175861,19911.0,01K0Q75YNTJYXJACEYW96E3W7V,01K0Q648FBWW9GVXTJXZC6QA0A,33,clothes,1.0,2,mens underwear,boxers,boxer,,True,33
t-shirt,4416,4416.0,01K0Q760DYTBERARCCPP0HVTBD,01K0Q648DY2SPXBCSM13RXE7BQ,0,clothes,1.0,2,shirts,t-shirt,tshirt,,True,0
jumper,6483,2067.0,01K0Q760DYTBERARCCPP0HVTBD,01K0Q648DY2SPXBCSM13RXE7BQ,1,clothes,1.0,2,sweaters,jumper,jumper,,True,1
sweater,7769,1286.0,01K0Q760DYTBERARCCPP0HVTBD,01K0Q648DY2SPXBCSM13RXE7BQ,2,clothes,0.0,2,sweaters,sweater,sweater,,True,2
sock,11038,3269.0,01K0Q760DYTBERARCCPP0HVTBD,01K0Q648DY2SPXBCSM13RXE7BQ,3,clothes,1.0,2,footwear,socks,sock,,True,3
shoe,12339,1301.0,01K0Q760DYTBERARCCPP0HVTBD,01K0Q648DY2SPXBCSM13RXE7BQ,4,clothes,0.0,2,footwear,shoes,shoe,,True,4
hat,15569,3230.0,01K0Q760DYTBERARCCPP0HVTBD,01K0Q648DY2SPXBCSM13RXE7BQ,5,clothes,1.0,2,headwear,hat,hat,,True,5
scarf,19469,3900.0,01K0Q760DYTBERARCCPP0HVTBD,01K0Q648DY2SPXBCSM13RXE7BQ,6,clothes,0.0,2,headwear,scarf,scarf,,True,6
node,20582,1113.0,01K0Q760DYTBERARCCPP0HVTBD,01K0Q648DY2SPXBCSM13RXE7BQ,7,clothes,0.0,2,headwear,nood,node,,True,7
snood,23335,2753.0,01K0Q760DYTBERARCCPP0HVTBD,01K0Q648DY2SPXBCSM13RXE7BQ,8,clothes,1.0,2,outerwear,snood,snood,,True,8
jacket,26498,3163.0,01K0Q760DYTBERARCCPP0HVTBD,01K0Q648DY2SPXBCSM13RXE7BQ,9,clothes,0.0,2,outerwear,jacket,jacket,,True,9
coat,28725,2227.0,01K0Q760DYTBERARCCPP0HVTBD,01K0Q648DY2SPXBCSM13RXE7BQ,10,clothes,0.0,2,outerwear,coat,coat,,True,10
overcoat,31416,2691.0,01K0Q760DYTBERARCCPP0HVTBD,01K0Q648DY2SPXBCSM13RXE7BQ,11,clothes,1.0,2,outerwear,overcoat,overcoat,,True,11
suspenders,33535,2119.0,01K0Q760DYTBERARCCPP0HVTBD,01K0Q648DY2SPXBCSM13RXE7BQ,12,clothes,1.0,2,bracing,suspenders,suspender,,True,12
tie,35649,2114.0,01K0Q760DYTBERARCCPP0HVTBD,01K0Q648DY2SPXBCSM13RXE7BQ,13,clothes,1.0,2,neckwear,tie,tie,,True,13
bowtie,37058,1409.0,01K0Q760DYTBERARCCPP0HVTBD,01K0Q648DY2SPXBCSM13RXE7BQ,14,clothes,0.0,2,neckwear,bowtie,bowtie,,True,14
cravat,41043,3985.0,01K0Q760DYTBERARCCPP0HVTBD,01K0Q648DY2SPXBCSM13RXE7BQ,15,clothes,0.0,2,neckwear,cravatte,cravat,,True,15
glass,45207,4164.0,01K0Q760DYTBERARCCPP0HVTBD,01K0Q648DY2SPXBCSM13RXE7BQ,16,clothes,1.0,2,eyewear,glasses,glas,,True,16
sunglass,48013,2806.0,01K0Q760DYTBERARCCPP0HVTBD,01K0Q648DY2SPXBCSM13RXE7BQ,17,clothes,0.0,2,eyewear,sunglasses,sunglas,,True,17
piercing,52175,4162.0,01K0Q760DYTBERARCCPP0HVTBD,01K0Q648DY2SPXBCSM13RXE7BQ,18,clothes,1.0,2,piercings,piercings,piercing,,True,18
glove,55319,3144.0,01K0Q760DYTBERARCCPP0HVTBD,01K0Q648DY2SPXBCSM13RXE7BQ,19,clothes,1.0,2,handwear,gloves,glove,,True,19
mitten,57770,2451.0,01K0Q760DYTBERARCCPP0HVTBD,01K0Q648DY2SPXBCSM13RXE7BQ,20,clothes,0.0,2,handwear,mittens,mitten,,True,20
handbag,61398,3628.0,01K0Q760DYTBERARCCPP0HVTBD,01K0Q648DY2SPXBCSM13RXE7BQ,21,clothes,1.0,2,Bags,handbag,handbag,,True,21
rucksack,64986,3588.0,01K0Q760DYTBERARCCPP0HVTBD,01K0Q648DY2SPXBCSM13RXE7BQ,22,clothes,0.0,2,Bags,rucksack,rucksack,,True,22
briefcase,70242,5256.0,01K0Q760DYTBERARCCPP0HVTBD,01K0Q648DY2SPXBCSM13RXE7BQ,23,clothes,0.0,2,Bags,briefcase,briefcase,,True,23
boxer,75784,5542.0,01K0Q760DYTBERARCCPP0HVTBD,01K0Q648DY2SPXBCSM13RXE7BQ,24,clothes,1.0,2,underwear,boxers,boxer,,True,24
thong,77013,1229.0,01K0Q760DYTBERARCCPP0HVTBD,01K0Q648DY2SPXBCSM13RXE7BQ,25,clothes,0.0,2,underwear,thong,thong,,True,25
g-string,79152,2139.0,01K0Q760DYTBERARCCPP0HVTBD,01K0Q648DY2SPXBCSM13RXE7BQ,26,clothes,0.0,2,underwear,g-string,gstring,,True,26
brief,82448,3296.0,01K0Q760DYTBERARCCPP0HVTBD,01K0Q648DY2SPXBCSM13RXE7BQ,27,clothes,0.0,2,underwear,briefs,brief,,True,27
vest,89475,7027.0,01K0Q760DYTBERARCCPP0HVTBD,01K0Q648DY2SPXBCSM13RXE7BQ,28,clothes,1.0,2,chestwear,vest,vest,,True,28
bra,99011,9536.0,01K0Q760DYTBERARCCPP0HVTBD,01K0Q648DY2SPXBCSM13RXE7BQ,29,clothes,0.0,2,chestwear,bra,bra,,True,29
corset,100935,1924.0,01K0Q760DYTBERARCCPP0HVTBD,01K0Q648DY2SPXBCSM13RXE7BQ,30,clothes,0.0,2,chestwear,corsette,corset,,True,30
shin pad,108410,7475.0,01K0Q760DYTBERARCCPP0HVTBD,01K0Q648DY2SPXBCSM13RXE7BQ,31,clothes,1.0,2,legwear,shinpads,shinpad,,True,31
codpiece,111485,3075.0,01K0Q760DYTBERARCCPP0HVTBD,01K0Q648DY2SPXBCSM13RXE7BQ,32,clothes,0.0,2,legwear,codpiece,codpiece,,True,32
mask,118270,6785.0,01K0Q760DYTBERARCCPP0HVTBD,01K0Q648DY2SPXBCSM13RXE7BQ,33,clothes,1.0,2,legwear,mask,mask,,True,33
short,131278,13008.0,01K0Q760DYTBERARCCPP0HVTBD,01K0Q648DY2SPXBCSM13RXE7BQ,34,clothes,0.0,2,legwear,shorts,short,,True,34
jean,134956,3678.0,01K0Q760DYTBERARCCPP0HVTBD,01K0Q648DY2SPXBCSM13RXE7BQ,35,clothes,1.0,2,pants,jeans,jean,,True,35
corduroy,144801,9845.0,01K0Q760DYTBERARCCPP0HVTBD,01K0Q648DY2SPXBCSM13RXE7BQ,36,clothes,0.0,2,pants,cordeuroys,corduroy,,True,36
petticoat,155893,11092.0,01K0Q760DYTBERARCCPP0HVTBD,01K0Q648DY2SPXBCSM13RXE7BQ,37,clothes,1.0,2,traditional wear,petticoat,petticoat,,True,37
veil,161248,5355.0,01K0Q760DYTBERARCCPP0HVTBD,01K0Q648DY2SPXBCSM13RXE7BQ,38,clothes,1.0,2,marriage,veil,veil,,True,38
cape,165561,4313.0,01K0Q760DYTBERARCCPP0HVTBD,01K0Q648DY2SPXBCSM13RXE7BQ,39,clothes,1.0,2,capes and runners,cape,cape,,True,39
dress,166564,1003.0,01K0Q760DYTBERARCCPP0HVTBD,01K0Q648DY2SPXBCSM13RXE7BQ,40,clothes,1.0,2,dresses & skirts,dress,dres,,True,40
skirt,167707,1143.0,01K0Q760DYTBERARCCPP0HVTBD,01K0Q648DY2SPXBCSM13RXE7BQ,41,clothes,0.0,2,dresses & skirts,skirt,skirt,,True,41
long john,178219,10512.0,01K0Q760DYTBERARCCPP0HVTBD,01K0Q648DY2SPXBCSM13RXE7BQ,42,clothes,1.0,2,traditional winterwear,long johns,longjohn,,True,42
dog,3137,3137.0,01K0Q763GE3KVV0NKACG7TYD23,01K0Q648GSTKSNZT5D94MHEYBV,0,animals,1.0,2,pets,dog,dog,"['Canine', 'Pets']",True,0
cat,4778,1641.0,01K0Q763GE3KVV0NKACG7TYD23,01K0Q648GSTKSNZT5D94MHEYBV,1,animals,0.0,2,pets,cat,cat,"['Pets', 'Feline']",False,1
monkey,12449,7671.0,01K0Q763GE3KVV0NKACG7TYD23,01K0Q648GSTKSNZT5D94MHEYBV,2,animals,1.0,2,Apes,monkey,monkey,"['African', 'Primates']",True,2
fish,14375,1926.0,01K0Q763GE3KVV0NKACG7TYD23,01K0Q648GSTKSNZT5D94MHEYBV,3,animals,1.0,2,Wild,fish,fish,"['Fish', 'Water']",True,3
gorilla,16267,1892.0,01K0Q763GE3KVV0NKACG7TYD23,01K0Q648GSTKSNZT5D94MHEYBV,4,animals,0.0,2,Wild,gorilla,gorilla,"['African', 'Primates']",True,4
rhino,21600,5333.0,01K0Q763GE3KVV0NKACG7TYD23,01K0Q648GSTKSNZT5D94MHEYBV,5,animals,0.0,2,Wild,rhino,rhino,['African'],False,5
bird,26188,4588.0,01K0Q763GE3KVV0NKACG7TYD23,01K0Q648GSTKSNZT5D94MHEYBV,6,animals,1.0,2,Birds,bird,bird,['Bird'],True,6
eagle,32632,6444.0,01K0Q763GE3KVV0NKACG7TYD23,01K0Q648GSTKSNZT5D94MHEYBV,7,animals,0.0,2,Birds,eagle,eagle,['Bird'],False,7
zebra,39243,6611.0,01K0Q763GE3KVV0NKACG7TYD23,01K0Q648GSTKSNZT5D94MHEYBV,8,animals,0.0,2,Birds,aebra,zebra,['African'],True,8
horse,43286,4043.0,01K0Q763GE3KVV0NKACG7TYD23,01K0Q648GSTKSNZT5D94MHEYBV,9,animals,1.0,2,Livestock,horse,horse,"['BeastsOfBurden', 'Farm']",True,9
cow,46271,2985.0,01K0Q763GE3KVV0NKACG7TYD23,01K0Q648GSTKSNZT5D94MHEYBV,10,animals,0.0,2,Livestock,cow,cow,"['Bovine', 'Farm']",False,10
pig,47658,1387.0,01K0Q763GE3KVV0NKACG7TYD23,01K0Q648GSTKSNZT5D94MHEYBV,11,animals,0.0,2,Livestock,pig,pig,['Farm'],False,11
chicken,49551,1893.0,01K0Q763GE3KVV0NKACG7TYD23,01K0Q648GSTKSNZT5D94MHEYBV,12,animals,0.0,2,Livestock,chicken,chicken,"['Bird', 'Farm']",False,12
bison,54221,4670.0,01K0Q763GE3KVV0NKACG7TYD23,01K0Q648GSTKSNZT5D94MHEYBV,13,animals,0.0,2,Livestock,buffalo,bison,"['Bovine', 'NorthAmerican']",True,13
frog,56490,2269.0,01K0Q763GE3KVV0NKACG7TYD23,01K0Q648GSTKSNZT5D94MHEYBV,14,animals,1.0,2,,frog,frog,"['ReptileAmphibian', 'Water']",True,14
hen,63264,6774.0,01K0Q763GE3KVV0NKACG7TYD23,01K0Q648GSTKSNZT5D94MHEYBV,15,animals,0.0,2,,hen,hen,['Farm'],True,15
falcon,72946,9682.0,01K0Q763GE3KVV0NKACG7TYD23,01K0Q648GSTKSNZT5D94MHEYBV,16,animals,0.0,2,,falcon,falcon,['Bird'],True,16
iguana,79580,6634.0,01K0Q763GE3KVV0NKACG7TYD23,01K0Q648GSTKSNZT5D94MHEYBV,17,animals,0.0,2,,iguana,iguana,['ReptileAmphibian'],True,17
lizard,82712,3132.0,01K0Q763GE3KVV0NKACG7TYD23,01K0Q648GSTKSNZT5D94MHEYBV,18,animals,0.0,2,,lizard,lizard,['ReptileAmphibian'],False,18
ape,91353,8641.0,01K0Q763GE3KVV0NKACG7TYD23,01K0Q648GSTKSNZT5D94MHEYBV,19,animals,0.0,2,,ape,ape,['Primates'],True,19
swordfish,100424,9071.0,01K0Q763GE3KVV0NKACG7TYD23,01K0Q648GSTKSNZT5D94MHEYBV,20,animals,0.0,2,,swordfish,swordfish,['Fish'],True,20
tuna,103198,2774.0,01K0Q763GE3KVV0NKACG7TYD23,01K0Q648GSTKSNZT5D94MHEYBV,21,animals,0.0,2,,tuna,tuna,['Fish'],False,21
crab,116542,13344.0,01K0Q763GE3KVV0NKACG7TYD23,01K0Q648GSTKSNZT5D94MHEYBV,22,animals,0.0,2,,crab,crab,['Water'],True,22
lobster,118651,2109.0,01K0Q763GE3KVV0NKACG7TYD23,01K0Q648GSTKSNZT5D94MHEYBV,23,animals,0.0,2,,lobster,lobster,['Water'],False,23
trout,122889,4238.0,01K0Q763GE3KVV0NKACG7TYD23,01K0Q648GSTKSNZT5D94MHEYBV,24,animals,0.0,2,,trout,trout,['Fish'],True,24
snapper,126791,3902.0,01K0Q763GE3KVV0NKACG7TYD23,01K0Q648GSTKSNZT5D94MHEYBV,25,animals,0.0,2,,snapper,snapper,"['Fish', 'Water']",False,25
halibut,132696,5905.0,01K0Q763GE3KVV0NKACG7TYD23,01K0Q648GSTKSNZT5D94MHEYBV,26,animals,0.0,2,,halibut,halibut,['Fish'],False,26
hummingbird,142317,9621.0,01K0Q763GE3KVV0NKACG7TYD23,01K0Q648GSTKSNZT5D94MHEYBV,27,animals,0.0,2,,hummingbird,hummingbird,['Bird'],True,27
hog,147909,5592.0,01K0Q763GE3KVV0NKACG7TYD23,01K0Q648GSTKSNZT5D94MHEYBV,28,animals,0.0,2,,hog,hog,['Farm'],True,28
boar,151374,3465.0,01K0Q763GE3KVV0NKACG7TYD23,01K0Q648GSTKSNZT5D94MHEYBV,29,animals,0.0,2,,boar,boar,['NorthAmerican'],True,29
snake,160858,9484.0,01K0Q763GE3KVV0NKACG7TYD23,01K0Q648GSTKSNZT5D94MHEYBV,30,animals,0.0,2,,snake,snake,"['Farm', 'ReptileAmphibian']",True,30
boa,164040,3182.0,01K0Q763GE3KVV0NKACG7TYD23,01K0Q648GSTKSNZT5D94MHEYBV,31,animals,1.0,2,,boa,boaconstrictor,['ReptileAmphibian'],False,31
Cart,6581,6581.0,01K0Q76T585Y0XSMKZZYP7K9C9,01K0Q648EEJQSGMYY9Y4Q1N7D1,0,supermarket,1.0,2,General store items ,Carts,cart,,True,0
grocery,9676,3095.0,01K0Q76T585Y0XSMKZZYP7K9C9,01K0Q648EEJQSGMYY9Y4Q1N7D1,1,supermarket,0.0,2,General store items ,groceries,grocery,,True,1
ice,11355,1679.0,01K0Q76T585Y0XSMKZZYP7K9C9,01K0Q648EEJQSGMYY9Y4Q1N7D1,2,supermarket,0.0,2,General store items ,ice,ice,,True,2
drink,13674,2319.0,01K0Q76T585Y0XSMKZZYP7K9C9,01K0Q648EEJQSGMYY9Y4Q1N7D1,3,supermarket,0.0,2,General store items ,drinks,drink,,True,3
milk,14901,1227.0,01K0Q76T585Y0XSMKZZYP7K9C9,01K0Q648EEJQSGMYY9Y4Q1N7D1,4,supermarket,0.0,2,General store items ,milk,milk,,True,4
doughnut,16775,1874.0,01K0Q76T585Y0XSMKZZYP7K9C9,01K0Q648EEJQSGMYY9Y4Q1N7D1,5,supermarket,1.0,2,Sweets ,donuts,doughnut,,True,5
candy,18027,1252.0,01K0Q76T585Y0XSMKZZYP7K9C9,01K0Q648EEJQSGMYY9Y4Q1N7D1,6,supermarket,0.0,2,Sweets ,candy,candy,,True,6
coffee,21580,3553.0,01K0Q76T585Y0XSMKZZYP7K9C9,01K0Q648EEJQSGMYY9Y4Q1N7D1,7,supermarket,1.0,2,Other drinks ,coffee,coffee,,True,7
alcohol,27695,6115.0,01K0Q76T585Y0XSMKZZYP7K9C9,01K0Q648EEJQSGMYY9Y4Q1N7D1,8,supermarket,0.0,2,Other drinks ,alcohol,alcohol,,True,8
fruit,32322,4627.0,01K0Q76T585Y0XSMKZZYP7K9C9,01K0Q648EEJQSGMYY9Y4Q1N7D1,9,supermarket,1.0,2,Various fruits,fruits,fruit,,True,9
cereal,34563,2241.0,01K0Q76T585Y0XSMKZZYP7K9C9,01K0Q648EEJQSGMYY9Y4Q1N7D1,10,supermarket,1.0,2,Boxed cereal ,cereal,cereal,,True,10
tomato,38917,4354.0,01K0Q76T585Y0XSMKZZYP7K9C9,01K0Q648EEJQSGMYY9Y4Q1N7D1,11,supermarket,1.0,2,Fruit & Veggies ,tomatoes,tomato,,True,11
apple,40923,2006.0,01K0Q76T585Y0XSMKZZYP7K9C9,01K0Q648EEJQSGMYY9Y4Q1N7D1,12,supermarket,0.0,2,Fruit & Veggies ,apples,apple,,True,12
carrot,43620,2697.0,01K0Q76T585Y0XSMKZZYP7K9C9,01K0Q648EEJQSGMYY9Y4Q1N7D1,13,supermarket,0.0,2,Fruit & Veggies ,carrots,carrot,,True,13
banana,46047,2427.0,01K0Q76T585Y0XSMKZZYP7K9C9,01K0Q648EEJQSGMYY9Y4Q1N7D1,14,supermarket,0.0,2,Fruit & Veggies ,bananas,banana,,True,14
orange,50323,4276.0,01K0Q76T585Y0XSMKZZYP7K9C9,01K0Q648EEJQSGMYY9Y4Q1N7D1,15,supermarket,0.0,2,Fruit & Veggies ,oranges,orange,,True,15
cake,52553,2230.0,01K0Q76T585Y0XSMKZZYP7K9C9,01K0Q648EEJQSGMYY9Y4Q1N7D1,16,supermarket,1.0,2,Bakery ,cake,cake,,True,16
yogurt,57432,4879.0,01K0Q76T585Y0XSMKZZYP7K9C9,01K0Q648EEJQSGMYY9Y4Q1N7D1,17,supermarket,1.0,2,Dairy products ,yogurt,yogurt,,True,17
dairy,61271,3839.0,01K0Q76T585Y0XSMKZZYP7K9C9,01K0Q648EEJQSGMYY9Y4Q1N7D1,18,supermarket,0.0,2,Dairy products ,dairy,dairy,,True,18
cheese,62996,1725.0,01K0Q76T585Y0XSMKZZYP7K9C9,01K0Q648EEJQSGMYY9Y4Q1N7D1,19,supermarket,0.0,2,Dairy products ,cheese,cheese,,True,19
cookie,65241,2245.0,01K0Q76T585Y0XSMKZZYP7K9C9,01K0Q648EEJQSGMYY9Y4Q1N7D1,20,supermarket,1.0,2,Baked goods ,cookies,cookie,,True,20
pizza,69110,3869.0,01K0Q76T585Y0XSMKZZYP7K9C9,01K0Q648EEJQSGMYY9Y4Q1N7D1,21,supermarket,1.0,2,Frozen dinners ,pizza,pizza,,True,21
frozen pizza,71191,2081.0,01K0Q76T585Y0XSMKZZYP7K9C9,01K0Q648EEJQSGMYY9Y4Q1N7D1,22,supermarket,0.0,2,Frozen dinners ,frozen pizza,frozenpizza,,True,22
chicken,75830,4639.0,01K0Q76T585Y0XSMKZZYP7K9C9,01K0Q648EEJQSGMYY9Y4Q1N7D1,23,supermarket,1.0,2,Roasted ready to eat ,chicken,chicken,,True,23
roasted vegetable,80175,4345.0,01K0Q76T585Y0XSMKZZYP7K9C9,01K0Q648EEJQSGMYY9Y4Q1N7D1,24,supermarket,1.0,2,Ready to eat counter ,roasted veggies,roastedvegetable,,True,24
sushi,81878,1703.0,01K0Q76T585Y0XSMKZZYP7K9C9,01K0Q648EEJQSGMYY9Y4Q1N7D1,25,supermarket,1.0,2,Fresh made sushi ,sushi,sushi,,True,25
ice cream,86947,5069.0,01K0Q76T585Y0XSMKZZYP7K9C9,01K0Q648EEJQSGMYY9Y4Q1N7D1,26,supermarket,1.0,2,Sweets and Frozen treats ,ice cream,icecream,,True,26
chocolate,92216,5269.0,01K0Q76T585Y0XSMKZZYP7K9C9,01K0Q648EEJQSGMYY9Y4Q1N7D1,27,supermarket,0.0,2,Sweets and Frozen treats ,chocolates,chocolate,,True,27
biscuit,97788,5572.0,01K0Q76T585Y0XSMKZZYP7K9C9,01K0Q648EEJQSGMYY9Y4Q1N7D1,28,supermarket,0.0,2,Sweets and Frozen treats ,busciuts,biscuit,,True,28
tea,103401,5613.0,01K0Q76T585Y0XSMKZZYP7K9C9,01K0Q648EEJQSGMYY9Y4Q1N7D1,29,supermarket,0.0,2,Sweets and Frozen treats ,tea,tea,,True,29
bean,105120,1719.0,01K0Q76T585Y0XSMKZZYP7K9C9,01K0Q648EEJQSGMYY9Y4Q1N7D1,30,supermarket,1.0,2,Canned goods ,beans,bean,,True,30
canned good,110472,5352.0,01K0Q76T585Y0XSMKZZYP7K9C9,01K0Q648EEJQSGMYY9Y4Q1N7D1,31,supermarket,0.0,2,Canned goods ,canned goods,cannedgood,,True,31
lemon,115919,5447.0,01K0Q76T585Y0XSMKZZYP7K9C9,01K0Q648EEJQSGMYY9Y4Q1N7D1,32,supermarket,1.0,2,Fruits,lemons,lemon,,True,32
nut,122286,6367.0,01K0Q76T585Y0XSMKZZYP7K9C9,01K0Q648EEJQSGMYY9Y4Q1N7D1,33,supermarket,1.0,2,Bagged nuts ,nuts,nut,,True,33
fish,123842,1556.0,01K0Q76T585Y0XSMKZZYP7K9C9,01K0Q648EEJQSGMYY9Y4Q1N7D1,34,supermarket,1.0,2,Seafood counter ,fish,fish,,True,34
dough,132205,8363.0,01K0Q76T585Y0XSMKZZYP7K9C9,01K0Q648EEJQSGMYY9Y4Q1N7D1,35,supermarket,1.0,2,Organic Fruits & Veggies ,dew,dough,,True,35
strawberry,143657,11452.0,01K0Q76T585Y0XSMKZZYP7K9C9,01K0Q648EEJQSGMYY9Y4Q1N7D1,36,supermarket,0.0,2,Organic Fruits & Veggies ,strawberries,strawberry,,True,36
cucumber,148755,5098.0,01K0Q76T585Y0XSMKZZYP7K9C9,01K0Q648EEJQSGMYY9Y4Q1N7D1,37,supermarket,0.0,2,Organic Fruits & Veggies ,cucumber,cucumber,,True,37
plantain,153854,5099.0,01K0Q76T585Y0XSMKZZYP7K9C9,01K0Q648EEJQSGMYY9Y4Q1N7D1,38,supermarket,0.0,2,Organic Fruits & Veggies ,plantains,plantain,,True,38
ramen,158959,5105.0,01K0Q76T585Y0XSMKZZYP7K9C9,01K0Q648EEJQSGMYY9Y4Q1N7D1,39,supermarket,1.0,2,Quick?Easy ramen ,ramen,raman,,True,39
noodle,160519,1560.0,01K0Q76T585Y0XSMKZZYP7K9C9,01K0Q648EEJQSGMYY9Y4Q1N7D1,40,supermarket,0.0,2,Quick?Easy ramen ,noodles,noodle,,True,40
cigarette,166691,6172.0,01K0Q76T585Y0XSMKZZYP7K9C9,01K0Q648EEJQSGMYY9Y4Q1N7D1,41,supermarket,1.0,2,Cigarette counter ,cigs,cigarette,,True,41
orange juice,173202,6511.0,01K0Q76T585Y0XSMKZZYP7K9C9,01K0Q648EEJQSGMYY9Y4Q1N7D1,42,supermarket,1.0,2,Fresh juice ,orange juice,orangejuice,,True,42
apple juice,175859,2657.0,01K0Q76T585Y0XSMKZZYP7K9C9,01K0Q648EEJQSGMYY9Y4Q1N7D1,43,supermarket,0.0,2,Fresh juice ,apple juice,applejuice,,True,43
Shirt,9205,9205.0,01K0Q778SRD7XBAAC810J2N5RK,01K0Q648GHJZQAZSVT1W2EA7TJ,0,clothes,1.0,2,Basic items,Shirt,shirt,,True,0
crop top,11235,2030.0,01K0Q778SRD7XBAAC810J2N5RK,01K0Q648GHJZQAZSVT1W2EA7TJ,1,clothes,0.0,2,Basic items,crop top,croptop,,True,1
short,13924,2689.0,01K0Q778SRD7XBAAC810J2N5RK,01K0Q648GHJZQAZSVT1W2EA7TJ,2,clothes,1.0,2,Things no one should ever wear ,shorts,short,,True,2
pant,16236,2312.0,01K0Q778SRD7XBAAC810J2N5RK,01K0Q648GHJZQAZSVT1W2EA7TJ,3,clothes,1.0,2,Work wear,pants,pant,,True,3
khaki,17971,1735.0,01K0Q778SRD7XBAAC810J2N5RK,01K0Q648GHJZQAZSVT1W2EA7TJ,4,clothes,0.0,2,Work wear,khakis,khaki,,True,4
skirt,20497,2526.0,01K0Q778SRD7XBAAC810J2N5RK,01K0Q648GHJZQAZSVT1W2EA7TJ,5,clothes,1.0,2,What to wear in autumn and winter,skirt,skirt,,True,5
plaid shirt,22924,2427.0,01K0Q778SRD7XBAAC810J2N5RK,01K0Q648GHJZQAZSVT1W2EA7TJ,6,clothes,0.0,2,What to wear in autumn and winter,plaid shirt,plaidshirt,,True,6
peacoat,29290,6366.0,01K0Q778SRD7XBAAC810J2N5RK,01K0Q648GHJZQAZSVT1W2EA7TJ,7,clothes,0.0,2,What to wear in autumn and winter,peacoat,peacoat,,True,7
bomber jacket,33334,4044.0,01K0Q778SRD7XBAAC810J2N5RK,01K0Q648GHJZQAZSVT1W2EA7TJ,8,clothes,0.0,2,What to wear in autumn and winter,bomber jacket,bomberjacket,,True,8
utility jacket,37358,4024.0,01K0Q778SRD7XBAAC810J2N5RK,01K0Q648GHJZQAZSVT1W2EA7TJ,9,clothes,0.0,2,What to wear in autumn and winter,utility jacket,utilityjacket,,True,9
Jean jacket,42255,4897.0,01K0Q778SRD7XBAAC810J2N5RK,01K0Q648GHJZQAZSVT1W2EA7TJ,10,clothes,0.0,2,What to wear in autumn and winter,Jean jacket,jeanjacket,,True,10
denim jacket,44978,2723.0,01K0Q778SRD7XBAAC810J2N5RK,01K0Q648GHJZQAZSVT1W2EA7TJ,11,clothes,0.0,2,What to wear in autumn and winter,denim jacket,denimjacket,,True,11
long skirt,50649,5671.0,01K0Q778SRD7XBAAC810J2N5RK,01K0Q648GHJZQAZSVT1W2EA7TJ,12,clothes,0.0,2,What to wear in autumn and winter,long skirt,longskirt,,True,12
cardigan,55152,4503.0,01K0Q778SRD7XBAAC810J2N5RK,01K0Q648GHJZQAZSVT1W2EA7TJ,13,clothes,0.0,2,What to wear in autumn and winter,cardigan,cardigan,,True,13
plaid skirt,63451,4167.0,01K0Q778SRD7XBAAC810J2N5RK,01K0Q648GHJZQAZSVT1W2EA7TJ,15,clothes,0.0,2,What to wear in autumn and winter,plaid skirt,plaidskirt,,True,14
feather boa,73551,10100.0,01K0Q778SRD7XBAAC810J2N5RK,01K0Q648GHJZQAZSVT1W2EA7TJ,16,clothes,1.0,2,Things you can do without,feather boa,featherboa,,True,15
grass skirt,79694,6143.0,01K0Q778SRD7XBAAC810J2N5RK,01K0Q648GHJZQAZSVT1W2EA7TJ,17,clothes,0.0,2,Things you can do without,grass skirt,grasskirt,,True,16
bra,81733,2039.0,01K0Q778SRD7XBAAC810J2N5RK,01K0Q648GHJZQAZSVT1W2EA7TJ,18,clothes,0.0,2,Things you can do without,bra,bra,,True,17
panty,84031,2298.0,01K0Q778SRD7XBAAC810J2N5RK,01K0Q648GHJZQAZSVT1W2EA7TJ,19,clothes,0.0,2,Things you can do without,panties,panty,,True,18
boxer,87326,3295.0,01K0Q778SRD7XBAAC810J2N5RK,01K0Q648GHJZQAZSVT1W2EA7TJ,20,clothes,0.0,2,Things you can do without,boxers,boxer,,True,19
sock,89745,2419.0,01K0Q778SRD7XBAAC810J2N5RK,01K0Q648GHJZQAZSVT1W2EA7TJ,21,clothes,0.0,2,Things you can do without,socks,sock,,True,20
shoe,91574,1829.0,01K0Q778SRD7XBAAC810J2N5RK,01K0Q648GHJZQAZSVT1W2EA7TJ,22,clothes,1.0,2,When you want to accessorize or wear an outfit.,shoes,shoe,,True,21
tap shoe,95756,4182.0,01K0Q778SRD7XBAAC810J2N5RK,01K0Q648GHJZQAZSVT1W2EA7TJ,23,clothes,0.0,2,When you want to accessorize or wear an outfit.,tap shoes,tapshoe,,True,22
sandal,98919,3163.0,01K0Q778SRD7XBAAC810J2N5RK,01K0Q648GHJZQAZSVT1W2EA7TJ,24,clothes,0.0,2,When you want to accessorize or wear an outfit.,sandals,sandal,,True,23
flip flop,100967,2048.0,01K0Q778SRD7XBAAC810J2N5RK,01K0Q648GHJZQAZSVT1W2EA7TJ,25,clothes,0.0,2,When you want to accessorize or wear an outfit.,flip flops,flipflop,,True,24
gladiator sandal,108423,7456.0,01K0Q778SRD7XBAAC810J2N5RK,01K0Q648GHJZQAZSVT1W2EA7TJ,26,clothes,0.0,2,When you want to accessorize or wear an outfit.,gladiator sandals,gladiatorsandal,,True,25
hair tie,117096,8673.0,01K0Q778SRD7XBAAC810J2N5RK,01K0Q648GHJZQAZSVT1W2EA7TJ,27,clothes,0.0,2,When you want to accessorize or wear an outfit.,hair tie,hairtie,,True,26
glove,121718,4622.0,01K0Q778SRD7XBAAC810J2N5RK,01K0Q648GHJZQAZSVT1W2EA7TJ,28,clothes,0.0,2,When you want to accessorize or wear an outfit.,gloves,glove,,True,27
leather jacket,125138,3420.0,01K0Q778SRD7XBAAC810J2N5RK,01K0Q648GHJZQAZSVT1W2EA7TJ,29,clothes,0.0,2,When you want to accessorize or wear an outfit.,leather jacket,leatherjacket,,True,28
vest,127388,2250.0,01K0Q778SRD7XBAAC810J2N5RK,01K0Q648GHJZQAZSVT1W2EA7TJ,30,clothes,0.0,2,When you want to accessorize or wear an outfit.,vest,vest,,True,29
leather vest,131600,4212.0,01K0Q778SRD7XBAAC810J2N5RK,01K0Q648GHJZQAZSVT1W2EA7TJ,31,clothes,0.0,2,When you want to accessorize or wear an outfit.,leather vest,leathervest,,True,30
suit,134154,2554.0,01K0Q778SRD7XBAAC810J2N5RK,01K0Q648GHJZQAZSVT1W2EA7TJ,32,clothes,0.0,2,When you want to accessorize or wear an outfit.,suit,suit,,True,31
blazer,136659,2505.0,01K0Q778SRD7XBAAC810J2N5RK,01K0Q648GHJZQAZSVT1W2EA7TJ,33,clothes,0.0,2,When you want to accessorize or wear an outfit.,blazer,blazer,,True,32
coat,138161,1502.0,01K0Q778SRD7XBAAC810J2N5RK,01K0Q648GHJZQAZSVT1W2EA7TJ,34,clothes,1.0,2,Things you wear when its cold,coat,coat,,True,33
oversized sweater,145438,7277.0,01K0Q778SRD7XBAAC810J2N5RK,01K0Q648GHJZQAZSVT1W2EA7TJ,35,clothes,0.0,2,Things you wear when its cold,oversized sweater,oversizedsweater,,True,34
sweater,147419,1981.0,01K0Q778SRD7XBAAC810J2N5RK,01K0Q648GHJZQAZSVT1W2EA7TJ,36,clothes,1.0,2,Something you don't wear all the time.,sweater,sweater,,True,35
crew neck shirt,154717,7298.0,01K0Q778SRD7XBAAC810J2N5RK,01K0Q648GHJZQAZSVT1W2EA7TJ,37,clothes,0.0,2,Something you don't wear all the time.,crew neck shirt,crewneckshirt,,True,36
v-neck tank top,162338,7621.0,01K0Q778SRD7XBAAC810J2N5RK,01K0Q648GHJZQAZSVT1W2EA7TJ,38,clothes,0.0,2,Something you don't wear all the time.,v-neck tank top,vnecktanktop,,True,37
bodice,172081,9743.0,01K0Q778SRD7XBAAC810J2N5RK,01K0Q648GHJZQAZSVT1W2EA7TJ,39,clothes,0.0,2,Something you don't wear all the time.,bodest,bodice,,True,38
body suit,178040,5959.0,01K0Q778SRD7XBAAC810J2N5RK,01K0Q648GHJZQAZSVT1W2EA7TJ,40,clothes,0.0,2,Something you don't wear all the time.,body suit,bodysuit,,True,39
skirt,4729,4729.0,01K0Q77VMVCQB4802BTH93BS6M,01K0Q648E812KGTFVGA5DVATZT,0,clothes,1.0,2,Girls,skirt,skirt,,True,0
dress,6722,1993.0,01K0Q77VMVCQB4802BTH93BS6M,01K0Q648E812KGTFVGA5DVATZT,1,clothes,0.0,2,Girls,dress,dres,,True,1
tee shirt,9787,3065.0,01K0Q77VMVCQB4802BTH93BS6M,01K0Q648E812KGTFVGA5DVATZT,2,clothes,1.0,2,General,tee shirt,teeshirt,,True,2
underwear,12640,2853.0,01K0Q77VMVCQB4802BTH93BS6M,01K0Q648E812KGTFVGA5DVATZT,3,clothes,1.0,2,basics,underwear,underwear,,True,3
shirt,14187,1547.0,01K0Q77VMVCQB4802BTH93BS6M,01K0Q648E812KGTFVGA5DVATZT,4,clothes,0.0,2,basics,shirt,shirt,,True,4
trouser,16541,2354.0,01K0Q77VMVCQB4802BTH93BS6M,01K0Q648E812KGTFVGA5DVATZT,5,clothes,0.0,2,basics,trousers,trouser,,True,5
swimsuit,21544,5003.0,01K0Q77VMVCQB4802BTH93BS6M,01K0Q648E812KGTFVGA5DVATZT,6,clothes,1.0,2,Underwear,swimsuit,swimsuit,,True,6
sock,24136,2592.0,01K0Q77VMVCQB4802BTH93BS6M,01K0Q648E812KGTFVGA5DVATZT,7,clothes,0.0,2,Underwear,socks,sock,,True,7
short,34711,10575.0,01K0Q77VMVCQB4802BTH93BS6M,01K0Q648E812KGTFVGA5DVATZT,8,clothes,0.0,2,Underwear,shorts,short,,True,8
pant,41854,7143.0,01K0Q77VMVCQB4802BTH93BS6M,01K0Q648E812KGTFVGA5DVATZT,9,clothes,0.0,2,Underwear,pants,pant,,True,9
nightie,44622,2768.0,01K0Q77VMVCQB4802BTH93BS6M,01K0Q648E812KGTFVGA5DVATZT,10,clothes,0.0,2,Underwear,nightie,nightie,,True,10
boxer,48521,3899.0,01K0Q77VMVCQB4802BTH93BS6M,01K0Q648E812KGTFVGA5DVATZT,11,clothes,0.0,2,Underwear,boxers,boxer,,True,11
vest,55128,6607.0,01K0Q77VMVCQB4802BTH93BS6M,01K0Q648E812KGTFVGA5DVATZT,12,clothes,0.0,2,Underwear,vest,vest,,True,12
tie,75196,20068.0,01K0Q77VMVCQB4802BTH93BS6M,01K0Q648E812KGTFVGA5DVATZT,13,clothes,1.0,2,accessories,tie,tie,,True,13
sweater,80712,5516.0,01K0Q77VMVCQB4802BTH93BS6M,01K0Q648E812KGTFVGA5DVATZT,14,clothes,1.0,2,Items to provide warmth,sweater,sweater,,True,14
jumper,83060,2348.0,01K0Q77VMVCQB4802BTH93BS6M,01K0Q648E812KGTFVGA5DVATZT,15,clothes,0.0,2,Items to provide warmth,jumper,jumper,,True,15
hat,96361,13301.0,01K0Q77VMVCQB4802BTH93BS6M,01K0Q648E812KGTFVGA5DVATZT,16,clothes,1.0,2,Warmth acessories,hat,hat,,True,16
scarf,98823,2462.0,01K0Q77VMVCQB4802BTH93BS6M,01K0Q648E812KGTFVGA5DVATZT,17,clothes,0.0,2,Warmth acessories,scarf,scarf,,True,17
glove,101628,2805.0,01K0Q77VMVCQB4802BTH93BS6M,01K0Q648E812KGTFVGA5DVATZT,18,clothes,0.0,2,Warmth acessories,gloves,glove,,True,18
coat,114758,13130.0,01K0Q77VMVCQB4802BTH93BS6M,01K0Q648E812KGTFVGA5DVATZT,19,clothes,1.0,2,Cold Weather ,coat,coat,,True,19
blazer,124872,10114.0,01K0Q77VMVCQB4802BTH93BS6M,01K0Q648E812KGTFVGA5DVATZT,20,clothes,0.0,2,Cold Weather ,blazer,blazer,,True,20
jacket,127251,2379.0,01K0Q77VMVCQB4802BTH93BS6M,01K0Q648E812KGTFVGA5DVATZT,21,clothes,0.0,2,Cold Weather ,jacket,jacket,,True,21
boot,131157,3906.0,01K0Q77VMVCQB4802BTH93BS6M,01K0Q648E812KGTFVGA5DVATZT,22,clothes,1.0,2,Foot related items,boots,boot,,True,22
shoe,133540,2383.0,01K0Q77VMVCQB4802BTH93BS6M,01K0Q648E812KGTFVGA5DVATZT,23,clothes,0.0,2,Foot related items,shoes,shoe,,True,23
flip flop,137172,3632.0,01K0Q77VMVCQB4802BTH93BS6M,01K0Q648E812KGTFVGA5DVATZT,24,clothes,1.0,2,Beach wear,flip flops,flipflop,,True,24
brief,141101,3929.0,01K0Q77VMVCQB4802BTH93BS6M,01K0Q648E812KGTFVGA5DVATZT,25,clothes,1.0,2,Underwear,briefs,brief,,True,25
dungarees,155147,14046.0,01K0Q77VMVCQB4802BTH93BS6M,01K0Q648E812KGTFVGA5DVATZT,26,clothes,1.0,2,Chill at home clothing,dunagrees,dungaree,,True,26
legging,171250,16103.0,01K0Q77VMVCQB4802BTH93BS6M,01K0Q648E812KGTFVGA5DVATZT,27,clothes,0.0,2,Chill at home clothing,leggings,legging,,True,27
jogger,173112,1862.0,01K0Q77VMVCQB4802BTH93BS6M,01K0Q648E812KGTFVGA5DVATZT,28,clothes,0.0,2,Chill at home clothing,joggers,jogger,,True,28
leotard,178078,4966.0,01K0Q77VMVCQB4802BTH93BS6M,01K0Q648E812KGTFVGA5DVATZT,29,clothes,1.0,2,Performance specific,leotard,leotard,,True,29
pant,5008,5008.0,01K0Q78170RYYZT4JVDTD7PVH6,01K0Q648DZARJS7XB1VWCYXA3A,0,clothes,1.0,2,Work Wear ,pants,pant,,True,0
shirt,7079,2071.0,01K0Q78170RYYZT4JVDTD7PVH6,01K0Q648DZARJS7XB1VWCYXA3A,1,clothes,0.0,2,Work Wear ,shirt,shirt,,True,1
belt,9684,2605.0,01K0Q78170RYYZT4JVDTD7PVH6,01K0Q648DZARJS7XB1VWCYXA3A,2,clothes,0.0,2,Work Wear ,belt,belt,,True,2
shoe,12257,2573.0,01K0Q78170RYYZT4JVDTD7PVH6,01K0Q648DZARJS7XB1VWCYXA3A,3,clothes,0.0,2,Work Wear ,shoes,shoe,,True,3
tie,13911,1654.0,01K0Q78170RYYZT4JVDTD7PVH6,01K0Q648DZARJS7XB1VWCYXA3A,4,clothes,0.0,2,Work Wear ,tie,tie,,True,4
jacket,17018,3107.0,01K0Q78170RYYZT4JVDTD7PVH6,01K0Q648DZARJS7XB1VWCYXA3A,5,clothes,0.0,2,Work Wear ,jacket,jacket,,True,5
cardigan,20435,3417.0,01K0Q78170RYYZT4JVDTD7PVH6,01K0Q648DZARJS7XB1VWCYXA3A,6,clothes,0.0,2,Work Wear ,cardigan,cardigan,,True,6
skirt,24530,4095.0,01K0Q78170RYYZT4JVDTD7PVH6,01K0Q648DZARJS7XB1VWCYXA3A,7,clothes,0.0,2,Work Wear ,skirt,skirt,,True,7
dress,26137,1607.0,01K0Q78170RYYZT4JVDTD7PVH6,01K0Q648DZARJS7XB1VWCYXA3A,8,clothes,0.0,2,Work Wear ,dress,dres,,True,8
blazer,29429,3292.0,01K0Q78170RYYZT4JVDTD7PVH6,01K0Q648DZARJS7XB1VWCYXA3A,9,clothes,0.0,2,Work Wear ,blazer,blazer,,True,9
pantyhose,37037,7608.0,01K0Q78170RYYZT4JVDTD7PVH6,01K0Q648DZARJS7XB1VWCYXA3A,10,clothes,0.0,2,Work Wear ,panty hose,pantyhose,,True,10
tight,39066,2029.0,01K0Q78170RYYZT4JVDTD7PVH6,01K0Q648DZARJS7XB1VWCYXA3A,11,clothes,0.0,2,Work Wear ,tights,tight,,True,11
purse,40588,1522.0,01K0Q78170RYYZT4JVDTD7PVH6,01K0Q648DZARJS7XB1VWCYXA3A,12,clothes,0.0,2,Work Wear ,purse,purse,,True,12
jean,48929,8341.0,01K0Q78170RYYZT4JVDTD7PVH6,01K0Q648DZARJS7XB1VWCYXA3A,13,clothes,1.0,2,Weekend Wear,jeans,jean,,True,13
jogging pant,59308,10379.0,01K0Q78170RYYZT4JVDTD7PVH6,01K0Q648DZARJS7XB1VWCYXA3A,14,clothes,1.0,2,Sports Wear ,jogging pants,joggingpant,,True,14
skort,65170,5862.0,01K0Q78170RYYZT4JVDTD7PVH6,01K0Q648DZARJS7XB1VWCYXA3A,15,clothes,0.0,2,Sports Wear ,skorts,skort,,True,15
flat,73618,8448.0,01K0Q78170RYYZT4JVDTD7PVH6,01K0Q648DZARJS7XB1VWCYXA3A,16,clothes,0.0,2,Sports Wear ,flats,flat,,True,16
capri,82219,8601.0,01K0Q78170RYYZT4JVDTD7PVH6,01K0Q648DZARJS7XB1VWCYXA3A,17,clothes,1.0,2,Summer Wear ,capris,capri,,True,17
swimsuit,90057,7838.0,01K0Q78170RYYZT4JVDTD7PVH6,01K0Q648DZARJS7XB1VWCYXA3A,18,clothes,0.0,2,Summer Wear ,swimsuit,swimsuit,,True,18
hat,98162,8105.0,01K0Q78170RYYZT4JVDTD7PVH6,01K0Q648DZARJS7XB1VWCYXA3A,19,clothes,0.0,2,Summer Wear ,hat,hat,,True,19
scarf,101300,3138.0,01K0Q78170RYYZT4JVDTD7PVH6,01K0Q648DZARJS7XB1VWCYXA3A,20,clothes,0.0,2,Summer Wear ,scarf,scarf,,True,20
blouse,108249,6949.0,01K0Q78170RYYZT4JVDTD7PVH6,01K0Q648DZARJS7XB1VWCYXA3A,21,clothes,0.0,2,Summer Wear ,blouse,blouse,,True,21
t-shirt,112589,4340.0,01K0Q78170RYYZT4JVDTD7PVH6,01K0Q648DZARJS7XB1VWCYXA3A,22,clothes,0.0,2,Summer Wear ,t-shirts,tshirt,,True,22
cord,116488,3899.0,01K0Q78170RYYZT4JVDTD7PVH6,01K0Q648DZARJS7XB1VWCYXA3A,23,clothes,1.0,2,Casual Wear ,cords,cord,,True,23
jumper,123106,6618.0,01K0Q78170RYYZT4JVDTD7PVH6,01K0Q648DZARJS7XB1VWCYXA3A,24,clothes,1.0,2,Nightlife Wear ,jumpers,jumper,,True,24
dress pant,136538,13432.0,01K0Q78170RYYZT4JVDTD7PVH6,01K0Q648DZARJS7XB1VWCYXA3A,25,clothes,1.0,2,Accessories ,dress p[ant,drespant,,True,25
workout,147817,11279.0,01K0Q78170RYYZT4JVDTD7PVH6,01K0Q648DZARJS7XB1VWCYXA3A,26,clothes,0.0,2,Accessories ,workout,workout,,True,26
bra,153346,5529.0,01K0Q78170RYYZT4JVDTD7PVH6,01K0Q648DZARJS7XB1VWCYXA3A,27,clothes,0.0,2,Accessories ,bras,bra,,True,27
underwear,155690,2344.0,01K0Q78170RYYZT4JVDTD7PVH6,01K0Q648DZARJS7XB1VWCYXA3A,28,clothes,0.0,2,Accessories ,underwear,underwear,,True,28
camisole,165511,9821.0,01K0Q78170RYYZT4JVDTD7PVH6,01K0Q648DZARJS7XB1VWCYXA3A,29,clothes,0.0,2,Accessories ,camisole,camisole,,True,29
mitten,177455,11944.0,01K0Q78170RYYZT4JVDTD7PVH6,01K0Q648DZARJS7XB1VWCYXA3A,30,clothes,0.0,2,Accessories ,mittens,mitten,,True,30
canned food item,9238,9238.0,01K0Q78E8EXAB60F9JNJTBD8A3,01K0Q648G14PKS0BMSSHCPZN1R,0,supermarket,1.0,2,Canned Foods,canned food,cannedfooditem,,True,0
banana,12552,3314.0,01K0Q78E8EXAB60F9JNJTBD8A3,01K0Q648G14PKS0BMSSHCPZN1R,1,supermarket,1.0,2,Fruit,bananas,banana,,True,1
milk,14677,2125.0,01K0Q78E8EXAB60F9JNJTBD8A3,01K0Q648G14PKS0BMSSHCPZN1R,2,supermarket,1.0,2,Dairy,milk,milk,,True,2
egg,16016,1339.0,01K0Q78E8EXAB60F9JNJTBD8A3,01K0Q648G14PKS0BMSSHCPZN1R,3,supermarket,1.0,2,Dairy,eggs,egg,,True,3
coffee,18480,2464.0,01K0Q78E8EXAB60F9JNJTBD8A3,01K0Q648G14PKS0BMSSHCPZN1R,4,supermarket,1.0,2,coffee,coffee,coffee,,True,4
soda,21601,3121.0,01K0Q78E8EXAB60F9JNJTBD8A3,01K0Q648G14PKS0BMSSHCPZN1R,5,supermarket,1.0,2,drinks,soda,soda,,True,5
bread,24762,3161.0,01K0Q78E8EXAB60F9JNJTBD8A3,01K0Q648G14PKS0BMSSHCPZN1R,6,supermarket,1.0,2,breads,bread,bread,,True,6
cake,27398,2636.0,01K0Q78E8EXAB60F9JNJTBD8A3,01K0Q648G14PKS0BMSSHCPZN1R,7,supermarket,1.0,2,bakery,cakes,cake,,True,7
pie,29892,2494.0,01K0Q78E8EXAB60F9JNJTBD8A3,01K0Q648G14PKS0BMSSHCPZN1R,8,supermarket,1.0,2,bakery,pies,pie,,True,8
potato chip,34707,4815.0,01K0Q78E8EXAB60F9JNJTBD8A3,01K0Q648G14PKS0BMSSHCPZN1R,9,supermarket,1.0,2,snacks,potato chips,potatochip,,True,9
cantaloupe,49972,15265.0,01K0Q78E8EXAB60F9JNJTBD8A3,01K0Q648G14PKS0BMSSHCPZN1R,10,supermarket,0.0,2,snacks,cantelope,cantaloupe,,True,10
coffee creamer,53832,3860.0,01K0Q78E8EXAB60F9JNJTBD8A3,01K0Q648G14PKS0BMSSHCPZN1R,11,supermarket,1.0,2,dairy,coffee creamer,coffeecreamer,,True,11
ice cream,57029,3197.0,01K0Q78E8EXAB60F9JNJTBD8A3,01K0Q648G14PKS0BMSSHCPZN1R,12,supermarket,1.0,2,frozen dairy,ice cream,icecream,,True,12
bicycles,65261,8232.0,01K0Q78E8EXAB60F9JNJTBD8A3,01K0Q648G14PKS0BMSSHCPZN1R,13,supermarket,0.0,2,frozen dairy,fudgecycles,bicycle,,True,13
candy,68660,3399.0,01K0Q78E8EXAB60F9JNJTBD8A3,01K0Q648G14PKS0BMSSHCPZN1R,14,supermarket,1.0,2,Candy,candy,candy,,True,14
toilet paper,73017,4357.0,01K0Q78E8EXAB60F9JNJTBD8A3,01K0Q648G14PKS0BMSSHCPZN1R,15,supermarket,1.0,2,Bathroom Supplies,toilet paper,toiletpaper,,True,15
hamburger,77812,4795.0,01K0Q78E8EXAB60F9JNJTBD8A3,01K0Q648G14PKS0BMSSHCPZN1R,16,supermarket,1.0,2,meat,hamburger meat,hamburger,,True,16
frozen pizza,83843,6031.0,01K0Q78E8EXAB60F9JNJTBD8A3,01K0Q648G14PKS0BMSSHCPZN1R,17,supermarket,1.0,2,frozen foods,frozen pizza,frozenpizza,,True,17
chicken,90540,6697.0,01K0Q78E8EXAB60F9JNJTBD8A3,01K0Q648G14PKS0BMSSHCPZN1R,18,supermarket,1.0,2,Meat,chicken,chicken,,True,18
potato salad,97988,7448.0,01K0Q78E8EXAB60F9JNJTBD8A3,01K0Q648G14PKS0BMSSHCPZN1R,19,supermarket,1.0,2,Deli,potato salad,potatosalad,,True,19
cookie,101195,3207.0,01K0Q78E8EXAB60F9JNJTBD8A3,01K0Q648G14PKS0BMSSHCPZN1R,20,supermarket,1.0,2,Bakery,cookies,cookie,,True,20
croissant,109386,8191.0,01K0Q78E8EXAB60F9JNJTBD8A3,01K0Q648G14PKS0BMSSHCPZN1R,21,supermarket,0.0,2,Bakery,croissants,croissant,,True,21
roll,116800,7414.0,01K0Q78E8EXAB60F9JNJTBD8A3,01K0Q648G14PKS0BMSSHCPZN1R,22,supermarket,0.0,2,Bakery,rolls,roll,,True,22
coffee maker,121424,4624.0,01K0Q78E8EXAB60F9JNJTBD8A3,01K0Q648G14PKS0BMSSHCPZN1R,23,supermarket,1.0,2,Appliances,coffee makers,coffeemaker,,True,23
coffee filter,125055,3631.0,01K0Q78E8EXAB60F9JNJTBD8A3,01K0Q648G14PKS0BMSSHCPZN1R,24,supermarket,1.0,2,Paper Goods,coffee filters,coffeefilter,,True,24
napkin,128186,3131.0,01K0Q78E8EXAB60F9JNJTBD8A3,01K0Q648G14PKS0BMSSHCPZN1R,25,supermarket,1.0,2,Paper Goods,napkins,napkin,,True,25
water,132301,4115.0,01K0Q78E8EXAB60F9JNJTBD8A3,01K0Q648G14PKS0BMSSHCPZN1R,26,supermarket,1.0,2,Water,bottled water,water,,True,26
fruit juice,139314,7013.0,01K0Q78E8EXAB60F9JNJTBD8A3,01K0Q648G14PKS0BMSSHCPZN1R,27,supermarket,1.0,2,Juice,fruit juice,fruitjuice,,True,27
vegetable juice,144405,5091.0,01K0Q78E8EXAB60F9JNJTBD8A3,01K0Q648G14PKS0BMSSHCPZN1R,28,supermarket,0.0,2,Juice,vegetable juice,vegetablejuice,,True,28
pumpkin seed,150579,6174.0,01K0Q78E8EXAB60F9JNJTBD8A3,01K0Q648G14PKS0BMSSHCPZN1R,29,supermarket,0.0,2,Juice,pumpkin seed,pumpkinseed,,True,29
walnut,153590,3011.0,01K0Q78E8EXAB60F9JNJTBD8A3,01K0Q648G14PKS0BMSSHCPZN1R,30,supermarket,1.0,2,Nuts,walnuts,walnut,,True,30
almond,156514,2924.0,01K0Q78E8EXAB60F9JNJTBD8A3,01K0Q648G14PKS0BMSSHCPZN1R,31,supermarket,0.0,2,Nuts,almonds,almond,,True,31
cereal,158308,1794.0,01K0Q78E8EXAB60F9JNJTBD8A3,01K0Q648G14PKS0BMSSHCPZN1R,32,supermarket,1.0,2,Cereal,cereal,cereal,,True,32
snack,161888,3580.0,01K0Q78E8EXAB60F9JNJTBD8A3,01K0Q648G14PKS0BMSSHCPZN1R,33,supermarket,0.0,2,Cereal,snacks,snack,,True,33
apple sauce,166211,4323.0,01K0Q78E8EXAB60F9JNJTBD8A3,01K0Q648G14PKS0BMSSHCPZN1R,34,supermarket,1.0,2,Snacks,apple sauce,applesauce,,True,34
sausage,170765,4554.0,01K0Q78E8EXAB60F9JNJTBD8A3,01K0Q648G14PKS0BMSSHCPZN1R,35,supermarket,1.0,2,Meats,sausage,sausage,,True,35
frozen dinner,176037,5272.0,01K0Q78E8EXAB60F9JNJTBD8A3,01K0Q648G14PKS0BMSSHCPZN1R,36,supermarket,1.0,2,Frozen Food,frozen dinners,frozendinner,,True,36
Dog,8152,8152.0,01K0Q78GGR3WY6WCZXSPBW9GVE,01K0Q648DN57GQ33G07JS507G4,0,animals,1.0,2,Pet,Dog,dog,"['Canine', 'Pets']",True,0
Cat,9773,1621.0,01K0Q78GGR3WY6WCZXSPBW9GVE,01K0Q648DN57GQ33G07JS507G4,1,animals,0.0,2,Pet,Cat,cat,"['Pets', 'Feline']",False,1
Horse,12009,2236.0,01K0Q78GGR3WY6WCZXSPBW9GVE,01K0Q648DN57GQ33G07JS507G4,2,animals,1.0,2,Farm,Horse,horse,"['BeastsOfBurden', 'Farm']",True,2
Cow,13537,1528.0,01K0Q78GGR3WY6WCZXSPBW9GVE,01K0Q648DN57GQ33G07JS507G4,3,animals,0.0,2,Farm,Cow,cow,"['Bovine', 'Farm']",False,3
Snake,16434,2897.0,01K0Q78GGR3WY6WCZXSPBW9GVE,01K0Q648DN57GQ33G07JS507G4,4,animals,1.0,2,Reptile,Snake,snake,"['Farm', 'ReptileAmphibian']",False,4
Rabbit,19507,3073.0,01K0Q78GGR3WY6WCZXSPBW9GVE,01K0Q648DN57GQ33G07JS507G4,5,animals,1.0,2,Pet,Rabbit,rabbit,"['NorthAmerican', 'Pets', 'Rabbit', 'UsedForFur']",True,5
Bird,22667,3160.0,01K0Q78GGR3WY6WCZXSPBW9GVE,01K0Q648DN57GQ33G07JS507G4,6,animals,1.0,2,Wildlife,Bird,bird,['Bird'],True,6
Elephant,28394,5727.0,01K0Q78GGR3WY6WCZXSPBW9GVE,01K0Q648DN57GQ33G07JS507G4,7,animals,1.0,2,Zoo animals,Elephant,elephant,['African'],True,7
Tiger,31189,2795.0,01K0Q78GGR3WY6WCZXSPBW9GVE,01K0Q648DN57GQ33G07JS507G4,8,animals,0.0,2,Zoo animals,Tiger,tiger,"['African', 'Feline']",False,8
Lion,33172,1983.0,01K0Q78GGR3WY6WCZXSPBW9GVE,01K0Q648DN57GQ33G07JS507G4,9,animals,0.0,2,Zoo animals,Lion,lion,"['African', 'Feline']",False,9
Flamingo,38230,5058.0,01K0Q78GGR3WY6WCZXSPBW9GVE,01K0Q648DN57GQ33G07JS507G4,10,animals,0.0,2,Zoo animals,Flamingo,flamingo,['Bird'],True,10
Penguin,41816,3586.0,01K0Q78GGR3WY6WCZXSPBW9GVE,01K0Q648DN57GQ33G07JS507G4,11,animals,0.0,2,Zoo animals,Penguin,penguin,"['Arctic', 'Bird', 'Water']",False,11
Rhino,46193,4377.0,01K0Q78GGR3WY6WCZXSPBW9GVE,01K0Q648DN57GQ33G07JS507G4,12,animals,1.0,2,Wilderness,Rhino,rhino,['African'],True,12
Hippopotamus,48297,2104.0,01K0Q78GGR3WY6WCZXSPBW9GVE,01K0Q648DN57GQ33G07JS507G4,13,animals,0.0,2,Wilderness,Hippo,hippopotamus,['African'],False,13
Mouse,53338,5041.0,01K0Q78GGR3WY6WCZXSPBW9GVE,01K0Q648DN57GQ33G07JS507G4,14,animals,1.0,2,Wildlife,Mouse,mouse,"['Bird', 'Rodents']",True,14
Pig,55344,2006.0,01K0Q78GGR3WY6WCZXSPBW9GVE,01K0Q648DN57GQ33G07JS507G4,15,animals,1.0,2,Farm,Pig,pig,['Farm'],True,15
Chicken,56682,1338.0,01K0Q78GGR3WY6WCZXSPBW9GVE,01K0Q648DN57GQ33G07JS507G4,16,animals,0.0,2,Farm,Chicken,chicken,"['Bird', 'Farm']",False,16
Hen,58385,1703.0,01K0Q78GGR3WY6WCZXSPBW9GVE,01K0Q648DN57GQ33G07JS507G4,17,animals,0.0,2,Farm,Hen,hen,['Farm'],False,17
Worm,70327,11942.0,01K0Q78GGR3WY6WCZXSPBW9GVE,01K0Q648DN57GQ33G07JS507G4,18,animals,1.0,2,Wildlife,Worm,worm,"['Insects', 'Worms']",True,18
Ant,74454,4127.0,01K0Q78GGR3WY6WCZXSPBW9GVE,01K0Q648DN57GQ33G07JS507G4,19,animals,0.0,2,Wildlife,Ant,ant,['Insects'],False,19
Grasshopper,85724,11270.0,01K0Q78GGR3WY6WCZXSPBW9GVE,01K0Q648DN57GQ33G07JS507G4,20,animals,0.0,2,Wildlife,Grasshoper,grasshopper,['Insects'],False,20
Butterfly,100445,14721.0,01K0Q78GGR3WY6WCZXSPBW9GVE,01K0Q648DN57GQ33G07JS507G4,21,animals,0.0,2,Wildlife,Butterfly,butterfly,['Insects'],False,21
Moth,103113,2668.0,01K0Q78GGR3WY6WCZXSPBW9GVE,01K0Q648DN57GQ33G07JS507G4,22,animals,0.0,2,Wildlife,Moth,moth,['Insects'],False,22
Bee,114474,11361.0,01K0Q78GGR3WY6WCZXSPBW9GVE,01K0Q648DN57GQ33G07JS507G4,23,animals,0.0,2,Wildlife,Bee,bee,['Insects'],False,23
Zebra,117647,3173.0,01K0Q78GGR3WY6WCZXSPBW9GVE,01K0Q648DN57GQ33G07JS507G4,24,animals,1.0,2,Zoo,Zebra,zebra,['African'],True,24
Jaguar,129610,11963.0,01K0Q78GGR3WY6WCZXSPBW9GVE,01K0Q648DN57GQ33G07JS507G4,25,animals,0.0,2,Zoo,Jaguar,jaguar,['Feline'],True,25
Pigeon,139910,10300.0,01K0Q78GGR3WY6WCZXSPBW9GVE,01K0Q648DN57GQ33G07JS507G4,26,animals,1.0,2,Wildlife,Pigeon,pigeon,['Bird'],True,26
Kangaroo,153124,13214.0,01K0Q78GGR3WY6WCZXSPBW9GVE,01K0Q648DN57GQ33G07JS507G4,27,animals,1.0,2,Wildlife,Kangeroo,kangaroo,['Australian'],True,27
Koala,166620,13496.0,01K0Q78GGR3WY6WCZXSPBW9GVE,01K0Q648DN57GQ33G07JS507G4,28,animals,1.0,2,Zoo,Koala,koala,['Australian'],False,28
Polar bear,170315,3695.0,01K0Q78GGR3WY6WCZXSPBW9GVE,01K0Q648DN57GQ33G07JS507G4,29,animals,1.0,2,Wildlife,Polar bear,polarbear,['Arctic'],True,29
Bear,179032,8717.0,01K0Q78GGR3WY6WCZXSPBW9GVE,01K0Q648DN57GQ33G07JS507G4,30,animals,0.0,2,Wildlife,Bear,bear,['NorthAmerican'],True,30
dog,4990,4990.0,01K0Q78R10KP1155MQEM311QX2,01K0Q648GXANPW0QKHHHSCX7MQ,0,animals,1.0,2,pet animals,dog,dog,"['Canine', 'Pets']",True,0
cat,6583,1593.0,01K0Q78R10KP1155MQEM311QX2,01K0Q648GXANPW0QKHHHSCX7MQ,1,animals,0.0,2,pet animals,cat,cat,"['Pets', 'Feline']",False,1
monkey,9258,2675.0,01K0Q78R10KP1155MQEM311QX2,01K0Q648GXANPW0QKHHHSCX7MQ,2,animals,1.0,2,wild animals,monkey,monkey,"['African', 'Primates']",True,2
bear,11939,2681.0,01K0Q78R10KP1155MQEM311QX2,01K0Q648GXANPW0QKHHHSCX7MQ,3,animals,0.0,2,wild animals,bear,bear,['NorthAmerican'],True,3
bird,14802,2863.0,01K0Q78R10KP1155MQEM311QX2,01K0Q648GXANPW0QKHHHSCX7MQ,4,animals,0.0,2,wild animals,bird,bird,['Bird'],True,4
rat,19331,4529.0,01K0Q78R10KP1155MQEM311QX2,01K0Q648GXANPW0QKHHHSCX7MQ,5,animals,0.0,2,wild animals,rat,rat,['Rodents'],True,5
mouse,22352,3021.0,01K0Q78R10KP1155MQEM311QX2,01K0Q648GXANPW0QKHHHSCX7MQ,6,animals,0.0,2,wild animals,mouse,mouse,"['Bird', 'Rodents']",False,6
whale,25803,3451.0,01K0Q78R10KP1155MQEM311QX2,01K0Q648GXANPW0QKHHHSCX7MQ,7,animals,0.0,2,wild animals,whale,whale,"['Fish', 'Water']",True,7
pig,27778,1975.0,01K0Q78R10KP1155MQEM311QX2,01K0Q648GXANPW0QKHHHSCX7MQ,8,animals,1.0,2,farm animals,pig,pig,['Farm'],True,8
horse,29605,1827.0,01K0Q78R10KP1155MQEM311QX2,01K0Q648GXANPW0QKHHHSCX7MQ,9,animals,0.0,2,farm animals,horse,horse,"['BeastsOfBurden', 'Farm']",False,9
cow,31120,1515.0,01K0Q78R10KP1155MQEM311QX2,01K0Q648GXANPW0QKHHHSCX7MQ,10,animals,0.0,2,farm animals,cow,cow,"['Bovine', 'Farm']",False,10
sheep,33520,2400.0,01K0Q78R10KP1155MQEM311QX2,01K0Q648GXANPW0QKHHHSCX7MQ,11,animals,0.0,2,farm animals,sheep,sheep,['Farm'],False,11
llama,36780,3260.0,01K0Q78R10KP1155MQEM311QX2,01K0Q648GXANPW0QKHHHSCX7MQ,12,animals,1.0,2,zoo animals,llama,llama,"['BeastsOfBurden', 'UsedForFur']",True,12
alligator,40171,3391.0,01K0Q78R10KP1155MQEM311QX2,01K0Q648GXANPW0QKHHHSCX7MQ,13,animals,0.0,2,zoo animals,alligator,alligator,"['ReptileAmphibian', 'Water']",True,13
crocodile,45035,4864.0,01K0Q78R10KP1155MQEM311QX2,01K0Q648GXANPW0QKHHHSCX7MQ,14,animals,0.0,2,zoo animals,crocodile,crocodile,['ReptileAmphibian'],False,14
penguin,49071,4036.0,01K0Q78R10KP1155MQEM311QX2,01K0Q648GXANPW0QKHHHSCX7MQ,15,animals,0.0,2,zoo animals,penguin,penguin,"['Arctic', 'Bird', 'Water']",True,15
skunk,51965,2894.0,01K0Q78R10KP1155MQEM311QX2,01K0Q648GXANPW0QKHHHSCX7MQ,16,animals,0.0,2,zoo animals,skunk,skunk,"['NorthAmerican', 'Weasels']",True,16
peacock,54932,2967.0,01K0Q78R10KP1155MQEM311QX2,01K0Q648GXANPW0QKHHHSCX7MQ,17,animals,1.0,2,flying animals,peacock,peacock,['Bird'],True,17
hawk,59480,4548.0,01K0Q78R10KP1155MQEM311QX2,01K0Q648GXANPW0QKHHHSCX7MQ,18,animals,0.0,2,flying animals,hawk,hawk,['Bird'],False,18
eagle,61629,2149.0,01K0Q78R10KP1155MQEM311QX2,01K0Q648GXANPW0QKHHHSCX7MQ,19,animals,0.0,2,flying animals,eagle,eagle,['Bird'],False,19
robin,63996,2367.0,01K0Q78R10KP1155MQEM311QX2,01K0Q648GXANPW0QKHHHSCX7MQ,20,animals,0.0,2,flying animals,robin,robin,['Bird'],False,20
sparrow,69159,5163.0,01K0Q78R10KP1155MQEM311QX2,01K0Q648GXANPW0QKHHHSCX7MQ,21,animals,0.0,2,flying animals,sparrow,sparrow,['Bird'],False,21
ant,72107,2948.0,01K0Q78R10KP1155MQEM311QX2,01K0Q648GXANPW0QKHHHSCX7MQ,22,animals,1.0,2,non-domesticated animals,ant,ant,['Insects'],True,22
bee,73804,1697.0,01K0Q78R10KP1155MQEM311QX2,01K0Q648GXANPW0QKHHHSCX7MQ,23,animals,0.0,2,non-domesticated animals,bee,bee,['Insects'],False,23
flamingo,89758,15954.0,01K0Q78R10KP1155MQEM311QX2,01K0Q648GXANPW0QKHHHSCX7MQ,24,animals,0.0,2,non-domesticated animals,flamingo,flamingo,['Bird'],True,24
trout,95039,5281.0,01K0Q78R10KP1155MQEM311QX2,01K0Q648GXANPW0QKHHHSCX7MQ,25,animals,0.0,2,non-domesticated animals,trout,trout,['Fish'],True,25
aardvark,106698,11659.0,01K0Q78R10KP1155MQEM311QX2,01K0Q648GXANPW0QKHHHSCX7MQ,26,animals,0.0,2,non-domesticated animals,aardvark,aardvark,"['African', 'Insectivores']",True,26
armadillo,109840,3142.0,01K0Q78R10KP1155MQEM311QX2,01K0Q648GXANPW0QKHHHSCX7MQ,27,animals,0.0,2,non-domesticated animals,armadillo,armadillo,['Insectivores'],False,27
lion,113405,3565.0,01K0Q78R10KP1155MQEM311QX2,01K0Q648GXANPW0QKHHHSCX7MQ,28,animals,1.0,2,cat-family animals,lion,lion,"['African', 'Feline']",True,28
puma,115757,2352.0,01K0Q78R10KP1155MQEM311QX2,01K0Q648GXANPW0QKHHHSCX7MQ,29,animals,0.0,2,cat-family animals,puma,puma,"['Feline', 'NorthAmerican']",False,29
leopard,120207,4450.0,01K0Q78R10KP1155MQEM311QX2,01K0Q648GXANPW0QKHHHSCX7MQ,30,animals,0.0,2,cat-family animals,leopard,leopard,"['African', 'Feline']",False,30
tiger,123384,3177.0,01K0Q78R10KP1155MQEM311QX2,01K0Q648GXANPW0QKHHHSCX7MQ,31,animals,0.0,2,cat-family animals,tiger,tiger,"['African', 'Feline']",False,31
fish,128343,4959.0,01K0Q78R10KP1155MQEM311QX2,01K0Q648GXANPW0QKHHHSCX7MQ,32,animals,1.0,2,swimming animals,fish,fish,"['Fish', 'Water']",True,32
salmon,142485,14142.0,01K0Q78R10KP1155MQEM311QX2,01K0Q648GXANPW0QKHHHSCX7MQ,33,animals,0.0,2,swimming animals,salmon,salmon,['Fish'],False,33
zebra,151629,9144.0,01K0Q78R10KP1155MQEM311QX2,01K0Q648GXANPW0QKHHHSCX7MQ,34,animals,1.0,2,prey animals,zebra,zebra,['African'],True,34
giraffe,154645,3016.0,01K0Q78R10KP1155MQEM311QX2,01K0Q648GXANPW0QKHHHSCX7MQ,35,animals,0.0,2,prey animals,giraffe,giraffe,['African'],False,35
duck,162460,7815.0,01K0Q78R10KP1155MQEM311QX2,01K0Q648GXANPW0QKHHHSCX7MQ,36,animals,0.0,2,prey animals,duck,duck,['Bird'],True,36
snake,165097,2637.0,01K0Q78R10KP1155MQEM311QX2,01K0Q648GXANPW0QKHHHSCX7MQ,37,animals,0.0,2,prey animals,snake,snake,"['Farm', 'ReptileAmphibian']",True,37
elephant,169994,4897.0,01K0Q78R10KP1155MQEM311QX2,01K0Q648GXANPW0QKHHHSCX7MQ,38,animals,0.0,2,prey animals,elephant,elephant,['African'],True,38
ram,173303,3309.0,01K0Q78R10KP1155MQEM311QX2,01K0Q648GXANPW0QKHHHSCX7MQ,39,animals,0.0,2,prey animals,ram,ram,['Farm'],True,39
cat,5722,5722.0,01K0Q78T1TJ4J7MZ9AWJRT8HDF,01K0Q648EA80ZWSPWK19HME654,0,animals,1.0,2,"domestic animals , wild animals",cat,cat,"['Pets', 'Feline']",True,0
dog,7122,1400.0,01K0Q78T1TJ4J7MZ9AWJRT8HDF,01K0Q648EA80ZWSPWK19HME654,1,animals,0.0,2,"domestic animals , wild animals",dog,dog,"['Canine', 'Pets']",False,1
bear,9051,1929.0,01K0Q78T1TJ4J7MZ9AWJRT8HDF,01K0Q648EA80ZWSPWK19HME654,2,animals,0.0,2,"domestic animals , wild animals",bear,bear,['NorthAmerican'],True,2
tiger,12769,3718.0,01K0Q78T1TJ4J7MZ9AWJRT8HDF,01K0Q648EA80ZWSPWK19HME654,3,animals,0.0,2,"domestic animals , wild animals",tiger,tiger,"['African', 'Feline']",True,3
lion,14250,1481.0,01K0Q78T1TJ4J7MZ9AWJRT8HDF,01K0Q648EA80ZWSPWK19HME654,4,animals,0.0,2,"domestic animals , wild animals",lion,lion,"['African', 'Feline']",False,4
giraffe,17395,3145.0,01K0Q78T1TJ4J7MZ9AWJRT8HDF,01K0Q648EA80ZWSPWK19HME654,5,animals,0.0,2,"domestic animals , wild animals",girraffe,giraffe,['African'],False,5
squirrel,21375,3980.0,01K0Q78T1TJ4J7MZ9AWJRT8HDF,01K0Q648EA80ZWSPWK19HME654,6,animals,0.0,2,"domestic animals , wild animals",squirrel,squirrel,"['NorthAmerican', 'Rodents']",True,6
fox,25911,4536.0,01K0Q78T1TJ4J7MZ9AWJRT8HDF,01K0Q648EA80ZWSPWK19HME654,7,animals,0.0,2,"domestic animals , wild animals",fox,fox,"['Canine', 'NorthAmerican', 'UsedForFur']",False,7
goat,29600,3689.0,01K0Q78T1TJ4J7MZ9AWJRT8HDF,01K0Q648EA80ZWSPWK19HME654,8,animals,1.0,2,farm animal,goat,goat,['Farm'],True,8
pig,31260,1660.0,01K0Q78T1TJ4J7MZ9AWJRT8HDF,01K0Q648EA80ZWSPWK19HME654,9,animals,1.0,2,farm animal,pig,pig,['Farm'],False,9
sheep,33007,1747.0,01K0Q78T1TJ4J7MZ9AWJRT8HDF,01K0Q648EA80ZWSPWK19HME654,10,animals,1.0,2,"farm animals , wild animals ",sheep,sheep,['Farm'],False,10
chicken,34863,1856.0,01K0Q78T1TJ4J7MZ9AWJRT8HDF,01K0Q648EA80ZWSPWK19HME654,11,animals,0.0,2,"farm animals , wild animals ",chicken,chicken,"['Bird', 'Farm']",False,11
hen,36295,1432.0,01K0Q78T1TJ4J7MZ9AWJRT8HDF,01K0Q648EA80ZWSPWK19HME654,12,animals,0.0,2,"farm animals , wild animals ",hen,hen,['Farm'],False,12
rooster,38687,2392.0,01K0Q78T1TJ4J7MZ9AWJRT8HDF,01K0Q648EA80ZWSPWK19HME654,13,animals,0.0,2,"farm animals , wild animals ",rooster,rooster,['Farm'],False,13
mouse,41799,3112.0,01K0Q78T1TJ4J7MZ9AWJRT8HDF,01K0Q648EA80ZWSPWK19HME654,14,animals,0.0,2,"farm animals , wild animals ",mouse,mouse,"['Bird', 'Rodents']",True,14
rat,43367,1568.0,01K0Q78T1TJ4J7MZ9AWJRT8HDF,01K0Q648EA80ZWSPWK19HME654,15,animals,0.0,2,"farm animals , wild animals ",rat,rat,['Rodents'],False,15
wolf,46361,2994.0,01K0Q78T1TJ4J7MZ9AWJRT8HDF,01K0Q648EA80ZWSPWK19HME654,16,animals,0.0,2,"farm animals , wild animals ",wolf,wolf,"['Canine', 'NorthAmerican']",True,16
owl,74784,28423.0,01K0Q78T1TJ4J7MZ9AWJRT8HDF,01K0Q648EA80ZWSPWK19HME654,17,animals,0.0,2,"farm animals , wild animals ",owl,owl,['Bird'],True,17
gecko,78276,3492.0,01K0Q78T1TJ4J7MZ9AWJRT8HDF,01K0Q648EA80ZWSPWK19HME654,18,animals,0.0,2,"farm animals , wild animals ",gecko,gecko,['ReptileAmphibian'],True,18
lizard,83502,5226.0,01K0Q78T1TJ4J7MZ9AWJRT8HDF,01K0Q648EA80ZWSPWK19HME654,19,animals,0.0,2,"farm animals , wild animals ",lizzard,lizard,['ReptileAmphibian'],False,19
emu,85148,1646.0,01K0Q78T1TJ4J7MZ9AWJRT8HDF,01K0Q648EA80ZWSPWK19HME654,20,animals,0.0,2,"farm animals , wild animals ",emu,emu,"['Australian', 'Bird']",True,20
snake,88216,3068.0,01K0Q78T1TJ4J7MZ9AWJRT8HDF,01K0Q648EA80ZWSPWK19HME654,21,animals,0.0,2,"farm animals , wild animals ",snake,snake,"['Farm', 'ReptileAmphibian']",True,21
frog,103521,15305.0,01K0Q78T1TJ4J7MZ9AWJRT8HDF,01K0Q648EA80ZWSPWK19HME654,22,animals,0.0,2,"farm animals , wild animals ",frog,frog,"['ReptileAmphibian', 'Water']",False,22
jellyfish,105670,2149.0,01K0Q78T1TJ4J7MZ9AWJRT8HDF,01K0Q648EA80ZWSPWK19HME654,23,animals,1.0,2,ocean life,jellyfish,jellyfish,['Water'],False,23
starfish,108709,3039.0,01K0Q78T1TJ4J7MZ9AWJRT8HDF,01K0Q648EA80ZWSPWK19HME654,24,animals,1.0,2,Ocean life,starfish,starfish,['Water'],False,24
fish,110076,1367.0,01K0Q78T1TJ4J7MZ9AWJRT8HDF,01K0Q648EA80ZWSPWK19HME654,25,animals,1.0,2,ocean life,fish,fish,"['Fish', 'Water']",False,25
shark,111942,1866.0,01K0Q78T1TJ4J7MZ9AWJRT8HDF,01K0Q648EA80ZWSPWK19HME654,26,animals,1.0,2,Ocean life,shark,shark,"['Fish', 'Water']",False,26
dolphin,113827,1885.0,01K0Q78T1TJ4J7MZ9AWJRT8HDF,01K0Q648EA80ZWSPWK19HME654,27,animals,1.0,2,insects and 1 ocean life,dolphin,dolphin,"['Insects', 'Water']",False,27
bumble bee,118125,4298.0,01K0Q78T1TJ4J7MZ9AWJRT8HDF,01K0Q648EA80ZWSPWK19HME654,28,animals,0.0,2,insects and 1 ocean life,bumble bee,bumblebee,['Insects'],False,28
honey bee,120587,2462.0,01K0Q78T1TJ4J7MZ9AWJRT8HDF,01K0Q648EA80ZWSPWK19HME654,29,animals,0.0,2,insects and 1 ocean life,honey bee,honeybee,['Insects'],False,29
mosquito,125755,5168.0,01K0Q78T1TJ4J7MZ9AWJRT8HDF,01K0Q648EA80ZWSPWK19HME654,30,animals,0.0,2,insects and 1 ocean life,mosquito,mosquito,['Insects'],False,30
cockroach,129719,3964.0,01K0Q78T1TJ4J7MZ9AWJRT8HDF,01K0Q648EA80ZWSPWK19HME654,31,animals,0.0,2,insects and 1 ocean life,roach,cockroach,['Insects'],False,31
dragonfly,137558,7839.0,01K0Q78T1TJ4J7MZ9AWJRT8HDF,01K0Q648EA80ZWSPWK19HME654,32,animals,0.0,2,insects and 1 ocean life,dragonfly,dragonfly,['Insects'],False,32
shrimps,147569,10011.0,01K0Q78T1TJ4J7MZ9AWJRT8HDF,01K0Q648EA80ZWSPWK19HME654,33,animals,1.0,2,ocean life,shrimp,shrimp,['Fish'],True,33
seahorse,149846,2277.0,01K0Q78T1TJ4J7MZ9AWJRT8HDF,01K0Q648EA80ZWSPWK19HME654,34,animals,1.0,2,Ocean life,seahorse,seahorse,['Water'],True,34
whale,151154,1308.0,01K0Q78T1TJ4J7MZ9AWJRT8HDF,01K0Q648EA80ZWSPWK19HME654,35,animals,1.0,2,Ocean life,whale,whale,"['Fish', 'Water']",False,35
barracuda,158365,7211.0,01K0Q78T1TJ4J7MZ9AWJRT8HDF,01K0Q648EA80ZWSPWK19HME654,36,animals,1.0,2,Ocean life,barracuda,barracuda,['Fish'],False,36
lobster,176860,18495.0,01K0Q78T1TJ4J7MZ9AWJRT8HDF,01K0Q648EA80ZWSPWK19HME654,37,animals,1.0,2,Ocean life,lobster,lobster,['Water'],True,37
snail,179732,2872.0,01K0Q78T1TJ4J7MZ9AWJRT8HDF,01K0Q648EA80ZWSPWK19HME654,38,animals,1.0,2,insect,snail,snail,['Water'],False,38
dog,4967,4967.0,01K0Q78YDH8EXNX4AAQB7JYH60,01K0Q648EGTAFWQ71BZH2X8FCW,0,animals,1.0,2,domestic pets,dog,dog,"['Canine', 'Pets']",True,0
cat,8098,3131.0,01K0Q78YDH8EXNX4AAQB7JYH60,01K0Q648EGTAFWQ71BZH2X8FCW,1,animals,0.0,2,domestic pets,cat,cat,"['Pets', 'Feline']",False,1
zebra,11996,3898.0,01K0Q78YDH8EXNX4AAQB7JYH60,01K0Q648EGTAFWQ71BZH2X8FCW,2,animals,1.0,2,horse family,zebra,zebra,['African'],True,2
lion,15882,3886.0,01K0Q78YDH8EXNX4AAQB7JYH60,01K0Q648EGTAFWQ71BZH2X8FCW,3,animals,1.0,2,big cats,lion,lion,"['African', 'Feline']",False,3
cougar,19614,3732.0,01K0Q78YDH8EXNX4AAQB7JYH60,01K0Q648EGTAFWQ71BZH2X8FCW,4,animals,0.0,2,big cats,cougar,cougar,"['Feline', 'NorthAmerican']",False,4
moose,24932,5318.0,01K0Q78YDH8EXNX4AAQB7JYH60,01K0Q648EGTAFWQ71BZH2X8FCW,5,animals,1.0,2,forest animal,moose,moose,"['Deers', 'NorthAmerican']",False,5
mouse,28355,3423.0,01K0Q78YDH8EXNX4AAQB7JYH60,01K0Q648EGTAFWQ71BZH2X8FCW,6,animals,1.0,2,rodent,mouse,mouse,"['Bird', 'Rodents']",True,6
rat,31715,3360.0,01K0Q78YDH8EXNX4AAQB7JYH60,01K0Q648EGTAFWQ71BZH2X8FCW,7,animals,0.0,2,rodent,rat,rat,['Rodents'],False,7
ant,34988,3273.0,01K0Q78YDH8EXNX4AAQB7JYH60,01K0Q648EGTAFWQ71BZH2X8FCW,8,animals,1.0,2,ants,ant,ant,['Insects'],True,8
bat,38354,3366.0,01K0Q78YDH8EXNX4AAQB7JYH60,01K0Q648EGTAFWQ71BZH2X8FCW,9,animals,1.0,2,flying mamals,bat,bat,['Insectivores'],True,9
moth,43146,4792.0,01K0Q78YDH8EXNX4AAQB7JYH60,01K0Q648EGTAFWQ71BZH2X8FCW,10,animals,1.0,2,These should be two groups. I made a mistake. Insects/ antler animals,moth,moth,['Insects'],True,10
fly,47764,4618.0,01K0Q78YDH8EXNX4AAQB7JYH60,01K0Q648EGTAFWQ71BZH2X8FCW,11,animals,0.0,2,These should be two groups. I made a mistake. Insects/ antler animals,fly,fly,['Insects'],False,11
cockroach,53921,6157.0,01K0Q78YDH8EXNX4AAQB7JYH60,01K0Q648EGTAFWQ71BZH2X8FCW,12,animals,0.0,2,These should be two groups. I made a mistake. Insects/ antler animals,cockroach,cockroach,['Insects'],False,12
beetle,57934,4013.0,01K0Q78YDH8EXNX4AAQB7JYH60,01K0Q648EGTAFWQ71BZH2X8FCW,13,animals,0.0,2,These should be two groups. I made a mistake. Insects/ antler animals,beetle,beetle,['Insects'],False,13
deer,66097,8163.0,01K0Q78YDH8EXNX4AAQB7JYH60,01K0Q648EGTAFWQ71BZH2X8FCW,14,animals,0.0,2,These should be two groups. I made a mistake. Insects/ antler animals,deer,deer,"['Deers', 'NorthAmerican']",True,14
elk,71260,5163.0,01K0Q78YDH8EXNX4AAQB7JYH60,01K0Q648EGTAFWQ71BZH2X8FCW,15,animals,0.0,2,These should be two groups. I made a mistake. Insects/ antler animals,elk,elk,"['Deers', 'NorthAmerican']",False,15
gorilla,76558,5298.0,01K0Q78YDH8EXNX4AAQB7JYH60,01K0Q648EGTAFWQ71BZH2X8FCW,16,animals,1.0,2,simians,gorilla,gorilla,"['African', 'Primates']",True,16
monkey,83984,7426.0,01K0Q78YDH8EXNX4AAQB7JYH60,01K0Q648EGTAFWQ71BZH2X8FCW,17,animals,0.0,2,simians,monkey,monkey,"['African', 'Primates']",False,17
tiger,89980,5996.0,01K0Q78YDH8EXNX4AAQB7JYH60,01K0Q648EGTAFWQ71BZH2X8FCW,18,animals,1.0,2,tiger family,tiger,tiger,"['African', 'Feline']",False,18
bison,101138,11158.0,01K0Q78YDH8EXNX4AAQB7JYH60,01K0Q648EGTAFWQ71BZH2X8FCW,19,animals,1.0,2,buffalos,buffalo,bison,"['Bovine', 'NorthAmerican']",True,19
water buffalo,108481,7343.0,01K0Q78YDH8EXNX4AAQB7JYH60,01K0Q648EGTAFWQ71BZH2X8FCW,20,animals,0.0,2,buffalos,water buffalo,waterbuffalo,['Bovine'],False,20
hippopotamus,112772,4291.0,01K0Q78YDH8EXNX4AAQB7JYH60,01K0Q648EGTAFWQ71BZH2X8FCW,21,animals,1.0,2,whale family,hippo,hippopotamus,['African'],True,21
dolphin,118063,5291.0,01K0Q78YDH8EXNX4AAQB7JYH60,01K0Q648EGTAFWQ71BZH2X8FCW,22,animals,0.0,2,whale family,dolphin,dolphin,"['Insects', 'Water']",True,22
blue whale,124936,6873.0,01K0Q78YDH8EXNX4AAQB7JYH60,01K0Q648EGTAFWQ71BZH2X8FCW,23,animals,0.0,2,whale family,blue whale,bluewhale,['Water'],False,23
orca,129088,4152.0,01K0Q78YDH8EXNX4AAQB7JYH60,01K0Q648EGTAFWQ71BZH2X8FCW,24,animals,0.0,2,whale family,orca,orca,['Water'],False,24
trout,135295,6207.0,01K0Q78YDH8EXNX4AAQB7JYH60,01K0Q648EGTAFWQ71BZH2X8FCW,25,animals,1.0,2,fish,trout,trout,['Fish'],True,25
salmon,139830,4535.0,01K0Q78YDH8EXNX4AAQB7JYH60,01K0Q648EGTAFWQ71BZH2X8FCW,26,animals,0.0,2,fish,salmon,salmon,['Fish'],False,26
goldfish,146316,6486.0,01K0Q78YDH8EXNX4AAQB7JYH60,01K0Q648EGTAFWQ71BZH2X8FCW,27,animals,0.0,2,fish,gold fish,goldfish,"['Fish', 'Pets', 'Water']",False,27
parrot,150149,3833.0,01K0Q78YDH8EXNX4AAQB7JYH60,01K0Q648EGTAFWQ71BZH2X8FCW,28,animals,1.0,2,birds,parrot,parrot,"['Bird', 'Pets']",False,28
blue jay,157102,6953.0,01K0Q78YDH8EXNX4AAQB7JYH60,01K0Q648EGTAFWQ71BZH2X8FCW,29,animals,0.0,2,birds,blue jay,bluejay,['Bird'],False,29
fish,171772,14670.0,01K0Q78YDH8EXNX4AAQB7JYH60,01K0Q648EGTAFWQ71BZH2X8FCW,30,animals,1.0,2,ocean life,fish,fish,"['Fish', 'Water']",True,30
Cat,5061,5061.0,01K0Q79754T390C398Z2T902KM,01K0Q648E4VKQACSHFRM1PHS0K,0,animals,1.0,2,Mammals,Cat,cat,"['Pets', 'Feline']",True,0
Dog,5968,907.0,01K0Q79754T390C398Z2T902KM,01K0Q648E4VKQACSHFRM1PHS0K,1,animals,0.0,2,Mammals,Dog,dog,"['Canine', 'Pets']",False,1
Elephant,9204,3236.0,01K0Q79754T390C398Z2T902KM,01K0Q648E4VKQACSHFRM1PHS0K,2,animals,0.0,2,Mammals,Elephant,elephant,['African'],True,2
donkey,13006,3802.0,01K0Q79754T390C398Z2T902KM,01K0Q648E4VKQACSHFRM1PHS0K,3,animals,0.0,2,Mammals,donkey,donkey,"['BeastsOfBurden', 'Farm']",True,3
Giraffe,16250,3244.0,01K0Q79754T390C398Z2T902KM,01K0Q648E4VKQACSHFRM1PHS0K,4,animals,0.0,2,Mammals,Giraffe,giraffe,['African'],True,4
Lion,17542,1292.0,01K0Q79754T390C398Z2T902KM,01K0Q648E4VKQACSHFRM1PHS0K,5,animals,0.0,2,Mammals,Liojn,lion,"['African', 'Feline']",False,5
Tiger,19628,2086.0,01K0Q79754T390C398Z2T902KM,01K0Q648E4VKQACSHFRM1PHS0K,6,animals,0.0,2,Mammals,Tiger,tiger,"['African', 'Feline']",False,6
Zebra,23519,3891.0,01K0Q79754T390C398Z2T902KM,01K0Q648E4VKQACSHFRM1PHS0K,7,animals,0.0,2,Mammals,Zebra,zebra,['African'],False,7
Rhino,25637,2118.0,01K0Q79754T390C398Z2T902KM,01K0Q648E4VKQACSHFRM1PHS0K,8,animals,0.0,2,Mammals,Rhino,rhino,['African'],False,8
Hippopotamus,26854,1217.0,01K0Q79754T390C398Z2T902KM,01K0Q648E4VKQACSHFRM1PHS0K,9,animals,0.0,2,Mammals,Hippo,hippopotamus,['African'],False,9
Deer,27906,1052.0,01K0Q79754T390C398Z2T902KM,01K0Q648E4VKQACSHFRM1PHS0K,10,animals,0.0,2,Mammals,Deer,deer,"['Deers', 'NorthAmerican']",True,10
Moose,29393,1487.0,01K0Q79754T390C398Z2T902KM,01K0Q648E4VKQACSHFRM1PHS0K,11,animals,0.0,2,Mammals,Moose,moose,"['Deers', 'NorthAmerican']",False,11
Bear,31114,1721.0,01K0Q79754T390C398Z2T902KM,01K0Q648E4VKQACSHFRM1PHS0K,12,animals,0.0,2,Mammals,Bear,bear,['NorthAmerican'],False,12
Wolf,33269,2155.0,01K0Q79754T390C398Z2T902KM,01K0Q648E4VKQACSHFRM1PHS0K,13,animals,0.0,2,Mammals,Wolf,wolf,"['Canine', 'NorthAmerican']",False,13
Fox,34309,1040.0,01K0Q79754T390C398Z2T902KM,01K0Q648E4VKQACSHFRM1PHS0K,14,animals,0.0,2,Mammals,Fox,fox,"['Canine', 'NorthAmerican', 'UsedForFur']",False,14
Cheetah,36919,2610.0,01K0Q79754T390C398Z2T902KM,01K0Q648E4VKQACSHFRM1PHS0K,15,animals,0.0,2,Mammals,Cheetah,cheetah,"['African', 'Feline']",True,15
Leopard,39096,2177.0,01K0Q79754T390C398Z2T902KM,01K0Q648E4VKQACSHFRM1PHS0K,16,animals,0.0,2,Mammals,Leopard,leopard,"['African', 'Feline']",False,16
Monkey,41417,2321.0,01K0Q79754T390C398Z2T902KM,01K0Q648E4VKQACSHFRM1PHS0K,17,animals,0.0,2,Mammals,Monkey,monkey,"['African', 'Primates']",False,17
Chimpanzee,43912,2495.0,01K0Q79754T390C398Z2T902KM,01K0Q648E4VKQACSHFRM1PHS0K,18,animals,0.0,2,Mammals,Chimpanzee,chimpanzee,"['African', 'Primates']",False,18
Gorilla,46389,2477.0,01K0Q79754T390C398Z2T902KM,01K0Q648E4VKQACSHFRM1PHS0K,19,animals,0.0,2,Mammals,Gorilla,gorilla,"['African', 'Primates']",False,19
Baboon,47878,1489.0,01K0Q79754T390C398Z2T902KM,01K0Q648E4VKQACSHFRM1PHS0K,20,animals,0.0,2,Mammals,Baboon,baboon,['Primates'],False,20
Kangaroo,50414,2536.0,01K0Q79754T390C398Z2T902KM,01K0Q648E4VKQACSHFRM1PHS0K,21,animals,0.0,2,Mammals,Kangaroo,kangaroo,['Australian'],True,21
Koala,52220,1806.0,01K0Q79754T390C398Z2T902KM,01K0Q648E4VKQACSHFRM1PHS0K,22,animals,0.0,2,Mammals,Koala,koala,['Australian'],False,22
Sloth,54923,2703.0,01K0Q79754T390C398Z2T902KM,01K0Q648E4VKQACSHFRM1PHS0K,23,animals,0.0,2,Mammals,Sloth,sloth,['Jungle'],True,23
Armadillo,58346,3423.0,01K0Q79754T390C398Z2T902KM,01K0Q648E4VKQACSHFRM1PHS0K,24,animals,0.0,2,Mammals,Armadillo,armadillo,['Insectivores'],True,24
Hedgehog,60575,2229.0,01K0Q79754T390C398Z2T902KM,01K0Q648E4VKQACSHFRM1PHS0K,25,animals,0.0,2,Mammals,Hedgehog,hedgehog,"['Insectivores', 'Rodents']",False,25
Otter,64032,3457.0,01K0Q79754T390C398Z2T902KM,01K0Q648E4VKQACSHFRM1PHS0K,26,animals,0.0,2,Mammals,Otter,otter,"['Water', 'Weasels']",True,26
Badger,66100,2068.0,01K0Q79754T390C398Z2T902KM,01K0Q648E4VKQACSHFRM1PHS0K,27,animals,0.0,2,Mammals,Badger,badger,"['NorthAmerican', 'Weasels']",False,27
Mouse,69247,3147.0,01K0Q79754T390C398Z2T902KM,01K0Q648E4VKQACSHFRM1PHS0K,28,animals,0.0,2,Mammals,Mouse,mouse,"['Bird', 'Rodents']",True,28
Rat,70145,898.0,01K0Q79754T390C398Z2T902KM,01K0Q648E4VKQACSHFRM1PHS0K,29,animals,0.0,2,Mammals,Rat,rat,['Rodents'],False,29
Bat,75074,4929.0,01K0Q79754T390C398Z2T902KM,01K0Q648E4VKQACSHFRM1PHS0K,30,animals,0.0,2,Mammals,Bat,bat,['Insectivores'],True,30
Rabbit,78137,3063.0,01K0Q79754T390C398Z2T902KM,01K0Q648E4VKQACSHFRM1PHS0K,31,animals,0.0,2,Mammals,Rabbit,rabbit,"['NorthAmerican', 'Pets', 'Rabbit', 'UsedForFur']",True,31
Hare,79857,1720.0,01K0Q79754T390C398Z2T902KM,01K0Q648E4VKQACSHFRM1PHS0K,32,animals,0.0,2,Mammals,Hare,hare,['Rabbit'],False,32
Squirrel,84314,4457.0,01K0Q79754T390C398Z2T902KM,01K0Q648E4VKQACSHFRM1PHS0K,33,animals,0.0,2,Mammals,Squirrel,squirrel,"['NorthAmerican', 'Rodents']",True,33
Beaver,85427,1113.0,01K0Q79754T390C398Z2T902KM,01K0Q648E4VKQACSHFRM1PHS0K,34,animals,0.0,2,Mammals,Beaver,beaver,"['NorthAmerican', 'Rodents', 'UsedForFur', 'Water']",False,34
Dolphin,88090,2663.0,01K0Q79754T390C398Z2T902KM,01K0Q648E4VKQACSHFRM1PHS0K,35,animals,1.0,2,Fish,Dolphin,dolphin,"['Insects', 'Water']",False,35
Shark,89438,1348.0,01K0Q79754T390C398Z2T902KM,01K0Q648E4VKQACSHFRM1PHS0K,36,animals,0.0,2,Fish,Shark,shark,"['Fish', 'Water']",False,36
Seal,91518,2080.0,01K0Q79754T390C398Z2T902KM,01K0Q648E4VKQACSHFRM1PHS0K,37,animals,0.0,2,Fish,Seal,seal,"['Arctic', 'Water']",False,37
Whale,92769,1251.0,01K0Q79754T390C398Z2T902KM,01K0Q648E4VKQACSHFRM1PHS0K,38,animals,0.0,2,Fish,Whale,whale,"['Fish', 'Water']",False,38
Walrus,94496,1727.0,01K0Q79754T390C398Z2T902KM,01K0Q648E4VKQACSHFRM1PHS0K,39,animals,0.0,2,Fish,Walrus,walrus,"['Arctic', 'Water']",False,39
Orca,96239,1743.0,01K0Q79754T390C398Z2T902KM,01K0Q648E4VKQACSHFRM1PHS0K,40,animals,0.0,2,Fish,Orca,orca,['Water'],False,40
Snake,97713,1474.0,01K0Q79754T390C398Z2T902KM,01K0Q648E4VKQACSHFRM1PHS0K,41,animals,1.0,2,Reptiles,Snake,snake,"['Farm', 'ReptileAmphibian']",True,41
Lizard,100751,3038.0,01K0Q79754T390C398Z2T902KM,01K0Q648E4VKQACSHFRM1PHS0K,42,animals,0.0,2,Reptiles,Lizard,lizard,['ReptileAmphibian'],False,42
Tuna,106845,6094.0,01K0Q79754T390C398Z2T902KM,01K0Q648E4VKQACSHFRM1PHS0K,43,animals,1.0,2,Fish ,Tuna,tuna,['Fish'],True,43
Alligator,109955,3110.0,01K0Q79754T390C398Z2T902KM,01K0Q648E4VKQACSHFRM1PHS0K,44,animals,1.0,2,Reptiles,Alligator,alligator,"['ReptileAmphibian', 'Water']",True,44
Robin,113476,3521.0,01K0Q79754T390C398Z2T902KM,01K0Q648E4VKQACSHFRM1PHS0K,45,animals,1.0,2,Birds,Robin,robin,['Bird'],True,45
Crow,114563,1087.0,01K0Q79754T390C398Z2T902KM,01K0Q648E4VKQACSHFRM1PHS0K,46,animals,0.0,2,Birds,Crow,crow,['Bird'],False,46
Turkey,118588,4025.0,01K0Q79754T390C398Z2T902KM,01K0Q648E4VKQACSHFRM1PHS0K,47,animals,1.0,2,Mammals,Turkey,turkey,"['Bird', 'Farm']",False,47
Chicken,120690,2102.0,01K0Q79754T390C398Z2T902KM,01K0Q648E4VKQACSHFRM1PHS0K,48,animals,0.0,2,Mammals,Chicken,chicken,"['Bird', 'Farm']",False,48
Cow,121484,794.0,01K0Q79754T390C398Z2T902KM,01K0Q648E4VKQACSHFRM1PHS0K,49,animals,0.0,2,Mammals,Cow,cow,"['Bovine', 'Farm']",False,49
Frog,126509,5025.0,01K0Q79754T390C398Z2T902KM,01K0Q648E4VKQACSHFRM1PHS0K,50,animals,1.0,2,Amphibians,Frog,frog,"['ReptileAmphibian', 'Water']",True,50
Newt,129191,2682.0,01K0Q79754T390C398Z2T902KM,01K0Q648E4VKQACSHFRM1PHS0K,51,animals,0.0,2,Amphibians,Newt,newt,"['ReptileAmphibian', 'Water']",False,51
Ant,131517,2326.0,01K0Q79754T390C398Z2T902KM,01K0Q648E4VKQACSHFRM1PHS0K,52,animals,0.0,2,Amphibians,Ant,ant,['Insects'],True,52
Bee,132369,852.0,01K0Q79754T390C398Z2T902KM,01K0Q648E4VKQACSHFRM1PHS0K,53,animals,1.0,2,Insects,Bee,bee,['Insects'],False,53
Jellyfish,135495,3126.0,01K0Q79754T390C398Z2T902KM,01K0Q648E4VKQACSHFRM1PHS0K,54,animals,1.0,2,Fish + sea animals,Jellyfish,jellyfish,['Water'],True,54
Crab,138041,2546.0,01K0Q79754T390C398Z2T902KM,01K0Q648E4VKQACSHFRM1PHS0K,55,animals,0.0,2,Fish + sea animals,Crab,crab,['Water'],False,55
Lobster,140109,2068.0,01K0Q79754T390C398Z2T902KM,01K0Q648E4VKQACSHFRM1PHS0K,56,animals,0.0,2,Fish + sea animals,Lobster,lobster,['Water'],False,56
Shrimps,142349,2240.0,01K0Q79754T390C398Z2T902KM,01K0Q648E4VKQACSHFRM1PHS0K,57,animals,0.0,2,Fish + sea animals,Shrimp,shrimp,['Fish'],True,57
snail,143811,1462.0,01K0Q79754T390C398Z2T902KM,01K0Q648E4VKQACSHFRM1PHS0K,58,animals,0.0,2,Fish + sea animals,snail,snail,['Water'],True,58
Worm,146581,2770.0,01K0Q79754T390C398Z2T902KM,01K0Q648E4VKQACSHFRM1PHS0K,59,animals,0.0,2,Fish + sea animals,Worm,worm,"['Insects', 'Worms']",True,59
Turtle,153281,6700.0,01K0Q79754T390C398Z2T902KM,01K0Q648E4VKQACSHFRM1PHS0K,60,animals,0.0,2,Fish + sea animals,Turtle,turtle,"['ReptileAmphibian', 'Water']",True,60
Horse,157419,4138.0,01K0Q79754T390C398Z2T902KM,01K0Q648E4VKQACSHFRM1PHS0K,61,animals,1.0,2,Farm animal,Horse,horse,"['BeastsOfBurden', 'Farm']",True,61
Chameleon,168592,11173.0,01K0Q79754T390C398Z2T902KM,01K0Q648E4VKQACSHFRM1PHS0K,62,animals,1.0,2,Reptiles,Chameleon,chameleon,"['African', 'ReptileAmphibian']",True,62
Penguin,173431,4839.0,01K0Q79754T390C398Z2T902KM,01K0Q648E4VKQACSHFRM1PHS0K,63,animals,1.0,2,Birds,Penguin,penguin,"['Arctic', 'Bird', 'Water']",True,63
Flamingo,176242,2811.0,01K0Q79754T390C398Z2T902KM,01K0Q648E4VKQACSHFRM1PHS0K,64,animals,1.0,2,Birds,Flamingo,flamingo,['Bird'],False,64
fruit,16081,16081.0,01K0Q7BXN1Z53TFSM2528EKS38,01K0Q648FBWW9GVXTJXM8NPVMM,0,supermarket,1.0,2,Fruits and Vegitables,fruits,fruit,,True,0
milk,26562,10481.0,01K0Q7BXN1Z53TFSM2528EKS38,01K0Q648FBWW9GVXTJXM8NPVMM,1,supermarket,1.0,2,Dairy,milk,milk,,True,1
beef,32029,5467.0,01K0Q7BXN1Z53TFSM2528EKS38,01K0Q648FBWW9GVXTJXM8NPVMM,2,supermarket,1.0,2,Meat,beef,beef,,True,2
chicken,35362,3333.0,01K0Q7BXN1Z53TFSM2528EKS38,01K0Q648FBWW9GVXTJXM8NPVMM,3,supermarket,0.0,2,Meat,chicken,chicken,,True,3
chocolate,44067,8705.0,01K0Q7BXN1Z53TFSM2528EKS38,01K0Q648FBWW9GVXTJXM8NPVMM,4,supermarket,1.0,2,Snacks,chocolate,chocolate,,True,4
peanut,47824,3757.0,01K0Q7BXN1Z53TFSM2528EKS38,01K0Q648FBWW9GVXTJXM8NPVMM,5,supermarket,0.0,2,Snacks,peanuts,peanut,,True,5
toilet paper,55526,7702.0,01K0Q7BXN1Z53TFSM2528EKS38,01K0Q648FBWW9GVXTJXM8NPVMM,6,supermarket,1.0,2,Toiletries,toilet paper,toiletpaper,,True,6
chip,62942,7416.0,01K0Q7BXN1Z53TFSM2528EKS38,01K0Q648FBWW9GVXTJXM8NPVMM,7,supermarket,1.0,2,Ready Made Food,chips,chip,,True,7
egg,70986,8044.0,01K0Q7BXN1Z53TFSM2528EKS38,01K0Q648FBWW9GVXTJXM8NPVMM,8,supermarket,1.0,2,Poultry,eggs,egg,,True,8
soap,79815,8829.0,01K0Q7BXN1Z53TFSM2528EKS38,01K0Q648FBWW9GVXTJXM8NPVMM,9,supermarket,1.0,2,Personal hygene,soap,soap,,True,9
deodorant,85790,5975.0,01K0Q7BXN1Z53TFSM2528EKS38,01K0Q648FBWW9GVXTJXM8NPVMM,10,supermarket,0.0,2,Personal hygene,deodorant,deodorant,,True,10
lotion,89750,3960.0,01K0Q7BXN1Z53TFSM2528EKS38,01K0Q648FBWW9GVXTJXM8NPVMM,11,supermarket,0.0,2,Personal hygene,lotion,lotion,,True,11
bread,102525,12775.0,01K0Q7BXN1Z53TFSM2528EKS38,01K0Q648FBWW9GVXTJXM8NPVMM,12,supermarket,1.0,2,Essentials,bread,bread,,True,12
popcorn,113921,11396.0,01K0Q7BXN1Z53TFSM2528EKS38,01K0Q648FBWW9GVXTJXM8NPVMM,13,supermarket,1.0,2,Popped snacks,popcorn,popcorn,,True,13
water,118774,4853.0,01K0Q7BXN1Z53TFSM2528EKS38,01K0Q648FBWW9GVXTJXM8NPVMM,14,supermarket,1.0,2,Liquids,water,water,,True,14
juice,122881,4107.0,01K0Q7BXN1Z53TFSM2528EKS38,01K0Q648FBWW9GVXTJXM8NPVMM,15,supermarket,0.0,2,Liquids,juice,juice,,True,15
plate,127765,4884.0,01K0Q7BXN1Z53TFSM2528EKS38,01K0Q648FBWW9GVXTJXM8NPVMM,16,supermarket,1.0,2,Kitchenware,plates,plate,,True,16
cup,135106,7341.0,01K0Q7BXN1Z53TFSM2528EKS38,01K0Q648FBWW9GVXTJXM8NPVMM,17,supermarket,0.0,2,Kitchenware,cups,cup,,True,17
coffee,144045,8939.0,01K0Q7BXN1Z53TFSM2528EKS38,01K0Q648FBWW9GVXTJXM8NPVMM,18,supermarket,1.0,2,Hot Drinks,coffee,coffee,,True,18
tea,149813,4622.0,01K0Q7BXN1Z53TFSM2528EKS38,01K0Q648FBWW9GVXTJXM8NPVMM,20,supermarket,0.0,2,Hot Drinks,tea,tea,,True,19
sugar,155813,6000.0,01K0Q7BXN1Z53TFSM2528EKS38,01K0Q648FBWW9GVXTJXM8NPVMM,21,supermarket,0.0,2,Hot Drinks,sugar,sugar,,True,20
cake,161486,5673.0,01K0Q7BXN1Z53TFSM2528EKS38,01K0Q648FBWW9GVXTJXM8NPVMM,22,supermarket,1.0,2,Baked Goods,cake,cake,,True,21
scone,163173,1687.0,01K0Q7BXN1Z53TFSM2528EKS38,01K0Q648FBWW9GVXTJXM8NPVMM,23,supermarket,0.0,2,Baked Goods,scones,scone,,True,22
muffin,165423,2250.0,01K0Q7BXN1Z53TFSM2528EKS38,01K0Q648FBWW9GVXTJXM8NPVMM,24,supermarket,0.0,2,Baked Goods,muffins,muffin,,True,23
magazine,173399,7976.0,01K0Q7BXN1Z53TFSM2528EKS38,01K0Q648FBWW9GVXTJXM8NPVMM,25,supermarket,1.0,2,Print Media,magazine,magazine,,True,24
newspaper,175799,2400.0,01K0Q7BXN1Z53TFSM2528EKS38,01K0Q648FBWW9GVXTJXM8NPVMM,26,supermarket,0.0,2,Print Media,newspaper,newspaper,,True,25
milk,3325,3325.0,01K0Q7CAKH23GRH60BRSVZQ5BG,01K0Q648FH62S92D3ZQCK1EBG2,0,supermarket,1.0,2,Common family household items,milk,milk,,True,0
bread,5258,1933.0,01K0Q7CAKH23GRH60BRSVZQ5BG,01K0Q648FH62S92D3ZQCK1EBG2,1,supermarket,0.0,2,Common family household items,bread,bread,,True,1
cheese,6498,1240.0,01K0Q7CAKH23GRH60BRSVZQ5BG,01K0Q648FH62S92D3ZQCK1EBG2,2,supermarket,0.0,2,Common family household items,cheese,cheese,,True,2
sour cream,8128,1630.0,01K0Q7CAKH23GRH60BRSVZQ5BG,01K0Q648FH62S92D3ZQCK1EBG2,3,supermarket,0.0,2,Common family household items,sour cream,sourcream,,True,3
cream cheese,10705,2577.0,01K0Q7CAKH23GRH60BRSVZQ5BG,01K0Q648FH62S92D3ZQCK1EBG2,4,supermarket,0.0,2,Common family household items,cream cheese,creamcheese,,True,4
water,11810,1105.0,01K0Q7CAKH23GRH60BRSVZQ5BG,01K0Q648FH62S92D3ZQCK1EBG2,5,supermarket,1.0,2,Beverages,water,water,,True,5
soda,13327,1517.0,01K0Q7CAKH23GRH60BRSVZQ5BG,01K0Q648FH62S92D3ZQCK1EBG2,6,supermarket,0.0,2,Beverages,soda,soda,,True,6
coffee,14429,1102.0,01K0Q7CAKH23GRH60BRSVZQ5BG,01K0Q648FH62S92D3ZQCK1EBG2,7,supermarket,0.0,2,Beverages,coffee,coffee,,True,7
tea,15231,802.0,01K0Q7CAKH23GRH60BRSVZQ5BG,01K0Q648FH62S92D3ZQCK1EBG2,8,supermarket,0.0,2,Beverages,tea,tea,,True,8
juice,17926,2695.0,01K0Q7CAKH23GRH60BRSVZQ5BG,01K0Q648FH62S92D3ZQCK1EBG2,9,supermarket,0.0,2,Beverages,juice,juice,,True,9
wine,18912,986.0,01K0Q7CAKH23GRH60BRSVZQ5BG,01K0Q648FH62S92D3ZQCK1EBG2,10,supermarket,0.0,2,Beverages,wine,wine,,True,10
beer,19816,904.0,01K0Q7CAKH23GRH60BRSVZQ5BG,01K0Q648FH62S92D3ZQCK1EBG2,11,supermarket,0.0,2,Beverages,beer,beer,,True,11
cracker,22749,2933.0,01K0Q7CAKH23GRH60BRSVZQ5BG,01K0Q648FH62S92D3ZQCK1EBG2,12,supermarket,1.0,2,Snacks,crackers,cracker,,True,12
chip,23795,1046.0,01K0Q7CAKH23GRH60BRSVZQ5BG,01K0Q648FH62S92D3ZQCK1EBG2,13,supermarket,0.0,2,Snacks,chips,chip,,True,13
guacamole,31237,7442.0,01K0Q7CAKH23GRH60BRSVZQ5BG,01K0Q648FH62S92D3ZQCK1EBG2,14,supermarket,0.0,2,Snacks,guacamole,guacamole,,True,14
brownie,32987,1750.0,01K0Q7CAKH23GRH60BRSVZQ5BG,01K0Q648FH62S92D3ZQCK1EBG2,15,supermarket,0.0,2,Snacks,brownies,brownie,,True,15
cookie,34378,1391.0,01K0Q7CAKH23GRH60BRSVZQ5BG,01K0Q648FH62S92D3ZQCK1EBG2,16,supermarket,0.0,2,Snacks,cookies,cookie,,True,16
cupcake,35695,1317.0,01K0Q7CAKH23GRH60BRSVZQ5BG,01K0Q648FH62S92D3ZQCK1EBG2,17,supermarket,0.0,2,Snacks,cupcakes,cupcake,,True,17
cake,36595,900.0,01K0Q7CAKH23GRH60BRSVZQ5BG,01K0Q648FH62S92D3ZQCK1EBG2,18,supermarket,0.0,2,Snacks,cake,cake,,True,18
cloth,39080,2485.0,01K0Q7CAKH23GRH60BRSVZQ5BG,01K0Q648FH62S92D3ZQCK1EBG2,19,supermarket,1.0,2,Misc.,clothes,cloth,,True,19
books,40478,1398.0,01K0Q7CAKH23GRH60BRSVZQ5BG,01K0Q648FH62S92D3ZQCK1EBG2,20,supermarket,0.0,2,Misc.,books,book,,True,20
magazine,43213,2735.0,01K0Q7CAKH23GRH60BRSVZQ5BG,01K0Q648FH62S92D3ZQCK1EBG2,21,supermarket,0.0,2,Misc.,magazines,magazine,,True,21
newspaper,48557,5344.0,01K0Q7CAKH23GRH60BRSVZQ5BG,01K0Q648FH62S92D3ZQCK1EBG2,22,supermarket,0.0,2,Misc.,newspaper,newspaper,,True,22
ice,51689,3132.0,01K0Q7CAKH23GRH60BRSVZQ5BG,01K0Q648FH62S92D3ZQCK1EBG2,23,supermarket,1.0,2,Common kitchen items,ice,ice,,True,23
ice tray,53175,1486.0,01K0Q7CAKH23GRH60BRSVZQ5BG,01K0Q648FH62S92D3ZQCK1EBG2,24,supermarket,0.0,2,Common kitchen items,ice trays,icetray,,True,24
paper,58515,5340.0,01K0Q7CAKH23GRH60BRSVZQ5BG,01K0Q648FH62S92D3ZQCK1EBG2,25,supermarket,0.0,2,Common kitchen items,paper,paper,,True,25
paper plate,60998,2483.0,01K0Q7CAKH23GRH60BRSVZQ5BG,01K0Q648FH62S92D3ZQCK1EBG2,26,supermarket,0.0,2,Common kitchen items,paper plates,paperplate,,True,26
paper bowl,63595,2597.0,01K0Q7CAKH23GRH60BRSVZQ5BG,01K0Q648FH62S92D3ZQCK1EBG2,27,supermarket,0.0,2,Common kitchen items,paper bowls,paperbowl,,True,27
paper cup,65138,1543.0,01K0Q7CAKH23GRH60BRSVZQ5BG,01K0Q648FH62S92D3ZQCK1EBG2,28,supermarket,0.0,2,Common kitchen items,paper cups,papercup,,True,28
cup,66031,893.0,01K0Q7CAKH23GRH60BRSVZQ5BG,01K0Q648FH62S92D3ZQCK1EBG2,29,supermarket,0.0,2,Common kitchen items,cups,cup,,True,29
backpack,69793,3762.0,01K0Q7CAKH23GRH60BRSVZQ5BG,01K0Q648FH62S92D3ZQCK1EBG2,30,supermarket,1.0,2,Accessories,backpacks,backpack,,True,30
necklace,74932,5139.0,01K0Q7CAKH23GRH60BRSVZQ5BG,01K0Q648FH62S92D3ZQCK1EBG2,31,supermarket,0.0,2,Accessories,necklaces,necklace,,True,31
bracelets,76273,1341.0,01K0Q7CAKH23GRH60BRSVZQ5BG,01K0Q648FH62S92D3ZQCK1EBG2,32,supermarket,0.0,2,Accessories,bracelets,bracelet,,True,32
chairs,82046,5773.0,01K0Q7CAKH23GRH60BRSVZQ5BG,01K0Q648FH62S92D3ZQCK1EBG2,33,supermarket,1.0,2,Furniture,chairs,chair,,True,33
television,85360,3314.0,01K0Q7CAKH23GRH60BRSVZQ5BG,01K0Q648FH62S92D3ZQCK1EBG2,34,supermarket,1.0,2,Electronics,televisions,television,,True,34
charger,86800,1440.0,01K0Q7CAKH23GRH60BRSVZQ5BG,01K0Q648FH62S92D3ZQCK1EBG2,35,supermarket,0.0,2,Electronics,chargers,charger,,True,35
battery,91892,5092.0,01K0Q7CAKH23GRH60BRSVZQ5BG,01K0Q648FH62S92D3ZQCK1EBG2,36,supermarket,0.0,2,Electronics,batteries,battery,,True,36
headphone,98035,6143.0,01K0Q7CAKH23GRH60BRSVZQ5BG,01K0Q648FH62S92D3ZQCK1EBG2,37,supermarket,0.0,2,Electronics,headphones,headphone,,True,37
movies,101121,3086.0,01K0Q7CAKH23GRH60BRSVZQ5BG,01K0Q648FH62S92D3ZQCK1EBG2,38,supermarket,0.0,2,Electronics,movies,movie,,True,38
games,103014,1893.0,01K0Q7CAKH23GRH60BRSVZQ5BG,01K0Q648FH62S92D3ZQCK1EBG2,39,supermarket,0.0,2,Electronics,games,game,,True,39
toy,107257,4243.0,01K0Q7CAKH23GRH60BRSVZQ5BG,01K0Q648FH62S92D3ZQCK1EBG2,40,supermarket,0.0,2,Electronics,toys,toy,,True,40
food,109764,2507.0,01K0Q7CAKH23GRH60BRSVZQ5BG,01K0Q648FH62S92D3ZQCK1EBG2,41,supermarket,1.0,2,Food,food,food,,True,41
watermelon,113321,3557.0,01K0Q7CAKH23GRH60BRSVZQ5BG,01K0Q648FH62S92D3ZQCK1EBG2,42,supermarket,1.0,2,Fruits,watermelon,watermelon,,True,42
apple,114696,1375.0,01K0Q7CAKH23GRH60BRSVZQ5BG,01K0Q648FH62S92D3ZQCK1EBG2,43,supermarket,0.0,2,Fruits,apples,apple,,True,43
deli,116372,1676.0,01K0Q7CAKH23GRH60BRSVZQ5BG,01K0Q648FH62S92D3ZQCK1EBG2,44,supermarket,1.0,2,Meat,deli,deli,,True,44
meat,117388,1016.0,01K0Q7CAKH23GRH60BRSVZQ5BG,01K0Q648FH62S92D3ZQCK1EBG2,45,supermarket,0.0,2,Meat,meat,meat,,True,45
pasta,121038,3650.0,01K0Q7CAKH23GRH60BRSVZQ5BG,01K0Q648FH62S92D3ZQCK1EBG2,46,supermarket,1.0,2,Pasta,pasta,pasta,,True,46
noodle,122625,1587.0,01K0Q7CAKH23GRH60BRSVZQ5BG,01K0Q648FH62S92D3ZQCK1EBG2,47,supermarket,0.0,2,Pasta,noodles,noodle,,True,47
bean,127010,4385.0,01K0Q7CAKH23GRH60BRSVZQ5BG,01K0Q648FH62S92D3ZQCK1EBG2,48,supermarket,1.0,2,Beans,beans,bean,,True,48
beef,127923,913.0,01K0Q7CAKH23GRH60BRSVZQ5BG,01K0Q648FH62S92D3ZQCK1EBG2,49,supermarket,1.0,2,Beef,beef,beef,,True,49
canned food item,130878,2955.0,01K0Q7CAKH23GRH60BRSVZQ5BG,01K0Q648FH62S92D3ZQCK1EBG2,50,supermarket,1.0,2,Canned Food,canned food,cannedfooditem,,True,50
green bean,133065,2187.0,01K0Q7CAKH23GRH60BRSVZQ5BG,01K0Q648FH62S92D3ZQCK1EBG2,51,supermarket,1.0,2,Vegetables,green beans,greenbean,,True,51
asparagus,141277,8212.0,01K0Q7CAKH23GRH60BRSVZQ5BG,01K0Q648FH62S92D3ZQCK1EBG2,52,supermarket,0.0,2,Vegetables,asparagus,asparagu,,True,52
carrot,142694,1417.0,01K0Q7CAKH23GRH60BRSVZQ5BG,01K0Q648FH62S92D3ZQCK1EBG2,53,supermarket,0.0,2,Vegetables,carrots,carrot,,True,53
chocolate,145419,2725.0,01K0Q7CAKH23GRH60BRSVZQ5BG,01K0Q648FH62S92D3ZQCK1EBG2,54,supermarket,1.0,2,Sweets,chocolate,chocolate,,True,54
candy,146963,1544.0,01K0Q7CAKH23GRH60BRSVZQ5BG,01K0Q648FH62S92D3ZQCK1EBG2,55,supermarket,0.0,2,Sweets,candy,candy,,True,55
lollipop,149799,2836.0,01K0Q7CAKH23GRH60BRSVZQ5BG,01K0Q648FH62S92D3ZQCK1EBG2,56,supermarket,0.0,2,Sweets,lollipops,lollipop,,True,56
flower,151986,2187.0,01K0Q7CAKH23GRH60BRSVZQ5BG,01K0Q648FH62S92D3ZQCK1EBG2,57,supermarket,1.0,2,Flowers,flowers,flower,,True,57
stuffed animal,157286,5300.0,01K0Q7CAKH23GRH60BRSVZQ5BG,01K0Q648FH62S92D3ZQCK1EBG2,58,supermarket,1.0,2,Stuffed Animals,stuffed animals,stuffedanimal,,True,58
salad,162327,5041.0,01K0Q7CAKH23GRH60BRSVZQ5BG,01K0Q648FH62S92D3ZQCK1EBG2,59,supermarket,1.0,2,Misc. Foods,salad,salad,,True,59
whipped cream,168825,6498.0,01K0Q7CAKH23GRH60BRSVZQ5BG,01K0Q648FH62S92D3ZQCK1EBG2,60,supermarket,0.0,2,Misc. Foods,whipped cream,whippedcream,,True,60
chicken,172190,3365.0,01K0Q7CAKH23GRH60BRSVZQ5BG,01K0Q648FH62S92D3ZQCK1EBG2,61,supermarket,0.0,2,Misc. Foods,chicken,chicken,,True,61
pan,179361,7171.0,01K0Q7CAKH23GRH60BRSVZQ5BG,01K0Q648FH62S92D3ZQCK1EBG2,62,supermarket,1.0,2,Pans,pans,pan,,True,62
butter,4518,4518.0,01K0Q7CAZFAKGXA20YQWZ4ECG0,01K0Q648EGTAFWQ71C01WYV5R3,0,supermarket,1.0,2,Dairy,butter,butter,,True,0
milk,6594,2076.0,01K0Q7CAZFAKGXA20YQWZ4ECG0,01K0Q648EGTAFWQ71C01WYV5R3,1,supermarket,0.0,2,Dairy,milk,milk,,True,1
egg,8436,1842.0,01K0Q7CAZFAKGXA20YQWZ4ECG0,01K0Q648EGTAFWQ71C01WYV5R3,2,supermarket,0.0,2,Dairy,eggs,egg,,True,2
carrot,14329,5893.0,01K0Q7CAZFAKGXA20YQWZ4ECG0,01K0Q648EGTAFWQ71C01WYV5R3,3,supermarket,1.0,2,Vegetables,carrots,carrot,,True,3
bean,16776,2447.0,01K0Q7CAZFAKGXA20YQWZ4ECG0,01K0Q648EGTAFWQ71C01WYV5R3,4,supermarket,0.0,2,Vegetables,beans,bean,,True,4
jam,18572,1796.0,01K0Q7CAZFAKGXA20YQWZ4ECG0,01K0Q648EGTAFWQ71C01WYV5R3,5,supermarket,1.0,2,Food cupboard,jam,jam,,True,5
cream,22526,3954.0,01K0Q7CAZFAKGXA20YQWZ4ECG0,01K0Q648EGTAFWQ71C01WYV5R3,6,supermarket,0.0,2,Food cupboard,cream,cream,,True,6
drink,28021,5495.0,01K0Q7CAZFAKGXA20YQWZ4ECG0,01K0Q648EGTAFWQ71C01WYV5R3,7,supermarket,1.0,2,Soft drinks,drinks,drink,,True,7
cereal,30991,2970.0,01K0Q7CAZFAKGXA20YQWZ4ECG0,01K0Q648EGTAFWQ71C01WYV5R3,8,supermarket,1.0,2,Dry cupboard items,cereal,cereal,,True,8
flour,33781,2790.0,01K0Q7CAZFAKGXA20YQWZ4ECG0,01K0Q648EGTAFWQ71C01WYV5R3,9,supermarket,1.0,2,Baking items,flour,flour,,True,9
sugar,36437,2656.0,01K0Q7CAZFAKGXA20YQWZ4ECG0,01K0Q648EGTAFWQ71C01WYV5R3,10,supermarket,0.0,2,Baking items,sugar,sugar,,True,10
flavouring,40865,4428.0,01K0Q7CAZFAKGXA20YQWZ4ECG0,01K0Q648EGTAFWQ71C01WYV5R3,11,supermarket,0.0,2,Baking items,flavouring,flavouring,,True,11
bread,45910,5045.0,01K0Q7CAZFAKGXA20YQWZ4ECG0,01K0Q648EGTAFWQ71C01WYV5R3,12,supermarket,1.0,2,Bakery,bread,bread,,True,12
cake,48722,2812.0,01K0Q7CAZFAKGXA20YQWZ4ECG0,01K0Q648EGTAFWQ71C01WYV5R3,13,supermarket,0.0,2,Bakery,cakes,cake,,True,13
chip,51661,2939.0,01K0Q7CAZFAKGXA20YQWZ4ECG0,01K0Q648EGTAFWQ71C01WYV5R3,14,supermarket,1.0,2,Frozen,chips,chip,,True,14
fish,55351,3690.0,01K0Q7CAZFAKGXA20YQWZ4ECG0,01K0Q648EGTAFWQ71C01WYV5R3,15,supermarket,1.0,2,Fish,fish,fish,,True,15
ham,57035,1684.0,01K0Q7CAZFAKGXA20YQWZ4ECG0,01K0Q648EGTAFWQ71C01WYV5R3,16,supermarket,1.0,2,Cooked meats,ham,ham,,True,16
beef,59104,2069.0,01K0Q7CAZFAKGXA20YQWZ4ECG0,01K0Q648EGTAFWQ71C01WYV5R3,17,supermarket,1.0,2,Meat,beef,beef,,True,17
chicken,62778,3674.0,01K0Q7CAZFAKGXA20YQWZ4ECG0,01K0Q648EGTAFWQ71C01WYV5R3,18,supermarket,0.0,2,Meat,chicken,chicken,,True,18
pasta,64973,2195.0,01K0Q7CAZFAKGXA20YQWZ4ECG0,01K0Q648EGTAFWQ71C01WYV5R3,19,supermarket,1.0,2,Dry cupboard items,pasta,pasta,,True,19
gravy,68004,3031.0,01K0Q7CAZFAKGXA20YQWZ4ECG0,01K0Q648EGTAFWQ71C01WYV5R3,20,supermarket,1.0,2,Tinned food,gravy,gravy,,True,20
soup,70773,2769.0,01K0Q7CAZFAKGXA20YQWZ4ECG0,01K0Q648EGTAFWQ71C01WYV5R3,21,supermarket,0.0,2,Tinned food,soup,soup,,True,21
pasty,74861,4088.0,01K0Q7CAZFAKGXA20YQWZ4ECG0,01K0Q648EGTAFWQ71C01WYV5R3,22,supermarket,1.0,2,Chilled foods,pasties,pasty,,True,22
cat food,81117,6256.0,01K0Q7CAZFAKGXA20YQWZ4ECG0,01K0Q648EGTAFWQ71C01WYV5R3,23,supermarket,1.0,2,Pet food,cat food,catfood,,True,23
dog food,85344,4227.0,01K0Q7CAZFAKGXA20YQWZ4ECG0,01K0Q648EGTAFWQ71C01WYV5R3,24,supermarket,0.0,2,Pet food,dog food,dogfood,,True,24
ice cream,89413,4069.0,01K0Q7CAZFAKGXA20YQWZ4ECG0,01K0Q648EGTAFWQ71C01WYV5R3,25,supermarket,1.0,2,Frozen desserts,ice cream,icecream,,True,25
apple,92719,3306.0,01K0Q7CAZFAKGXA20YQWZ4ECG0,01K0Q648EGTAFWQ71C01WYV5R3,26,supermarket,1.0,2,Fruit,apples,apple,,True,26
orange,95671,2952.0,01K0Q7CAZFAKGXA20YQWZ4ECG0,01K0Q648EGTAFWQ71C01WYV5R3,27,supermarket,0.0,2,Fruit,oranges,orange,,True,27
banana,98779,3108.0,01K0Q7CAZFAKGXA20YQWZ4ECG0,01K0Q648EGTAFWQ71C01WYV5R3,28,supermarket,0.0,2,Fruit,bananas,banana,,True,28
grape,102031,3252.0,01K0Q7CAZFAKGXA20YQWZ4ECG0,01K0Q648EGTAFWQ71C01WYV5R3,29,supermarket,0.0,2,Fruit,grapres,grape,,True,29
plum,105633,3602.0,01K0Q7CAZFAKGXA20YQWZ4ECG0,01K0Q648EGTAFWQ71C01WYV5R3,30,supermarket,0.0,2,Fruit,plums,plum,,True,30
pear,109786,4153.0,01K0Q7CAZFAKGXA20YQWZ4ECG0,01K0Q648EGTAFWQ71C01WYV5R3,31,supermarket,0.0,2,Fruit,pears,pear,,True,31
noodle,113134,3348.0,01K0Q7CAZFAKGXA20YQWZ4ECG0,01K0Q648EGTAFWQ71C01WYV5R3,32,supermarket,0.0,2,Fruit,noodles,noodle,,True,32
sauce,117297,4163.0,01K0Q7CAZFAKGXA20YQWZ4ECG0,01K0Q648EGTAFWQ71C01WYV5R3,33,supermarket,1.0,2,Condiments,sauce,sauce,,True,33
biscuit,121548,4251.0,01K0Q7CAZFAKGXA20YQWZ4ECG0,01K0Q648EGTAFWQ71C01WYV5R3,34,supermarket,1.0,2,Snack foods,biscuits,biscuit,,True,34
paper towel,126488,4940.0,01K0Q7CAZFAKGXA20YQWZ4ECG0,01K0Q648EGTAFWQ71C01WYV5R3,35,supermarket,1.0,2,Household items,paper towels,papertowel,,True,35
soap,129583,3095.0,01K0Q7CAZFAKGXA20YQWZ4ECG0,01K0Q648EGTAFWQ71C01WYV5R3,36,supermarket,1.0,2,Hygiene,soap,soap,,True,36
toothpaste,133411,3828.0,01K0Q7CAZFAKGXA20YQWZ4ECG0,01K0Q648EGTAFWQ71C01WYV5R3,37,supermarket,0.0,2,Hygiene,toothpaste,toothpaste,,True,37
toothbrush,138354,4943.0,01K0Q7CAZFAKGXA20YQWZ4ECG0,01K0Q648EGTAFWQ71C01WYV5R3,38,supermarket,0.0,2,Hygiene,toothbrushes,toothbrush,,True,38
mouthwash,144147,5793.0,01K0Q7CAZFAKGXA20YQWZ4ECG0,01K0Q648EGTAFWQ71C01WYV5R3,39,supermarket,0.0,2,Hygiene,mouth wash,mouthwash,,True,39
paracetamol,151300,7153.0,01K0Q7CAZFAKGXA20YQWZ4ECG0,01K0Q648EGTAFWQ71C01WYV5R3,40,supermarket,1.0,2,First Aid,paracetamo;,paracetamol,,True,40
plaster,153881,2581.0,01K0Q7CAZFAKGXA20YQWZ4ECG0,01K0Q648EGTAFWQ71C01WYV5R3,41,supermarket,0.0,2,First Aid,plasters,plaster,,True,41
antiseptic cream,160246,6365.0,01K0Q7CAZFAKGXA20YQWZ4ECG0,01K0Q648EGTAFWQ71C01WYV5R3,42,supermarket,0.0,2,First Aid,antiseptic cream,antisepticcream,,True,42
bandage,165411,5165.0,01K0Q7CAZFAKGXA20YQWZ4ECG0,01K0Q648EGTAFWQ71C01WYV5R3,43,supermarket,0.0,2,First Aid,bandages,bandage,,True,43
vitamin,175078,9667.0,01K0Q7CAZFAKGXA20YQWZ4ECG0,01K0Q648EGTAFWQ71C01WYV5R3,44,supermarket,1.0,2,Vitamins,vitamins,vitamin,,True,44
walrus,5029,5029.0,01K0Q7G0V97X6YMKH3BY2YKH3T,01K0Q648DN57GQ33G081PXQS5P,0,animals,1.0,2,Big Animal,walrus,walrus,"['Arctic', 'Water']",True,0
guinea pig,14956,9927.0,01K0Q7G0V97X6YMKH3BY2YKH3T,01K0Q648DN57GQ33G081PXQS5P,1,animals,1.0,2,Pets,guinea pig,guineapig,"['Pets', 'Rodents']",True,1
pig,16713,1757.0,01K0Q7G0V97X6YMKH3BY2YKH3T,01K0Q648DN57GQ33G081PXQS5P,2,animals,0.0,2,Pets,pig,pig,['Farm'],True,2
dog,18128,1415.0,01K0Q7G0V97X6YMKH3BY2YKH3T,01K0Q648DN57GQ33G081PXQS5P,3,animals,0.0,2,Pets,dog,dog,"['Canine', 'Pets']",True,3
cat,18812,684.0,01K0Q7G0V97X6YMKH3BY2YKH3T,01K0Q648DN57GQ33G081PXQS5P,4,animals,0.0,2,Pets,cat,cat,"['Pets', 'Feline']",False,4
alligator,22115,3303.0,01K0Q7G0V97X6YMKH3BY2YKH3T,01K0Q648DN57GQ33G081PXQS5P,5,animals,1.0,2,Iconic Florida animal,alligator,alligator,"['ReptileAmphibian', 'Water']",True,5
crocodile,25739,3624.0,01K0Q7G0V97X6YMKH3BY2YKH3T,01K0Q648DN57GQ33G081PXQS5P,6,animals,0.0,2,Iconic Florida animal,crocodile,crocodile,['ReptileAmphibian'],False,6
pigeon,33995,8256.0,01K0Q7G0V97X6YMKH3BY2YKH3T,01K0Q648DN57GQ33G081PXQS5P,7,animals,1.0,2,aquatic animals,pidgeon,pigeon,['Bird'],True,7
otter,45251,11256.0,01K0Q7G0V97X6YMKH3BY2YKH3T,01K0Q648DN57GQ33G081PXQS5P,8,animals,0.0,2,aquatic animals,otter,otter,"['Water', 'Weasels']",True,8
dolphin,47006,1755.0,01K0Q7G0V97X6YMKH3BY2YKH3T,01K0Q648DN57GQ33G081PXQS5P,9,animals,0.0,2,aquatic animals,dolphine,dolphin,"['Insects', 'Water']",False,9
whale,48249,1243.0,01K0Q7G0V97X6YMKH3BY2YKH3T,01K0Q648DN57GQ33G081PXQS5P,10,animals,0.0,2,aquatic animals,whale,whale,"['Fish', 'Water']",False,10
shark,51160,2911.0,01K0Q7G0V97X6YMKH3BY2YKH3T,01K0Q648DN57GQ33G081PXQS5P,11,animals,0.0,2,aquatic animals,shark,shark,"['Fish', 'Water']",False,11
mammoth,55370,4210.0,01K0Q7G0V97X6YMKH3BY2YKH3T,01K0Q648DN57GQ33G081PXQS5P,12,animals,1.0,2,Savannah,mammoth,mammoth,['Extinct'],True,12
zebra,64013,8643.0,01K0Q7G0V97X6YMKH3BY2YKH3T,01K0Q648DN57GQ33G081PXQS5P,13,animals,0.0,2,Savannah,zebra,zebra,['African'],True,13
giraffe,67734,3721.0,01K0Q7G0V97X6YMKH3BY2YKH3T,01K0Q648DN57GQ33G081PXQS5P,14,animals,0.0,2,Savannah,girraffe,giraffe,['African'],False,14
toad,71579,3845.0,01K0Q7G0V97X6YMKH3BY2YKH3T,01K0Q648DN57GQ33G081PXQS5P,15,animals,1.0,2,Water based,toad,toad,"['ReptileAmphibian', 'Water']",True,15
eel,72523,944.0,01K0Q7G0V97X6YMKH3BY2YKH3T,01K0Q648DN57GQ33G081PXQS5P,16,animals,0.0,2,Water based,eel,eel,['Water'],False,16
hawk,75989,3466.0,01K0Q7G0V97X6YMKH3BY2YKH3T,01K0Q648DN57GQ33G081PXQS5P,17,animals,1.0,2,Birds,hawk,hawk,['Bird'],True,17
duck,79332,3343.0,01K0Q7G0V97X6YMKH3BY2YKH3T,01K0Q648DN57GQ33G081PXQS5P,18,animals,0.0,2,Birds,duck,duck,['Bird'],False,18
falcon,80934,1602.0,01K0Q7G0V97X6YMKH3BY2YKH3T,01K0Q648DN57GQ33G081PXQS5P,19,animals,0.0,2,Birds,falcon,falcon,['Bird'],False,19
peacock,83384,2450.0,01K0Q7G0V97X6YMKH3BY2YKH3T,01K0Q648DN57GQ33G081PXQS5P,20,animals,0.0,2,Birds,peacock,peacock,['Bird'],False,20
ostrich,85286,1902.0,01K0Q7G0V97X6YMKH3BY2YKH3T,01K0Q648DN57GQ33G081PXQS5P,21,animals,0.0,2,Birds,ostritch,ostrich,"['African', 'Bird']",False,21
penguin,87483,2197.0,01K0Q7G0V97X6YMKH3BY2YKH3T,01K0Q648DN57GQ33G081PXQS5P,22,animals,0.0,2,Birds,penguin,penguin,"['Arctic', 'Bird', 'Water']",False,22
horse,92646,5163.0,01K0Q7G0V97X6YMKH3BY2YKH3T,01K0Q648DN57GQ33G081PXQS5P,23,animals,1.0,2,Farm Animals,horse,horse,"['BeastsOfBurden', 'Farm']",True,23
sheep,95331,2685.0,01K0Q7G0V97X6YMKH3BY2YKH3T,01K0Q648DN57GQ33G081PXQS5P,24,animals,0.0,2,Farm Animals,sheep,sheep,['Farm'],False,24
cow,96856,1525.0,01K0Q7G0V97X6YMKH3BY2YKH3T,01K0Q648DN57GQ33G081PXQS5P,25,animals,0.0,2,Farm Animals,cow,cow,"['Bovine', 'Farm']",False,25
pelican,98889,2033.0,01K0Q7G0V97X6YMKH3BY2YKH3T,01K0Q648DN57GQ33G081PXQS5P,26,animals,1.0,2,Ocean,pelican,pelican,['Bird'],True,26
panda,105749,6860.0,01K0Q7G0V97X6YMKH3BY2YKH3T,01K0Q648DN57GQ33G081PXQS5P,27,animals,1.0,2,Savanah,panda,panda,['Asian'],True,27
tiger,106977,1228.0,01K0Q7G0V97X6YMKH3BY2YKH3T,01K0Q648DN57GQ33G081PXQS5P,28,animals,0.0,2,Savanah,tiger,tiger,"['African', 'Feline']",True,28
lion,108189,1212.0,01K0Q7G0V97X6YMKH3BY2YKH3T,01K0Q648DN57GQ33G081PXQS5P,29,animals,0.0,2,Savanah,lion,lion,"['African', 'Feline']",False,29
cheetah,112034,3845.0,01K0Q7G0V97X6YMKH3BY2YKH3T,01K0Q648DN57GQ33G081PXQS5P,30,animals,0.0,2,Savanah,cheetah,cheetah,"['African', 'Feline']",False,30
wolf,113803,1769.0,01K0Q7G0V97X6YMKH3BY2YKH3T,01K0Q648DN57GQ33G081PXQS5P,31,animals,0.0,2,Savanah,wolf,wolf,"['Canine', 'NorthAmerican']",True,31
coyote,120427,6624.0,01K0Q7G0V97X6YMKH3BY2YKH3T,01K0Q648DN57GQ33G081PXQS5P,32,animals,0.0,2,Savanah,coyote,coyote,['Canine'],False,32
bison,124693,4266.0,01K0Q7G0V97X6YMKH3BY2YKH3T,01K0Q648DN57GQ33G081PXQS5P,33,animals,0.0,2,Savanah,bison,bison,"['Bovine', 'NorthAmerican']",True,33
leopard,129202,4509.0,01K0Q7G0V97X6YMKH3BY2YKH3T,01K0Q648DN57GQ33G081PXQS5P,34,animals,0.0,2,Savanah,leopard,leopard,"['African', 'Feline']",True,34
woodpecker,134621,5419.0,01K0Q7G0V97X6YMKH3BY2YKH3T,01K0Q648DN57GQ33G081PXQS5P,35,animals,1.0,2,Birds,woodpecker,woodpecker,['Bird'],True,35
parrot,139574,4953.0,01K0Q7G0V97X6YMKH3BY2YKH3T,01K0Q648DN57GQ33G081PXQS5P,36,animals,0.0,2,Birds,parrot,parrot,"['Bird', 'Pets']",False,36
python,144201,4627.0,01K0Q7G0V97X6YMKH3BY2YKH3T,01K0Q648DN57GQ33G081PXQS5P,37,animals,1.0,2,Animals that start with P,python,python,['ReptileAmphibian'],True,37
porcupine,147246,3045.0,01K0Q7G0V97X6YMKH3BY2YKH3T,01K0Q648DN57GQ33G081PXQS5P,38,animals,0.0,2,Animals that start with P,porcupine,porcupine,['Rodents'],True,38
ant,148706,1460.0,01K0Q7G0V97X6YMKH3BY2YKH3T,01K0Q648DN57GQ33G081PXQS5P,39,animals,1.0,2,Insect,ant,ant,['Insects'],True,39
boar,151629,2923.0,01K0Q7G0V97X6YMKH3BY2YKH3T,01K0Q648DN57GQ33G081PXQS5P,40,animals,1.0,2,Animals that start with B,boar,boar,['NorthAmerican'],True,40
bat,152494,865.0,01K0Q7G0V97X6YMKH3BY2YKH3T,01K0Q648DN57GQ33G081PXQS5P,41,animals,0.0,2,Animals that start with B,bat,bat,['Insectivores'],True,41
butterfly,160758,8264.0,01K0Q7G0V97X6YMKH3BY2YKH3T,01K0Q648DN57GQ33G081PXQS5P,42,animals,0.0,2,Animals that start with B,butterfly,butterfly,['Insects'],True,42
ox,163832,3074.0,01K0Q7G0V97X6YMKH3BY2YKH3T,01K0Q648DN57GQ33G081PXQS5P,43,animals,1.0,2,animals that start with o,ox,ox,['BeastsOfBurden'],True,43
octopus,170555,6723.0,01K0Q7G0V97X6YMKH3BY2YKH3T,01K0Q648DN57GQ33G081PXQS5P,44,animals,0.0,2,animals that start with o,octopus,octopus,['Water'],True,44
starfish,173236,2681.0,01K0Q7G0V97X6YMKH3BY2YKH3T,01K0Q648DN57GQ33G081PXQS5P,45,animals,1.0,2,Reef,starfish,starfish,['Water'],False,45
clam,177233,3997.0,01K0Q7G0V97X6YMKH3BY2YKH3T,01K0Q648DN57GQ33G081PXQS5P,46,animals,0.0,2,Reef,clam,clam,['Water'],False,46
oyster,179926,2693.0,01K0Q7G0V97X6YMKH3BY2YKH3T,01K0Q648DN57GQ33G081PXQS5P,47,animals,0.0,2,Reef,oyster,oyster,['Water'],False,47
flour,4280,4280.0,01K0Q7GW94B6RKFCYY0YTSWR47,01K0Q648FTYB79DRRDXYNY0BHH,0,supermarket,1.0,2,food cupboard items,flour,flour,,True,0
sugar,6474,2194.0,01K0Q7GW94B6RKFCYY0YTSWR47,01K0Q648FTYB79DRRDXYNY0BHH,1,supermarket,0.0,2,food cupboard items,sugar,sugar,,True,1
pasta,8456,1982.0,01K0Q7GW94B6RKFCYY0YTSWR47,01K0Q648FTYB79DRRDXYNY0BHH,2,supermarket,0.0,2,food cupboard items,pasta,pasta,,True,2
rice,10056,1600.0,01K0Q7GW94B6RKFCYY0YTSWR47,01K0Q648FTYB79DRRDXYNY0BHH,3,supermarket,0.0,2,food cupboard items,rice,rice,,True,3
cheese,13125,3069.0,01K0Q7GW94B6RKFCYY0YTSWR47,01K0Q648FTYB79DRRDXYNY0BHH,4,supermarket,1.0,2,dairy,cheese,cheese,,True,4
milk,15099,1974.0,01K0Q7GW94B6RKFCYY0YTSWR47,01K0Q648FTYB79DRRDXYNY0BHH,5,supermarket,0.0,2,dairy,milk,milk,,True,5
bread,17247,2148.0,01K0Q7GW94B6RKFCYY0YTSWR47,01K0Q648FTYB79DRRDXYNY0BHH,6,supermarket,1.0,2,Bread,bread,bread,,True,6
soup,19705,2458.0,01K0Q7GW94B6RKFCYY0YTSWR47,01K0Q648FTYB79DRRDXYNY0BHH,7,supermarket,1.0,2,Soup ingredients,soup,soup,,True,7
cream,24785,5080.0,01K0Q7GW94B6RKFCYY0YTSWR47,01K0Q648FTYB79DRRDXYNY0BHH,8,supermarket,0.0,2,Soup ingredients,cream,cream,,True,8
shampoo,27424,2639.0,01K0Q7GW94B6RKFCYY0YTSWR47,01K0Q648FTYB79DRRDXYNY0BHH,9,supermarket,1.0,2,Body cleansers,shampoo,shampoo,,True,9
soap,30362,2938.0,01K0Q7GW94B6RKFCYY0YTSWR47,01K0Q648FTYB79DRRDXYNY0BHH,10,supermarket,0.0,2,Body cleansers,soap,soap,,True,10
lipstick,33757,3395.0,01K0Q7GW94B6RKFCYY0YTSWR47,01K0Q648FTYB79DRRDXYNY0BHH,11,supermarket,1.0,2,Make-up,lipstick,lipstick,,True,11
soft drink,37724,3967.0,01K0Q7GW94B6RKFCYY0YTSWR47,01K0Q648FTYB79DRRDXYNY0BHH,12,supermarket,1.0,2,Drinks,soft drink,softdrink,,True,12
wine,42976,5252.0,01K0Q7GW94B6RKFCYY0YTSWR47,01K0Q648FTYB79DRRDXYNY0BHH,13,supermarket,0.0,2,Drinks,awine,wine,,True,13
whiskey,51013,6094.0,01K0Q7GW94B6RKFCYY0YTSWR47,01K0Q648FTYB79DRRDXYNY0BHH,15,supermarket,0.0,2,Drinks,whiskey,whiskey,,True,14
cake,52924,1911.0,01K0Q7GW94B6RKFCYY0YTSWR47,01K0Q648FTYB79DRRDXYNY0BHH,16,supermarket,1.0,2,Dessert,cake,cake,,True,15
ice cream,55858,2934.0,01K0Q7GW94B6RKFCYY0YTSWR47,01K0Q648FTYB79DRRDXYNY0BHH,17,supermarket,0.0,2,Dessert,ice cream,icecream,,True,16
pea,58907,3049.0,01K0Q7GW94B6RKFCYY0YTSWR47,01K0Q648FTYB79DRRDXYNY0BHH,18,supermarket,1.0,2,Vegetables,peas,pea,,True,17
fruit,61273,2366.0,01K0Q7GW94B6RKFCYY0YTSWR47,01K0Q648FTYB79DRRDXYNY0BHH,19,supermarket,1.0,2,Fruit,fruit,fruit,,True,18
napkin,68372,7099.0,01K0Q7GW94B6RKFCYY0YTSWR47,01K0Q648FTYB79DRRDXYNY0BHH,20,supermarket,1.0,2,Tissues,napkins,napkin,,True,19
bath tissue,73495,5123.0,01K0Q7GW94B6RKFCYY0YTSWR47,01K0Q648FTYB79DRRDXYNY0BHH,21,supermarket,0.0,2,Tissues,bath tissues,bathtissue,,True,20
paper plate,78392,4897.0,01K0Q7GW94B6RKFCYY0YTSWR47,01K0Q648FTYB79DRRDXYNY0BHH,22,supermarket,1.0,2,Picnic items,paper plater,paperplate,,True,21
water,81939,3547.0,01K0Q7GW94B6RKFCYY0YTSWR47,01K0Q648FTYB79DRRDXYNY0BHH,23,supermarket,0.0,2,Picnic items,water,water,,True,22
baked bean,87571,5632.0,01K0Q7GW94B6RKFCYY0YTSWR47,01K0Q648FTYB79DRRDXYNY0BHH,24,supermarket,0.0,2,Picnic items,baked beans,bakedbean,,True,23
can of fruit,94104,6533.0,01K0Q7GW94B6RKFCYY0YTSWR47,01K0Q648FTYB79DRRDXYNY0BHH,25,supermarket,0.0,2,Picnic items,canned fruit,canoffruit,,True,24
pineapple,99245,5141.0,01K0Q7GW94B6RKFCYY0YTSWR47,01K0Q648FTYB79DRRDXYNY0BHH,26,supermarket,1.0,2,Fresh fruit,pineapple,pineapple,,True,25
cookie,102213,2968.0,01K0Q7GW94B6RKFCYY0YTSWR47,01K0Q648FTYB79DRRDXYNY0BHH,27,supermarket,1.0,2,Sweet snacks,cookies,cookie,,True,26
chocolate,105056,2843.0,01K0Q7GW94B6RKFCYY0YTSWR47,01K0Q648FTYB79DRRDXYNY0BHH,28,supermarket,0.0,2,Sweet snacks,chocolate,chocolate,,True,27
dishwashing liquid,114232,9176.0,01K0Q7GW94B6RKFCYY0YTSWR47,01K0Q648FTYB79DRRDXYNY0BHH,29,supermarket,1.0,2,Detergent,dishwashing liquid,dishwashingliquid,,True,28
laundry detergent,121710,7478.0,01K0Q7GW94B6RKFCYY0YTSWR47,01K0Q648FTYB79DRRDXYNY0BHH,30,supermarket,0.0,2,Detergent,laundry detergent,laundrydetergent,,True,29
bottle,127760,6050.0,01K0Q7GW94B6RKFCYY0YTSWR47,01K0Q648FTYB79DRRDXYNY0BHH,31,supermarket,1.0,2,Utensil,bottle,bottle,,True,30
ketchup,130555,2795.0,01K0Q7GW94B6RKFCYY0YTSWR47,01K0Q648FTYB79DRRDXYNY0BHH,32,supermarket,1.0,2,Seasoning,ketchup,ketchup,,True,31
lentil,135333,4778.0,01K0Q7GW94B6RKFCYY0YTSWR47,01K0Q648FTYB79DRRDXYNY0BHH,33,supermarket,1.0,2,Healthy Food Staples,lentils,lentil,,True,32
fish,140604,5271.0,01K0Q7GW94B6RKFCYY0YTSWR47,01K0Q648FTYB79DRRDXYNY0BHH,34,supermarket,1.0,2,Meat and Fish,fish,fish,,True,33
beef,142618,2014.0,01K0Q7GW94B6RKFCYY0YTSWR47,01K0Q648FTYB79DRRDXYNY0BHH,35,supermarket,0.0,2,Meat and Fish,beef,beef,,True,34
chicken,146216,3598.0,01K0Q7GW94B6RKFCYY0YTSWR47,01K0Q648FTYB79DRRDXYNY0BHH,36,supermarket,0.0,2,Meat and Fish,chicken,chicken,,True,35
lamb,150233,4017.0,01K0Q7GW94B6RKFCYY0YTSWR47,01K0Q648FTYB79DRRDXYNY0BHH,37,supermarket,0.0,2,Meat and Fish,lamb,lamb,,True,36
dog food,155670,5437.0,01K0Q7GW94B6RKFCYY0YTSWR47,01K0Q648FTYB79DRRDXYNY0BHH,38,supermarket,1.0,2,Pet food,dog food,dogfood,,True,37
cat food,159113,3443.0,01K0Q7GW94B6RKFCYY0YTSWR47,01K0Q648FTYB79DRRDXYNY0BHH,39,supermarket,0.0,2,Pet food,cat food,catfood,,True,38
pet chew,162449,3336.0,01K0Q7GW94B6RKFCYY0YTSWR47,01K0Q648FTYB79DRRDXYNY0BHH,40,supermarket,0.0,2,Pet food,pet chew,petchew,,True,39
Q-tip,168178,5729.0,01K0Q7GW94B6RKFCYY0YTSWR47,01K0Q648FTYB79DRRDXYNY0BHH,41,supermarket,1.0,2,Hygienne,q-tips,qtip,,True,40
earbuds,172488,4310.0,01K0Q7GW94B6RKFCYY0YTSWR47,01K0Q648FTYB79DRRDXYNY0BHH,42,supermarket,0.0,2,Hygienne,earbuds,earbud,,True,41
sanitary pad,177882,5394.0,01K0Q7GW94B6RKFCYY0YTSWR47,01K0Q648FTYB79DRRDXYNY0BHH,43,supermarket,0.0,2,Hygienne,sanitary pads,sanitarypad,,True,42
dog,3849,3849.0,01K0Q7GZH3AF8SBT0Z66KPG2S5,01K0Q648E72YK87NC9MPKMSFXE,0,animals,1.0,2,popluar pet,dog,dog,"['Canine', 'Pets']",True,0
cat,5212,1363.0,01K0Q7GZH3AF8SBT0Z66KPG2S5,01K0Q648E72YK87NC9MPKMSFXE,1,animals,1.0,2,popular animals for kids toys,cat,cat,"['Pets', 'Feline']",False,1
horse,7566,2354.0,01K0Q7GZH3AF8SBT0Z66KPG2S5,01K0Q648E72YK87NC9MPKMSFXE,2,animals,0.0,2,popular animals for kids toys,horse,horse,"['BeastsOfBurden', 'Farm']",True,2
fish,9124,1558.0,01K0Q7GZH3AF8SBT0Z66KPG2S5,01K0Q648E72YK87NC9MPKMSFXE,3,animals,0.0,2,popular animals for kids toys,fish,fish,"['Fish', 'Water']",True,3
gorilla,12912,3788.0,01K0Q7GZH3AF8SBT0Z66KPG2S5,01K0Q648E72YK87NC9MPKMSFXE,4,animals,0.0,2,popular animals for kids toys,gorilla,gorilla,"['African', 'Primates']",True,4
monkey,14511,1599.0,01K0Q7GZH3AF8SBT0Z66KPG2S5,01K0Q648E72YK87NC9MPKMSFXE,5,animals,0.0,2,popular animals for kids toys,monkey,monkey,"['African', 'Primates']",False,5
meerkat,16533,2022.0,01K0Q7GZH3AF8SBT0Z66KPG2S5,01K0Q648E72YK87NC9MPKMSFXE,6,animals,0.0,2,popular animals for kids toys,meerket,meerkat,['African'],False,6
lion,19929,3396.0,01K0Q7GZH3AF8SBT0Z66KPG2S5,01K0Q648E72YK87NC9MPKMSFXE,7,animals,0.0,2,popular animals for kids toys,lion,lion,"['African', 'Feline']",False,7
tiger,23462,3533.0,01K0Q7GZH3AF8SBT0Z66KPG2S5,01K0Q648E72YK87NC9MPKMSFXE,8,animals,0.0,2,popular animals for kids toys,tiger,tiger,"['African', 'Feline']",False,8
hamster,26208,2746.0,01K0Q7GZH3AF8SBT0Z66KPG2S5,01K0Q648E72YK87NC9MPKMSFXE,9,animals,0.0,2,popular animals for kids toys,hampster,hamster,"['Pets', 'Rodents']",True,9
rabbit,28140,1932.0,01K0Q7GZH3AF8SBT0Z66KPG2S5,01K0Q648E72YK87NC9MPKMSFXE,10,animals,0.0,2,popular animals for kids toys,rabbit,rabbit,"['NorthAmerican', 'Pets', 'Rabbit', 'UsedForFur']",False,10
bird,29874,1734.0,01K0Q7GZH3AF8SBT0Z66KPG2S5,01K0Q648E72YK87NC9MPKMSFXE,11,animals,0.0,2,popular animals for kids toys,bird,bird,['Bird'],True,11
crocodile,36317,6443.0,01K0Q7GZH3AF8SBT0Z66KPG2S5,01K0Q648E72YK87NC9MPKMSFXE,12,animals,1.0,2,in the wild,crocodile,crocodile,['ReptileAmphibian'],True,12
ape,42987,6670.0,01K0Q7GZH3AF8SBT0Z66KPG2S5,01K0Q648E72YK87NC9MPKMSFXE,13,animals,0.0,2,in the wild,ape,ape,['Primates'],True,13
penguin,58222,15235.0,01K0Q7GZH3AF8SBT0Z66KPG2S5,01K0Q648E72YK87NC9MPKMSFXE,14,animals,0.0,2,in the wild,penguin,penguin,"['Arctic', 'Bird', 'Water']",True,14
giraffe,65405,7183.0,01K0Q7GZH3AF8SBT0Z66KPG2S5,01K0Q648E72YK87NC9MPKMSFXE,15,animals,1.0,2,zoo animals,giraffe,giraffe,['African'],True,15
elephant,69715,4310.0,01K0Q7GZH3AF8SBT0Z66KPG2S5,01K0Q648E72YK87NC9MPKMSFXE,16,animals,0.0,2,zoo animals,elephant,elephant,['African'],False,16
lizard,77998,8283.0,01K0Q7GZH3AF8SBT0Z66KPG2S5,01K0Q648E72YK87NC9MPKMSFXE,17,animals,0.0,2,zoo animals,lizard,lizard,['ReptileAmphibian'],True,17
bear,92295,14297.0,01K0Q7GZH3AF8SBT0Z66KPG2S5,01K0Q648E72YK87NC9MPKMSFXE,18,animals,0.0,2,zoo animals,bear,bear,['NorthAmerican'],True,18
zebra,104348,12053.0,01K0Q7GZH3AF8SBT0Z66KPG2S5,01K0Q648E72YK87NC9MPKMSFXE,19,animals,0.0,2,zoo animals,zebra,zebra,['African'],True,19
gibbon,108229,3881.0,01K0Q7GZH3AF8SBT0Z66KPG2S5,01K0Q648E72YK87NC9MPKMSFXE,20,animals,0.0,2,zoo animals,gibbon,gibbon,['Primates'],True,20
chimpanzee,120430,12201.0,01K0Q7GZH3AF8SBT0Z66KPG2S5,01K0Q648E72YK87NC9MPKMSFXE,21,animals,0.0,2,zoo animals,chimpanzee,chimpanzee,"['African', 'Primates']",False,21
chicken,129733,9303.0,01K0Q7GZH3AF8SBT0Z66KPG2S5,01K0Q648E72YK87NC9MPKMSFXE,22,animals,1.0,2,farm animals,chicken,chicken,"['Bird', 'Farm']",True,22
cow,131912,2179.0,01K0Q7GZH3AF8SBT0Z66KPG2S5,01K0Q648E72YK87NC9MPKMSFXE,23,animals,0.0,2,farm animals,cow,cow,"['Bovine', 'Farm']",False,23
lamb,134133,2221.0,01K0Q7GZH3AF8SBT0Z66KPG2S5,01K0Q648E72YK87NC9MPKMSFXE,24,animals,1.0,2,farm animals and animals in the wild,lamb,lamb,['Farm'],False,24
sheep,135758,1625.0,01K0Q7GZH3AF8SBT0Z66KPG2S5,01K0Q648E72YK87NC9MPKMSFXE,25,animals,0.0,2,farm animals and animals in the wild,sheep,sheep,['Farm'],False,25
goat,137693,1935.0,01K0Q7GZH3AF8SBT0Z66KPG2S5,01K0Q648E72YK87NC9MPKMSFXE,26,animals,0.0,2,farm animals and animals in the wild,goat,goat,['Farm'],False,26
pig,149151,11458.0,01K0Q7GZH3AF8SBT0Z66KPG2S5,01K0Q648E72YK87NC9MPKMSFXE,27,animals,0.0,2,farm animals and animals in the wild,pig,pig,['Farm'],False,27
hedgehog,156827,7676.0,01K0Q7GZH3AF8SBT0Z66KPG2S5,01K0Q648E72YK87NC9MPKMSFXE,28,animals,0.0,2,farm animals and animals in the wild,hedgehog,hedgehog,"['Insectivores', 'Rodents']",True,28
jaguar,162027,5200.0,01K0Q7GZH3AF8SBT0Z66KPG2S5,01K0Q648E72YK87NC9MPKMSFXE,29,animals,0.0,2,farm animals and animals in the wild,jaguar,jaguar,['Feline'],True,29
mole,169636,7609.0,01K0Q7GZH3AF8SBT0Z66KPG2S5,01K0Q648E72YK87NC9MPKMSFXE,30,animals,0.0,2,farm animals and animals in the wild,mole,mole,"['Insectivores', 'Rodents']",True,30
polar bear,179017,9381.0,01K0Q7GZH3AF8SBT0Z66KPG2S5,01K0Q648E72YK87NC9MPKMSFXE,31,animals,0.0,2,farm animals and animals in the wild,polar bear,polarbear,['Arctic'],True,31
cat,4795,4795.0,01K0Q7HCS1G821XS83N6ANKJSP,01K0Q648GY8KPB43R04DST4DS5,0,animals,1.0,2,domestic pets,cat,cat,"['Pets', 'Feline']",True,0
dog,6479,1684.0,01K0Q7HCS1G821XS83N6ANKJSP,01K0Q648GY8KPB43R04DST4DS5,1,animals,0.0,2,domestic pets,dog,dog,"['Canine', 'Pets']",False,1
tiger,8247,1768.0,01K0Q7HCS1G821XS83N6ANKJSP,01K0Q648GY8KPB43R04DST4DS5,2,animals,1.0,2,cats,tiger,tiger,"['African', 'Feline']",True,2
lion,10647,2400.0,01K0Q7HCS1G821XS83N6ANKJSP,01K0Q648GY8KPB43R04DST4DS5,3,animals,0.0,2,cats,lion,lion,"['African', 'Feline']",False,3
penguin,15122,4475.0,01K0Q7HCS1G821XS83N6ANKJSP,01K0Q648GY8KPB43R04DST4DS5,4,animals,1.0,2,mixed animals,penguin,penguin,"['Arctic', 'Bird', 'Water']",True,4
zebra,18551,3429.0,01K0Q7HCS1G821XS83N6ANKJSP,01K0Q648GY8KPB43R04DST4DS5,5,animals,0.0,2,mixed animals,zebra,zebra,['African'],True,5
horse,21204,2653.0,01K0Q7HCS1G821XS83N6ANKJSP,01K0Q648GY8KPB43R04DST4DS5,6,animals,0.0,2,mixed animals,horse,horse,"['BeastsOfBurden', 'Farm']",True,6
giraffe,30398,9194.0,01K0Q7HCS1G821XS83N6ANKJSP,01K0Q648GY8KPB43R04DST4DS5,7,animals,0.0,2,mixed animals,gifagffe,giraffe,['African'],True,7
polar bear,39469,4072.0,01K0Q7HCS1G821XS83N6ANKJSP,01K0Q648GY8KPB43R04DST4DS5,9,animals,0.0,2,mixed animals,polar bear,polarbear,['Arctic'],True,8
pony,42705,3236.0,01K0Q7HCS1G821XS83N6ANKJSP,01K0Q648GY8KPB43R04DST4DS5,10,animals,0.0,2,mixed animals,pony,pony,"['BeastsOfBurden', 'Farm']",True,9
donkey,46018,3313.0,01K0Q7HCS1G821XS83N6ANKJSP,01K0Q648GY8KPB43R04DST4DS5,11,animals,0.0,2,mixed animals,donkey,donkey,"['BeastsOfBurden', 'Farm']",False,10
lizard,51504,5486.0,01K0Q7HCS1G821XS83N6ANKJSP,01K0Q648GY8KPB43R04DST4DS5,12,animals,0.0,2,mixed animals,lizard,lizard,['ReptileAmphibian'],True,11
crocodile,55124,3620.0,01K0Q7HCS1G821XS83N6ANKJSP,01K0Q648GY8KPB43R04DST4DS5,13,animals,0.0,2,mixed animals,crocodile,crocodile,['ReptileAmphibian'],False,12
snake,58158,3034.0,01K0Q7HCS1G821XS83N6ANKJSP,01K0Q648GY8KPB43R04DST4DS5,14,animals,0.0,2,mixed animals,snake,snake,"['Farm', 'ReptileAmphibian']",False,13
panda,60452,2294.0,01K0Q7HCS1G821XS83N6ANKJSP,01K0Q648GY8KPB43R04DST4DS5,15,animals,0.0,2,mixed animals,panda,panda,['Asian'],True,14
bear,64957,4505.0,01K0Q7HCS1G821XS83N6ANKJSP,01K0Q648GY8KPB43R04DST4DS5,16,animals,0.0,2,mixed animals,bear,bear,['NorthAmerican'],True,15
puma,72703,7746.0,01K0Q7HCS1G821XS83N6ANKJSP,01K0Q648GY8KPB43R04DST4DS5,17,animals,0.0,2,mixed animals,puma,puma,"['Feline', 'NorthAmerican']",False,16
leopard,76309,3606.0,01K0Q7HCS1G821XS83N6ANKJSP,01K0Q648GY8KPB43R04DST4DS5,18,animals,0.0,2,mixed animals,leopard,leopard,"['African', 'Feline']",False,17
cow,88836,12527.0,01K0Q7HCS1G821XS83N6ANKJSP,01K0Q648GY8KPB43R04DST4DS5,19,animals,0.0,2,mixed animals,cow,cow,"['Bovine', 'Farm']",True,18
lamb,92413,3577.0,01K0Q7HCS1G821XS83N6ANKJSP,01K0Q648GY8KPB43R04DST4DS5,20,animals,0.0,2,mixed animals,lamb,lamb,['Farm'],False,19
pig,94667,2254.0,01K0Q7HCS1G821XS83N6ANKJSP,01K0Q648GY8KPB43R04DST4DS5,21,animals,0.0,2,mixed animals,pig,pig,['Farm'],False,20
fox,96570,1903.0,01K0Q7HCS1G821XS83N6ANKJSP,01K0Q648GY8KPB43R04DST4DS5,22,animals,0.0,2,mixed animals,fox,fox,"['Canine', 'NorthAmerican', 'UsedForFur']",True,21
wolf,98600,2030.0,01K0Q7HCS1G821XS83N6ANKJSP,01K0Q648GY8KPB43R04DST4DS5,23,animals,0.0,2,mixed animals,wolf,wolf,"['Canine', 'NorthAmerican']",False,22
deer,101233,2633.0,01K0Q7HCS1G821XS83N6ANKJSP,01K0Q648GY8KPB43R04DST4DS5,24,animals,0.0,2,mixed animals,deer,deer,"['Deers', 'NorthAmerican']",False,23
skunk,107054,5821.0,01K0Q7HCS1G821XS83N6ANKJSP,01K0Q648GY8KPB43R04DST4DS5,25,animals,0.0,2,mixed animals,skunk,skunk,"['NorthAmerican', 'Weasels']",False,24
mole,109597,2543.0,01K0Q7HCS1G821XS83N6ANKJSP,01K0Q648GY8KPB43R04DST4DS5,26,animals,0.0,2,mixed animals,mole,mole,"['Insectivores', 'Rodents']",True,25
vole,112494,2897.0,01K0Q7HCS1G821XS83N6ANKJSP,01K0Q648GY8KPB43R04DST4DS5,27,animals,0.0,2,mixed animals,vole,vole,['Rodents'],False,26
tortoise,116259,3765.0,01K0Q7HCS1G821XS83N6ANKJSP,01K0Q648GY8KPB43R04DST4DS5,28,animals,0.0,2,mixed animals,toirtoise,tortoise,['ReptileAmphibian'],True,27
otter,118779,2520.0,01K0Q7HCS1G821XS83N6ANKJSP,01K0Q648GY8KPB43R04DST4DS5,29,animals,0.0,2,mixed animals,otter,otter,"['Water', 'Weasels']",True,28
rat,136709,17930.0,01K0Q7HCS1G821XS83N6ANKJSP,01K0Q648GY8KPB43R04DST4DS5,30,animals,0.0,2,mixed animals,rat,rat,['Rodents'],True,29
mouse,139906,3197.0,01K0Q7HCS1G821XS83N6ANKJSP,01K0Q648GY8KPB43R04DST4DS5,31,animals,0.0,2,mixed animals,mouse,mouse,"['Bird', 'Rodents']",False,30
rabbit,154920,15014.0,01K0Q7HCS1G821XS83N6ANKJSP,01K0Q648GY8KPB43R04DST4DS5,32,animals,0.0,2,mixed animals,rabbit,rabbit,"['NorthAmerican', 'Pets', 'Rabbit', 'UsedForFur']",True,31
camel,162510,7590.0,01K0Q7HCS1G821XS83N6ANKJSP,01K0Q648GY8KPB43R04DST4DS5,33,animals,0.0,2,mixed animals,camel,camel,"['African', 'BeastsOfBurden']",True,32
elephant,167409,4899.0,01K0Q7HCS1G821XS83N6ANKJSP,01K0Q648GY8KPB43R04DST4DS5,34,animals,0.0,2,mixed animals,elephant,elephant,['African'],False,33
hippopotamus,170074,2665.0,01K0Q7HCS1G821XS83N6ANKJSP,01K0Q648GY8KPB43R04DST4DS5,35,animals,0.0,2,mixed animals,hippo,hippopotamus,['African'],False,34
cornflake,5147,5147.0,01K0Q7J4X3NCGGVSD3PXQQ8KHN,01K0Q648F70ANZ5X27HCXJ04ZZ,0,supermarket,1.0,2,breakfast,cornflakes,cornflake,,True,0
bread,6834,1687.0,01K0Q7J4X3NCGGVSD3PXQQ8KHN,01K0Q648F70ANZ5X27HCXJ04ZZ,1,supermarket,1.0,2,bakery,bread,bread,,True,1
toilet roll,10216,3382.0,01K0Q7J4X3NCGGVSD3PXQQ8KHN,01K0Q648F70ANZ5X27HCXJ04ZZ,2,supermarket,1.0,2,housegold goods,toilet roll,toiletroll,,True,2
milk,11569,1353.0,01K0Q7J4X3NCGGVSD3PXQQ8KHN,01K0Q648F70ANZ5X27HCXJ04ZZ,3,supermarket,1.0,2,dairy,milk,milk,,True,3
egg,12812,1243.0,01K0Q7J4X3NCGGVSD3PXQQ8KHN,01K0Q648F70ANZ5X27HCXJ04ZZ,4,supermarket,0.0,2,dairy,eggs,egg,,True,4
baked bean,15663,2851.0,01K0Q7J4X3NCGGVSD3PXQQ8KHN,01K0Q648F70ANZ5X27HCXJ04ZZ,5,supermarket,1.0,2,tins,baked beans,bakedbean,,True,5
yoghurt,18880,3217.0,01K0Q7J4X3NCGGVSD3PXQQ8KHN,01K0Q648F70ANZ5X27HCXJ04ZZ,6,supermarket,1.0,2,dairy,yoghurt,yoghurt,,True,6
butter,20763,1883.0,01K0Q7J4X3NCGGVSD3PXQQ8KHN,01K0Q648F70ANZ5X27HCXJ04ZZ,7,supermarket,0.0,2,dairy,butter,butter,,True,7
cheese,23214,2451.0,01K0Q7J4X3NCGGVSD3PXQQ8KHN,01K0Q648F70ANZ5X27HCXJ04ZZ,8,supermarket,0.0,2,dairy,cheese,cheese,,True,8
beef,25986,2772.0,01K0Q7J4X3NCGGVSD3PXQQ8KHN,01K0Q648F70ANZ5X27HCXJ04ZZ,9,supermarket,1.0,2,meat,beef,beef,,True,9
chicken,27880,1894.0,01K0Q7J4X3NCGGVSD3PXQQ8KHN,01K0Q648F70ANZ5X27HCXJ04ZZ,10,supermarket,0.0,2,meat,chicken,chicken,,True,10
salmon,30288,2408.0,01K0Q7J4X3NCGGVSD3PXQQ8KHN,01K0Q648F70ANZ5X27HCXJ04ZZ,11,supermarket,1.0,2,fish,salmon,salmon,,True,11
trout,31709,1421.0,01K0Q7J4X3NCGGVSD3PXQQ8KHN,01K0Q648F70ANZ5X27HCXJ04ZZ,12,supermarket,0.0,2,fish,trout,trout,,True,12
kipper,33576,1867.0,01K0Q7J4X3NCGGVSD3PXQQ8KHN,01K0Q648F70ANZ5X27HCXJ04ZZ,13,supermarket,0.0,2,fish,kippers,kipper,,True,13
mackerel,35882,2306.0,01K0Q7J4X3NCGGVSD3PXQQ8KHN,01K0Q648F70ANZ5X27HCXJ04ZZ,14,supermarket,0.0,2,fish,mackerel,mackerel,,True,14
biscuit,39842,3960.0,01K0Q7J4X3NCGGVSD3PXQQ8KHN,01K0Q648F70ANZ5X27HCXJ04ZZ,15,supermarket,1.0,2,baking ,biscuits,biscuit,,True,15
oat,41297,1455.0,01K0Q7J4X3NCGGVSD3PXQQ8KHN,01K0Q648F70ANZ5X27HCXJ04ZZ,16,supermarket,0.0,2,baking ,oats,oat,,True,16
flour,42792,1495.0,01K0Q7J4X3NCGGVSD3PXQQ8KHN,01K0Q648F70ANZ5X27HCXJ04ZZ,17,supermarket,0.0,2,baking ,flour,flour,,True,17
celery,49681,6889.0,01K0Q7J4X3NCGGVSD3PXQQ8KHN,01K0Q648F70ANZ5X27HCXJ04ZZ,18,supermarket,1.0,2,green vegetables,celery,celery,,True,18
cabbage,52164,2483.0,01K0Q7J4X3NCGGVSD3PXQQ8KHN,01K0Q648F70ANZ5X27HCXJ04ZZ,19,supermarket,0.0,2,green vegetables,cabbage,cabbage,,True,19
artichoke,56552,4388.0,01K0Q7J4X3NCGGVSD3PXQQ8KHN,01K0Q648F70ANZ5X27HCXJ04ZZ,20,supermarket,0.0,2,green vegetables,artichokes,artichoke,,True,20
banana,59651,3099.0,01K0Q7J4X3NCGGVSD3PXQQ8KHN,01K0Q648F70ANZ5X27HCXJ04ZZ,21,supermarket,1.0,2,fruit,bananas,banana,,True,21
apple,61404,1753.0,01K0Q7J4X3NCGGVSD3PXQQ8KHN,01K0Q648F70ANZ5X27HCXJ04ZZ,22,supermarket,0.0,2,fruit,apples,apple,,True,22
cucumber,64613,3209.0,01K0Q7J4X3NCGGVSD3PXQQ8KHN,01K0Q648F70ANZ5X27HCXJ04ZZ,23,supermarket,1.0,2,salad ,cucumber,cucumber,,True,23
tomato,68800,4187.0,01K0Q7J4X3NCGGVSD3PXQQ8KHN,01K0Q648F70ANZ5X27HCXJ04ZZ,24,supermarket,0.0,2,salad ,tomatoes,tomato,,True,24
bean,72285,3485.0,01K0Q7J4X3NCGGVSD3PXQQ8KHN,01K0Q648F70ANZ5X27HCXJ04ZZ,25,supermarket,0.0,2,salad ,beans,bean,,True,25
grape,76929,4644.0,01K0Q7J4X3NCGGVSD3PXQQ8KHN,01K0Q648F70ANZ5X27HCXJ04ZZ,26,supermarket,1.0,2,fruit,grapes,grape,,True,26
satsuma,79148,2219.0,01K0Q7J4X3NCGGVSD3PXQQ8KHN,01K0Q648F70ANZ5X27HCXJ04ZZ,27,supermarket,0.0,2,fruit,satsumas,satsuma,,True,27
orange,80781,1633.0,01K0Q7J4X3NCGGVSD3PXQQ8KHN,01K0Q648F70ANZ5X27HCXJ04ZZ,28,supermarket,0.0,2,fruit,oranges,orange,,True,28
melon,82219,1438.0,01K0Q7J4X3NCGGVSD3PXQQ8KHN,01K0Q648F70ANZ5X27HCXJ04ZZ,29,supermarket,0.0,2,fruit,melon,melon,,True,29
lemon,83809,1590.0,01K0Q7J4X3NCGGVSD3PXQQ8KHN,01K0Q648F70ANZ5X27HCXJ04ZZ,30,supermarket,0.0,2,fruit,lemon,lemon,,True,30
lime,86763,2954.0,01K0Q7J4X3NCGGVSD3PXQQ8KHN,01K0Q648F70ANZ5X27HCXJ04ZZ,31,supermarket,0.0,2,fruit,limes,lime,,True,31
fish finger,92950,6187.0,01K0Q7J4X3NCGGVSD3PXQQ8KHN,01K0Q648F70ANZ5X27HCXJ04ZZ,32,supermarket,1.0,2,convenience foods,fish fingers,fishfinger,,True,32
newspaper,95690,2740.0,01K0Q7J4X3NCGGVSD3PXQQ8KHN,01K0Q648F70ANZ5X27HCXJ04ZZ,33,supermarket,1.0,2,news,newspaper,newspaper,,True,33
tissue,97882,2192.0,01K0Q7J4X3NCGGVSD3PXQQ8KHN,01K0Q648F70ANZ5X27HCXJ04ZZ,34,supermarket,1.0,2,health,tissues,tissue,,True,34
bleach,100341,2459.0,01K0Q7J4X3NCGGVSD3PXQQ8KHN,01K0Q648F70ANZ5X27HCXJ04ZZ,35,supermarket,1.0,2,cleaning,bleach,bleach,,True,35
aspirin,109082,8741.0,01K0Q7J4X3NCGGVSD3PXQQ8KHN,01K0Q648F70ANZ5X27HCXJ04ZZ,36,supermarket,1.0,2,medicines,aspirin,aspirin,,True,36
clementine,121848,12766.0,01K0Q7J4X3NCGGVSD3PXQQ8KHN,01K0Q648F70ANZ5X27HCXJ04ZZ,37,supermarket,1.0,2,fruit,clementines,clementine,,True,37
courgette,133105,11257.0,01K0Q7J4X3NCGGVSD3PXQQ8KHN,01K0Q648F70ANZ5X27HCXJ04ZZ,38,supermarket,1.0,2,vegetables,courgette,courgette,,True,38
chili,135609,2504.0,01K0Q7J4X3NCGGVSD3PXQQ8KHN,01K0Q648F70ANZ5X27HCXJ04ZZ,39,supermarket,1.0,2,herbs and spices,chili,chili,,True,39
garlic,137715,2106.0,01K0Q7J4X3NCGGVSD3PXQQ8KHN,01K0Q648F70ANZ5X27HCXJ04ZZ,40,supermarket,0.0,2,herbs and spices,garlic,garlic,,True,40
coriander,140731,3016.0,01K0Q7J4X3NCGGVSD3PXQQ8KHN,01K0Q648F70ANZ5X27HCXJ04ZZ,41,supermarket,0.0,2,herbs and spices,coriander,coriander,,True,41
cumin,142587,1856.0,01K0Q7J4X3NCGGVSD3PXQQ8KHN,01K0Q648F70ANZ5X27HCXJ04ZZ,42,supermarket,0.0,2,herbs and spices,cumin,cumin,,True,42
salt,143724,1137.0,01K0Q7J4X3NCGGVSD3PXQQ8KHN,01K0Q648F70ANZ5X27HCXJ04ZZ,43,supermarket,0.0,2,herbs and spices,salt,salt,,True,43
pepper,145333,1609.0,01K0Q7J4X3NCGGVSD3PXQQ8KHN,01K0Q648F70ANZ5X27HCXJ04ZZ,44,supermarket,0.0,2,herbs and spices,pepper,pepper,,True,44
Bovril,151456,6123.0,01K0Q7J4X3NCGGVSD3PXQQ8KHN,01K0Q648F70ANZ5X27HCXJ04ZZ,45,supermarket,1.0,2,toast toppings,bovril,bovril,,True,45
marmite,154352,2896.0,01K0Q7J4X3NCGGVSD3PXQQ8KHN,01K0Q648F70ANZ5X27HCXJ04ZZ,46,supermarket,0.0,2,toast toppings,marmite,marmite,,True,46
peanut butter,156996,2644.0,01K0Q7J4X3NCGGVSD3PXQQ8KHN,01K0Q648F70ANZ5X27HCXJ04ZZ,47,supermarket,0.0,2,toast toppings,peanut butter,peanutbutter,,True,47
bin bag,160054,3058.0,01K0Q7J4X3NCGGVSD3PXQQ8KHN,01K0Q648F70ANZ5X27HCXJ04ZZ,48,supermarket,1.0,2,cleaning,bin bags,binbag,,True,48
washing-up liquid,168775,8721.0,01K0Q7J4X3NCGGVSD3PXQQ8KHN,01K0Q648F70ANZ5X27HCXJ04ZZ,49,supermarket,0.0,2,cleaning,washin up liquid,washingupliquid,,True,49
sponge,173367,4592.0,01K0Q7J4X3NCGGVSD3PXQQ8KHN,01K0Q648F70ANZ5X27HCXJ04ZZ,50,supermarket,0.0,2,cleaning,sponges,sponge,,True,50
wipe,176537,3170.0,01K0Q7J4X3NCGGVSD3PXQQ8KHN,01K0Q648F70ANZ5X27HCXJ04ZZ,51,supermarket,0.0,2,cleaning,wipes,wipe,,True,51
skirt,6224,6224.0,01K0Q7WPENZRHSHAZHNY6GVHSS,01K0Q648E812KGTFVG9SVJE736,0,clothes,1.0,2,Down clothings,skirt,skirt,,True,0
blouse,8489,2265.0,01K0Q7WPENZRHSHAZHNY6GVHSS,01K0Q648E812KGTFVG9SVJE736,1,clothes,1.0,2,Up clothings,blouse,blouse,,True,1
shirt,11340,2851.0,01K0Q7WPENZRHSHAZHNY6GVHSS,01K0Q648E812KGTFVG9SVJE736,2,clothes,0.0,2,Up clothings,shirt,shirt,,True,2
trouser,14315,2975.0,01K0Q7WPENZRHSHAZHNY6GVHSS,01K0Q648E812KGTFVG9SVJE736,3,clothes,0.0,2,Up clothings,trousers,trouser,,True,3
coat,17508,3193.0,01K0Q7WPENZRHSHAZHNY6GVHSS,01K0Q648E812KGTFVG9SVJE736,4,clothes,1.0,2,Externals,coat,coat,,True,4
jacket,20427,2919.0,01K0Q7WPENZRHSHAZHNY6GVHSS,01K0Q648E812KGTFVG9SVJE736,5,clothes,0.0,2,Externals,jacket,jacket,,True,5
sock,24178,3751.0,01K0Q7WPENZRHSHAZHNY6GVHSS,01K0Q648E812KGTFVG9SVJE736,6,clothes,1.0,2,collectives,sock,sock,,True,6
short,32681,8503.0,01K0Q7WPENZRHSHAZHNY6GVHSS,01K0Q648E812KGTFVG9SVJE736,7,clothes,0.0,2,collectives,shorts,short,,True,7
singlet,36363,3682.0,01K0Q7WPENZRHSHAZHNY6GVHSS,01K0Q648E812KGTFVG9SVJE736,8,clothes,1.0,2,inner wear,singlet,singlet,,True,8
cap,38949,2586.0,01K0Q7WPENZRHSHAZHNY6GVHSS,01K0Q648E812KGTFVG9SVJE736,9,clothes,1.0,2,accessories,cap,cap,,True,9
blazer,43851,4902.0,01K0Q7WPENZRHSHAZHNY6GVHSS,01K0Q648E812KGTFVG9SVJE736,10,clothes,0.0,2,accessories,blazers,blazer,,True,10
pant,54821,10970.0,01K0Q7WPENZRHSHAZHNY6GVHSS,01K0Q648E812KGTFVG9SVJE736,11,clothes,0.0,2,accessories,pants,pant,,True,11
trunk,66923,12102.0,01K0Q7WPENZRHSHAZHNY6GVHSS,01K0Q648E812KGTFVG9SVJE736,12,clothes,0.0,2,accessories,trunks,trunk,,True,12
shoe,96753,29830.0,01K0Q7WPENZRHSHAZHNY6GVHSS,01K0Q648E812KGTFVG9SVJE736,13,clothes,0.0,2,accessories,shoes,shoe,,True,13
kimono,110064,13311.0,01K0Q7WPENZRHSHAZHNY6GVHSS,01K0Q648E812KGTFVG9SVJE736,14,clothes,0.0,2,accessories,kimono,kimono,,True,14
shawl,127465,17401.0,01K0Q7WPENZRHSHAZHNY6GVHSS,01K0Q648E812KGTFVG9SVJE736,15,clothes,0.0,2,accessories,shawl,shawl,,True,15
jean,135647,8182.0,01K0Q7WPENZRHSHAZHNY6GVHSS,01K0Q648E812KGTFVG9SVJE736,16,clothes,0.0,2,accessories,jeans,jean,,True,16
glove,167813,14202.0,01K0Q7WPENZRHSHAZHNY6GVHSS,01K0Q648E812KGTFVG9SVJE736,18,clothes,0.0,2,accessories,gloves,glove,,True,17
cat,3565,3565.0,01K0Q810HXRE8R1ADNCXVP56SM,01K0Q648DK16304RKY4WFHB9DQ,0,animals,1.0,2,mammals,cat,cat,"['Pets', 'Feline']",True,0
dog,5086,1521.0,01K0Q810HXRE8R1ADNCXVP56SM,01K0Q648DK16304RKY4WFHB9DQ,1,animals,0.0,2,mammals,dog,dog,"['Canine', 'Pets']",False,1
lion,6303,1217.0,01K0Q810HXRE8R1ADNCXVP56SM,01K0Q648DK16304RKY4WFHB9DQ,2,animals,0.0,2,mammals,lion,lion,"['African', 'Feline']",True,2
tiger,7380,1077.0,01K0Q810HXRE8R1ADNCXVP56SM,01K0Q648DK16304RKY4WFHB9DQ,3,animals,0.0,2,mammals,tiger,tiger,"['African', 'Feline']",False,3
chicken,10145,2765.0,01K0Q810HXRE8R1ADNCXVP56SM,01K0Q648DK16304RKY4WFHB9DQ,4,animals,1.0,2,birds,chicken,chicken,"['Bird', 'Farm']",True,4
turkey,12204,2059.0,01K0Q810HXRE8R1ADNCXVP56SM,01K0Q648DK16304RKY4WFHB9DQ,5,animals,0.0,2,birds,turkey,turkey,"['Bird', 'Farm']",False,5
cheetah,47754,35550.0,01K0Q810HXRE8R1ADNCXVP56SM,01K0Q648DK16304RKY4WFHB9DQ,6,animals,1.0,2,cats,cheetah,cheetah,"['African', 'Feline']",True,6
leopard,50642,2888.0,01K0Q810HXRE8R1ADNCXVP56SM,01K0Q648DK16304RKY4WFHB9DQ,7,animals,0.0,2,cats,leopard,leopard,"['African', 'Feline']",False,7
frog,52588,1946.0,01K0Q810HXRE8R1ADNCXVP56SM,01K0Q648DK16304RKY4WFHB9DQ,8,animals,1.0,2,reptiles/amphibians,frog,frog,"['ReptileAmphibian', 'Water']",True,8
snake,53785,1197.0,01K0Q810HXRE8R1ADNCXVP56SM,01K0Q648DK16304RKY4WFHB9DQ,9,animals,0.0,2,reptiles/amphibians,snake,snake,"['Farm', 'ReptileAmphibian']",False,9
ant,55174,1389.0,01K0Q810HXRE8R1ADNCXVP56SM,01K0Q648DK16304RKY4WFHB9DQ,10,animals,1.0,2,insects,ant,ant,['Insects'],True,10
eagle,56421,1247.0,01K0Q810HXRE8R1ADNCXVP56SM,01K0Q648DK16304RKY4WFHB9DQ,11,animals,1.0,2,starts with e,eagle,eagle,['Bird'],True,11
elephant,58740,2319.0,01K0Q810HXRE8R1ADNCXVP56SM,01K0Q648DK16304RKY4WFHB9DQ,12,animals,0.0,2,starts with e,elephant,elephant,['African'],True,12
llama,60729,1989.0,01K0Q810HXRE8R1ADNCXVP56SM,01K0Q648DK16304RKY4WFHB9DQ,13,animals,1.0,2,llama-type,llama,llama,"['BeastsOfBurden', 'UsedForFur']",True,13
alpaca,62128,1399.0,01K0Q810HXRE8R1ADNCXVP56SM,01K0Q648DK16304RKY4WFHB9DQ,14,animals,0.0,2,llama-type,alpaca,alpaca,['UsedForFur'],False,14
peacock,67550,5422.0,01K0Q810HXRE8R1ADNCXVP56SM,01K0Q648DK16304RKY4WFHB9DQ,15,animals,1.0,2,random bird,peacock,peacock,['Bird'],True,15
pig,72858,5308.0,01K0Q810HXRE8R1ADNCXVP56SM,01K0Q648DK16304RKY4WFHB9DQ,16,animals,1.0,2,farm animals,pig,pig,['Farm'],True,16
cow,74241,1383.0,01K0Q810HXRE8R1ADNCXVP56SM,01K0Q648DK16304RKY4WFHB9DQ,17,animals,0.0,2,farm animals,cow,cow,"['Bovine', 'Farm']",False,17
sheep,75660,1419.0,01K0Q810HXRE8R1ADNCXVP56SM,01K0Q648DK16304RKY4WFHB9DQ,18,animals,0.0,2,farm animals,sheep,sheep,['Farm'],False,18
duck,77404,1744.0,01K0Q810HXRE8R1ADNCXVP56SM,01K0Q648DK16304RKY4WFHB9DQ,19,animals,0.0,2,farm animals,duck,duck,['Bird'],True,19
goose,78324,920.0,01K0Q810HXRE8R1ADNCXVP56SM,01K0Q648DK16304RKY4WFHB9DQ,20,animals,0.0,2,farm animals,goose,goose,['Water'],True,20
hare,83089,4765.0,01K0Q810HXRE8R1ADNCXVP56SM,01K0Q648DK16304RKY4WFHB9DQ,21,animals,0.0,2,farm animals,hare,hare,['Rabbit'],True,21
rabbit,85158,2069.0,01K0Q810HXRE8R1ADNCXVP56SM,01K0Q648DK16304RKY4WFHB9DQ,22,animals,0.0,2,farm animals,rabbit,rabbit,"['NorthAmerican', 'Pets', 'Rabbit', 'UsedForFur']",False,22
hamster,91037,5879.0,01K0Q810HXRE8R1ADNCXVP56SM,01K0Q648DK16304RKY4WFHB9DQ,23,animals,0.0,2,farm animals,hamster,hamster,"['Pets', 'Rodents']",False,23
boar,96458,5421.0,01K0Q810HXRE8R1ADNCXVP56SM,01K0Q648DK16304RKY4WFHB9DQ,24,animals,0.0,2,farm animals,boar,boar,['NorthAmerican'],True,24
turtle,100947,4489.0,01K0Q810HXRE8R1ADNCXVP56SM,01K0Q648DK16304RKY4WFHB9DQ,25,animals,1.0,2,turtles and such,turtle,turtle,"['ReptileAmphibian', 'Water']",True,25
tortoise,103069,2122.0,01K0Q810HXRE8R1ADNCXVP56SM,01K0Q648DK16304RKY4WFHB9DQ,26,animals,0.0,2,turtles and such,tortise,tortoise,['ReptileAmphibian'],False,26
toad,106512,3443.0,01K0Q810HXRE8R1ADNCXVP56SM,01K0Q648DK16304RKY4WFHB9DQ,27,animals,1.0,2,fish and toad,toad,toad,"['ReptileAmphibian', 'Water']",False,27
shark,111736,5224.0,01K0Q810HXRE8R1ADNCXVP56SM,01K0Q648DK16304RKY4WFHB9DQ,28,animals,0.0,2,fish and toad,shark,shark,"['Fish', 'Water']",False,28
tuna,113913,2177.0,01K0Q810HXRE8R1ADNCXVP56SM,01K0Q648DK16304RKY4WFHB9DQ,29,animals,0.0,2,fish and toad,tuna,tuna,['Fish'],False,29
bass,118094,4181.0,01K0Q810HXRE8R1ADNCXVP56SM,01K0Q648DK16304RKY4WFHB9DQ,30,animals,0.0,2,fish and toad,bass,bass,['Fish'],False,30
walleye,121630,3536.0,01K0Q810HXRE8R1ADNCXVP56SM,01K0Q648DK16304RKY4WFHB9DQ,31,animals,0.0,2,fish and toad,walleye,walleye,"['Fish', 'Water']",False,31
goat,129646,8016.0,01K0Q810HXRE8R1ADNCXVP56SM,01K0Q648DK16304RKY4WFHB9DQ,32,animals,1.0,2,deer-like,goat,goat,['Farm'],True,32
deer,131419,1773.0,01K0Q810HXRE8R1ADNCXVP56SM,01K0Q648DK16304RKY4WFHB9DQ,33,animals,0.0,2,deer-like,deer,deer,"['Deers', 'NorthAmerican']",True,33
moose,132470,1051.0,01K0Q810HXRE8R1ADNCXVP56SM,01K0Q648DK16304RKY4WFHB9DQ,34,animals,0.0,2,deer-like,moose,moose,"['Deers', 'NorthAmerican']",False,34
elk,135180,2710.0,01K0Q810HXRE8R1ADNCXVP56SM,01K0Q648DK16304RKY4WFHB9DQ,35,animals,0.0,2,deer-like,elk,elk,"['Deers', 'NorthAmerican']",False,35
bear,138092,2912.0,01K0Q810HXRE8R1ADNCXVP56SM,01K0Q648DK16304RKY4WFHB9DQ,36,animals,1.0,2,bear-like,bear,bear,['NorthAmerican'],False,36
panda,140177,2085.0,01K0Q810HXRE8R1ADNCXVP56SM,01K0Q648DK16304RKY4WFHB9DQ,37,animals,0.0,2,bear-like,panda,panda,['Asian'],True,37
kangaroo,143091,2914.0,01K0Q810HXRE8R1ADNCXVP56SM,01K0Q648DK16304RKY4WFHB9DQ,38,animals,0.0,2,bear-like,kangaroo,kangaroo,['Australian'],True,38
koala,144837,1746.0,01K0Q810HXRE8R1ADNCXVP56SM,01K0Q648DK16304RKY4WFHB9DQ,39,animals,0.0,2,bear-like,koala,koala,['Australian'],False,39
alligator,149138,4301.0,01K0Q810HXRE8R1ADNCXVP56SM,01K0Q648DK16304RKY4WFHB9DQ,40,animals,1.0,2,alligators and south america,alligator,alligator,"['ReptileAmphibian', 'Water']",True,40
crocodile,151927,2789.0,01K0Q810HXRE8R1ADNCXVP56SM,01K0Q648DK16304RKY4WFHB9DQ,41,animals,0.0,2,alligators and south america,crocodile,crocodile,['ReptileAmphibian'],False,41
capybara,161370,9443.0,01K0Q810HXRE8R1ADNCXVP56SM,01K0Q648DK16304RKY4WFHB9DQ,42,animals,0.0,2,alligators and south america,capybara,capybara,['Rodents'],True,42
jaguar,165040,3670.0,01K0Q810HXRE8R1ADNCXVP56SM,01K0Q648DK16304RKY4WFHB9DQ,43,animals,0.0,2,alligators and south america,jaguar,jaguar,['Feline'],True,43
cougar,168286,3246.0,01K0Q810HXRE8R1ADNCXVP56SM,01K0Q648DK16304RKY4WFHB9DQ,44,animals,1.0,2,north america,cougar,cougar,"['Feline', 'NorthAmerican']",False,44
bison,176311,8025.0,01K0Q810HXRE8R1ADNCXVP56SM,01K0Q648DK16304RKY4WFHB9DQ,45,animals,0.0,2,north america,bison,bison,"['Bovine', 'NorthAmerican']",False,45
coyote,178796,2485.0,01K0Q810HXRE8R1ADNCXVP56SM,01K0Q648DK16304RKY4WFHB9DQ,46,animals,0.0,2,north america,coyote,coyote,['Canine'],True,46
T-shirt,5547,5547.0,01K0Q88CCPAM2K81SENBWE9C4K,01K0Q648E9MJTWCFP4JFPX3TJK,0,clothes,1.0,2,upper body,tshirt,tshirt,,True,0
trouser,7970,2423.0,01K0Q88CCPAM2K81SENBWE9C4K,01K0Q648E9MJTWCFP4JFPX3TJK,1,clothes,1.0,2,lower body,trousers,trouser,,True,1
shirt,8643,673.0,01K0Q88CCPAM2K81SENBWE9C4K,01K0Q648E9MJTWCFP4JFPX3TJK,2,clothes,1.0,2,upper body,hirt,shirt,,True,2
blouse,12850,4207.0,01K0Q88CCPAM2K81SENBWE9C4K,01K0Q648E9MJTWCFP4JFPX3TJK,3,clothes,0.0,2,upper body,blouse,blouse,,True,3
pant,15312,2462.0,01K0Q88CCPAM2K81SENBWE9C4K,01K0Q648E9MJTWCFP4JFPX3TJK,4,clothes,1.0,2,lower body,pants,pant,,True,4
sock,16840,1528.0,01K0Q88CCPAM2K81SENBWE9C4K,01K0Q648E9MJTWCFP4JFPX3TJK,5,clothes,0.0,2,lower body,socks,sock,,True,5
tie,17539,699.0,01K0Q88CCPAM2K81SENBWE9C4K,01K0Q648E9MJTWCFP4JFPX3TJK,6,clothes,1.0,2,accessories,tie,tie,,True,6
blazer,18681,1142.0,01K0Q88CCPAM2K81SENBWE9C4K,01K0Q648E9MJTWCFP4JFPX3TJK,7,clothes,1.0,2,upper body,blazer,blazer,,True,7
cardigan,20596,1915.0,01K0Q88CCPAM2K81SENBWE9C4K,01K0Q648E9MJTWCFP4JFPX3TJK,8,clothes,0.0,2,upper body,cardigan,cardigan,,True,8
sweater,23293,2697.0,01K0Q88CCPAM2K81SENBWE9C4K,01K0Q648E9MJTWCFP4JFPX3TJK,9,clothes,0.0,2,upper body,sweater,sweater,,True,9
jumper,25964,2671.0,01K0Q88CCPAM2K81SENBWE9C4K,01K0Q648E9MJTWCFP4JFPX3TJK,10,clothes,0.0,2,upper body,jumper,jumper,,True,10
dress,28324,2360.0,01K0Q88CCPAM2K81SENBWE9C4K,01K0Q648E9MJTWCFP4JFPX3TJK,11,clothes,1.0,2,whole body,dress,dres,,True,11
skirt,29513,1189.0,01K0Q88CCPAM2K81SENBWE9C4K,01K0Q648E9MJTWCFP4JFPX3TJK,12,clothes,1.0,2,lower body,skirt,skirt,,True,12
short,31101,1588.0,01K0Q88CCPAM2K81SENBWE9C4K,01K0Q648E9MJTWCFP4JFPX3TJK,13,clothes,0.0,2,lower body,shorts,short,,True,13
hat,32763,1662.0,01K0Q88CCPAM2K81SENBWE9C4K,01K0Q648E9MJTWCFP4JFPX3TJK,14,clothes,1.0,2,accessories,hat,hat,,True,14
scarf,34903,2140.0,01K0Q88CCPAM2K81SENBWE9C4K,01K0Q648E9MJTWCFP4JFPX3TJK,15,clothes,0.0,2,accessories,scarf,scarf,,True,15
jacket,41285,2722.0,01K0Q88CCPAM2K81SENBWE9C4K,01K0Q648E9MJTWCFP4JFPX3TJK,17,clothes,1.0,2,upper body,jacket,jacket,,True,16
coat,42893,1608.0,01K0Q88CCPAM2K81SENBWE9C4K,01K0Q648E9MJTWCFP4JFPX3TJK,18,clothes,0.0,2,upper body,coat,coat,,True,17
tight,54091,11198.0,01K0Q88CCPAM2K81SENBWE9C4K,01K0Q648E9MJTWCFP4JFPX3TJK,19,clothes,1.0,2,lower body,tights,tight,,True,18
bra,58907,4816.0,01K0Q88CCPAM2K81SENBWE9C4K,01K0Q648E9MJTWCFP4JFPX3TJK,20,clothes,1.0,2,upper body,bra,bra,,True,19
jean,99602,40695.0,01K0Q88CCPAM2K81SENBWE9C4K,01K0Q648E9MJTWCFP4JFPX3TJK,21,clothes,1.0,2,lower body,jeans,jean,,True,20
legging,107323,7721.0,01K0Q88CCPAM2K81SENBWE9C4K,01K0Q648E9MJTWCFP4JFPX3TJK,22,clothes,0.0,2,lower body,leggings,legging,,True,21
bikini,118496,11173.0,01K0Q88CCPAM2K81SENBWE9C4K,01K0Q648E9MJTWCFP4JFPX3TJK,23,clothes,1.0,2,whole body,bikini,bikini,,True,22
nightdress,123846,5350.0,01K0Q88CCPAM2K81SENBWE9C4K,01K0Q648E9MJTWCFP4JFPX3TJK,24,clothes,0.0,2,whole body,nightdress,nightdres,,True,23
boxer,134046,10200.0,01K0Q88CCPAM2K81SENBWE9C4K,01K0Q648E9MJTWCFP4JFPX3TJK,25,clothes,1.0,2,lower body,boxers,boxer,,True,24
kimono,141211,7165.0,01K0Q88CCPAM2K81SENBWE9C4K,01K0Q648E9MJTWCFP4JFPX3TJK,26,clothes,1.0,2,upper body,kimono,kimono,,True,25
leotard,146420,5209.0,01K0Q88CCPAM2K81SENBWE9C4K,01K0Q648E9MJTWCFP4JFPX3TJK,27,clothes,1.0,2,whole body,leotard,leotard,,True,26
pinafore,155609,9189.0,01K0Q88CCPAM2K81SENBWE9C4K,01K0Q648E9MJTWCFP4JFPX3TJK,28,clothes,0.0,2,whole body,pinafore,pinafore,,True,27
dungaree,161466,5857.0,01K0Q88CCPAM2K81SENBWE9C4K,01K0Q648E9MJTWCFP4JFPX3TJK,29,clothes,0.0,2,whole body,dungarees,dungaree,,True,28
T-shirt,3654,3654.0,01K0Q8BBGTAA6BYQZBWAZBRD2B,01K0Q648E2B8V75GFNGQ8GEJPN,0,clothes,1.0,2,basic clothing item for the upper body,tshirt,tshirt,,True,0
pant,5474,1820.0,01K0Q8BBGTAA6BYQZBWAZBRD2B,01K0Q648E2B8V75GFNGQ8GEJPN,1,clothes,1.0,2,basic clothing item for the lower body,pants,pant,,True,1
shoe,6488,1014.0,01K0Q8BBGTAA6BYQZBWAZBRD2B,01K0Q648E2B8V75GFNGQ8GEJPN,2,clothes,1.0,2,footwear basics,shoes,shoe,,True,2
sock,7788,1300.0,01K0Q8BBGTAA6BYQZBWAZBRD2B,01K0Q648E2B8V75GFNGQ8GEJPN,3,clothes,0.0,2,footwear basics,sock,sock,,True,3
underwear,9765,1977.0,01K0Q8BBGTAA6BYQZBWAZBRD2B,01K0Q648E2B8V75GFNGQ8GEJPN,4,clothes,1.0,2,underwear ,underwear,underwear,,True,4
jacket,11139,1374.0,01K0Q8BBGTAA6BYQZBWAZBRD2B,01K0Q648E2B8V75GFNGQ8GEJPN,5,clothes,1.0,2,outerwear,jacket,jacket,,True,5
sandal,13844,2705.0,01K0Q8BBGTAA6BYQZBWAZBRD2B,01K0Q648E2B8V75GFNGQ8GEJPN,6,clothes,1.0,2,specialized footwear - summer ,sandal,sandal,,True,6
hat,15472,1628.0,01K0Q8BBGTAA6BYQZBWAZBRD2B,01K0Q648E2B8V75GFNGQ8GEJPN,7,clothes,1.0,2,outwear - winter accessories,hat,hat,,True,7
scarf,17110,1638.0,01K0Q8BBGTAA6BYQZBWAZBRD2B,01K0Q648E2B8V75GFNGQ8GEJPN,8,clothes,0.0,2,outwear - winter accessories,scarf,scarf,,True,8
glove,17993,883.0,01K0Q8BBGTAA6BYQZBWAZBRD2B,01K0Q648E2B8V75GFNGQ8GEJPN,9,clothes,0.0,2,outwear - winter accessories,gloves,glove,,True,9
bra,19580,1587.0,01K0Q8BBGTAA6BYQZBWAZBRD2B,01K0Q648E2B8V75GFNGQ8GEJPN,10,clothes,1.0,2,female underwear ,bra,bra,,True,10
blouse,22090,2510.0,01K0Q8BBGTAA6BYQZBWAZBRD2B,01K0Q648E2B8V75GFNGQ8GEJPN,11,clothes,1.0,2,women's tops,blouse,blouse,,True,11
tuxedo,23560,1470.0,01K0Q8BBGTAA6BYQZBWAZBRD2B,01K0Q648E2B8V75GFNGQ8GEJPN,12,clothes,1.0,2,fancy dress,tuxedo,tuxedo,,True,12
dress,24864,1304.0,01K0Q8BBGTAA6BYQZBWAZBRD2B,01K0Q648E2B8V75GFNGQ8GEJPN,13,clothes,0.0,2,fancy dress,dress,dres,,True,13
ballgown,28166,3302.0,01K0Q8BBGTAA6BYQZBWAZBRD2B,01K0Q648E2B8V75GFNGQ8GEJPN,14,clothes,0.0,2,fancy dress,ballgown,ballgown,,True,14
jumper,33637,5471.0,01K0Q8BBGTAA6BYQZBWAZBRD2B,01K0Q648E2B8V75GFNGQ8GEJPN,15,clothes,1.0,2,cozy loungewear,jumper,jumper,,True,15
hoodie,35296,1659.0,01K0Q8BBGTAA6BYQZBWAZBRD2B,01K0Q648E2B8V75GFNGQ8GEJPN,16,clothes,0.0,2,cozy loungewear,hoodie,hoodie,,True,16
sweater,39171,3875.0,01K0Q8BBGTAA6BYQZBWAZBRD2B,01K0Q648E2B8V75GFNGQ8GEJPN,17,clothes,0.0,2,cozy loungewear,sweater,sweater,,True,17
sweatpant,41455,2284.0,01K0Q8BBGTAA6BYQZBWAZBRD2B,01K0Q648E2B8V75GFNGQ8GEJPN,18,clothes,1.0,2,bottoms ,sweatpants,sweatpant,,True,18
legging,42805,1350.0,01K0Q8BBGTAA6BYQZBWAZBRD2B,01K0Q648E2B8V75GFNGQ8GEJPN,19,clothes,0.0,2,bottoms ,leggings,legging,,True,19
short,44823,2018.0,01K0Q8BBGTAA6BYQZBWAZBRD2B,01K0Q648E2B8V75GFNGQ8GEJPN,20,clothes,0.0,2,bottoms ,shorts,short,,True,20
skirt,46690,1867.0,01K0Q8BBGTAA6BYQZBWAZBRD2B,01K0Q648E2B8V75GFNGQ8GEJPN,21,clothes,0.0,2,bottoms ,skirt,skirt,,True,21
jean,50041,3351.0,01K0Q8BBGTAA6BYQZBWAZBRD2B,01K0Q648E2B8V75GFNGQ8GEJPN,22,clothes,0.0,2,bottoms ,jeans,jean,,True,22
chino,52399,2358.0,01K0Q8BBGTAA6BYQZBWAZBRD2B,01K0Q648E2B8V75GFNGQ8GEJPN,23,clothes,0.0,2,bottoms ,chinos,chino,,True,23
khaki,55784,3385.0,01K0Q8BBGTAA6BYQZBWAZBRD2B,01K0Q648E2B8V75GFNGQ8GEJPN,24,clothes,0.0,2,bottoms ,khakis,khaki,,True,24
mule,63189,7405.0,01K0Q8BBGTAA6BYQZBWAZBRD2B,01K0Q648E2B8V75GFNGQ8GEJPN,25,clothes,1.0,2,specialized footwear - close toed ,mules,mule,,True,25
loafer,65448,2259.0,01K0Q8BBGTAA6BYQZBWAZBRD2B,01K0Q648E2B8V75GFNGQ8GEJPN,26,clothes,0.0,2,specialized footwear - close toed ,loafers,loafer,,True,26
swimsuit,69803,4355.0,01K0Q8BBGTAA6BYQZBWAZBRD2B,01K0Q648E2B8V75GFNGQ8GEJPN,27,clothes,1.0,2,swimsuits and coverups,swimsuit,swimsuit,,True,27
coverup,71742,1939.0,01K0Q8BBGTAA6BYQZBWAZBRD2B,01K0Q648E2B8V75GFNGQ8GEJPN,28,clothes,0.0,2,swimsuits and coverups,coverup,coverup,,True,28
bikini,76468,4726.0,01K0Q8BBGTAA6BYQZBWAZBRD2B,01K0Q648E2B8V75GFNGQ8GEJPN,29,clothes,0.0,2,swimsuits and coverups,bikini,bikini,,True,29
lingerie,79487,3019.0,01K0Q8BBGTAA6BYQZBWAZBRD2B,01K0Q648E2B8V75GFNGQ8GEJPN,30,clothes,1.0,2,specialized underwear,lingerie,lingerie,,True,30
coat,85157,5670.0,01K0Q8BBGTAA6BYQZBWAZBRD2B,01K0Q648E2B8V75GFNGQ8GEJPN,31,clothes,1.0,2,outwear basic - winter,coat,coat,,True,31
mitten,91907,6750.0,01K0Q8BBGTAA6BYQZBWAZBRD2B,01K0Q648E2B8V75GFNGQ8GEJPN,32,clothes,1.0,2,outwear specialized accessories - winter,mittens,mitten,,True,32
slipper,96933,5026.0,01K0Q8BBGTAA6BYQZBWAZBRD2B,01K0Q648E2B8V75GFNGQ8GEJPN,33,clothes,1.0,2,indoor footwear,slippers,slipper,,True,33
overall,112554,15621.0,01K0Q8BBGTAA6BYQZBWAZBRD2B,01K0Q648E2B8V75GFNGQ8GEJPN,34,clothes,1.0,2,underwear types ,overalls,overall,,True,34
boxer,126620,14066.0,01K0Q8BBGTAA6BYQZBWAZBRD2B,01K0Q648E2B8V75GFNGQ8GEJPN,35,clothes,0.0,2,underwear types ,boxers,boxer,,True,35
brief,128322,1702.0,01K0Q8BBGTAA6BYQZBWAZBRD2B,01K0Q648E2B8V75GFNGQ8GEJPN,36,clothes,0.0,2,underwear types ,briefs,brief,,True,36
thong,129749,1427.0,01K0Q8BBGTAA6BYQZBWAZBRD2B,01K0Q648E2B8V75GFNGQ8GEJPN,37,clothes,0.0,2,underwear types ,thongs,thong,,True,37
panty,131544,1795.0,01K0Q8BBGTAA6BYQZBWAZBRD2B,01K0Q648E2B8V75GFNGQ8GEJPN,38,clothes,0.0,2,underwear types ,panties,panty,,True,38
G-string,133551,2007.0,01K0Q8BBGTAA6BYQZBWAZBRD2B,01K0Q648E2B8V75GFNGQ8GEJPN,39,clothes,0.0,2,underwear types ,g-strings,gstring,,True,39
trainer,139193,5642.0,01K0Q8BBGTAA6BYQZBWAZBRD2B,01K0Q648E2B8V75GFNGQ8GEJPN,40,clothes,1.0,2,workout footwear,trainers,trainer,,True,40
tank top,150041,10848.0,01K0Q8BBGTAA6BYQZBWAZBRD2B,01K0Q648E2B8V75GFNGQ8GEJPN,41,clothes,1.0,2,summer top basics,tank top,tanktop,,True,41
camisole,151833,1792.0,01K0Q8BBGTAA6BYQZBWAZBRD2B,01K0Q648E2B8V75GFNGQ8GEJPN,42,clothes,0.0,2,summer top basics,camisole,camisole,,True,42
skort,161831,9998.0,01K0Q8BBGTAA6BYQZBWAZBRD2B,01K0Q648E2B8V75GFNGQ8GEJPN,43,clothes,1.0,2,specialized bottoms - active wear women ,skort,skort,,True,43
wrap,176409,14578.0,01K0Q8BBGTAA6BYQZBWAZBRD2B,01K0Q648E2B8V75GFNGQ8GEJPN,44,clothes,1.0,2,summer coverups ,wrap,wrap,,True,44
sarong,178824,2415.0,01K0Q8BBGTAA6BYQZBWAZBRD2B,01K0Q648E2B8V75GFNGQ8GEJPN,45,clothes,0.0,2,summer coverups ,sarong,sarong,,True,45
shirt,5222,5222.0,01K0Q8E7Z9ZSAMEYZM721AB2JB,01K0Q6QQDSYZ5S83BY1PD150R0,0,clothes,1.0,2,tops,shirt,shirt,,True,0
pant,7350,2128.0,01K0Q8E7Z9ZSAMEYZM721AB2JB,01K0Q6QQDSYZ5S83BY1PD150R0,1,clothes,1.0,2,bottoms ,pants,pant,,True,1
skirt,9378,2028.0,01K0Q8E7Z9ZSAMEYZM721AB2JB,01K0Q6QQDSYZ5S83BY1PD150R0,2,clothes,1.0,2,skirts ,skirt,skirt,,True,2
tank top,11976,2598.0,01K0Q8E7Z9ZSAMEYZM721AB2JB,01K0Q6QQDSYZ5S83BY1PD150R0,3,clothes,1.0,2,sleeveless tops,tank top,tanktop,,True,3
sweater,14585,2609.0,01K0Q8E7Z9ZSAMEYZM721AB2JB,01K0Q6QQDSYZ5S83BY1PD150R0,4,clothes,1.0,2,sweaters,sweater,sweater,,True,4
zip-up,19449,4864.0,01K0Q8E7Z9ZSAMEYZM721AB2JB,01K0Q6QQDSYZ5S83BY1PD150R0,5,clothes,0.0,2,sweaters,zip up,zipup,,True,5
hoodie,23484,4035.0,01K0Q8E7Z9ZSAMEYZM721AB2JB,01K0Q6QQDSYZ5S83BY1PD150R0,6,clothes,0.0,2,sweaters,hoodie,hoodie,,True,6
sock,25549,2065.0,01K0Q8E7Z9ZSAMEYZM721AB2JB,01K0Q6QQDSYZ5S83BY1PD150R0,7,clothes,1.0,2,socks,socks,sock,,True,7
dress,32031,6482.0,01K0Q8E7Z9ZSAMEYZM721AB2JB,01K0Q6QQDSYZ5S83BY1PD150R0,8,clothes,1.0,2,dresses,dress,dres,,True,8
ballgown,35369,3338.0,01K0Q8E7Z9ZSAMEYZM721AB2JB,01K0Q6QQDSYZ5S83BY1PD150R0,9,clothes,0.0,2,dresses,ballgown,ballgown,,True,9
mermaid dress,38978,3609.0,01K0Q8E7Z9ZSAMEYZM721AB2JB,01K0Q6QQDSYZ5S83BY1PD150R0,10,clothes,0.0,2,dresses,mermaid dress,mermaiddres,,True,10
milkmaid dress,44321,5343.0,01K0Q8E7Z9ZSAMEYZM721AB2JB,01K0Q6QQDSYZ5S83BY1PD150R0,11,clothes,0.0,2,dresses,milkmaid dress,milkmaiddres,,True,11
crop top,47113,2792.0,01K0Q8E7Z9ZSAMEYZM721AB2JB,01K0Q6QQDSYZ5S83BY1PD150R0,12,clothes,1.0,2,crop tops ,crop top,croptop,,True,12
tube top,52133,5020.0,01K0Q8E7Z9ZSAMEYZM721AB2JB,01K0Q6QQDSYZ5S83BY1PD150R0,13,clothes,0.0,2,crop tops ,tube top,tubetop,,True,13
cargo pant,55732,3599.0,01K0Q8E7Z9ZSAMEYZM721AB2JB,01K0Q6QQDSYZ5S83BY1PD150R0,14,clothes,1.0,2,pants ,cargo pants,cargopant,,True,14
sweatpant,59026,3294.0,01K0Q8E7Z9ZSAMEYZM721AB2JB,01K0Q6QQDSYZ5S83BY1PD150R0,15,clothes,0.0,2,pants ,sweat pants,sweatpant,,True,15
skinny jean,66503,7477.0,01K0Q8E7Z9ZSAMEYZM721AB2JB,01K0Q6QQDSYZ5S83BY1PD150R0,16,clothes,1.0,2,jeans,skinny jeans,skinnyjean,,True,16
flared jeans,70113,3610.0,01K0Q8E7Z9ZSAMEYZM721AB2JB,01K0Q6QQDSYZ5S83BY1PD150R0,17,clothes,0.0,2,jeans,flare jeans,flaredjean,,True,17
carpenter jean,75113,5000.0,01K0Q8E7Z9ZSAMEYZM721AB2JB,01K0Q6QQDSYZ5S83BY1PD150R0,18,clothes,0.0,2,jeans,carpenter jeans,carpenterjean,,True,18
fleece hoodie,82317,7204.0,01K0Q8E7Z9ZSAMEYZM721AB2JB,01K0Q6QQDSYZ5S83BY1PD150R0,19,clothes,1.0,2,heavy sweaters ,fleece hoodie,fleecehoodie,,True,19
jacket,85740,3423.0,01K0Q8E7Z9ZSAMEYZM721AB2JB,01K0Q6QQDSYZ5S83BY1PD150R0,20,clothes,0.0,2,heavy sweaters ,jacket,jacket,,True,20
winter coat,91575,5835.0,01K0Q8E7Z9ZSAMEYZM721AB2JB,01K0Q6QQDSYZ5S83BY1PD150R0,21,clothes,0.0,2,heavy sweaters ,winter coat,wintercoat,,True,21
long sleeve skirt,95599,4024.0,01K0Q8E7Z9ZSAMEYZM721AB2JB,01K0Q6QQDSYZ5S83BY1PD150R0,22,clothes,1.0,2,long sleeve tops,long sleeve skirt,longsleeveskirt,,True,22
undershirt,98383,2784.0,01K0Q8E7Z9ZSAMEYZM721AB2JB,01K0Q6QQDSYZ5S83BY1PD150R0,23,clothes,1.0,2,under garments ,undershirt,undershirt,,True,23
sports bra,101479,3096.0,01K0Q8E7Z9ZSAMEYZM721AB2JB,01K0Q6QQDSYZ5S83BY1PD150R0,24,clothes,1.0,2,sports bras,sports bra,sportbra,,True,24
short,106998,5519.0,01K0Q8E7Z9ZSAMEYZM721AB2JB,01K0Q6QQDSYZ5S83BY1PD150R0,25,clothes,1.0,2,shorts ,shorts,short,,True,25
underwire bra,111756,4758.0,01K0Q8E7Z9ZSAMEYZM721AB2JB,01K0Q6QQDSYZ5S83BY1PD150R0,26,clothes,1.0,2,bras ,underwire bra,underwirebra,,True,26
wireless bra,117093,5337.0,01K0Q8E7Z9ZSAMEYZM721AB2JB,01K0Q6QQDSYZ5S83BY1PD150R0,27,clothes,0.0,2,bras ,wireless bra,wirelesbra,,True,27
underwear,123011,5918.0,01K0Q8E7Z9ZSAMEYZM721AB2JB,01K0Q6QQDSYZ5S83BY1PD150R0,28,clothes,1.0,2,undergarments ,underwear,underwear,,True,28
t-shirt,126165,3154.0,01K0Q8E7Z9ZSAMEYZM721AB2JB,01K0Q6QQDSYZ5S83BY1PD150R0,29,clothes,1.0,2,tops,t-shirt,tshirt,,True,29
long-sleeved T-shirt,136837,10672.0,01K0Q8E7Z9ZSAMEYZM721AB2JB,01K0Q6QQDSYZ5S83BY1PD150R0,30,clothes,0.0,2,tops,long sleeve t shirt,longsleevedtshirt,,True,30
short sleeve crop top,149020,12183.0,01K0Q8E7Z9ZSAMEYZM721AB2JB,01K0Q6QQDSYZ5S83BY1PD150R0,31,clothes,0.0,2,tops,short sleeve crop top,shortsleevecroptop,,True,31
sleeve,158904,9884.0,01K0Q8E7Z9ZSAMEYZM721AB2JB,01K0Q6QQDSYZ5S83BY1PD150R0,32,clothes,1.0,2,sweaters ,sleeves,sleeve,,True,32
bolero,162290,3386.0,01K0Q8E7Z9ZSAMEYZM721AB2JB,01K0Q6QQDSYZ5S83BY1PD150R0,33,clothes,0.0,2,sweaters ,bolero,bolero,,True,33
lace sweater,167496,5206.0,01K0Q8E7Z9ZSAMEYZM721AB2JB,01K0Q6QQDSYZ5S83BY1PD150R0,34,clothes,0.0,2,sweaters ,lace sweater,lacesweater,,True,34
cardigan,170737,3241.0,01K0Q8E7Z9ZSAMEYZM721AB2JB,01K0Q6QQDSYZ5S83BY1PD150R0,35,clothes,0.0,2,sweaters ,cardigan,cardigan,,True,35
blazer,174504,3767.0,01K0Q8E7Z9ZSAMEYZM721AB2JB,01K0Q6QQDSYZ5S83BY1PD150R0,36,clothes,0.0,2,sweaters ,blazer,blazer,,True,36
dress pant,176895,2391.0,01K0Q8E7Z9ZSAMEYZM721AB2JB,01K0Q6QQDSYZ5S83BY1PD150R0,37,clothes,1.0,2,dress pants ,dress pants,drespant,,True,37
ketchup,6115,6115.0,01K0Q8H9RYG20GNF6VZH9NFZX9,01K0Q648FPDCWNBHH89WAFZ0AF,0,supermarket,1.0,2,condiments,ketchup,ketchup,,True,0
mustard,8737,2622.0,01K0Q8H9RYG20GNF6VZH9NFZX9,01K0Q648FPDCWNBHH89WAFZ0AF,1,supermarket,0.0,2,condiments,mustard,mustard,,True,1
grape,10400,1663.0,01K0Q8H9RYG20GNF6VZH9NFZX9,01K0Q648FPDCWNBHH89WAFZ0AF,2,supermarket,1.0,2,fruit,grapes,grape,,True,2
strawberry,13900,3500.0,01K0Q8H9RYG20GNF6VZH9NFZX9,01K0Q648FPDCWNBHH89WAFZ0AF,3,supermarket,0.0,2,fruit,strawberry,strawberry,,True,3
yogurt,16342,2442.0,01K0Q8H9RYG20GNF6VZH9NFZX9,01K0Q648FPDCWNBHH89WAFZ0AF,4,supermarket,1.0,2,dairy,yogurt,yogurt,,True,4
milk,17907,1565.0,01K0Q8H9RYG20GNF6VZH9NFZX9,01K0Q648FPDCWNBHH89WAFZ0AF,5,supermarket,0.0,2,dairy,milk,milk,,True,5
cream cheese,22406,4499.0,01K0Q8H9RYG20GNF6VZH9NFZX9,01K0Q648FPDCWNBHH89WAFZ0AF,6,supermarket,0.0,2,dairy,cream cheese,creamcheese,,True,6
cheese,24018,1612.0,01K0Q8H9RYG20GNF6VZH9NFZX9,01K0Q648FPDCWNBHH89WAFZ0AF,7,supermarket,1.0,2,fruit,cheese,cheese,,True,7
blueberry,27873,3855.0,01K0Q8H9RYG20GNF6VZH9NFZX9,01K0Q648FPDCWNBHH89WAFZ0AF,8,supermarket,0.0,2,fruit,blueberries,blueberry,,True,8
raspberry,34045,6172.0,01K0Q8H9RYG20GNF6VZH9NFZX9,01K0Q648FPDCWNBHH89WAFZ0AF,9,supermarket,1.0,2,coffee,raspberries,raspberry,,True,9
coffee,40935,6890.0,01K0Q8H9RYG20GNF6VZH9NFZX9,01K0Q648FPDCWNBHH89WAFZ0AF,10,supermarket,0.0,2,coffee,coffee,coffee,,True,10
coffee creamer,44795,3860.0,01K0Q8H9RYG20GNF6VZH9NFZX9,01K0Q648FPDCWNBHH89WAFZ0AF,11,supermarket,1.0,2,cheese,coffee creamer,coffeecreamer,,True,11
marble cheese,50466,5671.0,01K0Q8H9RYG20GNF6VZH9NFZX9,01K0Q648FPDCWNBHH89WAFZ0AF,12,supermarket,0.0,2,cheese,marble cheese,marblecheese,,True,12
Gouda cheese,53352,2886.0,01K0Q8H9RYG20GNF6VZH9NFZX9,01K0Q648FPDCWNBHH89WAFZ0AF,13,supermarket,1.0,2,condiments,gouda cheese,goudacheese,,True,13
relish,58402,5050.0,01K0Q8H9RYG20GNF6VZH9NFZX9,01K0Q648FPDCWNBHH89WAFZ0AF,14,supermarket,0.0,2,condiments,relish,relish,,True,14
mayonnaise,61886,3484.0,01K0Q8H9RYG20GNF6VZH9NFZX9,01K0Q648FPDCWNBHH89WAFZ0AF,15,supermarket,0.0,2,condiments,mayonaise,mayonnaise,,True,15
hot sauce,66537,4651.0,01K0Q8H9RYG20GNF6VZH9NFZX9,01K0Q648FPDCWNBHH89WAFZ0AF,16,supermarket,1.0,2,condinments,hot sauce,hotsauce,,True,16
chip,69561,3024.0,01K0Q8H9RYG20GNF6VZH9NFZX9,01K0Q648FPDCWNBHH89WAFZ0AF,17,supermarket,0.0,2,condinments,chips,chip,,True,17
cracker,74447,4886.0,01K0Q8H9RYG20GNF6VZH9NFZX9,01K0Q648FPDCWNBHH89WAFZ0AF,18,supermarket,0.0,2,condinments,crackers,cracker,,True,18
ramen noodle,79327,4880.0,01K0Q8H9RYG20GNF6VZH9NFZX9,01K0Q648FPDCWNBHH89WAFZ0AF,19,supermarket,0.0,2,condinments,ramen noodles,ramannoodle,,True,19
candy,83463,4136.0,01K0Q8H9RYG20GNF6VZH9NFZX9,01K0Q648FPDCWNBHH89WAFZ0AF,20,supermarket,1.0,2,candy,candy,candy,,True,20
humus,90481,7018.0,01K0Q8H9RYG20GNF6VZH9NFZX9,01K0Q648FPDCWNBHH89WAFZ0AF,21,supermarket,1.0,2,meat,humus,humu,,True,21
sausage,95157,4676.0,01K0Q8H9RYG20GNF6VZH9NFZX9,01K0Q648FPDCWNBHH89WAFZ0AF,22,supermarket,0.0,2,meat,sausages,sausage,,True,22
hamburger,97926,2769.0,01K0Q8H9RYG20GNF6VZH9NFZX9,01K0Q648FPDCWNBHH89WAFZ0AF,23,supermarket,0.0,2,meat,hamburgers,hamburger,,True,23
hot dog,102106,4180.0,01K0Q8H9RYG20GNF6VZH9NFZX9,01K0Q648FPDCWNBHH89WAFZ0AF,24,supermarket,0.0,2,meat,hot dogs,hotdog,,True,24
hot dog bun,110872,8766.0,01K0Q8H9RYG20GNF6VZH9NFZX9,01K0Q648FPDCWNBHH89WAFZ0AF,25,supermarket,0.0,2,meat,hot dog buns,hotdogbun,,True,25
hamburger bun,114806,3934.0,01K0Q8H9RYG20GNF6VZH9NFZX9,01K0Q648FPDCWNBHH89WAFZ0AF,26,supermarket,1.0,2,vegtables,hamburger buns,hamburgerbun,,True,26
celery,123295,8489.0,01K0Q8H9RYG20GNF6VZH9NFZX9,01K0Q648FPDCWNBHH89WAFZ0AF,27,supermarket,0.0,2,vegtables,celery,celery,,True,27
carrot,125434,2139.0,01K0Q8H9RYG20GNF6VZH9NFZX9,01K0Q648FPDCWNBHH89WAFZ0AF,28,supermarket,0.0,2,vegtables,carrots,carrot,,True,28
tomato,133907,8473.0,01K0Q8H9RYG20GNF6VZH9NFZX9,01K0Q648FPDCWNBHH89WAFZ0AF,29,supermarket,0.0,2,vegtables,tomatoes,tomato,,True,29
potato,136476,2569.0,01K0Q8H9RYG20GNF6VZH9NFZX9,01K0Q648FPDCWNBHH89WAFZ0AF,30,supermarket,0.0,2,vegtables,potatoes,potato,,True,30
green onion,145144,8668.0,01K0Q8H9RYG20GNF6VZH9NFZX9,01K0Q648FPDCWNBHH89WAFZ0AF,31,supermarket,0.0,2,vegtables,green onions,greenonion,,True,31
onion,146975,1831.0,01K0Q8H9RYG20GNF6VZH9NFZX9,01K0Q648FPDCWNBHH89WAFZ0AF,32,supermarket,0.0,2,vegtables,onions,onion,,True,32
salad,153823,6848.0,01K0Q8H9RYG20GNF6VZH9NFZX9,01K0Q648FPDCWNBHH89WAFZ0AF,33,supermarket,1.0,2,salad,salad,salad,,True,33
sour cream,156826,3003.0,01K0Q8H9RYG20GNF6VZH9NFZX9,01K0Q648FPDCWNBHH89WAFZ0AF,34,supermarket,1.0,2,dairy,sour cream,sourcream,,True,34
pop,167497,10671.0,01K0Q8H9RYG20GNF6VZH9NFZX9,01K0Q648FPDCWNBHH89WAFZ0AF,35,supermarket,0.0,2,dairy,pop,pop,,True,35
energy drink,175289,7792.0,01K0Q8H9RYG20GNF6VZH9NFZX9,01K0Q648FPDCWNBHH89WAFZ0AF,36,supermarket,1.0,2,drinks,energy drinks,energydrink,,True,36
shoe,4621,4621.0,01K0Q8T91D3GYQM0ZTJ1QN9TNF,01K0Q648GHJZQAZSVT1HHAACXM,0,clothes,1.0,2,footwear,shoes,shoe,,True,0
hat,5528,907.0,01K0Q8T91D3GYQM0ZTJ1QN9TNF,01K0Q648GHJZQAZSVT1HHAACXM,1,clothes,1.0,2,headwear,hat,hat,,True,1
sock,8476,2948.0,01K0Q8T91D3GYQM0ZTJ1QN9TNF,01K0Q648GHJZQAZSVT1HHAACXM,2,clothes,1.0,2,footwear,socks,sock,,True,2
underwear,10880,2404.0,01K0Q8T91D3GYQM0ZTJ1QN9TNF,01K0Q648GHJZQAZSVT1HHAACXM,3,clothes,1.0,2,undergarments,underwear,underwear,,True,3
boxer,12687,1807.0,01K0Q8T91D3GYQM0ZTJ1QN9TNF,01K0Q648GHJZQAZSVT1HHAACXM,4,clothes,0.0,2,undergarments,boxers,boxer,,True,4
brief,14599,1912.0,01K0Q8T91D3GYQM0ZTJ1QN9TNF,01K0Q648GHJZQAZSVT1HHAACXM,5,clothes,0.0,2,undergarments,briefs,brief,,True,5
bra,16481,1882.0,01K0Q8T91D3GYQM0ZTJ1QN9TNF,01K0Q648GHJZQAZSVT1HHAACXM,6,clothes,0.0,2,undergarments,bra,bra,,True,6
thong,18053,1572.0,01K0Q8T91D3GYQM0ZTJ1QN9TNF,01K0Q648GHJZQAZSVT1HHAACXM,7,clothes,0.0,2,undergarments,thong,thong,,True,7
lingerie,19961,1908.0,01K0Q8T91D3GYQM0ZTJ1QN9TNF,01K0Q648GHJZQAZSVT1HHAACXM,8,clothes,0.0,2,undergarments,lingerie,lingerie,,True,8
cap,28831,8870.0,01K0Q8T91D3GYQM0ZTJ1QN9TNF,01K0Q648GHJZQAZSVT1HHAACXM,9,clothes,1.0,2,Casual headwear,cap,cap,,True,9
beanie,31075,2244.0,01K0Q8T91D3GYQM0ZTJ1QN9TNF,01K0Q648GHJZQAZSVT1HHAACXM,10,clothes,0.0,2,Casual headwear,beanie,beanie,,True,10
sweater,32585,1510.0,01K0Q8T91D3GYQM0ZTJ1QN9TNF,01K0Q648GHJZQAZSVT1HHAACXM,11,clothes,1.0,2,Long sleeves,sweater,sweater,,True,11
jacket,34027,1442.0,01K0Q8T91D3GYQM0ZTJ1QN9TNF,01K0Q648GHJZQAZSVT1HHAACXM,12,clothes,0.0,2,Long sleeves,jacket,jacket,,True,12
blazer,35392,1365.0,01K0Q8T91D3GYQM0ZTJ1QN9TNF,01K0Q648GHJZQAZSVT1HHAACXM,13,clothes,0.0,2,Long sleeves,blazer,blazer,,True,13
suit,36496,1104.0,01K0Q8T91D3GYQM0ZTJ1QN9TNF,01K0Q648GHJZQAZSVT1HHAACXM,14,clothes,0.0,2,Long sleeves,suit,suit,,True,14
sports coat,38855,2359.0,01K0Q8T91D3GYQM0ZTJ1QN9TNF,01K0Q648GHJZQAZSVT1HHAACXM,15,clothes,0.0,2,Long sleeves,sportcoat,sportcoat,,True,15
pant,40110,1255.0,01K0Q8T91D3GYQM0ZTJ1QN9TNF,01K0Q648GHJZQAZSVT1HHAACXM,16,clothes,1.0,2,Long leg pants,pants,pant,,True,16
chino,41376,1266.0,01K0Q8T91D3GYQM0ZTJ1QN9TNF,01K0Q648GHJZQAZSVT1HHAACXM,17,clothes,0.0,2,Long leg pants,chinos,chino,,True,17
corduroy,44890,3514.0,01K0Q8T91D3GYQM0ZTJ1QN9TNF,01K0Q648GHJZQAZSVT1HHAACXM,18,clothes,0.0,2,Long leg pants,corduroys,corduroy,,True,18
jean,46914,2024.0,01K0Q8T91D3GYQM0ZTJ1QN9TNF,01K0Q648GHJZQAZSVT1HHAACXM,19,clothes,0.0,2,Long leg pants,jeans,jean,,True,19
slack,49871,2957.0,01K0Q8T91D3GYQM0ZTJ1QN9TNF,01K0Q648GHJZQAZSVT1HHAACXM,20,clothes,0.0,2,Long leg pants,slacks,slack,,True,20
suspender,53064,3193.0,01K0Q8T91D3GYQM0ZTJ1QN9TNF,01K0Q648GHJZQAZSVT1HHAACXM,21,clothes,1.0,2,Tightened accessories,suspenders,suspender,,True,21
belt,55149,2085.0,01K0Q8T91D3GYQM0ZTJ1QN9TNF,01K0Q648GHJZQAZSVT1HHAACXM,22,clothes,0.0,2,Tightened accessories,belt,belt,,True,22
tie,56670,1521.0,01K0Q8T91D3GYQM0ZTJ1QN9TNF,01K0Q648GHJZQAZSVT1HHAACXM,23,clothes,0.0,2,Tightened accessories,tie,tie,,True,23
pajama,65153,8483.0,01K0Q8T91D3GYQM0ZTJ1QN9TNF,01K0Q648GHJZQAZSVT1HHAACXM,24,clothes,1.0,2,Bedwear,pajamas,pajama,,True,24
garter,70660,5507.0,01K0Q8T91D3GYQM0ZTJ1QN9TNF,01K0Q648GHJZQAZSVT1HHAACXM,25,clothes,1.0,2,Glamour accessories,garter,garter,,True,25
ring,79296,8636.0,01K0Q8T91D3GYQM0ZTJ1QN9TNF,01K0Q648GHJZQAZSVT1HHAACXM,26,clothes,0.0,2,Glamour accessories,ring,ring,,True,26
earring,81516,2220.0,01K0Q8T91D3GYQM0ZTJ1QN9TNF,01K0Q648GHJZQAZSVT1HHAACXM,27,clothes,0.0,2,Glamour accessories,earring,earring,,True,27
necklace,84141,2625.0,01K0Q8T91D3GYQM0ZTJ1QN9TNF,01K0Q648GHJZQAZSVT1HHAACXM,28,clothes,0.0,2,Glamour accessories,necklace,necklace,,True,28
turtleneck,88753,4612.0,01K0Q8T91D3GYQM0ZTJ1QN9TNF,01K0Q648GHJZQAZSVT1HHAACXM,29,clothes,1.0,2,Distinct forms,turtleneck,turtleneck,,True,29
vest,94046,5293.0,01K0Q8T91D3GYQM0ZTJ1QN9TNF,01K0Q648GHJZQAZSVT1HHAACXM,30,clothes,0.0,2,Distinct forms,vest,vest,,True,30
warmer,100430,6384.0,01K0Q8T91D3GYQM0ZTJ1QN9TNF,01K0Q648GHJZQAZSVT1HHAACXM,31,clothes,1.0,2,Warming items,warmers,warmer,,True,31
glove,103205,2775.0,01K0Q8T91D3GYQM0ZTJ1QN9TNF,01K0Q648GHJZQAZSVT1HHAACXM,32,clothes,0.0,2,Warming items,gloves,glove,,True,32
lace,117831,14626.0,01K0Q8T91D3GYQM0ZTJ1QN9TNF,01K0Q648GHJZQAZSVT1HHAACXM,33,clothes,1.0,2,Materials,lace,lace,,True,33
silk,120995,3164.0,01K0Q8T91D3GYQM0ZTJ1QN9TNF,01K0Q648GHJZQAZSVT1HHAACXM,34,clothes,0.0,2,Materials,silk,silk,,True,34
cotton,123388,2393.0,01K0Q8T91D3GYQM0ZTJ1QN9TNF,01K0Q648GHJZQAZSVT1HHAACXM,35,clothes,0.0,2,Materials,cotton,cotton,,True,35
nylon,128758,5370.0,01K0Q8T91D3GYQM0ZTJ1QN9TNF,01K0Q648GHJZQAZSVT1HHAACXM,36,clothes,0.0,2,Materials,nylon,nylon,,True,36
stocking,135620,6862.0,01K0Q8T91D3GYQM0ZTJ1QN9TNF,01K0Q648GHJZQAZSVT1HHAACXM,37,clothes,1.0,2,Female legwear,stockings,stocking,,True,37
pantyhose,139206,3586.0,01K0Q8T91D3GYQM0ZTJ1QN9TNF,01K0Q648GHJZQAZSVT1HHAACXM,38,clothes,0.0,2,Female legwear,pantyhose,pantyhose,,True,38
anklet,141996,2790.0,01K0Q8T91D3GYQM0ZTJ1QN9TNF,01K0Q648GHJZQAZSVT1HHAACXM,39,clothes,1.0,2,Ornamental accessories,anklet,anklet,,True,39
belly button ring,148605,6609.0,01K0Q8T91D3GYQM0ZTJ1QN9TNF,01K0Q648GHJZQAZSVT1HHAACXM,40,clothes,0.0,2,Ornamental accessories,navel ring,bellybuttonring,,True,40
charm,158782,10177.0,01K0Q8T91D3GYQM0ZTJ1QN9TNF,01K0Q648GHJZQAZSVT1HHAACXM,41,clothes,0.0,2,Ornamental accessories,charm,charm,,True,41
swimsuit,167173,8391.0,01K0Q8T91D3GYQM0ZTJ1QN9TNF,01K0Q648GHJZQAZSVT1HHAACXM,42,clothes,1.0,2,Swimwear,swimsuit,swimsuit,,True,42
trunk,169604,2431.0,01K0Q8T91D3GYQM0ZTJ1QN9TNF,01K0Q648GHJZQAZSVT1HHAACXM,43,clothes,0.0,2,Swimwear,trunks,trunk,,True,43
sandal,173159,3555.0,01K0Q8T91D3GYQM0ZTJ1QN9TNF,01K0Q648GHJZQAZSVT1HHAACXM,44,clothes,1.0,2,Casual footwear,sandals,sandal,,True,44
sneaker,175841,2682.0,01K0Q8T91D3GYQM0ZTJ1QN9TNF,01K0Q648GHJZQAZSVT1HHAACXM,45,clothes,0.0,2,Casual footwear,sneakers,sneaker,,True,45
lion,9123,9123.0,01K0Q8V2B95J1A4BX9SST81TMZ,01K0Q648DQP2Y461RM3KY9BD55,0,animals,1.0,2,carnivores,lion,lion,"['African', 'Feline']",True,0
giraffe,16166,7043.0,01K0Q8V2B95J1A4BX9SST81TMZ,01K0Q648DQP2Y461RM3KY9BD55,1,animals,1.0,2,herbivores,giraffe,giraffe,['African'],False,1
tiger,20359,4193.0,01K0Q8V2B95J1A4BX9SST81TMZ,01K0Q648DQP2Y461RM3KY9BD55,2,animals,1.0,2,carnivores,tiger,tiger,"['African', 'Feline']",False,2
antelope,25587,5228.0,01K0Q8V2B95J1A4BX9SST81TMZ,01K0Q648DQP2Y461RM3KY9BD55,3,animals,1.0,2,herbivores,antelope,antelope,['African'],False,3
snake,29796,4209.0,01K0Q8V2B95J1A4BX9SST81TMZ,01K0Q648DQP2Y461RM3KY9BD55,4,animals,1.0,2,reptile,snake,snake,"['Farm', 'ReptileAmphibian']",True,4
kangaroo,35206,5410.0,01K0Q8V2B95J1A4BX9SST81TMZ,01K0Q648DQP2Y461RM3KY9BD55,5,animals,1.0,2,human-like animal,kangaroo,kangaroo,['Australian'],True,5
hyena,41047,5841.0,01K0Q8V2B95J1A4BX9SST81TMZ,01K0Q648DQP2Y461RM3KY9BD55,6,animals,1.0,2,aggressive canivore,hyena,hyena,"['African', 'Canine']",True,6
alligator,48464,7417.0,01K0Q8V2B95J1A4BX9SST81TMZ,01K0Q648DQP2Y461RM3KY9BD55,7,animals,1.0,2,water carnivore,alligator,alligator,"['ReptileAmphibian', 'Water']",True,7
gorilla,57039,8575.0,01K0Q8V2B95J1A4BX9SST81TMZ,01K0Q648DQP2Y461RM3KY9BD55,8,animals,1.0,2,ape,gorilla,gorilla,"['African', 'Primates']",True,8
bear,62358,5319.0,01K0Q8V2B95J1A4BX9SST81TMZ,01K0Q648DQP2Y461RM3KY9BD55,9,animals,1.0,2,aggressive canine,bear,bear,['NorthAmerican'],True,9
dog,78522,16164.0,01K0Q8V2B95J1A4BX9SST81TMZ,01K0Q648DQP2Y461RM3KY9BD55,10,animals,1.0,2,canine,dog,dog,"['Canine', 'Pets']",True,10
koala,85047,6525.0,01K0Q8V2B95J1A4BX9SST81TMZ,01K0Q648DQP2Y461RM3KY9BD55,11,animals,1.0,2,sluggish wild,koala,koala,['Australian'],True,11
zebra,90299,5252.0,01K0Q8V2B95J1A4BX9SST81TMZ,01K0Q648DQP2Y461RM3KY9BD55,12,animals,1.0,2,wild herbivore,zebra,zebra,['African'],True,12
cheetah,96958,6659.0,01K0Q8V2B95J1A4BX9SST81TMZ,01K0Q648DQP2Y461RM3KY9BD55,13,animals,1.0,2,fast carnivore,cheetah,cheetah,"['African', 'Feline']",False,13
leopard,99770,2812.0,01K0Q8V2B95J1A4BX9SST81TMZ,01K0Q648DQP2Y461RM3KY9BD55,14,animals,1.0,2,speed,leopard,leopard,"['African', 'Feline']",False,14
crocodile,104531,4761.0,01K0Q8V2B95J1A4BX9SST81TMZ,01K0Q648DQP2Y461RM3KY9BD55,15,animals,1.0,2,water carnivore,crocodile,crocodile,['ReptileAmphibian'],True,15
pig,111244,6713.0,01K0Q8V2B95J1A4BX9SST81TMZ,01K0Q648DQP2Y461RM3KY9BD55,16,animals,1.0,2,domestic herbivore,pig,pig,['Farm'],True,16
bull,119860,8616.0,01K0Q8V2B95J1A4BX9SST81TMZ,01K0Q648DQP2Y461RM3KY9BD55,17,animals,1.0,2,domestic herbivore,bull,bull,"['BeastsOfBurden', 'Bovine', 'Farm']",False,17
ox,123973,4113.0,01K0Q8V2B95J1A4BX9SST81TMZ,01K0Q648DQP2Y461RM3KY9BD55,18,animals,1.0,2,farm animal,oxen,ox,['BeastsOfBurden'],False,18
horse,127274,3301.0,01K0Q8V2B95J1A4BX9SST81TMZ,01K0Q648DQP2Y461RM3KY9BD55,19,animals,1.0,2,friendly animal,horse,horse,"['BeastsOfBurden', 'Farm']",False,19
cobra,137237,9963.0,01K0Q8V2B95J1A4BX9SST81TMZ,01K0Q648DQP2Y461RM3KY9BD55,20,animals,1.0,2,venomous,cobra,cobra,"['African', 'ReptileAmphibian']",True,20
goat,148422,11185.0,01K0Q8V2B95J1A4BX9SST81TMZ,01K0Q648DQP2Y461RM3KY9BD55,21,animals,1.0,2,pet herbivore,goat,goat,['Farm'],True,21
gazelle,157528,9106.0,01K0Q8V2B95J1A4BX9SST81TMZ,01K0Q648DQP2Y461RM3KY9BD55,22,animals,1.0,2,wild herbivore,gazelle,gazelle,"['African', 'Deers']",True,22
deer,163811,6283.0,01K0Q8V2B95J1A4BX9SST81TMZ,01K0Q648DQP2Y461RM3KY9BD55,23,animals,1.0,2,wild herbivore,deer,deer,"['Deers', 'NorthAmerican']",False,23
lizard,170744,6933.0,01K0Q8V2B95J1A4BX9SST81TMZ,01K0Q648DQP2Y461RM3KY9BD55,24,animals,1.0,2,domestic crawler,lizard,lizard,['ReptileAmphibian'],True,24
cot,5872,5872.0,01K0Q8VFHSNZQXGBKKM8RP2756,01K0Q648DR8722F2JZ1GVSJ0CS,0,animals,1.0,2,"Commo Animals, Mammal",cot,cat,"['Pets', 'Feline']",True,0
dog,7934,2062.0,01K0Q8VFHSNZQXGBKKM8RP2756,01K0Q648DR8722F2JZ1GVSJ0CS,1,animals,0.0,2,"Commo Animals, Mammal",dog,dog,"['Canine', 'Pets']",False,1
lion,9692,1758.0,01K0Q8VFHSNZQXGBKKM8RP2756,01K0Q648DR8722F2JZ1GVSJ0CS,2,animals,0.0,2,"Commo Animals, Mammal",lion,lion,"['African', 'Feline']",True,2
elephant,16437,6745.0,01K0Q8VFHSNZQXGBKKM8RP2756,01K0Q648DR8722F2JZ1GVSJ0CS,3,animals,0.0,2,"Commo Animals, Mammal",elaphant,elephant,['African'],False,3
mouse,22478,6041.0,01K0Q8VFHSNZQXGBKKM8RP2756,01K0Q648DR8722F2JZ1GVSJ0CS,4,animals,0.0,2,"Commo Animals, Mammal",mouse,mouse,"['Bird', 'Rodents']",True,4
rat,25799,3321.0,01K0Q8VFHSNZQXGBKKM8RP2756,01K0Q648DR8722F2JZ1GVSJ0CS,5,animals,0.0,2,"Commo Animals, Mammal",rat,rat,['Rodents'],False,5
tiger,34888,9089.0,01K0Q8VFHSNZQXGBKKM8RP2756,01K0Q648DR8722F2JZ1GVSJ0CS,6,animals,0.0,2,"Commo Animals, Mammal",tiger,tiger,"['African', 'Feline']",True,6
badger,37233,2345.0,01K0Q8VFHSNZQXGBKKM8RP2756,01K0Q648DR8722F2JZ1GVSJ0CS,7,animals,0.0,2,"Commo Animals, Mammal",badger,badger,"['NorthAmerican', 'Weasels']",True,7
wolverine,42987,5754.0,01K0Q8VFHSNZQXGBKKM8RP2756,01K0Q648DR8722F2JZ1GVSJ0CS,8,animals,0.0,2,"Commo Animals, Mammal",wolverine,wolverine,['Weasels'],False,8
fox,45591,2604.0,01K0Q8VFHSNZQXGBKKM8RP2756,01K0Q648DR8722F2JZ1GVSJ0CS,9,animals,0.0,2,"Commo Animals, Mammal",fox,fox,"['Canine', 'NorthAmerican', 'UsedForFur']",True,9
wolf,48570,2979.0,01K0Q8VFHSNZQXGBKKM8RP2756,01K0Q648DR8722F2JZ1GVSJ0CS,10,animals,0.0,2,"Commo Animals, Mammal",wolf,wolf,"['Canine', 'NorthAmerican']",False,10
panda,51401,2831.0,01K0Q8VFHSNZQXGBKKM8RP2756,01K0Q648DR8722F2JZ1GVSJ0CS,11,animals,0.0,2,"Commo Animals, Mammal",panda,panda,['Asian'],True,11
bear,53120,1719.0,01K0Q8VFHSNZQXGBKKM8RP2756,01K0Q648DR8722F2JZ1GVSJ0CS,12,animals,0.0,2,"Commo Animals, Mammal",bear,bear,['NorthAmerican'],True,12
zebra,56798,3678.0,01K0Q8VFHSNZQXGBKKM8RP2756,01K0Q648DR8722F2JZ1GVSJ0CS,13,animals,0.0,2,"Commo Animals, Mammal",zebra,zebra,['African'],True,13
horse,61643,4845.0,01K0Q8VFHSNZQXGBKKM8RP2756,01K0Q648DR8722F2JZ1GVSJ0CS,14,animals,0.0,2,"Commo Animals, Mammal",horse,horse,"['BeastsOfBurden', 'Farm']",True,14
goat,65522,3879.0,01K0Q8VFHSNZQXGBKKM8RP2756,01K0Q648DR8722F2JZ1GVSJ0CS,15,animals,0.0,2,"Commo Animals, Mammal",goat,goat,['Farm'],False,15
pig,66542,1020.0,01K0Q8VFHSNZQXGBKKM8RP2756,01K0Q648DR8722F2JZ1GVSJ0CS,16,animals,0.0,2,"Commo Animals, Mammal",pig,pig,['Farm'],False,16
bat,96441,29899.0,01K0Q8VFHSNZQXGBKKM8RP2756,01K0Q648DR8722F2JZ1GVSJ0CS,17,animals,0.0,2,"Commo Animals, Mammal",bat,bat,['Insectivores'],True,17
bird,97823,1382.0,01K0Q8VFHSNZQXGBKKM8RP2756,01K0Q648DR8722F2JZ1GVSJ0CS,18,animals,1.0,2,Bird,bird,bird,['Bird'],True,18
raven,100623,2800.0,01K0Q8VFHSNZQXGBKKM8RP2756,01K0Q648DR8722F2JZ1GVSJ0CS,19,animals,1.0,2,Type of B,raven,raven,['Bird'],False,19
crow,102844,2221.0,01K0Q8VFHSNZQXGBKKM8RP2756,01K0Q648DR8722F2JZ1GVSJ0CS,20,animals,1.0,2,Mmy backyard,crow,crow,['Bird'],False,20
donkey,106993,4149.0,01K0Q8VFHSNZQXGBKKM8RP2756,01K0Q648DR8722F2JZ1GVSJ0CS,21,animals,0.0,2,Mmy backyard,donkey,donkey,"['BeastsOfBurden', 'Farm']",True,21
rabbit,112248,5255.0,01K0Q8VFHSNZQXGBKKM8RP2756,01K0Q648DR8722F2JZ1GVSJ0CS,22,animals,0.0,2,Mmy backyard,rabbit,rabbit,"['NorthAmerican', 'Pets', 'Rabbit', 'UsedForFur']",True,22
chicken,115601,3353.0,01K0Q8VFHSNZQXGBKKM8RP2756,01K0Q648DR8722F2JZ1GVSJ0CS,23,animals,0.0,2,Mmy backyard,chicken,chicken,"['Bird', 'Farm']",True,23
turkey,119709,4108.0,01K0Q8VFHSNZQXGBKKM8RP2756,01K0Q648DR8722F2JZ1GVSJ0CS,24,animals,0.0,2,Mmy backyard,turkey,turkey,"['Bird', 'Farm']",False,24
salmon,126332,6623.0,01K0Q8VFHSNZQXGBKKM8RP2756,01K0Q648DR8722F2JZ1GVSJ0CS,25,animals,0.0,2,Mmy backyard,salmon,salmon,['Fish'],True,25
mussel,138523,12191.0,01K0Q8VFHSNZQXGBKKM8RP2756,01K0Q648DR8722F2JZ1GVSJ0CS,26,animals,0.0,2,Mmy backyard,mussle,mussel,['Water'],True,26
koi,151814,13291.0,01K0Q8VFHSNZQXGBKKM8RP2756,01K0Q648DR8722F2JZ1GVSJ0CS,27,animals,0.0,2,Mmy backyard,koi,koi,['Fish'],True,27
goldfish,156397,4583.0,01K0Q8VFHSNZQXGBKKM8RP2756,01K0Q648DR8722F2JZ1GVSJ0CS,28,animals,0.0,2,Mmy backyard,goldfish,goldfish,"['Fish', 'Pets', 'Water']",False,28
possum,162436,6039.0,01K0Q8VFHSNZQXGBKKM8RP2756,01K0Q648DR8722F2JZ1GVSJ0CS,29,animals,0.0,2,Mmy backyard,possom,possum,['Australian'],True,29
raccoon,168800,6364.0,01K0Q8VFHSNZQXGBKKM8RP2756,01K0Q648DR8722F2JZ1GVSJ0CS,30,animals,0.0,2,Mmy backyard,racoon,raccoon,['NorthAmerican'],True,30
shirt,3596,3596.0,01K0Q93G25Z9W9HZ9G3HM3K1RE,01K0Q648GB0RRPGQPQ725DYJ52,0,clothes,1.0,2,tops,shirt,shirt,,True,0
turtleneck,6550,2954.0,01K0Q93G25Z9W9HZ9G3HM3K1RE,01K0Q648GB0RRPGQPQ725DYJ52,1,clothes,0.0,2,tops,turtleneck,turtleneck,,True,1
pant,8920,2370.0,01K0Q93G25Z9W9HZ9G3HM3K1RE,01K0Q648GB0RRPGQPQ725DYJ52,2,clothes,1.0,2,bottoms,pants,pant,,True,2
sweatpant,11480,2560.0,01K0Q93G25Z9W9HZ9G3HM3K1RE,01K0Q648GB0RRPGQPQ725DYJ52,3,clothes,0.0,2,bottoms,sweatpants,sweatpant,,True,3
sweater,14050,2570.0,01K0Q93G25Z9W9HZ9G3HM3K1RE,01K0Q648GB0RRPGQPQ725DYJ52,4,clothes,1.0,2,winter,sweater,sweater,,True,4
belt,15631,1581.0,01K0Q93G25Z9W9HZ9G3HM3K1RE,01K0Q648GB0RRPGQPQ725DYJ52,5,clothes,1.0,2,accessories ,belt,belt,,True,5
tie,21554,5923.0,01K0Q93G25Z9W9HZ9G3HM3K1RE,01K0Q648GB0RRPGQPQ725DYJ52,6,clothes,0.0,2,accessories ,tie,tie,,True,6
jacket,24916,3362.0,01K0Q93G25Z9W9HZ9G3HM3K1RE,01K0Q648GB0RRPGQPQ725DYJ52,7,clothes,1.0,2,chilly,jacket,jacket,,True,7
long-sleeved shirt,27992,3076.0,01K0Q93G25Z9W9HZ9G3HM3K1RE,01K0Q648GB0RRPGQPQ725DYJ52,8,clothes,0.0,2,chilly,long sleeve,longsleevedshirt,,True,8
shoe,30016,2024.0,01K0Q93G25Z9W9HZ9G3HM3K1RE,01K0Q648GB0RRPGQPQ725DYJ52,9,clothes,1.0,2,feet,shoes,shoe,,True,9
boot,31403,1387.0,01K0Q93G25Z9W9HZ9G3HM3K1RE,01K0Q648GB0RRPGQPQ725DYJ52,10,clothes,0.0,2,feet,boots,boot,,True,10
lace,33237,1834.0,01K0Q93G25Z9W9HZ9G3HM3K1RE,01K0Q648GB0RRPGQPQ725DYJ52,11,clothes,1.0,2,shoes,laces,lace,,True,11
jean,39219,5982.0,01K0Q93G25Z9W9HZ9G3HM3K1RE,01K0Q648GB0RRPGQPQ725DYJ52,12,clothes,1.0,2,pants,jeans,jean,,True,12
coat,41993,2774.0,01K0Q93G25Z9W9HZ9G3HM3K1RE,01K0Q648GB0RRPGQPQ725DYJ52,13,clothes,1.0,2,leather,coat,coat,,True,13
hat,43034,1041.0,01K0Q93G25Z9W9HZ9G3HM3K1RE,01K0Q648GB0RRPGQPQ725DYJ52,14,clothes,1.0,2,head,hat,hat,,True,14
sock,55552,12518.0,01K0Q93G25Z9W9HZ9G3HM3K1RE,01K0Q648GB0RRPGQPQ725DYJ52,15,clothes,1.0,2,conditional,socks,sock,,True,15
scarf,59021,3469.0,01K0Q93G25Z9W9HZ9G3HM3K1RE,01K0Q648GB0RRPGQPQ725DYJ52,16,clothes,0.0,2,conditional,scarf,scarf,,True,16
cap,62783,3762.0,01K0Q93G25Z9W9HZ9G3HM3K1RE,01K0Q648GB0RRPGQPQ725DYJ52,17,clothes,0.0,2,conditional,cap,cap,,True,17
flat top,70353,7570.0,01K0Q93G25Z9W9HZ9G3HM3K1RE,01K0Q648GB0RRPGQPQ725DYJ52,18,clothes,1.0,2,women's footwear,flat tops,flattop,,True,18
heel,71603,1250.0,01K0Q93G25Z9W9HZ9G3HM3K1RE,01K0Q648GB0RRPGQPQ725DYJ52,19,clothes,0.0,2,women's footwear,heels,heel,,True,19
short,80023,8420.0,01K0Q93G25Z9W9HZ9G3HM3K1RE,01K0Q648GB0RRPGQPQ725DYJ52,20,clothes,1.0,2,Warm weather,shorts,short,,True,20
skirt,82275,2252.0,01K0Q93G25Z9W9HZ9G3HM3K1RE,01K0Q648GB0RRPGQPQ725DYJ52,21,clothes,0.0,2,Warm weather,skirts,skirt,,True,21
dress,85084,2809.0,01K0Q93G25Z9W9HZ9G3HM3K1RE,01K0Q648GB0RRPGQPQ725DYJ52,22,clothes,0.0,2,Warm weather,dresses,dres,,True,22
shawl,94818,9734.0,01K0Q93G25Z9W9HZ9G3HM3K1RE,01K0Q648GB0RRPGQPQ725DYJ52,23,clothes,1.0,2,women's accessories ,shauls,shawl,,True,23
underwear,101417,6599.0,01K0Q93G25Z9W9HZ9G3HM3K1RE,01K0Q648GB0RRPGQPQ725DYJ52,24,clothes,1.0,2,Undergarments ,underwear,underwear,,True,24
panty,103334,1917.0,01K0Q93G25Z9W9HZ9G3HM3K1RE,01K0Q648GB0RRPGQPQ725DYJ52,25,clothes,0.0,2,Undergarments ,panties,panty,,True,25
bra,104980,1646.0,01K0Q93G25Z9W9HZ9G3HM3K1RE,01K0Q648GB0RRPGQPQ725DYJ52,26,clothes,0.0,2,Undergarments ,bra,bra,,True,26
swim trunk,112123,7143.0,01K0Q93G25Z9W9HZ9G3HM3K1RE,01K0Q648GB0RRPGQPQ725DYJ52,27,clothes,1.0,2,Beach ,swim trunks,swimtrunk,,True,27
swim top,116232,4109.0,01K0Q93G25Z9W9HZ9G3HM3K1RE,01K0Q648GB0RRPGQPQ725DYJ52,28,clothes,0.0,2,Beach ,swim top,swimtop,,True,28
bikini,117892,1660.0,01K0Q93G25Z9W9HZ9G3HM3K1RE,01K0Q648GB0RRPGQPQ725DYJ52,29,clothes,0.0,2,Beach ,bikini,bikini,,True,29
one piece,127035,9143.0,01K0Q93G25Z9W9HZ9G3HM3K1RE,01K0Q648GB0RRPGQPQ725DYJ52,30,clothes,1.0,2,Women's beach wear,one piece,onepiece,,True,30
flat,138935,11900.0,01K0Q93G25Z9W9HZ9G3HM3K1RE,01K0Q648GB0RRPGQPQ725DYJ52,31,clothes,1.0,2,casual women's footwear,flats,flat,,True,31
slack,141963,3028.0,01K0Q93G25Z9W9HZ9G3HM3K1RE,01K0Q648GB0RRPGQPQ725DYJ52,32,clothes,1.0,2,Casual bottoms,slacks,slack,,True,32
bow tie,145776,3813.0,01K0Q93G25Z9W9HZ9G3HM3K1RE,01K0Q648GB0RRPGQPQ725DYJ52,33,clothes,1.0,2,Fancy accessories ,bow tie,bowtie,,True,33
cargo pant,150332,4556.0,01K0Q93G25Z9W9HZ9G3HM3K1RE,01K0Q648GB0RRPGQPQ725DYJ52,34,clothes,1.0,2,Active bottoms,cargo pants,cargopant,,True,34
camouflage pant,157893,7561.0,01K0Q93G25Z9W9HZ9G3HM3K1RE,01K0Q648GB0RRPGQPQ725DYJ52,35,clothes,0.0,2,Active bottoms,camouflage pants,camouflagepant,,True,35
sweatband,173923,16030.0,01K0Q93G25Z9W9HZ9G3HM3K1RE,01K0Q648GB0RRPGQPQ725DYJ52,36,clothes,1.0,2,Active wear,sweat bands,sweatband,,True,36
skort,178614,4691.0,01K0Q93G25Z9W9HZ9G3HM3K1RE,01K0Q648GB0RRPGQPQ725DYJ52,37,clothes,0.0,2,Active wear,skorts,skort,,True,37
penguin,4442,4442.0,01K0Q98Q24ZKFVRJQB122V8AF6,01K0Q648E623AZZV8VJBVQRFSH,0,animals,1.0,2,noble bird,penguin,penguin,"['Arctic', 'Bird', 'Water']",True,0
dog,5657,1215.0,01K0Q98Q24ZKFVRJQB122V8AF6,01K0Q648E623AZZV8VJBVQRFSH,1,animals,1.0,2,typical pets,dog,dog,"['Canine', 'Pets']",True,1
cat,6608,951.0,01K0Q98Q24ZKFVRJQB122V8AF6,01K0Q648E623AZZV8VJBVQRFSH,2,animals,0.0,2,typical pets,cat,cat,"['Pets', 'Feline']",False,2
rabbit,8035,1427.0,01K0Q98Q24ZKFVRJQB122V8AF6,01K0Q648E623AZZV8VJBVQRFSH,3,animals,1.0,2,yard critters,rabbit,rabbit,"['NorthAmerican', 'Pets', 'Rabbit', 'UsedForFur']",False,3
squirrel,10223,2188.0,01K0Q98Q24ZKFVRJQB122V8AF6,01K0Q648E623AZZV8VJBVQRFSH,4,animals,0.0,2,yard critters,squirrel,squirrel,"['NorthAmerican', 'Rodents']",False,4
panda,12103,1880.0,01K0Q98Q24ZKFVRJQB122V8AF6,01K0Q648E623AZZV8VJBVQRFSH,5,animals,1.0,2,noble bears,panda,panda,['Asian'],True,5
grizzly,14425,2322.0,01K0Q98Q24ZKFVRJQB122V8AF6,01K0Q648E623AZZV8VJBVQRFSH,6,animals,0.0,2,noble bears,grizzly,grizzlybear,['NorthAmerican'],True,6
polar bear,17299,2874.0,01K0Q98Q24ZKFVRJQB122V8AF6,01K0Q648E623AZZV8VJBVQRFSH,7,animals,0.0,2,noble bears,polar,polarbear,['Arctic'],True,7
bird,25919,8620.0,01K0Q98Q24ZKFVRJQB122V8AF6,01K0Q648E623AZZV8VJBVQRFSH,8,animals,1.0,2,the only dinosaurs,bird,bird,['Bird'],True,8
dolphin,32137,6218.0,01K0Q98Q24ZKFVRJQB122V8AF6,01K0Q648E623AZZV8VJBVQRFSH,9,animals,1.0,2,dolphins the intellects (should be in own category)/builders (for beaver),dolphin,dolphin,"['Insects', 'Water']",True,9
gopher,41463,9326.0,01K0Q98Q24ZKFVRJQB122V8AF6,01K0Q648E623AZZV8VJBVQRFSH,10,animals,0.0,2,dolphins the intellects (should be in own category)/builders (for beaver),gopher,gopher,['Rodents'],True,10
beaver,44350,2887.0,01K0Q98Q24ZKFVRJQB122V8AF6,01K0Q648E623AZZV8VJBVQRFSH,11,animals,0.0,2,dolphins the intellects (should be in own category)/builders (for beaver),beaver,beaver,"['NorthAmerican', 'Rodents', 'UsedForFur', 'Water']",False,11
lion,51741,7391.0,01K0Q98Q24ZKFVRJQB122V8AF6,01K0Q648E623AZZV8VJBVQRFSH,12,animals,1.0,2,Major  land league animals... Apex,lion,lion,"['African', 'Feline']",True,12
hippopotamus,55023,3282.0,01K0Q98Q24ZKFVRJQB122V8AF6,01K0Q648E623AZZV8VJBVQRFSH,13,animals,0.0,2,Major  land league animals... Apex,hippo,hippopotamus,['African'],False,13
tiger,57693,2670.0,01K0Q98Q24ZKFVRJQB122V8AF6,01K0Q648E623AZZV8VJBVQRFSH,14,animals,0.0,2,Major  land league animals... Apex,tiger,tiger,"['African', 'Feline']",False,14
leopard,62645,4952.0,01K0Q98Q24ZKFVRJQB122V8AF6,01K0Q648E623AZZV8VJBVQRFSH,15,animals,0.0,2,Major  land league animals... Apex,leopard,leopard,"['African', 'Feline']",False,15
jaguar,66660,4015.0,01K0Q98Q24ZKFVRJQB122V8AF6,01K0Q648E623AZZV8VJBVQRFSH,16,animals,0.0,2,Major  land league animals... Apex,jaguar,jaguar,['Feline'],False,16
panther,71839,5179.0,01K0Q98Q24ZKFVRJQB122V8AF6,01K0Q648E623AZZV8VJBVQRFSH,17,animals,0.0,2,Major  land league animals... Apex,panther,panther,"['African', 'Feline']",False,17
monkey,75826,3987.0,01K0Q98Q24ZKFVRJQB122V8AF6,01K0Q648E623AZZV8VJBVQRFSH,18,animals,1.0,2,jungle creatures (cheetah and hyena belong in Group 7),monkey,monkey,"['African', 'Primates']",False,18
gorilla,77683,1857.0,01K0Q98Q24ZKFVRJQB122V8AF6,01K0Q648E623AZZV8VJBVQRFSH,19,animals,0.0,2,jungle creatures (cheetah and hyena belong in Group 7),gorilla,gorilla,"['African', 'Primates']",False,19
sloth,90197,12514.0,01K0Q98Q24ZKFVRJQB122V8AF6,01K0Q648E623AZZV8VJBVQRFSH,20,animals,0.0,2,jungle creatures (cheetah and hyena belong in Group 7),sloth,sloth,['Jungle'],True,20
cheetah,94952,4755.0,01K0Q98Q24ZKFVRJQB122V8AF6,01K0Q648E623AZZV8VJBVQRFSH,21,animals,0.0,2,jungle creatures (cheetah and hyena belong in Group 7),cheetah,cheetah,"['African', 'Feline']",True,21
hyena,97074,2122.0,01K0Q98Q24ZKFVRJQB122V8AF6,01K0Q648E623AZZV8VJBVQRFSH,22,animals,0.0,2,jungle creatures (cheetah and hyena belong in Group 7),hyena,hyena,"['African', 'Canine']",False,22
boar,103408,6334.0,01K0Q98Q24ZKFVRJQB122V8AF6,01K0Q648E623AZZV8VJBVQRFSH,23,animals,0.0,2,jungle creatures (cheetah and hyena belong in Group 7),boar,boar,['NorthAmerican'],True,23
frog,106945,3537.0,01K0Q98Q24ZKFVRJQB122V8AF6,01K0Q648E623AZZV8VJBVQRFSH,24,animals,1.0,2,less typical pets,frog,frog,"['ReptileAmphibian', 'Water']",True,24
bunny,119694,12749.0,01K0Q98Q24ZKFVRJQB122V8AF6,01K0Q648E623AZZV8VJBVQRFSH,25,animals,0.0,2,less typical pets,bunny,bunny,['Rabbit'],True,25
hamster,132662,12968.0,01K0Q98Q24ZKFVRJQB122V8AF6,01K0Q648E623AZZV8VJBVQRFSH,26,animals,0.0,2,less typical pets,hamster,hamster,"['Pets', 'Rodents']",True,26
snake,134060,1398.0,01K0Q98Q24ZKFVRJQB122V8AF6,01K0Q648E623AZZV8VJBVQRFSH,27,animals,0.0,2,less typical pets,snake,snake,"['Farm', 'ReptileAmphibian']",True,27
tarantula,137546,3486.0,01K0Q98Q24ZKFVRJQB122V8AF6,01K0Q648E623AZZV8VJBVQRFSH,28,animals,0.0,2,less typical pets,tarantula,tarantula,['Insects'],True,28
whale,145275,7729.0,01K0Q98Q24ZKFVRJQB122V8AF6,01K0Q648E623AZZV8VJBVQRFSH,29,animals,1.0,2,Emperor of the Seas,whale,whale,"['Fish', 'Water']",True,29
koala,155227,9952.0,01K0Q98Q24ZKFVRJQB122V8AF6,01K0Q648E623AZZV8VJBVQRFSH,30,animals,1.0,2,Exotic bear,koala,koala,['Australian'],True,30
otter,172072,16845.0,01K0Q98Q24ZKFVRJQB122V8AF6,01K0Q648E623AZZV8VJBVQRFSH,31,animals,1.0,2,Exotic Fish,otter,otter,"['Water', 'Weasels']",True,31
sea lion,175319,3247.0,01K0Q98Q24ZKFVRJQB122V8AF6,01K0Q648E623AZZV8VJBVQRFSH,32,animals,0.0,2,Exotic Fish,sealion,sealion,['Water'],False,32
shirt,15796,15796.0,01K0QAKARRSHGD0NXEFHVRACY9,01K0Q648GAEYN7ZNSNJH020HMB,0,clothes,1.0,2,Classic outfit,shirt,shirt,,True,0
pant,18845,3049.0,01K0QAKARRSHGD0NXEFHVRACY9,01K0Q648GAEYN7ZNSNJH020HMB,1,clothes,0.0,2,Classic outfit,pants,pant,,True,1
shoe,21192,2347.0,01K0QAKARRSHGD0NXEFHVRACY9,01K0Q648GAEYN7ZNSNJH020HMB,2,clothes,1.0,2,Both worn on feet,shoes,shoe,,True,2
sock,24403,3211.0,01K0QAKARRSHGD0NXEFHVRACY9,01K0Q648GAEYN7ZNSNJH020HMB,3,clothes,0.0,2,Both worn on feet,socks,sock,,True,3
scarf,27265,2862.0,01K0QAKARRSHGD0NXEFHVRACY9,01K0Q648GAEYN7ZNSNJH020HMB,4,clothes,1.0,2,keep you warm,scarf,scarf,,True,4
underwear,33064,5799.0,01K0QAKARRSHGD0NXEFHVRACY9,01K0Q648GAEYN7ZNSNJH020HMB,5,clothes,0.0,2,keep you warm,underwear,underwear,,True,5
bra,35159,2095.0,01K0QAKARRSHGD0NXEFHVRACY9,01K0Q648GAEYN7ZNSNJH020HMB,6,clothes,1.0,2,bra,bra,bra,,True,6
fishnet,41072,5913.0,01K0QAKARRSHGD0NXEFHVRACY9,01K0Q648GAEYN7ZNSNJH020HMB,7,clothes,1.0,2,fishnets,fishnets,fishnet,,True,7
tuxedo,50859,9787.0,01K0QAKARRSHGD0NXEFHVRACY9,01K0Q648GAEYN7ZNSNJH020HMB,8,clothes,1.0,2,Formal attire,tuxedo,tuxedo,,True,8
suit,53029,2170.0,01K0QAKARRSHGD0NXEFHVRACY9,01K0Q648GAEYN7ZNSNJH020HMB,9,clothes,0.0,2,Formal attire,suit,suit,,True,9
jacket,55245,2216.0,01K0QAKARRSHGD0NXEFHVRACY9,01K0Q648GAEYN7ZNSNJH020HMB,10,clothes,1.0,2,Items that go on top of other items,jacket,jacket,,True,10
vest,56744,1499.0,01K0QAKARRSHGD0NXEFHVRACY9,01K0Q648GAEYN7ZNSNJH020HMB,11,clothes,0.0,2,Items that go on top of other items,vest,vest,,True,11
hoodie,61430,4686.0,01K0QAKARRSHGD0NXEFHVRACY9,01K0Q648GAEYN7ZNSNJH020HMB,12,clothes,0.0,2,Items that go on top of other items,hoodie,hoodie,,True,12
short,66518,5088.0,01K0QAKARRSHGD0NXEFHVRACY9,01K0Q648GAEYN7ZNSNJH020HMB,13,clothes,1.0,2,shorts,shorts,short,,True,13
blazer,84885,18367.0,01K0QAKARRSHGD0NXEFHVRACY9,01K0Q648GAEYN7ZNSNJH020HMB,14,clothes,1.0,2,Good outfit,blazer,blazer,,True,14
jean,96589,11704.0,01K0QAKARRSHGD0NXEFHVRACY9,01K0Q648GAEYN7ZNSNJH020HMB,15,clothes,0.0,2,Good outfit,jeans,jean,,True,15
flannel,107128,10539.0,01K0QAKARRSHGD0NXEFHVRACY9,01K0Q648GAEYN7ZNSNJH020HMB,16,clothes,1.0,2,flannel,flannel,flannel,,True,16
blouse,114680,7552.0,01K0QAKARRSHGD0NXEFHVRACY9,01K0Q648GAEYN7ZNSNJH020HMB,17,clothes,1.0,2,blouse,blouse,blouse,,True,17
skirt,119380,4700.0,01K0QAKARRSHGD0NXEFHVRACY9,01K0Q648GAEYN7ZNSNJH020HMB,18,clothes,1.0,2,woman clothing ,skirt,skirt,,True,18
dress,121498,2118.0,01K0QAKARRSHGD0NXEFHVRACY9,01K0Q648GAEYN7ZNSNJH020HMB,19,clothes,0.0,2,woman clothing ,dress,dres,,True,19
crop top,127099,5601.0,01K0QAKARRSHGD0NXEFHVRACY9,01K0Q648GAEYN7ZNSNJH020HMB,20,clothes,1.0,2,croptop,croptop,croptop,,True,20
T-shirt,135126,8027.0,01K0QAKARRSHGD0NXEFHVRACY9,01K0Q648GAEYN7ZNSNJH020HMB,21,clothes,1.0,2,croptop,tshirt,tshirt,,True,21
turtleneck,138498,3372.0,01K0QAKARRSHGD0NXEFHVRACY9,01K0Q648GAEYN7ZNSNJH020HMB,22,clothes,0.0,2,croptop,turtleneck,turtleneck,,True,22
sweat,152940,14442.0,01K0QAKARRSHGD0NXEFHVRACY9,01K0Q648GAEYN7ZNSNJH020HMB,23,clothes,1.0,2,long tight pants,sweats,sweat,,True,23
legging,162963,10023.0,01K0QAKARRSHGD0NXEFHVRACY9,01K0Q648GAEYN7ZNSNJH020HMB,24,clothes,0.0,2,long tight pants,leggings,legging,,True,24
soap,6330,6330.0,01K0QANW9996SC99X3V24CRMG9,01K0Q648FX4GMWC1JV0QF6JTYZ,0,supermarket,1.0,2,toiletries,soap,soap,,True,0
perfume,10081,3751.0,01K0QANW9996SC99X3V24CRMG9,01K0Q648FX4GMWC1JV0QF6JTYZ,1,supermarket,0.0,2,toiletries,perfume,perfume,,True,1
body lotion,13018,2937.0,01K0QANW9996SC99X3V24CRMG9,01K0Q648FX4GMWC1JV0QF6JTYZ,2,supermarket,0.0,2,toiletries,body lotion,bodylotion,,True,2
slippers,17758,4740.0,01K0QANW9996SC99X3V24CRMG9,01K0Q648FX4GMWC1JV0QF6JTYZ,3,supermarket,0.0,2,toiletries,slippers,slipper,,True,3
hair cream,20735,2977.0,01K0QANW9996SC99X3V24CRMG9,01K0Q648FX4GMWC1JV0QF6JTYZ,4,supermarket,0.0,2,toiletries,hair cream,haircream,,True,4
milk,22689,1954.0,01K0QANW9996SC99X3V24CRMG9,01K0Q648FX4GMWC1JV0QF6JTYZ,5,supermarket,1.0,2,provisions,milk,milk,,True,5
sugar,24302,1613.0,01K0QANW9996SC99X3V24CRMG9,01K0Q648FX4GMWC1JV0QF6JTYZ,6,supermarket,0.0,2,provisions,sugar,sugar,,True,6
sweet,28381,4079.0,01K0QANW9996SC99X3V24CRMG9,01K0Q648FX4GMWC1JV0QF6JTYZ,7,supermarket,0.0,2,provisions,sweet,sweet,,True,7
honey,31845,3464.0,01K0QANW9996SC99X3V24CRMG9,01K0Q648FX4GMWC1JV0QF6JTYZ,8,supermarket,0.0,2,provisions,honey,honey,,True,8
ice cream,34732,2887.0,01K0QANW9996SC99X3V24CRMG9,01K0Q648FX4GMWC1JV0QF6JTYZ,9,supermarket,1.0,2,junk,ice cream,icecream,,True,9
gum,39729,4997.0,01K0QANW9996SC99X3V24CRMG9,01K0Q648FX4GMWC1JV0QF6JTYZ,10,supermarket,1.0,2,junk,gum,gum,,True,10
tissue,48642,8913.0,01K0QANW9996SC99X3V24CRMG9,01K0Q648FX4GMWC1JV0QF6JTYZ,11,supermarket,1.0,2,paper,tissue,tissue,,True,11
paper,57692,9050.0,01K0QANW9996SC99X3V24CRMG9,01K0Q648FX4GMWC1JV0QF6JTYZ,12,supermarket,0.0,2,paper,paper,paper,,True,12
soda,108207,50515.0,01K0QANW9996SC99X3V24CRMG9,01K0Q648FX4GMWC1JV0QF6JTYZ,13,supermarket,1.0,2,junk,soda,soda,,True,13
chocolate,114341,6134.0,01K0QANW9996SC99X3V24CRMG9,01K0Q648FX4GMWC1JV0QF6JTYZ,14,supermarket,0.0,2,junk,chocolate,chocolate,,True,14
wipe,117524,3183.0,01K0QANW9996SC99X3V24CRMG9,01K0Q648FX4GMWC1JV0QF6JTYZ,15,supermarket,1.0,2,toiletries,wipes,wipe,,True,15
bowl,122994,5470.0,01K0QANW9996SC99X3V24CRMG9,01K0Q648FX4GMWC1JV0QF6JTYZ,16,supermarket,1.0,2,snacks,bowls,bowl,,True,16
water,125798,2804.0,01K0QANW9996SC99X3V24CRMG9,01K0Q648FX4GMWC1JV0QF6JTYZ,17,supermarket,0.0,2,snacks,water,water,,True,17
snack,127870,2072.0,01K0QANW9996SC99X3V24CRMG9,01K0Q648FX4GMWC1JV0QF6JTYZ,18,supermarket,0.0,2,snacks,snacks,snack,,True,18
aisle,129084,1214.0,01K0QANW9996SC99X3V24CRMG9,01K0Q648FX4GMWC1JV0QF6JTYZ,19,supermarket,0.0,2,snacks,es,aisle,,True,19
cake,132454,3370.0,01K0QANW9996SC99X3V24CRMG9,01K0Q648FX4GMWC1JV0QF6JTYZ,20,supermarket,0.0,2,snacks,cakes,cake,,True,20
book,139101,6647.0,01K0QANW9996SC99X3V24CRMG9,01K0Q648FX4GMWC1JV0QF6JTYZ,21,supermarket,1.0,2,book,books,book,,True,21
short,149853,10752.0,01K0QANW9996SC99X3V24CRMG9,01K0Q648FX4GMWC1JV0QF6JTYZ,22,supermarket,1.0,2,meals,shorts,short,,True,22
food,154925,5072.0,01K0QANW9996SC99X3V24CRMG9,01K0Q648FX4GMWC1JV0QF6JTYZ,23,supermarket,0.0,2,meals,food,food,,True,23
cable,161380,6455.0,01K0QANW9996SC99X3V24CRMG9,01K0Q648FX4GMWC1JV0QF6JTYZ,24,supermarket,1.0,2,cables,cables,cable,,True,24
toy,166351,4971.0,01K0QANW9996SC99X3V24CRMG9,01K0Q648FX4GMWC1JV0QF6JTYZ,25,supermarket,1.0,2,toys,toys,toy,,True,25
makeup,171753,5402.0,01K0QANW9996SC99X3V24CRMG9,01K0Q648FX4GMWC1JV0QF6JTYZ,26,supermarket,1.0,2,makeup,makeup,makeup,,True,26
spray,179164,7411.0,01K0QANW9996SC99X3V24CRMG9,01K0Q648FX4GMWC1JV0QF6JTYZ,27,supermarket,1.0,2,toiletries,sprays,spray,,True,27
cream,9987,9987.0,01K0QAP9C57FKK67MCE7NV5NCP,01K0Q648FMR51JS8RS1Y3BFP7G,0,supermarket,1.0,2,Toiletries ,cream,cream,,True,0
hair dye,15883,5896.0,01K0QAP9C57FKK67MCE7NV5NCP,01K0Q648FMR51JS8RS1Y3BFP7G,1,supermarket,0.0,2,Toiletries ,hair dye,hairdye,,True,1
soap,19172,3289.0,01K0QAP9C57FKK67MCE7NV5NCP,01K0Q648FMR51JS8RS1Y3BFP7G,2,supermarket,0.0,2,Toiletries ,soap,soap,,True,2
perfume,22427,3255.0,01K0QAP9C57FKK67MCE7NV5NCP,01K0Q648FMR51JS8RS1Y3BFP7G,3,supermarket,0.0,2,Toiletries ,perfume,perfume,,True,3
body spray,25704,3277.0,01K0QAP9C57FKK67MCE7NV5NCP,01K0Q648FMR51JS8RS1Y3BFP7G,4,supermarket,0.0,2,Toiletries ,body spray,bodyspray,,True,4
rolleron,31241,5537.0,01K0QAP9C57FKK67MCE7NV5NCP,01K0Q648FMR51JS8RS1Y3BFP7G,5,supermarket,0.0,2,Toiletries ,roll on,rolleron,,True,5
face wash,40021,8780.0,01K0QAP9C57FKK67MCE7NV5NCP,01K0Q648FMR51JS8RS1Y3BFP7G,6,supermarket,0.0,2,Toiletries ,face wash,facewash,,True,6
tissue,41843,1822.0,01K0QAP9C57FKK67MCE7NV5NCP,01K0Q648FMR51JS8RS1Y3BFP7G,7,supermarket,0.0,2,Toiletries ,tissue,tissue,,True,7
pepper,54499,12656.0,01K0QAP9C57FKK67MCE7NV5NCP,01K0Q648FMR51JS8RS1Y3BFP7G,8,supermarket,1.0,2,Food,pepper,pepper,,True,8
onion,56115,1616.0,01K0QAP9C57FKK67MCE7NV5NCP,01K0Q648FMR51JS8RS1Y3BFP7G,9,supermarket,0.0,2,Food,onions,onion,,True,9
tomato,59082,2967.0,01K0QAP9C57FKK67MCE7NV5NCP,01K0Q648FMR51JS8RS1Y3BFP7G,10,supermarket,0.0,2,Food,tomatoes,tomato,,True,10
carrot,64593,5511.0,01K0QAP9C57FKK67MCE7NV5NCP,01K0Q648FMR51JS8RS1Y3BFP7G,11,supermarket,0.0,2,Food,carrot,carrot,,True,11
lettuce,68004,3411.0,01K0QAP9C57FKK67MCE7NV5NCP,01K0Q648FMR51JS8RS1Y3BFP7G,12,supermarket,0.0,2,Food,lettuce,lettuce,,True,12
cabbage,70814,2810.0,01K0QAP9C57FKK67MCE7NV5NCP,01K0Q648FMR51JS8RS1Y3BFP7G,13,supermarket,0.0,2,Food,cabbage,cabbage,,True,13
pea,72921,2107.0,01K0QAP9C57FKK67MCE7NV5NCP,01K0Q648FMR51JS8RS1Y3BFP7G,14,supermarket,0.0,2,Food,peas,pea,,True,14
bean,74356,1435.0,01K0QAP9C57FKK67MCE7NV5NCP,01K0Q648FMR51JS8RS1Y3BFP7G,15,supermarket,0.0,2,Food,beans,bean,,True,15
rice,77498,3142.0,01K0QAP9C57FKK67MCE7NV5NCP,01K0Q648FMR51JS8RS1Y3BFP7G,16,supermarket,0.0,2,Food,rice,rice,,True,16
flour,79990,2492.0,01K0QAP9C57FKK67MCE7NV5NCP,01K0Q648FMR51JS8RS1Y3BFP7G,17,supermarket,1.0,2,Baked,flour,flour,,True,17
sugar,83612,3622.0,01K0QAP9C57FKK67MCE7NV5NCP,01K0Q648FMR51JS8RS1Y3BFP7G,18,supermarket,0.0,2,Baked,sugar,sugar,,True,18
milk,85915,2303.0,01K0QAP9C57FKK67MCE7NV5NCP,01K0Q648FMR51JS8RS1Y3BFP7G,19,supermarket,0.0,2,Baked,milk,milk,,True,19
chocolate,89344,3429.0,01K0QAP9C57FKK67MCE7NV5NCP,01K0Q648FMR51JS8RS1Y3BFP7G,20,supermarket,0.0,2,Baked,chocolate,chocolate,,True,20
egg,91281,1937.0,01K0QAP9C57FKK67MCE7NV5NCP,01K0Q648FMR51JS8RS1Y3BFP7G,21,supermarket,0.0,2,Baked,eggs,egg,,True,21
juice,98252,6971.0,01K0QAP9C57FKK67MCE7NV5NCP,01K0Q648FMR51JS8RS1Y3BFP7G,22,supermarket,1.0,2,Drinks,juice,juice,,True,22
soda,101384,3132.0,01K0QAP9C57FKK67MCE7NV5NCP,01K0Q648FMR51JS8RS1Y3BFP7G,23,supermarket,0.0,2,Drinks,soda,soda,,True,23
beer,103518,2134.0,01K0QAP9C57FKK67MCE7NV5NCP,01K0Q648FMR51JS8RS1Y3BFP7G,24,supermarket,0.0,2,Drinks,beer,beer,,True,24
wine,105167,1649.0,01K0QAP9C57FKK67MCE7NV5NCP,01K0Q648FMR51JS8RS1Y3BFP7G,25,supermarket,0.0,2,Drinks,wine,wine,,True,25
sandals,132556,27389.0,01K0QAP9C57FKK67MCE7NV5NCP,01K0Q648FMR51JS8RS1Y3BFP7G,26,supermarket,1.0,2,Wearables,sandals,sandal,,True,26
shoe,134242,1686.0,01K0QAP9C57FKK67MCE7NV5NCP,01K0Q648FMR51JS8RS1Y3BFP7G,27,supermarket,0.0,2,Wearables,shoes,shoe,,True,27
sock,137104,2862.0,01K0QAP9C57FKK67MCE7NV5NCP,01K0Q648FMR51JS8RS1Y3BFP7G,28,supermarket,0.0,2,Wearables,socks,sock,,True,28
belt,138794,1690.0,01K0QAP9C57FKK67MCE7NV5NCP,01K0Q648FMR51JS8RS1Y3BFP7G,29,supermarket,0.0,2,Wearables,belts,belt,,True,29
shirt,142992,4198.0,01K0QAP9C57FKK67MCE7NV5NCP,01K0Q648FMR51JS8RS1Y3BFP7G,30,supermarket,0.0,2,Wearables,shirts,shirt,,True,30
dress,145479,2487.0,01K0QAP9C57FKK67MCE7NV5NCP,01K0Q648FMR51JS8RS1Y3BFP7G,31,supermarket,0.0,2,Wearables,dresses,dres,,True,31
trouser,149075,3596.0,01K0QAP9C57FKK67MCE7NV5NCP,01K0Q648FMR51JS8RS1Y3BFP7G,32,supermarket,0.0,2,Wearables,trousers,trouser,,True,32
singlet,151822,2747.0,01K0QAP9C57FKK67MCE7NV5NCP,01K0Q648FMR51JS8RS1Y3BFP7G,33,supermarket,0.0,2,Wearables,singlets,singlet,,True,33
phone,159736,7914.0,01K0QAP9C57FKK67MCE7NV5NCP,01K0Q648FMR51JS8RS1Y3BFP7G,34,supermarket,1.0,2,Devices,phones,phone,,True,34
wristwatches,164252,4516.0,01K0QAP9C57FKK67MCE7NV5NCP,01K0Q648FMR51JS8RS1Y3BFP7G,35,supermarket,0.0,2,Devices,wristwatches,wristwatch,,True,35
laptops,166891,2639.0,01K0QAP9C57FKK67MCE7NV5NCP,01K0Q648FMR51JS8RS1Y3BFP7G,36,supermarket,0.0,2,Devices,laptops,laptop,,True,36
mouse,171267,4376.0,01K0QAP9C57FKK67MCE7NV5NCP,01K0Q648FMR51JS8RS1Y3BFP7G,37,supermarket,0.0,2,Devices,mouse,mouse,,True,37
