id,rank,model,category,input_sequence,actual_response,actual_switch_response,predicted_response,predicted_switch_response,is_correct,is_chosen,choice_index,logprobs,generation_id,seed,normalizedPredicted,is_human_correct
01JVAEZRVYKAN9Q0C020PH6DMJ-animals,2,meta-llama/Llama-3.3-70B-Instruct-Turbo,animals,cat,cow,,dog,,False,True,0,,iterative,2450686091068488700,dog,False
01JVAEZRVYKAN9Q0C020PH6DMJ-animals,3,meta-llama/Llama-3.3-70B-Instruct-Turbo,animals,"cat
cow",horse,,dog,,False,True,0,,iterative,12758830654526507000,dog,False
01JVAEZRVYKAN9Q0C020PH6DMJ-animals,4,meta-llama/Llama-3.3-70B-Instruct-Turbo,animals,"cat
cow
horse",pig,,pig,,True,True,0,,iterative,1516790167261535500,fish,False
01JVAEZRVYKAN9Q0C020PH6DMJ-animals,5,meta-llama/Llama-3.3-70B-Instruct-Turbo,animals,"cat
cow
horse
pig",chimpanzee,,sheep,,False,True,0,,iterative,16018852441423583000,eagle,False
01JVAEZRVYKAN9Q0C020PH6DMJ-animals,6,meta-llama/Llama-3.3-70B-Instruct-Turbo,animals,"cat
cow
horse
pig
chimpanzee",elephant,,monkey,,False,True,0,,iterative,7252973347995814000,fish,False
01JVAEZRVYKAN9Q0C020PH6DMJ-animals,7,meta-llama/Llama-3.3-70B-Instruct-Turbo,animals,"cat
cow
horse
pig
chimpanzee
elephant",tiger,,giraffe,,False,True,0,,iterative,10906539097452853000,fish,False
01JVAEZRVYKAN9Q0C020PH6DMJ-animals,8,meta-llama/Llama-3.3-70B-Instruct-Turbo,animals,"cat
cow
horse
pig
chimpanzee
elephant
tiger",lion,,lion,,True,True,0,,iterative,16196011871788446000,fish,False
01JVAEZRVYKAN9Q0C020PH6DMJ-animals,9,meta-llama/Llama-3.3-70B-Instruct-Turbo,animals,"cat
cow
horse
pig
chimpanzee
elephant
tiger
lion",puma,,giraffe,,False,True,0,,iterative,5687721695124669000,fish,False
01JVAEZRVYKAN9Q0C020PH6DMJ-animals,10,meta-llama/Llama-3.3-70B-Instruct-Turbo,animals,"cat
cow
horse
pig
chimpanzee
elephant
tiger
lion
puma",cheetah,,jaguar,,False,True,0,,iterative,13169960951002827000,fish,False
01JVAEZRVYKAN9Q0C020PH6DMJ-animals,11,meta-llama/Llama-3.3-70B-Instruct-Turbo,animals,"cat
cow
horse
pig
chimpanzee
elephant
tiger
lion
puma
cheetah",rhino,,jaguar,,False,True,0,,iterative,5605430494045805000,fish,False
01JVAEZRVYKAN9Q0C020PH6DMJ-animals,12,meta-llama/Llama-3.3-70B-Instruct-Turbo,animals,"cat
cow
horse
pig
chimpanzee
elephant
tiger
lion
puma
cheetah
rhino",flamingo,,giraffe,,False,True,0,,iterative,1906731480630648000,fish,False
01JVAEZRVYKAN9Q0C020PH6DMJ-animals,13,meta-llama/Llama-3.3-70B-Instruct-Turbo,animals,"cat
cow
horse
pig
chimpanzee
elephant
tiger
lion
puma
cheetah
rhino
flamingo",porcupine,,giraffe,,False,True,0,,iterative,11622515587991714000,fish,False
01JVAEZRVYKAN9Q0C020PH6DMJ-animals,14,meta-llama/Llama-3.3-70B-Instruct-Turbo,animals,"cat
cow
horse
pig
chimpanzee
elephant
tiger
lion
puma
cheetah
rhino
flamingo
porcupine",dolphin,,giraffe,,False,True,0,,iterative,5534383446063863000,fish,False
01JVAEZRVYKAN9Q0C020PH6DMJ-animals,15,meta-llama/Llama-3.3-70B-Instruct-Turbo,animals,"cat
cow
horse
pig
chimpanzee
elephant
tiger
lion
puma
cheetah
rhino
flamingo
porcupine
dolphin",bluewhale,,whale,,False,True,0,,iterative,10500144434886566000,fish,False
01JVAEZRVYKAN9Q0C020PH6DMJ-animals,16,meta-llama/Llama-3.3-70B-Instruct-Turbo,animals,"cat
cow
horse
pig
chimpanzee
elephant
tiger
lion
puma
cheetah
rhino
flamingo
porcupine
dolphin
blue whale",greatwhiteshark,,shark,,False,True,0,,iterative,16209051853656642000,fish,False
01JVAEZRVYKAN9Q0C020PH6DMJ-animals,17,meta-llama/Llama-3.3-70B-Instruct-Turbo,animals,"cat
cow
horse
pig
chimpanzee
elephant
tiger
lion
puma
cheetah
rhino
flamingo
porcupine
dolphin
blue whale
great white shark",hammerheadshark,,octopus,,False,True,0,,iterative,1834746995475550000,eel,False
01JVAEZRVYKAN9Q0C020PH6DMJ-animals,18,meta-llama/Llama-3.3-70B-Instruct-Turbo,animals,"cat
cow
horse
pig
chimpanzee
elephant
tiger
lion
puma
cheetah
rhino
flamingo
porcupine
dolphin
blue whale
great white shark
hammerhead shark",baskingshark,,octopus,,False,True,0,,iterative,3521712763525482000,fish,False
01JVAEZRVYKAN9Q0C020PH6DMJ-animals,19,meta-llama/Llama-3.3-70B-Instruct-Turbo,animals,"cat
cow
horse
pig
chimpanzee
elephant
tiger
lion
puma
cheetah
rhino
flamingo
porcupine
dolphin
blue whale
great white shark
hammerhead shark
basking shark",tortoise,,octopus,,False,True,0,,iterative,7714881933225373000,fish,False
01JVAEZRVYKAN9Q0C020PH6DMJ-animals,20,meta-llama/Llama-3.3-70B-Instruct-Turbo,animals,"cat
cow
horse
pig
chimpanzee
elephant
tiger
lion
puma
cheetah
rhino
flamingo
porcupine
dolphin
blue whale
great white shark
hammerhead shark
basking shark
tortoise",terrapin,,crocodile,,False,True,0,,iterative,11251814703916657000,fish,False
01JVAEZRVYKAN9Q0C020PH6DMJ-animals,21,meta-llama/Llama-3.3-70B-Instruct-Turbo,animals,"cat
cow
horse
pig
chimpanzee
elephant
tiger
lion
puma
cheetah
rhino
flamingo
porcupine
dolphin
blue whale
great white shark
hammerhead shark
basking shark
tortoise
terrapin",turtle,,crocodile,,False,True,0,,iterative,4172624347474739700,fish,False
01JVAEZRVYKAN9Q0C020PH6DMJ-animals,22,meta-llama/Llama-3.3-70B-Instruct-Turbo,animals,"cat
cow
horse
pig
chimpanzee
elephant
tiger
lion
puma
cheetah
rhino
flamingo
porcupine
dolphin
blue whale
great white shark
hammerhead shark
basking shark
tortoise
terrapin
turtle",snappingturtle,,crocodile,,False,True,0,,iterative,17703409029587337000,fish,False
01JVAEZRVYKAN9Q0C020PH6DMJ-animals,23,meta-llama/Llama-3.3-70B-Instruct-Turbo,animals,"cat
cow
horse
pig
chimpanzee
elephant
tiger
lion
puma
cheetah
rhino
flamingo
porcupine
dolphin
blue whale
great white shark
hammerhead shark
basking shark
tortoise
terrapin
turtle
snapping turtle",antelope,,alligator,,False,True,0,,iterative,16686026155890622000,fish,False
01JVAEZRVYKAN9Q0C020PH6DMJ-animals,24,meta-llama/Llama-3.3-70B-Instruct-Turbo,animals,"cat
cow
horse
pig
chimpanzee
elephant
tiger
lion
puma
cheetah
rhino
flamingo
porcupine
dolphin
blue whale
great white shark
hammerhead shark
basking shark
tortoise
terrapin
turtle
snapping turtle
antelope",anteater,,giraffe,,False,True,0,,iterative,193079675555231230,fish,False
01JVAEZRVYKAN9Q0C020PH6DMJ-animals,25,meta-llama/Llama-3.3-70B-Instruct-Turbo,animals,"cat
cow
horse
pig
chimpanzee
elephant
tiger
lion
puma
cheetah
rhino
flamingo
porcupine
dolphin
blue whale
great white shark
hammerhead shark
basking shark
tortoise
terrapin
turtle
snapping turtle
antelope
anteater",duck-billedplatypus,,armadillo,,False,True,0,,iterative,3704196279357196300,fish,False
01JVAEZRVYKAN9Q0C020PH6DMJ-animals,26,meta-llama/Llama-3.3-70B-Instruct-Turbo,animals,"cat
cow
horse
pig
chimpanzee
elephant
tiger
lion
puma
cheetah
rhino
flamingo
porcupine
dolphin
blue whale
great white shark
hammerhead shark
basking shark
tortoise
terrapin
turtle
snapping turtle
antelope
anteater
duck-billed platypus",dog,,armadillo,,False,True,0,,iterative,17458121776018370000,fish,False
01JVAEZRVYKAN9Q0C020PH6DMJ-animals,27,meta-llama/Llama-3.3-70B-Instruct-Turbo,animals,"cat
cow
horse
pig
chimpanzee
elephant
tiger
lion
puma
cheetah
rhino
flamingo
porcupine
dolphin
blue whale
great white shark
hammerhead shark
basking shark
tortoise
terrapin
turtle
snapping turtle
antelope
anteater
duck-billed platypus
dog",hamster,,wolf,,False,True,0,,iterative,10776922677491600000,fish,False
01JVAEZRVYKAN9Q0C020PH6DMJ-animals,28,meta-llama/Llama-3.3-70B-Instruct-Turbo,animals,"cat
cow
horse
pig
chimpanzee
elephant
tiger
lion
puma
cheetah
rhino
flamingo
porcupine
dolphin
blue whale
great white shark
hammerhead shark
basking shark
tortoise
terrapin
turtle
snapping turtle
antelope
anteater
duck-billed platypus
dog
hamster",guineapig,,gerbil,,False,True,0,,iterative,14873395493378441000,fish,False
01JVAEZRVYKAN9Q0C020PH6DMJ-animals,29,meta-llama/Llama-3.3-70B-Instruct-Turbo,animals,"cat
cow
horse
pig
chimpanzee
elephant
tiger
lion
puma
cheetah
rhino
flamingo
porcupine
dolphin
blue whale
great white shark
hammerhead shark
basking shark
tortoise
terrapin
turtle
snapping turtle
antelope
anteater
duck-billed platypus
dog
hamster
guinea pig",rabbit,,gerbil,,False,True,0,,iterative,16904139526877580000,goldfish,False
01JVAEZRVYKAN9Q0C020PH6DMJ-animals,30,meta-llama/Llama-3.3-70B-Instruct-Turbo,animals,"cat
cow
horse
pig
chimpanzee
elephant
tiger
lion
puma
cheetah
rhino
flamingo
porcupine
dolphin
blue whale
great white shark
hammerhead shark
basking shark
tortoise
terrapin
turtle
snapping turtle
antelope
anteater
duck-billed platypus
dog
hamster
guinea pig
rabbit",hare,,gerbil,,False,True,0,,iterative,16532638440773710000,goldfish,False
01JVAEZRVYKAN9Q0C020PH6DMJ-animals,31,meta-llama/Llama-3.3-70B-Instruct-Turbo,animals,"cat
cow
horse
pig
chimpanzee
elephant
tiger
lion
puma
cheetah
rhino
flamingo
porcupine
dolphin
blue whale
great white shark
hammerhead shark
basking shark
tortoise
terrapin
turtle
snapping turtle
antelope
anteater
duck-billed platypus
dog
hamster
guinea pig
rabbit
hare",carp,,squirrel,,False,True,0,,iterative,1880147350923382800,goldfish,False
01JVAEZRVYKAN9Q0C020PH6DMJ-animals,32,meta-llama/Llama-3.3-70B-Instruct-Turbo,animals,"cat
cow
horse
pig
chimpanzee
elephant
tiger
lion
puma
cheetah
rhino
flamingo
porcupine
dolphin
blue whale
great white shark
hammerhead shark
basking shark
tortoise
terrapin
turtle
snapping turtle
antelope
anteater
duck-billed platypus
dog
hamster
guinea pig
rabbit
hare
carp",roach,,goldfish,,False,True,0,,iterative,13202010970535993000,goldfish,False
01JVAEZRVYKAN9Q0C020PH6DMJ-animals,33,meta-llama/Llama-3.3-70B-Instruct-Turbo,animals,"cat
cow
horse
pig
chimpanzee
elephant
tiger
lion
puma
cheetah
rhino
flamingo
porcupine
dolphin
blue whale
great white shark
hammerhead shark
basking shark
tortoise
terrapin
turtle
snapping turtle
antelope
anteater
duck-billed platypus
dog
hamster
guinea pig
rabbit
hare
carp
roach",tench,,goldfish,,False,True,0,,iterative,3215483445998761500,goldfish,False
01JVAEZRVYKAN9Q0C020PH6DMJ-animals,34,meta-llama/Llama-3.3-70B-Instruct-Turbo,animals,"cat
cow
horse
pig
chimpanzee
elephant
tiger
lion
puma
cheetah
rhino
flamingo
porcupine
dolphin
blue whale
great white shark
hammerhead shark
basking shark
tortoise
terrapin
turtle
snapping turtle
antelope
anteater
duck-billed platypus
dog
hamster
guinea pig
rabbit
hare
carp
roach
tench",bream,,goldfish,,False,True,0,,iterative,559644147711870500,goldfish,False
01JVAEZRVYKAN9Q0C020PH6DMJ-animals,35,meta-llama/Llama-3.3-70B-Instruct-Turbo,animals,"cat
cow
horse
pig
chimpanzee
elephant
tiger
lion
puma
cheetah
rhino
flamingo
porcupine
dolphin
blue whale
great white shark
hammerhead shark
basking shark
tortoise
terrapin
turtle
snapping turtle
antelope
anteater
duck-billed platypus
dog
hamster
guinea pig
rabbit
hare
carp
roach
tench
bream",perch,,goldfish,,False,True,0,,iterative,12233238620189823000,goldfish,False
01JVAEZRVYKAN9Q0C020PH6DMJ-animals,36,meta-llama/Llama-3.3-70B-Instruct-Turbo,animals,"cat
cow
horse
pig
chimpanzee
elephant
tiger
lion
puma
cheetah
rhino
flamingo
porcupine
dolphin
blue whale
great white shark
hammerhead shark
basking shark
tortoise
terrapin
turtle
snapping turtle
antelope
anteater
duck-billed platypus
dog
hamster
guinea pig
rabbit
hare
carp
roach
tench
bream
perch",tuna,,goldfish,,False,True,0,,iterative,3041339207498168300,goldfish,False
01JVAEZRVYKAN9Q0C020PH6DMJ-animals,37,meta-llama/Llama-3.3-70B-Instruct-Turbo,animals,"cat
cow
horse
pig
chimpanzee
elephant
tiger
lion
puma
cheetah
rhino
flamingo
porcupine
dolphin
blue whale
great white shark
hammerhead shark
basking shark
tortoise
terrapin
turtle
snapping turtle
antelope
anteater
duck-billed platypus
dog
hamster
guinea pig
rabbit
hare
carp
roach
tench
bream
perch
tuna",ant,,swordfish,,False,True,0,,iterative,16084514702911482000,goldfish,False
01JVAEZRVYKAN9Q0C020PH6DMJ-animals,38,meta-llama/Llama-3.3-70B-Instruct-Turbo,animals,"cat
cow
horse
pig
chimpanzee
elephant
tiger
lion
puma
cheetah
rhino
flamingo
porcupine
dolphin
blue whale
great white shark
hammerhead shark
basking shark
tortoise
terrapin
turtle
snapping turtle
antelope
anteater
duck-billed platypus
dog
hamster
guinea pig
rabbit
hare
carp
roach
tench
bream
perch
tuna
ant",gazelle,,bee,,False,True,0,,iterative,6946267654872149000,goldfish,False
01JVAEZRVYKAN9Q0C020PH6DMJ-animals,39,meta-llama/Llama-3.3-70B-Instruct-Turbo,animals,"cat
cow
horse
pig
chimpanzee
elephant
tiger
lion
puma
cheetah
rhino
flamingo
porcupine
dolphin
blue whale
great white shark
hammerhead shark
basking shark
tortoise
terrapin
turtle
snapping turtle
antelope
anteater
duck-billed platypus
dog
hamster
guinea pig
rabbit
hare
carp
roach
tench
bream
perch
tuna
ant
gazelle",macaquemonkey,,giraffe,,False,True,0,,iterative,14095220304151323000,goldfish,False
01JVAEZRVYKAN9Q0C020PH6DMJ-animals,40,meta-llama/Llama-3.3-70B-Instruct-Turbo,animals,"cat
cow
horse
pig
chimpanzee
elephant
tiger
lion
puma
cheetah
rhino
flamingo
porcupine
dolphin
blue whale
great white shark
hammerhead shark
basking shark
tortoise
terrapin
turtle
snapping turtle
antelope
anteater
duck-billed platypus
dog
hamster
guinea pig
rabbit
hare
carp
roach
tench
bream
perch
tuna
ant
gazelle
macaque monkey",gorilla,,leopard,,False,True,0,,iterative,2490214872150075000,goldfish,False
01JVAEZRVYKAN9Q0C020PH6DMJ-animals,41,meta-llama/Llama-3.3-70B-Instruct-Turbo,animals,"cat
cow
horse
pig
chimpanzee
elephant
tiger
lion
puma
cheetah
rhino
flamingo
porcupine
dolphin
blue whale
great white shark
hammerhead shark
basking shark
tortoise
terrapin
turtle
snapping turtle
antelope
anteater
duck-billed platypus
dog
hamster
guinea pig
rabbit
hare
carp
roach
tench
bream
perch
tuna
ant
gazelle
macaque monkey
gorilla",sheep,,leopard,,False,True,0,,iterative,760328962998036000,goldfish,False
01JVAEZRVYKAN9Q0C020PH6DMJ-animals,42,meta-llama/Llama-3.3-70B-Instruct-Turbo,animals,"cat
cow
horse
pig
chimpanzee
elephant
tiger
lion
puma
cheetah
rhino
flamingo
porcupine
dolphin
blue whale
great white shark
hammerhead shark
basking shark
tortoise
terrapin
turtle
snapping turtle
antelope
anteater
duck-billed platypus
dog
hamster
guinea pig
rabbit
hare
carp
roach
tench
bream
perch
tuna
ant
gazelle
macaque monkey
gorilla
sheep",donkey,,goat,,False,True,0,,iterative,4134027525044525600,goldfish,False
01JVAEZRVYKAN9Q0C020PH6DMJ-animals,43,meta-llama/Llama-3.3-70B-Instruct-Turbo,animals,"cat
cow
horse
pig
chimpanzee
elephant
tiger
lion
puma
cheetah
rhino
flamingo
porcupine
dolphin
blue whale
great white shark
hammerhead shark
basking shark
tortoise
terrapin
turtle
snapping turtle
antelope
anteater
duck-billed platypus
dog
hamster
guinea pig
rabbit
hare
carp
roach
tench
bream
perch
tuna
ant
gazelle
macaque monkey
gorilla
sheep
donkey",ass,,goat,,False,True,0,,iterative,17265874047511505000,goldfish,False
01JVAEZRVYKAN9Q0C020PH6DMJ-animals,44,meta-llama/Llama-3.3-70B-Instruct-Turbo,animals,"cat
cow
horse
pig
chimpanzee
elephant
tiger
lion
puma
cheetah
rhino
flamingo
porcupine
dolphin
blue whale
great white shark
hammerhead shark
basking shark
tortoise
terrapin
turtle
snapping turtle
antelope
anteater
duck-billed platypus
dog
hamster
guinea pig
rabbit
hare
carp
roach
tench
bream
perch
tuna
ant
gazelle
macaque monkey
gorilla
sheep
donkey
ass",falcon,,mule,,False,True,0,,iterative,15604474460846133000,goldfish,False
01JVAEZRVYKAN9Q0C020PH6DMJ-animals,45,meta-llama/Llama-3.3-70B-Instruct-Turbo,animals,"cat
cow
horse
pig
chimpanzee
elephant
tiger
lion
puma
cheetah
rhino
flamingo
porcupine
dolphin
blue whale
great white shark
hammerhead shark
basking shark
tortoise
terrapin
turtle
snapping turtle
antelope
anteater
duck-billed platypus
dog
hamster
guinea pig
rabbit
hare
carp
roach
tench
bream
perch
tuna
ant
gazelle
macaque monkey
gorilla
sheep
donkey
ass
falcon",eagle,,eagle,,True,True,0,,iterative,1429732991286528000,goldfish,False
01JVAEZRVYKAN9Q0C020PH6DMJ-animals,46,meta-llama/Llama-3.3-70B-Instruct-Turbo,animals,"cat
cow
horse
pig
chimpanzee
elephant
tiger
lion
puma
cheetah
rhino
flamingo
porcupine
dolphin
blue whale
great white shark
hammerhead shark
basking shark
tortoise
terrapin
turtle
snapping turtle
antelope
anteater
duck-billed platypus
dog
hamster
guinea pig
rabbit
hare
carp
roach
tench
bream
perch
tuna
ant
gazelle
macaque monkey
gorilla
sheep
donkey
ass
falcon
eagle",robin,,vulture,,False,True,0,,iterative,9509965336504936000,goldfish,False
01JVAEZRVYKAN9Q0C020PH6DMJ-animals,47,meta-llama/Llama-3.3-70B-Instruct-Turbo,animals,"cat
cow
horse
pig
chimpanzee
elephant
tiger
lion
puma
cheetah
rhino
flamingo
porcupine
dolphin
blue whale
great white shark
hammerhead shark
basking shark
tortoise
terrapin
turtle
snapping turtle
antelope
anteater
duck-billed platypus
dog
hamster
guinea pig
rabbit
hare
carp
roach
tench
bream
perch
tuna
ant
gazelle
macaque monkey
gorilla
sheep
donkey
ass
falcon
eagle
robin",finch,,sparrow,,False,True,0,,iterative,3413819994868092400,goldfish,False
01JVAEZRVYKAN9Q0C020PH6DMJ-animals,48,meta-llama/Llama-3.3-70B-Instruct-Turbo,animals,"cat
cow
horse
pig
chimpanzee
elephant
tiger
lion
puma
cheetah
rhino
flamingo
porcupine
dolphin
blue whale
great white shark
hammerhead shark
basking shark
tortoise
terrapin
turtle
snapping turtle
antelope
anteater
duck-billed platypus
dog
hamster
guinea pig
rabbit
hare
carp
roach
tench
bream
perch
tuna
ant
gazelle
macaque monkey
gorilla
sheep
donkey
ass
falcon
eagle
robin
finch",parakeet,,sparrow,,False,True,0,,iterative,17303232192313303000,goldfish,False
01JVAEZRVYKAN9Q0C020PH6DMJ-animals,49,meta-llama/Llama-3.3-70B-Instruct-Turbo,animals,"cat
cow
horse
pig
chimpanzee
elephant
tiger
lion
puma
cheetah
rhino
flamingo
porcupine
dolphin
blue whale
great white shark
hammerhead shark
basking shark
tortoise
terrapin
turtle
snapping turtle
antelope
anteater
duck-billed platypus
dog
hamster
guinea pig
rabbit
hare
carp
roach
tench
bream
perch
tuna
ant
gazelle
macaque monkey
gorilla
sheep
donkey
ass
falcon
eagle
robin
finch
parakeet",rat,,sparrow,,False,True,0,,iterative,3887302589539051000,goldfish,False
01JVAEZRVYKAN9Q0C020PH6DMJ-animals,50,meta-llama/Llama-3.3-70B-Instruct-Turbo,animals,"cat
cow
horse
pig
chimpanzee
elephant
tiger
lion
puma
cheetah
rhino
flamingo
porcupine
dolphin
blue whale
great white shark
hammerhead shark
basking shark
tortoise
terrapin
turtle
snapping turtle
antelope
anteater
duck-billed platypus
dog
hamster
guinea pig
rabbit
hare
carp
roach
tench
bream
perch
tuna
ant
gazelle
macaque monkey
gorilla
sheep
donkey
ass
falcon
eagle
robin
finch
parakeet
rat",mouse,,mouse,,True,True,0,,iterative,10832218834288314000,goldfish,False
01JVAEZRVYKAN9Q0C020PH6DMJ-animals,51,meta-llama/Llama-3.3-70B-Instruct-Turbo,animals,"cat
cow
horse
pig
chimpanzee
elephant
tiger
lion
puma
cheetah
rhino
flamingo
porcupine
dolphin
blue whale
great white shark
hammerhead shark
basking shark
tortoise
terrapin
turtle
snapping turtle
antelope
anteater
duck-billed platypus
dog
hamster
guinea pig
rabbit
hare
carp
roach
tench
bream
perch
tuna
ant
gazelle
macaque monkey
gorilla
sheep
donkey
ass
falcon
eagle
robin
finch
parakeet
rat
mouse",dormouse,,squirrel,,False,True,0,,iterative,4778234579308332000,goldfish,False
01JVAEZRVYKAN9Q0C020PH6DMJ-animals,52,meta-llama/Llama-3.3-70B-Instruct-Turbo,animals,"cat
cow
horse
pig
chimpanzee
elephant
tiger
lion
puma
cheetah
rhino
flamingo
porcupine
dolphin
blue whale
great white shark
hammerhead shark
basking shark
tortoise
terrapin
turtle
snapping turtle
antelope
anteater
duck-billed platypus
dog
hamster
guinea pig
rabbit
hare
carp
roach
tench
bream
perch
tuna
ant
gazelle
macaque monkey
gorilla
sheep
donkey
ass
falcon
eagle
robin
finch
parakeet
rat
mouse
dormouse",shrew,,squirrel,,False,True,0,,iterative,14032803025880652000,goldfish,False
01JVAEZRVYKAN9Q0C020PH6DMJ-animals,53,meta-llama/Llama-3.3-70B-Instruct-Turbo,animals,"cat
cow
horse
pig
chimpanzee
elephant
tiger
lion
puma
cheetah
rhino
flamingo
porcupine
dolphin
blue whale
great white shark
hammerhead shark
basking shark
tortoise
terrapin
turtle
snapping turtle
antelope
anteater
duck-billed platypus
dog
hamster
guinea pig
rabbit
hare
carp
roach
tench
bream
perch
tuna
ant
gazelle
macaque monkey
gorilla
sheep
donkey
ass
falcon
eagle
robin
finch
parakeet
rat
mouse
dormouse
shrew",raccoon,,squirrel,,False,True,0,,iterative,13320087046264506000,goldfish,False
01JVAEZRVYKAN9Q0C020PH6DMJ-animals,54,meta-llama/Llama-3.3-70B-Instruct-Turbo,animals,"cat
cow
horse
pig
chimpanzee
elephant
tiger
lion
puma
cheetah
rhino
flamingo
porcupine
dolphin
blue whale
great white shark
hammerhead shark
basking shark
tortoise
terrapin
turtle
snapping turtle
antelope
anteater
duck-billed platypus
dog
hamster
guinea pig
rabbit
hare
carp
roach
tench
bream
perch
tuna
ant
gazelle
macaque monkey
gorilla
sheep
donkey
ass
falcon
eagle
robin
finch
parakeet
rat
mouse
dormouse
shrew
raccoon",pony,,otter,,False,True,0,,iterative,12645011291921715000,goldfish,False
01JVAEZRVYKAN9Q0C020PH6DMJ-animals,55,meta-llama/Llama-3.3-70B-Instruct-Turbo,animals,"cat
cow
horse
pig
chimpanzee
elephant
tiger
lion
puma
cheetah
rhino
flamingo
porcupine
dolphin
blue whale
great white shark
hammerhead shark
basking shark
tortoise
terrapin
turtle
snapping turtle
antelope
anteater
duck-billed platypus
dog
hamster
guinea pig
rabbit
hare
carp
roach
tench
bream
perch
tuna
ant
gazelle
macaque monkey
gorilla
sheep
donkey
ass
falcon
eagle
robin
finch
parakeet
rat
mouse
dormouse
shrew
raccoon
pony",highlandcattle,,goat,,False,True,0,,iterative,10518982756429670000,goldfish,False
01JVAF37FPWWXW16QGYYTRXSZW-animals,2,meta-llama/Llama-3.3-70B-Instruct-Turbo,animals,dog,cat,,cat,,True,True,0,,iterative,10639901755189060000,cat,True
01JVAF37FPWWXW16QGYYTRXSZW-animals,3,meta-llama/Llama-3.3-70B-Instruct-Turbo,animals,"dog
cat",pig,,hamster,,False,True,0,,iterative,2143476747503699700,rat,False
01JVAF37FPWWXW16QGYYTRXSZW-animals,4,meta-llama/Llama-3.3-70B-Instruct-Turbo,animals,"dog
cat
pig",zebra,,cow,,False,True,0,,iterative,12926895963911879000,horse,False
01JVAF37FPWWXW16QGYYTRXSZW-animals,5,meta-llama/Llama-3.3-70B-Instruct-Turbo,animals,"dog
cat
pig
zebra",horse,,horse,,True,True,0,,iterative,5172472362750011000,lion,False
01JVAF37FPWWXW16QGYYTRXSZW-animals,6,meta-llama/Llama-3.3-70B-Instruct-Turbo,animals,"dog
cat
pig
zebra
horse",snake,,giraffe,,False,True,0,,iterative,822229947425748100,cow,False
01JVAF37FPWWXW16QGYYTRXSZW-animals,7,meta-llama/Llama-3.3-70B-Instruct-Turbo,animals,"dog
cat
pig
zebra
horse
snake",spider,,giraffe,,False,True,0,,iterative,10675200255142040000,crocodile,False
01JVAF37FPWWXW16QGYYTRXSZW-animals,8,meta-llama/Llama-3.3-70B-Instruct-Turbo,animals,"dog
cat
pig
zebra
horse
snake
spider",dinosaur,,scorpion,,False,True,0,,iterative,8697667267729399000,ant,False
01JVAF37FPWWXW16QGYYTRXSZW-animals,9,meta-llama/Llama-3.3-70B-Instruct-Turbo,animals,"dog
cat
pig
zebra
horse
snake
spider
dinosaur",hippo,,dragonfly,,False,True,0,,iterative,6872177356409776000,antelope,False
01JVAF37FPWWXW16QGYYTRXSZW-animals,10,meta-llama/Llama-3.3-70B-Instruct-Turbo,animals,"dog
cat
pig
zebra
horse
snake
spider
dinosaur
hippo",elephant,,giraffe,,False,True,0,,iterative,3413087965925711000,rat,False
01JVAF37FPWWXW16QGYYTRXSZW-animals,11,meta-llama/Llama-3.3-70B-Instruct-Turbo,animals,"dog
cat
pig
zebra
horse
snake
spider
dinosaur
hippo
elephant",bear,,giraffe,,False,True,0,,iterative,5726569090669627000,lion,False
01JVAF37FPWWXW16QGYYTRXSZW-animals,12,meta-llama/Llama-3.3-70B-Instruct-Turbo,animals,"dog
cat
pig
zebra
horse
snake
spider
dinosaur
hippo
elephant
bear",monkey,,lion,,False,True,0,,iterative,11871194457823480000,monkey,True
01JVAF37FPWWXW16QGYYTRXSZW-animals,13,meta-llama/Llama-3.3-70B-Instruct-Turbo,animals,"dog
cat
pig
zebra
horse
snake
spider
dinosaur
hippo
elephant
bear
monkey",dragonfly,,gorilla,,False,True,0,,iterative,8301037668494541000,chimpanzee,False
01JVAF37FPWWXW16QGYYTRXSZW-animals,14,meta-llama/Llama-3.3-70B-Instruct-Turbo,animals,"dog
cat
pig
zebra
horse
snake
spider
dinosaur
hippo
elephant
bear
monkey
dragonfly",fly,,butterfly,,False,True,0,,iterative,15280972331198482000,mosquito,False
01JVAF37FPWWXW16QGYYTRXSZW-animals,15,meta-llama/Llama-3.3-70B-Instruct-Turbo,animals,"dog
cat
pig
zebra
horse
snake
spider
dinosaur
hippo
elephant
bear
monkey
dragonfly
fly",anaconda,,butterfly,,False,True,0,,iterative,5567852978675140000,mosquito,False
01JVAF37FPWWXW16QGYYTRXSZW-animals,16,meta-llama/Llama-3.3-70B-Instruct-Turbo,animals,"dog
cat
pig
zebra
horse
snake
spider
dinosaur
hippo
elephant
bear
monkey
dragonfly
fly
anaconda",rat,,butterfly,,False,True,0,,iterative,9740777657903084000,cobra,False
01JVAF37FPWWXW16QGYYTRXSZW-animals,17,meta-llama/Llama-3.3-70B-Instruct-Turbo,animals,"dog
cat
pig
zebra
horse
snake
spider
dinosaur
hippo
elephant
bear
monkey
dragonfly
fly
anaconda
rat",frog,,mouse,,False,True,0,,iterative,14169595212106203000,toad,False
01JVAF37FPWWXW16QGYYTRXSZW-animals,18,meta-llama/Llama-3.3-70B-Instruct-Turbo,animals,"dog
cat
pig
zebra
horse
snake
spider
dinosaur
hippo
elephant
bear
monkey
dragonfly
fly
anaconda
rat
frog",lion,,toad,,False,True,0,,iterative,12751428669716445000,toad,False
01JVAF37FPWWXW16QGYYTRXSZW-animals,19,meta-llama/Llama-3.3-70B-Instruct-Turbo,animals,"dog
cat
pig
zebra
horse
snake
spider
dinosaur
hippo
elephant
bear
monkey
dragonfly
fly
anaconda
rat
frog
lion",cheetah,,tiger,,False,True,0,,iterative,12260422306399052000,hyena,False
01JVAF37FPWWXW16QGYYTRXSZW-animals,20,meta-llama/Llama-3.3-70B-Instruct-Turbo,animals,"dog
cat
pig
zebra
horse
snake
spider
dinosaur
hippo
elephant
bear
monkey
dragonfly
fly
anaconda
rat
frog
lion
cheetah",jaguar,,tiger,,False,True,0,,iterative,1221902107698665200,tiger,False
01JVAF37FPWWXW16QGYYTRXSZW-animals,21,meta-llama/Llama-3.3-70B-Instruct-Turbo,animals,"dog
cat
pig
zebra
horse
snake
spider
dinosaur
hippo
elephant
bear
monkey
dragonfly
fly
anaconda
rat
frog
lion
cheetah
jaguar",mouse,,tiger,,False,True,0,,iterative,3518287806409644500,tiger,False
01JVAF37FPWWXW16QGYYTRXSZW-animals,22,meta-llama/Llama-3.3-70B-Instruct-Turbo,animals,"dog
cat
pig
zebra
horse
snake
spider
dinosaur
hippo
elephant
bear
monkey
dragonfly
fly
anaconda
rat
frog
lion
cheetah
jaguar
mouse",rabbit,,tiger,,False,True,0,,iterative,15411772424672141000,cock,False
01JVAF37FPWWXW16QGYYTRXSZW-animals,23,meta-llama/Llama-3.3-70B-Instruct-Turbo,animals,"dog
cat
pig
zebra
horse
snake
spider
dinosaur
hippo
elephant
bear
monkey
dragonfly
fly
anaconda
rat
frog
lion
cheetah
jaguar
mouse
rabbit",hedgehog,,tiger,,False,True,0,,iterative,14388465273865712000,snail,False
01JVAF37FPWWXW16QGYYTRXSZW-animals,24,meta-llama/Llama-3.3-70B-Instruct-Turbo,animals,"dog
cat
pig
zebra
horse
snake
spider
dinosaur
hippo
elephant
bear
monkey
dragonfly
fly
anaconda
rat
frog
lion
cheetah
jaguar
mouse
rabbit
hedgehog",ladybug,,squirrel,,False,True,0,,iterative,3377338960756212700,fox,False
01JVAF37FPWWXW16QGYYTRXSZW-animals,25,meta-llama/Llama-3.3-70B-Instruct-Turbo,animals,"dog
cat
pig
zebra
horse
snake
spider
dinosaur
hippo
elephant
bear
monkey
dragonfly
fly
anaconda
rat
frog
lion
cheetah
jaguar
mouse
rabbit
hedgehog
ladybug",mouse,,butterfly,,False,True,0,,iterative,4546194047345832400,squirrel,False
01JVAF37FPWWXW16QGYYTRXSZW-animals,26,meta-llama/Llama-3.3-70B-Instruct-Turbo,animals,"dog
cat
pig
zebra
horse
snake
spider
dinosaur
hippo
elephant
bear
monkey
dragonfly
fly
anaconda
rat
frog
lion
cheetah
jaguar
mouse
rabbit
hedgehog
ladybug
mouse",ostrich,,squirrel,,False,True,0,,iterative,6347210776452371000,hyena,False
01JVAF37FPWWXW16QGYYTRXSZW-animals,27,meta-llama/Llama-3.3-70B-Instruct-Turbo,animals,"dog
cat
pig
zebra
horse
snake
spider
dinosaur
hippo
elephant
bear
monkey
dragonfly
fly
anaconda
rat
frog
lion
cheetah
jaguar
mouse
rabbit
hedgehog
ladybug
mouse
ostrich",fish,,emperorpenguin,,False,True,0,,iterative,132753393118953250,hen,False
01JVAF37FPWWXW16QGYYTRXSZW-animals,28,meta-llama/Llama-3.3-70B-Instruct-Turbo,animals,"dog
cat
pig
zebra
horse
snake
spider
dinosaur
hippo
elephant
bear
monkey
dragonfly
fly
anaconda
rat
frog
lion
cheetah
jaguar
mouse
rabbit
hedgehog
ladybug
mouse
ostrich
fish",starfish,,shark,,False,True,0,,iterative,1653118392695106300,eagle,False
01JVAF37FPWWXW16QGYYTRXSZW-animals,29,meta-llama/Llama-3.3-70B-Instruct-Turbo,animals,"dog
cat
pig
zebra
horse
snake
spider
dinosaur
hippo
elephant
bear
monkey
dragonfly
fly
anaconda
rat
frog
lion
cheetah
jaguar
mouse
rabbit
hedgehog
ladybug
mouse
ostrich
fish
starfish",shark,,shark,,True,True,0,,iterative,1044240918900979300,shark,True
01JVAF37FPWWXW16QGYYTRXSZW-animals,30,meta-llama/Llama-3.3-70B-Instruct-Turbo,animals,"dog
cat
pig
zebra
horse
snake
spider
dinosaur
hippo
elephant
bear
monkey
dragonfly
fly
anaconda
rat
frog
lion
cheetah
jaguar
mouse
rabbit
hedgehog
ladybug
mouse
ostrich
fish
starfish
shark",leopard,,octopus,,False,True,0,,iterative,4985535185277718000,starfish,False
01JVAF47534ZSKB4R4YGQR455D-animals,2,meta-llama/Llama-3.3-70B-Instruct-Turbo,animals,bird,cat,,eagle,,False,True,0,,iterative,13498014733792301000,cat,True
01JVAF47534ZSKB4R4YGQR455D-animals,3,meta-llama/Llama-3.3-70B-Instruct-Turbo,animals,"bird
cat",dog,,dog,,True,True,0,,iterative,10719739251800560000,dog,True
01JVAF47534ZSKB4R4YGQR455D-animals,4,meta-llama/Llama-3.3-70B-Instruct-Turbo,animals,"bird
cat
dog",horse,,fish,,False,True,0,,iterative,12616280372482634000,mouse,False
01JVAF47534ZSKB4R4YGQR455D-animals,5,meta-llama/Llama-3.3-70B-Instruct-Turbo,animals,"bird
cat
dog
horse",sloth,,cow,,False,True,0,,iterative,1573008836558330000,sheep,False
01JVAF47534ZSKB4R4YGQR455D-animals,6,meta-llama/Llama-3.3-70B-Instruct-Turbo,animals,"bird
cat
dog
horse
sloth",capybara,,monkey,,False,True,0,,iterative,16414961596726276000,koala,False
01JVAF47534ZSKB4R4YGQR455D-animals,7,meta-llama/Llama-3.3-70B-Instruct-Turbo,animals,"bird
cat
dog
horse
sloth
capybara",llama,,tiger,,False,True,0,,iterative,1615291233172880600,wombat,False
01JVAF47534ZSKB4R4YGQR455D-animals,8,meta-llama/Llama-3.3-70B-Instruct-Turbo,animals,"bird
cat
dog
horse
sloth
capybara
llama",alpaca,,alpaca,,True,True,0,,iterative,14081912689419780000,camel,False
01JVAF47534ZSKB4R4YGQR455D-animals,9,meta-llama/Llama-3.3-70B-Instruct-Turbo,animals,"bird
cat
dog
horse
sloth
capybara
llama
alpaca",rabbit,,guineapig,,False,True,0,,iterative,11410079633044705000,camel,False
01JVAF47534ZSKB4R4YGQR455D-animals,10,meta-llama/Llama-3.3-70B-Instruct-Turbo,animals,"bird
cat
dog
horse
sloth
capybara
llama
alpaca
rabbit",skunk,,guineapig,,False,True,0,,iterative,10256838581175861000,hare,False
01JVAF47534ZSKB4R4YGQR455D-animals,11,meta-llama/Llama-3.3-70B-Instruct-Turbo,animals,"bird
cat
dog
horse
sloth
capybara
llama
alpaca
rabbit
skunk",mole,,raccoon,,False,True,0,,iterative,15480379696164772000,turtle,False
01JVAF47534ZSKB4R4YGQR455D-animals,12,meta-llama/Llama-3.3-70B-Instruct-Turbo,animals,"bird
cat
dog
horse
sloth
capybara
llama
alpaca
rabbit
skunk
mole",aardvark,,raccoon,,False,True,0,,iterative,1323139883709030400,mouse,False
01JVAF47534ZSKB4R4YGQR455D-animals,13,meta-llama/Llama-3.3-70B-Instruct-Turbo,animals,"bird
cat
dog
horse
sloth
capybara
llama
alpaca
rabbit
skunk
mole
aardvark",anteater,,armadillo,,False,True,0,,iterative,10510565741385738000,snake,False
01JVAF47534ZSKB4R4YGQR455D-animals,14,meta-llama/Llama-3.3-70B-Instruct-Turbo,animals,"bird
cat
dog
horse
sloth
capybara
llama
alpaca
rabbit
skunk
mole
aardvark
anteater",cheetah,,armadillo,,False,True,0,,iterative,14122057227041257000,bear,False
01JVAF47534ZSKB4R4YGQR455D-animals,15,meta-llama/Llama-3.3-70B-Instruct-Turbo,animals,"bird
cat
dog
horse
sloth
capybara
llama
alpaca
rabbit
skunk
mole
aardvark
anteater
cheetah",lion,,leopard,,False,True,0,,iterative,11697460246938590000,puma,False
01JVAF47534ZSKB4R4YGQR455D-animals,16,meta-llama/Llama-3.3-70B-Instruct-Turbo,animals,"bird
cat
dog
horse
sloth
capybara
llama
alpaca
rabbit
skunk
mole
aardvark
anteater
cheetah
lion",panther,,tiger,,False,True,0,,iterative,13331740072093837000,tiger,False
01JVAF47534ZSKB4R4YGQR455D-animals,17,meta-llama/Llama-3.3-70B-Instruct-Turbo,animals,"bird
cat
dog
horse
sloth
capybara
llama
alpaca
rabbit
skunk
mole
aardvark
anteater
cheetah
lion
panther",tiger,,tiger,,True,True,0,,iterative,7727041482164311000,puma,False
01JVAF47534ZSKB4R4YGQR455D-animals,18,meta-llama/Llama-3.3-70B-Instruct-Turbo,animals,"bird
cat
dog
horse
sloth
capybara
llama
alpaca
rabbit
skunk
mole
aardvark
anteater
cheetah
lion
panther
tiger",bobcat,,leopard,,False,True,0,,iterative,4567212503715794400,elephant,False
01JVAF47534ZSKB4R4YGQR455D-animals,19,meta-llama/Llama-3.3-70B-Instruct-Turbo,animals,"bird
cat
dog
horse
sloth
capybara
llama
alpaca
rabbit
skunk
mole
aardvark
anteater
cheetah
lion
panther
tiger
bobcat",cougar,,leopard,,False,True,0,,iterative,16945383579279262000,puma,False
01JVAF47534ZSKB4R4YGQR455D-animals,20,meta-llama/Llama-3.3-70B-Instruct-Turbo,animals,"bird
cat
dog
horse
sloth
capybara
llama
alpaca
rabbit
skunk
mole
aardvark
anteater
cheetah
lion
panther
tiger
bobcat
cougar",ferret,,leopard,,False,True,0,,iterative,5947782541079597000,ocelot,False
01JVAF47534ZSKB4R4YGQR455D-animals,21,meta-llama/Llama-3.3-70B-Instruct-Turbo,animals,"bird
cat
dog
horse
sloth
capybara
llama
alpaca
rabbit
skunk
mole
aardvark
anteater
cheetah
lion
panther
tiger
bobcat
cougar
ferret",mouse,,lynx,,False,True,0,,iterative,13624131741073355000,otter,False
01JVAF47534ZSKB4R4YGQR455D-animals,22,meta-llama/Llama-3.3-70B-Instruct-Turbo,animals,"bird
cat
dog
horse
sloth
capybara
llama
alpaca
rabbit
skunk
mole
aardvark
anteater
cheetah
lion
panther
tiger
bobcat
cougar
ferret
mouse",rat,,lynx,,False,True,0,,iterative,9595269878422550000,gerbil,False
01JVAF47534ZSKB4R4YGQR455D-animals,23,meta-llama/Llama-3.3-70B-Instruct-Turbo,animals,"bird
cat
dog
horse
sloth
capybara
llama
alpaca
rabbit
skunk
mole
aardvark
anteater
cheetah
lion
panther
tiger
bobcat
cougar
ferret
mouse
rat",hippo,,otter,,False,True,0,,iterative,12639772195082084000,squirrel,False
01JVAF47534ZSKB4R4YGQR455D-animals,24,meta-llama/Llama-3.3-70B-Instruct-Turbo,animals,"bird
cat
dog
horse
sloth
capybara
llama
alpaca
rabbit
skunk
mole
aardvark
anteater
cheetah
lion
panther
tiger
bobcat
cougar
ferret
mouse
rat
hippo",rhino,,rhinoceros,,False,True,0,,iterative,4261770675728561700,rhinoceros,False
01JVAF47534ZSKB4R4YGQR455D-animals,25,meta-llama/Llama-3.3-70B-Instruct-Turbo,animals,"bird
cat
dog
horse
sloth
capybara
llama
alpaca
rabbit
skunk
mole
aardvark
anteater
cheetah
lion
panther
tiger
bobcat
cougar
ferret
mouse
rat
hippo
rhino",giraffe,,giraffe,,True,True,0,,iterative,14697031736080970000,zebra,False
01JVAF47534ZSKB4R4YGQR455D-animals,26,meta-llama/Llama-3.3-70B-Instruct-Turbo,animals,"bird
cat
dog
horse
sloth
capybara
llama
alpaca
rabbit
skunk
mole
aardvark
anteater
cheetah
lion
panther
tiger
bobcat
cougar
ferret
mouse
rat
hippo
rhino
giraffe",coyote,,elephant,,False,True,0,,iterative,14647573717417306000,owl,False
01JVAF47534ZSKB4R4YGQR455D-animals,27,meta-llama/Llama-3.3-70B-Instruct-Turbo,animals,"bird
cat
dog
horse
sloth
capybara
llama
alpaca
rabbit
skunk
mole
aardvark
anteater
cheetah
lion
panther
tiger
bobcat
cougar
ferret
mouse
rat
hippo
rhino
giraffe
coyote",wolf,,wolf,,True,True,0,,iterative,5364873099964585000,hyena,False
01JVAF47534ZSKB4R4YGQR455D-animals,28,meta-llama/Llama-3.3-70B-Instruct-Turbo,animals,"bird
cat
dog
horse
sloth
capybara
llama
alpaca
rabbit
skunk
mole
aardvark
anteater
cheetah
lion
panther
tiger
bobcat
cougar
ferret
mouse
rat
hippo
rhino
giraffe
coyote
wolf",fox,,bear,,False,True,0,,iterative,13571645448123087000,hyena,False
01JVAF47534ZSKB4R4YGQR455D-animals,29,meta-llama/Llama-3.3-70B-Instruct-Turbo,animals,"bird
cat
dog
horse
sloth
capybara
llama
alpaca
rabbit
skunk
mole
aardvark
anteater
cheetah
lion
panther
tiger
bobcat
cougar
ferret
mouse
rat
hippo
rhino
giraffe
coyote
wolf
fox",raccoon,,bear,,False,True,0,,iterative,15819439154993631000,civet,False
01JVAF47534ZSKB4R4YGQR455D-animals,30,meta-llama/Llama-3.3-70B-Instruct-Turbo,animals,"bird
cat
dog
horse
sloth
capybara
llama
alpaca
rabbit
skunk
mole
aardvark
anteater
cheetah
lion
panther
tiger
bobcat
cougar
ferret
mouse
rat
hippo
rhino
giraffe
coyote
wolf
fox
raccoon",possum,,bear,,False,True,0,,iterative,7901963938943407000,deer,False
01JVAF47534ZSKB4R4YGQR455D-animals,31,meta-llama/Llama-3.3-70B-Instruct-Turbo,animals,"bird
cat
dog
horse
sloth
capybara
llama
alpaca
rabbit
skunk
mole
aardvark
anteater
cheetah
lion
panther
tiger
bobcat
cougar
ferret
mouse
rat
hippo
rhino
giraffe
coyote
wolf
fox
raccoon
possum",cardinal,,otter,,False,True,0,,iterative,2990172274276657000,kangaroo,False
01JVAF47534ZSKB4R4YGQR455D-animals,32,meta-llama/Llama-3.3-70B-Instruct-Turbo,animals,"bird
cat
dog
horse
sloth
capybara
llama
alpaca
rabbit
skunk
mole
aardvark
anteater
cheetah
lion
panther
tiger
bobcat
cougar
ferret
mouse
rat
hippo
rhino
giraffe
coyote
wolf
fox
raccoon
possum
cardinal",robin,,squirrel,,False,True,0,,iterative,11752995315089748000,ostrich,False
01JVAF47534ZSKB4R4YGQR455D-animals,33,meta-llama/Llama-3.3-70B-Instruct-Turbo,animals,"bird
cat
dog
horse
sloth
capybara
llama
alpaca
rabbit
skunk
mole
aardvark
anteater
cheetah
lion
panther
tiger
bobcat
cougar
ferret
mouse
rat
hippo
rhino
giraffe
coyote
wolf
fox
raccoon
possum
cardinal
robin",beaver,,sparrow,,False,True,0,,iterative,11070907375672025000,parakeet,False
01JVAF47534ZSKB4R4YGQR455D-animals,34,meta-llama/Llama-3.3-70B-Instruct-Turbo,animals,"bird
cat
dog
horse
sloth
capybara
llama
alpaca
rabbit
skunk
mole
aardvark
anteater
cheetah
lion
panther
tiger
bobcat
cougar
ferret
mouse
rat
hippo
rhino
giraffe
coyote
wolf
fox
raccoon
possum
cardinal
robin
beaver",stork,,otter,,False,True,0,,iterative,7584859861974751000,otter,False
01JVAF47534ZSKB4R4YGQR455D-animals,35,meta-llama/Llama-3.3-70B-Instruct-Turbo,animals,"bird
cat
dog
horse
sloth
capybara
llama
alpaca
rabbit
skunk
mole
aardvark
anteater
cheetah
lion
panther
tiger
bobcat
cougar
ferret
mouse
rat
hippo
rhino
giraffe
coyote
wolf
fox
raccoon
possum
cardinal
robin
beaver
stork",hawk,,crane,,False,True,0,,iterative,4738261863399102000,ostrich,False
01JVAF47534ZSKB4R4YGQR455D-animals,36,meta-llama/Llama-3.3-70B-Instruct-Turbo,animals,"bird
cat
dog
horse
sloth
capybara
llama
alpaca
rabbit
skunk
mole
aardvark
anteater
cheetah
lion
panther
tiger
bobcat
cougar
ferret
mouse
rat
hippo
rhino
giraffe
coyote
wolf
fox
raccoon
possum
cardinal
robin
beaver
stork
hawk",eagle,,eagle,,True,True,0,,iterative,11599283120541825000,eagle,True
01JVAF47534ZSKB4R4YGQR455D-animals,37,meta-llama/Llama-3.3-70B-Instruct-Turbo,animals,"bird
cat
dog
horse
sloth
capybara
llama
alpaca
rabbit
skunk
mole
aardvark
anteater
cheetah
lion
panther
tiger
bobcat
cougar
ferret
mouse
rat
hippo
rhino
giraffe
coyote
wolf
fox
raccoon
possum
cardinal
robin
beaver
stork
hawk
eagle",lemur,,owl,,False,True,0,,iterative,18423761216902099000,falcon,False
01JVAF47534ZSKB4R4YGQR455D-animals,38,meta-llama/Llama-3.3-70B-Instruct-Turbo,animals,"bird
cat
dog
horse
sloth
capybara
llama
alpaca
rabbit
skunk
mole
aardvark
anteater
cheetah
lion
panther
tiger
bobcat
cougar
ferret
mouse
rat
hippo
rhino
giraffe
coyote
wolf
fox
raccoon
possum
cardinal
robin
beaver
stork
hawk
eagle
lemur",monkey,,monkey,,True,True,0,,iterative,13174943461868150000,lemur,False
01JVAF47534ZSKB4R4YGQR455D-animals,39,meta-llama/Llama-3.3-70B-Instruct-Turbo,animals,"bird
cat
dog
horse
sloth
capybara
llama
alpaca
rabbit
skunk
mole
aardvark
anteater
cheetah
lion
panther
tiger
bobcat
cougar
ferret
mouse
rat
hippo
rhino
giraffe
coyote
wolf
fox
raccoon
possum
cardinal
robin
beaver
stork
hawk
eagle
lemur
monkey",chimpanzee,,gorilla,,False,True,0,,iterative,11648047055051547000,gorilla,False
01JVAF47534ZSKB4R4YGQR455D-animals,40,meta-llama/Llama-3.3-70B-Instruct-Turbo,animals,"bird
cat
dog
horse
sloth
capybara
llama
alpaca
rabbit
skunk
mole
aardvark
anteater
cheetah
lion
panther
tiger
bobcat
cougar
ferret
mouse
rat
hippo
rhino
giraffe
coyote
wolf
fox
raccoon
possum
cardinal
robin
beaver
stork
hawk
eagle
lemur
monkey
chimpanzee",orangutan,,gorilla,,False,True,0,,iterative,2738996416291910700,gorilla,False
01JVAF47534ZSKB4R4YGQR455D-animals,41,meta-llama/Llama-3.3-70B-Instruct-Turbo,animals,"bird
cat
dog
horse
sloth
capybara
llama
alpaca
rabbit
skunk
mole
aardvark
anteater
cheetah
lion
panther
tiger
bobcat
cougar
ferret
mouse
rat
hippo
rhino
giraffe
coyote
wolf
fox
raccoon
possum
cardinal
robin
beaver
stork
hawk
eagle
lemur
monkey
chimpanzee
orangutan",zebra,,gorilla,,False,True,0,,iterative,5661199980615811000,baboon,False
01JVAF47534ZSKB4R4YGQR455D-animals,42,meta-llama/Llama-3.3-70B-Instruct-Turbo,animals,"bird
cat
dog
horse
sloth
capybara
llama
alpaca
rabbit
skunk
mole
aardvark
anteater
cheetah
lion
panther
tiger
bobcat
cougar
ferret
mouse
rat
hippo
rhino
giraffe
coyote
wolf
fox
raccoon
possum
cardinal
robin
beaver
stork
hawk
eagle
lemur
monkey
chimpanzee
orangutan
zebra",hyena,,gazelle,,False,True,0,,iterative,13792324019896822000,donkey,False
01JVAF6ABNHH8Q88CFWYYARSMB-animals,2,meta-llama/Llama-3.3-70B-Instruct-Turbo,animals,dog,cat,,cat,,True,True,0,,iterative,14410895320790845000,cat,True
01JVAF6ABNHH8Q88CFWYYARSMB-animals,3,meta-llama/Llama-3.3-70B-Instruct-Turbo,animals,"dog
cat",mouse,,hamster,,False,True,0,,iterative,10527203080054374000,mouse,True
01JVAF6ABNHH8Q88CFWYYARSMB-animals,4,meta-llama/Llama-3.3-70B-Instruct-Turbo,animals,"dog
cat
mouse",guineapig,,hamster,,False,True,0,,iterative,17588774241089794000,rat,False
01JVAF6ABNHH8Q88CFWYYARSMB-animals,5,meta-llama/Llama-3.3-70B-Instruct-Turbo,animals,"dog
cat
mouse
guinea pig",horse,,hamster,,False,True,0,,iterative,83104711923279540,hamster,False
01JVAF6ABNHH8Q88CFWYYARSMB-animals,6,meta-llama/Llama-3.3-70B-Instruct-Turbo,animals,"dog
cat
mouse
guinea pig
horse",cow,,hamster,,False,True,0,,iterative,11818681093562820000,donkey,False
01JVAF6ABNHH8Q88CFWYYARSMB-animals,7,meta-llama/Llama-3.3-70B-Instruct-Turbo,animals,"dog
cat
mouse
guinea pig
horse
cow",pig,,pig,,True,True,0,,iterative,15955697910916188000,sheep,False
01JVAF6ABNHH8Q88CFWYYARSMB-animals,8,meta-llama/Llama-3.3-70B-Instruct-Turbo,animals,"dog
cat
mouse
guinea pig
horse
cow
pig",hen,,sheep,,False,True,0,,iterative,13484527272422148000,sheep,False
01JVAF6ABNHH8Q88CFWYYARSMB-animals,9,meta-llama/Llama-3.3-70B-Instruct-Turbo,animals,"dog
cat
mouse
guinea pig
horse
cow
pig
hen",chicken,,sheep,,False,True,0,,iterative,4715773519297074000,chicken,True
01JVAF6ABNHH8Q88CFWYYARSMB-animals,10,meta-llama/Llama-3.3-70B-Instruct-Turbo,animals,"dog
cat
mouse
guinea pig
horse
cow
pig
hen
chicken",donkey,,duck,,False,True,0,,iterative,2031102847258896600,sheep,False
01JVAF6ABNHH8Q88CFWYYARSMB-animals,11,meta-llama/Llama-3.3-70B-Instruct-Turbo,animals,"dog
cat
mouse
guinea pig
horse
cow
pig
hen
chicken
donkey",elephant,,goat,,False,True,0,,iterative,4111367778912435700,mule,False
01JVAF6ABNHH8Q88CFWYYARSMB-animals,12,meta-llama/Llama-3.3-70B-Instruct-Turbo,animals,"dog
cat
mouse
guinea pig
horse
cow
pig
hen
chicken
donkey
elephant",monkey,,goat,,False,True,0,,iterative,14876709282594623000,rhino,False
01JVAF6ABNHH8Q88CFWYYARSMB-animals,13,meta-llama/Llama-3.3-70B-Instruct-Turbo,animals,"dog
cat
mouse
guinea pig
horse
cow
pig
hen
chicken
donkey
elephant
monkey",bird,,giraffe,,False,True,0,,iterative,9484353265825610000,rhino,False
01JVAF6ABNHH8Q88CFWYYARSMB-animals,14,meta-llama/Llama-3.3-70B-Instruct-Turbo,animals,"dog
cat
mouse
guinea pig
horse
cow
pig
hen
chicken
donkey
elephant
monkey
bird",hippo,,giraffe,,False,True,0,,iterative,12745224639227939000,insect,False
01JVAF6ABNHH8Q88CFWYYARSMB-animals,15,meta-llama/Llama-3.3-70B-Instruct-Turbo,animals,"dog
cat
mouse
guinea pig
horse
cow
pig
hen
chicken
donkey
elephant
monkey
bird
hippo",wolf,,giraffe,,False,True,0,,iterative,11308157628087017000,rhino,False
01JVAF6ABNHH8Q88CFWYYARSMB-animals,16,meta-llama/Llama-3.3-70B-Instruct-Turbo,animals,"dog
cat
mouse
guinea pig
horse
cow
pig
hen
chicken
donkey
elephant
monkey
bird
hippo
wolf",goat,,lion,,False,True,0,,iterative,1923278469534040600,fox,False
01JVAF6ABNHH8Q88CFWYYARSMB-animals,17,meta-llama/Llama-3.3-70B-Instruct-Turbo,animals,"dog
cat
mouse
guinea pig
horse
cow
pig
hen
chicken
donkey
elephant
monkey
bird
hippo
wolf
goat",bear,,sheep,,False,True,0,,iterative,7077856008772881000,sheep,False
01JVAF6ABNHH8Q88CFWYYARSMB-animals,18,meta-llama/Llama-3.3-70B-Instruct-Turbo,animals,"dog
cat
mouse
guinea pig
horse
cow
pig
hen
chicken
donkey
elephant
monkey
bird
hippo
wolf
goat
bear",giraffe,,lion,,False,True,0,,iterative,14467798903186246000,raccoon,False
01JVAF6ABNHH8Q88CFWYYARSMB-animals,19,meta-llama/Llama-3.3-70B-Instruct-Turbo,animals,"dog
cat
mouse
guinea pig
horse
cow
pig
hen
chicken
donkey
elephant
monkey
bird
hippo
wolf
goat
bear
giraffe",antelope,,lion,,False,True,0,,iterative,18107570141100063000,rhino,False
01JVAF6ABNHH8Q88CFWYYARSMB-animals,20,meta-llama/Llama-3.3-70B-Instruct-Turbo,animals,"dog
cat
mouse
guinea pig
horse
cow
pig
hen
chicken
donkey
elephant
monkey
bird
hippo
wolf
goat
bear
giraffe
antelope",ferret,,zebra,,False,True,0,,iterative,11285591637670390000,deer,False
01JVAF6ABNHH8Q88CFWYYARSMB-animals,21,meta-llama/Llama-3.3-70B-Instruct-Turbo,animals,"dog
cat
mouse
guinea pig
horse
cow
pig
hen
chicken
donkey
elephant
monkey
bird
hippo
wolf
goat
bear
giraffe
antelope
ferret",rat,,lion,,False,True,0,,iterative,5458412919430915000,stoat,False
01JVAF6ABNHH8Q88CFWYYARSMB-animals,22,meta-llama/Llama-3.3-70B-Instruct-Turbo,animals,"dog
cat
mouse
guinea pig
horse
cow
pig
hen
chicken
donkey
elephant
monkey
bird
hippo
wolf
goat
bear
giraffe
antelope
ferret
rat",fish,,squirrel,,False,True,0,,iterative,14264481657874102000,hamster,False
01JVAF6ABNHH8Q88CFWYYARSMB-animals,23,meta-llama/Llama-3.3-70B-Instruct-Turbo,animals,"dog
cat
mouse
guinea pig
horse
cow
pig
hen
chicken
donkey
elephant
monkey
bird
hippo
wolf
goat
bear
giraffe
antelope
ferret
rat
fish",baboon,,tiger,,False,True,0,,iterative,2958092954842478600,shark,False
01JVAF6ABNHH8Q88CFWYYARSMB-animals,24,meta-llama/Llama-3.3-70B-Instruct-Turbo,animals,"dog
cat
mouse
guinea pig
horse
cow
pig
hen
chicken
donkey
elephant
monkey
bird
hippo
wolf
goat
bear
giraffe
antelope
ferret
rat
fish
baboon",skunk,,tiger,,False,True,0,,iterative,16599705740733256000,chimpanzee,False
01JVAF6ABNHH8Q88CFWYYARSMB-animals,25,meta-llama/Llama-3.3-70B-Instruct-Turbo,animals,"dog
cat
mouse
guinea pig
horse
cow
pig
hen
chicken
donkey
elephant
monkey
bird
hippo
wolf
goat
bear
giraffe
antelope
ferret
rat
fish
baboon
skunk",deer,,tiger,,False,True,0,,iterative,5480219968310598000,raccoon,False
01JVAF6ABNHH8Q88CFWYYARSMB-animals,26,meta-llama/Llama-3.3-70B-Instruct-Turbo,animals,"dog
cat
mouse
guinea pig
horse
cow
pig
hen
chicken
donkey
elephant
monkey
bird
hippo
wolf
goat
bear
giraffe
antelope
ferret
rat
fish
baboon
skunk
deer",stag,,squirrel,,False,True,0,,iterative,13408433875919831000,cow,False
01JVAF6ABNHH8Q88CFWYYARSMB-animals,27,meta-llama/Llama-3.3-70B-Instruct-Turbo,animals,"dog
cat
mouse
guinea pig
horse
cow
pig
hen
chicken
donkey
elephant
monkey
bird
hippo
wolf
goat
bear
giraffe
antelope
ferret
rat
fish
baboon
skunk
deer
stag",leopard,,squirrel,,False,True,0,,iterative,12223746958876365000,roe,False
01JVAF6ABNHH8Q88CFWYYARSMB-animals,28,meta-llama/Llama-3.3-70B-Instruct-Turbo,animals,"dog
cat
mouse
guinea pig
horse
cow
pig
hen
chicken
donkey
elephant
monkey
bird
hippo
wolf
goat
bear
giraffe
antelope
ferret
rat
fish
baboon
skunk
deer
stag
leopard",lion,,tiger,,False,True,0,,iterative,11199502288516383000,tiger,False
01JVAF6ABNHH8Q88CFWYYARSMB-animals,29,meta-llama/Llama-3.3-70B-Instruct-Turbo,animals,"dog
cat
mouse
guinea pig
horse
cow
pig
hen
chicken
donkey
elephant
monkey
bird
hippo
wolf
goat
bear
giraffe
antelope
ferret
rat
fish
baboon
skunk
deer
stag
leopard
lion",cheetah,,tiger,,False,True,0,,iterative,7201961084167018000,tiger,False
01JVAF6ABNHH8Q88CFWYYARSMB-animals,30,meta-llama/Llama-3.3-70B-Instruct-Turbo,animals,"dog
cat
mouse
guinea pig
horse
cow
pig
hen
chicken
donkey
elephant
monkey
bird
hippo
wolf
goat
bear
giraffe
antelope
ferret
rat
fish
baboon
skunk
deer
stag
leopard
lion
cheetah",snake,,tiger,,False,True,0,,iterative,2463953650656754000,tiger,False
01JVAF6ABNHH8Q88CFWYYARSMB-animals,31,meta-llama/Llama-3.3-70B-Instruct-Turbo,animals,"dog
cat
mouse
guinea pig
horse
cow
pig
hen
chicken
donkey
elephant
monkey
bird
hippo
wolf
goat
bear
giraffe
antelope
ferret
rat
fish
baboon
skunk
deer
stag
leopard
lion
cheetah
snake",badger,,tiger,,False,True,0,,iterative,1552705108012513800,eel,False
01JVAF6ABNHH8Q88CFWYYARSMB-animals,32,meta-llama/Llama-3.3-70B-Instruct-Turbo,animals,"dog
cat
mouse
guinea pig
horse
cow
pig
hen
chicken
donkey
elephant
monkey
bird
hippo
wolf
goat
bear
giraffe
antelope
ferret
rat
fish
baboon
skunk
deer
stag
leopard
lion
cheetah
snake
badger",mole,,tiger,,False,True,0,,iterative,7132469175866277000,mole,True
01JVAF6ABNHH8Q88CFWYYARSMB-animals,33,meta-llama/Llama-3.3-70B-Instruct-Turbo,animals,"dog
cat
mouse
guinea pig
horse
cow
pig
hen
chicken
donkey
elephant
monkey
bird
hippo
wolf
goat
bear
giraffe
antelope
ferret
rat
fish
baboon
skunk
deer
stag
leopard
lion
cheetah
snake
badger
mole",hamster,,tiger,,False,True,0,,iterative,9754994311103310000,hedgehog,False
01JVAF6ABNHH8Q88CFWYYARSMB-animals,34,meta-llama/Llama-3.3-70B-Instruct-Turbo,animals,"dog
cat
mouse
guinea pig
horse
cow
pig
hen
chicken
donkey
elephant
monkey
bird
hippo
wolf
goat
bear
giraffe
antelope
ferret
rat
fish
baboon
skunk
deer
stag
leopard
lion
cheetah
snake
badger
mole
hamster",sealion,,squirrel,,False,True,0,,iterative,728524559594892000,marmoset,False
01JVAF6ABNHH8Q88CFWYYARSMB-animals,35,meta-llama/Llama-3.3-70B-Instruct-Turbo,animals,"dog
cat
mouse
guinea pig
horse
cow
pig
hen
chicken
donkey
elephant
monkey
bird
hippo
wolf
goat
bear
giraffe
antelope
ferret
rat
fish
baboon
skunk
deer
stag
leopard
lion
cheetah
snake
badger
mole
hamster
sea lion",vole,,otter,,False,True,0,,iterative,6885014826692461000,seal,False
01JVAF6ABNHH8Q88CFWYYARSMB-animals,36,meta-llama/Llama-3.3-70B-Instruct-Turbo,animals,"dog
cat
mouse
guinea pig
horse
cow
pig
hen
chicken
donkey
elephant
monkey
bird
hippo
wolf
goat
bear
giraffe
antelope
ferret
rat
fish
baboon
skunk
deer
stag
leopard
lion
cheetah
snake
badger
mole
hamster
sea lion
vole",fox,,otter,,False,True,0,,iterative,17109727623821371000,field mouse,False
01JVAF6ABNHH8Q88CFWYYARSMB-animals,37,meta-llama/Llama-3.3-70B-Instruct-Turbo,animals,"dog
cat
mouse
guinea pig
horse
cow
pig
hen
chicken
donkey
elephant
monkey
bird
hippo
wolf
goat
bear
giraffe
antelope
ferret
rat
fish
baboon
skunk
deer
stag
leopard
lion
cheetah
snake
badger
mole
hamster
sea lion
vole
fox",rooster,,otter,,False,True,0,,iterative,3698551615408172500,hedgehog,False
01JVAF6ABNHH8Q88CFWYYARSMB-animals,38,meta-llama/Llama-3.3-70B-Instruct-Turbo,animals,"dog
cat
mouse
guinea pig
horse
cow
pig
hen
chicken
donkey
elephant
monkey
bird
hippo
wolf
goat
bear
giraffe
antelope
ferret
rat
fish
baboon
skunk
deer
stag
leopard
lion
cheetah
snake
badger
mole
hamster
sea lion
vole
fox
rooster",gibbon,,tiger,,False,True,0,,iterative,15791685615991282000,stork,False
01JVAFF3XGFSGVZD12B5D63FYV-animals,2,meta-llama/Llama-3.3-70B-Instruct-Turbo,animals,dog,cat,,cat,,True,True,0,,iterative,47756098432700110,cat,True
01JVAFF3XGFSGVZD12B5D63FYV-animals,3,meta-llama/Llama-3.3-70B-Instruct-Turbo,animals,"dog
cat",mouse,,hamster,,False,True,0,,iterative,6828671326649703000,bird,False
01JVAFF3XGFSGVZD12B5D63FYV-animals,4,meta-llama/Llama-3.3-70B-Instruct-Turbo,animals,"dog
cat
mouse",bird,,hamster,,False,True,0,,iterative,14083103239647664000,fish,False
01JVAFF3XGFSGVZD12B5D63FYV-animals,5,meta-llama/Llama-3.3-70B-Instruct-Turbo,animals,"dog
cat
mouse
bird",tiger,,fish,,False,True,0,,iterative,1122781315575027600,horse,False
01JVAFF3XGFSGVZD12B5D63FYV-animals,6,meta-llama/Llama-3.3-70B-Instruct-Turbo,animals,"dog
cat
mouse
bird
tiger",lion,,lion,,True,True,0,,iterative,9167595916838774000,lion,True
01JVAFF3XGFSGVZD12B5D63FYV-animals,7,meta-llama/Llama-3.3-70B-Instruct-Turbo,animals,"dog
cat
mouse
bird
tiger
lion",elephant,,leopard,,False,True,0,,iterative,5084360290969910000,bear,False
01JVAFF3XGFSGVZD12B5D63FYV-animals,8,meta-llama/Llama-3.3-70B-Instruct-Turbo,animals,"dog
cat
mouse
bird
tiger
lion
elephant",deer,,giraffe,,False,True,0,,iterative,9686322739544690000,bear,False
01JVAFF3XGFSGVZD12B5D63FYV-animals,9,meta-llama/Llama-3.3-70B-Instruct-Turbo,animals,"dog
cat
mouse
bird
tiger
lion
elephant
deer",horse,,giraffe,,False,True,0,,iterative,9770835698388785000,fish,False
01JVAFF3XGFSGVZD12B5D63FYV-animals,10,meta-llama/Llama-3.3-70B-Instruct-Turbo,animals,"dog
cat
mouse
bird
tiger
lion
elephant
deer
horse",pony,,giraffe,,False,True,0,,iterative,9704951272726143000,cow,False
01JVAFF3XGFSGVZD12B5D63FYV-animals,11,meta-llama/Llama-3.3-70B-Instruct-Turbo,animals,"dog
cat
mouse
bird
tiger
lion
elephant
deer
horse
pony",sparrow,,donkey,,False,True,0,,iterative,12209070248152609000,cow,False
01JVAFF3XGFSGVZD12B5D63FYV-animals,12,meta-llama/Llama-3.3-70B-Instruct-Turbo,animals,"dog
cat
mouse
bird
tiger
lion
elephant
deer
horse
pony
sparrow",bluetit,,donkey,,False,True,0,,iterative,10462459229090503000,cow,False
01JVAFF3XGFSGVZD12B5D63FYV-animals,13,meta-llama/Llama-3.3-70B-Instruct-Turbo,animals,"dog
cat
mouse
bird
tiger
lion
elephant
deer
horse
pony
sparrow
blue tit",snake,,robin,,False,True,0,,iterative,14156421243966532000,cow,False
01JVAFF3XGFSGVZD12B5D63FYV-animals,14,meta-llama/Llama-3.3-70B-Instruct-Turbo,animals,"dog
cat
mouse
bird
tiger
lion
elephant
deer
horse
pony
sparrow
blue tit
snake",worm,,eagle,,False,True,0,,iterative,12812892916007266000,lizard,False
01JVAFF3XGFSGVZD12B5D63FYV-animals,15,meta-llama/Llama-3.3-70B-Instruct-Turbo,animals,"dog
cat
mouse
bird
tiger
lion
elephant
deer
horse
pony
sparrow
blue tit
snake
worm",ant,,frog,,False,True,0,,iterative,859241563087771300,bird,False
01JVAFF3XGFSGVZD12B5D63FYV-animals,16,meta-llama/Llama-3.3-70B-Instruct-Turbo,animals,"dog
cat
mouse
bird
tiger
lion
elephant
deer
horse
pony
sparrow
blue tit
snake
worm
ant",butterfly,,bee,,False,True,0,,iterative,4296077878986977300,spider,False
01JVAFF3XGFSGVZD12B5D63FYV-animals,17,meta-llama/Llama-3.3-70B-Instruct-Turbo,animals,"dog
cat
mouse
bird
tiger
lion
elephant
deer
horse
pony
sparrow
blue tit
snake
worm
ant
butterfly",dragonfly,,bee,,False,True,0,,iterative,7996474829538193000,moth,False
01JVAFF3XGFSGVZD12B5D63FYV-animals,18,meta-llama/Llama-3.3-70B-Instruct-Turbo,animals,"dog
cat
mouse
bird
tiger
lion
elephant
deer
horse
pony
sparrow
blue tit
snake
worm
ant
butterfly
dragonfly",beetle,,bee,,False,True,0,,iterative,6004330426851253000,moth,False
01JVAFF3XGFSGVZD12B5D63FYV-animals,19,meta-llama/Llama-3.3-70B-Instruct-Turbo,animals,"dog
cat
mouse
bird
tiger
lion
elephant
deer
horse
pony
sparrow
blue tit
snake
worm
ant
butterfly
dragonfly
beetle",earwig,,grasshopper,,False,True,0,,iterative,1770416017010486300,roach,False
01JVAFF3XGFSGVZD12B5D63FYV-animals,20,meta-llama/Llama-3.3-70B-Instruct-Turbo,animals,"dog
cat
mouse
bird
tiger
lion
elephant
deer
horse
pony
sparrow
blue tit
snake
worm
ant
butterfly
dragonfly
beetle
earwig",slug,,grasshopper,,False,True,0,,iterative,16201665895021103000,roach,False
01JVAFF3XGFSGVZD12B5D63FYV-animals,21,meta-llama/Llama-3.3-70B-Instruct-Turbo,animals,"dog
cat
mouse
bird
tiger
lion
elephant
deer
horse
pony
sparrow
blue tit
snake
worm
ant
butterfly
dragonfly
beetle
earwig
slug",snail,,snail,,True,True,0,,iterative,16912045696702085000,worm,False
01JVAFF3XGFSGVZD12B5D63FYV-animals,22,meta-llama/Llama-3.3-70B-Instruct-Turbo,animals,"dog
cat
mouse
bird
tiger
lion
elephant
deer
horse
pony
sparrow
blue tit
snake
worm
ant
butterfly
dragonfly
beetle
earwig
slug
snail",jellyfish,,leech,,False,True,0,,iterative,2478425131091932700,turtle,False
01JVAFF3XGFSGVZD12B5D63FYV-animals,23,meta-llama/Llama-3.3-70B-Instruct-Turbo,animals,"dog
cat
mouse
bird
tiger
lion
elephant
deer
horse
pony
sparrow
blue tit
snake
worm
ant
butterfly
dragonfly
beetle
earwig
slug
snail
jellyfish",octopus,,octopus,,True,True,0,,iterative,15293754459568916000,dolphin,False
01JVAFF3XGFSGVZD12B5D63FYV-animals,24,meta-llama/Llama-3.3-70B-Instruct-Turbo,animals,"dog
cat
mouse
bird
tiger
lion
elephant
deer
horse
pony
sparrow
blue tit
snake
worm
ant
butterfly
dragonfly
beetle
earwig
slug
snail
jellyfish
octopus",squid,,squid,,True,True,0,,iterative,5812858279159393000,dolphin,False
01JVAFF3XGFSGVZD12B5D63FYV-animals,25,meta-llama/Llama-3.3-70B-Instruct-Turbo,animals,"dog
cat
mouse
bird
tiger
lion
elephant
deer
horse
pony
sparrow
blue tit
snake
worm
ant
butterfly
dragonfly
beetle
earwig
slug
snail
jellyfish
octopus
squid",whale,,crab,,False,True,0,,iterative,634273374645679600,dolphin,False
01JVAFF3XGFSGVZD12B5D63FYV-animals,26,meta-llama/Llama-3.3-70B-Instruct-Turbo,animals,"dog
cat
mouse
bird
tiger
lion
elephant
deer
horse
pony
sparrow
blue tit
snake
worm
ant
butterfly
dragonfly
beetle
earwig
slug
snail
jellyfish
octopus
squid
whale",shark,,shark,,True,True,0,,iterative,14338702255599284000,dolphin,False
01JVAFF3XGFSGVZD12B5D63FYV-animals,27,meta-llama/Llama-3.3-70B-Instruct-Turbo,animals,"dog
cat
mouse
bird
tiger
lion
elephant
deer
horse
pony
sparrow
blue tit
snake
worm
ant
butterfly
dragonfly
beetle
earwig
slug
snail
jellyfish
octopus
squid
whale
shark",fish,,dolphin,,False,True,0,,iterative,17709153488453382000,dolphin,False
01JVAFF3XGFSGVZD12B5D63FYV-animals,28,meta-llama/Llama-3.3-70B-Instruct-Turbo,animals,"dog
cat
mouse
bird
tiger
lion
elephant
deer
horse
pony
sparrow
blue tit
snake
worm
ant
butterfly
dragonfly
beetle
earwig
slug
snail
jellyfish
octopus
squid
whale
shark
fish",clownfish,,seal,,False,True,0,,iterative,14466145769540483000,dolphin,False
01JVAFF3XGFSGVZD12B5D63FYV-animals,29,meta-llama/Llama-3.3-70B-Instruct-Turbo,animals,"dog
cat
mouse
bird
tiger
lion
elephant
deer
horse
pony
sparrow
blue tit
snake
worm
ant
butterfly
dragonfly
beetle
earwig
slug
snail
jellyfish
octopus
squid
whale
shark
fish
clownfish",hawk,,seahorse,,False,True,0,,iterative,17652907408751790000,dolphin,False
01JVAFF3XGFSGVZD12B5D63FYV-animals,30,meta-llama/Llama-3.3-70B-Instruct-Turbo,animals,"dog
cat
mouse
bird
tiger
lion
elephant
deer
horse
pony
sparrow
blue tit
snake
worm
ant
butterfly
dragonfly
beetle
earwig
slug
snail
jellyfish
octopus
squid
whale
shark
fish
clownfish
hawk",giraffe,,eagle,,False,True,0,,iterative,63211892643493464,eagle,False
01JVAFF3XGFSGVZD12B5D63FYV-animals,31,meta-llama/Llama-3.3-70B-Instruct-Turbo,animals,"dog
cat
mouse
bird
tiger
lion
elephant
deer
horse
pony
sparrow
blue tit
snake
worm
ant
butterfly
dragonfly
beetle
earwig
slug
snail
jellyfish
octopus
squid
whale
shark
fish
clownfish
hawk
giraffe",sheep,,zebra,,False,True,0,,iterative,8795976940666100000,monkey,False
01JVAFF3XGFSGVZD12B5D63FYV-animals,32,meta-llama/Llama-3.3-70B-Instruct-Turbo,animals,"dog
cat
mouse
bird
tiger
lion
elephant
deer
horse
pony
sparrow
blue tit
snake
worm
ant
butterfly
dragonfly
beetle
earwig
slug
snail
jellyfish
octopus
squid
whale
shark
fish
clownfish
hawk
giraffe
sheep",cow,,goat,,False,True,0,,iterative,5324035481140011000,lamb,False
01JVAFF3XGFSGVZD12B5D63FYV-animals,33,meta-llama/Llama-3.3-70B-Instruct-Turbo,animals,"dog
cat
mouse
bird
tiger
lion
elephant
deer
horse
pony
sparrow
blue tit
snake
worm
ant
butterfly
dragonfly
beetle
earwig
slug
snail
jellyfish
octopus
squid
whale
shark
fish
clownfish
hawk
giraffe
sheep
cow",anteater,,goat,,False,True,0,,iterative,14664133760837513000,moose,False
01JVAFF3XGFSGVZD12B5D63FYV-animals,34,meta-llama/Llama-3.3-70B-Instruct-Turbo,animals,"dog
cat
mouse
bird
tiger
lion
elephant
deer
horse
pony
sparrow
blue tit
snake
worm
ant
butterfly
dragonfly
beetle
earwig
slug
snail
jellyfish
octopus
squid
whale
shark
fish
clownfish
hawk
giraffe
sheep
cow
anteater",owl,,armadillo,,False,True,0,,iterative,1010119573596989000,moose,False
01JVAFF3XGFSGVZD12B5D63FYV-animals,35,meta-llama/Llama-3.3-70B-Instruct-Turbo,animals,"dog
cat
mouse
bird
tiger
lion
elephant
deer
horse
pony
sparrow
blue tit
snake
worm
ant
butterfly
dragonfly
beetle
earwig
slug
snail
jellyfish
octopus
squid
whale
shark
fish
clownfish
hawk
giraffe
sheep
cow
anteater
owl",spider,,fox,,False,True,0,,iterative,359603883333396740,eagle,False
01JVAFF3XGFSGVZD12B5D63FYV-animals,36,meta-llama/Llama-3.3-70B-Instruct-Turbo,animals,"dog
cat
mouse
bird
tiger
lion
elephant
deer
horse
pony
sparrow
blue tit
snake
worm
ant
butterfly
dragonfly
beetle
earwig
slug
snail
jellyfish
octopus
squid
whale
shark
fish
clownfish
hawk
giraffe
sheep
cow
anteater
owl
spider",wasp,,frog,,False,True,0,,iterative,1978301532763894000,roach,False
01JVAFF3XGFSGVZD12B5D63FYV-animals,37,meta-llama/Llama-3.3-70B-Instruct-Turbo,animals,"dog
cat
mouse
bird
tiger
lion
elephant
deer
horse
pony
sparrow
blue tit
snake
worm
ant
butterfly
dragonfly
beetle
earwig
slug
snail
jellyfish
octopus
squid
whale
shark
fish
clownfish
hawk
giraffe
sheep
cow
anteater
owl
spider
wasp",bee,,bee,,True,True,0,,iterative,10823823563028556000,bee,True
01JVAFF3XGFSGVZD12B5D63FYV-animals,38,meta-llama/Llama-3.3-70B-Instruct-Turbo,animals,"dog
cat
mouse
bird
tiger
lion
elephant
deer
horse
pony
sparrow
blue tit
snake
worm
ant
butterfly
dragonfly
beetle
earwig
slug
snail
jellyfish
octopus
squid
whale
shark
fish
clownfish
hawk
giraffe
sheep
cow
anteater
owl
spider
wasp
bee",fly,,hornet,,False,True,0,,iterative,15067829486917427000,hornet,False
01JVAFF3XGFSGVZD12B5D63FYV-animals,39,meta-llama/Llama-3.3-70B-Instruct-Turbo,animals,"dog
cat
mouse
bird
tiger
lion
elephant
deer
horse
pony
sparrow
blue tit
snake
worm
ant
butterfly
dragonfly
beetle
earwig
slug
snail
jellyfish
octopus
squid
whale
shark
fish
clownfish
hawk
giraffe
sheep
cow
anteater
owl
spider
wasp
bee
fly",rat,,grasshopper,,False,True,0,,iterative,3041255884568533500,eagle,False
01JVAFH4VCP5QR45HT7J409A79-animals,2,meta-llama/Llama-3.3-70B-Instruct-Turbo,animals,cat,dog,,dog,,True,True,0,,iterative,14686662913794296000,dog,True
01JVAFH4VCP5QR45HT7J409A79-animals,3,meta-llama/Llama-3.3-70B-Instruct-Turbo,animals,"cat
dog",lamb,,hamster,,False,True,0,,iterative,15753613883672265000,bone,False
01JVAFH4VCP5QR45HT7J409A79-animals,4,meta-llama/Llama-3.3-70B-Instruct-Turbo,animals,"cat
dog
lamb",tiger,,sheep,,False,True,0,,iterative,12314255757979122000,sheep,False
01JVAFH4VCP5QR45HT7J409A79-animals,5,meta-llama/Llama-3.3-70B-Instruct-Turbo,animals,"cat
dog
lamb
tiger",lion,,lion,,True,True,0,,iterative,12100519972530133000,eye,False
01JVAFH4VCP5QR45HT7J409A79-animals,6,meta-llama/Llama-3.3-70B-Instruct-Turbo,animals,"cat
dog
lamb
tiger
lion",bear,,bear,,True,True,0,,iterative,4578448645297338000,cougar,False
01JVAFH4VCP5QR45HT7J409A79-animals,7,meta-llama/Llama-3.3-70B-Instruct-Turbo,animals,"cat
dog
lamb
tiger
lion
bear",goat,,monkey,,False,True,0,,iterative,15435205513957026000,fish,False
01JVAFH4VCP5QR45HT7J409A79-animals,8,meta-llama/Llama-3.3-70B-Instruct-Turbo,animals,"cat
dog
lamb
tiger
lion
bear
goat",sheep,,wolf,,False,True,0,,iterative,14747808463580260000,sheep,True
01JVAFH4VCP5QR45HT7J409A79-animals,9,meta-llama/Llama-3.3-70B-Instruct-Turbo,animals,"cat
dog
lamb
tiger
lion
bear
goat
sheep",bird,,wolf,,False,True,0,,iterative,13589548923866237000,horse,False
01JVAFH4VCP5QR45HT7J409A79-animals,10,meta-llama/Llama-3.3-70B-Instruct-Turbo,animals,"cat
dog
lamb
tiger
lion
bear
goat
sheep
bird",lizard,,horse,,False,True,0,,iterative,11463780612807426000,fish,False
01JVAFH4VCP5QR45HT7J409A79-animals,11,meta-llama/Llama-3.3-70B-Instruct-Turbo,animals,"cat
dog
lamb
tiger
lion
bear
goat
sheep
bird
lizard",iguana,,snake,,False,True,0,,iterative,10732387422708760000,snake,False
01JVAFH4VCP5QR45HT7J409A79-animals,12,meta-llama/Llama-3.3-70B-Instruct-Turbo,animals,"cat
dog
lamb
tiger
lion
bear
goat
sheep
bird
lizard
iguana",goose,,snake,,False,True,0,,iterative,7601055863496375000,snake,False
01JVAFH4VCP5QR45HT7J409A79-animals,13,meta-llama/Llama-3.3-70B-Instruct-Turbo,animals,"cat
dog
lamb
tiger
lion
bear
goat
sheep
bird
lizard
iguana
goose",leopard,,snake,,False,True,0,,iterative,2515504276621153000,swan,False
01JVAFH4VCP5QR45HT7J409A79-animals,14,meta-llama/Llama-3.3-70B-Instruct-Turbo,animals,"cat
dog
lamb
tiger
lion
bear
goat
sheep
bird
lizard
iguana
goose
leopard",fly,,monkey,,False,True,0,,iterative,12775304849776755000,cougar,False
01JVAFH4VCP5QR45HT7J409A79-animals,15,meta-llama/Llama-3.3-70B-Instruct-Turbo,animals,"cat
dog
lamb
tiger
lion
bear
goat
sheep
bird
lizard
iguana
goose
leopard
fly",ant,,butterfly,,False,True,0,,iterative,679092130158708600,ant,True
01JVAFH4VCP5QR45HT7J409A79-animals,16,meta-llama/Llama-3.3-70B-Instruct-Turbo,animals,"cat
dog
lamb
tiger
lion
bear
goat
sheep
bird
lizard
iguana
goose
leopard
fly
ant",spider,,bee,,False,True,0,,iterative,2773587134172923000,anteater,False
01JVAFH4VCP5QR45HT7J409A79-animals,17,meta-llama/Llama-3.3-70B-Instruct-Turbo,animals,"cat
dog
lamb
tiger
lion
bear
goat
sheep
bird
lizard
iguana
goose
leopard
fly
ant
spider",squirrel,,butterfly,,False,True,0,,iterative,16567654277560426000,snake,False
01JVAFH4VCP5QR45HT7J409A79-animals,18,meta-llama/Llama-3.3-70B-Instruct-Turbo,animals,"cat
dog
lamb
tiger
lion
bear
goat
sheep
bird
lizard
iguana
goose
leopard
fly
ant
spider
squirrel",fox,,mouse,,False,True,0,,iterative,15355199967959943000,mouse,False
01JVAFH4VCP5QR45HT7J409A79-animals,19,meta-llama/Llama-3.3-70B-Instruct-Turbo,animals,"cat
dog
lamb
tiger
lion
bear
goat
sheep
bird
lizard
iguana
goose
leopard
fly
ant
spider
squirrel
fox",skunk,,raccoon,,False,True,0,,iterative,8641135214580588000,coyote,False
01JVAFH4VCP5QR45HT7J409A79-animals,20,meta-llama/Llama-3.3-70B-Instruct-Turbo,animals,"cat
dog
lamb
tiger
lion
bear
goat
sheep
bird
lizard
iguana
goose
leopard
fly
ant
spider
squirrel
fox
skunk",horse,,raccoon,,False,True,0,,iterative,9682108029488249000,raccoon,False
01JVAFH4VCP5QR45HT7J409A79-animals,21,meta-llama/Llama-3.3-70B-Instruct-Turbo,animals,"cat
dog
lamb
tiger
lion
bear
goat
sheep
bird
lizard
iguana
goose
leopard
fly
ant
spider
squirrel
fox
skunk
horse",cow,,raccoon,,False,True,0,,iterative,2626258867683465000,cow,True
01JVAFH4VCP5QR45HT7J409A79-animals,22,meta-llama/Llama-3.3-70B-Instruct-Turbo,animals,"cat
dog
lamb
tiger
lion
bear
goat
sheep
bird
lizard
iguana
goose
leopard
fly
ant
spider
squirrel
fox
skunk
horse
cow",chicken,,pig,,False,True,0,,iterative,7600749340385981000,donkey,False
01JVAFH4VCP5QR45HT7J409A79-animals,23,meta-llama/Llama-3.3-70B-Instruct-Turbo,animals,"cat
dog
lamb
tiger
lion
bear
goat
sheep
bird
lizard
iguana
goose
leopard
fly
ant
spider
squirrel
fox
skunk
horse
cow
chicken",rooster,,pig,,False,True,0,,iterative,1726215562455206400,turkey,False
01JVAFH4VCP5QR45HT7J409A79-animals,24,meta-llama/Llama-3.3-70B-Instruct-Turbo,animals,"cat
dog
lamb
tiger
lion
bear
goat
sheep
bird
lizard
iguana
goose
leopard
fly
ant
spider
squirrel
fox
skunk
horse
cow
chicken
rooster",bull,,turkey,,False,True,0,,iterative,9634710158786214000,hen,False
01JVAFH4VCP5QR45HT7J409A79-animals,25,meta-llama/Llama-3.3-70B-Instruct-Turbo,animals,"cat
dog
lamb
tiger
lion
bear
goat
sheep
bird
lizard
iguana
goose
leopard
fly
ant
spider
squirrel
fox
skunk
horse
cow
chicken
rooster
bull",veal,,pig,,False,True,0,,iterative,17239507387359130000,fish,False
01JVAFH4VCP5QR45HT7J409A79-animals,26,meta-llama/Llama-3.3-70B-Instruct-Turbo,animals,"cat
dog
lamb
tiger
lion
bear
goat
sheep
bird
lizard
iguana
goose
leopard
fly
ant
spider
squirrel
fox
skunk
horse
cow
chicken
rooster
bull
veal",panda,,pig,,False,True,0,,iterative,2580617490409931000,beef,False
01JVAFH4VCP5QR45HT7J409A79-animals,27,meta-llama/Llama-3.3-70B-Instruct-Turbo,animals,"cat
dog
lamb
tiger
lion
bear
goat
sheep
bird
lizard
iguana
goose
leopard
fly
ant
spider
squirrel
fox
skunk
horse
cow
chicken
rooster
bull
veal
panda",brownbear,,monkey,,False,True,0,,iterative,41996977661580510,koala,False
01JVAFH4VCP5QR45HT7J409A79-animals,28,meta-llama/Llama-3.3-70B-Instruct-Turbo,animals,"cat
dog
lamb
tiger
lion
bear
goat
sheep
bird
lizard
iguana
goose
leopard
fly
ant
spider
squirrel
fox
skunk
horse
cow
chicken
rooster
bull
veal
panda
brown bear",polarbear,,monkey,,False,True,0,,iterative,9505158434528289000,polar bear,True
01JVAFH4VCP5QR45HT7J409A79-animals,29,meta-llama/Llama-3.3-70B-Instruct-Turbo,animals,"cat
dog
lamb
tiger
lion
bear
goat
sheep
bird
lizard
iguana
goose
leopard
fly
ant
spider
squirrel
fox
skunk
horse
cow
chicken
rooster
bull
veal
panda
brown bear
polar bear",blackbear,,walrus,,False,True,0,,iterative,3683142048851403000,penguin,False
01JVAFH4VCP5QR45HT7J409A79-animals,30,meta-llama/Llama-3.3-70B-Instruct-Turbo,animals,"cat
dog
lamb
tiger
lion
bear
goat
sheep
bird
lizard
iguana
goose
leopard
fly
ant
spider
squirrel
fox
skunk
horse
cow
chicken
rooster
bull
veal
panda
brown bear
polar bear
black bear",grizzlybear,,grizzlybear,,True,True,0,,iterative,3827163619181969400,grizzly bear,True
01JVAFH4VCP5QR45HT7J409A79-animals,31,meta-llama/Llama-3.3-70B-Instruct-Turbo,animals,"cat
dog
lamb
tiger
lion
bear
goat
sheep
bird
lizard
iguana
goose
leopard
fly
ant
spider
squirrel
fox
skunk
horse
cow
chicken
rooster
bull
veal
panda
brown bear
polar bear
black bear
grizzly bear",human,,wolf,,False,True,0,,iterative,341754438691140000,sun bear,False
01JVAFH4VCP5QR45HT7J409A79-animals,32,meta-llama/Llama-3.3-70B-Instruct-Turbo,animals,"cat
dog
lamb
tiger
lion
bear
goat
sheep
bird
lizard
iguana
goose
leopard
fly
ant
spider
squirrel
fox
skunk
horse
cow
chicken
rooster
bull
veal
panda
brown bear
polar bear
black bear
grizzly bear
human",ostrich,,monkey,,False,True,0,,iterative,14626256605771198000,gorilla,False
01JVAFH4VCP5QR45HT7J409A79-animals,33,meta-llama/Llama-3.3-70B-Instruct-Turbo,animals,"cat
dog
lamb
tiger
lion
bear
goat
sheep
bird
lizard
iguana
goose
leopard
fly
ant
spider
squirrel
fox
skunk
horse
cow
chicken
rooster
bull
veal
panda
brown bear
polar bear
black bear
grizzly bear
human
ostrich",koala,,monkey,,False,True,0,,iterative,13777034091657513000,flamingo,False
01JVAFH4VCP5QR45HT7J409A79-animals,34,meta-llama/Llama-3.3-70B-Instruct-Turbo,animals,"cat
dog
lamb
tiger
lion
bear
goat
sheep
bird
lizard
iguana
goose
leopard
fly
ant
spider
squirrel
fox
skunk
horse
cow
chicken
rooster
bull
veal
panda
brown bear
polar bear
black bear
grizzly bear
human
ostrich
koala",worm,,kangaroo,,False,True,0,,iterative,14154151643907564000,kangaroo,False
01JVAFH4VCP5QR45HT7J409A79-animals,35,meta-llama/Llama-3.3-70B-Instruct-Turbo,animals,"cat
dog
lamb
tiger
lion
bear
goat
sheep
bird
lizard
iguana
goose
leopard
fly
ant
spider
squirrel
fox
skunk
horse
cow
chicken
rooster
bull
veal
panda
brown bear
polar bear
black bear
grizzly bear
human
ostrich
koala
worm",squid,,kangaroo,,False,True,0,,iterative,12712808358924978000,ferret,False
01JVAFH4VCP5QR45HT7J409A79-animals,36,meta-llama/Llama-3.3-70B-Instruct-Turbo,animals,"cat
dog
lamb
tiger
lion
bear
goat
sheep
bird
lizard
iguana
goose
leopard
fly
ant
spider
squirrel
fox
skunk
horse
cow
chicken
rooster
bull
veal
panda
brown bear
polar bear
black bear
grizzly bear
human
ostrich
koala
worm
squid",salmon,,octopus,,False,True,0,,iterative,12703014863815246000,fish,False
01JVAFH4VCP5QR45HT7J409A79-animals,37,meta-llama/Llama-3.3-70B-Instruct-Turbo,animals,"cat
dog
lamb
tiger
lion
bear
goat
sheep
bird
lizard
iguana
goose
leopard
fly
ant
spider
squirrel
fox
skunk
horse
cow
chicken
rooster
bull
veal
panda
brown bear
polar bear
black bear
grizzly bear
human
ostrich
koala
worm
squid
salmon",tuna,,shark,,False,True,0,,iterative,12589405683556608000,fish,False
01JVAFH4VCP5QR45HT7J409A79-animals,38,meta-llama/Llama-3.3-70B-Instruct-Turbo,animals,"cat
dog
lamb
tiger
lion
bear
goat
sheep
bird
lizard
iguana
goose
leopard
fly
ant
spider
squirrel
fox
skunk
horse
cow
chicken
rooster
bull
veal
panda
brown bear
polar bear
black bear
grizzly bear
human
ostrich
koala
worm
squid
salmon
tuna",fish,,shark,,False,True,0,,iterative,9394391882338589000,walleye,False
01JVAFH4VCP5QR45HT7J409A79-animals,39,meta-llama/Llama-3.3-70B-Instruct-Turbo,animals,"cat
dog
lamb
tiger
lion
bear
goat
sheep
bird
lizard
iguana
goose
leopard
fly
ant
spider
squirrel
fox
skunk
horse
cow
chicken
rooster
bull
veal
panda
brown bear
polar bear
black bear
grizzly bear
human
ostrich
koala
worm
squid
salmon
tuna
fish",porcupine,,shark,,False,True,0,,iterative,8837344072084773000,octopus,False
01JVAFH4VCP5QR45HT7J409A79-animals,40,meta-llama/Llama-3.3-70B-Instruct-Turbo,animals,"cat
dog
lamb
tiger
lion
bear
goat
sheep
bird
lizard
iguana
goose
leopard
fly
ant
spider
squirrel
fox
skunk
horse
cow
chicken
rooster
bull
veal
panda
brown bear
polar bear
black bear
grizzly bear
human
ostrich
koala
worm
squid
salmon
tuna
fish
porcupine",llama,,raccoon,,False,True,0,,iterative,1445624699873735200,hedgehog,False
01JVAFH4VCP5QR45HT7J409A79-animals,41,meta-llama/Llama-3.3-70B-Instruct-Turbo,animals,"cat
dog
lamb
tiger
lion
bear
goat
sheep
bird
lizard
iguana
goose
leopard
fly
ant
spider
squirrel
fox
skunk
horse
cow
chicken
rooster
bull
veal
panda
brown bear
polar bear
black bear
grizzly bear
human
ostrich
koala
worm
squid
salmon
tuna
fish
porcupine
llama",butterfly,,alpaca,,False,True,0,,iterative,5645878403620172000,alpaca,False
01JVAFH4VCP5QR45HT7J409A79-animals,42,meta-llama/Llama-3.3-70B-Instruct-Turbo,animals,"cat
dog
lamb
tiger
lion
bear
goat
sheep
bird
lizard
iguana
goose
leopard
fly
ant
spider
squirrel
fox
skunk
horse
cow
chicken
rooster
bull
veal
panda
brown bear
polar bear
black bear
grizzly bear
human
ostrich
koala
worm
squid
salmon
tuna
fish
porcupine
llama
butterfly",maggot,,deer,,False,True,0,,iterative,3221663549261953000,dragonfly,False
01JVAFH4VCP5QR45HT7J409A79-animals,43,meta-llama/Llama-3.3-70B-Instruct-Turbo,animals,"cat
dog
lamb
tiger
lion
bear
goat
sheep
bird
lizard
iguana
goose
leopard
fly
ant
spider
squirrel
fox
skunk
horse
cow
chicken
rooster
bull
veal
panda
brown bear
polar bear
black bear
grizzly bear
human
ostrich
koala
worm
squid
salmon
tuna
fish
porcupine
llama
butterfly
maggot",pig,,frog,,False,True,0,,iterative,4806830177775718000,bug,False
01JVAFH4VCP5QR45HT7J409A79-animals,44,meta-llama/Llama-3.3-70B-Instruct-Turbo,animals,"cat
dog
lamb
tiger
lion
bear
goat
sheep
bird
lizard
iguana
goose
leopard
fly
ant
spider
squirrel
fox
skunk
horse
cow
chicken
rooster
bull
veal
panda
brown bear
polar bear
black bear
grizzly bear
human
ostrich
koala
worm
squid
salmon
tuna
fish
porcupine
llama
butterfly
maggot
pig",sparrow,,deer,,False,True,0,,iterative,3089595377209983500,rabbit,False
01JVAFH4VCP5QR45HT7J409A79-animals,45,meta-llama/Llama-3.3-70B-Instruct-Turbo,animals,"cat
dog
lamb
tiger
lion
bear
goat
sheep
bird
lizard
iguana
goose
leopard
fly
ant
spider
squirrel
fox
skunk
horse
cow
chicken
rooster
bull
veal
panda
brown bear
polar bear
black bear
grizzly bear
human
ostrich
koala
worm
squid
salmon
tuna
fish
porcupine
llama
butterfly
maggot
pig
sparrow",bluejay,,turkey,,False,True,0,,iterative,4718964130177042000,blue jay,True
01JVAFH4VCP5QR45HT7J409A79-animals,46,meta-llama/Llama-3.3-70B-Instruct-Turbo,animals,"cat
dog
lamb
tiger
lion
bear
goat
sheep
bird
lizard
iguana
goose
leopard
fly
ant
spider
squirrel
fox
skunk
horse
cow
chicken
rooster
bull
veal
panda
brown bear
polar bear
black bear
grizzly bear
human
ostrich
koala
worm
squid
salmon
tuna
fish
porcupine
llama
butterfly
maggot
pig
sparrow
blue jay",alligator,,raccoon,,False,True,0,,iterative,3445863350943832000,robin,False
01JVAFH4VCP5QR45HT7J409A79-animals,47,meta-llama/Llama-3.3-70B-Instruct-Turbo,animals,"cat
dog
lamb
tiger
lion
bear
goat
sheep
bird
lizard
iguana
goose
leopard
fly
ant
spider
squirrel
fox
skunk
horse
cow
chicken
rooster
bull
veal
panda
brown bear
polar bear
black bear
grizzly bear
human
ostrich
koala
worm
squid
salmon
tuna
fish
porcupine
llama
butterfly
maggot
pig
sparrow
blue jay
alligator",crocodile,,crocodile,,True,True,0,,iterative,10185275799149724000,crocodile,True
01JVAFH4VCP5QR45HT7J409A79-animals,48,meta-llama/Llama-3.3-70B-Instruct-Turbo,animals,"cat
dog
lamb
tiger
lion
bear
goat
sheep
bird
lizard
iguana
goose
leopard
fly
ant
spider
squirrel
fox
skunk
horse
cow
chicken
rooster
bull
veal
panda
brown bear
polar bear
black bear
grizzly bear
human
ostrich
koala
worm
squid
salmon
tuna
fish
porcupine
llama
butterfly
maggot
pig
sparrow
blue jay
alligator
crocodile",otter,,turtle,,False,True,0,,iterative,10621608362206132000,snake,False
01JVAFH4VCP5QR45HT7J409A79-animals,49,meta-llama/Llama-3.3-70B-Instruct-Turbo,animals,"cat
dog
lamb
tiger
lion
bear
goat
sheep
bird
lizard
iguana
goose
leopard
fly
ant
spider
squirrel
fox
skunk
horse
cow
chicken
rooster
bull
veal
panda
brown bear
polar bear
black bear
grizzly bear
human
ostrich
koala
worm
squid
salmon
tuna
fish
porcupine
llama
butterfly
maggot
pig
sparrow
blue jay
alligator
crocodile
otter",seaurchin,,raccoon,,False,True,0,,iterative,1348277930500104000,ferret,False
01JVAFH4VCP5QR45HT7J409A79-animals,50,meta-llama/Llama-3.3-70B-Instruct-Turbo,animals,"cat
dog
lamb
tiger
lion
bear
goat
sheep
bird
lizard
iguana
goose
leopard
fly
ant
spider
squirrel
fox
skunk
horse
cow
chicken
rooster
bull
veal
panda
brown bear
polar bear
black bear
grizzly bear
human
ostrich
koala
worm
squid
salmon
tuna
fish
porcupine
llama
butterfly
maggot
pig
sparrow
blue jay
alligator
crocodile
otter
sea urchin",horsefly,,octopus,,False,True,0,,iterative,17642214843763591000,coral,False
01JVAFH4VCP5QR45HT7J409A79-animals,51,meta-llama/Llama-3.3-70B-Instruct-Turbo,animals,"cat
dog
lamb
tiger
lion
bear
goat
sheep
bird
lizard
iguana
goose
leopard
fly
ant
spider
squirrel
fox
skunk
horse
cow
chicken
rooster
bull
veal
panda
brown bear
polar bear
black bear
grizzly bear
human
ostrich
koala
worm
squid
salmon
tuna
fish
porcupine
llama
butterfly
maggot
pig
sparrow
blue jay
alligator
crocodile
otter
sea urchin
horsefly",monkey,,dragonfly,,False,True,0,,iterative,18387767018949487000,dragonfly,False
01JVAFH4VCP5QR45HT7J409A79-animals,52,meta-llama/Llama-3.3-70B-Instruct-Turbo,animals,"cat
dog
lamb
tiger
lion
bear
goat
sheep
bird
lizard
iguana
goose
leopard
fly
ant
spider
squirrel
fox
skunk
horse
cow
chicken
rooster
bull
veal
panda
brown bear
polar bear
black bear
grizzly bear
human
ostrich
koala
worm
squid
salmon
tuna
fish
porcupine
llama
butterfly
maggot
pig
sparrow
blue jay
alligator
crocodile
otter
sea urchin
horsefly
monkey",chimpanzee,,gorilla,,False,True,0,,iterative,15093403792244732000,gorilla,False
01JVAFN3CV9XMSN70B88BMN7DM-animals,2,meta-llama/Llama-3.3-70B-Instruct-Turbo,animals,cat,dog,,dog,,True,True,0,,iterative,2406696388369908700,dog,True
01JVAFN3CV9XMSN70B88BMN7DM-animals,3,meta-llama/Llama-3.3-70B-Instruct-Turbo,animals,"cat
dog",rabbit,,hamster,,False,True,0,,iterative,5533179204238799000,puppy,False
01JVAFN3CV9XMSN70B88BMN7DM-animals,4,meta-llama/Llama-3.3-70B-Instruct-Turbo,animals,"cat
dog
rabbit",horse,,hamster,,False,True,0,,iterative,13787233138258282000,turtle,False
01JVAFN3CV9XMSN70B88BMN7DM-animals,5,meta-llama/Llama-3.3-70B-Instruct-Turbo,animals,"cat
dog
rabbit
horse",pig,,cow,,False,True,0,,iterative,17827096661858918000,cow,False
01JVAFN3CV9XMSN70B88BMN7DM-animals,6,meta-llama/Llama-3.3-70B-Instruct-Turbo,animals,"cat
dog
rabbit
horse
pig",sheep,,cow,,False,True,0,,iterative,15980194941695425000,cow,False
01JVAFN3CV9XMSN70B88BMN7DM-animals,7,meta-llama/Llama-3.3-70B-Instruct-Turbo,animals,"cat
dog
rabbit
horse
pig
sheep",lamb,,cow,,False,True,0,,iterative,14465155634903190000,cow,False
01JVAFN3CV9XMSN70B88BMN7DM-animals,8,meta-llama/Llama-3.3-70B-Instruct-Turbo,animals,"cat
dog
rabbit
horse
pig
sheep
lamb",foal,,goat,,False,True,0,,iterative,1676047737668213800,cow,False
01JVAFN3CV9XMSN70B88BMN7DM-animals,9,meta-llama/Llama-3.3-70B-Instruct-Turbo,animals,"cat
dog
rabbit
horse
pig
sheep
lamb
foal",stallion,,calf,,False,True,0,,iterative,7997858062572858000,cow,False
01JVAFN3CV9XMSN70B88BMN7DM-animals,10,meta-llama/Llama-3.3-70B-Instruct-Turbo,animals,"cat
dog
rabbit
horse
pig
sheep
lamb
foal
stallion",mare,,donkey,,False,True,0,,iterative,1739855958235996000,cow,False
01JVAFN3CV9XMSN70B88BMN7DM-animals,11,meta-llama/Llama-3.3-70B-Instruct-Turbo,animals,"cat
dog
rabbit
horse
pig
sheep
lamb
foal
stallion
mare",llama,,donkey,,False,True,0,,iterative,11694583659881488000,cow,False
01JVAFN3CV9XMSN70B88BMN7DM-animals,12,meta-llama/Llama-3.3-70B-Instruct-Turbo,animals,"cat
dog
rabbit
horse
pig
sheep
lamb
foal
stallion
mare
llama",alpaca,,donkey,,False,True,0,,iterative,1532443360313321500,cow,False
01JVAFN3CV9XMSN70B88BMN7DM-animals,13,meta-llama/Llama-3.3-70B-Instruct-Turbo,animals,"cat
dog
rabbit
horse
pig
sheep
lamb
foal
stallion
mare
llama
alpaca",sloth,,donkey,,False,True,0,,iterative,8519085641516577000,ostrich,False
01JVAFN3CV9XMSN70B88BMN7DM-animals,14,meta-llama/Llama-3.3-70B-Instruct-Turbo,animals,"cat
dog
rabbit
horse
pig
sheep
lamb
foal
stallion
mare
llama
alpaca
sloth",penguin,,armadillo,,False,True,0,,iterative,244460518147484540,panda,False
01JVAFN3CV9XMSN70B88BMN7DM-animals,15,meta-llama/Llama-3.3-70B-Instruct-Turbo,animals,"cat
dog
rabbit
horse
pig
sheep
lamb
foal
stallion
mare
llama
alpaca
sloth
penguin",parrot,,koala,,False,True,0,,iterative,7903655496046932000,seal,False
01JVAFN3CV9XMSN70B88BMN7DM-animals,16,meta-llama/Llama-3.3-70B-Instruct-Turbo,animals,"cat
dog
rabbit
horse
pig
sheep
lamb
foal
stallion
mare
llama
alpaca
sloth
penguin
parrot",budgie,,kangaroo,,False,True,0,,iterative,16258526788101632000,chicken,False
01JVAFN3CV9XMSN70B88BMN7DM-animals,17,meta-llama/Llama-3.3-70B-Instruct-Turbo,animals,"cat
dog
rabbit
horse
pig
sheep
lamb
foal
stallion
mare
llama
alpaca
sloth
penguin
parrot
budgie",magpie,,kangaroo,,False,True,0,,iterative,17113241455887077000,elephant,False
01JVAFN3CV9XMSN70B88BMN7DM-animals,18,meta-llama/Llama-3.3-70B-Instruct-Turbo,animals,"cat
dog
rabbit
horse
pig
sheep
lamb
foal
stallion
mare
llama
alpaca
sloth
penguin
parrot
budgie
magpie",eagle,,cockatoo,,False,True,0,,iterative,11519162430242075000,crow,False
01JVAFN3CV9XMSN70B88BMN7DM-animals,19,meta-llama/Llama-3.3-70B-Instruct-Turbo,animals,"cat
dog
rabbit
horse
pig
sheep
lamb
foal
stallion
mare
llama
alpaca
sloth
penguin
parrot
budgie
magpie
eagle",vulture,,vulture,,True,True,0,,iterative,16400145813923210000,buzzard,False
01JVAFN3CV9XMSN70B88BMN7DM-animals,20,meta-llama/Llama-3.3-70B-Instruct-Turbo,animals,"cat
dog
rabbit
horse
pig
sheep
lamb
foal
stallion
mare
llama
alpaca
sloth
penguin
parrot
budgie
magpie
eagle
vulture",goat,,hawk,,False,True,0,,iterative,15305809010909241000,buzzard,False
01JVAFN3CV9XMSN70B88BMN7DM-animals,21,meta-llama/Llama-3.3-70B-Instruct-Turbo,animals,"cat
dog
rabbit
horse
pig
sheep
lamb
foal
stallion
mare
llama
alpaca
sloth
penguin
parrot
budgie
magpie
eagle
vulture
goat",cow,,donkey,,False,True,0,,iterative,16774566065751226000,cow,True
01JVAFN3CV9XMSN70B88BMN7DM-animals,22,meta-llama/Llama-3.3-70B-Instruct-Turbo,animals,"cat
dog
rabbit
horse
pig
sheep
lamb
foal
stallion
mare
llama
alpaca
sloth
penguin
parrot
budgie
magpie
eagle
vulture
goat
cow",shark,,bull,,False,True,0,,iterative,2665261505317324000,calf,False
01JVAFN3CV9XMSN70B88BMN7DM-animals,23,meta-llama/Llama-3.3-70B-Instruct-Turbo,animals,"cat
dog
rabbit
horse
pig
sheep
lamb
foal
stallion
mare
llama
alpaca
sloth
penguin
parrot
budgie
magpie
eagle
vulture
goat
cow
shark",fish,,dolphin,,False,True,0,,iterative,15127962176330795000,whale,False
01JVAFN3CV9XMSN70B88BMN7DM-animals,24,meta-llama/Llama-3.3-70B-Instruct-Turbo,animals,"cat
dog
rabbit
horse
pig
sheep
lamb
foal
stallion
mare
llama
alpaca
sloth
penguin
parrot
budgie
magpie
eagle
vulture
goat
cow
shark
fish",dolphin,,octopus,,False,True,0,,iterative,5151604010720328000,turtle,False
01JVAFN3CV9XMSN70B88BMN7DM-animals,25,meta-llama/Llama-3.3-70B-Instruct-Turbo,animals,"cat
dog
rabbit
horse
pig
sheep
lamb
foal
stallion
mare
llama
alpaca
sloth
penguin
parrot
budgie
magpie
eagle
vulture
goat
cow
shark
fish
dolphin",caterpillar,,whale,,False,True,0,,iterative,3592479701376964600,whale,False
01JVAFN3CV9XMSN70B88BMN7DM-animals,26,meta-llama/Llama-3.3-70B-Instruct-Turbo,animals,"cat
dog
rabbit
horse
pig
sheep
lamb
foal
stallion
mare
llama
alpaca
sloth
penguin
parrot
budgie
magpie
eagle
vulture
goat
cow
shark
fish
dolphin
caterpillar",butterfly,,butterfly,,True,True,0,,iterative,870565801095870600,butterfly,True
01JVAFN3CV9XMSN70B88BMN7DM-animals,27,meta-llama/Llama-3.3-70B-Instruct-Turbo,animals,"cat
dog
rabbit
horse
pig
sheep
lamb
foal
stallion
mare
llama
alpaca
sloth
penguin
parrot
budgie
magpie
eagle
vulture
goat
cow
shark
fish
dolphin
caterpillar
butterfly",spider,,bee,,False,True,0,,iterative,6503724310259798000,worm,False
01JVAFN3CV9XMSN70B88BMN7DM-animals,28,meta-llama/Llama-3.3-70B-Instruct-Turbo,animals,"cat
dog
rabbit
horse
pig
sheep
lamb
foal
stallion
mare
llama
alpaca
sloth
penguin
parrot
budgie
magpie
eagle
vulture
goat
cow
shark
fish
dolphin
caterpillar
butterfly
spider",parakeet,,bee,,False,True,0,,iterative,4013873385163873000,ant,False
01JVAFN3CV9XMSN70B88BMN7DM-animals,29,meta-llama/Llama-3.3-70B-Instruct-Turbo,animals,"cat
dog
rabbit
horse
pig
sheep
lamb
foal
stallion
mare
llama
alpaca
sloth
penguin
parrot
budgie
magpie
eagle
vulture
goat
cow
shark
fish
dolphin
caterpillar
butterfly
spider
parakeet",piglet,,finch,,False,True,0,,iterative,6409420276184559000,ant,False
01JVAGG43CV4DMKYX74SNT1YAP-animals,2,meta-llama/Llama-3.3-70B-Instruct-Turbo,animals,dog,cat,,cat,,True,True,0,,iterative,7870417336097353000,cat,True
01JVAGG43CV4DMKYX74SNT1YAP-animals,3,meta-llama/Llama-3.3-70B-Instruct-Turbo,animals,"dog
cat",tiger,,hamster,,False,True,0,,iterative,8524499913378578000,mouse,False
01JVAGG43CV4DMKYX74SNT1YAP-animals,4,meta-llama/Llama-3.3-70B-Instruct-Turbo,animals,"dog
cat
tiger",lion,,lion,,True,True,0,,iterative,6190045938989221000,lion,True
01JVAGG43CV4DMKYX74SNT1YAP-animals,5,meta-llama/Llama-3.3-70B-Instruct-Turbo,animals,"dog
cat
tiger
lion",elephant,,leopard,,False,True,0,,iterative,14650347012960430000,cheetah,False
01JVAGG43CV4DMKYX74SNT1YAP-animals,6,meta-llama/Llama-3.3-70B-Instruct-Turbo,animals,"dog
cat
tiger
lion
elephant",jackal,,giraffe,,False,True,0,,iterative,9291237354210535000,zebra,False
01JVAGG43CV4DMKYX74SNT1YAP-animals,7,meta-llama/Llama-3.3-70B-Instruct-Turbo,animals,"dog
cat
tiger
lion
elephant
jackal",hyena,,hyena,,True,True,0,,iterative,1578664031973659400,zebra,False
01JVAGG43CV4DMKYX74SNT1YAP-animals,8,meta-llama/Llama-3.3-70B-Instruct-Turbo,animals,"dog
cat
tiger
lion
elephant
jackal
hyena",blackbear,,leopard,,False,True,0,,iterative,11629336319449370000,warthog,False
01JVAGG43CV4DMKYX74SNT1YAP-animals,9,meta-llama/Llama-3.3-70B-Instruct-Turbo,animals,"dog
cat
tiger
lion
elephant
jackal
hyena
black bear",brownbear,,wolf,,False,True,0,,iterative,1779965410170994700,polar bear,False
01JVAGG43CV4DMKYX74SNT1YAP-animals,10,meta-llama/Llama-3.3-70B-Instruct-Turbo,animals,"dog
cat
tiger
lion
elephant
jackal
hyena
black bear
brown bear",polarbear,,polarbear,,True,True,0,,iterative,7971396624463129000,polar bear,True
01JVAGG43CV4DMKYX74SNT1YAP-animals,11,meta-llama/Llama-3.3-70B-Instruct-Turbo,animals,"dog
cat
tiger
lion
elephant
jackal
hyena
black bear
brown bear
polar bear",hippo,,arcticfox,,False,True,0,,iterative,4942998135863423000,penguin,False
01JVAGG43CV4DMKYX74SNT1YAP-animals,12,meta-llama/Llama-3.3-70B-Instruct-Turbo,animals,"dog
cat
tiger
lion
elephant
jackal
hyena
black bear
brown bear
polar bear
hippo",pig,,rhinoceros,,False,True,0,,iterative,17824541735365325000,rhino,False
01JVAGG43CV4DMKYX74SNT1YAP-animals,13,meta-llama/Llama-3.3-70B-Instruct-Turbo,animals,"dog
cat
tiger
lion
elephant
jackal
hyena
black bear
brown bear
polar bear
hippo
pig",cow,,giraffe,,False,True,0,,iterative,6805564365344167000,meerkat,False
01JVAGG43CV4DMKYX74SNT1YAP-animals,14,meta-llama/Llama-3.3-70B-Instruct-Turbo,animals,"dog
cat
tiger
lion
elephant
jackal
hyena
black bear
brown bear
polar bear
hippo
pig
cow",chicken,,sheep,,False,True,0,,iterative,5787681402804980000,chicken,True
01JVAGG43CV4DMKYX74SNT1YAP-animals,15,meta-llama/Llama-3.3-70B-Instruct-Turbo,animals,"dog
cat
tiger
lion
elephant
jackal
hyena
black bear
brown bear
polar bear
hippo
pig
cow
chicken",rooster,,horse,,False,True,0,,iterative,1893719119487413200,lamb,False
01JVAGG43CV4DMKYX74SNT1YAP-animals,16,meta-llama/Llama-3.3-70B-Instruct-Turbo,animals,"dog
cat
tiger
lion
elephant
jackal
hyena
black bear
brown bear
polar bear
hippo
pig
cow
chicken
rooster",fox,,horse,,False,True,0,,iterative,7702154419462404000,duck,False
01JVAGG43CV4DMKYX74SNT1YAP-animals,17,meta-llama/Llama-3.3-70B-Instruct-Turbo,animals,"dog
cat
tiger
lion
elephant
jackal
hyena
black bear
brown bear
polar bear
hippo
pig
cow
chicken
rooster
fox",bird,,horse,,False,True,0,,iterative,5958918656345268000,hen,False
01JVAGG43CV4DMKYX74SNT1YAP-animals,18,meta-llama/Llama-3.3-70B-Instruct-Turbo,animals,"dog
cat
tiger
lion
elephant
jackal
hyena
black bear
brown bear
polar bear
hippo
pig
cow
chicken
rooster
fox
bird",parrot,,turkey,,False,True,0,,iterative,15084857252622406000,pigeon,False
01JVAGG43CV4DMKYX74SNT1YAP-animals,19,meta-llama/Llama-3.3-70B-Instruct-Turbo,animals,"dog
cat
tiger
lion
elephant
jackal
hyena
black bear
brown bear
polar bear
hippo
pig
cow
chicken
rooster
fox
bird
parrot",hawk,,turkey,,False,True,0,,iterative,12013373967020980000,canary,False
01JVAGG43CV4DMKYX74SNT1YAP-animals,20,meta-llama/Llama-3.3-70B-Instruct-Turbo,animals,"dog
cat
tiger
lion
elephant
jackal
hyena
black bear
brown bear
polar bear
hippo
pig
cow
chicken
rooster
fox
bird
parrot
hawk",owl,,eagle,,False,True,0,,iterative,14237630836557892000,eagle,False
01JVAGG43CV4DMKYX74SNT1YAP-animals,21,meta-llama/Llama-3.3-70B-Instruct-Turbo,animals,"dog
cat
tiger
lion
elephant
jackal
hyena
black bear
brown bear
polar bear
hippo
pig
cow
chicken
rooster
fox
bird
parrot
hawk
owl",crow,,eagle,,False,True,0,,iterative,3983953269733951500,eagle,False
01JVAGG43CV4DMKYX74SNT1YAP-animals,22,meta-llama/Llama-3.3-70B-Instruct-Turbo,animals,"dog
cat
tiger
lion
elephant
jackal
hyena
black bear
brown bear
polar bear
hippo
pig
cow
chicken
rooster
fox
bird
parrot
hawk
owl
crow",bat,,raven,,False,True,0,,iterative,5541766077211240000,eagle,False
01JVAGG43CV4DMKYX74SNT1YAP-animals,23,meta-llama/Llama-3.3-70B-Instruct-Turbo,animals,"dog
cat
tiger
lion
elephant
jackal
hyena
black bear
brown bear
polar bear
hippo
pig
cow
chicken
rooster
fox
bird
parrot
hawk
owl
crow
bat",penguin,,raccoon,,False,True,0,,iterative,1387416526422136600,eagle,False
01JVAGG43CV4DMKYX74SNT1YAP-animals,24,meta-llama/Llama-3.3-70B-Instruct-Turbo,animals,"dog
cat
tiger
lion
elephant
jackal
hyena
black bear
brown bear
polar bear
hippo
pig
cow
chicken
rooster
fox
bird
parrot
hawk
owl
crow
bat
penguin",otter,,seal,,False,True,0,,iterative,3336982916100357600,seal,False
01JVAGG43CV4DMKYX74SNT1YAP-animals,25,meta-llama/Llama-3.3-70B-Instruct-Turbo,animals,"dog
cat
tiger
lion
elephant
jackal
hyena
black bear
brown bear
polar bear
hippo
pig
cow
chicken
rooster
fox
bird
parrot
hawk
owl
crow
bat
penguin
otter",opossum,,seal,,False,True,0,,iterative,2470138256270677500,beaver,False
01JVAGG43CV4DMKYX74SNT1YAP-animals,26,meta-llama/Llama-3.3-70B-Instruct-Turbo,animals,"dog
cat
tiger
lion
elephant
jackal
hyena
black bear
brown bear
polar bear
hippo
pig
cow
chicken
rooster
fox
bird
parrot
hawk
owl
crow
bat
penguin
otter
opossum",beaver,,raccoon,,False,True,0,,iterative,17520309668496488000,beaver,True
01JVAGG43CV4DMKYX74SNT1YAP-animals,27,meta-llama/Llama-3.3-70B-Instruct-Turbo,animals,"dog
cat
tiger
lion
elephant
jackal
hyena
black bear
brown bear
polar bear
hippo
pig
cow
chicken
rooster
fox
bird
parrot
hawk
owl
crow
bat
penguin
otter
opossum
beaver",duck,,raccoon,,False,True,0,,iterative,8009537185049372000,hedgehog,False
01JVAGG43CV4DMKYX74SNT1YAP-animals,28,meta-llama/Llama-3.3-70B-Instruct-Turbo,animals,"dog
cat
tiger
lion
elephant
jackal
hyena
black bear
brown bear
polar bear
hippo
pig
cow
chicken
rooster
fox
bird
parrot
hawk
owl
crow
bat
penguin
otter
opossum
beaver
duck",pitbull,,rabbit,,False,True,0,,iterative,18247372016075842000,swan,False
01JVAGG43CV4DMKYX74SNT1YAP-animals,29,meta-llama/Llama-3.3-70B-Instruct-Turbo,animals,"dog
cat
tiger
lion
elephant
jackal
hyena
black bear
brown bear
polar bear
hippo
pig
cow
chicken
rooster
fox
bird
parrot
hawk
owl
crow
bat
penguin
otter
opossum
beaver
duck
pit bull",leopard,,raccoon,,False,True,0,,iterative,13847590296469520000,german shepherd,False
01JVAGG43CV4DMKYX74SNT1YAP-animals,30,meta-llama/Llama-3.3-70B-Instruct-Turbo,animals,"dog
cat
tiger
lion
elephant
jackal
hyena
black bear
brown bear
polar bear
hippo
pig
cow
chicken
rooster
fox
bird
parrot
hawk
owl
crow
bat
penguin
otter
opossum
beaver
duck
pit bull
leopard",cheetah,,jaguar,,False,True,0,,iterative,2723443692632043000,panther,False
01JVAGG43CV4DMKYX74SNT1YAP-animals,31,meta-llama/Llama-3.3-70B-Instruct-Turbo,animals,"dog
cat
tiger
lion
elephant
jackal
hyena
black bear
brown bear
polar bear
hippo
pig
cow
chicken
rooster
fox
bird
parrot
hawk
owl
crow
bat
penguin
otter
opossum
beaver
duck
pit bull
leopard
cheetah",jaguar,,jaguar,,True,True,0,,iterative,1686700857247227100,panther,False
01JVAGG43CV4DMKYX74SNT1YAP-animals,32,meta-llama/Llama-3.3-70B-Instruct-Turbo,animals,"dog
cat
tiger
lion
elephant
jackal
hyena
black bear
brown bear
polar bear
hippo
pig
cow
chicken
rooster
fox
bird
parrot
hawk
owl
crow
bat
penguin
otter
opossum
beaver
duck
pit bull
leopard
cheetah
jaguar",goat,,giraffe,,False,True,0,,iterative,5697999757563803000,cougar,False
01JVAGG43CV4DMKYX74SNT1YAP-animals,33,meta-llama/Llama-3.3-70B-Instruct-Turbo,animals,"dog
cat
tiger
lion
elephant
jackal
hyena
black bear
brown bear
polar bear
hippo
pig
cow
chicken
rooster
fox
bird
parrot
hawk
owl
crow
bat
penguin
otter
opossum
beaver
duck
pit bull
leopard
cheetah
jaguar
goat",lamb,,sheep,,False,True,0,,iterative,17758825989190046000,ram,False
01JVAGG43CV4DMKYX74SNT1YAP-animals,34,meta-llama/Llama-3.3-70B-Instruct-Turbo,animals,"dog
cat
tiger
lion
elephant
jackal
hyena
black bear
brown bear
polar bear
hippo
pig
cow
chicken
rooster
fox
bird
parrot
hawk
owl
crow
bat
penguin
otter
opossum
beaver
duck
pit bull
leopard
cheetah
jaguar
goat
lamb",hamster,,sheep,,False,True,0,,iterative,8784575589153653000,sheep,False
01JVAH00VADVS703F6DYX2DQVV-animals,2,meta-llama/Llama-3.3-70B-Instruct-Turbo,animals,dog,cat,,cat,,True,True,0,,iterative,6754916230387805000,cat,True
01JVAH00VADVS703F6DYX2DQVV-animals,3,meta-llama/Llama-3.3-70B-Instruct-Turbo,animals,"dog
cat",fish,,hamster,,False,True,0,,iterative,13082205591015574000,rabbit,False
01JVAH00VADVS703F6DYX2DQVV-animals,4,meta-llama/Llama-3.3-70B-Instruct-Turbo,animals,"dog
cat
fish",penguin,,bird,,False,True,0,,iterative,11691621304275710000,rabbit,False
01JVAH00VADVS703F6DYX2DQVV-animals,5,meta-llama/Llama-3.3-70B-Instruct-Turbo,animals,"dog
cat
fish
penguin",lion,,seal,,False,True,0,,iterative,11216032851695786000,bird,False
01JVAH00VADVS703F6DYX2DQVV-animals,6,meta-llama/Llama-3.3-70B-Instruct-Turbo,animals,"dog
cat
fish
penguin
lion",giraffe,,tiger,,False,True,0,,iterative,9821710770422112000,tiger,False
01JVAH00VADVS703F6DYX2DQVV-animals,7,meta-llama/Llama-3.3-70B-Instruct-Turbo,animals,"dog
cat
fish
penguin
lion
giraffe",tiger,,elephant,,False,True,0,,iterative,15203918413883863000,tiger,True
01JVAH00VADVS703F6DYX2DQVV-animals,8,meta-llama/Llama-3.3-70B-Instruct-Turbo,animals,"dog
cat
fish
penguin
lion
giraffe
tiger",leopard,,elephant,,False,True,0,,iterative,2527951135773697500,rhino,False
01JVAH00VADVS703F6DYX2DQVV-animals,9,meta-llama/Llama-3.3-70B-Instruct-Turbo,animals,"dog
cat
fish
penguin
lion
giraffe
tiger
leopard",antelope,,cheetah,,False,True,0,,iterative,2940924814596207600,cheetah,False
01JVAH00VADVS703F6DYX2DQVV-animals,10,meta-llama/Llama-3.3-70B-Instruct-Turbo,animals,"dog
cat
fish
penguin
lion
giraffe
tiger
leopard
antelope",gorilla,,cheetah,,False,True,0,,iterative,6354667573237956000,deer,False
01JVAH00VADVS703F6DYX2DQVV-animals,11,meta-llama/Llama-3.3-70B-Instruct-Turbo,animals,"dog
cat
fish
penguin
lion
giraffe
tiger
leopard
antelope
gorilla",lemur,,monkey,,False,True,0,,iterative,13493895988003099000,monkey,False
01JVAH00VADVS703F6DYX2DQVV-animals,12,meta-llama/Llama-3.3-70B-Instruct-Turbo,animals,"dog
cat
fish
penguin
lion
giraffe
tiger
leopard
antelope
gorilla
lemur",spidermonkey,,monkey,,False,True,0,,iterative,17242636131065475000,meerkat,False
01JVAH00VADVS703F6DYX2DQVV-animals,13,meta-llama/Llama-3.3-70B-Instruct-Turbo,animals,"dog
cat
fish
penguin
lion
giraffe
tiger
leopard
antelope
gorilla
lemur
spider monkey",ant,,monkey,,False,True,0,,iterative,14480496102093437000,chimpanzee,False
01JVAH00VADVS703F6DYX2DQVV-animals,14,meta-llama/Llama-3.3-70B-Instruct-Turbo,animals,"dog
cat
fish
penguin
lion
giraffe
tiger
leopard
antelope
gorilla
lemur
spider monkey
ant",spider,,sloth,,False,True,0,,iterative,16083187948931088000,spider,True
01JVAH00VADVS703F6DYX2DQVV-animals,15,meta-llama/Llama-3.3-70B-Instruct-Turbo,animals,"dog
cat
fish
penguin
lion
giraffe
tiger
leopard
antelope
gorilla
lemur
spider monkey
ant
spider",elephant,,fly,,False,True,0,,iterative,6969201038570154000,scorpion,False
01JVAH00VADVS703F6DYX2DQVV-animals,16,meta-llama/Llama-3.3-70B-Instruct-Turbo,animals,"dog
cat
fish
penguin
lion
giraffe
tiger
leopard
antelope
gorilla
lemur
spider monkey
ant
spider
elephant",chimp,,butterfly,,False,True,0,,iterative,3376506901232968000,rhino,False
01JVAH00VADVS703F6DYX2DQVV-animals,17,meta-llama/Llama-3.3-70B-Instruct-Turbo,animals,"dog
cat
fish
penguin
lion
giraffe
tiger
leopard
antelope
gorilla
lemur
spider monkey
ant
spider
elephant
chimp",sloth,,kangaroo,,False,True,0,,iterative,10020098795914610000,orangutan,False
01JVAH00VADVS703F6DYX2DQVV-animals,18,meta-llama/Llama-3.3-70B-Instruct-Turbo,animals,"dog
cat
fish
penguin
lion
giraffe
tiger
leopard
antelope
gorilla
lemur
spider monkey
ant
spider
elephant
chimp
sloth",chinchilla,,kangaroo,,False,True,0,,iterative,8934102524662081000,anteater,False
01JVAH00VADVS703F6DYX2DQVV-animals,19,meta-llama/Llama-3.3-70B-Instruct-Turbo,animals,"dog
cat
fish
penguin
lion
giraffe
tiger
leopard
antelope
gorilla
lemur
spider monkey
ant
spider
elephant
chimp
sloth
chinchilla",hamster,,kangaroo,,False,True,0,,iterative,3278680961921273300,hamster,True
01JVAH00VADVS703F6DYX2DQVV-animals,20,meta-llama/Llama-3.3-70B-Instruct-Turbo,animals,"dog
cat
fish
penguin
lion
giraffe
tiger
leopard
antelope
gorilla
lemur
spider monkey
ant
spider
elephant
chimp
sloth
chinchilla
hamster",bear,,gerbil,,False,True,0,,iterative,14270327094412255000,guinea pig,False
01JVAH00VADVS703F6DYX2DQVV-animals,21,meta-llama/Llama-3.3-70B-Instruct-Turbo,animals,"dog
cat
fish
penguin
lion
giraffe
tiger
leopard
antelope
gorilla
lemur
spider monkey
ant
spider
elephant
chimp
sloth
chinchilla
hamster
bear",panda,,otter,,False,True,0,,iterative,6548883725088219000,koala,False
01JVAH00VADVS703F6DYX2DQVV-animals,22,meta-llama/Llama-3.3-70B-Instruct-Turbo,animals,"dog
cat
fish
penguin
lion
giraffe
tiger
leopard
antelope
gorilla
lemur
spider monkey
ant
spider
elephant
chimp
sloth
chinchilla
hamster
bear
panda",lizard,,kangaroo,,False,True,0,,iterative,1053641687387181300,black bear,False
01JVAH00VADVS703F6DYX2DQVV-animals,23,meta-llama/Llama-3.3-70B-Instruct-Turbo,animals,"dog
cat
fish
penguin
lion
giraffe
tiger
leopard
antelope
gorilla
lemur
spider monkey
ant
spider
elephant
chimp
sloth
chinchilla
hamster
bear
panda
lizard",komododragon,,kangaroo,,False,True,0,,iterative,3682226155152955000,komodo dragon,True
01JVAH00VADVS703F6DYX2DQVV-animals,24,meta-llama/Llama-3.3-70B-Instruct-Turbo,animals,"dog
cat
fish
penguin
lion
giraffe
tiger
leopard
antelope
gorilla
lemur
spider monkey
ant
spider
elephant
chimp
sloth
chinchilla
hamster
bear
panda
lizard
komodo dragon",macaque,,crocodile,,False,True,0,,iterative,221756370744700400,eel,False
01JVAH00VADVS703F6DYX2DQVV-animals,25,meta-llama/Llama-3.3-70B-Instruct-Turbo,animals,"dog
cat
fish
penguin
lion
giraffe
tiger
leopard
antelope
gorilla
lemur
spider monkey
ant
spider
elephant
chimp
sloth
chinchilla
hamster
bear
panda
lizard
komodo dragon
macaque",deer,,kangaroo,,False,True,0,,iterative,9164525674691645000,parrot,False
01JVAH00VADVS703F6DYX2DQVV-animals,26,meta-llama/Llama-3.3-70B-Instruct-Turbo,animals,"dog
cat
fish
penguin
lion
giraffe
tiger
leopard
antelope
gorilla
lemur
spider monkey
ant
spider
elephant
chimp
sloth
chinchilla
hamster
bear
panda
lizard
komodo dragon
macaque
deer",rabbit,,rabbit,,True,True,0,,iterative,3929489515400664,antelope,False
01JVAH00VADVS703F6DYX2DQVV-animals,27,meta-llama/Llama-3.3-70B-Instruct-Turbo,animals,"dog
cat
fish
penguin
lion
giraffe
tiger
leopard
antelope
gorilla
lemur
spider monkey
ant
spider
elephant
chimp
sloth
chinchilla
hamster
bear
panda
lizard
komodo dragon
macaque
deer
rabbit",rat,,squirrel,,False,True,0,,iterative,11911341624951521000,bunny,False
01JVAH00VADVS703F6DYX2DQVV-animals,28,meta-llama/Llama-3.3-70B-Instruct-Turbo,animals,"dog
cat
fish
penguin
lion
giraffe
tiger
leopard
antelope
gorilla
lemur
spider monkey
ant
spider
elephant
chimp
sloth
chinchilla
hamster
bear
panda
lizard
komodo dragon
macaque
deer
rabbit
rat",mouse,,mouse,,True,True,0,,iterative,142912945418709000,mouse,True
01JVAH00VADVS703F6DYX2DQVV-animals,29,meta-llama/Llama-3.3-70B-Instruct-Turbo,animals,"dog
cat
fish
penguin
lion
giraffe
tiger
leopard
antelope
gorilla
lemur
spider monkey
ant
spider
elephant
chimp
sloth
chinchilla
hamster
bear
panda
lizard
komodo dragon
macaque
deer
rabbit
rat
mouse",vole,,squirrel,,False,True,0,,iterative,17464089915604046000,mouse,False
01JVAH00VADVS703F6DYX2DQVV-animals,30,meta-llama/Llama-3.3-70B-Instruct-Turbo,animals,"dog
cat
fish
penguin
lion
giraffe
tiger
leopard
antelope
gorilla
lemur
spider monkey
ant
spider
elephant
chimp
sloth
chinchilla
hamster
bear
panda
lizard
komodo dragon
macaque
deer
rabbit
rat
mouse
vole",shrew,,squirrel,,False,True,0,,iterative,10789994023435774000,badger,False
01JVAH00VADVS703F6DYX2DQVV-animals,31,meta-llama/Llama-3.3-70B-Instruct-Turbo,animals,"dog
cat
fish
penguin
lion
giraffe
tiger
leopard
antelope
gorilla
lemur
spider monkey
ant
spider
elephant
chimp
sloth
chinchilla
hamster
bear
panda
lizard
komodo dragon
macaque
deer
rabbit
rat
mouse
vole
shrew",mole,,mole,,True,True,0,,iterative,4035404980240118000,badger,False
01JVAH00VADVS703F6DYX2DQVV-animals,32,meta-llama/Llama-3.3-70B-Instruct-Turbo,animals,"dog
cat
fish
penguin
lion
giraffe
tiger
leopard
antelope
gorilla
lemur
spider monkey
ant
spider
elephant
chimp
sloth
chinchilla
hamster
bear
panda
lizard
komodo dragon
macaque
deer
rabbit
rat
mouse
vole
shrew
mole",hedgehog,,hedgehog,,True,True,0,,iterative,12346050714082988000,badger,False
01JVAH00VADVS703F6DYX2DQVV-animals,33,meta-llama/Llama-3.3-70B-Instruct-Turbo,animals,"dog
cat
fish
penguin
lion
giraffe
tiger
leopard
antelope
gorilla
lemur
spider monkey
ant
spider
elephant
chimp
sloth
chinchilla
hamster
bear
panda
lizard
komodo dragon
macaque
deer
rabbit
rat
mouse
vole
shrew
mole
hedgehog",porcupine,,squirrel,,False,True,0,,iterative,8494448363929342000,badger,False
01JVAH00VADVS703F6DYX2DQVV-animals,34,meta-llama/Llama-3.3-70B-Instruct-Turbo,animals,"dog
cat
fish
penguin
lion
giraffe
tiger
leopard
antelope
gorilla
lemur
spider monkey
ant
spider
elephant
chimp
sloth
chinchilla
hamster
bear
panda
lizard
komodo dragon
macaque
deer
rabbit
rat
mouse
vole
shrew
mole
hedgehog
porcupine",puma,,skunk,,False,True,0,,iterative,9376820990351930000,badger,False
01JVAH00VADVS703F6DYX2DQVV-animals,35,meta-llama/Llama-3.3-70B-Instruct-Turbo,animals,"dog
cat
fish
penguin
lion
giraffe
tiger
leopard
antelope
gorilla
lemur
spider monkey
ant
spider
elephant
chimp
sloth
chinchilla
hamster
bear
panda
lizard
komodo dragon
macaque
deer
rabbit
rat
mouse
vole
shrew
mole
hedgehog
porcupine
puma",jaguar,,jaguar,,True,True,0,,iterative,8967866606126466000,koala,False
01JVAH00VADVS703F6DYX2DQVV-animals,36,meta-llama/Llama-3.3-70B-Instruct-Turbo,animals,"dog
cat
fish
penguin
lion
giraffe
tiger
leopard
antelope
gorilla
lemur
spider monkey
ant
spider
elephant
chimp
sloth
chinchilla
hamster
bear
panda
lizard
komodo dragon
macaque
deer
rabbit
rat
mouse
vole
shrew
mole
hedgehog
porcupine
puma
jaguar",lynx,,cougar,,False,True,0,,iterative,18034657619807664000,leopard,False
01JVAH00VADVS703F6DYX2DQVV-animals,37,meta-llama/Llama-3.3-70B-Instruct-Turbo,animals,"dog
cat
fish
penguin
lion
giraffe
tiger
leopard
antelope
gorilla
lemur
spider monkey
ant
spider
elephant
chimp
sloth
chinchilla
hamster
bear
panda
lizard
komodo dragon
macaque
deer
rabbit
rat
mouse
vole
shrew
mole
hedgehog
porcupine
puma
jaguar
lynx",owl,,cougar,,False,True,0,,iterative,16067036402749962000,bobcat,False
01JVAH00VADVS703F6DYX2DQVV-animals,38,meta-llama/Llama-3.3-70B-Instruct-Turbo,animals,"dog
cat
fish
penguin
lion
giraffe
tiger
leopard
antelope
gorilla
lemur
spider monkey
ant
spider
elephant
chimp
sloth
chinchilla
hamster
bear
panda
lizard
komodo dragon
macaque
deer
rabbit
rat
mouse
vole
shrew
mole
hedgehog
porcupine
puma
jaguar
lynx
owl",ostrich,,hawk,,False,True,0,,iterative,9779551415518933000,parrot,False
01JVAH00VADVS703F6DYX2DQVV-animals,39,meta-llama/Llama-3.3-70B-Instruct-Turbo,animals,"dog
cat
fish
penguin
lion
giraffe
tiger
leopard
antelope
gorilla
lemur
spider monkey
ant
spider
elephant
chimp
sloth
chinchilla
hamster
bear
panda
lizard
komodo dragon
macaque
deer
rabbit
rat
mouse
vole
shrew
mole
hedgehog
porcupine
puma
jaguar
lynx
owl
ostrich",kangaroo,,emu,,False,True,0,,iterative,16546230613131401000,emu,False
01JVAH00VADVS703F6DYX2DQVV-animals,40,meta-llama/Llama-3.3-70B-Instruct-Turbo,animals,"dog
cat
fish
penguin
lion
giraffe
tiger
leopard
antelope
gorilla
lemur
spider monkey
ant
spider
elephant
chimp
sloth
chinchilla
hamster
bear
panda
lizard
komodo dragon
macaque
deer
rabbit
rat
mouse
vole
shrew
mole
hedgehog
porcupine
puma
jaguar
lynx
owl
ostrich
kangaroo",koala,,koala,,True,True,0,,iterative,13944654516221534000,emu,False
01JVAH00VADVS703F6DYX2DQVV-animals,41,meta-llama/Llama-3.3-70B-Instruct-Turbo,animals,"dog
cat
fish
penguin
lion
giraffe
tiger
leopard
antelope
gorilla
lemur
spider monkey
ant
spider
elephant
chimp
sloth
chinchilla
hamster
bear
panda
lizard
komodo dragon
macaque
deer
rabbit
rat
mouse
vole
shrew
mole
hedgehog
porcupine
puma
jaguar
lynx
owl
ostrich
kangaroo
koala",eagle,,wombat,,False,True,0,,iterative,7007709879493160000,emu,False
01JVAH00VADVS703F6DYX2DQVV-animals,42,meta-llama/Llama-3.3-70B-Instruct-Turbo,animals,"dog
cat
fish
penguin
lion
giraffe
tiger
leopard
antelope
gorilla
lemur
spider monkey
ant
spider
elephant
chimp
sloth
chinchilla
hamster
bear
panda
lizard
komodo dragon
macaque
deer
rabbit
rat
mouse
vole
shrew
mole
hedgehog
porcupine
puma
jaguar
lynx
owl
ostrich
kangaroo
koala
eagle",robin,,kookaburra,,False,True,0,,iterative,7291088100360428000,raven,False
01JVAH00VADVS703F6DYX2DQVV-animals,43,meta-llama/Llama-3.3-70B-Instruct-Turbo,animals,"dog
cat
fish
penguin
lion
giraffe
tiger
leopard
antelope
gorilla
lemur
spider monkey
ant
spider
elephant
chimp
sloth
chinchilla
hamster
bear
panda
lizard
komodo dragon
macaque
deer
rabbit
rat
mouse
vole
shrew
mole
hedgehog
porcupine
puma
jaguar
lynx
owl
ostrich
kangaroo
koala
eagle
robin",thrush,,sparrow,,False,True,0,,iterative,15826487538826371000,raven,False
01JVAH00VADVS703F6DYX2DQVV-animals,44,meta-llama/Llama-3.3-70B-Instruct-Turbo,animals,"dog
cat
fish
penguin
lion
giraffe
tiger
leopard
antelope
gorilla
lemur
spider monkey
ant
spider
elephant
chimp
sloth
chinchilla
hamster
bear
panda
lizard
komodo dragon
macaque
deer
rabbit
rat
mouse
vole
shrew
mole
hedgehog
porcupine
puma
jaguar
lynx
owl
ostrich
kangaroo
koala
eagle
robin
thrush",blackbird,,sparrow,,False,True,0,,iterative,15395732386032710000,pigeon,False
01JVAH00VADVS703F6DYX2DQVV-animals,45,meta-llama/Llama-3.3-70B-Instruct-Turbo,animals,"dog
cat
fish
penguin
lion
giraffe
tiger
leopard
antelope
gorilla
lemur
spider monkey
ant
spider
elephant
chimp
sloth
chinchilla
hamster
bear
panda
lizard
komodo dragon
macaque
deer
rabbit
rat
mouse
vole
shrew
mole
hedgehog
porcupine
puma
jaguar
lynx
owl
ostrich
kangaroo
koala
eagle
robin
thrush
blackbird",wren,,sparrow,,False,True,0,,iterative,7786404948185931000,pigeon,False
01JVAH11A9HDR68SC6EJ69A8RE-animals,2,meta-llama/Llama-3.3-70B-Instruct-Turbo,animals,dog,cat,,cat,,True,True,0,,iterative,7885576045123732000,cat,True
01JVAH11A9HDR68SC6EJ69A8RE-animals,3,meta-llama/Llama-3.3-70B-Instruct-Turbo,animals,"dog
cat",hyena,,hamster,,False,True,0,,iterative,15783421453332863000,parrot,False
01JVAH11A9HDR68SC6EJ69A8RE-animals,4,meta-llama/Llama-3.3-70B-Instruct-Turbo,animals,"dog
cat
hyena",giraffe,,wolf,,False,True,0,,iterative,17949316275405474000,lion,False
01JVAH11A9HDR68SC6EJ69A8RE-animals,5,meta-llama/Llama-3.3-70B-Instruct-Turbo,animals,"dog
cat
hyena
giraffe",elephant,,lion,,False,True,0,,iterative,105196539541875330,hippo,False
01JVAH11A9HDR68SC6EJ69A8RE-animals,6,meta-llama/Llama-3.3-70B-Instruct-Turbo,animals,"dog
cat
hyena
giraffe
elephant",mouse,,lion,,False,True,0,,iterative,7758136700014607000,lion,False
01JVAH11A9HDR68SC6EJ69A8RE-animals,7,meta-llama/Llama-3.3-70B-Instruct-Turbo,animals,"dog
cat
hyena
giraffe
elephant
mouse",lion,,lion,,True,True,0,,iterative,4299422352532387000,frog,False
01JVAH11A9HDR68SC6EJ69A8RE-animals,8,meta-llama/Llama-3.3-70B-Instruct-Turbo,animals,"dog
cat
hyena
giraffe
elephant
mouse
lion",cheetah,,tiger,,False,True,0,,iterative,551571902827018900,rhino,False
01JVAH11A9HDR68SC6EJ69A8RE-animals,9,meta-llama/Llama-3.3-70B-Instruct-Turbo,animals,"dog
cat
hyena
giraffe
elephant
mouse
lion
cheetah",porcupine,,leopard,,False,True,0,,iterative,7732207581702475000,leopard,False
01JVAH11A9HDR68SC6EJ69A8RE-animals,10,meta-llama/Llama-3.3-70B-Instruct-Turbo,animals,"dog
cat
hyena
giraffe
elephant
mouse
lion
cheetah
porcupine",rat,,leopard,,False,True,0,,iterative,15935502747443830000,jaguar,False
01JVAH11A9HDR68SC6EJ69A8RE-animals,11,meta-llama/Llama-3.3-70B-Instruct-Turbo,animals,"dog
cat
hyena
giraffe
elephant
mouse
lion
cheetah
porcupine
rat",fox,,leopard,,False,True,0,,iterative,3074609821649106400,gerbil,False
01JVAH11A9HDR68SC6EJ69A8RE-animals,12,meta-llama/Llama-3.3-70B-Instruct-Turbo,animals,"dog
cat
hyena
giraffe
elephant
mouse
lion
cheetah
porcupine
rat
fox",ferret,,tiger,,False,True,0,,iterative,4541440744163410000,wolf,False
01JVAH11A9HDR68SC6EJ69A8RE-animals,13,meta-llama/Llama-3.3-70B-Instruct-Turbo,animals,"dog
cat
hyena
giraffe
elephant
mouse
lion
cheetah
porcupine
rat
fox
ferret",fish,,otter,,False,True,0,,iterative,5597011595352532000,monkey,False
01JVAH11A9HDR68SC6EJ69A8RE-animals,14,meta-llama/Llama-3.3-70B-Instruct-Turbo,animals,"dog
cat
hyena
giraffe
elephant
mouse
lion
cheetah
porcupine
rat
fox
ferret
fish",shark,,otter,,False,True,0,,iterative,8104376411777220000,bird,False
01JVAH11A9HDR68SC6EJ69A8RE-animals,15,meta-llama/Llama-3.3-70B-Instruct-Turbo,animals,"dog
cat
hyena
giraffe
elephant
mouse
lion
cheetah
porcupine
rat
fox
ferret
fish
shark",orca,,octopus,,False,True,0,,iterative,14789378775764683000,dolphin,False
01JVAH11A9HDR68SC6EJ69A8RE-animals,16,meta-llama/Llama-3.3-70B-Instruct-Turbo,animals,"dog
cat
hyena
giraffe
elephant
mouse
lion
cheetah
porcupine
rat
fox
ferret
fish
shark
orca",dolphin,,dolphin,,True,True,0,,iterative,13436487152195498000,penguin,False
01JVAH11A9HDR68SC6EJ69A8RE-animals,17,meta-llama/Llama-3.3-70B-Instruct-Turbo,animals,"dog
cat
hyena
giraffe
elephant
mouse
lion
cheetah
porcupine
rat
fox
ferret
fish
shark
orca
dolphin",bird,,seal,,False,True,0,,iterative,12952900476380512000,whale,False
01JVAH11A9HDR68SC6EJ69A8RE-animals,18,meta-llama/Llama-3.3-70B-Instruct-Turbo,animals,"dog
cat
hyena
giraffe
elephant
mouse
lion
cheetah
porcupine
rat
fox
ferret
fish
shark
orca
dolphin
bird",vulture,,tiger,,False,True,0,,iterative,18293878411457755000,parrot,False
01JVAH11A9HDR68SC6EJ69A8RE-animals,19,meta-llama/Llama-3.3-70B-Instruct-Turbo,animals,"dog
cat
hyena
giraffe
elephant
mouse
lion
cheetah
porcupine
rat
fox
ferret
fish
shark
orca
dolphin
bird
vulture",jaguar,,eagle,,False,True,0,,iterative,13762302405157396000,hawk,False
01JVAH11A9HDR68SC6EJ69A8RE-animals,20,meta-llama/Llama-3.3-70B-Instruct-Turbo,animals,"dog
cat
hyena
giraffe
elephant
mouse
lion
cheetah
porcupine
rat
fox
ferret
fish
shark
orca
dolphin
bird
vulture
jaguar",anteater,,tiger,,False,True,0,,iterative,14148055857769580000,puma,False
01JVAH11A9HDR68SC6EJ69A8RE-animals,21,meta-llama/Llama-3.3-70B-Instruct-Turbo,animals,"dog
cat
hyena
giraffe
elephant
mouse
lion
cheetah
porcupine
rat
fox
ferret
fish
shark
orca
dolphin
bird
vulture
jaguar
anteater",armadillo,,tiger,,False,True,0,,iterative,6777939916729497000,echidna,False
01JVAH11A9HDR68SC6EJ69A8RE-animals,22,meta-llama/Llama-3.3-70B-Instruct-Turbo,animals,"dog
cat
hyena
giraffe
elephant
mouse
lion
cheetah
porcupine
rat
fox
ferret
fish
shark
orca
dolphin
bird
vulture
jaguar
anteater
armadillo",frog,,sloth,,False,True,0,,iterative,12141663701633343000,hedgehog,False
01JVAH11A9HDR68SC6EJ69A8RE-animals,23,meta-llama/Llama-3.3-70B-Instruct-Turbo,animals,"dog
cat
hyena
giraffe
elephant
mouse
lion
cheetah
porcupine
rat
fox
ferret
fish
shark
orca
dolphin
bird
vulture
jaguar
anteater
armadillo
frog",alligator,,tiger,,False,True,0,,iterative,1819643009505203200,toad,False
01JVAH11A9HDR68SC6EJ69A8RE-animals,24,meta-llama/Llama-3.3-70B-Instruct-Turbo,animals,"dog
cat
hyena
giraffe
elephant
mouse
lion
cheetah
porcupine
rat
fox
ferret
fish
shark
orca
dolphin
bird
vulture
jaguar
anteater
armadillo
frog
alligator",crocodile,,tiger,,False,True,0,,iterative,17612594799522054000,crocodile,True
01JVAH11A9HDR68SC6EJ69A8RE-animals,25,meta-llama/Llama-3.3-70B-Instruct-Turbo,animals,"dog
cat
hyena
giraffe
elephant
mouse
lion
cheetah
porcupine
rat
fox
ferret
fish
shark
orca
dolphin
bird
vulture
jaguar
anteater
armadillo
frog
alligator
crocodile",swan,,tiger,,False,True,0,,iterative,193359223605252670,gecko,False
01JVAH11A9HDR68SC6EJ69A8RE-animals,26,meta-llama/Llama-3.3-70B-Instruct-Turbo,animals,"dog
cat
hyena
giraffe
elephant
mouse
lion
cheetah
porcupine
rat
fox
ferret
fish
shark
orca
dolphin
bird
vulture
jaguar
anteater
armadillo
frog
alligator
crocodile
swan",duck,,tiger,,False,True,0,,iterative,1894953926819854300,snake,False
01JVAH11A9HDR68SC6EJ69A8RE-animals,27,meta-llama/Llama-3.3-70B-Instruct-Turbo,animals,"dog
cat
hyena
giraffe
elephant
mouse
lion
cheetah
porcupine
rat
fox
ferret
fish
shark
orca
dolphin
bird
vulture
jaguar
anteater
armadillo
frog
alligator
crocodile
swan
duck",weasel,,goose,,False,True,0,,iterative,14889092015803740000,herring,False
01JVAH11A9HDR68SC6EJ69A8RE-animals,28,meta-llama/Llama-3.3-70B-Instruct-Turbo,animals,"dog
cat
hyena
giraffe
elephant
mouse
lion
cheetah
porcupine
rat
fox
ferret
fish
shark
orca
dolphin
bird
vulture
jaguar
anteater
armadillo
frog
alligator
crocodile
swan
duck
weasel",mink,,otter,,False,True,0,,iterative,16649592182235136000,crow,False
01JVAH11A9HDR68SC6EJ69A8RE-animals,29,meta-llama/Llama-3.3-70B-Instruct-Turbo,animals,"dog
cat
hyena
giraffe
elephant
mouse
lion
cheetah
porcupine
rat
fox
ferret
fish
shark
orca
dolphin
bird
vulture
jaguar
anteater
armadillo
frog
alligator
crocodile
swan
duck
weasel
mink",bobcat,,otter,,False,True,0,,iterative,6546871512004210000,pig,False
01JVAH11A9HDR68SC6EJ69A8RE-animals,30,meta-llama/Llama-3.3-70B-Instruct-Turbo,animals,"dog
cat
hyena
giraffe
elephant
mouse
lion
cheetah
porcupine
rat
fox
ferret
fish
shark
orca
dolphin
bird
vulture
jaguar
anteater
armadillo
frog
alligator
crocodile
swan
duck
weasel
mink
bobcat",rhino,,otter,,False,True,0,,iterative,6051401969196859000,bat,False
01K4DT41SADYAM07T7XZ3VHRJG-animals,2,meta-llama/Llama-3.3-70B-Instruct-Turbo,animals,cat,dog,1.0,dog,,True,True,0,,iterative,1560188081857552000,dog,True
01K4DT41SADYAM07T7XZ3VHRJG-animals,3,meta-llama/Llama-3.3-70B-Instruct-Turbo,animals,"cat
dog",rabbit,0.0,hamster,,False,True,0,,iterative,12414847393947079000,horse,False
01K4DT41SADYAM07T7XZ3VHRJG-animals,4,meta-llama/Llama-3.3-70B-Instruct-Turbo,animals,"cat
dog
rabbit",deer,1.0,hamster,,False,True,0,,iterative,72839321744031700,hare,False
01K4DT41SADYAM07T7XZ3VHRJG-animals,5,meta-llama/Llama-3.3-70B-Instruct-Turbo,animals,"cat
dog
rabbit
deer",mongoose,0.0,squirrel,,False,True,0,,iterative,15983767222979420000,horse,False
01K4DT41SADYAM07T7XZ3VHRJG-animals,6,meta-llama/Llama-3.3-70B-Instruct-Turbo,animals,"cat
dog
rabbit
deer
mongoose",elephant,1.0,squirrel,,False,True,0,,iterative,6851485494023236000,elephant,True
01K4DT41SADYAM07T7XZ3VHRJG-animals,7,meta-llama/Llama-3.3-70B-Instruct-Turbo,animals,"cat
dog
rabbit
deer
mongoose
elephant",giraffe,0.0,tiger,,False,True,0,,iterative,2922524348023449600,tiger,False
01K4DT41SADYAM07T7XZ3VHRJG-animals,8,meta-llama/Llama-3.3-70B-Instruct-Turbo,animals,"cat
dog
rabbit
deer
mongoose
elephant
giraffe",tiger,1.0,lion,,False,True,0,,iterative,7084154862575036000,lion,False
01K4DT41SADYAM07T7XZ3VHRJG-animals,9,meta-llama/Llama-3.3-70B-Instruct-Turbo,animals,"cat
dog
rabbit
deer
mongoose
elephant
giraffe
tiger",lion,0.0,lion,,True,True,0,,iterative,6761835559935401000,lion,True
01K4DT41SADYAM07T7XZ3VHRJG-animals,10,meta-llama/Llama-3.3-70B-Instruct-Turbo,animals,"cat
dog
rabbit
deer
mongoose
elephant
giraffe
tiger
lion",caterpillar,1.0,leopard,,False,True,0,,iterative,18273871623178506000,puma,False
01K4DT41SADYAM07T7XZ3VHRJG-animals,11,meta-llama/Llama-3.3-70B-Instruct-Turbo,animals,"cat
dog
rabbit
deer
mongoose
elephant
giraffe
tiger
lion
caterpillar",bird,1.0,butterfly,,False,True,0,,iterative,2899501574662736400,butterfly,False
01K4DT41SADYAM07T7XZ3VHRJG-animals,12,meta-llama/Llama-3.3-70B-Instruct-Turbo,animals,"cat
dog
rabbit
deer
mongoose
elephant
giraffe
tiger
lion
caterpillar
bird",mouse,1.0,butterfly,,False,True,0,,iterative,16533934655065758000,dove,False
01K4DT41SADYAM07T7XZ3VHRJG-animals,13,meta-llama/Llama-3.3-70B-Instruct-Turbo,animals,"cat
dog
rabbit
deer
mongoose
elephant
giraffe
tiger
lion
caterpillar
bird
mouse",rat,0.0,butterfly,,False,True,0,,iterative,1392150765590259500,rat,True
01K4DT41SADYAM07T7XZ3VHRJG-animals,14,meta-llama/Llama-3.3-70B-Instruct-Turbo,animals,"cat
dog
rabbit
deer
mongoose
elephant
giraffe
tiger
lion
caterpillar
bird
mouse
rat",sparrow,1.0,squirrel,,False,True,0,,iterative,13931990154134000000,worm,False
01K4DT41SADYAM07T7XZ3VHRJG-animals,15,meta-llama/Llama-3.3-70B-Instruct-Turbo,animals,"cat
dog
rabbit
deer
mongoose
elephant
giraffe
tiger
lion
caterpillar
bird
mouse
rat
sparrow",eagle,0.0,squirrel,,False,True,0,,iterative,6909111168895207000,hawk,False
01K4DT41SADYAM07T7XZ3VHRJG-animals,16,meta-llama/Llama-3.3-70B-Instruct-Turbo,animals,"cat
dog
rabbit
deer
mongoose
elephant
giraffe
tiger
lion
caterpillar
bird
mouse
rat
sparrow
eagle",hippopotamus,1.0,hawk,,False,True,0,,iterative,1276100410038063900,hawk,False
01K4DT41SADYAM07T7XZ3VHRJG-animals,17,meta-llama/Llama-3.3-70B-Instruct-Turbo,animals,"cat
dog
rabbit
deer
mongoose
elephant
giraffe
tiger
lion
caterpillar
bird
mouse
rat
sparrow
eagle
hippopotamus",dolphin,1.0,crocodile,,False,True,0,,iterative,1766275748572853500,rhino,False
01K4DT41SADYAM07T7XZ3VHRJG-animals,18,meta-llama/Llama-3.3-70B-Instruct-Turbo,animals,"cat
dog
rabbit
deer
mongoose
elephant
giraffe
tiger
lion
caterpillar
bird
mouse
rat
sparrow
eagle
hippopotamus
dolphin",fish,0.0,whale,,False,True,0,,iterative,7969376882375123000,whale,False
01K4DT41SADYAM07T7XZ3VHRJG-animals,19,meta-llama/Llama-3.3-70B-Instruct-Turbo,animals,"cat
dog
rabbit
deer
mongoose
elephant
giraffe
tiger
lion
caterpillar
bird
mouse
rat
sparrow
eagle
hippopotamus
dolphin
fish",clownfish,0.0,shark,,False,True,0,,iterative,13177404769584005000,bird,False
01K4DT41SADYAM07T7XZ3VHRJG-animals,20,meta-llama/Llama-3.3-70B-Instruct-Turbo,animals,"cat
dog
rabbit
deer
mongoose
elephant
giraffe
tiger
lion
caterpillar
bird
mouse
rat
sparrow
eagle
hippopotamus
dolphin
fish
clownfish",moose,1.0,shark,,False,True,0,,iterative,9975416703897008000,goldfish,False
01K4DT41SADYAM07T7XZ3VHRJG-animals,21,meta-llama/Llama-3.3-70B-Instruct-Turbo,animals,"cat
dog
rabbit
deer
mongoose
elephant
giraffe
tiger
lion
caterpillar
bird
mouse
rat
sparrow
eagle
hippopotamus
dolphin
fish
clownfish
moose",wolf,1.0,bear,,False,True,0,,iterative,12522528410336256000,elk,False
01K4DT41SADYAM07T7XZ3VHRJG-animals,22,meta-llama/Llama-3.3-70B-Instruct-Turbo,animals,"cat
dog
rabbit
deer
mongoose
elephant
giraffe
tiger
lion
caterpillar
bird
mouse
rat
sparrow
eagle
hippopotamus
dolphin
fish
clownfish
moose
wolf",cheetah,1.0,bear,,False,True,0,,iterative,4040149741863722500,dingo,False
01K4DT41SADYAM07T7XZ3VHRJG-animals,23,meta-llama/Llama-3.3-70B-Instruct-Turbo,animals,"cat
dog
rabbit
deer
mongoose
elephant
giraffe
tiger
lion
caterpillar
bird
mouse
rat
sparrow
eagle
hippopotamus
dolphin
fish
clownfish
moose
wolf
cheetah",ferret,1.0,leopard,,False,True,0,,iterative,1120248895232770300,leopard,False
01K4DT41SADYAM07T7XZ3VHRJG-animals,24,meta-llama/Llama-3.3-70B-Instruct-Turbo,animals,"cat
dog
rabbit
deer
mongoose
elephant
giraffe
tiger
lion
caterpillar
bird
mouse
rat
sparrow
eagle
hippopotamus
dolphin
fish
clownfish
moose
wolf
cheetah
ferret",groundhog,0.0,otter,,False,True,0,,iterative,17163087595447398000,weasel,False
01K4DT41SADYAM07T7XZ3VHRJG-animals,25,meta-llama/Llama-3.3-70B-Instruct-Turbo,animals,"cat
dog
rabbit
deer
mongoose
elephant
giraffe
tiger
lion
caterpillar
bird
mouse
rat
sparrow
eagle
hippopotamus
dolphin
fish
clownfish
moose
wolf
cheetah
ferret
groundhog",lemur,0.0,squirrel,,False,True,0,,iterative,14546326690179074000,hedgehog,False
01K4DT41SADYAM07T7XZ3VHRJG-animals,26,meta-llama/Llama-3.3-70B-Instruct-Turbo,animals,"cat
dog
rabbit
deer
mongoose
elephant
giraffe
tiger
lion
caterpillar
bird
mouse
rat
sparrow
eagle
hippopotamus
dolphin
fish
clownfish
moose
wolf
cheetah
ferret
groundhog
lemur",ant,1.0,squirrel,,False,True,0,,iterative,5048689191343791000,monkey,False
01K4DT41SADYAM07T7XZ3VHRJG-animals,27,meta-llama/Llama-3.3-70B-Instruct-Turbo,animals,"cat
dog
rabbit
deer
mongoose
elephant
giraffe
tiger
lion
caterpillar
bird
mouse
rat
sparrow
eagle
hippopotamus
dolphin
fish
clownfish
moose
wolf
cheetah
ferret
groundhog
lemur
ant",fly,0.0,beetle,,False,True,0,,iterative,14647718016822581000,bee,False
01K4DT41SADYAM07T7XZ3VHRJG-animals,28,meta-llama/Llama-3.3-70B-Instruct-Turbo,animals,"cat
dog
rabbit
deer
mongoose
elephant
giraffe
tiger
lion
caterpillar
bird
mouse
rat
sparrow
eagle
hippopotamus
dolphin
fish
clownfish
moose
wolf
cheetah
ferret
groundhog
lemur
ant
fly",spider,0.0,butterfly,,False,True,0,,iterative,3602681039625412600,wasp,False
01K4DT41SADYAM07T7XZ3VHRJG-animals,29,meta-llama/Llama-3.3-70B-Instruct-Turbo,animals,"cat
dog
rabbit
deer
mongoose
elephant
giraffe
tiger
lion
caterpillar
bird
mouse
rat
sparrow
eagle
hippopotamus
dolphin
fish
clownfish
moose
wolf
cheetah
ferret
groundhog
lemur
ant
fly
spider",snake,1.0,butterfly,,False,True,0,,iterative,5600203201754642000,bee,False
01K4DT41SADYAM07T7XZ3VHRJG-animals,30,meta-llama/Llama-3.3-70B-Instruct-Turbo,animals,"cat
dog
rabbit
deer
mongoose
elephant
giraffe
tiger
lion
caterpillar
bird
mouse
rat
sparrow
eagle
hippopotamus
dolphin
fish
clownfish
moose
wolf
cheetah
ferret
groundhog
lemur
ant
fly
spider
snake",lizard,0.0,lizard,,True,True,0,,iterative,10653866310517870000,worm,False
01K4DT41SADYAM07T7XZ3VHRJG-animals,31,meta-llama/Llama-3.3-70B-Instruct-Turbo,animals,"cat
dog
rabbit
deer
mongoose
elephant
giraffe
tiger
lion
caterpillar
bird
mouse
rat
sparrow
eagle
hippopotamus
dolphin
fish
clownfish
moose
wolf
cheetah
ferret
groundhog
lemur
ant
fly
spider
snake
lizard",gecko,0.0,frog,,False,True,0,,iterative,17703881818801668000,scorpion,False
01K4DT41SADYAM07T7XZ3VHRJG-animals,32,meta-llama/Llama-3.3-70B-Instruct-Turbo,animals,"cat
dog
rabbit
deer
mongoose
elephant
giraffe
tiger
lion
caterpillar
bird
mouse
rat
sparrow
eagle
hippopotamus
dolphin
fish
clownfish
moose
wolf
cheetah
ferret
groundhog
lemur
ant
fly
spider
snake
lizard
gecko",chameleon,0.0,chameleon,,True,True,0,,iterative,1232970626875588400,dingo,False
01K4DT41SADYAM07T7XZ3VHRJG-animals,33,meta-llama/Llama-3.3-70B-Instruct-Turbo,animals,"cat
dog
rabbit
deer
mongoose
elephant
giraffe
tiger
lion
caterpillar
bird
mouse
rat
sparrow
eagle
hippopotamus
dolphin
fish
clownfish
moose
wolf
cheetah
ferret
groundhog
lemur
ant
fly
spider
snake
lizard
gecko
chameleon",komododragon,0.0,iguana,,False,True,0,,iterative,17108197529944550000,hyena,False
01K4DT41SADYAM07T7XZ3VHRJG-animals,34,meta-llama/Llama-3.3-70B-Instruct-Turbo,animals,"cat
dog
rabbit
deer
mongoose
elephant
giraffe
tiger
lion
caterpillar
bird
mouse
rat
sparrow
eagle
hippopotamus
dolphin
fish
clownfish
moose
wolf
cheetah
ferret
groundhog
lemur
ant
fly
spider
snake
lizard
gecko
chameleon
komodo dragon",elk,1.0,alligator,,False,True,0,,iterative,16844227553856383000,hyena,False
01K4DT41SADYAM07T7XZ3VHRJG-animals,35,meta-llama/Llama-3.3-70B-Instruct-Turbo,animals,"cat
dog
rabbit
deer
mongoose
elephant
giraffe
tiger
lion
caterpillar
bird
mouse
rat
sparrow
eagle
hippopotamus
dolphin
fish
clownfish
moose
wolf
cheetah
ferret
groundhog
lemur
ant
fly
spider
snake
lizard
gecko
chameleon
komodo dragon
elk",reindeer,0.0,bear,,False,True,0,,iterative,5870659606152143000,moose,False
01K4DT41SADYAM07T7XZ3VHRJG-animals,36,meta-llama/Llama-3.3-70B-Instruct-Turbo,animals,"cat
dog
rabbit
deer
mongoose
elephant
giraffe
tiger
lion
caterpillar
bird
mouse
rat
sparrow
eagle
hippopotamus
dolphin
fish
clownfish
moose
wolf
cheetah
ferret
groundhog
lemur
ant
fly
spider
snake
lizard
gecko
chameleon
komodo dragon
elk
reindeer",bunny,1.0,kangaroo,,False,True,0,,iterative,10904171330194540000,stag,False
01K4DT41SADYAM07T7XZ3VHRJG-animals,37,meta-llama/Llama-3.3-70B-Instruct-Turbo,animals,"cat
dog
rabbit
deer
mongoose
elephant
giraffe
tiger
lion
caterpillar
bird
mouse
rat
sparrow
eagle
hippopotamus
dolphin
fish
clownfish
moose
wolf
cheetah
ferret
groundhog
lemur
ant
fly
spider
snake
lizard
gecko
chameleon
komodo dragon
elk
reindeer
bunny",dodo,1.0,squirrel,,False,True,0,,iterative,15866127694439393000,hare,False
01K4DT41SADYAM07T7XZ3VHRJG-animals,38,meta-llama/Llama-3.3-70B-Instruct-Turbo,animals,"cat
dog
rabbit
deer
mongoose
elephant
giraffe
tiger
lion
caterpillar
bird
mouse
rat
sparrow
eagle
hippopotamus
dolphin
fish
clownfish
moose
wolf
cheetah
ferret
groundhog
lemur
ant
fly
spider
snake
lizard
gecko
chameleon
komodo dragon
elk
reindeer
bunny
dodo",peacock,0.0,ostrich,,False,True,0,,iterative,5140713332306829000,ostrich,False
01K4DT41SADYAM07T7XZ3VHRJG-animals,39,meta-llama/Llama-3.3-70B-Instruct-Turbo,animals,"cat
dog
rabbit
deer
mongoose
elephant
giraffe
tiger
lion
caterpillar
bird
mouse
rat
sparrow
eagle
hippopotamus
dolphin
fish
clownfish
moose
wolf
cheetah
ferret
groundhog
lemur
ant
fly
spider
snake
lizard
gecko
chameleon
komodo dragon
elk
reindeer
bunny
dodo
peacock",robin,0.0,ostrich,,False,True,0,,iterative,15320878263534221000,penguin,False
01K4DT41SADYAM07T7XZ3VHRJG-animals,40,meta-llama/Llama-3.3-70B-Instruct-Turbo,animals,"cat
dog
rabbit
deer
mongoose
elephant
giraffe
tiger
lion
caterpillar
bird
mouse
rat
sparrow
eagle
hippopotamus
dolphin
fish
clownfish
moose
wolf
cheetah
ferret
groundhog
lemur
ant
fly
spider
snake
lizard
gecko
chameleon
komodo dragon
elk
reindeer
bunny
dodo
peacock
robin",chicken,0.0,parrot,,False,True,0,,iterative,15134225730598832000,blackbird,False
01K4DT91MGFDMX8H4XMKCPSV69-animals,2,meta-llama/Llama-3.3-70B-Instruct-Turbo,animals,cat,dog,0.0,dog,,True,True,0,,iterative,10047152120864432000,food,False
01K4DT91MGFDMX8H4XMKCPSV69-animals,3,meta-llama/Llama-3.3-70B-Instruct-Turbo,animals,"cat
dog",tiger,1.0,hamster,,False,True,0,,iterative,10672633482980026000,cat,False
01K4DT91MGFDMX8H4XMKCPSV69-animals,4,meta-llama/Llama-3.3-70B-Instruct-Turbo,animals,"cat
dog
tiger",lion,0.0,lion,,True,True,0,,iterative,4995226272640701000,lion,True
01K4DT91MGFDMX8H4XMKCPSV69-animals,5,meta-llama/Llama-3.3-70B-Instruct-Turbo,animals,"cat
dog
tiger
lion",penguin,1.0,bear,,False,True,0,,iterative,1966569092746547500,tiger,False
01K4DT91MGFDMX8H4XMKCPSV69-animals,6,meta-llama/Llama-3.3-70B-Instruct-Turbo,animals,"cat
dog
tiger
lion
penguin",zebra,0.0,bear,,False,True,0,,iterative,867658959681851800,ice,False
01K4DT91MGFDMX8H4XMKCPSV69-animals,7,meta-llama/Llama-3.3-70B-Instruct-Turbo,animals,"cat
dog
tiger
lion
penguin
zebra",horse,0.0,giraffe,,False,True,0,,iterative,931143823953925000,coyote,False
01K4DT91MGFDMX8H4XMKCPSV69-animals,8,meta-llama/Llama-3.3-70B-Instruct-Turbo,animals,"cat
dog
tiger
lion
penguin
zebra
horse",giraffe,0.0,giraffe,,True,True,0,,iterative,8609509801846987000,donkey,False
01K4DT91MGFDMX8H4XMKCPSV69-animals,9,meta-llama/Llama-3.3-70B-Instruct-Turbo,animals,"cat
dog
tiger
lion
penguin
zebra
horse
giraffe",polarbear,0.0,elephant,,False,True,0,,iterative,5883977053337821000,zebra,False
01K4DT91MGFDMX8H4XMKCPSV69-animals,10,meta-llama/Llama-3.3-70B-Instruct-Turbo,animals,"cat
dog
tiger
lion
penguin
zebra
horse
giraffe
polar bear",pony,0.0,arcticfox,,False,True,0,,iterative,2273306021701997800,panda,False
01K4DT91MGFDMX8H4XMKCPSV69-animals,11,meta-llama/Llama-3.3-70B-Instruct-Turbo,animals,"cat
dog
tiger
lion
penguin
zebra
horse
giraffe
polar bear
pony",donkey,0.0,elephant,,False,True,0,,iterative,15207878119153156000,horse,False
01K4DT91MGFDMX8H4XMKCPSV69-animals,12,meta-llama/Llama-3.3-70B-Instruct-Turbo,animals,"cat
dog
tiger
lion
penguin
zebra
horse
giraffe
polar bear
pony
donkey",lizard,0.0,elephant,,False,True,0,,iterative,15348407920772452000,coyote,False
01K4DT91MGFDMX8H4XMKCPSV69-animals,13,meta-llama/Llama-3.3-70B-Instruct-Turbo,animals,"cat
dog
tiger
lion
penguin
zebra
horse
giraffe
polar bear
pony
donkey
lizard",crocodile,0.0,snake,,False,True,0,,iterative,12139756637615573000,snake,False
01K4DT91MGFDMX8H4XMKCPSV69-animals,14,meta-llama/Llama-3.3-70B-Instruct-Turbo,animals,"cat
dog
tiger
lion
penguin
zebra
horse
giraffe
polar bear
pony
donkey
lizard
crocodile",snake,0.0,snake,,True,True,0,,iterative,13553131078106888000,alligator,False
01K4DT91MGFDMX8H4XMKCPSV69-animals,15,meta-llama/Llama-3.3-70B-Instruct-Turbo,animals,"cat
dog
tiger
lion
penguin
zebra
horse
giraffe
polar bear
pony
donkey
lizard
crocodile
snake",panda,0.0,alligator,,False,True,0,,iterative,9651132477761583000,lizard,False
01K4DT91MGFDMX8H4XMKCPSV69-animals,16,meta-llama/Llama-3.3-70B-Instruct-Turbo,animals,"cat
dog
tiger
lion
penguin
zebra
horse
giraffe
polar bear
pony
donkey
lizard
crocodile
snake
panda",bear,0.0,monkey,,False,True,0,,iterative,5872843465558974000,bear,True
01K4DT91MGFDMX8H4XMKCPSV69-animals,17,meta-llama/Llama-3.3-70B-Instruct-Turbo,animals,"cat
dog
tiger
lion
penguin
zebra
horse
giraffe
polar bear
pony
donkey
lizard
crocodile
snake
panda
bear",puma,0.0,monkey,,False,True,0,,iterative,6891291438917251000,panda,False
01K4DT91MGFDMX8H4XMKCPSV69-animals,18,meta-llama/Llama-3.3-70B-Instruct-Turbo,animals,"cat
dog
tiger
lion
penguin
zebra
horse
giraffe
polar bear
pony
donkey
lizard
crocodile
snake
panda
bear
puma",leopard,0.0,leopard,,True,True,0,,iterative,10787319752132469000,cat,False
01K4DT91MGFDMX8H4XMKCPSV69-animals,19,meta-llama/Llama-3.3-70B-Instruct-Turbo,animals,"cat
dog
tiger
lion
penguin
zebra
horse
giraffe
polar bear
pony
donkey
lizard
crocodile
snake
panda
bear
puma
leopard",cow,0.0,jaguar,,False,True,0,,iterative,12027145999416211000,cheetah,False
01K4DT91MGFDMX8H4XMKCPSV69-animals,20,meta-llama/Llama-3.3-70B-Instruct-Turbo,animals,"cat
dog
tiger
lion
penguin
zebra
horse
giraffe
polar bear
pony
donkey
lizard
crocodile
snake
panda
bear
puma
leopard
cow",lamb,0.0,elephant,,False,True,0,,iterative,2080524691498223900,chicken,False
01K4DT91MGFDMX8H4XMKCPSV69-animals,21,meta-llama/Llama-3.3-70B-Instruct-Turbo,animals,"cat
dog
tiger
lion
penguin
zebra
horse
giraffe
polar bear
pony
donkey
lizard
crocodile
snake
panda
bear
puma
leopard
cow
lamb",pig,0.0,sheep,,False,True,0,,iterative,6004473584343138000,deer,False
01K4DT91MGFDMX8H4XMKCPSV69-animals,22,meta-llama/Llama-3.3-70B-Instruct-Turbo,animals,"cat
dog
tiger
lion
penguin
zebra
horse
giraffe
polar bear
pony
donkey
lizard
crocodile
snake
panda
bear
puma
leopard
cow
lamb
pig",fox,0.0,sheep,,False,True,0,,iterative,14350849061320083000,chicken,False
01K4DT91MGFDMX8H4XMKCPSV69-animals,23,meta-llama/Llama-3.3-70B-Instruct-Turbo,animals,"cat
dog
tiger
lion
penguin
zebra
horse
giraffe
polar bear
pony
donkey
lizard
crocodile
snake
panda
bear
puma
leopard
cow
lamb
pig
fox",wolf,0.0,sheep,,False,True,0,,iterative,4797760960224449000,hen,False
01K4DT91MGFDMX8H4XMKCPSV69-animals,24,meta-llama/Llama-3.3-70B-Instruct-Turbo,animals,"cat
dog
tiger
lion
penguin
zebra
horse
giraffe
polar bear
pony
donkey
lizard
crocodile
snake
panda
bear
puma
leopard
cow
lamb
pig
fox
wolf",deer,0.0,sheep,,False,True,0,,iterative,2027745314406842400,coyote,False
01K4DT91MGFDMX8H4XMKCPSV69-animals,25,meta-llama/Llama-3.3-70B-Instruct-Turbo,animals,"cat
dog
tiger
lion
penguin
zebra
horse
giraffe
polar bear
pony
donkey
lizard
crocodile
snake
panda
bear
puma
leopard
cow
lamb
pig
fox
wolf
deer",skunk,0.0,rabbit,,False,True,0,,iterative,6070919524395742000,lamb,False
01K4DT91MGFDMX8H4XMKCPSV69-animals,26,meta-llama/Llama-3.3-70B-Instruct-Turbo,animals,"cat
dog
tiger
lion
penguin
zebra
horse
giraffe
polar bear
pony
donkey
lizard
crocodile
snake
panda
bear
puma
leopard
cow
lamb
pig
fox
wolf
deer
skunk",mole,0.0,raccoon,,False,True,0,,iterative,16613157399785177000,raccoon,False
01K4DT91MGFDMX8H4XMKCPSV69-animals,27,meta-llama/Llama-3.3-70B-Instruct-Turbo,animals,"cat
dog
tiger
lion
penguin
zebra
horse
giraffe
polar bear
pony
donkey
lizard
crocodile
snake
panda
bear
puma
leopard
cow
lamb
pig
fox
wolf
deer
skunk
mole",vole,0.0,raccoon,,False,True,0,,iterative,17930516459512807000,mouse,False
01K4DT91MGFDMX8H4XMKCPSV69-animals,28,meta-llama/Llama-3.3-70B-Instruct-Turbo,animals,"cat
dog
tiger
lion
penguin
zebra
horse
giraffe
polar bear
pony
donkey
lizard
crocodile
snake
panda
bear
puma
leopard
cow
lamb
pig
fox
wolf
deer
skunk
mole
vole",tortoise,0.0,rabbit,,False,True,0,,iterative,15050696441168206000,mouse,False
01K4DT91MGFDMX8H4XMKCPSV69-animals,29,meta-llama/Llama-3.3-70B-Instruct-Turbo,animals,"cat
dog
tiger
lion
penguin
zebra
horse
giraffe
polar bear
pony
donkey
lizard
crocodile
snake
panda
bear
puma
leopard
cow
lamb
pig
fox
wolf
deer
skunk
mole
vole
tortoise",otter,0.0,rabbit,,False,True,0,,iterative,8133769675348783000,dolphin,False
01K4DT91MGFDMX8H4XMKCPSV69-animals,30,meta-llama/Llama-3.3-70B-Instruct-Turbo,animals,"cat
dog
tiger
lion
penguin
zebra
horse
giraffe
polar bear
pony
donkey
lizard
crocodile
snake
panda
bear
puma
leopard
cow
lamb
pig
fox
wolf
deer
skunk
mole
vole
tortoise
otter",rat,0.0,beaver,,False,True,0,,iterative,9715869029245272000,beaver,False
01K4DT91MGFDMX8H4XMKCPSV69-animals,31,meta-llama/Llama-3.3-70B-Instruct-Turbo,animals,"cat
dog
tiger
lion
penguin
zebra
horse
giraffe
polar bear
pony
donkey
lizard
crocodile
snake
panda
bear
puma
leopard
cow
lamb
pig
fox
wolf
deer
skunk
mole
vole
tortoise
otter
rat",mouse,0.0,mouse,,True,True,0,,iterative,9345831264769565000,mouse,True
01K4DT91MGFDMX8H4XMKCPSV69-animals,32,meta-llama/Llama-3.3-70B-Instruct-Turbo,animals,"cat
dog
tiger
lion
penguin
zebra
horse
giraffe
polar bear
pony
donkey
lizard
crocodile
snake
panda
bear
puma
leopard
cow
lamb
pig
fox
wolf
deer
skunk
mole
vole
tortoise
otter
rat
mouse",rabbit,0.0,squirrel,,False,True,0,,iterative,3699523150251389400,cat,False
01K4DT91MGFDMX8H4XMKCPSV69-animals,33,meta-llama/Llama-3.3-70B-Instruct-Turbo,animals,"cat
dog
tiger
lion
penguin
zebra
horse
giraffe
polar bear
pony
donkey
lizard
crocodile
snake
panda
bear
puma
leopard
cow
lamb
pig
fox
wolf
deer
skunk
mole
vole
tortoise
otter
rat
mouse
rabbit",camel,0.0,squirrel,,False,True,0,,iterative,2599504564840504000,raccoon,False
01K4DT91MGFDMX8H4XMKCPSV69-animals,34,meta-llama/Llama-3.3-70B-Instruct-Turbo,animals,"cat
dog
tiger
lion
penguin
zebra
horse
giraffe
polar bear
pony
donkey
lizard
crocodile
snake
panda
bear
puma
leopard
cow
lamb
pig
fox
wolf
deer
skunk
mole
vole
tortoise
otter
rat
mouse
rabbit
camel",elephant,0.0,kangaroo,,False,True,0,,iterative,6322257537199067000,horse,False
01K4DT91MGFDMX8H4XMKCPSV69-animals,35,meta-llama/Llama-3.3-70B-Instruct-Turbo,animals,"cat
dog
tiger
lion
penguin
zebra
horse
giraffe
polar bear
pony
donkey
lizard
crocodile
snake
panda
bear
puma
leopard
cow
lamb
pig
fox
wolf
deer
skunk
mole
vole
tortoise
otter
rat
mouse
rabbit
camel
elephant",hippopotamus,0.0,kangaroo,,False,True,0,,iterative,16804633617709834000,zebra,False
01K4DTCNN0QR8ZHT9FCAY6XEC2-animals,2,meta-llama/Llama-3.3-70B-Instruct-Turbo,animals,sheep,goat,0.0,goat,,True,True,0,,iterative,13491704906721055000,pig,False
01K4DTCNN0QR8ZHT9FCAY6XEC2-animals,3,meta-llama/Llama-3.3-70B-Instruct-Turbo,animals,"sheep
goat",dog,0.0,cow,,False,True,0,,iterative,5437260220965794000,pig,False
01K4DTCNN0QR8ZHT9FCAY6XEC2-animals,4,meta-llama/Llama-3.3-70B-Instruct-Turbo,animals,"sheep
goat
dog",cat,0.0,cat,,True,True,0,,iterative,2019927785044487700,cat,True
01K4DTCNN0QR8ZHT9FCAY6XEC2-animals,5,meta-llama/Llama-3.3-70B-Instruct-Turbo,animals,"sheep
goat
dog
cat",horse,1.0,horse,,True,True,0,,iterative,8323320537409249000,mouse,False
01K4DTCNN0QR8ZHT9FCAY6XEC2-animals,6,meta-llama/Llama-3.3-70B-Instruct-Turbo,animals,"sheep
goat
dog
cat
horse",donkey,1.0,cow,,False,True,0,,iterative,16257750091338980000,pig,False
01K4DTCNN0QR8ZHT9FCAY6XEC2-animals,7,meta-llama/Llama-3.3-70B-Instruct-Turbo,animals,"sheep
goat
dog
cat
horse
donkey",lion,1.0,mule,,False,True,0,,iterative,1397594138075684400,pig,False
01K4DTCNN0QR8ZHT9FCAY6XEC2-animals,8,meta-llama/Llama-3.3-70B-Instruct-Turbo,animals,"sheep
goat
dog
cat
horse
donkey
lion",tiger,1.0,tiger,,True,True,0,,iterative,365648760862538000,cougar,False
01K4DTCNN0QR8ZHT9FCAY6XEC2-animals,9,meta-llama/Llama-3.3-70B-Instruct-Turbo,animals,"sheep
goat
dog
cat
horse
donkey
lion
tiger",buffalo,1.0,leopard,,False,True,0,,iterative,12260191860167220000,cougar,False
01K4DTCNN0QR8ZHT9FCAY6XEC2-animals,10,meta-llama/Llama-3.3-70B-Instruct-Turbo,animals,"sheep
goat
dog
cat
horse
donkey
lion
tiger
buffalo",cow,1.0,elephant,,False,True,0,,iterative,7792628287340132000,wolf,False
01K4DTCNN0QR8ZHT9FCAY6XEC2-animals,11,meta-llama/Llama-3.3-70B-Instruct-Turbo,animals,"sheep
goat
dog
cat
horse
donkey
lion
tiger
buffalo
cow",rhino,0.0,pig,,False,True,0,,iterative,1899961243058352400,deer,False
01K4DTCNN0QR8ZHT9FCAY6XEC2-animals,12,meta-llama/Llama-3.3-70B-Instruct-Turbo,animals,"sheep
goat
dog
cat
horse
donkey
lion
tiger
buffalo
cow
rhino",elephant,0.0,elephant,,True,True,0,,iterative,608962713139209000,deer,False
01K4DTCNN0QR8ZHT9FCAY6XEC2-animals,13,meta-llama/Llama-3.3-70B-Instruct-Turbo,animals,"sheep
goat
dog
cat
horse
donkey
lion
tiger
buffalo
cow
rhino
elephant",monkey,0.0,giraffe,,False,True,0,,iterative,12431359584612784000,bison,False
01K4DTCNN0QR8ZHT9FCAY6XEC2-animals,14,meta-llama/Llama-3.3-70B-Instruct-Turbo,animals,"sheep
goat
dog
cat
horse
donkey
lion
tiger
buffalo
cow
rhino
elephant
monkey",gorilla,1.0,giraffe,,False,True,0,,iterative,1986873698114838500,snake,False
01K4DTCNN0QR8ZHT9FCAY6XEC2-animals,15,meta-llama/Llama-3.3-70B-Instruct-Turbo,animals,"sheep
goat
dog
cat
horse
donkey
lion
tiger
buffalo
cow
rhino
elephant
monkey
gorilla",chimpanzee,1.0,chimpanzee,,True,True,0,,iterative,17536655352303206000,sloth,False
01K4DTCNN0QR8ZHT9FCAY6XEC2-animals,16,meta-llama/Llama-3.3-70B-Instruct-Turbo,animals,"sheep
goat
dog
cat
horse
donkey
lion
tiger
buffalo
cow
rhino
elephant
monkey
gorilla
chimpanzee",rat,0.0,kangaroo,,False,True,0,,iterative,16342617741960413000,sloth,False
01K4DTCNN0QR8ZHT9FCAY6XEC2-animals,17,meta-llama/Llama-3.3-70B-Instruct-Turbo,animals,"sheep
goat
dog
cat
horse
donkey
lion
tiger
buffalo
cow
rhino
elephant
monkey
gorilla
chimpanzee
rat",leopard,0.0,mouse,,False,True,0,,iterative,5402974244197868000,mouse,False
01K4DTCNN0QR8ZHT9FCAY6XEC2-animals,18,meta-llama/Llama-3.3-70B-Instruct-Turbo,animals,"sheep
goat
dog
cat
horse
donkey
lion
tiger
buffalo
cow
rhino
elephant
monkey
gorilla
chimpanzee
rat
leopard",antelope,0.0,jaguar,,False,True,0,,iterative,15543363592254816000,cougar,False
01K4DTCNN0QR8ZHT9FCAY6XEC2-animals,19,meta-llama/Llama-3.3-70B-Instruct-Turbo,animals,"sheep
goat
dog
cat
horse
donkey
lion
tiger
buffalo
cow
rhino
elephant
monkey
gorilla
chimpanzee
rat
leopard
antelope",bison,0.0,giraffe,,False,True,0,,iterative,6815894120952715000,deer,False
01K4DTCNN0QR8ZHT9FCAY6XEC2-animals,20,meta-llama/Llama-3.3-70B-Instruct-Turbo,animals,"sheep
goat
dog
cat
horse
donkey
lion
tiger
buffalo
cow
rhino
elephant
monkey
gorilla
chimpanzee
rat
leopard
antelope
bison",pig,0.0,giraffe,,False,True,0,,iterative,3502791226823119400,deer,False
01K4DTCNN0QR8ZHT9FCAY6XEC2-animals,21,meta-llama/Llama-3.3-70B-Instruct-Turbo,animals,"sheep
goat
dog
cat
horse
donkey
lion
tiger
buffalo
cow
rhino
elephant
monkey
gorilla
chimpanzee
rat
leopard
antelope
bison
pig",warthog,0.0,deer,,False,True,0,,iterative,5968499611379001000,mouse,False
01K4DTCNN0QR8ZHT9FCAY6XEC2-animals,22,meta-llama/Llama-3.3-70B-Instruct-Turbo,animals,"sheep
goat
dog
cat
horse
donkey
lion
tiger
buffalo
cow
rhino
elephant
monkey
gorilla
chimpanzee
rat
leopard
antelope
bison
pig
warthog",dolphin,0.0,giraffe,,False,True,0,,iterative,7843670593772348000,deer,False
01K4DTCNN0QR8ZHT9FCAY6XEC2-animals,23,meta-llama/Llama-3.3-70B-Instruct-Turbo,animals,"sheep
goat
dog
cat
horse
donkey
lion
tiger
buffalo
cow
rhino
elephant
monkey
gorilla
chimpanzee
rat
leopard
antelope
bison
pig
warthog
dolphin",whale,0.0,whale,,True,True,0,,iterative,7056386209762176000,trout,False
01K4DTCNN0QR8ZHT9FCAY6XEC2-animals,24,meta-llama/Llama-3.3-70B-Instruct-Turbo,animals,"sheep
goat
dog
cat
horse
donkey
lion
tiger
buffalo
cow
rhino
elephant
monkey
gorilla
chimpanzee
rat
leopard
antelope
bison
pig
warthog
dolphin
whale",bear,0.0,shark,,False,True,0,,iterative,7880448982679941000,shark,False
01K4DTD9SBF9BDJEA4TF1Z1NJD-animals,2,meta-llama/Llama-3.3-70B-Instruct-Turbo,animals,pig,dog,0.0,cow,,False,True,0,,iterative,5986765037109639000,farm,False
01K4DTD9SBF9BDJEA4TF1Z1NJD-animals,3,meta-llama/Llama-3.3-70B-Instruct-Turbo,animals,"pig
dog",cat,0.0,cat,,True,True,0,,iterative,577665635724879200,cat,True
01K4DTD9SBF9BDJEA4TF1Z1NJD-animals,4,meta-llama/Llama-3.3-70B-Instruct-Turbo,animals,"pig
dog
cat",sheep,1.0,horse,,False,True,0,,iterative,13074218040268500000,pet,False
01K4DTD9SBF9BDJEA4TF1Z1NJD-animals,5,meta-llama/Llama-3.3-70B-Instruct-Turbo,animals,"pig
dog
cat
sheep",cow,1.0,horse,,False,True,0,,iterative,9930677838040445000,farm,False
01K4DTD9SBF9BDJEA4TF1Z1NJD-animals,6,meta-llama/Llama-3.3-70B-Instruct-Turbo,animals,"pig
dog
cat
sheep
cow",goat,1.0,horse,,False,True,0,,iterative,16884723183410790000,milk,False
01K4DTD9SBF9BDJEA4TF1Z1NJD-animals,7,meta-llama/Llama-3.3-70B-Instruct-Turbo,animals,"pig
dog
cat
sheep
cow
goat",llama,1.0,horse,,False,True,0,,iterative,1714836482030754000,farm,False
01K4DTD9SBF9BDJEA4TF1Z1NJD-animals,8,meta-llama/Llama-3.3-70B-Instruct-Turbo,animals,"pig
dog
cat
sheep
cow
goat
llama",bird,0.0,horse,,False,True,0,,iterative,2361137550857791000,zoo,False
01K4DTD9SBF9BDJEA4TF1Z1NJD-animals,9,meta-llama/Llama-3.3-70B-Instruct-Turbo,animals,"pig
dog
cat
sheep
cow
goat
llama
bird",elephant,0.0,horse,,False,True,0,,iterative,10053498112171983000,fly,False
01K4DTD9SBF9BDJEA4TF1Z1NJD-animals,10,meta-llama/Llama-3.3-70B-Instruct-Turbo,animals,"pig
dog
cat
sheep
cow
goat
llama
bird
elephant",tiger,0.0,horse,,False,True,0,,iterative,11116210365847093000,monkey,False
01K4DTD9SBF9BDJEA4TF1Z1NJD-animals,11,meta-llama/Llama-3.3-70B-Instruct-Turbo,animals,"pig
dog
cat
sheep
cow
goat
llama
bird
elephant
tiger",lion,0.0,lion,,True,True,0,,iterative,2077555611387195600,lion,True
01K4DTD9SBF9BDJEA4TF1Z1NJD-animals,12,meta-llama/Llama-3.3-70B-Instruct-Turbo,animals,"pig
dog
cat
sheep
cow
goat
llama
bird
elephant
tiger
lion",giraffe,0.0,giraffe,,True,True,0,,iterative,10649349860843702000,gazelle,False
01K4DTD9SBF9BDJEA4TF1Z1NJD-animals,13,meta-llama/Llama-3.3-70B-Instruct-Turbo,animals,"pig
dog
cat
sheep
cow
goat
llama
bird
elephant
tiger
lion
giraffe",hippopotamus,0.0,zebra,,False,True,0,,iterative,14470437290607260000,monkey,False
01K4DTD9SBF9BDJEA4TF1Z1NJD-animals,14,meta-llama/Llama-3.3-70B-Instruct-Turbo,animals,"pig
dog
cat
sheep
cow
goat
llama
bird
elephant
tiger
lion
giraffe
hippopotamus",panda,0.0,rhinoceros,,False,True,0,,iterative,4646427355267672000,rhino,False
01K4DTD9SBF9BDJEA4TF1Z1NJD-animals,15,meta-llama/Llama-3.3-70B-Instruct-Turbo,animals,"pig
dog
cat
sheep
cow
goat
llama
bird
elephant
tiger
lion
giraffe
hippopotamus
panda",polarbear,0.0,monkey,,False,True,0,,iterative,4175248834982920000,monkey,False
01K4DTD9SBF9BDJEA4TF1Z1NJD-animals,16,meta-llama/Llama-3.3-70B-Instruct-Turbo,animals,"pig
dog
cat
sheep
cow
goat
llama
bird
elephant
tiger
lion
giraffe
hippopotamus
panda
polar bear",snake,1.0,kangaroo,,False,True,0,,iterative,16728377826844025000,raccoon,False
01K4DTD9SBF9BDJEA4TF1Z1NJD-animals,17,meta-llama/Llama-3.3-70B-Instruct-Turbo,animals,"pig
dog
cat
sheep
cow
goat
llama
bird
elephant
tiger
lion
giraffe
hippopotamus
panda
polar bear
snake",toad,1.0,monkey,,False,True,0,,iterative,8296493041219433000,lizard,False
01K4DTD9SBF9BDJEA4TF1Z1NJD-animals,18,meta-llama/Llama-3.3-70B-Instruct-Turbo,animals,"pig
dog
cat
sheep
cow
goat
llama
bird
elephant
tiger
lion
giraffe
hippopotamus
panda
polar bear
snake
toad",frog,1.0,frog,,True,True,0,,iterative,11612726584051843000,frog,True
01K4DTD9SBF9BDJEA4TF1Z1NJD-animals,19,meta-llama/Llama-3.3-70B-Instruct-Turbo,animals,"pig
dog
cat
sheep
cow
goat
llama
bird
elephant
tiger
lion
giraffe
hippopotamus
panda
polar bear
snake
toad
frog",tadpole,1.0,turtle,,False,True,0,,iterative,14403198990904996000,fly,False
01K4DTD9SBF9BDJEA4TF1Z1NJD-animals,20,meta-llama/Llama-3.3-70B-Instruct-Turbo,animals,"pig
dog
cat
sheep
cow
goat
llama
bird
elephant
tiger
lion
giraffe
hippopotamus
panda
polar bear
snake
toad
frog
tadpole",fish,1.0,fish,,True,True,0,,iterative,14299703101335386000,fish,True
01K4DTD9SBF9BDJEA4TF1Z1NJD-animals,21,meta-llama/Llama-3.3-70B-Instruct-Turbo,animals,"pig
dog
cat
sheep
cow
goat
llama
bird
elephant
tiger
lion
giraffe
hippopotamus
panda
polar bear
snake
toad
frog
tadpole
fish",shark,1.0,shark,,True,True,0,,iterative,2919044058799272000,shark,True
01K4DTD9SBF9BDJEA4TF1Z1NJD-animals,22,meta-llama/Llama-3.3-70B-Instruct-Turbo,animals,"pig
dog
cat
sheep
cow
goat
llama
bird
elephant
tiger
lion
giraffe
hippopotamus
panda
polar bear
snake
toad
frog
tadpole
fish
shark",dolphin,1.0,octopus,,False,True,0,,iterative,8160656610011216000,whale,False
01K4DTD9SBF9BDJEA4TF1Z1NJD-animals,23,meta-llama/Llama-3.3-70B-Instruct-Turbo,animals,"pig
dog
cat
sheep
cow
goat
llama
bird
elephant
tiger
lion
giraffe
hippopotamus
panda
polar bear
snake
toad
frog
tadpole
fish
shark
dolphin",whale,1.0,whale,,True,True,0,,iterative,13896966197040110000,whale,True
01K4DTD9SBF9BDJEA4TF1Z1NJD-animals,24,meta-llama/Llama-3.3-70B-Instruct-Turbo,animals,"pig
dog
cat
sheep
cow
goat
llama
bird
elephant
tiger
lion
giraffe
hippopotamus
panda
polar bear
snake
toad
frog
tadpole
fish
shark
dolphin
whale",crab,1.0,octopus,,False,True,0,,iterative,14934327190623250000,octopus,False
01K4DTD9SBF9BDJEA4TF1Z1NJD-animals,25,meta-llama/Llama-3.3-70B-Instruct-Turbo,animals,"pig
dog
cat
sheep
cow
goat
llama
bird
elephant
tiger
lion
giraffe
hippopotamus
panda
polar bear
snake
toad
frog
tadpole
fish
shark
dolphin
whale
crab",lobster,1.0,octopus,,False,True,0,,iterative,1926553641040590800,lobster,True
01K4DTD9SBF9BDJEA4TF1Z1NJD-animals,26,meta-llama/Llama-3.3-70B-Instruct-Turbo,animals,"pig
dog
cat
sheep
cow
goat
llama
bird
elephant
tiger
lion
giraffe
hippopotamus
panda
polar bear
snake
toad
frog
tadpole
fish
shark
dolphin
whale
crab
lobster",squid,1.0,octopus,,False,True,0,,iterative,15332774677789000000,shrimp,False
01K4DTD9SBF9BDJEA4TF1Z1NJD-animals,27,meta-llama/Llama-3.3-70B-Instruct-Turbo,animals,"pig
dog
cat
sheep
cow
goat
llama
bird
elephant
tiger
lion
giraffe
hippopotamus
panda
polar bear
snake
toad
frog
tadpole
fish
shark
dolphin
whale
crab
lobster
squid",octopus,1.0,octopus,,True,True,0,,iterative,11577783591248886000,octopus,True
01K4DTD9SBF9BDJEA4TF1Z1NJD-animals,28,meta-llama/Llama-3.3-70B-Instruct-Turbo,animals,"pig
dog
cat
sheep
cow
goat
llama
bird
elephant
tiger
lion
giraffe
hippopotamus
panda
polar bear
snake
toad
frog
tadpole
fish
shark
dolphin
whale
crab
lobster
squid
octopus",rat,0.0,jellyfish,,False,True,0,,iterative,3109489636246323700,shrimp,False
01K4DTD9SBF9BDJEA4TF1Z1NJD-animals,29,meta-llama/Llama-3.3-70B-Instruct-Turbo,animals,"pig
dog
cat
sheep
cow
goat
llama
bird
elephant
tiger
lion
giraffe
hippopotamus
panda
polar bear
snake
toad
frog
tadpole
fish
shark
dolphin
whale
crab
lobster
squid
octopus
rat",mouse,0.0,mouse,,True,True,0,,iterative,15222337186562510000,mouse,True
01K4DTD9SBF9BDJEA4TF1Z1NJD-animals,30,meta-llama/Llama-3.3-70B-Instruct-Turbo,animals,"pig
dog
cat
sheep
cow
goat
llama
bird
elephant
tiger
lion
giraffe
hippopotamus
panda
polar bear
snake
toad
frog
tadpole
fish
shark
dolphin
whale
crab
lobster
squid
octopus
rat
mouse",squirrel,0.0,squirrel,,True,True,0,,iterative,2724672805710218000,squirrel,True
01K4DTD9SBF9BDJEA4TF1Z1NJD-animals,31,meta-llama/Llama-3.3-70B-Instruct-Turbo,animals,"pig
dog
cat
sheep
cow
goat
llama
bird
elephant
tiger
lion
giraffe
hippopotamus
panda
polar bear
snake
toad
frog
tadpole
fish
shark
dolphin
whale
crab
lobster
squid
octopus
rat
mouse
squirrel",pigeon,1.0,rabbit,,False,True,0,,iterative,2940287693050705000,rabbit,False
01K4DTD9SBF9BDJEA4TF1Z1NJD-animals,32,meta-llama/Llama-3.3-70B-Instruct-Turbo,animals,"pig
dog
cat
sheep
cow
goat
llama
bird
elephant
tiger
lion
giraffe
hippopotamus
panda
polar bear
snake
toad
frog
tadpole
fish
shark
dolphin
whale
crab
lobster
squid
octopus
rat
mouse
squirrel
pigeon",chicken,1.0,sparrow,,False,True,0,,iterative,814161945892486100,crow,False
01K4DTD9SBF9BDJEA4TF1Z1NJD-animals,33,meta-llama/Llama-3.3-70B-Instruct-Turbo,animals,"pig
dog
cat
sheep
cow
goat
llama
bird
elephant
tiger
lion
giraffe
hippopotamus
panda
polar bear
snake
toad
frog
tadpole
fish
shark
dolphin
whale
crab
lobster
squid
octopus
rat
mouse
squirrel
pigeon
chicken",pheasant,1.0,turkey,,False,True,0,,iterative,7201801948861522000,duck,False
01K4DTD9SBF9BDJEA4TF1Z1NJD-animals,34,meta-llama/Llama-3.3-70B-Instruct-Turbo,animals,"pig
dog
cat
sheep
cow
goat
llama
bird
elephant
tiger
lion
giraffe
hippopotamus
panda
polar bear
snake
toad
frog
tadpole
fish
shark
dolphin
whale
crab
lobster
squid
octopus
rat
mouse
squirrel
pigeon
chicken
pheasant",peacock,1.0,turkey,,False,True,0,,iterative,14506536116804098000,goose,False
01K4DTD9SBF9BDJEA4TF1Z1NJD-animals,35,meta-llama/Llama-3.3-70B-Instruct-Turbo,animals,"pig
dog
cat
sheep
cow
goat
llama
bird
elephant
tiger
lion
giraffe
hippopotamus
panda
polar bear
snake
toad
frog
tadpole
fish
shark
dolphin
whale
crab
lobster
squid
octopus
rat
mouse
squirrel
pigeon
chicken
pheasant
peacock",dove,1.0,turkey,,False,True,0,,iterative,14429866288700506000,goose,False
01K4DTD9SBF9BDJEA4TF1Z1NJD-animals,36,meta-llama/Llama-3.3-70B-Instruct-Turbo,animals,"pig
dog
cat
sheep
cow
goat
llama
bird
elephant
tiger
lion
giraffe
hippopotamus
panda
polar bear
snake
toad
frog
tadpole
fish
shark
dolphin
whale
crab
lobster
squid
octopus
rat
mouse
squirrel
pigeon
chicken
pheasant
peacock
dove",rooster,1.0,turkey,,False,True,0,,iterative,15203420639237160000,crow,False
01K4DTD9SBF9BDJEA4TF1Z1NJD-animals,37,meta-llama/Llama-3.3-70B-Instruct-Turbo,animals,"pig
dog
cat
sheep
cow
goat
llama
bird
elephant
tiger
lion
giraffe
hippopotamus
panda
polar bear
snake
toad
frog
tadpole
fish
shark
dolphin
whale
crab
lobster
squid
octopus
rat
mouse
squirrel
pigeon
chicken
pheasant
peacock
dove
rooster",hawk,1.0,turkey,,False,True,0,,iterative,8322911273865546000,chicken,False
01K4DTEBXXJ9BN4F0VB5WTE2RS-animals,2,meta-llama/Llama-3.3-70B-Instruct-Turbo,animals,cat,dog,1.0,dog,,True,True,0,,iterative,17958242034966915000,dog,True
01K4DTEBXXJ9BN4F0VB5WTE2RS-animals,3,meta-llama/Llama-3.3-70B-Instruct-Turbo,animals,"cat
dog",horse,0.0,hamster,,False,True,0,,iterative,10572278283844670000,mouse,False
01K4DTEBXXJ9BN4F0VB5WTE2RS-animals,4,meta-llama/Llama-3.3-70B-Instruct-Turbo,animals,"cat
dog
horse",donkey,0.0,cow,,False,True,0,,iterative,9267760934257502000,cow,False
01K4DTEBXXJ9BN4F0VB5WTE2RS-animals,5,meta-llama/Llama-3.3-70B-Instruct-Turbo,animals,"cat
dog
horse
donkey",giraffe,0.0,mule,,False,True,0,,iterative,1265268345369053700,goat,False
01K4DTEBXXJ9BN4F0VB5WTE2RS-animals,6,meta-llama/Llama-3.3-70B-Instruct-Turbo,animals,"cat
dog
horse
donkey
giraffe",tiger,0.0,zebra,,False,True,0,,iterative,16544368870744360000,lion,False
01K4DTEBXXJ9BN4F0VB5WTE2RS-animals,7,meta-llama/Llama-3.3-70B-Instruct-Turbo,animals,"cat
dog
horse
donkey
giraffe
tiger",whale,0.0,lion,,False,True,0,,iterative,7573232993239349000,lion,False
01K4DTEBXXJ9BN4F0VB5WTE2RS-animals,8,meta-llama/Llama-3.3-70B-Instruct-Turbo,animals,"cat
dog
horse
donkey
giraffe
tiger
whale",elephant,0.0,shark,,False,True,0,,iterative,12653055855235242000,dolphin,False
01K4DTEBXXJ9BN4F0VB5WTE2RS-animals,9,meta-llama/Llama-3.3-70B-Instruct-Turbo,animals,"cat
dog
horse
donkey
giraffe
tiger
whale
elephant",panda,0.0,lion,,False,True,0,,iterative,17883595502323941000,lion,False
01K4DTEBXXJ9BN4F0VB5WTE2RS-animals,10,meta-llama/Llama-3.3-70B-Instruct-Turbo,animals,"cat
dog
horse
donkey
giraffe
tiger
whale
elephant
panda",penguin,0.0,monkey,,False,True,0,,iterative,9775876626733244000,lion,False
01K4DTEBXXJ9BN4F0VB5WTE2RS-animals,11,meta-llama/Llama-3.3-70B-Instruct-Turbo,animals,"cat
dog
horse
donkey
giraffe
tiger
whale
elephant
panda
penguin",turtle,0.0,koala,,False,True,0,,iterative,4913695766782910000,polar bear,False
01K4DTEBXXJ9BN4F0VB5WTE2RS-animals,12,meta-llama/Llama-3.3-70B-Instruct-Turbo,animals,"cat
dog
horse
donkey
giraffe
tiger
whale
elephant
panda
penguin
turtle",bear,0.0,crocodile,,False,True,0,,iterative,12770093907275954000,tortoise,False
01K4DTEBXXJ9BN4F0VB5WTE2RS-animals,13,meta-llama/Llama-3.3-70B-Instruct-Turbo,animals,"cat
dog
horse
donkey
giraffe
tiger
whale
elephant
panda
penguin
turtle
bear",lion,0.0,kangaroo,,False,True,0,,iterative,3426011139678547500,lion,True
01K4DTEBXXJ9BN4F0VB5WTE2RS-animals,14,meta-llama/Llama-3.3-70B-Instruct-Turbo,animals,"cat
dog
horse
donkey
giraffe
tiger
whale
elephant
panda
penguin
turtle
bear
lion",leopard,0.0,monkey,,False,True,0,,iterative,17543427957330190000,rhino,False
01K4DTEBXXJ9BN4F0VB5WTE2RS-animals,15,meta-llama/Llama-3.3-70B-Instruct-Turbo,animals,"cat
dog
horse
donkey
giraffe
tiger
whale
elephant
panda
penguin
turtle
bear
lion
leopard",bison,0.0,monkey,,False,True,0,,iterative,8253524333684897000,cheetah,False
01K4DTEBXXJ9BN4F0VB5WTE2RS-animals,16,meta-llama/Llama-3.3-70B-Instruct-Turbo,animals,"cat
dog
horse
donkey
giraffe
tiger
whale
elephant
panda
penguin
turtle
bear
lion
leopard
bison",snake,0.0,wolf,,False,True,0,,iterative,2826081954840440000,elk,False
01K4DTEBXXJ9BN4F0VB5WTE2RS-animals,17,meta-llama/Llama-3.3-70B-Instruct-Turbo,animals,"cat
dog
horse
donkey
giraffe
tiger
whale
elephant
panda
penguin
turtle
bear
lion
leopard
bison
snake",fox,0.0,crocodile,,False,True,0,,iterative,7380231460034136000,lizard,False
01K4DTEBXXJ9BN4F0VB5WTE2RS-animals,18,meta-llama/Llama-3.3-70B-Instruct-Turbo,animals,"cat
dog
horse
donkey
giraffe
tiger
whale
elephant
panda
penguin
turtle
bear
lion
leopard
bison
snake
fox",bat,0.0,wolf,,False,True,0,,iterative,15775504360821254000,mouse,False
01K4DTEBXXJ9BN4F0VB5WTE2RS-animals,19,meta-llama/Llama-3.3-70B-Instruct-Turbo,animals,"cat
dog
horse
donkey
giraffe
tiger
whale
elephant
panda
penguin
turtle
bear
lion
leopard
bison
snake
fox
bat",lynx,0.0,wolf,,False,True,0,,iterative,5843617177951878000,squirrel,False
01K4DTEBXXJ9BN4F0VB5WTE2RS-animals,20,meta-llama/Llama-3.3-70B-Instruct-Turbo,animals,"cat
dog
horse
donkey
giraffe
tiger
whale
elephant
panda
penguin
turtle
bear
lion
leopard
bison
snake
fox
bat
lynx",capybara,0.0,wolf,,False,True,0,,iterative,4976302254200301000,squirrel,False
01K4DTEBXXJ9BN4F0VB5WTE2RS-animals,21,meta-llama/Llama-3.3-70B-Instruct-Turbo,animals,"cat
dog
horse
donkey
giraffe
tiger
whale
elephant
panda
penguin
turtle
bear
lion
leopard
bison
snake
fox
bat
lynx
capybara",zebra,0.0,raccoon,,False,True,0,,iterative,15990541982149657000,pig,False
01K4DTEBXXJ9BN4F0VB5WTE2RS-animals,22,meta-llama/Llama-3.3-70B-Instruct-Turbo,animals,"cat
dog
horse
donkey
giraffe
tiger
whale
elephant
panda
penguin
turtle
bear
lion
leopard
bison
snake
fox
bat
lynx
capybara
zebra",squirrel,0.0,rhinoceros,,False,True,0,,iterative,1462391995529954800,hippopotamus,False
01K4DTEBXXJ9BN4F0VB5WTE2RS-animals,23,meta-llama/Llama-3.3-70B-Instruct-Turbo,animals,"cat
dog
horse
donkey
giraffe
tiger
whale
elephant
panda
penguin
turtle
bear
lion
leopard
bison
snake
fox
bat
lynx
capybara
zebra
squirrel",shark,0.0,raccoon,,False,True,0,,iterative,17139111373546381000,raccoon,False
01K4DTEBXXJ9BN4F0VB5WTE2RS-animals,24,meta-llama/Llama-3.3-70B-Instruct-Turbo,animals,"cat
dog
horse
donkey
giraffe
tiger
whale
elephant
panda
penguin
turtle
bear
lion
leopard
bison
snake
fox
bat
lynx
capybara
zebra
squirrel
shark",wolf,0.0,raccoon,,False,True,0,,iterative,18656963437392520,raccoon,False
01K4DTEBXXJ9BN4F0VB5WTE2RS-animals,25,meta-llama/Llama-3.3-70B-Instruct-Turbo,animals,"cat
dog
horse
donkey
giraffe
tiger
whale
elephant
panda
penguin
turtle
bear
lion
leopard
bison
snake
fox
bat
lynx
capybara
zebra
squirrel
shark
wolf",monkey,0.0,raccoon,,False,True,0,,iterative,4416191921831024600,raccoon,False
01K4DTEGAZKAJFZAKSTBYQ5NZT-animals,2,meta-llama/Llama-3.3-70B-Instruct-Turbo,animals,cat,dog,0.0,dog,,True,True,0,,iterative,14654704958877207000,dog,True
01K4DTEGAZKAJFZAKSTBYQ5NZT-animals,3,meta-llama/Llama-3.3-70B-Instruct-Turbo,animals,"cat
dog",aardvark,1.0,hamster,,False,True,0,,iterative,17723004731398910000,cow,False
01K4DTEGAZKAJFZAKSTBYQ5NZT-animals,4,meta-llama/Llama-3.3-70B-Instruct-Turbo,animals,"cat
dog
aardvark",monkey,0.0,mouse,,False,True,0,,iterative,4025186090608710700,antelope,False
01K4DTEGAZKAJFZAKSTBYQ5NZT-animals,5,meta-llama/Llama-3.3-70B-Instruct-Turbo,animals,"cat
dog
aardvark
monkey",camel,1.0,giraffe,,False,True,0,,iterative,4537623284058634000,chimp,False
01K4DTEGAZKAJFZAKSTBYQ5NZT-animals,6,meta-llama/Llama-3.3-70B-Instruct-Turbo,animals,"cat
dog
aardvark
monkey
camel",horse,0.0,giraffe,,False,True,0,,iterative,1666700380502915000,giraffe,False
01K4DTEGAZKAJFZAKSTBYQ5NZT-animals,7,meta-llama/Llama-3.3-70B-Instruct-Turbo,animals,"cat
dog
aardvark
monkey
camel
horse",cow,0.0,donkey,,False,True,0,,iterative,13612113675766831000,donkey,False
01K4DTEGAZKAJFZAKSTBYQ5NZT-animals,8,meta-llama/Llama-3.3-70B-Instruct-Turbo,animals,"cat
dog
aardvark
monkey
camel
horse
cow",sheep,0.0,sheep,,True,True,0,,iterative,2443182531087930400,sheep,True
01K4DTEGAZKAJFZAKSTBYQ5NZT-animals,9,meta-llama/Llama-3.3-70B-Instruct-Turbo,animals,"cat
dog
aardvark
monkey
camel
horse
cow
sheep",lamb,0.0,goat,,False,True,0,,iterative,7153499203122943000,pig,False
01K4DTEGAZKAJFZAKSTBYQ5NZT-animals,10,meta-llama/Llama-3.3-70B-Instruct-Turbo,animals,"cat
dog
aardvark
monkey
camel
horse
cow
sheep
lamb",goat,0.0,goat,,True,True,0,,iterative,7295601147038622000,pig,False
01K4DTEGAZKAJFZAKSTBYQ5NZT-animals,11,meta-llama/Llama-3.3-70B-Instruct-Turbo,animals,"cat
dog
aardvark
monkey
camel
horse
cow
sheep
lamb
goat",buffalo,0.0,donkey,,False,True,0,,iterative,251724746439576260,pig,False
01K4DTEGAZKAJFZAKSTBYQ5NZT-animals,12,meta-llama/Llama-3.3-70B-Instruct-Turbo,animals,"cat
dog
aardvark
monkey
camel
horse
cow
sheep
lamb
goat
buffalo",lion,0.0,donkey,,False,True,0,,iterative,13033291424433484000,pig,False
01K4DTEGAZKAJFZAKSTBYQ5NZT-animals,13,meta-llama/Llama-3.3-70B-Instruct-Turbo,animals,"cat
dog
aardvark
monkey
camel
horse
cow
sheep
lamb
goat
buffalo
lion",cheetah,0.0,tiger,,False,True,0,,iterative,3293805230539504000,tiger,False
01K4DTEGAZKAJFZAKSTBYQ5NZT-animals,14,meta-llama/Llama-3.3-70B-Instruct-Turbo,animals,"cat
dog
aardvark
monkey
camel
horse
cow
sheep
lamb
goat
buffalo
lion
cheetah",jaguar,0.0,tiger,,False,True,0,,iterative,15538422920465127000,tiger,False
01K4DTEGAZKAJFZAKSTBYQ5NZT-animals,15,meta-llama/Llama-3.3-70B-Instruct-Turbo,animals,"cat
dog
aardvark
monkey
camel
horse
cow
sheep
lamb
goat
buffalo
lion
cheetah
jaguar",leopard,0.0,tiger,,False,True,0,,iterative,2370912331482565000,tiger,False
01K4DTEGAZKAJFZAKSTBYQ5NZT-animals,16,meta-llama/Llama-3.3-70B-Instruct-Turbo,animals,"cat
dog
aardvark
monkey
camel
horse
cow
sheep
lamb
goat
buffalo
lion
cheetah
jaguar
leopard",snake,1.0,tiger,,False,True,0,,iterative,2478277077240504000,tiger,False
01K4DTEGAZKAJFZAKSTBYQ5NZT-animals,17,meta-llama/Llama-3.3-70B-Instruct-Turbo,animals,"cat
dog
aardvark
monkey
camel
horse
cow
sheep
lamb
goat
buffalo
lion
cheetah
jaguar
leopard
snake",lizard,0.0,tiger,,False,True,0,,iterative,12462653552100612000,lizard,True
01K4DTEGAZKAJFZAKSTBYQ5NZT-animals,18,meta-llama/Llama-3.3-70B-Instruct-Turbo,animals,"cat
dog
aardvark
monkey
camel
horse
cow
sheep
lamb
goat
buffalo
lion
cheetah
jaguar
leopard
snake
lizard",gecko,0.0,tiger,,False,True,0,,iterative,17691444010415636000,frog,False
01K4DTEGAZKAJFZAKSTBYQ5NZT-animals,19,meta-llama/Llama-3.3-70B-Instruct-Turbo,animals,"cat
dog
aardvark
monkey
camel
horse
cow
sheep
lamb
goat
buffalo
lion
cheetah
jaguar
leopard
snake
lizard
gecko",anteater,0.0,turtle,,False,True,0,,iterative,2246758985364753000,frog,False
01K4DTEGAZKAJFZAKSTBYQ5NZT-animals,20,meta-llama/Llama-3.3-70B-Instruct-Turbo,animals,"cat
dog
aardvark
monkey
camel
horse
cow
sheep
lamb
goat
buffalo
lion
cheetah
jaguar
leopard
snake
lizard
gecko
anteater",crocodile,1.0,armadillo,,False,True,0,,iterative,16228556622046274000,toad,False
01K4DTEGAZKAJFZAKSTBYQ5NZT-animals,21,meta-llama/Llama-3.3-70B-Instruct-Turbo,animals,"cat
dog
aardvark
monkey
camel
horse
cow
sheep
lamb
goat
buffalo
lion
cheetah
jaguar
leopard
snake
lizard
gecko
anteater
crocodile",alligator,0.0,tiger,,False,True,0,,iterative,8346985821254889000,alligator,True
01K4DTEGAZKAJFZAKSTBYQ5NZT-animals,22,meta-llama/Llama-3.3-70B-Instruct-Turbo,animals,"cat
dog
aardvark
monkey
camel
horse
cow
sheep
lamb
goat
buffalo
lion
cheetah
jaguar
leopard
snake
lizard
gecko
anteater
crocodile
alligator",fish,1.0,tortoise,,False,True,0,,iterative,14796311350952081000,frog,False
01K4DTEGAZKAJFZAKSTBYQ5NZT-animals,23,meta-llama/Llama-3.3-70B-Instruct-Turbo,animals,"cat
dog
aardvark
monkey
camel
horse
cow
sheep
lamb
goat
buffalo
lion
cheetah
jaguar
leopard
snake
lizard
gecko
anteater
crocodile
alligator
fish",whale,0.0,shark,,False,True,0,,iterative,14551714608107913000,shark,False
01K4DTEGAZKAJFZAKSTBYQ5NZT-animals,24,meta-llama/Llama-3.3-70B-Instruct-Turbo,animals,"cat
dog
aardvark
monkey
camel
horse
cow
sheep
lamb
goat
buffalo
lion
cheetah
jaguar
leopard
snake
lizard
gecko
anteater
crocodile
alligator
fish
whale",dolphin,0.0,dolphin,,True,True,0,,iterative,4911882642872634000,shark,False
01K4DTEGAZKAJFZAKSTBYQ5NZT-animals,25,meta-llama/Llama-3.3-70B-Instruct-Turbo,animals,"cat
dog
aardvark
monkey
camel
horse
cow
sheep
lamb
goat
buffalo
lion
cheetah
jaguar
leopard
snake
lizard
gecko
anteater
crocodile
alligator
fish
whale
dolphin",shark,0.0,seal,,False,True,0,,iterative,17415561544001024000,shark,True
01K4DTEGAZKAJFZAKSTBYQ5NZT-animals,26,meta-llama/Llama-3.3-70B-Instruct-Turbo,animals,"cat
dog
aardvark
monkey
camel
horse
cow
sheep
lamb
goat
buffalo
lion
cheetah
jaguar
leopard
snake
lizard
gecko
anteater
crocodile
alligator
fish
whale
dolphin
shark",octopus,0.0,octopus,,True,True,0,,iterative,15376952594207000000,eel,False
01K4DTEGAZKAJFZAKSTBYQ5NZT-animals,27,meta-llama/Llama-3.3-70B-Instruct-Turbo,animals,"cat
dog
aardvark
monkey
camel
horse
cow
sheep
lamb
goat
buffalo
lion
cheetah
jaguar
leopard
snake
lizard
gecko
anteater
crocodile
alligator
fish
whale
dolphin
shark
octopus",cuttlefish,0.0,squid,,False,True,0,,iterative,7652797286520889000,eel,False
01K4DTEGAZKAJFZAKSTBYQ5NZT-animals,28,meta-llama/Llama-3.3-70B-Instruct-Turbo,animals,"cat
dog
aardvark
monkey
camel
horse
cow
sheep
lamb
goat
buffalo
lion
cheetah
jaguar
leopard
snake
lizard
gecko
anteater
crocodile
alligator
fish
whale
dolphin
shark
octopus
cuttlefish",starfish,0.0,squid,,False,True,0,,iterative,1810282750445594600,squid,False
01K4DTEGAZKAJFZAKSTBYQ5NZT-animals,29,meta-llama/Llama-3.3-70B-Instruct-Turbo,animals,"cat
dog
aardvark
monkey
camel
horse
cow
sheep
lamb
goat
buffalo
lion
cheetah
jaguar
leopard
snake
lizard
gecko
anteater
crocodile
alligator
fish
whale
dolphin
shark
octopus
cuttlefish
starfish",crab,0.0,squid,,False,True,0,,iterative,5125341852158848000,squid,False
01K4DTEGAZKAJFZAKSTBYQ5NZT-animals,30,meta-llama/Llama-3.3-70B-Instruct-Turbo,animals,"cat
dog
aardvark
monkey
camel
horse
cow
sheep
lamb
goat
buffalo
lion
cheetah
jaguar
leopard
snake
lizard
gecko
anteater
crocodile
alligator
fish
whale
dolphin
shark
octopus
cuttlefish
starfish
crab",lobster,0.0,lobster,,True,True,0,,iterative,8749522492407804000,lobster,True
01K4DTEGAZKAJFZAKSTBYQ5NZT-animals,31,meta-llama/Llama-3.3-70B-Instruct-Turbo,animals,"cat
dog
aardvark
monkey
camel
horse
cow
sheep
lamb
goat
buffalo
lion
cheetah
jaguar
leopard
snake
lizard
gecko
anteater
crocodile
alligator
fish
whale
dolphin
shark
octopus
cuttlefish
starfish
crab
lobster",prawn,0.0,squid,,False,True,0,,iterative,13478967555808870000,squid,False
01K4DTEGAZKAJFZAKSTBYQ5NZT-animals,32,meta-llama/Llama-3.3-70B-Instruct-Turbo,animals,"cat
dog
aardvark
monkey
camel
horse
cow
sheep
lamb
goat
buffalo
lion
cheetah
jaguar
leopard
snake
lizard
gecko
anteater
crocodile
alligator
fish
whale
dolphin
shark
octopus
cuttlefish
starfish
crab
lobster
prawn",orca,0.0,shrimp,,False,True,0,,iterative,6006050757045276000,squid,False
01K4DTEGAZKAJFZAKSTBYQ5NZT-animals,33,meta-llama/Llama-3.3-70B-Instruct-Turbo,animals,"cat
dog
aardvark
monkey
camel
horse
cow
sheep
lamb
goat
buffalo
lion
cheetah
jaguar
leopard
snake
lizard
gecko
anteater
crocodile
alligator
fish
whale
dolphin
shark
octopus
cuttlefish
starfish
crab
lobster
prawn
orca",killerwhale,0.0,squid,,False,True,0,,iterative,5716787288307099000,beluga,False
01K4DTEGAZKAJFZAKSTBYQ5NZT-animals,34,meta-llama/Llama-3.3-70B-Instruct-Turbo,animals,"cat
dog
aardvark
monkey
camel
horse
cow
sheep
lamb
goat
buffalo
lion
cheetah
jaguar
leopard
snake
lizard
gecko
anteater
crocodile
alligator
fish
whale
dolphin
shark
octopus
cuttlefish
starfish
crab
lobster
prawn
orca
killer whale",crow,1.0,seal,,False,True,0,,iterative,14726139975227175000,beluga,False
01K4DTEGAZKAJFZAKSTBYQ5NZT-animals,35,meta-llama/Llama-3.3-70B-Instruct-Turbo,animals,"cat
dog
aardvark
monkey
camel
horse
cow
sheep
lamb
goat
buffalo
lion
cheetah
jaguar
leopard
snake
lizard
gecko
anteater
crocodile
alligator
fish
whale
dolphin
shark
octopus
cuttlefish
starfish
crab
lobster
prawn
orca
killer whale
crow",robin,0.0,raven,,False,True,0,,iterative,3353713004228349400,parrot,False
01K4DTEGAZKAJFZAKSTBYQ5NZT-animals,36,meta-llama/Llama-3.3-70B-Instruct-Turbo,animals,"cat
dog
aardvark
monkey
camel
horse
cow
sheep
lamb
goat
buffalo
lion
cheetah
jaguar
leopard
snake
lizard
gecko
anteater
crocodile
alligator
fish
whale
dolphin
shark
octopus
cuttlefish
starfish
crab
lobster
prawn
orca
killer whale
crow
robin",blackbird,0.0,sparrow,,False,True,0,,iterative,12099585433862740000,eagle,False
01K4DTEGAZKAJFZAKSTBYQ5NZT-animals,37,meta-llama/Llama-3.3-70B-Instruct-Turbo,animals,"cat
dog
aardvark
monkey
camel
horse
cow
sheep
lamb
goat
buffalo
lion
cheetah
jaguar
leopard
snake
lizard
gecko
anteater
crocodile
alligator
fish
whale
dolphin
shark
octopus
cuttlefish
starfish
crab
lobster
prawn
orca
killer whale
crow
robin
blackbird",pigeon,0.0,sparrow,,False,True,0,,iterative,9364438266892340000,eagle,False
01K4DTEGAZKAJFZAKSTBYQ5NZT-animals,38,meta-llama/Llama-3.3-70B-Instruct-Turbo,animals,"cat
dog
aardvark
monkey
camel
horse
cow
sheep
lamb
goat
buffalo
lion
cheetah
jaguar
leopard
snake
lizard
gecko
anteater
crocodile
alligator
fish
whale
dolphin
shark
octopus
cuttlefish
starfish
crab
lobster
prawn
orca
killer whale
crow
robin
blackbird
pigeon",ostrich,0.0,sparrow,,False,True,0,,iterative,17210440119662684000,eagle,False
01K4DTEGAZKAJFZAKSTBYQ5NZT-animals,39,meta-llama/Llama-3.3-70B-Instruct-Turbo,animals,"cat
dog
aardvark
monkey
camel
horse
cow
sheep
lamb
goat
buffalo
lion
cheetah
jaguar
leopard
snake
lizard
gecko
anteater
crocodile
alligator
fish
whale
dolphin
shark
octopus
cuttlefish
starfish
crab
lobster
prawn
orca
killer whale
crow
robin
blackbird
pigeon
ostrich",emu,0.0,emu,,True,True,0,,iterative,3261898103984419000,eagle,False
01K4DTEGAZKAJFZAKSTBYQ5NZT-animals,40,meta-llama/Llama-3.3-70B-Instruct-Turbo,animals,"cat
dog
aardvark
monkey
camel
horse
cow
sheep
lamb
goat
buffalo
lion
cheetah
jaguar
leopard
snake
lizard
gecko
anteater
crocodile
alligator
fish
whale
dolphin
shark
octopus
cuttlefish
starfish
crab
lobster
prawn
orca
killer whale
crow
robin
blackbird
pigeon
ostrich
emu",alpaca,0.0,kangaroo,,False,True,0,,iterative,16818535897676886000,eagle,False
01K4DTEGAZKAJFZAKSTBYQ5NZT-animals,41,meta-llama/Llama-3.3-70B-Instruct-Turbo,animals,"cat
dog
aardvark
monkey
camel
horse
cow
sheep
lamb
goat
buffalo
lion
cheetah
jaguar
leopard
snake
lizard
gecko
anteater
crocodile
alligator
fish
whale
dolphin
shark
octopus
cuttlefish
starfish
crab
lobster
prawn
orca
killer whale
crow
robin
blackbird
pigeon
ostrich
emu
alpaca",donkey,1.0,llama,,False,True,0,,iterative,2429880359426145000,llama,False
01K4DTEGAZKAJFZAKSTBYQ5NZT-animals,42,meta-llama/Llama-3.3-70B-Instruct-Turbo,animals,"cat
dog
aardvark
monkey
camel
horse
cow
sheep
lamb
goat
buffalo
lion
cheetah
jaguar
leopard
snake
lizard
gecko
anteater
crocodile
alligator
fish
whale
dolphin
shark
octopus
cuttlefish
starfish
crab
lobster
prawn
orca
killer whale
crow
robin
blackbird
pigeon
ostrich
emu
alpaca
donkey",mule,0.0,llama,,False,True,0,,iterative,11266225206826197000,mule,True
01K4DTEGAZKAJFZAKSTBYQ5NZT-animals,43,meta-llama/Llama-3.3-70B-Instruct-Turbo,animals,"cat
dog
aardvark
monkey
camel
horse
cow
sheep
lamb
goat
buffalo
lion
cheetah
jaguar
leopard
snake
lizard
gecko
anteater
crocodile
alligator
fish
whale
dolphin
shark
octopus
cuttlefish
starfish
crab
lobster
prawn
orca
killer whale
crow
robin
blackbird
pigeon
ostrich
emu
alpaca
donkey
mule",duck,0.0,horse,,False,True,0,,iterative,17246037187905812000,horse,False
01K4DTEGAZKAJFZAKSTBYQ5NZT-animals,44,meta-llama/Llama-3.3-70B-Instruct-Turbo,animals,"cat
dog
aardvark
monkey
camel
horse
cow
sheep
lamb
goat
buffalo
lion
cheetah
jaguar
leopard
snake
lizard
gecko
anteater
crocodile
alligator
fish
whale
dolphin
shark
octopus
cuttlefish
starfish
crab
lobster
prawn
orca
killer whale
crow
robin
blackbird
pigeon
ostrich
emu
alpaca
donkey
mule
duck",swan,0.0,goose,,False,True,0,,iterative,14453377495505963000,mallet,False
01K4DTF1JRF4XTM6XJZFP1F526-animals,2,meta-llama/Llama-3.3-70B-Instruct-Turbo,animals,dog,cat,0.0,cat,,True,True,0,,iterative,17778660872870787000,cat,True
01K4DTF1JRF4XTM6XJZFP1F526-animals,3,meta-llama/Llama-3.3-70B-Instruct-Turbo,animals,"dog
cat",horse,1.0,hamster,,False,True,0,,iterative,10208676602083870000,rabbit,False
01K4DTF1JRF4XTM6XJZFP1F526-animals,4,meta-llama/Llama-3.3-70B-Instruct-Turbo,animals,"dog
cat
horse",cow,0.0,cow,,True,True,0,,iterative,15740085754172254000,rabbit,False
01K4DTF1JRF4XTM6XJZFP1F526-animals,5,meta-llama/Llama-3.3-70B-Instruct-Turbo,animals,"dog
cat
horse
cow",snake,1.0,pig,,False,True,0,,iterative,951411997452855900,sheep,False
01K4DTF1JRF4XTM6XJZFP1F526-animals,6,meta-llama/Llama-3.3-70B-Instruct-Turbo,animals,"dog
cat
horse
cow
snake",rabbit,1.0,chicken,,False,True,0,,iterative,1245255051334017500,lizard,False
01K4DTF1JRF4XTM6XJZFP1F526-animals,7,meta-llama/Llama-3.3-70B-Instruct-Turbo,animals,"dog
cat
horse
cow
snake
rabbit",bird,1.0,sheep,,False,True,0,,iterative,13168014372408030000,lion,False
01K4DTF1JRF4XTM6XJZFP1F526-animals,8,meta-llama/Llama-3.3-70B-Instruct-Turbo,animals,"dog
cat
horse
cow
snake
rabbit
bird",elephant,1.0,chicken,,False,True,0,,iterative,1528601993160064500,lion,False
01K4DTF1JRF4XTM6XJZFP1F526-animals,9,meta-llama/Llama-3.3-70B-Instruct-Turbo,animals,"dog
cat
horse
cow
snake
rabbit
bird
elephant",tiger,0.0,tiger,,True,True,0,,iterative,7846835207677863000,giraffe,False
01K4DTF1JRF4XTM6XJZFP1F526-animals,10,meta-llama/Llama-3.3-70B-Instruct-Turbo,animals,"dog
cat
horse
cow
snake
rabbit
bird
elephant
tiger",lion,0.0,lion,,True,True,0,,iterative,9379505278778853000,lion,True
01K4DTF1JRF4XTM6XJZFP1F526-animals,11,meta-llama/Llama-3.3-70B-Instruct-Turbo,animals,"dog
cat
horse
cow
snake
rabbit
bird
elephant
tiger
lion",flamingo,0.0,giraffe,,False,True,0,,iterative,14451998661537364000,bear,False
01K4DTF1JRF4XTM6XJZFP1F526-animals,12,meta-llama/Llama-3.3-70B-Instruct-Turbo,animals,"dog
cat
horse
cow
snake
rabbit
bird
elephant
tiger
lion
flamingo",penguin,0.0,giraffe,,False,True,0,,iterative,18076984548132897000,whale,False
01K4DTF1JRF4XTM6XJZFP1F526-animals,13,meta-llama/Llama-3.3-70B-Instruct-Turbo,animals,"dog
cat
horse
cow
snake
rabbit
bird
elephant
tiger
lion
flamingo
penguin",rhino,1.0,giraffe,,False,True,0,,iterative,3815527632411623000,seal,False
01K4DTF1JRF4XTM6XJZFP1F526-animals,14,meta-llama/Llama-3.3-70B-Instruct-Turbo,animals,"dog
cat
horse
cow
snake
rabbit
bird
elephant
tiger
lion
flamingo
penguin
rhino",hippopotamus,0.0,giraffe,,False,True,0,,iterative,7341364820276204000,giraffe,False
01K4DTF1JRF4XTM6XJZFP1F526-animals,15,meta-llama/Llama-3.3-70B-Instruct-Turbo,animals,"dog
cat
horse
cow
snake
rabbit
bird
elephant
tiger
lion
flamingo
penguin
rhino
hippopotamus",mouse,1.0,giraffe,,False,True,0,,iterative,3742203755371942400,crocodile,False
01K4DTF1JRF4XTM6XJZFP1F526-animals,16,meta-llama/Llama-3.3-70B-Instruct-Turbo,animals,"dog
cat
horse
cow
snake
rabbit
bird
elephant
tiger
lion
flamingo
penguin
rhino
hippopotamus
mouse",pig,1.0,giraffe,,False,True,0,,iterative,4759365589328505000,hamster,False
01K4DTF1JRF4XTM6XJZFP1F526-animals,17,meta-llama/Llama-3.3-70B-Instruct-Turbo,animals,"dog
cat
horse
cow
snake
rabbit
bird
elephant
tiger
lion
flamingo
penguin
rhino
hippopotamus
mouse
pig",chicken,0.0,giraffe,,False,True,0,,iterative,7100777570165011000,sheep,False
01K4DTF1JRF4XTM6XJZFP1F526-animals,18,meta-llama/Llama-3.3-70B-Instruct-Turbo,animals,"dog
cat
horse
cow
snake
rabbit
bird
elephant
tiger
lion
flamingo
penguin
rhino
hippopotamus
mouse
pig
chicken",hen,0.0,duck,,False,True,0,,iterative,4238646489521110000,sheep,False
01K4DTF1JRF4XTM6XJZFP1F526-animals,19,meta-llama/Llama-3.3-70B-Instruct-Turbo,animals,"dog
cat
horse
cow
snake
rabbit
bird
elephant
tiger
lion
flamingo
penguin
rhino
hippopotamus
mouse
pig
chicken
hen",worm,1.0,duck,,False,True,0,,iterative,3401907881128831000,sheep,False
01K4DTF1JRF4XTM6XJZFP1F526-animals,20,meta-llama/Llama-3.3-70B-Instruct-Turbo,animals,"dog
cat
horse
cow
snake
rabbit
bird
elephant
tiger
lion
flamingo
penguin
rhino
hippopotamus
mouse
pig
chicken
hen
worm",ant,0.0,duck,,False,True,0,,iterative,994658185351391700,bee,False
01K4DTF1JRF4XTM6XJZFP1F526-animals,21,meta-llama/Llama-3.3-70B-Instruct-Turbo,animals,"dog
cat
horse
cow
snake
rabbit
bird
elephant
tiger
lion
flamingo
penguin
rhino
hippopotamus
mouse
pig
chicken
hen
worm
ant",grasshopper,0.0,bee,,False,True,0,,iterative,17167647219862073000,wasp,False
01K4DTF1JRF4XTM6XJZFP1F526-animals,22,meta-llama/Llama-3.3-70B-Instruct-Turbo,animals,"dog
cat
horse
cow
snake
rabbit
bird
elephant
tiger
lion
flamingo
penguin
rhino
hippopotamus
mouse
pig
chicken
hen
worm
ant
grasshopper",butterfly,0.0,butterfly,,True,True,0,,iterative,9257833421887873000,cricket,False
01K4DTF1JRF4XTM6XJZFP1F526-animals,23,meta-llama/Llama-3.3-70B-Instruct-Turbo,animals,"dog
cat
horse
cow
snake
rabbit
bird
elephant
tiger
lion
flamingo
penguin
rhino
hippopotamus
mouse
pig
chicken
hen
worm
ant
grasshopper
butterfly",moth,0.0,bee,,False,True,0,,iterative,5716475949886025000,moth,True
01K4DTF1JRF4XTM6XJZFP1F526-animals,24,meta-llama/Llama-3.3-70B-Instruct-Turbo,animals,"dog
cat
horse
cow
snake
rabbit
bird
elephant
tiger
lion
flamingo
penguin
rhino
hippopotamus
mouse
pig
chicken
hen
worm
ant
grasshopper
butterfly
moth",bee,0.0,bee,,True,True,0,,iterative,13577303044521330000,spider,False
01K4DTF1JRF4XTM6XJZFP1F526-animals,25,meta-llama/Llama-3.3-70B-Instruct-Turbo,animals,"dog
cat
horse
cow
snake
rabbit
bird
elephant
tiger
lion
flamingo
penguin
rhino
hippopotamus
mouse
pig
chicken
hen
worm
ant
grasshopper
butterfly
moth
bee",zebra,1.0,dragonfly,,False,True,0,,iterative,3955820087910321700,wasp,False
01K4DTF1JRF4XTM6XJZFP1F526-animals,26,meta-llama/Llama-3.3-70B-Instruct-Turbo,animals,"dog
cat
horse
cow
snake
rabbit
bird
elephant
tiger
lion
flamingo
penguin
rhino
hippopotamus
mouse
pig
chicken
hen
worm
ant
grasshopper
butterfly
moth
bee
zebra",jaguar,0.0,giraffe,,False,True,0,,iterative,1681766047184567800,lion,False
01K4DTF1JRF4XTM6XJZFP1F526-animals,27,meta-llama/Llama-3.3-70B-Instruct-Turbo,animals,"dog
cat
horse
cow
snake
rabbit
bird
elephant
tiger
lion
flamingo
penguin
rhino
hippopotamus
mouse
pig
chicken
hen
worm
ant
grasshopper
butterfly
moth
bee
zebra
jaguar",pigeon,1.0,leopard,,False,True,0,,iterative,6696093979476167000,cheetah,False
01K4DTF1JRF4XTM6XJZFP1F526-animals,28,meta-llama/Llama-3.3-70B-Instruct-Turbo,animals,"dog
cat
horse
cow
snake
rabbit
bird
elephant
tiger
lion
flamingo
penguin
rhino
hippopotamus
mouse
pig
chicken
hen
worm
ant
grasshopper
butterfly
moth
bee
zebra
jaguar
pigeon",kangaroo,1.0,giraffe,,False,True,0,,iterative,6066083019321478000,eagle,False
01K4DTF1JRF4XTM6XJZFP1F526-animals,29,meta-llama/Llama-3.3-70B-Instruct-Turbo,animals,"dog
cat
horse
cow
snake
rabbit
bird
elephant
tiger
lion
flamingo
penguin
rhino
hippopotamus
mouse
pig
chicken
hen
worm
ant
grasshopper
butterfly
moth
bee
zebra
jaguar
pigeon
kangaroo",koala,1.0,koala,,True,True,0,,iterative,4735478249568543000,wallaby,False
01K4DTF1JRF4XTM6XJZFP1F526-animals,30,meta-llama/Llama-3.3-70B-Instruct-Turbo,animals,"dog
cat
horse
cow
snake
rabbit
bird
elephant
tiger
lion
flamingo
penguin
rhino
hippopotamus
mouse
pig
chicken
hen
worm
ant
grasshopper
butterfly
moth
bee
zebra
jaguar
pigeon
kangaroo
koala",polarbear,1.0,wombat,,False,True,0,,iterative,16239676035870126000,sloth,False
01K4DTF1JRF4XTM6XJZFP1F526-animals,31,meta-llama/Llama-3.3-70B-Instruct-Turbo,animals,"dog
cat
horse
cow
snake
rabbit
bird
elephant
tiger
lion
flamingo
penguin
rhino
hippopotamus
mouse
pig
chicken
hen
worm
ant
grasshopper
butterfly
moth
bee
zebra
jaguar
pigeon
kangaroo
koala
polar bear",bear,0.0,seal,,False,True,0,,iterative,8652670383494986000,seal,False
01K4DTKQTE0VJ3A3MEH6GVX0DH-animals,2,meta-llama/Llama-3.3-70B-Instruct-Turbo,animals,fox,badger,0.0,wolf,,False,True,0,,iterative,5485244228942848000,wolf,False
01K4DTKQTE0VJ3A3MEH6GVX0DH-animals,3,meta-llama/Llama-3.3-70B-Instruct-Turbo,animals,"fox
badger",mouse,0.0,raccoon,,False,True,0,,iterative,8314778021852116000,honey,False
01K4DTKQTE0VJ3A3MEH6GVX0DH-animals,4,meta-llama/Llama-3.3-70B-Instruct-Turbo,animals,"fox
badger
mouse",tiger,0.0,squirrel,,False,True,0,,iterative,5115500365029703000,cat,False
01K4DTKQTE0VJ3A3MEH6GVX0DH-animals,5,meta-llama/Llama-3.3-70B-Instruct-Turbo,animals,"fox
badger
mouse
tiger",frog,0.0,leopard,,False,True,0,,iterative,11701010158164610000,lion,False
01K4DTKQTE0VJ3A3MEH6GVX0DH-animals,6,meta-llama/Llama-3.3-70B-Instruct-Turbo,animals,"fox
badger
mouse
tiger
frog",lizard,0.0,snake,,False,True,0,,iterative,16170310194805236000,rabbit,False
01K4DTKQTE0VJ3A3MEH6GVX0DH-animals,7,meta-llama/Llama-3.3-70B-Instruct-Turbo,animals,"fox
badger
mouse
tiger
frog
lizard",cat,0.0,snake,,False,True,0,,iterative,4797551941783319000,snake,False
01K4DTKQTE0VJ3A3MEH6GVX0DH-animals,8,meta-llama/Llama-3.3-70B-Instruct-Turbo,animals,"fox
badger
mouse
tiger
frog
lizard
cat",dog,0.0,snake,,False,True,0,,iterative,7643816964164377000,dog,True
01K4DTKQTE0VJ3A3MEH6GVX0DH-animals,9,meta-llama/Llama-3.3-70B-Instruct-Turbo,animals,"fox
badger
mouse
tiger
frog
lizard
cat
dog",spider,0.0,snake,,False,True,0,,iterative,9194615989158872000,wolf,False
01K4DTKQTE0VJ3A3MEH6GVX0DH-animals,10,meta-llama/Llama-3.3-70B-Instruct-Turbo,animals,"fox
badger
mouse
tiger
frog
lizard
cat
dog
spider",duck,0.0,bear,,False,True,0,,iterative,2836526650395694000,snake,False
01K4DTKQTE0VJ3A3MEH6GVX0DH-animals,11,meta-llama/Llama-3.3-70B-Instruct-Turbo,animals,"fox
badger
mouse
tiger
frog
lizard
cat
dog
spider
duck",panda,0.0,bird,,False,True,0,,iterative,4180909260633253000,chicken,False
01K4DTKQTE0VJ3A3MEH6GVX0DH-animals,12,meta-llama/Llama-3.3-70B-Instruct-Turbo,animals,"fox
badger
mouse
tiger
frog
lizard
cat
dog
spider
duck
panda",elephant,0.0,bear,,False,True,0,,iterative,3045872270745976000,bear,False
01K4DTKQTE0VJ3A3MEH6GVX0DH-animals,13,meta-llama/Llama-3.3-70B-Instruct-Turbo,animals,"fox
badger
mouse
tiger
frog
lizard
cat
dog
spider
duck
panda
elephant",dolphin,0.0,giraffe,,False,True,0,,iterative,9070765698984159000,crocodile,False
01K4DTKQTE0VJ3A3MEH6GVX0DH-animals,14,meta-llama/Llama-3.3-70B-Instruct-Turbo,animals,"fox
badger
mouse
tiger
frog
lizard
cat
dog
spider
duck
panda
elephant
dolphin",monkey,0.0,whale,,False,True,0,,iterative,156929063008445300,shark,False
01K4DTKQTE0VJ3A3MEH6GVX0DH-animals,15,meta-llama/Llama-3.3-70B-Instruct-Turbo,animals,"fox
badger
mouse
tiger
frog
lizard
cat
dog
spider
duck
panda
elephant
dolphin
monkey",bull,0.0,gorilla,,False,True,0,,iterative,7075082792056800000,tiger,False
01K4DTKQTE0VJ3A3MEH6GVX0DH-animals,16,meta-llama/Llama-3.3-70B-Instruct-Turbo,animals,"fox
badger
mouse
tiger
frog
lizard
cat
dog
spider
duck
panda
elephant
dolphin
monkey
bull",cow,0.0,horse,,False,True,0,,iterative,13561222276347498000,cow,True
01K4DTKQTE0VJ3A3MEH6GVX0DH-animals,17,meta-llama/Llama-3.3-70B-Instruct-Turbo,animals,"fox
badger
mouse
tiger
frog
lizard
cat
dog
spider
duck
panda
elephant
dolphin
monkey
bull
cow",chicken,0.0,horse,,False,True,0,,iterative,6044555837690941000,horse,False
01K4DTKQTE0VJ3A3MEH6GVX0DH-animals,18,meta-llama/Llama-3.3-70B-Instruct-Turbo,animals,"fox
badger
mouse
tiger
frog
lizard
cat
dog
spider
duck
panda
elephant
dolphin
monkey
bull
cow
chicken",horse,0.0,horse,,True,True,0,,iterative,9462073268958011000,hamster,False
01K4DTKQTE0VJ3A3MEH6GVX0DH-animals,19,meta-llama/Llama-3.3-70B-Instruct-Turbo,animals,"fox
badger
mouse
tiger
frog
lizard
cat
dog
spider
duck
panda
elephant
dolphin
monkey
bull
cow
chicken
horse",ladybird,0.0,goat,,False,True,0,,iterative,17344084067012470000,whale,False
01K4DTKQTE0VJ3A3MEH6GVX0DH-animals,20,meta-llama/Llama-3.3-70B-Instruct-Turbo,animals,"fox
badger
mouse
tiger
frog
lizard
cat
dog
spider
duck
panda
elephant
dolphin
monkey
bull
cow
chicken
horse
ladybird",magpie,0.0,butterfly,,False,True,0,,iterative,2673449258170081300,butterfly,False
01K4DTKQTE0VJ3A3MEH6GVX0DH-animals,21,meta-llama/Llama-3.3-70B-Instruct-Turbo,animals,"fox
badger
mouse
tiger
frog
lizard
cat
dog
spider
duck
panda
elephant
dolphin
monkey
bull
cow
chicken
horse
ladybird
magpie",hedgehog,0.0,sheep,,False,True,0,,iterative,8816160324162226000,pigeon,False
01K4DTKQTE0VJ3A3MEH6GVX0DH-animals,22,meta-llama/Llama-3.3-70B-Instruct-Turbo,animals,"fox
badger
mouse
tiger
frog
lizard
cat
dog
spider
duck
panda
elephant
dolphin
monkey
bull
cow
chicken
horse
ladybird
magpie
hedgehog",snake,0.0,squirrel,,False,True,0,,iterative,9585592378594832000,pigeon,False
01K4DTKQTE0VJ3A3MEH6GVX0DH-animals,23,meta-llama/Llama-3.3-70B-Instruct-Turbo,animals,"fox
badger
mouse
tiger
frog
lizard
cat
dog
spider
duck
panda
elephant
dolphin
monkey
bull
cow
chicken
horse
ladybird
magpie
hedgehog
snake",rat,0.0,rabbit,,False,True,0,,iterative,10509010374427466000,lion,False
01K4DTKQTE0VJ3A3MEH6GVX0DH-animals,24,meta-llama/Llama-3.3-70B-Instruct-Turbo,animals,"fox
badger
mouse
tiger
frog
lizard
cat
dog
spider
duck
panda
elephant
dolphin
monkey
bull
cow
chicken
horse
ladybird
magpie
hedgehog
snake
rat",emu,0.0,squirrel,,False,True,0,,iterative,6781026026707314000,lion,False
01K4DTKQTE0VJ3A3MEH6GVX0DH-animals,25,meta-llama/Llama-3.3-70B-Instruct-Turbo,animals,"fox
badger
mouse
tiger
frog
lizard
cat
dog
spider
duck
panda
elephant
dolphin
monkey
bull
cow
chicken
horse
ladybird
magpie
hedgehog
snake
rat
emu",ostrich,0.0,kangaroo,,False,True,0,,iterative,6904085422480461000,lion,False
01K4DTKQTE0VJ3A3MEH6GVX0DH-animals,26,meta-llama/Llama-3.3-70B-Instruct-Turbo,animals,"fox
badger
mouse
tiger
frog
lizard
cat
dog
spider
duck
panda
elephant
dolphin
monkey
bull
cow
chicken
horse
ladybird
magpie
hedgehog
snake
rat
emu
ostrich",ant,0.0,kangaroo,,False,True,0,,iterative,8139661628876830000,kiwi,False
01K4DTKQTE0VJ3A3MEH6GVX0DH-animals,27,meta-llama/Llama-3.3-70B-Instruct-Turbo,animals,"fox
badger
mouse
tiger
frog
lizard
cat
dog
spider
duck
panda
elephant
dolphin
monkey
bull
cow
chicken
horse
ladybird
magpie
hedgehog
snake
rat
emu
ostrich
ant",rooster,0.0,beetle,,False,True,0,,iterative,9888924759607646000,spider,False
01K4DTKQTE0VJ3A3MEH6GVX0DH-animals,28,meta-llama/Llama-3.3-70B-Instruct-Turbo,animals,"fox
badger
mouse
tiger
frog
lizard
cat
dog
spider
duck
panda
elephant
dolphin
monkey
bull
cow
chicken
horse
ladybird
magpie
hedgehog
snake
rat
emu
ostrich
ant
rooster",whale,0.0,goat,,False,True,0,,iterative,12621202526256626000,goose,False
01K4DTKQTE0VJ3A3MEH6GVX0DH-animals,29,meta-llama/Llama-3.3-70B-Instruct-Turbo,animals,"fox
badger
mouse
tiger
frog
lizard
cat
dog
spider
duck
panda
elephant
dolphin
monkey
bull
cow
chicken
horse
ladybird
magpie
hedgehog
snake
rat
emu
ostrich
ant
rooster
whale",fish,0.0,kangaroo,,False,True,0,,iterative,15977567706918451000,shark,False
01K4DTKQTE0VJ3A3MEH6GVX0DH-animals,30,meta-llama/Llama-3.3-70B-Instruct-Turbo,animals,"fox
badger
mouse
tiger
frog
lizard
cat
dog
spider
duck
panda
elephant
dolphin
monkey
bull
cow
chicken
horse
ladybird
magpie
hedgehog
snake
rat
emu
ostrich
ant
rooster
whale
fish",chaffinch,0.0,shark,,False,True,0,,iterative,18177115462933445000,shark,False
01K4DTKQTE0VJ3A3MEH6GVX0DH-animals,31,meta-llama/Llama-3.3-70B-Instruct-Turbo,animals,"fox
badger
mouse
tiger
frog
lizard
cat
dog
spider
duck
panda
elephant
dolphin
monkey
bull
cow
chicken
horse
ladybird
magpie
hedgehog
snake
rat
emu
ostrich
ant
rooster
whale
fish
chaffinch",bear,0.0,butterfly,,False,True,0,,iterative,15042094228637047000,shark,False
01K4DTKQTE0VJ3A3MEH6GVX0DH-animals,32,meta-llama/Llama-3.3-70B-Instruct-Turbo,animals,"fox
badger
mouse
tiger
frog
lizard
cat
dog
spider
duck
panda
elephant
dolphin
monkey
bull
cow
chicken
horse
ladybird
magpie
hedgehog
snake
rat
emu
ostrich
ant
rooster
whale
fish
chaffinch
bear",ape,0.0,squirrel,,False,True,0,,iterative,10782655454994274000,shark,False
01K4DTKQTE0VJ3A3MEH6GVX0DH-animals,33,meta-llama/Llama-3.3-70B-Instruct-Turbo,animals,"fox
badger
mouse
tiger
frog
lizard
cat
dog
spider
duck
panda
elephant
dolphin
monkey
bull
cow
chicken
horse
ladybird
magpie
hedgehog
snake
rat
emu
ostrich
ant
rooster
whale
fish
chaffinch
bear
ape",lion,0.0,giraffe,,False,True,0,,iterative,14128655274968111000,shark,False
01K4DTKQTE0VJ3A3MEH6GVX0DH-animals,34,meta-llama/Llama-3.3-70B-Instruct-Turbo,animals,"fox
badger
mouse
tiger
frog
lizard
cat
dog
spider
duck
panda
elephant
dolphin
monkey
bull
cow
chicken
horse
ladybird
magpie
hedgehog
snake
rat
emu
ostrich
ant
rooster
whale
fish
chaffinch
bear
ape
lion",cheetah,0.0,giraffe,,False,True,0,,iterative,8660669212529329000,zebra,False
01K4DTKQTE0VJ3A3MEH6GVX0DH-animals,35,meta-llama/Llama-3.3-70B-Instruct-Turbo,animals,"fox
badger
mouse
tiger
frog
lizard
cat
dog
spider
duck
panda
elephant
dolphin
monkey
bull
cow
chicken
horse
ladybird
magpie
hedgehog
snake
rat
emu
ostrich
ant
rooster
whale
fish
chaffinch
bear
ape
lion
cheetah",hyena,0.0,hyena,,True,True,0,,iterative,16045892584520067000,zebra,False
01K4DTKQTE0VJ3A3MEH6GVX0DH-animals,36,meta-llama/Llama-3.3-70B-Instruct-Turbo,animals,"fox
badger
mouse
tiger
frog
lizard
cat
dog
spider
duck
panda
elephant
dolphin
monkey
bull
cow
chicken
horse
ladybird
magpie
hedgehog
snake
rat
emu
ostrich
ant
rooster
whale
fish
chaffinch
bear
ape
lion
cheetah
hyena",cockroach,0.0,leopard,,False,True,0,,iterative,12111253322152815000,zebra,False
01K4DTKQTE0VJ3A3MEH6GVX0DH-animals,37,meta-llama/Llama-3.3-70B-Instruct-Turbo,animals,"fox
badger
mouse
tiger
frog
lizard
cat
dog
spider
duck
panda
elephant
dolphin
monkey
bull
cow
chicken
horse
ladybird
magpie
hedgehog
snake
rat
emu
ostrich
ant
rooster
whale
fish
chaffinch
bear
ape
lion
cheetah
hyena
cockroach",stickinsect,0.0,leopard,,False,True,0,,iterative,11826910659463254000,zebra,False
01K4DTKQTE0VJ3A3MEH6GVX0DH-animals,38,meta-llama/Llama-3.3-70B-Instruct-Turbo,animals,"fox
badger
mouse
tiger
frog
lizard
cat
dog
spider
duck
panda
elephant
dolphin
monkey
bull
cow
chicken
horse
ladybird
magpie
hedgehog
snake
rat
emu
ostrich
ant
rooster
whale
fish
chaffinch
bear
ape
lion
cheetah
hyena
cockroach
stick insect",maggot,0.0,giraffe,,False,True,0,,iterative,6266434779619720000,zebra,False
01K4DTMHHC7XH0M3VA74XEB0PR-animals,2,meta-llama/Llama-3.3-70B-Instruct-Turbo,animals,dog,cat,1.0,cat,,True,True,0,,iterative,12519697781702586000,cat,True
01K4DTMHHC7XH0M3VA74XEB0PR-animals,3,meta-llama/Llama-3.3-70B-Instruct-Turbo,animals,"dog
cat",zebra,0.0,hamster,,False,True,0,,iterative,12375300197233005000,mouse,False
01K4DTMHHC7XH0M3VA74XEB0PR-animals,4,meta-llama/Llama-3.3-70B-Instruct-Turbo,animals,"dog
cat
zebra",cow,0.0,horse,,False,True,0,,iterative,7181125435591346000,giraffe,False
01K4DTMHHC7XH0M3VA74XEB0PR-animals,5,meta-llama/Llama-3.3-70B-Instruct-Turbo,animals,"dog
cat
zebra
cow",camel,0.0,horse,,False,True,0,,iterative,4655701687675986000,horse,False
01K4DTMHHC7XH0M3VA74XEB0PR-animals,6,meta-llama/Llama-3.3-70B-Instruct-Turbo,animals,"dog
cat
zebra
cow
camel",horse,0.0,horse,,True,True,0,,iterative,9523362362155104000,chicken,False
01K4DTMHHC7XH0M3VA74XEB0PR-animals,7,meta-llama/Llama-3.3-70B-Instruct-Turbo,animals,"dog
cat
zebra
cow
camel
horse",rabbit,0.0,donkey,,False,True,0,,iterative,16055526277081570000,pig,False
01K4DTMHHC7XH0M3VA74XEB0PR-animals,8,meta-llama/Llama-3.3-70B-Instruct-Turbo,animals,"dog
cat
zebra
cow
camel
horse
rabbit",elephant,1.0,donkey,,False,True,0,,iterative,7013883034090271000,bunny,False
01K4DTMHHC7XH0M3VA74XEB0PR-animals,9,meta-llama/Llama-3.3-70B-Instruct-Turbo,animals,"dog
cat
zebra
cow
camel
horse
rabbit
elephant",lion,1.0,donkey,,False,True,0,,iterative,16728750722443370000,lion,True
01K4DTMHHC7XH0M3VA74XEB0PR-animals,10,meta-llama/Llama-3.3-70B-Instruct-Turbo,animals,"dog
cat
zebra
cow
camel
horse
rabbit
elephant
lion",tiger,1.0,tiger,,True,True,0,,iterative,16960748506700421000,tiger,True
01K4DTMHHC7XH0M3VA74XEB0PR-animals,11,meta-llama/Llama-3.3-70B-Instruct-Turbo,animals,"dog
cat
zebra
cow
camel
horse
rabbit
elephant
lion
tiger",snake,1.0,giraffe,,False,True,0,,iterative,434935181280731650,antelope,False
01K4DTMHHC7XH0M3VA74XEB0PR-animals,12,meta-llama/Llama-3.3-70B-Instruct-Turbo,animals,"dog
cat
zebra
cow
camel
horse
rabbit
elephant
lion
tiger
snake",ant,0.0,bear,,False,True,0,,iterative,14712177135918199000,lizard,False
01K4DTMHHC7XH0M3VA74XEB0PR-animals,13,meta-llama/Llama-3.3-70B-Instruct-Turbo,animals,"dog
cat
zebra
cow
camel
horse
rabbit
elephant
lion
tiger
snake
ant",llama,0.0,spider,,False,True,0,,iterative,5868247370152064000,spider,False
01K4DTMHHC7XH0M3VA74XEB0PR-animals,14,meta-llama/Llama-3.3-70B-Instruct-Turbo,animals,"dog
cat
zebra
cow
camel
horse
rabbit
elephant
lion
tiger
snake
ant
llama",hare,0.0,giraffe,,False,True,0,,iterative,1820035419432617500,alpaca,False
01K4DTMHHC7XH0M3VA74XEB0PR-animals,15,meta-llama/Llama-3.3-70B-Instruct-Turbo,animals,"dog
cat
zebra
cow
camel
horse
rabbit
elephant
lion
tiger
snake
ant
llama
hare",flea,0.0,giraffe,,False,True,0,,iterative,3630947685979308000,rabbit,False
01K4DTMHHC7XH0M3VA74XEB0PR-animals,16,meta-llama/Llama-3.3-70B-Instruct-Turbo,animals,"dog
cat
zebra
cow
camel
horse
rabbit
elephant
lion
tiger
snake
ant
llama
hare
flea",hippopotamus,0.0,giraffe,,False,True,0,,iterative,1930667245798606600,grasshopper,False
01K4DTMHHC7XH0M3VA74XEB0PR-animals,17,meta-llama/Llama-3.3-70B-Instruct-Turbo,animals,"dog
cat
zebra
cow
camel
horse
rabbit
elephant
lion
tiger
snake
ant
llama
hare
flea
hippopotamus",pony,0.0,giraffe,,False,True,0,,iterative,9531041221252300000,rhino,False
01K4DTMHHC7XH0M3VA74XEB0PR-animals,18,meta-llama/Llama-3.3-70B-Instruct-Turbo,animals,"dog
cat
zebra
cow
camel
horse
rabbit
elephant
lion
tiger
snake
ant
llama
hare
flea
hippopotamus
pony",dromedary,0.0,giraffe,,False,True,0,,iterative,16869454138661941000,dog,False
01K4DTMHHC7XH0M3VA74XEB0PR-animals,19,meta-llama/Llama-3.3-70B-Instruct-Turbo,animals,"dog
cat
zebra
cow
camel
horse
rabbit
elephant
lion
tiger
snake
ant
llama
hare
flea
hippopotamus
pony
dromedary",kangaroo,0.0,giraffe,,False,True,0,,iterative,17793341313057274000,lizard,False
01K4DTMHHC7XH0M3VA74XEB0PR-animals,20,meta-llama/Llama-3.3-70B-Instruct-Turbo,animals,"dog
cat
zebra
cow
camel
horse
rabbit
elephant
lion
tiger
snake
ant
llama
hare
flea
hippopotamus
pony
dromedary
kangaroo",bull,0.0,giraffe,,False,True,0,,iterative,18350453745776146000,joey,False
01K4DTMHHC7XH0M3VA74XEB0PR-animals,21,meta-llama/Llama-3.3-70B-Instruct-Turbo,animals,"dog
cat
zebra
cow
camel
horse
rabbit
elephant
lion
tiger
snake
ant
llama
hare
flea
hippopotamus
pony
dromedary
kangaroo
bull",deer,0.0,giraffe,,False,True,0,,iterative,9995229090361293000,heifer,False
01K4DTMHHC7XH0M3VA74XEB0PR-animals,22,meta-llama/Llama-3.3-70B-Instruct-Turbo,animals,"dog
cat
zebra
cow
camel
horse
rabbit
elephant
lion
tiger
snake
ant
llama
hare
flea
hippopotamus
pony
dromedary
kangaroo
bull
deer",foal,0.0,giraffe,,False,True,0,,iterative,3147338709092335600,antelope,False
01K4DTN0PZ6B0P6J99M8HSEG1M-animals,2,meta-llama/Llama-3.3-70B-Instruct-Turbo,animals,dog,cat,0.0,cat,,True,True,0,,iterative,15075952563215258000,cat,True
01K4DTN0PZ6B0P6J99M8HSEG1M-animals,3,meta-llama/Llama-3.3-70B-Instruct-Turbo,animals,"dog
cat",lion,1.0,hamster,,False,True,0,,iterative,9294557965282271000,mouse,False
01K4DTN0PZ6B0P6J99M8HSEG1M-animals,4,meta-llama/Llama-3.3-70B-Instruct-Turbo,animals,"dog
cat
lion",spider,1.0,tiger,,False,True,0,,iterative,17949049373873293000,tiger,False
01K4DTN0PZ6B0P6J99M8HSEG1M-animals,5,meta-llama/Llama-3.3-70B-Instruct-Turbo,animals,"dog
cat
lion
spider",dolphin,1.0,tiger,,False,True,0,,iterative,9074649629724358000,fly,False
01K4DTN0PZ6B0P6J99M8HSEG1M-animals,6,meta-llama/Llama-3.3-70B-Instruct-Turbo,animals,"dog
cat
lion
spider
dolphin",rabbit,1.0,shark,,False,True,0,,iterative,16643243090703548000,whale,False
01K4DTN0PZ6B0P6J99M8HSEG1M-animals,7,meta-llama/Llama-3.3-70B-Instruct-Turbo,animals,"dog
cat
lion
spider
dolphin
rabbit",bird,0.0,mouse,,False,True,0,,iterative,1488678893250184000,hare,False
01K4DTN0PZ6B0P6J99M8HSEG1M-animals,8,meta-llama/Llama-3.3-70B-Instruct-Turbo,animals,"dog
cat
lion
spider
dolphin
rabbit
bird",chicken,0.0,fish,,False,True,0,,iterative,11946493533652000000,worm,False
01K4DTN0PZ6B0P6J99M8HSEG1M-animals,9,meta-llama/Llama-3.3-70B-Instruct-Turbo,animals,"dog
cat
lion
spider
dolphin
rabbit
bird
chicken",duck,0.0,turkey,,False,True,0,,iterative,3080294568295155700,hen,False
01K4DTN0PZ6B0P6J99M8HSEG1M-animals,10,meta-llama/Llama-3.3-70B-Instruct-Turbo,animals,"dog
cat
lion
spider
dolphin
rabbit
bird
chicken
duck",cow,0.0,turkey,,False,True,0,,iterative,18441495327276340000,cow,True
01K4DTN0PZ6B0P6J99M8HSEG1M-animals,11,meta-llama/Llama-3.3-70B-Instruct-Turbo,animals,"dog
cat
lion
spider
dolphin
rabbit
bird
chicken
duck
cow",pig,0.0,horse,,False,True,0,,iterative,3292296141202685000,sheep,False
01K4DTN0PZ6B0P6J99M8HSEG1M-animals,12,meta-llama/Llama-3.3-70B-Instruct-Turbo,animals,"dog
cat
lion
spider
dolphin
rabbit
bird
chicken
duck
cow
pig",horse,0.0,horse,,True,True,0,,iterative,9961199816579774000,sheep,False
01K4DTN0PZ6B0P6J99M8HSEG1M-animals,13,meta-llama/Llama-3.3-70B-Instruct-Turbo,animals,"dog
cat
lion
spider
dolphin
rabbit
bird
chicken
duck
cow
pig
horse",donkey,0.0,sheep,,False,True,0,,iterative,2404586424474585600,sheep,False
01K4DTN0PZ6B0P6J99M8HSEG1M-animals,14,meta-llama/Llama-3.3-70B-Instruct-Turbo,animals,"dog
cat
lion
spider
dolphin
rabbit
bird
chicken
duck
cow
pig
horse
donkey",rat,1.0,goat,,False,True,0,,iterative,5262731355948953000,llama,False
01K4DTN0PZ6B0P6J99M8HSEG1M-animals,15,meta-llama/Llama-3.3-70B-Instruct-Turbo,animals,"dog
cat
lion
spider
dolphin
rabbit
bird
chicken
duck
cow
pig
horse
donkey
rat",mouse,0.0,goat,,False,True,0,,iterative,2325506157146418000,snake,False
01K4DTN0PZ6B0P6J99M8HSEG1M-animals,16,meta-llama/Llama-3.3-70B-Instruct-Turbo,animals,"dog
cat
lion
spider
dolphin
rabbit
bird
chicken
duck
cow
pig
horse
donkey
rat
mouse",fish,1.0,goat,,False,True,0,,iterative,16363354896140304000,hamster,False
01K4DTN0PZ6B0P6J99M8HSEG1M-animals,17,meta-llama/Llama-3.3-70B-Instruct-Turbo,animals,"dog
cat
lion
spider
dolphin
rabbit
bird
chicken
duck
cow
pig
horse
donkey
rat
mouse
fish",ant,1.0,sheep,,False,True,0,,iterative,835187890937873400,shark,False
01K4DTN0PZ6B0P6J99M8HSEG1M-animals,18,meta-llama/Llama-3.3-70B-Instruct-Turbo,animals,"dog
cat
lion
spider
dolphin
rabbit
bird
chicken
duck
cow
pig
horse
donkey
rat
mouse
fish
ant",bear,1.0,bee,,False,True,0,,iterative,2838063040719109000,beetle,False
01K4DTN0PZ6B0P6J99M8HSEG1M-animals,19,meta-llama/Llama-3.3-70B-Instruct-Turbo,animals,"dog
cat
lion
spider
dolphin
rabbit
bird
chicken
duck
cow
pig
horse
donkey
rat
mouse
fish
ant
bear",butterfly,1.0,squirrel,,False,True,0,,iterative,356676383922498050,cub,False
01K4DTN0PZ6B0P6J99M8HSEG1M-animals,20,meta-llama/Llama-3.3-70B-Instruct-Turbo,animals,"dog
cat
lion
spider
dolphin
rabbit
bird
chicken
duck
cow
pig
horse
donkey
rat
mouse
fish
ant
bear
butterfly",moth,0.0,bee,,False,True,0,,iterative,646529385305417300,moth,True
01K4DTN0PZ6B0P6J99M8HSEG1M-animals,21,meta-llama/Llama-3.3-70B-Instruct-Turbo,animals,"dog
cat
lion
spider
dolphin
rabbit
bird
chicken
duck
cow
pig
horse
donkey
rat
mouse
fish
ant
bear
butterfly
moth",tiger,1.0,bee,,False,True,0,,iterative,2700939105101181400,bee,False
01K4DTN0PZ6B0P6J99M8HSEG1M-animals,22,meta-llama/Llama-3.3-70B-Instruct-Turbo,animals,"dog
cat
lion
spider
dolphin
rabbit
bird
chicken
duck
cow
pig
horse
donkey
rat
mouse
fish
ant
bear
butterfly
moth
tiger",guineapig,1.0,elephant,,False,True,0,,iterative,10015385876640924000,lion,False
01K4DTN0PZ6B0P6J99M8HSEG1M-animals,23,meta-llama/Llama-3.3-70B-Instruct-Turbo,animals,"dog
cat
lion
spider
dolphin
rabbit
bird
chicken
duck
cow
pig
horse
donkey
rat
mouse
fish
ant
bear
butterfly
moth
tiger
guinea pig",bull,0.0,squirrel,,False,True,0,,iterative,13575212877010293000,hamster,False
01K4DTN0PZ6B0P6J99M8HSEG1M-animals,24,meta-llama/Llama-3.3-70B-Instruct-Turbo,animals,"dog
cat
lion
spider
dolphin
rabbit
bird
chicken
duck
cow
pig
horse
donkey
rat
mouse
fish
ant
bear
butterfly
moth
tiger
guinea pig
bull",lamb,0.0,elephant,,False,True,0,,iterative,3497410788518573000,bear,False
01K4DTN0PZ6B0P6J99M8HSEG1M-animals,25,meta-llama/Llama-3.3-70B-Instruct-Turbo,animals,"dog
cat
lion
spider
dolphin
rabbit
bird
chicken
duck
cow
pig
horse
donkey
rat
mouse
fish
ant
bear
butterfly
moth
tiger
guinea pig
bull
lamb",sheep,0.0,sheep,,True,True,0,,iterative,5448011336252494000,sheep,True
01K4DTN0PZ6B0P6J99M8HSEG1M-animals,26,meta-llama/Llama-3.3-70B-Instruct-Turbo,animals,"dog
cat
lion
spider
dolphin
rabbit
bird
chicken
duck
cow
pig
horse
donkey
rat
mouse
fish
ant
bear
butterfly
moth
tiger
guinea pig
bull
lamb
sheep",deer,0.0,goat,,False,True,0,,iterative,16326629853485087000,cow,False
01K4DTN0PZ6B0P6J99M8HSEG1M-animals,27,meta-llama/Llama-3.3-70B-Instruct-Turbo,animals,"dog
cat
lion
spider
dolphin
rabbit
bird
chicken
duck
cow
pig
horse
donkey
rat
mouse
fish
ant
bear
butterfly
moth
tiger
guinea pig
bull
lamb
sheep
deer",vulture,1.0,goat,,False,True,0,,iterative,12352869853857010000,fawn,False
01K4DTN0PZ6B0P6J99M8HSEG1M-animals,28,meta-llama/Llama-3.3-70B-Instruct-Turbo,animals,"dog
cat
lion
spider
dolphin
rabbit
bird
chicken
duck
cow
pig
horse
donkey
rat
mouse
fish
ant
bear
butterfly
moth
tiger
guinea pig
bull
lamb
sheep
deer
vulture",urchin,1.0,eagle,,False,True,0,,iterative,8953962557349123000,eagle,False
01K4DTN0PZ6B0P6J99M8HSEG1M-animals,29,meta-llama/Llama-3.3-70B-Instruct-Turbo,animals,"dog
cat
lion
spider
dolphin
rabbit
bird
chicken
duck
cow
pig
horse
donkey
rat
mouse
fish
ant
bear
butterfly
moth
tiger
guinea pig
bull
lamb
sheep
deer
vulture
urchin",whale,0.0,octopus,,False,True,0,,iterative,6780082438213024000,crab,False
01K4DTN0PZ6B0P6J99M8HSEG1M-animals,30,meta-llama/Llama-3.3-70B-Instruct-Turbo,animals,"dog
cat
lion
spider
dolphin
rabbit
bird
chicken
duck
cow
pig
horse
donkey
rat
mouse
fish
ant
bear
butterfly
moth
tiger
guinea pig
bull
lamb
sheep
deer
vulture
urchin
whale",shark,0.0,shark,,True,True,0,,iterative,4729998860736368000,shark,True
01K4DTN0PZ6B0P6J99M8HSEG1M-animals,31,meta-llama/Llama-3.3-70B-Instruct-Turbo,animals,"dog
cat
lion
spider
dolphin
rabbit
bird
chicken
duck
cow
pig
horse
donkey
rat
mouse
fish
ant
bear
butterfly
moth
tiger
guinea pig
bull
lamb
sheep
deer
vulture
urchin
whale
shark",starfish,0.0,octopus,,False,True,0,,iterative,3586106620456317000,fish,False
01K4DTN0PZ6B0P6J99M8HSEG1M-animals,32,meta-llama/Llama-3.3-70B-Instruct-Turbo,animals,"dog
cat
lion
spider
dolphin
rabbit
bird
chicken
duck
cow
pig
horse
donkey
rat
mouse
fish
ant
bear
butterfly
moth
tiger
guinea pig
bull
lamb
sheep
deer
vulture
urchin
whale
shark
starfish",jellyfish,0.0,octopus,,False,True,0,,iterative,11258247545674672000,dolphin,False
01K4DTN0PZ6B0P6J99M8HSEG1M-animals,33,meta-llama/Llama-3.3-70B-Instruct-Turbo,animals,"dog
cat
lion
spider
dolphin
rabbit
bird
chicken
duck
cow
pig
horse
donkey
rat
mouse
fish
ant
bear
butterfly
moth
tiger
guinea pig
bull
lamb
sheep
deer
vulture
urchin
whale
shark
starfish
jellyfish",hamster,1.0,octopus,,False,True,0,,iterative,9742233135568974000,carp,False
01K4DTN0PZ6B0P6J99M8HSEG1M-animals,34,meta-llama/Llama-3.3-70B-Instruct-Turbo,animals,"dog
cat
lion
spider
dolphin
rabbit
bird
chicken
duck
cow
pig
horse
donkey
rat
mouse
fish
ant
bear
butterfly
moth
tiger
guinea pig
bull
lamb
sheep
deer
vulture
urchin
whale
shark
starfish
jellyfish
hamster",hare,1.0,squirrel,,False,True,0,,iterative,6228190145877957000,guinea pig,False
01K4DTN0PZ6B0P6J99M8HSEG1M-animals,35,meta-llama/Llama-3.3-70B-Instruct-Turbo,animals,"dog
cat
lion
spider
dolphin
rabbit
bird
chicken
duck
cow
pig
horse
donkey
rat
mouse
fish
ant
bear
butterfly
moth
tiger
guinea pig
bull
lamb
sheep
deer
vulture
urchin
whale
shark
starfish
jellyfish
hamster
hare",parrot,0.0,squirrel,,False,True,0,,iterative,2567205293223909400,rabbit,False
01K4DTN0PZ6B0P6J99M8HSEG1M-animals,36,meta-llama/Llama-3.3-70B-Instruct-Turbo,animals,"dog
cat
lion
spider
dolphin
rabbit
bird
chicken
duck
cow
pig
horse
donkey
rat
mouse
fish
ant
bear
butterfly
moth
tiger
guinea pig
bull
lamb
sheep
deer
vulture
urchin
whale
shark
starfish
jellyfish
hamster
hare
parrot",budgie,0.0,squirrel,,False,True,0,,iterative,6314024609801239000,bird,False
01K4DTN0PZ6B0P6J99M8HSEG1M-animals,37,meta-llama/Llama-3.3-70B-Instruct-Turbo,animals,"dog
cat
lion
spider
dolphin
rabbit
bird
chicken
duck
cow
pig
horse
donkey
rat
mouse
fish
ant
bear
butterfly
moth
tiger
guinea pig
bull
lamb
sheep
deer
vulture
urchin
whale
shark
starfish
jellyfish
hamster
hare
parrot
budgie",goose,0.0,squirrel,,False,True,0,,iterative,1129807569610887300,bird,False
01K4DTN0PZ6B0P6J99M8HSEG1M-animals,38,meta-llama/Llama-3.3-70B-Instruct-Turbo,animals,"dog
cat
lion
spider
dolphin
rabbit
bird
chicken
duck
cow
pig
horse
donkey
rat
mouse
fish
ant
bear
butterfly
moth
tiger
guinea pig
bull
lamb
sheep
deer
vulture
urchin
whale
shark
starfish
jellyfish
hamster
hare
parrot
budgie
goose",chinchilla,1.0,turkey,,False,True,0,,iterative,4285118637976982000,duck,False
01K4DTN0PZ6B0P6J99M8HSEG1M-animals,39,meta-llama/Llama-3.3-70B-Instruct-Turbo,animals,"dog
cat
lion
spider
dolphin
rabbit
bird
chicken
duck
cow
pig
horse
donkey
rat
mouse
fish
ant
bear
butterfly
moth
tiger
guinea pig
bull
lamb
sheep
deer
vulture
urchin
whale
shark
starfish
jellyfish
hamster
hare
parrot
budgie
goose
chinchilla",tortoise,1.0,squirrel,,False,True,0,,iterative,3737859429733372000,rat,False
01K4DTN0PZ6B0P6J99M8HSEG1M-animals,40,meta-llama/Llama-3.3-70B-Instruct-Turbo,animals,"dog
cat
lion
spider
dolphin
rabbit
bird
chicken
duck
cow
pig
horse
donkey
rat
mouse
fish
ant
bear
butterfly
moth
tiger
guinea pig
bull
lamb
sheep
deer
vulture
urchin
whale
shark
starfish
jellyfish
hamster
hare
parrot
budgie
goose
chinchilla
tortoise",turtle,0.0,frog,,False,True,0,,iterative,8227590766632774000,turtle,True
01K4DTP6B2SHZ03X0NEVT0R8Y8-animals,2,meta-llama/Llama-3.3-70B-Instruct-Turbo,animals,cat,dog,1.0,dog,,True,True,0,,iterative,12883841185163872000,dog,True
01K4DTP6B2SHZ03X0NEVT0R8Y8-animals,3,meta-llama/Llama-3.3-70B-Instruct-Turbo,animals,"cat
dog",cow,1.0,hamster,,False,True,0,,iterative,5492933725635908000,puppy,False
01K4DTP6B2SHZ03X0NEVT0R8Y8-animals,4,meta-llama/Llama-3.3-70B-Instruct-Turbo,animals,"cat
dog
cow",chicken,1.0,horse,,False,True,0,,iterative,12788564792247015000,sheep,False
01K4DTP6B2SHZ03X0NEVT0R8Y8-animals,5,meta-llama/Llama-3.3-70B-Instruct-Turbo,animals,"cat
dog
cow
chicken",sheep,1.0,horse,,False,True,0,,iterative,14002693286943090000,egg,False
01K4DTP6B2SHZ03X0NEVT0R8Y8-animals,6,meta-llama/Llama-3.3-70B-Instruct-Turbo,animals,"cat
dog
cow
chicken
sheep",goat,1.0,horse,,False,True,0,,iterative,13135543217070998000,lamb,False
01K4DTP6B2SHZ03X0NEVT0R8Y8-animals,7,meta-llama/Llama-3.3-70B-Instruct-Turbo,animals,"cat
dog
cow
chicken
sheep
goat",elephant,0.0,horse,,False,True,0,,iterative,6919418417169554000,kid,False
01K4DTP6B2SHZ03X0NEVT0R8Y8-animals,8,meta-llama/Llama-3.3-70B-Instruct-Turbo,animals,"cat
dog
cow
chicken
sheep
goat
elephant",badger,0.0,horse,,False,True,0,,iterative,15583378927601111000,jungle,False
01K4DTP6B2SHZ03X0NEVT0R8Y8-animals,9,meta-llama/Llama-3.3-70B-Instruct-Turbo,animals,"cat
dog
cow
chicken
sheep
goat
elephant
badger",fox,0.0,horse,,False,True,0,,iterative,7792528334170953000,night,False
01K4DTP6B2SHZ03X0NEVT0R8Y8-animals,10,meta-llama/Llama-3.3-70B-Instruct-Turbo,animals,"cat
dog
cow
chicken
sheep
goat
elephant
badger
fox",rabbit,1.0,horse,,False,True,0,,iterative,13040915808352862000,badger,False
01K4DTP6B2SHZ03X0NEVT0R8Y8-animals,11,meta-llama/Llama-3.3-70B-Instruct-Turbo,animals,"cat
dog
cow
chicken
sheep
goat
elephant
badger
fox
rabbit",hare,1.0,squirrel,,False,True,0,,iterative,16148037478582725000,bunny,False
01K4DTP6B2SHZ03X0NEVT0R8Y8-animals,12,meta-llama/Llama-3.3-70B-Instruct-Turbo,animals,"cat
dog
cow
chicken
sheep
goat
elephant
badger
fox
rabbit
hare",octopus,0.0,squirrel,,False,True,0,,iterative,6229681926305841000,tortoise,False
01K4DTP6B2SHZ03X0NEVT0R8Y8-animals,13,meta-llama/Llama-3.3-70B-Instruct-Turbo,animals,"cat
dog
cow
chicken
sheep
goat
elephant
badger
fox
rabbit
hare
octopus",whale,1.0,squid,,False,True,0,,iterative,4060485311915992600,tentacle,False
01K4DTP6B2SHZ03X0NEVT0R8Y8-animals,14,meta-llama/Llama-3.3-70B-Instruct-Turbo,animals,"cat
dog
cow
chicken
sheep
goat
elephant
badger
fox
rabbit
hare
octopus
whale",shark,1.0,squid,,False,True,0,,iterative,6717810674096599000,sea,False
01K4DTP6B2SHZ03X0NEVT0R8Y8-animals,15,meta-llama/Llama-3.3-70B-Instruct-Turbo,animals,"cat
dog
cow
chicken
sheep
goat
elephant
badger
fox
rabbit
hare
octopus
whale
shark",orca,1.0,squid,,False,True,0,,iterative,10482634196583952000,jaw,False
01K4DTP6B2SHZ03X0NEVT0R8Y8-animals,16,meta-llama/Llama-3.3-70B-Instruct-Turbo,animals,"cat
dog
cow
chicken
sheep
goat
elephant
badger
fox
rabbit
hare
octopus
whale
shark
orca",dolphin,1.0,dolphin,,True,True,0,,iterative,9254409259321844000,ocean,False
01K4DTP6B2SHZ03X0NEVT0R8Y8-animals,17,meta-llama/Llama-3.3-70B-Instruct-Turbo,animals,"cat
dog
cow
chicken
sheep
goat
elephant
badger
fox
rabbit
hare
octopus
whale
shark
orca
dolphin",camel,0.0,seal,,False,True,0,,iterative,8935545791777217000,cute,False
01K4DTP6B2SHZ03X0NEVT0R8Y8-animals,18,meta-llama/Llama-3.3-70B-Instruct-Turbo,animals,"cat
dog
cow
chicken
sheep
goat
elephant
badger
fox
rabbit
hare
octopus
whale
shark
orca
dolphin
camel",bear,0.0,llama,,False,True,0,,iterative,9297298755851272000,hump,False
01K4DTP6B2SHZ03X0NEVT0R8Y8-animals,19,meta-llama/Llama-3.3-70B-Instruct-Turbo,animals,"cat
dog
cow
chicken
sheep
goat
elephant
badger
fox
rabbit
hare
octopus
whale
shark
orca
dolphin
camel
bear",lion,1.0,tiger,,False,True,0,,iterative,16765562069681545000,wood,False
01K4DTP6B2SHZ03X0NEVT0R8Y8-animals,20,meta-llama/Llama-3.3-70B-Instruct-Turbo,animals,"cat
dog
cow
chicken
sheep
goat
elephant
badger
fox
rabbit
hare
octopus
whale
shark
orca
dolphin
camel
bear
lion",tiger,1.0,tiger,,True,True,0,,iterative,12216603718900746000,tiger,True
01K4DTP6B2SHZ03X0NEVT0R8Y8-animals,21,meta-llama/Llama-3.3-70B-Instruct-Turbo,animals,"cat
dog
cow
chicken
sheep
goat
elephant
badger
fox
rabbit
hare
octopus
whale
shark
orca
dolphin
camel
bear
lion
tiger",zebra,1.0,leopard,,False,True,0,,iterative,2649019979294835000,stripe,False
01K4DTP6B2SHZ03X0NEVT0R8Y8-animals,22,meta-llama/Llama-3.3-70B-Instruct-Turbo,animals,"cat
dog
cow
chicken
sheep
goat
elephant
badger
fox
rabbit
hare
octopus
whale
shark
orca
dolphin
camel
bear
lion
tiger
zebra",ant,0.0,giraffe,,False,True,0,,iterative,4412052613766716400,giraffe,False
01K4DTP6B2SHZ03X0NEVT0R8Y8-animals,23,meta-llama/Llama-3.3-70B-Instruct-Turbo,animals,"cat
dog
cow
chicken
sheep
goat
elephant
badger
fox
rabbit
hare
octopus
whale
shark
orca
dolphin
camel
bear
lion
tiger
zebra
ant",wasp,1.0,bee,,False,True,0,,iterative,15451303744387262000,spider,False
01K4DTP6B2SHZ03X0NEVT0R8Y8-animals,24,meta-llama/Llama-3.3-70B-Instruct-Turbo,animals,"cat
dog
cow
chicken
sheep
goat
elephant
badger
fox
rabbit
hare
octopus
whale
shark
orca
dolphin
camel
bear
lion
tiger
zebra
ant
wasp",fly,1.0,bee,,False,True,0,,iterative,16165335669084991000,bee,False
01K4DTP6B2SHZ03X0NEVT0R8Y8-animals,25,meta-llama/Llama-3.3-70B-Instruct-Turbo,animals,"cat
dog
cow
chicken
sheep
goat
elephant
badger
fox
rabbit
hare
octopus
whale
shark
orca
dolphin
camel
bear
lion
tiger
zebra
ant
wasp
fly",bee,1.0,bee,,True,True,0,,iterative,4228811347047111000,bee,True
01K4DTP6B2SHZ03X0NEVT0R8Y8-animals,26,meta-llama/Llama-3.3-70B-Instruct-Turbo,animals,"cat
dog
cow
chicken
sheep
goat
elephant
badger
fox
rabbit
hare
octopus
whale
shark
orca
dolphin
camel
bear
lion
tiger
zebra
ant
wasp
fly
bee",stingray,0.0,butterfly,,False,True,0,,iterative,17790233732428454000,honey,False
01K4DTP6B2SHZ03X0NEVT0R8Y8-animals,27,meta-llama/Llama-3.3-70B-Instruct-Turbo,animals,"cat
dog
cow
chicken
sheep
goat
elephant
badger
fox
rabbit
hare
octopus
whale
shark
orca
dolphin
camel
bear
lion
tiger
zebra
ant
wasp
fly
bee
stingray",meerkat,0.0,butterfly,,False,True,0,,iterative,2644254636078900000,manta ray,False
01K4DTP6B2SHZ03X0NEVT0R8Y8-animals,28,meta-llama/Llama-3.3-70B-Instruct-Turbo,animals,"cat
dog
cow
chicken
sheep
goat
elephant
badger
fox
rabbit
hare
octopus
whale
shark
orca
dolphin
camel
bear
lion
tiger
zebra
ant
wasp
fly
bee
stingray
meerkat",panda,0.0,giraffe,,False,True,0,,iterative,11218656721912863000,snake,False
01K4DTP6B2SHZ03X0NEVT0R8Y8-animals,29,meta-llama/Llama-3.3-70B-Instruct-Turbo,animals,"cat
dog
cow
chicken
sheep
goat
elephant
badger
fox
rabbit
hare
octopus
whale
shark
orca
dolphin
camel
bear
lion
tiger
zebra
ant
wasp
fly
bee
stingray
meerkat
panda",koala,0.0,giraffe,,False,True,0,,iterative,16409601571924875000,polar bear,False
01K4DTP6B2SHZ03X0NEVT0R8Y8-animals,30,meta-llama/Llama-3.3-70B-Instruct-Turbo,animals,"cat
dog
cow
chicken
sheep
goat
elephant
badger
fox
rabbit
hare
octopus
whale
shark
orca
dolphin
camel
bear
lion
tiger
zebra
ant
wasp
fly
bee
stingray
meerkat
panda
koala",bushbaby,0.0,kangaroo,,False,True,0,,iterative,8281818984600916000,kangaroo,False
01K4DTP6B2SHZ03X0NEVT0R8Y8-animals,31,meta-llama/Llama-3.3-70B-Instruct-Turbo,animals,"cat
dog
cow
chicken
sheep
goat
elephant
badger
fox
rabbit
hare
octopus
whale
shark
orca
dolphin
camel
bear
lion
tiger
zebra
ant
wasp
fly
bee
stingray
meerkat
panda
koala
bushbaby",ape,1.0,lemur,,False,True,0,,iterative,13045979401436895000,koala,False
01K4DTP6B2SHZ03X0NEVT0R8Y8-animals,32,meta-llama/Llama-3.3-70B-Instruct-Turbo,animals,"cat
dog
cow
chicken
sheep
goat
elephant
badger
fox
rabbit
hare
octopus
whale
shark
orca
dolphin
camel
bear
lion
tiger
zebra
ant
wasp
fly
bee
stingray
meerkat
panda
koala
bushbaby
ape",gorilla,1.0,monkey,,False,True,0,,iterative,1648327950352311000,monkey,False
01K4DTP6B2SHZ03X0NEVT0R8Y8-animals,33,meta-llama/Llama-3.3-70B-Instruct-Turbo,animals,"cat
dog
cow
chicken
sheep
goat
elephant
badger
fox
rabbit
hare
octopus
whale
shark
orca
dolphin
camel
bear
lion
tiger
zebra
ant
wasp
fly
bee
stingray
meerkat
panda
koala
bushbaby
ape
gorilla",monkey,1.0,monkey,,True,True,0,,iterative,7203150972205908000,chimpanzee,False
01K4DTP6B2SHZ03X0NEVT0R8Y8-animals,34,meta-llama/Llama-3.3-70B-Instruct-Turbo,animals,"cat
dog
cow
chicken
sheep
goat
elephant
badger
fox
rabbit
hare
octopus
whale
shark
orca
dolphin
camel
bear
lion
tiger
zebra
ant
wasp
fly
bee
stingray
meerkat
panda
koala
bushbaby
ape
gorilla
monkey",human,1.0,lemur,,False,True,0,,iterative,9369768040952707000,chimpanzee,False
01K4DTP6B2SHZ03X0NEVT0R8Y8-animals,35,meta-llama/Llama-3.3-70B-Instruct-Turbo,animals,"cat
dog
cow
chicken
sheep
goat
elephant
badger
fox
rabbit
hare
octopus
whale
shark
orca
dolphin
camel
bear
lion
tiger
zebra
ant
wasp
fly
bee
stingray
meerkat
panda
koala
bushbaby
ape
gorilla
monkey
human",caterpillar,0.0,chimpanzee,,False,True,0,,iterative,12064045520393804000,person,False
01K4DTP6B2SHZ03X0NEVT0R8Y8-animals,36,meta-llama/Llama-3.3-70B-Instruct-Turbo,animals,"cat
dog
cow
chicken
sheep
goat
elephant
badger
fox
rabbit
hare
octopus
whale
shark
orca
dolphin
camel
bear
lion
tiger
zebra
ant
wasp
fly
bee
stingray
meerkat
panda
koala
bushbaby
ape
gorilla
monkey
human
caterpillar",snake,0.0,butterfly,,False,True,0,,iterative,4353819916598700500,centipede,False
01K4DTP6B2SHZ03X0NEVT0R8Y8-animals,37,meta-llama/Llama-3.3-70B-Instruct-Turbo,animals,"cat
dog
cow
chicken
sheep
goat
elephant
badger
fox
rabbit
hare
octopus
whale
shark
orca
dolphin
camel
bear
lion
tiger
zebra
ant
wasp
fly
bee
stingray
meerkat
panda
koala
bushbaby
ape
gorilla
monkey
human
caterpillar
snake",rat,1.0,lizard,,False,True,0,,iterative,3848435683136227000,crocodile,False
01K4DTP6B2SHZ03X0NEVT0R8Y8-animals,38,meta-llama/Llama-3.3-70B-Instruct-Turbo,animals,"cat
dog
cow
chicken
sheep
goat
elephant
badger
fox
rabbit
hare
octopus
whale
shark
orca
dolphin
camel
bear
lion
tiger
zebra
ant
wasp
fly
bee
stingray
meerkat
panda
koala
bushbaby
ape
gorilla
monkey
human
caterpillar
snake
rat",mouse,1.0,mouse,,True,True,0,,iterative,11818623165151547000,mouse,True
01K4DTP6B2SHZ03X0NEVT0R8Y8-animals,39,meta-llama/Llama-3.3-70B-Instruct-Turbo,animals,"cat
dog
cow
chicken
sheep
goat
elephant
badger
fox
rabbit
hare
octopus
whale
shark
orca
dolphin
camel
bear
lion
tiger
zebra
ant
wasp
fly
bee
stingray
meerkat
panda
koala
bushbaby
ape
gorilla
monkey
human
caterpillar
snake
rat
mouse",spider,0.0,squirrel,,False,True,0,,iterative,13379806894447909000,hamster,False
01K4DTP6B2SHZ03X0NEVT0R8Y8-animals,40,meta-llama/Llama-3.3-70B-Instruct-Turbo,animals,"cat
dog
cow
chicken
sheep
goat
elephant
badger
fox
rabbit
hare
octopus
whale
shark
orca
dolphin
camel
bear
lion
tiger
zebra
ant
wasp
fly
bee
stingray
meerkat
panda
koala
bushbaby
ape
gorilla
monkey
human
caterpillar
snake
rat
mouse
spider",moth,0.0,squirrel,,False,True,0,,iterative,12130250336040760000,fly,False
01K4DTP6B2SHZ03X0NEVT0R8Y8-animals,41,meta-llama/Llama-3.3-70B-Instruct-Turbo,animals,"cat
dog
cow
chicken
sheep
goat
elephant
badger
fox
rabbit
hare
octopus
whale
shark
orca
dolphin
camel
bear
lion
tiger
zebra
ant
wasp
fly
bee
stingray
meerkat
panda
koala
bushbaby
ape
gorilla
monkey
human
caterpillar
snake
rat
mouse
spider
moth",dragonfly,0.0,butterfly,,False,True,0,,iterative,11813442556970402000,butterfly,False
01K4DTP6B2SHZ03X0NEVT0R8Y8-animals,42,meta-llama/Llama-3.3-70B-Instruct-Turbo,animals,"cat
dog
cow
chicken
sheep
goat
elephant
badger
fox
rabbit
hare
octopus
whale
shark
orca
dolphin
camel
bear
lion
tiger
zebra
ant
wasp
fly
bee
stingray
meerkat
panda
koala
bushbaby
ape
gorilla
monkey
human
caterpillar
snake
rat
mouse
spider
moth
dragonfly",polarbear,0.0,butterfly,,False,True,0,,iterative,15180687910144260000,duck,False
01K4DTP6B2SHZ03X0NEVT0R8Y8-animals,43,meta-llama/Llama-3.3-70B-Instruct-Turbo,animals,"cat
dog
cow
chicken
sheep
goat
elephant
badger
fox
rabbit
hare
octopus
whale
shark
orca
dolphin
camel
bear
lion
tiger
zebra
ant
wasp
fly
bee
stingray
meerkat
panda
koala
bushbaby
ape
gorilla
monkey
human
caterpillar
snake
rat
mouse
spider
moth
dragonfly
polar bear",beetle,0.0,arcticfox,,False,True,0,,iterative,6219019310100420000,deer,False
01K4DTP6B2SHZ03X0NEVT0R8Y8-animals,44,meta-llama/Llama-3.3-70B-Instruct-Turbo,animals,"cat
dog
cow
chicken
sheep
goat
elephant
badger
fox
rabbit
hare
octopus
whale
shark
orca
dolphin
camel
bear
lion
tiger
zebra
ant
wasp
fly
bee
stingray
meerkat
panda
koala
bushbaby
ape
gorilla
monkey
human
caterpillar
snake
rat
mouse
spider
moth
dragonfly
polar bear
beetle",butterfly,0.0,butterfly,,True,True,0,,iterative,18291337818083734000,slug,False
01K4DTP6B2SHZ03X0NEVT0R8Y8-animals,45,meta-llama/Llama-3.3-70B-Instruct-Turbo,animals,"cat
dog
cow
chicken
sheep
goat
elephant
badger
fox
rabbit
hare
octopus
whale
shark
orca
dolphin
camel
bear
lion
tiger
zebra
ant
wasp
fly
bee
stingray
meerkat
panda
koala
bushbaby
ape
gorilla
monkey
human
caterpillar
snake
rat
mouse
spider
moth
dragonfly
polar bear
beetle
butterfly",vole,0.0,ladybug,,False,True,0,,iterative,7751581283089307000,snail,False
01K4DTP6B2SHZ03X0NEVT0R8Y8-animals,46,meta-llama/Llama-3.3-70B-Instruct-Turbo,animals,"cat
dog
cow
chicken
sheep
goat
elephant
badger
fox
rabbit
hare
octopus
whale
shark
orca
dolphin
camel
bear
lion
tiger
zebra
ant
wasp
fly
bee
stingray
meerkat
panda
koala
bushbaby
ape
gorilla
monkey
human
caterpillar
snake
rat
mouse
spider
moth
dragonfly
polar bear
beetle
butterfly
vole",bat,1.0,squirrel,,False,True,0,,iterative,8361403414118849000,otter,False
01K4DTP6B2SHZ03X0NEVT0R8Y8-animals,47,meta-llama/Llama-3.3-70B-Instruct-Turbo,animals,"cat
dog
cow
chicken
sheep
goat
elephant
badger
fox
rabbit
hare
octopus
whale
shark
orca
dolphin
camel
bear
lion
tiger
zebra
ant
wasp
fly
bee
stingray
meerkat
panda
koala
bushbaby
ape
gorilla
monkey
human
caterpillar
snake
rat
mouse
spider
moth
dragonfly
polar bear
beetle
butterfly
vole
bat",fruitbat,1.0,squirrel,,False,True,0,,iterative,15953943649029495000,owl,False
01K4DTP6B2SHZ03X0NEVT0R8Y8-animals,48,meta-llama/Llama-3.3-70B-Instruct-Turbo,animals,"cat
dog
cow
chicken
sheep
goat
elephant
badger
fox
rabbit
hare
octopus
whale
shark
orca
dolphin
camel
bear
lion
tiger
zebra
ant
wasp
fly
bee
stingray
meerkat
panda
koala
bushbaby
ape
gorilla
monkey
human
caterpillar
snake
rat
mouse
spider
moth
dragonfly
polar bear
beetle
butterfly
vole
bat
fruit bat",panther,1.0,squirrel,,False,True,0,,iterative,6110185503355736000,owl,False
01K4DTP6B2SHZ03X0NEVT0R8Y8-animals,49,meta-llama/Llama-3.3-70B-Instruct-Turbo,animals,"cat
dog
cow
chicken
sheep
goat
elephant
badger
fox
rabbit
hare
octopus
whale
shark
orca
dolphin
camel
bear
lion
tiger
zebra
ant
wasp
fly
bee
stingray
meerkat
panda
koala
bushbaby
ape
gorilla
monkey
human
caterpillar
snake
rat
mouse
spider
moth
dragonfly
polar bear
beetle
butterfly
vole
bat
fruit bat
panther",jaguar,1.0,leopard,,False,True,0,,iterative,1289420596835321900,jaguar,True
01K4DTP6B2SHZ03X0NEVT0R8Y8-animals,50,meta-llama/Llama-3.3-70B-Instruct-Turbo,animals,"cat
dog
cow
chicken
sheep
goat
elephant
badger
fox
rabbit
hare
octopus
whale
shark
orca
dolphin
camel
bear
lion
tiger
zebra
ant
wasp
fly
bee
stingray
meerkat
panda
koala
bushbaby
ape
gorilla
monkey
human
caterpillar
snake
rat
mouse
spider
moth
dragonfly
polar bear
beetle
butterfly
vole
bat
fruit bat
panther
jaguar",cougar,1.0,leopard,,False,True,0,,iterative,5793743989148688000,cheetah,False
01K4DTP6B2SHZ03X0NEVT0R8Y8-animals,51,meta-llama/Llama-3.3-70B-Instruct-Turbo,animals,"cat
dog
cow
chicken
sheep
goat
elephant
badger
fox
rabbit
hare
octopus
whale
shark
orca
dolphin
camel
bear
lion
tiger
zebra
ant
wasp
fly
bee
stingray
meerkat
panda
koala
bushbaby
ape
gorilla
monkey
human
caterpillar
snake
rat
mouse
spider
moth
dragonfly
polar bear
beetle
butterfly
vole
bat
fruit bat
panther
jaguar
cougar",puma,1.0,leopard,,False,True,0,,iterative,16806799240439170000,hyena,False
01K4DTP6B2SHZ03X0NEVT0R8Y8-animals,52,meta-llama/Llama-3.3-70B-Instruct-Turbo,animals,"cat
dog
cow
chicken
sheep
goat
elephant
badger
fox
rabbit
hare
octopus
whale
shark
orca
dolphin
camel
bear
lion
tiger
zebra
ant
wasp
fly
bee
stingray
meerkat
panda
koala
bushbaby
ape
gorilla
monkey
human
caterpillar
snake
rat
mouse
spider
moth
dragonfly
polar bear
beetle
butterfly
vole
bat
fruit bat
panther
jaguar
cougar
puma",ostrich,0.0,leopard,,False,True,0,,iterative,7993161042463440000,lynx,False
01K4DV9B5VQRBCJR0FRQV4RZW1-animals,2,meta-llama/Llama-3.3-70B-Instruct-Turbo,animals,cat,dog,0.0,dog,,True,True,0,,iterative,13229106399374238000,dog,True
01K4DV9B5VQRBCJR0FRQV4RZW1-animals,3,meta-llama/Llama-3.3-70B-Instruct-Turbo,animals,"cat
dog",lion,0.0,hamster,,False,True,0,,iterative,12196946919005470000,dog,False
01K4DV9B5VQRBCJR0FRQV4RZW1-animals,4,meta-llama/Llama-3.3-70B-Instruct-Turbo,animals,"cat
dog
lion",elephant,0.0,tiger,,False,True,0,,iterative,11134615544896903000,tiger,False
01K4DV9B5VQRBCJR0FRQV4RZW1-animals,5,meta-llama/Llama-3.3-70B-Instruct-Turbo,animals,"cat
dog
lion
elephant",mouse,0.0,tiger,,False,True,0,,iterative,12758208417094656000,tiger,False
01K4DV9B5VQRBCJR0FRQV4RZW1-animals,6,meta-llama/Llama-3.3-70B-Instruct-Turbo,animals,"cat
dog
lion
elephant
mouse",rat,0.0,tiger,,False,True,0,,iterative,10161019420059769000,penguin,False
01K4DV9B5VQRBCJR0FRQV4RZW1-animals,7,meta-llama/Llama-3.3-70B-Instruct-Turbo,animals,"cat
dog
lion
elephant
mouse
rat",tiger,0.0,squirrel,,False,True,0,,iterative,11938657798939990000,tiger,True
01K4DV9B5VQRBCJR0FRQV4RZW1-animals,8,meta-llama/Llama-3.3-70B-Instruct-Turbo,animals,"cat
dog
lion
elephant
mouse
rat
tiger",badger,0.0,bear,,False,True,0,,iterative,17848816908689269000,panda,False
01K4DV9B5VQRBCJR0FRQV4RZW1-animals,9,meta-llama/Llama-3.3-70B-Instruct-Turbo,animals,"cat
dog
lion
elephant
mouse
rat
tiger
badger",wolverine,0.0,otter,,False,True,0,,iterative,4176928908796913000,raccoon,False
01K4DV9B5VQRBCJR0FRQV4RZW1-animals,10,meta-llama/Llama-3.3-70B-Instruct-Turbo,animals,"cat
dog
lion
elephant
mouse
rat
tiger
badger
wolverine",fox,0.0,otter,,False,True,0,,iterative,2614183634692296700,wolf,False
01K4DV9B5VQRBCJR0FRQV4RZW1-animals,11,meta-llama/Llama-3.3-70B-Instruct-Turbo,animals,"cat
dog
lion
elephant
mouse
rat
tiger
badger
wolverine
fox",wolf,0.0,wolf,,True,True,0,,iterative,12641804873128760000,wolf,True
01K4DV9B5VQRBCJR0FRQV4RZW1-animals,12,meta-llama/Llama-3.3-70B-Instruct-Turbo,animals,"cat
dog
lion
elephant
mouse
rat
tiger
badger
wolverine
fox
wolf",panda,0.0,bear,,False,True,0,,iterative,12689443906618483000,raccoon,False
01K4DV9B5VQRBCJR0FRQV4RZW1-animals,13,meta-llama/Llama-3.3-70B-Instruct-Turbo,animals,"cat
dog
lion
elephant
mouse
rat
tiger
badger
wolverine
fox
wolf
panda",bear,0.0,bear,,True,True,0,,iterative,16285607225562776000,giraffe,False
01K4DV9B5VQRBCJR0FRQV4RZW1-animals,14,meta-llama/Llama-3.3-70B-Instruct-Turbo,animals,"cat
dog
lion
elephant
mouse
rat
tiger
badger
wolverine
fox
wolf
panda
bear",zebra,0.0,squirrel,,False,True,0,,iterative,14392014130899030000,deer,False
01K4DV9B5VQRBCJR0FRQV4RZW1-animals,15,meta-llama/Llama-3.3-70B-Instruct-Turbo,animals,"cat
dog
lion
elephant
mouse
rat
tiger
badger
wolverine
fox
wolf
panda
bear
zebra",horse,0.0,giraffe,,False,True,0,,iterative,4910967823177120000,deer,False
01K4DV9B5VQRBCJR0FRQV4RZW1-animals,16,meta-llama/Llama-3.3-70B-Instruct-Turbo,animals,"cat
dog
lion
elephant
mouse
rat
tiger
badger
wolverine
fox
wolf
panda
bear
zebra
horse",goat,0.0,giraffe,,False,True,0,,iterative,14319643975964203000,cow,False
01K4DV9B5VQRBCJR0FRQV4RZW1-animals,17,meta-llama/Llama-3.3-70B-Instruct-Turbo,animals,"cat
dog
lion
elephant
mouse
rat
tiger
badger
wolverine
fox
wolf
panda
bear
zebra
horse
goat",pig,0.0,sheep,,False,True,0,,iterative,9836805335897303000,sheep,False
01K4DV9B5VQRBCJR0FRQV4RZW1-animals,18,meta-llama/Llama-3.3-70B-Instruct-Turbo,animals,"cat
dog
lion
elephant
mouse
rat
tiger
badger
wolverine
fox
wolf
panda
bear
zebra
horse
goat
pig",bat,0.0,cow,,False,True,0,,iterative,14519565099761707000,cow,False
01K4DV9B5VQRBCJR0FRQV4RZW1-animals,19,meta-llama/Llama-3.3-70B-Instruct-Turbo,animals,"cat
dog
lion
elephant
mouse
rat
tiger
badger
wolverine
fox
wolf
panda
bear
zebra
horse
goat
pig
bat",bird,1.0,cow,,False,True,0,,iterative,1289686863640161000,cow,False
01K4DV9B5VQRBCJR0FRQV4RZW1-animals,20,meta-llama/Llama-3.3-70B-Instruct-Turbo,animals,"cat
dog
lion
elephant
mouse
rat
tiger
badger
wolverine
fox
wolf
panda
bear
zebra
horse
goat
pig
bat
bird",raven,1.0,squirrel,,False,True,0,,iterative,7325659590134288000,cow,False
01K4DV9B5VQRBCJR0FRQV4RZW1-animals,21,meta-llama/Llama-3.3-70B-Instruct-Turbo,animals,"cat
dog
lion
elephant
mouse
rat
tiger
badger
wolverine
fox
wolf
panda
bear
zebra
horse
goat
pig
bat
bird
raven",crow,1.0,crow,,True,True,0,,iterative,15755947246397516000,crow,True
01K4DV9B5VQRBCJR0FRQV4RZW1-animals,22,meta-llama/Llama-3.3-70B-Instruct-Turbo,animals,"cat
dog
lion
elephant
mouse
rat
tiger
badger
wolverine
fox
wolf
panda
bear
zebra
horse
goat
pig
bat
bird
raven
crow",donkey,0.0,eagle,,False,True,0,,iterative,13230843800488378000,cow,False
01K4DV9B5VQRBCJR0FRQV4RZW1-animals,23,meta-llama/Llama-3.3-70B-Instruct-Turbo,animals,"cat
dog
lion
elephant
mouse
rat
tiger
badger
wolverine
fox
wolf
panda
bear
zebra
horse
goat
pig
bat
bird
raven
crow
donkey",rabbit,0.0,cow,,False,True,0,,iterative,4798338024413720000,giraffe,False
01K4DV9B5VQRBCJR0FRQV4RZW1-animals,24,meta-llama/Llama-3.3-70B-Instruct-Turbo,animals,"cat
dog
lion
elephant
mouse
rat
tiger
badger
wolverine
fox
wolf
panda
bear
zebra
horse
goat
pig
bat
bird
raven
crow
donkey
rabbit",chicken,0.0,squirrel,,False,True,0,,iterative,986985741520340100,raccoon,False
01K4DV9B5VQRBCJR0FRQV4RZW1-animals,25,meta-llama/Llama-3.3-70B-Instruct-Turbo,animals,"cat
dog
lion
elephant
mouse
rat
tiger
badger
wolverine
fox
wolf
panda
bear
zebra
horse
goat
pig
bat
bird
raven
crow
donkey
rabbit
chicken",turkey,0.0,turkey,,True,True,0,,iterative,9730986734562329000,duck,False
01K4DV9B5VQRBCJR0FRQV4RZW1-animals,26,meta-llama/Llama-3.3-70B-Instruct-Turbo,animals,"cat
dog
lion
elephant
mouse
rat
tiger
badger
wolverine
fox
wolf
panda
bear
zebra
horse
goat
pig
bat
bird
raven
crow
donkey
rabbit
chicken
turkey",salmon,0.0,duck,,False,True,0,,iterative,3016599239437260300,duck,False
01K4DV9B5VQRBCJR0FRQV4RZW1-animals,27,meta-llama/Llama-3.3-70B-Instruct-Turbo,animals,"cat
dog
lion
elephant
mouse
rat
tiger
badger
wolverine
fox
wolf
panda
bear
zebra
horse
goat
pig
bat
bird
raven
crow
donkey
rabbit
chicken
turkey
salmon",mussel,0.0,trout,,False,True,0,,iterative,15230096816566223000,cow,False
01K4DV9B5VQRBCJR0FRQV4RZW1-animals,28,meta-llama/Llama-3.3-70B-Instruct-Turbo,animals,"cat
dog
lion
elephant
mouse
rat
tiger
badger
wolverine
fox
wolf
panda
bear
zebra
horse
goat
pig
bat
bird
raven
crow
donkey
rabbit
chicken
turkey
salmon
mussel",koi,0.0,shrimp,,False,True,0,,iterative,14531696957552857000,monkey,False
01K4DV9B5VQRBCJR0FRQV4RZW1-animals,29,meta-llama/Llama-3.3-70B-Instruct-Turbo,animals,"cat
dog
lion
elephant
mouse
rat
tiger
badger
wolverine
fox
wolf
panda
bear
zebra
horse
goat
pig
bat
bird
raven
crow
donkey
rabbit
chicken
turkey
salmon
mussel
koi",goldfish,0.0,goldfish,,True,True,0,,iterative,9045599245611323000,tuna,False
01K4DV9B5VQRBCJR0FRQV4RZW1-animals,30,meta-llama/Llama-3.3-70B-Instruct-Turbo,animals,"cat
dog
lion
elephant
mouse
rat
tiger
badger
wolverine
fox
wolf
panda
bear
zebra
horse
goat
pig
bat
bird
raven
crow
donkey
rabbit
chicken
turkey
salmon
mussel
koi
goldfish",possum,0.0,shark,,False,True,0,,iterative,9138187348439907000,tuna,False
01K4DV9B5VQRBCJR0FRQV4RZW1-animals,31,meta-llama/Llama-3.3-70B-Instruct-Turbo,animals,"cat
dog
lion
elephant
mouse
rat
tiger
badger
wolverine
fox
wolf
panda
bear
zebra
horse
goat
pig
bat
bird
raven
crow
donkey
rabbit
chicken
turkey
salmon
mussel
koi
goldfish
possum",raccoon,0.0,squirrel,,False,True,0,,iterative,8383202251145418000,skunk,False
01K4DVH6EYQG57B4E2HN1J2Q9M-animals,2,meta-llama/Llama-3.3-70B-Instruct-Turbo,animals,cat,dog,0.0,dog,,True,True,0,,iterative,12381912839431977000,dog,True
01K4DVH6EYQG57B4E2HN1J2Q9M-animals,3,meta-llama/Llama-3.3-70B-Instruct-Turbo,animals,"cat
dog",elephant,0.0,hamster,,False,True,0,,iterative,14628111708869660000,horse,False
01K4DVH6EYQG57B4E2HN1J2Q9M-animals,4,meta-llama/Llama-3.3-70B-Instruct-Turbo,animals,"cat
dog
elephant",donkey,0.0,lion,,False,True,0,,iterative,4994665728597644000,giraffe,False
01K4DVH6EYQG57B4E2HN1J2Q9M-animals,5,meta-llama/Llama-3.3-70B-Instruct-Turbo,animals,"cat
dog
elephant
donkey",giraffe,0.0,horse,,False,True,0,,iterative,12538652613118730000,horse,False
01K4DVH6EYQG57B4E2HN1J2Q9M-animals,6,meta-llama/Llama-3.3-70B-Instruct-Turbo,animals,"cat
dog
elephant
donkey
giraffe",lion,0.0,zebra,,False,True,0,,iterative,8941905816417455000,horse,False
01K4DVH6EYQG57B4E2HN1J2Q9M-animals,7,meta-llama/Llama-3.3-70B-Instruct-Turbo,animals,"cat
dog
elephant
donkey
giraffe
lion",tiger,0.0,zebra,,False,True,0,,iterative,10541689928012690000,hippo,False
01K4DVH6EYQG57B4E2HN1J2Q9M-animals,8,meta-llama/Llama-3.3-70B-Instruct-Turbo,animals,"cat
dog
elephant
donkey
giraffe
lion
tiger",zebra,0.0,leopard,,False,True,0,,iterative,5265871767308415000,snake,False
01K4DVH6EYQG57B4E2HN1J2Q9M-animals,9,meta-llama/Llama-3.3-70B-Instruct-Turbo,animals,"cat
dog
elephant
donkey
giraffe
lion
tiger
zebra",rhino,0.0,monkey,,False,True,0,,iterative,11666498953951787000,horse,False
01K4DVH6EYQG57B4E2HN1J2Q9M-animals,10,meta-llama/Llama-3.3-70B-Instruct-Turbo,animals,"cat
dog
elephant
donkey
giraffe
lion
tiger
zebra
rhino",hippopotamus,0.0,hyena,,False,True,0,,iterative,10115422743688604000,snake,False
01K4DVH6EYQG57B4E2HN1J2Q9M-animals,11,meta-llama/Llama-3.3-70B-Instruct-Turbo,animals,"cat
dog
elephant
donkey
giraffe
lion
tiger
zebra
rhino
hippopotamus",deer,0.0,hyena,,False,True,0,,iterative,3440694612852509700,snake,False
01K4DVH6EYQG57B4E2HN1J2Q9M-animals,12,meta-llama/Llama-3.3-70B-Instruct-Turbo,animals,"cat
dog
elephant
donkey
giraffe
lion
tiger
zebra
rhino
hippopotamus
deer",moose,0.0,monkey,,False,True,0,,iterative,354861016753876000,snake,False
01K4DVH6EYQG57B4E2HN1J2Q9M-animals,13,meta-llama/Llama-3.3-70B-Instruct-Turbo,animals,"cat
dog
elephant
donkey
giraffe
lion
tiger
zebra
rhino
hippopotamus
deer
moose",bear,0.0,bear,,True,True,0,,iterative,5814345333684654000,bear,True
01K4DVH6EYQG57B4E2HN1J2Q9M-animals,14,meta-llama/Llama-3.3-70B-Instruct-Turbo,animals,"cat
dog
elephant
donkey
giraffe
lion
tiger
zebra
rhino
hippopotamus
deer
moose
bear",wolf,0.0,wolf,,True,True,0,,iterative,1528168668417203700,polar bear,False
01K4DVH6EYQG57B4E2HN1J2Q9M-animals,15,meta-llama/Llama-3.3-70B-Instruct-Turbo,animals,"cat
dog
elephant
donkey
giraffe
lion
tiger
zebra
rhino
hippopotamus
deer
moose
bear
wolf",fox,0.0,fox,,True,True,0,,iterative,17276224820526076000,coyote,False
01K4DVH6EYQG57B4E2HN1J2Q9M-animals,16,meta-llama/Llama-3.3-70B-Instruct-Turbo,animals,"cat
dog
elephant
donkey
giraffe
lion
tiger
zebra
rhino
hippopotamus
deer
moose
bear
wolf
fox",cheetah,0.0,raccoon,,False,True,0,,iterative,13233271884383635000,frog,False
01K4DVH6EYQG57B4E2HN1J2Q9M-animals,17,meta-llama/Llama-3.3-70B-Instruct-Turbo,animals,"cat
dog
elephant
donkey
giraffe
lion
tiger
zebra
rhino
hippopotamus
deer
moose
bear
wolf
fox
cheetah",leopard,0.0,hyena,,False,True,0,,iterative,4954008096071437000,panther,False
01K4DVH6EYQG57B4E2HN1J2Q9M-animals,18,meta-llama/Llama-3.3-70B-Instruct-Turbo,animals,"cat
dog
elephant
donkey
giraffe
lion
tiger
zebra
rhino
hippopotamus
deer
moose
bear
wolf
fox
cheetah
leopard",monkey,0.0,hyena,,False,True,0,,iterative,11391455636669268000,panther,False
01K4DVH6EYQG57B4E2HN1J2Q9M-animals,19,meta-llama/Llama-3.3-70B-Instruct-Turbo,animals,"cat
dog
elephant
donkey
giraffe
lion
tiger
zebra
rhino
hippopotamus
deer
moose
bear
wolf
fox
cheetah
leopard
monkey",chimpanzee,0.0,kangaroo,,False,True,0,,iterative,3813090318245057000,gorilla,False
01K4DVH6EYQG57B4E2HN1J2Q9M-animals,20,meta-llama/Llama-3.3-70B-Instruct-Turbo,animals,"cat
dog
elephant
donkey
giraffe
lion
tiger
zebra
rhino
hippopotamus
deer
moose
bear
wolf
fox
cheetah
leopard
monkey
chimpanzee",gorilla,0.0,gorilla,,True,True,0,,iterative,3552108101182231000,gorilla,True
01K4DVH6EYQG57B4E2HN1J2Q9M-animals,21,meta-llama/Llama-3.3-70B-Instruct-Turbo,animals,"cat
dog
elephant
donkey
giraffe
lion
tiger
zebra
rhino
hippopotamus
deer
moose
bear
wolf
fox
cheetah
leopard
monkey
chimpanzee
gorilla",baboon,0.0,kangaroo,,False,True,0,,iterative,12909679108884728000,orangutan,False
01K4DVH6EYQG57B4E2HN1J2Q9M-animals,22,meta-llama/Llama-3.3-70B-Instruct-Turbo,animals,"cat
dog
elephant
donkey
giraffe
lion
tiger
zebra
rhino
hippopotamus
deer
moose
bear
wolf
fox
cheetah
leopard
monkey
chimpanzee
gorilla
baboon",kangaroo,0.0,kangaroo,,True,True,0,,iterative,17131215757884193000,orangutan,False
01K4DVH6EYQG57B4E2HN1J2Q9M-animals,23,meta-llama/Llama-3.3-70B-Instruct-Turbo,animals,"cat
dog
elephant
donkey
giraffe
lion
tiger
zebra
rhino
hippopotamus
deer
moose
bear
wolf
fox
cheetah
leopard
monkey
chimpanzee
gorilla
baboon
kangaroo",koala,0.0,koala,,True,True,0,,iterative,2241981061641244200,koala,True
01K4DVH6EYQG57B4E2HN1J2Q9M-animals,24,meta-llama/Llama-3.3-70B-Instruct-Turbo,animals,"cat
dog
elephant
donkey
giraffe
lion
tiger
zebra
rhino
hippopotamus
deer
moose
bear
wolf
fox
cheetah
leopard
monkey
chimpanzee
gorilla
baboon
kangaroo
koala",sloth,0.0,wombat,,False,True,0,,iterative,11701479250127847000,dingo,False
01K4DVH6EYQG57B4E2HN1J2Q9M-animals,25,meta-llama/Llama-3.3-70B-Instruct-Turbo,animals,"cat
dog
elephant
donkey
giraffe
lion
tiger
zebra
rhino
hippopotamus
deer
moose
bear
wolf
fox
cheetah
leopard
monkey
chimpanzee
gorilla
baboon
kangaroo
koala
sloth",armadillo,0.0,panda,,False,True,0,,iterative,14522251357164925000,parrot,False
01K4DVH6EYQG57B4E2HN1J2Q9M-animals,26,meta-llama/Llama-3.3-70B-Instruct-Turbo,animals,"cat
dog
elephant
donkey
giraffe
lion
tiger
zebra
rhino
hippopotamus
deer
moose
bear
wolf
fox
cheetah
leopard
monkey
chimpanzee
gorilla
baboon
kangaroo
koala
sloth
armadillo",hedgehog,0.0,raccoon,,False,True,0,,iterative,5203891577055970000,snake,False
01K4DVH6EYQG57B4E2HN1J2Q9M-animals,27,meta-llama/Llama-3.3-70B-Instruct-Turbo,animals,"cat
dog
elephant
donkey
giraffe
lion
tiger
zebra
rhino
hippopotamus
deer
moose
bear
wolf
fox
cheetah
leopard
monkey
chimpanzee
gorilla
baboon
kangaroo
koala
sloth
armadillo
hedgehog",otter,0.0,porcupine,,False,True,0,,iterative,4455386414909636600,porcupine,False
01K4DVH6EYQG57B4E2HN1J2Q9M-animals,28,meta-llama/Llama-3.3-70B-Instruct-Turbo,animals,"cat
dog
elephant
donkey
giraffe
lion
tiger
zebra
rhino
hippopotamus
deer
moose
bear
wolf
fox
cheetah
leopard
monkey
chimpanzee
gorilla
baboon
kangaroo
koala
sloth
armadillo
hedgehog
otter",badger,0.0,raccoon,,False,True,0,,iterative,13757741781187914000,beaver,False
01K4DVH6EYQG57B4E2HN1J2Q9M-animals,29,meta-llama/Llama-3.3-70B-Instruct-Turbo,animals,"cat
dog
elephant
donkey
giraffe
lion
tiger
zebra
rhino
hippopotamus
deer
moose
bear
wolf
fox
cheetah
leopard
monkey
chimpanzee
gorilla
baboon
kangaroo
koala
sloth
armadillo
hedgehog
otter
badger",mouse,0.0,raccoon,,False,True,0,,iterative,901891153208059500,beaver,False
01K4DVH6EYQG57B4E2HN1J2Q9M-animals,30,meta-llama/Llama-3.3-70B-Instruct-Turbo,animals,"cat
dog
elephant
donkey
giraffe
lion
tiger
zebra
rhino
hippopotamus
deer
moose
bear
wolf
fox
cheetah
leopard
monkey
chimpanzee
gorilla
baboon
kangaroo
koala
sloth
armadillo
hedgehog
otter
badger
mouse",rat,0.0,rabbit,,False,True,0,,iterative,3987322920168884700,bear,False
01K4DVH6EYQG57B4E2HN1J2Q9M-animals,31,meta-llama/Llama-3.3-70B-Instruct-Turbo,animals,"cat
dog
elephant
donkey
giraffe
lion
tiger
zebra
rhino
hippopotamus
deer
moose
bear
wolf
fox
cheetah
leopard
monkey
chimpanzee
gorilla
baboon
kangaroo
koala
sloth
armadillo
hedgehog
otter
badger
mouse
rat",bat,0.0,squirrel,,False,True,0,,iterative,10004034599484963000,mouse,False
01K4DVH6EYQG57B4E2HN1J2Q9M-animals,32,meta-llama/Llama-3.3-70B-Instruct-Turbo,animals,"cat
dog
elephant
donkey
giraffe
lion
tiger
zebra
rhino
hippopotamus
deer
moose
bear
wolf
fox
cheetah
leopard
monkey
chimpanzee
gorilla
baboon
kangaroo
koala
sloth
armadillo
hedgehog
otter
badger
mouse
rat
bat",rabbit,0.0,squirrel,,False,True,0,,iterative,17736324592755036000,eagle,False
01K4DVH6EYQG57B4E2HN1J2Q9M-animals,33,meta-llama/Llama-3.3-70B-Instruct-Turbo,animals,"cat
dog
elephant
donkey
giraffe
lion
tiger
zebra
rhino
hippopotamus
deer
moose
bear
wolf
fox
cheetah
leopard
monkey
chimpanzee
gorilla
baboon
kangaroo
koala
sloth
armadillo
hedgehog
otter
badger
mouse
rat
bat
rabbit",hare,0.0,squirrel,,False,True,0,,iterative,4323149987245581300,hare,True
01K4DVH6EYQG57B4E2HN1J2Q9M-animals,34,meta-llama/Llama-3.3-70B-Instruct-Turbo,animals,"cat
dog
elephant
donkey
giraffe
lion
tiger
zebra
rhino
hippopotamus
deer
moose
bear
wolf
fox
cheetah
leopard
monkey
chimpanzee
gorilla
baboon
kangaroo
koala
sloth
armadillo
hedgehog
otter
badger
mouse
rat
bat
rabbit
hare",squirrel,0.0,squirrel,,True,True,0,,iterative,5716205361644306000,snake,False
01K4DVH6EYQG57B4E2HN1J2Q9M-animals,35,meta-llama/Llama-3.3-70B-Instruct-Turbo,animals,"cat
dog
elephant
donkey
giraffe
lion
tiger
zebra
rhino
hippopotamus
deer
moose
bear
wolf
fox
cheetah
leopard
monkey
chimpanzee
gorilla
baboon
kangaroo
koala
sloth
armadillo
hedgehog
otter
badger
mouse
rat
bat
rabbit
hare
squirrel",beaver,0.0,chipmunk,,False,True,0,,iterative,11680893939944618000,gerbil,False
01K4DVH6EYQG57B4E2HN1J2Q9M-animals,36,meta-llama/Llama-3.3-70B-Instruct-Turbo,animals,"cat
dog
elephant
donkey
giraffe
lion
tiger
zebra
rhino
hippopotamus
deer
moose
bear
wolf
fox
cheetah
leopard
monkey
chimpanzee
gorilla
baboon
kangaroo
koala
sloth
armadillo
hedgehog
otter
badger
mouse
rat
bat
rabbit
hare
squirrel
beaver",dolphin,1.0,raccoon,,False,True,0,,iterative,3727884236515091500,mouse,False
01K4DVH6EYQG57B4E2HN1J2Q9M-animals,37,meta-llama/Llama-3.3-70B-Instruct-Turbo,animals,"cat
dog
elephant
donkey
giraffe
lion
tiger
zebra
rhino
hippopotamus
deer
moose
bear
wolf
fox
cheetah
leopard
monkey
chimpanzee
gorilla
baboon
kangaroo
koala
sloth
armadillo
hedgehog
otter
badger
mouse
rat
bat
rabbit
hare
squirrel
beaver
dolphin",shark,0.0,whale,,False,True,0,,iterative,10376587482989652000,whale,False
01K4DVH6EYQG57B4E2HN1J2Q9M-animals,38,meta-llama/Llama-3.3-70B-Instruct-Turbo,animals,"cat
dog
elephant
donkey
giraffe
lion
tiger
zebra
rhino
hippopotamus
deer
moose
bear
wolf
fox
cheetah
leopard
monkey
chimpanzee
gorilla
baboon
kangaroo
koala
sloth
armadillo
hedgehog
otter
badger
mouse
rat
bat
rabbit
hare
squirrel
beaver
dolphin
shark",seal,0.0,whale,,False,True,0,,iterative,15008989026148020000,whale,False
01K4DVH6EYQG57B4E2HN1J2Q9M-animals,39,meta-llama/Llama-3.3-70B-Instruct-Turbo,animals,"cat
dog
elephant
donkey
giraffe
lion
tiger
zebra
rhino
hippopotamus
deer
moose
bear
wolf
fox
cheetah
leopard
monkey
chimpanzee
gorilla
baboon
kangaroo
koala
sloth
armadillo
hedgehog
otter
badger
mouse
rat
bat
rabbit
hare
squirrel
beaver
dolphin
shark
seal",whale,0.0,whale,,True,True,0,,iterative,8366535285227529000,whale,True
01K4DVH6EYQG57B4E2HN1J2Q9M-animals,40,meta-llama/Llama-3.3-70B-Instruct-Turbo,animals,"cat
dog
elephant
donkey
giraffe
lion
tiger
zebra
rhino
hippopotamus
deer
moose
bear
wolf
fox
cheetah
leopard
monkey
chimpanzee
gorilla
baboon
kangaroo
koala
sloth
armadillo
hedgehog
otter
badger
mouse
rat
bat
rabbit
hare
squirrel
beaver
dolphin
shark
seal
whale",walrus,0.0,octopus,,False,True,0,,iterative,2141723442059459800,fish,False
01K4DVH6EYQG57B4E2HN1J2Q9M-animals,41,meta-llama/Llama-3.3-70B-Instruct-Turbo,animals,"cat
dog
elephant
donkey
giraffe
lion
tiger
zebra
rhino
hippopotamus
deer
moose
bear
wolf
fox
cheetah
leopard
monkey
chimpanzee
gorilla
baboon
kangaroo
koala
sloth
armadillo
hedgehog
otter
badger
mouse
rat
bat
rabbit
hare
squirrel
beaver
dolphin
shark
seal
whale
walrus",orca,0.0,sealion,,False,True,0,,iterative,16960182386620803000,fish,False
01K4DVH6EYQG57B4E2HN1J2Q9M-animals,42,meta-llama/Llama-3.3-70B-Instruct-Turbo,animals,"cat
dog
elephant
donkey
giraffe
lion
tiger
zebra
rhino
hippopotamus
deer
moose
bear
wolf
fox
cheetah
leopard
monkey
chimpanzee
gorilla
baboon
kangaroo
koala
sloth
armadillo
hedgehog
otter
badger
mouse
rat
bat
rabbit
hare
squirrel
beaver
dolphin
shark
seal
whale
walrus
orca",snake,1.0,octopus,,False,True,0,,iterative,1976953748564693500,fish,False
01K4DVH6EYQG57B4E2HN1J2Q9M-animals,43,meta-llama/Llama-3.3-70B-Instruct-Turbo,animals,"cat
dog
elephant
donkey
giraffe
lion
tiger
zebra
rhino
hippopotamus
deer
moose
bear
wolf
fox
cheetah
leopard
monkey
chimpanzee
gorilla
baboon
kangaroo
koala
sloth
armadillo
hedgehog
otter
badger
mouse
rat
bat
rabbit
hare
squirrel
beaver
dolphin
shark
seal
whale
walrus
orca
snake",lizard,0.0,crocodile,,False,True,0,,iterative,4290167642201378000,fish,False
01K4DVH6EYQG57B4E2HN1J2Q9M-animals,44,meta-llama/Llama-3.3-70B-Instruct-Turbo,animals,"cat
dog
elephant
donkey
giraffe
lion
tiger
zebra
rhino
hippopotamus
deer
moose
bear
wolf
fox
cheetah
leopard
monkey
chimpanzee
gorilla
baboon
kangaroo
koala
sloth
armadillo
hedgehog
otter
badger
mouse
rat
bat
rabbit
hare
squirrel
beaver
dolphin
shark
seal
whale
walrus
orca
snake
lizard",tuna,1.0,tortoise,,False,True,0,,iterative,18379926017503082000,frog,False
01K4DVH6EYQG57B4E2HN1J2Q9M-animals,45,meta-llama/Llama-3.3-70B-Instruct-Turbo,animals,"cat
dog
elephant
donkey
giraffe
lion
tiger
zebra
rhino
hippopotamus
deer
moose
bear
wolf
fox
cheetah
leopard
monkey
chimpanzee
gorilla
baboon
kangaroo
koala
sloth
armadillo
hedgehog
otter
badger
mouse
rat
bat
rabbit
hare
squirrel
beaver
dolphin
shark
seal
whale
walrus
orca
snake
lizard
tuna",alligator,1.0,salmon,,False,True,0,,iterative,6992744615576605000,salmon,False
01K4DVH6EYQG57B4E2HN1J2Q9M-animals,46,meta-llama/Llama-3.3-70B-Instruct-Turbo,animals,"cat
dog
elephant
donkey
giraffe
lion
tiger
zebra
rhino
hippopotamus
deer
moose
bear
wolf
fox
cheetah
leopard
monkey
chimpanzee
gorilla
baboon
kangaroo
koala
sloth
armadillo
hedgehog
otter
badger
mouse
rat
bat
rabbit
hare
squirrel
beaver
dolphin
shark
seal
whale
walrus
orca
snake
lizard
tuna
alligator",robin,1.0,crocodile,,False,True,0,,iterative,11923244903560868000,crocodile,False
01K4DVH6EYQG57B4E2HN1J2Q9M-animals,47,meta-llama/Llama-3.3-70B-Instruct-Turbo,animals,"cat
dog
elephant
donkey
giraffe
lion
tiger
zebra
rhino
hippopotamus
deer
moose
bear
wolf
fox
cheetah
leopard
monkey
chimpanzee
gorilla
baboon
kangaroo
koala
sloth
armadillo
hedgehog
otter
badger
mouse
rat
bat
rabbit
hare
squirrel
beaver
dolphin
shark
seal
whale
walrus
orca
snake
lizard
tuna
alligator
robin",crow,0.0,sparrow,,False,True,0,,iterative,3456244064261198000,eagle,False
01K4DVH6EYQG57B4E2HN1J2Q9M-animals,48,meta-llama/Llama-3.3-70B-Instruct-Turbo,animals,"cat
dog
elephant
donkey
giraffe
lion
tiger
zebra
rhino
hippopotamus
deer
moose
bear
wolf
fox
cheetah
leopard
monkey
chimpanzee
gorilla
baboon
kangaroo
koala
sloth
armadillo
hedgehog
otter
badger
mouse
rat
bat
rabbit
hare
squirrel
beaver
dolphin
shark
seal
whale
walrus
orca
snake
lizard
tuna
alligator
robin
crow",turkey,1.0,sparrow,,False,True,0,,iterative,1762505471282958600,pigeon,False
01K4DVH6EYQG57B4E2HN1J2Q9M-animals,49,meta-llama/Llama-3.3-70B-Instruct-Turbo,animals,"cat
dog
elephant
donkey
giraffe
lion
tiger
zebra
rhino
hippopotamus
deer
moose
bear
wolf
fox
cheetah
leopard
monkey
chimpanzee
gorilla
baboon
kangaroo
koala
sloth
armadillo
hedgehog
otter
badger
mouse
rat
bat
rabbit
hare
squirrel
beaver
dolphin
shark
seal
whale
walrus
orca
snake
lizard
tuna
alligator
robin
crow
turkey",chicken,0.0,eagle,,False,True,0,,iterative,2503640489433900000,chicken,True
01K4DVH6EYQG57B4E2HN1J2Q9M-animals,50,meta-llama/Llama-3.3-70B-Instruct-Turbo,animals,"cat
dog
elephant
donkey
giraffe
lion
tiger
zebra
rhino
hippopotamus
deer
moose
bear
wolf
fox
cheetah
leopard
monkey
chimpanzee
gorilla
baboon
kangaroo
koala
sloth
armadillo
hedgehog
otter
badger
mouse
rat
bat
rabbit
hare
squirrel
beaver
dolphin
shark
seal
whale
walrus
orca
snake
lizard
tuna
alligator
robin
crow
turkey
chicken",cow,0.0,duck,,False,True,0,,iterative,2276656960610268700,pigeon,False
01K4DVH6EYQG57B4E2HN1J2Q9M-animals,51,meta-llama/Llama-3.3-70B-Instruct-Turbo,animals,"cat
dog
elephant
donkey
giraffe
lion
tiger
zebra
rhino
hippopotamus
deer
moose
bear
wolf
fox
cheetah
leopard
monkey
chimpanzee
gorilla
baboon
kangaroo
koala
sloth
armadillo
hedgehog
otter
badger
mouse
rat
bat
rabbit
hare
squirrel
beaver
dolphin
shark
seal
whale
walrus
orca
snake
lizard
tuna
alligator
robin
crow
turkey
chicken
cow",frog,1.0,horse,,False,True,0,,iterative,3641242194298845700,pig,False
01K4DVH6EYQG57B4E2HN1J2Q9M-animals,52,meta-llama/Llama-3.3-70B-Instruct-Turbo,animals,"cat
dog
elephant
donkey
giraffe
lion
tiger
zebra
rhino
hippopotamus
deer
moose
bear
wolf
fox
cheetah
leopard
monkey
chimpanzee
gorilla
baboon
kangaroo
koala
sloth
armadillo
hedgehog
otter
badger
mouse
rat
bat
rabbit
hare
squirrel
beaver
dolphin
shark
seal
whale
walrus
orca
snake
lizard
tuna
alligator
robin
crow
turkey
chicken
cow
frog",newt,0.0,horse,,False,True,0,,iterative,11383243243501236000,pig,False
01K4DVH6EYQG57B4E2HN1J2Q9M-animals,53,meta-llama/Llama-3.3-70B-Instruct-Turbo,animals,"cat
dog
elephant
donkey
giraffe
lion
tiger
zebra
rhino
hippopotamus
deer
moose
bear
wolf
fox
cheetah
leopard
monkey
chimpanzee
gorilla
baboon
kangaroo
koala
sloth
armadillo
hedgehog
otter
badger
mouse
rat
bat
rabbit
hare
squirrel
beaver
dolphin
shark
seal
whale
walrus
orca
snake
lizard
tuna
alligator
robin
crow
turkey
chicken
cow
frog
newt",ant,0.0,toad,,False,True,0,,iterative,18221769159729190000,pig,False
01K4DVH6EYQG57B4E2HN1J2Q9M-animals,54,meta-llama/Llama-3.3-70B-Instruct-Turbo,animals,"cat
dog
elephant
donkey
giraffe
lion
tiger
zebra
rhino
hippopotamus
deer
moose
bear
wolf
fox
cheetah
leopard
monkey
chimpanzee
gorilla
baboon
kangaroo
koala
sloth
armadillo
hedgehog
otter
badger
mouse
rat
bat
rabbit
hare
squirrel
beaver
dolphin
shark
seal
whale
walrus
orca
snake
lizard
tuna
alligator
robin
crow
turkey
chicken
cow
frog
newt
ant",bee,1.0,bee,,True,True,0,,iterative,2701576164852808700,fly,False
01K4DVH6EYQG57B4E2HN1J2Q9M-animals,55,meta-llama/Llama-3.3-70B-Instruct-Turbo,animals,"cat
dog
elephant
donkey
giraffe
lion
tiger
zebra
rhino
hippopotamus
deer
moose
bear
wolf
fox
cheetah
leopard
monkey
chimpanzee
gorilla
baboon
kangaroo
koala
sloth
armadillo
hedgehog
otter
badger
mouse
rat
bat
rabbit
hare
squirrel
beaver
dolphin
shark
seal
whale
walrus
orca
snake
lizard
tuna
alligator
robin
crow
turkey
chicken
cow
frog
newt
ant
bee",jellyfish,1.0,butterfly,,False,True,0,,iterative,10642907661487632000,fly,False
01K4DVH6EYQG57B4E2HN1J2Q9M-animals,56,meta-llama/Llama-3.3-70B-Instruct-Turbo,animals,"cat
dog
elephant
donkey
giraffe
lion
tiger
zebra
rhino
hippopotamus
deer
moose
bear
wolf
fox
cheetah
leopard
monkey
chimpanzee
gorilla
baboon
kangaroo
koala
sloth
armadillo
hedgehog
otter
badger
mouse
rat
bat
rabbit
hare
squirrel
beaver
dolphin
shark
seal
whale
walrus
orca
snake
lizard
tuna
alligator
robin
crow
turkey
chicken
cow
frog
newt
ant
bee
jellyfish",crab,0.0,butterfly,,False,True,0,,iterative,16724876467354882000,fly,False
01K4DVH6EYQG57B4E2HN1J2Q9M-animals,57,meta-llama/Llama-3.3-70B-Instruct-Turbo,animals,"cat
dog
elephant
donkey
giraffe
lion
tiger
zebra
rhino
hippopotamus
deer
moose
bear
wolf
fox
cheetah
leopard
monkey
chimpanzee
gorilla
baboon
kangaroo
koala
sloth
armadillo
hedgehog
otter
badger
mouse
rat
bat
rabbit
hare
squirrel
beaver
dolphin
shark
seal
whale
walrus
orca
snake
lizard
tuna
alligator
robin
crow
turkey
chicken
cow
frog
newt
ant
bee
jellyfish
crab",lobster,0.0,shrimp,,False,True,0,,iterative,2192785473708930000,lobster,True
01K4DVH6EYQG57B4E2HN1J2Q9M-animals,58,meta-llama/Llama-3.3-70B-Instruct-Turbo,animals,"cat
dog
elephant
donkey
giraffe
lion
tiger
zebra
rhino
hippopotamus
deer
moose
bear
wolf
fox
cheetah
leopard
monkey
chimpanzee
gorilla
baboon
kangaroo
koala
sloth
armadillo
hedgehog
otter
badger
mouse
rat
bat
rabbit
hare
squirrel
beaver
dolphin
shark
seal
whale
walrus
orca
snake
lizard
tuna
alligator
robin
crow
turkey
chicken
cow
frog
newt
ant
bee
jellyfish
crab
lobster",shrimp,0.0,shrimp,,True,True,0,,iterative,17504346508254738000,prawn,False
01K4DVH6EYQG57B4E2HN1J2Q9M-animals,59,meta-llama/Llama-3.3-70B-Instruct-Turbo,animals,"cat
dog
elephant
donkey
giraffe
lion
tiger
zebra
rhino
hippopotamus
deer
moose
bear
wolf
fox
cheetah
leopard
monkey
chimpanzee
gorilla
baboon
kangaroo
koala
sloth
armadillo
hedgehog
otter
badger
mouse
rat
bat
rabbit
hare
squirrel
beaver
dolphin
shark
seal
whale
walrus
orca
snake
lizard
tuna
alligator
robin
crow
turkey
chicken
cow
frog
newt
ant
bee
jellyfish
crab
lobster
shrimp",snail,0.0,octopus,,False,True,0,,iterative,213535667262176800,prawn,False
01K4DVH6EYQG57B4E2HN1J2Q9M-animals,60,meta-llama/Llama-3.3-70B-Instruct-Turbo,animals,"cat
dog
elephant
donkey
giraffe
lion
tiger
zebra
rhino
hippopotamus
deer
moose
bear
wolf
fox
cheetah
leopard
monkey
chimpanzee
gorilla
baboon
kangaroo
koala
sloth
armadillo
hedgehog
otter
badger
mouse
rat
bat
rabbit
hare
squirrel
beaver
dolphin
shark
seal
whale
walrus
orca
snake
lizard
tuna
alligator
robin
crow
turkey
chicken
cow
frog
newt
ant
bee
jellyfish
crab
lobster
shrimp
snail",worm,0.0,tortoise,,False,True,0,,iterative,13857112590946208000,prawn,False
01K4DVH6EYQG57B4E2HN1J2Q9M-animals,61,meta-llama/Llama-3.3-70B-Instruct-Turbo,animals,"cat
dog
elephant
donkey
giraffe
lion
tiger
zebra
rhino
hippopotamus
deer
moose
bear
wolf
fox
cheetah
leopard
monkey
chimpanzee
gorilla
baboon
kangaroo
koala
sloth
armadillo
hedgehog
otter
badger
mouse
rat
bat
rabbit
hare
squirrel
beaver
dolphin
shark
seal
whale
walrus
orca
snake
lizard
tuna
alligator
robin
crow
turkey
chicken
cow
frog
newt
ant
bee
jellyfish
crab
lobster
shrimp
snail
worm",turtle,0.0,tortoise,,False,True,0,,iterative,17420322510446868000,pigeon,False
01K4DVH6EYQG57B4E2HN1J2Q9M-animals,62,meta-llama/Llama-3.3-70B-Instruct-Turbo,animals,"cat
dog
elephant
donkey
giraffe
lion
tiger
zebra
rhino
hippopotamus
deer
moose
bear
wolf
fox
cheetah
leopard
monkey
chimpanzee
gorilla
baboon
kangaroo
koala
sloth
armadillo
hedgehog
otter
badger
mouse
rat
bat
rabbit
hare
squirrel
beaver
dolphin
shark
seal
whale
walrus
orca
snake
lizard
tuna
alligator
robin
crow
turkey
chicken
cow
frog
newt
ant
bee
jellyfish
crab
lobster
shrimp
snail
worm
turtle",horse,1.0,octopus,,False,True,0,,iterative,113494134760657280,tortoise,False
01K4DVH6EYQG57B4E2HN1J2Q9M-animals,63,meta-llama/Llama-3.3-70B-Instruct-Turbo,animals,"cat
dog
elephant
donkey
giraffe
lion
tiger
zebra
rhino
hippopotamus
deer
moose
bear
wolf
fox
cheetah
leopard
monkey
chimpanzee
gorilla
baboon
kangaroo
koala
sloth
armadillo
hedgehog
otter
badger
mouse
rat
bat
rabbit
hare
squirrel
beaver
dolphin
shark
seal
whale
walrus
orca
snake
lizard
tuna
alligator
robin
crow
turkey
chicken
cow
frog
newt
ant
bee
jellyfish
crab
lobster
shrimp
snail
worm
turtle
horse",chameleon,1.0,goat,,False,True,0,,iterative,4163747904407856000,hare,False
01K4DVH6EYQG57B4E2HN1J2Q9M-animals,64,meta-llama/Llama-3.3-70B-Instruct-Turbo,animals,"cat
dog
elephant
donkey
giraffe
lion
tiger
zebra
rhino
hippopotamus
deer
moose
bear
wolf
fox
cheetah
leopard
monkey
chimpanzee
gorilla
baboon
kangaroo
koala
sloth
armadillo
hedgehog
otter
badger
mouse
rat
bat
rabbit
hare
squirrel
beaver
dolphin
shark
seal
whale
walrus
orca
snake
lizard
tuna
alligator
robin
crow
turkey
chicken
cow
frog
newt
ant
bee
jellyfish
crab
lobster
shrimp
snail
worm
turtle
horse
chameleon",penguin,1.0,gecko,,False,True,0,,iterative,6647970546140588000,salamander,False
01K4DVH6EYQG57B4E2HN1J2Q9M-animals,65,meta-llama/Llama-3.3-70B-Instruct-Turbo,animals,"cat
dog
elephant
donkey
giraffe
lion
tiger
zebra
rhino
hippopotamus
deer
moose
bear
wolf
fox
cheetah
leopard
monkey
chimpanzee
gorilla
baboon
kangaroo
koala
sloth
armadillo
hedgehog
otter
badger
mouse
rat
bat
rabbit
hare
squirrel
beaver
dolphin
shark
seal
whale
walrus
orca
snake
lizard
tuna
alligator
robin
crow
turkey
chicken
cow
frog
newt
ant
bee
jellyfish
crab
lobster
shrimp
snail
worm
turtle
horse
chameleon
penguin",flamingo,1.0,ostrich,,False,True,0,,iterative,10833074023770340000,polar bear,False
01K4DVK0T2KRFJYCTB2XX6S335-animals,2,meta-llama/Llama-3.3-70B-Instruct-Turbo,animals,penguin,dog,1.0,seal,,False,True,0,,iterative,18107822813258516000,elephant,False
01K4DVK0T2KRFJYCTB2XX6S335-animals,3,meta-llama/Llama-3.3-70B-Instruct-Turbo,animals,"penguin
dog",cat,0.0,cat,,True,True,0,,iterative,13017806318356834000,cat,True
01K4DVK0T2KRFJYCTB2XX6S335-animals,4,meta-llama/Llama-3.3-70B-Instruct-Turbo,animals,"penguin
dog
cat",rabbit,1.0,hamster,,False,True,0,,iterative,5217531105431519000,bird,False
01K4DVK0T2KRFJYCTB2XX6S335-animals,5,meta-llama/Llama-3.3-70B-Instruct-Turbo,animals,"penguin
dog
cat
rabbit",squirrel,0.0,hamster,,False,True,0,,iterative,1928462983250223600,fox,False
01K4DVK0T2KRFJYCTB2XX6S335-animals,6,meta-llama/Llama-3.3-70B-Instruct-Turbo,animals,"penguin
dog
cat
rabbit
squirrel",panda,1.0,hamster,,False,True,0,,iterative,4916389622274880000,bird,False
01K4DVK0T2KRFJYCTB2XX6S335-animals,7,meta-llama/Llama-3.3-70B-Instruct-Turbo,animals,"penguin
dog
cat
rabbit
squirrel
panda",grizzlybear,0.0,bear,,False,True,0,,iterative,1084914580121120000,giraffe,False
01K4DVK0T2KRFJYCTB2XX6S335-animals,8,meta-llama/Llama-3.3-70B-Instruct-Turbo,animals,"penguin
dog
cat
rabbit
squirrel
panda
grizzly bear",polarbear,0.0,koala,,False,True,0,,iterative,15865458822337288000,bear,False
01K4DVK0T2KRFJYCTB2XX6S335-animals,9,meta-llama/Llama-3.3-70B-Instruct-Turbo,animals,"penguin
dog
cat
rabbit
squirrel
panda
grizzly bear
polar bear",bird,1.0,arcticfox,,False,True,0,,iterative,11717593320124291000,horse,False
01K4DVK0T2KRFJYCTB2XX6S335-animals,10,meta-llama/Llama-3.3-70B-Instruct-Turbo,animals,"penguin
dog
cat
rabbit
squirrel
panda
grizzly bear
polar bear
bird",dolphin,1.0,seal,,False,True,0,,iterative,8384314317088573000,fish,False
01K4DVK0T2KRFJYCTB2XX6S335-animals,11,meta-llama/Llama-3.3-70B-Instruct-Turbo,animals,"penguin
dog
cat
rabbit
squirrel
panda
grizzly bear
polar bear
bird
dolphin",gopher,0.0,whale,,False,True,0,,iterative,12372769314836128000,whale,False
01K4DVK0T2KRFJYCTB2XX6S335-animals,12,meta-llama/Llama-3.3-70B-Instruct-Turbo,animals,"penguin
dog
cat
rabbit
squirrel
panda
grizzly bear
polar bear
bird
dolphin
gopher",beaver,0.0,seal,,False,True,0,,iterative,5186775109430170000,beaver,True
01K4DVK0T2KRFJYCTB2XX6S335-animals,13,meta-llama/Llama-3.3-70B-Instruct-Turbo,animals,"penguin
dog
cat
rabbit
squirrel
panda
grizzly bear
polar bear
bird
dolphin
gopher
beaver",lion,1.0,otter,,False,True,0,,iterative,410139302230736200,chipmunk,False
01K4DVK0T2KRFJYCTB2XX6S335-animals,14,meta-llama/Llama-3.3-70B-Instruct-Turbo,animals,"penguin
dog
cat
rabbit
squirrel
panda
grizzly bear
polar bear
bird
dolphin
gopher
beaver
lion",hippopotamus,0.0,tiger,,False,True,0,,iterative,4949528911702276000,tiger,False
01K4DVK0T2KRFJYCTB2XX6S335-animals,15,meta-llama/Llama-3.3-70B-Instruct-Turbo,animals,"penguin
dog
cat
rabbit
squirrel
panda
grizzly bear
polar bear
bird
dolphin
gopher
beaver
lion
hippopotamus",tiger,0.0,rhinoceros,,False,True,0,,iterative,259429588982376320,elephant,False
01K4DVK0T2KRFJYCTB2XX6S335-animals,16,meta-llama/Llama-3.3-70B-Instruct-Turbo,animals,"penguin
dog
cat
rabbit
squirrel
panda
grizzly bear
polar bear
bird
dolphin
gopher
beaver
lion
hippopotamus
tiger",leopard,0.0,leopard,,True,True,0,,iterative,2912338993011405000,monkey,False
01K4DVK0T2KRFJYCTB2XX6S335-animals,17,meta-llama/Llama-3.3-70B-Instruct-Turbo,animals,"penguin
dog
cat
rabbit
squirrel
panda
grizzly bear
polar bear
bird
dolphin
gopher
beaver
lion
hippopotamus
tiger
leopard",jaguar,0.0,jaguar,,True,True,0,,iterative,4368340347405940000,panther,False
01K4DVK0T2KRFJYCTB2XX6S335-animals,18,meta-llama/Llama-3.3-70B-Instruct-Turbo,animals,"penguin
dog
cat
rabbit
squirrel
panda
grizzly bear
polar bear
bird
dolphin
gopher
beaver
lion
hippopotamus
tiger
leopard
jaguar",panther,0.0,cheetah,,False,True,0,,iterative,7397468126573835000,panther,True
01K4DVK0T2KRFJYCTB2XX6S335-animals,19,meta-llama/Llama-3.3-70B-Instruct-Turbo,animals,"penguin
dog
cat
rabbit
squirrel
panda
grizzly bear
polar bear
bird
dolphin
gopher
beaver
lion
hippopotamus
tiger
leopard
jaguar
panther",monkey,1.0,cheetah,,False,True,0,,iterative,15317068076538118000,turtle,False
01K4DVK0T2KRFJYCTB2XX6S335-animals,20,meta-llama/Llama-3.3-70B-Instruct-Turbo,animals,"penguin
dog
cat
rabbit
squirrel
panda
grizzly bear
polar bear
bird
dolphin
gopher
beaver
lion
hippopotamus
tiger
leopard
jaguar
panther
monkey",gorilla,0.0,gorilla,,True,True,0,,iterative,12127419874065287000,chimpanzee,False
01K4DVK0T2KRFJYCTB2XX6S335-animals,21,meta-llama/Llama-3.3-70B-Instruct-Turbo,animals,"penguin
dog
cat
rabbit
squirrel
panda
grizzly bear
polar bear
bird
dolphin
gopher
beaver
lion
hippopotamus
tiger
leopard
jaguar
panther
monkey
gorilla",sloth,0.0,chimpanzee,,False,True,0,,iterative,11013340824566440000,orangutan,False
01K4DVK0T2KRFJYCTB2XX6S335-animals,22,meta-llama/Llama-3.3-70B-Instruct-Turbo,animals,"penguin
dog
cat
rabbit
squirrel
panda
grizzly bear
polar bear
bird
dolphin
gopher
beaver
lion
hippopotamus
tiger
leopard
jaguar
panther
monkey
gorilla
sloth",cheetah,0.0,lemur,,False,True,0,,iterative,413796527633605760,koala,False
01K4DVK0T2KRFJYCTB2XX6S335-animals,23,meta-llama/Llama-3.3-70B-Instruct-Turbo,animals,"penguin
dog
cat
rabbit
squirrel
panda
grizzly bear
polar bear
bird
dolphin
gopher
beaver
lion
hippopotamus
tiger
leopard
jaguar
panther
monkey
gorilla
sloth
cheetah",hyena,0.0,hyena,,True,True,0,,iterative,3416654840762316300,kangaroo,False
01K4DVK0T2KRFJYCTB2XX6S335-animals,24,meta-llama/Llama-3.3-70B-Instruct-Turbo,animals,"penguin
dog
cat
rabbit
squirrel
panda
grizzly bear
polar bear
bird
dolphin
gopher
beaver
lion
hippopotamus
tiger
leopard
jaguar
panther
monkey
gorilla
sloth
cheetah
hyena",boar,0.0,kangaroo,,False,True,0,,iterative,1731863380346051000,wolf,False
01K4DVK0T2KRFJYCTB2XX6S335-animals,25,meta-llama/Llama-3.3-70B-Instruct-Turbo,animals,"penguin
dog
cat
rabbit
squirrel
panda
grizzly bear
polar bear
bird
dolphin
gopher
beaver
lion
hippopotamus
tiger
leopard
jaguar
panther
monkey
gorilla
sloth
cheetah
hyena
boar",frog,1.0,rhinoceros,,False,True,0,,iterative,13426514137266491000,pig,False
01K4DVK0T2KRFJYCTB2XX6S335-animals,26,meta-llama/Llama-3.3-70B-Instruct-Turbo,animals,"penguin
dog
cat
rabbit
squirrel
panda
grizzly bear
polar bear
bird
dolphin
gopher
beaver
lion
hippopotamus
tiger
leopard
jaguar
panther
monkey
gorilla
sloth
cheetah
hyena
boar
frog",bunny,0.0,kangaroo,,False,True,0,,iterative,17456730411013761000,turtle,False
01K4DVK0T2KRFJYCTB2XX6S335-animals,27,meta-llama/Llama-3.3-70B-Instruct-Turbo,animals,"penguin
dog
cat
rabbit
squirrel
panda
grizzly bear
polar bear
bird
dolphin
gopher
beaver
lion
hippopotamus
tiger
leopard
jaguar
panther
monkey
gorilla
sloth
cheetah
hyena
boar
frog
bunny",hamster,0.0,kangaroo,,False,True,0,,iterative,8114523213864559000,antelope,False
01K4DVK0T2KRFJYCTB2XX6S335-animals,28,meta-llama/Llama-3.3-70B-Instruct-Turbo,animals,"penguin
dog
cat
rabbit
squirrel
panda
grizzly bear
polar bear
bird
dolphin
gopher
beaver
lion
hippopotamus
tiger
leopard
jaguar
panther
monkey
gorilla
sloth
cheetah
hyena
boar
frog
bunny
hamster",snake,0.0,gerbil,,False,True,0,,iterative,11566493222093700000,squirrel,False
01K4DVK0T2KRFJYCTB2XX6S335-animals,29,meta-llama/Llama-3.3-70B-Instruct-Turbo,animals,"penguin
dog
cat
rabbit
squirrel
panda
grizzly bear
polar bear
bird
dolphin
gopher
beaver
lion
hippopotamus
tiger
leopard
jaguar
panther
monkey
gorilla
sloth
cheetah
hyena
boar
frog
bunny
hamster
snake",tarantula,0.0,lizard,,False,True,0,,iterative,3741086969869634600,lizard,False
01K4DVK0T2KRFJYCTB2XX6S335-animals,30,meta-llama/Llama-3.3-70B-Instruct-Turbo,animals,"penguin
dog
cat
rabbit
squirrel
panda
grizzly bear
polar bear
bird
dolphin
gopher
beaver
lion
hippopotamus
tiger
leopard
jaguar
panther
monkey
gorilla
sloth
cheetah
hyena
boar
frog
bunny
hamster
snake
tarantula",whale,1.0,scorpion,,False,True,0,,iterative,13901891153473417000,bat,False
01K4DVK0T2KRFJYCTB2XX6S335-animals,31,meta-llama/Llama-3.3-70B-Instruct-Turbo,animals,"penguin
dog
cat
rabbit
squirrel
panda
grizzly bear
polar bear
bird
dolphin
gopher
beaver
lion
hippopotamus
tiger
leopard
jaguar
panther
monkey
gorilla
sloth
cheetah
hyena
boar
frog
bunny
hamster
snake
tarantula
whale",koala,1.0,shark,,False,True,0,,iterative,6112382874030519000,shark,False
01K4DVK0T2KRFJYCTB2XX6S335-animals,32,meta-llama/Llama-3.3-70B-Instruct-Turbo,animals,"penguin
dog
cat
rabbit
squirrel
panda
grizzly bear
polar bear
bird
dolphin
gopher
beaver
lion
hippopotamus
tiger
leopard
jaguar
panther
monkey
gorilla
sloth
cheetah
hyena
boar
frog
bunny
hamster
snake
tarantula
whale
koala",otter,1.0,kangaroo,,False,True,0,,iterative,51667102872285384,kangaroo,False
01K4DVK0T2KRFJYCTB2XX6S335-animals,33,meta-llama/Llama-3.3-70B-Instruct-Turbo,animals,"penguin
dog
cat
rabbit
squirrel
panda
grizzly bear
polar bear
bird
dolphin
gopher
beaver
lion
hippopotamus
tiger
leopard
jaguar
panther
monkey
gorilla
sloth
cheetah
hyena
boar
frog
bunny
hamster
snake
tarantula
whale
koala
otter",sealion,0.0,raccoon,,False,True,0,,iterative,1384298734209786000,platypus,False
01K4DVRSNYEHVMVZQ5JSRAZE1P-animals,2,meta-llama/Llama-3.3-70B-Instruct-Turbo,animals,dog,cat,1.0,cat,,True,True,0,,iterative,7802710448346341000,cat,True
01K4DVRSNYEHVMVZQ5JSRAZE1P-animals,3,meta-llama/Llama-3.3-70B-Instruct-Turbo,animals,"dog
cat",lion,0.0,hamster,,False,True,0,,iterative,5590859606881177000,hamster,False
01K4DVRSNYEHVMVZQ5JSRAZE1P-animals,4,meta-llama/Llama-3.3-70B-Instruct-Turbo,animals,"dog
cat
lion",turtle,0.0,tiger,,False,True,0,,iterative,17899499751484494000,tiger,False
01K4DVRSNYEHVMVZQ5JSRAZE1P-animals,5,meta-llama/Llama-3.3-70B-Instruct-Turbo,animals,"dog
cat
lion
turtle",fish,1.0,giraffe,,False,True,0,,iterative,8514430710066307000,fish,True
01K4DVRSNYEHVMVZQ5JSRAZE1P-animals,6,meta-llama/Llama-3.3-70B-Instruct-Turbo,animals,"dog
cat
lion
turtle
fish",dolphin,0.0,shark,,False,True,0,,iterative,7382048306822716000,shark,False
01K4DVRSNYEHVMVZQ5JSRAZE1P-animals,7,meta-llama/Llama-3.3-70B-Instruct-Turbo,animals,"dog
cat
lion
turtle
fish
dolphin",whale,0.0,whale,,True,True,0,,iterative,5661890785292479000,shark,False
01K4DVRSNYEHVMVZQ5JSRAZE1P-animals,8,meta-llama/Llama-3.3-70B-Instruct-Turbo,animals,"dog
cat
lion
turtle
fish
dolphin
whale",ant,1.0,octopus,,False,True,0,,iterative,1239426346185001500,shark,False
01K4DVRSNYEHVMVZQ5JSRAZE1P-animals,9,meta-llama/Llama-3.3-70B-Instruct-Turbo,animals,"dog
cat
lion
turtle
fish
dolphin
whale
ant",cockroach,0.0,bee,,False,True,0,,iterative,10375228041594510000,ladybug,False
01K4DVRSNYEHVMVZQ5JSRAZE1P-animals,10,meta-llama/Llama-3.3-70B-Instruct-Turbo,animals,"dog
cat
lion
turtle
fish
dolphin
whale
ant
cockroach",fly,0.0,butterfly,,False,True,0,,iterative,5161595495773301000,spider,False
01K4DVRSNYEHVMVZQ5JSRAZE1P-animals,11,meta-llama/Llama-3.3-70B-Instruct-Turbo,animals,"dog
cat
lion
turtle
fish
dolphin
whale
ant
cockroach
fly",pig,1.0,butterfly,,False,True,0,,iterative,9403226944273445000,spider,False
01K4DVRSNYEHVMVZQ5JSRAZE1P-animals,12,meta-llama/Llama-3.3-70B-Instruct-Turbo,animals,"dog
cat
lion
turtle
fish
dolphin
whale
ant
cockroach
fly
pig",cow,0.0,bee,,False,True,0,,iterative,16767018143070546000,cow,True
01K4DVRSNYEHVMVZQ5JSRAZE1P-animals,13,meta-llama/Llama-3.3-70B-Instruct-Turbo,animals,"dog
cat
lion
turtle
fish
dolphin
whale
ant
cockroach
fly
pig
cow",chicken,0.0,horse,,False,True,0,,iterative,15261886497381675000,horse,False
01K4DVRSNYEHVMVZQ5JSRAZE1P-animals,14,meta-llama/Llama-3.3-70B-Instruct-Turbo,animals,"dog
cat
lion
turtle
fish
dolphin
whale
ant
cockroach
fly
pig
cow
chicken",turkey,1.0,horse,,False,True,0,,iterative,17380631153011540000,horse,False
01K4DVRSNYEHVMVZQ5JSRAZE1P-animals,15,meta-llama/Llama-3.3-70B-Instruct-Turbo,animals,"dog
cat
lion
turtle
fish
dolphin
whale
ant
cockroach
fly
pig
cow
chicken
turkey",deer,0.0,horse,,False,True,0,,iterative,600819009706800000,rooster,False
01K4DVRSNYEHVMVZQ5JSRAZE1P-animals,16,meta-llama/Llama-3.3-70B-Instruct-Turbo,animals,"dog
cat
lion
turtle
fish
dolphin
whale
ant
cockroach
fly
pig
cow
chicken
turkey
deer",bear,0.0,horse,,False,True,0,,iterative,4371521858412879000,moose,False
01K4DVRSNYEHVMVZQ5JSRAZE1P-animals,17,meta-llama/Llama-3.3-70B-Instruct-Turbo,animals,"dog
cat
lion
turtle
fish
dolphin
whale
ant
cockroach
fly
pig
cow
chicken
turkey
deer
bear",penguin,0.0,rabbit,,False,True,0,,iterative,10232370151520901000,moose,False
01K4DVRSNYEHVMVZQ5JSRAZE1P-animals,18,meta-llama/Llama-3.3-70B-Instruct-Turbo,animals,"dog
cat
lion
turtle
fish
dolphin
whale
ant
cockroach
fly
pig
cow
chicken
turkey
deer
bear
penguin",seal,1.0,seal,,True,True,0,,iterative,14766864191911940000,polar bear,False
01K4DVRSNYEHVMVZQ5JSRAZE1P-animals,19,meta-llama/Llama-3.3-70B-Instruct-Turbo,animals,"dog
cat
lion
turtle
fish
dolphin
whale
ant
cockroach
fly
pig
cow
chicken
turkey
deer
bear
penguin
seal",walrus,0.0,walrus,,True,True,0,,iterative,621999727636183800,polar bear,False
01K4DVRSNYEHVMVZQ5JSRAZE1P-animals,20,meta-llama/Llama-3.3-70B-Instruct-Turbo,animals,"dog
cat
lion
turtle
fish
dolphin
whale
ant
cockroach
fly
pig
cow
chicken
turkey
deer
bear
penguin
seal
walrus",aardvark,1.0,otter,,False,True,0,,iterative,3085760414841331000,whale,False
01K4DVRSNYEHVMVZQ5JSRAZE1P-animals,21,meta-llama/Llama-3.3-70B-Instruct-Turbo,animals,"dog
cat
lion
turtle
fish
dolphin
whale
ant
cockroach
fly
pig
cow
chicken
turkey
deer
bear
penguin
seal
walrus
aardvark",bunny,0.0,armadillo,,False,True,0,,iterative,6491729437057658000,rabbit,False
01K4DVRSNYEHVMVZQ5JSRAZE1P-animals,22,meta-llama/Llama-3.3-70B-Instruct-Turbo,animals,"dog
cat
lion
turtle
fish
dolphin
whale
ant
cockroach
fly
pig
cow
chicken
turkey
deer
bear
penguin
seal
walrus
aardvark
bunny",rabbit,0.0,squirrel,,False,True,0,,iterative,14113924682547843000,rabbit,True
01K4DVRSNYEHVMVZQ5JSRAZE1P-animals,23,meta-llama/Llama-3.3-70B-Instruct-Turbo,animals,"dog
cat
lion
turtle
fish
dolphin
whale
ant
cockroach
fly
pig
cow
chicken
turkey
deer
bear
penguin
seal
walrus
aardvark
bunny
rabbit",monkey,1.0,squirrel,,False,True,0,,iterative,17952769243093280000,dog,False
01K4DVRSNYEHVMVZQ5JSRAZE1P-animals,24,meta-llama/Llama-3.3-70B-Instruct-Turbo,animals,"dog
cat
lion
turtle
fish
dolphin
whale
ant
cockroach
fly
pig
cow
chicken
turkey
deer
bear
penguin
seal
walrus
aardvark
bunny
rabbit
monkey",chimpanzee,0.0,gorilla,,False,True,0,,iterative,14036407996959457000,jaguar,False
01K4DVRSNYEHVMVZQ5JSRAZE1P-animals,25,meta-llama/Llama-3.3-70B-Instruct-Turbo,animals,"dog
cat
lion
turtle
fish
dolphin
whale
ant
cockroach
fly
pig
cow
chicken
turkey
deer
bear
penguin
seal
walrus
aardvark
bunny
rabbit
monkey
chimpanzee",ape,0.0,gorilla,,False,True,0,,iterative,3717213665981925400,cougar,False
01K4DVRSNYEHVMVZQ5JSRAZE1P-animals,26,meta-llama/Llama-3.3-70B-Instruct-Turbo,animals,"dog
cat
lion
turtle
fish
dolphin
whale
ant
cockroach
fly
pig
cow
chicken
turkey
deer
bear
penguin
seal
walrus
aardvark
bunny
rabbit
monkey
chimpanzee
ape",panda,1.0,gorilla,,False,True,0,,iterative,12262736095720360000,gorilla,False
01K4DVRSNYEHVMVZQ5JSRAZE1P-animals,27,meta-llama/Llama-3.3-70B-Instruct-Turbo,animals,"dog
cat
lion
turtle
fish
dolphin
whale
ant
cockroach
fly
pig
cow
chicken
turkey
deer
bear
penguin
seal
walrus
aardvark
bunny
rabbit
monkey
chimpanzee
ape
panda",viper,1.0,gorilla,,False,True,0,,iterative,17400893989321996000,sloth,False
01K4DVRSNYEHVMVZQ5JSRAZE1P-animals,28,meta-llama/Llama-3.3-70B-Instruct-Turbo,animals,"dog
cat
lion
turtle
fish
dolphin
whale
ant
cockroach
fly
pig
cow
chicken
turkey
deer
bear
penguin
seal
walrus
aardvark
bunny
rabbit
monkey
chimpanzee
ape
panda
viper",boaconstrictor,0.0,snake,,False,True,0,,iterative,18204775916600830000,snake,False
01K4DVRSNYEHVMVZQ5JSRAZE1P-animals,29,meta-llama/Llama-3.3-70B-Instruct-Turbo,animals,"dog
cat
lion
turtle
fish
dolphin
whale
ant
cockroach
fly
pig
cow
chicken
turkey
deer
bear
penguin
seal
walrus
aardvark
bunny
rabbit
monkey
chimpanzee
ape
panda
viper
boa constrictor",rattlesnake,0.0,snake,,False,True,0,,iterative,9641513111331295000,snake,False
01K4DVRSNYEHVMVZQ5JSRAZE1P-animals,30,meta-llama/Llama-3.3-70B-Instruct-Turbo,animals,"dog
cat
lion
turtle
fish
dolphin
whale
ant
cockroach
fly
pig
cow
chicken
turkey
deer
bear
penguin
seal
walrus
aardvark
bunny
rabbit
monkey
chimpanzee
ape
panda
viper
boa constrictor
rattlesnake",hedgehog,0.0,crocodile,,False,True,0,,iterative,12173512483385809000,snake,False
01K4DVRSNYEHVMVZQ5JSRAZE1P-animals,31,meta-llama/Llama-3.3-70B-Instruct-Turbo,animals,"dog
cat
lion
turtle
fish
dolphin
whale
ant
cockroach
fly
pig
cow
chicken
turkey
deer
bear
penguin
seal
walrus
aardvark
bunny
rabbit
monkey
chimpanzee
ape
panda
viper
boa constrictor
rattlesnake
hedgehog",eagle,1.0,porcupine,,False,True,0,,iterative,17796095356703721000,groundhog,False
01K4DVRSNYEHVMVZQ5JSRAZE1P-animals,32,meta-llama/Llama-3.3-70B-Instruct-Turbo,animals,"dog
cat
lion
turtle
fish
dolphin
whale
ant
cockroach
fly
pig
cow
chicken
turkey
deer
bear
penguin
seal
walrus
aardvark
bunny
rabbit
monkey
chimpanzee
ape
panda
viper
boa constrictor
rattlesnake
hedgehog
eagle",falcon,0.0,hawk,,False,True,0,,iterative,3258877836685177300,bird,False
01K4DVRSNYEHVMVZQ5JSRAZE1P-animals,33,meta-llama/Llama-3.3-70B-Instruct-Turbo,animals,"dog
cat
lion
turtle
fish
dolphin
whale
ant
cockroach
fly
pig
cow
chicken
turkey
deer
bear
penguin
seal
walrus
aardvark
bunny
rabbit
monkey
chimpanzee
ape
panda
viper
boa constrictor
rattlesnake
hedgehog
eagle
falcon",crab,1.0,hawk,,False,True,0,,iterative,17224899224683650000,robin,False
01K4DVRSNYEHVMVZQ5JSRAZE1P-animals,34,meta-llama/Llama-3.3-70B-Instruct-Turbo,animals,"dog
cat
lion
turtle
fish
dolphin
whale
ant
cockroach
fly
pig
cow
chicken
turkey
deer
bear
penguin
seal
walrus
aardvark
bunny
rabbit
monkey
chimpanzee
ape
panda
viper
boa constrictor
rattlesnake
hedgehog
eagle
falcon
crab",lobster,0.0,shark,,False,True,0,,iterative,6443619362538764000,lobster,True
01K4DVRSNYEHVMVZQ5JSRAZE1P-animals,35,meta-llama/Llama-3.3-70B-Instruct-Turbo,animals,"dog
cat
lion
turtle
fish
dolphin
whale
ant
cockroach
fly
pig
cow
chicken
turkey
deer
bear
penguin
seal
walrus
aardvark
bunny
rabbit
monkey
chimpanzee
ape
panda
viper
boa constrictor
rattlesnake
hedgehog
eagle
falcon
crab
lobster",shrimp,0.0,shrimp,,True,True,0,,iterative,4476684169514697000,shark,False
01K4DVRSNYEHVMVZQ5JSRAZE1P-animals,36,meta-llama/Llama-3.3-70B-Instruct-Turbo,animals,"dog
cat
lion
turtle
fish
dolphin
whale
ant
cockroach
fly
pig
cow
chicken
turkey
deer
bear
penguin
seal
walrus
aardvark
bunny
rabbit
monkey
chimpanzee
ape
panda
viper
boa constrictor
rattlesnake
hedgehog
eagle
falcon
crab
lobster
shrimp",goose,0.0,octopus,,False,True,0,,iterative,1462495319297405400,catfish,False
01K4DX2DECRV1FWZBETW1GFVBY-animals,2,meta-llama/Llama-3.3-70B-Instruct-Turbo,animals,cat,lion,,dog,,False,True,0,,iterative,8410207446345682000,dog,False
01K4DX2DECRV1FWZBETW1GFVBY-animals,3,meta-llama/Llama-3.3-70B-Instruct-Turbo,animals,"cat
lion",elephant,,tiger,,False,True,0,,iterative,16862047282063129000,tiger,False
01K4DX2DECRV1FWZBETW1GFVBY-animals,4,meta-llama/Llama-3.3-70B-Instruct-Turbo,animals,"cat
lion
elephant",tiger,,tiger,,True,True,0,,iterative,62829916433959670,rhino,False
01K4DX2DECRV1FWZBETW1GFVBY-animals,5,meta-llama/Llama-3.3-70B-Instruct-Turbo,animals,"cat
lion
elephant
tiger",giraffe,,giraffe,,True,True,0,,iterative,18218584893513100000,leopard,False
01K4DX2DECRV1FWZBETW1GFVBY-animals,6,meta-llama/Llama-3.3-70B-Instruct-Turbo,animals,"cat
lion
elephant
tiger
giraffe",zebra,,zebra,,True,True,0,,iterative,6103414455192146000,hippo,False
01K4DX2DECRV1FWZBETW1GFVBY-animals,7,meta-llama/Llama-3.3-70B-Instruct-Turbo,animals,"cat
lion
elephant
tiger
giraffe
zebra",kangaroo,,hyena,,False,True,0,,iterative,6376198945077678000,bear,False
01K4DX2DECRV1FWZBETW1GFVBY-animals,8,meta-llama/Llama-3.3-70B-Instruct-Turbo,animals,"cat
lion
elephant
tiger
giraffe
zebra
kangaroo",bear,,koala,,False,True,0,,iterative,6191687720669445000,crocodile,False
01K4DX2DECRV1FWZBETW1GFVBY-animals,9,meta-llama/Llama-3.3-70B-Instruct-Turbo,animals,"cat
lion
elephant
tiger
giraffe
zebra
kangaroo
bear",fox,,monkey,,False,True,0,,iterative,14639012119007132000,panda,False
01K4DX2DECRV1FWZBETW1GFVBY-animals,10,meta-llama/Llama-3.3-70B-Instruct-Turbo,animals,"cat
lion
elephant
tiger
giraffe
zebra
kangaroo
bear
fox",monkey,,wolf,,False,True,0,,iterative,8173751554324934000,badger,False
01K4DX2DECRV1FWZBETW1GFVBY-animals,11,meta-llama/Llama-3.3-70B-Instruct-Turbo,animals,"cat
lion
elephant
tiger
giraffe
zebra
kangaroo
bear
fox
monkey",dolphin,,wolf,,False,True,0,,iterative,14578433817820340000,horse,False
01K4DX2DECRV1FWZBETW1GFVBY-animals,12,meta-llama/Llama-3.3-70B-Instruct-Turbo,animals,"cat
lion
elephant
tiger
giraffe
zebra
kangaroo
bear
fox
monkey
dolphin",eagle,,whale,,False,True,0,,iterative,8694504809505362000,whale,False
01K4DX2DECRV1FWZBETW1GFVBY-animals,13,meta-llama/Llama-3.3-70B-Instruct-Turbo,animals,"cat
lion
elephant
tiger
giraffe
zebra
kangaroo
bear
fox
monkey
dolphin
eagle",snake,,shark,,False,True,0,,iterative,4553766723972776000,wolf,False
01K4DX2DECRV1FWZBETW1GFVBY-animals,14,meta-llama/Llama-3.3-70B-Instruct-Turbo,animals,"cat
lion
elephant
tiger
giraffe
zebra
kangaroo
bear
fox
monkey
dolphin
eagle
snake",crocodile,,shark,,False,True,0,,iterative,13803951499423236000,tortoise,False
01K4DX2DECRV1FWZBETW1GFVBY-animals,15,meta-llama/Llama-3.3-70B-Instruct-Turbo,animals,"cat
lion
elephant
tiger
giraffe
zebra
kangaroo
bear
fox
monkey
dolphin
eagle
snake
crocodile",penguin,,shark,,False,True,0,,iterative,14094700207959788000,alligator,False
01K4DX2DECRV1FWZBETW1GFVBY-animals,16,meta-llama/Llama-3.3-70B-Instruct-Turbo,animals,"cat
lion
elephant
tiger
giraffe
zebra
kangaroo
bear
fox
monkey
dolphin
eagle
snake
crocodile
penguin",wolf,,shark,,False,True,0,,iterative,16556850029680218000,hippo,False
01K4DX2DECRV1FWZBETW1GFVBY-animals,17,meta-llama/Llama-3.3-70B-Instruct-Turbo,animals,"cat
lion
elephant
tiger
giraffe
zebra
kangaroo
bear
fox
monkey
dolphin
eagle
snake
crocodile
penguin
wolf",dog,,shark,,False,True,0,,iterative,8751502518313713000,hippo,False
01K4DX2DECRV1FWZBETW1GFVBY-animals,18,meta-llama/Llama-3.3-70B-Instruct-Turbo,animals,"cat
lion
elephant
tiger
giraffe
zebra
kangaroo
bear
fox
monkey
dolphin
eagle
snake
crocodile
penguin
wolf
dog",parrot,,horse,,False,True,0,,iterative,7618565817759684000,rabbit,False
01K4DX2DECRV1FWZBETW1GFVBY-animals,19,meta-llama/Llama-3.3-70B-Instruct-Turbo,animals,"cat
lion
elephant
tiger
giraffe
zebra
kangaroo
bear
fox
monkey
dolphin
eagle
snake
crocodile
penguin
wolf
dog
parrot",hippopotamus,,horse,,False,True,0,,iterative,11128325456651860000,rabbit,False
01K4DX2DECRV1FWZBETW1GFVBY-animals,20,meta-llama/Llama-3.3-70B-Instruct-Turbo,animals,"cat
lion
elephant
tiger
giraffe
zebra
kangaroo
bear
fox
monkey
dolphin
eagle
snake
crocodile
penguin
wolf
dog
parrot
hippopotamus",rhinoceros,,rhinoceros,,True,True,0,,iterative,12708937495105020000,rabbit,False
01K4DX2DECRV1FWZBETW1GFVBY-animals,21,meta-llama/Llama-3.3-70B-Instruct-Turbo,animals,"cat
lion
elephant
tiger
giraffe
zebra
kangaroo
bear
fox
monkey
dolphin
eagle
snake
crocodile
penguin
wolf
dog
parrot
hippopotamus
rhinoceros",chimpanzee,,hyena,,False,True,0,,iterative,6488013172124307000,rabbit,False
01K4DX2DECRV1FWZBETW1GFVBY-animals,22,meta-llama/Llama-3.3-70B-Instruct-Turbo,animals,"cat
lion
elephant
tiger
giraffe
zebra
kangaroo
bear
fox
monkey
dolphin
eagle
snake
crocodile
penguin
wolf
dog
parrot
hippopotamus
rhinoceros
chimpanzee",octopus,,gorilla,,False,True,0,,iterative,3238009238503439400,rabbit,False
01K4DX2DECRV1FWZBETW1GFVBY-animals,23,meta-llama/Llama-3.3-70B-Instruct-Turbo,animals,"cat
lion
elephant
tiger
giraffe
zebra
kangaroo
bear
fox
monkey
dolphin
eagle
snake
crocodile
penguin
wolf
dog
parrot
hippopotamus
rhinoceros
chimpanzee
octopus",owl,,shark,,False,True,0,,iterative,3849976413773857300,rabbit,False
01K4DX2DECRV1FWZBETW1GFVBY-animals,24,meta-llama/Llama-3.3-70B-Instruct-Turbo,animals,"cat
lion
elephant
tiger
giraffe
zebra
kangaroo
bear
fox
monkey
dolphin
eagle
snake
crocodile
penguin
wolf
dog
parrot
hippopotamus
rhinoceros
chimpanzee
octopus
owl",cheetah,,shark,,False,True,0,,iterative,4734890867601663000,rabbit,False
01K4DX2DECRV1FWZBETW1GFVBY-animals,25,meta-llama/Llama-3.3-70B-Instruct-Turbo,animals,"cat
lion
elephant
tiger
giraffe
zebra
kangaroo
bear
fox
monkey
dolphin
eagle
snake
crocodile
penguin
wolf
dog
parrot
hippopotamus
rhinoceros
chimpanzee
octopus
owl
cheetah",deer,,hyena,,False,True,0,,iterative,3839843101124376600,rabbit,False
01K4DX2DECRV1FWZBETW1GFVBY-animals,26,meta-llama/Llama-3.3-70B-Instruct-Turbo,animals,"cat
lion
elephant
tiger
giraffe
zebra
kangaroo
bear
fox
monkey
dolphin
eagle
snake
crocodile
penguin
wolf
dog
parrot
hippopotamus
rhinoceros
chimpanzee
octopus
owl
cheetah
deer",moose,,hyena,,False,True,0,,iterative,3661642363898070500,rabbit,False
01K4DX2DECRV1FWZBETW1GFVBY-animals,27,meta-llama/Llama-3.3-70B-Instruct-Turbo,animals,"cat
lion
elephant
tiger
giraffe
zebra
kangaroo
bear
fox
monkey
dolphin
eagle
snake
crocodile
penguin
wolf
dog
parrot
hippopotamus
rhinoceros
chimpanzee
octopus
owl
cheetah
deer
moose",tortoise,,rabbit,,False,True,0,,iterative,14485298116112824000,rabbit,False
01K4DX2DECRV1FWZBETW1GFVBY-animals,28,meta-llama/Llama-3.3-70B-Instruct-Turbo,animals,"cat
lion
elephant
tiger
giraffe
zebra
kangaroo
bear
fox
monkey
dolphin
eagle
snake
crocodile
penguin
wolf
dog
parrot
hippopotamus
rhinoceros
chimpanzee
octopus
owl
cheetah
deer
moose
tortoise",llama,,rabbit,,False,True,0,,iterative,14652880109617238000,rabbit,False
01K4DX2DECRV1FWZBETW1GFVBY-animals,29,meta-llama/Llama-3.3-70B-Instruct-Turbo,animals,"cat
lion
elephant
tiger
giraffe
zebra
kangaroo
bear
fox
monkey
dolphin
eagle
snake
crocodile
penguin
wolf
dog
parrot
hippopotamus
rhinoceros
chimpanzee
octopus
owl
cheetah
deer
moose
tortoise
llama",bat,,alpaca,,False,True,0,,iterative,600729444656914600,rabbit,False
01K4DX2DECRV1FWZBETW1GFVBY-animals,30,meta-llama/Llama-3.3-70B-Instruct-Turbo,animals,"cat
lion
elephant
tiger
giraffe
zebra
kangaroo
bear
fox
monkey
dolphin
eagle
snake
crocodile
penguin
wolf
dog
parrot
hippopotamus
rhinoceros
chimpanzee
octopus
owl
cheetah
deer
moose
tortoise
llama
bat",squirrel,,horse,,False,True,0,,iterative,3270619204796119000,rabbit,False
01K4DX2DECRV1FWZBETW1GFVBY-animals,31,meta-llama/Llama-3.3-70B-Instruct-Turbo,animals,"cat
lion
elephant
tiger
giraffe
zebra
kangaroo
bear
fox
monkey
dolphin
eagle
snake
crocodile
penguin
wolf
dog
parrot
hippopotamus
rhinoceros
chimpanzee
octopus
owl
cheetah
deer
moose
tortoise
llama
bat
squirrel",flamingo,,raccoon,,False,True,0,,iterative,16848737563559913000,rabbit,False
01K4DX2DECRV1FWZBETW1GFVBY-animals,32,meta-llama/Llama-3.3-70B-Instruct-Turbo,animals,"cat
lion
elephant
tiger
giraffe
zebra
kangaroo
bear
fox
monkey
dolphin
eagle
snake
crocodile
penguin
wolf
dog
parrot
hippopotamus
rhinoceros
chimpanzee
octopus
owl
cheetah
deer
moose
tortoise
llama
bat
squirrel
flamingo",hedgehog,,raccoon,,False,True,0,,iterative,3250153652409671000,rabbit,False
01KEYTJT1EF8R5M0DMXMA742PC,2,meta-llama/Llama-3.3-70B-Instruct-Turbo,animals,tiger,fox,0.0,lion,,False,True,0,,iterative,10679068887663342000,lion,False
01KEYTJT1EF8R5M0DMXMA742PC,3,meta-llama/Llama-3.3-70B-Instruct-Turbo,animals,"tiger
fox",lion,1.0,leopard,,False,True,0,,iterative,12603439591468368000,bear,False
01KEYTJT1EF8R5M0DMXMA742PC,4,meta-llama/Llama-3.3-70B-Instruct-Turbo,animals,"tiger
fox
lion",elephant,0.0,leopard,,False,True,0,,iterative,6696917924007125000,bear,False
01KEYTJT1EF8R5M0DMXMA742PC,5,meta-llama/Llama-3.3-70B-Instruct-Turbo,animals,"tiger
fox
lion
elephant",giraffe,0.0,giraffe,,True,True,0,,iterative,9671945612417057000,shark,False
01KEYTJT1EF8R5M0DMXMA742PC,6,meta-llama/Llama-3.3-70B-Instruct-Turbo,animals,"tiger
fox
lion
elephant
giraffe",zebra,0.0,zebra,,True,True,0,,iterative,18116551948323617000,hippo,False
01KEYTJT1EF8R5M0DMXMA742PC,7,meta-llama/Llama-3.3-70B-Instruct-Turbo,animals,"tiger
fox
lion
elephant
giraffe
zebra",cheetah,1.0,hyena,,False,True,0,,iterative,11892143938900490000,hippo,False
01KEYTJT1EF8R5M0DMXMA742PC,8,meta-llama/Llama-3.3-70B-Instruct-Turbo,animals,"tiger
fox
lion
elephant
giraffe
zebra
cheetah",leopard,1.0,hyena,,False,True,0,,iterative,11070868511810530000,parrot,False
01KEYTJT1EF8R5M0DMXMA742PC,9,meta-llama/Llama-3.3-70B-Instruct-Turbo,animals,"tiger
fox
lion
elephant
giraffe
zebra
cheetah
leopard",rhino,0.0,hyena,,False,True,0,,iterative,4555309701117917000,panda,False
01KEYTJT1EF8R5M0DMXMA742PC,10,meta-llama/Llama-3.3-70B-Instruct-Turbo,animals,"tiger
fox
lion
elephant
giraffe
zebra
cheetah
leopard
rhino",hippopotamus,0.0,hyena,,False,True,0,,iterative,321422148273224300,snake,False
01KEYTJT1EF8R5M0DMXMA742PC,11,meta-llama/Llama-3.3-70B-Instruct-Turbo,animals,"tiger
fox
lion
elephant
giraffe
zebra
cheetah
leopard
rhino
hippopotamus",monkey,0.0,hyena,,False,True,0,,iterative,17880331464722890000,parrot,False
01KEYTJT1EF8R5M0DMXMA742PC,12,meta-llama/Llama-3.3-70B-Instruct-Turbo,animals,"tiger
fox
lion
elephant
giraffe
zebra
cheetah
leopard
rhino
hippopotamus
monkey",ape,0.0,kangaroo,,False,True,0,,iterative,12200214651418442000,ape,True
01KEYTJT1EF8R5M0DMXMA742PC,13,meta-llama/Llama-3.3-70B-Instruct-Turbo,animals,"tiger
fox
lion
elephant
giraffe
zebra
cheetah
leopard
rhino
hippopotamus
monkey
ape",gorilla,0.0,kangaroo,,False,True,0,,iterative,17608039415565860000,snake,False
01KEYTJT1EF8R5M0DMXMA742PC,14,meta-llama/Llama-3.3-70B-Instruct-Turbo,animals,"tiger
fox
lion
elephant
giraffe
zebra
cheetah
leopard
rhino
hippopotamus
monkey
ape
gorilla",chimpanzee,0.0,kangaroo,,False,True,0,,iterative,8258069425815815000,parrot,False
01KEYTJT1EF8R5M0DMXMA742PC,15,meta-llama/Llama-3.3-70B-Instruct-Turbo,animals,"tiger
fox
lion
elephant
giraffe
zebra
cheetah
leopard
rhino
hippopotamus
monkey
ape
gorilla
chimpanzee",baboon,0.0,kangaroo,,False,True,0,,iterative,1174470637093346800,parrot,False
01KEYTJT1EF8R5M0DMXMA742PC,16,meta-llama/Llama-3.3-70B-Instruct-Turbo,animals,"tiger
fox
lion
elephant
giraffe
zebra
cheetah
leopard
rhino
hippopotamus
monkey
ape
gorilla
chimpanzee
baboon",orangutan,0.0,kangaroo,,False,True,0,,iterative,12491347290832157000,jaguar,False
01KEYTJT1EF8R5M0DMXMA742PC,17,meta-llama/Llama-3.3-70B-Instruct-Turbo,animals,"tiger
fox
lion
elephant
giraffe
zebra
cheetah
leopard
rhino
hippopotamus
monkey
ape
gorilla
chimpanzee
baboon
orangutan",sloth,0.0,kangaroo,,False,True,0,,iterative,17815199267319595000,parrot,False
01KEYTJT1EF8R5M0DMXMA742PC,18,meta-llama/Llama-3.3-70B-Instruct-Turbo,animals,"tiger
fox
lion
elephant
giraffe
zebra
cheetah
leopard
rhino
hippopotamus
monkey
ape
gorilla
chimpanzee
baboon
orangutan
sloth",koala,0.0,lemur,,False,True,0,,iterative,4837151455580225000,termite,False
01KEYTJT1EF8R5M0DMXMA742PC,19,meta-llama/Llama-3.3-70B-Instruct-Turbo,animals,"tiger
fox
lion
elephant
giraffe
zebra
cheetah
leopard
rhino
hippopotamus
monkey
ape
gorilla
chimpanzee
baboon
orangutan
sloth
koala",kangaroo,0.0,kangaroo,,True,True,0,,iterative,17171891439468038000,panda,False
01KEYTJT1EF8R5M0DMXMA742PC,20,meta-llama/Llama-3.3-70B-Instruct-Turbo,animals,"tiger
fox
lion
elephant
giraffe
zebra
cheetah
leopard
rhino
hippopotamus
monkey
ape
gorilla
chimpanzee
baboon
orangutan
sloth
koala
kangaroo",wolf,0.0,wombat,,False,True,0,,iterative,9636919233574394000,deer,False
01KEYTJT1EF8R5M0DMXMA742PC,21,meta-llama/Llama-3.3-70B-Instruct-Turbo,animals,"tiger
fox
lion
elephant
giraffe
zebra
cheetah
leopard
rhino
hippopotamus
monkey
ape
gorilla
chimpanzee
baboon
orangutan
sloth
koala
kangaroo
wolf",raccoon,0.0,bear,,False,True,0,,iterative,6457079864301678000,coyote,False
01KEYTJT1EF8R5M0DMXMA742PC,22,meta-llama/Llama-3.3-70B-Instruct-Turbo,animals,"tiger
fox
lion
elephant
giraffe
zebra
cheetah
leopard
rhino
hippopotamus
monkey
ape
gorilla
chimpanzee
baboon
orangutan
sloth
koala
kangaroo
wolf
raccoon",bear,0.0,bear,,True,True,0,,iterative,2030345976349437000,opossum,False
01KEYTJT1EF8R5M0DMXMA742PC,23,meta-llama/Llama-3.3-70B-Instruct-Turbo,animals,"tiger
fox
lion
elephant
giraffe
zebra
cheetah
leopard
rhino
hippopotamus
monkey
ape
gorilla
chimpanzee
baboon
orangutan
sloth
koala
kangaroo
wolf
raccoon
bear",blackbear,0.0,otter,,False,True,0,,iterative,10713977480452686000,coyote,False
01KEYTJT1EF8R5M0DMXMA742PC,24,meta-llama/Llama-3.3-70B-Instruct-Turbo,animals,"tiger
fox
lion
elephant
giraffe
zebra
cheetah
leopard
rhino
hippopotamus
monkey
ape
gorilla
chimpanzee
baboon
orangutan
sloth
koala
kangaroo
wolf
raccoon
bear
black bear",polarbear,0.0,grizzlybear,,False,True,0,,iterative,7158937019858106000,brown bear,False
01KEYTJT1EF8R5M0DMXMA742PC,25,meta-llama/Llama-3.3-70B-Instruct-Turbo,animals,"tiger
fox
lion
elephant
giraffe
zebra
cheetah
leopard
rhino
hippopotamus
monkey
ape
gorilla
chimpanzee
baboon
orangutan
sloth
koala
kangaroo
wolf
raccoon
bear
black bear
polar bear",panda,0.0,grizzlybear,,False,True,0,,iterative,14275409772573637000,panda bear,False
01KEYTJT1EF8R5M0DMXMA742PC,26,meta-llama/Llama-3.3-70B-Instruct-Turbo,animals,"tiger
fox
lion
elephant
giraffe
zebra
cheetah
leopard
rhino
hippopotamus
monkey
ape
gorilla
chimpanzee
baboon
orangutan
sloth
koala
kangaroo
wolf
raccoon
bear
black bear
polar bear
panda",wallaby,0.0,grizzlybear,,False,True,0,,iterative,8449097034964609000,brown bear,False
01KEYTJT1EF8R5M0DMXMA742PC,27,meta-llama/Llama-3.3-70B-Instruct-Turbo,animals,"tiger
fox
lion
elephant
giraffe
zebra
cheetah
leopard
rhino
hippopotamus
monkey
ape
gorilla
chimpanzee
baboon
orangutan
sloth
koala
kangaroo
wolf
raccoon
bear
black bear
polar bear
panda
wallaby",wombat,0.0,wombat,,True,True,0,,iterative,4848235821669797000,snake,False
01KEYTJT1EF8R5M0DMXMA742PC,28,meta-llama/Llama-3.3-70B-Instruct-Turbo,animals,"tiger
fox
lion
elephant
giraffe
zebra
cheetah
leopard
rhino
hippopotamus
monkey
ape
gorilla
chimpanzee
baboon
orangutan
sloth
koala
kangaroo
wolf
raccoon
bear
black bear
polar bear
panda
wallaby
wombat",anteater,0.0,koalabear,,False,True,0,,iterative,5880595462663002000,bat,False
01KEYTJT1EF8R5M0DMXMA742PC,29,meta-llama/Llama-3.3-70B-Instruct-Turbo,animals,"tiger
fox
lion
elephant
giraffe
zebra
cheetah
leopard
rhino
hippopotamus
monkey
ape
gorilla
chimpanzee
baboon
orangutan
sloth
koala
kangaroo
wolf
raccoon
bear
black bear
polar bear
panda
wallaby
wombat
anteater",armadillo,0.0,armadillo,,True,True,0,,iterative,4936269763950132000,ant,False
01KEYTJT1EF8R5M0DMXMA742PC,30,meta-llama/Llama-3.3-70B-Instruct-Turbo,animals,"tiger
fox
lion
elephant
giraffe
zebra
cheetah
leopard
rhino
hippopotamus
monkey
ape
gorilla
chimpanzee
baboon
orangutan
sloth
koala
kangaroo
wolf
raccoon
bear
black bear
polar bear
panda
wallaby
wombat
anteater
armadillo",beaver,0.0,squirrel,,False,True,0,,iterative,15426084248180056000,turtle,False
01KEYTJT1EF8R5M0DMXMA742PC,31,meta-llama/Llama-3.3-70B-Instruct-Turbo,animals,"tiger
fox
lion
elephant
giraffe
zebra
cheetah
leopard
rhino
hippopotamus
monkey
ape
gorilla
chimpanzee
baboon
orangutan
sloth
koala
kangaroo
wolf
raccoon
bear
black bear
polar bear
panda
wallaby
wombat
anteater
armadillo
beaver",otter,0.0,otter,,True,True,0,,iterative,4378928350016113000,turtle,False
01KEYTJT1EF8R5M0DMXMA742PC,32,meta-llama/Llama-3.3-70B-Instruct-Turbo,animals,"tiger
fox
lion
elephant
giraffe
zebra
cheetah
leopard
rhino
hippopotamus
monkey
ape
gorilla
chimpanzee
baboon
orangutan
sloth
koala
kangaroo
wolf
raccoon
bear
black bear
polar bear
panda
wallaby
wombat
anteater
armadillo
beaver
otter",hedgehog,0.0,muskrat,,False,True,0,,iterative,4933513848016163000,turtle,False
01KEYTJT1EF8R5M0DMXMA742PC,33,meta-llama/Llama-3.3-70B-Instruct-Turbo,animals,"tiger
fox
lion
elephant
giraffe
zebra
cheetah
leopard
rhino
hippopotamus
monkey
ape
gorilla
chimpanzee
baboon
orangutan
sloth
koala
kangaroo
wolf
raccoon
bear
black bear
polar bear
panda
wallaby
wombat
anteater
armadillo
beaver
otter
hedgehog",badger,0.0,porcupine,,False,True,0,,iterative,12399721664816196000,porcupine,False
01KEYTJT1EF8R5M0DMXMA742PC,34,meta-llama/Llama-3.3-70B-Instruct-Turbo,animals,"tiger
fox
lion
elephant
giraffe
zebra
cheetah
leopard
rhino
hippopotamus
monkey
ape
gorilla
chimpanzee
baboon
orangutan
sloth
koala
kangaroo
wolf
raccoon
bear
black bear
polar bear
panda
wallaby
wombat
anteater
armadillo
beaver
otter
hedgehog
badger",skunk,0.0,skunk,,True,True,0,,iterative,9127934786791786000,coyote,False
01KEYTJT1EF8R5M0DMXMA742PC,35,meta-llama/Llama-3.3-70B-Instruct-Turbo,animals,"tiger
fox
lion
elephant
giraffe
zebra
cheetah
leopard
rhino
hippopotamus
monkey
ape
gorilla
chimpanzee
baboon
orangutan
sloth
koala
kangaroo
wolf
raccoon
bear
black bear
polar bear
panda
wallaby
wombat
anteater
armadillo
beaver
otter
hedgehog
badger
skunk",deer,0.0,raccoon,,False,True,0,,iterative,17703830893994383000,opossum,False
01KEYTJT1EF8R5M0DMXMA742PC,36,meta-llama/Llama-3.3-70B-Instruct-Turbo,animals,"tiger
fox
lion
elephant
giraffe
zebra
cheetah
leopard
rhino
hippopotamus
monkey
ape
gorilla
chimpanzee
baboon
orangutan
sloth
koala
kangaroo
wolf
raccoon
bear
black bear
polar bear
panda
wallaby
wombat
anteater
armadillo
beaver
otter
hedgehog
badger
skunk
deer",reindeer,0.0,moose,,False,True,0,,iterative,5188078301462176000,antelope,False
01KEYTJT1EF8R5M0DMXMA742PC,37,meta-llama/Llama-3.3-70B-Instruct-Turbo,animals,"tiger
fox
lion
elephant
giraffe
zebra
cheetah
leopard
rhino
hippopotamus
monkey
ape
gorilla
chimpanzee
baboon
orangutan
sloth
koala
kangaroo
wolf
raccoon
bear
black bear
polar bear
panda
wallaby
wombat
anteater
armadillo
beaver
otter
hedgehog
badger
skunk
deer
reindeer",bison,0.0,moose,,False,True,0,,iterative,17546275645200282000,antelope,False
01KEYTJT1EF8R5M0DMXMA742PC,38,meta-llama/Llama-3.3-70B-Instruct-Turbo,animals,"tiger
fox
lion
elephant
giraffe
zebra
cheetah
leopard
rhino
hippopotamus
monkey
ape
gorilla
chimpanzee
baboon
orangutan
sloth
koala
kangaroo
wolf
raccoon
bear
black bear
polar bear
panda
wallaby
wombat
anteater
armadillo
beaver
otter
hedgehog
badger
skunk
deer
reindeer
bison",camel,0.0,moose,,False,True,0,,iterative,14066930072779080000,buffalo,False
01KEYTJT1EF8R5M0DMXMA742PC,39,meta-llama/Llama-3.3-70B-Instruct-Turbo,animals,"tiger
fox
lion
elephant
giraffe
zebra
cheetah
leopard
rhino
hippopotamus
monkey
ape
gorilla
chimpanzee
baboon
orangutan
sloth
koala
kangaroo
wolf
raccoon
bear
black bear
polar bear
panda
wallaby
wombat
anteater
armadillo
beaver
otter
hedgehog
badger
skunk
deer
reindeer
bison
camel",llama,0.0,llama,,True,True,0,,iterative,2416330055291342300,horse,False
01KEYTJT1EF8R5M0DMXMA742PC,40,meta-llama/Llama-3.3-70B-Instruct-Turbo,animals,"tiger
fox
lion
elephant
giraffe
zebra
cheetah
leopard
rhino
hippopotamus
monkey
ape
gorilla
chimpanzee
baboon
orangutan
sloth
koala
kangaroo
wolf
raccoon
bear
black bear
polar bear
panda
wallaby
wombat
anteater
armadillo
beaver
otter
hedgehog
badger
skunk
deer
reindeer
bison
camel
llama",cow,0.0,alpaca,,False,True,0,,iterative,9222145929387849000,horse,False
01KEYTJT1EF8R5M0DMXMA742PC,41,meta-llama/Llama-3.3-70B-Instruct-Turbo,animals,"tiger
fox
lion
elephant
giraffe
zebra
cheetah
leopard
rhino
hippopotamus
monkey
ape
gorilla
chimpanzee
baboon
orangutan
sloth
koala
kangaroo
wolf
raccoon
bear
black bear
polar bear
panda
wallaby
wombat
anteater
armadillo
beaver
otter
hedgehog
badger
skunk
deer
reindeer
bison
camel
llama
cow",sheep,0.0,horse,,False,True,0,,iterative,17233177282904540000,horse,False
01KEYTJT1EF8R5M0DMXMA742PC,42,meta-llama/Llama-3.3-70B-Instruct-Turbo,animals,"tiger
fox
lion
elephant
giraffe
zebra
cheetah
leopard
rhino
hippopotamus
monkey
ape
gorilla
chimpanzee
baboon
orangutan
sloth
koala
kangaroo
wolf
raccoon
bear
black bear
polar bear
panda
wallaby
wombat
anteater
armadillo
beaver
otter
hedgehog
badger
skunk
deer
reindeer
bison
camel
llama
cow
sheep",chicken,0.0,goat,,False,True,0,,iterative,15241366108689258000,dog,False
01KEYTJT1EF8R5M0DMXMA742PC,43,meta-llama/Llama-3.3-70B-Instruct-Turbo,animals,"tiger
fox
lion
elephant
giraffe
zebra
cheetah
leopard
rhino
hippopotamus
monkey
ape
gorilla
chimpanzee
baboon
orangutan
sloth
koala
kangaroo
wolf
raccoon
bear
black bear
polar bear
panda
wallaby
wombat
anteater
armadillo
beaver
otter
hedgehog
badger
skunk
deer
reindeer
bison
camel
llama
cow
sheep
chicken",cat,0.0,horse,,False,True,0,,iterative,4486117240984298500,pig,False
01KEYTJT1EF8R5M0DMXMA742PC,44,meta-llama/Llama-3.3-70B-Instruct-Turbo,animals,"tiger
fox
lion
elephant
giraffe
zebra
cheetah
leopard
rhino
hippopotamus
monkey
ape
gorilla
chimpanzee
baboon
orangutan
sloth
koala
kangaroo
wolf
raccoon
bear
black bear
polar bear
panda
wallaby
wombat
anteater
armadillo
beaver
otter
hedgehog
badger
skunk
deer
reindeer
bison
camel
llama
cow
sheep
chicken
cat",goat,0.0,dog,,False,True,0,,iterative,5960770100218391000,dog,False
01KEYTJT1EF8R5M0DMXMA742PC,45,meta-llama/Llama-3.3-70B-Instruct-Turbo,animals,"tiger
fox
lion
elephant
giraffe
zebra
cheetah
leopard
rhino
hippopotamus
monkey
ape
gorilla
chimpanzee
baboon
orangutan
sloth
koala
kangaroo
wolf
raccoon
bear
black bear
polar bear
panda
wallaby
wombat
anteater
armadillo
beaver
otter
hedgehog
badger
skunk
deer
reindeer
bison
camel
llama
cow
sheep
chicken
cat
goat",vole,0.0,horse,,False,True,0,,iterative,3963125837192186000,dog,False
01KEYTJT1EF8R5M0DMXMA742PC,46,meta-llama/Llama-3.3-70B-Instruct-Turbo,animals,"tiger
fox
lion
elephant
giraffe
zebra
cheetah
leopard
rhino
hippopotamus
monkey
ape
gorilla
chimpanzee
baboon
orangutan
sloth
koala
kangaroo
wolf
raccoon
bear
black bear
polar bear
panda
wallaby
wombat
anteater
armadillo
beaver
otter
hedgehog
badger
skunk
deer
reindeer
bison
camel
llama
cow
sheep
chicken
cat
goat
vole",shrew,0.0,mouse,,False,True,0,,iterative,4516312266910063600,mole,False
01KEYTJT1EF8R5M0DMXMA742PC,47,meta-llama/Llama-3.3-70B-Instruct-Turbo,animals,"tiger
fox
lion
elephant
giraffe
zebra
cheetah
leopard
rhino
hippopotamus
monkey
ape
gorilla
chimpanzee
baboon
orangutan
sloth
koala
kangaroo
wolf
raccoon
bear
black bear
polar bear
panda
wallaby
wombat
anteater
armadillo
beaver
otter
hedgehog
badger
skunk
deer
reindeer
bison
camel
llama
cow
sheep
chicken
cat
goat
vole
shrew",donkey,0.0,mouse,,False,True,0,,iterative,14333950631051868000,mole,False
01KEYTJT1EF8R5M0DMXMA742PC,48,meta-llama/Llama-3.3-70B-Instruct-Turbo,animals,"tiger
fox
lion
elephant
giraffe
zebra
cheetah
leopard
rhino
hippopotamus
monkey
ape
gorilla
chimpanzee
baboon
orangutan
sloth
koala
kangaroo
wolf
raccoon
bear
black bear
polar bear
panda
wallaby
wombat
anteater
armadillo
beaver
otter
hedgehog
badger
skunk
deer
reindeer
bison
camel
llama
cow
sheep
chicken
cat
goat
vole
shrew
donkey",horse,0.0,horse,,True,True,0,,iterative,10187158551898016000,mule,False
01KEYTJT1EF8R5M0DMXMA742PC,49,meta-llama/Llama-3.3-70B-Instruct-Turbo,animals,"tiger
fox
lion
elephant
giraffe
zebra
cheetah
leopard
rhino
hippopotamus
monkey
ape
gorilla
chimpanzee
baboon
orangutan
sloth
koala
kangaroo
wolf
raccoon
bear
black bear
polar bear
panda
wallaby
wombat
anteater
armadillo
beaver
otter
hedgehog
badger
skunk
deer
reindeer
bison
camel
llama
cow
sheep
chicken
cat
goat
vole
shrew
donkey
horse",yak,0.0,pig,,False,True,0,,iterative,4520130703335789600,mule,False
01KEYTKK6D9ATWBC3333Q51KS3,2,meta-llama/Llama-3.3-70B-Instruct-Turbo,animals,dog,cat,0.0,cat,,True,True,0,,iterative,5243237925748848000,cat,True
01KEYTKK6D9ATWBC3333Q51KS3,3,meta-llama/Llama-3.3-70B-Instruct-Turbo,animals,"dog
cat",horse,0.0,hamster,,False,True,0,,iterative,5048346420069260000,kitten,False
01KEYTKK6D9ATWBC3333Q51KS3,4,meta-llama/Llama-3.3-70B-Instruct-Turbo,animals,"dog
cat
horse",elephant,1.0,cow,,False,True,0,,iterative,3353978292928665000,pig,False
01KEYTKK6D9ATWBC3333Q51KS3,5,meta-llama/Llama-3.3-70B-Instruct-Turbo,animals,"dog
cat
horse
elephant",squirrel,0.0,lion,,False,True,0,,iterative,5232836219271768000,tiger,False
01KEYTKK6D9ATWBC3333Q51KS3,6,meta-llama/Llama-3.3-70B-Instruct-Turbo,animals,"dog
cat
horse
elephant
squirrel",panther,0.0,monkey,,False,True,0,,iterative,9134848457724681000,rabbit,False
01KEYTKK6D9ATWBC3333Q51KS3,7,meta-llama/Llama-3.3-70B-Instruct-Turbo,animals,"dog
cat
horse
elephant
squirrel
panther",bird,0.0,tiger,,False,True,0,,iterative,910744554400554400,cougar,False
01KEYTKK6D9ATWBC3333Q51KS3,8,meta-llama/Llama-3.3-70B-Instruct-Turbo,animals,"dog
cat
horse
elephant
squirrel
panther
bird",lizard,0.0,tiger,,False,True,0,,iterative,10940543320611824000,rabbit,False
01KEYTKK6D9ATWBC3333Q51KS3,9,meta-llama/Llama-3.3-70B-Instruct-Turbo,animals,"dog
cat
horse
elephant
squirrel
panther
bird
lizard",rhino,0.0,snake,,False,True,0,,iterative,757695674073242800,snake,False
01KEYTKK6D9ATWBC3333Q51KS3,10,meta-llama/Llama-3.3-70B-Instruct-Turbo,animals,"dog
cat
horse
elephant
squirrel
panther
bird
lizard
rhino",frog,1.0,giraffe,,False,True,0,,iterative,15326589012694591000,cheetah,False
01KEYTKK6D9ATWBC3333Q51KS3,11,meta-llama/Llama-3.3-70B-Instruct-Turbo,animals,"dog
cat
horse
elephant
squirrel
panther
bird
lizard
rhino
frog",fish,0.0,tiger,,False,True,0,,iterative,16696496847112251000,mouse,False
01KEYTKK6D9ATWBC3333Q51KS3,12,meta-llama/Llama-3.3-70B-Instruct-Turbo,animals,"dog
cat
horse
elephant
squirrel
panther
bird
lizard
rhino
frog
fish",cheetah,0.0,tiger,,False,True,0,,iterative,5333028229149059000,duck,False
01KEYTKK6D9ATWBC3333Q51KS3,13,meta-llama/Llama-3.3-70B-Instruct-Turbo,animals,"dog
cat
horse
elephant
squirrel
panther
bird
lizard
rhino
frog
fish
cheetah",lion,1.0,tiger,,False,True,0,,iterative,1441499140459910100,tiger,False
01KEYTKK6D9ATWBC3333Q51KS3,14,meta-llama/Llama-3.3-70B-Instruct-Turbo,animals,"dog
cat
horse
elephant
squirrel
panther
bird
lizard
rhino
frog
fish
cheetah
lion",tiger,0.0,tiger,,True,True,0,,iterative,13226061639702730000,tiger,True
01KEYTKK6D9ATWBC3333Q51KS3,15,meta-llama/Llama-3.3-70B-Instruct-Turbo,animals,"dog
cat
horse
elephant
squirrel
panther
bird
lizard
rhino
frog
fish
cheetah
lion
tiger",giraffe,0.0,bear,,False,True,0,,iterative,17628098883559326000,monkey,False
01KEYTKK6D9ATWBC3333Q51KS3,16,meta-llama/Llama-3.3-70B-Instruct-Turbo,animals,"dog
cat
horse
elephant
squirrel
panther
bird
lizard
rhino
frog
fish
cheetah
lion
tiger
giraffe",penguin,1.0,zebra,,False,True,0,,iterative,6169385806101858000,monkey,False
01KEYTKK6D9ATWBC3333Q51KS3,17,meta-llama/Llama-3.3-70B-Instruct-Turbo,animals,"dog
cat
horse
elephant
squirrel
panther
bird
lizard
rhino
frog
fish
cheetah
lion
tiger
giraffe
penguin",snake,1.0,kangaroo,,False,True,0,,iterative,1716770428992287000,zebra,False
01KEYTKK6D9ATWBC3333Q51KS3,18,meta-llama/Llama-3.3-70B-Instruct-Turbo,animals,"dog
cat
horse
elephant
squirrel
panther
bird
lizard
rhino
frog
fish
cheetah
lion
tiger
giraffe
penguin
snake",worm,0.0,monkey,,False,True,0,,iterative,8232411754689333000,rabbit,False
01KEYTKK6D9ATWBC3333Q51KS3,19,meta-llama/Llama-3.3-70B-Instruct-Turbo,animals,"dog
cat
horse
elephant
squirrel
panther
bird
lizard
rhino
frog
fish
cheetah
lion
tiger
giraffe
penguin
snake
worm",skunk,1.0,bear,,False,True,0,,iterative,5597362145779498000,guinea pig,False
01KEYTKK6D9ATWBC3333Q51KS3,20,meta-llama/Llama-3.3-70B-Instruct-Turbo,animals,"dog
cat
horse
elephant
squirrel
panther
bird
lizard
rhino
frog
fish
cheetah
lion
tiger
giraffe
penguin
snake
worm
skunk",opossum,0.0,bear,,False,True,0,,iterative,16123486542950748000,eagle,False
01KEYTKK6D9ATWBC3333Q51KS3,21,meta-llama/Llama-3.3-70B-Instruct-Turbo,animals,"dog
cat
horse
elephant
squirrel
panther
bird
lizard
rhino
frog
fish
cheetah
lion
tiger
giraffe
penguin
snake
worm
skunk
opossum",raccoon,0.0,raccoon,,True,True,0,,iterative,9409820974452703000,rodent,False
01KEYTKK6D9ATWBC3333Q51KS3,22,meta-llama/Llama-3.3-70B-Instruct-Turbo,animals,"dog
cat
horse
elephant
squirrel
panther
bird
lizard
rhino
frog
fish
cheetah
lion
tiger
giraffe
penguin
snake
worm
skunk
opossum
raccoon",deer,0.0,bear,,False,True,0,,iterative,17693600615900967000,pig,False
01KEYTKK6D9ATWBC3333Q51KS3,23,meta-llama/Llama-3.3-70B-Instruct-Turbo,animals,"dog
cat
horse
elephant
squirrel
panther
bird
lizard
rhino
frog
fish
cheetah
lion
tiger
giraffe
penguin
snake
worm
skunk
opossum
raccoon
deer",fox,0.0,bear,,False,True,0,,iterative,15361463215374592000,antelope,False
01KEYTKK6D9ATWBC3333Q51KS3,24,meta-llama/Llama-3.3-70B-Instruct-Turbo,animals,"dog
cat
horse
elephant
squirrel
panther
bird
lizard
rhino
frog
fish
cheetah
lion
tiger
giraffe
penguin
snake
worm
skunk
opossum
raccoon
deer
fox",wolf,0.0,bear,,False,True,0,,iterative,5499769175061948000,owl,False
01KEYTKK6D9ATWBC3333Q51KS3,25,meta-llama/Llama-3.3-70B-Instruct-Turbo,animals,"dog
cat
horse
elephant
squirrel
panther
bird
lizard
rhino
frog
fish
cheetah
lion
tiger
giraffe
penguin
snake
worm
skunk
opossum
raccoon
deer
fox
wolf",coyote,0.0,bear,,False,True,0,,iterative,16154180393409378000,monkey,False
01KEYTKK6D9ATWBC3333Q51KS3,26,meta-llama/Llama-3.3-70B-Instruct-Turbo,animals,"dog
cat
horse
elephant
squirrel
panther
bird
lizard
rhino
frog
fish
cheetah
lion
tiger
giraffe
penguin
snake
worm
skunk
opossum
raccoon
deer
fox
wolf
coyote",antelope,0.0,bear,,False,True,0,,iterative,12379973087064936000,roadrunner,False
01KEYTKK6D9ATWBC3333Q51KS3,27,meta-llama/Llama-3.3-70B-Instruct-Turbo,animals,"dog
cat
horse
elephant
squirrel
panther
bird
lizard
rhino
frog
fish
cheetah
lion
tiger
giraffe
penguin
snake
worm
skunk
opossum
raccoon
deer
fox
wolf
coyote
antelope",alligator,0.0,bear,,False,True,0,,iterative,14102894071766864000,zebra,False
01KEYTKK6D9ATWBC3333Q51KS3,28,meta-llama/Llama-3.3-70B-Instruct-Turbo,animals,"dog
cat
horse
elephant
squirrel
panther
bird
lizard
rhino
frog
fish
cheetah
lion
tiger
giraffe
penguin
snake
worm
skunk
opossum
raccoon
deer
fox
wolf
coyote
antelope
alligator",crocodile,0.0,bear,,False,True,0,,iterative,12870854049719314000,crocodile,True
01KEYTKK6D9ATWBC3333Q51KS3,29,meta-llama/Llama-3.3-70B-Instruct-Turbo,animals,"dog
cat
horse
elephant
squirrel
panther
bird
lizard
rhino
frog
fish
cheetah
lion
tiger
giraffe
penguin
snake
worm
skunk
opossum
raccoon
deer
fox
wolf
coyote
antelope
alligator
crocodile",tadpole,1.0,bear,,False,True,0,,iterative,9105334012967086000,monkey,False
01KEYTKK6D9ATWBC3333Q51KS3,30,meta-llama/Llama-3.3-70B-Instruct-Turbo,animals,"dog
cat
horse
elephant
squirrel
panther
bird
lizard
rhino
frog
fish
cheetah
lion
tiger
giraffe
penguin
snake
worm
skunk
opossum
raccoon
deer
fox
wolf
coyote
antelope
alligator
crocodile
tadpole",grasshopper,1.0,bear,,False,True,0,,iterative,13476022738253020000,polliwog,False
01KEYTKK6D9ATWBC3333Q51KS3,31,meta-llama/Llama-3.3-70B-Instruct-Turbo,animals,"dog
cat
horse
elephant
squirrel
panther
bird
lizard
rhino
frog
fish
cheetah
lion
tiger
giraffe
penguin
snake
worm
skunk
opossum
raccoon
deer
fox
wolf
coyote
antelope
alligator
crocodile
tadpole
grasshopper",moth,0.0,butterfly,,False,True,0,,iterative,11309341283838880000,mosquito,False
01KEYTKK6D9ATWBC3333Q51KS3,32,meta-llama/Llama-3.3-70B-Instruct-Turbo,animals,"dog
cat
horse
elephant
squirrel
panther
bird
lizard
rhino
frog
fish
cheetah
lion
tiger
giraffe
penguin
snake
worm
skunk
opossum
raccoon
deer
fox
wolf
coyote
antelope
alligator
crocodile
tadpole
grasshopper
moth",bee,0.0,butterfly,,False,True,0,,iterative,17130033267531268000,ant,False
01KEYTKK6D9ATWBC3333Q51KS3,33,meta-llama/Llama-3.3-70B-Instruct-Turbo,animals,"dog
cat
horse
elephant
squirrel
panther
bird
lizard
rhino
frog
fish
cheetah
lion
tiger
giraffe
penguin
snake
worm
skunk
opossum
raccoon
deer
fox
wolf
coyote
antelope
alligator
crocodile
tadpole
grasshopper
moth
bee",wasp,0.0,butterfly,,False,True,0,,iterative,750244361286250900,butterfly,False
01KEYTKK6D9ATWBC3333Q51KS3,34,meta-llama/Llama-3.3-70B-Instruct-Turbo,animals,"dog
cat
horse
elephant
squirrel
panther
bird
lizard
rhino
frog
fish
cheetah
lion
tiger
giraffe
penguin
snake
worm
skunk
opossum
raccoon
deer
fox
wolf
coyote
antelope
alligator
crocodile
tadpole
grasshopper
moth
bee
wasp",bear,1.0,butterfly,,False,True,0,,iterative,3175848788174707700,hornet,False
01KEYTKK6D9ATWBC3333Q51KS3,35,meta-llama/Llama-3.3-70B-Instruct-Turbo,animals,"dog
cat
horse
elephant
squirrel
panther
bird
lizard
rhino
frog
fish
cheetah
lion
tiger
giraffe
penguin
snake
worm
skunk
opossum
raccoon
deer
fox
wolf
coyote
antelope
alligator
crocodile
tadpole
grasshopper
moth
bee
wasp
bear",chipmunk,1.0,otter,,False,True,0,,iterative,6739261317940795000,cub,False
01KEYTZ6FG0DMBNQ2N98ZD9BKT,2,meta-llama/Llama-3.3-70B-Instruct-Turbo,animals,dog,cat,0.0,cat,,True,True,0,,iterative,2079983518813276700,cat,True
01KEYTZ6FG0DMBNQ2N98ZD9BKT,3,meta-llama/Llama-3.3-70B-Instruct-Turbo,animals,"dog
cat",monkey,1.0,hamster,,False,True,0,,iterative,9113074651701256000,bird,False
01KEYTZ6FG0DMBNQ2N98ZD9BKT,4,meta-llama/Llama-3.3-70B-Instruct-Turbo,animals,"dog
cat
monkey",bear,0.0,lion,,False,True,0,,iterative,7962812142060718000,lion,False
01KEYTZ6FG0DMBNQ2N98ZD9BKT,5,meta-llama/Llama-3.3-70B-Instruct-Turbo,animals,"dog
cat
monkey
bear",bird,0.0,lion,,False,True,0,,iterative,13959017379184620000,lion,False
01KEYTZ6FG0DMBNQ2N98ZD9BKT,6,meta-llama/Llama-3.3-70B-Instruct-Turbo,animals,"dog
cat
monkey
bear
bird",rat,0.0,lion,,False,True,0,,iterative,17390551787409357000,tiger,False
01KEYTZ6FG0DMBNQ2N98ZD9BKT,7,meta-llama/Llama-3.3-70B-Instruct-Turbo,animals,"dog
cat
monkey
bear
bird
rat",mouse,0.0,squirrel,,False,True,0,,iterative,2366550515211860000,mouse,True
01KEYTZ6FG0DMBNQ2N98ZD9BKT,8,meta-llama/Llama-3.3-70B-Instruct-Turbo,animals,"dog
cat
monkey
bear
bird
rat
mouse",whale,0.0,squirrel,,False,True,0,,iterative,10897235445689799000,squirrel,False
01KEYTZ6FG0DMBNQ2N98ZD9BKT,9,meta-llama/Llama-3.3-70B-Instruct-Turbo,animals,"dog
cat
monkey
bear
bird
rat
mouse
whale",pig,1.0,shark,,False,True,0,,iterative,6617407884226596000,shark,False
01KEYTZ6FG0DMBNQ2N98ZD9BKT,10,meta-llama/Llama-3.3-70B-Instruct-Turbo,animals,"dog
cat
monkey
bear
bird
rat
mouse
whale
pig",horse,0.0,cow,,False,True,0,,iterative,15063140118567950000,horse,True
01KEYTZ6FG0DMBNQ2N98ZD9BKT,11,meta-llama/Llama-3.3-70B-Instruct-Turbo,animals,"dog
cat
monkey
bear
bird
rat
mouse
whale
pig
horse",cow,0.0,cow,,True,True,0,,iterative,17731633188220594000,cow,True
01KEYTZ6FG0DMBNQ2N98ZD9BKT,12,meta-llama/Llama-3.3-70B-Instruct-Turbo,animals,"dog
cat
monkey
bear
bird
rat
mouse
whale
pig
horse
cow",sheep,0.0,sheep,,True,True,0,,iterative,6204255490575740000,sheep,True
01KEYTZ6FG0DMBNQ2N98ZD9BKT,13,meta-llama/Llama-3.3-70B-Instruct-Turbo,animals,"dog
cat
monkey
bear
bird
rat
mouse
whale
pig
horse
cow
sheep",llama,1.0,goat,,False,True,0,,iterative,333864105282604200,goat,False
01KEYTZ6FG0DMBNQ2N98ZD9BKT,14,meta-llama/Llama-3.3-70B-Instruct-Turbo,animals,"dog
cat
monkey
bear
bird
rat
mouse
whale
pig
horse
cow
sheep
llama",alligator,0.0,goat,,False,True,0,,iterative,8010796449637779000,alpaca,False
01KEYTZ6FG0DMBNQ2N98ZD9BKT,15,meta-llama/Llama-3.3-70B-Instruct-Turbo,animals,"dog
cat
monkey
bear
bird
rat
mouse
whale
pig
horse
cow
sheep
llama
alligator",crocodile,0.0,goat,,False,True,0,,iterative,186409910710425340,crocodile,True
01KEYTZ6FG0DMBNQ2N98ZD9BKT,16,meta-llama/Llama-3.3-70B-Instruct-Turbo,animals,"dog
cat
monkey
bear
bird
rat
mouse
whale
pig
horse
cow
sheep
llama
alligator
crocodile",penguin,0.0,tiger,,False,True,0,,iterative,9975529695386647000,zebra,False
01KEYTZ6FG0DMBNQ2N98ZD9BKT,17,meta-llama/Llama-3.3-70B-Instruct-Turbo,animals,"dog
cat
monkey
bear
bird
rat
mouse
whale
pig
horse
cow
sheep
llama
alligator
crocodile
penguin",skunk,0.0,kangaroo,,False,True,0,,iterative,13827278293393547000,polar bear,False
01KEYTZ6FG0DMBNQ2N98ZD9BKT,18,meta-llama/Llama-3.3-70B-Instruct-Turbo,animals,"dog
cat
monkey
bear
bird
rat
mouse
whale
pig
horse
cow
sheep
llama
alligator
crocodile
penguin
skunk",peacock,1.0,raccoon,,False,True,0,,iterative,4767408416748732000,zebra,False
01KEYTZ6FG0DMBNQ2N98ZD9BKT,19,meta-llama/Llama-3.3-70B-Instruct-Turbo,animals,"dog
cat
monkey
bear
bird
rat
mouse
whale
pig
horse
cow
sheep
llama
alligator
crocodile
penguin
skunk
peacock",hawk,0.0,turkey,,False,True,0,,iterative,13905579679130208000,eagle,False
01KEYTZ6FG0DMBNQ2N98ZD9BKT,20,meta-llama/Llama-3.3-70B-Instruct-Turbo,animals,"dog
cat
monkey
bear
bird
rat
mouse
whale
pig
horse
cow
sheep
llama
alligator
crocodile
penguin
skunk
peacock
hawk",eagle,0.0,eagle,,True,True,0,,iterative,6449669722914271000,eagle,True
01KEYTZ6FG0DMBNQ2N98ZD9BKT,21,meta-llama/Llama-3.3-70B-Instruct-Turbo,animals,"dog
cat
monkey
bear
bird
rat
mouse
whale
pig
horse
cow
sheep
llama
alligator
crocodile
penguin
skunk
peacock
hawk
eagle",robin,0.0,owl,,False,True,0,,iterative,4383380758758914600,hummingbird,False
01KEYTZ6FG0DMBNQ2N98ZD9BKT,22,meta-llama/Llama-3.3-70B-Instruct-Turbo,animals,"dog
cat
monkey
bear
bird
rat
mouse
whale
pig
horse
cow
sheep
llama
alligator
crocodile
penguin
skunk
peacock
hawk
eagle
robin",sparrow,0.0,sparrow,,True,True,0,,iterative,6412341281206746000,sparrow,True
01KEYTZ6FG0DMBNQ2N98ZD9BKT,23,meta-llama/Llama-3.3-70B-Instruct-Turbo,animals,"dog
cat
monkey
bear
bird
rat
mouse
whale
pig
horse
cow
sheep
llama
alligator
crocodile
penguin
skunk
peacock
hawk
eagle
robin
sparrow",ant,1.0,finch,,False,True,0,,iterative,17399224372623444000,worm,False
01KEYTZ6FG0DMBNQ2N98ZD9BKT,24,meta-llama/Llama-3.3-70B-Instruct-Turbo,animals,"dog
cat
monkey
bear
bird
rat
mouse
whale
pig
horse
cow
sheep
llama
alligator
crocodile
penguin
skunk
peacock
hawk
eagle
robin
sparrow
ant",bee,0.0,bee,,True,True,0,,iterative,6059236701144872000,beetle,False
01KEYTZ6FG0DMBNQ2N98ZD9BKT,25,meta-llama/Llama-3.3-70B-Instruct-Turbo,animals,"dog
cat
monkey
bear
bird
rat
mouse
whale
pig
horse
cow
sheep
llama
alligator
crocodile
penguin
skunk
peacock
hawk
eagle
robin
sparrow
ant
bee",flamingo,0.0,butterfly,,False,True,0,,iterative,12643816319248347000,butterfly,False
01KEYTZ6FG0DMBNQ2N98ZD9BKT,26,meta-llama/Llama-3.3-70B-Instruct-Turbo,animals,"dog
cat
monkey
bear
bird
rat
mouse
whale
pig
horse
cow
sheep
llama
alligator
crocodile
penguin
skunk
peacock
hawk
eagle
robin
sparrow
ant
bee
flamingo",trout,0.0,butterfly,,False,True,0,,iterative,2419461262519432700,fish,False
01KEYTZ6FG0DMBNQ2N98ZD9BKT,27,meta-llama/Llama-3.3-70B-Instruct-Turbo,animals,"dog
cat
monkey
bear
bird
rat
mouse
whale
pig
horse
cow
sheep
llama
alligator
crocodile
penguin
skunk
peacock
hawk
eagle
robin
sparrow
ant
bee
flamingo
trout",aardvark,0.0,salmon,,False,True,0,,iterative,7742366564271944000,salmon,False
01KEYTZ6FG0DMBNQ2N98ZD9BKT,28,meta-llama/Llama-3.3-70B-Instruct-Turbo,animals,"dog
cat
monkey
bear
bird
rat
mouse
whale
pig
horse
cow
sheep
llama
alligator
crocodile
penguin
skunk
peacock
hawk
eagle
robin
sparrow
ant
bee
flamingo
trout
aardvark",armadillo,0.0,armadillo,,True,True,0,,iterative,16490133964497519000,baboon,False
01KEYTZ6FG0DMBNQ2N98ZD9BKT,29,meta-llama/Llama-3.3-70B-Instruct-Turbo,animals,"dog
cat
monkey
bear
bird
rat
mouse
whale
pig
horse
cow
sheep
llama
alligator
crocodile
penguin
skunk
peacock
hawk
eagle
robin
sparrow
ant
bee
flamingo
trout
aardvark
armadillo",lion,1.0,otter,,False,True,0,,iterative,12833661080581839000,bear,False
01KEYTZ6FG0DMBNQ2N98ZD9BKT,30,meta-llama/Llama-3.3-70B-Instruct-Turbo,animals,"dog
cat
monkey
bear
bird
rat
mouse
whale
pig
horse
cow
sheep
llama
alligator
crocodile
penguin
skunk
peacock
hawk
eagle
robin
sparrow
ant
bee
flamingo
trout
aardvark
armadillo
lion",puma,0.0,tiger,,False,True,0,,iterative,12233125175515230000,tiger,False
01KEYTZ6FG0DMBNQ2N98ZD9BKT,31,meta-llama/Llama-3.3-70B-Instruct-Turbo,animals,"dog
cat
monkey
bear
bird
rat
mouse
whale
pig
horse
cow
sheep
llama
alligator
crocodile
penguin
skunk
peacock
hawk
eagle
robin
sparrow
ant
bee
flamingo
trout
aardvark
armadillo
lion
puma",leopard,0.0,tiger,,False,True,0,,iterative,4283374990378486000,cougar,False
01KEYTZ6FG0DMBNQ2N98ZD9BKT,32,meta-llama/Llama-3.3-70B-Instruct-Turbo,animals,"dog
cat
monkey
bear
bird
rat
mouse
whale
pig
horse
cow
sheep
llama
alligator
crocodile
penguin
skunk
peacock
hawk
eagle
robin
sparrow
ant
bee
flamingo
trout
aardvark
armadillo
lion
puma
leopard",tiger,0.0,tiger,,True,True,0,,iterative,15268905189789082000,cheetah,False
01KEYTZ6FG0DMBNQ2N98ZD9BKT,33,meta-llama/Llama-3.3-70B-Instruct-Turbo,animals,"dog
cat
monkey
bear
bird
rat
mouse
whale
pig
horse
cow
sheep
llama
alligator
crocodile
penguin
skunk
peacock
hawk
eagle
robin
sparrow
ant
bee
flamingo
trout
aardvark
armadillo
lion
puma
leopard
tiger",fish,1.0,jaguar,,False,True,0,,iterative,11995982408144744000,cheetah,False
01KEYTZ6FG0DMBNQ2N98ZD9BKT,34,meta-llama/Llama-3.3-70B-Instruct-Turbo,animals,"dog
cat
monkey
bear
bird
rat
mouse
whale
pig
horse
cow
sheep
llama
alligator
crocodile
penguin
skunk
peacock
hawk
eagle
robin
sparrow
ant
bee
flamingo
trout
aardvark
armadillo
lion
puma
leopard
tiger
fish",salmon,0.0,shark,,False,True,0,,iterative,12249006292389566000,shark,False
01KEYTZ6FG0DMBNQ2N98ZD9BKT,35,meta-llama/Llama-3.3-70B-Instruct-Turbo,animals,"dog
cat
monkey
bear
bird
rat
mouse
whale
pig
horse
cow
sheep
llama
alligator
crocodile
penguin
skunk
peacock
hawk
eagle
robin
sparrow
ant
bee
flamingo
trout
aardvark
armadillo
lion
puma
leopard
tiger
fish
salmon",zebra,1.0,shark,,False,True,0,,iterative,10650142108293915000,goldfish,False
01KEYTZ6FG0DMBNQ2N98ZD9BKT,36,meta-llama/Llama-3.3-70B-Instruct-Turbo,animals,"dog
cat
monkey
bear
bird
rat
mouse
whale
pig
horse
cow
sheep
llama
alligator
crocodile
penguin
skunk
peacock
hawk
eagle
robin
sparrow
ant
bee
flamingo
trout
aardvark
armadillo
lion
puma
leopard
tiger
fish
salmon
zebra",giraffe,0.0,giraffe,,True,True,0,,iterative,2728941673739017000,hyena,False
01KEYTZ6FG0DMBNQ2N98ZD9BKT,37,meta-llama/Llama-3.3-70B-Instruct-Turbo,animals,"dog
cat
monkey
bear
bird
rat
mouse
whale
pig
horse
cow
sheep
llama
alligator
crocodile
penguin
skunk
peacock
hawk
eagle
robin
sparrow
ant
bee
flamingo
trout
aardvark
armadillo
lion
puma
leopard
tiger
fish
salmon
zebra
giraffe",duck,0.0,elephant,,False,True,0,,iterative,4339434688204882400,elephant,False
01KEYTZ6FG0DMBNQ2N98ZD9BKT,38,meta-llama/Llama-3.3-70B-Instruct-Turbo,animals,"dog
cat
monkey
bear
bird
rat
mouse
whale
pig
horse
cow
sheep
llama
alligator
crocodile
penguin
skunk
peacock
hawk
eagle
robin
sparrow
ant
bee
flamingo
trout
aardvark
armadillo
lion
puma
leopard
tiger
fish
salmon
zebra
giraffe
duck",snake,0.0,goat,,False,True,0,,iterative,10029319906202575000,goose,False
01KEYTZ6FG0DMBNQ2N98ZD9BKT,39,meta-llama/Llama-3.3-70B-Instruct-Turbo,animals,"dog
cat
monkey
bear
bird
rat
mouse
whale
pig
horse
cow
sheep
llama
alligator
crocodile
penguin
skunk
peacock
hawk
eagle
robin
sparrow
ant
bee
flamingo
trout
aardvark
armadillo
lion
puma
leopard
tiger
fish
salmon
zebra
giraffe
duck
snake",elephant,0.0,frog,,False,True,0,,iterative,7052337186569222000,iguana,False
01KEYTZ6FG0DMBNQ2N98ZD9BKT,40,meta-llama/Llama-3.3-70B-Instruct-Turbo,animals,"dog
cat
monkey
bear
bird
rat
mouse
whale
pig
horse
cow
sheep
llama
alligator
crocodile
penguin
skunk
peacock
hawk
eagle
robin
sparrow
ant
bee
flamingo
trout
aardvark
armadillo
lion
puma
leopard
tiger
fish
salmon
zebra
giraffe
duck
snake
elephant",ram,0.0,kangaroo,,False,True,0,,iterative,14357408899767785000,panda,False
01KEYVD24AMSYYSS06HRT98T1A,2,meta-llama/Llama-3.3-70B-Instruct-Turbo,animals,cat,dog,0.0,dog,,True,True,0,,iterative,6457800021715433000,dog,True
01KEYVD24AMSYYSS06HRT98T1A,3,meta-llama/Llama-3.3-70B-Instruct-Turbo,animals,"cat
dog",rabbit,0.0,hamster,,False,True,0,,iterative,4936225449771271000,mouse,False
01KEYVD24AMSYYSS06HRT98T1A,4,meta-llama/Llama-3.3-70B-Instruct-Turbo,animals,"cat
dog
rabbit",snake,0.0,hamster,,False,True,0,,iterative,4080110155872417000,sheep,False
01KEYVD24AMSYYSS06HRT98T1A,5,meta-llama/Llama-3.3-70B-Instruct-Turbo,animals,"cat
dog
rabbit
snake",hamster,0.0,hamster,,True,True,0,,iterative,9767693352800477000,goat,False
01KEYVD24AMSYYSS06HRT98T1A,6,meta-llama/Llama-3.3-70B-Instruct-Turbo,animals,"cat
dog
rabbit
snake
hamster",rat,0.0,gerbil,,False,True,0,,iterative,2980664305466885600,gerbil,False
01KEYVD24AMSYYSS06HRT98T1A,7,meta-llama/Llama-3.3-70B-Instruct-Turbo,animals,"cat
dog
rabbit
snake
hamster
rat",gerbil,0.0,mouse,,False,True,0,,iterative,4642631029785169000,gerbil,True
01KEYVD24AMSYYSS06HRT98T1A,8,meta-llama/Llama-3.3-70B-Instruct-Turbo,animals,"cat
dog
rabbit
snake
hamster
rat
gerbil",guineapig,0.0,mouse,,False,True,0,,iterative,3577459424333562000,cow,False
01KEYVD24AMSYYSS06HRT98T1A,9,meta-llama/Llama-3.3-70B-Instruct-Turbo,animals,"cat
dog
rabbit
snake
hamster
rat
gerbil
guinea pig",elephant,1.0,mouse,,False,True,0,,iterative,15320440278969799000,pig,False
01KEYVD24AMSYYSS06HRT98T1A,10,meta-llama/Llama-3.3-70B-Instruct-Turbo,animals,"cat
dog
rabbit
snake
hamster
rat
gerbil
guinea pig
elephant",hippopotamus,0.0,mouse,,False,True,0,,iterative,17719243849332169000,tiger,False
01KEYVD24AMSYYSS06HRT98T1A,11,meta-llama/Llama-3.3-70B-Instruct-Turbo,animals,"cat
dog
rabbit
snake
hamster
rat
gerbil
guinea pig
elephant
hippopotamus",lion,0.0,giraffe,,False,True,0,,iterative,15348836991618576000,lion,True
01KEYVD24AMSYYSS06HRT98T1A,12,meta-llama/Llama-3.3-70B-Instruct-Turbo,animals,"cat
dog
rabbit
snake
hamster
rat
gerbil
guinea pig
elephant
hippopotamus
lion",tiger,0.0,tiger,,True,True,0,,iterative,2058058659164735500,tiger,True
01KEYVD24AMSYYSS06HRT98T1A,13,meta-llama/Llama-3.3-70B-Instruct-Turbo,animals,"cat
dog
rabbit
snake
hamster
rat
gerbil
guinea pig
elephant
hippopotamus
lion
tiger",monkey,0.0,leopard,,False,True,0,,iterative,8389942469113344000,puma,False
01KEYVD24AMSYYSS06HRT98T1A,14,meta-llama/Llama-3.3-70B-Instruct-Turbo,animals,"cat
dog
rabbit
snake
hamster
rat
gerbil
guinea pig
elephant
hippopotamus
lion
tiger
monkey",chimpanzee,0.0,giraffe,,False,True,0,,iterative,7571749891973438000,ape,False
01KEYVD24AMSYYSS06HRT98T1A,15,meta-llama/Llama-3.3-70B-Instruct-Turbo,animals,"cat
dog
rabbit
snake
hamster
rat
gerbil
guinea pig
elephant
hippopotamus
lion
tiger
monkey
chimpanzee",armadillo,0.0,gorilla,,False,True,0,,iterative,8207026617902321000,ape,False
01KEYVD24AMSYYSS06HRT98T1A,16,meta-llama/Llama-3.3-70B-Instruct-Turbo,animals,"cat
dog
rabbit
snake
hamster
rat
gerbil
guinea pig
elephant
hippopotamus
lion
tiger
monkey
chimpanzee
armadillo",sealion,1.0,giraffe,,False,True,0,,iterative,129755215566406370,kangaroo,False
01KEYVD24AMSYYSS06HRT98T1A,17,meta-llama/Llama-3.3-70B-Instruct-Turbo,animals,"cat
dog
rabbit
snake
hamster
rat
gerbil
guinea pig
elephant
hippopotamus
lion
tiger
monkey
chimpanzee
armadillo
sea lion",seal,0.0,otter,,False,True,0,,iterative,15385881409660731000,seal,True
01KEYVD24AMSYYSS06HRT98T1A,18,meta-llama/Llama-3.3-70B-Instruct-Turbo,animals,"cat
dog
rabbit
snake
hamster
rat
gerbil
guinea pig
elephant
hippopotamus
lion
tiger
monkey
chimpanzee
armadillo
sea lion
seal",penguin,0.0,walrus,,False,True,0,,iterative,11559695285132335000,otter,False
01KEYVD24AMSYYSS06HRT98T1A,19,meta-llama/Llama-3.3-70B-Instruct-Turbo,animals,"cat
dog
rabbit
snake
hamster
rat
gerbil
guinea pig
elephant
hippopotamus
lion
tiger
monkey
chimpanzee
armadillo
sea lion
seal
penguin",whale,0.0,walrus,,False,True,0,,iterative,16533800546109393000,gull,False
01KEYVD24AMSYYSS06HRT98T1A,20,meta-llama/Llama-3.3-70B-Instruct-Turbo,animals,"cat
dog
rabbit
snake
hamster
rat
gerbil
guinea pig
elephant
hippopotamus
lion
tiger
monkey
chimpanzee
armadillo
sea lion
seal
penguin
whale",ray,0.0,dolphin,,False,True,0,,iterative,6377543138951993000,shark,False
01KEYVD24AMSYYSS06HRT98T1A,21,meta-llama/Llama-3.3-70B-Instruct-Turbo,animals,"cat
dog
rabbit
snake
hamster
rat
gerbil
guinea pig
elephant
hippopotamus
lion
tiger
monkey
chimpanzee
armadillo
sea lion
seal
penguin
whale
ray",fish,0.0,shark,,False,True,0,,iterative,10675699185242192000,trout,False
01KEYVD24AMSYYSS06HRT98T1A,22,meta-llama/Llama-3.3-70B-Instruct-Turbo,animals,"cat
dog
rabbit
snake
hamster
rat
gerbil
guinea pig
elephant
hippopotamus
lion
tiger
monkey
chimpanzee
armadillo
sea lion
seal
penguin
whale
ray
fish",eel,0.0,shark,,False,True,0,,iterative,4395152560242193400,prawn,False
01KEYVD24AMSYYSS06HRT98T1A,23,meta-llama/Llama-3.3-70B-Instruct-Turbo,animals,"cat
dog
rabbit
snake
hamster
rat
gerbil
guinea pig
elephant
hippopotamus
lion
tiger
monkey
chimpanzee
armadillo
sea lion
seal
penguin
whale
ray
fish
eel",frog,0.0,shark,,False,True,0,,iterative,17545597381395968000,haddock,False
01KEYVD24AMSYYSS06HRT98T1A,24,meta-llama/Llama-3.3-70B-Instruct-Turbo,animals,"cat
dog
rabbit
snake
hamster
rat
gerbil
guinea pig
elephant
hippopotamus
lion
tiger
monkey
chimpanzee
armadillo
sea lion
seal
penguin
whale
ray
fish
eel
frog",newt,0.0,toad,,False,True,0,,iterative,10884875365222597000,toad,False
01KEYVD24AMSYYSS06HRT98T1A,25,meta-llama/Llama-3.3-70B-Instruct-Turbo,animals,"cat
dog
rabbit
snake
hamster
rat
gerbil
guinea pig
elephant
hippopotamus
lion
tiger
monkey
chimpanzee
armadillo
sea lion
seal
penguin
whale
ray
fish
eel
frog
newt",salamander,0.0,toad,,False,True,0,,iterative,1194154066693752300,toad,False
01KEYVD24AMSYYSS06HRT98T1A,26,meta-llama/Llama-3.3-70B-Instruct-Turbo,animals,"cat
dog
rabbit
snake
hamster
rat
gerbil
guinea pig
elephant
hippopotamus
lion
tiger
monkey
chimpanzee
armadillo
sea lion
seal
penguin
whale
ray
fish
eel
frog
newt
salamander",turtle,0.0,toad,,False,True,0,,iterative,761607291059053000,lizard,False
01KEYVD24AMSYYSS06HRT98T1A,27,meta-llama/Llama-3.3-70B-Instruct-Turbo,animals,"cat
dog
rabbit
snake
hamster
rat
gerbil
guinea pig
elephant
hippopotamus
lion
tiger
monkey
chimpanzee
armadillo
sea lion
seal
penguin
whale
ray
fish
eel
frog
newt
salamander
turtle",tortoise,0.0,alligator,,False,True,0,,iterative,4557049096189077000,tortoise,True
01KEYVD24AMSYYSS06HRT98T1A,28,meta-llama/Llama-3.3-70B-Instruct-Turbo,animals,"cat
dog
rabbit
snake
hamster
rat
gerbil
guinea pig
elephant
hippopotamus
lion
tiger
monkey
chimpanzee
armadillo
sea lion
seal
penguin
whale
ray
fish
eel
frog
newt
salamander
turtle
tortoise",crab,0.0,crocodile,,False,True,0,,iterative,13491405651754620000,sloth,False
01KEYVD24AMSYYSS06HRT98T1A,29,meta-llama/Llama-3.3-70B-Instruct-Turbo,animals,"cat
dog
rabbit
snake
hamster
rat
gerbil
guinea pig
elephant
hippopotamus
lion
tiger
monkey
chimpanzee
armadillo
sea lion
seal
penguin
whale
ray
fish
eel
frog
newt
salamander
turtle
tortoise
crab",lobster,0.0,lobster,,True,True,0,,iterative,6384855808365520000,lobster,True
01KEYVD24AMSYYSS06HRT98T1A,30,meta-llama/Llama-3.3-70B-Instruct-Turbo,animals,"cat
dog
rabbit
snake
hamster
rat
gerbil
guinea pig
elephant
hippopotamus
lion
tiger
monkey
chimpanzee
armadillo
sea lion
seal
penguin
whale
ray
fish
eel
frog
newt
salamander
turtle
tortoise
crab
lobster",crayfish,0.0,shrimp,,False,True,0,,iterative,6141819720971715000,crayfish,True
01KEYVD24AMSYYSS06HRT98T1A,31,meta-llama/Llama-3.3-70B-Instruct-Turbo,animals,"cat
dog
rabbit
snake
hamster
rat
gerbil
guinea pig
elephant
hippopotamus
lion
tiger
monkey
chimpanzee
armadillo
sea lion
seal
penguin
whale
ray
fish
eel
frog
newt
salamander
turtle
tortoise
crab
lobster
crayfish",spider,1.0,shrimp,,False,True,0,,iterative,9397380808544623000,mussel,False
01KEYVD24AMSYYSS06HRT98T1A,32,meta-llama/Llama-3.3-70B-Instruct-Turbo,animals,"cat
dog
rabbit
snake
hamster
rat
gerbil
guinea pig
elephant
hippopotamus
lion
tiger
monkey
chimpanzee
armadillo
sea lion
seal
penguin
whale
ray
fish
eel
frog
newt
salamander
turtle
tortoise
crab
lobster
crayfish
spider",ant,0.0,scorpion,,False,True,0,,iterative,17565334393684333000,ant,True
01KEYVD24AMSYYSS06HRT98T1A,33,meta-llama/Llama-3.3-70B-Instruct-Turbo,animals,"cat
dog
rabbit
snake
hamster
rat
gerbil
guinea pig
elephant
hippopotamus
lion
tiger
monkey
chimpanzee
armadillo
sea lion
seal
penguin
whale
ray
fish
eel
frog
newt
salamander
turtle
tortoise
crab
lobster
crayfish
spider
ant",millipede,0.0,bee,,False,True,0,,iterative,1012738543534078200,butterfly,False
01KEYVD24AMSYYSS06HRT98T1A,34,meta-llama/Llama-3.3-70B-Instruct-Turbo,animals,"cat
dog
rabbit
snake
hamster
rat
gerbil
guinea pig
elephant
hippopotamus
lion
tiger
monkey
chimpanzee
armadillo
sea lion
seal
penguin
whale
ray
fish
eel
frog
newt
salamander
turtle
tortoise
crab
lobster
crayfish
spider
ant
millipede",centipede,0.0,centipede,,True,True,0,,iterative,4894480649428115000,centipede,True
01KEYVD24AMSYYSS06HRT98T1A,35,meta-llama/Llama-3.3-70B-Instruct-Turbo,animals,"cat
dog
rabbit
snake
hamster
rat
gerbil
guinea pig
elephant
hippopotamus
lion
tiger
monkey
chimpanzee
armadillo
sea lion
seal
penguin
whale
ray
fish
eel
frog
newt
salamander
turtle
tortoise
crab
lobster
crayfish
spider
ant
millipede
centipede",worm,0.0,insect,,False,True,0,,iterative,17655939824935002000,worm,True
01KEYVD24AMSYYSS06HRT98T1A,36,meta-llama/Llama-3.3-70B-Instruct-Turbo,animals,"cat
dog
rabbit
snake
hamster
rat
gerbil
guinea pig
elephant
hippopotamus
lion
tiger
monkey
chimpanzee
armadillo
sea lion
seal
penguin
whale
ray
fish
eel
frog
newt
salamander
turtle
tortoise
crab
lobster
crayfish
spider
ant
millipede
centipede
worm",snail,0.0,insect,,False,True,0,,iterative,7643094596828355000,beetle,False
01KEYVD24AMSYYSS06HRT98T1A,37,meta-llama/Llama-3.3-70B-Instruct-Turbo,animals,"cat
dog
rabbit
snake
hamster
rat
gerbil
guinea pig
elephant
hippopotamus
lion
tiger
monkey
chimpanzee
armadillo
sea lion
seal
penguin
whale
ray
fish
eel
frog
newt
salamander
turtle
tortoise
crab
lobster
crayfish
spider
ant
millipede
centipede
worm
snail",slug,0.0,slug,,True,True,0,,iterative,14686992668023796000,beetle,False
01KEYVD24AMSYYSS06HRT98T1A,38,meta-llama/Llama-3.3-70B-Instruct-Turbo,animals,"cat
dog
rabbit
snake
hamster
rat
gerbil
guinea pig
elephant
hippopotamus
lion
tiger
monkey
chimpanzee
armadillo
sea lion
seal
penguin
whale
ray
fish
eel
frog
newt
salamander
turtle
tortoise
crab
lobster
crayfish
spider
ant
millipede
centipede
worm
snail
slug",woodlouse,0.0,leech,,False,True,0,,iterative,1822498279653800000,beetle,False
01KEYVD24AMSYYSS06HRT98T1A,39,meta-llama/Llama-3.3-70B-Instruct-Turbo,animals,"cat
dog
rabbit
snake
hamster
rat
gerbil
guinea pig
elephant
hippopotamus
lion
tiger
monkey
chimpanzee
armadillo
sea lion
seal
penguin
whale
ray
fish
eel
frog
newt
salamander
turtle
tortoise
crab
lobster
crayfish
spider
ant
millipede
centipede
worm
snail
slug
woodlouse",flea,0.0,insect,,False,True,0,,iterative,4047892395466806000,beetle,False
01KEYVD24AMSYYSS06HRT98T1A,40,meta-llama/Llama-3.3-70B-Instruct-Turbo,animals,"cat
dog
rabbit
snake
hamster
rat
gerbil
guinea pig
elephant
hippopotamus
lion
tiger
monkey
chimpanzee
armadillo
sea lion
seal
penguin
whale
ray
fish
eel
frog
newt
salamander
turtle
tortoise
crab
lobster
crayfish
spider
ant
millipede
centipede
worm
snail
slug
woodlouse
flea",daddylonglegs,0.0,tick,,False,True,0,,iterative,7313182094272227000,beetle,False
01KEYVD24AMSYYSS06HRT98T1A,41,meta-llama/Llama-3.3-70B-Instruct-Turbo,animals,"cat
dog
rabbit
snake
hamster
rat
gerbil
guinea pig
elephant
hippopotamus
lion
tiger
monkey
chimpanzee
armadillo
sea lion
seal
penguin
whale
ray
fish
eel
frog
newt
salamander
turtle
tortoise
crab
lobster
crayfish
spider
ant
millipede
centipede
worm
snail
slug
woodlouse
flea
daddy longlegs",koala,1.0,scorpion,,False,True,0,,iterative,11263280312835787000,butterfly,False
01KEYVD24AMSYYSS06HRT98T1A,42,meta-llama/Llama-3.3-70B-Instruct-Turbo,animals,"cat
dog
rabbit
snake
hamster
rat
gerbil
guinea pig
elephant
hippopotamus
lion
tiger
monkey
chimpanzee
armadillo
sea lion
seal
penguin
whale
ray
fish
eel
frog
newt
salamander
turtle
tortoise
crab
lobster
crayfish
spider
ant
millipede
centipede
worm
snail
slug
woodlouse
flea
daddy longlegs
koala",panda,0.0,kangaroo,,False,True,0,,iterative,5360090006954777000,bear,False
01KEYVD24AMSYYSS06HRT98T1A,43,meta-llama/Llama-3.3-70B-Instruct-Turbo,animals,"cat
dog
rabbit
snake
hamster
rat
gerbil
guinea pig
elephant
hippopotamus
lion
tiger
monkey
chimpanzee
armadillo
sea lion
seal
penguin
whale
ray
fish
eel
frog
newt
salamander
turtle
tortoise
crab
lobster
crayfish
spider
ant
millipede
centipede
worm
snail
slug
woodlouse
flea
daddy longlegs
koala
panda",polarbear,0.0,sloth,,False,True,0,,iterative,4257808037093134000,bear,False
01KEYVD24AMSYYSS06HRT98T1A,44,meta-llama/Llama-3.3-70B-Instruct-Turbo,animals,"cat
dog
rabbit
snake
hamster
rat
gerbil
guinea pig
elephant
hippopotamus
lion
tiger
monkey
chimpanzee
armadillo
sea lion
seal
penguin
whale
ray
fish
eel
frog
newt
salamander
turtle
tortoise
crab
lobster
crayfish
spider
ant
millipede
centipede
worm
snail
slug
woodlouse
flea
daddy longlegs
koala
panda
polar bear",grizzlybear,0.0,grizzlybear,,True,True,0,,iterative,8138705233788574000,bear,False
01KEYVD24AMSYYSS06HRT98T1A,45,meta-llama/Llama-3.3-70B-Instruct-Turbo,animals,"cat
dog
rabbit
snake
hamster
rat
gerbil
guinea pig
elephant
hippopotamus
lion
tiger
monkey
chimpanzee
armadillo
sea lion
seal
penguin
whale
ray
fish
eel
frog
newt
salamander
turtle
tortoise
crab
lobster
crayfish
spider
ant
millipede
centipede
worm
snail
slug
woodlouse
flea
daddy longlegs
koala
panda
polar bear
grizzly bear",kangaroo,0.0,blackbear,,False,True,0,,iterative,244804192239204670,bear,False
01KEYVD24AMSYYSS06HRT98T1A,46,meta-llama/Llama-3.3-70B-Instruct-Turbo,animals,"cat
dog
rabbit
snake
hamster
rat
gerbil
guinea pig
elephant
hippopotamus
lion
tiger
monkey
chimpanzee
armadillo
sea lion
seal
penguin
whale
ray
fish
eel
frog
newt
salamander
turtle
tortoise
crab
lobster
crayfish
spider
ant
millipede
centipede
worm
snail
slug
woodlouse
flea
daddy longlegs
koala
panda
polar bear
grizzly bear
kangaroo",wombat,0.0,wombat,,True,True,0,,iterative,15209946390976848000,dingo,False
01KEYVFEC16T9EY56NX1QB87J7,2,meta-llama/Llama-3.3-70B-Instruct-Turbo,animals,dog,cat,0.0,cat,,True,True,0,,iterative,2903472113851477500,cat,True
01KEYVFEC16T9EY56NX1QB87J7,3,meta-llama/Llama-3.3-70B-Instruct-Turbo,animals,"dog
cat",rabbit,0.0,hamster,,False,True,0,,iterative,969186828962937700,mouse,False
01KEYVFEC16T9EY56NX1QB87J7,4,meta-llama/Llama-3.3-70B-Instruct-Turbo,animals,"dog
cat
rabbit",pig,1.0,hamster,,False,True,0,,iterative,8698801400020565000,hare,False
01KEYVFEC16T9EY56NX1QB87J7,5,meta-llama/Llama-3.3-70B-Instruct-Turbo,animals,"dog
cat
rabbit
pig",goat,0.0,horse,,False,True,0,,iterative,11671451267544044000,horse,False
01KEYVFEC16T9EY56NX1QB87J7,6,meta-llama/Llama-3.3-70B-Instruct-Turbo,animals,"dog
cat
rabbit
pig
goat",horse,0.0,sheep,,False,True,0,,iterative,16203065398570598000,cow,False
01KEYVFEC16T9EY56NX1QB87J7,7,meta-llama/Llama-3.3-70B-Instruct-Turbo,animals,"dog
cat
rabbit
pig
goat
horse",zebra,1.0,cow,,False,True,0,,iterative,16815945207289055000,cow,False
01KEYVFEC16T9EY56NX1QB87J7,8,meta-llama/Llama-3.3-70B-Instruct-Turbo,animals,"dog
cat
rabbit
pig
goat
horse
zebra",lion,0.0,donkey,,False,True,0,,iterative,5315119281349276000,rhino,False
01KEYVFEC16T9EY56NX1QB87J7,9,meta-llama/Llama-3.3-70B-Instruct-Turbo,animals,"dog
cat
rabbit
pig
goat
horse
zebra
lion",tiger,0.0,giraffe,,False,True,0,,iterative,16396450908480242000,tiger,True
01KEYVFEC16T9EY56NX1QB87J7,10,meta-llama/Llama-3.3-70B-Instruct-Turbo,animals,"dog
cat
rabbit
pig
goat
horse
zebra
lion
tiger",monkey,0.0,leopard,,False,True,0,,iterative,16094936685023880000,jaguar,False
01KEYVFEC16T9EY56NX1QB87J7,11,meta-llama/Llama-3.3-70B-Instruct-Turbo,animals,"dog
cat
rabbit
pig
goat
horse
zebra
lion
tiger
monkey",bear,0.0,giraffe,,False,True,0,,iterative,17102190788802136000,ape,False
01KEYVFEC16T9EY56NX1QB87J7,12,meta-llama/Llama-3.3-70B-Instruct-Turbo,animals,"dog
cat
rabbit
pig
goat
horse
zebra
lion
tiger
monkey
bear",hippopotamus,0.0,elephant,,False,True,0,,iterative,5108174013172226000,jaguar,False
01KEYVFEC16T9EY56NX1QB87J7,13,meta-llama/Llama-3.3-70B-Instruct-Turbo,animals,"dog
cat
rabbit
pig
goat
horse
zebra
lion
tiger
monkey
bear
hippopotamus",snake,0.0,giraffe,,False,True,0,,iterative,17223047144062603000,giraffe,False
01KEYVFEC16T9EY56NX1QB87J7,14,meta-llama/Llama-3.3-70B-Instruct-Turbo,animals,"dog
cat
rabbit
pig
goat
horse
zebra
lion
tiger
monkey
bear
hippopotamus
snake",rat,0.0,crocodile,,False,True,0,,iterative,14451797525990083000,water,False
01KEYVFEC16T9EY56NX1QB87J7,15,meta-llama/Llama-3.3-70B-Instruct-Turbo,animals,"dog
cat
rabbit
pig
goat
horse
zebra
lion
tiger
monkey
bear
hippopotamus
snake
rat",guineapig,1.0,mouse,,False,True,0,,iterative,17495128402600806000,mouse,False
01KEYVFEC16T9EY56NX1QB87J7,16,meta-llama/Llama-3.3-70B-Instruct-Turbo,animals,"dog
cat
rabbit
pig
goat
horse
zebra
lion
tiger
monkey
bear
hippopotamus
snake
rat
guinea pig",mouse,0.0,hamster,,False,True,0,,iterative,13522036409195250000,hamster,False
01KEYVFEC16T9EY56NX1QB87J7,17,meta-llama/Llama-3.3-70B-Instruct-Turbo,animals,"dog
cat
rabbit
pig
goat
horse
zebra
lion
tiger
monkey
bear
hippopotamus
snake
rat
guinea pig
mouse",donkey,1.0,squirrel,,False,True,0,,iterative,5006701726619265000,hamster,False
01KEYVFEC16T9EY56NX1QB87J7,18,meta-llama/Llama-3.3-70B-Instruct-Turbo,animals,"dog
cat
rabbit
pig
goat
horse
zebra
lion
tiger
monkey
bear
hippopotamus
snake
rat
guinea pig
mouse
donkey",raccoon,1.0,elephant,,False,True,0,,iterative,3549589812111209500,horse,False
01KEYVFEC16T9EY56NX1QB87J7,19,meta-llama/Llama-3.3-70B-Instruct-Turbo,animals,"dog
cat
rabbit
pig
goat
horse
zebra
lion
tiger
monkey
bear
hippopotamus
snake
rat
guinea pig
mouse
donkey
raccoon",wolf,0.0,squirrel,,False,True,0,,iterative,9694095552200229000,emu,False
01KEYVFEC16T9EY56NX1QB87J7,20,meta-llama/Llama-3.3-70B-Instruct-Turbo,animals,"dog
cat
rabbit
pig
goat
horse
zebra
lion
tiger
monkey
bear
hippopotamus
snake
rat
guinea pig
mouse
donkey
raccoon
wolf",chipmunk,0.0,fox,,False,True,0,,iterative,12303094816923339000,zebra,False
01KEYVFEC16T9EY56NX1QB87J7,21,meta-llama/Llama-3.3-70B-Instruct-Turbo,animals,"dog
cat
rabbit
pig
goat
horse
zebra
lion
tiger
monkey
bear
hippopotamus
snake
rat
guinea pig
mouse
donkey
raccoon
wolf
chipmunk",elephant,1.0,squirrel,,False,True,0,,iterative,1876941428275833300,owl,False
01KEYVFEC16T9EY56NX1QB87J7,22,meta-llama/Llama-3.3-70B-Instruct-Turbo,animals,"dog
cat
rabbit
pig
goat
horse
zebra
lion
tiger
monkey
bear
hippopotamus
snake
rat
guinea pig
mouse
donkey
raccoon
wolf
chipmunk
elephant",deer,1.0,giraffe,,False,True,0,,iterative,5180761754860673000,giraffe,False
01KEYVFEC16T9EY56NX1QB87J7,23,meta-llama/Llama-3.3-70B-Instruct-Turbo,animals,"dog
cat
rabbit
pig
goat
horse
zebra
lion
tiger
monkey
bear
hippopotamus
snake
rat
guinea pig
mouse
donkey
raccoon
wolf
chipmunk
elephant
deer",sheep,1.0,squirrel,,False,True,0,,iterative,18378727288868070000,giraffe,False
01KEYVFEC16T9EY56NX1QB87J7,24,meta-llama/Llama-3.3-70B-Instruct-Turbo,animals,"dog
cat
rabbit
pig
goat
horse
zebra
lion
tiger
monkey
bear
hippopotamus
snake
rat
guinea pig
mouse
donkey
raccoon
wolf
chipmunk
elephant
deer
sheep",cow,0.0,fox,,False,True,0,,iterative,9207054010065327000,ram,False
01KEYVFEC16T9EY56NX1QB87J7,25,meta-llama/Llama-3.3-70B-Instruct-Turbo,animals,"dog
cat
rabbit
pig
goat
horse
zebra
lion
tiger
monkey
bear
hippopotamus
snake
rat
guinea pig
mouse
donkey
raccoon
wolf
chipmunk
elephant
deer
sheep
cow",hen,0.0,fox,,False,True,0,,iterative,5765995376586423000,emu,False
01KEYVFEC16T9EY56NX1QB87J7,26,meta-llama/Llama-3.3-70B-Instruct-Turbo,animals,"dog
cat
rabbit
pig
goat
horse
zebra
lion
tiger
monkey
bear
hippopotamus
snake
rat
guinea pig
mouse
donkey
raccoon
wolf
chipmunk
elephant
deer
sheep
cow
hen",kangaroo,1.0,turkey,,False,True,0,,iterative,2011069902796517600,chicken,False
01KEYVFEC16T9EY56NX1QB87J7,27,meta-llama/Llama-3.3-70B-Instruct-Turbo,animals,"dog
cat
rabbit
pig
goat
horse
zebra
lion
tiger
monkey
bear
hippopotamus
snake
rat
guinea pig
mouse
donkey
raccoon
wolf
chipmunk
elephant
deer
sheep
cow
hen
kangaroo",koala,0.0,fox,,False,True,0,,iterative,15705815054180060000,wallaby,False
01KEYVKCTGFNT37B0WNK73GHSH,2,meta-llama/Llama-3.3-70B-Instruct-Turbo,animals,dog,cat,0.0,cat,,True,True,0,,iterative,52803798993759210,cat,True
01KEYVKCTGFNT37B0WNK73GHSH,3,meta-llama/Llama-3.3-70B-Instruct-Turbo,animals,"dog
cat",zebra,1.0,hamster,,False,True,0,,iterative,12882326705882590000,mouse,False
01KEYVKCTGFNT37B0WNK73GHSH,4,meta-llama/Llama-3.3-70B-Instruct-Turbo,animals,"dog
cat
zebra",lion,1.0,horse,,False,True,0,,iterative,13848403809095550000,horse,False
01KEYVKCTGFNT37B0WNK73GHSH,5,meta-llama/Llama-3.3-70B-Instruct-Turbo,animals,"dog
cat
zebra
lion",cougar,0.0,giraffe,,False,True,0,,iterative,6673120230546577000,tiger,False
01KEYVKCTGFNT37B0WNK73GHSH,6,meta-llama/Llama-3.3-70B-Instruct-Turbo,animals,"dog
cat
zebra
lion
cougar",moose,1.0,tiger,,False,True,0,,iterative,13299635555636365000,tiger,False
01KEYVKCTGFNT37B0WNK73GHSH,7,meta-llama/Llama-3.3-70B-Instruct-Turbo,animals,"dog
cat
zebra
lion
cougar
moose",mouse,1.0,bear,,False,True,0,,iterative,11959533624248617000,buffalo,False
01KEYVKCTGFNT37B0WNK73GHSH,8,meta-llama/Llama-3.3-70B-Instruct-Turbo,animals,"dog
cat
zebra
lion
cougar
moose
mouse",rat,0.0,elephant,,False,True,0,,iterative,17322574078158576000,rat,True
01KEYVKCTGFNT37B0WNK73GHSH,9,meta-llama/Llama-3.3-70B-Instruct-Turbo,animals,"dog
cat
zebra
lion
cougar
moose
mouse
rat",ant,1.0,squirrel,,False,True,0,,iterative,14326925972994175000,raccoon,False
01KEYVKCTGFNT37B0WNK73GHSH,10,meta-llama/Llama-3.3-70B-Instruct-Turbo,animals,"dog
cat
zebra
lion
cougar
moose
mouse
rat
ant",bat,1.0,beetle,,False,True,0,,iterative,14668052077265805000,beetle,False
01KEYVKCTGFNT37B0WNK73GHSH,11,meta-llama/Llama-3.3-70B-Instruct-Turbo,animals,"dog
cat
zebra
lion
cougar
moose
mouse
rat
ant
bat",moth,1.0,butterfly,,False,True,0,,iterative,3164979181782696000,bird,False
01KEYVKCTGFNT37B0WNK73GHSH,12,meta-llama/Llama-3.3-70B-Instruct-Turbo,animals,"dog
cat
zebra
lion
cougar
moose
mouse
rat
ant
bat
moth",fly,0.0,butterfly,,False,True,0,,iterative,14028788036631941000,butterfly,False
01KEYVKCTGFNT37B0WNK73GHSH,13,meta-llama/Llama-3.3-70B-Instruct-Turbo,animals,"dog
cat
zebra
lion
cougar
moose
mouse
rat
ant
bat
moth
fly",cockroach,0.0,butterfly,,False,True,0,,iterative,1579551335929298400,spider,False
01KEYVKCTGFNT37B0WNK73GHSH,14,meta-llama/Llama-3.3-70B-Instruct-Turbo,animals,"dog
cat
zebra
lion
cougar
moose
mouse
rat
ant
bat
moth
fly
cockroach",beetle,0.0,bee,,False,True,0,,iterative,2693227535883961000,spider,False
01KEYVKCTGFNT37B0WNK73GHSH,15,meta-llama/Llama-3.3-70B-Instruct-Turbo,animals,"dog
cat
zebra
lion
cougar
moose
mouse
rat
ant
bat
moth
fly
cockroach
beetle",deer,0.0,butterfly,,False,True,0,,iterative,2917656732921752600,spider,False
01KEYVKCTGFNT37B0WNK73GHSH,16,meta-llama/Llama-3.3-70B-Instruct-Turbo,animals,"dog
cat
zebra
lion
cougar
moose
mouse
rat
ant
bat
moth
fly
cockroach
beetle
deer",elk,0.0,squirrel,,False,True,0,,iterative,15315133064642044000,bear,False
01KEYVKCTGFNT37B0WNK73GHSH,17,meta-llama/Llama-3.3-70B-Instruct-Turbo,animals,"dog
cat
zebra
lion
cougar
moose
mouse
rat
ant
bat
moth
fly
cockroach
beetle
deer
elk",gorilla,1.0,squirrel,,False,True,0,,iterative,189105918963493540,wolf,False
01KEYVKCTGFNT37B0WNK73GHSH,18,meta-llama/Llama-3.3-70B-Instruct-Turbo,animals,"dog
cat
zebra
lion
cougar
moose
mouse
rat
ant
bat
moth
fly
cockroach
beetle
deer
elk
gorilla",monkey,0.0,monkey,,True,True,0,,iterative,5798527002608772000,chimpanzee,False
01KEYVKCTGFNT37B0WNK73GHSH,19,meta-llama/Llama-3.3-70B-Instruct-Turbo,animals,"dog
cat
zebra
lion
cougar
moose
mouse
rat
ant
bat
moth
fly
cockroach
beetle
deer
elk
gorilla
monkey",tiger,1.0,leopard,,False,True,0,,iterative,13707664595081144000,chimpanzee,False
01KEYVKCTGFNT37B0WNK73GHSH,20,meta-llama/Llama-3.3-70B-Instruct-Turbo,animals,"dog
cat
zebra
lion
cougar
moose
mouse
rat
ant
bat
moth
fly
cockroach
beetle
deer
elk
gorilla
monkey
tiger",bison,1.0,leopard,,False,True,0,,iterative,10081233787878540000,bear,False
01KEYVKCTGFNT37B0WNK73GHSH,21,meta-llama/Llama-3.3-70B-Instruct-Turbo,animals,"dog
cat
zebra
lion
cougar
moose
mouse
rat
ant
bat
moth
fly
cockroach
beetle
deer
elk
gorilla
monkey
tiger
bison",waterbuffalo,0.0,bear,,False,True,0,,iterative,6404783777414652000,buffalo,False
01KEYVKCTGFNT37B0WNK73GHSH,22,meta-llama/Llama-3.3-70B-Instruct-Turbo,animals,"dog
cat
zebra
lion
cougar
moose
mouse
rat
ant
bat
moth
fly
cockroach
beetle
deer
elk
gorilla
monkey
tiger
bison
water buffalo",hippopotamus,1.0,rhinoceros,,False,True,0,,iterative,3665080612797772000,bear,False
01KEYVKCTGFNT37B0WNK73GHSH,23,meta-llama/Llama-3.3-70B-Instruct-Turbo,animals,"dog
cat
zebra
lion
cougar
moose
mouse
rat
ant
bat
moth
fly
cockroach
beetle
deer
elk
gorilla
monkey
tiger
bison
water buffalo
hippopotamus",dolphin,0.0,rhinoceros,,False,True,0,,iterative,4266608476195337000,rhinoceros,False
01KEYVKCTGFNT37B0WNK73GHSH,24,meta-llama/Llama-3.3-70B-Instruct-Turbo,animals,"dog
cat
zebra
lion
cougar
moose
mouse
rat
ant
bat
moth
fly
cockroach
beetle
deer
elk
gorilla
monkey
tiger
bison
water buffalo
hippopotamus
dolphin",bluewhale,0.0,whale,,False,True,0,,iterative,14510416218907685000,whale,False
01KEYVKCTGFNT37B0WNK73GHSH,25,meta-llama/Llama-3.3-70B-Instruct-Turbo,animals,"dog
cat
zebra
lion
cougar
moose
mouse
rat
ant
bat
moth
fly
cockroach
beetle
deer
elk
gorilla
monkey
tiger
bison
water buffalo
hippopotamus
dolphin
blue whale",orca,0.0,shark,,False,True,0,,iterative,17366098662055786000,plankton,False
01KEYVKCTGFNT37B0WNK73GHSH,26,meta-llama/Llama-3.3-70B-Instruct-Turbo,animals,"dog
cat
zebra
lion
cougar
moose
mouse
rat
ant
bat
moth
fly
cockroach
beetle
deer
elk
gorilla
monkey
tiger
bison
water buffalo
hippopotamus
dolphin
blue whale
orca",trout,1.0,shark,,False,True,0,,iterative,6705804619776648000,killer whale,False
01KEYVKCTGFNT37B0WNK73GHSH,27,meta-llama/Llama-3.3-70B-Instruct-Turbo,animals,"dog
cat
zebra
lion
cougar
moose
mouse
rat
ant
bat
moth
fly
cockroach
beetle
deer
elk
gorilla
monkey
tiger
bison
water buffalo
hippopotamus
dolphin
blue whale
orca
trout",salmon,0.0,salmon,,True,True,0,,iterative,3024777046771390500,goldfish,False
01KEYVKCTGFNT37B0WNK73GHSH,28,meta-llama/Llama-3.3-70B-Instruct-Turbo,animals,"dog
cat
zebra
lion
cougar
moose
mouse
rat
ant
bat
moth
fly
cockroach
beetle
deer
elk
gorilla
monkey
tiger
bison
water buffalo
hippopotamus
dolphin
blue whale
orca
trout
salmon",goldfish,0.0,shark,,False,True,0,,iterative,17980762809986308000,tuna,False
01KEYVKCTGFNT37B0WNK73GHSH,29,meta-llama/Llama-3.3-70B-Instruct-Turbo,animals,"dog
cat
zebra
lion
cougar
moose
mouse
rat
ant
bat
moth
fly
cockroach
beetle
deer
elk
gorilla
monkey
tiger
bison
water buffalo
hippopotamus
dolphin
blue whale
orca
trout
salmon
goldfish",parrot,1.0,shark,,False,True,0,,iterative,12549631495986330000,starfish,False
01KEYVKCTGFNT37B0WNK73GHSH,30,meta-llama/Llama-3.3-70B-Instruct-Turbo,animals,"dog
cat
zebra
lion
cougar
moose
mouse
rat
ant
bat
moth
fly
cockroach
beetle
deer
elk
gorilla
monkey
tiger
bison
water buffalo
hippopotamus
dolphin
blue whale
orca
trout
salmon
goldfish
parrot",bluejay,0.0,sparrow,,False,True,0,,iterative,17347742028119507000,blue jay,True
01KEYVKCTGFNT37B0WNK73GHSH,31,meta-llama/Llama-3.3-70B-Instruct-Turbo,animals,"dog
cat
zebra
lion
cougar
moose
mouse
rat
ant
bat
moth
fly
cockroach
beetle
deer
elk
gorilla
monkey
tiger
bison
water buffalo
hippopotamus
dolphin
blue whale
orca
trout
salmon
goldfish
parrot
blue jay",fish,1.0,sparrow,,False,True,0,,iterative,13448787995776604000,robin,False
01KEYVT2EMV46CPPD3ZCWZPHTA,2,meta-llama/Llama-3.3-70B-Instruct-Turbo,animals,dog,cat,1.0,cat,,True,True,0,,iterative,4832641430179036000,cat,True
01KEYVT2EMV46CPPD3ZCWZPHTA,3,meta-llama/Llama-3.3-70B-Instruct-Turbo,animals,"dog
cat",horse,0.0,hamster,,False,True,0,,iterative,15895015321629524000,bird,False
01KEYVT2EMV46CPPD3ZCWZPHTA,4,meta-llama/Llama-3.3-70B-Instruct-Turbo,animals,"dog
cat
horse",fish,0.0,cow,,False,True,0,,iterative,2019037072746363000,cow,False
01KEYVT2EMV46CPPD3ZCWZPHTA,5,meta-llama/Llama-3.3-70B-Instruct-Turbo,animals,"dog
cat
horse
fish",gorilla,0.0,bird,,False,True,0,,iterative,1205037405876161800,water,False
01KEYVT2EMV46CPPD3ZCWZPHTA,6,meta-llama/Llama-3.3-70B-Instruct-Turbo,animals,"dog
cat
horse
fish
gorilla",monkey,0.0,monkey,,True,True,0,,iterative,2778172793658992000,monkey,True
01KEYVT2EMV46CPPD3ZCWZPHTA,7,meta-llama/Llama-3.3-70B-Instruct-Turbo,animals,"dog
cat
horse
fish
gorilla
monkey",meerkat,0.0,leopard,,False,True,0,,iterative,2433199360675850000,parrot,False
01KEYVT2EMV46CPPD3ZCWZPHTA,8,meta-llama/Llama-3.3-70B-Instruct-Turbo,animals,"dog
cat
horse
fish
gorilla
monkey
meerkat",lion,0.0,lemur,,False,True,0,,iterative,3792482280457371600,lemur,False
01KEYVT2EMV46CPPD3ZCWZPHTA,9,meta-llama/Llama-3.3-70B-Instruct-Turbo,animals,"dog
cat
horse
fish
gorilla
monkey
meerkat
lion",tiger,0.0,tiger,,True,True,0,,iterative,10200781013187985000,tiger,True
01KEYVT2EMV46CPPD3ZCWZPHTA,10,meta-llama/Llama-3.3-70B-Instruct-Turbo,animals,"dog
cat
horse
fish
gorilla
monkey
meerkat
lion
tiger",hamster,0.0,leopard,,False,True,0,,iterative,17925122381398040000,cheetah,False
01KEYVT2EMV46CPPD3ZCWZPHTA,11,meta-llama/Llama-3.3-70B-Instruct-Turbo,animals,"dog
cat
horse
fish
gorilla
monkey
meerkat
lion
tiger
hamster",rabbit,0.0,bear,,False,True,0,,iterative,10276484642701304000,gerbil,False
01KEYVT2EMV46CPPD3ZCWZPHTA,12,meta-llama/Llama-3.3-70B-Instruct-Turbo,animals,"dog
cat
horse
fish
gorilla
monkey
meerkat
lion
tiger
hamster
rabbit",bird,0.0,giraffe,,False,True,0,,iterative,11267536782145384000,gerbil,False
01KEYVT2EMV46CPPD3ZCWZPHTA,13,meta-llama/Llama-3.3-70B-Instruct-Turbo,animals,"dog
cat
horse
fish
gorilla
monkey
meerkat
lion
tiger
hamster
rabbit
bird",crocodile,1.0,squirrel,,False,True,0,,iterative,5487749311766147000,spider,False
01KEYVT2EMV46CPPD3ZCWZPHTA,14,meta-llama/Llama-3.3-70B-Instruct-Turbo,animals,"dog
cat
horse
fish
gorilla
monkey
meerkat
lion
tiger
hamster
rabbit
bird
crocodile",ape,0.0,snake,,False,True,0,,iterative,3422232191649522700,alligator,False
01KEYVT2EMV46CPPD3ZCWZPHTA,15,meta-llama/Llama-3.3-70B-Instruct-Turbo,animals,"dog
cat
horse
fish
gorilla
monkey
meerkat
lion
tiger
hamster
rabbit
bird
crocodile
ape",penguin,0.0,snake,,False,True,0,,iterative,12726908459282604000,giraffe,False
01KEYVT2EMV46CPPD3ZCWZPHTA,16,meta-llama/Llama-3.3-70B-Instruct-Turbo,animals,"dog
cat
horse
fish
gorilla
monkey
meerkat
lion
tiger
hamster
rabbit
bird
crocodile
ape
penguin",giraffe,1.0,kangaroo,,False,True,0,,iterative,9196275890089104000,seal,False
01KEYVT2EMV46CPPD3ZCWZPHTA,17,meta-llama/Llama-3.3-70B-Instruct-Turbo,animals,"dog
cat
horse
fish
gorilla
monkey
meerkat
lion
tiger
hamster
rabbit
bird
crocodile
ape
penguin
giraffe",elephant,0.0,elephant,,True,True,0,,iterative,11160984545241158000,seal,False
01KEYVT2EMV46CPPD3ZCWZPHTA,18,meta-llama/Llama-3.3-70B-Instruct-Turbo,animals,"dog
cat
horse
fish
gorilla
monkey
meerkat
lion
tiger
hamster
rabbit
bird
crocodile
ape
penguin
giraffe
elephant",lizard,0.0,kangaroo,,False,True,0,,iterative,15070855114339248000,zebra,False
01KEYVT2EMV46CPPD3ZCWZPHTA,19,meta-llama/Llama-3.3-70B-Instruct-Turbo,animals,"dog
cat
horse
fish
gorilla
monkey
meerkat
lion
tiger
hamster
rabbit
bird
crocodile
ape
penguin
giraffe
elephant
lizard",bear,0.0,snake,,False,True,0,,iterative,5455309484908453000,zebra,False
01KEYVT2EMV46CPPD3ZCWZPHTA,20,meta-llama/Llama-3.3-70B-Instruct-Turbo,animals,"dog
cat
horse
fish
gorilla
monkey
meerkat
lion
tiger
hamster
rabbit
bird
crocodile
ape
penguin
giraffe
elephant
lizard
bear",zebra,0.0,kangaroo,,False,True,0,,iterative,8024333931411744000,pig,False
01KEYVT2EMV46CPPD3ZCWZPHTA,21,meta-llama/Llama-3.3-70B-Instruct-Turbo,animals,"dog
cat
horse
fish
gorilla
monkey
meerkat
lion
tiger
hamster
rabbit
bird
crocodile
ape
penguin
giraffe
elephant
lizard
bear
zebra",gibbon,0.0,kangaroo,,False,True,0,,iterative,11932936311486880000,pig,False
01KEYVT2EMV46CPPD3ZCWZPHTA,22,meta-llama/Llama-3.3-70B-Instruct-Turbo,animals,"dog
cat
horse
fish
gorilla
monkey
meerkat
lion
tiger
hamster
rabbit
bird
crocodile
ape
penguin
giraffe
elephant
lizard
bear
zebra
gibbon",chimpanzee,0.0,kangaroo,,False,True,0,,iterative,3086829944714963000,pig,False
01KEYVT2EMV46CPPD3ZCWZPHTA,23,meta-llama/Llama-3.3-70B-Instruct-Turbo,animals,"dog
cat
horse
fish
gorilla
monkey
meerkat
lion
tiger
hamster
rabbit
bird
crocodile
ape
penguin
giraffe
elephant
lizard
bear
zebra
gibbon
chimpanzee",chicken,1.0,kangaroo,,False,True,0,,iterative,11431423010339523000,baboon,False
01KEYVT2EMV46CPPD3ZCWZPHTA,24,meta-llama/Llama-3.3-70B-Instruct-Turbo,animals,"dog
cat
horse
fish
gorilla
monkey
meerkat
lion
tiger
hamster
rabbit
bird
crocodile
ape
penguin
giraffe
elephant
lizard
bear
zebra
gibbon
chimpanzee
chicken",cow,0.0,kangaroo,,False,True,0,,iterative,3148412215434274000,rooster,False
01KEYVT2EMV46CPPD3ZCWZPHTA,25,meta-llama/Llama-3.3-70B-Instruct-Turbo,animals,"dog
cat
horse
fish
gorilla
monkey
meerkat
lion
tiger
hamster
rabbit
bird
crocodile
ape
penguin
giraffe
elephant
lizard
bear
zebra
gibbon
chimpanzee
chicken
cow",lamb,1.0,pig,,False,True,0,,iterative,1949381210357772300,pig,False
01KEYVT2EMV46CPPD3ZCWZPHTA,26,meta-llama/Llama-3.3-70B-Instruct-Turbo,animals,"dog
cat
horse
fish
gorilla
monkey
meerkat
lion
tiger
hamster
rabbit
bird
crocodile
ape
penguin
giraffe
elephant
lizard
bear
zebra
gibbon
chimpanzee
chicken
cow
lamb",sheep,0.0,sheep,,True,True,0,,iterative,7095150549513668000,goat,False
01KEYVT2EMV46CPPD3ZCWZPHTA,27,meta-llama/Llama-3.3-70B-Instruct-Turbo,animals,"dog
cat
horse
fish
gorilla
monkey
meerkat
lion
tiger
hamster
rabbit
bird
crocodile
ape
penguin
giraffe
elephant
lizard
bear
zebra
gibbon
chimpanzee
chicken
cow
lamb
sheep",goat,0.0,goat,,True,True,0,,iterative,6680911179657072000,goat,True
01KEYVT2EMV46CPPD3ZCWZPHTA,28,meta-llama/Llama-3.3-70B-Instruct-Turbo,animals,"dog
cat
horse
fish
gorilla
monkey
meerkat
lion
tiger
hamster
rabbit
bird
crocodile
ape
penguin
giraffe
elephant
lizard
bear
zebra
gibbon
chimpanzee
chicken
cow
lamb
sheep
goat",pig,0.0,pig,,True,True,0,,iterative,14054991873593563000,pig,True
01KEYVT2EMV46CPPD3ZCWZPHTA,29,meta-llama/Llama-3.3-70B-Instruct-Turbo,animals,"dog
cat
horse
fish
gorilla
monkey
meerkat
lion
tiger
hamster
rabbit
bird
crocodile
ape
penguin
giraffe
elephant
lizard
bear
zebra
gibbon
chimpanzee
chicken
cow
lamb
sheep
goat
pig",hedgehog,0.0,turkey,,False,True,0,,iterative,14580029404360837000,emu,False
01KEYVT2EMV46CPPD3ZCWZPHTA,30,meta-llama/Llama-3.3-70B-Instruct-Turbo,animals,"dog
cat
horse
fish
gorilla
monkey
meerkat
lion
tiger
hamster
rabbit
bird
crocodile
ape
penguin
giraffe
elephant
lizard
bear
zebra
gibbon
chimpanzee
chicken
cow
lamb
sheep
goat
pig
hedgehog",jaguar,0.0,donkey,,False,True,0,,iterative,2889815855051545000,gerbil,False
01KEYVT2EMV46CPPD3ZCWZPHTA,31,meta-llama/Llama-3.3-70B-Instruct-Turbo,animals,"dog
cat
horse
fish
gorilla
monkey
meerkat
lion
tiger
hamster
rabbit
bird
crocodile
ape
penguin
giraffe
elephant
lizard
bear
zebra
gibbon
chimpanzee
chicken
cow
lamb
sheep
goat
pig
hedgehog
jaguar",mole,0.0,leopard,,False,True,0,,iterative,4432757445880233000,panther,False
01KEYVT2EMV46CPPD3ZCWZPHTA,32,meta-llama/Llama-3.3-70B-Instruct-Turbo,animals,"dog
cat
horse
fish
gorilla
monkey
meerkat
lion
tiger
hamster
rabbit
bird
crocodile
ape
penguin
giraffe
elephant
lizard
bear
zebra
gibbon
chimpanzee
chicken
cow
lamb
sheep
goat
pig
hedgehog
jaguar
mole",polarbear,0.0,fox,,False,True,0,,iterative,10990469981428417000,groundhog,False
01KEYWB65BKT0TNVZC7KESASQH,2,meta-llama/Llama-3.3-70B-Instruct-Turbo,animals,dog,cat,0.0,cat,,True,True,0,,iterative,4860326217346152000,cat,True
01KEYWB65BKT0TNVZC7KESASQH,3,meta-llama/Llama-3.3-70B-Instruct-Turbo,animals,"dog
cat",bird,0.0,hamster,,False,True,0,,iterative,7063531983790974000,bird,True
01KEYWB65BKT0TNVZC7KESASQH,4,meta-llama/Llama-3.3-70B-Instruct-Turbo,animals,"dog
cat
bird",fish,0.0,fish,,True,True,0,,iterative,14708080004466123000,fish,True
01KEYWB65BKT0TNVZC7KESASQH,5,meta-llama/Llama-3.3-70B-Instruct-Turbo,animals,"dog
cat
bird
fish",jaguar,1.0,hamster,,False,True,0,,iterative,15627215334106855000,horse,False
01KEYWB65BKT0TNVZC7KESASQH,6,meta-llama/Llama-3.3-70B-Instruct-Turbo,animals,"dog
cat
bird
fish
jaguar",elephant,0.0,tiger,,False,True,0,,iterative,14936463436198322000,tiger,False
01KEYWB65BKT0TNVZC7KESASQH,7,meta-llama/Llama-3.3-70B-Instruct-Turbo,animals,"dog
cat
bird
fish
jaguar
elephant",giraffe,0.0,lion,,False,True,0,,iterative,14812732017174610000,hippo,False
01KEYWB65BKT0TNVZC7KESASQH,8,meta-llama/Llama-3.3-70B-Instruct-Turbo,animals,"dog
cat
bird
fish
jaguar
elephant
giraffe",pig,1.0,lion,,False,True,0,,iterative,8902589808116073000,hippo,False
01KEYWB65BKT0TNVZC7KESASQH,9,meta-llama/Llama-3.3-70B-Instruct-Turbo,animals,"dog
cat
bird
fish
jaguar
elephant
giraffe
pig",cow,0.0,monkey,,False,True,0,,iterative,14190957012525701000,cow,True
01KEYWB65BKT0TNVZC7KESASQH,10,meta-llama/Llama-3.3-70B-Instruct-Turbo,animals,"dog
cat
bird
fish
jaguar
elephant
giraffe
pig
cow",horse,0.0,horse,,True,True,0,,iterative,18340055217332218000,horse,True
01KEYWB65BKT0TNVZC7KESASQH,11,meta-llama/Llama-3.3-70B-Instruct-Turbo,animals,"dog
cat
bird
fish
jaguar
elephant
giraffe
pig
cow
horse",donkey,0.0,sheep,,False,True,0,,iterative,1927639296592045600,sheep,False
01KEYWB65BKT0TNVZC7KESASQH,12,meta-llama/Llama-3.3-70B-Instruct-Turbo,animals,"dog
cat
bird
fish
jaguar
elephant
giraffe
pig
cow
horse
donkey",shark,1.0,sheep,,False,True,0,,iterative,1347154880519704800,sheep,False
01KEYWB65BKT0TNVZC7KESASQH,13,meta-llama/Llama-3.3-70B-Instruct-Turbo,animals,"dog
cat
bird
fish
jaguar
elephant
giraffe
pig
cow
horse
donkey
shark",dolphin,0.0,sheep,,False,True,0,,iterative,14714240477139720000,dolphin,True
01KEYWB65BKT0TNVZC7KESASQH,14,meta-llama/Llama-3.3-70B-Instruct-Turbo,animals,"dog
cat
bird
fish
jaguar
elephant
giraffe
pig
cow
horse
donkey
shark
dolphin",eagle,1.0,whale,,False,True,0,,iterative,3902022014125554700,whale,False
01KEYWB65BKT0TNVZC7KESASQH,15,meta-llama/Llama-3.3-70B-Instruct-Turbo,animals,"dog
cat
bird
fish
jaguar
elephant
giraffe
pig
cow
horse
donkey
shark
dolphin
eagle",tortoise,1.0,tiger,,False,True,0,,iterative,367511299137956350,sparrow,False
01KEYWB65BKT0TNVZC7KESASQH,16,meta-llama/Llama-3.3-70B-Instruct-Turbo,animals,"dog
cat
bird
fish
jaguar
elephant
giraffe
pig
cow
horse
donkey
shark
dolphin
eagle
tortoise",turtle,0.0,snake,,False,True,0,,iterative,16752722251076968000,turtle,True
01KEYWB65BKT0TNVZC7KESASQH,17,meta-llama/Llama-3.3-70B-Instruct-Turbo,animals,"dog
cat
bird
fish
jaguar
elephant
giraffe
pig
cow
horse
donkey
shark
dolphin
eagle
tortoise
turtle",squirrel,1.0,crocodile,,False,True,0,,iterative,4347599582157990000,frog,False
01KEYWB65BKT0TNVZC7KESASQH,18,meta-llama/Llama-3.3-70B-Instruct-Turbo,animals,"dog
cat
bird
fish
jaguar
elephant
giraffe
pig
cow
horse
donkey
shark
dolphin
eagle
tortoise
turtle
squirrel",hamster,0.0,rabbit,,False,True,0,,iterative,2200548147128449300,mouse,False
01KEYWB65BKT0TNVZC7KESASQH,19,meta-llama/Llama-3.3-70B-Instruct-Turbo,animals,"dog
cat
bird
fish
jaguar
elephant
giraffe
pig
cow
horse
donkey
shark
dolphin
eagle
tortoise
turtle
squirrel
hamster",rat,0.0,rabbit,,False,True,0,,iterative,2418232102183868400,mouse,False
01KEYWB65BKT0TNVZC7KESASQH,20,meta-llama/Llama-3.3-70B-Instruct-Turbo,animals,"dog
cat
bird
fish
jaguar
elephant
giraffe
pig
cow
horse
donkey
shark
dolphin
eagle
tortoise
turtle
squirrel
hamster
rat",mouse,0.0,mouse,,True,True,0,,iterative,12537394719900850000,mouse,True
01KEYWB65BKT0TNVZC7KESASQH,21,meta-llama/Llama-3.3-70B-Instruct-Turbo,animals,"dog
cat
bird
fish
jaguar
elephant
giraffe
pig
cow
horse
donkey
shark
dolphin
eagle
tortoise
turtle
squirrel
hamster
rat
mouse",kangaroo,1.0,gerbil,,False,True,0,,iterative,4048463289440935400,rabbit,False
01KEYWB65BKT0TNVZC7KESASQH,22,meta-llama/Llama-3.3-70B-Instruct-Turbo,animals,"dog
cat
bird
fish
jaguar
elephant
giraffe
pig
cow
horse
donkey
shark
dolphin
eagle
tortoise
turtle
squirrel
hamster
rat
mouse
kangaroo",guineapig,1.0,koala,,False,True,0,,iterative,11989885102173274000,wombat,False
01KEYWB65BKT0TNVZC7KESASQH,23,meta-llama/Llama-3.3-70B-Instruct-Turbo,animals,"dog
cat
bird
fish
jaguar
elephant
giraffe
pig
cow
horse
donkey
shark
dolphin
eagle
tortoise
turtle
squirrel
hamster
rat
mouse
kangaroo
guinea pig",raccoon,1.0,ferret,,False,True,0,,iterative,12561411212502500000,rabbit,False
01KEYWB65BKT0TNVZC7KESASQH,24,meta-llama/Llama-3.3-70B-Instruct-Turbo,animals,"dog
cat
bird
fish
jaguar
elephant
giraffe
pig
cow
horse
donkey
shark
dolphin
eagle
tortoise
turtle
squirrel
hamster
rat
mouse
kangaroo
guinea pig
raccoon",skunk,0.0,ferret,,False,True,0,,iterative,11504486216475292000,bandicoot,False
01KEYWB65BKT0TNVZC7KESASQH,25,meta-llama/Llama-3.3-70B-Instruct-Turbo,animals,"dog
cat
bird
fish
jaguar
elephant
giraffe
pig
cow
horse
donkey
shark
dolphin
eagle
tortoise
turtle
squirrel
hamster
rat
mouse
kangaroo
guinea pig
raccoon
skunk",parrot,1.0,otter,,False,True,0,,iterative,8636427936178442000,weasel,False
01KEYWB65BKT0TNVZC7KESASQH,26,meta-llama/Llama-3.3-70B-Instruct-Turbo,animals,"dog
cat
bird
fish
jaguar
elephant
giraffe
pig
cow
horse
donkey
shark
dolphin
eagle
tortoise
turtle
squirrel
hamster
rat
mouse
kangaroo
guinea pig
raccoon
skunk
parrot",hog,1.0,ferret,,False,True,0,,iterative,4598957149951004700,bluebird,False
01KEYWB65BKT0TNVZC7KESASQH,27,meta-llama/Llama-3.3-70B-Instruct-Turbo,animals,"dog
cat
bird
fish
jaguar
elephant
giraffe
pig
cow
horse
donkey
shark
dolphin
eagle
tortoise
turtle
squirrel
hamster
rat
mouse
kangaroo
guinea pig
raccoon
skunk
parrot
hog",flyingsquirrel,1.0,ferret,,False,True,0,,iterative,736375347667037300,boar,False
01KEYWB65BKT0TNVZC7KESASQH,28,meta-llama/Llama-3.3-70B-Instruct-Turbo,animals,"dog
cat
bird
fish
jaguar
elephant
giraffe
pig
cow
horse
donkey
shark
dolphin
eagle
tortoise
turtle
squirrel
hamster
rat
mouse
kangaroo
guinea pig
raccoon
skunk
parrot
hog
flying squirrel",peacock,1.0,chipmunk,,False,True,0,,iterative,9258445839101395000,snake,False
01KEYWB65BKT0TNVZC7KESASQH,29,meta-llama/Llama-3.3-70B-Instruct-Turbo,animals,"dog
cat
bird
fish
jaguar
elephant
giraffe
pig
cow
horse
donkey
shark
dolphin
eagle
tortoise
turtle
squirrel
hamster
rat
mouse
kangaroo
guinea pig
raccoon
skunk
parrot
hog
flying squirrel
peacock",flamingo,0.0,ferret,,False,True,0,,iterative,3985960978708590000,duck,False
01KEYWB65BKT0TNVZC7KESASQH,30,meta-llama/Llama-3.3-70B-Instruct-Turbo,animals,"dog
cat
bird
fish
jaguar
elephant
giraffe
pig
cow
horse
donkey
shark
dolphin
eagle
tortoise
turtle
squirrel
hamster
rat
mouse
kangaroo
guinea pig
raccoon
skunk
parrot
hog
flying squirrel
peacock
flamingo",tiger,0.0,chicken,,False,True,0,,iterative,15672802846164795000,duck,False
01KEYWB65BKT0TNVZC7KESASQH,31,meta-llama/Llama-3.3-70B-Instruct-Turbo,animals,"dog
cat
bird
fish
jaguar
elephant
giraffe
pig
cow
horse
donkey
shark
dolphin
eagle
tortoise
turtle
squirrel
hamster
rat
mouse
kangaroo
guinea pig
raccoon
skunk
parrot
hog
flying squirrel
peacock
flamingo
tiger",leopard,0.0,lion,,False,True,0,,iterative,9456783109349001000,lion,False
01KEYWB65BKT0TNVZC7KESASQH,32,meta-llama/Llama-3.3-70B-Instruct-Turbo,animals,"dog
cat
bird
fish
jaguar
elephant
giraffe
pig
cow
horse
donkey
shark
dolphin
eagle
tortoise
turtle
squirrel
hamster
rat
mouse
kangaroo
guinea pig
raccoon
skunk
parrot
hog
flying squirrel
peacock
flamingo
tiger
leopard",hawk,1.0,lion,,False,True,0,,iterative,7228604905263453000,lion,False
01KEYWB65BKT0TNVZC7KESASQH,33,meta-llama/Llama-3.3-70B-Instruct-Turbo,animals,"dog
cat
bird
fish
jaguar
elephant
giraffe
pig
cow
horse
donkey
shark
dolphin
eagle
tortoise
turtle
squirrel
hamster
rat
mouse
kangaroo
guinea pig
raccoon
skunk
parrot
hog
flying squirrel
peacock
flamingo
tiger
leopard
hawk",bengaltiger,1.0,lion,,False,True,0,,iterative,4190328074884581000,skink,False
01KEYWB65BKT0TNVZC7KESASQH,34,meta-llama/Llama-3.3-70B-Instruct-Turbo,animals,"dog
cat
bird
fish
jaguar
elephant
giraffe
pig
cow
horse
donkey
shark
dolphin
eagle
tortoise
turtle
squirrel
hamster
rat
mouse
kangaroo
guinea pig
raccoon
skunk
parrot
hog
flying squirrel
peacock
flamingo
tiger
leopard
hawk
bengal tiger",mongoose,1.0,lion,,False,True,0,,iterative,16833704568559430000,rhinoceros,False
01KEYWB65BKT0TNVZC7KESASQH,35,meta-llama/Llama-3.3-70B-Instruct-Turbo,animals,"dog
cat
bird
fish
jaguar
elephant
giraffe
pig
cow
horse
donkey
shark
dolphin
eagle
tortoise
turtle
squirrel
hamster
rat
mouse
kangaroo
guinea pig
raccoon
skunk
parrot
hog
flying squirrel
peacock
flamingo
tiger
leopard
hawk
bengal tiger
mongoose",porcupine,1.0,lion,,False,True,0,,iterative,4768494683627869000,weasel,False
01KEYWB65BKT0TNVZC7KESASQH,36,meta-llama/Llama-3.3-70B-Instruct-Turbo,animals,"dog
cat
bird
fish
jaguar
elephant
giraffe
pig
cow
horse
donkey
shark
dolphin
eagle
tortoise
turtle
squirrel
hamster
rat
mouse
kangaroo
guinea pig
raccoon
skunk
parrot
hog
flying squirrel
peacock
flamingo
tiger
leopard
hawk
bengal tiger
mongoose
porcupine",hippopotamus,1.0,otter,,False,True,0,,iterative,4863213079320307000,anteater,False
01KEYWB65BKT0TNVZC7KESASQH,37,meta-llama/Llama-3.3-70B-Instruct-Turbo,animals,"dog
cat
bird
fish
jaguar
elephant
giraffe
pig
cow
horse
donkey
shark
dolphin
eagle
tortoise
turtle
squirrel
hamster
rat
mouse
kangaroo
guinea pig
raccoon
skunk
parrot
hog
flying squirrel
peacock
flamingo
tiger
leopard
hawk
bengal tiger
mongoose
porcupine
hippopotamus",rhino,0.0,rhinoceros,,False,True,0,,iterative,10783584499501392000,gazelle,False
01KEYWB65BKT0TNVZC7KESASQH,38,meta-llama/Llama-3.3-70B-Instruct-Turbo,animals,"dog
cat
bird
fish
jaguar
elephant
giraffe
pig
cow
horse
donkey
shark
dolphin
eagle
tortoise
turtle
squirrel
hamster
rat
mouse
kangaroo
guinea pig
raccoon
skunk
parrot
hog
flying squirrel
peacock
flamingo
tiger
leopard
hawk
bengal tiger
mongoose
porcupine
hippopotamus
rhino",emu,0.0,lion,,False,True,0,,iterative,8671818619694688000,zebra,False
01KEYWB65BKT0TNVZC7KESASQH,39,meta-llama/Llama-3.3-70B-Instruct-Turbo,animals,"dog
cat
bird
fish
jaguar
elephant
giraffe
pig
cow
horse
donkey
shark
dolphin
eagle
tortoise
turtle
squirrel
hamster
rat
mouse
kangaroo
guinea pig
raccoon
skunk
parrot
hog
flying squirrel
peacock
flamingo
tiger
leopard
hawk
bengal tiger
mongoose
porcupine
hippopotamus
rhino
emu",ostrich,0.0,crocodile,,False,True,0,,iterative,8680770692515729000,ostrich,True
01KEYWB65BKT0TNVZC7KESASQH,40,meta-llama/Llama-3.3-70B-Instruct-Turbo,animals,"dog
cat
bird
fish
jaguar
elephant
giraffe
pig
cow
horse
donkey
shark
dolphin
eagle
tortoise
turtle
squirrel
hamster
rat
mouse
kangaroo
guinea pig
raccoon
skunk
parrot
hog
flying squirrel
peacock
flamingo
tiger
leopard
hawk
bengal tiger
mongoose
porcupine
hippopotamus
rhino
emu
ostrich",falcon,0.0,crocodile,,False,True,0,,iterative,13146995143383149000,rhea,False
01KEYY4TCRFNV6R3P45P39B7WE,2,meta-llama/Llama-3.3-70B-Instruct-Turbo,animals,cat,dog,0.0,dog,,True,True,0,,iterative,13780496144260030000,dog,True
01KEYY4TCRFNV6R3P45P39B7WE,3,meta-llama/Llama-3.3-70B-Instruct-Turbo,animals,"cat
dog",lion,1.0,hamster,,False,True,0,,iterative,9898126986533149000,man,False
01KEYY4TCRFNV6R3P45P39B7WE,4,meta-llama/Llama-3.3-70B-Instruct-Turbo,animals,"cat
dog
lion",elephant,0.0,tiger,,False,True,0,,iterative,15541709640268910000,tiger,False
01KEYY4TCRFNV6R3P45P39B7WE,5,meta-llama/Llama-3.3-70B-Instruct-Turbo,animals,"cat
dog
lion
elephant",tiger,0.0,tiger,,True,True,0,,iterative,9795976055356236000,giraffe,False
01KEYY4TCRFNV6R3P45P39B7WE,6,meta-llama/Llama-3.3-70B-Instruct-Turbo,animals,"cat
dog
lion
elephant
tiger",bear,0.0,bear,,True,True,0,,iterative,16732283590622593000,cheetah,False
01KEYY4TCRFNV6R3P45P39B7WE,7,meta-llama/Llama-3.3-70B-Instruct-Turbo,animals,"cat
dog
lion
elephant
tiger
bear",whale,1.0,monkey,,False,True,0,,iterative,4990882695235163000,wolf,False
01KEYY4TCRFNV6R3P45P39B7WE,8,meta-llama/Llama-3.3-70B-Instruct-Turbo,animals,"cat
dog
lion
elephant
tiger
bear
whale",cow,0.0,shark,,False,True,0,,iterative,5118339890590658000,shark,False
01KEYY4TCRFNV6R3P45P39B7WE,9,meta-llama/Llama-3.3-70B-Instruct-Turbo,animals,"cat
dog
lion
elephant
tiger
bear
whale
cow",dolphin,0.0,pig,,False,True,0,,iterative,15852402581540823000,pig,False
01KEYY4TCRFNV6R3P45P39B7WE,10,meta-llama/Llama-3.3-70B-Instruct-Turbo,animals,"cat
dog
lion
elephant
tiger
bear
whale
cow
dolphin",kangaroo,1.0,pig,,False,True,0,,iterative,17065550124048940000,shark,False
01KEYY4TCRFNV6R3P45P39B7WE,11,meta-llama/Llama-3.3-70B-Instruct-Turbo,animals,"cat
dog
lion
elephant
tiger
bear
whale
cow
dolphin
kangaroo",gorilla,0.0,giraffe,,False,True,0,,iterative,7676124852582390000,squirrel,False
01KEYY4TCRFNV6R3P45P39B7WE,12,meta-llama/Llama-3.3-70B-Instruct-Turbo,animals,"cat
dog
lion
elephant
tiger
bear
whale
cow
dolphin
kangaroo
gorilla",peacock,0.0,monkey,,False,True,0,,iterative,13461847961698195000,monkey,False
01KEYY4TCRFNV6R3P45P39B7WE,13,meta-llama/Llama-3.3-70B-Instruct-Turbo,animals,"cat
dog
lion
elephant
tiger
bear
whale
cow
dolphin
kangaroo
gorilla
peacock",hawk,0.0,monkey,,False,True,0,,iterative,5211067864233959000,eagle,False
01KEYY4TCRFNV6R3P45P39B7WE,14,meta-llama/Llama-3.3-70B-Instruct-Turbo,animals,"cat
dog
lion
elephant
tiger
bear
whale
cow
dolphin
kangaroo
gorilla
peacock
hawk",crocodile,1.0,eagle,,False,True,0,,iterative,5126942164143748000,falcon,False
01KEYY4TCRFNV6R3P45P39B7WE,15,meta-llama/Llama-3.3-70B-Instruct-Turbo,animals,"cat
dog
lion
elephant
tiger
bear
whale
cow
dolphin
kangaroo
gorilla
peacock
hawk
crocodile",snake,0.0,snake,,True,True,0,,iterative,5377665601825327000,alligator,False
01KEYY4TCRFNV6R3P45P39B7WE,16,meta-llama/Llama-3.3-70B-Instruct-Turbo,animals,"cat
dog
lion
elephant
tiger
bear
whale
cow
dolphin
kangaroo
gorilla
peacock
hawk
crocodile
snake",lizard,0.0,eagle,,False,True,0,,iterative,3460711051408379400,lizard,True
01KEYY4TCRFNV6R3P45P39B7WE,17,meta-llama/Llama-3.3-70B-Instruct-Turbo,animals,"cat
dog
lion
elephant
tiger
bear
whale
cow
dolphin
kangaroo
gorilla
peacock
hawk
crocodile
snake
lizard",gecko,0.0,frog,,False,True,0,,iterative,14494008232774220000,ant,False
01KEYY4TCRFNV6R3P45P39B7WE,18,meta-llama/Llama-3.3-70B-Instruct-Turbo,animals,"cat
dog
lion
elephant
tiger
bear
whale
cow
dolphin
kangaroo
gorilla
peacock
hawk
crocodile
snake
lizard
gecko",newt,0.0,frog,,False,True,0,,iterative,7938728149379029000,iguana,False
01KEYY4TCRFNV6R3P45P39B7WE,19,meta-llama/Llama-3.3-70B-Instruct-Turbo,animals,"cat
dog
lion
elephant
tiger
bear
whale
cow
dolphin
kangaroo
gorilla
peacock
hawk
crocodile
snake
lizard
gecko
newt",salamander,0.0,frog,,False,True,0,,iterative,9807830266988532000,bat,False
01KEYY4TCRFNV6R3P45P39B7WE,20,meta-llama/Llama-3.3-70B-Instruct-Turbo,animals,"cat
dog
lion
elephant
tiger
bear
whale
cow
dolphin
kangaroo
gorilla
peacock
hawk
crocodile
snake
lizard
gecko
newt
salamander",frog,0.0,frog,,True,True,0,,iterative,9734723515803200000,seal,False
01KEYY4TCRFNV6R3P45P39B7WE,21,meta-llama/Llama-3.3-70B-Instruct-Turbo,animals,"cat
dog
lion
elephant
tiger
bear
whale
cow
dolphin
kangaroo
gorilla
peacock
hawk
crocodile
snake
lizard
gecko
newt
salamander
frog",toad,0.0,toad,,True,True,0,,iterative,9240147084824277000,tadpole,False
01KEYY4TCRFNV6R3P45P39B7WE,22,meta-llama/Llama-3.3-70B-Instruct-Turbo,animals,"cat
dog
lion
elephant
tiger
bear
whale
cow
dolphin
kangaroo
gorilla
peacock
hawk
crocodile
snake
lizard
gecko
newt
salamander
frog
toad",butterfly,1.0,tortoise,,False,True,0,,iterative,484213628570608500,turtle,False
01KEYY4TCRFNV6R3P45P39B7WE,23,meta-llama/Llama-3.3-70B-Instruct-Turbo,animals,"cat
dog
lion
elephant
tiger
bear
whale
cow
dolphin
kangaroo
gorilla
peacock
hawk
crocodile
snake
lizard
gecko
newt
salamander
frog
toad
butterfly",koala,0.0,dragonfly,,False,True,0,,iterative,12251654131386149000,bee,False
01KEYY4TCRFNV6R3P45P39B7WE,24,meta-llama/Llama-3.3-70B-Instruct-Turbo,animals,"cat
dog
lion
elephant
tiger
bear
whale
cow
dolphin
kangaroo
gorilla
peacock
hawk
crocodile
snake
lizard
gecko
newt
salamander
frog
toad
butterfly
koala",panda,0.0,wombat,,False,True,0,,iterative,2306350308592735700,sloth,False
01KEYY4TCRFNV6R3P45P39B7WE,25,meta-llama/Llama-3.3-70B-Instruct-Turbo,animals,"cat
dog
lion
elephant
tiger
bear
whale
cow
dolphin
kangaroo
gorilla
peacock
hawk
crocodile
snake
lizard
gecko
newt
salamander
frog
toad
butterfly
koala
panda",spider,0.0,sloth,,False,True,0,,iterative,16488000521568356000,goat,False
01KEYY4TCRFNV6R3P45P39B7WE,26,meta-llama/Llama-3.3-70B-Instruct-Turbo,animals,"cat
dog
lion
elephant
tiger
bear
whale
cow
dolphin
kangaroo
gorilla
peacock
hawk
crocodile
snake
lizard
gecko
newt
salamander
frog
toad
butterfly
koala
panda
spider",scorpion,0.0,ant,,False,True,0,,iterative,9184618419771819000,ant,False
01KEYY4TCRFNV6R3P45P39B7WE,27,meta-llama/Llama-3.3-70B-Instruct-Turbo,animals,"cat
dog
lion
elephant
tiger
bear
whale
cow
dolphin
kangaroo
gorilla
peacock
hawk
crocodile
snake
lizard
gecko
newt
salamander
frog
toad
butterfly
koala
panda
spider
scorpion",rat,1.0,ant,,False,True,0,,iterative,8583183982878583000,ant,False
01KEYY4TCRFNV6R3P45P39B7WE,28,meta-llama/Llama-3.3-70B-Instruct-Turbo,animals,"cat
dog
lion
elephant
tiger
bear
whale
cow
dolphin
kangaroo
gorilla
peacock
hawk
crocodile
snake
lizard
gecko
newt
salamander
frog
toad
butterfly
koala
panda
spider
scorpion
rat",mouse,0.0,mouse,,True,True,0,,iterative,10321327218666916000,mouse,True
01KEYY4TCRFNV6R3P45P39B7WE,29,meta-llama/Llama-3.3-70B-Instruct-Turbo,animals,"cat
dog
lion
elephant
tiger
bear
whale
cow
dolphin
kangaroo
gorilla
peacock
hawk
crocodile
snake
lizard
gecko
newt
salamander
frog
toad
butterfly
koala
panda
spider
scorpion
rat
mouse",parrot,0.0,squirrel,,False,True,0,,iterative,4566395143600766000,squirrel,False
01KEYY4TCRFNV6R3P45P39B7WE,30,meta-llama/Llama-3.3-70B-Instruct-Turbo,animals,"cat
dog
lion
elephant
tiger
bear
whale
cow
dolphin
kangaroo
gorilla
peacock
hawk
crocodile
snake
lizard
gecko
newt
salamander
frog
toad
butterfly
koala
panda
spider
scorpion
rat
mouse
parrot",zebra,1.0,squirrel,,False,True,0,,iterative,15893879902303644000,dove,False
01KEYY4TCRFNV6R3P45P39B7WE,31,meta-llama/Llama-3.3-70B-Instruct-Turbo,animals,"cat
dog
lion
elephant
tiger
bear
whale
cow
dolphin
kangaroo
gorilla
peacock
hawk
crocodile
snake
lizard
gecko
newt
salamander
frog
toad
butterfly
koala
panda
spider
scorpion
rat
mouse
parrot
zebra",pig,0.0,giraffe,,False,True,0,,iterative,6707198723803136000,horse,False
01KEYY4TCRFNV6R3P45P39B7WE,32,meta-llama/Llama-3.3-70B-Instruct-Turbo,animals,"cat
dog
lion
elephant
tiger
bear
whale
cow
dolphin
kangaroo
gorilla
peacock
hawk
crocodile
snake
lizard
gecko
newt
salamander
frog
toad
butterfly
koala
panda
spider
scorpion
rat
mouse
parrot
zebra
pig",goat,0.0,horse,,False,True,0,,iterative,8279471817857162000,sheep,False
01KEYY4TCRFNV6R3P45P39B7WE,33,meta-llama/Llama-3.3-70B-Instruct-Turbo,animals,"cat
dog
lion
elephant
tiger
bear
whale
cow
dolphin
kangaroo
gorilla
peacock
hawk
crocodile
snake
lizard
gecko
newt
salamander
frog
toad
butterfly
koala
panda
spider
scorpion
rat
mouse
parrot
zebra
pig
goat",badger,0.0,sheep,,False,True,0,,iterative,435004997502306500,sheep,False
01KEYY4TCRFNV6R3P45P39B7WE,34,meta-llama/Llama-3.3-70B-Instruct-Turbo,animals,"cat
dog
lion
elephant
tiger
bear
whale
cow
dolphin
kangaroo
gorilla
peacock
hawk
crocodile
snake
lizard
gecko
newt
salamander
frog
toad
butterfly
koala
panda
spider
scorpion
rat
mouse
parrot
zebra
pig
goat
badger",rabbit,0.0,horse,,False,True,0,,iterative,8805246379661398000,lamb,False
01KEYY4TCRFNV6R3P45P39B7WE,35,meta-llama/Llama-3.3-70B-Instruct-Turbo,animals,"cat
dog
lion
elephant
tiger
bear
whale
cow
dolphin
kangaroo
gorilla
peacock
hawk
crocodile
snake
lizard
gecko
newt
salamander
frog
toad
butterfly
koala
panda
spider
scorpion
rat
mouse
parrot
zebra
pig
goat
badger
rabbit",sheep,0.0,squirrel,,False,True,0,,iterative,6946586437361458000,bunny,False
01KEYY4TCRFNV6R3P45P39B7WE,36,meta-llama/Llama-3.3-70B-Instruct-Turbo,animals,"cat
dog
lion
elephant
tiger
bear
whale
cow
dolphin
kangaroo
gorilla
peacock
hawk
crocodile
snake
lizard
gecko
newt
salamander
frog
toad
butterfly
koala
panda
spider
scorpion
rat
mouse
parrot
zebra
pig
goat
badger
rabbit
sheep",chicken,0.0,horse,,False,True,0,,iterative,14703004592507570000,horse,False
01KEYY4TCRFNV6R3P45P39B7WE,37,meta-llama/Llama-3.3-70B-Instruct-Turbo,animals,"cat
dog
lion
elephant
tiger
bear
whale
cow
dolphin
kangaroo
gorilla
peacock
hawk
crocodile
snake
lizard
gecko
newt
salamander
frog
toad
butterfly
koala
panda
spider
scorpion
rat
mouse
parrot
zebra
pig
goat
badger
rabbit
sheep
chicken",horse,0.0,horse,,True,True,0,,iterative,3778617812026574000,turkey,False
01KEYY4TCRFNV6R3P45P39B7WE,38,meta-llama/Llama-3.3-70B-Instruct-Turbo,animals,"cat
dog
lion
elephant
tiger
bear
whale
cow
dolphin
kangaroo
gorilla
peacock
hawk
crocodile
snake
lizard
gecko
newt
salamander
frog
toad
butterfly
koala
panda
spider
scorpion
rat
mouse
parrot
zebra
pig
goat
badger
rabbit
sheep
chicken
horse",duck,0.0,donkey,,False,True,0,,iterative,4087719145750711300,donkey,False
01KEYY4TCRFNV6R3P45P39B7WE,39,meta-llama/Llama-3.3-70B-Instruct-Turbo,animals,"cat
dog
lion
elephant
tiger
bear
whale
cow
dolphin
kangaroo
gorilla
peacock
hawk
crocodile
snake
lizard
gecko
newt
salamander
frog
toad
butterfly
koala
panda
spider
scorpion
rat
mouse
parrot
zebra
pig
goat
badger
rabbit
sheep
chicken
horse
duck",crab,1.0,turkey,,False,True,0,,iterative,8037544675971574000,turkey,False
01KEYY4TCRFNV6R3P45P39B7WE,40,meta-llama/Llama-3.3-70B-Instruct-Turbo,animals,"cat
dog
lion
elephant
tiger
bear
whale
cow
dolphin
kangaroo
gorilla
peacock
hawk
crocodile
snake
lizard
gecko
newt
salamander
frog
toad
butterfly
koala
panda
spider
scorpion
rat
mouse
parrot
zebra
pig
goat
badger
rabbit
sheep
chicken
horse
duck
crab",shark,0.0,turkey,,False,True,0,,iterative,8409521372130779000,lobster,False
01KEYY4TCRFNV6R3P45P39B7WE,41,meta-llama/Llama-3.3-70B-Instruct-Turbo,animals,"cat
dog
lion
elephant
tiger
bear
whale
cow
dolphin
kangaroo
gorilla
peacock
hawk
crocodile
snake
lizard
gecko
newt
salamander
frog
toad
butterfly
koala
panda
spider
scorpion
rat
mouse
parrot
zebra
pig
goat
badger
rabbit
sheep
chicken
horse
duck
crab
shark",starfish,0.0,octopus,,False,True,0,,iterative,6711238079414283000,seal,False
01KEYY4TCRFNV6R3P45P39B7WE,42,meta-llama/Llama-3.3-70B-Instruct-Turbo,animals,"cat
dog
lion
elephant
tiger
bear
whale
cow
dolphin
kangaroo
gorilla
peacock
hawk
crocodile
snake
lizard
gecko
newt
salamander
frog
toad
butterfly
koala
panda
spider
scorpion
rat
mouse
parrot
zebra
pig
goat
badger
rabbit
sheep
chicken
horse
duck
crab
shark
starfish",lobster,0.0,octopus,,False,True,0,,iterative,15606000777333815000,lobster,True
01KEYY4TCRFNV6R3P45P39B7WE,43,meta-llama/Llama-3.3-70B-Instruct-Turbo,animals,"cat
dog
lion
elephant
tiger
bear
whale
cow
dolphin
kangaroo
gorilla
peacock
hawk
crocodile
snake
lizard
gecko
newt
salamander
frog
toad
butterfly
koala
panda
spider
scorpion
rat
mouse
parrot
zebra
pig
goat
badger
rabbit
sheep
chicken
horse
duck
crab
shark
starfish
lobster",jellyfish,0.0,octopus,,False,True,0,,iterative,12901743065453791000,fish,False
01KEYY4TCRFNV6R3P45P39B7WE,44,meta-llama/Llama-3.3-70B-Instruct-Turbo,animals,"cat
dog
lion
elephant
tiger
bear
whale
cow
dolphin
kangaroo
gorilla
peacock
hawk
crocodile
snake
lizard
gecko
newt
salamander
frog
toad
butterfly
koala
panda
spider
scorpion
rat
mouse
parrot
zebra
pig
goat
badger
rabbit
sheep
chicken
horse
duck
crab
shark
starfish
lobster
jellyfish",toucan,1.0,octopus,,False,True,0,,iterative,16443681557317080000,squid,False
01KEYY4TCRFNV6R3P45P39B7WE,45,meta-llama/Llama-3.3-70B-Instruct-Turbo,animals,"cat
dog
lion
elephant
tiger
bear
whale
cow
dolphin
kangaroo
gorilla
peacock
hawk
crocodile
snake
lizard
gecko
newt
salamander
frog
toad
butterfly
koala
panda
spider
scorpion
rat
mouse
parrot
zebra
pig
goat
badger
rabbit
sheep
chicken
horse
duck
crab
shark
starfish
lobster
jellyfish
toucan",penguin,0.0,octopus,,False,True,0,,iterative,16160220758823918000,squid,False
01KEYY4TCRFNV6R3P45P39B7WE,46,meta-llama/Llama-3.3-70B-Instruct-Turbo,animals,"cat
dog
lion
elephant
tiger
bear
whale
cow
dolphin
kangaroo
gorilla
peacock
hawk
crocodile
snake
lizard
gecko
newt
salamander
frog
toad
butterfly
koala
panda
spider
scorpion
rat
mouse
parrot
zebra
pig
goat
badger
rabbit
sheep
chicken
horse
duck
crab
shark
starfish
lobster
jellyfish
toucan
penguin",puffin,0.0,seal,,False,True,0,,iterative,9391595224978194000,seal,False
01KEYY4TCRFNV6R3P45P39B7WE,47,meta-llama/Llama-3.3-70B-Instruct-Turbo,animals,"cat
dog
lion
elephant
tiger
bear
whale
cow
dolphin
kangaroo
gorilla
peacock
hawk
crocodile
snake
lizard
gecko
newt
salamander
frog
toad
butterfly
koala
panda
spider
scorpion
rat
mouse
parrot
zebra
pig
goat
badger
rabbit
sheep
chicken
horse
duck
crab
shark
starfish
lobster
jellyfish
toucan
penguin
puffin",owl,0.0,seagull,,False,True,0,,iterative,8892535437949181000,seal,False
01KEYY4TCRFNV6R3P45P39B7WE,48,meta-llama/Llama-3.3-70B-Instruct-Turbo,animals,"cat
dog
lion
elephant
tiger
bear
whale
cow
dolphin
kangaroo
gorilla
peacock
hawk
crocodile
snake
lizard
gecko
newt
salamander
frog
toad
butterfly
koala
panda
spider
scorpion
rat
mouse
parrot
zebra
pig
goat
badger
rabbit
sheep
chicken
horse
duck
crab
shark
starfish
lobster
jellyfish
toucan
penguin
puffin
owl",flamingo,0.0,eagle,,False,True,0,,iterative,105148975685314380,eagle,False
01KEYY4TCRFNV6R3P45P39B7WE,49,meta-llama/Llama-3.3-70B-Instruct-Turbo,animals,"cat
dog
lion
elephant
tiger
bear
whale
cow
dolphin
kangaroo
gorilla
peacock
hawk
crocodile
snake
lizard
gecko
newt
salamander
frog
toad
butterfly
koala
panda
spider
scorpion
rat
mouse
parrot
zebra
pig
goat
badger
rabbit
sheep
chicken
horse
duck
crab
shark
starfish
lobster
jellyfish
toucan
penguin
puffin
owl
flamingo",sparrow,0.0,eagle,,False,True,0,,iterative,6037340991412998000,seagull,False
01KEYY4TCRFNV6R3P45P39B7WE,50,meta-llama/Llama-3.3-70B-Instruct-Turbo,animals,"cat
dog
lion
elephant
tiger
bear
whale
cow
dolphin
kangaroo
gorilla
peacock
hawk
crocodile
snake
lizard
gecko
newt
salamander
frog
toad
butterfly
koala
panda
spider
scorpion
rat
mouse
parrot
zebra
pig
goat
badger
rabbit
sheep
chicken
horse
duck
crab
shark
starfish
lobster
jellyfish
toucan
penguin
puffin
owl
flamingo
sparrow",eagle,0.0,eagle,,True,True,0,,iterative,14509531166024608000,eagle,True
01KEYY4TCRFNV6R3P45P39B7WE,51,meta-llama/Llama-3.3-70B-Instruct-Turbo,animals,"cat
dog
lion
elephant
tiger
bear
whale
cow
dolphin
kangaroo
gorilla
peacock
hawk
crocodile
snake
lizard
gecko
newt
salamander
frog
toad
butterfly
koala
panda
spider
scorpion
rat
mouse
parrot
zebra
pig
goat
badger
rabbit
sheep
chicken
horse
duck
crab
shark
starfish
lobster
jellyfish
toucan
penguin
puffin
owl
flamingo
sparrow
eagle",moose,1.0,vulture,,False,True,0,,iterative,9078613697445784000,falcon,False
01KEYY4TCRFNV6R3P45P39B7WE,52,meta-llama/Llama-3.3-70B-Instruct-Turbo,animals,"cat
dog
lion
elephant
tiger
bear
whale
cow
dolphin
kangaroo
gorilla
peacock
hawk
crocodile
snake
lizard
gecko
newt
salamander
frog
toad
butterfly
koala
panda
spider
scorpion
rat
mouse
parrot
zebra
pig
goat
badger
rabbit
sheep
chicken
horse
duck
crab
shark
starfish
lobster
jellyfish
toucan
penguin
puffin
owl
flamingo
sparrow
eagle
moose",bison,0.0,deer,,False,True,0,,iterative,605158852372179000,horse,False
01KEYY4TCRFNV6R3P45P39B7WE,53,meta-llama/Llama-3.3-70B-Instruct-Turbo,animals,"cat
dog
lion
elephant
tiger
bear
whale
cow
dolphin
kangaroo
gorilla
peacock
hawk
crocodile
snake
lizard
gecko
newt
salamander
frog
toad
butterfly
koala
panda
spider
scorpion
rat
mouse
parrot
zebra
pig
goat
badger
rabbit
sheep
chicken
horse
duck
crab
shark
starfish
lobster
jellyfish
toucan
penguin
puffin
owl
flamingo
sparrow
eagle
moose
bison",antelope,0.0,deer,,False,True,0,,iterative,10625776993014395000,wildebeest,False
01KEYY4TCRFNV6R3P45P39B7WE,54,meta-llama/Llama-3.3-70B-Instruct-Turbo,animals,"cat
dog
lion
elephant
tiger
bear
whale
cow
dolphin
kangaroo
gorilla
peacock
hawk
crocodile
snake
lizard
gecko
newt
salamander
frog
toad
butterfly
koala
panda
spider
scorpion
rat
mouse
parrot
zebra
pig
goat
badger
rabbit
sheep
chicken
horse
duck
crab
shark
starfish
lobster
jellyfish
toucan
penguin
puffin
owl
flamingo
sparrow
eagle
moose
bison
antelope",raccoon,0.0,deer,,False,True,0,,iterative,4253023708572872700,deer,False
01KEYY4TCRFNV6R3P45P39B7WE,55,meta-llama/Llama-3.3-70B-Instruct-Turbo,animals,"cat
dog
lion
elephant
tiger
bear
whale
cow
dolphin
kangaroo
gorilla
peacock
hawk
crocodile
snake
lizard
gecko
newt
salamander
frog
toad
butterfly
koala
panda
spider
scorpion
rat
mouse
parrot
zebra
pig
goat
badger
rabbit
sheep
chicken
horse
duck
crab
shark
starfish
lobster
jellyfish
toucan
penguin
puffin
owl
flamingo
sparrow
eagle
moose
bison
antelope
raccoon",opossum,0.0,otter,,False,True,0,,iterative,18146971300892942000,squirrel,False
01KEYY4TCRFNV6R3P45P39B7WE,56,meta-llama/Llama-3.3-70B-Instruct-Turbo,animals,"cat
dog
lion
elephant
tiger
bear
whale
cow
dolphin
kangaroo
gorilla
peacock
hawk
crocodile
snake
lizard
gecko
newt
salamander
frog
toad
butterfly
koala
panda
spider
scorpion
rat
mouse
parrot
zebra
pig
goat
badger
rabbit
sheep
chicken
horse
duck
crab
shark
starfish
lobster
jellyfish
toucan
penguin
puffin
owl
flamingo
sparrow
eagle
moose
bison
antelope
raccoon
opossum",skunk,0.0,skunk,,True,True,0,,iterative,14659799805672350000,,False
01KEYY4TCRFNV6R3P45P39B7WE,57,meta-llama/Llama-3.3-70B-Instruct-Turbo,animals,"cat
dog
lion
elephant
tiger
bear
whale
cow
dolphin
kangaroo
gorilla
peacock
hawk
crocodile
snake
lizard
gecko
newt
salamander
frog
toad
butterfly
koala
panda
spider
scorpion
rat
mouse
parrot
zebra
pig
goat
badger
rabbit
sheep
chicken
horse
duck
crab
shark
starfish
lobster
jellyfish
toucan
penguin
puffin
owl
flamingo
sparrow
eagle
moose
bison
antelope
raccoon
opossum
skunk",armadillo,0.0,otter,,False,True,0,,iterative,12661879581281645000,squirrel,False
01KEYY4TCRFNV6R3P45P39B7WE,58,meta-llama/Llama-3.3-70B-Instruct-Turbo,animals,"cat
dog
lion
elephant
tiger
bear
whale
cow
dolphin
kangaroo
gorilla
peacock
hawk
crocodile
snake
lizard
gecko
newt
salamander
frog
toad
butterfly
koala
panda
spider
scorpion
rat
mouse
parrot
zebra
pig
goat
badger
rabbit
sheep
chicken
horse
duck
crab
shark
starfish
lobster
jellyfish
toucan
penguin
puffin
owl
flamingo
sparrow
eagle
moose
bison
antelope
raccoon
opossum
skunk
armadillo",tapir,0.0,otter,,False,True,0,,iterative,14994727383477131000,badger,False
01KEYY4TCRFNV6R3P45P39B7WE,59,meta-llama/Llama-3.3-70B-Instruct-Turbo,animals,"cat
dog
lion
elephant
tiger
bear
whale
cow
dolphin
kangaroo
gorilla
peacock
hawk
crocodile
snake
lizard
gecko
newt
salamander
frog
toad
butterfly
koala
panda
spider
scorpion
rat
mouse
parrot
zebra
pig
goat
badger
rabbit
sheep
chicken
horse
duck
crab
shark
starfish
lobster
jellyfish
toucan
penguin
puffin
owl
flamingo
sparrow
eagle
moose
bison
antelope
raccoon
opossum
skunk
armadillo
tapir",lemur,0.0,sloth,,False,True,0,,iterative,6420476397083705000,seal,False
01KEYY4TCRFNV6R3P45P39B7WE,60,meta-llama/Llama-3.3-70B-Instruct-Turbo,animals,"cat
dog
lion
elephant
tiger
bear
whale
cow
dolphin
kangaroo
gorilla
peacock
hawk
crocodile
snake
lizard
gecko
newt
salamander
frog
toad
butterfly
koala
panda
spider
scorpion
rat
mouse
parrot
zebra
pig
goat
badger
rabbit
sheep
chicken
horse
duck
crab
shark
starfish
lobster
jellyfish
toucan
penguin
puffin
owl
flamingo
sparrow
eagle
moose
bison
antelope
raccoon
opossum
skunk
armadillo
tapir
lemur",albatross,0.0,monkey,,False,True,0,,iterative,13041209003426902000,camel,False
01KEYY4TCRFNV6R3P45P39B7WE,61,meta-llama/Llama-3.3-70B-Instruct-Turbo,animals,"cat
dog
lion
elephant
tiger
bear
whale
cow
dolphin
kangaroo
gorilla
peacock
hawk
crocodile
snake
lizard
gecko
newt
salamander
frog
toad
butterfly
koala
panda
spider
scorpion
rat
mouse
parrot
zebra
pig
goat
badger
rabbit
sheep
chicken
horse
duck
crab
shark
starfish
lobster
jellyfish
toucan
penguin
puffin
owl
flamingo
sparrow
eagle
moose
bison
antelope
raccoon
opossum
skunk
armadillo
tapir
lemur
albatross",tortoise,1.0,otter,,False,True,0,,iterative,8891589232710311000,ostrich,False
01KEYY4TCRFNV6R3P45P39B7WE,62,meta-llama/Llama-3.3-70B-Instruct-Turbo,animals,"cat
dog
lion
elephant
tiger
bear
whale
cow
dolphin
kangaroo
gorilla
peacock
hawk
crocodile
snake
lizard
gecko
newt
salamander
frog
toad
butterfly
koala
panda
spider
scorpion
rat
mouse
parrot
zebra
pig
goat
badger
rabbit
sheep
chicken
horse
duck
crab
shark
starfish
lobster
jellyfish
toucan
penguin
puffin
owl
flamingo
sparrow
eagle
moose
bison
antelope
raccoon
opossum
skunk
armadillo
tapir
lemur
albatross
tortoise",alligator,0.0,otter,,False,True,0,,iterative,15943497519196897000,turtle,False
01KEYY4TCRFNV6R3P45P39B7WE,63,meta-llama/Llama-3.3-70B-Instruct-Turbo,animals,"cat
dog
lion
elephant
tiger
bear
whale
cow
dolphin
kangaroo
gorilla
peacock
hawk
crocodile
snake
lizard
gecko
newt
salamander
frog
toad
butterfly
koala
panda
spider
scorpion
rat
mouse
parrot
zebra
pig
goat
badger
rabbit
sheep
chicken
horse
duck
crab
shark
starfish
lobster
jellyfish
toucan
penguin
puffin
owl
flamingo
sparrow
eagle
moose
bison
antelope
raccoon
opossum
skunk
armadillo
tapir
lemur
albatross
tortoise
alligator",flea,1.0,otter,,False,True,0,,iterative,11910689628713886000,crocodile,False
01KEYYX527KK91GMAG10G0VSN4,2,meta-llama/Llama-3.3-70B-Instruct-Turbo,animals,dog,cat,0.0,cat,,True,True,0,,iterative,2630993442617220600,cat,True
01KEYYX527KK91GMAG10G0VSN4,3,meta-llama/Llama-3.3-70B-Instruct-Turbo,animals,"dog
cat",bear,1.0,hamster,,False,True,0,,iterative,7808190993590583000,leopard,False
01KEYYX527KK91GMAG10G0VSN4,4,meta-llama/Llama-3.3-70B-Instruct-Turbo,animals,"dog
cat
bear",giraffe,0.0,lion,,False,True,0,,iterative,18170756436602352000,beaver,False
01KEYYX527KK91GMAG10G0VSN4,5,meta-llama/Llama-3.3-70B-Instruct-Turbo,animals,"dog
cat
bear
giraffe",meerkat,0.0,lion,,False,True,0,,iterative,11066024815729863000,elephant,False
01KEYYX527KK91GMAG10G0VSN4,6,meta-llama/Llama-3.3-70B-Instruct-Turbo,animals,"dog
cat
bear
giraffe
meerkat",panda,0.0,lion,,False,True,0,,iterative,9479529680813540000,mouse,False
01KEYYX527KK91GMAG10G0VSN4,7,meta-llama/Llama-3.3-70B-Instruct-Turbo,animals,"dog
cat
bear
giraffe
meerkat
panda",monkey,0.0,kangaroo,,False,True,0,,iterative,11210234183274789000,elephant,False
01KEYYX527KK91GMAG10G0VSN4,8,meta-llama/Llama-3.3-70B-Instruct-Turbo,animals,"dog
cat
bear
giraffe
meerkat
panda
monkey",gorilla,1.0,kangaroo,,False,True,0,,iterative,4084637113330319400,squirrel,False
01KEYYX527KK91GMAG10G0VSN4,9,meta-llama/Llama-3.3-70B-Instruct-Turbo,animals,"dog
cat
bear
giraffe
meerkat
panda
monkey
gorilla",hamster,0.0,lemur,,False,True,0,,iterative,12993214930206220000,ape,False
01KEYYX527KK91GMAG10G0VSN4,10,meta-llama/Llama-3.3-70B-Instruct-Turbo,animals,"dog
cat
bear
giraffe
meerkat
panda
monkey
gorilla
hamster",gerbil,0.0,squirrel,,False,True,0,,iterative,12227466520101648000,mouse,False
01KEYYX527KK91GMAG10G0VSN4,11,meta-llama/Llama-3.3-70B-Instruct-Turbo,animals,"dog
cat
bear
giraffe
meerkat
panda
monkey
gorilla
hamster
gerbil",snake,1.0,squirrel,,False,True,0,,iterative,10497629644583004000,mouse,False
01KEYYX527KK91GMAG10G0VSN4,12,meta-llama/Llama-3.3-70B-Instruct-Turbo,animals,"dog
cat
bear
giraffe
meerkat
panda
monkey
gorilla
hamster
gerbil
snake",spider,0.0,mouse,,False,True,0,,iterative,14657540060078619000,lizard,False
01KEYYX527KK91GMAG10G0VSN4,13,meta-llama/Llama-3.3-70B-Instruct-Turbo,animals,"dog
cat
bear
giraffe
meerkat
panda
monkey
gorilla
hamster
gerbil
snake
spider",caterpillar,0.0,lizard,,False,True,0,,iterative,3154084525433437000,lizard,False
01KEYYX527KK91GMAG10G0VSN4,14,meta-llama/Llama-3.3-70B-Instruct-Turbo,animals,"dog
cat
bear
giraffe
meerkat
panda
monkey
gorilla
hamster
gerbil
snake
spider
caterpillar",ant,1.0,butterfly,,False,True,0,,iterative,10217771293033964000,beetle,False
01KEYYX527KK91GMAG10G0VSN4,15,meta-llama/Llama-3.3-70B-Instruct-Turbo,animals,"dog
cat
bear
giraffe
meerkat
panda
monkey
gorilla
hamster
gerbil
snake
spider
caterpillar
ant",eagle,0.0,butterfly,,False,True,0,,iterative,581793606259719400,beetle,False
01KEYYX527KK91GMAG10G0VSN4,16,meta-llama/Llama-3.3-70B-Instruct-Turbo,animals,"dog
cat
bear
giraffe
meerkat
panda
monkey
gorilla
hamster
gerbil
snake
spider
caterpillar
ant
eagle",seagull,0.0,butterfly,,False,True,0,,iterative,5179029051009913000,bird,False
01KEYYX527KK91GMAG10G0VSN4,17,meta-llama/Llama-3.3-70B-Instruct-Turbo,animals,"dog
cat
bear
giraffe
meerkat
panda
monkey
gorilla
hamster
gerbil
snake
spider
caterpillar
ant
eagle
seagull",pigeon,1.0,parrot,,False,True,0,,iterative,12598811887516735000,sparrow,False
01KEYYX527KK91GMAG10G0VSN4,18,meta-llama/Llama-3.3-70B-Instruct-Turbo,animals,"dog
cat
bear
giraffe
meerkat
panda
monkey
gorilla
hamster
gerbil
snake
spider
caterpillar
ant
eagle
seagull
pigeon",whale,0.0,sparrow,,False,True,0,,iterative,9775556269359182000,sparrow,False
01KEYYX527KK91GMAG10G0VSN4,19,meta-llama/Llama-3.3-70B-Instruct-Turbo,animals,"dog
cat
bear
giraffe
meerkat
panda
monkey
gorilla
hamster
gerbil
snake
spider
caterpillar
ant
eagle
seagull
pigeon
whale",dolphin,0.0,dolphin,,True,True,0,,iterative,3787018915900912000,fish,False
01KEYYX527KK91GMAG10G0VSN4,20,meta-llama/Llama-3.3-70B-Instruct-Turbo,animals,"dog
cat
bear
giraffe
meerkat
panda
monkey
gorilla
hamster
gerbil
snake
spider
caterpillar
ant
eagle
seagull
pigeon
whale
dolphin",trout,0.0,shark,,False,True,0,,iterative,13278435377124678000,shark,False
01KEYYX527KK91GMAG10G0VSN4,21,meta-llama/Llama-3.3-70B-Instruct-Turbo,animals,"dog
cat
bear
giraffe
meerkat
panda
monkey
gorilla
hamster
gerbil
snake
spider
caterpillar
ant
eagle
seagull
pigeon
whale
dolphin
trout",catfish,1.0,shark,,False,True,0,,iterative,16625839438447020000,salmon,False
01KEYYX527KK91GMAG10G0VSN4,22,meta-llama/Llama-3.3-70B-Instruct-Turbo,animals,"dog
cat
bear
giraffe
meerkat
panda
monkey
gorilla
hamster
gerbil
snake
spider
caterpillar
ant
eagle
seagull
pigeon
whale
dolphin
trout
catfish",chicken,0.0,shark,,False,True,0,,iterative,6505758531785637000,salmon,False
01KEYYX527KK91GMAG10G0VSN4,23,meta-llama/Llama-3.3-70B-Instruct-Turbo,animals,"dog
cat
bear
giraffe
meerkat
panda
monkey
gorilla
hamster
gerbil
snake
spider
caterpillar
ant
eagle
seagull
pigeon
whale
dolphin
trout
catfish
chicken",cow,0.0,duck,,False,True,0,,iterative,13004025078207734000,pig,False
01KEYYX527KK91GMAG10G0VSN4,24,meta-llama/Llama-3.3-70B-Instruct-Turbo,animals,"dog
cat
bear
giraffe
meerkat
panda
monkey
gorilla
hamster
gerbil
snake
spider
caterpillar
ant
eagle
seagull
pigeon
whale
dolphin
trout
catfish
chicken
cow",pig,1.0,pig,,True,True,0,,iterative,17984904702786734000,pig,True
01KEYYX527KK91GMAG10G0VSN4,25,meta-llama/Llama-3.3-70B-Instruct-Turbo,animals,"dog
cat
bear
giraffe
meerkat
panda
monkey
gorilla
hamster
gerbil
snake
spider
caterpillar
ant
eagle
seagull
pigeon
whale
dolphin
trout
catfish
chicken
cow
pig",elephant,0.0,horse,,False,True,0,,iterative,6709708763707286000,horse,False
01KEYYX527KK91GMAG10G0VSN4,26,meta-llama/Llama-3.3-70B-Instruct-Turbo,animals,"dog
cat
bear
giraffe
meerkat
panda
monkey
gorilla
hamster
gerbil
snake
spider
caterpillar
ant
eagle
seagull
pigeon
whale
dolphin
trout
catfish
chicken
cow
pig
elephant",tiger,0.0,horse,,False,True,0,,iterative,13389700678403949000,rhino,False
01KEYYX527KK91GMAG10G0VSN4,27,meta-llama/Llama-3.3-70B-Instruct-Turbo,animals,"dog
cat
bear
giraffe
meerkat
panda
monkey
gorilla
hamster
gerbil
snake
spider
caterpillar
ant
eagle
seagull
pigeon
whale
dolphin
trout
catfish
chicken
cow
pig
elephant
tiger",lion,1.0,lion,,True,True,0,,iterative,14214105413714647000,lion,True
01KEYYX527KK91GMAG10G0VSN4,28,meta-llama/Llama-3.3-70B-Instruct-Turbo,animals,"dog
cat
bear
giraffe
meerkat
panda
monkey
gorilla
hamster
gerbil
snake
spider
caterpillar
ant
eagle
seagull
pigeon
whale
dolphin
trout
catfish
chicken
cow
pig
elephant
tiger
lion",mouse,0.0,leopard,,False,True,0,,iterative,3414604530643327500,leopard,False
01KEYYX527KK91GMAG10G0VSN4,29,meta-llama/Llama-3.3-70B-Instruct-Turbo,animals,"dog
cat
bear
giraffe
meerkat
panda
monkey
gorilla
hamster
gerbil
snake
spider
caterpillar
ant
eagle
seagull
pigeon
whale
dolphin
trout
catfish
chicken
cow
pig
elephant
tiger
lion
mouse",rat,1.0,leopard,,False,True,0,,iterative,6137102540002473000,rat,True
01KEYYX527KK91GMAG10G0VSN4,30,meta-llama/Llama-3.3-70B-Instruct-Turbo,animals,"dog
cat
bear
giraffe
meerkat
panda
monkey
gorilla
hamster
gerbil
snake
spider
caterpillar
ant
eagle
seagull
pigeon
whale
dolphin
trout
catfish
chicken
cow
pig
elephant
tiger
lion
mouse
rat",fox,1.0,squirrel,,False,True,0,,iterative,18381853823609700000,bird,False
01KEYYX527KK91GMAG10G0VSN4,31,meta-llama/Llama-3.3-70B-Instruct-Turbo,animals,"dog
cat
bear
giraffe
meerkat
panda
monkey
gorilla
hamster
gerbil
snake
spider
caterpillar
ant
eagle
seagull
pigeon
whale
dolphin
trout
catfish
chicken
cow
pig
elephant
tiger
lion
mouse
rat
fox",polarbear,1.0,wolf,,False,True,0,,iterative,12235392314791285000,hound,False
01KEYYX527KK91GMAG10G0VSN4,32,meta-llama/Llama-3.3-70B-Instruct-Turbo,animals,"dog
cat
bear
giraffe
meerkat
panda
monkey
gorilla
hamster
gerbil
snake
spider
caterpillar
ant
eagle
seagull
pigeon
whale
dolphin
trout
catfish
chicken
cow
pig
elephant
tiger
lion
mouse
rat
fox
polar bear",kangaroo,1.0,wolf,,False,True,0,,iterative,12491358250131313000,penguin,False
01KEYYX527KK91GMAG10G0VSN4,33,meta-llama/Llama-3.3-70B-Instruct-Turbo,animals,"dog
cat
bear
giraffe
meerkat
panda
monkey
gorilla
hamster
gerbil
snake
spider
caterpillar
ant
eagle
seagull
pigeon
whale
dolphin
trout
catfish
chicken
cow
pig
elephant
tiger
lion
mouse
rat
fox
polar bear
kangaroo",butterfly,0.0,koala,,False,True,0,,iterative,12383994855587930000,aardvark,False
01KEYYX527KK91GMAG10G0VSN4,34,meta-llama/Llama-3.3-70B-Instruct-Turbo,animals,"dog
cat
bear
giraffe
meerkat
panda
monkey
gorilla
hamster
gerbil
snake
spider
caterpillar
ant
eagle
seagull
pigeon
whale
dolphin
trout
catfish
chicken
cow
pig
elephant
tiger
lion
mouse
rat
fox
polar bear
kangaroo
butterfly",fly,0.0,frog,,False,True,0,,iterative,15598475072098111000,slug,False
01KEYYX527KK91GMAG10G0VSN4,35,meta-llama/Llama-3.3-70B-Instruct-Turbo,animals,"dog
cat
bear
giraffe
meerkat
panda
monkey
gorilla
hamster
gerbil
snake
spider
caterpillar
ant
eagle
seagull
pigeon
whale
dolphin
trout
catfish
chicken
cow
pig
elephant
tiger
lion
mouse
rat
fox
polar bear
kangaroo
butterfly
fly",bee,0.0,bee,,True,True,0,,iterative,9138072163257495000,slug,False
01KEYYX527KK91GMAG10G0VSN4,36,meta-llama/Llama-3.3-70B-Instruct-Turbo,animals,"dog
cat
bear
giraffe
meerkat
panda
monkey
gorilla
hamster
gerbil
snake
spider
caterpillar
ant
eagle
seagull
pigeon
whale
dolphin
trout
catfish
chicken
cow
pig
elephant
tiger
lion
mouse
rat
fox
polar bear
kangaroo
butterfly
fly
bee",hornet,0.0,wasp,,False,True,0,,iterative,10987055422824802000,wasp,False
01KEYYX527KK91GMAG10G0VSN4,37,meta-llama/Llama-3.3-70B-Instruct-Turbo,animals,"dog
cat
bear
giraffe
meerkat
panda
monkey
gorilla
hamster
gerbil
snake
spider
caterpillar
ant
eagle
seagull
pigeon
whale
dolphin
trout
catfish
chicken
cow
pig
elephant
tiger
lion
mouse
rat
fox
polar bear
kangaroo
butterfly
fly
bee
hornet",wasp,1.0,wasp,,True,True,0,,iterative,503673901863581250,wasp,True
01KEYYX527KK91GMAG10G0VSN4,38,meta-llama/Llama-3.3-70B-Instruct-Turbo,animals,"dog
cat
bear
giraffe
meerkat
panda
monkey
gorilla
hamster
gerbil
snake
spider
caterpillar
ant
eagle
seagull
pigeon
whale
dolphin
trout
catfish
chicken
cow
pig
elephant
tiger
lion
mouse
rat
fox
polar bear
kangaroo
butterfly
fly
bee
hornet
wasp",woodlouse,1.0,dragonfly,,False,True,0,,iterative,4652473796935105000,beetle,False
01KEYYX527KK91GMAG10G0VSN4,39,meta-llama/Llama-3.3-70B-Instruct-Turbo,animals,"dog
cat
bear
giraffe
meerkat
panda
monkey
gorilla
hamster
gerbil
snake
spider
caterpillar
ant
eagle
seagull
pigeon
whale
dolphin
trout
catfish
chicken
cow
pig
elephant
tiger
lion
mouse
rat
fox
polar bear
kangaroo
butterfly
fly
bee
hornet
wasp
woodlouse",molerat,0.0,centipede,,False,True,0,,iterative,9120947718133978000,beetle,False
01KEYYX527KK91GMAG10G0VSN4,40,meta-llama/Llama-3.3-70B-Instruct-Turbo,animals,"dog
cat
bear
giraffe
meerkat
panda
monkey
gorilla
hamster
gerbil
snake
spider
caterpillar
ant
eagle
seagull
pigeon
whale
dolphin
trout
catfish
chicken
cow
pig
elephant
tiger
lion
mouse
rat
fox
polar bear
kangaroo
butterfly
fly
bee
hornet
wasp
woodlouse
mole rat",anteater,1.0,squirrel,,False,True,0,,iterative,6354548552923661000,tortoise,False
01KEYYX527KK91GMAG10G0VSN4,41,meta-llama/Llama-3.3-70B-Instruct-Turbo,animals,"dog
cat
bear
giraffe
meerkat
panda
monkey
gorilla
hamster
gerbil
snake
spider
caterpillar
ant
eagle
seagull
pigeon
whale
dolphin
trout
catfish
chicken
cow
pig
elephant
tiger
lion
mouse
rat
fox
polar bear
kangaroo
butterfly
fly
bee
hornet
wasp
woodlouse
mole rat
anteater",dragonfly,0.0,armadillo,,False,True,0,,iterative,13128277798112432000,aardvark,False
01KEYYX527KK91GMAG10G0VSN4,42,meta-llama/Llama-3.3-70B-Instruct-Turbo,animals,"dog
cat
bear
giraffe
meerkat
panda
monkey
gorilla
hamster
gerbil
snake
spider
caterpillar
ant
eagle
seagull
pigeon
whale
dolphin
trout
catfish
chicken
cow
pig
elephant
tiger
lion
mouse
rat
fox
polar bear
kangaroo
butterfly
fly
bee
hornet
wasp
woodlouse
mole rat
anteater
dragonfly",swan,0.0,grasshopper,,False,True,0,,iterative,2879880910873752000,beetle,False
01KEYYX527KK91GMAG10G0VSN4,43,meta-llama/Llama-3.3-70B-Instruct-Turbo,animals,"dog
cat
bear
giraffe
meerkat
panda
monkey
gorilla
hamster
gerbil
snake
spider
caterpillar
ant
eagle
seagull
pigeon
whale
dolphin
trout
catfish
chicken
cow
pig
elephant
tiger
lion
mouse
rat
fox
polar bear
kangaroo
butterfly
fly
bee
hornet
wasp
woodlouse
mole rat
anteater
dragonfly
swan",duck,1.0,duck,,True,True,0,,iterative,2328627652217297000,vulture,False
01KEYYX527KK91GMAG10G0VSN4,44,meta-llama/Llama-3.3-70B-Instruct-Turbo,animals,"dog
cat
bear
giraffe
meerkat
panda
monkey
gorilla
hamster
gerbil
snake
spider
caterpillar
ant
eagle
seagull
pigeon
whale
dolphin
trout
catfish
chicken
cow
pig
elephant
tiger
lion
mouse
rat
fox
polar bear
kangaroo
butterfly
fly
bee
hornet
wasp
woodlouse
mole rat
anteater
dragonfly
swan
duck",moose,0.0,goose,,False,True,0,,iterative,4014363564076418000,hen,False
01KEYYX527KK91GMAG10G0VSN4,45,meta-llama/Llama-3.3-70B-Instruct-Turbo,animals,"dog
cat
bear
giraffe
meerkat
panda
monkey
gorilla
hamster
gerbil
snake
spider
caterpillar
ant
eagle
seagull
pigeon
whale
dolphin
trout
catfish
chicken
cow
pig
elephant
tiger
lion
mouse
rat
fox
polar bear
kangaroo
butterfly
fly
bee
hornet
wasp
woodlouse
mole rat
anteater
dragonfly
swan
duck
moose",deer,0.0,deer,,True,True,0,,iterative,8628159123436124000,deer,True
01KEYYX527KK91GMAG10G0VSN4,46,meta-llama/Llama-3.3-70B-Instruct-Turbo,animals,"dog
cat
bear
giraffe
meerkat
panda
monkey
gorilla
hamster
gerbil
snake
spider
caterpillar
ant
eagle
seagull
pigeon
whale
dolphin
trout
catfish
chicken
cow
pig
elephant
tiger
lion
mouse
rat
fox
polar bear
kangaroo
butterfly
fly
bee
hornet
wasp
woodlouse
mole rat
anteater
dragonfly
swan
duck
moose
deer",bison,0.0,rabbit,,False,True,0,,iterative,3796851193851194000,stag,False
01KEYYX527KK91GMAG10G0VSN4,47,meta-llama/Llama-3.3-70B-Instruct-Turbo,animals,"dog
cat
bear
giraffe
meerkat
panda
monkey
gorilla
hamster
gerbil
snake
spider
caterpillar
ant
eagle
seagull
pigeon
whale
dolphin
trout
catfish
chicken
cow
pig
elephant
tiger
lion
mouse
rat
fox
polar bear
kangaroo
butterfly
fly
bee
hornet
wasp
woodlouse
mole rat
anteater
dragonfly
swan
duck
moose
deer
bison",bull,1.0,rabbit,,False,True,0,,iterative,2196083354088533200,ox,False
01KEYYX527KK91GMAG10G0VSN4,48,meta-llama/Llama-3.3-70B-Instruct-Turbo,animals,"dog
cat
bear
giraffe
meerkat
panda
monkey
gorilla
hamster
gerbil
snake
spider
caterpillar
ant
eagle
seagull
pigeon
whale
dolphin
trout
catfish
chicken
cow
pig
elephant
tiger
lion
mouse
rat
fox
polar bear
kangaroo
butterfly
fly
bee
hornet
wasp
woodlouse
mole rat
anteater
dragonfly
swan
duck
moose
deer
bison
bull",goose,1.0,horse,,False,True,0,,iterative,7719740810600280000,ox,False
01KEYYX527KK91GMAG10G0VSN4,49,meta-llama/Llama-3.3-70B-Instruct-Turbo,animals,"dog
cat
bear
giraffe
meerkat
panda
monkey
gorilla
hamster
gerbil
snake
spider
caterpillar
ant
eagle
seagull
pigeon
whale
dolphin
trout
catfish
chicken
cow
pig
elephant
tiger
lion
mouse
rat
fox
polar bear
kangaroo
butterfly
fly
bee
hornet
wasp
woodlouse
mole rat
anteater
dragonfly
swan
duck
moose
deer
bison
bull
goose",bandicoot,1.0,turkey,,False,True,0,,iterative,1092229827226504600,pheasant,False
01KEYYX527KK91GMAG10G0VSN4,50,meta-llama/Llama-3.3-70B-Instruct-Turbo,animals,"dog
cat
bear
giraffe
meerkat
panda
monkey
gorilla
hamster
gerbil
snake
spider
caterpillar
ant
eagle
seagull
pigeon
whale
dolphin
trout
catfish
chicken
cow
pig
elephant
tiger
lion
mouse
rat
fox
polar bear
kangaroo
butterfly
fly
bee
hornet
wasp
woodlouse
mole rat
anteater
dragonfly
swan
duck
moose
deer
bison
bull
goose
bandicoot",flamingo,1.0,wallaby,,False,True,0,,iterative,9803647734633755000,rabbit,False
01KEYYX527KK91GMAG10G0VSN4,51,meta-llama/Llama-3.3-70B-Instruct-Turbo,animals,"dog
cat
bear
giraffe
meerkat
panda
monkey
gorilla
hamster
gerbil
snake
spider
caterpillar
ant
eagle
seagull
pigeon
whale
dolphin
trout
catfish
chicken
cow
pig
elephant
tiger
lion
mouse
rat
fox
polar bear
kangaroo
butterfly
fly
bee
hornet
wasp
woodlouse
mole rat
anteater
dragonfly
swan
duck
moose
deer
bison
bull
goose
bandicoot
flamingo",ape,1.0,ostrich,,False,True,0,,iterative,17415254059300661000,vulture,False
01KEYZQ9H5XG25DQDF5BYW8JFM,2,meta-llama/Llama-3.3-70B-Instruct-Turbo,animals,deer,dog,0.0,elk,,False,True,0,,iterative,14273661069385896000,horse,False
01KEYZQ9H5XG25DQDF5BYW8JFM,3,meta-llama/Llama-3.3-70B-Instruct-Turbo,animals,"deer
dog",cat,0.0,cat,,True,True,0,,iterative,13053214909064910000,cat,True
01KEYZQ9H5XG25DQDF5BYW8JFM,4,meta-llama/Llama-3.3-70B-Instruct-Turbo,animals,"deer
dog
cat",bird,0.0,horse,,False,True,0,,iterative,18285468220540664000,lion,False
01KEYZQ9H5XG25DQDF5BYW8JFM,5,meta-llama/Llama-3.3-70B-Instruct-Turbo,animals,"deer
dog
cat
bird",lion,0.0,fish,,False,True,0,,iterative,16710798019484957000,monkey,False
01KEYZQ9H5XG25DQDF5BYW8JFM,6,meta-llama/Llama-3.3-70B-Instruct-Turbo,animals,"deer
dog
cat
bird
lion",goat,0.0,tiger,,False,True,0,,iterative,8568411552234143000,tiger,False
01KEYZQ9H5XG25DQDF5BYW8JFM,7,meta-llama/Llama-3.3-70B-Instruct-Turbo,animals,"deer
dog
cat
bird
lion
goat",sheep,0.0,tiger,,False,True,0,,iterative,10211755415304075000,lamb,False
01KEYZQ9H5XG25DQDF5BYW8JFM,8,meta-llama/Llama-3.3-70B-Instruct-Turbo,animals,"deer
dog
cat
bird
lion
goat
sheep",pig,0.0,cow,,False,True,0,,iterative,8183364422231679000,lamb,False
01KEYZQ9H5XG25DQDF5BYW8JFM,9,meta-llama/Llama-3.3-70B-Instruct-Turbo,animals,"deer
dog
cat
bird
lion
goat
sheep
pig",cow,0.0,cow,,True,True,0,,iterative,504764796286237700,horse,False
01KEYZQ9H5XG25DQDF5BYW8JFM,10,meta-llama/Llama-3.3-70B-Instruct-Turbo,animals,"deer
dog
cat
bird
lion
goat
sheep
pig
cow",duck,0.0,horse,,False,True,0,,iterative,16229814374826238000,llama,False
01KEYZQ9H5XG25DQDF5BYW8JFM,11,meta-llama/Llama-3.3-70B-Instruct-Turbo,animals,"deer
dog
cat
bird
lion
goat
sheep
pig
cow
duck",wilddog,1.0,horse,,False,True,0,,iterative,16817653825909623000,pigeon,False
01KEYZQ9H5XG25DQDF5BYW8JFM,12,meta-llama/Llama-3.3-70B-Instruct-Turbo,animals,"deer
dog
cat
bird
lion
goat
sheep
pig
cow
duck
wild dog",dolphin,0.0,horse,,False,True,0,,iterative,10485200946736441000,hyena,False
01KEYZQ9H5XG25DQDF5BYW8JFM,13,meta-llama/Llama-3.3-70B-Instruct-Turbo,animals,"deer
dog
cat
bird
lion
goat
sheep
pig
cow
duck
wild dog
dolphin",pigeon,0.0,horse,,False,True,0,,iterative,2777832903896638000,shark,False
01KEYZQ9H5XG25DQDF5BYW8JFM,14,meta-llama/Llama-3.3-70B-Instruct-Turbo,animals,"deer
dog
cat
bird
lion
goat
sheep
pig
cow
duck
wild dog
dolphin
pigeon",jaguar,0.0,horse,,False,True,0,,iterative,11850213015406109000,whale,False
01KEYZQ9H5XG25DQDF5BYW8JFM,15,meta-llama/Llama-3.3-70B-Instruct-Turbo,animals,"deer
dog
cat
bird
lion
goat
sheep
pig
cow
duck
wild dog
dolphin
pigeon
jaguar",giraffe,0.0,tiger,,False,True,0,,iterative,14055382774084745000,tiger,False
01KEYZQ9H5XG25DQDF5BYW8JFM,16,meta-llama/Llama-3.3-70B-Instruct-Turbo,animals,"deer
dog
cat
bird
lion
goat
sheep
pig
cow
duck
wild dog
dolphin
pigeon
jaguar
giraffe",polarbear,0.0,elephant,,False,True,0,,iterative,6614093755301659000,elephant,False
01KEYZQ9H5XG25DQDF5BYW8JFM,17,meta-llama/Llama-3.3-70B-Instruct-Turbo,animals,"deer
dog
cat
bird
lion
goat
sheep
pig
cow
duck
wild dog
dolphin
pigeon
jaguar
giraffe
polar bear",panda,0.0,elephant,,False,True,0,,iterative,9274220577840415000,elephant,False
01KEYZQ9H5XG25DQDF5BYW8JFM,18,meta-llama/Llama-3.3-70B-Instruct-Turbo,animals,"deer
dog
cat
bird
lion
goat
sheep
pig
cow
duck
wild dog
dolphin
pigeon
jaguar
giraffe
polar bear
panda",turtle,0.0,koala,,False,True,0,,iterative,529085746643851200,shark,False
01KEYZQ9H5XG25DQDF5BYW8JFM,19,meta-llama/Llama-3.3-70B-Instruct-Turbo,animals,"deer
dog
cat
bird
lion
goat
sheep
pig
cow
duck
wild dog
dolphin
pigeon
jaguar
giraffe
polar bear
panda
turtle",snake,0.0,bear,,False,True,0,,iterative,148706068506888930,shark,False
01KEYZQ9H5XG25DQDF5BYW8JFM,20,meta-llama/Llama-3.3-70B-Instruct-Turbo,animals,"deer
dog
cat
bird
lion
goat
sheep
pig
cow
duck
wild dog
dolphin
pigeon
jaguar
giraffe
polar bear
panda
turtle
snake",elephant,0.0,monkey,,False,True,0,,iterative,4079702757431317000,shark,False
01KEYZQ9H5XG25DQDF5BYW8JFM,21,meta-llama/Llama-3.3-70B-Instruct-Turbo,animals,"deer
dog
cat
bird
lion
goat
sheep
pig
cow
duck
wild dog
dolphin
pigeon
jaguar
giraffe
polar bear
panda
turtle
snake
elephant",fish,1.0,monkey,,False,True,0,,iterative,4771070684045527000,shark,False
01KEYZQ9H5XG25DQDF5BYW8JFM,22,meta-llama/Llama-3.3-70B-Instruct-Turbo,animals,"deer
dog
cat
bird
lion
goat
sheep
pig
cow
duck
wild dog
dolphin
pigeon
jaguar
giraffe
polar bear
panda
turtle
snake
elephant
fish",bear,0.0,shark,,False,True,0,,iterative,1009513193044842500,shark,False
01KEYZQ9H5XG25DQDF5BYW8JFM,23,meta-llama/Llama-3.3-70B-Instruct-Turbo,animals,"deer
dog
cat
bird
lion
goat
sheep
pig
cow
duck
wild dog
dolphin
pigeon
jaguar
giraffe
polar bear
panda
turtle
snake
elephant
fish
bear",penguin,0.0,monkey,,False,True,0,,iterative,10055077465632274000,shark,False
01KEYZQ9H5XG25DQDF5BYW8JFM,24,meta-llama/Llama-3.3-70B-Instruct-Turbo,animals,"deer
dog
cat
bird
lion
goat
sheep
pig
cow
duck
wild dog
dolphin
pigeon
jaguar
giraffe
polar bear
panda
turtle
snake
elephant
fish
bear
penguin",horse,0.0,seal,,False,True,0,,iterative,15619646727257565000,shark,False
01KEYZQ9H5XG25DQDF5BYW8JFM,25,meta-llama/Llama-3.3-70B-Instruct-Turbo,animals,"deer
dog
cat
bird
lion
goat
sheep
pig
cow
duck
wild dog
dolphin
pigeon
jaguar
giraffe
polar bear
panda
turtle
snake
elephant
fish
bear
penguin
horse",donkey,1.0,donkey,,True,True,0,,iterative,9903503316503876000,shark,False
01KEYZQ9H5XG25DQDF5BYW8JFM,26,meta-llama/Llama-3.3-70B-Instruct-Turbo,animals,"deer
dog
cat
bird
lion
goat
sheep
pig
cow
duck
wild dog
dolphin
pigeon
jaguar
giraffe
polar bear
panda
turtle
snake
elephant
fish
bear
penguin
horse
donkey",crocodile,0.0,monkey,,False,True,0,,iterative,10630360819430627000,horse,False
01KEYZQ9H5XG25DQDF5BYW8JFM,27,meta-llama/Llama-3.3-70B-Instruct-Turbo,animals,"deer
dog
cat
bird
lion
goat
sheep
pig
cow
duck
wild dog
dolphin
pigeon
jaguar
giraffe
polar bear
panda
turtle
snake
elephant
fish
bear
penguin
horse
donkey
crocodile",hen,0.0,kangaroo,,False,True,0,,iterative,10856768719630981000,shark,False
01KEYZQ9H5XG25DQDF5BYW8JFM,28,meta-llama/Llama-3.3-70B-Instruct-Turbo,animals,"deer
dog
cat
bird
lion
goat
sheep
pig
cow
duck
wild dog
dolphin
pigeon
jaguar
giraffe
polar bear
panda
turtle
snake
elephant
fish
bear
penguin
horse
donkey
crocodile
hen",panther,0.0,chicken,,False,True,0,,iterative,5290481586745403000,shark,False
01KEYZQ9H5XG25DQDF5BYW8JFM,29,meta-llama/Llama-3.3-70B-Instruct-Turbo,animals,"deer
dog
cat
bird
lion
goat
sheep
pig
cow
duck
wild dog
dolphin
pigeon
jaguar
giraffe
polar bear
panda
turtle
snake
elephant
fish
bear
penguin
horse
donkey
crocodile
hen
panther",tiger,0.0,tiger,,True,True,0,,iterative,15149729213738290000,shark,False
01KEYZQ9H5XG25DQDF5BYW8JFM,30,meta-llama/Llama-3.3-70B-Instruct-Turbo,animals,"deer
dog
cat
bird
lion
goat
sheep
pig
cow
duck
wild dog
dolphin
pigeon
jaguar
giraffe
polar bear
panda
turtle
snake
elephant
fish
bear
penguin
horse
donkey
crocodile
hen
panther
tiger",cheetah,0.0,leopard,,False,True,0,,iterative,7217992890669226000,shark,False
01KEYZQ9H5XG25DQDF5BYW8JFM,31,meta-llama/Llama-3.3-70B-Instruct-Turbo,animals,"deer
dog
cat
bird
lion
goat
sheep
pig
cow
duck
wild dog
dolphin
pigeon
jaguar
giraffe
polar bear
panda
turtle
snake
elephant
fish
bear
penguin
horse
donkey
crocodile
hen
panther
tiger
cheetah",rabbit,1.0,leopard,,False,True,0,,iterative,12705581455988535000,shark,False
01KEYZQ9H5XG25DQDF5BYW8JFM,32,meta-llama/Llama-3.3-70B-Instruct-Turbo,animals,"deer
dog
cat
bird
lion
goat
sheep
pig
cow
duck
wild dog
dolphin
pigeon
jaguar
giraffe
polar bear
panda
turtle
snake
elephant
fish
bear
penguin
horse
donkey
crocodile
hen
panther
tiger
cheetah
rabbit",chicken,0.0,fox,,False,True,0,,iterative,1254041525346538000,shark,False
01KEYZQ9H5XG25DQDF5BYW8JFM,33,meta-llama/Llama-3.3-70B-Instruct-Turbo,animals,"deer
dog
cat
bird
lion
goat
sheep
pig
cow
duck
wild dog
dolphin
pigeon
jaguar
giraffe
polar bear
panda
turtle
snake
elephant
fish
bear
penguin
horse
donkey
crocodile
hen
panther
tiger
cheetah
rabbit
chicken",leopard,0.0,fox,,False,True,0,,iterative,5166298442347607000,goose,False
01KEYZQ9H5XG25DQDF5BYW8JFM,34,meta-llama/Llama-3.3-70B-Instruct-Turbo,animals,"deer
dog
cat
bird
lion
goat
sheep
pig
cow
duck
wild dog
dolphin
pigeon
jaguar
giraffe
polar bear
panda
turtle
snake
elephant
fish
bear
penguin
horse
donkey
crocodile
hen
panther
tiger
cheetah
rabbit
chicken
leopard",monkey,1.0,fox,,False,True,0,,iterative,10334219086486063000,shark,False
01KEYZQ9H5XG25DQDF5BYW8JFM,35,meta-llama/Llama-3.3-70B-Instruct-Turbo,animals,"deer
dog
cat
bird
lion
goat
sheep
pig
cow
duck
wild dog
dolphin
pigeon
jaguar
giraffe
polar bear
panda
turtle
snake
elephant
fish
bear
penguin
horse
donkey
crocodile
hen
panther
tiger
cheetah
rabbit
chicken
leopard
monkey",hamster,0.0,kangaroo,,False,True,0,,iterative,17953497264116476000,shark,False
01KEYZQ9H5XG25DQDF5BYW8JFM,36,meta-llama/Llama-3.3-70B-Instruct-Turbo,animals,"deer
dog
cat
bird
lion
goat
sheep
pig
cow
duck
wild dog
dolphin
pigeon
jaguar
giraffe
polar bear
panda
turtle
snake
elephant
fish
bear
penguin
horse
donkey
crocodile
hen
panther
tiger
cheetah
rabbit
chicken
leopard
monkey
hamster",shark,0.0,kangaroo,,False,True,0,,iterative,5095718119984819000,shark,True
01KEYZQ9H5XG25DQDF5BYW8JFM,37,meta-llama/Llama-3.3-70B-Instruct-Turbo,animals,"deer
dog
cat
bird
lion
goat
sheep
pig
cow
duck
wild dog
dolphin
pigeon
jaguar
giraffe
polar bear
panda
turtle
snake
elephant
fish
bear
penguin
horse
donkey
crocodile
hen
panther
tiger
cheetah
rabbit
chicken
leopard
monkey
hamster
shark",rhinoceros,0.0,kangaroo,,False,True,0,,iterative,16424628655623893000,whale,False
01KEYZZ564VR8GHAFMME5V2E0Z,2,meta-llama/Llama-3.3-70B-Instruct-Turbo,animals,dog,cat,0.0,cat,,True,True,0,,iterative,9982566241784009000,cat,True
01KEYZZ564VR8GHAFMME5V2E0Z,3,meta-llama/Llama-3.3-70B-Instruct-Turbo,animals,"dog
cat",sheep,1.0,hamster,,False,True,0,,iterative,16799648173609441000,mouse,False
01KEYZZ564VR8GHAFMME5V2E0Z,4,meta-llama/Llama-3.3-70B-Instruct-Turbo,animals,"dog
cat
sheep",lamb,1.0,horse,,False,True,0,,iterative,7070563599133537000,cow,False
01KEYZZ564VR8GHAFMME5V2E0Z,5,meta-llama/Llama-3.3-70B-Instruct-Turbo,animals,"dog
cat
sheep
lamb",lion,0.0,goat,,False,True,0,,iterative,17988202462814216000,sheep,False
01KEYZZ564VR8GHAFMME5V2E0Z,6,meta-llama/Llama-3.3-70B-Instruct-Turbo,animals,"dog
cat
sheep
lamb
lion",bison,0.0,tiger,,False,True,0,,iterative,17506456822013598000,tiger,False
01KEYZZ564VR8GHAFMME5V2E0Z,7,meta-llama/Llama-3.3-70B-Instruct-Turbo,animals,"dog
cat
sheep
lamb
lion
bison",bird,0.0,tiger,,False,True,0,,iterative,13957919764881502000,deer,False
01KEYZZ564VR8GHAFMME5V2E0Z,8,meta-llama/Llama-3.3-70B-Instruct-Turbo,animals,"dog
cat
sheep
lamb
lion
bison
bird",deer,0.0,elephant,,False,True,0,,iterative,11453240376901851000,eagle,False
01KEYZZ564VR8GHAFMME5V2E0Z,9,meta-llama/Llama-3.3-70B-Instruct-Turbo,animals,"dog
cat
sheep
lamb
lion
bison
bird
deer",cow,0.0,horse,,False,True,0,,iterative,12417226237092379000,crocodile,False
01KEYZZ564VR8GHAFMME5V2E0Z,10,meta-llama/Llama-3.3-70B-Instruct-Turbo,animals,"dog
cat
sheep
lamb
lion
bison
bird
deer
cow",octopus,0.0,horse,,False,True,0,,iterative,5773089641331075000,sheep,False
01KEYZZ564VR8GHAFMME5V2E0Z,11,meta-llama/Llama-3.3-70B-Instruct-Turbo,animals,"dog
cat
sheep
lamb
lion
bison
bird
deer
cow
octopus",fish,1.0,squid,,False,True,0,,iterative,15605152276370481000,dolphin,False
01KEYZZ564VR8GHAFMME5V2E0Z,12,meta-llama/Llama-3.3-70B-Instruct-Turbo,animals,"dog
cat
sheep
lamb
lion
bison
bird
deer
cow
octopus
fish",shark,1.0,shark,,True,True,0,,iterative,8810608946445802000,crab,False
01KEYZZ564VR8GHAFMME5V2E0Z,13,meta-llama/Llama-3.3-70B-Instruct-Turbo,animals,"dog
cat
sheep
lamb
lion
bison
bird
deer
cow
octopus
fish
shark",ant,0.0,dolphin,,False,True,0,,iterative,10996610345883808000,whale,False
01KEYZZ564VR8GHAFMME5V2E0Z,14,meta-llama/Llama-3.3-70B-Instruct-Turbo,animals,"dog
cat
sheep
lamb
lion
bison
bird
deer
cow
octopus
fish
shark
ant",cheetah,0.0,bee,,False,True,0,,iterative,5435714157555952000,beetle,False
01KEYZZ564VR8GHAFMME5V2E0Z,15,meta-llama/Llama-3.3-70B-Instruct-Turbo,animals,"dog
cat
sheep
lamb
lion
bison
bird
deer
cow
octopus
fish
shark
ant
cheetah",elephant,0.0,tiger,,False,True,0,,iterative,3841858508880420000,tiger,False
01KEYZZ564VR8GHAFMME5V2E0Z,16,meta-llama/Llama-3.3-70B-Instruct-Turbo,animals,"dog
cat
sheep
lamb
lion
bison
bird
deer
cow
octopus
fish
shark
ant
cheetah
elephant",spider,0.0,giraffe,,False,True,0,,iterative,11854849616386159000,giraffe,False
01KEYZZ564VR8GHAFMME5V2E0Z,17,meta-llama/Llama-3.3-70B-Instruct-Turbo,animals,"dog
cat
sheep
lamb
lion
bison
bird
deer
cow
octopus
fish
shark
ant
cheetah
elephant
spider",fox,0.0,tiger,,False,True,0,,iterative,11412206408327160000,snake,False
01KEYZZ564VR8GHAFMME5V2E0Z,18,meta-llama/Llama-3.3-70B-Instruct-Turbo,animals,"dog
cat
sheep
lamb
lion
bison
bird
deer
cow
octopus
fish
shark
ant
cheetah
elephant
spider
fox",rat,1.0,tiger,,False,True,0,,iterative,6920934961983696000,weasel,False
01KEYZZ564VR8GHAFMME5V2E0Z,19,meta-llama/Llama-3.3-70B-Instruct-Turbo,animals,"dog
cat
sheep
lamb
lion
bison
bird
deer
cow
octopus
fish
shark
ant
cheetah
elephant
spider
fox
rat",mouse,1.0,mouse,,True,True,0,,iterative,10730624255407770000,mouse,True
01KEYZZ564VR8GHAFMME5V2E0Z,20,meta-llama/Llama-3.3-70B-Instruct-Turbo,animals,"dog
cat
sheep
lamb
lion
bison
bird
deer
cow
octopus
fish
shark
ant
cheetah
elephant
spider
fox
rat
mouse",snake,0.0,squirrel,,False,True,0,,iterative,13944373122319733000,rabbit,False
01KEYZZ564VR8GHAFMME5V2E0Z,21,meta-llama/Llama-3.3-70B-Instruct-Turbo,animals,"dog
cat
sheep
lamb
lion
bison
bird
deer
cow
octopus
fish
shark
ant
cheetah
elephant
spider
fox
rat
mouse
snake",robin,0.0,tiger,,False,True,0,,iterative,11281586136087466000,worm,False
01KEYZZ564VR8GHAFMME5V2E0Z,22,meta-llama/Llama-3.3-70B-Instruct-Turbo,animals,"dog
cat
sheep
lamb
lion
bison
bird
deer
cow
octopus
fish
shark
ant
cheetah
elephant
spider
fox
rat
mouse
snake
robin",ox,0.0,squirrel,,False,True,0,,iterative,14380142122759109000,eagle,False
01KEYZZ564VR8GHAFMME5V2E0Z,23,meta-llama/Llama-3.3-70B-Instruct-Turbo,animals,"dog
cat
sheep
lamb
lion
bison
bird
deer
cow
octopus
fish
shark
ant
cheetah
elephant
spider
fox
rat
mouse
snake
robin
ox",frog,0.0,tiger,,False,True,0,,iterative,15411923466432752000,cow,False
01KEYZZ564VR8GHAFMME5V2E0Z,24,meta-llama/Llama-3.3-70B-Instruct-Turbo,animals,"dog
cat
sheep
lamb
lion
bison
bird
deer
cow
octopus
fish
shark
ant
cheetah
elephant
spider
fox
rat
mouse
snake
robin
ox
frog",toad,0.0,tiger,,False,True,0,,iterative,266718204194807400,toad,True
01KEYZZ564VR8GHAFMME5V2E0Z,25,meta-llama/Llama-3.3-70B-Instruct-Turbo,animals,"dog
cat
sheep
lamb
lion
bison
bird
deer
cow
octopus
fish
shark
ant
cheetah
elephant
spider
fox
rat
mouse
snake
robin
ox
frog
toad",rabbit,1.0,tiger,,False,True,0,,iterative,6562257103568916000,worm,False
01KEYZZ564VR8GHAFMME5V2E0Z,26,meta-llama/Llama-3.3-70B-Instruct-Turbo,animals,"dog
cat
sheep
lamb
lion
bison
bird
deer
cow
octopus
fish
shark
ant
cheetah
elephant
spider
fox
rat
mouse
snake
robin
ox
frog
toad
rabbit",hare,1.0,squirrel,,False,True,0,,iterative,17588954513405640000,owl,False
01KEYZZ564VR8GHAFMME5V2E0Z,27,meta-llama/Llama-3.3-70B-Instruct-Turbo,animals,"dog
cat
sheep
lamb
lion
bison
bird
deer
cow
octopus
fish
shark
ant
cheetah
elephant
spider
fox
rat
mouse
snake
robin
ox
frog
toad
rabbit
hare",baboon,1.0,squirrel,,False,True,0,,iterative,348585415937582900,eagle,False
01KEYZZ564VR8GHAFMME5V2E0Z,28,meta-llama/Llama-3.3-70B-Instruct-Turbo,animals,"dog
cat
sheep
lamb
lion
bison
bird
deer
cow
octopus
fish
shark
ant
cheetah
elephant
spider
fox
rat
mouse
snake
robin
ox
frog
toad
rabbit
hare
baboon",chimpanzee,1.0,monkey,,False,True,0,,iterative,7913518185563695000,monkey,False
01KEYZZ564VR8GHAFMME5V2E0Z,29,meta-llama/Llama-3.3-70B-Instruct-Turbo,animals,"dog
cat
sheep
lamb
lion
bison
bird
deer
cow
octopus
fish
shark
ant
cheetah
elephant
spider
fox
rat
mouse
snake
robin
ox
frog
toad
rabbit
hare
baboon
chimpanzee",gorilla,1.0,gorilla,,True,True,0,,iterative,10597586971348742000,gorilla,True
01KEYZZ564VR8GHAFMME5V2E0Z,30,meta-llama/Llama-3.3-70B-Instruct-Turbo,animals,"dog
cat
sheep
lamb
lion
bison
bird
deer
cow
octopus
fish
shark
ant
cheetah
elephant
spider
fox
rat
mouse
snake
robin
ox
frog
toad
rabbit
hare
baboon
chimpanzee
gorilla",alpaca,0.0,monkey,,False,True,0,,iterative,15576149715520893000,monkey,False
01KEYZZ564VR8GHAFMME5V2E0Z,31,meta-llama/Llama-3.3-70B-Instruct-Turbo,animals,"dog
cat
sheep
lamb
lion
bison
bird
deer
cow
octopus
fish
shark
ant
cheetah
elephant
spider
fox
rat
mouse
snake
robin
ox
frog
toad
rabbit
hare
baboon
chimpanzee
gorilla
alpaca",lizard,0.0,llama,,False,True,0,,iterative,18085553426803663000,llama,False
01KEYZZ564VR8GHAFMME5V2E0Z,32,meta-llama/Llama-3.3-70B-Instruct-Turbo,animals,"dog
cat
sheep
lamb
lion
bison
bird
deer
cow
octopus
fish
shark
ant
cheetah
elephant
spider
fox
rat
mouse
snake
robin
ox
frog
toad
rabbit
hare
baboon
chimpanzee
gorilla
alpaca
lizard",dolphin,0.0,tiger,,False,True,0,,iterative,6007698754318812000,newt,False
01KEYZZ564VR8GHAFMME5V2E0Z,33,meta-llama/Llama-3.3-70B-Instruct-Turbo,animals,"dog
cat
sheep
lamb
lion
bison
bird
deer
cow
octopus
fish
shark
ant
cheetah
elephant
spider
fox
rat
mouse
snake
robin
ox
frog
toad
rabbit
hare
baboon
chimpanzee
gorilla
alpaca
lizard
dolphin",swan,0.0,whale,,False,True,0,,iterative,16935302560514073000,whale,False
01KEYZZ564VR8GHAFMME5V2E0Z,34,meta-llama/Llama-3.3-70B-Instruct-Turbo,animals,"dog
cat
sheep
lamb
lion
bison
bird
deer
cow
octopus
fish
shark
ant
cheetah
elephant
spider
fox
rat
mouse
snake
robin
ox
frog
toad
rabbit
hare
baboon
chimpanzee
gorilla
alpaca
lizard
dolphin
swan",polarbear,0.0,tiger,,False,True,0,,iterative,18363827882337380000,bird,False
01KEZ006E5XYY18GXM0GT51TBV,2,meta-llama/Llama-3.3-70B-Instruct-Turbo,animals,rabbit,duck,1.0,squirrel,,False,True,0,,iterative,8627640371522575000,hare,False
01KEZ006E5XYY18GXM0GT51TBV,3,meta-llama/Llama-3.3-70B-Instruct-Turbo,animals,"rabbit
duck",chicken,0.0,chicken,,True,True,0,,iterative,4282890625526542,frog,False
01KEZ006E5XYY18GXM0GT51TBV,4,meta-llama/Llama-3.3-70B-Instruct-Turbo,animals,"rabbit
duck
chicken",goose,0.0,turkey,,False,True,0,,iterative,16026454860971629000,goose,True
01KEZ006E5XYY18GXM0GT51TBV,5,meta-llama/Llama-3.3-70B-Instruct-Turbo,animals,"rabbit
duck
chicken
goose",horse,1.0,turkey,,False,True,0,,iterative,874015564020520600,turkey,False
01KEZ006E5XYY18GXM0GT51TBV,6,meta-llama/Llama-3.3-70B-Instruct-Turbo,animals,"rabbit
duck
chicken
goose
horse",zebra,0.0,cow,,False,True,0,,iterative,9297047176680092000,donkey,False
01KEZ006E5XYY18GXM0GT51TBV,7,meta-llama/Llama-3.3-70B-Instruct-Turbo,animals,"rabbit
duck
chicken
goose
horse
zebra",cobra,1.0,donkey,,False,True,0,,iterative,10101447343010865000,giraffe,False
01KEZ006E5XYY18GXM0GT51TBV,8,meta-llama/Llama-3.3-70B-Instruct-Turbo,animals,"rabbit
duck
chicken
goose
horse
zebra
cobra",toucan,1.0,giraffe,,False,True,0,,iterative,10514424313876716000,python,False
01KEZ006E5XYY18GXM0GT51TBV,9,meta-llama/Llama-3.3-70B-Instruct-Turbo,animals,"rabbit
duck
chicken
goose
horse
zebra
cobra
toucan",baldeagle,0.0,parrot,,False,True,0,,iterative,9738351055817343000,elephant,False
01KEZ006E5XYY18GXM0GT51TBV,10,meta-llama/Llama-3.3-70B-Instruct-Turbo,animals,"rabbit
duck
chicken
goose
horse
zebra
cobra
toucan
bald eagle",gardensnake,1.0,parrot,,False,True,0,,iterative,327835214929432700,giraffe,False
01KEZ006E5XYY18GXM0GT51TBV,11,meta-llama/Llama-3.3-70B-Instruct-Turbo,animals,"rabbit
duck
chicken
goose
horse
zebra
cobra
toucan
bald eagle
garden snake",lion,1.0,rattlesnake,,False,True,0,,iterative,437661917557445000,armadillo,False
01KEZ006E5XYY18GXM0GT51TBV,12,meta-llama/Llama-3.3-70B-Instruct-Turbo,animals,"rabbit
duck
chicken
goose
horse
zebra
cobra
toucan
bald eagle
garden snake
lion",tiger,0.0,tiger,,True,True,0,,iterative,10497326006218971000,cheetah,False
01KEZ006E5XYY18GXM0GT51TBV,13,meta-llama/Llama-3.3-70B-Instruct-Turbo,animals,"rabbit
duck
chicken
goose
horse
zebra
cobra
toucan
bald eagle
garden snake
lion
tiger",elephant,1.0,leopard,,False,True,0,,iterative,10653892549839507000,cheetah,False
01KEZ006E5XYY18GXM0GT51TBV,14,meta-llama/Llama-3.3-70B-Instruct-Turbo,animals,"rabbit
duck
chicken
goose
horse
zebra
cobra
toucan
bald eagle
garden snake
lion
tiger
elephant",cougar,1.0,giraffe,,False,True,0,,iterative,3985728383686219300,leopard,False
01KEZ006E5XYY18GXM0GT51TBV,15,meta-llama/Llama-3.3-70B-Instruct-Turbo,animals,"rabbit
duck
chicken
goose
horse
zebra
cobra
toucan
bald eagle
garden snake
lion
tiger
elephant
cougar",mountainlion,0.0,jaguar,,False,True,0,,iterative,12126017318938194000,rhino,False
01KEZ006E5XYY18GXM0GT51TBV,16,meta-llama/Llama-3.3-70B-Instruct-Turbo,animals,"rabbit
duck
chicken
goose
horse
zebra
cobra
toucan
bald eagle
garden snake
lion
tiger
elephant
cougar
mountain lion",parrot,1.0,leopard,,False,True,0,,iterative,2188908120101325800,rhino,False
01KEZ006E5XYY18GXM0GT51TBV,17,meta-llama/Llama-3.3-70B-Instruct-Turbo,animals,"rabbit
duck
chicken
goose
horse
zebra
cobra
toucan
bald eagle
garden snake
lion
tiger
elephant
cougar
mountain lion
parrot",gorilla,1.0,jaguar,,False,True,0,,iterative,13454348874339207000,giraffe,False
01KEZ006E5XYY18GXM0GT51TBV,18,meta-llama/Llama-3.3-70B-Instruct-Turbo,animals,"rabbit
duck
chicken
goose
horse
zebra
cobra
toucan
bald eagle
garden snake
lion
tiger
elephant
cougar
mountain lion
parrot
gorilla",chimpanzee,0.0,monkey,,False,True,0,,iterative,4922235864904484000,monkey,False
01KEZ006E5XYY18GXM0GT51TBV,19,meta-llama/Llama-3.3-70B-Instruct-Turbo,animals,"rabbit
duck
chicken
goose
horse
zebra
cobra
toucan
bald eagle
garden snake
lion
tiger
elephant
cougar
mountain lion
parrot
gorilla
chimpanzee",goat,1.0,monkey,,False,True,0,,iterative,7484349753381306000,giraffe,False
01KEZ006E5XYY18GXM0GT51TBV,20,meta-llama/Llama-3.3-70B-Instruct-Turbo,animals,"rabbit
duck
chicken
goose
horse
zebra
cobra
toucan
bald eagle
garden snake
lion
tiger
elephant
cougar
mountain lion
parrot
gorilla
chimpanzee
goat",sheep,0.0,monkey,,False,True,0,,iterative,7287979554690919000,pig,False
01KEZ006E5XYY18GXM0GT51TBV,21,meta-llama/Llama-3.3-70B-Instruct-Turbo,animals,"rabbit
duck
chicken
goose
horse
zebra
cobra
toucan
bald eagle
garden snake
lion
tiger
elephant
cougar
mountain lion
parrot
gorilla
chimpanzee
goat
sheep",ostrich,1.0,cow,,False,True,0,,iterative,7246135993514408000,pig,False
01KEZ006E5XYY18GXM0GT51TBV,22,meta-llama/Llama-3.3-70B-Instruct-Turbo,animals,"rabbit
duck
chicken
goose
horse
zebra
cobra
toucan
bald eagle
garden snake
lion
tiger
elephant
cougar
mountain lion
parrot
gorilla
chimpanzee
goat
sheep
ostrich",emu,0.0,kangaroo,,False,True,0,,iterative,7420471522078117000,emu,True
01KEZ006E5XYY18GXM0GT51TBV,23,meta-llama/Llama-3.3-70B-Instruct-Turbo,animals,"rabbit
duck
chicken
goose
horse
zebra
cobra
toucan
bald eagle
garden snake
lion
tiger
elephant
cougar
mountain lion
parrot
gorilla
chimpanzee
goat
sheep
ostrich
emu",turkey,0.0,kangaroo,,False,True,0,,iterative,11278063004959568000,pig,False
01KEZ006E5XYY18GXM0GT51TBV,24,meta-llama/Llama-3.3-70B-Instruct-Turbo,animals,"rabbit
duck
chicken
goose
horse
zebra
cobra
toucan
bald eagle
garden snake
lion
tiger
elephant
cougar
mountain lion
parrot
gorilla
chimpanzee
goat
sheep
ostrich
emu
turkey",toad,1.0,kangaroo,,False,True,0,,iterative,11229150733736358000,rhino,False
01KEZ006E5XYY18GXM0GT51TBV,25,meta-llama/Llama-3.3-70B-Instruct-Turbo,animals,"rabbit
duck
chicken
goose
horse
zebra
cobra
toucan
bald eagle
garden snake
lion
tiger
elephant
cougar
mountain lion
parrot
gorilla
chimpanzee
goat
sheep
ostrich
emu
turkey
toad",frog,0.0,frog,,True,True,0,,iterative,12233114981831821000,dolphin,False
01KEZ006E5XYY18GXM0GT51TBV,26,meta-llama/Llama-3.3-70B-Instruct-Turbo,animals,"rabbit
duck
chicken
goose
horse
zebra
cobra
toucan
bald eagle
garden snake
lion
tiger
elephant
cougar
mountain lion
parrot
gorilla
chimpanzee
goat
sheep
ostrich
emu
turkey
toad
frog",bullfrog,0.0,lizard,,False,True,0,,iterative,15283536709650899000,dolphin,False
01KEZ006E5XYY18GXM0GT51TBV,27,meta-llama/Llama-3.3-70B-Instruct-Turbo,animals,"rabbit
duck
chicken
goose
horse
zebra
cobra
toucan
bald eagle
garden snake
lion
tiger
elephant
cougar
mountain lion
parrot
gorilla
chimpanzee
goat
sheep
ostrich
emu
turkey
toad
frog
bullfrog",monkey,1.0,leopard,,False,True,0,,iterative,761991263789392100,whale,False
01KEZ006E5XYY18GXM0GT51TBV,28,meta-llama/Llama-3.3-70B-Instruct-Turbo,animals,"rabbit
duck
chicken
goose
horse
zebra
cobra
toucan
bald eagle
garden snake
lion
tiger
elephant
cougar
mountain lion
parrot
gorilla
chimpanzee
goat
sheep
ostrich
emu
turkey
toad
frog
bullfrog
monkey",panda,1.0,leopard,,False,True,0,,iterative,6650602942516085000,whale,False
01KEZ006E5XYY18GXM0GT51TBV,29,meta-llama/Llama-3.3-70B-Instruct-Turbo,animals,"rabbit
duck
chicken
goose
horse
zebra
cobra
toucan
bald eagle
garden snake
lion
tiger
elephant
cougar
mountain lion
parrot
gorilla
chimpanzee
goat
sheep
ostrich
emu
turkey
toad
frog
bullfrog
monkey
panda",grizzlybear,1.0,kangaroo,,False,True,0,,iterative,1378262479343291600,bear,False
01KEZ006E5XYY18GXM0GT51TBV,30,meta-llama/Llama-3.3-70B-Instruct-Turbo,animals,"rabbit
duck
chicken
goose
horse
zebra
cobra
toucan
bald eagle
garden snake
lion
tiger
elephant
cougar
mountain lion
parrot
gorilla
chimpanzee
goat
sheep
ostrich
emu
turkey
toad
frog
bullfrog
monkey
panda
grizzly bear",robin,1.0,kangaroo,,False,True,0,,iterative,14955477487710323000,polar bear,False
01KEZ006E5XYY18GXM0GT51TBV,31,meta-llama/Llama-3.3-70B-Instruct-Turbo,animals,"rabbit
duck
chicken
goose
horse
zebra
cobra
toucan
bald eagle
garden snake
lion
tiger
elephant
cougar
mountain lion
parrot
gorilla
chimpanzee
goat
sheep
ostrich
emu
turkey
toad
frog
bullfrog
monkey
panda
grizzly bear
robin",bluebird,0.0,squirrel,,False,True,0,,iterative,10050383298414727000,parrot,False
01KEZ006E5XYY18GXM0GT51TBV,32,meta-llama/Llama-3.3-70B-Instruct-Turbo,animals,"rabbit
duck
chicken
goose
horse
zebra
cobra
toucan
bald eagle
garden snake
lion
tiger
elephant
cougar
mountain lion
parrot
gorilla
chimpanzee
goat
sheep
ostrich
emu
turkey
toad
frog
bullfrog
monkey
panda
grizzly bear
robin
bluebird",cat,1.0,sparrow,,False,True,0,,iterative,10218319192171348000,parrot,False
01KEZ006E5XYY18GXM0GT51TBV,33,meta-llama/Llama-3.3-70B-Instruct-Turbo,animals,"rabbit
duck
chicken
goose
horse
zebra
cobra
toucan
bald eagle
garden snake
lion
tiger
elephant
cougar
mountain lion
parrot
gorilla
chimpanzee
goat
sheep
ostrich
emu
turkey
toad
frog
bullfrog
monkey
panda
grizzly bear
robin
bluebird
cat",dog,1.0,dog,,True,True,0,,iterative,6862322154694253000,dog,True
01KEZ006E5XYY18GXM0GT51TBV,34,meta-llama/Llama-3.3-70B-Instruct-Turbo,animals,"rabbit
duck
chicken
goose
horse
zebra
cobra
toucan
bald eagle
garden snake
lion
tiger
elephant
cougar
mountain lion
parrot
gorilla
chimpanzee
goat
sheep
ostrich
emu
turkey
toad
frog
bullfrog
monkey
panda
grizzly bear
robin
bluebird
cat
dog",owl,0.0,hamster,,False,True,0,,iterative,3371979693242943000,hamster,False
01KEZ006E5XYY18GXM0GT51TBV,35,meta-llama/Llama-3.3-70B-Instruct-Turbo,animals,"rabbit
duck
chicken
goose
horse
zebra
cobra
toucan
bald eagle
garden snake
lion
tiger
elephant
cougar
mountain lion
parrot
gorilla
chimpanzee
goat
sheep
ostrich
emu
turkey
toad
frog
bullfrog
monkey
panda
grizzly bear
robin
bluebird
cat
dog
owl",goldfish,1.0,squirrel,,False,True,0,,iterative,6589251324191421000,fish,False
01KEZ006E5XYY18GXM0GT51TBV,36,meta-llama/Llama-3.3-70B-Instruct-Turbo,animals,"rabbit
duck
chicken
goose
horse
zebra
cobra
toucan
bald eagle
garden snake
lion
tiger
elephant
cougar
mountain lion
parrot
gorilla
chimpanzee
goat
sheep
ostrich
emu
turkey
toad
frog
bullfrog
monkey
panda
grizzly bear
robin
bluebird
cat
dog
owl
goldfish",shark,0.0,shark,,True,True,0,,iterative,7137878147861515000,octopus,False
01KEZ006E5XYY18GXM0GT51TBV,37,meta-llama/Llama-3.3-70B-Instruct-Turbo,animals,"rabbit
duck
chicken
goose
horse
zebra
cobra
toucan
bald eagle
garden snake
lion
tiger
elephant
cougar
mountain lion
parrot
gorilla
chimpanzee
goat
sheep
ostrich
emu
turkey
toad
frog
bullfrog
monkey
panda
grizzly bear
robin
bluebird
cat
dog
owl
goldfish
shark",whale,0.0,tuna,,False,True,0,,iterative,6249406629154331000,octopus,False
01KEZ006E5XYY18GXM0GT51TBV,38,meta-llama/Llama-3.3-70B-Instruct-Turbo,animals,"rabbit
duck
chicken
goose
horse
zebra
cobra
toucan
bald eagle
garden snake
lion
tiger
elephant
cougar
mountain lion
parrot
gorilla
chimpanzee
goat
sheep
ostrich
emu
turkey
toad
frog
bullfrog
monkey
panda
grizzly bear
robin
bluebird
cat
dog
owl
goldfish
shark
whale",swordfish,0.0,dolphin,,False,True,0,,iterative,15287518382775600000,dolphin,False
01KEZ006E5XYY18GXM0GT51TBV,39,meta-llama/Llama-3.3-70B-Instruct-Turbo,animals,"rabbit
duck
chicken
goose
horse
zebra
cobra
toucan
bald eagle
garden snake
lion
tiger
elephant
cougar
mountain lion
parrot
gorilla
chimpanzee
goat
sheep
ostrich
emu
turkey
toad
frog
bullfrog
monkey
panda
grizzly bear
robin
bluebird
cat
dog
owl
goldfish
shark
whale
swordfish",gibbon,1.0,dolphin,,False,True,0,,iterative,16569698447547714000,dolphin,False
01KEZ017JT7003DH049QRNYGNY,2,meta-llama/Llama-3.3-70B-Instruct-Turbo,animals,dog,cat,1.0,cat,,True,True,0,,iterative,17222367044500478000,wolf,False
01KEZ017JT7003DH049QRNYGNY,3,meta-llama/Llama-3.3-70B-Instruct-Turbo,animals,"dog
cat",elephant,0.0,hamster,,False,True,0,,iterative,1675089892412914700,mouse,False
01KEZ017JT7003DH049QRNYGNY,4,meta-llama/Llama-3.3-70B-Instruct-Turbo,animals,"dog
cat
elephant",lemur,0.0,lion,,False,True,0,,iterative,14131896346346890000,deer,False
01KEZ017JT7003DH049QRNYGNY,5,meta-llama/Llama-3.3-70B-Instruct-Turbo,animals,"dog
cat
elephant
lemur",lion,1.0,monkey,,False,True,0,,iterative,17626912807247286000,tiger,False
01KEZ017JT7003DH049QRNYGNY,6,meta-llama/Llama-3.3-70B-Instruct-Turbo,animals,"dog
cat
elephant
lemur
lion",zebra,0.0,tiger,,False,True,0,,iterative,7451820988796279000,tiger,False
01KEZ017JT7003DH049QRNYGNY,7,meta-llama/Llama-3.3-70B-Instruct-Turbo,animals,"dog
cat
elephant
lemur
lion
zebra",giraffe,0.0,giraffe,,True,True,0,,iterative,8347050296041868000,tiger,False
01KEZ017JT7003DH049QRNYGNY,8,meta-llama/Llama-3.3-70B-Instruct-Turbo,animals,"dog
cat
elephant
lemur
lion
zebra
giraffe",mouse,1.0,monkey,,False,True,0,,iterative,354354750762260860,panda,False
01KEZ017JT7003DH049QRNYGNY,9,meta-llama/Llama-3.3-70B-Instruct-Turbo,animals,"dog
cat
elephant
lemur
lion
zebra
giraffe
mouse",monkey,1.0,kangaroo,,False,True,0,,iterative,5966958685500154000,wolf,False
01KEZ017JT7003DH049QRNYGNY,10,meta-llama/Llama-3.3-70B-Instruct-Turbo,animals,"dog
cat
elephant
lemur
lion
zebra
giraffe
mouse
monkey",crocodile,0.0,kangaroo,,False,True,0,,iterative,4855978766363876000,tiger,False
01KEZ017JT7003DH049QRNYGNY,11,meta-llama/Llama-3.3-70B-Instruct-Turbo,animals,"dog
cat
elephant
lemur
lion
zebra
giraffe
mouse
monkey
crocodile",rabbit,1.0,kangaroo,,False,True,0,,iterative,6619856702692850000,alligator,False
01KEZ017JT7003DH049QRNYGNY,12,meta-llama/Llama-3.3-70B-Instruct-Turbo,animals,"dog
cat
elephant
lemur
lion
zebra
giraffe
mouse
monkey
crocodile
rabbit",tiger,0.0,tiger,,True,True,0,,iterative,8650405492854485000,hippo,False
01KEZ017JT7003DH049QRNYGNY,13,meta-llama/Llama-3.3-70B-Instruct-Turbo,animals,"dog
cat
elephant
lemur
lion
zebra
giraffe
mouse
monkey
crocodile
rabbit
tiger",fox,0.0,bear,,False,True,0,,iterative,7523145758441174000,bear,False
01KEZ017JT7003DH049QRNYGNY,14,meta-llama/Llama-3.3-70B-Instruct-Turbo,animals,"dog
cat
elephant
lemur
lion
zebra
giraffe
mouse
monkey
crocodile
rabbit
tiger
fox",pig,1.0,bear,,False,True,0,,iterative,274617470372706400,wolf,False
01KEZ017JT7003DH049QRNYGNY,15,meta-llama/Llama-3.3-70B-Instruct-Turbo,animals,"dog
cat
elephant
lemur
lion
zebra
giraffe
mouse
monkey
crocodile
rabbit
tiger
fox
pig",horse,0.0,bear,,False,True,0,,iterative,9350864559130028000,cow,False
01KEZ017JT7003DH049QRNYGNY,16,meta-llama/Llama-3.3-70B-Instruct-Turbo,animals,"dog
cat
elephant
lemur
lion
zebra
giraffe
mouse
monkey
crocodile
rabbit
tiger
fox
pig
horse",cow,1.0,donkey,,False,True,0,,iterative,1823430488992790000,cow,True
01KEZ017JT7003DH049QRNYGNY,17,meta-llama/Llama-3.3-70B-Instruct-Turbo,animals,"dog
cat
elephant
lemur
lion
zebra
giraffe
mouse
monkey
crocodile
rabbit
tiger
fox
pig
horse
cow",chicken,0.0,sheep,,False,True,0,,iterative,17124457012834988000,bull,False
01KEZ017JT7003DH049QRNYGNY,18,meta-llama/Llama-3.3-70B-Instruct-Turbo,animals,"dog
cat
elephant
lemur
lion
zebra
giraffe
mouse
monkey
crocodile
rabbit
tiger
fox
pig
horse
cow
chicken",donkey,0.0,sheep,,False,True,0,,iterative,11183253639882736000,rooster,False
01KEZ017JT7003DH049QRNYGNY,19,meta-llama/Llama-3.3-70B-Instruct-Turbo,animals,"dog
cat
elephant
lemur
lion
zebra
giraffe
mouse
monkey
crocodile
rabbit
tiger
fox
pig
horse
cow
chicken
donkey",fish,1.0,goat,,False,True,0,,iterative,2131826926959473200,rooster,False
01KEZ017JT7003DH049QRNYGNY,20,meta-llama/Llama-3.3-70B-Instruct-Turbo,animals,"dog
cat
elephant
lemur
lion
zebra
giraffe
mouse
monkey
crocodile
rabbit
tiger
fox
pig
horse
cow
chicken
donkey
fish",goat,0.0,duck,,False,True,0,,iterative,13555545872754809000,whale,False
01KEZ017JT7003DH049QRNYGNY,21,meta-llama/Llama-3.3-70B-Instruct-Turbo,animals,"dog
cat
elephant
lemur
lion
zebra
giraffe
mouse
monkey
crocodile
rabbit
tiger
fox
pig
horse
cow
chicken
donkey
fish
goat",sheep,0.0,sheep,,True,True,0,,iterative,6238895882421757000,shark,False
01KEZ017JT7003DH049QRNYGNY,22,meta-llama/Llama-3.3-70B-Instruct-Turbo,animals,"dog
cat
elephant
lemur
lion
zebra
giraffe
mouse
monkey
crocodile
rabbit
tiger
fox
pig
horse
cow
chicken
donkey
fish
goat
sheep",parrot,0.0,duck,,False,True,0,,iterative,12346274049394538000,alpaca,False
01KEZ017JT7003DH049QRNYGNY,23,meta-llama/Llama-3.3-70B-Instruct-Turbo,animals,"dog
cat
elephant
lemur
lion
zebra
giraffe
mouse
monkey
crocodile
rabbit
tiger
fox
pig
horse
cow
chicken
donkey
fish
goat
sheep
parrot",gorilla,0.0,duck,,False,True,0,,iterative,2916052905461830700,deer,False
01KEZ017JT7003DH049QRNYGNY,24,meta-llama/Llama-3.3-70B-Instruct-Turbo,animals,"dog
cat
elephant
lemur
lion
zebra
giraffe
mouse
monkey
crocodile
rabbit
tiger
fox
pig
horse
cow
chicken
donkey
fish
goat
sheep
parrot
gorilla",leopard,1.0,duck,,False,True,0,,iterative,7709429386472836000,hippo,False
01KEZ017JT7003DH049QRNYGNY,25,meta-llama/Llama-3.3-70B-Instruct-Turbo,animals,"dog
cat
elephant
lemur
lion
zebra
giraffe
mouse
monkey
crocodile
rabbit
tiger
fox
pig
horse
cow
chicken
donkey
fish
goat
sheep
parrot
gorilla
leopard",deer,0.0,kangaroo,,False,True,0,,iterative,15846672487754807000,cheetah,False
01KEZ017JT7003DH049QRNYGNY,26,meta-llama/Llama-3.3-70B-Instruct-Turbo,animals,"dog
cat
elephant
lemur
lion
zebra
giraffe
mouse
monkey
crocodile
rabbit
tiger
fox
pig
horse
cow
chicken
donkey
fish
goat
sheep
parrot
gorilla
leopard
deer",alligator,1.0,bear,,False,True,0,,iterative,14954382680581720000,cheetah,False
01KEZ017JT7003DH049QRNYGNY,27,meta-llama/Llama-3.3-70B-Instruct-Turbo,animals,"dog
cat
elephant
lemur
lion
zebra
giraffe
mouse
monkey
crocodile
rabbit
tiger
fox
pig
horse
cow
chicken
donkey
fish
goat
sheep
parrot
gorilla
leopard
deer
alligator",baboon,0.0,bear,,False,True,0,,iterative,720403102341825000,hippo,False
01KEZ017JT7003DH049QRNYGNY,28,meta-llama/Llama-3.3-70B-Instruct-Turbo,animals,"dog
cat
elephant
lemur
lion
zebra
giraffe
mouse
monkey
crocodile
rabbit
tiger
fox
pig
horse
cow
chicken
donkey
fish
goat
sheep
parrot
gorilla
leopard
deer
alligator
baboon",ant,1.0,kangaroo,,False,True,0,,iterative,13413007159050547000,wolf,False
01KEZ017JT7003DH049QRNYGNY,29,meta-llama/Llama-3.3-70B-Instruct-Turbo,animals,"dog
cat
elephant
lemur
lion
zebra
giraffe
mouse
monkey
crocodile
rabbit
tiger
fox
pig
horse
cow
chicken
donkey
fish
goat
sheep
parrot
gorilla
leopard
deer
alligator
baboon
ant",bee,0.0,bee,,True,True,0,,iterative,10100426441578738000,spider,False
01KEZ017JT7003DH049QRNYGNY,30,meta-llama/Llama-3.3-70B-Instruct-Turbo,animals,"dog
cat
elephant
lemur
lion
zebra
giraffe
mouse
monkey
crocodile
rabbit
tiger
fox
pig
horse
cow
chicken
donkey
fish
goat
sheep
parrot
gorilla
leopard
deer
alligator
baboon
ant
bee",buffalo,1.0,butterfly,,False,True,0,,iterative,3550482144525278700,spider,False
01KEZ017JT7003DH049QRNYGNY,31,meta-llama/Llama-3.3-70B-Instruct-Turbo,animals,"dog
cat
elephant
lemur
lion
zebra
giraffe
mouse
monkey
crocodile
rabbit
tiger
fox
pig
horse
cow
chicken
donkey
fish
goat
sheep
parrot
gorilla
leopard
deer
alligator
baboon
ant
bee
buffalo",chipmunk,0.0,butterfly,,False,True,0,,iterative,2905330847091384300,hippo,False
01KEZ07KK8BNXYYZ2681AX7QJF,2,meta-llama/Llama-3.3-70B-Instruct-Turbo,animals,goat,cat,0.0,sheep,,False,True,0,,iterative,12989840488210221000,sheep,False
01KEZ07KK8BNXYYZ2681AX7QJF,3,meta-llama/Llama-3.3-70B-Instruct-Turbo,animals,"goat
cat",sheep,0.0,sheep,,True,True,0,,iterative,11499867787454863000,dog,False
01KEZ07KK8BNXYYZ2681AX7QJF,4,meta-llama/Llama-3.3-70B-Instruct-Turbo,animals,"goat
cat
sheep",ram,0.0,dog,,False,True,0,,iterative,16690514765740462000,dog,False
01KEZ07KK8BNXYYZ2681AX7QJF,5,meta-llama/Llama-3.3-70B-Instruct-Turbo,animals,"goat
cat
sheep
ram",lion,1.0,horse,,False,True,0,,iterative,7555289565397863000,cow,False
01KEZ07KK8BNXYYZ2681AX7QJF,6,meta-llama/Llama-3.3-70B-Instruct-Turbo,animals,"goat
cat
sheep
ram
lion",tiger,0.0,tiger,,True,True,0,,iterative,10898671287979983000,tiger,True
01KEZ07KK8BNXYYZ2681AX7QJF,7,meta-llama/Llama-3.3-70B-Instruct-Turbo,animals,"goat
cat
sheep
ram
lion
tiger",panther,0.0,leopard,,False,True,0,,iterative,1896906604943235000,giraffe,False
01KEZ07KK8BNXYYZ2681AX7QJF,8,meta-llama/Llama-3.3-70B-Instruct-Turbo,animals,"goat
cat
sheep
ram
lion
tiger
panther",cheetah,0.0,leopard,,False,True,0,,iterative,3869582244246699000,leopard,False
01KEZ07KK8BNXYYZ2681AX7QJF,9,meta-llama/Llama-3.3-70B-Instruct-Turbo,animals,"goat
cat
sheep
ram
lion
tiger
panther
cheetah",fox,1.0,leopard,,False,True,0,,iterative,13406989470211828000,leopard,False
01KEZ07KK8BNXYYZ2681AX7QJF,10,meta-llama/Llama-3.3-70B-Instruct-Turbo,animals,"goat
cat
sheep
ram
lion
tiger
panther
cheetah
fox",wolf,0.0,leopard,,False,True,0,,iterative,7193628858294463000,weasel,False
01KEZ07KK8BNXYYZ2681AX7QJF,11,meta-llama/Llama-3.3-70B-Instruct-Turbo,animals,"goat
cat
sheep
ram
lion
tiger
panther
cheetah
fox
wolf",ant,1.0,bear,,False,True,0,,iterative,4744578688227778000,dog,False
01KEZ07KK8BNXYYZ2681AX7QJF,12,meta-llama/Llama-3.3-70B-Instruct-Turbo,animals,"goat
cat
sheep
ram
lion
tiger
panther
cheetah
fox
wolf
ant",termite,0.0,bear,,False,True,0,,iterative,10732722716540504000,grasshopper,False
01KEZ07KK8BNXYYZ2681AX7QJF,13,meta-llama/Llama-3.3-70B-Instruct-Turbo,animals,"goat
cat
sheep
ram
lion
tiger
panther
cheetah
fox
wolf
ant
termite",bee,0.0,bear,,False,True,0,,iterative,9053395623449946000,cockroach,False
01KEZ07KK8BNXYYZ2681AX7QJF,14,meta-llama/Llama-3.3-70B-Instruct-Turbo,animals,"goat
cat
sheep
ram
lion
tiger
panther
cheetah
fox
wolf
ant
termite
bee",grasshopper,0.0,butterfly,,False,True,0,,iterative,16245204947719467000,fly,False
01KEZ07KK8BNXYYZ2681AX7QJF,15,meta-llama/Llama-3.3-70B-Instruct-Turbo,animals,"goat
cat
sheep
ram
lion
tiger
panther
cheetah
fox
wolf
ant
termite
bee
grasshopper",mantis,0.0,butterfly,,False,True,0,,iterative,3991387764043495000,cricket,False
01KEZ07KK8BNXYYZ2681AX7QJF,16,meta-llama/Llama-3.3-70B-Instruct-Turbo,animals,"goat
cat
sheep
ram
lion
tiger
panther
cheetah
fox
wolf
ant
termite
bee
grasshopper
mantis",woodpecker,1.0,butterfly,,False,True,0,,iterative,2597150703450527000,cricket,False
01KEZ07KK8BNXYYZ2681AX7QJF,17,meta-llama/Llama-3.3-70B-Instruct-Turbo,animals,"goat
cat
sheep
ram
lion
tiger
panther
cheetah
fox
wolf
ant
termite
bee
grasshopper
mantis
woodpecker",dove,0.0,sparrow,,False,True,0,,iterative,788738821647739600,robin,False
01KEZ07KK8BNXYYZ2681AX7QJF,18,meta-llama/Llama-3.3-70B-Instruct-Turbo,animals,"goat
cat
sheep
ram
lion
tiger
panther
cheetah
fox
wolf
ant
termite
bee
grasshopper
mantis
woodpecker
dove",falcon,0.0,sparrow,,False,True,0,,iterative,4481128862139556000,duck,False
01KEZ07KK8BNXYYZ2681AX7QJF,19,meta-llama/Llama-3.3-70B-Instruct-Turbo,animals,"goat
cat
sheep
ram
lion
tiger
panther
cheetah
fox
wolf
ant
termite
bee
grasshopper
mantis
woodpecker
dove
falcon",eagle,0.0,eagle,,True,True,0,,iterative,3809475642685372000,hawk,False
01KEZ07KK8BNXYYZ2681AX7QJF,20,meta-llama/Llama-3.3-70B-Instruct-Turbo,animals,"goat
cat
sheep
ram
lion
tiger
panther
cheetah
fox
wolf
ant
termite
bee
grasshopper
mantis
woodpecker
dove
falcon
eagle",vulture,0.0,hawk,,False,True,0,,iterative,4592642471171740700,hawk,False
01KEZ07KK8BNXYYZ2681AX7QJF,21,meta-llama/Llama-3.3-70B-Instruct-Turbo,animals,"goat
cat
sheep
ram
lion
tiger
panther
cheetah
fox
wolf
ant
termite
bee
grasshopper
mantis
woodpecker
dove
falcon
eagle
vulture",viper,1.0,hawk,,False,True,0,,iterative,15726030312772889000,crow,False
01KEZ07KK8BNXYYZ2681AX7QJF,22,meta-llama/Llama-3.3-70B-Instruct-Turbo,animals,"goat
cat
sheep
ram
lion
tiger
panther
cheetah
fox
wolf
ant
termite
bee
grasshopper
mantis
woodpecker
dove
falcon
eagle
vulture
viper",python,0.0,cobra,,False,True,0,,iterative,13137639168111012000,anaconda,False
01KEZ07KK8BNXYYZ2681AX7QJF,23,meta-llama/Llama-3.3-70B-Instruct-Turbo,animals,"goat
cat
sheep
ram
lion
tiger
panther
cheetah
fox
wolf
ant
termite
bee
grasshopper
mantis
woodpecker
dove
falcon
eagle
vulture
viper
python",turtle,0.0,cobra,,False,True,0,,iterative,8040341777839258000,rattlesnake,False
01KEZ07KK8BNXYYZ2681AX7QJF,24,meta-llama/Llama-3.3-70B-Instruct-Turbo,animals,"goat
cat
sheep
ram
lion
tiger
panther
cheetah
fox
wolf
ant
termite
bee
grasshopper
mantis
woodpecker
dove
falcon
eagle
vulture
viper
python
turtle",butterfly,0.0,crocodile,,False,True,0,,iterative,11212968203756503000,alligator,False
01KEZ07KK8BNXYYZ2681AX7QJF,25,meta-llama/Llama-3.3-70B-Instruct-Turbo,animals,"goat
cat
sheep
ram
lion
tiger
panther
cheetah
fox
wolf
ant
termite
bee
grasshopper
mantis
woodpecker
dove
falcon
eagle
vulture
viper
python
turtle
butterfly",cow,0.0,dragonfly,,False,True,0,,iterative,4624771478692455000,fly,False
01KEZ08DFN3ANC5C20S9WFV8KN,2,meta-llama/Llama-3.3-70B-Instruct-Turbo,animals,cat,dog,0.0,dog,,True,True,0,,iterative,8398623228391320000,dog,True
01KEZ08DFN3ANC5C20S9WFV8KN,3,meta-llama/Llama-3.3-70B-Instruct-Turbo,animals,"cat
dog",tiger,1.0,hamster,,False,True,0,,iterative,10073472627366700000,mouse,False
01KEZ08DFN3ANC5C20S9WFV8KN,4,meta-llama/Llama-3.3-70B-Instruct-Turbo,animals,"cat
dog
tiger",lion,1.0,lion,,True,True,0,,iterative,15190371315009510000,lion,True
01KEZ08DFN3ANC5C20S9WFV8KN,5,meta-llama/Llama-3.3-70B-Instruct-Turbo,animals,"cat
dog
tiger
lion",elephant,0.0,bear,,False,True,0,,iterative,9517565053046133000,giraffe,False
01KEZ08DFN3ANC5C20S9WFV8KN,6,meta-llama/Llama-3.3-70B-Instruct-Turbo,animals,"cat
dog
tiger
lion
elephant",zebra,1.0,giraffe,,False,True,0,,iterative,7819689892133570000,hippo,False
01KEZ08DFN3ANC5C20S9WFV8KN,7,meta-llama/Llama-3.3-70B-Instruct-Turbo,animals,"cat
dog
tiger
lion
elephant
zebra",monkey,1.0,giraffe,,False,True,0,,iterative,76823232252801550,horse,False
01KEZ08DFN3ANC5C20S9WFV8KN,8,meta-llama/Llama-3.3-70B-Instruct-Turbo,animals,"cat
dog
tiger
lion
elephant
zebra
monkey",bear,1.0,giraffe,,False,True,0,,iterative,10229159125585910000,ape,False
01KEZ08DFN3ANC5C20S9WFV8KN,9,meta-llama/Llama-3.3-70B-Instruct-Turbo,animals,"cat
dog
tiger
lion
elephant
zebra
monkey
bear",wolf,0.0,giraffe,,False,True,0,,iterative,13875255225312393000,koala,False
01KEZ08DFN3ANC5C20S9WFV8KN,10,meta-llama/Llama-3.3-70B-Instruct-Turbo,animals,"cat
dog
tiger
lion
elephant
zebra
monkey
bear
wolf",fox,0.0,giraffe,,False,True,0,,iterative,1333611015780213200,sheep,False
01KEZ08DFN3ANC5C20S9WFV8KN,11,meta-llama/Llama-3.3-70B-Instruct-Turbo,animals,"cat
dog
tiger
lion
elephant
zebra
monkey
bear
wolf
fox",giraffe,0.0,hyena,,False,True,0,,iterative,3572522583728315000,badger,False
01KEZ08DFN3ANC5C20S9WFV8KN,12,meta-llama/Llama-3.3-70B-Instruct-Turbo,animals,"cat
dog
tiger
lion
elephant
zebra
monkey
bear
wolf
fox
giraffe",horse,1.0,hyena,,False,True,0,,iterative,3369688712419422000,cheetah,False
01KEZ08DFN3ANC5C20S9WFV8KN,13,meta-llama/Llama-3.3-70B-Instruct-Turbo,animals,"cat
dog
tiger
lion
elephant
zebra
monkey
bear
wolf
fox
giraffe
horse",pig,1.0,donkey,,False,True,0,,iterative,9990123094579595000,cow,False
01KEZ08DFN3ANC5C20S9WFV8KN,14,meta-llama/Llama-3.3-70B-Instruct-Turbo,animals,"cat
dog
tiger
lion
elephant
zebra
monkey
bear
wolf
fox
giraffe
horse
pig",cow,1.0,cow,,True,True,0,,iterative,579161981842059900,cow,True
01KEZ08DFN3ANC5C20S9WFV8KN,15,meta-llama/Llama-3.3-70B-Instruct-Turbo,animals,"cat
dog
tiger
lion
elephant
zebra
monkey
bear
wolf
fox
giraffe
horse
pig
cow",sheep,1.0,sheep,,True,True,0,,iterative,6128314050625411000,sheep,True
01KEZ08DFN3ANC5C20S9WFV8KN,16,meta-llama/Llama-3.3-70B-Instruct-Turbo,animals,"cat
dog
tiger
lion
elephant
zebra
monkey
bear
wolf
fox
giraffe
horse
pig
cow
sheep",raccoon,0.0,goat,,False,True,0,,iterative,10780515108356661000,goat,False
01KEZ08DFN3ANC5C20S9WFV8KN,17,meta-llama/Llama-3.3-70B-Instruct-Turbo,animals,"cat
dog
tiger
lion
elephant
zebra
monkey
bear
wolf
fox
giraffe
horse
pig
cow
sheep
raccoon",reindeer,1.0,goat,,False,True,0,,iterative,14230735747023080000,goat,False
01KEZ08DFN3ANC5C20S9WFV8KN,18,meta-llama/Llama-3.3-70B-Instruct-Turbo,animals,"cat
dog
tiger
lion
elephant
zebra
monkey
bear
wolf
fox
giraffe
horse
pig
cow
sheep
raccoon
reindeer",moose,1.0,goat,,False,True,0,,iterative,6539613362353768000,deer,False
01KEZ08DFN3ANC5C20S9WFV8KN,19,meta-llama/Llama-3.3-70B-Instruct-Turbo,animals,"cat
dog
tiger
lion
elephant
zebra
monkey
bear
wolf
fox
giraffe
horse
pig
cow
sheep
raccoon
reindeer
moose",hyena,0.0,deer,,False,True,0,,iterative,3866826875976974000,mouse,False
01KEZ08DFN3ANC5C20S9WFV8KN,20,meta-llama/Llama-3.3-70B-Instruct-Turbo,animals,"cat
dog
tiger
lion
elephant
zebra
monkey
bear
wolf
fox
giraffe
horse
pig
cow
sheep
raccoon
reindeer
moose
hyena",bat,1.0,kangaroo,,False,True,0,,iterative,16092514518083312000,leopard,False
01KEZ08DFN3ANC5C20S9WFV8KN,21,meta-llama/Llama-3.3-70B-Instruct-Turbo,animals,"cat
dog
tiger
lion
elephant
zebra
monkey
bear
wolf
fox
giraffe
horse
pig
cow
sheep
raccoon
reindeer
moose
hyena
bat",gorilla,0.0,squirrel,,False,True,0,,iterative,10951235773369720000,bird,False
01KEZ08DFN3ANC5C20S9WFV8KN,22,meta-llama/Llama-3.3-70B-Instruct-Turbo,animals,"cat
dog
tiger
lion
elephant
zebra
monkey
bear
wolf
fox
giraffe
horse
pig
cow
sheep
raccoon
reindeer
moose
hyena
bat
gorilla",leopard,0.0,kangaroo,,False,True,0,,iterative,17005412682237454000,ape,False
01KEZ08DFN3ANC5C20S9WFV8KN,23,meta-llama/Llama-3.3-70B-Instruct-Turbo,animals,"cat
dog
tiger
lion
elephant
zebra
monkey
bear
wolf
fox
giraffe
horse
pig
cow
sheep
raccoon
reindeer
moose
hyena
bat
gorilla
leopard",lynx,0.0,kangaroo,,False,True,0,,iterative,5256299807811901000,cheetah,False
01KEZ08DFN3ANC5C20S9WFV8KN,24,meta-llama/Llama-3.3-70B-Instruct-Turbo,animals,"cat
dog
tiger
lion
elephant
zebra
monkey
bear
wolf
fox
giraffe
horse
pig
cow
sheep
raccoon
reindeer
moose
hyena
bat
gorilla
leopard
lynx",antelope,1.0,kangaroo,,False,True,0,,iterative,1178130457340997000,whale,False
01KEZ08DFN3ANC5C20S9WFV8KN,25,meta-llama/Llama-3.3-70B-Instruct-Turbo,animals,"cat
dog
tiger
lion
elephant
zebra
monkey
bear
wolf
fox
giraffe
horse
pig
cow
sheep
raccoon
reindeer
moose
hyena
bat
gorilla
leopard
lynx
antelope",yak,1.0,kangaroo,,False,True,0,,iterative,1617444598534995700,hippo,False
01KEZ08DFN3ANC5C20S9WFV8KN,26,meta-llama/Llama-3.3-70B-Instruct-Turbo,animals,"cat
dog
tiger
lion
elephant
zebra
monkey
bear
wolf
fox
giraffe
horse
pig
cow
sheep
raccoon
reindeer
moose
hyena
bat
gorilla
leopard
lynx
antelope
yak",llama,0.0,kangaroo,,False,True,0,,iterative,8893584791685423000,hippo,False
01KEZ08DFN3ANC5C20S9WFV8KN,27,meta-llama/Llama-3.3-70B-Instruct-Turbo,animals,"cat
dog
tiger
lion
elephant
zebra
monkey
bear
wolf
fox
giraffe
horse
pig
cow
sheep
raccoon
reindeer
moose
hyena
bat
gorilla
leopard
lynx
antelope
yak
llama",lemur,1.0,kangaroo,,False,True,0,,iterative,17945832915546530000,alpaca,False
01KEZ08DFN3ANC5C20S9WFV8KN,28,meta-llama/Llama-3.3-70B-Instruct-Turbo,animals,"cat
dog
tiger
lion
elephant
zebra
monkey
bear
wolf
fox
giraffe
horse
pig
cow
sheep
raccoon
reindeer
moose
hyena
bat
gorilla
leopard
lynx
antelope
yak
llama
lemur",beaver,1.0,kangaroo,,False,True,0,,iterative,3168283699613416400,meerkat,False
01KEZ08DFN3ANC5C20S9WFV8KN,29,meta-llama/Llama-3.3-70B-Instruct-Turbo,animals,"cat
dog
tiger
lion
elephant
zebra
monkey
bear
wolf
fox
giraffe
horse
pig
cow
sheep
raccoon
reindeer
moose
hyena
bat
gorilla
leopard
lynx
antelope
yak
llama
lemur
beaver",goat,0.0,otter,,False,True,0,,iterative,10654286302937330000,otter,False
01KEZ08DFN3ANC5C20S9WFV8KN,30,meta-llama/Llama-3.3-70B-Instruct-Turbo,animals,"cat
dog
tiger
lion
elephant
zebra
monkey
bear
wolf
fox
giraffe
horse
pig
cow
sheep
raccoon
reindeer
moose
hyena
bat
gorilla
leopard
lynx
antelope
yak
llama
lemur
beaver
goat",rat,0.0,deer,,False,True,0,,iterative,17194481967596184000,mouse,False
01KEZ08DFN3ANC5C20S9WFV8KN,31,meta-llama/Llama-3.3-70B-Instruct-Turbo,animals,"cat
dog
tiger
lion
elephant
zebra
monkey
bear
wolf
fox
giraffe
horse
pig
cow
sheep
raccoon
reindeer
moose
hyena
bat
gorilla
leopard
lynx
antelope
yak
llama
lemur
beaver
goat
rat",mouse,0.0,mouse,,True,True,0,,iterative,1603020042417680400,mouse,True
01KEZ09TK1RS1R4ANT0Z24JD7R,2,meta-llama/Llama-3.3-70B-Instruct-Turbo,animals,cat,dog,1.0,dog,,True,True,0,,iterative,14006289519128513000,dog,True
01KEZ09TK1RS1R4ANT0Z24JD7R,3,meta-llama/Llama-3.3-70B-Instruct-Turbo,animals,"cat
dog",fox,0.0,hamster,,False,True,0,,iterative,4168262893973198300,rabbit,False
01KEZ09TK1RS1R4ANT0Z24JD7R,4,meta-llama/Llama-3.3-70B-Instruct-Turbo,animals,"cat
dog
fox",wolf,0.0,wolf,,True,True,0,,iterative,5711490754138115000,deer,False
01KEZ09TK1RS1R4ANT0Z24JD7R,5,meta-llama/Llama-3.3-70B-Instruct-Turbo,animals,"cat
dog
fox
wolf",chicken,0.0,bear,,False,True,0,,iterative,8149551493283832000,rabbit,False
01KEZ09TK1RS1R4ANT0Z24JD7R,6,meta-llama/Llama-3.3-70B-Instruct-Turbo,animals,"cat
dog
fox
wolf
chicken",panda,0.0,bear,,False,True,0,,iterative,677034971344763000,coyote,False
01KEZ09TK1RS1R4ANT0Z24JD7R,7,meta-llama/Llama-3.3-70B-Instruct-Turbo,animals,"cat
dog
fox
wolf
chicken
panda",bear,0.0,bear,,True,True,0,,iterative,9235966427054922000,tiger,False
01KEZ09TK1RS1R4ANT0Z24JD7R,8,meta-llama/Llama-3.3-70B-Instruct-Turbo,animals,"cat
dog
fox
wolf
chicken
panda
bear",polarbear,0.0,monkey,,False,True,0,,iterative,5826891015452057000,tiger,False
01KEZ09TK1RS1R4ANT0Z24JD7R,9,meta-llama/Llama-3.3-70B-Instruct-Turbo,animals,"cat
dog
fox
wolf
chicken
panda
bear
polar bear",tiger,0.0,seal,,False,True,0,,iterative,536553578219777000,grizzly bear,False
01KEZ09TK1RS1R4ANT0Z24JD7R,10,meta-llama/Llama-3.3-70B-Instruct-Turbo,animals,"cat
dog
fox
wolf
chicken
panda
bear
polar bear
tiger",lion,0.0,lion,,True,True,0,,iterative,15053748626239613000,giraffe,False
01KEZ09TK1RS1R4ANT0Z24JD7R,11,meta-llama/Llama-3.3-70B-Instruct-Turbo,animals,"cat
dog
fox
wolf
chicken
panda
bear
polar bear
tiger
lion",flamingo,0.0,leopard,,False,True,0,,iterative,7856803789897296000,giraffe,False
01KEZ09TK1RS1R4ANT0Z24JD7R,12,meta-llama/Llama-3.3-70B-Instruct-Turbo,animals,"cat
dog
fox
wolf
chicken
panda
bear
polar bear
tiger
lion
flamingo",eagle,0.0,giraffe,,False,True,0,,iterative,13670155569301156000,alligator,False
01KEZ09TK1RS1R4ANT0Z24JD7R,13,meta-llama/Llama-3.3-70B-Instruct-Turbo,animals,"cat
dog
fox
wolf
chicken
panda
bear
polar bear
tiger
lion
flamingo
eagle",meerkat,0.0,giraffe,,False,True,0,,iterative,16169112051484203000,hawk,False
01KEZ09TK1RS1R4ANT0Z24JD7R,14,meta-llama/Llama-3.3-70B-Instruct-Turbo,animals,"cat
dog
fox
wolf
chicken
panda
bear
polar bear
tiger
lion
flamingo
eagle
meerkat",hyena,0.0,giraffe,,False,True,0,,iterative,10897030963661834000,rabbit,False
01KEZ09TK1RS1R4ANT0Z24JD7R,15,meta-llama/Llama-3.3-70B-Instruct-Turbo,animals,"cat
dog
fox
wolf
chicken
panda
bear
polar bear
tiger
lion
flamingo
eagle
meerkat
hyena",leopard,0.0,leopard,,True,True,0,,iterative,6169739952282854000,jackal,False
01KEZ09TK1RS1R4ANT0Z24JD7R,16,meta-llama/Llama-3.3-70B-Instruct-Turbo,animals,"cat
dog
fox
wolf
chicken
panda
bear
polar bear
tiger
lion
flamingo
eagle
meerkat
hyena
leopard",cheetah,0.0,cheetah,,True,True,0,,iterative,9362034977511600000,giraffe,False
01KEZ09TK1RS1R4ANT0Z24JD7R,17,meta-llama/Llama-3.3-70B-Instruct-Turbo,animals,"cat
dog
fox
wolf
chicken
panda
bear
polar bear
tiger
lion
flamingo
eagle
meerkat
hyena
leopard
cheetah",walrus,0.0,jaguar,,False,True,0,,iterative,3814139091397099000,deer,False
01KEZ09TK1RS1R4ANT0Z24JD7R,18,meta-llama/Llama-3.3-70B-Instruct-Turbo,animals,"cat
dog
fox
wolf
chicken
panda
bear
polar bear
tiger
lion
flamingo
eagle
meerkat
hyena
leopard
cheetah
walrus",seal,0.0,seal,,True,True,0,,iterative,11042810562397670000,deer,False
01KEZ09TK1RS1R4ANT0Z24JD7R,19,meta-llama/Llama-3.3-70B-Instruct-Turbo,animals,"cat
dog
fox
wolf
chicken
panda
bear
polar bear
tiger
lion
flamingo
eagle
meerkat
hyena
leopard
cheetah
walrus
seal",hippopotamus,0.0,otter,,False,True,0,,iterative,2095611755732813600,otter,False
01KEZ09TK1RS1R4ANT0Z24JD7R,20,meta-llama/Llama-3.3-70B-Instruct-Turbo,animals,"cat
dog
fox
wolf
chicken
panda
bear
polar bear
tiger
lion
flamingo
eagle
meerkat
hyena
leopard
cheetah
walrus
seal
hippopotamus",lizard,1.0,rhinoceros,,False,True,0,,iterative,12057577117892788000,rhinoceros,False
01KEZ09TK1RS1R4ANT0Z24JD7R,21,meta-llama/Llama-3.3-70B-Instruct-Turbo,animals,"cat
dog
fox
wolf
chicken
panda
bear
polar bear
tiger
lion
flamingo
eagle
meerkat
hyena
leopard
cheetah
walrus
seal
hippopotamus
lizard",iguana,1.0,crocodile,,False,True,0,,iterative,11502466228680376000,alligator,False
01KEZ09TK1RS1R4ANT0Z24JD7R,22,meta-llama/Llama-3.3-70B-Instruct-Turbo,animals,"cat
dog
fox
wolf
chicken
panda
bear
polar bear
tiger
lion
flamingo
eagle
meerkat
hyena
leopard
cheetah
walrus
seal
hippopotamus
lizard
iguana",chameleon,0.0,crocodile,,False,True,0,,iterative,5114603739695020000,alligator,False
01KEZ09TK1RS1R4ANT0Z24JD7R,23,meta-llama/Llama-3.3-70B-Instruct-Turbo,animals,"cat
dog
fox
wolf
chicken
panda
bear
polar bear
tiger
lion
flamingo
eagle
meerkat
hyena
leopard
cheetah
walrus
seal
hippopotamus
lizard
iguana
chameleon",sloth,0.0,gecko,,False,True,0,,iterative,4216441730175451600,alligator,False
01KEZ09TK1RS1R4ANT0Z24JD7R,24,meta-llama/Llama-3.3-70B-Instruct-Turbo,animals,"cat
dog
fox
wolf
chicken
panda
bear
polar bear
tiger
lion
flamingo
eagle
meerkat
hyena
leopard
cheetah
walrus
seal
hippopotamus
lizard
iguana
chameleon
sloth",bat,0.0,monkey,,False,True,0,,iterative,10652159248438977000,koala,False
01KEZ09TK1RS1R4ANT0Z24JD7R,25,meta-llama/Llama-3.3-70B-Instruct-Turbo,animals,"cat
dog
fox
wolf
chicken
panda
bear
polar bear
tiger
lion
flamingo
eagle
meerkat
hyena
leopard
cheetah
walrus
seal
hippopotamus
lizard
iguana
chameleon
sloth
bat",alligator,0.0,monkey,,False,True,0,,iterative,14273042369703684000,owl,False
01KEZ09TK1RS1R4ANT0Z24JD7R,26,meta-llama/Llama-3.3-70B-Instruct-Turbo,animals,"cat
dog
fox
wolf
chicken
panda
bear
polar bear
tiger
lion
flamingo
eagle
meerkat
hyena
leopard
cheetah
walrus
seal
hippopotamus
lizard
iguana
chameleon
sloth
bat
alligator",crocodile,0.0,crocodile,,True,True,0,,iterative,10413246433545705000,owl,False
01KEZ09TK1RS1R4ANT0Z24JD7R,27,meta-llama/Llama-3.3-70B-Instruct-Turbo,animals,"cat
dog
fox
wolf
chicken
panda
bear
polar bear
tiger
lion
flamingo
eagle
meerkat
hyena
leopard
cheetah
walrus
seal
hippopotamus
lizard
iguana
chameleon
sloth
bat
alligator
crocodile",deer,0.0,turtle,,False,True,0,,iterative,6721292081919404000,deer,True
01KEZ09TK1RS1R4ANT0Z24JD7R,28,meta-llama/Llama-3.3-70B-Instruct-Turbo,animals,"cat
dog
fox
wolf
chicken
panda
bear
polar bear
tiger
lion
flamingo
eagle
meerkat
hyena
leopard
cheetah
walrus
seal
hippopotamus
lizard
iguana
chameleon
sloth
bat
alligator
crocodile
deer",anteater,0.0,rhinoceros,,False,True,0,,iterative,15706108533880970000,moose,False
01KEZ09TK1RS1R4ANT0Z24JD7R,29,meta-llama/Llama-3.3-70B-Instruct-Turbo,animals,"cat
dog
fox
wolf
chicken
panda
bear
polar bear
tiger
lion
flamingo
eagle
meerkat
hyena
leopard
cheetah
walrus
seal
hippopotamus
lizard
iguana
chameleon
sloth
bat
alligator
crocodile
deer
anteater",monkey,0.0,rhinoceros,,False,True,0,,iterative,14600049454818288000,moose,False
01KEZ09TK1RS1R4ANT0Z24JD7R,30,meta-llama/Llama-3.3-70B-Instruct-Turbo,animals,"cat
dog
fox
wolf
chicken
panda
bear
polar bear
tiger
lion
flamingo
eagle
meerkat
hyena
leopard
cheetah
walrus
seal
hippopotamus
lizard
iguana
chameleon
sloth
bat
alligator
crocodile
deer
anteater
monkey",ape,0.0,giraffe,,False,True,0,,iterative,17111256131224183000,gorilla,False
01KEZ09TK1RS1R4ANT0Z24JD7R,31,meta-llama/Llama-3.3-70B-Instruct-Turbo,animals,"cat
dog
fox
wolf
chicken
panda
bear
polar bear
tiger
lion
flamingo
eagle
meerkat
hyena
leopard
cheetah
walrus
seal
hippopotamus
lizard
iguana
chameleon
sloth
bat
alligator
crocodile
deer
anteater
monkey
ape",chimpanzee,0.0,gorilla,,False,True,0,,iterative,279259975659009630,gorilla,False
01KEZ09TK1RS1R4ANT0Z24JD7R,32,meta-llama/Llama-3.3-70B-Instruct-Turbo,animals,"cat
dog
fox
wolf
chicken
panda
bear
polar bear
tiger
lion
flamingo
eagle
meerkat
hyena
leopard
cheetah
walrus
seal
hippopotamus
lizard
iguana
chameleon
sloth
bat
alligator
crocodile
deer
anteater
monkey
ape
chimpanzee",gorilla,0.0,gorilla,,True,True,0,,iterative,4391452388057462000,gorilla,True
01KEZ0DW3QXKNN51B8FGFM08KC,2,meta-llama/Llama-3.3-70B-Instruct-Turbo,animals,dog,cat,0.0,cat,,True,True,0,,iterative,4572836318321807400,cat,True
01KEZ0DW3QXKNN51B8FGFM08KC,3,meta-llama/Llama-3.3-70B-Instruct-Turbo,animals,"dog
cat",fish,0.0,hamster,,False,True,0,,iterative,2415805068713155600,cow,False
01KEZ0DW3QXKNN51B8FGFM08KC,4,meta-llama/Llama-3.3-70B-Instruct-Turbo,animals,"dog
cat
fish",bird,0.0,bird,,True,True,0,,iterative,11898027073657057000,frog,False
01KEZ0DW3QXKNN51B8FGFM08KC,5,meta-llama/Llama-3.3-70B-Instruct-Turbo,animals,"dog
cat
fish
bird",lion,1.0,hamster,,False,True,0,,iterative,5098329782257453000,horse,False
01KEZ0DW3QXKNN51B8FGFM08KC,6,meta-llama/Llama-3.3-70B-Instruct-Turbo,animals,"dog
cat
fish
bird
lion",tiger,0.0,tiger,,True,True,0,,iterative,779603793434452900,tiger,True
01KEZ0DW3QXKNN51B8FGFM08KC,7,meta-llama/Llama-3.3-70B-Instruct-Turbo,animals,"dog
cat
fish
bird
lion
tiger",elephant,0.0,bear,,False,True,0,,iterative,7525791876022982000,cheetah,False
01KEZ0DW3QXKNN51B8FGFM08KC,8,meta-llama/Llama-3.3-70B-Instruct-Turbo,animals,"dog
cat
fish
bird
lion
tiger
elephant",zebra,0.0,giraffe,,False,True,0,,iterative,1657869497983629300,giraffe,False
01KEZ0DW3QXKNN51B8FGFM08KC,9,meta-llama/Llama-3.3-70B-Instruct-Turbo,animals,"dog
cat
fish
bird
lion
tiger
elephant
zebra",deer,1.0,giraffe,,False,True,0,,iterative,9582789496953930000,giraffe,False
01KEZ0DW3QXKNN51B8FGFM08KC,10,meta-llama/Llama-3.3-70B-Instruct-Turbo,animals,"dog
cat
fish
bird
lion
tiger
elephant
zebra
deer",monkey,1.0,giraffe,,False,True,0,,iterative,7487122718856885000,cheetah,False
01KEZ0DW3QXKNN51B8FGFM08KC,11,meta-llama/Llama-3.3-70B-Instruct-Turbo,animals,"dog
cat
fish
bird
lion
tiger
elephant
zebra
deer
monkey",giraffe,1.0,giraffe,,True,True,0,,iterative,9337801707769151000,spider,False
01KEZ0DW3QXKNN51B8FGFM08KC,12,meta-llama/Llama-3.3-70B-Instruct-Turbo,animals,"dog
cat
fish
bird
lion
tiger
elephant
zebra
deer
monkey
giraffe",panda,1.0,kangaroo,,False,True,0,,iterative,6926410438628863000,buffalo,False
01KEZ0DW3QXKNN51B8FGFM08KC,13,meta-llama/Llama-3.3-70B-Instruct-Turbo,animals,"dog
cat
fish
bird
lion
tiger
elephant
zebra
deer
monkey
giraffe
panda",gorilla,1.0,kangaroo,,False,True,0,,iterative,4351745308382990000,bear,False
01KEZ0DW3QXKNN51B8FGFM08KC,14,meta-llama/Llama-3.3-70B-Instruct-Turbo,animals,"dog
cat
fish
bird
lion
tiger
elephant
zebra
deer
monkey
giraffe
panda
gorilla",dolphin,1.0,kangaroo,,False,True,0,,iterative,8021980349172408000,chimpanzee,False
01KEZ0DW3QXKNN51B8FGFM08KC,15,meta-llama/Llama-3.3-70B-Instruct-Turbo,animals,"dog
cat
fish
bird
lion
tiger
elephant
zebra
deer
monkey
giraffe
panda
gorilla
dolphin",shark,0.0,whale,,False,True,0,,iterative,7693179002299355000,shark,True
01KEZ0DW3QXKNN51B8FGFM08KC,16,meta-llama/Llama-3.3-70B-Instruct-Turbo,animals,"dog
cat
fish
bird
lion
tiger
elephant
zebra
deer
monkey
giraffe
panda
gorilla
dolphin
shark",whale,0.0,octopus,,False,True,0,,iterative,3891245624882092000,jellyfish,False
01KEZ0DW3QXKNN51B8FGFM08KC,17,meta-llama/Llama-3.3-70B-Instruct-Turbo,animals,"dog
cat
fish
bird
lion
tiger
elephant
zebra
deer
monkey
giraffe
panda
gorilla
dolphin
shark
whale",penguin,0.0,octopus,,False,True,0,,iterative,93502916340050180,jellyfish,False
01KEZ0DW3QXKNN51B8FGFM08KC,18,meta-llama/Llama-3.3-70B-Instruct-Turbo,animals,"dog
cat
fish
bird
lion
tiger
elephant
zebra
deer
monkey
giraffe
panda
gorilla
dolphin
shark
whale
penguin",octopus,0.0,seal,,False,True,0,,iterative,11978069827305603000,bear,False
01KEZ0DW3QXKNN51B8FGFM08KC,19,meta-llama/Llama-3.3-70B-Instruct-Turbo,animals,"dog
cat
fish
bird
lion
tiger
elephant
zebra
deer
monkey
giraffe
panda
gorilla
dolphin
shark
whale
penguin
octopus",snake,1.0,squid,,False,True,0,,iterative,4696932261545840000,jellyfish,False
01KEZ0DW3QXKNN51B8FGFM08KC,20,meta-llama/Llama-3.3-70B-Instruct-Turbo,animals,"dog
cat
fish
bird
lion
tiger
elephant
zebra
deer
monkey
giraffe
panda
gorilla
dolphin
shark
whale
penguin
octopus
snake",lizard,0.0,crocodile,,False,True,0,,iterative,12740586500200260000,cobra,False
01KEZ0DW3QXKNN51B8FGFM08KC,21,meta-llama/Llama-3.3-70B-Instruct-Turbo,animals,"dog
cat
fish
bird
lion
tiger
elephant
zebra
deer
monkey
giraffe
panda
gorilla
dolphin
shark
whale
penguin
octopus
snake
lizard",crocodile,0.0,frog,,False,True,0,,iterative,17375432851340540000,lizard,False
01KEZ0DW3QXKNN51B8FGFM08KC,22,meta-llama/Llama-3.3-70B-Instruct-Turbo,animals,"dog
cat
fish
bird
lion
tiger
elephant
zebra
deer
monkey
giraffe
panda
gorilla
dolphin
shark
whale
penguin
octopus
snake
lizard
crocodile",alligator,0.0,frog,,False,True,0,,iterative,16712058855082365000,alligator,True
01KEZ0DW3QXKNN51B8FGFM08KC,23,meta-llama/Llama-3.3-70B-Instruct-Turbo,animals,"dog
cat
fish
bird
lion
tiger
elephant
zebra
deer
monkey
giraffe
panda
gorilla
dolphin
shark
whale
penguin
octopus
snake
lizard
crocodile
alligator",frog,0.0,turtle,,False,True,0,,iterative,11477595187713143000,monitor lizard,False
01KEZ0DW3QXKNN51B8FGFM08KC,24,meta-llama/Llama-3.3-70B-Instruct-Turbo,animals,"dog
cat
fish
bird
lion
tiger
elephant
zebra
deer
monkey
giraffe
panda
gorilla
dolphin
shark
whale
penguin
octopus
snake
lizard
crocodile
alligator
frog",turtle,0.0,turtle,,True,True,0,,iterative,16675946945802551000,toad,False
01KEZ0DW3QXKNN51B8FGFM08KC,25,meta-llama/Llama-3.3-70B-Instruct-Turbo,animals,"dog
cat
fish
bird
lion
tiger
elephant
zebra
deer
monkey
giraffe
panda
gorilla
dolphin
shark
whale
penguin
octopus
snake
lizard
crocodile
alligator
frog
turtle",tortoise,0.0,salamander,,False,True,0,,iterative,12607544922677770000,tortoise,True
01KEZ0DW3QXKNN51B8FGFM08KC,26,meta-llama/Llama-3.3-70B-Instruct-Turbo,animals,"dog
cat
fish
bird
lion
tiger
elephant
zebra
deer
monkey
giraffe
panda
gorilla
dolphin
shark
whale
penguin
octopus
snake
lizard
crocodile
alligator
frog
turtle
tortoise",wolf,1.0,salamander,,False,True,0,,iterative,14129145011910224000,sea turtle,False
01KEZ0DW3QXKNN51B8FGFM08KC,27,meta-llama/Llama-3.3-70B-Instruct-Turbo,animals,"dog
cat
fish
bird
lion
tiger
elephant
zebra
deer
monkey
giraffe
panda
gorilla
dolphin
shark
whale
penguin
octopus
snake
lizard
crocodile
alligator
frog
turtle
tortoise
wolf",horse,1.0,bear,,False,True,0,,iterative,11126901358165797000,fox,False
01KEZ0DW3QXKNN51B8FGFM08KC,28,meta-llama/Llama-3.3-70B-Instruct-Turbo,animals,"dog
cat
fish
bird
lion
tiger
elephant
zebra
deer
monkey
giraffe
panda
gorilla
dolphin
shark
whale
penguin
octopus
snake
lizard
crocodile
alligator
frog
turtle
tortoise
wolf
horse",bear,1.0,bear,,True,True,0,,iterative,9066053731831388000,,False
01KEZ0DW3QXKNN51B8FGFM08KC,29,meta-llama/Llama-3.3-70B-Instruct-Turbo,animals,"dog
cat
fish
bird
lion
tiger
elephant
zebra
deer
monkey
giraffe
panda
gorilla
dolphin
shark
whale
penguin
octopus
snake
lizard
crocodile
alligator
frog
turtle
tortoise
wolf
horse
bear",fox,1.0,kangaroo,,False,True,0,,iterative,5144991299762456000,,False
01KEZ0DW3QXKNN51B8FGFM08KC,30,meta-llama/Llama-3.3-70B-Instruct-Turbo,animals,"dog
cat
fish
bird
lion
tiger
elephant
zebra
deer
monkey
giraffe
panda
gorilla
dolphin
shark
whale
penguin
octopus
snake
lizard
crocodile
alligator
frog
turtle
tortoise
wolf
horse
bear
fox",rabbit,0.0,rabbit,,True,True,0,,iterative,12159430020096047000,,False
01KEZ0DW3QXKNN51B8FGFM08KC,31,meta-llama/Llama-3.3-70B-Instruct-Turbo,animals,"dog
cat
fish
bird
lion
tiger
elephant
zebra
deer
monkey
giraffe
panda
gorilla
dolphin
shark
whale
penguin
octopus
snake
lizard
crocodile
alligator
frog
turtle
tortoise
wolf
horse
bear
fox
rabbit",pig,1.0,squirrel,,False,True,0,,iterative,654960177907758200,,False
01KEZ0DW3QXKNN51B8FGFM08KC,32,meta-llama/Llama-3.3-70B-Instruct-Turbo,animals,"dog
cat
fish
bird
lion
tiger
elephant
zebra
deer
monkey
giraffe
panda
gorilla
dolphin
shark
whale
penguin
octopus
snake
lizard
crocodile
alligator
frog
turtle
tortoise
wolf
horse
bear
fox
rabbit
pig",sheep,0.0,squirrel,,False,True,0,,iterative,5302965277878532000,,False
01KEZ0DW3QXKNN51B8FGFM08KC,33,meta-llama/Llama-3.3-70B-Instruct-Turbo,animals,"dog
cat
fish
bird
lion
tiger
elephant
zebra
deer
monkey
giraffe
panda
gorilla
dolphin
shark
whale
penguin
octopus
snake
lizard
crocodile
alligator
frog
turtle
tortoise
wolf
horse
bear
fox
rabbit
pig
sheep",cow,0.0,cow,,True,True,0,,iterative,5006480124943266000,,False
01KEZ0DW3QXKNN51B8FGFM08KC,34,meta-llama/Llama-3.3-70B-Instruct-Turbo,animals,"dog
cat
fish
bird
lion
tiger
elephant
zebra
deer
monkey
giraffe
panda
gorilla
dolphin
shark
whale
penguin
octopus
snake
lizard
crocodile
alligator
frog
turtle
tortoise
wolf
horse
bear
fox
rabbit
pig
sheep
cow",chicken,0.0,chicken,,True,True,0,,iterative,619718409713368000,,False
01KEZ0DW3QXKNN51B8FGFM08KC,35,meta-llama/Llama-3.3-70B-Instruct-Turbo,animals,"dog
cat
fish
bird
lion
tiger
elephant
zebra
deer
monkey
giraffe
panda
gorilla
dolphin
shark
whale
penguin
octopus
snake
lizard
crocodile
alligator
frog
turtle
tortoise
wolf
horse
bear
fox
rabbit
pig
sheep
cow
chicken",ape,1.0,goat,,False,True,0,,iterative,14930443726062260000,,False
01KEZ0DW3QXKNN51B8FGFM08KC,36,meta-llama/Llama-3.3-70B-Instruct-Turbo,animals,"dog
cat
fish
bird
lion
tiger
elephant
zebra
deer
monkey
giraffe
panda
gorilla
dolphin
shark
whale
penguin
octopus
snake
lizard
crocodile
alligator
frog
turtle
tortoise
wolf
horse
bear
fox
rabbit
pig
sheep
cow
chicken
ape",kangaroo,1.0,goat,,False,True,0,,iterative,18182101925303013000,,False
01KEZ0DW3QXKNN51B8FGFM08KC,37,meta-llama/Llama-3.3-70B-Instruct-Turbo,animals,"dog
cat
fish
bird
lion
tiger
elephant
zebra
deer
monkey
giraffe
panda
gorilla
dolphin
shark
whale
penguin
octopus
snake
lizard
crocodile
alligator
frog
turtle
tortoise
wolf
horse
bear
fox
rabbit
pig
sheep
cow
chicken
ape
kangaroo",koala,0.0,koala,,True,True,0,,iterative,8814926928625876000,,False
01KEZ0DW3QXKNN51B8FGFM08KC,38,meta-llama/Llama-3.3-70B-Instruct-Turbo,animals,"dog
cat
fish
bird
lion
tiger
elephant
zebra
deer
monkey
giraffe
panda
gorilla
dolphin
shark
whale
penguin
octopus
snake
lizard
crocodile
alligator
frog
turtle
tortoise
wolf
horse
bear
fox
rabbit
pig
sheep
cow
chicken
ape
kangaroo
koala",spider,0.0,platypus,,False,True,0,,iterative,16041811262670047000,,False
01KEZ0DW3QXKNN51B8FGFM08KC,39,meta-llama/Llama-3.3-70B-Instruct-Turbo,animals,"dog
cat
fish
bird
lion
tiger
elephant
zebra
deer
monkey
giraffe
panda
gorilla
dolphin
shark
whale
penguin
octopus
snake
lizard
crocodile
alligator
frog
turtle
tortoise
wolf
horse
bear
fox
rabbit
pig
sheep
cow
chicken
ape
kangaroo
koala
spider",moose,1.0,squirrel,,False,True,0,,iterative,9828468592904130000,,False
01KEZ0DW3QXKNN51B8FGFM08KC,40,meta-llama/Llama-3.3-70B-Instruct-Turbo,animals,"dog
cat
fish
bird
lion
tiger
elephant
zebra
deer
monkey
giraffe
panda
gorilla
dolphin
shark
whale
penguin
octopus
snake
lizard
crocodile
alligator
frog
turtle
tortoise
wolf
horse
bear
fox
rabbit
pig
sheep
cow
chicken
ape
kangaroo
koala
spider
moose",elk,0.0,squirrel,,False,True,0,,iterative,12131896556677333000,,False
01KEZ0DW3QXKNN51B8FGFM08KC,41,meta-llama/Llama-3.3-70B-Instruct-Turbo,animals,"dog
cat
fish
bird
lion
tiger
elephant
zebra
deer
monkey
giraffe
panda
gorilla
dolphin
shark
whale
penguin
octopus
snake
lizard
crocodile
alligator
frog
turtle
tortoise
wolf
horse
bear
fox
rabbit
pig
sheep
cow
chicken
ape
kangaroo
koala
spider
moose
elk",bison,1.0,squirrel,,False,True,0,,iterative,4146021679334571000,,False
01KEZ0DW3QXKNN51B8FGFM08KC,42,meta-llama/Llama-3.3-70B-Instruct-Turbo,animals,"dog
cat
fish
bird
lion
tiger
elephant
zebra
deer
monkey
giraffe
panda
gorilla
dolphin
shark
whale
penguin
octopus
snake
lizard
crocodile
alligator
frog
turtle
tortoise
wolf
horse
bear
fox
rabbit
pig
sheep
cow
chicken
ape
kangaroo
koala
spider
moose
elk
bison",donkey,1.0,raccoon,,False,True,0,,iterative,1684970749806254600,,False
01KEZ0SDN5PWYKNW6GNR5D955W,2,meta-llama/Llama-3.3-70B-Instruct-Turbo,animals,walrus,guineapig,1.0,seal,,False,True,0,,iterative,8613836083489383000,seal,False
01KEZ0SDN5PWYKNW6GNR5D955W,3,meta-llama/Llama-3.3-70B-Instruct-Turbo,animals,"walrus
guinea pig",pig,0.0,hamster,,False,True,0,,iterative,17766797056604432000,rabbit,False
01KEZ0SDN5PWYKNW6GNR5D955W,4,meta-llama/Llama-3.3-70B-Instruct-Turbo,animals,"walrus
guinea pig
pig",dog,0.0,boar,,False,True,0,,iterative,7481947818781812000,horse,False
01KEZ0SDN5PWYKNW6GNR5D955W,5,meta-llama/Llama-3.3-70B-Instruct-Turbo,animals,"walrus
guinea pig
pig
dog",cat,0.0,cat,,True,True,0,,iterative,8143551879540238000,cat,True
01KEZ0SDN5PWYKNW6GNR5D955W,6,meta-llama/Llama-3.3-70B-Instruct-Turbo,animals,"walrus
guinea pig
pig
dog
cat",alligator,1.0,hamster,,False,True,0,,iterative,9608454488082280000,rabbit,False
01KEZ0SDN5PWYKNW6GNR5D955W,7,meta-llama/Llama-3.3-70B-Instruct-Turbo,animals,"walrus
guinea pig
pig
dog
cat
alligator",crocodile,0.0,mouse,,False,True,0,,iterative,456093180778333060,giraffe,False
01KEZ0SDN5PWYKNW6GNR5D955W,8,meta-llama/Llama-3.3-70B-Instruct-Turbo,animals,"walrus
guinea pig
pig
dog
cat
alligator
crocodile",pigeon,1.0,tiger,,False,True,0,,iterative,9655998952015663000,lion,False
01KEZ0SDN5PWYKNW6GNR5D955W,9,meta-llama/Llama-3.3-70B-Instruct-Turbo,animals,"walrus
guinea pig
pig
dog
cat
alligator
crocodile
pigeon",otter,0.0,sparrow,,False,True,0,,iterative,5936897137044720000,budgie,False
01KEZ0SDN5PWYKNW6GNR5D955W,10,meta-llama/Llama-3.3-70B-Instruct-Turbo,animals,"walrus
guinea pig
pig
dog
cat
alligator
crocodile
pigeon
otter",dolphin,0.0,beaver,,False,True,0,,iterative,9641096766865959000,giraffe,False
01KEZ0SDN5PWYKNW6GNR5D955W,11,meta-llama/Llama-3.3-70B-Instruct-Turbo,animals,"walrus
guinea pig
pig
dog
cat
alligator
crocodile
pigeon
otter
dolphin",whale,0.0,whale,,True,True,0,,iterative,5567149230271099000,whale,True
01KEZ0SDN5PWYKNW6GNR5D955W,12,meta-llama/Llama-3.3-70B-Instruct-Turbo,animals,"walrus
guinea pig
pig
dog
cat
alligator
crocodile
pigeon
otter
dolphin
whale",shark,0.0,seal,,False,True,0,,iterative,4742944277479805000,fish,False
01KEZ0SDN5PWYKNW6GNR5D955W,13,meta-llama/Llama-3.3-70B-Instruct-Turbo,animals,"walrus
guinea pig
pig
dog
cat
alligator
crocodile
pigeon
otter
dolphin
whale
shark",mammoth,1.0,octopus,,False,True,0,,iterative,15369909187289010000,seal,False
01KEZ0SDN5PWYKNW6GNR5D955W,14,meta-llama/Llama-3.3-70B-Instruct-Turbo,animals,"walrus
guinea pig
pig
dog
cat
alligator
crocodile
pigeon
otter
dolphin
whale
shark
mammoth",zebra,0.0,elephant,,False,True,0,,iterative,12139959185544792000,sloth,False
01KEZ0SDN5PWYKNW6GNR5D955W,15,meta-llama/Llama-3.3-70B-Instruct-Turbo,animals,"walrus
guinea pig
pig
dog
cat
alligator
crocodile
pigeon
otter
dolphin
whale
shark
mammoth
zebra",giraffe,0.0,giraffe,,True,True,0,,iterative,8213868562207647000,lion,False
01KEZ0SDN5PWYKNW6GNR5D955W,16,meta-llama/Llama-3.3-70B-Instruct-Turbo,animals,"walrus
guinea pig
pig
dog
cat
alligator
crocodile
pigeon
otter
dolphin
whale
shark
mammoth
zebra
giraffe",toad,1.0,elephant,,False,True,0,,iterative,15871684213076800000,lion,False
01KEZ0SDN5PWYKNW6GNR5D955W,17,meta-llama/Llama-3.3-70B-Instruct-Turbo,animals,"walrus
guinea pig
pig
dog
cat
alligator
crocodile
pigeon
otter
dolphin
whale
shark
mammoth
zebra
giraffe
toad",eel,0.0,frog,,False,True,0,,iterative,4853588764677234000,frog,False
01KEZ0SDN5PWYKNW6GNR5D955W,18,meta-llama/Llama-3.3-70B-Instruct-Turbo,animals,"walrus
guinea pig
pig
dog
cat
alligator
crocodile
pigeon
otter
dolphin
whale
shark
mammoth
zebra
giraffe
toad
eel",hawk,1.0,frog,,False,True,0,,iterative,15806826457666034000,frog,False
01KEZ0SDN5PWYKNW6GNR5D955W,19,meta-llama/Llama-3.3-70B-Instruct-Turbo,animals,"walrus
guinea pig
pig
dog
cat
alligator
crocodile
pigeon
otter
dolphin
whale
shark
mammoth
zebra
giraffe
toad
eel
hawk",duck,0.0,frog,,False,True,0,,iterative,5659156275958761000,newt,False
01KEZ0SDN5PWYKNW6GNR5D955W,20,meta-llama/Llama-3.3-70B-Instruct-Turbo,animals,"walrus
guinea pig
pig
dog
cat
alligator
crocodile
pigeon
otter
dolphin
whale
shark
mammoth
zebra
giraffe
toad
eel
hawk
duck",falcon,0.0,frog,,False,True,0,,iterative,8635512315297607000,swan,False
01KEZ0SDN5PWYKNW6GNR5D955W,21,meta-llama/Llama-3.3-70B-Instruct-Turbo,animals,"walrus
guinea pig
pig
dog
cat
alligator
crocodile
pigeon
otter
dolphin
whale
shark
mammoth
zebra
giraffe
toad
eel
hawk
duck
falcon",peacock,0.0,eagle,,False,True,0,,iterative,4957675452400911000,swan,False
01KEZ0SDN5PWYKNW6GNR5D955W,22,meta-llama/Llama-3.3-70B-Instruct-Turbo,animals,"walrus
guinea pig
pig
dog
cat
alligator
crocodile
pigeon
otter
dolphin
whale
shark
mammoth
zebra
giraffe
toad
eel
hawk
duck
falcon
peacock",ostrich,0.0,parrot,,False,True,0,,iterative,5282377330782509000,swan,False
01KEZ0SDN5PWYKNW6GNR5D955W,23,meta-llama/Llama-3.3-70B-Instruct-Turbo,animals,"walrus
guinea pig
pig
dog
cat
alligator
crocodile
pigeon
otter
dolphin
whale
shark
mammoth
zebra
giraffe
toad
eel
hawk
duck
falcon
peacock
ostrich",penguin,0.0,emu,,False,True,0,,iterative,2259958996074039600,swan,False
01KEZ0SDN5PWYKNW6GNR5D955W,24,meta-llama/Llama-3.3-70B-Instruct-Turbo,animals,"walrus
guinea pig
pig
dog
cat
alligator
crocodile
pigeon
otter
dolphin
whale
shark
mammoth
zebra
giraffe
toad
eel
hawk
duck
falcon
peacock
ostrich
penguin",horse,1.0,seal,,False,True,0,,iterative,13244266186236955000,swan,False
01KEZ0SDN5PWYKNW6GNR5D955W,25,meta-llama/Llama-3.3-70B-Instruct-Turbo,animals,"walrus
guinea pig
pig
dog
cat
alligator
crocodile
pigeon
otter
dolphin
whale
shark
mammoth
zebra
giraffe
toad
eel
hawk
duck
falcon
peacock
ostrich
penguin
horse",sheep,0.0,donkey,,False,True,0,,iterative,16739618649091187000,donkey,False
01KEZ0SDN5PWYKNW6GNR5D955W,26,meta-llama/Llama-3.3-70B-Instruct-Turbo,animals,"walrus
guinea pig
pig
dog
cat
alligator
crocodile
pigeon
otter
dolphin
whale
shark
mammoth
zebra
giraffe
toad
eel
hawk
duck
falcon
peacock
ostrich
penguin
horse
sheep",cow,0.0,goat,,False,True,0,,iterative,5480527063272078000,cow,True
01KEZ0SDN5PWYKNW6GNR5D955W,27,meta-llama/Llama-3.3-70B-Instruct-Turbo,animals,"walrus
guinea pig
pig
dog
cat
alligator
crocodile
pigeon
otter
dolphin
whale
shark
mammoth
zebra
giraffe
toad
eel
hawk
duck
falcon
peacock
ostrich
penguin
horse
sheep
cow",pelican,1.0,goat,,False,True,0,,iterative,5921907593520008000,chicken,False
01KEZ0SDN5PWYKNW6GNR5D955W,28,meta-llama/Llama-3.3-70B-Instruct-Turbo,animals,"walrus
guinea pig
pig
dog
cat
alligator
crocodile
pigeon
otter
dolphin
whale
shark
mammoth
zebra
giraffe
toad
eel
hawk
duck
falcon
peacock
ostrich
penguin
horse
sheep
cow
pelican",panda,1.0,goat,,False,True,0,,iterative,2970768659297827300,chicken,False
01KEZ0SDN5PWYKNW6GNR5D955W,29,meta-llama/Llama-3.3-70B-Instruct-Turbo,animals,"walrus
guinea pig
pig
dog
cat
alligator
crocodile
pigeon
otter
dolphin
whale
shark
mammoth
zebra
giraffe
toad
eel
hawk
duck
falcon
peacock
ostrich
penguin
horse
sheep
cow
pelican
panda",tiger,0.0,bear,,False,True,0,,iterative,18170937635998026000,lion,False
01KEZ0SDN5PWYKNW6GNR5D955W,30,meta-llama/Llama-3.3-70B-Instruct-Turbo,animals,"walrus
guinea pig
pig
dog
cat
alligator
crocodile
pigeon
otter
dolphin
whale
shark
mammoth
zebra
giraffe
toad
eel
hawk
duck
falcon
peacock
ostrich
penguin
horse
sheep
cow
pelican
panda
tiger",lion,0.0,bear,,False,True,0,,iterative,10812439659857703000,lion,True
01KEZ0SDN5PWYKNW6GNR5D955W,31,meta-llama/Llama-3.3-70B-Instruct-Turbo,animals,"walrus
guinea pig
pig
dog
cat
alligator
crocodile
pigeon
otter
dolphin
whale
shark
mammoth
zebra
giraffe
toad
eel
hawk
duck
falcon
peacock
ostrich
penguin
horse
sheep
cow
pelican
panda
tiger
lion",cheetah,0.0,leopard,,False,True,0,,iterative,2988438598764496000,elephant,False
01KEZ0SDN5PWYKNW6GNR5D955W,32,meta-llama/Llama-3.3-70B-Instruct-Turbo,animals,"walrus
guinea pig
pig
dog
cat
alligator
crocodile
pigeon
otter
dolphin
whale
shark
mammoth
zebra
giraffe
toad
eel
hawk
duck
falcon
peacock
ostrich
penguin
horse
sheep
cow
pelican
panda
tiger
lion
cheetah",wolf,0.0,leopard,,False,True,0,,iterative,14580568625438200000,elephant,False
01KEZ0SDN5PWYKNW6GNR5D955W,33,meta-llama/Llama-3.3-70B-Instruct-Turbo,animals,"walrus
guinea pig
pig
dog
cat
alligator
crocodile
pigeon
otter
dolphin
whale
shark
mammoth
zebra
giraffe
toad
eel
hawk
duck
falcon
peacock
ostrich
penguin
horse
sheep
cow
pelican
panda
tiger
lion
cheetah
wolf",coyote,0.0,bear,,False,True,0,,iterative,5871450888117317000,elephant,False
01KEZ0SDN5PWYKNW6GNR5D955W,34,meta-llama/Llama-3.3-70B-Instruct-Turbo,animals,"walrus
guinea pig
pig
dog
cat
alligator
crocodile
pigeon
otter
dolphin
whale
shark
mammoth
zebra
giraffe
toad
eel
hawk
duck
falcon
peacock
ostrich
penguin
horse
sheep
cow
pelican
panda
tiger
lion
cheetah
wolf
coyote",bison,0.0,bear,,False,True,0,,iterative,10479491542189857000,elephant,False
01KEZ0SDN5PWYKNW6GNR5D955W,35,meta-llama/Llama-3.3-70B-Instruct-Turbo,animals,"walrus
guinea pig
pig
dog
cat
alligator
crocodile
pigeon
otter
dolphin
whale
shark
mammoth
zebra
giraffe
toad
eel
hawk
duck
falcon
peacock
ostrich
penguin
horse
sheep
cow
pelican
panda
tiger
lion
cheetah
wolf
coyote
bison",leopard,0.0,bear,,False,True,0,,iterative,16609960512027337000,elephant,False
01KEZ0SDN5PWYKNW6GNR5D955W,36,meta-llama/Llama-3.3-70B-Instruct-Turbo,animals,"walrus
guinea pig
pig
dog
cat
alligator
crocodile
pigeon
otter
dolphin
whale
shark
mammoth
zebra
giraffe
toad
eel
hawk
duck
falcon
peacock
ostrich
penguin
horse
sheep
cow
pelican
panda
tiger
lion
cheetah
wolf
coyote
bison
leopard",woodpecker,1.0,jaguar,,False,True,0,,iterative,8609800684791068000,elephant,False
01KEZ0SDN5PWYKNW6GNR5D955W,37,meta-llama/Llama-3.3-70B-Instruct-Turbo,animals,"walrus
guinea pig
pig
dog
cat
alligator
crocodile
pigeon
otter
dolphin
whale
shark
mammoth
zebra
giraffe
toad
eel
hawk
duck
falcon
peacock
ostrich
penguin
horse
sheep
cow
pelican
panda
tiger
lion
cheetah
wolf
coyote
bison
leopard
woodpecker",parrot,0.0,bear,,False,True,0,,iterative,10196369054747173000,squirrel,False
01KEZ0SDN5PWYKNW6GNR5D955W,38,meta-llama/Llama-3.3-70B-Instruct-Turbo,animals,"walrus
guinea pig
pig
dog
cat
alligator
crocodile
pigeon
otter
dolphin
whale
shark
mammoth
zebra
giraffe
toad
eel
hawk
duck
falcon
peacock
ostrich
penguin
horse
sheep
cow
pelican
panda
tiger
lion
cheetah
wolf
coyote
bison
leopard
woodpecker
parrot",python,1.0,monkey,,False,True,0,,iterative,15949109745217250000,squirrel,False
01KEZ0SDN5PWYKNW6GNR5D955W,39,meta-llama/Llama-3.3-70B-Instruct-Turbo,animals,"walrus
guinea pig
pig
dog
cat
alligator
crocodile
pigeon
otter
dolphin
whale
shark
mammoth
zebra
giraffe
toad
eel
hawk
duck
falcon
peacock
ostrich
penguin
horse
sheep
cow
pelican
panda
tiger
lion
cheetah
wolf
coyote
bison
leopard
woodpecker
parrot
python",porcupine,0.0,boa,,False,True,0,,iterative,10297829011066022000,woodlouse,False
01KEZ0SDN5PWYKNW6GNR5D955W,40,meta-llama/Llama-3.3-70B-Instruct-Turbo,animals,"walrus
guinea pig
pig
dog
cat
alligator
crocodile
pigeon
otter
dolphin
whale
shark
mammoth
zebra
giraffe
toad
eel
hawk
duck
falcon
peacock
ostrich
penguin
horse
sheep
cow
pelican
panda
tiger
lion
cheetah
wolf
coyote
bison
leopard
woodpecker
parrot
python
porcupine",ant,1.0,bear,,False,True,0,,iterative,7541315970435834000,hedgehog,False
01KEZ0SDN5PWYKNW6GNR5D955W,41,meta-llama/Llama-3.3-70B-Instruct-Turbo,animals,"walrus
guinea pig
pig
dog
cat
alligator
crocodile
pigeon
otter
dolphin
whale
shark
mammoth
zebra
giraffe
toad
eel
hawk
duck
falcon
peacock
ostrich
penguin
horse
sheep
cow
pelican
panda
tiger
lion
cheetah
wolf
coyote
bison
leopard
woodpecker
parrot
python
porcupine
ant",boar,1.0,bear,,False,True,0,,iterative,7709576761428553000,hedgehog,False
01KEZ0SDN5PWYKNW6GNR5D955W,42,meta-llama/Llama-3.3-70B-Instruct-Turbo,animals,"walrus
guinea pig
pig
dog
cat
alligator
crocodile
pigeon
otter
dolphin
whale
shark
mammoth
zebra
giraffe
toad
eel
hawk
duck
falcon
peacock
ostrich
penguin
horse
sheep
cow
pelican
panda
tiger
lion
cheetah
wolf
coyote
bison
leopard
woodpecker
parrot
python
porcupine
ant
boar",bat,0.0,bear,,False,True,0,,iterative,2386957558109792000,meerkat,False
01KEZ0SDN5PWYKNW6GNR5D955W,43,meta-llama/Llama-3.3-70B-Instruct-Turbo,animals,"walrus
guinea pig
pig
dog
cat
alligator
crocodile
pigeon
otter
dolphin
whale
shark
mammoth
zebra
giraffe
toad
eel
hawk
duck
falcon
peacock
ostrich
penguin
horse
sheep
cow
pelican
panda
tiger
lion
cheetah
wolf
coyote
bison
leopard
woodpecker
parrot
python
porcupine
ant
boar
bat",butterfly,0.0,bear,,False,True,0,,iterative,8713807194405284000,hedgehog,False
01KEZ0SDN5PWYKNW6GNR5D955W,44,meta-llama/Llama-3.3-70B-Instruct-Turbo,animals,"walrus
guinea pig
pig
dog
cat
alligator
crocodile
pigeon
otter
dolphin
whale
shark
mammoth
zebra
giraffe
toad
eel
hawk
duck
falcon
peacock
ostrich
penguin
horse
sheep
cow
pelican
panda
tiger
lion
cheetah
wolf
coyote
bison
leopard
woodpecker
parrot
python
porcupine
ant
boar
bat
butterfly",ox,1.0,bear,,False,True,0,,iterative,11349339138403308000,fox,False
01KEZ0SDN5PWYKNW6GNR5D955W,45,meta-llama/Llama-3.3-70B-Instruct-Turbo,animals,"walrus
guinea pig
pig
dog
cat
alligator
crocodile
pigeon
otter
dolphin
whale
shark
mammoth
zebra
giraffe
toad
eel
hawk
duck
falcon
peacock
ostrich
penguin
horse
sheep
cow
pelican
panda
tiger
lion
cheetah
wolf
coyote
bison
leopard
woodpecker
parrot
python
porcupine
ant
boar
bat
butterfly
ox",octopus,0.0,donkey,,False,True,0,,iterative,3118955815349936600,fox,False
01KEZ0SDN5PWYKNW6GNR5D955W,46,meta-llama/Llama-3.3-70B-Instruct-Turbo,animals,"walrus
guinea pig
pig
dog
cat
alligator
crocodile
pigeon
otter
dolphin
whale
shark
mammoth
zebra
giraffe
toad
eel
hawk
duck
falcon
peacock
ostrich
penguin
horse
sheep
cow
pelican
panda
tiger
lion
cheetah
wolf
coyote
bison
leopard
woodpecker
parrot
python
porcupine
ant
boar
bat
butterfly
ox
octopus",starfish,1.0,squirrel,,False,True,0,,iterative,1702659563906285600,fox,False
01KEZ0SDN5PWYKNW6GNR5D955W,47,meta-llama/Llama-3.3-70B-Instruct-Turbo,animals,"walrus
guinea pig
pig
dog
cat
alligator
crocodile
pigeon
otter
dolphin
whale
shark
mammoth
zebra
giraffe
toad
eel
hawk
duck
falcon
peacock
ostrich
penguin
horse
sheep
cow
pelican
panda
tiger
lion
cheetah
wolf
coyote
bison
leopard
woodpecker
parrot
python
porcupine
ant
boar
bat
butterfly
ox
octopus
starfish",clam,0.0,jellyfish,,False,True,0,,iterative,4578937363663896000,seahorse,False
01KEZ0SDN5PWYKNW6GNR5D955W,48,meta-llama/Llama-3.3-70B-Instruct-Turbo,animals,"walrus
guinea pig
pig
dog
cat
alligator
crocodile
pigeon
otter
dolphin
whale
shark
mammoth
zebra
giraffe
toad
eel
hawk
duck
falcon
peacock
ostrich
penguin
horse
sheep
cow
pelican
panda
tiger
lion
cheetah
wolf
coyote
bison
leopard
woodpecker
parrot
python
porcupine
ant
boar
bat
butterfly
ox
octopus
starfish
clam",oyster,0.0,crab,,False,True,0,,iterative,10449797704367065000,mussel,False
01KEZ12BH8TNQ12KCEH4D0564Y,2,meta-llama/Llama-3.3-70B-Instruct-Turbo,animals,dog,cat,1.0,cat,,True,True,0,,iterative,7354122458238902000,cat,True
01KEZ12BH8TNQ12KCEH4D0564Y,3,meta-llama/Llama-3.3-70B-Instruct-Turbo,animals,"dog
cat",rabbit,0.0,hamster,,False,True,0,,iterative,10939841703857687000,cow,False
01KEZ12BH8TNQ12KCEH4D0564Y,4,meta-llama/Llama-3.3-70B-Instruct-Turbo,animals,"dog
cat
rabbit",zebra,0.0,hamster,,False,True,0,,iterative,1839073319746688800,fox,False
01KEZ12BH8TNQ12KCEH4D0564Y,5,meta-llama/Llama-3.3-70B-Instruct-Turbo,animals,"dog
cat
rabbit
zebra",goldfish,0.0,horse,,False,True,0,,iterative,8425756315079048000,monkey,False
01KEZ12BH8TNQ12KCEH4D0564Y,6,meta-llama/Llama-3.3-70B-Instruct-Turbo,animals,"dog
cat
rabbit
zebra
goldfish",crab,0.0,horse,,False,True,0,,iterative,1876371466925837600,giraffe,False
01KEZ12BH8TNQ12KCEH4D0564Y,7,meta-llama/Llama-3.3-70B-Instruct-Turbo,animals,"dog
cat
rabbit
zebra
goldfish
crab",hamster,0.0,shark,,False,True,0,,iterative,8312359460953440000,shark,False
01KEZ12BH8TNQ12KCEH4D0564Y,8,meta-llama/Llama-3.3-70B-Instruct-Turbo,animals,"dog
cat
rabbit
zebra
goldfish
crab
hamster",emu,0.0,turtle,,False,True,0,,iterative,8669972291503212000,tiger,False
01KEZ12BH8TNQ12KCEH4D0564Y,9,meta-llama/Llama-3.3-70B-Instruct-Turbo,animals,"dog
cat
rabbit
zebra
goldfish
crab
hamster
emu",horse,0.0,parrot,,False,True,0,,iterative,8104414232628002000,lion,False
01KEZ12BH8TNQ12KCEH4D0564Y,10,meta-llama/Llama-3.3-70B-Instruct-Turbo,animals,"dog
cat
rabbit
zebra
goldfish
crab
hamster
emu
horse",penguin,0.0,kangaroo,,False,True,0,,iterative,17615777080481948000,tiger,False
01KEZ12BH8TNQ12KCEH4D0564Y,11,meta-llama/Llama-3.3-70B-Instruct-Turbo,animals,"dog
cat
rabbit
zebra
goldfish
crab
hamster
emu
horse
penguin",seal,0.0,ostrich,,False,True,0,,iterative,2645123474547093500,bear,False
01KEZ12BH8TNQ12KCEH4D0564Y,12,meta-llama/Llama-3.3-70B-Instruct-Turbo,animals,"dog
cat
rabbit
zebra
goldfish
crab
hamster
emu
horse
penguin
seal",cow,0.0,walrus,,False,True,0,,iterative,468405265917792300,bear,False
01KEZ12BH8TNQ12KCEH4D0564Y,13,meta-llama/Llama-3.3-70B-Instruct-Turbo,animals,"dog
cat
rabbit
zebra
goldfish
crab
hamster
emu
horse
penguin
seal
cow",pig,0.0,whale,,False,True,0,,iterative,16138451738519925000,monkey,False
01KEZ12BH8TNQ12KCEH4D0564Y,14,meta-llama/Llama-3.3-70B-Instruct-Turbo,animals,"dog
cat
rabbit
zebra
goldfish
crab
hamster
emu
horse
penguin
seal
cow
pig",donkey,0.0,sheep,,False,True,0,,iterative,3573308248058152000,rat,False
01KEZ12BH8TNQ12KCEH4D0564Y,15,meta-llama/Llama-3.3-70B-Instruct-Turbo,animals,"dog
cat
rabbit
zebra
goldfish
crab
hamster
emu
horse
penguin
seal
cow
pig
donkey",llama,0.0,sheep,,False,True,0,,iterative,5102033058859171000,lion,False
01KEZ12BH8TNQ12KCEH4D0564Y,16,meta-llama/Llama-3.3-70B-Instruct-Turbo,animals,"dog
cat
rabbit
zebra
goldfish
crab
hamster
emu
horse
penguin
seal
cow
pig
donkey
llama",fox,0.0,sheep,,False,True,0,,iterative,12889140125397418000,fox,True
01KEZ12BH8TNQ12KCEH4D0564Y,17,meta-llama/Llama-3.3-70B-Instruct-Turbo,animals,"dog
cat
rabbit
zebra
goldfish
crab
hamster
emu
horse
penguin
seal
cow
pig
donkey
llama
fox",gerbil,0.0,sheep,,False,True,0,,iterative,4777692176341844000,dolphin,False
01KEZ12BH8TNQ12KCEH4D0564Y,18,meta-llama/Llama-3.3-70B-Instruct-Turbo,animals,"dog
cat
rabbit
zebra
goldfish
crab
hamster
emu
horse
penguin
seal
cow
pig
donkey
llama
fox
gerbil",kangaroo,0.0,mouse,,False,True,0,,iterative,18053468841957738000,lobster,False
01KEZ12BH8TNQ12KCEH4D0564Y,19,meta-llama/Llama-3.3-70B-Instruct-Turbo,animals,"dog
cat
rabbit
zebra
goldfish
crab
hamster
emu
horse
penguin
seal
cow
pig
donkey
llama
fox
gerbil
kangaroo",panda,0.0,sheep,,False,True,0,,iterative,5648856896316317000,turtle,False
01KEZ12BH8TNQ12KCEH4D0564Y,20,meta-llama/Llama-3.3-70B-Instruct-Turbo,animals,"dog
cat
rabbit
zebra
goldfish
crab
hamster
emu
horse
penguin
seal
cow
pig
donkey
llama
fox
gerbil
kangaroo
panda",eel,0.0,tiger,,False,True,0,,iterative,7203656921556981000,lizard,False
01KEZ12BH8TNQ12KCEH4D0564Y,21,meta-llama/Llama-3.3-70B-Instruct-Turbo,animals,"dog
cat
rabbit
zebra
goldfish
crab
hamster
emu
horse
penguin
seal
cow
pig
donkey
llama
fox
gerbil
kangaroo
panda
eel",tiger,0.0,snake,,False,True,0,,iterative,2976430379700511000,squid,False
01KEZ12BH8TNQ12KCEH4D0564Y,22,meta-llama/Llama-3.3-70B-Instruct-Turbo,animals,"dog
cat
rabbit
zebra
goldfish
crab
hamster
emu
horse
penguin
seal
cow
pig
donkey
llama
fox
gerbil
kangaroo
panda
eel
tiger",lion,0.0,bear,,False,True,0,,iterative,2262763415638890500,monkey,False
01KEZ12BH8TNQ12KCEH4D0564Y,23,meta-llama/Llama-3.3-70B-Instruct-Turbo,animals,"dog
cat
rabbit
zebra
goldfish
crab
hamster
emu
horse
penguin
seal
cow
pig
donkey
llama
fox
gerbil
kangaroo
panda
eel
tiger
lion",raccoon,0.0,leopard,,False,True,0,,iterative,639989747515033000,elephant,False
01KEZ12BH8TNQ12KCEH4D0564Y,24,meta-llama/Llama-3.3-70B-Instruct-Turbo,animals,"dog
cat
rabbit
zebra
goldfish
crab
hamster
emu
horse
penguin
seal
cow
pig
donkey
llama
fox
gerbil
kangaroo
panda
eel
tiger
lion
raccoon",polarbear,0.0,bear,,False,True,0,,iterative,7901058701360637000,skunk,False
01KEZ12BH8TNQ12KCEH4D0564Y,25,meta-llama/Llama-3.3-70B-Instruct-Turbo,animals,"dog
cat
rabbit
zebra
goldfish
crab
hamster
emu
horse
penguin
seal
cow
pig
donkey
llama
fox
gerbil
kangaroo
panda
eel
tiger
lion
raccoon
polar bear",rat,0.0,wolf,,False,True,0,,iterative,9834908418718142000,shark,False
01KEZ12BH8TNQ12KCEH4D0564Y,26,meta-llama/Llama-3.3-70B-Instruct-Turbo,animals,"dog
cat
rabbit
zebra
goldfish
crab
hamster
emu
horse
penguin
seal
cow
pig
donkey
llama
fox
gerbil
kangaroo
panda
eel
tiger
lion
raccoon
polar bear
rat",mouse,0.0,mouse,,True,True,0,,iterative,10044099511527434000,monkey,False
01KEZ12BH8TNQ12KCEH4D0564Y,27,meta-llama/Llama-3.3-70B-Instruct-Turbo,animals,"dog
cat
rabbit
zebra
goldfish
crab
hamster
emu
horse
penguin
seal
cow
pig
donkey
llama
fox
gerbil
kangaroo
panda
eel
tiger
lion
raccoon
polar bear
rat
mouse",elephant,0.0,squirrel,,False,True,0,,iterative,15281905860814215000,cricket,False
01KEZ12BH8TNQ12KCEH4D0564Y,28,meta-llama/Llama-3.3-70B-Instruct-Turbo,animals,"dog
cat
rabbit
zebra
goldfish
crab
hamster
emu
horse
penguin
seal
cow
pig
donkey
llama
fox
gerbil
kangaroo
panda
eel
tiger
lion
raccoon
polar bear
rat
mouse
elephant",meerkat,0.0,giraffe,,False,True,0,,iterative,6337123941466534000,koala,False
01KEZ12BH8TNQ12KCEH4D0564Y,29,meta-llama/Llama-3.3-70B-Instruct-Turbo,animals,"dog
cat
rabbit
zebra
goldfish
crab
hamster
emu
horse
penguin
seal
cow
pig
donkey
llama
fox
gerbil
kangaroo
panda
eel
tiger
lion
raccoon
polar bear
rat
mouse
elephant
meerkat",monkey,0.0,giraffe,,False,True,0,,iterative,6916698199615369000,ant,False
01KEZ12BH8TNQ12KCEH4D0564Y,30,meta-llama/Llama-3.3-70B-Instruct-Turbo,animals,"dog
cat
rabbit
zebra
goldfish
crab
hamster
emu
horse
penguin
seal
cow
pig
donkey
llama
fox
gerbil
kangaroo
panda
eel
tiger
lion
raccoon
polar bear
rat
mouse
elephant
meerkat
monkey",gorilla,0.0,giraffe,,False,True,0,,iterative,9521767332046057000,koala,False
01KEZ12BH8TNQ12KCEH4D0564Y,31,meta-llama/Llama-3.3-70B-Instruct-Turbo,animals,"dog
cat
rabbit
zebra
goldfish
crab
hamster
emu
horse
penguin
seal
cow
pig
donkey
llama
fox
gerbil
kangaroo
panda
eel
tiger
lion
raccoon
polar bear
rat
mouse
elephant
meerkat
monkey
gorilla",chimpanzee,0.0,chimpanzee,,True,True,0,,iterative,7590222739345848000,bear,False
01KEZ12BH8TNQ12KCEH4D0564Y,32,meta-llama/Llama-3.3-70B-Instruct-Turbo,animals,"dog
cat
rabbit
zebra
goldfish
crab
hamster
emu
horse
penguin
seal
cow
pig
donkey
llama
fox
gerbil
kangaroo
panda
eel
tiger
lion
raccoon
polar bear
rat
mouse
elephant
meerkat
monkey
gorilla
chimpanzee",ant,0.0,lemur,,False,True,0,,iterative,11069437537929943000,koala,False
01KEZ12BH8TNQ12KCEH4D0564Y,33,meta-llama/Llama-3.3-70B-Instruct-Turbo,animals,"dog
cat
rabbit
zebra
goldfish
crab
hamster
emu
horse
penguin
seal
cow
pig
donkey
llama
fox
gerbil
kangaroo
panda
eel
tiger
lion
raccoon
polar bear
rat
mouse
elephant
meerkat
monkey
gorilla
chimpanzee
ant",bee,0.0,bee,,True,True,0,,iterative,17667434019308618000,koala,False
01KEZ12BH8TNQ12KCEH4D0564Y,34,meta-llama/Llama-3.3-70B-Instruct-Turbo,animals,"dog
cat
rabbit
zebra
goldfish
crab
hamster
emu
horse
penguin
seal
cow
pig
donkey
llama
fox
gerbil
kangaroo
panda
eel
tiger
lion
raccoon
polar bear
rat
mouse
elephant
meerkat
monkey
gorilla
chimpanzee
ant
bee",frog,0.0,butterfly,,False,True,0,,iterative,1391181216547063000,butterfly,False
01KEZ12BH8TNQ12KCEH4D0564Y,35,meta-llama/Llama-3.3-70B-Instruct-Turbo,animals,"dog
cat
rabbit
zebra
goldfish
crab
hamster
emu
horse
penguin
seal
cow
pig
donkey
llama
fox
gerbil
kangaroo
panda
eel
tiger
lion
raccoon
polar bear
rat
mouse
elephant
meerkat
monkey
gorilla
chimpanzee
ant
bee
frog",koala,0.0,butterfly,,False,True,0,,iterative,12055357415986850000,butterfly,False
01KEZ12BH8TNQ12KCEH4D0564Y,36,meta-llama/Llama-3.3-70B-Instruct-Turbo,animals,"dog
cat
rabbit
zebra
goldfish
crab
hamster
emu
horse
penguin
seal
cow
pig
donkey
llama
fox
gerbil
kangaroo
panda
eel
tiger
lion
raccoon
polar bear
rat
mouse
elephant
meerkat
monkey
gorilla
chimpanzee
ant
bee
frog
koala",mongoose,0.0,sloth,,False,True,0,,iterative,6217127487507130000,butterfly,False
01KEZ12BH8TNQ12KCEH4D0564Y,37,meta-llama/Llama-3.3-70B-Instruct-Turbo,animals,"dog
cat
rabbit
zebra
goldfish
crab
hamster
emu
horse
penguin
seal
cow
pig
donkey
llama
fox
gerbil
kangaroo
panda
eel
tiger
lion
raccoon
polar bear
rat
mouse
elephant
meerkat
monkey
gorilla
chimpanzee
ant
bee
frog
koala
mongoose",newt,0.0,snake,,False,True,0,,iterative,15976950552201882000,caterpillar,False
01KEZ12BH8TNQ12KCEH4D0564Y,38,meta-llama/Llama-3.3-70B-Instruct-Turbo,animals,"dog
cat
rabbit
zebra
goldfish
crab
hamster
emu
horse
penguin
seal
cow
pig
donkey
llama
fox
gerbil
kangaroo
panda
eel
tiger
lion
raccoon
polar bear
rat
mouse
elephant
meerkat
monkey
gorilla
chimpanzee
ant
bee
frog
koala
mongoose
newt",octopus,0.0,salamander,,False,True,0,,iterative,4759741924844314000,lizard,False
01KEZ12BH8TNQ12KCEH4D0564Y,39,meta-llama/Llama-3.3-70B-Instruct-Turbo,animals,"dog
cat
rabbit
zebra
goldfish
crab
hamster
emu
horse
penguin
seal
cow
pig
donkey
llama
fox
gerbil
kangaroo
panda
eel
tiger
lion
raccoon
polar bear
rat
mouse
elephant
meerkat
monkey
gorilla
chimpanzee
ant
bee
frog
koala
mongoose
newt
octopus",reindeer,0.0,salamander,,False,True,0,,iterative,1628458029594239700,squid,False
01KEZ12BH8TNQ12KCEH4D0564Y,40,meta-llama/Llama-3.3-70B-Instruct-Turbo,animals,"dog
cat
rabbit
zebra
goldfish
crab
hamster
emu
horse
penguin
seal
cow
pig
donkey
llama
fox
gerbil
kangaroo
panda
eel
tiger
lion
raccoon
polar bear
rat
mouse
elephant
meerkat
monkey
gorilla
chimpanzee
ant
bee
frog
koala
mongoose
newt
octopus
reindeer",toad,0.0,squirrel,,False,True,0,,iterative,11924973682485928000,deer,False
01KEZ12BH8TNQ12KCEH4D0564Y,41,meta-llama/Llama-3.3-70B-Instruct-Turbo,animals,"dog
cat
rabbit
zebra
goldfish
crab
hamster
emu
horse
penguin
seal
cow
pig
donkey
llama
fox
gerbil
kangaroo
panda
eel
tiger
lion
raccoon
polar bear
rat
mouse
elephant
meerkat
monkey
gorilla
chimpanzee
ant
bee
frog
koala
mongoose
newt
octopus
reindeer
toad",owl,0.0,salamander,,False,True,0,,iterative,6477209179373595000,cricket,False
01KFVAS5NKEWASJ2Y0HZA62XRZ,2,meta-llama/Llama-3.3-70B-Instruct-Turbo,animals,dog,cat,0.0,cat,,True,True,0,,iterative,5480445495146313000,puppy,False
01KFVAS5NKEWASJ2Y0HZA62XRZ,3,meta-llama/Llama-3.3-70B-Instruct-Turbo,animals,"dog
cat",lion,1.0,hamster,,False,True,0,,iterative,10081156709839153000,dog,False
01KFVAS5NKEWASJ2Y0HZA62XRZ,4,meta-llama/Llama-3.3-70B-Instruct-Turbo,animals,"dog
cat
lion",leopard,0.0,tiger,,False,True,0,,iterative,9266899267833602000,tiger,False
01KFVAS5NKEWASJ2Y0HZA62XRZ,5,meta-llama/Llama-3.3-70B-Instruct-Turbo,animals,"dog
cat
lion
leopard",fish,1.0,tiger,,False,True,0,,iterative,12201968847556252000,spot,False
01KFVAS5NKEWASJ2Y0HZA62XRZ,6,meta-llama/Llama-3.3-70B-Instruct-Turbo,animals,"dog
cat
lion
leopard
fish",turtle,0.0,tiger,,False,True,0,,iterative,500566289337687700,tank,False
01KFVAS5NKEWASJ2Y0HZA62XRZ,7,meta-llama/Llama-3.3-70B-Instruct-Turbo,animals,"dog
cat
lion
leopard
fish
turtle",eagle,1.0,frog,,False,True,0,,iterative,13453849490164517000,shell,False
01KFVAS5NKEWASJ2Y0HZA62XRZ,8,meta-llama/Llama-3.3-70B-Instruct-Turbo,animals,"dog
cat
lion
leopard
fish
turtle
eagle",canary,0.0,parrot,,False,True,0,,iterative,7411905385898922000,wing,False
01KFVAS5NKEWASJ2Y0HZA62XRZ,9,meta-llama/Llama-3.3-70B-Instruct-Turbo,animals,"dog
cat
lion
leopard
fish
turtle
eagle
canary",rat,1.0,parrot,,False,True,0,,iterative,13038549919463305000,yellow,False
01KFVAS5NKEWASJ2Y0HZA62XRZ,10,meta-llama/Llama-3.3-70B-Instruct-Turbo,animals,"dog
cat
lion
leopard
fish
turtle
eagle
canary
rat",mouse,0.0,mouse,,True,True,0,,iterative,3867462224768504000,mouse,True
01KFVAS5NKEWASJ2Y0HZA62XRZ,11,meta-llama/Llama-3.3-70B-Instruct-Turbo,animals,"dog
cat
lion
leopard
fish
turtle
eagle
canary
rat
mouse",cockroach,1.0,squirrel,,False,True,0,,iterative,6849503707716556000,cheese,False
01KFVAS5NKEWASJ2Y0HZA62XRZ,12,meta-llama/Llama-3.3-70B-Instruct-Turbo,animals,"dog
cat
lion
leopard
fish
turtle
eagle
canary
rat
mouse
cockroach",beetle,0.0,sparrow,,False,True,0,,iterative,8625362560921708000,insect,False
01KFVAS5NKEWASJ2Y0HZA62XRZ,13,meta-llama/Llama-3.3-70B-Instruct-Turbo,animals,"dog
cat
lion
leopard
fish
turtle
eagle
canary
rat
mouse
cockroach
beetle",fly,0.0,ant,,False,True,0,,iterative,9688261074782024000,antenna,False
01KFVAS5NKEWASJ2Y0HZA62XRZ,14,meta-llama/Llama-3.3-70B-Instruct-Turbo,animals,"dog
cat
lion
leopard
fish
turtle
eagle
canary
rat
mouse
cockroach
beetle
fly",butterfly,0.0,butterfly,,True,True,0,,iterative,1084632867791037300,wasp,False
01KFVAS5NKEWASJ2Y0HZA62XRZ,15,meta-llama/Llama-3.3-70B-Instruct-Turbo,animals,"dog
cat
lion
leopard
fish
turtle
eagle
canary
rat
mouse
cockroach
beetle
fly
butterfly",mosquito,0.0,bee,,False,True,0,,iterative,12174965316314847000,insect,False
01KFVAS5NKEWASJ2Y0HZA62XRZ,16,meta-llama/Llama-3.3-70B-Instruct-Turbo,animals,"dog
cat
lion
leopard
fish
turtle
eagle
canary
rat
mouse
cockroach
beetle
fly
butterfly
mosquito",fox,1.0,bee,,False,True,0,,iterative,4923839830310593000,fly,False
01KFVAS5NKEWASJ2Y0HZA62XRZ,17,meta-llama/Llama-3.3-70B-Instruct-Turbo,animals,"dog
cat
lion
leopard
fish
turtle
eagle
canary
rat
mouse
cockroach
beetle
fly
butterfly
mosquito
fox",wolf,0.0,wolf,,True,True,0,,iterative,11018361606250019000,cat,False
01KFVAS5NKEWASJ2Y0HZA62XRZ,18,meta-llama/Llama-3.3-70B-Instruct-Turbo,animals,"dog
cat
lion
leopard
fish
turtle
eagle
canary
rat
mouse
cockroach
beetle
fly
butterfly
mosquito
fox
wolf",whale,1.0,bear,,False,True,0,,iterative,17449507031759104000,cat,False
01KFVAS5NKEWASJ2Y0HZA62XRZ,19,meta-llama/Llama-3.3-70B-Instruct-Turbo,animals,"dog
cat
lion
leopard
fish
turtle
eagle
canary
rat
mouse
cockroach
beetle
fly
butterfly
mosquito
fox
wolf
whale",seagull,1.0,shark,,False,True,0,,iterative,952701707062928400,dolphin,False
01KFVAS5NKEWASJ2Y0HZA62XRZ,20,meta-llama/Llama-3.3-70B-Instruct-Turbo,animals,"dog
cat
lion
leopard
fish
turtle
eagle
canary
rat
mouse
cockroach
beetle
fly
butterfly
mosquito
fox
wolf
whale
seagull",clam,1.0,dolphin,,False,True,0,,iterative,12446968598993607000,bird,False
01KFVAS5NKEWASJ2Y0HZA62XRZ,21,meta-llama/Llama-3.3-70B-Instruct-Turbo,animals,"dog
cat
lion
leopard
fish
turtle
eagle
canary
rat
mouse
cockroach
beetle
fly
butterfly
mosquito
fox
wolf
whale
seagull
clam",mussel,0.0,octopus,,False,True,0,,iterative,7496531046208351000,shell,False
01KFVAS5NKEWASJ2Y0HZA62XRZ,22,meta-llama/Llama-3.3-70B-Instruct-Turbo,animals,"dog
cat
lion
leopard
fish
turtle
eagle
canary
rat
mouse
cockroach
beetle
fly
butterfly
mosquito
fox
wolf
whale
seagull
clam
mussel",coral,0.0,oyster,,False,True,0,,iterative,11415039445632344000,prawn,False
01KFVAS5NKEWASJ2Y0HZA62XRZ,23,meta-llama/Llama-3.3-70B-Instruct-Turbo,animals,"dog
cat
lion
leopard
fish
turtle
eagle
canary
rat
mouse
cockroach
beetle
fly
butterfly
mosquito
fox
wolf
whale
seagull
clam
mussel
coral",chinchilla,1.0,jellyfish,,False,True,0,,iterative,982266574587985000,sand,False
01KFVAS5NKEWASJ2Y0HZA62XRZ,24,meta-llama/Llama-3.3-70B-Instruct-Turbo,animals,"dog
cat
lion
leopard
fish
turtle
eagle
canary
rat
mouse
cockroach
beetle
fly
butterfly
mosquito
fox
wolf
whale
seagull
clam
mussel
coral
chinchilla",leopardgecko,1.0,squirrel,,False,True,0,,iterative,4376405419455553000,hamster,False
01KFVAS5NKEWASJ2Y0HZA62XRZ,25,meta-llama/Llama-3.3-70B-Instruct-Turbo,animals,"dog
cat
lion
leopard
fish
turtle
eagle
canary
rat
mouse
cockroach
beetle
fly
butterfly
mosquito
fox
wolf
whale
seagull
clam
mussel
coral
chinchilla
leopard gecko",boaconstrictor,1.0,iguana,,False,True,0,,iterative,489599020771646900,lizard,False
01KFVAS5NKEWASJ2Y0HZA62XRZ,26,meta-llama/Llama-3.3-70B-Instruct-Turbo,animals,"dog
cat
lion
leopard
fish
turtle
eagle
canary
rat
mouse
cockroach
beetle
fly
butterfly
mosquito
fox
wolf
whale
seagull
clam
mussel
coral
chinchilla
leopard gecko
boa constrictor",rattlesnake,0.0,frog,,False,True,0,,iterative,8407801723034052000,snake,False
01KFVAS5NKEWASJ2Y0HZA62XRZ,27,meta-llama/Llama-3.3-70B-Instruct-Turbo,animals,"dog
cat
lion
leopard
fish
turtle
eagle
canary
rat
mouse
cockroach
beetle
fly
butterfly
mosquito
fox
wolf
whale
seagull
clam
mussel
coral
chinchilla
leopard gecko
boa constrictor
rattlesnake",toad,1.0,frog,,False,True,0,,iterative,14005330532652202000,cobra,False
01KFVAS5NKEWASJ2Y0HZA62XRZ,28,meta-llama/Llama-3.3-70B-Instruct-Turbo,animals,"dog
cat
lion
leopard
fish
turtle
eagle
canary
rat
mouse
cockroach
beetle
fly
butterfly
mosquito
fox
wolf
whale
seagull
clam
mussel
coral
chinchilla
leopard gecko
boa constrictor
rattlesnake
toad",elephant,1.0,frog,,False,True,0,,iterative,16711299063834192000,frog,False
01KFVAS5NKEWASJ2Y0HZA62XRZ,29,meta-llama/Llama-3.3-70B-Instruct-Turbo,animals,"dog
cat
lion
leopard
fish
turtle
eagle
canary
rat
mouse
cockroach
beetle
fly
butterfly
mosquito
fox
wolf
whale
seagull
clam
mussel
coral
chinchilla
leopard gecko
boa constrictor
rattlesnake
toad
elephant",giraffe,0.0,giraffe,,True,True,0,,iterative,8705319564487535000,trunk,False
01KFVAS5NKEWASJ2Y0HZA62XRZ,30,meta-llama/Llama-3.3-70B-Instruct-Turbo,animals,"dog
cat
lion
leopard
fish
turtle
eagle
canary
rat
mouse
cockroach
beetle
fly
butterfly
mosquito
fox
wolf
whale
seagull
clam
mussel
coral
chinchilla
leopard gecko
boa constrictor
rattlesnake
toad
elephant
giraffe",coyote,1.0,zebra,,False,True,0,,iterative,15665309087294798000,gentle,False
01KFVAS5NKEWASJ2Y0HZA62XRZ,31,meta-llama/Llama-3.3-70B-Instruct-Turbo,animals,"dog
cat
lion
leopard
fish
turtle
eagle
canary
rat
mouse
cockroach
beetle
fly
butterfly
mosquito
fox
wolf
whale
seagull
clam
mussel
coral
chinchilla
leopard gecko
boa constrictor
rattlesnake
toad
elephant
giraffe
coyote",rabbit,0.0,hyena,,False,True,0,,iterative,6709641372057142000,cat,False
01KFVAS5NKEWASJ2Y0HZA62XRZ,32,meta-llama/Llama-3.3-70B-Instruct-Turbo,animals,"dog
cat
lion
leopard
fish
turtle
eagle
canary
rat
mouse
cockroach
beetle
fly
butterfly
mosquito
fox
wolf
whale
seagull
clam
mussel
coral
chinchilla
leopard gecko
boa constrictor
rattlesnake
toad
elephant
giraffe
coyote
rabbit",squirrel,0.0,squirrel,,True,True,0,,iterative,4930274120173444000,pet,False
01KFVAS5NKEWASJ2Y0HZA62XRZ,33,meta-llama/Llama-3.3-70B-Instruct-Turbo,animals,"dog
cat
lion
leopard
fish
turtle
eagle
canary
rat
mouse
cockroach
beetle
fly
butterfly
mosquito
fox
wolf
whale
seagull
clam
mussel
coral
chinchilla
leopard gecko
boa constrictor
rattlesnake
toad
elephant
giraffe
coyote
rabbit
squirrel",mockingbird,1.0,chipmunk,,False,True,0,,iterative,12986262334355575000,nut,False
01KFVAS5NKEWASJ2Y0HZA62XRZ,34,meta-llama/Llama-3.3-70B-Instruct-Turbo,animals,"dog
cat
lion
leopard
fish
turtle
eagle
canary
rat
mouse
cockroach
beetle
fly
butterfly
mosquito
fox
wolf
whale
seagull
clam
mussel
coral
chinchilla
leopard gecko
boa constrictor
rattlesnake
toad
elephant
giraffe
coyote
rabbit
squirrel
mockingbird",wren,0.0,sparrow,,False,True,0,,iterative,15261392648983085000,canary,False
01KFVAS5NKEWASJ2Y0HZA62XRZ,35,meta-llama/Llama-3.3-70B-Instruct-Turbo,animals,"dog
cat
lion
leopard
fish
turtle
eagle
canary
rat
mouse
cockroach
beetle
fly
butterfly
mosquito
fox
wolf
whale
seagull
clam
mussel
coral
chinchilla
leopard gecko
boa constrictor
rattlesnake
toad
elephant
giraffe
coyote
rabbit
squirrel
mockingbird
wren",heron,0.0,sparrow,,False,True,0,,iterative,9182930222349189000,dove,False
01KFVAS5NKEWASJ2Y0HZA62XRZ,36,meta-llama/Llama-3.3-70B-Instruct-Turbo,animals,"dog
cat
lion
leopard
fish
turtle
eagle
canary
rat
mouse
cockroach
beetle
fly
butterfly
mosquito
fox
wolf
whale
seagull
clam
mussel
coral
chinchilla
leopard gecko
boa constrictor
rattlesnake
toad
elephant
giraffe
coyote
rabbit
squirrel
mockingbird
wren
heron",swan,0.0,sparrow,,False,True,0,,iterative,5033988151026699000,eagle,False
01KFVAS5NKEWASJ2Y0HZA62XRZ,37,meta-llama/Llama-3.3-70B-Instruct-Turbo,animals,"dog
cat
lion
leopard
fish
turtle
eagle
canary
rat
mouse
cockroach
beetle
fly
butterfly
mosquito
fox
wolf
whale
seagull
clam
mussel
coral
chinchilla
leopard gecko
boa constrictor
rattlesnake
toad
elephant
giraffe
coyote
rabbit
squirrel
mockingbird
wren
heron
swan",goose,1.0,duck,,False,True,0,,iterative,16409489775980935000,duck,False
01KFVAS5NKEWASJ2Y0HZA62XRZ,38,meta-llama/Llama-3.3-70B-Instruct-Turbo,animals,"dog
cat
lion
leopard
fish
turtle
eagle
canary
rat
mouse
cockroach
beetle
fly
butterfly
mosquito
fox
wolf
whale
seagull
clam
mussel
coral
chinchilla
leopard gecko
boa constrictor
rattlesnake
toad
elephant
giraffe
coyote
rabbit
squirrel
mockingbird
wren
heron
swan
goose",duck,0.0,duck,,True,True,0,,iterative,6825109373087031000,duck,True
01KFVAS5NKEWASJ2Y0HZA62XRZ,39,meta-llama/Llama-3.3-70B-Instruct-Turbo,animals,"dog
cat
lion
leopard
fish
turtle
eagle
canary
rat
mouse
cockroach
beetle
fly
butterfly
mosquito
fox
wolf
whale
seagull
clam
mussel
coral
chinchilla
leopard gecko
boa constrictor
rattlesnake
toad
elephant
giraffe
coyote
rabbit
squirrel
mockingbird
wren
heron
swan
goose
duck",crab,1.0,turkey,,False,True,0,,iterative,10736375634915045000,swan,False
01KFVAS5NKEWASJ2Y0HZA62XRZ,40,meta-llama/Llama-3.3-70B-Instruct-Turbo,animals,"dog
cat
lion
leopard
fish
turtle
eagle
canary
rat
mouse
cockroach
beetle
fly
butterfly
mosquito
fox
wolf
whale
seagull
clam
mussel
coral
chinchilla
leopard gecko
boa constrictor
rattlesnake
toad
elephant
giraffe
coyote
rabbit
squirrel
mockingbird
wren
heron
swan
goose
duck
crab",monkey,1.0,shrimp,,False,True,0,,iterative,10585297011738510000,shrimp,False
01KFVAS5NKEWASJ2Y0HZA62XRZ,41,meta-llama/Llama-3.3-70B-Instruct-Turbo,animals,"dog
cat
lion
leopard
fish
turtle
eagle
canary
rat
mouse
cockroach
beetle
fly
butterfly
mosquito
fox
wolf
whale
seagull
clam
mussel
coral
chinchilla
leopard gecko
boa constrictor
rattlesnake
toad
elephant
giraffe
coyote
rabbit
squirrel
mockingbird
wren
heron
swan
goose
duck
crab
monkey",ape,0.0,lemur,,False,True,0,,iterative,3391292606130226700,ape,True
01KFVAS5NKEWASJ2Y0HZA62XRZ,42,meta-llama/Llama-3.3-70B-Instruct-Turbo,animals,"dog
cat
lion
leopard
fish
turtle
eagle
canary
rat
mouse
cockroach
beetle
fly
butterfly
mosquito
fox
wolf
whale
seagull
clam
mussel
coral
chinchilla
leopard gecko
boa constrictor
rattlesnake
toad
elephant
giraffe
coyote
rabbit
squirrel
mockingbird
wren
heron
swan
goose
duck
crab
monkey
ape",gorilla,0.0,gorilla,,True,True,0,,iterative,3072233248921762300,banana,False
01KFVAS5NKEWASJ2Y0HZA62XRZ,43,meta-llama/Llama-3.3-70B-Instruct-Turbo,animals,"dog
cat
lion
leopard
fish
turtle
eagle
canary
rat
mouse
cockroach
beetle
fly
butterfly
mosquito
fox
wolf
whale
seagull
clam
mussel
coral
chinchilla
leopard gecko
boa constrictor
rattlesnake
toad
elephant
giraffe
coyote
rabbit
squirrel
mockingbird
wren
heron
swan
goose
duck
crab
monkey
ape
gorilla",human,0.0,chimpanzee,,False,True,0,,iterative,3377503009292939300,ape,False
01KFVAS5NKEWASJ2Y0HZA62XRZ,44,meta-llama/Llama-3.3-70B-Instruct-Turbo,animals,"dog
cat
lion
leopard
fish
turtle
eagle
canary
rat
mouse
cockroach
beetle
fly
butterfly
mosquito
fox
wolf
whale
seagull
clam
mussel
coral
chinchilla
leopard gecko
boa constrictor
rattlesnake
toad
elephant
giraffe
coyote
rabbit
squirrel
mockingbird
wren
heron
swan
goose
duck
crab
monkey
ape
gorilla
human",horse,1.0,chimpanzee,,False,True,0,,iterative,7812836193600782000,man,False
01KFVAS5NKEWASJ2Y0HZA62XRZ,45,meta-llama/Llama-3.3-70B-Instruct-Turbo,animals,"dog
cat
lion
leopard
fish
turtle
eagle
canary
rat
mouse
cockroach
beetle
fly
butterfly
mosquito
fox
wolf
whale
seagull
clam
mussel
coral
chinchilla
leopard gecko
boa constrictor
rattlesnake
toad
elephant
giraffe
coyote
rabbit
squirrel
mockingbird
wren
heron
swan
goose
duck
crab
monkey
ape
gorilla
human
horse",donkey,0.0,donkey,,True,True,0,,iterative,5860731687442064000,pony,False
01KFVB0CGZR4Z2DAKY95TA2X1C,2,meta-llama/Llama-3.3-70B-Instruct-Turbo,animals,dog,cat,0.0,cat,,True,True,0,,iterative,754381637794515100,cat,True
01KFVB0CGZR4Z2DAKY95TA2X1C,3,meta-llama/Llama-3.3-70B-Instruct-Turbo,animals,"dog
cat",fish,1.0,hamster,,False,True,0,,iterative,3778138102966263300,mouse,False
01KFVB0CGZR4Z2DAKY95TA2X1C,4,meta-llama/Llama-3.3-70B-Instruct-Turbo,animals,"dog
cat
fish",squirrel,1.0,bird,,False,True,0,,iterative,13644182330429485000,bowl,False
01KFVB0CGZR4Z2DAKY95TA2X1C,5,meta-llama/Llama-3.3-70B-Instruct-Turbo,animals,"dog
cat
fish
squirrel",rabbit,0.0,bird,,False,True,0,,iterative,9561198104190941000,nut,False
01KFVB0CGZR4Z2DAKY95TA2X1C,6,meta-llama/Llama-3.3-70B-Instruct-Turbo,animals,"dog
cat
fish
squirrel
rabbit",monkey,1.0,hamster,,False,True,0,,iterative,10426197170274148000,baby,False
01KFVB0CGZR4Z2DAKY95TA2X1C,7,meta-llama/Llama-3.3-70B-Instruct-Turbo,animals,"dog
cat
fish
squirrel
rabbit
monkey",ape,1.0,bear,,False,True,0,,iterative,15857354525687632000,nut,False
01KFVB0CGZR4Z2DAKY95TA2X1C,8,meta-llama/Llama-3.3-70B-Instruct-Turbo,animals,"dog
cat
fish
squirrel
rabbit
monkey
ape",gorilla,0.0,gorilla,,True,True,0,,iterative,626383319231770100,tree,False
01KFVB0CGZR4Z2DAKY95TA2X1C,9,meta-llama/Llama-3.3-70B-Instruct-Turbo,animals,"dog
cat
fish
squirrel
rabbit
monkey
ape
gorilla",horse,1.0,leopard,,False,True,0,,iterative,8837354936431251000,chimpanzee,False
01KFVB0CGZR4Z2DAKY95TA2X1C,10,meta-llama/Llama-3.3-70B-Instruct-Turbo,animals,"dog
cat
fish
squirrel
rabbit
monkey
ape
gorilla
horse",donkey,0.0,donkey,,True,True,0,,iterative,15799171589651442000,pig,False
01KFVB0CGZR4Z2DAKY95TA2X1C,11,meta-llama/Llama-3.3-70B-Instruct-Turbo,animals,"dog
cat
fish
squirrel
rabbit
monkey
ape
gorilla
horse
donkey",mule,0.0,mule,,True,True,0,,iterative,11254704900973240000,llama,False
01KFVB0CGZR4Z2DAKY95TA2X1C,12,meta-llama/Llama-3.3-70B-Instruct-Turbo,animals,"dog
cat
fish
squirrel
rabbit
monkey
ape
gorilla
horse
donkey
mule",cow,0.0,zebra,,False,True,0,,iterative,4341711857454145000,shoe,False
01KFVB0CGZR4Z2DAKY95TA2X1C,13,meta-llama/Llama-3.3-70B-Instruct-Turbo,animals,"dog
cat
fish
squirrel
rabbit
monkey
ape
gorilla
horse
donkey
mule
cow",bull,0.0,pig,,False,True,0,,iterative,2883356767901818000,pig,False
01KFVB0CGZR4Z2DAKY95TA2X1C,14,meta-llama/Llama-3.3-70B-Instruct-Turbo,animals,"dog
cat
fish
squirrel
rabbit
monkey
ape
gorilla
horse
donkey
mule
cow
bull",steer,0.0,pig,,False,True,0,,iterative,10358849791279639000,dog,False
01KFVB0CGZR4Z2DAKY95TA2X1C,15,meta-llama/Llama-3.3-70B-Instruct-Turbo,animals,"dog
cat
fish
squirrel
rabbit
monkey
ape
gorilla
horse
donkey
mule
cow
bull
steer",pig,0.0,pig,,True,True,0,,iterative,9473274743274045000,elk,False
01KFVB0CGZR4Z2DAKY95TA2X1C,16,meta-llama/Llama-3.3-70B-Instruct-Turbo,animals,"dog
cat
fish
squirrel
rabbit
monkey
ape
gorilla
horse
donkey
mule
cow
bull
steer
pig",hog,0.0,sheep,,False,True,0,,iterative,3799016069368810500,chicken,False
01KFVB0CGZR4Z2DAKY95TA2X1C,17,meta-llama/Llama-3.3-70B-Instruct-Turbo,animals,"dog
cat
fish
squirrel
rabbit
monkey
ape
gorilla
horse
donkey
mule
cow
bull
steer
pig
hog",chicken,0.0,sheep,,False,True,0,,iterative,12503902678942636000,roast,False
01KFVB0CGZR4Z2DAKY95TA2X1C,18,meta-llama/Llama-3.3-70B-Instruct-Turbo,animals,"dog
cat
fish
squirrel
rabbit
monkey
ape
gorilla
horse
donkey
mule
cow
bull
steer
pig
hog
chicken",hen,0.0,sheep,,False,True,0,,iterative,141750276783604960,egg,False
01KFVB0CGZR4Z2DAKY95TA2X1C,19,meta-llama/Llama-3.3-70B-Instruct-Turbo,animals,"dog
cat
fish
squirrel
rabbit
monkey
ape
gorilla
horse
donkey
mule
cow
bull
steer
pig
hog
chicken
hen",rooster,0.0,turkey,,False,True,0,,iterative,11440355947737557000,cock,False
01KFVB0CGZR4Z2DAKY95TA2X1C,20,meta-llama/Llama-3.3-70B-Instruct-Turbo,animals,"dog
cat
fish
squirrel
rabbit
monkey
ape
gorilla
horse
donkey
mule
cow
bull
steer
pig
hog
chicken
hen
rooster",cricket,1.0,turkey,,False,True,0,,iterative,17254089400576231000,barn,False
01KFVB0CGZR4Z2DAKY95TA2X1C,21,meta-llama/Llama-3.3-70B-Instruct-Turbo,animals,"dog
cat
fish
squirrel
rabbit
monkey
ape
gorilla
horse
donkey
mule
cow
bull
steer
pig
hog
chicken
hen
rooster
cricket",lamb,1.0,duck,,False,True,0,,iterative,6469445228919469000,ball,False
01KFVB0CGZR4Z2DAKY95TA2X1C,22,meta-llama/Llama-3.3-70B-Instruct-Turbo,animals,"dog
cat
fish
squirrel
rabbit
monkey
ape
gorilla
horse
donkey
mule
cow
bull
steer
pig
hog
chicken
hen
rooster
cricket
lamb",goat,0.0,sheep,,False,True,0,,iterative,7312959717038154000,sheep,False
01KFVB0CGZR4Z2DAKY95TA2X1C,23,meta-llama/Llama-3.3-70B-Instruct-Turbo,animals,"dog
cat
fish
squirrel
rabbit
monkey
ape
gorilla
horse
donkey
mule
cow
bull
steer
pig
hog
chicken
hen
rooster
cricket
lamb
goat",lion,1.0,sheep,,False,True,0,,iterative,13002518237632244000,camel,False
01KFVB0CGZR4Z2DAKY95TA2X1C,24,meta-llama/Llama-3.3-70B-Instruct-Turbo,animals,"dog
cat
fish
squirrel
rabbit
monkey
ape
gorilla
horse
donkey
mule
cow
bull
steer
pig
hog
chicken
hen
rooster
cricket
lamb
goat
lion",tiger,0.0,tiger,,True,True,0,,iterative,542546614837507460,tiger,True
01KFVB0CGZR4Z2DAKY95TA2X1C,25,meta-llama/Llama-3.3-70B-Instruct-Turbo,animals,"dog
cat
fish
squirrel
rabbit
monkey
ape
gorilla
horse
donkey
mule
cow
bull
steer
pig
hog
chicken
hen
rooster
cricket
lamb
goat
lion
tiger",panther,0.0,leopard,,False,True,0,,iterative,753437189884658200,leopard,False
01KFVB0CGZR4Z2DAKY95TA2X1C,26,meta-llama/Llama-3.3-70B-Instruct-Turbo,animals,"dog
cat
fish
squirrel
rabbit
monkey
ape
gorilla
horse
donkey
mule
cow
bull
steer
pig
hog
chicken
hen
rooster
cricket
lamb
goat
lion
tiger
panther",whale,1.0,leopard,,False,True,0,,iterative,17169445177734900000,zebra,False
01KFVB0CGZR4Z2DAKY95TA2X1C,27,meta-llama/Llama-3.3-70B-Instruct-Turbo,animals,"dog
cat
fish
squirrel
rabbit
monkey
ape
gorilla
horse
donkey
mule
cow
bull
steer
pig
hog
chicken
hen
rooster
cricket
lamb
goat
lion
tiger
panther
whale",dolphin,0.0,shark,,False,True,0,,iterative,12510943253086988000,dolphin,True
01KFVB0CGZR4Z2DAKY95TA2X1C,28,meta-llama/Llama-3.3-70B-Instruct-Turbo,animals,"dog
cat
fish
squirrel
rabbit
monkey
ape
gorilla
horse
donkey
mule
cow
bull
steer
pig
hog
chicken
hen
rooster
cricket
lamb
goat
lion
tiger
panther
whale
dolphin",seal,0.0,shark,,False,True,0,,iterative,11475499248025820000,whale,False
01KFVB0CGZR4Z2DAKY95TA2X1C,29,meta-llama/Llama-3.3-70B-Instruct-Turbo,animals,"dog
cat
fish
squirrel
rabbit
monkey
ape
gorilla
horse
donkey
mule
cow
bull
steer
pig
hog
chicken
hen
rooster
cricket
lamb
goat
lion
tiger
panther
whale
dolphin
seal",manatee,0.0,walrus,,False,True,0,,iterative,13559873587209896000,sea lion,False
01KFVB0CGZR4Z2DAKY95TA2X1C,30,meta-llama/Llama-3.3-70B-Instruct-Turbo,animals,"dog
cat
fish
squirrel
rabbit
monkey
ape
gorilla
horse
donkey
mule
cow
bull
steer
pig
hog
chicken
hen
rooster
cricket
lamb
goat
lion
tiger
panther
whale
dolphin
seal
manatee",hyena,1.0,walrus,,False,True,0,,iterative,16907030382123581000,elephant,False
01KFVB0CGZR4Z2DAKY95TA2X1C,31,meta-llama/Llama-3.3-70B-Instruct-Turbo,animals,"dog
cat
fish
squirrel
rabbit
monkey
ape
gorilla
horse
donkey
mule
cow
bull
steer
pig
hog
chicken
hen
rooster
cricket
lamb
goat
lion
tiger
panther
whale
dolphin
seal
manatee
hyena",badger,0.0,leopard,,False,True,0,,iterative,8107242713009805000,fox,False
01KFVB0CGZR4Z2DAKY95TA2X1C,32,meta-llama/Llama-3.3-70B-Instruct-Turbo,animals,"dog
cat
fish
squirrel
rabbit
monkey
ape
gorilla
horse
donkey
mule
cow
bull
steer
pig
hog
chicken
hen
rooster
cricket
lamb
goat
lion
tiger
panther
whale
dolphin
seal
manatee
hyena
badger",elk,1.0,wolverine,,False,True,0,,iterative,11551667283186848000,zebra,False
01KFVB0CGZR4Z2DAKY95TA2X1C,33,meta-llama/Llama-3.3-70B-Instruct-Turbo,animals,"dog
cat
fish
squirrel
rabbit
monkey
ape
gorilla
horse
donkey
mule
cow
bull
steer
pig
hog
chicken
hen
rooster
cricket
lamb
goat
lion
tiger
panther
whale
dolphin
seal
manatee
hyena
badger
elk",moose,0.0,moose,,True,True,0,,iterative,17914682322209698000,deer,False
01KFVB0CGZR4Z2DAKY95TA2X1C,34,meta-llama/Llama-3.3-70B-Instruct-Turbo,animals,"dog
cat
fish
squirrel
rabbit
monkey
ape
gorilla
horse
donkey
mule
cow
bull
steer
pig
hog
chicken
hen
rooster
cricket
lamb
goat
lion
tiger
panther
whale
dolphin
seal
manatee
hyena
badger
elk
moose",blackbear,0.0,deer,,False,True,0,,iterative,10683659915257025000,elk,False
01KFVB0CGZR4Z2DAKY95TA2X1C,35,meta-llama/Llama-3.3-70B-Instruct-Turbo,animals,"dog
cat
fish
squirrel
rabbit
monkey
ape
gorilla
horse
donkey
mule
cow
bull
steer
pig
hog
chicken
hen
rooster
cricket
lamb
goat
lion
tiger
panther
whale
dolphin
seal
manatee
hyena
badger
elk
moose
black bear",brownbear,0.0,grizzlybear,,False,True,0,,iterative,347436216074749500,brown bear,True
01KFVB0CGZR4Z2DAKY95TA2X1C,36,meta-llama/Llama-3.3-70B-Instruct-Turbo,animals,"dog
cat
fish
squirrel
rabbit
monkey
ape
gorilla
horse
donkey
mule
cow
bull
steer
pig
hog
chicken
hen
rooster
cricket
lamb
goat
lion
tiger
panther
whale
dolphin
seal
manatee
hyena
badger
elk
moose
black bear
brown bear",grizzlybear,0.0,grizzlybear,,True,True,0,,iterative,17326552509803844000,polar bear,False
01KFVB0CGZR4Z2DAKY95TA2X1C,37,meta-llama/Llama-3.3-70B-Instruct-Turbo,animals,"dog
cat
fish
squirrel
rabbit
monkey
ape
gorilla
horse
donkey
mule
cow
bull
steer
pig
hog
chicken
hen
rooster
cricket
lamb
goat
lion
tiger
panther
whale
dolphin
seal
manatee
hyena
badger
elk
moose
black bear
brown bear
grizzly bear",wolverine,0.0,polarbear,,False,True,0,,iterative,1783036248049034200,polar bear,False
01KFVB0CGZR4Z2DAKY95TA2X1C,38,meta-llama/Llama-3.3-70B-Instruct-Turbo,animals,"dog
cat
fish
squirrel
rabbit
monkey
ape
gorilla
horse
donkey
mule
cow
bull
steer
pig
hog
chicken
hen
rooster
cricket
lamb
goat
lion
tiger
panther
whale
dolphin
seal
manatee
hyena
badger
elk
moose
black bear
brown bear
grizzly bear
wolverine",bobcat,1.0,raccoon,,False,True,0,,iterative,11901439952039508000,wolf,False
01KFVB0CGZR4Z2DAKY95TA2X1C,39,meta-llama/Llama-3.3-70B-Instruct-Turbo,animals,"dog
cat
fish
squirrel
rabbit
monkey
ape
gorilla
horse
donkey
mule
cow
bull
steer
pig
hog
chicken
hen
rooster
cricket
lamb
goat
lion
tiger
panther
whale
dolphin
seal
manatee
hyena
badger
elk
moose
black bear
brown bear
grizzly bear
wolverine
bobcat",mountainlion,0.0,lynx,,False,True,0,,iterative,4896361726574246000,meerkat,False
01KFVB0CGZR4Z2DAKY95TA2X1C,40,meta-llama/Llama-3.3-70B-Instruct-Turbo,animals,"dog
cat
fish
squirrel
rabbit
monkey
ape
gorilla
horse
donkey
mule
cow
bull
steer
pig
hog
chicken
hen
rooster
cricket
lamb
goat
lion
tiger
panther
whale
dolphin
seal
manatee
hyena
badger
elk
moose
black bear
brown bear
grizzly bear
wolverine
bobcat
mountain lion",eagle,1.0,lynx,,False,True,0,,iterative,3440639821061719000,goat,False
01KFVB0CGZR4Z2DAKY95TA2X1C,41,meta-llama/Llama-3.3-70B-Instruct-Turbo,animals,"dog
cat
fish
squirrel
rabbit
monkey
ape
gorilla
horse
donkey
mule
cow
bull
steer
pig
hog
chicken
hen
rooster
cricket
lamb
goat
lion
tiger
panther
whale
dolphin
seal
manatee
hyena
badger
elk
moose
black bear
brown bear
grizzly bear
wolverine
bobcat
mountain lion
eagle",hawk,0.0,hawk,,True,True,0,,iterative,6850615327005749000,ostrich,False
01KFVB0CGZR4Z2DAKY95TA2X1C,42,meta-llama/Llama-3.3-70B-Instruct-Turbo,animals,"dog
cat
fish
squirrel
rabbit
monkey
ape
gorilla
horse
donkey
mule
cow
bull
steer
pig
hog
chicken
hen
rooster
cricket
lamb
goat
lion
tiger
panther
whale
dolphin
seal
manatee
hyena
badger
elk
moose
black bear
brown bear
grizzly bear
wolverine
bobcat
mountain lion
eagle
hawk",salmon,1.0,owl,,False,True,0,,iterative,10915526697101044000,buzzard,False
01KFVB0CGZR4Z2DAKY95TA2X1C,43,meta-llama/Llama-3.3-70B-Instruct-Turbo,animals,"dog
cat
fish
squirrel
rabbit
monkey
ape
gorilla
horse
donkey
mule
cow
bull
steer
pig
hog
chicken
hen
rooster
cricket
lamb
goat
lion
tiger
panther
whale
dolphin
seal
manatee
hyena
badger
elk
moose
black bear
brown bear
grizzly bear
wolverine
bobcat
mountain lion
eagle
hawk
salmon",rat,1.0,trout,,False,True,0,,iterative,463951791963735100,fish,False
01KFVB19T93B4SA3VEXZ5TEC2A,2,meta-llama/Llama-3.3-70B-Instruct-Turbo,animals,koala,dog,0.0,kangaroo,,False,True,0,,iterative,16736152205360382000,kangaroo,False
01KFVB19T93B4SA3VEXZ5TEC2A,3,meta-llama/Llama-3.3-70B-Instruct-Turbo,animals,"koala
dog",cat,0.0,kangaroo,,False,True,0,,iterative,17253811280938955000,cat,True
01KFVB19T93B4SA3VEXZ5TEC2A,4,meta-llama/Llama-3.3-70B-Instruct-Turbo,animals,"koala
dog
cat",tiger,0.0,mouse,,False,True,0,,iterative,8525217509133106000,bird,False
01KFVB19T93B4SA3VEXZ5TEC2A,5,meta-llama/Llama-3.3-70B-Instruct-Turbo,animals,"koala
dog
cat
tiger",elephant,1.0,lion,,False,True,0,,iterative,987204360058104300,lion,False
01KFVB19T93B4SA3VEXZ5TEC2A,6,meta-llama/Llama-3.3-70B-Instruct-Turbo,animals,"koala
dog
cat
tiger
elephant",zebra,0.0,lion,,False,True,0,,iterative,3295741939830521000,lion,False
01KFVB19T93B4SA3VEXZ5TEC2A,7,meta-llama/Llama-3.3-70B-Instruct-Turbo,animals,"koala
dog
cat
tiger
elephant
zebra",dolphin,1.0,giraffe,,False,True,0,,iterative,3573371669812205600,lion,False
01KFVB19T93B4SA3VEXZ5TEC2A,8,meta-llama/Llama-3.3-70B-Instruct-Turbo,animals,"koala
dog
cat
tiger
elephant
zebra
dolphin",bear,1.0,giraffe,,False,True,0,,iterative,7826613061646969000,lion,False
01KFVB19T93B4SA3VEXZ5TEC2A,9,meta-llama/Llama-3.3-70B-Instruct-Turbo,animals,"koala
dog
cat
tiger
elephant
zebra
dolphin
bear",lion,0.0,whale,,False,True,0,,iterative,2496968214248512000,lion,True
01KFVB19T93B4SA3VEXZ5TEC2A,10,meta-llama/Llama-3.3-70B-Instruct-Turbo,animals,"koala
dog
cat
tiger
elephant
zebra
dolphin
bear
lion",kangaroo,0.0,giraffe,,False,True,0,,iterative,2792380750827514000,whale,False
01KFVB19T93B4SA3VEXZ5TEC2A,11,meta-llama/Llama-3.3-70B-Instruct-Turbo,animals,"koala
dog
cat
tiger
elephant
zebra
dolphin
bear
lion
kangaroo",fox,0.0,giraffe,,False,True,0,,iterative,2387949605877513700,horse,False
01KFVB19T93B4SA3VEXZ5TEC2A,12,meta-llama/Llama-3.3-70B-Instruct-Turbo,animals,"koala
dog
cat
tiger
elephant
zebra
dolphin
bear
lion
kangaroo
fox",giraffe,1.0,giraffe,,True,True,0,,iterative,16280389444143845000,horse,False
01KFVB19T93B4SA3VEXZ5TEC2A,13,meta-llama/Llama-3.3-70B-Instruct-Turbo,animals,"koala
dog
cat
tiger
elephant
zebra
dolphin
bear
lion
kangaroo
fox
giraffe",monkey,0.0,monkey,,True,True,0,,iterative,17037114632318687000,horse,False
01KFVB19T93B4SA3VEXZ5TEC2A,14,meta-llama/Llama-3.3-70B-Instruct-Turbo,animals,"koala
dog
cat
tiger
elephant
zebra
dolphin
bear
lion
kangaroo
fox
giraffe
monkey",whale,0.0,panda,,False,True,0,,iterative,7804036841826833000,horse,False
01KFVB19T93B4SA3VEXZ5TEC2A,15,meta-llama/Llama-3.3-70B-Instruct-Turbo,animals,"koala
dog
cat
tiger
elephant
zebra
dolphin
bear
lion
kangaroo
fox
giraffe
monkey
whale",cow,1.0,panda,,False,True,0,,iterative,3007331649258265000,horse,False
01KFVB19T93B4SA3VEXZ5TEC2A,16,meta-llama/Llama-3.3-70B-Instruct-Turbo,animals,"koala
dog
cat
tiger
elephant
zebra
dolphin
bear
lion
kangaroo
fox
giraffe
monkey
whale
cow",camel,0.0,horse,,False,True,0,,iterative,5629010633576772000,horse,False
01KFVB19T93B4SA3VEXZ5TEC2A,17,meta-llama/Llama-3.3-70B-Instruct-Turbo,animals,"koala
dog
cat
tiger
elephant
zebra
dolphin
bear
lion
kangaroo
fox
giraffe
monkey
whale
cow
camel",goat,0.0,horse,,False,True,0,,iterative,5638525558788464000,horse,False
01KFVB19T93B4SA3VEXZ5TEC2A,18,meta-llama/Llama-3.3-70B-Instruct-Turbo,animals,"koala
dog
cat
tiger
elephant
zebra
dolphin
bear
lion
kangaroo
fox
giraffe
monkey
whale
cow
camel
goat",eagle,0.0,sheep,,False,True,0,,iterative,13492391013482428000,horse,False
01KFVB19T93B4SA3VEXZ5TEC2A,19,meta-llama/Llama-3.3-70B-Instruct-Turbo,animals,"koala
dog
cat
tiger
elephant
zebra
dolphin
bear
lion
kangaroo
fox
giraffe
monkey
whale
cow
camel
goat
eagle",parrot,0.0,horse,,False,True,0,,iterative,4688353312780715000,horse,False
01KFVB19T93B4SA3VEXZ5TEC2A,20,meta-llama/Llama-3.3-70B-Instruct-Turbo,animals,"koala
dog
cat
tiger
elephant
zebra
dolphin
bear
lion
kangaroo
fox
giraffe
monkey
whale
cow
camel
goat
eagle
parrot",fish,0.0,horse,,False,True,0,,iterative,6086250349033281000,horse,False
01KFVB19T93B4SA3VEXZ5TEC2A,21,meta-llama/Llama-3.3-70B-Instruct-Turbo,animals,"koala
dog
cat
tiger
elephant
zebra
dolphin
bear
lion
kangaroo
fox
giraffe
monkey
whale
cow
camel
goat
eagle
parrot
fish",bee,0.0,shark,,False,True,0,,iterative,15890439597933898000,horse,False
01KFVB19T93B4SA3VEXZ5TEC2A,22,meta-llama/Llama-3.3-70B-Instruct-Turbo,animals,"koala
dog
cat
tiger
elephant
zebra
dolphin
bear
lion
kangaroo
fox
giraffe
monkey
whale
cow
camel
goat
eagle
parrot
fish
bee",sloth,0.0,butterfly,,False,True,0,,iterative,14554797890564020000,horse,False
01KFVB19T93B4SA3VEXZ5TEC2A,23,meta-llama/Llama-3.3-70B-Instruct-Turbo,animals,"koala
dog
cat
tiger
elephant
zebra
dolphin
bear
lion
kangaroo
fox
giraffe
monkey
whale
cow
camel
goat
eagle
parrot
fish
bee
sloth",bat,0.0,butterfly,,False,True,0,,iterative,13734045866187526000,horse,False
01KFVB19T93B4SA3VEXZ5TEC2A,24,meta-llama/Llama-3.3-70B-Instruct-Turbo,animals,"koala
dog
cat
tiger
elephant
zebra
dolphin
bear
lion
kangaroo
fox
giraffe
monkey
whale
cow
camel
goat
eagle
parrot
fish
bee
sloth
bat",rabbit,1.0,butterfly,,False,True,0,,iterative,3433234386376275500,horse,False
01KFVB19T93B4SA3VEXZ5TEC2A,25,meta-llama/Llama-3.3-70B-Instruct-Turbo,animals,"koala
dog
cat
tiger
elephant
zebra
dolphin
bear
lion
kangaroo
fox
giraffe
monkey
whale
cow
camel
goat
eagle
parrot
fish
bee
sloth
bat
rabbit",squirrel,0.0,horse,,False,True,0,,iterative,5774491438723238000,horse,False
01KFVB19T93B4SA3VEXZ5TEC2A,26,meta-llama/Llama-3.3-70B-Instruct-Turbo,animals,"koala
dog
cat
tiger
elephant
zebra
dolphin
bear
lion
kangaroo
fox
giraffe
monkey
whale
cow
camel
goat
eagle
parrot
fish
bee
sloth
bat
rabbit
squirrel",rat,1.0,hedgehog,,False,True,0,,iterative,13186167731848780000,horse,False
01KFVB19T93B4SA3VEXZ5TEC2A,27,meta-llama/Llama-3.3-70B-Instruct-Turbo,animals,"koala
dog
cat
tiger
elephant
zebra
dolphin
bear
lion
kangaroo
fox
giraffe
monkey
whale
cow
camel
goat
eagle
parrot
fish
bee
sloth
bat
rabbit
squirrel
rat",mouse,0.0,mouse,,True,True,0,,iterative,4423744524459185000,horse,False
01KFVB19T93B4SA3VEXZ5TEC2A,28,meta-llama/Llama-3.3-70B-Instruct-Turbo,animals,"koala
dog
cat
tiger
elephant
zebra
dolphin
bear
lion
kangaroo
fox
giraffe
monkey
whale
cow
camel
goat
eagle
parrot
fish
bee
sloth
bat
rabbit
squirrel
rat
mouse",pig,1.0,horse,,False,True,0,,iterative,13830171880471908000,horse,False
01KFVB19T93B4SA3VEXZ5TEC2A,29,meta-llama/Llama-3.3-70B-Instruct-Turbo,animals,"koala
dog
cat
tiger
elephant
zebra
dolphin
bear
lion
kangaroo
fox
giraffe
monkey
whale
cow
camel
goat
eagle
parrot
fish
bee
sloth
bat
rabbit
squirrel
rat
mouse
pig",sheep,0.0,horse,,False,True,0,,iterative,11621447022415127000,horse,False
01KFVB19T93B4SA3VEXZ5TEC2A,30,meta-llama/Llama-3.3-70B-Instruct-Turbo,animals,"koala
dog
cat
tiger
elephant
zebra
dolphin
bear
lion
kangaroo
fox
giraffe
monkey
whale
cow
camel
goat
eagle
parrot
fish
bee
sloth
bat
rabbit
squirrel
rat
mouse
pig
sheep",donkey,1.0,horse,,False,True,0,,iterative,7112311404904873000,horse,False
01KFVB19T93B4SA3VEXZ5TEC2A,31,meta-llama/Llama-3.3-70B-Instruct-Turbo,animals,"koala
dog
cat
tiger
elephant
zebra
dolphin
bear
lion
kangaroo
fox
giraffe
monkey
whale
cow
camel
goat
eagle
parrot
fish
bee
sloth
bat
rabbit
squirrel
rat
mouse
pig
sheep
donkey",mule,0.0,horse,,False,True,0,,iterative,4893278896932540000,horse,False
01KFVB19T93B4SA3VEXZ5TEC2A,32,meta-llama/Llama-3.3-70B-Instruct-Turbo,animals,"koala
dog
cat
tiger
elephant
zebra
dolphin
bear
lion
kangaroo
fox
giraffe
monkey
whale
cow
camel
goat
eagle
parrot
fish
bee
sloth
bat
rabbit
squirrel
rat
mouse
pig
sheep
donkey
mule",horse,0.0,horse,,True,True,0,,iterative,14905168443154289000,horse,True
01KFVB19T93B4SA3VEXZ5TEC2A,33,meta-llama/Llama-3.3-70B-Instruct-Turbo,animals,"koala
dog
cat
tiger
elephant
zebra
dolphin
bear
lion
kangaroo
fox
giraffe
monkey
whale
cow
camel
goat
eagle
parrot
fish
bee
sloth
bat
rabbit
squirrel
rat
mouse
pig
sheep
donkey
mule
horse",cheetah,0.0,chicken,,False,True,0,,iterative,14539409144554226000,snake,False
01KFVB19T93B4SA3VEXZ5TEC2A,34,meta-llama/Llama-3.3-70B-Instruct-Turbo,animals,"koala
dog
cat
tiger
elephant
zebra
dolphin
bear
lion
kangaroo
fox
giraffe
monkey
whale
cow
camel
goat
eagle
parrot
fish
bee
sloth
bat
rabbit
squirrel
rat
mouse
pig
sheep
donkey
mule
horse
cheetah",jaguar,1.0,hyena,,False,True,0,,iterative,16079759601736276000,leopard,False
01KFVB19T93B4SA3VEXZ5TEC2A,35,meta-llama/Llama-3.3-70B-Instruct-Turbo,animals,"koala
dog
cat
tiger
elephant
zebra
dolphin
bear
lion
kangaroo
fox
giraffe
monkey
whale
cow
camel
goat
eagle
parrot
fish
bee
sloth
bat
rabbit
squirrel
rat
mouse
pig
sheep
donkey
mule
horse
cheetah
jaguar",moose,0.0,leopard,,False,True,0,,iterative,16864533661539115000,leopard,False
01KFVB19T93B4SA3VEXZ5TEC2A,36,meta-llama/Llama-3.3-70B-Instruct-Turbo,animals,"koala
dog
cat
tiger
elephant
zebra
dolphin
bear
lion
kangaroo
fox
giraffe
monkey
whale
cow
camel
goat
eagle
parrot
fish
bee
sloth
bat
rabbit
squirrel
rat
mouse
pig
sheep
donkey
mule
horse
cheetah
jaguar
moose",elk,0.0,wolf,,False,True,0,,iterative,14269117909602960000,leopard,False
01KFVB19T93B4SA3VEXZ5TEC2A,37,meta-llama/Llama-3.3-70B-Instruct-Turbo,animals,"koala
dog
cat
tiger
elephant
zebra
dolphin
bear
lion
kangaroo
fox
giraffe
monkey
whale
cow
camel
goat
eagle
parrot
fish
bee
sloth
bat
rabbit
squirrel
rat
mouse
pig
sheep
donkey
mule
horse
cheetah
jaguar
moose
elk",reindeer,0.0,deer,,False,True,0,,iterative,52829593971977330,deer,False
01KFVB19T93B4SA3VEXZ5TEC2A,38,meta-llama/Llama-3.3-70B-Instruct-Turbo,animals,"koala
dog
cat
tiger
elephant
zebra
dolphin
bear
lion
kangaroo
fox
giraffe
monkey
whale
cow
camel
goat
eagle
parrot
fish
bee
sloth
bat
rabbit
squirrel
rat
mouse
pig
sheep
donkey
mule
horse
cheetah
jaguar
moose
elk
reindeer",porcupine,0.0,deer,,False,True,0,,iterative,3321562262844987000,snake,False
01KFVB19T93B4SA3VEXZ5TEC2A,39,meta-llama/Llama-3.3-70B-Instruct-Turbo,animals,"koala
dog
cat
tiger
elephant
zebra
dolphin
bear
lion
kangaroo
fox
giraffe
monkey
whale
cow
camel
goat
eagle
parrot
fish
bee
sloth
bat
rabbit
squirrel
rat
mouse
pig
sheep
donkey
mule
horse
cheetah
jaguar
moose
elk
reindeer
porcupine",leopard,1.0,raccoon,,False,True,0,,iterative,6863185552201213000,badger,False
01KFVB19T93B4SA3VEXZ5TEC2A,40,meta-llama/Llama-3.3-70B-Instruct-Turbo,animals,"koala
dog
cat
tiger
elephant
zebra
dolphin
bear
lion
kangaroo
fox
giraffe
monkey
whale
cow
camel
goat
eagle
parrot
fish
bee
sloth
bat
rabbit
squirrel
rat
mouse
pig
sheep
donkey
mule
horse
cheetah
jaguar
moose
elk
reindeer
porcupine
leopard",puma,0.0,wolf,,False,True,0,,iterative,15870898546892368000,lynx,False
01KFVB19T93B4SA3VEXZ5TEC2A,41,meta-llama/Llama-3.3-70B-Instruct-Turbo,animals,"koala
dog
cat
tiger
elephant
zebra
dolphin
bear
lion
kangaroo
fox
giraffe
monkey
whale
cow
camel
goat
eagle
parrot
fish
bee
sloth
bat
rabbit
squirrel
rat
mouse
pig
sheep
donkey
mule
horse
cheetah
jaguar
moose
elk
reindeer
porcupine
leopard
puma",seal,1.0,wolf,,False,True,0,,iterative,7493794600261167000,lynx,False
01KFVB19T93B4SA3VEXZ5TEC2A,42,meta-llama/Llama-3.3-70B-Instruct-Turbo,animals,"koala
dog
cat
tiger
elephant
zebra
dolphin
bear
lion
kangaroo
fox
giraffe
monkey
whale
cow
camel
goat
eagle
parrot
fish
bee
sloth
bat
rabbit
squirrel
rat
mouse
pig
sheep
donkey
mule
horse
cheetah
jaguar
moose
elk
reindeer
porcupine
leopard
puma
seal",orca,0.0,wolf,,False,True,0,,iterative,636990611103712400,shark,False
01KFVB19T93B4SA3VEXZ5TEC2A,43,meta-llama/Llama-3.3-70B-Instruct-Turbo,animals,"koala
dog
cat
tiger
elephant
zebra
dolphin
bear
lion
kangaroo
fox
giraffe
monkey
whale
cow
camel
goat
eagle
parrot
fish
bee
sloth
bat
rabbit
squirrel
rat
mouse
pig
sheep
donkey
mule
horse
cheetah
jaguar
moose
elk
reindeer
porcupine
leopard
puma
seal
orca",walrus,1.0,wolf,,False,True,0,,iterative,16896311744033560000,shark,False
01KFVB19T93B4SA3VEXZ5TEC2A,44,meta-llama/Llama-3.3-70B-Instruct-Turbo,animals,"koala
dog
cat
tiger
elephant
zebra
dolphin
bear
lion
kangaroo
fox
giraffe
monkey
whale
cow
camel
goat
eagle
parrot
fish
bee
sloth
bat
rabbit
squirrel
rat
mouse
pig
sheep
donkey
mule
horse
cheetah
jaguar
moose
elk
reindeer
porcupine
leopard
puma
seal
orca
walrus",manatee,0.0,otter,,False,True,0,,iterative,8745188168433484000,shark,False
01KFVB19T93B4SA3VEXZ5TEC2A,45,meta-llama/Llama-3.3-70B-Instruct-Turbo,animals,"koala
dog
cat
tiger
elephant
zebra
dolphin
bear
lion
kangaroo
fox
giraffe
monkey
whale
cow
camel
goat
eagle
parrot
fish
bee
sloth
bat
rabbit
squirrel
rat
mouse
pig
sheep
donkey
mule
horse
cheetah
jaguar
moose
elk
reindeer
porcupine
leopard
puma
seal
orca
walrus
manatee",gorilla,1.0,otter,,False,True,0,,iterative,8932235098249909000,shark,False
01KFVB19T93B4SA3VEXZ5TEC2A,46,meta-llama/Llama-3.3-70B-Instruct-Turbo,animals,"koala
dog
cat
tiger
elephant
zebra
dolphin
bear
lion
kangaroo
fox
giraffe
monkey
whale
cow
camel
goat
eagle
parrot
fish
bee
sloth
bat
rabbit
squirrel
rat
mouse
pig
sheep
donkey
mule
horse
cheetah
jaguar
moose
elk
reindeer
porcupine
leopard
puma
seal
orca
walrus
manatee
gorilla",lemur,0.0,chimpanzee,,False,True,0,,iterative,8854049364382298000,shark,False
01KFVB19T93B4SA3VEXZ5TEC2A,47,meta-llama/Llama-3.3-70B-Instruct-Turbo,animals,"koala
dog
cat
tiger
elephant
zebra
dolphin
bear
lion
kangaroo
fox
giraffe
monkey
whale
cow
camel
goat
eagle
parrot
fish
bee
sloth
bat
rabbit
squirrel
rat
mouse
pig
sheep
donkey
mule
horse
cheetah
jaguar
moose
elk
reindeer
porcupine
leopard
puma
seal
orca
walrus
manatee
gorilla
lemur",mole,0.0,chimpanzee,,False,True,0,,iterative,620412359571917300,shark,False
01KFVB19T93B4SA3VEXZ5TEC2A,48,meta-llama/Llama-3.3-70B-Instruct-Turbo,animals,"koala
dog
cat
tiger
elephant
zebra
dolphin
bear
lion
kangaroo
fox
giraffe
monkey
whale
cow
camel
goat
eagle
parrot
fish
bee
sloth
bat
rabbit
squirrel
rat
mouse
pig
sheep
donkey
mule
horse
cheetah
jaguar
moose
elk
reindeer
porcupine
leopard
puma
seal
orca
walrus
manatee
gorilla
lemur
mole",armadillo,0.0,otter,,False,True,0,,iterative,8439413024758445000,vole,False
01KFVB19T93B4SA3VEXZ5TEC2A,49,meta-llama/Llama-3.3-70B-Instruct-Turbo,animals,"koala
dog
cat
tiger
elephant
zebra
dolphin
bear
lion
kangaroo
fox
giraffe
monkey
whale
cow
camel
goat
eagle
parrot
fish
bee
sloth
bat
rabbit
squirrel
rat
mouse
pig
sheep
donkey
mule
horse
cheetah
jaguar
moose
elk
reindeer
porcupine
leopard
puma
seal
orca
walrus
manatee
gorilla
lemur
mole
armadillo",platypus,0.0,otter,,False,True,0,,iterative,17393386297237248000,pangolin,False
01KFVB19T93B4SA3VEXZ5TEC2A,50,meta-llama/Llama-3.3-70B-Instruct-Turbo,animals,"koala
dog
cat
tiger
elephant
zebra
dolphin
bear
lion
kangaroo
fox
giraffe
monkey
whale
cow
camel
goat
eagle
parrot
fish
bee
sloth
bat
rabbit
squirrel
rat
mouse
pig
sheep
donkey
mule
horse
cheetah
jaguar
moose
elk
reindeer
porcupine
leopard
puma
seal
orca
walrus
manatee
gorilla
lemur
mole
armadillo
platypus",ant,1.0,otter,,False,True,0,,iterative,6389148259513225000,pangolin,False
01KFVB19T93B4SA3VEXZ5TEC2A,51,meta-llama/Llama-3.3-70B-Instruct-Turbo,animals,"koala
dog
cat
tiger
elephant
zebra
dolphin
bear
lion
kangaroo
fox
giraffe
monkey
whale
cow
camel
goat
eagle
parrot
fish
bee
sloth
bat
rabbit
squirrel
rat
mouse
pig
sheep
donkey
mule
horse
cheetah
jaguar
moose
elk
reindeer
porcupine
leopard
puma
seal
orca
walrus
manatee
gorilla
lemur
mole
armadillo
platypus
ant",spider,0.0,grasshopper,,False,True,0,,iterative,15072791719264246000,spider,True
01KFVB19T93B4SA3VEXZ5TEC2A,52,meta-llama/Llama-3.3-70B-Instruct-Turbo,animals,"koala
dog
cat
tiger
elephant
zebra
dolphin
bear
lion
kangaroo
fox
giraffe
monkey
whale
cow
camel
goat
eagle
parrot
fish
bee
sloth
bat
rabbit
squirrel
rat
mouse
pig
sheep
donkey
mule
horse
cheetah
jaguar
moose
elk
reindeer
porcupine
leopard
puma
seal
orca
walrus
manatee
gorilla
lemur
mole
armadillo
platypus
ant
spider",grasshopper,0.0,chimpanzee,,False,True,0,,iterative,13117083055826571000,fly,False
01KFVB1D6RPECNYKEKWYT56TMM,2,meta-llama/Llama-3.3-70B-Instruct-Turbo,animals,giraffe,pig,0.0,zebra,,False,True,0,,iterative,14306153542913448000,monkey,False
01KFVB1D6RPECNYKEKWYT56TMM,3,meta-llama/Llama-3.3-70B-Instruct-Turbo,animals,"giraffe
pig",dog,0.0,cow,,False,True,0,,iterative,10360514748298783000,cow,False
01KFVB1D6RPECNYKEKWYT56TMM,4,meta-llama/Llama-3.3-70B-Instruct-Turbo,animals,"giraffe
pig
dog",goat,1.0,cat,,False,True,0,,iterative,2511597875771026000,cat,False
01KFVB1D6RPECNYKEKWYT56TMM,5,meta-llama/Llama-3.3-70B-Instruct-Turbo,animals,"giraffe
pig
dog
goat",sheep,1.0,sheep,,True,True,0,,iterative,11214768673906340000,cat,False
01KFVB1D6RPECNYKEKWYT56TMM,6,meta-llama/Llama-3.3-70B-Instruct-Turbo,animals,"giraffe
pig
dog
goat
sheep",cow,1.0,cow,,True,True,0,,iterative,9325231669398880000,sheep,False
01KFVB1D6RPECNYKEKWYT56TMM,7,meta-llama/Llama-3.3-70B-Instruct-Turbo,animals,"giraffe
pig
dog
goat
sheep
cow",llama,0.0,horse,,False,True,0,,iterative,17579713566210790000,sheep,False
01KFVB1D6RPECNYKEKWYT56TMM,8,meta-llama/Llama-3.3-70B-Instruct-Turbo,animals,"giraffe
pig
dog
goat
sheep
cow
llama",zebra,1.0,horse,,False,True,0,,iterative,6404172680158398000,cow,False
01KFVB1D6RPECNYKEKWYT56TMM,9,meta-llama/Llama-3.3-70B-Instruct-Turbo,animals,"giraffe
pig
dog
goat
sheep
cow
llama
zebra",lion,1.0,horse,,False,True,0,,iterative,4875797824147437000,llama,False
01KFVB1D6RPECNYKEKWYT56TMM,10,meta-llama/Llama-3.3-70B-Instruct-Turbo,animals,"giraffe
pig
dog
goat
sheep
cow
llama
zebra
lion",pony,0.0,horse,,False,True,0,,iterative,3911428775979746300,snake,False
01KFVB1D6RPECNYKEKWYT56TMM,11,meta-llama/Llama-3.3-70B-Instruct-Turbo,animals,"giraffe
pig
dog
goat
sheep
cow
llama
zebra
lion
pony",cat,0.0,horse,,False,True,0,,iterative,7962388388725683000,horse,False
01KFVB1D6RPECNYKEKWYT56TMM,12,meta-llama/Llama-3.3-70B-Instruct-Turbo,animals,"giraffe
pig
dog
goat
sheep
cow
llama
zebra
lion
pony
cat",fox,0.0,horse,,False,True,0,,iterative,14307995106534035000,rabbit,False
01KFVB1D6RPECNYKEKWYT56TMM,13,meta-llama/Llama-3.3-70B-Instruct-Turbo,animals,"giraffe
pig
dog
goat
sheep
cow
llama
zebra
lion
pony
cat
fox",bear,0.0,horse,,False,True,0,,iterative,7057788478950851000,cat,False
01KFVB1D6RPECNYKEKWYT56TMM,14,meta-llama/Llama-3.3-70B-Instruct-Turbo,animals,"giraffe
pig
dog
goat
sheep
cow
llama
zebra
lion
pony
cat
fox
bear",rabbit,1.0,horse,,False,True,0,,iterative,18225264011956187000,tiger,False
01KFVB1D6RPECNYKEKWYT56TMM,15,meta-llama/Llama-3.3-70B-Instruct-Turbo,animals,"giraffe
pig
dog
goat
sheep
cow
llama
zebra
lion
pony
cat
fox
bear
rabbit",hare,1.0,horse,,False,True,0,,iterative,603764418506633500,tiger,False
01KFVB1D6RPECNYKEKWYT56TMM,16,meta-llama/Llama-3.3-70B-Instruct-Turbo,animals,"giraffe
pig
dog
goat
sheep
cow
llama
zebra
lion
pony
cat
fox
bear
rabbit
hare",guineapig,0.0,deer,,False,True,0,,iterative,2447998632147870700,tiger,False
01KFVB1D6RPECNYKEKWYT56TMM,17,meta-llama/Llama-3.3-70B-Instruct-Turbo,animals,"giraffe
pig
dog
goat
sheep
cow
llama
zebra
lion
pony
cat
fox
bear
rabbit
hare
guinea pig",mouse,0.0,hamster,,False,True,0,,iterative,13807637012220557000,tiger,False
01KFVB1D6RPECNYKEKWYT56TMM,18,meta-llama/Llama-3.3-70B-Instruct-Turbo,animals,"giraffe
pig
dog
goat
sheep
cow
llama
zebra
lion
pony
cat
fox
bear
rabbit
hare
guinea pig
mouse",ferret,1.0,hamster,,False,True,0,,iterative,9976000298652375000,mouse,False
01KFVB1D6RPECNYKEKWYT56TMM,19,meta-llama/Llama-3.3-70B-Instruct-Turbo,animals,"giraffe
pig
dog
goat
sheep
cow
llama
zebra
lion
pony
cat
fox
bear
rabbit
hare
guinea pig
mouse
ferret",stoat,1.0,hamster,,False,True,0,,iterative,9085919580160741000,tiger,False
01KFVB1D6RPECNYKEKWYT56TMM,20,meta-llama/Llama-3.3-70B-Instruct-Turbo,animals,"giraffe
pig
dog
goat
sheep
cow
llama
zebra
lion
pony
cat
fox
bear
rabbit
hare
guinea pig
mouse
ferret
stoat",donkey,1.0,squirrel,,False,True,0,,iterative,5785302747699394000,tiger,False
01KFVB1D6RPECNYKEKWYT56TMM,21,meta-llama/Llama-3.3-70B-Instruct-Turbo,animals,"giraffe
pig
dog
goat
sheep
cow
llama
zebra
lion
pony
cat
fox
bear
rabbit
hare
guinea pig
mouse
ferret
stoat
donkey",horse,1.0,horse,,True,True,0,,iterative,12891117854031327000,tiger,False
01KFVB1D6RPECNYKEKWYT56TMM,22,meta-llama/Llama-3.3-70B-Instruct-Turbo,animals,"giraffe
pig
dog
goat
sheep
cow
llama
zebra
lion
pony
cat
fox
bear
rabbit
hare
guinea pig
mouse
ferret
stoat
donkey
horse",wolf,0.0,mule,,False,True,0,,iterative,17352281184031943000,tiger,False
01KFVB1D6RPECNYKEKWYT56TMM,23,meta-llama/Llama-3.3-70B-Instruct-Turbo,animals,"giraffe
pig
dog
goat
sheep
cow
llama
zebra
lion
pony
cat
fox
bear
rabbit
hare
guinea pig
mouse
ferret
stoat
donkey
horse
wolf",elephant,1.0,deer,,False,True,0,,iterative,4702906677815713000,tiger,False
01KFVB1D6RPECNYKEKWYT56TMM,24,meta-llama/Llama-3.3-70B-Instruct-Turbo,animals,"giraffe
pig
dog
goat
sheep
cow
llama
zebra
lion
pony
cat
fox
bear
rabbit
hare
guinea pig
mouse
ferret
stoat
donkey
horse
wolf
elephant",rhinoceros,1.0,tiger,,False,True,0,,iterative,7989707168188574000,tiger,False
01KFVB1D6RPECNYKEKWYT56TMM,25,meta-llama/Llama-3.3-70B-Instruct-Turbo,animals,"giraffe
pig
dog
goat
sheep
cow
llama
zebra
lion
pony
cat
fox
bear
rabbit
hare
guinea pig
mouse
ferret
stoat
donkey
horse
wolf
elephant
rhinoceros",shrew,1.0,hippopotamus,,False,True,0,,iterative,16382455539191288000,tiger,False
01KFVB1D6RPECNYKEKWYT56TMM,26,meta-llama/Llama-3.3-70B-Instruct-Turbo,animals,"giraffe
pig
dog
goat
sheep
cow
llama
zebra
lion
pony
cat
fox
bear
rabbit
hare
guinea pig
mouse
ferret
stoat
donkey
horse
wolf
elephant
rhinoceros
shrew",vole,1.0,squirrel,,False,True,0,,iterative,1081684369510041200,vole,True
01KFVB1D6RPECNYKEKWYT56TMM,27,meta-llama/Llama-3.3-70B-Instruct-Turbo,animals,"giraffe
pig
dog
goat
sheep
cow
llama
zebra
lion
pony
cat
fox
bear
rabbit
hare
guinea pig
mouse
ferret
stoat
donkey
horse
wolf
elephant
rhinoceros
shrew
vole",gerbil,1.0,squirrel,,False,True,0,,iterative,15559741128339964000,fish,False
01KFVB1D6RPECNYKEKWYT56TMM,28,meta-llama/Llama-3.3-70B-Instruct-Turbo,animals,"giraffe
pig
dog
goat
sheep
cow
llama
zebra
lion
pony
cat
fox
bear
rabbit
hare
guinea pig
mouse
ferret
stoat
donkey
horse
wolf
elephant
rhinoceros
shrew
vole
gerbil",rat,1.0,hamster,,False,True,0,,iterative,8656419069134754000,hamster,False
01KFVB1D6RPECNYKEKWYT56TMM,29,meta-llama/Llama-3.3-70B-Instruct-Turbo,animals,"giraffe
pig
dog
goat
sheep
cow
llama
zebra
lion
pony
cat
fox
bear
rabbit
hare
guinea pig
mouse
ferret
stoat
donkey
horse
wolf
elephant
rhinoceros
shrew
vole
gerbil
rat",chinchilla,0.0,squirrel,,False,True,0,,iterative,4267752190657150000,hamster,False
01KFVB1D6RPECNYKEKWYT56TMM,30,meta-llama/Llama-3.3-70B-Instruct-Turbo,animals,"giraffe
pig
dog
goat
sheep
cow
llama
zebra
lion
pony
cat
fox
bear
rabbit
hare
guinea pig
mouse
ferret
stoat
donkey
horse
wolf
elephant
rhinoceros
shrew
vole
gerbil
rat
chinchilla",bat,0.0,squirrel,,False,True,0,,iterative,960460531509619700,pug,False
01KFVB1D6RPECNYKEKWYT56TMM,31,meta-llama/Llama-3.3-70B-Instruct-Turbo,animals,"giraffe
pig
dog
goat
sheep
cow
llama
zebra
lion
pony
cat
fox
bear
rabbit
hare
guinea pig
mouse
ferret
stoat
donkey
horse
wolf
elephant
rhinoceros
shrew
vole
gerbil
rat
chinchilla
bat",monkey,0.0,squirrel,,False,True,0,,iterative,13011119331489073000,bird,False
01KFVB3GCQ2ASEP1SP5PVGYAG7,2,meta-llama/Llama-3.3-70B-Instruct-Turbo,animals,cat,dog,0.0,dog,,True,True,0,,iterative,11038052026464401000,dog,True
01KFVB3GCQ2ASEP1SP5PVGYAG7,3,meta-llama/Llama-3.3-70B-Instruct-Turbo,animals,"cat
dog",lion,0.0,hamster,,False,True,0,,iterative,15471891370266130000,horse,False
01KFVB3GCQ2ASEP1SP5PVGYAG7,4,meta-llama/Llama-3.3-70B-Instruct-Turbo,animals,"cat
dog
lion",tiger,0.0,tiger,,True,True,0,,iterative,17898141217970780000,horse,False
01KFVB3GCQ2ASEP1SP5PVGYAG7,5,meta-llama/Llama-3.3-70B-Instruct-Turbo,animals,"cat
dog
lion
tiger",chicken,1.0,bear,,False,True,0,,iterative,9248645865576376000,bear,False
01KFVB3GCQ2ASEP1SP5PVGYAG7,6,meta-llama/Llama-3.3-70B-Instruct-Turbo,animals,"cat
dog
lion
tiger
chicken",turkey,0.0,bear,,False,True,0,,iterative,11943412227900420000,cow,False
01KFVB3GCQ2ASEP1SP5PVGYAG7,7,meta-llama/Llama-3.3-70B-Instruct-Turbo,animals,"cat
dog
lion
tiger
chicken
turkey",cheetah,1.0,duck,,False,True,0,,iterative,208303192920665020,cow,False
01KFVB3GCQ2ASEP1SP5PVGYAG7,8,meta-llama/Llama-3.3-70B-Instruct-Turbo,animals,"cat
dog
lion
tiger
chicken
turkey
cheetah",leopard,0.0,leopard,,True,True,0,,iterative,2236808840172617200,giraffe,False
01KFVB3GCQ2ASEP1SP5PVGYAG7,9,meta-llama/Llama-3.3-70B-Instruct-Turbo,animals,"cat
dog
lion
tiger
chicken
turkey
cheetah
leopard",frog,1.0,jaguar,,False,True,0,,iterative,4273328742459312600,elephant,False
01KFVB3GCQ2ASEP1SP5PVGYAG7,10,meta-llama/Llama-3.3-70B-Instruct-Turbo,animals,"cat
dog
lion
tiger
chicken
turkey
cheetah
leopard
frog",snake,0.0,toad,,False,True,0,,iterative,13269735213219504000,elephant,False
01KFVB3GCQ2ASEP1SP5PVGYAG7,11,meta-llama/Llama-3.3-70B-Instruct-Turbo,animals,"cat
dog
lion
tiger
chicken
turkey
cheetah
leopard
frog
snake",ant,1.0,alligator,,False,True,0,,iterative,10306103536717535000,cow,False
01KFVB3GCQ2ASEP1SP5PVGYAG7,12,meta-llama/Llama-3.3-70B-Instruct-Turbo,animals,"cat
dog
lion
tiger
chicken
turkey
cheetah
leopard
frog
snake
ant",eagle,1.0,bee,,False,True,0,,iterative,11744615682457210000,spider,False
01KFVB3GCQ2ASEP1SP5PVGYAG7,13,meta-llama/Llama-3.3-70B-Instruct-Turbo,animals,"cat
dog
lion
tiger
chicken
turkey
cheetah
leopard
frog
snake
ant
eagle",elephant,0.0,bear,,False,True,0,,iterative,339437922640052350,hawk,False
01KFVB3GCQ2ASEP1SP5PVGYAG7,14,meta-llama/Llama-3.3-70B-Instruct-Turbo,animals,"cat
dog
lion
tiger
chicken
turkey
cheetah
leopard
frog
snake
ant
eagle
elephant",llama,1.0,giraffe,,False,True,0,,iterative,5718426706802242000,cow,False
01KFVB3GCQ2ASEP1SP5PVGYAG7,15,meta-llama/Llama-3.3-70B-Instruct-Turbo,animals,"cat
dog
lion
tiger
chicken
turkey
cheetah
leopard
frog
snake
ant
eagle
elephant
llama",alpaca,0.0,giraffe,,False,True,0,,iterative,10014466466658413000,alpaca,True
01KFVB3GCQ2ASEP1SP5PVGYAG7,16,meta-llama/Llama-3.3-70B-Instruct-Turbo,animals,"cat
dog
lion
tiger
chicken
turkey
cheetah
leopard
frog
snake
ant
eagle
elephant
llama
alpaca",peacock,1.0,giraffe,,False,True,0,,iterative,11627932823422605000,sheep,False
01KFVB3GCQ2ASEP1SP5PVGYAG7,17,meta-llama/Llama-3.3-70B-Instruct-Turbo,animals,"cat
dog
lion
tiger
chicken
turkey
cheetah
leopard
frog
snake
ant
eagle
elephant
llama
alpaca
peacock",pig,1.0,ostrich,,False,True,0,,iterative,6134288138614794000,goat,False
01KFVB3GCQ2ASEP1SP5PVGYAG7,18,meta-llama/Llama-3.3-70B-Instruct-Turbo,animals,"cat
dog
lion
tiger
chicken
turkey
cheetah
leopard
frog
snake
ant
eagle
elephant
llama
alpaca
peacock
pig",cow,0.0,goat,,False,True,0,,iterative,13704055327565158000,cat,False
01KFVB3GCQ2ASEP1SP5PVGYAG7,19,meta-llama/Llama-3.3-70B-Instruct-Turbo,animals,"cat
dog
lion
tiger
chicken
turkey
cheetah
leopard
frog
snake
ant
eagle
elephant
llama
alpaca
peacock
pig
cow",sheep,0.0,horse,,False,True,0,,iterative,5360701433128960000,goat,False
01KFVB3GCQ2ASEP1SP5PVGYAG7,20,meta-llama/Llama-3.3-70B-Instruct-Turbo,animals,"cat
dog
lion
tiger
chicken
turkey
cheetah
leopard
frog
snake
ant
eagle
elephant
llama
alpaca
peacock
pig
cow
sheep",duck,0.0,goat,,False,True,0,,iterative,1091712549539572100,oat,False
01KFVB3GCQ2ASEP1SP5PVGYAG7,21,meta-llama/Llama-3.3-70B-Instruct-Turbo,animals,"cat
dog
lion
tiger
chicken
turkey
cheetah
leopard
frog
snake
ant
eagle
elephant
llama
alpaca
peacock
pig
cow
sheep
duck",goose,0.0,goat,,False,True,0,,iterative,8943640013234599000,goat,False
01KFVB3GCQ2ASEP1SP5PVGYAG7,22,meta-llama/Llama-3.3-70B-Instruct-Turbo,animals,"cat
dog
lion
tiger
chicken
turkey
cheetah
leopard
frog
snake
ant
eagle
elephant
llama
alpaca
peacock
pig
cow
sheep
duck
goose",hare,0.0,horse,,False,True,0,,iterative,12120518326336745000,swan,False
01KFVB3GCQ2ASEP1SP5PVGYAG7,23,meta-llama/Llama-3.3-70B-Instruct-Turbo,animals,"cat
dog
lion
tiger
chicken
turkey
cheetah
leopard
frog
snake
ant
eagle
elephant
llama
alpaca
peacock
pig
cow
sheep
duck
goose
hare",rabbit,0.0,rabbit,,True,True,0,,iterative,4554917916068937000,mouse,False
01KFVB3GCQ2ASEP1SP5PVGYAG7,24,meta-llama/Llama-3.3-70B-Instruct-Turbo,animals,"cat
dog
lion
tiger
chicken
turkey
cheetah
leopard
frog
snake
ant
eagle
elephant
llama
alpaca
peacock
pig
cow
sheep
duck
goose
hare
rabbit",hamster,0.0,deer,,False,True,0,,iterative,41431034554756470,mouse,False
01KFVB3GCQ2ASEP1SP5PVGYAG7,25,meta-llama/Llama-3.3-70B-Instruct-Turbo,animals,"cat
dog
lion
tiger
chicken
turkey
cheetah
leopard
frog
snake
ant
eagle
elephant
llama
alpaca
peacock
pig
cow
sheep
duck
goose
hare
rabbit
hamster",boar,0.0,gerbil,,False,True,0,,iterative,5773273961021726000,mouse,False
01KFVB3GCQ2ASEP1SP5PVGYAG7,26,meta-llama/Llama-3.3-70B-Instruct-Turbo,animals,"cat
dog
lion
tiger
chicken
turkey
cheetah
leopard
frog
snake
ant
eagle
elephant
llama
alpaca
peacock
pig
cow
sheep
duck
goose
hare
rabbit
hamster
boar",turtle,1.0,horse,,False,True,0,,iterative,649518911743827800,goat,False
01KFVB3GCQ2ASEP1SP5PVGYAG7,27,meta-llama/Llama-3.3-70B-Instruct-Turbo,animals,"cat
dog
lion
tiger
chicken
turkey
cheetah
leopard
frog
snake
ant
eagle
elephant
llama
alpaca
peacock
pig
cow
sheep
duck
goose
hare
rabbit
hamster
boar
turtle",tortoise,0.0,squirrel,,False,True,0,,iterative,3556366287951416300,toad,False
01KFVB3GCQ2ASEP1SP5PVGYAG7,28,meta-llama/Llama-3.3-70B-Instruct-Turbo,animals,"cat
dog
lion
tiger
chicken
turkey
cheetah
leopard
frog
snake
ant
eagle
elephant
llama
alpaca
peacock
pig
cow
sheep
duck
goose
hare
rabbit
hamster
boar
turtle
tortoise",toad,1.0,squirrel,,False,True,0,,iterative,2649198162011735600,toad,True
01KFVB3GCQ2ASEP1SP5PVGYAG7,29,meta-llama/Llama-3.3-70B-Instruct-Turbo,animals,"cat
dog
lion
tiger
chicken
turkey
cheetah
leopard
frog
snake
ant
eagle
elephant
llama
alpaca
peacock
pig
cow
sheep
duck
goose
hare
rabbit
hamster
boar
turtle
tortoise
toad",shark,0.0,salamander,,False,True,0,,iterative,13560719594480228000,lizard,False
01KFVB3GCQ2ASEP1SP5PVGYAG7,30,meta-llama/Llama-3.3-70B-Instruct-Turbo,animals,"cat
dog
lion
tiger
chicken
turkey
cheetah
leopard
frog
snake
ant
eagle
elephant
llama
alpaca
peacock
pig
cow
sheep
duck
goose
hare
rabbit
hamster
boar
turtle
tortoise
toad
shark",tuna,0.0,octopus,,False,True,0,,iterative,8519694899927811000,fish,False
01KFVB3GCQ2ASEP1SP5PVGYAG7,31,meta-llama/Llama-3.3-70B-Instruct-Turbo,animals,"cat
dog
lion
tiger
chicken
turkey
cheetah
leopard
frog
snake
ant
eagle
elephant
llama
alpaca
peacock
pig
cow
sheep
duck
goose
hare
rabbit
hamster
boar
turtle
tortoise
toad
shark
tuna",bass,0.0,squid,,False,True,0,,iterative,10207346157331778000,eel,False
01KFVB3GCQ2ASEP1SP5PVGYAG7,32,meta-llama/Llama-3.3-70B-Instruct-Turbo,animals,"cat
dog
lion
tiger
chicken
turkey
cheetah
leopard
frog
snake
ant
eagle
elephant
llama
alpaca
peacock
pig
cow
sheep
duck
goose
hare
rabbit
hamster
boar
turtle
tortoise
toad
shark
tuna
bass",walleye,0.0,salmon,,False,True,0,,iterative,7271345087790312000,carp,False
01KFVB3GCQ2ASEP1SP5PVGYAG7,33,meta-llama/Llama-3.3-70B-Instruct-Turbo,animals,"cat
dog
lion
tiger
chicken
turkey
cheetah
leopard
frog
snake
ant
eagle
elephant
llama
alpaca
peacock
pig
cow
sheep
duck
goose
hare
rabbit
hamster
boar
turtle
tortoise
toad
shark
tuna
bass
walleye",goat,1.0,salmon,,False,True,0,,iterative,3139223484591621000,carp,False
01KFVB3GCQ2ASEP1SP5PVGYAG7,34,meta-llama/Llama-3.3-70B-Instruct-Turbo,animals,"cat
dog
lion
tiger
chicken
turkey
cheetah
leopard
frog
snake
ant
eagle
elephant
llama
alpaca
peacock
pig
cow
sheep
duck
goose
hare
rabbit
hamster
boar
turtle
tortoise
toad
shark
tuna
bass
walleye
goat",deer,0.0,horse,,False,True,0,,iterative,12827333315066210000,buffalo,False
01KFVB3GCQ2ASEP1SP5PVGYAG7,35,meta-llama/Llama-3.3-70B-Instruct-Turbo,animals,"cat
dog
lion
tiger
chicken
turkey
cheetah
leopard
frog
snake
ant
eagle
elephant
llama
alpaca
peacock
pig
cow
sheep
duck
goose
hare
rabbit
hamster
boar
turtle
tortoise
toad
shark
tuna
bass
walleye
goat
deer",moose,0.0,moose,,True,True,0,,iterative,13161357704371030000,buffalo,False
01KFVB3GCQ2ASEP1SP5PVGYAG7,36,meta-llama/Llama-3.3-70B-Instruct-Turbo,animals,"cat
dog
lion
tiger
chicken
turkey
cheetah
leopard
frog
snake
ant
eagle
elephant
llama
alpaca
peacock
pig
cow
sheep
duck
goose
hare
rabbit
hamster
boar
turtle
tortoise
toad
shark
tuna
bass
walleye
goat
deer
moose",elk,0.0,caribou,,False,True,0,,iterative,774309832839312800,buffalo,False
01KFVB3GCQ2ASEP1SP5PVGYAG7,37,meta-llama/Llama-3.3-70B-Instruct-Turbo,animals,"cat
dog
lion
tiger
chicken
turkey
cheetah
leopard
frog
snake
ant
eagle
elephant
llama
alpaca
peacock
pig
cow
sheep
duck
goose
hare
rabbit
hamster
boar
turtle
tortoise
toad
shark
tuna
bass
walleye
goat
deer
moose
elk",bear,1.0,caribou,,False,True,0,,iterative,12307641981792762000,buffalo,False
01KFVB3GCQ2ASEP1SP5PVGYAG7,38,meta-llama/Llama-3.3-70B-Instruct-Turbo,animals,"cat
dog
lion
tiger
chicken
turkey
cheetah
leopard
frog
snake
ant
eagle
elephant
llama
alpaca
peacock
pig
cow
sheep
duck
goose
hare
rabbit
hamster
boar
turtle
tortoise
toad
shark
tuna
bass
walleye
goat
deer
moose
elk
bear",panda,0.0,wolf,,False,True,0,,iterative,6863203482705788000,giraffe,False
01KFVB3GCQ2ASEP1SP5PVGYAG7,39,meta-llama/Llama-3.3-70B-Instruct-Turbo,animals,"cat
dog
lion
tiger
chicken
turkey
cheetah
leopard
frog
snake
ant
eagle
elephant
llama
alpaca
peacock
pig
cow
sheep
duck
goose
hare
rabbit
hamster
boar
turtle
tortoise
toad
shark
tuna
bass
walleye
goat
deer
moose
elk
bear
panda",kangaroo,0.0,kangaroo,,True,True,0,,iterative,5503356279485424000,koala,False
01KFVB3GCQ2ASEP1SP5PVGYAG7,40,meta-llama/Llama-3.3-70B-Instruct-Turbo,animals,"cat
dog
lion
tiger
chicken
turkey
cheetah
leopard
frog
snake
ant
eagle
elephant
llama
alpaca
peacock
pig
cow
sheep
duck
goose
hare
rabbit
hamster
boar
turtle
tortoise
toad
shark
tuna
bass
walleye
goat
deer
moose
elk
bear
panda
kangaroo",koala,0.0,koala,,True,True,0,,iterative,9098861793365429000,koala,True
01KFVB3GCQ2ASEP1SP5PVGYAG7,41,meta-llama/Llama-3.3-70B-Instruct-Turbo,animals,"cat
dog
lion
tiger
chicken
turkey
cheetah
leopard
frog
snake
ant
eagle
elephant
llama
alpaca
peacock
pig
cow
sheep
duck
goose
hare
rabbit
hamster
boar
turtle
tortoise
toad
shark
tuna
bass
walleye
goat
deer
moose
elk
bear
panda
kangaroo
koala",alligator,1.0,wombat,,False,True,0,,iterative,4103875220873178600,spider,False
01KFVB3GCQ2ASEP1SP5PVGYAG7,42,meta-llama/Llama-3.3-70B-Instruct-Turbo,animals,"cat
dog
lion
tiger
chicken
turkey
cheetah
leopard
frog
snake
ant
eagle
elephant
llama
alpaca
peacock
pig
cow
sheep
duck
goose
hare
rabbit
hamster
boar
turtle
tortoise
toad
shark
tuna
bass
walleye
goat
deer
moose
elk
bear
panda
kangaroo
koala
alligator",crocodile,0.0,crocodile,,True,True,0,,iterative,5705279185081912000,crocodile,True
01KFVB3GCQ2ASEP1SP5PVGYAG7,43,meta-llama/Llama-3.3-70B-Instruct-Turbo,animals,"cat
dog
lion
tiger
chicken
turkey
cheetah
leopard
frog
snake
ant
eagle
elephant
llama
alpaca
peacock
pig
cow
sheep
duck
goose
hare
rabbit
hamster
boar
turtle
tortoise
toad
shark
tuna
bass
walleye
goat
deer
moose
elk
bear
panda
kangaroo
koala
alligator
crocodile",capybara,0.0,gator,,False,True,0,,iterative,15963350464319887000,spider,False
01KFVB3GCQ2ASEP1SP5PVGYAG7,44,meta-llama/Llama-3.3-70B-Instruct-Turbo,animals,"cat
dog
lion
tiger
chicken
turkey
cheetah
leopard
frog
snake
ant
eagle
elephant
llama
alpaca
peacock
pig
cow
sheep
duck
goose
hare
rabbit
hamster
boar
turtle
tortoise
toad
shark
tuna
bass
walleye
goat
deer
moose
elk
bear
panda
kangaroo
koala
alligator
crocodile
capybara",jaguar,0.0,otter,,False,True,0,,iterative,3235648786048215000,spider,False
01KFVB3GCQ2ASEP1SP5PVGYAG7,45,meta-llama/Llama-3.3-70B-Instruct-Turbo,animals,"cat
dog
lion
tiger
chicken
turkey
cheetah
leopard
frog
snake
ant
eagle
elephant
llama
alpaca
peacock
pig
cow
sheep
duck
goose
hare
rabbit
hamster
boar
turtle
tortoise
toad
shark
tuna
bass
walleye
goat
deer
moose
elk
bear
panda
kangaroo
koala
alligator
crocodile
capybara
jaguar",cougar,1.0,otter,,False,True,0,,iterative,14751452540935168000,cougar,True
01KFVB3GCQ2ASEP1SP5PVGYAG7,46,meta-llama/Llama-3.3-70B-Instruct-Turbo,animals,"cat
dog
lion
tiger
chicken
turkey
cheetah
leopard
frog
snake
ant
eagle
elephant
llama
alpaca
peacock
pig
cow
sheep
duck
goose
hare
rabbit
hamster
boar
turtle
tortoise
toad
shark
tuna
bass
walleye
goat
deer
moose
elk
bear
panda
kangaroo
koala
alligator
crocodile
capybara
jaguar
cougar",bison,0.0,panther,,False,True,0,,iterative,8248907750743850000,ocelot,False
01KFVB3GCQ2ASEP1SP5PVGYAG7,47,meta-llama/Llama-3.3-70B-Instruct-Turbo,animals,"cat
dog
lion
tiger
chicken
turkey
cheetah
leopard
frog
snake
ant
eagle
elephant
llama
alpaca
peacock
pig
cow
sheep
duck
goose
hare
rabbit
hamster
boar
turtle
tortoise
toad
shark
tuna
bass
walleye
goat
deer
moose
elk
bear
panda
kangaroo
koala
alligator
crocodile
capybara
jaguar
cougar
bison",coyote,0.0,wolf,,False,True,0,,iterative,13607652064059294000,buffalo,False
01KFVB4WW841Q5AG47NA866WJ3,2,meta-llama/Llama-3.3-70B-Instruct-Turbo,animals,cat,dog,1.0,dog,,True,True,0,,iterative,16403911568518013000,dog,True
01KFVB4WW841Q5AG47NA866WJ3,3,meta-llama/Llama-3.3-70B-Instruct-Turbo,animals,"cat
dog",bear,0.0,hamster,,False,True,0,,iterative,13518871756170195000,bird,False
01KFVB4WW841Q5AG47NA866WJ3,4,meta-llama/Llama-3.3-70B-Instruct-Turbo,animals,"cat
dog
bear",elephant,0.0,wolf,,False,True,0,,iterative,16752239170556062000,fish,False
01KFVB4WW841Q5AG47NA866WJ3,5,meta-llama/Llama-3.3-70B-Instruct-Turbo,animals,"cat
dog
bear
elephant",rabbit,0.0,lion,,False,True,0,,iterative,16003669030918787000,giraffe,False
01KFVB4WW841Q5AG47NA866WJ3,6,meta-llama/Llama-3.3-70B-Instruct-Turbo,animals,"cat
dog
bear
elephant
rabbit",lion,0.0,squirrel,,False,True,0,,iterative,108678997606777980,deer,False
01KFVB4WW841Q5AG47NA866WJ3,7,meta-llama/Llama-3.3-70B-Instruct-Turbo,animals,"cat
dog
bear
elephant
rabbit
lion",rhino,0.0,tiger,,False,True,0,,iterative,1084339345795161600,tiger,False
01KFVB4WW841Q5AG47NA866WJ3,8,meta-llama/Llama-3.3-70B-Instruct-Turbo,animals,"cat
dog
bear
elephant
rabbit
lion
rhino",cheetah,0.0,tiger,,False,True,0,,iterative,1477387746489739000,hippo,False
01KFVB4WW841Q5AG47NA866WJ3,9,meta-llama/Llama-3.3-70B-Instruct-Turbo,animals,"cat
dog
bear
elephant
rabbit
lion
rhino
cheetah",giraffe,0.0,giraffe,,True,True,0,,iterative,656286860762363000,jaguar,False
01KFVB4WW841Q5AG47NA866WJ3,10,meta-llama/Llama-3.3-70B-Instruct-Turbo,animals,"cat
dog
bear
elephant
rabbit
lion
rhino
cheetah
giraffe",monkey,0.0,hyena,,False,True,0,,iterative,5689720493776809000,hippo,False
01KFVB4WW841Q5AG47NA866WJ3,11,meta-llama/Llama-3.3-70B-Instruct-Turbo,animals,"cat
dog
bear
elephant
rabbit
lion
rhino
cheetah
giraffe
monkey",gorilla,0.0,kangaroo,,False,True,0,,iterative,11699841986205993000,alligator,False
01KFVB4WW841Q5AG47NA866WJ3,12,meta-llama/Llama-3.3-70B-Instruct-Turbo,animals,"cat
dog
bear
elephant
rabbit
lion
rhino
cheetah
giraffe
monkey
gorilla",zebra,0.0,kangaroo,,False,True,0,,iterative,10983907079611122000,chimp,False
01KFVB4WW841Q5AG47NA866WJ3,13,meta-llama/Llama-3.3-70B-Instruct-Turbo,animals,"cat
dog
bear
elephant
rabbit
lion
rhino
cheetah
giraffe
monkey
gorilla
zebra",hyena,0.0,hyena,,True,True,0,,iterative,5170420658281420000,hyena,True
01KFVB4WW841Q5AG47NA866WJ3,14,meta-llama/Llama-3.3-70B-Instruct-Turbo,animals,"cat
dog
bear
elephant
rabbit
lion
rhino
cheetah
giraffe
monkey
gorilla
zebra
hyena",deer,0.0,kangaroo,,False,True,0,,iterative,5621166353501277000,hippo,False
01KFVB4WW841Q5AG47NA866WJ3,15,meta-llama/Llama-3.3-70B-Instruct-Turbo,animals,"cat
dog
bear
elephant
rabbit
lion
rhino
cheetah
giraffe
monkey
gorilla
zebra
hyena
deer",snake,0.0,kangaroo,,False,True,0,,iterative,16067326950651849000,moose,False
01KFVB4WW841Q5AG47NA866WJ3,16,meta-llama/Llama-3.3-70B-Instruct-Turbo,animals,"cat
dog
bear
elephant
rabbit
lion
rhino
cheetah
giraffe
monkey
gorilla
zebra
hyena
deer
snake",donkey,1.0,tiger,,False,True,0,,iterative,5311965834099709000,mouse,False
01KFVB4WW841Q5AG47NA866WJ3,17,meta-llama/Llama-3.3-70B-Instruct-Turbo,animals,"cat
dog
bear
elephant
rabbit
lion
rhino
cheetah
giraffe
monkey
gorilla
zebra
hyena
deer
snake
donkey",horse,1.0,horse,,True,True,0,,iterative,17387183066096103000,horse,True
01KFVB4WW841Q5AG47NA866WJ3,18,meta-llama/Llama-3.3-70B-Instruct-Turbo,animals,"cat
dog
bear
elephant
rabbit
lion
rhino
cheetah
giraffe
monkey
gorilla
zebra
hyena
deer
snake
donkey
horse",ostrich,0.0,cow,,False,True,0,,iterative,16205355908138643000,moose,False
01KFVB4WW841Q5AG47NA866WJ3,19,meta-llama/Llama-3.3-70B-Instruct-Turbo,animals,"cat
dog
bear
elephant
rabbit
lion
rhino
cheetah
giraffe
monkey
gorilla
zebra
hyena
deer
snake
donkey
horse
ostrich",crocodile,0.0,kangaroo,,False,True,0,,iterative,15993993236489961000,emu,False
01KFVB4WW841Q5AG47NA866WJ3,20,meta-llama/Llama-3.3-70B-Instruct-Turbo,animals,"cat
dog
bear
elephant
rabbit
lion
rhino
cheetah
giraffe
monkey
gorilla
zebra
hyena
deer
snake
donkey
horse
ostrich
crocodile",lizard,0.0,kangaroo,,False,True,0,,iterative,16502368966803988000,alligator,False
01KFVB4WW841Q5AG47NA866WJ3,21,meta-llama/Llama-3.3-70B-Instruct-Turbo,animals,"cat
dog
bear
elephant
rabbit
lion
rhino
cheetah
giraffe
monkey
gorilla
zebra
hyena
deer
snake
donkey
horse
ostrich
crocodile
lizard",eagle,0.0,tiger,,False,True,0,,iterative,7696224021070939000,alligator,False
01KFVB5P0FTGWRQW8VTRPAH9JF,2,meta-llama/Llama-3.3-70B-Instruct-Turbo,animals,dog,cat,0.0,cat,,True,True,0,,iterative,15759462692405560000,cat,True
01KFVB5P0FTGWRQW8VTRPAH9JF,3,meta-llama/Llama-3.3-70B-Instruct-Turbo,animals,"dog
cat",monkey,1.0,hamster,,False,True,0,,iterative,2174358566825480400,horse,False
01KFVB5P0FTGWRQW8VTRPAH9JF,4,meta-llama/Llama-3.3-70B-Instruct-Turbo,animals,"dog
cat
monkey",fish,1.0,lion,,False,True,0,,iterative,18118905744502650000,horse,False
01KFVB5P0FTGWRQW8VTRPAH9JF,5,meta-llama/Llama-3.3-70B-Instruct-Turbo,animals,"dog
cat
monkey
fish",gorilla,0.0,bird,,False,True,0,,iterative,8440841906220410000,horse,False
01KFVB5P0FTGWRQW8VTRPAH9JF,6,meta-llama/Llama-3.3-70B-Instruct-Turbo,animals,"dog
cat
monkey
fish
gorilla",rhino,0.0,lion,,False,True,0,,iterative,8554331881948427000,pig,False
01KFVB5P0FTGWRQW8VTRPAH9JF,7,meta-llama/Llama-3.3-70B-Instruct-Turbo,animals,"dog
cat
monkey
fish
gorilla
rhino",bird,1.0,elephant,,False,True,0,,iterative,10488509102699215000,giraffe,False
01KFVB5P0FTGWRQW8VTRPAH9JF,8,meta-llama/Llama-3.3-70B-Instruct-Turbo,animals,"dog
cat
monkey
fish
gorilla
rhino
bird",eagle,0.0,elephant,,False,True,0,,iterative,5175809176035123000,elephant,False
01KFVB5P0FTGWRQW8VTRPAH9JF,9,meta-llama/Llama-3.3-70B-Instruct-Turbo,animals,"dog
cat
monkey
fish
gorilla
rhino
bird
eagle",zebra,0.0,lion,,False,True,0,,iterative,16859816950198387000,emu,False
01KFVB5P0FTGWRQW8VTRPAH9JF,10,meta-llama/Llama-3.3-70B-Instruct-Turbo,animals,"dog
cat
monkey
fish
gorilla
rhino
bird
eagle
zebra",horse,1.0,lion,,False,True,0,,iterative,10979155715003705000,horse,True
01KFVB5P0FTGWRQW8VTRPAH9JF,11,meta-llama/Llama-3.3-70B-Instruct-Turbo,animals,"dog
cat
monkey
fish
gorilla
rhino
bird
eagle
zebra
horse",cow,0.0,lion,,False,True,0,,iterative,12069803385573738000,elephant,False
01KFVB5P0FTGWRQW8VTRPAH9JF,12,meta-llama/Llama-3.3-70B-Instruct-Turbo,animals,"dog
cat
monkey
fish
gorilla
rhino
bird
eagle
zebra
horse
cow",pig,0.0,pig,,True,True,0,,iterative,14405513432948185000,sheep,False
01KFVB5P0FTGWRQW8VTRPAH9JF,13,meta-llama/Llama-3.3-70B-Instruct-Turbo,animals,"dog
cat
monkey
fish
gorilla
rhino
bird
eagle
zebra
horse
cow
pig",chicken,0.0,sheep,,False,True,0,,iterative,6444827080552983000,sheep,False
01KFVB5P0FTGWRQW8VTRPAH9JF,14,meta-llama/Llama-3.3-70B-Instruct-Turbo,animals,"dog
cat
monkey
fish
gorilla
rhino
bird
eagle
zebra
horse
cow
pig
chicken",bison,0.0,sheep,,False,True,0,,iterative,13498916053859803000,sheep,False
01KFVB5P0FTGWRQW8VTRPAH9JF,15,meta-llama/Llama-3.3-70B-Instruct-Turbo,animals,"dog
cat
monkey
fish
gorilla
rhino
bird
eagle
zebra
horse
cow
pig
chicken
bison",frog,1.0,sheep,,False,True,0,,iterative,3442369734478449700,moose,False
01KFVB5P0FTGWRQW8VTRPAH9JF,16,meta-llama/Llama-3.3-70B-Instruct-Turbo,animals,"dog
cat
monkey
fish
gorilla
rhino
bird
eagle
zebra
horse
cow
pig
chicken
bison
frog",hen,0.0,sheep,,False,True,0,,iterative,13081151265538277000,toad,False
01KFVB5P0FTGWRQW8VTRPAH9JF,17,meta-llama/Llama-3.3-70B-Instruct-Turbo,animals,"dog
cat
monkey
fish
gorilla
rhino
bird
eagle
zebra
horse
cow
pig
chicken
bison
frog
hen",falcon,0.0,duck,,False,True,0,,iterative,1028349011765839100,toad,False
01KFVB5P0FTGWRQW8VTRPAH9JF,18,meta-llama/Llama-3.3-70B-Instruct-Turbo,animals,"dog
cat
monkey
fish
gorilla
rhino
bird
eagle
zebra
horse
cow
pig
chicken
bison
frog
hen
falcon",iguana,0.0,turkey,,False,True,0,,iterative,1162575583334112500,hawk,False
01KFVB5P0FTGWRQW8VTRPAH9JF,19,meta-llama/Llama-3.3-70B-Instruct-Turbo,animals,"dog
cat
monkey
fish
gorilla
rhino
bird
eagle
zebra
horse
cow
pig
chicken
bison
frog
hen
falcon
iguana",lizard,0.0,turtle,,False,True,0,,iterative,48413815718526750,snake,False
01KFVB5P0FTGWRQW8VTRPAH9JF,20,meta-llama/Llama-3.3-70B-Instruct-Turbo,animals,"dog
cat
monkey
fish
gorilla
rhino
bird
eagle
zebra
horse
cow
pig
chicken
bison
frog
hen
falcon
iguana
lizard",ape,0.0,snake,,False,True,0,,iterative,6237724915762336000,snake,False
01KFVB5P0FTGWRQW8VTRPAH9JF,21,meta-llama/Llama-3.3-70B-Instruct-Turbo,animals,"dog
cat
monkey
fish
gorilla
rhino
bird
eagle
zebra
horse
cow
pig
chicken
bison
frog
hen
falcon
iguana
lizard
ape",swordfish,0.0,tiger,,False,True,0,,iterative,1622357161930400800,gibbon,False
01KFVB5P0FTGWRQW8VTRPAH9JF,22,meta-llama/Llama-3.3-70B-Instruct-Turbo,animals,"dog
cat
monkey
fish
gorilla
rhino
bird
eagle
zebra
horse
cow
pig
chicken
bison
frog
hen
falcon
iguana
lizard
ape
swordfish",tuna,0.0,tiger,,False,True,0,,iterative,17782084158171144000,shark,False
01KFVB5P0FTGWRQW8VTRPAH9JF,23,meta-llama/Llama-3.3-70B-Instruct-Turbo,animals,"dog
cat
monkey
fish
gorilla
rhino
bird
eagle
zebra
horse
cow
pig
chicken
bison
frog
hen
falcon
iguana
lizard
ape
swordfish
tuna",crab,0.0,shark,,False,True,0,,iterative,15334945133806803000,shark,False
01KFVB5P0FTGWRQW8VTRPAH9JF,24,meta-llama/Llama-3.3-70B-Instruct-Turbo,animals,"dog
cat
monkey
fish
gorilla
rhino
bird
eagle
zebra
horse
cow
pig
chicken
bison
frog
hen
falcon
iguana
lizard
ape
swordfish
tuna
crab",lobster,0.0,shark,,False,True,0,,iterative,3370587355621618000,lobster,True
01KFVB5P0FTGWRQW8VTRPAH9JF,25,meta-llama/Llama-3.3-70B-Instruct-Turbo,animals,"dog
cat
monkey
fish
gorilla
rhino
bird
eagle
zebra
horse
cow
pig
chicken
bison
frog
hen
falcon
iguana
lizard
ape
swordfish
tuna
crab
lobster",trout,0.0,shark,,False,True,0,,iterative,9727124731420408000,clam,False
01KFVB5P0FTGWRQW8VTRPAH9JF,26,meta-llama/Llama-3.3-70B-Instruct-Turbo,animals,"dog
cat
monkey
fish
gorilla
rhino
bird
eagle
zebra
horse
cow
pig
chicken
bison
frog
hen
falcon
iguana
lizard
ape
swordfish
tuna
crab
lobster
trout",snapper,0.0,shark,,False,True,0,,iterative,7907758322768555000,salmon,False
01KFVB5P0FTGWRQW8VTRPAH9JF,27,meta-llama/Llama-3.3-70B-Instruct-Turbo,animals,"dog
cat
monkey
fish
gorilla
rhino
bird
eagle
zebra
horse
cow
pig
chicken
bison
frog
hen
falcon
iguana
lizard
ape
swordfish
tuna
crab
lobster
trout
snapper",halibut,0.0,shark,,False,True,0,,iterative,15373044053447864000,salmon,False
01KFVB5P0FTGWRQW8VTRPAH9JF,28,meta-llama/Llama-3.3-70B-Instruct-Turbo,animals,"dog
cat
monkey
fish
gorilla
rhino
bird
eagle
zebra
horse
cow
pig
chicken
bison
frog
hen
falcon
iguana
lizard
ape
swordfish
tuna
crab
lobster
trout
snapper
halibut",hummingbird,0.0,salmon,,False,True,0,,iterative,9931569986402605000,cod,False
01KFVB5P0FTGWRQW8VTRPAH9JF,29,meta-llama/Llama-3.3-70B-Instruct-Turbo,animals,"dog
cat
monkey
fish
gorilla
rhino
bird
eagle
zebra
horse
cow
pig
chicken
bison
frog
hen
falcon
iguana
lizard
ape
swordfish
tuna
crab
lobster
trout
snapper
halibut
hummingbird",hog,0.0,parrot,,False,True,0,,iterative,9573079520634608000,parrot,False
01KFVB5P0FTGWRQW8VTRPAH9JF,30,meta-llama/Llama-3.3-70B-Instruct-Turbo,animals,"dog
cat
monkey
fish
gorilla
rhino
bird
eagle
zebra
horse
cow
pig
chicken
bison
frog
hen
falcon
iguana
lizard
ape
swordfish
tuna
crab
lobster
trout
snapper
halibut
hummingbird
hog",boar,0.0,turkey,,False,True,0,,iterative,7896235565929253000,boar,True
01KFVB5P0FTGWRQW8VTRPAH9JF,31,meta-llama/Llama-3.3-70B-Instruct-Turbo,animals,"dog
cat
monkey
fish
gorilla
rhino
bird
eagle
zebra
horse
cow
pig
chicken
bison
frog
hen
falcon
iguana
lizard
ape
swordfish
tuna
crab
lobster
trout
snapper
halibut
hummingbird
hog
boar",snake,0.0,sheep,,False,True,0,,iterative,16524137741091684000,sheep,False
01KFVB5P0FTGWRQW8VTRPAH9JF,32,meta-llama/Llama-3.3-70B-Instruct-Turbo,animals,"dog
cat
monkey
fish
gorilla
rhino
bird
eagle
zebra
horse
cow
pig
chicken
bison
frog
hen
falcon
iguana
lizard
ape
swordfish
tuna
crab
lobster
trout
snapper
halibut
hummingbird
hog
boar
snake",boa,1.0,tortoise,,False,True,0,,iterative,5685050077330998000,spider,False
01KFVB5XA9G56M2PPK9TDYZXCZ,2,meta-llama/Llama-3.3-70B-Instruct-Turbo,animals,cat,dog,0.0,dog,,True,True,0,,iterative,12552968625567670000,dog,True
01KFVB5XA9G56M2PPK9TDYZXCZ,3,meta-llama/Llama-3.3-70B-Instruct-Turbo,animals,"cat
dog",bear,0.0,hamster,,False,True,0,,iterative,906165817268292600,puppy,False
01KFVB5XA9G56M2PPK9TDYZXCZ,4,meta-llama/Llama-3.3-70B-Instruct-Turbo,animals,"cat
dog
bear",tiger,0.0,wolf,,False,True,0,,iterative,12943189217305647000,owl,False
01KFVB5XA9G56M2PPK9TDYZXCZ,5,meta-llama/Llama-3.3-70B-Instruct-Turbo,animals,"cat
dog
bear
tiger",lion,0.0,lion,,True,True,0,,iterative,4052167841976253000,elephant,False
01KFVB5XA9G56M2PPK9TDYZXCZ,6,meta-llama/Llama-3.3-70B-Instruct-Turbo,animals,"cat
dog
bear
tiger
lion",giraffe,0.0,leopard,,False,True,0,,iterative,12093434482179666000,cat,False
01KFVB5XA9G56M2PPK9TDYZXCZ,7,meta-llama/Llama-3.3-70B-Instruct-Turbo,animals,"cat
dog
bear
tiger
lion
giraffe",squirrel,0.0,elephant,,False,True,0,,iterative,1282982083689319700,hippopotamus,False
01KFVB5XA9G56M2PPK9TDYZXCZ,8,meta-llama/Llama-3.3-70B-Instruct-Turbo,animals,"cat
dog
bear
tiger
lion
giraffe
squirrel",fox,0.0,monkey,,False,True,0,,iterative,11505656094247311000,rat,False
01KFVB5XA9G56M2PPK9TDYZXCZ,9,meta-llama/Llama-3.3-70B-Instruct-Turbo,animals,"cat
dog
bear
tiger
lion
giraffe
squirrel
fox",goat,1.0,monkey,,False,True,0,,iterative,17357916958320940000,beaver,False
01KFVB5XA9G56M2PPK9TDYZXCZ,10,meta-llama/Llama-3.3-70B-Instruct-Turbo,animals,"cat
dog
bear
tiger
lion
giraffe
squirrel
fox
goat",pig,1.0,monkey,,False,True,0,,iterative,3131476407035779000,sheep,False
01KFVB5XA9G56M2PPK9TDYZXCZ,11,meta-llama/Llama-3.3-70B-Instruct-Turbo,animals,"cat
dog
bear
tiger
lion
giraffe
squirrel
fox
goat
pig",sheep,1.0,sheep,,True,True,0,,iterative,16900451286054280000,cow,False
01KFVB5XA9G56M2PPK9TDYZXCZ,12,meta-llama/Llama-3.3-70B-Instruct-Turbo,animals,"cat
dog
bear
tiger
lion
giraffe
squirrel
fox
goat
pig
sheep",chicken,0.0,cow,,False,True,0,,iterative,14209650053467546000,cow,False
01KFVB5XA9G56M2PPK9TDYZXCZ,13,meta-llama/Llama-3.3-70B-Instruct-Turbo,animals,"cat
dog
bear
tiger
lion
giraffe
squirrel
fox
goat
pig
sheep
chicken",hen,0.0,horse,,False,True,0,,iterative,9869782113534430000,cow,False
01KFVB5XA9G56M2PPK9TDYZXCZ,14,meta-llama/Llama-3.3-70B-Instruct-Turbo,animals,"cat
dog
bear
tiger
lion
giraffe
squirrel
fox
goat
pig
sheep
chicken
hen",rooster,0.0,cow,,False,True,0,,iterative,5623345331450583000,egg,False
01KFVB5XA9G56M2PPK9TDYZXCZ,15,meta-llama/Llama-3.3-70B-Instruct-Turbo,animals,"cat
dog
bear
tiger
lion
giraffe
squirrel
fox
goat
pig
sheep
chicken
hen
rooster",mouse,0.0,turkey,,False,True,0,,iterative,17513223949164716000,cow,False
01KFVB5XA9G56M2PPK9TDYZXCZ,16,meta-llama/Llama-3.3-70B-Instruct-Turbo,animals,"cat
dog
bear
tiger
lion
giraffe
squirrel
fox
goat
pig
sheep
chicken
hen
rooster
mouse",rat,0.0,horse,,False,True,0,,iterative,2268366388108721000,trap,False
01KFVB5XA9G56M2PPK9TDYZXCZ,17,meta-llama/Llama-3.3-70B-Instruct-Turbo,animals,"cat
dog
bear
tiger
lion
giraffe
squirrel
fox
goat
pig
sheep
chicken
hen
rooster
mouse
rat",wolf,0.0,horse,,False,True,0,,iterative,10671958002274468000,trap,False
01KFVB5XA9G56M2PPK9TDYZXCZ,18,meta-llama/Llama-3.3-70B-Instruct-Turbo,animals,"cat
dog
bear
tiger
lion
giraffe
squirrel
fox
goat
pig
sheep
chicken
hen
rooster
mouse
rat
wolf",owl,0.0,horse,,False,True,0,,iterative,11593025546433178000,den,False
01KFVB5XA9G56M2PPK9TDYZXCZ,19,meta-llama/Llama-3.3-70B-Instruct-Turbo,animals,"cat
dog
bear
tiger
lion
giraffe
squirrel
fox
goat
pig
sheep
chicken
hen
rooster
mouse
rat
wolf
owl",gecko,0.0,horse,,False,True,0,,iterative,7473325912130287000,bird,False
01KFVB5XA9G56M2PPK9TDYZXCZ,20,meta-llama/Llama-3.3-70B-Instruct-Turbo,animals,"cat
dog
bear
tiger
lion
giraffe
squirrel
fox
goat
pig
sheep
chicken
hen
rooster
mouse
rat
wolf
owl
gecko",lizard,0.0,snake,,False,True,0,,iterative,14625727079171387000,salamander,False
01KFVB5XA9G56M2PPK9TDYZXCZ,21,meta-llama/Llama-3.3-70B-Instruct-Turbo,animals,"cat
dog
bear
tiger
lion
giraffe
squirrel
fox
goat
pig
sheep
chicken
hen
rooster
mouse
rat
wolf
owl
gecko
lizard",emu,0.0,snake,,False,True,0,,iterative,14801925701257904000,salamander,False
01KFVB5XA9G56M2PPK9TDYZXCZ,22,meta-llama/Llama-3.3-70B-Instruct-Turbo,animals,"cat
dog
bear
tiger
lion
giraffe
squirrel
fox
goat
pig
sheep
chicken
hen
rooster
mouse
rat
wolf
owl
gecko
lizard
emu",snake,0.0,kangaroo,,False,True,0,,iterative,4594677592841249000,ostrich,False
01KFVB5XA9G56M2PPK9TDYZXCZ,23,meta-llama/Llama-3.3-70B-Instruct-Turbo,animals,"cat
dog
bear
tiger
lion
giraffe
squirrel
fox
goat
pig
sheep
chicken
hen
rooster
mouse
rat
wolf
owl
gecko
lizard
emu
snake",frog,0.0,kangaroo,,False,True,0,,iterative,10737870583089148000,bird,False
01KFVB5XA9G56M2PPK9TDYZXCZ,24,meta-llama/Llama-3.3-70B-Instruct-Turbo,animals,"cat
dog
bear
tiger
lion
giraffe
squirrel
fox
goat
pig
sheep
chicken
hen
rooster
mouse
rat
wolf
owl
gecko
lizard
emu
snake
frog",jellyfish,1.0,turtle,,False,True,0,,iterative,15469587449388347000,fly,False
01KFVB5XA9G56M2PPK9TDYZXCZ,25,meta-llama/Llama-3.3-70B-Instruct-Turbo,animals,"cat
dog
bear
tiger
lion
giraffe
squirrel
fox
goat
pig
sheep
chicken
hen
rooster
mouse
rat
wolf
owl
gecko
lizard
emu
snake
frog
jellyfish",starfish,1.0,tortoise,,False,True,0,,iterative,12743204376739996000,whale,False
01KFVB5XA9G56M2PPK9TDYZXCZ,26,meta-llama/Llama-3.3-70B-Instruct-Turbo,animals,"cat
dog
bear
tiger
lion
giraffe
squirrel
fox
goat
pig
sheep
chicken
hen
rooster
mouse
rat
wolf
owl
gecko
lizard
emu
snake
frog
jellyfish
starfish",fish,1.0,shark,,False,True,0,,iterative,9719548279534852000,shark,False
01KFVB5XA9G56M2PPK9TDYZXCZ,27,meta-llama/Llama-3.3-70B-Instruct-Turbo,animals,"cat
dog
bear
tiger
lion
giraffe
squirrel
fox
goat
pig
sheep
chicken
hen
rooster
mouse
rat
wolf
owl
gecko
lizard
emu
snake
frog
jellyfish
starfish
fish",shark,1.0,shark,,True,True,0,,iterative,7439453793231082000,whale,False
01KFVB5XA9G56M2PPK9TDYZXCZ,28,meta-llama/Llama-3.3-70B-Instruct-Turbo,animals,"cat
dog
bear
tiger
lion
giraffe
squirrel
fox
goat
pig
sheep
chicken
hen
rooster
mouse
rat
wolf
owl
gecko
lizard
emu
snake
frog
jellyfish
starfish
fish
shark",dolphin,1.0,octopus,,False,True,0,,iterative,9744369724594300000,whale,False
01KFVB5XA9G56M2PPK9TDYZXCZ,29,meta-llama/Llama-3.3-70B-Instruct-Turbo,animals,"cat
dog
bear
tiger
lion
giraffe
squirrel
fox
goat
pig
sheep
chicken
hen
rooster
mouse
rat
wolf
owl
gecko
lizard
emu
snake
frog
jellyfish
starfish
fish
shark
dolphin",bumblebee,0.0,whale,,False,True,0,,iterative,10250992569615500000,whale,False
01KFVB5XA9G56M2PPK9TDYZXCZ,30,meta-llama/Llama-3.3-70B-Instruct-Turbo,animals,"cat
dog
bear
tiger
lion
giraffe
squirrel
fox
goat
pig
sheep
chicken
hen
rooster
mouse
rat
wolf
owl
gecko
lizard
emu
snake
frog
jellyfish
starfish
fish
shark
dolphin
bumble bee",honeybee,0.0,butterfly,,False,True,0,,iterative,6312675787348183000,bush,False
01KFVB5XA9G56M2PPK9TDYZXCZ,31,meta-llama/Llama-3.3-70B-Instruct-Turbo,animals,"cat
dog
bear
tiger
lion
giraffe
squirrel
fox
goat
pig
sheep
chicken
hen
rooster
mouse
rat
wolf
owl
gecko
lizard
emu
snake
frog
jellyfish
starfish
fish
shark
dolphin
bumble bee
honey bee",mosquito,0.0,butterfly,,False,True,0,,iterative,16307252056788208000,queen bee,False
01KFVB5XA9G56M2PPK9TDYZXCZ,32,meta-llama/Llama-3.3-70B-Instruct-Turbo,animals,"cat
dog
bear
tiger
lion
giraffe
squirrel
fox
goat
pig
sheep
chicken
hen
rooster
mouse
rat
wolf
owl
gecko
lizard
emu
snake
frog
jellyfish
starfish
fish
shark
dolphin
bumble bee
honey bee
mosquito",cockroach,0.0,butterfly,,False,True,0,,iterative,2604293059309204500,bite,False
01KFVB5XA9G56M2PPK9TDYZXCZ,33,meta-llama/Llama-3.3-70B-Instruct-Turbo,animals,"cat
dog
bear
tiger
lion
giraffe
squirrel
fox
goat
pig
sheep
chicken
hen
rooster
mouse
rat
wolf
owl
gecko
lizard
emu
snake
frog
jellyfish
starfish
fish
shark
dolphin
bumble bee
honey bee
mosquito
cockroach",dragonfly,0.0,butterfly,,False,True,0,,iterative,16570323002094352000,bug,False
01KFVB5XA9G56M2PPK9TDYZXCZ,34,meta-llama/Llama-3.3-70B-Instruct-Turbo,animals,"cat
dog
bear
tiger
lion
giraffe
squirrel
fox
goat
pig
sheep
chicken
hen
rooster
mouse
rat
wolf
owl
gecko
lizard
emu
snake
frog
jellyfish
starfish
fish
shark
dolphin
bumble bee
honey bee
mosquito
cockroach
dragonfly",shrimp,1.0,butterfly,,False,True,0,,iterative,13310131330711276000,fly,False
01KFVB5XA9G56M2PPK9TDYZXCZ,35,meta-llama/Llama-3.3-70B-Instruct-Turbo,animals,"cat
dog
bear
tiger
lion
giraffe
squirrel
fox
goat
pig
sheep
chicken
hen
rooster
mouse
rat
wolf
owl
gecko
lizard
emu
snake
frog
jellyfish
starfish
fish
shark
dolphin
bumble bee
honey bee
mosquito
cockroach
dragonfly
shrimp",seahorse,1.0,crab,,False,True,0,,iterative,13311779239195079000,fish,False
01KFVB5XA9G56M2PPK9TDYZXCZ,36,meta-llama/Llama-3.3-70B-Instruct-Turbo,animals,"cat
dog
bear
tiger
lion
giraffe
squirrel
fox
goat
pig
sheep
chicken
hen
rooster
mouse
rat
wolf
owl
gecko
lizard
emu
snake
frog
jellyfish
starfish
fish
shark
dolphin
bumble bee
honey bee
mosquito
cockroach
dragonfly
shrimp
seahorse",whale,1.0,crab,,False,True,0,,iterative,7739487259212062000,whale,True
01KFVB5XA9G56M2PPK9TDYZXCZ,37,meta-llama/Llama-3.3-70B-Instruct-Turbo,animals,"cat
dog
bear
tiger
lion
giraffe
squirrel
fox
goat
pig
sheep
chicken
hen
rooster
mouse
rat
wolf
owl
gecko
lizard
emu
snake
frog
jellyfish
starfish
fish
shark
dolphin
bumble bee
honey bee
mosquito
cockroach
dragonfly
shrimp
seahorse
whale",barracuda,1.0,octopus,,False,True,0,,iterative,15035026297616423000,boat,False
01KFVB5XA9G56M2PPK9TDYZXCZ,38,meta-llama/Llama-3.3-70B-Instruct-Turbo,animals,"cat
dog
bear
tiger
lion
giraffe
squirrel
fox
goat
pig
sheep
chicken
hen
rooster
mouse
rat
wolf
owl
gecko
lizard
emu
snake
frog
jellyfish
starfish
fish
shark
dolphin
bumble bee
honey bee
mosquito
cockroach
dragonfly
shrimp
seahorse
whale
barracuda",lobster,1.0,octopus,,False,True,0,,iterative,9265665719794526000,fish,False
01KFVB5XA9G56M2PPK9TDYZXCZ,39,meta-llama/Llama-3.3-70B-Instruct-Turbo,animals,"cat
dog
bear
tiger
lion
giraffe
squirrel
fox
goat
pig
sheep
chicken
hen
rooster
mouse
rat
wolf
owl
gecko
lizard
emu
snake
frog
jellyfish
starfish
fish
shark
dolphin
bumble bee
honey bee
mosquito
cockroach
dragonfly
shrimp
seahorse
whale
barracuda
lobster",snail,1.0,crab,,False,True,0,,iterative,5331640706141433000,crab,False
01KFVB62GYRNHQXPSBY74QPV8R,2,meta-llama/Llama-3.3-70B-Instruct-Turbo,animals,pig,donkey,0.0,cow,,False,True,0,,iterative,16956543207788510000,cow,False
01KFVB62GYRNHQXPSBY74QPV8R,3,meta-llama/Llama-3.3-70B-Instruct-Turbo,animals,"pig
donkey",cow,0.0,horse,,False,True,0,,iterative,9029288509233748000,horse,False
01KFVB62GYRNHQXPSBY74QPV8R,4,meta-llama/Llama-3.3-70B-Instruct-Turbo,animals,"pig
donkey
cow",duck,0.0,horse,,False,True,0,,iterative,4401055726760178700,sheep,False
01KFVB62GYRNHQXPSBY74QPV8R,5,meta-llama/Llama-3.3-70B-Instruct-Turbo,animals,"pig
donkey
cow
duck",chicken,0.0,horse,,False,True,0,,iterative,374075333251852200,sheep,False
01KFVB62GYRNHQXPSBY74QPV8R,6,meta-llama/Llama-3.3-70B-Instruct-Turbo,animals,"pig
donkey
cow
duck
chicken",horse,0.0,horse,,True,True,0,,iterative,18059038346776586000,sheep,False
01KFVB62GYRNHQXPSBY74QPV8R,7,meta-llama/Llama-3.3-70B-Instruct-Turbo,animals,"pig
donkey
cow
duck
chicken
horse",sheep,0.0,goat,,False,True,0,,iterative,3601114063181941,sheep,True
01KFVB62GYRNHQXPSBY74QPV8R,8,meta-llama/Llama-3.3-70B-Instruct-Turbo,animals,"pig
donkey
cow
duck
chicken
horse
sheep",llama,0.0,goat,,False,True,0,,iterative,852826533297375900,goat,False
01KFVB62GYRNHQXPSBY74QPV8R,9,meta-llama/Llama-3.3-70B-Instruct-Turbo,animals,"pig
donkey
cow
duck
chicken
horse
sheep
llama",alpaca,0.0,goat,,False,True,0,,iterative,9744128825575400000,goat,False
01KFVB62GYRNHQXPSBY74QPV8R,10,meta-llama/Llama-3.3-70B-Instruct-Turbo,animals,"pig
donkey
cow
duck
chicken
horse
sheep
llama
alpaca",whale,1.0,goat,,False,True,0,,iterative,15926400747560364000,goat,False
01KFVB62GYRNHQXPSBY74QPV8R,11,meta-llama/Llama-3.3-70B-Instruct-Turbo,animals,"pig
donkey
cow
duck
chicken
horse
sheep
llama
alpaca
whale",dolphin,0.0,goat,,False,True,0,,iterative,9737934572764916000,dolphin,True
01KFVB62GYRNHQXPSBY74QPV8R,12,meta-llama/Llama-3.3-70B-Instruct-Turbo,animals,"pig
donkey
cow
duck
chicken
horse
sheep
llama
alpaca
whale
dolphin",porpoise,0.0,seal,,False,True,0,,iterative,12531505017360214000,goat,False
01KFVB62GYRNHQXPSBY74QPV8R,13,meta-llama/Llama-3.3-70B-Instruct-Turbo,animals,"pig
donkey
cow
duck
chicken
horse
sheep
llama
alpaca
whale
dolphin
porpoise",turtle,1.0,seal,,False,True,0,,iterative,2267242685589192000,seal,False
01KFVB62GYRNHQXPSBY74QPV8R,14,meta-llama/Llama-3.3-70B-Instruct-Turbo,animals,"pig
donkey
cow
duck
chicken
horse
sheep
llama
alpaca
whale
dolphin
porpoise
turtle",komododragon,0.0,octopus,,False,True,0,,iterative,13041865824720478000,seal,False
01KFVB62GYRNHQXPSBY74QPV8R,15,meta-llama/Llama-3.3-70B-Instruct-Turbo,animals,"pig
donkey
cow
duck
chicken
horse
sheep
llama
alpaca
whale
dolphin
porpoise
turtle
komodo dragon",cat,1.0,crocodile,,False,True,0,,iterative,8485884433939915000,lizard,False
01KFVB62GYRNHQXPSBY74QPV8R,16,meta-llama/Llama-3.3-70B-Instruct-Turbo,animals,"pig
donkey
cow
duck
chicken
horse
sheep
llama
alpaca
whale
dolphin
porpoise
turtle
komodo dragon
cat",dog,0.0,dog,,True,True,0,,iterative,15109146153795314000,dog,True
01KFVB62GYRNHQXPSBY74QPV8R,17,meta-llama/Llama-3.3-70B-Instruct-Turbo,animals,"pig
donkey
cow
duck
chicken
horse
sheep
llama
alpaca
whale
dolphin
porpoise
turtle
komodo dragon
cat
dog",hamster,0.0,mouse,,False,True,0,,iterative,8650517333429916000,hamster,True
01KFVB62GYRNHQXPSBY74QPV8R,18,meta-llama/Llama-3.3-70B-Instruct-Turbo,animals,"pig
donkey
cow
duck
chicken
horse
sheep
llama
alpaca
whale
dolphin
porpoise
turtle
komodo dragon
cat
dog
hamster",gerbil,0.0,gerbil,,True,True,0,,iterative,11027692326728090000,guinea pig,False
01KFVB62GYRNHQXPSBY74QPV8R,19,meta-llama/Llama-3.3-70B-Instruct-Turbo,animals,"pig
donkey
cow
duck
chicken
horse
sheep
llama
alpaca
whale
dolphin
porpoise
turtle
komodo dragon
cat
dog
hamster
gerbil",rabbit,0.0,mouse,,False,True,0,,iterative,7663225861619779000,guinea pig,False
01KFVB62GYRNHQXPSBY74QPV8R,20,meta-llama/Llama-3.3-70B-Instruct-Turbo,animals,"pig
donkey
cow
duck
chicken
horse
sheep
llama
alpaca
whale
dolphin
porpoise
turtle
komodo dragon
cat
dog
hamster
gerbil
rabbit",guineapig,0.0,mouse,,False,True,0,,iterative,1078388104323481700,guinea pig,True
01KFVB62GYRNHQXPSBY74QPV8R,21,meta-llama/Llama-3.3-70B-Instruct-Turbo,animals,"pig
donkey
cow
duck
chicken
horse
sheep
llama
alpaca
whale
dolphin
porpoise
turtle
komodo dragon
cat
dog
hamster
gerbil
rabbit
guinea pig",mouse,0.0,mouse,,True,True,0,,iterative,15885162457782841000,fish,False
01KFVB62GYRNHQXPSBY74QPV8R,22,meta-llama/Llama-3.3-70B-Instruct-Turbo,animals,"pig
donkey
cow
duck
chicken
horse
sheep
llama
alpaca
whale
dolphin
porpoise
turtle
komodo dragon
cat
dog
hamster
gerbil
rabbit
guinea pig
mouse",cockatoo,1.0,squirrel,,False,True,0,,iterative,16627129944725721000,fish,False
01KFVB62GYRNHQXPSBY74QPV8R,23,meta-llama/Llama-3.3-70B-Instruct-Turbo,animals,"pig
donkey
cow
duck
chicken
horse
sheep
llama
alpaca
whale
dolphin
porpoise
turtle
komodo dragon
cat
dog
hamster
gerbil
rabbit
guinea pig
mouse
cockatoo",parrot,0.0,parrot,,True,True,0,,iterative,4707998066988670000,cockerel,False
01KFVB62GYRNHQXPSBY74QPV8R,24,meta-llama/Llama-3.3-70B-Instruct-Turbo,animals,"pig
donkey
cow
duck
chicken
horse
sheep
llama
alpaca
whale
dolphin
porpoise
turtle
komodo dragon
cat
dog
hamster
gerbil
rabbit
guinea pig
mouse
cockatoo
parrot",bluetit,0.0,parakeet,,False,True,0,,iterative,4367317917897442300,budgie,False
01KFVB62GYRNHQXPSBY74QPV8R,25,meta-llama/Llama-3.3-70B-Instruct-Turbo,animals,"pig
donkey
cow
duck
chicken
horse
sheep
llama
alpaca
whale
dolphin
porpoise
turtle
komodo dragon
cat
dog
hamster
gerbil
rabbit
guinea pig
mouse
cockatoo
parrot
blue tit",chaffinch,0.0,sparrow,,False,True,0,,iterative,704825059721379300,robin,False
01KFVB62GYRNHQXPSBY74QPV8R,26,meta-llama/Llama-3.3-70B-Instruct-Turbo,animals,"pig
donkey
cow
duck
chicken
horse
sheep
llama
alpaca
whale
dolphin
porpoise
turtle
komodo dragon
cat
dog
hamster
gerbil
rabbit
guinea pig
mouse
cockatoo
parrot
blue tit
chaffinch",blackbird,0.0,sparrow,,False,True,0,,iterative,2469083046151318000,robin,False
01KFVB62GYRNHQXPSBY74QPV8R,27,meta-llama/Llama-3.3-70B-Instruct-Turbo,animals,"pig
donkey
cow
duck
chicken
horse
sheep
llama
alpaca
whale
dolphin
porpoise
turtle
komodo dragon
cat
dog
hamster
gerbil
rabbit
guinea pig
mouse
cockatoo
parrot
blue tit
chaffinch
blackbird",crow,0.0,sparrow,,False,True,0,,iterative,247876798632344450,robin,False
01KFVB62GYRNHQXPSBY74QPV8R,28,meta-llama/Llama-3.3-70B-Instruct-Turbo,animals,"pig
donkey
cow
duck
chicken
horse
sheep
llama
alpaca
whale
dolphin
porpoise
turtle
komodo dragon
cat
dog
hamster
gerbil
rabbit
guinea pig
mouse
cockatoo
parrot
blue tit
chaffinch
blackbird
crow",raven,0.0,sparrow,,False,True,0,,iterative,16652380256812827000,robin,False
01KFVB62GYRNHQXPSBY74QPV8R,29,meta-llama/Llama-3.3-70B-Instruct-Turbo,animals,"pig
donkey
cow
duck
chicken
horse
sheep
llama
alpaca
whale
dolphin
porpoise
turtle
komodo dragon
cat
dog
hamster
gerbil
rabbit
guinea pig
mouse
cockatoo
parrot
blue tit
chaffinch
blackbird
crow
raven",heron,0.0,sparrow,,False,True,0,,iterative,8107567454578775000,robin,False
01KFVB62GYRNHQXPSBY74QPV8R,30,meta-llama/Llama-3.3-70B-Instruct-Turbo,animals,"pig
donkey
cow
duck
chicken
horse
sheep
llama
alpaca
whale
dolphin
porpoise
turtle
komodo dragon
cat
dog
hamster
gerbil
rabbit
guinea pig
mouse
cockatoo
parrot
blue tit
chaffinch
blackbird
crow
raven
heron",seagull,0.0,swan,,False,True,0,,iterative,11575313605119697000,robin,False
01KFVB62GYRNHQXPSBY74QPV8R,31,meta-llama/Llama-3.3-70B-Instruct-Turbo,animals,"pig
donkey
cow
duck
chicken
horse
sheep
llama
alpaca
whale
dolphin
porpoise
turtle
komodo dragon
cat
dog
hamster
gerbil
rabbit
guinea pig
mouse
cockatoo
parrot
blue tit
chaffinch
blackbird
crow
raven
heron
seagull",sparrow,0.0,pigeon,,False,True,0,,iterative,12236436274613699000,robin,False
01KFVB62GYRNHQXPSBY74QPV8R,32,meta-llama/Llama-3.3-70B-Instruct-Turbo,animals,"pig
donkey
cow
duck
chicken
horse
sheep
llama
alpaca
whale
dolphin
porpoise
turtle
komodo dragon
cat
dog
hamster
gerbil
rabbit
guinea pig
mouse
cockatoo
parrot
blue tit
chaffinch
blackbird
crow
raven
heron
seagull
sparrow",rat,1.0,pigeon,,False,True,0,,iterative,9868038343940057000,robin,False
01KFVB62GYRNHQXPSBY74QPV8R,33,meta-llama/Llama-3.3-70B-Instruct-Turbo,animals,"pig
donkey
cow
duck
chicken
horse
sheep
llama
alpaca
whale
dolphin
porpoise
turtle
komodo dragon
cat
dog
hamster
gerbil
rabbit
guinea pig
mouse
cockatoo
parrot
blue tit
chaffinch
blackbird
crow
raven
heron
seagull
sparrow
rat",raccoon,0.0,pigeon,,False,True,0,,iterative,7830526143274846000,rat,False
01KFVB62GYRNHQXPSBY74QPV8R,34,meta-llama/Llama-3.3-70B-Instruct-Turbo,animals,"pig
donkey
cow
duck
chicken
horse
sheep
llama
alpaca
whale
dolphin
porpoise
turtle
komodo dragon
cat
dog
hamster
gerbil
rabbit
guinea pig
mouse
cockatoo
parrot
blue tit
chaffinch
blackbird
crow
raven
heron
seagull
sparrow
rat
raccoon",deer,1.0,squirrel,,False,True,0,,iterative,16847277733643297000,badger,False
01KFVB62GYRNHQXPSBY74QPV8R,35,meta-llama/Llama-3.3-70B-Instruct-Turbo,animals,"pig
donkey
cow
duck
chicken
horse
sheep
llama
alpaca
whale
dolphin
porpoise
turtle
komodo dragon
cat
dog
hamster
gerbil
rabbit
guinea pig
mouse
cockatoo
parrot
blue tit
chaffinch
blackbird
crow
raven
heron
seagull
sparrow
rat
raccoon
deer",badger,0.0,squirrel,,False,True,0,,iterative,15844496102885743000,reindeer,False
01KFVB62GYRNHQXPSBY74QPV8R,36,meta-llama/Llama-3.3-70B-Instruct-Turbo,animals,"pig
donkey
cow
duck
chicken
horse
sheep
llama
alpaca
whale
dolphin
porpoise
turtle
komodo dragon
cat
dog
hamster
gerbil
rabbit
guinea pig
mouse
cockatoo
parrot
blue tit
chaffinch
blackbird
crow
raven
heron
seagull
sparrow
rat
raccoon
deer
badger",woodlouse,1.0,fox,,False,True,0,,iterative,13594969557436720000,reindeer,False
01KFVB62GYRNHQXPSBY74QPV8R,37,meta-llama/Llama-3.3-70B-Instruct-Turbo,animals,"pig
donkey
cow
duck
chicken
horse
sheep
llama
alpaca
whale
dolphin
porpoise
turtle
komodo dragon
cat
dog
hamster
gerbil
rabbit
guinea pig
mouse
cockatoo
parrot
blue tit
chaffinch
blackbird
crow
raven
heron
seagull
sparrow
rat
raccoon
deer
badger
wood louse",spider,0.0,hedgehog,,False,True,0,,iterative,4239385241859089400,ant,False
01KFVB62GYRNHQXPSBY74QPV8R,38,meta-llama/Llama-3.3-70B-Instruct-Turbo,animals,"pig
donkey
cow
duck
chicken
horse
sheep
llama
alpaca
whale
dolphin
porpoise
turtle
komodo dragon
cat
dog
hamster
gerbil
rabbit
guinea pig
mouse
cockatoo
parrot
blue tit
chaffinch
blackbird
crow
raven
heron
seagull
sparrow
rat
raccoon
deer
badger
wood louse
spider",beetle,0.0,ant,,False,True,0,,iterative,12095268593455655000,ant,False
01KFVB62GYRNHQXPSBY74QPV8R,39,meta-llama/Llama-3.3-70B-Instruct-Turbo,animals,"pig
donkey
cow
duck
chicken
horse
sheep
llama
alpaca
whale
dolphin
porpoise
turtle
komodo dragon
cat
dog
hamster
gerbil
rabbit
guinea pig
mouse
cockatoo
parrot
blue tit
chaffinch
blackbird
crow
raven
heron
seagull
sparrow
rat
raccoon
deer
badger
wood louse
spider
beetle",worm,0.0,ant,,False,True,0,,iterative,5945166942342114000,ant,False
01KFVB62GYRNHQXPSBY74QPV8R,40,meta-llama/Llama-3.3-70B-Instruct-Turbo,animals,"pig
donkey
cow
duck
chicken
horse
sheep
llama
alpaca
whale
dolphin
porpoise
turtle
komodo dragon
cat
dog
hamster
gerbil
rabbit
guinea pig
mouse
cockatoo
parrot
blue tit
chaffinch
blackbird
crow
raven
heron
seagull
sparrow
rat
raccoon
deer
badger
wood louse
spider
beetle
worm",bee,0.0,ant,,False,True,0,,iterative,3929032960153494000,ant,False
01KFVB62GYRNHQXPSBY74QPV8R,41,meta-llama/Llama-3.3-70B-Instruct-Turbo,animals,"pig
donkey
cow
duck
chicken
horse
sheep
llama
alpaca
whale
dolphin
porpoise
turtle
komodo dragon
cat
dog
hamster
gerbil
rabbit
guinea pig
mouse
cockatoo
parrot
blue tit
chaffinch
blackbird
crow
raven
heron
seagull
sparrow
rat
raccoon
deer
badger
wood louse
spider
beetle
worm
bee",wasp,0.0,butterfly,,False,True,0,,iterative,8216839804857914000,wasp,True
01KFVB62GYRNHQXPSBY74QPV8R,42,meta-llama/Llama-3.3-70B-Instruct-Turbo,animals,"pig
donkey
cow
duck
chicken
horse
sheep
llama
alpaca
whale
dolphin
porpoise
turtle
komodo dragon
cat
dog
hamster
gerbil
rabbit
guinea pig
mouse
cockatoo
parrot
blue tit
chaffinch
blackbird
crow
raven
heron
seagull
sparrow
rat
raccoon
deer
badger
wood louse
spider
beetle
worm
bee
wasp",fly,0.0,ant,,False,True,0,,iterative,2810378356550974000,fly,True
01KFVB62GYRNHQXPSBY74QPV8R,43,meta-llama/Llama-3.3-70B-Instruct-Turbo,animals,"pig
donkey
cow
duck
chicken
horse
sheep
llama
alpaca
whale
dolphin
porpoise
turtle
komodo dragon
cat
dog
hamster
gerbil
rabbit
guinea pig
mouse
cockatoo
parrot
blue tit
chaffinch
blackbird
crow
raven
heron
seagull
sparrow
rat
raccoon
deer
badger
wood louse
spider
beetle
worm
bee
wasp
fly",ant,0.0,butterfly,,False,True,0,,iterative,14351578430760776000,ant,True
01KFVB7J5Z3XASJY1ZD4X95WZ4,2,meta-llama/Llama-3.3-70B-Instruct-Turbo,animals,dog,cat,1.0,cat,,True,True,0,,iterative,6712544529387661000,cat,True
01KFVB7J5Z3XASJY1ZD4X95WZ4,3,meta-llama/Llama-3.3-70B-Instruct-Turbo,animals,"dog
cat",owl,1.0,hamster,,False,True,0,,iterative,13255554895476277000,bird,False
01KFVB7J5Z3XASJY1ZD4X95WZ4,4,meta-llama/Llama-3.3-70B-Instruct-Turbo,animals,"dog
cat
owl",bat,1.0,mouse,,False,True,0,,iterative,5219320991431933000,eagle,False
01KFVB7J5Z3XASJY1ZD4X95WZ4,5,meta-llama/Llama-3.3-70B-Instruct-Turbo,animals,"dog
cat
owl
bat",llama,1.0,mouse,,False,True,0,,iterative,3897249585494535700,rat,False
01KFVB7J5Z3XASJY1ZD4X95WZ4,6,meta-llama/Llama-3.3-70B-Instruct-Turbo,animals,"dog
cat
owl
bat
llama",sheep,1.0,alpaca,,False,True,0,,iterative,1020453083325666800,emu,False
01KFVB7J5Z3XASJY1ZD4X95WZ4,7,meta-llama/Llama-3.3-70B-Instruct-Turbo,animals,"dog
cat
owl
bat
llama
sheep",cow,1.0,goat,,False,True,0,,iterative,3878845974853575700,goat,False
01KFVB7J5Z3XASJY1ZD4X95WZ4,8,meta-llama/Llama-3.3-70B-Instruct-Turbo,animals,"dog
cat
owl
bat
llama
sheep
cow",duck,1.0,horse,,False,True,0,,iterative,15596969058917980000,horse,False
01KFVB7J5Z3XASJY1ZD4X95WZ4,9,meta-llama/Llama-3.3-70B-Instruct-Turbo,animals,"dog
cat
owl
bat
llama
sheep
cow
duck",chicken,1.0,horse,,False,True,0,,iterative,17054183631829369000,squirrel,False
01KFVB7J5Z3XASJY1ZD4X95WZ4,10,meta-llama/Llama-3.3-70B-Instruct-Turbo,animals,"dog
cat
owl
bat
llama
sheep
cow
duck
chicken",horse,1.0,horse,,True,True,0,,iterative,6696763187701129000,goose,False
01KFVB7J5Z3XASJY1ZD4X95WZ4,11,meta-llama/Llama-3.3-70B-Instruct-Turbo,animals,"dog
cat
owl
bat
llama
sheep
cow
duck
chicken
horse",lamb,1.0,goat,,False,True,0,,iterative,11676280007388555000,seagull,False
01KFVB7J5Z3XASJY1ZD4X95WZ4,12,meta-llama/Llama-3.3-70B-Instruct-Turbo,animals,"dog
cat
owl
bat
llama
sheep
cow
duck
chicken
horse
lamb",pony,1.0,goat,,False,True,0,,iterative,3227538692663995400,sheep,False
01KFVB7J5Z3XASJY1ZD4X95WZ4,13,meta-llama/Llama-3.3-70B-Instruct-Turbo,animals,"dog
cat
owl
bat
llama
sheep
cow
duck
chicken
horse
lamb
pony",cheetah,1.0,goat,,False,True,0,,iterative,6706818299264970000,snake,False
01KFVB7J5Z3XASJY1ZD4X95WZ4,14,meta-llama/Llama-3.3-70B-Instruct-Turbo,animals,"dog
cat
owl
bat
llama
sheep
cow
duck
chicken
horse
lamb
pony
cheetah",leopard,1.0,goat,,False,True,0,,iterative,15842281952236288000,lion,False
01KFVB7J5Z3XASJY1ZD4X95WZ4,15,meta-llama/Llama-3.3-70B-Instruct-Turbo,animals,"dog
cat
owl
bat
llama
sheep
cow
duck
chicken
horse
lamb
pony
cheetah
leopard",elephant,1.0,tiger,,False,True,0,,iterative,2617362485512694300,lion,False
01KFVB7J5Z3XASJY1ZD4X95WZ4,16,meta-llama/Llama-3.3-70B-Instruct-Turbo,animals,"dog
cat
owl
bat
llama
sheep
cow
duck
chicken
horse
lamb
pony
cheetah
leopard
elephant",meerkat,1.0,tiger,,False,True,0,,iterative,17231426880592615000,monkey,False
01KFVB7J5Z3XASJY1ZD4X95WZ4,17,meta-llama/Llama-3.3-70B-Instruct-Turbo,animals,"dog
cat
owl
bat
llama
sheep
cow
duck
chicken
horse
lamb
pony
cheetah
leopard
elephant
meerkat",goose,0.0,giraffe,,False,True,0,,iterative,4074404472764302000,squirrel,False
01KFVB7J5Z3XASJY1ZD4X95WZ4,18,meta-llama/Llama-3.3-70B-Instruct-Turbo,animals,"dog
cat
owl
bat
llama
sheep
cow
duck
chicken
horse
lamb
pony
cheetah
leopard
elephant
meerkat
goose",moose,0.0,giraffe,,False,True,0,,iterative,5725206848307673000,parrot,False
01KFVB7J5Z3XASJY1ZD4X95WZ4,19,meta-llama/Llama-3.3-70B-Instruct-Turbo,animals,"dog
cat
owl
bat
llama
sheep
cow
duck
chicken
horse
lamb
pony
cheetah
leopard
elephant
meerkat
goose
moose",deer,0.0,rhinoceros,,False,True,0,,iterative,10155294767373634000,elk,False
01KFVB7J5Z3XASJY1ZD4X95WZ4,20,meta-llama/Llama-3.3-70B-Instruct-Turbo,animals,"dog
cat
owl
bat
llama
sheep
cow
duck
chicken
horse
lamb
pony
cheetah
leopard
elephant
meerkat
goose
moose
deer",lizard,1.0,rabbit,,False,True,0,,iterative,4840652784881632000,elk,False
01KFVB7J5Z3XASJY1ZD4X95WZ4,21,meta-llama/Llama-3.3-70B-Instruct-Turbo,animals,"dog
cat
owl
bat
llama
sheep
cow
duck
chicken
horse
lamb
pony
cheetah
leopard
elephant
meerkat
goose
moose
deer
lizard",alligator,1.0,tiger,,False,True,0,,iterative,12132522660422865000,spider,False
01KFVB7J5Z3XASJY1ZD4X95WZ4,22,meta-llama/Llama-3.3-70B-Instruct-Turbo,animals,"dog
cat
owl
bat
llama
sheep
cow
duck
chicken
horse
lamb
pony
cheetah
leopard
elephant
meerkat
goose
moose
deer
lizard
alligator",crocodile,1.0,snake,,False,True,0,,iterative,8801207583425262000,crocodile,True
01KFVB7J5Z3XASJY1ZD4X95WZ4,23,meta-llama/Llama-3.3-70B-Instruct-Turbo,animals,"dog
cat
owl
bat
llama
sheep
cow
duck
chicken
horse
lamb
pony
cheetah
leopard
elephant
meerkat
goose
moose
deer
lizard
alligator
crocodile",camel,0.0,tortoise,,False,True,0,,iterative,6119866785055043000,manatee,False
01KFVB7J5Z3XASJY1ZD4X95WZ4,24,meta-llama/Llama-3.3-70B-Instruct-Turbo,animals,"dog
cat
owl
bat
llama
sheep
cow
duck
chicken
horse
lamb
pony
cheetah
leopard
elephant
meerkat
goose
moose
deer
lizard
alligator
crocodile
camel",bird,1.0,tiger,,False,True,0,,iterative,12860675582704382000,gecko,False
01KFVB7J5Z3XASJY1ZD4X95WZ4,25,meta-llama/Llama-3.3-70B-Instruct-Turbo,animals,"dog
cat
owl
bat
llama
sheep
cow
duck
chicken
horse
lamb
pony
cheetah
leopard
elephant
meerkat
goose
moose
deer
lizard
alligator
crocodile
camel
bird",eagle,1.0,tiger,,False,True,0,,iterative,10763076808265257000,parrot,False
01KFVB7J5Z3XASJY1ZD4X95WZ4,26,meta-llama/Llama-3.3-70B-Instruct-Turbo,animals,"dog
cat
owl
bat
llama
sheep
cow
duck
chicken
horse
lamb
pony
cheetah
leopard
elephant
meerkat
goose
moose
deer
lizard
alligator
crocodile
camel
bird
eagle",hawk,1.0,tiger,,False,True,0,,iterative,16633649537534087000,hawk,True
01KFVB7J5Z3XASJY1ZD4X95WZ4,27,meta-llama/Llama-3.3-70B-Instruct-Turbo,animals,"dog
cat
owl
bat
llama
sheep
cow
duck
chicken
horse
lamb
pony
cheetah
leopard
elephant
meerkat
goose
moose
deer
lizard
alligator
crocodile
camel
bird
eagle
hawk",crow,1.0,vulture,,False,True,0,,iterative,9429864918359202000,falcon,False
01KFVB7J5Z3XASJY1ZD4X95WZ4,28,meta-llama/Llama-3.3-70B-Instruct-Turbo,animals,"dog
cat
owl
bat
llama
sheep
cow
duck
chicken
horse
lamb
pony
cheetah
leopard
elephant
meerkat
goose
moose
deer
lizard
alligator
crocodile
camel
bird
eagle
hawk
crow",raven,1.0,raven,,True,True,0,,iterative,3195591023364762000,mouse,False
01KFVB7J5Z3XASJY1ZD4X95WZ4,29,meta-llama/Llama-3.3-70B-Instruct-Turbo,animals,"dog
cat
owl
bat
llama
sheep
cow
duck
chicken
horse
lamb
pony
cheetah
leopard
elephant
meerkat
goose
moose
deer
lizard
alligator
crocodile
camel
bird
eagle
hawk
crow
raven",seagull,1.0,vulture,,False,True,0,,iterative,13886629951597545000,rat,False
01KFVB7J5Z3XASJY1ZD4X95WZ4,30,meta-llama/Llama-3.3-70B-Instruct-Turbo,animals,"dog
cat
owl
bat
llama
sheep
cow
duck
chicken
horse
lamb
pony
cheetah
leopard
elephant
meerkat
goose
moose
deer
lizard
alligator
crocodile
camel
bird
eagle
hawk
crow
raven
seagull",fish,1.0,pigeon,,False,True,0,,iterative,12276207325224600000,parakeet,False
01KFVB7J5Z3XASJY1ZD4X95WZ4,31,meta-llama/Llama-3.3-70B-Instruct-Turbo,animals,"dog
cat
owl
bat
llama
sheep
cow
duck
chicken
horse
lamb
pony
cheetah
leopard
elephant
meerkat
goose
moose
deer
lizard
alligator
crocodile
camel
bird
eagle
hawk
crow
raven
seagull
fish",salmon,1.0,shark,,False,True,0,,iterative,3708833652874262500,whale,False
01KFVB7J5Z3XASJY1ZD4X95WZ4,32,meta-llama/Llama-3.3-70B-Instruct-Turbo,animals,"dog
cat
owl
bat
llama
sheep
cow
duck
chicken
horse
lamb
pony
cheetah
leopard
elephant
meerkat
goose
moose
deer
lizard
alligator
crocodile
camel
bird
eagle
hawk
crow
raven
seagull
fish
salmon",catfish,1.0,shark,,False,True,0,,iterative,17308349957423751000,whale,False
01KFVB7J5Z3XASJY1ZD4X95WZ4,33,meta-llama/Llama-3.3-70B-Instruct-Turbo,animals,"dog
cat
owl
bat
llama
sheep
cow
duck
chicken
horse
lamb
pony
cheetah
leopard
elephant
meerkat
goose
moose
deer
lizard
alligator
crocodile
camel
bird
eagle
hawk
crow
raven
seagull
fish
salmon
catfish",crab,1.0,shark,,False,True,0,,iterative,15783905652094632000,trout,False
01KFVB7J5Z3XASJY1ZD4X95WZ4,34,meta-llama/Llama-3.3-70B-Instruct-Turbo,animals,"dog
cat
owl
bat
llama
sheep
cow
duck
chicken
horse
lamb
pony
cheetah
leopard
elephant
meerkat
goose
moose
deer
lizard
alligator
crocodile
camel
bird
eagle
hawk
crow
raven
seagull
fish
salmon
catfish
crab",crayfish,1.0,shrimp,,False,True,0,,iterative,12968384684473534000,lobster,False
01KFVB7J5Z3XASJY1ZD4X95WZ4,35,meta-llama/Llama-3.3-70B-Instruct-Turbo,animals,"dog
cat
owl
bat
llama
sheep
cow
duck
chicken
horse
lamb
pony
cheetah
leopard
elephant
meerkat
goose
moose
deer
lizard
alligator
crocodile
camel
bird
eagle
hawk
crow
raven
seagull
fish
salmon
catfish
crab
crayfish",sparrow,1.0,shrimp,,False,True,0,,iterative,17009940539123163000,starfish,False
01KFVB7J5Z3XASJY1ZD4X95WZ4,36,meta-llama/Llama-3.3-70B-Instruct-Turbo,animals,"dog
cat
owl
bat
llama
sheep
cow
duck
chicken
horse
lamb
pony
cheetah
leopard
elephant
meerkat
goose
moose
deer
lizard
alligator
crocodile
camel
bird
eagle
hawk
crow
raven
seagull
fish
salmon
catfish
crab
crayfish
sparrow",finch,1.0,finch,,True,True,0,,iterative,4661158417638934000,spider,False
01KFVB7J5Z3XASJY1ZD4X95WZ4,37,meta-llama/Llama-3.3-70B-Instruct-Turbo,animals,"dog
cat
owl
bat
llama
sheep
cow
duck
chicken
horse
lamb
pony
cheetah
leopard
elephant
meerkat
goose
moose
deer
lizard
alligator
crocodile
camel
bird
eagle
hawk
crow
raven
seagull
fish
salmon
catfish
crab
crayfish
sparrow
finch",robin,1.0,tiger,,False,True,0,,iterative,1968963831629023500,robin,True
01KFVC2RWMV2HHTG63TPCJDVGK,2,meta-llama/Llama-3.3-70B-Instruct-Turbo,animals,dog,cat,0.0,cat,,True,True,0,,iterative,1961174781554037800,collar,False
01KFVC2RWMV2HHTG63TPCJDVGK,3,meta-llama/Llama-3.3-70B-Instruct-Turbo,animals,"dog
cat",fox,0.0,hamster,,False,True,0,,iterative,517581118867653300,bird,False
01KFVC2RWMV2HHTG63TPCJDVGK,4,meta-llama/Llama-3.3-70B-Instruct-Turbo,animals,"dog
cat
fox",kangaroo,0.0,rabbit,,False,True,0,,iterative,11056497860810970000,bird,False
01KFVC2RWMV2HHTG63TPCJDVGK,5,meta-llama/Llama-3.3-70B-Instruct-Turbo,animals,"dog
cat
fox
kangaroo",lion,0.0,wolf,,False,True,0,,iterative,9156694074536589000,platypus,False
01KFVC2RWMV2HHTG63TPCJDVGK,6,meta-llama/Llama-3.3-70B-Instruct-Turbo,animals,"dog
cat
fox
kangaroo
lion",giraffe,0.0,tiger,,False,True,0,,iterative,14763117544597123000,tiger,False
01KFVC2RWMV2HHTG63TPCJDVGK,7,meta-llama/Llama-3.3-70B-Instruct-Turbo,animals,"dog
cat
fox
kangaroo
lion
giraffe",leopard,0.0,elephant,,False,True,0,,iterative,9235874786350428000,elephant,False
01KFVC2RWMV2HHTG63TPCJDVGK,8,meta-llama/Llama-3.3-70B-Instruct-Turbo,animals,"dog
cat
fox
kangaroo
lion
giraffe
leopard",koala,0.0,cheetah,,False,True,0,,iterative,5315213159298415000,cheetah,False
01KFVC2RWMV2HHTG63TPCJDVGK,9,meta-llama/Llama-3.3-70B-Instruct-Turbo,animals,"dog
cat
fox
kangaroo
lion
giraffe
leopard
koala",bird,0.0,wombat,,False,True,0,,iterative,812466061000802600,wombat,False
01KFVC2RWMV2HHTG63TPCJDVGK,10,meta-llama/Llama-3.3-70B-Instruct-Turbo,animals,"dog
cat
fox
kangaroo
lion
giraffe
leopard
koala
bird",goat,0.0,monkey,,False,True,0,,iterative,1920104428401336600,snake,False
01KFVC2RWMV2HHTG63TPCJDVGK,11,meta-llama/Llama-3.3-70B-Instruct-Turbo,animals,"dog
cat
fox
kangaroo
lion
giraffe
leopard
koala
bird
goat",horse,0.0,sheep,,False,True,0,,iterative,12260531608191295000,cow,False
01KFVC2RWMV2HHTG63TPCJDVGK,12,meta-llama/Llama-3.3-70B-Instruct-Turbo,animals,"dog
cat
fox
kangaroo
lion
giraffe
leopard
koala
bird
goat
horse",zebra,0.0,sheep,,False,True,0,,iterative,3998080789841551000,donkey,False
01KFVC2RWMV2HHTG63TPCJDVGK,13,meta-llama/Llama-3.3-70B-Instruct-Turbo,animals,"dog
cat
fox
kangaroo
lion
giraffe
leopard
koala
bird
goat
horse
zebra",monkey,0.0,donkey,,False,True,0,,iterative,15813645250652450000,camel,False
01KFVC2RWMV2HHTG63TPCJDVGK,14,meta-llama/Llama-3.3-70B-Instruct-Turbo,animals,"dog
cat
fox
kangaroo
lion
giraffe
leopard
koala
bird
goat
horse
zebra
monkey",rabbit,0.0,elephant,,False,True,0,,iterative,14919578525417260000,cheetah,False
01KFVC2RWMV2HHTG63TPCJDVGK,15,meta-llama/Llama-3.3-70B-Instruct-Turbo,animals,"dog
cat
fox
kangaroo
lion
giraffe
leopard
koala
bird
goat
horse
zebra
monkey
rabbit",hamster,0.0,squirrel,,False,True,0,,iterative,12393955502665822000,deer,False
01KFVC2RWMV2HHTG63TPCJDVGK,16,meta-llama/Llama-3.3-70B-Instruct-Turbo,animals,"dog
cat
fox
kangaroo
lion
giraffe
leopard
koala
bird
goat
horse
zebra
monkey
rabbit
hamster",rat,0.0,squirrel,,False,True,0,,iterative,8748929498767814000,mouse,False
01KFVC2RWMV2HHTG63TPCJDVGK,17,meta-llama/Llama-3.3-70B-Instruct-Turbo,animals,"dog
cat
fox
kangaroo
lion
giraffe
leopard
koala
bird
goat
horse
zebra
monkey
rabbit
hamster
rat",pig,0.0,mouse,,False,True,0,,iterative,4779711370312755000,mouse,False
01KFVC2RWMV2HHTG63TPCJDVGK,18,meta-llama/Llama-3.3-70B-Instruct-Turbo,animals,"dog
cat
fox
kangaroo
lion
giraffe
leopard
koala
bird
goat
horse
zebra
monkey
rabbit
hamster
rat
pig",lamb,0.0,cow,,False,True,0,,iterative,13637738503786318000,cow,False
01KFVC2RWMV2HHTG63TPCJDVGK,19,meta-llama/Llama-3.3-70B-Instruct-Turbo,animals,"dog
cat
fox
kangaroo
lion
giraffe
leopard
koala
bird
goat
horse
zebra
monkey
rabbit
hamster
rat
pig
lamb",bear,0.0,sheep,,False,True,0,,iterative,40000743158739670,sheep,False
01KFVC2RWMV2HHTG63TPCJDVGK,20,meta-llama/Llama-3.3-70B-Instruct-Turbo,animals,"dog
cat
fox
kangaroo
lion
giraffe
leopard
koala
bird
goat
horse
zebra
monkey
rabbit
hamster
rat
pig
lamb
bear",chicken,1.0,tiger,,False,True,0,,iterative,4659010272502544000,chicken,True
01KFVC2RWMV2HHTG63TPCJDVGK,21,meta-llama/Llama-3.3-70B-Instruct-Turbo,animals,"dog
cat
fox
kangaroo
lion
giraffe
leopard
koala
bird
goat
horse
zebra
monkey
rabbit
hamster
rat
pig
lamb
bear
chicken",rooster,1.0,cow,,False,True,0,,iterative,11598752281671756000,hen,False
01KFVC2RWMV2HHTG63TPCJDVGK,22,meta-llama/Llama-3.3-70B-Instruct-Turbo,animals,"dog
cat
fox
kangaroo
lion
giraffe
leopard
koala
bird
goat
horse
zebra
monkey
rabbit
hamster
rat
pig
lamb
bear
chicken
rooster",cockerel,1.0,turkey,,False,True,0,,iterative,12125366096350100000,turkey,False
01KFVC2RWMV2HHTG63TPCJDVGK,23,meta-llama/Llama-3.3-70B-Instruct-Turbo,animals,"dog
cat
fox
kangaroo
lion
giraffe
leopard
koala
bird
goat
horse
zebra
monkey
rabbit
hamster
rat
pig
lamb
bear
chicken
rooster
cockerel",polarbear,0.0,turkey,,False,True,0,,iterative,6169873203453568000,turkey,False
01KFVC2RWMV2HHTG63TPCJDVGK,24,meta-llama/Llama-3.3-70B-Instruct-Turbo,animals,"dog
cat
fox
kangaroo
lion
giraffe
leopard
koala
bird
goat
horse
zebra
monkey
rabbit
hamster
rat
pig
lamb
bear
chicken
rooster
cockerel
polar bear",grizzlybear,0.0,penguin,,False,True,0,,iterative,246980644253189760,grizzly bear,True
01KFVC2RWMV2HHTG63TPCJDVGK,25,meta-llama/Llama-3.3-70B-Instruct-Turbo,animals,"dog
cat
fox
kangaroo
lion
giraffe
leopard
koala
bird
goat
horse
zebra
monkey
rabbit
hamster
rat
pig
lamb
bear
chicken
rooster
cockerel
polar bear
grizzly bear",elephant,0.0,wolf,,False,True,0,,iterative,13916932739743902000,mountain lion,False
01KFVC2RWMV2HHTG63TPCJDVGK,26,meta-llama/Llama-3.3-70B-Instruct-Turbo,animals,"dog
cat
fox
kangaroo
lion
giraffe
leopard
koala
bird
goat
horse
zebra
monkey
rabbit
hamster
rat
pig
lamb
bear
chicken
rooster
cockerel
polar bear
grizzly bear
elephant",cheetah,0.0,tiger,,False,True,0,,iterative,1600230614854088400,tiger,False
01KFVCGYEAS68PW8YHR6FQKQSE,2,meta-llama/Llama-3.3-70B-Instruct-Turbo,animals,dog,cat,1.0,cat,,True,True,0,,iterative,5698640495649282000,cat,True
01KFVCGYEAS68PW8YHR6FQKQSE,3,meta-llama/Llama-3.3-70B-Instruct-Turbo,animals,"dog
cat",bear,0.0,hamster,,False,True,0,,iterative,5504908081378863000,kitten,False
01KFVCGYEAS68PW8YHR6FQKQSE,4,meta-llama/Llama-3.3-70B-Instruct-Turbo,animals,"dog
cat
bear",turkey,0.0,lion,,False,True,0,,iterative,16647577400147216000,tooth,False
01KFVCGYEAS68PW8YHR6FQKQSE,5,meta-llama/Llama-3.3-70B-Instruct-Turbo,animals,"dog
cat
bear
turkey",squirrel,0.0,deer,,False,True,0,,iterative,17152792376545526000,christmas,False
01KFVCGYEAS68PW8YHR6FQKQSE,6,meta-llama/Llama-3.3-70B-Instruct-Turbo,animals,"dog
cat
bear
turkey
squirrel",monkey,0.0,raccoon,,False,True,0,,iterative,6766450911014599000,tree,False
01KFVCGYEAS68PW8YHR6FQKQSE,7,meta-llama/Llama-3.3-70B-Instruct-Turbo,animals,"dog
cat
bear
turkey
squirrel
monkey",lion,0.0,giraffe,,False,True,0,,iterative,5528100032995196000,jungle,False
01KFVCGYEAS68PW8YHR6FQKQSE,8,meta-llama/Llama-3.3-70B-Instruct-Turbo,animals,"dog
cat
bear
turkey
squirrel
monkey
lion",tiger,0.0,tiger,,True,True,0,,iterative,1096274034127598500,tiger,True
01KFVCGYEAS68PW8YHR6FQKQSE,9,meta-llama/Llama-3.3-70B-Instruct-Turbo,animals,"dog
cat
bear
turkey
squirrel
monkey
lion
tiger",bird,1.0,leopard,,False,True,0,,iterative,150603629642157120,elephant,False
01KFVCGYEAS68PW8YHR6FQKQSE,10,meta-llama/Llama-3.3-70B-Instruct-Turbo,animals,"dog
cat
bear
turkey
squirrel
monkey
lion
tiger
bird",eagle,0.0,elephant,,False,True,0,,iterative,6168038500183470000,fly,False
01KFVCGYEAS68PW8YHR6FQKQSE,11,meta-llama/Llama-3.3-70B-Instruct-Turbo,animals,"dog
cat
bear
turkey
squirrel
monkey
lion
tiger
bird
eagle",falcon,0.0,hawk,,False,True,0,,iterative,2524421302526094300,nest,False
01KFVCGYEAS68PW8YHR6FQKQSE,12,meta-llama/Llama-3.3-70B-Instruct-Turbo,animals,"dog
cat
bear
turkey
squirrel
monkey
lion
tiger
bird
eagle
falcon",salmon,0.0,hawk,,False,True,0,,iterative,3930928572860249600,sparrow,False
01KFVCGYEAS68PW8YHR6FQKQSE,13,meta-llama/Llama-3.3-70B-Instruct-Turbo,animals,"dog
cat
bear
turkey
squirrel
monkey
lion
tiger
bird
eagle
falcon
salmon",raccoon,0.0,shark,,False,True,0,,iterative,2396391171924737500,fish,False
01KFVCGYEAS68PW8YHR6FQKQSE,14,meta-llama/Llama-3.3-70B-Instruct-Turbo,animals,"dog
cat
bear
turkey
squirrel
monkey
lion
tiger
bird
eagle
falcon
salmon
raccoon",elephant,0.0,otter,,False,True,0,,iterative,13825382039326243000,stripe,False
01KFVCGYEAS68PW8YHR6FQKQSE,15,meta-llama/Llama-3.3-70B-Instruct-Turbo,animals,"dog
cat
bear
turkey
squirrel
monkey
lion
tiger
bird
eagle
falcon
salmon
raccoon
elephant",giraffe,0.0,giraffe,,True,True,0,,iterative,76343175903057220,trunk,False
01KFVCGYEAS68PW8YHR6FQKQSE,16,meta-llama/Llama-3.3-70B-Instruct-Turbo,animals,"dog
cat
bear
turkey
squirrel
monkey
lion
tiger
bird
eagle
falcon
salmon
raccoon
elephant
giraffe",rhino,0.0,zebra,,False,True,0,,iterative,7298714389944320000,neck,False
01KFVCGYEAS68PW8YHR6FQKQSE,17,meta-llama/Llama-3.3-70B-Instruct-Turbo,animals,"dog
cat
bear
turkey
squirrel
monkey
lion
tiger
bird
eagle
falcon
salmon
raccoon
elephant
giraffe
rhino",liger,0.0,hippopotamus,,False,True,0,,iterative,476162672031846200,hippo,False
01KFVCGYEAS68PW8YHR6FQKQSE,18,meta-llama/Llama-3.3-70B-Instruct-Turbo,animals,"dog
cat
bear
turkey
squirrel
monkey
lion
tiger
bird
eagle
falcon
salmon
raccoon
elephant
giraffe
rhino
liger",hamster,1.0,leopard,,False,True,0,,iterative,1753568421563975200,lion,False
01KFVCGYEAS68PW8YHR6FQKQSE,19,meta-llama/Llama-3.3-70B-Instruct-Turbo,animals,"dog
cat
bear
turkey
squirrel
monkey
lion
tiger
bird
eagle
falcon
salmon
raccoon
elephant
giraffe
rhino
liger
hamster",ferret,1.0,leopard,,False,True,0,,iterative,9780691554534746000,gerbil,False
01KFVCGYEAS68PW8YHR6FQKQSE,20,meta-llama/Llama-3.3-70B-Instruct-Turbo,animals,"dog
cat
bear
turkey
squirrel
monkey
lion
tiger
bird
eagle
falcon
salmon
raccoon
elephant
giraffe
rhino
liger
hamster
ferret",baboon,0.0,leopard,,False,True,0,,iterative,3253408530229198300,gerbil,False
01KFVCGYEAS68PW8YHR6FQKQSE,21,meta-llama/Llama-3.3-70B-Instruct-Turbo,animals,"dog
cat
bear
turkey
squirrel
monkey
lion
tiger
bird
eagle
falcon
salmon
raccoon
elephant
giraffe
rhino
liger
hamster
ferret
baboon",jaguar,0.0,leopard,,False,True,0,,iterative,879960134391330700,monkey,False
01KFVCGYEAS68PW8YHR6FQKQSE,22,meta-llama/Llama-3.3-70B-Instruct-Turbo,animals,"dog
cat
bear
turkey
squirrel
monkey
lion
tiger
bird
eagle
falcon
salmon
raccoon
elephant
giraffe
rhino
liger
hamster
ferret
baboon
jaguar",pelican,0.0,leopard,,False,True,0,,iterative,3540236465169096700,cougar,False
01KFVCGYEAS68PW8YHR6FQKQSE,23,meta-llama/Llama-3.3-70B-Instruct-Turbo,animals,"dog
cat
bear
turkey
squirrel
monkey
lion
tiger
bird
eagle
falcon
salmon
raccoon
elephant
giraffe
rhino
liger
hamster
ferret
baboon
jaguar
pelican",grouse,0.0,leopard,,False,True,0,,iterative,16133311688264264000,penguin,False
01KFVCGYEAS68PW8YHR6FQKQSE,24,meta-llama/Llama-3.3-70B-Instruct-Turbo,animals,"dog
cat
bear
turkey
squirrel
monkey
lion
tiger
bird
eagle
falcon
salmon
raccoon
elephant
giraffe
rhino
liger
hamster
ferret
baboon
jaguar
pelican
grouse",peacock,0.0,penguin,,False,True,0,,iterative,7622489817703316000,pheasant,False
01KFVCGYEAS68PW8YHR6FQKQSE,25,meta-llama/Llama-3.3-70B-Instruct-Turbo,animals,"dog
cat
bear
turkey
squirrel
monkey
lion
tiger
bird
eagle
falcon
salmon
raccoon
elephant
giraffe
rhino
liger
hamster
ferret
baboon
jaguar
pelican
grouse
peacock",pig,0.0,parrot,,False,True,0,,iterative,17095473736619717000,feather,False
01KFVCGYEAS68PW8YHR6FQKQSE,26,meta-llama/Llama-3.3-70B-Instruct-Turbo,animals,"dog
cat
bear
turkey
squirrel
monkey
lion
tiger
bird
eagle
falcon
salmon
raccoon
elephant
giraffe
rhino
liger
hamster
ferret
baboon
jaguar
pelican
grouse
peacock
pig",cow,0.0,chicken,,False,True,0,,iterative,17027171239808016000,w,False
01KFVCGYEAS68PW8YHR6FQKQSE,27,meta-llama/Llama-3.3-70B-Instruct-Turbo,animals,"dog
cat
bear
turkey
squirrel
monkey
lion
tiger
bird
eagle
falcon
salmon
raccoon
elephant
giraffe
rhino
liger
hamster
ferret
baboon
jaguar
pelican
grouse
peacock
pig
cow",chicken,0.0,sheep,,False,True,0,,iterative,8832141792059691000,sheep,False
01KFVCGYEAS68PW8YHR6FQKQSE,28,meta-llama/Llama-3.3-70B-Instruct-Turbo,animals,"dog
cat
bear
turkey
squirrel
monkey
lion
tiger
bird
eagle
falcon
salmon
raccoon
elephant
giraffe
rhino
liger
hamster
ferret
baboon
jaguar
pelican
grouse
peacock
pig
cow
chicken",goat,0.0,horse,,False,True,0,,iterative,15979844053520187000,goose,False
01KFVCGYEAS68PW8YHR6FQKQSE,29,meta-llama/Llama-3.3-70B-Instruct-Turbo,animals,"dog
cat
bear
turkey
squirrel
monkey
lion
tiger
bird
eagle
falcon
salmon
raccoon
elephant
giraffe
rhino
liger
hamster
ferret
baboon
jaguar
pelican
grouse
peacock
pig
cow
chicken
goat",lamb,0.0,sheep,,False,True,0,,iterative,4937072332252757000,lamb,True
01KFVCGYEAS68PW8YHR6FQKQSE,30,meta-llama/Llama-3.3-70B-Instruct-Turbo,animals,"dog
cat
bear
turkey
squirrel
monkey
lion
tiger
bird
eagle
falcon
salmon
raccoon
elephant
giraffe
rhino
liger
hamster
ferret
baboon
jaguar
pelican
grouse
peacock
pig
cow
chicken
goat
lamb",alligator,0.0,sheep,,False,True,0,,iterative,18204264568967360000,calf,False
