id,rank,model,category,input_sequence,actual_response,actual_switch_response,predicted_response,predicted_switch_response,is_correct,is_chosen,choice_index,logprobs,generation_id,seed,normalizedPredicted,is_human_correct
01JVAF784A0X2JX99GMCA7AS7H-supermarket,2,meta-llama/Llama-3.3-70B-Instruct-Turbo,supermarket,fish,meat,,shrimp,,False,True,0,,iterative,16033154609968468000,bread,False
01JVAF784A0X2JX99GMCA7AS7H-supermarket,3,meta-llama/Llama-3.3-70B-Instruct-Turbo,supermarket,"fish
meat",bean,,chicken,,False,True,0,,iterative,2539886720382692000,food,False
01JVAF784A0X2JX99GMCA7AS7H-supermarket,4,meta-llama/Llama-3.3-70B-Instruct-Turbo,supermarket,"fish
meat
bean",chocolate,,tofu,,False,True,0,,iterative,2181213701866110700,rice,False
01JVAF784A0X2JX99GMCA7AS7H-supermarket,5,meta-llama/Llama-3.3-70B-Instruct-Turbo,supermarket,"fish
meat
bean
chocolate",chicken,,rice,,False,True,0,,iterative,2242074982259126500,candy,False
01JVAF784A0X2JX99GMCA7AS7H-supermarket,6,meta-llama/Llama-3.3-70B-Instruct-Turbo,supermarket,"fish
meat
bean
chocolate
chicken",pasta,,rice,,False,True,0,,iterative,2902904031392567000,fry,False
01JVAF784A0X2JX99GMCA7AS7H-supermarket,7,meta-llama/Llama-3.3-70B-Instruct-Turbo,supermarket,"fish
meat
bean
chocolate
chicken
pasta",egg,,sauce,,False,True,0,,iterative,15755834289622256000,cake,False
01JVAF784A0X2JX99GMCA7AS7H-supermarket,8,meta-llama/Llama-3.3-70B-Instruct-Turbo,supermarket,"fish
meat
bean
chocolate
chicken
pasta
egg",milk,,rice,,False,True,0,,iterative,11733341832353755000,sweet,False
01JVAF784A0X2JX99GMCA7AS7H-supermarket,9,meta-llama/Llama-3.3-70B-Instruct-Turbo,supermarket,"fish
meat
bean
chocolate
chicken
pasta
egg
milk",cheese,,cheese,,True,True,0,,iterative,13356389750019279000,bread,False
01JVAF784A0X2JX99GMCA7AS7H-supermarket,10,meta-llama/Llama-3.3-70B-Instruct-Turbo,supermarket,"fish
meat
bean
chocolate
chicken
pasta
egg
milk
cheese",bread,,yogurt,,False,True,0,,iterative,14414608174530249000,juice,False
01JVAF784A0X2JX99GMCA7AS7H-supermarket,11,meta-llama/Llama-3.3-70B-Instruct-Turbo,supermarket,"fish
meat
bean
chocolate
chicken
pasta
egg
milk
cheese
bread",crumpet,,butter,,False,True,0,,iterative,10361041190826437000,candy,False
01JVAF784A0X2JX99GMCA7AS7H-supermarket,12,meta-llama/Llama-3.3-70B-Instruct-Turbo,supermarket,"fish
meat
bean
chocolate
chicken
pasta
egg
milk
cheese
bread
crumpet",crisp,,butter,,False,True,0,,iterative,7596414910940909000,yogurt,False
01JVAF784A0X2JX99GMCA7AS7H-supermarket,13,meta-llama/Llama-3.3-70B-Instruct-Turbo,supermarket,"fish
meat
bean
chocolate
chicken
pasta
egg
milk
cheese
bread
crumpet
crisp",fizzypop,,butter,,False,True,0,,iterative,15456405599035027000,pineapple,False
01JVAF784A0X2JX99GMCA7AS7H-supermarket,14,meta-llama/Llama-3.3-70B-Instruct-Turbo,supermarket,"fish
meat
bean
chocolate
chicken
pasta
egg
milk
cheese
bread
crumpet
crisp
fizzy pop",peanut,,butter,,False,True,0,,iterative,1548110968107721000,popcorn,False
01JVAF784A0X2JX99GMCA7AS7H-supermarket,15,meta-llama/Llama-3.3-70B-Instruct-Turbo,supermarket,"fish
meat
bean
chocolate
chicken
pasta
egg
milk
cheese
bread
crumpet
crisp
fizzy pop
peanut",almond,,butter,,False,True,0,,iterative,11425571229726540000,nut,False
01JVAF784A0X2JX99GMCA7AS7H-supermarket,16,meta-llama/Llama-3.3-70B-Instruct-Turbo,supermarket,"fish
meat
bean
chocolate
chicken
pasta
egg
milk
cheese
bread
crumpet
crisp
fizzy pop
peanut
almond",pistachio,,butter,,False,True,0,,iterative,9896837575667556000,cookie,False
01JVAF784A0X2JX99GMCA7AS7H-supermarket,17,meta-llama/Llama-3.3-70B-Instruct-Turbo,supermarket,"fish
meat
bean
chocolate
chicken
pasta
egg
milk
cheese
bread
crumpet
crisp
fizzy pop
peanut
almond
pistachio",bleach,,walnut,,False,True,0,,iterative,10254341534438412000,soda,False
01JVAF784A0X2JX99GMCA7AS7H-supermarket,18,meta-llama/Llama-3.3-70B-Instruct-Turbo,supermarket,"fish
meat
bean
chocolate
chicken
pasta
egg
milk
cheese
bread
crumpet
crisp
fizzy pop
peanut
almond
pistachio
bleach",binbag,,toiletpaper,,False,True,0,,iterative,5910851902956743000,energy drink,False
01JVAF784A0X2JX99GMCA7AS7H-supermarket,19,meta-llama/Llama-3.3-70B-Instruct-Turbo,supermarket,"fish
meat
bean
chocolate
chicken
pasta
egg
milk
cheese
bread
crumpet
crisp
fizzy pop
peanut
almond
pistachio
bleach
bin bag",broom,,toiletpaper,,False,True,0,,iterative,11372535954700014000,fizzy drink,False
01JVAF784A0X2JX99GMCA7AS7H-supermarket,20,meta-llama/Llama-3.3-70B-Instruct-Turbo,supermarket,"fish
meat
bean
chocolate
chicken
pasta
egg
milk
cheese
bread
crumpet
crisp
fizzy pop
peanut
almond
pistachio
bleach
bin bag
broom",magazine,,mop,,False,True,0,,iterative,6146190922894708000,skateboard,False
01JVAF784A0X2JX99GMCA7AS7H-supermarket,21,meta-llama/Llama-3.3-70B-Instruct-Turbo,supermarket,"fish
meat
bean
chocolate
chicken
pasta
egg
milk
cheese
bread
crumpet
crisp
fizzy pop
peanut
almond
pistachio
bleach
bin bag
broom
magazine",book,,newspaper,,False,True,0,,iterative,2701281541781075000,washing machine,False
01JVAF784A0X2JX99GMCA7AS7H-supermarket,22,meta-llama/Llama-3.3-70B-Instruct-Turbo,supermarket,"fish
meat
bean
chocolate
chicken
pasta
egg
milk
cheese
bread
crumpet
crisp
fizzy pop
peanut
almond
pistachio
bleach
bin bag
broom
magazine
book",apple,,newspaper,,False,True,0,,iterative,15392368177749137000,dish,False
01JVAF784A0X2JX99GMCA7AS7H-supermarket,23,meta-llama/Llama-3.3-70B-Instruct-Turbo,supermarket,"fish
meat
bean
chocolate
chicken
pasta
egg
milk
cheese
bread
crumpet
crisp
fizzy pop
peanut
almond
pistachio
bleach
bin bag
broom
magazine
book
apple",banana,,banana,,True,True,0,,iterative,7415205567577979000,cup,False
01JVAF784A0X2JX99GMCA7AS7H-supermarket,24,meta-llama/Llama-3.3-70B-Instruct-Turbo,supermarket,"fish
meat
bean
chocolate
chicken
pasta
egg
milk
cheese
bread
crumpet
crisp
fizzy pop
peanut
almond
pistachio
bleach
bin bag
broom
magazine
book
apple
banana",strawberry,,orange,,False,True,0,,iterative,11024508052555076000,pineapple,False
01JVAF784A0X2JX99GMCA7AS7H-supermarket,25,meta-llama/Llama-3.3-70B-Instruct-Turbo,supermarket,"fish
meat
bean
chocolate
chicken
pasta
egg
milk
cheese
bread
crumpet
crisp
fizzy pop
peanut
almond
pistachio
bleach
bin bag
broom
magazine
book
apple
banana
strawberry",raspberry,,orange,,False,True,0,,iterative,3228085937819040300,raspberry,True
01JVAF784A0X2JX99GMCA7AS7H-supermarket,26,meta-llama/Llama-3.3-70B-Instruct-Turbo,supermarket,"fish
meat
bean
chocolate
chicken
pasta
egg
milk
cheese
bread
crumpet
crisp
fizzy pop
peanut
almond
pistachio
bleach
bin bag
broom
magazine
book
apple
banana
strawberry
raspberry",orange,,blueberry,,False,True,0,,iterative,4539719458707876000,cherry,False
01JVAF784A0X2JX99GMCA7AS7H-supermarket,27,meta-llama/Llama-3.3-70B-Instruct-Turbo,supermarket,"fish
meat
bean
chocolate
chicken
pasta
egg
milk
cheese
bread
crumpet
crisp
fizzy pop
peanut
almond
pistachio
bleach
bin bag
broom
magazine
book
apple
banana
strawberry
raspberry
orange",peach,,grape,,False,True,0,,iterative,3697888025276539400,mango,False
01JVAF784A0X2JX99GMCA7AS7H-supermarket,28,meta-llama/Llama-3.3-70B-Instruct-Turbo,supermarket,"fish
meat
bean
chocolate
chicken
pasta
egg
milk
cheese
bread
crumpet
crisp
fizzy pop
peanut
almond
pistachio
bleach
bin bag
broom
magazine
book
apple
banana
strawberry
raspberry
orange
peach",apricot,,pear,,False,True,0,,iterative,1351726703094101200,cucumber,False
01JVAF784A0X2JX99GMCA7AS7H-supermarket,29,meta-llama/Llama-3.3-70B-Instruct-Turbo,supermarket,"fish
meat
bean
chocolate
chicken
pasta
egg
milk
cheese
bread
crumpet
crisp
fizzy pop
peanut
almond
pistachio
bleach
bin bag
broom
magazine
book
apple
banana
strawberry
raspberry
orange
peach
apricot",pineapple,,plum,,False,True,0,,iterative,2585036342289194000,pea,False
01JVAF784A0X2JX99GMCA7AS7H-supermarket,30,meta-llama/Llama-3.3-70B-Instruct-Turbo,supermarket,"fish
meat
bean
chocolate
chicken
pasta
egg
milk
cheese
bread
crumpet
crisp
fizzy pop
peanut
almond
pistachio
bleach
bin bag
broom
magazine
book
apple
banana
strawberry
raspberry
orange
peach
apricot
pineapple",broccoli,,grapes,,False,True,0,,iterative,4625115354022638000,rice,False
01JVAF784A0X2JX99GMCA7AS7H-supermarket,31,meta-llama/Llama-3.3-70B-Instruct-Turbo,supermarket,"fish
meat
bean
chocolate
chicken
pasta
egg
milk
cheese
bread
crumpet
crisp
fizzy pop
peanut
almond
pistachio
bleach
bin bag
broom
magazine
book
apple
banana
strawberry
raspberry
orange
peach
apricot
pineapple
broccoli",cauliflower,,carrot,,False,True,0,,iterative,14880083717244994000,cauliflower,True
01JVAF784A0X2JX99GMCA7AS7H-supermarket,32,meta-llama/Llama-3.3-70B-Instruct-Turbo,supermarket,"fish
meat
bean
chocolate
chicken
pasta
egg
milk
cheese
bread
crumpet
crisp
fizzy pop
peanut
almond
pistachio
bleach
bin bag
broom
magazine
book
apple
banana
strawberry
raspberry
orange
peach
apricot
pineapple
broccoli
cauliflower",leek,,carrot,,False,True,0,,iterative,14784744168125567000,watermelon,False
01JVAF784A0X2JX99GMCA7AS7H-supermarket,33,meta-llama/Llama-3.3-70B-Instruct-Turbo,supermarket,"fish
meat
bean
chocolate
chicken
pasta
egg
milk
cheese
bread
crumpet
crisp
fizzy pop
peanut
almond
pistachio
bleach
bin bag
broom
magazine
book
apple
banana
strawberry
raspberry
orange
peach
apricot
pineapple
broccoli
cauliflower
leek",bellpepper,,carrot,,False,True,0,,iterative,17995419750833600000,carrot,False
01JVAF784A0X2JX99GMCA7AS7H-supermarket,34,meta-llama/Llama-3.3-70B-Instruct-Turbo,supermarket,"fish
meat
bean
chocolate
chicken
pasta
egg
milk
cheese
bread
crumpet
crisp
fizzy pop
peanut
almond
pistachio
bleach
bin bag
broom
magazine
book
apple
banana
strawberry
raspberry
orange
peach
apricot
pineapple
broccoli
cauliflower
leek
bell pepper",sausage,,onion,,False,True,0,,iterative,1272568395087790800,grape,False
01JVAF784A0X2JX99GMCA7AS7H-supermarket,35,meta-llama/Llama-3.3-70B-Instruct-Turbo,supermarket,"fish
meat
bean
chocolate
chicken
pasta
egg
milk
cheese
bread
crumpet
crisp
fizzy pop
peanut
almond
pistachio
bleach
bin bag
broom
magazine
book
apple
banana
strawberry
raspberry
orange
peach
apricot
pineapple
broccoli
cauliflower
leek
bell pepper
sausage",cottagecheese,,onion,,False,True,0,,iterative,12631772783279133000,bacon,False
01JVAF784A0X2JX99GMCA7AS7H-supermarket,36,meta-llama/Llama-3.3-70B-Instruct-Turbo,supermarket,"fish
meat
bean
chocolate
chicken
pasta
egg
milk
cheese
bread
crumpet
crisp
fizzy pop
peanut
almond
pistachio
bleach
bin bag
broom
magazine
book
apple
banana
strawberry
raspberry
orange
peach
apricot
pineapple
broccoli
cauliflower
leek
bell pepper
sausage
cottage cheese",potato,,yogurt,,False,True,0,,iterative,3518412046390785000,ground beef,False
01JVAF784A0X2JX99GMCA7AS7H-supermarket,37,meta-llama/Llama-3.3-70B-Instruct-Turbo,supermarket,"fish
meat
bean
chocolate
chicken
pasta
egg
milk
cheese
bread
crumpet
crisp
fizzy pop
peanut
almond
pistachio
bleach
bin bag
broom
magazine
book
apple
banana
strawberry
raspberry
orange
peach
apricot
pineapple
broccoli
cauliflower
leek
bell pepper
sausage
cottage cheese
potato",wine,,onion,,False,True,0,,iterative,14794202756784577000,chicken breast,False
01JVAF784A0X2JX99GMCA7AS7H-supermarket,38,meta-llama/Llama-3.3-70B-Instruct-Turbo,supermarket,"fish
meat
bean
chocolate
chicken
pasta
egg
milk
cheese
bread
crumpet
crisp
fizzy pop
peanut
almond
pistachio
bleach
bin bag
broom
magazine
book
apple
banana
strawberry
raspberry
orange
peach
apricot
pineapple
broccoli
cauliflower
leek
bell pepper
sausage
cottage cheese
potato
wine",beer,,carrot,,False,True,0,,iterative,8453835438760582000,fizzy drink,False
01JVAF784A0X2JX99GMCA7AS7H-supermarket,39,meta-llama/Llama-3.3-70B-Instruct-Turbo,supermarket,"fish
meat
bean
chocolate
chicken
pasta
egg
milk
cheese
bread
crumpet
crisp
fizzy pop
peanut
almond
pistachio
bleach
bin bag
broom
magazine
book
apple
banana
strawberry
raspberry
orange
peach
apricot
pineapple
broccoli
cauliflower
leek
bell pepper
sausage
cottage cheese
potato
wine
beer",whisky,,vodka,,False,True,0,,iterative,16015608749888356000,juice,False
01JVAF784A0X2JX99GMCA7AS7H-supermarket,40,meta-llama/Llama-3.3-70B-Instruct-Turbo,supermarket,"fish
meat
bean
chocolate
chicken
pasta
egg
milk
cheese
bread
crumpet
crisp
fizzy pop
peanut
almond
pistachio
bleach
bin bag
broom
magazine
book
apple
banana
strawberry
raspberry
orange
peach
apricot
pineapple
broccoli
cauliflower
leek
bell pepper
sausage
cottage cheese
potato
wine
beer
whisky",vodka,,vodka,,True,True,0,,iterative,10759626575139056000,wine,False
01JVAF784A0X2JX99GMCA7AS7H-supermarket,41,meta-llama/Llama-3.3-70B-Instruct-Turbo,supermarket,"fish
meat
bean
chocolate
chicken
pasta
egg
milk
cheese
bread
crumpet
crisp
fizzy pop
peanut
almond
pistachio
bleach
bin bag
broom
magazine
book
apple
banana
strawberry
raspberry
orange
peach
apricot
pineapple
broccoli
cauliflower
leek
bell pepper
sausage
cottage cheese
potato
wine
beer
whisky
vodka",biscuit,,gin,,False,True,0,,iterative,9002802020499183000,red bull,False
01JVAFAYZ1487DN1K8VQG0SPKB-supermarket,2,meta-llama/Llama-3.3-70B-Instruct-Turbo,supermarket,bread,milk,,butter,,False,True,0,,iterative,1866527591369315000,butter,False
01JVAFAYZ1487DN1K8VQG0SPKB-supermarket,3,meta-llama/Llama-3.3-70B-Instruct-Turbo,supermarket,"bread
milk",potato,,butter,,False,True,0,,iterative,9712066046752610000,cow,False
01JVAFAYZ1487DN1K8VQG0SPKB-supermarket,4,meta-llama/Llama-3.3-70B-Instruct-Turbo,supermarket,"bread
milk
potato",corn,,butter,,False,True,0,,iterative,2475795445069858300,chip,False
01JVAFAYZ1487DN1K8VQG0SPKB-supermarket,5,meta-llama/Llama-3.3-70B-Instruct-Turbo,supermarket,"bread
milk
potato
corn",flour,,butter,,False,True,0,,iterative,13496293621275986000,chicken,False
01JVAFAYZ1487DN1K8VQG0SPKB-supermarket,6,meta-llama/Llama-3.3-70B-Instruct-Turbo,supermarket,"bread
milk
potato
corn
flour",egg,,sugar,,False,True,0,,iterative,6688860102162532000,cake,False
01JVAFAYZ1487DN1K8VQG0SPKB-supermarket,7,meta-llama/Llama-3.3-70B-Instruct-Turbo,supermarket,"bread
milk
potato
corn
flour
egg",marshmallow,,butter,,False,True,0,,iterative,468428166760400400,chicken,False
01JVAFAYZ1487DN1K8VQG0SPKB-supermarket,8,meta-llama/Llama-3.3-70B-Instruct-Turbo,supermarket,"bread
milk
potato
corn
flour
egg
marshmallow",chocolate,,chocolate,,True,True,0,,iterative,17392156505608866000,soft,False
01JVAFAYZ1487DN1K8VQG0SPKB-supermarket,9,meta-llama/Llama-3.3-70B-Instruct-Turbo,supermarket,"bread
milk
potato
corn
flour
egg
marshmallow
chocolate",cereal,,grahamcracker,,False,True,0,,iterative,2255824405070597600,biscuit,False
01JVAFAYZ1487DN1K8VQG0SPKB-supermarket,10,meta-llama/Llama-3.3-70B-Instruct-Turbo,supermarket,"bread
milk
potato
corn
flour
egg
marshmallow
chocolate
cereal",rice,,sugar,,False,True,0,,iterative,6077993381014110000,milk,False
01JVAFAYZ1487DN1K8VQG0SPKB-supermarket,11,meta-llama/Llama-3.3-70B-Instruct-Turbo,supermarket,"bread
milk
potato
corn
flour
egg
marshmallow
chocolate
cereal
rice",roll,,sugar,,False,True,0,,iterative,13302965143806972000,curry,False
01JVAFAYZ1487DN1K8VQG0SPKB-supermarket,12,meta-llama/Llama-3.3-70B-Instruct-Turbo,supermarket,"bread
milk
potato
corn
flour
egg
marshmallow
chocolate
cereal
rice
roll",cake,,butter,,False,True,0,,iterative,8758969256040935000,bread,False
01JVAFAYZ1487DN1K8VQG0SPKB-supermarket,13,meta-llama/Llama-3.3-70B-Instruct-Turbo,supermarket,"bread
milk
potato
corn
flour
egg
marshmallow
chocolate
cereal
rice
roll
cake",biscuit,,butter,,False,True,0,,iterative,2103612733156725000,icing,False
01JVAFAYZ1487DN1K8VQG0SPKB-supermarket,14,meta-llama/Llama-3.3-70B-Instruct-Turbo,supermarket,"bread
milk
potato
corn
flour
egg
marshmallow
chocolate
cereal
rice
roll
cake
biscuit",fish,,butter,,False,True,0,,iterative,12837915001689776000,tea,False
01JVAFAYZ1487DN1K8VQG0SPKB-supermarket,15,meta-llama/Llama-3.3-70B-Instruct-Turbo,supermarket,"bread
milk
potato
corn
flour
egg
marshmallow
chocolate
cereal
rice
roll
cake
biscuit
fish",meat,,butter,,False,True,0,,iterative,15484090241732243000,chip,False
01JVAFAYZ1487DN1K8VQG0SPKB-supermarket,16,meta-llama/Llama-3.3-70B-Instruct-Turbo,supermarket,"bread
milk
potato
corn
flour
egg
marshmallow
chocolate
cereal
rice
roll
cake
biscuit
fish
meat",chicken,,chicken,,True,True,0,,iterative,7262636478553450000,potato,False
01JVAFAYZ1487DN1K8VQG0SPKB-supermarket,17,meta-llama/Llama-3.3-70B-Instruct-Turbo,supermarket,"bread
milk
potato
corn
flour
egg
marshmallow
chocolate
cereal
rice
roll
cake
biscuit
fish
meat
chicken",pizza,,turkey,,False,True,0,,iterative,1993767668227905000,egg,False
01JVAFAYZ1487DN1K8VQG0SPKB-supermarket,18,meta-llama/Llama-3.3-70B-Instruct-Turbo,supermarket,"bread
milk
potato
corn
flour
egg
marshmallow
chocolate
cereal
rice
roll
cake
biscuit
fish
meat
chicken
pizza",pasta,,sauce,,False,True,0,,iterative,13475391358129080000,tomato,False
01JVAFAYZ1487DN1K8VQG0SPKB-supermarket,19,meta-llama/Llama-3.3-70B-Instruct-Turbo,supermarket,"bread
milk
potato
corn
flour
egg
marshmallow
chocolate
cereal
rice
roll
cake
biscuit
fish
meat
chicken
pizza
pasta",detergent,,sauce,,False,True,0,,iterative,12866517796634270000,sauce,False
01JVAFAYZ1487DN1K8VQG0SPKB-supermarket,20,meta-llama/Llama-3.3-70B-Instruct-Turbo,supermarket,"bread
milk
potato
corn
flour
egg
marshmallow
chocolate
cereal
rice
roll
cake
biscuit
fish
meat
chicken
pizza
pasta
detergent",bleach,,sauce,,False,True,0,,iterative,8878225737496025000,washing,False
01JVAFAYZ1487DN1K8VQG0SPKB-supermarket,21,meta-llama/Llama-3.3-70B-Instruct-Turbo,supermarket,"bread
milk
potato
corn
flour
egg
marshmallow
chocolate
cereal
rice
roll
cake
biscuit
fish
meat
chicken
pizza
pasta
detergent
bleach",sponge,,toiletpaper,,False,True,0,,iterative,4770278397415029000,toilet,False
01JVAFAYZ1487DN1K8VQG0SPKB-supermarket,22,meta-llama/Llama-3.3-70B-Instruct-Turbo,supermarket,"bread
milk
potato
corn
flour
egg
marshmallow
chocolate
cereal
rice
roll
cake
biscuit
fish
meat
chicken
pizza
pasta
detergent
bleach
sponge",cloth,,toiletpaper,,False,True,0,,iterative,12053313166501520000,cloth,True
01JVAFAYZ1487DN1K8VQG0SPKB-supermarket,23,meta-llama/Llama-3.3-70B-Instruct-Turbo,supermarket,"bread
milk
potato
corn
flour
egg
marshmallow
chocolate
cereal
rice
roll
cake
biscuit
fish
meat
chicken
pizza
pasta
detergent
bleach
sponge
cloth",washingpowder,,dishsoap,,False,True,0,,iterative,9887332428546089000,nappy,False
01JVAFAYZ1487DN1K8VQG0SPKB-supermarket,24,meta-llama/Llama-3.3-70B-Instruct-Turbo,supermarket,"bread
milk
potato
corn
flour
egg
marshmallow
chocolate
cereal
rice
roll
cake
biscuit
fish
meat
chicken
pizza
pasta
detergent
bleach
sponge
cloth
washing powder",crisp,,dishsoap,,False,True,0,,iterative,13573855511078498000,detergent,False
01JVAFAYZ1487DN1K8VQG0SPKB-supermarket,25,meta-llama/Llama-3.3-70B-Instruct-Turbo,supermarket,"bread
milk
potato
corn
flour
egg
marshmallow
chocolate
cereal
rice
roll
cake
biscuit
fish
meat
chicken
pizza
pasta
detergent
bleach
sponge
cloth
washing powder
crisp",cracker,,chips,,False,True,0,,iterative,684286079017554300,popcorn,False
01JVAFAYZ1487DN1K8VQG0SPKB-supermarket,26,meta-llama/Llama-3.3-70B-Instruct-Turbo,supermarket,"bread
milk
potato
corn
flour
egg
marshmallow
chocolate
cereal
rice
roll
cake
biscuit
fish
meat
chicken
pizza
pasta
detergent
bleach
sponge
cloth
washing powder
crisp
cracker",cheese,,cookie,,False,True,0,,iterative,165436491850405660,biscuit,False
01JVAFAYZ1487DN1K8VQG0SPKB-supermarket,27,meta-llama/Llama-3.3-70B-Instruct-Turbo,supermarket,"bread
milk
potato
corn
flour
egg
marshmallow
chocolate
cereal
rice
roll
cake
biscuit
fish
meat
chicken
pizza
pasta
detergent
bleach
sponge
cloth
washing powder
crisp
cracker
cheese",quorn,,butter,,False,True,0,,iterative,1681117810994816300,biscuit,False
01JVAFAYZ1487DN1K8VQG0SPKB-supermarket,28,meta-llama/Llama-3.3-70B-Instruct-Turbo,supermarket,"bread
milk
potato
corn
flour
egg
marshmallow
chocolate
cereal
rice
roll
cake
biscuit
fish
meat
chicken
pizza
pasta
detergent
bleach
sponge
cloth
washing powder
crisp
cracker
cheese
quorn",sauce,,tofu,,False,True,0,,iterative,12099130269252377000,vegetarian,False
01JVAFAYZ1487DN1K8VQG0SPKB-supermarket,29,meta-llama/Llama-3.3-70B-Instruct-Turbo,supermarket,"bread
milk
potato
corn
flour
egg
marshmallow
chocolate
cereal
rice
roll
cake
biscuit
fish
meat
chicken
pizza
pasta
detergent
bleach
sponge
cloth
washing powder
crisp
cracker
cheese
quorn
sauce",gravy,,noodles,,False,True,0,,iterative,7288459139909311000,ketchup,False
01JVAFAYZ1487DN1K8VQG0SPKB-supermarket,30,meta-llama/Llama-3.3-70B-Instruct-Turbo,supermarket,"bread
milk
potato
corn
flour
egg
marshmallow
chocolate
cereal
rice
roll
cake
biscuit
fish
meat
chicken
pizza
pasta
detergent
bleach
sponge
cloth
washing powder
crisp
cracker
cheese
quorn
sauce
gravy",meringue,,yogurt,,False,True,0,,iterative,2591645085333527600,sauce,False
01JVAFAYZ1487DN1K8VQG0SPKB-supermarket,31,meta-llama/Llama-3.3-70B-Instruct-Turbo,supermarket,"bread
milk
potato
corn
flour
egg
marshmallow
chocolate
cereal
rice
roll
cake
biscuit
fish
meat
chicken
pizza
pasta
detergent
bleach
sponge
cloth
washing powder
crisp
cracker
cheese
quorn
sauce
gravy
meringue",croissant,,whippedcream,,False,True,0,,iterative,17168322895771441000,pie,False
01JVAFAYZ1487DN1K8VQG0SPKB-supermarket,32,meta-llama/Llama-3.3-70B-Instruct-Turbo,supermarket,"bread
milk
potato
corn
flour
egg
marshmallow
chocolate
cereal
rice
roll
cake
biscuit
fish
meat
chicken
pizza
pasta
detergent
bleach
sponge
cloth
washing powder
crisp
cracker
cheese
quorn
sauce
gravy
meringue
croissant",battery,,butter,,False,True,0,,iterative,9026865432931522000,butter,False
01JVAFAYZ1487DN1K8VQG0SPKB-supermarket,33,meta-llama/Llama-3.3-70B-Instruct-Turbo,supermarket,"bread
milk
potato
corn
flour
egg
marshmallow
chocolate
cereal
rice
roll
cake
biscuit
fish
meat
chicken
pizza
pasta
detergent
bleach
sponge
cloth
washing powder
crisp
cracker
cheese
quorn
sauce
gravy
meringue
croissant
battery",conditioner,,butter,,False,True,0,,iterative,1580826245221560300,camera,False
01JVAFAYZ1487DN1K8VQG0SPKB-supermarket,34,meta-llama/Llama-3.3-70B-Instruct-Turbo,supermarket,"bread
milk
potato
corn
flour
egg
marshmallow
chocolate
cereal
rice
roll
cake
biscuit
fish
meat
chicken
pizza
pasta
detergent
bleach
sponge
cloth
washing powder
crisp
cracker
cheese
quorn
sauce
gravy
meringue
croissant
battery
conditioner",soap,,shampoo,,False,True,0,,iterative,6344916592422168000,shampoo,False
01JVAFAYZ1487DN1K8VQG0SPKB-supermarket,35,meta-llama/Llama-3.3-70B-Instruct-Turbo,supermarket,"bread
milk
potato
corn
flour
egg
marshmallow
chocolate
cereal
rice
roll
cake
biscuit
fish
meat
chicken
pizza
pasta
detergent
bleach
sponge
cloth
washing powder
crisp
cracker
cheese
quorn
sauce
gravy
meringue
croissant
battery
conditioner
soap",shampoo,,toothpaste,,False,True,0,,iterative,714146773679242200,shower gel,False
01JVAFAYZ1487DN1K8VQG0SPKB-supermarket,36,meta-llama/Llama-3.3-70B-Instruct-Turbo,supermarket,"bread
milk
potato
corn
flour
egg
marshmallow
chocolate
cereal
rice
roll
cake
biscuit
fish
meat
chicken
pizza
pasta
detergent
bleach
sponge
cloth
washing powder
crisp
cracker
cheese
quorn
sauce
gravy
meringue
croissant
battery
conditioner
soap
shampoo",comb,,toothpaste,,False,True,0,,iterative,3670906152297468400,conditioner,False
01JVAFAYZ1487DN1K8VQG0SPKB-supermarket,37,meta-llama/Llama-3.3-70B-Instruct-Turbo,supermarket,"bread
milk
potato
corn
flour
egg
marshmallow
chocolate
cereal
rice
roll
cake
biscuit
fish
meat
chicken
pizza
pasta
detergent
bleach
sponge
cloth
washing powder
crisp
cracker
cheese
quorn
sauce
gravy
meringue
croissant
battery
conditioner
soap
shampoo
comb",bag,,toothbrush,,False,True,0,,iterative,6766841754702972000,brush,False
01JVAFAYZ1487DN1K8VQG0SPKB-supermarket,38,meta-llama/Llama-3.3-70B-Instruct-Turbo,supermarket,"bread
milk
potato
corn
flour
egg
marshmallow
chocolate
cereal
rice
roll
cake
biscuit
fish
meat
chicken
pizza
pasta
detergent
bleach
sponge
cloth
washing powder
crisp
cracker
cheese
quorn
sauce
gravy
meringue
croissant
battery
conditioner
soap
shampoo
comb
bag",lipstick,,toothbrush,,False,True,0,,iterative,8045138276657888000,sack,False
01JVAFAYZ1487DN1K8VQG0SPKB-supermarket,39,meta-llama/Llama-3.3-70B-Instruct-Turbo,supermarket,"bread
milk
potato
corn
flour
egg
marshmallow
chocolate
cereal
rice
roll
cake
biscuit
fish
meat
chicken
pizza
pasta
detergent
bleach
sponge
cloth
washing powder
crisp
cracker
cheese
quorn
sauce
gravy
meringue
croissant
battery
conditioner
soap
shampoo
comb
bag
lipstick",banana,,toothpaste,,False,True,0,,iterative,13213330456312470000,gloss,False
01JVAFAYZ1487DN1K8VQG0SPKB-supermarket,40,meta-llama/Llama-3.3-70B-Instruct-Turbo,supermarket,"bread
milk
potato
corn
flour
egg
marshmallow
chocolate
cereal
rice
roll
cake
biscuit
fish
meat
chicken
pizza
pasta
detergent
bleach
sponge
cloth
washing powder
crisp
cracker
cheese
quorn
sauce
gravy
meringue
croissant
battery
conditioner
soap
shampoo
comb
bag
lipstick
banana",grape,,apple,,False,True,0,,iterative,11608169560042891000,apple,False
01JVAFAYZ1487DN1K8VQG0SPKB-supermarket,41,meta-llama/Llama-3.3-70B-Instruct-Turbo,supermarket,"bread
milk
potato
corn
flour
egg
marshmallow
chocolate
cereal
rice
roll
cake
biscuit
fish
meat
chicken
pizza
pasta
detergent
bleach
sponge
cloth
washing powder
crisp
cracker
cheese
quorn
sauce
gravy
meringue
croissant
battery
conditioner
soap
shampoo
comb
bag
lipstick
banana
grape",carrot,,apple,,False,True,0,,iterative,85220719754964980,apple,False
01JVAFAYZ1487DN1K8VQG0SPKB-supermarket,42,meta-llama/Llama-3.3-70B-Instruct-Turbo,supermarket,"bread
milk
potato
corn
flour
egg
marshmallow
chocolate
cereal
rice
roll
cake
biscuit
fish
meat
chicken
pizza
pasta
detergent
bleach
sponge
cloth
washing powder
crisp
cracker
cheese
quorn
sauce
gravy
meringue
croissant
battery
conditioner
soap
shampoo
comb
bag
lipstick
banana
grape
carrot",courgette,,apple,,False,True,0,,iterative,14138356500036262000,tomato,False
01JVAFAYZ1487DN1K8VQG0SPKB-supermarket,43,meta-llama/Llama-3.3-70B-Instruct-Turbo,supermarket,"bread
milk
potato
corn
flour
egg
marshmallow
chocolate
cereal
rice
roll
cake
biscuit
fish
meat
chicken
pizza
pasta
detergent
bleach
sponge
cloth
washing powder
crisp
cracker
cheese
quorn
sauce
gravy
meringue
croissant
battery
conditioner
soap
shampoo
comb
bag
lipstick
banana
grape
carrot
courgette",pepper,,broccoli,,False,True,0,,iterative,17440960742953361000,cucumber,False
01JVAFAYZ1487DN1K8VQG0SPKB-supermarket,44,meta-llama/Llama-3.3-70B-Instruct-Turbo,supermarket,"bread
milk
potato
corn
flour
egg
marshmallow
chocolate
cereal
rice
roll
cake
biscuit
fish
meat
chicken
pizza
pasta
detergent
bleach
sponge
cloth
washing powder
crisp
cracker
cheese
quorn
sauce
gravy
meringue
croissant
battery
conditioner
soap
shampoo
comb
bag
lipstick
banana
grape
carrot
courgette
pepper",spice,,onion,,False,True,0,,iterative,4251064068382227000,onion,False
01JVAFAYZ1487DN1K8VQG0SPKB-supermarket,45,meta-llama/Llama-3.3-70B-Instruct-Turbo,supermarket,"bread
milk
potato
corn
flour
egg
marshmallow
chocolate
cereal
rice
roll
cake
biscuit
fish
meat
chicken
pizza
pasta
detergent
bleach
sponge
cloth
washing powder
crisp
cracker
cheese
quorn
sauce
gravy
meringue
croissant
battery
conditioner
soap
shampoo
comb
bag
lipstick
banana
grape
carrot
courgette
pepper
spice",soyabean,,onion,,False,True,0,,iterative,9547296562326438000,sweet,False
01JVAFAYZ1487DN1K8VQG0SPKB-supermarket,46,meta-llama/Llama-3.3-70B-Instruct-Turbo,supermarket,"bread
milk
potato
corn
flour
egg
marshmallow
chocolate
cereal
rice
roll
cake
biscuit
fish
meat
chicken
pizza
pasta
detergent
bleach
sponge
cloth
washing powder
crisp
cracker
cheese
quorn
sauce
gravy
meringue
croissant
battery
conditioner
soap
shampoo
comb
bag
lipstick
banana
grape
carrot
courgette
pepper
spice
soya bean",tomato,,tofu,,False,True,0,,iterative,6854808483696390000,kidney bean,False
01JVAFAYZ1487DN1K8VQG0SPKB-supermarket,47,meta-llama/Llama-3.3-70B-Instruct-Turbo,supermarket,"bread
milk
potato
corn
flour
egg
marshmallow
chocolate
cereal
rice
roll
cake
biscuit
fish
meat
chicken
pizza
pasta
detergent
bleach
sponge
cloth
washing powder
crisp
cracker
cheese
quorn
sauce
gravy
meringue
croissant
battery
conditioner
soap
shampoo
comb
bag
lipstick
banana
grape
carrot
courgette
pepper
spice
soya bean
tomato",soup,,onion,,False,True,0,,iterative,14510852649543832000,onion,False
01JVAFAYZ1487DN1K8VQG0SPKB-supermarket,48,meta-llama/Llama-3.3-70B-Instruct-Turbo,supermarket,"bread
milk
potato
corn
flour
egg
marshmallow
chocolate
cereal
rice
roll
cake
biscuit
fish
meat
chicken
pizza
pasta
detergent
bleach
sponge
cloth
washing powder
crisp
cracker
cheese
quorn
sauce
gravy
meringue
croissant
battery
conditioner
soap
shampoo
comb
bag
lipstick
banana
grape
carrot
courgette
pepper
spice
soya bean
tomato
soup",chip,,noodle,,False,True,0,,iterative,1003220991530506800,bun,False
01JVAFAYZ1487DN1K8VQG0SPKB-supermarket,49,meta-llama/Llama-3.3-70B-Instruct-Turbo,supermarket,"bread
milk
potato
corn
flour
egg
marshmallow
chocolate
cereal
rice
roll
cake
biscuit
fish
meat
chicken
pizza
pasta
detergent
bleach
sponge
cloth
washing powder
crisp
cracker
cheese
quorn
sauce
gravy
meringue
croissant
battery
conditioner
soap
shampoo
comb
bag
lipstick
banana
grape
carrot
courgette
pepper
spice
soya bean
tomato
soup
chip",sausage,,fries,,False,True,0,,iterative,16518482683508556000,sauce,False
01JVAFAYZ1487DN1K8VQG0SPKB-supermarket,50,meta-llama/Llama-3.3-70B-Instruct-Turbo,supermarket,"bread
milk
potato
corn
flour
egg
marshmallow
chocolate
cereal
rice
roll
cake
biscuit
fish
meat
chicken
pizza
pasta
detergent
bleach
sponge
cloth
washing powder
crisp
cracker
cheese
quorn
sauce
gravy
meringue
croissant
battery
conditioner
soap
shampoo
comb
bag
lipstick
banana
grape
carrot
courgette
pepper
spice
soya bean
tomato
soup
chip
sausage",mash,,mushroom,,False,True,0,,iterative,1899446421888319500,bacon,False
01JVAFAYZ1487DN1K8VQG0SPKB-supermarket,51,meta-llama/Llama-3.3-70B-Instruct-Turbo,supermarket,"bread
milk
potato
corn
flour
egg
marshmallow
chocolate
cereal
rice
roll
cake
biscuit
fish
meat
chicken
pizza
pasta
detergent
bleach
sponge
cloth
washing powder
crisp
cracker
cheese
quorn
sauce
gravy
meringue
croissant
battery
conditioner
soap
shampoo
comb
bag
lipstick
banana
grape
carrot
courgette
pepper
spice
soya bean
tomato
soup
chip
sausage
mash",pineapple,,peas,,False,True,0,,iterative,5793718360722348000,gravy,False
01JVAFAYZ1487DN1K8VQG0SPKB-supermarket,52,meta-llama/Llama-3.3-70B-Instruct-Turbo,supermarket,"bread
milk
potato
corn
flour
egg
marshmallow
chocolate
cereal
rice
roll
cake
biscuit
fish
meat
chicken
pizza
pasta
detergent
bleach
sponge
cloth
washing powder
crisp
cracker
cheese
quorn
sauce
gravy
meringue
croissant
battery
conditioner
soap
shampoo
comb
bag
lipstick
banana
grape
carrot
courgette
pepper
spice
soya bean
tomato
soup
chip
sausage
mash
pineapple",apple,,orange,,False,True,0,,iterative,9942059683138595000,apple,True
01JVAFAYZ1487DN1K8VQG0SPKB-supermarket,53,meta-llama/Llama-3.3-70B-Instruct-Turbo,supermarket,"bread
milk
potato
corn
flour
egg
marshmallow
chocolate
cereal
rice
roll
cake
biscuit
fish
meat
chicken
pizza
pasta
detergent
bleach
sponge
cloth
washing powder
crisp
cracker
cheese
quorn
sauce
gravy
meringue
croissant
battery
conditioner
soap
shampoo
comb
bag
lipstick
banana
grape
carrot
courgette
pepper
spice
soya bean
tomato
soup
chip
sausage
mash
pineapple
apple",orange,,pear,,False,True,0,,iterative,9230090464395510000,mango,False
01JVAFCWE6RJ4EXMZ2ZBSE91QN-supermarket,2,meta-llama/Llama-3.3-70B-Instruct-Turbo,supermarket,bread,milk,,butter,,False,True,0,,iterative,12657799085240226000,butter,False
01JVAFCWE6RJ4EXMZ2ZBSE91QN-supermarket,3,meta-llama/Llama-3.3-70B-Instruct-Turbo,supermarket,"bread
milk",sugar,,butter,,False,True,0,,iterative,5892308684751305000,coffee,False
01JVAFCWE6RJ4EXMZ2ZBSE91QN-supermarket,4,meta-llama/Llama-3.3-70B-Instruct-Turbo,supermarket,"bread
milk
sugar",flour,,eggs,,False,True,0,,iterative,5188277772581609000,tea,False
01JVAFCWE6RJ4EXMZ2ZBSE91QN-supermarket,5,meta-llama/Llama-3.3-70B-Instruct-Turbo,supermarket,"bread
milk
sugar
flour",cheese,,eggs,,False,True,0,,iterative,14029036760052840000,egg,False
01JVAFCWE6RJ4EXMZ2ZBSE91QN-supermarket,6,meta-llama/Llama-3.3-70B-Instruct-Turbo,supermarket,"bread
milk
sugar
flour
cheese",pastry,,eggs,,False,True,0,,iterative,16748626726522604000,butter,False
01JVAFCWE6RJ4EXMZ2ZBSE91QN-supermarket,7,meta-llama/Llama-3.3-70B-Instruct-Turbo,supermarket,"bread
milk
sugar
flour
cheese
pastry",pie,,butter,,False,True,0,,iterative,10009529035843107000,egg,False
01JVAFCWE6RJ4EXMZ2ZBSE91QN-supermarket,8,meta-llama/Llama-3.3-70B-Instruct-Turbo,supermarket,"bread
milk
sugar
flour
cheese
pastry
pie",cornedbeef,,butter,,False,True,0,,iterative,17435559997613500000,pizza,False
01JVAFCWE6RJ4EXMZ2ZBSE91QN-supermarket,9,meta-llama/Llama-3.3-70B-Instruct-Turbo,supermarket,"bread
milk
sugar
flour
cheese
pastry
pie
corned beef",bean,,cannedvegetables,,False,True,0,,iterative,7944350990677622000,oven,False
01JVAFCWE6RJ4EXMZ2ZBSE91QN-supermarket,10,meta-llama/Llama-3.3-70B-Instruct-Turbo,supermarket,"bread
milk
sugar
flour
cheese
pastry
pie
corned beef
bean",honey,,sausage,,False,True,0,,iterative,1586264481552987100,rice,False
01JVAFCWE6RJ4EXMZ2ZBSE91QN-supermarket,11,meta-llama/Llama-3.3-70B-Instruct-Turbo,supermarket,"bread
milk
sugar
flour
cheese
pastry
pie
corned beef
bean
honey",cereal,,butter,,False,True,0,,iterative,16143793980399810000,egg,False
01JVAFCWE6RJ4EXMZ2ZBSE91QN-supermarket,12,meta-llama/Llama-3.3-70B-Instruct-Turbo,supermarket,"bread
milk
sugar
flour
cheese
pastry
pie
corned beef
bean
honey
cereal",chip,,milk,,False,True,0,,iterative,17406555371275043000,milk,False
01JVAFCWE6RJ4EXMZ2ZBSE91QN-supermarket,13,meta-llama/Llama-3.3-70B-Instruct-Turbo,supermarket,"bread
milk
sugar
flour
cheese
pastry
pie
corned beef
bean
honey
cereal
chip",crisp,,dip,,False,True,0,,iterative,8498228228866346000,chocolate,False
01JVAFCWE6RJ4EXMZ2ZBSE91QN-supermarket,14,meta-llama/Llama-3.3-70B-Instruct-Turbo,supermarket,"bread
milk
sugar
flour
cheese
pastry
pie
corned beef
bean
honey
cereal
chip
crisp",bacon,,butter,,False,True,0,,iterative,9646048333848963000,biscuit,False
01JVAFCWE6RJ4EXMZ2ZBSE91QN-supermarket,15,meta-llama/Llama-3.3-70B-Instruct-Turbo,supermarket,"bread
milk
sugar
flour
cheese
pastry
pie
corned beef
bean
honey
cereal
chip
crisp
bacon",ham,,eggs,,False,True,0,,iterative,17502360941541153000,egg,False
01JVAFCWE6RJ4EXMZ2ZBSE91QN-supermarket,16,meta-llama/Llama-3.3-70B-Instruct-Turbo,supermarket,"bread
milk
sugar
flour
cheese
pastry
pie
corned beef
bean
honey
cereal
chip
crisp
bacon
ham",sausage,,sausages,,False,True,0,,iterative,3131842012919841000,pork,False
01JVAFCWE6RJ4EXMZ2ZBSE91QN-supermarket,17,meta-llama/Llama-3.3-70B-Instruct-Turbo,supermarket,"bread
milk
sugar
flour
cheese
pastry
pie
corned beef
bean
honey
cereal
chip
crisp
bacon
ham
sausage",beef,,eggs,,False,True,0,,iterative,11481557704615268000,beef,True
01JVAFCWE6RJ4EXMZ2ZBSE91QN-supermarket,18,meta-llama/Llama-3.3-70B-Instruct-Turbo,supermarket,"bread
milk
sugar
flour
cheese
pastry
pie
corned beef
bean
honey
cereal
chip
crisp
bacon
ham
sausage
beef",lamb,,pork,,False,True,0,,iterative,9854394340314790000,patty,False
01JVAFCWE6RJ4EXMZ2ZBSE91QN-supermarket,19,meta-llama/Llama-3.3-70B-Instruct-Turbo,supermarket,"bread
milk
sugar
flour
cheese
pastry
pie
corned beef
bean
honey
cereal
chip
crisp
bacon
ham
sausage
beef
lamb",pork,,pork,,True,True,0,,iterative,5216675635285666000,chicken,False
01JVAFCWE6RJ4EXMZ2ZBSE91QN-supermarket,20,meta-llama/Llama-3.3-70B-Instruct-Turbo,supermarket,"bread
milk
sugar
flour
cheese
pastry
pie
corned beef
bean
honey
cereal
chip
crisp
bacon
ham
sausage
beef
lamb
pork",turkey,,chicken,,False,True,0,,iterative,18260036529950654000,bacon,False
01JVAFCWE6RJ4EXMZ2ZBSE91QN-supermarket,21,meta-llama/Llama-3.3-70B-Instruct-Turbo,supermarket,"bread
milk
sugar
flour
cheese
pastry
pie
corned beef
bean
honey
cereal
chip
crisp
bacon
ham
sausage
beef
lamb
pork
turkey",chicken,,chicken,,True,True,0,,iterative,17725684303163388000,chicken,True
01JVAFCWE6RJ4EXMZ2ZBSE91QN-supermarket,22,meta-llama/Llama-3.3-70B-Instruct-Turbo,supermarket,"bread
milk
sugar
flour
cheese
pastry
pie
corned beef
bean
honey
cereal
chip
crisp
bacon
ham
sausage
beef
lamb
pork
turkey
chicken",egg,,duck,,False,True,0,,iterative,1262437398227936000,fish,False
01JVAFCWE6RJ4EXMZ2ZBSE91QN-supermarket,23,meta-llama/Llama-3.3-70B-Instruct-Turbo,supermarket,"bread
milk
sugar
flour
cheese
pastry
pie
corned beef
bean
honey
cereal
chip
crisp
bacon
ham
sausage
beef
lamb
pork
turkey
chicken
egg",chocolate,,yogurt,,False,True,0,,iterative,14355968992162556000,omelette,False
01JVAFCWE6RJ4EXMZ2ZBSE91QN-supermarket,24,meta-llama/Llama-3.3-70B-Instruct-Turbo,supermarket,"bread
milk
sugar
flour
cheese
pastry
pie
corned beef
bean
honey
cereal
chip
crisp
bacon
ham
sausage
beef
lamb
pork
turkey
chicken
egg
chocolate",cream,,butter,,False,True,0,,iterative,14431895204180896000,sweet,False
01JVAFCWE6RJ4EXMZ2ZBSE91QN-supermarket,25,meta-llama/Llama-3.3-70B-Instruct-Turbo,supermarket,"bread
milk
sugar
flour
cheese
pastry
pie
corned beef
bean
honey
cereal
chip
crisp
bacon
ham
sausage
beef
lamb
pork
turkey
chicken
egg
chocolate
cream",yogurt,,butter,,False,True,0,,iterative,4014717687779336000,cake,False
01JVAFCWE6RJ4EXMZ2ZBSE91QN-supermarket,26,meta-llama/Llama-3.3-70B-Instruct-Turbo,supermarket,"bread
milk
sugar
flour
cheese
pastry
pie
corned beef
bean
honey
cereal
chip
crisp
bacon
ham
sausage
beef
lamb
pork
turkey
chicken
egg
chocolate
cream
yogurt",salmon,,butter,,False,True,0,,iterative,1963640581226661000,ice cream,False
01JVAFCWE6RJ4EXMZ2ZBSE91QN-supermarket,27,meta-llama/Llama-3.3-70B-Instruct-Turbo,supermarket,"bread
milk
sugar
flour
cheese
pastry
pie
corned beef
bean
honey
cereal
chip
crisp
bacon
ham
sausage
beef
lamb
pork
turkey
chicken
egg
chocolate
cream
yogurt
salmon",cod,,tuna,,False,True,0,,iterative,819575256376533100,fish,False
01JVAFCWE6RJ4EXMZ2ZBSE91QN-supermarket,28,meta-llama/Llama-3.3-70B-Instruct-Turbo,supermarket,"bread
milk
sugar
flour
cheese
pastry
pie
corned beef
bean
honey
cereal
chip
crisp
bacon
ham
sausage
beef
lamb
pork
turkey
chicken
egg
chocolate
cream
yogurt
salmon
cod",fishfinger,,herring,,False,True,0,,iterative,14112465994226215000,hake,False
01JVAFCWE6RJ4EXMZ2ZBSE91QN-supermarket,29,meta-llama/Llama-3.3-70B-Instruct-Turbo,supermarket,"bread
milk
sugar
flour
cheese
pastry
pie
corned beef
bean
honey
cereal
chip
crisp
bacon
ham
sausage
beef
lamb
pork
turkey
chicken
egg
chocolate
cream
yogurt
salmon
cod
fish finger",haddock,,shrimp,,False,True,0,,iterative,6330614792997014000,salad,False
01JVAFCWE6RJ4EXMZ2ZBSE91QN-supermarket,30,meta-llama/Llama-3.3-70B-Instruct-Turbo,supermarket,"bread
milk
sugar
flour
cheese
pastry
pie
corned beef
bean
honey
cereal
chip
crisp
bacon
ham
sausage
beef
lamb
pork
turkey
chicken
egg
chocolate
cream
yogurt
salmon
cod
fish finger
haddock",washingupliquid,,prawn,,False,True,0,,iterative,12138052109530309000,tuna,False
01JVAFCWE6RJ4EXMZ2ZBSE91QN-supermarket,31,meta-llama/Llama-3.3-70B-Instruct-Turbo,supermarket,"bread
milk
sugar
flour
cheese
pastry
pie
corned beef
bean
honey
cereal
chip
crisp
bacon
ham
sausage
beef
lamb
pork
turkey
chicken
egg
chocolate
cream
yogurt
salmon
cod
fish finger
haddock
washing up liquid",nappy,,toiletpaper,,False,True,0,,iterative,17433636927285901000,towel,False
01JVAFCWE6RJ4EXMZ2ZBSE91QN-supermarket,32,meta-llama/Llama-3.3-70B-Instruct-Turbo,supermarket,"bread
milk
sugar
flour
cheese
pastry
pie
corned beef
bean
honey
cereal
chip
crisp
bacon
ham
sausage
beef
lamb
pork
turkey
chicken
egg
chocolate
cream
yogurt
salmon
cod
fish finger
haddock
washing up liquid
nappy",oil,,toiletpaper,,False,True,0,,iterative,13582345126328467000,napkin,False
01JVAFCWE6RJ4EXMZ2ZBSE91QN-supermarket,33,meta-llama/Llama-3.3-70B-Instruct-Turbo,supermarket,"bread
milk
sugar
flour
cheese
pastry
pie
corned beef
bean
honey
cereal
chip
crisp
bacon
ham
sausage
beef
lamb
pork
turkey
chicken
egg
chocolate
cream
yogurt
salmon
cod
fish finger
haddock
washing up liquid
nappy
oil",tissue,,toiletpaper,,False,True,0,,iterative,10862482935135695000,butter,False
01JVAFCWE6RJ4EXMZ2ZBSE91QN-supermarket,34,meta-llama/Llama-3.3-70B-Instruct-Turbo,supermarket,"bread
milk
sugar
flour
cheese
pastry
pie
corned beef
bean
honey
cereal
chip
crisp
bacon
ham
sausage
beef
lamb
pork
turkey
chicken
egg
chocolate
cream
yogurt
salmon
cod
fish finger
haddock
washing up liquid
nappy
oil
tissue",coke,,toiletpaper,,False,True,0,,iterative,2860362867072502300,foil,False
01JVAFCWE6RJ4EXMZ2ZBSE91QN-supermarket,35,meta-llama/Llama-3.3-70B-Instruct-Turbo,supermarket,"bread
milk
sugar
flour
cheese
pastry
pie
corned beef
bean
honey
cereal
chip
crisp
bacon
ham
sausage
beef
lamb
pork
turkey
chicken
egg
chocolate
cream
yogurt
salmon
cod
fish finger
haddock
washing up liquid
nappy
oil
tissue
coke",fanta,,pepsi,,False,True,0,,iterative,13182816141750930000,juice,False
01JVAFCWE6RJ4EXMZ2ZBSE91QN-supermarket,36,meta-llama/Llama-3.3-70B-Instruct-Turbo,supermarket,"bread
milk
sugar
flour
cheese
pastry
pie
corned beef
bean
honey
cereal
chip
crisp
bacon
ham
sausage
beef
lamb
pork
turkey
chicken
egg
chocolate
cream
yogurt
salmon
cod
fish finger
haddock
washing up liquid
nappy
oil
tissue
coke
fanta",creamsoda,,sprite,,False,True,0,,iterative,16899446235841400000,orange juice,False
01JVAFCWE6RJ4EXMZ2ZBSE91QN-supermarket,37,meta-llama/Llama-3.3-70B-Instruct-Turbo,supermarket,"bread
milk
sugar
flour
cheese
pastry
pie
corned beef
bean
honey
cereal
chip
crisp
bacon
ham
sausage
beef
lamb
pork
turkey
chicken
egg
chocolate
cream
yogurt
salmon
cod
fish finger
haddock
washing up liquid
nappy
oil
tissue
coke
fanta
cream soda",lemonjuice,,lemonade,,False,True,0,,iterative,946209296236029700,coke,False
01JVAFCWE6RJ4EXMZ2ZBSE91QN-supermarket,38,meta-llama/Llama-3.3-70B-Instruct-Turbo,supermarket,"bread
milk
sugar
flour
cheese
pastry
pie
corned beef
bean
honey
cereal
chip
crisp
bacon
ham
sausage
beef
lamb
pork
turkey
chicken
egg
chocolate
cream
yogurt
salmon
cod
fish finger
haddock
washing up liquid
nappy
oil
tissue
coke
fanta
cream soda
lemon juice",orange,,orange,,True,True,0,,iterative,6116692291588282000,tea,False
01JVAFCWE6RJ4EXMZ2ZBSE91QN-supermarket,39,meta-llama/Llama-3.3-70B-Instruct-Turbo,supermarket,"bread
milk
sugar
flour
cheese
pastry
pie
corned beef
bean
honey
cereal
chip
crisp
bacon
ham
sausage
beef
lamb
pork
turkey
chicken
egg
chocolate
cream
yogurt
salmon
cod
fish finger
haddock
washing up liquid
nappy
oil
tissue
coke
fanta
cream soda
lemon juice
orange",apple,,apple,,True,True,0,,iterative,8015115235948989000,grape,False
01JVAFCWE6RJ4EXMZ2ZBSE91QN-supermarket,40,meta-llama/Llama-3.3-70B-Instruct-Turbo,supermarket,"bread
milk
sugar
flour
cheese
pastry
pie
corned beef
bean
honey
cereal
chip
crisp
bacon
ham
sausage
beef
lamb
pork
turkey
chicken
egg
chocolate
cream
yogurt
salmon
cod
fish finger
haddock
washing up liquid
nappy
oil
tissue
coke
fanta
cream soda
lemon juice
orange
apple",banana,,pear,,False,True,0,,iterative,12481072463485704000,grape,False
01JVAFCWE6RJ4EXMZ2ZBSE91QN-supermarket,41,meta-llama/Llama-3.3-70B-Instruct-Turbo,supermarket,"bread
milk
sugar
flour
cheese
pastry
pie
corned beef
bean
honey
cereal
chip
crisp
bacon
ham
sausage
beef
lamb
pork
turkey
chicken
egg
chocolate
cream
yogurt
salmon
cod
fish finger
haddock
washing up liquid
nappy
oil
tissue
coke
fanta
cream soda
lemon juice
orange
apple
banana",broccoli,,grapes,,False,True,0,,iterative,13804363578318150000,pineapple,False
01JVAFCWE6RJ4EXMZ2ZBSE91QN-supermarket,42,meta-llama/Llama-3.3-70B-Instruct-Turbo,supermarket,"bread
milk
sugar
flour
cheese
pastry
pie
corned beef
bean
honey
cereal
chip
crisp
bacon
ham
sausage
beef
lamb
pork
turkey
chicken
egg
chocolate
cream
yogurt
salmon
cod
fish finger
haddock
washing up liquid
nappy
oil
tissue
coke
fanta
cream soda
lemon juice
orange
apple
banana
broccoli",cabbage,,carrot,,False,True,0,,iterative,7818884766805002000,spinach,False
01JVAFCWE6RJ4EXMZ2ZBSE91QN-supermarket,43,meta-llama/Llama-3.3-70B-Instruct-Turbo,supermarket,"bread
milk
sugar
flour
cheese
pastry
pie
corned beef
bean
honey
cereal
chip
crisp
bacon
ham
sausage
beef
lamb
pork
turkey
chicken
egg
chocolate
cream
yogurt
salmon
cod
fish finger
haddock
washing up liquid
nappy
oil
tissue
coke
fanta
cream soda
lemon juice
orange
apple
banana
broccoli
cabbage",carrot,,carrot,,True,True,0,,iterative,11595696866923645000,spinach,False
01JVAFCWE6RJ4EXMZ2ZBSE91QN-supermarket,44,meta-llama/Llama-3.3-70B-Instruct-Turbo,supermarket,"bread
milk
sugar
flour
cheese
pastry
pie
corned beef
bean
honey
cereal
chip
crisp
bacon
ham
sausage
beef
lamb
pork
turkey
chicken
egg
chocolate
cream
yogurt
salmon
cod
fish finger
haddock
washing up liquid
nappy
oil
tissue
coke
fanta
cream soda
lemon juice
orange
apple
banana
broccoli
cabbage
carrot",mince,,potato,,False,True,0,,iterative,3894317492329719300,potato,False
01JVAFDWM8D7D8P7WNH2N86NB7-supermarket,2,meta-llama/Llama-3.3-70B-Instruct-Turbo,supermarket,milk,juice,,cereal,,False,True,0,,iterative,848504728645260400,egg,False
01JVAFDWM8D7D8P7WNH2N86NB7-supermarket,3,meta-llama/Llama-3.3-70B-Instruct-Turbo,supermarket,"milk
juice",beer,,cereal,,False,True,0,,iterative,16615022819299162000,soda,False
01JVAFDWM8D7D8P7WNH2N86NB7-supermarket,4,meta-llama/Llama-3.3-70B-Instruct-Turbo,supermarket,"milk
juice
beer",hardalcohol,,wine,,False,True,0,,iterative,4415274130303302000,wine,False
01JVAFDWM8D7D8P7WNH2N86NB7-supermarket,5,meta-llama/Llama-3.3-70B-Instruct-Turbo,supermarket,"milk
juice
beer
hard alcohol",wine,,wine,,True,True,0,,iterative,1516621728516029000,wine,True
01JVAFDWM8D7D8P7WNH2N86NB7-supermarket,6,meta-llama/Llama-3.3-70B-Instruct-Turbo,supermarket,"milk
juice
beer
hard alcohol
wine",bread,,champagne,,False,True,0,,iterative,11451534375322670000,beer,False
01JVAFDWM8D7D8P7WNH2N86NB7-supermarket,7,meta-llama/Llama-3.3-70B-Instruct-Turbo,supermarket,"milk
juice
beer
hard alcohol
wine
bread",egg,,cheese,,False,True,0,,iterative,6531695198407718000,cheese,False
01JVAFDWM8D7D8P7WNH2N86NB7-supermarket,8,meta-llama/Llama-3.3-70B-Instruct-Turbo,supermarket,"milk
juice
beer
hard alcohol
wine
bread
egg",coffeegrounds,,cheese,,False,True,0,,iterative,13040310369364627000,cheese,False
01JVAFDWM8D7D8P7WNH2N86NB7-supermarket,9,meta-llama/Llama-3.3-70B-Instruct-Turbo,supermarket,"milk
juice
beer
hard alcohol
wine
bread
egg
coffee grounds",garbagebag,,sugar,,False,True,0,,iterative,12369925652728260000,bacon,False
01JVAFDWM8D7D8P7WNH2N86NB7-supermarket,10,meta-llama/Llama-3.3-70B-Instruct-Turbo,supermarket,"milk
juice
beer
hard alcohol
wine
bread
egg
coffee grounds
garbage bag",cheese,,sugar,,False,True,0,,iterative,10079413375440140000,bag,False
01JVAFDWM8D7D8P7WNH2N86NB7-supermarket,11,meta-llama/Llama-3.3-70B-Instruct-Turbo,supermarket,"milk
juice
beer
hard alcohol
wine
bread
egg
coffee grounds
garbage bag
cheese",nugget,,butter,,False,True,0,,iterative,3729705815117496300,bacon,False
01JVAFDWM8D7D8P7WNH2N86NB7-supermarket,12,meta-llama/Llama-3.3-70B-Instruct-Turbo,supermarket,"milk
juice
beer
hard alcohol
wine
bread
egg
coffee grounds
garbage bag
cheese
nugget",beef,,bacon,,False,True,0,,iterative,8489272101698199000,chicken,False
01JVAFDWM8D7D8P7WNH2N86NB7-supermarket,13,meta-llama/Llama-3.3-70B-Instruct-Turbo,supermarket,"milk
juice
beer
hard alcohol
wine
bread
egg
coffee grounds
garbage bag
cheese
nugget
beef",pork,,chicken,,False,True,0,,iterative,2834935170116747300,fish,False
01JVAFDWM8D7D8P7WNH2N86NB7-supermarket,14,meta-llama/Llama-3.3-70B-Instruct-Turbo,supermarket,"milk
juice
beer
hard alcohol
wine
bread
egg
coffee grounds
garbage bag
cheese
nugget
beef
pork",chicken,,chicken,,True,True,0,,iterative,12465082384418720000,fish,False
01JVAFDWM8D7D8P7WNH2N86NB7-supermarket,15,meta-llama/Llama-3.3-70B-Instruct-Turbo,supermarket,"milk
juice
beer
hard alcohol
wine
bread
egg
coffee grounds
garbage bag
cheese
nugget
beef
pork
chicken",apple,,turkey,,False,True,0,,iterative,15991131441163776000,fish,False
01JVAFDWM8D7D8P7WNH2N86NB7-supermarket,16,meta-llama/Llama-3.3-70B-Instruct-Turbo,supermarket,"milk
juice
beer
hard alcohol
wine
bread
egg
coffee grounds
garbage bag
cheese
nugget
beef
pork
chicken
apple",lemon,,banana,,False,True,0,,iterative,861418732521243300,orange,False
01JVAFDWM8D7D8P7WNH2N86NB7-supermarket,17,meta-llama/Llama-3.3-70B-Instruct-Turbo,supermarket,"milk
juice
beer
hard alcohol
wine
bread
egg
coffee grounds
garbage bag
cheese
nugget
beef
pork
chicken
apple
lemon",lime,,orange,,False,True,0,,iterative,1432640824044219100,orange,False
01JVAFDWM8D7D8P7WNH2N86NB7-supermarket,18,meta-llama/Llama-3.3-70B-Instruct-Turbo,supermarket,"milk
juice
beer
hard alcohol
wine
bread
egg
coffee grounds
garbage bag
cheese
nugget
beef
pork
chicken
apple
lemon
lime",salad,,orange,,False,True,0,,iterative,17256084541621213000,orange,False
01JVAFDWM8D7D8P7WNH2N86NB7-supermarket,19,meta-llama/Llama-3.3-70B-Instruct-Turbo,supermarket,"milk
juice
beer
hard alcohol
wine
bread
egg
coffee grounds
garbage bag
cheese
nugget
beef
pork
chicken
apple
lemon
lime
salad",coleslaw,,tomato,,False,True,0,,iterative,3950716859032887000,onion,False
01JVAFDWM8D7D8P7WNH2N86NB7-supermarket,20,meta-llama/Llama-3.3-70B-Instruct-Turbo,supermarket,"milk
juice
beer
hard alcohol
wine
bread
egg
coffee grounds
garbage bag
cheese
nugget
beef
pork
chicken
apple
lemon
lime
salad
coleslaw",carrot,,mayonnaise,,False,True,0,,iterative,16542750389411228000,bread,False
01JVAFDWM8D7D8P7WNH2N86NB7-supermarket,21,meta-llama/Llama-3.3-70B-Instruct-Turbo,supermarket,"milk
juice
beer
hard alcohol
wine
bread
egg
coffee grounds
garbage bag
cheese
nugget
beef
pork
chicken
apple
lemon
lime
salad
coleslaw
carrot",broccoli,,broccoli,,True,True,0,,iterative,9518420711511097000,cabbage,False
01JVAFDWM8D7D8P7WNH2N86NB7-supermarket,22,meta-llama/Llama-3.3-70B-Instruct-Turbo,supermarket,"milk
juice
beer
hard alcohol
wine
bread
egg
coffee grounds
garbage bag
cheese
nugget
beef
pork
chicken
apple
lemon
lime
salad
coleslaw
carrot
broccoli",orange,,cauliflower,,False,True,0,,iterative,7295593752437507000,cabbage,False
01JVAFDWM8D7D8P7WNH2N86NB7-supermarket,23,meta-llama/Llama-3.3-70B-Instruct-Turbo,supermarket,"milk
juice
beer
hard alcohol
wine
bread
egg
coffee grounds
garbage bag
cheese
nugget
beef
pork
chicken
apple
lemon
lime
salad
coleslaw
carrot
broccoli
orange",strawberry,,grapes,,False,True,0,,iterative,5908580702093257000,grape,False
01JVAFDWM8D7D8P7WNH2N86NB7-supermarket,24,meta-llama/Llama-3.3-70B-Instruct-Turbo,supermarket,"milk
juice
beer
hard alcohol
wine
bread
egg
coffee grounds
garbage bag
cheese
nugget
beef
pork
chicken
apple
lemon
lime
salad
coleslaw
carrot
broccoli
orange
strawberry",raspberry,,grapes,,False,True,0,,iterative,18283557516132168000,blueberry,False
01JVAFDWM8D7D8P7WNH2N86NB7-supermarket,25,meta-llama/Llama-3.3-70B-Instruct-Turbo,supermarket,"milk
juice
beer
hard alcohol
wine
bread
egg
coffee grounds
garbage bag
cheese
nugget
beef
pork
chicken
apple
lemon
lime
salad
coleslaw
carrot
broccoli
orange
strawberry
raspberry",chocolate,,blueberry,,False,True,0,,iterative,12237497308854714000,blueberry,False
01JVAFDWM8D7D8P7WNH2N86NB7-supermarket,26,meta-llama/Llama-3.3-70B-Instruct-Turbo,supermarket,"milk
juice
beer
hard alcohol
wine
bread
egg
coffee grounds
garbage bag
cheese
nugget
beef
pork
chicken
apple
lemon
lime
salad
coleslaw
carrot
broccoli
orange
strawberry
raspberry
chocolate",candybar,,cake,,False,True,0,,iterative,12617605289935573000,blueberry,False
01JVAFDWM8D7D8P7WNH2N86NB7-supermarket,27,meta-llama/Llama-3.3-70B-Instruct-Turbo,supermarket,"milk
juice
beer
hard alcohol
wine
bread
egg
coffee grounds
garbage bag
cheese
nugget
beef
pork
chicken
apple
lemon
lime
salad
coleslaw
carrot
broccoli
orange
strawberry
raspberry
chocolate
candy bar",sucker,,icecream,,False,True,0,,iterative,9755422145656320000,gummy,False
01JVAFDWM8D7D8P7WNH2N86NB7-supermarket,28,meta-llama/Llama-3.3-70B-Instruct-Turbo,supermarket,"milk
juice
beer
hard alcohol
wine
bread
egg
coffee grounds
garbage bag
cheese
nugget
beef
pork
chicken
apple
lemon
lime
salad
coleslaw
carrot
broccoli
orange
strawberry
raspberry
chocolate
candy bar
sucker",cola,,lollipop,,False,True,0,,iterative,4775890903382916000,gummy,False
01JVAFDWM8D7D8P7WNH2N86NB7-supermarket,29,meta-llama/Llama-3.3-70B-Instruct-Turbo,supermarket,"milk
juice
beer
hard alcohol
wine
bread
egg
coffee grounds
garbage bag
cheese
nugget
beef
pork
chicken
apple
lemon
lime
salad
coleslaw
carrot
broccoli
orange
strawberry
raspberry
chocolate
candy bar
sucker
cola",water,,rootbeer,,False,True,0,,iterative,11273336741476395000,pepsi,False
01JVAFDWM8D7D8P7WNH2N86NB7-supermarket,30,meta-llama/Llama-3.3-70B-Instruct-Turbo,supermarket,"milk
juice
beer
hard alcohol
wine
bread
egg
coffee grounds
garbage bag
cheese
nugget
beef
pork
chicken
apple
lemon
lime
salad
coleslaw
carrot
broccoli
orange
strawberry
raspberry
chocolate
candy bar
sucker
cola
water",cigarette,,soda,,False,True,0,,iterative,18434638780232120000,sparkling water,False
01JVAFDWM8D7D8P7WNH2N86NB7-supermarket,31,meta-llama/Llama-3.3-70B-Instruct-Turbo,supermarket,"milk
juice
beer
hard alcohol
wine
bread
egg
coffee grounds
garbage bag
cheese
nugget
beef
pork
chicken
apple
lemon
lime
salad
coleslaw
carrot
broccoli
orange
strawberry
raspberry
chocolate
candy bar
sucker
cola
water
cigarette",bacon,,lighter,,False,True,0,,iterative,2087094205981357600,chip,False
01JVAFDWM8D7D8P7WNH2N86NB7-supermarket,32,meta-llama/Llama-3.3-70B-Instruct-Turbo,supermarket,"milk
juice
beer
hard alcohol
wine
bread
egg
coffee grounds
garbage bag
cheese
nugget
beef
pork
chicken
apple
lemon
lime
salad
coleslaw
carrot
broccoli
orange
strawberry
raspberry
chocolate
candy bar
sucker
cola
water
cigarette
bacon",sausage,,sausage,,True,True,0,,iterative,17092604198747763000,chip,False
01JVAFDWM8D7D8P7WNH2N86NB7-supermarket,33,meta-llama/Llama-3.3-70B-Instruct-Turbo,supermarket,"milk
juice
beer
hard alcohol
wine
bread
egg
coffee grounds
garbage bag
cheese
nugget
beef
pork
chicken
apple
lemon
lime
salad
coleslaw
carrot
broccoli
orange
strawberry
raspberry
chocolate
candy bar
sucker
cola
water
cigarette
bacon
sausage",lambchop,,ham,,False,True,0,,iterative,2899218534827793000,chip,False
01JVAFDWM8D7D8P7WNH2N86NB7-supermarket,34,meta-llama/Llama-3.3-70B-Instruct-Turbo,supermarket,"milk
juice
beer
hard alcohol
wine
bread
egg
coffee grounds
garbage bag
cheese
nugget
beef
pork
chicken
apple
lemon
lime
salad
coleslaw
carrot
broccoli
orange
strawberry
raspberry
chocolate
candy bar
sucker
cola
water
cigarette
bacon
sausage
lamb chop",pasta,,steak,,False,True,0,,iterative,6779248055427673000,pork,False
01JVAFDWM8D7D8P7WNH2N86NB7-supermarket,35,meta-llama/Llama-3.3-70B-Instruct-Turbo,supermarket,"milk
juice
beer
hard alcohol
wine
bread
egg
coffee grounds
garbage bag
cheese
nugget
beef
pork
chicken
apple
lemon
lime
salad
coleslaw
carrot
broccoli
orange
strawberry
raspberry
chocolate
candy bar
sucker
cola
water
cigarette
bacon
sausage
lamb chop
pasta",spaghetti,,marinarasauce,,False,True,0,,iterative,4570280202751214000,pork,False
01JVAFDWM8D7D8P7WNH2N86NB7-supermarket,36,meta-llama/Llama-3.3-70B-Instruct-Turbo,supermarket,"milk
juice
beer
hard alcohol
wine
bread
egg
coffee grounds
garbage bag
cheese
nugget
beef
pork
chicken
apple
lemon
lime
salad
coleslaw
carrot
broccoli
orange
strawberry
raspberry
chocolate
candy bar
sucker
cola
water
cigarette
bacon
sausage
lamb chop
pasta
spaghetti",lasagna,,meatball,,False,True,0,,iterative,10038302410442217000,pork,False
01JVAFDWM8D7D8P7WNH2N86NB7-supermarket,37,meta-llama/Llama-3.3-70B-Instruct-Turbo,supermarket,"milk
juice
beer
hard alcohol
wine
bread
egg
coffee grounds
garbage bag
cheese
nugget
beef
pork
chicken
apple
lemon
lime
salad
coleslaw
carrot
broccoli
orange
strawberry
raspberry
chocolate
candy bar
sucker
cola
water
cigarette
bacon
sausage
lamb chop
pasta
spaghetti
lasagna",yogurt,,meatball,,False,True,0,,iterative,12807122100163955000,pork,False
01JVAFDWM8D7D8P7WNH2N86NB7-supermarket,38,meta-llama/Llama-3.3-70B-Instruct-Turbo,supermarket,"milk
juice
beer
hard alcohol
wine
bread
egg
coffee grounds
garbage bag
cheese
nugget
beef
pork
chicken
apple
lemon
lime
salad
coleslaw
carrot
broccoli
orange
strawberry
raspberry
chocolate
candy bar
sucker
cola
water
cigarette
bacon
sausage
lamb chop
pasta
spaghetti
lasagna
yogurt",icecream,,milk,,False,True,0,,iterative,8101344343444989000,ice cream,True
01JVAFDWM8D7D8P7WNH2N86NB7-supermarket,39,meta-llama/Llama-3.3-70B-Instruct-Turbo,supermarket,"milk
juice
beer
hard alcohol
wine
bread
egg
coffee grounds
garbage bag
cheese
nugget
beef
pork
chicken
apple
lemon
lime
salad
coleslaw
carrot
broccoli
orange
strawberry
raspberry
chocolate
candy bar
sucker
cola
water
cigarette
bacon
sausage
lamb chop
pasta
spaghetti
lasagna
yogurt
ice cream",parsley,,whippedcream,,False,True,0,,iterative,12811347440924764000,yogurt,False
01JVAFDWM8D7D8P7WNH2N86NB7-supermarket,40,meta-llama/Llama-3.3-70B-Instruct-Turbo,supermarket,"milk
juice
beer
hard alcohol
wine
bread
egg
coffee grounds
garbage bag
cheese
nugget
beef
pork
chicken
apple
lemon
lime
salad
coleslaw
carrot
broccoli
orange
strawberry
raspberry
chocolate
candy bar
sucker
cola
water
cigarette
bacon
sausage
lamb chop
pasta
spaghetti
lasagna
yogurt
ice cream
parsley",garlic,,basil,,False,True,0,,iterative,961905066443665500,rosemary,False
01JVAFDWM8D7D8P7WNH2N86NB7-supermarket,41,meta-llama/Llama-3.3-70B-Instruct-Turbo,supermarket,"milk
juice
beer
hard alcohol
wine
bread
egg
coffee grounds
garbage bag
cheese
nugget
beef
pork
chicken
apple
lemon
lime
salad
coleslaw
carrot
broccoli
orange
strawberry
raspberry
chocolate
candy bar
sucker
cola
water
cigarette
bacon
sausage
lamb chop
pasta
spaghetti
lasagna
yogurt
ice cream
parsley
garlic",onion,,onion,,True,True,0,,iterative,4240719237303116000,rosemary,False
01JVAFDWM8D7D8P7WNH2N86NB7-supermarket,42,meta-llama/Llama-3.3-70B-Instruct-Turbo,supermarket,"milk
juice
beer
hard alcohol
wine
bread
egg
coffee grounds
garbage bag
cheese
nugget
beef
pork
chicken
apple
lemon
lime
salad
coleslaw
carrot
broccoli
orange
strawberry
raspberry
chocolate
candy bar
sucker
cola
water
cigarette
bacon
sausage
lamb chop
pasta
spaghetti
lasagna
yogurt
ice cream
parsley
garlic
onion",potato,,potato,,True,True,0,,iterative,4331753213982079000,rosemary,False
01JVAFDWM8D7D8P7WNH2N86NB7-supermarket,43,meta-llama/Llama-3.3-70B-Instruct-Turbo,supermarket,"milk
juice
beer
hard alcohol
wine
bread
egg
coffee grounds
garbage bag
cheese
nugget
beef
pork
chicken
apple
lemon
lime
salad
coleslaw
carrot
broccoli
orange
strawberry
raspberry
chocolate
candy bar
sucker
cola
water
cigarette
bacon
sausage
lamb chop
pasta
spaghetti
lasagna
yogurt
ice cream
parsley
garlic
onion
potato",mint,,tomato,,False,True,0,,iterative,9595690641242655000,rosemary,False
01JVAFDWM8D7D8P7WNH2N86NB7-supermarket,44,meta-llama/Llama-3.3-70B-Instruct-Turbo,supermarket,"milk
juice
beer
hard alcohol
wine
bread
egg
coffee grounds
garbage bag
cheese
nugget
beef
pork
chicken
apple
lemon
lime
salad
coleslaw
carrot
broccoli
orange
strawberry
raspberry
chocolate
candy bar
sucker
cola
water
cigarette
bacon
sausage
lamb chop
pasta
spaghetti
lasagna
yogurt
ice cream
parsley
garlic
onion
potato
mint",pepper,,basil,,False,True,0,,iterative,12607390990168295000,cabbage,False
01JVAFDWM8D7D8P7WNH2N86NB7-supermarket,45,meta-llama/Llama-3.3-70B-Instruct-Turbo,supermarket,"milk
juice
beer
hard alcohol
wine
bread
egg
coffee grounds
garbage bag
cheese
nugget
beef
pork
chicken
apple
lemon
lime
salad
coleslaw
carrot
broccoli
orange
strawberry
raspberry
chocolate
candy bar
sucker
cola
water
cigarette
bacon
sausage
lamb chop
pasta
spaghetti
lasagna
yogurt
ice cream
parsley
garlic
onion
potato
mint
pepper",salt,,salt,,True,True,0,,iterative,13416322313522424000,mushroom,False
01JVAFDWM8D7D8P7WNH2N86NB7-supermarket,46,meta-llama/Llama-3.3-70B-Instruct-Turbo,supermarket,"milk
juice
beer
hard alcohol
wine
bread
egg
coffee grounds
garbage bag
cheese
nugget
beef
pork
chicken
apple
lemon
lime
salad
coleslaw
carrot
broccoli
orange
strawberry
raspberry
chocolate
candy bar
sucker
cola
water
cigarette
bacon
sausage
lamb chop
pasta
spaghetti
lasagna
yogurt
ice cream
parsley
garlic
onion
potato
mint
pepper
salt",paprika,,basil,,False,True,0,,iterative,11229154351598328000,sugar,False
01JVAFDWM8D7D8P7WNH2N86NB7-supermarket,47,meta-llama/Llama-3.3-70B-Instruct-Turbo,supermarket,"milk
juice
beer
hard alcohol
wine
bread
egg
coffee grounds
garbage bag
cheese
nugget
beef
pork
chicken
apple
lemon
lime
salad
coleslaw
carrot
broccoli
orange
strawberry
raspberry
chocolate
candy bar
sucker
cola
water
cigarette
bacon
sausage
lamb chop
pasta
spaghetti
lasagna
yogurt
ice cream
parsley
garlic
onion
potato
mint
pepper
salt
paprika",hotsauce,,basil,,False,True,0,,iterative,5969017109113702000,sugar,False
01JVAFDWM8D7D8P7WNH2N86NB7-supermarket,48,meta-llama/Llama-3.3-70B-Instruct-Turbo,supermarket,"milk
juice
beer
hard alcohol
wine
bread
egg
coffee grounds
garbage bag
cheese
nugget
beef
pork
chicken
apple
lemon
lime
salad
coleslaw
carrot
broccoli
orange
strawberry
raspberry
chocolate
candy bar
sucker
cola
water
cigarette
bacon
sausage
lamb chop
pasta
spaghetti
lasagna
yogurt
ice cream
parsley
garlic
onion
potato
mint
pepper
salt
paprika
hot sauce",sweetsauce,,ketchup,,False,True,0,,iterative,9675511107787133000,sugar,False
01JVAFDWM8D7D8P7WNH2N86NB7-supermarket,49,meta-llama/Llama-3.3-70B-Instruct-Turbo,supermarket,"milk
juice
beer
hard alcohol
wine
bread
egg
coffee grounds
garbage bag
cheese
nugget
beef
pork
chicken
apple
lemon
lime
salad
coleslaw
carrot
broccoli
orange
strawberry
raspberry
chocolate
candy bar
sucker
cola
water
cigarette
bacon
sausage
lamb chop
pasta
spaghetti
lasagna
yogurt
ice cream
parsley
garlic
onion
potato
mint
pepper
salt
paprika
hot sauce
sweet sauce",cream,,ketchup,,False,True,0,,iterative,7078792330360405000,bbq sauce,False
01JVAFDWM8D7D8P7WNH2N86NB7-supermarket,50,meta-llama/Llama-3.3-70B-Instruct-Turbo,supermarket,"milk
juice
beer
hard alcohol
wine
bread
egg
coffee grounds
garbage bag
cheese
nugget
beef
pork
chicken
apple
lemon
lime
salad
coleslaw
carrot
broccoli
orange
strawberry
raspberry
chocolate
candy bar
sucker
cola
water
cigarette
bacon
sausage
lamb chop
pasta
spaghetti
lasagna
yogurt
ice cream
parsley
garlic
onion
potato
mint
pepper
salt
paprika
hot sauce
sweet sauce
cream",soup,,sugar,,False,True,0,,iterative,13179523532287025000,bbq sauce,False
01JVAFDWM8D7D8P7WNH2N86NB7-supermarket,51,meta-llama/Llama-3.3-70B-Instruct-Turbo,supermarket,"milk
juice
beer
hard alcohol
wine
bread
egg
coffee grounds
garbage bag
cheese
nugget
beef
pork
chicken
apple
lemon
lime
salad
coleslaw
carrot
broccoli
orange
strawberry
raspberry
chocolate
candy bar
sucker
cola
water
cigarette
bacon
sausage
lamb chop
pasta
spaghetti
lasagna
yogurt
ice cream
parsley
garlic
onion
potato
mint
pepper
salt
paprika
hot sauce
sweet sauce
cream
soup",noodle,,cracker,,False,True,0,,iterative,3308117926730070000,soap,False
01JVAFDWM8D7D8P7WNH2N86NB7-supermarket,52,meta-llama/Llama-3.3-70B-Instruct-Turbo,supermarket,"milk
juice
beer
hard alcohol
wine
bread
egg
coffee grounds
garbage bag
cheese
nugget
beef
pork
chicken
apple
lemon
lime
salad
coleslaw
carrot
broccoli
orange
strawberry
raspberry
chocolate
candy bar
sucker
cola
water
cigarette
bacon
sausage
lamb chop
pasta
spaghetti
lasagna
yogurt
ice cream
parsley
garlic
onion
potato
mint
pepper
salt
paprika
hot sauce
sweet sauce
cream
soup
noodle",cajunseasoning,,ramen,,False,True,0,,iterative,16414108514530871000,chicken broth,False
01JVAFDWM8D7D8P7WNH2N86NB7-supermarket,53,meta-llama/Llama-3.3-70B-Instruct-Turbo,supermarket,"milk
juice
beer
hard alcohol
wine
bread
egg
coffee grounds
garbage bag
cheese
nugget
beef
pork
chicken
apple
lemon
lime
salad
coleslaw
carrot
broccoli
orange
strawberry
raspberry
chocolate
candy bar
sucker
cola
water
cigarette
bacon
sausage
lamb chop
pasta
spaghetti
lasagna
yogurt
ice cream
parsley
garlic
onion
potato
mint
pepper
salt
paprika
hot sauce
sweet sauce
cream
soup
noodle
cajun seasoning",butter,,blackpepper,,False,True,0,,iterative,3192188408279478300,black pepper,False
01JVAFDWM8D7D8P7WNH2N86NB7-supermarket,54,meta-llama/Llama-3.3-70B-Instruct-Turbo,supermarket,"milk
juice
beer
hard alcohol
wine
bread
egg
coffee grounds
garbage bag
cheese
nugget
beef
pork
chicken
apple
lemon
lime
salad
coleslaw
carrot
broccoli
orange
strawberry
raspberry
chocolate
candy bar
sucker
cola
water
cigarette
bacon
sausage
lamb chop
pasta
spaghetti
lasagna
yogurt
ice cream
parsley
garlic
onion
potato
mint
pepper
salt
paprika
hot sauce
sweet sauce
cream
soup
noodle
cajun seasoning
butter",margarine,,flour,,False,True,0,,iterative,10392050781771143000,sugar,False
01JVAFDWM8D7D8P7WNH2N86NB7-supermarket,55,meta-llama/Llama-3.3-70B-Instruct-Turbo,supermarket,"milk
juice
beer
hard alcohol
wine
bread
egg
coffee grounds
garbage bag
cheese
nugget
beef
pork
chicken
apple
lemon
lime
salad
coleslaw
carrot
broccoli
orange
strawberry
raspberry
chocolate
candy bar
sucker
cola
water
cigarette
bacon
sausage
lamb chop
pasta
spaghetti
lasagna
yogurt
ice cream
parsley
garlic
onion
potato
mint
pepper
salt
paprika
hot sauce
sweet sauce
cream
soup
noodle
cajun seasoning
butter
margarine",shreddedcheese,,mayonnaise,,False,True,0,,iterative,16085881770875360000,sugar,False
01JVAFJY7KEYR7QQQCFY9FX0W2-supermarket,2,meta-llama/Llama-3.3-70B-Instruct-Turbo,supermarket,bean,bread,,rice,,False,True,0,,iterative,14229497155602692000,carrot,False
01JVAFJY7KEYR7QQQCFY9FX0W2-supermarket,3,meta-llama/Llama-3.3-70B-Instruct-Turbo,supermarket,"bean
bread",milk,,butter,,False,True,0,,iterative,16257881876059943000,bun,False
01JVAFJY7KEYR7QQQCFY9FX0W2-supermarket,4,meta-llama/Llama-3.3-70B-Instruct-Turbo,supermarket,"bean
bread
milk",egg,,eggs,,False,True,0,,iterative,13022897285917950000,egg,True
01JVAFJY7KEYR7QQQCFY9FX0W2-supermarket,5,meta-llama/Llama-3.3-70B-Instruct-Turbo,supermarket,"bean
bread
milk
egg",cereal,,butter,,False,True,0,,iterative,11087560068638775000,steak,False
01JVAFJY7KEYR7QQQCFY9FX0W2-supermarket,6,meta-llama/Llama-3.3-70B-Instruct-Turbo,supermarket,"bean
bread
milk
egg
cereal",butter,,sugar,,False,True,0,,iterative,6398072232231464000,ketchup,False
01JVAFJY7KEYR7QQQCFY9FX0W2-supermarket,7,meta-llama/Llama-3.3-70B-Instruct-Turbo,supermarket,"bean
bread
milk
egg
cereal
butter",margarine,,pancakes,,False,True,0,,iterative,12862256337550137000,coffee,False
01JVAFJY7KEYR7QQQCFY9FX0W2-supermarket,8,meta-llama/Llama-3.3-70B-Instruct-Turbo,supermarket,"bean
bread
milk
egg
cereal
butter
margarine",vegetable,,pancakes,,False,True,0,,iterative,15464974240179083000,flour,False
01JVAFJY7KEYR7QQQCFY9FX0W2-supermarket,9,meta-llama/Llama-3.3-70B-Instruct-Turbo,supermarket,"bean
bread
milk
egg
cereal
butter
margarine
vegetable",fruit,,oil,,False,True,0,,iterative,15673031256262732000,sugar,False
01JVAFJY7KEYR7QQQCFY9FX0W2-supermarket,10,meta-llama/Llama-3.3-70B-Instruct-Turbo,supermarket,"bean
bread
milk
egg
cereal
butter
margarine
vegetable
fruit",spice,,yogurt,,False,True,0,,iterative,9987572138809020000,potato,False
01JVAFJY7KEYR7QQQCFY9FX0W2-supermarket,11,meta-llama/Llama-3.3-70B-Instruct-Turbo,supermarket,"bean
bread
milk
egg
cereal
butter
margarine
vegetable
fruit
spice",drink,,oil,,False,True,0,,iterative,3537083849838135000,salt,False
01JVAFJY7KEYR7QQQCFY9FX0W2-supermarket,12,meta-llama/Llama-3.3-70B-Instruct-Turbo,supermarket,"bean
bread
milk
egg
cereal
butter
margarine
vegetable
fruit
spice
drink",pop,,sugar,,False,True,0,,iterative,9228270977778577000,dessert,False
01JVAFJY7KEYR7QQQCFY9FX0W2-supermarket,13,meta-llama/Llama-3.3-70B-Instruct-Turbo,supermarket,"bean
bread
milk
egg
cereal
butter
margarine
vegetable
fruit
spice
drink
pop",yoghurt,,soda,,False,True,0,,iterative,5359969057461243000,cookie,False
01JVAFJY7KEYR7QQQCFY9FX0W2-supermarket,14,meta-llama/Llama-3.3-70B-Instruct-Turbo,supermarket,"bean
bread
milk
egg
cereal
butter
margarine
vegetable
fruit
spice
drink
pop
yoghurt",cake,,honey,,False,True,0,,iterative,9463828553318846000,dog food,False
01JVAFJY7KEYR7QQQCFY9FX0W2-supermarket,15,meta-llama/Llama-3.3-70B-Instruct-Turbo,supermarket,"bean
bread
milk
egg
cereal
butter
margarine
vegetable
fruit
spice
drink
pop
yoghurt
cake",cheese,,cookie,,False,True,0,,iterative,13090878387509330000,pet food,False
01JVAFJY7KEYR7QQQCFY9FX0W2-supermarket,16,meta-llama/Llama-3.3-70B-Instruct-Turbo,supermarket,"bean
bread
milk
egg
cereal
butter
margarine
vegetable
fruit
spice
drink
pop
yoghurt
cake
cheese",ham,,icecream,,False,True,0,,iterative,16502518533853534000,coffee,False
01JVAFJY7KEYR7QQQCFY9FX0W2-supermarket,17,meta-llama/Llama-3.3-70B-Instruct-Turbo,supermarket,"bean
bread
milk
egg
cereal
butter
margarine
vegetable
fruit
spice
drink
pop
yoghurt
cake
cheese
ham",meat,,chicken,,False,True,0,,iterative,155980484488340740,tuna,False
01JVAFJY7KEYR7QQQCFY9FX0W2-supermarket,18,meta-llama/Llama-3.3-70B-Instruct-Turbo,supermarket,"bean
bread
milk
egg
cereal
butter
margarine
vegetable
fruit
spice
drink
pop
yoghurt
cake
cheese
ham
meat",steak,,chicken,,False,True,0,,iterative,14892291839077714000,chicken,False
01JVAFJY7KEYR7QQQCFY9FX0W2-supermarket,19,meta-llama/Llama-3.3-70B-Instruct-Turbo,supermarket,"bean
bread
milk
egg
cereal
butter
margarine
vegetable
fruit
spice
drink
pop
yoghurt
cake
cheese
ham
meat
steak",tin,,chicken,,False,True,0,,iterative,5757143929210153000,chicken,False
01JVAFJY7KEYR7QQQCFY9FX0W2-supermarket,20,meta-llama/Llama-3.3-70B-Instruct-Turbo,supermarket,"bean
bread
milk
egg
cereal
butter
margarine
vegetable
fruit
spice
drink
pop
yoghurt
cake
cheese
ham
meat
steak
tin",chip,,can,,False,True,0,,iterative,17267695137958779000,sausage,False
01JVAFJY7KEYR7QQQCFY9FX0W2-supermarket,21,meta-llama/Llama-3.3-70B-Instruct-Turbo,supermarket,"bean
bread
milk
egg
cereal
butter
margarine
vegetable
fruit
spice
drink
pop
yoghurt
cake
cheese
ham
meat
steak
tin
chip",fish,,potato,,False,True,0,,iterative,10203773242424203000,gum,False
01JVAFJY7KEYR7QQQCFY9FX0W2-supermarket,22,meta-llama/Llama-3.3-70B-Instruct-Turbo,supermarket,"bean
bread
milk
egg
cereal
butter
margarine
vegetable
fruit
spice
drink
pop
yoghurt
cake
cheese
ham
meat
steak
tin
chip
fish",sweet,,chicken,,False,True,0,,iterative,1587812001768306700,lard,False
01JVAFJY7KEYR7QQQCFY9FX0W2-supermarket,23,meta-llama/Llama-3.3-70B-Instruct-Turbo,supermarket,"bean
bread
milk
egg
cereal
butter
margarine
vegetable
fruit
spice
drink
pop
yoghurt
cake
cheese
ham
meat
steak
tin
chip
fish
sweet",confectionery,,chocolate,,False,True,0,,iterative,14344408360613860000,lemon,False
01JVAFJY7KEYR7QQQCFY9FX0W2-supermarket,24,meta-llama/Llama-3.3-70B-Instruct-Turbo,supermarket,"bean
bread
milk
egg
cereal
butter
margarine
vegetable
fruit
spice
drink
pop
yoghurt
cake
cheese
ham
meat
steak
tin
chip
fish
sweet
confectionery",crisp,,chocolate,,False,True,0,,iterative,8066474444817975000,chocolate,False
01JVAFJY7KEYR7QQQCFY9FX0W2-supermarket,25,meta-llama/Llama-3.3-70B-Instruct-Turbo,supermarket,"bean
bread
milk
egg
cereal
butter
margarine
vegetable
fruit
spice
drink
pop
yoghurt
cake
cheese
ham
meat
steak
tin
chip
fish
sweet
confectionery
crisp",jam,,biscuit,,False,True,0,,iterative,3310475903995611000,coffee,False
01JVAFJY7KEYR7QQQCFY9FX0W2-supermarket,26,meta-llama/Llama-3.3-70B-Instruct-Turbo,supermarket,"bean
bread
milk
egg
cereal
butter
margarine
vegetable
fruit
spice
drink
pop
yoghurt
cake
cheese
ham
meat
steak
tin
chip
fish
sweet
confectionery
crisp
jam",marmalade,,biscuit,,False,True,0,,iterative,3626919896552918500,peanut butter,False
01JVAFJY7KEYR7QQQCFY9FX0W2-supermarket,27,meta-llama/Llama-3.3-70B-Instruct-Turbo,supermarket,"bean
bread
milk
egg
cereal
butter
margarine
vegetable
fruit
spice
drink
pop
yoghurt
cake
cheese
ham
meat
steak
tin
chip
fish
sweet
confectionery
crisp
jam
marmalade",rice,,honey,,False,True,0,,iterative,13619188582322625000,syrup,False
01JVAFJY7KEYR7QQQCFY9FX0W2-supermarket,28,meta-llama/Llama-3.3-70B-Instruct-Turbo,supermarket,"bean
bread
milk
egg
cereal
butter
margarine
vegetable
fruit
spice
drink
pop
yoghurt
cake
cheese
ham
meat
steak
tin
chip
fish
sweet
confectionery
crisp
jam
marmalade
rice",poppadom,,noodle,,False,True,0,,iterative,2281821937881526000,noodle,False
01JVAFJY7KEYR7QQQCFY9FX0W2-supermarket,29,meta-llama/Llama-3.3-70B-Instruct-Turbo,supermarket,"bean
bread
milk
egg
cereal
butter
margarine
vegetable
fruit
spice
drink
pop
yoghurt
cake
cheese
ham
meat
steak
tin
chip
fish
sweet
confectionery
crisp
jam
marmalade
rice
poppadom",sauce,,curry,,False,True,0,,iterative,10887799336205980000,pasta,False
01JVAFJY7KEYR7QQQCFY9FX0W2-supermarket,30,meta-llama/Llama-3.3-70B-Instruct-Turbo,supermarket,"bean
bread
milk
egg
cereal
butter
margarine
vegetable
fruit
spice
drink
pop
yoghurt
cake
cheese
ham
meat
steak
tin
chip
fish
sweet
confectionery
crisp
jam
marmalade
rice
poppadom
sauce",condiment,,curry,,False,True,0,,iterative,3808953812769200600,sauce,False
01JVAFJY7KEYR7QQQCFY9FX0W2-supermarket,31,meta-llama/Llama-3.3-70B-Instruct-Turbo,supermarket,"bean
bread
milk
egg
cereal
butter
margarine
vegetable
fruit
spice
drink
pop
yoghurt
cake
cheese
ham
meat
steak
tin
chip
fish
sweet
confectionery
crisp
jam
marmalade
rice
poppadom
sauce
condiment",sandwich,,pickle,,False,True,0,,iterative,18038273728548390000,dressing,False
01JVAFJY7KEYR7QQQCFY9FX0W2-supermarket,32,meta-llama/Llama-3.3-70B-Instruct-Turbo,supermarket,"bean
bread
milk
egg
cereal
butter
margarine
vegetable
fruit
spice
drink
pop
yoghurt
cake
cheese
ham
meat
steak
tin
chip
fish
sweet
confectionery
crisp
jam
marmalade
rice
poppadom
sauce
condiment
sandwich",teabag,,filling,,False,True,0,,iterative,11633283470756334000,carrot,False
01JVAFJY7KEYR7QQQCFY9FX0W2-supermarket,33,meta-llama/Llama-3.3-70B-Instruct-Turbo,supermarket,"bean
bread
milk
egg
cereal
butter
margarine
vegetable
fruit
spice
drink
pop
yoghurt
cake
cheese
ham
meat
steak
tin
chip
fish
sweet
confectionery
crisp
jam
marmalade
rice
poppadom
sauce
condiment
sandwich
tea bag",coffee,,coffee,,True,True,0,,iterative,1582354054422955800,cream,False
01JVAFJY7KEYR7QQQCFY9FX0W2-supermarket,34,meta-llama/Llama-3.3-70B-Instruct-Turbo,supermarket,"bean
bread
milk
egg
cereal
butter
margarine
vegetable
fruit
spice
drink
pop
yoghurt
cake
cheese
ham
meat
steak
tin
chip
fish
sweet
confectionery
crisp
jam
marmalade
rice
poppadom
sauce
condiment
sandwich
tea bag
coffee",flour,,sugar,,False,True,0,,iterative,3296718830586764000,lettuce,False
01JVAFJY7KEYR7QQQCFY9FX0W2-supermarket,35,meta-llama/Llama-3.3-70B-Instruct-Turbo,supermarket,"bean
bread
milk
egg
cereal
butter
margarine
vegetable
fruit
spice
drink
pop
yoghurt
cake
cheese
ham
meat
steak
tin
chip
fish
sweet
confectionery
crisp
jam
marmalade
rice
poppadom
sauce
condiment
sandwich
tea bag
coffee
flour",sugar,,sugar,,True,True,0,,iterative,6954347906884188000,sugar,True
01JVAFJY7KEYR7QQQCFY9FX0W2-supermarket,36,meta-llama/Llama-3.3-70B-Instruct-Turbo,supermarket,"bean
bread
milk
egg
cereal
butter
margarine
vegetable
fruit
spice
drink
pop
yoghurt
cake
cheese
ham
meat
steak
tin
chip
fish
sweet
confectionery
crisp
jam
marmalade
rice
poppadom
sauce
condiment
sandwich
tea bag
coffee
flour
sugar",washingpowder,,biscuit,,False,True,0,,iterative,3379126986791539000,salt,False
01JVAFJY7KEYR7QQQCFY9FX0W2-supermarket,37,meta-llama/Llama-3.3-70B-Instruct-Turbo,supermarket,"bean
bread
milk
egg
cereal
butter
margarine
vegetable
fruit
spice
drink
pop
yoghurt
cake
cheese
ham
meat
steak
tin
chip
fish
sweet
confectionery
crisp
jam
marmalade
rice
poppadom
sauce
condiment
sandwich
tea bag
coffee
flour
sugar
washing powder",tablet,,toiletpaper,,False,True,0,,iterative,5540147775580945000,soap,False
01JVAFJY7KEYR7QQQCFY9FX0W2-supermarket,38,meta-llama/Llama-3.3-70B-Instruct-Turbo,supermarket,"bean
bread
milk
egg
cereal
butter
margarine
vegetable
fruit
spice
drink
pop
yoghurt
cake
cheese
ham
meat
steak
tin
chip
fish
sweet
confectionery
crisp
jam
marmalade
rice
poppadom
sauce
condiment
sandwich
tea bag
coffee
flour
sugar
washing powder
tablet",medicine,,toothpaste,,False,True,0,,iterative,12502049071759436000,shampoo,False
01JVAFJY7KEYR7QQQCFY9FX0W2-supermarket,39,meta-llama/Llama-3.3-70B-Instruct-Turbo,supermarket,"bean
bread
milk
egg
cereal
butter
margarine
vegetable
fruit
spice
drink
pop
yoghurt
cake
cheese
ham
meat
steak
tin
chip
fish
sweet
confectionery
crisp
jam
marmalade
rice
poppadom
sauce
condiment
sandwich
tea bag
coffee
flour
sugar
washing powder
tablet
medicine",wipe,,toothpaste,,False,True,0,,iterative,16751793238897244000,wine,False
01JVAFPEBGFJMJP458NRCRJV3E-supermarket,2,meta-llama/Llama-3.3-70B-Instruct-Turbo,supermarket,chicken breast,turkey,,bacon,,False,True,0,,iterative,1020906589028724200,chicken thigh,False
01JVAFPEBGFJMJP458NRCRJV3E-supermarket,3,meta-llama/Llama-3.3-70B-Instruct-Turbo,supermarket,"chicken breast
turkey",packetchicken,,groundbeef,,False,True,0,,iterative,6495093705480626000,chicken,False
01JVAFPEBGFJMJP458NRCRJV3E-supermarket,4,meta-llama/Llama-3.3-70B-Instruct-Turbo,supermarket,"chicken breast
turkey
packet chicken",packetturkey,,sausages,,False,True,0,,iterative,12330677960670091000,baked chicken,False
01JVAFPEBGFJMJP458NRCRJV3E-supermarket,5,meta-llama/Llama-3.3-70B-Instruct-Turbo,supermarket,"chicken breast
turkey
packet chicken
packet turkey",packetham,,duckbreast,,False,True,0,,iterative,16259834091438313000,turkey,False
01JVAFPEBGFJMJP458NRCRJV3E-supermarket,6,meta-llama/Llama-3.3-70B-Instruct-Turbo,supermarket,"chicken breast
turkey
packet chicken
packet turkey
packet ham",hamjoint,,packetroastbeef,,False,True,0,,iterative,10025128423641295000,packet bologna,False
01JVAFPEBGFJMJP458NRCRJV3E-supermarket,7,meta-llama/Llama-3.3-70B-Instruct-Turbo,supermarket,"chicken breast
turkey
packet chicken
packet turkey
packet ham
ham joint",banana,,porkchops,,False,True,0,,iterative,1511483007687579100,chicken joint,False
01JVAFPEBGFJMJP458NRCRJV3E-supermarket,8,meta-llama/Llama-3.3-70B-Instruct-Turbo,supermarket,"chicken breast
turkey
packet chicken
packet turkey
packet ham
ham joint
banana",apple,,apples,,False,True,0,,iterative,10616054150369010000,fruit,False
01JVAFPEBGFJMJP458NRCRJV3E-supermarket,9,meta-llama/Llama-3.3-70B-Instruct-Turbo,supermarket,"chicken breast
turkey
packet chicken
packet turkey
packet ham
ham joint
banana
apple",grape,,orange,,False,True,0,,iterative,11874196060293276000,orange,False
01JVAFPEBGFJMJP458NRCRJV3E-supermarket,10,meta-llama/Llama-3.3-70B-Instruct-Turbo,supermarket,"chicken breast
turkey
packet chicken
packet turkey
packet ham
ham joint
banana
apple
grape",tomato,,pear,,False,True,0,,iterative,12683878391274244000,fruit,False
01JVAFPEBGFJMJP458NRCRJV3E-supermarket,11,meta-llama/Llama-3.3-70B-Instruct-Turbo,supermarket,"chicken breast
turkey
packet chicken
packet turkey
packet ham
ham joint
banana
apple
grape
tomato",carrot,,cucumber,,False,True,0,,iterative,12909062826740468000,vegetable,False
01JVAFPEBGFJMJP458NRCRJV3E-supermarket,12,meta-llama/Llama-3.3-70B-Instruct-Turbo,supermarket,"chicken breast
turkey
packet chicken
packet turkey
packet ham
ham joint
banana
apple
grape
tomato
carrot",rice,,onion,,False,True,0,,iterative,1418866030943063300,bean,False
01JVAFPEBGFJMJP458NRCRJV3E-supermarket,13,meta-llama/Llama-3.3-70B-Instruct-Turbo,supermarket,"chicken breast
turkey
packet chicken
packet turkey
packet ham
ham joint
banana
apple
grape
tomato
carrot
rice",potato,,potato,,True,True,0,,iterative,7240964024358730000,crepe,False
01JVAFPEBGFJMJP458NRCRJV3E-supermarket,14,meta-llama/Llama-3.3-70B-Instruct-Turbo,supermarket,"chicken breast
turkey
packet chicken
packet turkey
packet ham
ham joint
banana
apple
grape
tomato
carrot
rice
potato",babypotato,,onion,,False,True,0,,iterative,17988440849689184000,grain,False
01JVAFPEBGFJMJP458NRCRJV3E-supermarket,15,meta-llama/Llama-3.3-70B-Instruct-Turbo,supermarket,"chicken breast
turkey
packet chicken
packet turkey
packet ham
ham joint
banana
apple
grape
tomato
carrot
rice
potato
baby potato",energydrink,,onion,,False,True,0,,iterative,14801253359509127000,red potato,False
01JVAFPEBGFJMJP458NRCRJV3E-supermarket,16,meta-llama/Llama-3.3-70B-Instruct-Turbo,supermarket,"chicken breast
turkey
packet chicken
packet turkey
packet ham
ham joint
banana
apple
grape
tomato
carrot
rice
potato
baby potato
energy drink",pepsidiet,,onion,,False,True,0,,iterative,13748551457069253000,gatorade,False
01JVAFPEBGFJMJP458NRCRJV3E-supermarket,17,meta-llama/Llama-3.3-70B-Instruct-Turbo,supermarket,"chicken breast
turkey
packet chicken
packet turkey
packet ham
ham joint
banana
apple
grape
tomato
carrot
rice
potato
baby potato
energy drink
pepsi diet",standardpepsi,,cokezero,,False,True,0,,iterative,14616911858039237000,coke,False
01JVAFPEBGFJMJP458NRCRJV3E-supermarket,18,meta-llama/Llama-3.3-70B-Instruct-Turbo,supermarket,"chicken breast
turkey
packet chicken
packet turkey
packet ham
ham joint
banana
apple
grape
tomato
carrot
rice
potato
baby potato
energy drink
pepsi diet
standard pepsi",wine,,coke,,False,True,0,,iterative,13822597416632986000,coke zero,False
01JVAFPEBGFJMJP458NRCRJV3E-supermarket,19,meta-llama/Llama-3.3-70B-Instruct-Turbo,supermarket,"chicken breast
turkey
packet chicken
packet turkey
packet ham
ham joint
banana
apple
grape
tomato
carrot
rice
potato
baby potato
energy drink
pepsi diet
standard pepsi
wine",beer,,beer,,True,True,0,,iterative,17926364886163773000,red wine,False
01JVAFPEBGFJMJP458NRCRJV3E-supermarket,20,meta-llama/Llama-3.3-70B-Instruct-Turbo,supermarket,"chicken breast
turkey
packet chicken
packet turkey
packet ham
ham joint
banana
apple
grape
tomato
carrot
rice
potato
baby potato
energy drink
pepsi diet
standard pepsi
wine
beer",spirit,,vodka,,False,True,0,,iterative,231458967632386020,light beer,False
01JVAFPEBGFJMJP458NRCRJV3E-supermarket,21,meta-llama/Llama-3.3-70B-Instruct-Turbo,supermarket,"chicken breast
turkey
packet chicken
packet turkey
packet ham
ham joint
banana
apple
grape
tomato
carrot
rice
potato
baby potato
energy drink
pepsi diet
standard pepsi
wine
beer
spirit",pepper,,vodka,,False,True,0,,iterative,10046212853972940000,white wine,False
01JVAFPEBGFJMJP458NRCRJV3E-supermarket,22,meta-llama/Llama-3.3-70B-Instruct-Turbo,supermarket,"chicken breast
turkey
packet chicken
packet turkey
packet ham
ham joint
banana
apple
grape
tomato
carrot
rice
potato
baby potato
energy drink
pepsi diet
standard pepsi
wine
beer
spirit
pepper",porridge,,salt,,False,True,0,,iterative,16463615987354296000,red pepper,False
01JVAFPEBGFJMJP458NRCRJV3E-supermarket,23,meta-llama/Llama-3.3-70B-Instruct-Turbo,supermarket,"chicken breast
turkey
packet chicken
packet turkey
packet ham
ham joint
banana
apple
grape
tomato
carrot
rice
potato
baby potato
energy drink
pepsi diet
standard pepsi
wine
beer
spirit
pepper
porridge",spinach,,oats,,False,True,0,,iterative,1163333639708749800,green pepper,False
01JVAFPEBGFJMJP458NRCRJV3E-supermarket,24,meta-llama/Llama-3.3-70B-Instruct-Turbo,supermarket,"chicken breast
turkey
packet chicken
packet turkey
packet ham
ham joint
banana
apple
grape
tomato
carrot
rice
potato
baby potato
energy drink
pepsi diet
standard pepsi
wine
beer
spirit
pepper
porridge
spinach",egg,,mushroom,,False,True,0,,iterative,5717197271277245000,pineapple,False
01JVAFPEBGFJMJP458NRCRJV3E-supermarket,25,meta-llama/Llama-3.3-70B-Instruct-Turbo,supermarket,"chicken breast
turkey
packet chicken
packet turkey
packet ham
ham joint
banana
apple
grape
tomato
carrot
rice
potato
baby potato
energy drink
pepsi diet
standard pepsi
wine
beer
spirit
pepper
porridge
spinach
egg",bread,,bacon,,False,True,0,,iterative,10313470634566320000,tofu,False
01JVAFPEBGFJMJP458NRCRJV3E-supermarket,26,meta-llama/Llama-3.3-70B-Instruct-Turbo,supermarket,"chicken breast
turkey
packet chicken
packet turkey
packet ham
ham joint
banana
apple
grape
tomato
carrot
rice
potato
baby potato
energy drink
pepsi diet
standard pepsi
wine
beer
spirit
pepper
porridge
spinach
egg
bread",cabbage,,butter,,False,True,0,,iterative,8232692632064146000,bread,False
01JVAFPEBGFJMJP458NRCRJV3E-supermarket,27,meta-llama/Llama-3.3-70B-Instruct-Turbo,supermarket,"chicken breast
turkey
packet chicken
packet turkey
packet ham
ham joint
banana
apple
grape
tomato
carrot
rice
potato
baby potato
energy drink
pepsi diet
standard pepsi
wine
beer
spirit
pepper
porridge
spinach
egg
bread
cabbage",beef,,butter,,False,True,0,,iterative,12348751946569013000,corn,False
01JVAFPEBGFJMJP458NRCRJV3E-supermarket,28,meta-llama/Llama-3.3-70B-Instruct-Turbo,supermarket,"chicken breast
turkey
packet chicken
packet turkey
packet ham
ham joint
banana
apple
grape
tomato
carrot
rice
potato
baby potato
energy drink
pepsi diet
standard pepsi
wine
beer
spirit
pepper
porridge
spinach
egg
bread
cabbage
beef",yoghurt,,pork,,False,True,0,,iterative,15044209470919956000,turkey,False
01JVAFPEBGFJMJP458NRCRJV3E-supermarket,29,meta-llama/Llama-3.3-70B-Instruct-Turbo,supermarket,"chicken breast
turkey
packet chicken
packet turkey
packet ham
ham joint
banana
apple
grape
tomato
carrot
rice
potato
baby potato
energy drink
pepsi diet
standard pepsi
wine
beer
spirit
pepper
porridge
spinach
egg
bread
cabbage
beef
yoghurt",greekyoghurt,,milk,,False,True,0,,iterative,17646729111441736000,bread,False
01JVAFPEBGFJMJP458NRCRJV3E-supermarket,30,meta-llama/Llama-3.3-70B-Instruct-Turbo,supermarket,"chicken breast
turkey
packet chicken
packet turkey
packet ham
ham joint
banana
apple
grape
tomato
carrot
rice
potato
baby potato
energy drink
pepsi diet
standard pepsi
wine
beer
spirit
pepper
porridge
spinach
egg
bread
cabbage
beef
yoghurt
greek yoghurt",dessert,,milk,,False,True,0,,iterative,2087529400152032000,simple yoghurt,False
01JVAFPEBGFJMJP458NRCRJV3E-supermarket,31,meta-llama/Llama-3.3-70B-Instruct-Turbo,supermarket,"chicken breast
turkey
packet chicken
packet turkey
packet ham
ham joint
banana
apple
grape
tomato
carrot
rice
potato
baby potato
energy drink
pepsi diet
standard pepsi
wine
beer
spirit
pepper
porridge
spinach
egg
bread
cabbage
beef
yoghurt
greek yoghurt
dessert",pizza,,cake,,False,True,0,,iterative,7346223095961292000,cheesecake,False
01JVAFPEBGFJMJP458NRCRJV3E-supermarket,32,meta-llama/Llama-3.3-70B-Instruct-Turbo,supermarket,"chicken breast
turkey
packet chicken
packet turkey
packet ham
ham joint
banana
apple
grape
tomato
carrot
rice
potato
baby potato
energy drink
pepsi diet
standard pepsi
wine
beer
spirit
pepper
porridge
spinach
egg
bread
cabbage
beef
yoghurt
greek yoghurt
dessert
pizza",noodle,,garlic,,False,True,0,,iterative,514083297263284900,cake,False
01JVAFPEBGFJMJP458NRCRJV3E-supermarket,33,meta-llama/Llama-3.3-70B-Instruct-Turbo,supermarket,"chicken breast
turkey
packet chicken
packet turkey
packet ham
ham joint
banana
apple
grape
tomato
carrot
rice
potato
baby potato
energy drink
pepsi diet
standard pepsi
wine
beer
spirit
pepper
porridge
spinach
egg
bread
cabbage
beef
yoghurt
greek yoghurt
dessert
pizza
noodle",flapjack,,sauce,,False,True,0,,iterative,14143799511782017000,spaghetti,False
01JVAFPEBGFJMJP458NRCRJV3E-supermarket,34,meta-llama/Llama-3.3-70B-Instruct-Turbo,supermarket,"chicken breast
turkey
packet chicken
packet turkey
packet ham
ham joint
banana
apple
grape
tomato
carrot
rice
potato
baby potato
energy drink
pepsi diet
standard pepsi
wine
beer
spirit
pepper
porridge
spinach
egg
bread
cabbage
beef
yoghurt
greek yoghurt
dessert
pizza
noodle
flapjack",donut,,biscuit,,False,True,0,,iterative,10519414919395103000,pancake,False
01JVAFPEBGFJMJP458NRCRJV3E-supermarket,35,meta-llama/Llama-3.3-70B-Instruct-Turbo,supermarket,"chicken breast
turkey
packet chicken
packet turkey
packet ham
ham joint
banana
apple
grape
tomato
carrot
rice
potato
baby potato
energy drink
pepsi diet
standard pepsi
wine
beer
spirit
pepper
porridge
spinach
egg
bread
cabbage
beef
yoghurt
greek yoghurt
dessert
pizza
noodle
flapjack
donut",chewinggum,,muffin,,False,True,0,,iterative,7940490364494718000,waffle,False
01JVAFPEBGFJMJP458NRCRJV3E-supermarket,36,meta-llama/Llama-3.3-70B-Instruct-Turbo,supermarket,"chicken breast
turkey
packet chicken
packet turkey
packet ham
ham joint
banana
apple
grape
tomato
carrot
rice
potato
baby potato
energy drink
pepsi diet
standard pepsi
wine
beer
spirit
pepper
porridge
spinach
egg
bread
cabbage
beef
yoghurt
greek yoghurt
dessert
pizza
noodle
flapjack
donut
chewing gum",chocolatebar,,biscuit,,False,True,0,,iterative,5864094452466279000,donut,False
01JVAFPEBGFJMJP458NRCRJV3E-supermarket,37,meta-llama/Llama-3.3-70B-Instruct-Turbo,supermarket,"chicken breast
turkey
packet chicken
packet turkey
packet ham
ham joint
banana
apple
grape
tomato
carrot
rice
potato
baby potato
energy drink
pepsi diet
standard pepsi
wine
beer
spirit
pepper
porridge
spinach
egg
bread
cabbage
beef
yoghurt
greek yoghurt
dessert
pizza
noodle
flapjack
donut
chewing gum
chocolate bar",cake,,biscuit,,False,True,0,,iterative,6316526967790646000,mint,False
01JVAFPEBGFJMJP458NRCRJV3E-supermarket,38,meta-llama/Llama-3.3-70B-Instruct-Turbo,supermarket,"chicken breast
turkey
packet chicken
packet turkey
packet ham
ham joint
banana
apple
grape
tomato
carrot
rice
potato
baby potato
energy drink
pepsi diet
standard pepsi
wine
beer
spirit
pepper
porridge
spinach
egg
bread
cabbage
beef
yoghurt
greek yoghurt
dessert
pizza
noodle
flapjack
donut
chewing gum
chocolate bar
cake",frenchstick,,biscuit,,False,True,0,,iterative,3633866158530481000,ice cream,False
01JVAFPEBGFJMJP458NRCRJV3E-supermarket,39,meta-llama/Llama-3.3-70B-Instruct-Turbo,supermarket,"chicken breast
turkey
packet chicken
packet turkey
packet ham
ham joint
banana
apple
grape
tomato
carrot
rice
potato
baby potato
energy drink
pepsi diet
standard pepsi
wine
beer
spirit
pepper
porridge
spinach
egg
bread
cabbage
beef
yoghurt
greek yoghurt
dessert
pizza
noodle
flapjack
donut
chewing gum
chocolate bar
cake
french stick",sourdoughbread,,butter,,False,True,0,,iterative,17306489332738095000,toast,False
01JVAFPEBGFJMJP458NRCRJV3E-supermarket,40,meta-llama/Llama-3.3-70B-Instruct-Turbo,supermarket,"chicken breast
turkey
packet chicken
packet turkey
packet ham
ham joint
banana
apple
grape
tomato
carrot
rice
potato
baby potato
energy drink
pepsi diet
standard pepsi
wine
beer
spirit
pepper
porridge
spinach
egg
bread
cabbage
beef
yoghurt
greek yoghurt
dessert
pizza
noodle
flapjack
donut
chewing gum
chocolate bar
cake
french stick
sourdough bread",halloumicheese,,butter,,False,True,0,,iterative,1030672178607741800,salad,False
01JVAFPEBGFJMJP458NRCRJV3E-supermarket,41,meta-llama/Llama-3.3-70B-Instruct-Turbo,supermarket,"chicken breast
turkey
packet chicken
packet turkey
packet ham
ham joint
banana
apple
grape
tomato
carrot
rice
potato
baby potato
energy drink
pepsi diet
standard pepsi
wine
beer
spirit
pepper
porridge
spinach
egg
bread
cabbage
beef
yoghurt
greek yoghurt
dessert
pizza
noodle
flapjack
donut
chewing gum
chocolate bar
cake
french stick
sourdough bread
halloumi cheese",mozzarellacheese,,fetacheese,,False,True,0,,iterative,2909808549028855300,cheddar cheese,False
01JVAFPEBGFJMJP458NRCRJV3E-supermarket,42,meta-llama/Llama-3.3-70B-Instruct-Turbo,supermarket,"chicken breast
turkey
packet chicken
packet turkey
packet ham
ham joint
banana
apple
grape
tomato
carrot
rice
potato
baby potato
energy drink
pepsi diet
standard pepsi
wine
beer
spirit
pepper
porridge
spinach
egg
bread
cabbage
beef
yoghurt
greek yoghurt
dessert
pizza
noodle
flapjack
donut
chewing gum
chocolate bar
cake
french stick
sourdough bread
halloumi cheese
mozzarella cheese",cheddarcheese,,parmesancheese,,False,True,0,,iterative,1367305221570226700,dressing,False
01JVAFPEBGFJMJP458NRCRJV3E-supermarket,43,meta-llama/Llama-3.3-70B-Instruct-Turbo,supermarket,"chicken breast
turkey
packet chicken
packet turkey
packet ham
ham joint
banana
apple
grape
tomato
carrot
rice
potato
baby potato
energy drink
pepsi diet
standard pepsi
wine
beer
spirit
pepper
porridge
spinach
egg
bread
cabbage
beef
yoghurt
greek yoghurt
dessert
pizza
noodle
flapjack
donut
chewing gum
chocolate bar
cake
french stick
sourdough bread
halloumi cheese
mozzarella cheese
cheddar cheese",proteinpudding,,butter,,False,True,0,,iterative,12479013422957656000,bean,False
01JVAFPEBGFJMJP458NRCRJV3E-supermarket,44,meta-llama/Llama-3.3-70B-Instruct-Turbo,supermarket,"chicken breast
turkey
packet chicken
packet turkey
packet ham
ham joint
banana
apple
grape
tomato
carrot
rice
potato
baby potato
energy drink
pepsi diet
standard pepsi
wine
beer
spirit
pepper
porridge
spinach
egg
bread
cabbage
beef
yoghurt
greek yoghurt
dessert
pizza
noodle
flapjack
donut
chewing gum
chocolate bar
cake
french stick
sourdough bread
halloumi cheese
mozzarella cheese
cheddar cheese
protein pudding",milk,,milk,,True,True,0,,iterative,7894281116596126000,yoghurt mix,False
01JVAFPEBGFJMJP458NRCRJV3E-supermarket,45,meta-llama/Llama-3.3-70B-Instruct-Turbo,supermarket,"chicken breast
turkey
packet chicken
packet turkey
packet ham
ham joint
banana
apple
grape
tomato
carrot
rice
potato
baby potato
energy drink
pepsi diet
standard pepsi
wine
beer
spirit
pepper
porridge
spinach
egg
bread
cabbage
beef
yoghurt
greek yoghurt
dessert
pizza
noodle
flapjack
donut
chewing gum
chocolate bar
cake
french stick
sourdough bread
halloumi cheese
mozzarella cheese
cheddar cheese
protein pudding
milk",bottleofwater,,yogurtdrink,,False,True,0,,iterative,9734546648331407000,dried fruit,False
01JVAFPEBGFJMJP458NRCRJV3E-supermarket,46,meta-llama/Llama-3.3-70B-Instruct-Turbo,supermarket,"chicken breast
turkey
packet chicken
packet turkey
packet ham
ham joint
banana
apple
grape
tomato
carrot
rice
potato
baby potato
energy drink
pepsi diet
standard pepsi
wine
beer
spirit
pepper
porridge
spinach
egg
bread
cabbage
beef
yoghurt
greek yoghurt
dessert
pizza
noodle
flapjack
donut
chewing gum
chocolate bar
cake
french stick
sourdough bread
halloumi cheese
mozzarella cheese
cheddar cheese
protein pudding
milk
bottle of water",vape,,orangejuice,,False,True,0,,iterative,9998020964552915000,walnut,False
01JVAFPEBGFJMJP458NRCRJV3E-supermarket,47,meta-llama/Llama-3.3-70B-Instruct-Turbo,supermarket,"chicken breast
turkey
packet chicken
packet turkey
packet ham
ham joint
banana
apple
grape
tomato
carrot
rice
potato
baby potato
energy drink
pepsi diet
standard pepsi
wine
beer
spirit
pepper
porridge
spinach
egg
bread
cabbage
beef
yoghurt
greek yoghurt
dessert
pizza
noodle
flapjack
donut
chewing gum
chocolate bar
cake
french stick
sourdough bread
halloumi cheese
mozzarella cheese
cheddar cheese
protein pudding
milk
bottle of water
vape",cigarette,,orangejuice,,False,True,0,,iterative,10557692058812035000,almond,False
01JVAFPEBGFJMJP458NRCRJV3E-supermarket,48,meta-llama/Llama-3.3-70B-Instruct-Turbo,supermarket,"chicken breast
turkey
packet chicken
packet turkey
packet ham
ham joint
banana
apple
grape
tomato
carrot
rice
potato
baby potato
energy drink
pepsi diet
standard pepsi
wine
beer
spirit
pepper
porridge
spinach
egg
bread
cabbage
beef
yoghurt
greek yoghurt
dessert
pizza
noodle
flapjack
donut
chewing gum
chocolate bar
cake
french stick
sourdough bread
halloumi cheese
mozzarella cheese
cheddar cheese
protein pudding
milk
bottle of water
vape
cigarette",scratchcard,,cigar,,False,True,0,,iterative,3859917322243020000,cashew,False
01JVAFPEBGFJMJP458NRCRJV3E-supermarket,49,meta-llama/Llama-3.3-70B-Instruct-Turbo,supermarket,"chicken breast
turkey
packet chicken
packet turkey
packet ham
ham joint
banana
apple
grape
tomato
carrot
rice
potato
baby potato
energy drink
pepsi diet
standard pepsi
wine
beer
spirit
pepper
porridge
spinach
egg
bread
cabbage
beef
yoghurt
greek yoghurt
dessert
pizza
noodle
flapjack
donut
chewing gum
chocolate bar
cake
french stick
sourdough bread
halloumi cheese
mozzarella cheese
cheddar cheese
protein pudding
milk
bottle of water
vape
cigarette
scratchcard",salt,,lotteryticket,,False,True,0,,iterative,14361024792034122000,gum,False
01JVAFPEBGFJMJP458NRCRJV3E-supermarket,50,meta-llama/Llama-3.3-70B-Instruct-Turbo,supermarket,"chicken breast
turkey
packet chicken
packet turkey
packet ham
ham joint
banana
apple
grape
tomato
carrot
rice
potato
baby potato
energy drink
pepsi diet
standard pepsi
wine
beer
spirit
pepper
porridge
spinach
egg
bread
cabbage
beef
yoghurt
greek yoghurt
dessert
pizza
noodle
flapjack
donut
chewing gum
chocolate bar
cake
french stick
sourdough bread
halloumi cheese
mozzarella cheese
cheddar cheese
protein pudding
milk
bottle of water
vape
cigarette
scratchcard
salt",coffee,,pepperoni,,False,True,0,,iterative,18393597078566975000,pepper,False
01JVAFPEBGFJMJP458NRCRJV3E-supermarket,51,meta-llama/Llama-3.3-70B-Instruct-Turbo,supermarket,"chicken breast
turkey
packet chicken
packet turkey
packet ham
ham joint
banana
apple
grape
tomato
carrot
rice
potato
baby potato
energy drink
pepsi diet
standard pepsi
wine
beer
spirit
pepper
porridge
spinach
egg
bread
cabbage
beef
yoghurt
greek yoghurt
dessert
pizza
noodle
flapjack
donut
chewing gum
chocolate bar
cake
french stick
sourdough bread
halloumi cheese
mozzarella cheese
cheddar cheese
protein pudding
milk
bottle of water
vape
cigarette
scratchcard
salt
coffee",teabag,,sugar,,False,True,0,,iterative,13311205022211346000,apricot,False
01JVAFPEBGFJMJP458NRCRJV3E-supermarket,52,meta-llama/Llama-3.3-70B-Instruct-Turbo,supermarket,"chicken breast
turkey
packet chicken
packet turkey
packet ham
ham joint
banana
apple
grape
tomato
carrot
rice
potato
baby potato
energy drink
pepsi diet
standard pepsi
wine
beer
spirit
pepper
porridge
spinach
egg
bread
cabbage
beef
yoghurt
greek yoghurt
dessert
pizza
noodle
flapjack
donut
chewing gum
chocolate bar
cake
french stick
sourdough bread
halloumi cheese
mozzarella cheese
cheddar cheese
protein pudding
milk
bottle of water
vape
cigarette
scratchcard
salt
coffee
tea bag",frozenfruit,,sugar,,False,True,0,,iterative,11827008648710316000,soda,False
01JVAFPEBGFJMJP458NRCRJV3E-supermarket,53,meta-llama/Llama-3.3-70B-Instruct-Turbo,supermarket,"chicken breast
turkey
packet chicken
packet turkey
packet ham
ham joint
banana
apple
grape
tomato
carrot
rice
potato
baby potato
energy drink
pepsi diet
standard pepsi
wine
beer
spirit
pepper
porridge
spinach
egg
bread
cabbage
beef
yoghurt
greek yoghurt
dessert
pizza
noodle
flapjack
donut
chewing gum
chocolate bar
cake
french stick
sourdough bread
halloumi cheese
mozzarella cheese
cheddar cheese
protein pudding
milk
bottle of water
vape
cigarette
scratchcard
salt
coffee
tea bag
frozen fruit",icecream,,orange,,False,True,0,,iterative,17754324457435967000,water,False
01JVAFPEBGFJMJP458NRCRJV3E-supermarket,54,meta-llama/Llama-3.3-70B-Instruct-Turbo,supermarket,"chicken breast
turkey
packet chicken
packet turkey
packet ham
ham joint
banana
apple
grape
tomato
carrot
rice
potato
baby potato
energy drink
pepsi diet
standard pepsi
wine
beer
spirit
pepper
porridge
spinach
egg
bread
cabbage
beef
yoghurt
greek yoghurt
dessert
pizza
noodle
flapjack
donut
chewing gum
chocolate bar
cake
french stick
sourdough bread
halloumi cheese
mozzarella cheese
cheddar cheese
protein pudding
milk
bottle of water
vape
cigarette
scratchcard
salt
coffee
tea bag
frozen fruit
ice cream",orange,,muffin,,False,True,0,,iterative,9782447876370336000,strawberry,False
01JVAG14EYY36FZRR3Z1QQNFKY-supermarket,2,meta-llama/Llama-3.3-70B-Instruct-Turbo,supermarket,pea,cereal,,carrot,,False,True,0,,iterative,713904002820039300,pea,False
01JVAG14EYY36FZRR3Z1QQNFKY-supermarket,3,meta-llama/Llama-3.3-70B-Instruct-Turbo,supermarket,"pea
cereal",milk,,milk,,True,True,0,,iterative,1921554248825493500,cereal,False
01JVAG14EYY36FZRR3Z1QQNFKY-supermarket,4,meta-llama/Llama-3.3-70B-Instruct-Turbo,supermarket,"pea
cereal
milk",egg,,sugar,,False,True,0,,iterative,17201109392403090000,milk,False
01JVAG14EYY36FZRR3Z1QQNFKY-supermarket,5,meta-llama/Llama-3.3-70B-Instruct-Turbo,supermarket,"pea
cereal
milk
egg",tea,,bread,,False,True,0,,iterative,6080082846417205000,egg,False
01JVAG14EYY36FZRR3Z1QQNFKY-supermarket,6,meta-llama/Llama-3.3-70B-Instruct-Turbo,supermarket,"pea
cereal
milk
egg
tea",coffee,,toast,,False,True,0,,iterative,14240663015005796000,tea,False
01JVAG14EYY36FZRR3Z1QQNFKY-supermarket,7,meta-llama/Llama-3.3-70B-Instruct-Turbo,supermarket,"pea
cereal
milk
egg
tea
coffee",squash,,sugar,,False,True,0,,iterative,3975038086058845700,coffee,False
01JVAG14EYY36FZRR3Z1QQNFKY-supermarket,8,meta-llama/Llama-3.3-70B-Instruct-Turbo,supermarket,"pea
cereal
milk
egg
tea
coffee
squash",pop,,bread,,False,True,0,,iterative,15296604406020730000,squash,False
01JVAG14EYY36FZRR3Z1QQNFKY-supermarket,9,meta-llama/Llama-3.3-70B-Instruct-Turbo,supermarket,"pea
cereal
milk
egg
tea
coffee
squash
pop",meat,,biscuit,,False,True,0,,iterative,16905999188412350000,pop,False
01JVAG14EYY36FZRR3Z1QQNFKY-supermarket,10,meta-llama/Llama-3.3-70B-Instruct-Turbo,supermarket,"pea
cereal
milk
egg
tea
coffee
squash
pop
meat",pork,,bread,,False,True,0,,iterative,2520481785272123000,meat,False
01JVAG14EYY36FZRR3Z1QQNFKY-supermarket,11,meta-llama/Llama-3.3-70B-Instruct-Turbo,supermarket,"pea
cereal
milk
egg
tea
coffee
squash
pop
meat
pork",lamb,,sausages,,False,True,0,,iterative,886625924336898600,pork,False
01JVAG14EYY36FZRR3Z1QQNFKY-supermarket,12,meta-llama/Llama-3.3-70B-Instruct-Turbo,supermarket,"pea
cereal
milk
egg
tea
coffee
squash
pop
meat
pork
lamb",beef,,beef,,True,True,0,,iterative,4725649939117203000,lamb,False
01JVAG14EYY36FZRR3Z1QQNFKY-supermarket,13,meta-llama/Llama-3.3-70B-Instruct-Turbo,supermarket,"pea
cereal
milk
egg
tea
coffee
squash
pop
meat
pork
lamb
beef",bacon,,chicken,,False,True,0,,iterative,10502461720922081000,beef,False
01JVAG14EYY36FZRR3Z1QQNFKY-supermarket,14,meta-llama/Llama-3.3-70B-Instruct-Turbo,supermarket,"pea
cereal
milk
egg
tea
coffee
squash
pop
meat
pork
lamb
beef
bacon",cheese,,sausages,,False,True,0,,iterative,10502439972197618000,bacon,False
01JVAG14EYY36FZRR3Z1QQNFKY-supermarket,15,meta-llama/Llama-3.3-70B-Instruct-Turbo,supermarket,"pea
cereal
milk
egg
tea
coffee
squash
pop
meat
pork
lamb
beef
bacon
cheese",chicken,,butter,,False,True,0,,iterative,16740427420556272000,cheese,False
01JVAG14EYY36FZRR3Z1QQNFKY-supermarket,16,meta-llama/Llama-3.3-70B-Instruct-Turbo,supermarket,"pea
cereal
milk
egg
tea
coffee
squash
pop
meat
pork
lamb
beef
bacon
cheese
chicken",bread,,yogurt,,False,True,0,,iterative,9261943846870130000,chicken,False
01JVAG14EYY36FZRR3Z1QQNFKY-supermarket,17,meta-llama/Llama-3.3-70B-Instruct-Turbo,supermarket,"pea
cereal
milk
egg
tea
coffee
squash
pop
meat
pork
lamb
beef
bacon
cheese
chicken
bread",roll,,butter,,False,True,0,,iterative,8716893165623618000,bread,False
01JVAG14EYY36FZRR3Z1QQNFKY-supermarket,18,meta-llama/Llama-3.3-70B-Instruct-Turbo,supermarket,"pea
cereal
milk
egg
tea
coffee
squash
pop
meat
pork
lamb
beef
bacon
cheese
chicken
bread
roll",sandwich,,butter,,False,True,0,,iterative,3781880024857881000,roll,False
01JVAG14EYY36FZRR3Z1QQNFKY-supermarket,19,meta-llama/Llama-3.3-70B-Instruct-Turbo,supermarket,"pea
cereal
milk
egg
tea
coffee
squash
pop
meat
pork
lamb
beef
bacon
cheese
chicken
bread
roll
sandwich",crisp,,butter,,False,True,0,,iterative,8236766843935870000,sandwich,False
01JVAG14EYY36FZRR3Z1QQNFKY-supermarket,20,meta-llama/Llama-3.3-70B-Instruct-Turbo,supermarket,"pea
cereal
milk
egg
tea
coffee
squash
pop
meat
pork
lamb
beef
bacon
cheese
chicken
bread
roll
sandwich
crisp",sauce,,butter,,False,True,0,,iterative,16578732874380770000,crisp,False
01JVAG14EYY36FZRR3Z1QQNFKY-supermarket,21,meta-llama/Llama-3.3-70B-Instruct-Turbo,supermarket,"pea
cereal
milk
egg
tea
coffee
squash
pop
meat
pork
lamb
beef
bacon
cheese
chicken
bread
roll
sandwich
crisp
sauce",bakedbean,,chips,,False,True,0,,iterative,16703232694913820000,sauce,False
01JVAG14EYY36FZRR3Z1QQNFKY-supermarket,22,meta-llama/Llama-3.3-70B-Instruct-Turbo,supermarket,"pea
cereal
milk
egg
tea
coffee
squash
pop
meat
pork
lamb
beef
bacon
cheese
chicken
bread
roll
sandwich
crisp
sauce
baked bean",spaghetti,,sausage,,False,True,0,,iterative,9756805342699915000,baked bean,False
01JVAG14EYY36FZRR3Z1QQNFKY-supermarket,23,meta-llama/Llama-3.3-70B-Instruct-Turbo,supermarket,"pea
cereal
milk
egg
tea
coffee
squash
pop
meat
pork
lamb
beef
bacon
cheese
chicken
bread
roll
sandwich
crisp
sauce
baked bean
spaghetti",carrot,,tomatosauce,,False,True,0,,iterative,14031002444221293000,spaghetti,False
01JVAG14EYY36FZRR3Z1QQNFKY-supermarket,24,meta-llama/Llama-3.3-70B-Instruct-Turbo,supermarket,"pea
cereal
milk
egg
tea
coffee
squash
pop
meat
pork
lamb
beef
bacon
cheese
chicken
bread
roll
sandwich
crisp
sauce
baked bean
spaghetti
carrot",vegetable,,potato,,False,True,0,,iterative,10093311796240802000,carrot,False
01JVAG14EYY36FZRR3Z1QQNFKY-supermarket,25,meta-llama/Llama-3.3-70B-Instruct-Turbo,supermarket,"pea
cereal
milk
egg
tea
coffee
squash
pop
meat
pork
lamb
beef
bacon
cheese
chicken
bread
roll
sandwich
crisp
sauce
baked bean
spaghetti
carrot
vegetable",cauliflower,,potato,,False,True,0,,iterative,337874604150442000,vegetable,False
01JVAG14EYY36FZRR3Z1QQNFKY-supermarket,26,meta-llama/Llama-3.3-70B-Instruct-Turbo,supermarket,"pea
cereal
milk
egg
tea
coffee
squash
pop
meat
pork
lamb
beef
bacon
cheese
chicken
bread
roll
sandwich
crisp
sauce
baked bean
spaghetti
carrot
vegetable
cauliflower",lettuce,,broccoli,,False,True,0,,iterative,4322729015927635500,cauliflower,False
01JVAG14EYY36FZRR3Z1QQNFKY-supermarket,27,meta-llama/Llama-3.3-70B-Instruct-Turbo,supermarket,"pea
cereal
milk
egg
tea
coffee
squash
pop
meat
pork
lamb
beef
bacon
cheese
chicken
bread
roll
sandwich
crisp
sauce
baked bean
spaghetti
carrot
vegetable
cauliflower
lettuce",tomato,,broccoli,,False,True,0,,iterative,16493975389736650000,lettuce,False
01JVAG14EYY36FZRR3Z1QQNFKY-supermarket,28,meta-llama/Llama-3.3-70B-Instruct-Turbo,supermarket,"pea
cereal
milk
egg
tea
coffee
squash
pop
meat
pork
lamb
beef
bacon
cheese
chicken
bread
roll
sandwich
crisp
sauce
baked bean
spaghetti
carrot
vegetable
cauliflower
lettuce
tomato",cottagecheese,,cucumber,,False,True,0,,iterative,353855174297808960,tomato,False
01JVAG14EYY36FZRR3Z1QQNFKY-supermarket,29,meta-llama/Llama-3.3-70B-Instruct-Turbo,supermarket,"pea
cereal
milk
egg
tea
coffee
squash
pop
meat
pork
lamb
beef
bacon
cheese
chicken
bread
roll
sandwich
crisp
sauce
baked bean
spaghetti
carrot
vegetable
cauliflower
lettuce
tomato
cottage cheese",butter,,yogurt,,False,True,0,,iterative,11973182070049683000,cottage cheese,False
01JVAG14EYY36FZRR3Z1QQNFKY-supermarket,30,meta-llama/Llama-3.3-70B-Instruct-Turbo,supermarket,"pea
cereal
milk
egg
tea
coffee
squash
pop
meat
pork
lamb
beef
bacon
cheese
chicken
bread
roll
sandwich
crisp
sauce
baked bean
spaghetti
carrot
vegetable
cauliflower
lettuce
tomato
cottage cheese
butter",margarine,,yogurt,,False,True,0,,iterative,12693936910434626000,butter,False
01JVAG14EYY36FZRR3Z1QQNFKY-supermarket,31,meta-llama/Llama-3.3-70B-Instruct-Turbo,supermarket,"pea
cereal
milk
egg
tea
coffee
squash
pop
meat
pork
lamb
beef
bacon
cheese
chicken
bread
roll
sandwich
crisp
sauce
baked bean
spaghetti
carrot
vegetable
cauliflower
lettuce
tomato
cottage cheese
butter
margarine",readymeal,,yogurt,,False,True,0,,iterative,6430639608924931000,margarine,False
01JVAG14EYY36FZRR3Z1QQNFKY-supermarket,32,meta-llama/Llama-3.3-70B-Instruct-Turbo,supermarket,"pea
cereal
milk
egg
tea
coffee
squash
pop
meat
pork
lamb
beef
bacon
cheese
chicken
bread
roll
sandwich
crisp
sauce
baked bean
spaghetti
carrot
vegetable
cauliflower
lettuce
tomato
cottage cheese
butter
margarine
ready meal",sausage,,pizza,,False,True,0,,iterative,3196612001615247400,ready meal,False
01JVAG14EYY36FZRR3Z1QQNFKY-supermarket,33,meta-llama/Llama-3.3-70B-Instruct-Turbo,supermarket,"pea
cereal
milk
egg
tea
coffee
squash
pop
meat
pork
lamb
beef
bacon
cheese
chicken
bread
roll
sandwich
crisp
sauce
baked bean
spaghetti
carrot
vegetable
cauliflower
lettuce
tomato
cottage cheese
butter
margarine
ready meal
sausage",ketchup,,potato,,False,True,0,,iterative,13613539001171468000,sausage,False
01JVAG14EYY36FZRR3Z1QQNFKY-supermarket,34,meta-llama/Llama-3.3-70B-Instruct-Turbo,supermarket,"pea
cereal
milk
egg
tea
coffee
squash
pop
meat
pork
lamb
beef
bacon
cheese
chicken
bread
roll
sandwich
crisp
sauce
baked bean
spaghetti
carrot
vegetable
cauliflower
lettuce
tomato
cottage cheese
butter
margarine
ready meal
sausage
ketchup",strawberry,,mustard,,False,True,0,,iterative,12319695992491096000,ketchup,False
01JVAG14EYY36FZRR3Z1QQNFKY-supermarket,35,meta-llama/Llama-3.3-70B-Instruct-Turbo,supermarket,"pea
cereal
milk
egg
tea
coffee
squash
pop
meat
pork
lamb
beef
bacon
cheese
chicken
bread
roll
sandwich
crisp
sauce
baked bean
spaghetti
carrot
vegetable
cauliflower
lettuce
tomato
cottage cheese
butter
margarine
ready meal
sausage
ketchup
strawberry",nectarine,,yogurt,,False,True,0,,iterative,4746296122968743000,strawberry,False
01JVAG14EYY36FZRR3Z1QQNFKY-supermarket,36,meta-llama/Llama-3.3-70B-Instruct-Turbo,supermarket,"pea
cereal
milk
egg
tea
coffee
squash
pop
meat
pork
lamb
beef
bacon
cheese
chicken
bread
roll
sandwich
crisp
sauce
baked bean
spaghetti
carrot
vegetable
cauliflower
lettuce
tomato
cottage cheese
butter
margarine
ready meal
sausage
ketchup
strawberry
nectarine",satsuma,,yogurt,,False,True,0,,iterative,1883794371994854700,nectarine,False
01JVAG14EYY36FZRR3Z1QQNFKY-supermarket,37,meta-llama/Llama-3.3-70B-Instruct-Turbo,supermarket,"pea
cereal
milk
egg
tea
coffee
squash
pop
meat
pork
lamb
beef
bacon
cheese
chicken
bread
roll
sandwich
crisp
sauce
baked bean
spaghetti
carrot
vegetable
cauliflower
lettuce
tomato
cottage cheese
butter
margarine
ready meal
sausage
ketchup
strawberry
nectarine
satsuma",banana,,orange,,False,True,0,,iterative,14847922033097470000,satsuma,False
01JVAG14EYY36FZRR3Z1QQNFKY-supermarket,38,meta-llama/Llama-3.3-70B-Instruct-Turbo,supermarket,"pea
cereal
milk
egg
tea
coffee
squash
pop
meat
pork
lamb
beef
bacon
cheese
chicken
bread
roll
sandwich
crisp
sauce
baked bean
spaghetti
carrot
vegetable
cauliflower
lettuce
tomato
cottage cheese
butter
margarine
ready meal
sausage
ketchup
strawberry
nectarine
satsuma
banana",apple,,apple,,True,True,0,,iterative,5219058919824419000,banana,False
01JVAG14EYY36FZRR3Z1QQNFKY-supermarket,39,meta-llama/Llama-3.3-70B-Instruct-Turbo,supermarket,"pea
cereal
milk
egg
tea
coffee
squash
pop
meat
pork
lamb
beef
bacon
cheese
chicken
bread
roll
sandwich
crisp
sauce
baked bean
spaghetti
carrot
vegetable
cauliflower
lettuce
tomato
cottage cheese
butter
margarine
ready meal
sausage
ketchup
strawberry
nectarine
satsuma
banana
apple",kiwifruit,,orange,,False,True,0,,iterative,11319779046454804000,apple,False
01JVAG14EYY36FZRR3Z1QQNFKY-supermarket,40,meta-llama/Llama-3.3-70B-Instruct-Turbo,supermarket,"pea
cereal
milk
egg
tea
coffee
squash
pop
meat
pork
lamb
beef
bacon
cheese
chicken
bread
roll
sandwich
crisp
sauce
baked bean
spaghetti
carrot
vegetable
cauliflower
lettuce
tomato
cottage cheese
butter
margarine
ready meal
sausage
ketchup
strawberry
nectarine
satsuma
banana
apple
kiwifruit",custard,,orange,,False,True,0,,iterative,7845083349868897000,kiwifruit,False
01JVAG14EYY36FZRR3Z1QQNFKY-supermarket,41,meta-llama/Llama-3.3-70B-Instruct-Turbo,supermarket,"pea
cereal
milk
egg
tea
coffee
squash
pop
meat
pork
lamb
beef
bacon
cheese
chicken
bread
roll
sandwich
crisp
sauce
baked bean
spaghetti
carrot
vegetable
cauliflower
lettuce
tomato
cottage cheese
butter
margarine
ready meal
sausage
ketchup
strawberry
nectarine
satsuma
banana
apple
kiwifruit
custard",spongepudding,,yogurt,,False,True,0,,iterative,2095069257122355500,custard,False
01JVAG14EYY36FZRR3Z1QQNFKY-supermarket,42,meta-llama/Llama-3.3-70B-Instruct-Turbo,supermarket,"pea
cereal
milk
egg
tea
coffee
squash
pop
meat
pork
lamb
beef
bacon
cheese
chicken
bread
roll
sandwich
crisp
sauce
baked bean
spaghetti
carrot
vegetable
cauliflower
lettuce
tomato
cottage cheese
butter
margarine
ready meal
sausage
ketchup
strawberry
nectarine
satsuma
banana
apple
kiwifruit
custard
sponge pudding",tinnedfruitcocktail,,yogurt,,False,True,0,,iterative,4874621427140391000,sponge pudding,False
01JVAG14EYY36FZRR3Z1QQNFKY-supermarket,43,meta-llama/Llama-3.3-70B-Instruct-Turbo,supermarket,"pea
cereal
milk
egg
tea
coffee
squash
pop
meat
pork
lamb
beef
bacon
cheese
chicken
bread
roll
sandwich
crisp
sauce
baked bean
spaghetti
carrot
vegetable
cauliflower
lettuce
tomato
cottage cheese
butter
margarine
ready meal
sausage
ketchup
strawberry
nectarine
satsuma
banana
apple
kiwifruit
custard
sponge pudding
tinned fruit cocktail",ricepudding,,yogurt,,False,True,0,,iterative,18171553840121311000,tinned fruit cocktail,False
01JVAG14EYY36FZRR3Z1QQNFKY-supermarket,44,meta-llama/Llama-3.3-70B-Instruct-Turbo,supermarket,"pea
cereal
milk
egg
tea
coffee
squash
pop
meat
pork
lamb
beef
bacon
cheese
chicken
bread
roll
sandwich
crisp
sauce
baked bean
spaghetti
carrot
vegetable
cauliflower
lettuce
tomato
cottage cheese
butter
margarine
ready meal
sausage
ketchup
strawberry
nectarine
satsuma
banana
apple
kiwifruit
custard
sponge pudding
tinned fruit cocktail
rice pudding",chocolate,,yogurt,,False,True,0,,iterative,13794111664716384000,rice pudding,False
01JVAG14EYY36FZRR3Z1QQNFKY-supermarket,45,meta-llama/Llama-3.3-70B-Instruct-Turbo,supermarket,"pea
cereal
milk
egg
tea
coffee
squash
pop
meat
pork
lamb
beef
bacon
cheese
chicken
bread
roll
sandwich
crisp
sauce
baked bean
spaghetti
carrot
vegetable
cauliflower
lettuce
tomato
cottage cheese
butter
margarine
ready meal
sausage
ketchup
strawberry
nectarine
satsuma
banana
apple
kiwifruit
custard
sponge pudding
tinned fruit cocktail
rice pudding
chocolate",sweet,,yogurt,,False,True,0,,iterative,512457069185584830,chocolate,False
01JVAG14EYY36FZRR3Z1QQNFKY-supermarket,46,meta-llama/Llama-3.3-70B-Instruct-Turbo,supermarket,"pea
cereal
milk
egg
tea
coffee
squash
pop
meat
pork
lamb
beef
bacon
cheese
chicken
bread
roll
sandwich
crisp
sauce
baked bean
spaghetti
carrot
vegetable
cauliflower
lettuce
tomato
cottage cheese
butter
margarine
ready meal
sausage
ketchup
strawberry
nectarine
satsuma
banana
apple
kiwifruit
custard
sponge pudding
tinned fruit cocktail
rice pudding
chocolate
sweet",mint,,biscuit,,False,True,0,,iterative,15891785019822107000,sweet,False
01JVAG91RXE7PEF4VXW3JBQPDA-supermarket,2,meta-llama/Llama-3.3-70B-Instruct-Turbo,supermarket,tomato puree,choppedtomato,,pastasauce,,False,True,0,,iterative,10779683756223672000,pasta,False
01JVAG91RXE7PEF4VXW3JBQPDA-supermarket,3,meta-llama/Llama-3.3-70B-Instruct-Turbo,supermarket,"tomato puree
chopped tomato",banana,,tomatosauce,,False,True,0,,iterative,1738507757234607900,spaghetti,False
01JVAG91RXE7PEF4VXW3JBQPDA-supermarket,4,meta-llama/Llama-3.3-70B-Instruct-Turbo,supermarket,"tomato puree
chopped tomato
banana",bread,,apple,,False,True,0,,iterative,4584912438586031600,apple,False
01JVAG91RXE7PEF4VXW3JBQPDA-supermarket,5,meta-llama/Llama-3.3-70B-Instruct-Turbo,supermarket,"tomato puree
chopped tomato
banana
bread",milk,,peanutbutter,,False,True,0,,iterative,17123891937892049000,milk,True
01JVAG91RXE7PEF4VXW3JBQPDA-supermarket,6,meta-llama/Llama-3.3-70B-Instruct-Turbo,supermarket,"tomato puree
chopped tomato
banana
bread
milk",cheese,,butter,,False,True,0,,iterative,5298760307376940000,egg,False
01JVAG91RXE7PEF4VXW3JBQPDA-supermarket,7,meta-llama/Llama-3.3-70B-Instruct-Turbo,supermarket,"tomato puree
chopped tomato
banana
bread
milk
cheese",ham,,butter,,False,True,0,,iterative,10820342499796998000,egg,False
01JVAG91RXE7PEF4VXW3JBQPDA-supermarket,8,meta-llama/Llama-3.3-70B-Instruct-Turbo,supermarket,"tomato puree
chopped tomato
banana
bread
milk
cheese
ham",pepper,,butter,,False,True,0,,iterative,16747478386610330000,egg,False
01JVAG91RXE7PEF4VXW3JBQPDA-supermarket,9,meta-llama/Llama-3.3-70B-Instruct-Turbo,supermarket,"tomato puree
chopped tomato
banana
bread
milk
cheese
ham
pepper",salt,,onion,,False,True,0,,iterative,18129873574704617000,onion,False
01JVAG91RXE7PEF4VXW3JBQPDA-supermarket,10,meta-llama/Llama-3.3-70B-Instruct-Turbo,supermarket,"tomato puree
chopped tomato
banana
bread
milk
cheese
ham
pepper
salt",foil,,eggs,,False,True,0,,iterative,7727786899096082000,oil,False
01JVAG91RXE7PEF4VXW3JBQPDA-supermarket,11,meta-llama/Llama-3.3-70B-Instruct-Turbo,supermarket,"tomato puree
chopped tomato
banana
bread
milk
cheese
ham
pepper
salt
foil",clingfilm,,butter,,False,True,0,,iterative,1083602677096917500,cling film,True
01JVAG91RXE7PEF4VXW3JBQPDA-supermarket,12,meta-llama/Llama-3.3-70B-Instruct-Turbo,supermarket,"tomato puree
chopped tomato
banana
bread
milk
cheese
ham
pepper
salt
foil
cling film",greaseproofpaper,,butter,,False,True,0,,iterative,15857424079004553000,bin bag,False
01JVAG91RXE7PEF4VXW3JBQPDA-supermarket,13,meta-llama/Llama-3.3-70B-Instruct-Turbo,supermarket,"tomato puree
chopped tomato
banana
bread
milk
cheese
ham
pepper
salt
foil
cling film
greaseproof paper",cloth,,aluminumtrays,,False,True,0,,iterative,15226684864986784000,bin bag,False
01JVAG91RXE7PEF4VXW3JBQPDA-supermarket,14,meta-llama/Llama-3.3-70B-Instruct-Turbo,supermarket,"tomato puree
chopped tomato
banana
bread
milk
cheese
ham
pepper
salt
foil
cling film
greaseproof paper
cloth",washingupliquid,,string,,False,True,0,,iterative,2710106328915491000,laundry detergent,False
01JVAG91RXE7PEF4VXW3JBQPDA-supermarket,15,meta-llama/Llama-3.3-70B-Instruct-Turbo,supermarket,"tomato puree
chopped tomato
banana
bread
milk
cheese
ham
pepper
salt
foil
cling film
greaseproof paper
cloth
washing up liquid",courgette,,dishsoap,,False,True,0,,iterative,1583419342059496000,sponge,False
01JVAG91RXE7PEF4VXW3JBQPDA-supermarket,16,meta-llama/Llama-3.3-70B-Instruct-Turbo,supermarket,"tomato puree
chopped tomato
banana
bread
milk
cheese
ham
pepper
salt
foil
cling film
greaseproof paper
cloth
washing up liquid
courgette",broccoli,,aubergine,,False,True,0,,iterative,1245039872631815400,onion,False
01JVAG91RXE7PEF4VXW3JBQPDA-supermarket,17,meta-llama/Llama-3.3-70B-Instruct-Turbo,supermarket,"tomato puree
chopped tomato
banana
bread
milk
cheese
ham
pepper
salt
foil
cling film
greaseproof paper
cloth
washing up liquid
courgette
broccoli",carrot,,carrots,,False,True,0,,iterative,693242847731785700,carrot,True
01JVAG91RXE7PEF4VXW3JBQPDA-supermarket,18,meta-llama/Llama-3.3-70B-Instruct-Turbo,supermarket,"tomato puree
chopped tomato
banana
bread
milk
cheese
ham
pepper
salt
foil
cling film
greaseproof paper
cloth
washing up liquid
courgette
broccoli
carrot",potato,,onion,,False,True,0,,iterative,11329151954524210000,potato,True
01JVAG91RXE7PEF4VXW3JBQPDA-supermarket,19,meta-llama/Llama-3.3-70B-Instruct-Turbo,supermarket,"tomato puree
chopped tomato
banana
bread
milk
cheese
ham
pepper
salt
foil
cling film
greaseproof paper
cloth
washing up liquid
courgette
broccoli
carrot
potato",raspberry,,onion,,False,True,0,,iterative,8055695901528966000,onion,False
01JVAGGHDDQH6C30R7EJHKDA13-supermarket,2,meta-llama/Llama-3.3-70B-Instruct-Turbo,supermarket,bean,orange,,rice,,False,True,0,,iterative,12854829889630988000,salad,False
01JVAGGHDDQH6C30R7EJHKDA13-supermarket,3,meta-llama/Llama-3.3-70B-Instruct-Turbo,supermarket,"bean
orange",apple,,carrot,,False,True,0,,iterative,18224532344844370000,apple,True
01JVAGGHDDQH6C30R7EJHKDA13-supermarket,4,meta-llama/Llama-3.3-70B-Instruct-Turbo,supermarket,"bean
orange
apple",eggplant,,banana,,False,True,0,,iterative,6171164371979133000,banana,False
01JVAGGHDDQH6C30R7EJHKDA13-supermarket,5,meta-llama/Llama-3.3-70B-Instruct-Turbo,supermarket,"bean
orange
apple
eggplant",egg,,grapes,,False,True,0,,iterative,690050010061499600,tomato,False
01JVAGGHDDQH6C30R7EJHKDA13-supermarket,6,meta-llama/Llama-3.3-70B-Instruct-Turbo,supermarket,"bean
orange
apple
eggplant
egg",strawberry,,milk,,False,True,0,,iterative,11999647341971706000,chicken,False
01JVAGGHDDQH6C30R7EJHKDA13-supermarket,7,meta-llama/Llama-3.3-70B-Instruct-Turbo,supermarket,"bean
orange
apple
eggplant
egg
strawberry",ham,,milk,,False,True,0,,iterative,3818915579323723000,blueberry,False
01JVAGGHDDQH6C30R7EJHKDA13-supermarket,8,meta-llama/Llama-3.3-70B-Instruct-Turbo,supermarket,"bean
orange
apple
eggplant
egg
strawberry
ham",cheese,,cheese,,True,True,0,,iterative,11345306733282937000,sausage,False
01JVAGGHDDQH6C30R7EJHKDA13-supermarket,9,meta-llama/Llama-3.3-70B-Instruct-Turbo,supermarket,"bean
orange
apple
eggplant
egg
strawberry
ham
cheese",bread,,milk,,False,True,0,,iterative,7368208820247881000,milk,False
01JVAGGHDDQH6C30R7EJHKDA13-supermarket,10,meta-llama/Llama-3.3-70B-Instruct-Turbo,supermarket,"bean
orange
apple
eggplant
egg
strawberry
ham
cheese
bread",bacon,,butter,,False,True,0,,iterative,549259614041234600,milk,False
01JVAGGHDDQH6C30R7EJHKDA13-supermarket,11,meta-llama/Llama-3.3-70B-Instruct-Turbo,supermarket,"bean
orange
apple
eggplant
egg
strawberry
ham
cheese
bread
bacon",spaghetti,,butter,,False,True,0,,iterative,9128883599597494000,cereal,False
01JVAGGHDDQH6C30R7EJHKDA13-supermarket,12,meta-llama/Llama-3.3-70B-Instruct-Turbo,supermarket,"bean
orange
apple
eggplant
egg
strawberry
ham
cheese
bread
bacon
spaghetti",pasta,,meatballs,,False,True,0,,iterative,6519273007954012000,milk,False
01JVAGGHDDQH6C30R7EJHKDA13-supermarket,13,meta-llama/Llama-3.3-70B-Instruct-Turbo,supermarket,"bean
orange
apple
eggplant
egg
strawberry
ham
cheese
bread
bacon
spaghetti
pasta",oil,,meatballs,,False,True,0,,iterative,12183868932713372000,tomato,False
01JVAGGHDDQH6C30R7EJHKDA13-supermarket,14,meta-llama/Llama-3.3-70B-Instruct-Turbo,supermarket,"bean
orange
apple
eggplant
egg
strawberry
ham
cheese
bread
bacon
spaghetti
pasta
oil",yogurt,,tomatosauce,,False,True,0,,iterative,15765495168409606000,tomato,False
01JVAGGHDDQH6C30R7EJHKDA13-supermarket,15,meta-llama/Llama-3.3-70B-Instruct-Turbo,supermarket,"bean
orange
apple
eggplant
egg
strawberry
ham
cheese
bread
bacon
spaghetti
pasta
oil
yogurt",oat,,milk,,False,True,0,,iterative,5470465090529110000,cheese,False
01JVAGGHDDQH6C30R7EJHKDA13-supermarket,16,meta-llama/Llama-3.3-70B-Instruct-Turbo,supermarket,"bean
orange
apple
eggplant
egg
strawberry
ham
cheese
bread
bacon
spaghetti
pasta
oil
yogurt
oat",flour,,milk,,False,True,0,,iterative,15882372693719413000,milk,False
01JVAGGHDDQH6C30R7EJHKDA13-supermarket,17,meta-llama/Llama-3.3-70B-Instruct-Turbo,supermarket,"bean
orange
apple
eggplant
egg
strawberry
ham
cheese
bread
bacon
spaghetti
pasta
oil
yogurt
oat
flour",sugar,,sugar,,True,True,0,,iterative,15220416869157829000,bread,False
01JVAGGHDDQH6C30R7EJHKDA13-supermarket,18,meta-llama/Llama-3.3-70B-Instruct-Turbo,supermarket,"bean
orange
apple
eggplant
egg
strawberry
ham
cheese
bread
bacon
spaghetti
pasta
oil
yogurt
oat
flour
sugar",icingsugar,,butter,,False,True,0,,iterative,1663432481292375300,salt,False
01JVAGGHDDQH6C30R7EJHKDA13-supermarket,19,meta-llama/Llama-3.3-70B-Instruct-Turbo,supermarket,"bean
orange
apple
eggplant
egg
strawberry
ham
cheese
bread
bacon
spaghetti
pasta
oil
yogurt
oat
flour
sugar
icing sugar",roll,,butter,,False,True,0,,iterative,12859137098753780000,salt,False
01JVAGGHDDQH6C30R7EJHKDA13-supermarket,20,meta-llama/Llama-3.3-70B-Instruct-Turbo,supermarket,"bean
orange
apple
eggplant
egg
strawberry
ham
cheese
bread
bacon
spaghetti
pasta
oil
yogurt
oat
flour
sugar
icing sugar
roll",cheesespread,,cake,,False,True,0,,iterative,14362456823212872000,milk,False
01JVAGGHDDQH6C30R7EJHKDA13-supermarket,21,meta-llama/Llama-3.3-70B-Instruct-Turbo,supermarket,"bean
orange
apple
eggplant
egg
strawberry
ham
cheese
bread
bacon
spaghetti
pasta
oil
yogurt
oat
flour
sugar
icing sugar
roll
cheese spread",milk,,butter,,False,True,0,,iterative,14867446841726590000,milk,True
01JVAGGHDDQH6C30R7EJHKDA13-supermarket,22,meta-llama/Llama-3.3-70B-Instruct-Turbo,supermarket,"bean
orange
apple
eggplant
egg
strawberry
ham
cheese
bread
bacon
spaghetti
pasta
oil
yogurt
oat
flour
sugar
icing sugar
roll
cheese spread
milk",berry,,butter,,False,True,0,,iterative,2918212308510694400,cereal,False
01JVAGGHDDQH6C30R7EJHKDA13-supermarket,23,meta-llama/Llama-3.3-70B-Instruct-Turbo,supermarket,"bean
orange
apple
eggplant
egg
strawberry
ham
cheese
bread
bacon
spaghetti
pasta
oil
yogurt
oat
flour
sugar
icing sugar
roll
cheese spread
milk
berry",blueberry,,yogurt,,False,True,0,,iterative,8059665332967727000,oatmeal,False
01JVAGGHDDQH6C30R7EJHKDA13-supermarket,24,meta-llama/Llama-3.3-70B-Instruct-Turbo,supermarket,"bean
orange
apple
eggplant
egg
strawberry
ham
cheese
bread
bacon
spaghetti
pasta
oil
yogurt
oat
flour
sugar
icing sugar
roll
cheese spread
milk
berry
blueberry",raspberry,,raspberry,,True,True,0,,iterative,7643302396246975000,blackberry,False
01JVAGGHDDQH6C30R7EJHKDA13-supermarket,25,meta-llama/Llama-3.3-70B-Instruct-Turbo,supermarket,"bean
orange
apple
eggplant
egg
strawberry
ham
cheese
bread
bacon
spaghetti
pasta
oil
yogurt
oat
flour
sugar
icing sugar
roll
cheese spread
milk
berry
blueberry
raspberry",chocolate,,blackberry,,False,True,0,,iterative,9881917341428085000,blackberry,False
01JVAGGHDDQH6C30R7EJHKDA13-supermarket,26,meta-llama/Llama-3.3-70B-Instruct-Turbo,supermarket,"bean
orange
apple
eggplant
egg
strawberry
ham
cheese
bread
bacon
spaghetti
pasta
oil
yogurt
oat
flour
sugar
icing sugar
roll
cheese spread
milk
berry
blueberry
raspberry
chocolate",breadflour,,cake,,False,True,0,,iterative,8697409140334710000,raisin,False
01JVAGGHDDQH6C30R7EJHKDA13-supermarket,27,meta-llama/Llama-3.3-70B-Instruct-Turbo,supermarket,"bean
orange
apple
eggplant
egg
strawberry
ham
cheese
bread
bacon
spaghetti
pasta
oil
yogurt
oat
flour
sugar
icing sugar
roll
cheese spread
milk
berry
blueberry
raspberry
chocolate
bread flour",custard,,butter,,False,True,0,,iterative,11302474717586422000,yeast,False
01JVAGGHDDQH6C30R7EJHKDA13-supermarket,28,meta-llama/Llama-3.3-70B-Instruct-Turbo,supermarket,"bean
orange
apple
eggplant
egg
strawberry
ham
cheese
bread
bacon
spaghetti
pasta
oil
yogurt
oat
flour
sugar
icing sugar
roll
cheese spread
milk
berry
blueberry
raspberry
chocolate
bread flour
custard",noodle,,cake,,False,True,0,,iterative,13004551581195194000,pudding,False
01JVAGGHDDQH6C30R7EJHKDA13-supermarket,29,meta-llama/Llama-3.3-70B-Instruct-Turbo,supermarket,"bean
orange
apple
eggplant
egg
strawberry
ham
cheese
bread
bacon
spaghetti
pasta
oil
yogurt
oat
flour
sugar
icing sugar
roll
cheese spread
milk
berry
blueberry
raspberry
chocolate
bread flour
custard
noodle",rice,,butter,,False,True,0,,iterative,2409645094925128000,steak,False
01JVAGGHDDQH6C30R7EJHKDA13-supermarket,30,meta-llama/Llama-3.3-70B-Instruct-Turbo,supermarket,"bean
orange
apple
eggplant
egg
strawberry
ham
cheese
bread
bacon
spaghetti
pasta
oil
yogurt
oat
flour
sugar
icing sugar
roll
cheese spread
milk
berry
blueberry
raspberry
chocolate
bread flour
custard
noodle
rice",sweetsoursauce,,sauce,,False,True,0,,iterative,3074074281131339300,soup,False
01JVAGGHDDQH6C30R7EJHKDA13-supermarket,31,meta-llama/Llama-3.3-70B-Instruct-Turbo,supermarket,"bean
orange
apple
eggplant
egg
strawberry
ham
cheese
bread
bacon
spaghetti
pasta
oil
yogurt
oat
flour
sugar
icing sugar
roll
cheese spread
milk
berry
blueberry
raspberry
chocolate
bread flour
custard
noodle
rice
sweet sour sauce",soysauce,,soysauce,,True,True,0,,iterative,9470528895510157000,chicken,False
01JVAGGHDDQH6C30R7EJHKDA13-supermarket,32,meta-llama/Llama-3.3-70B-Instruct-Turbo,supermarket,"bean
orange
apple
eggplant
egg
strawberry
ham
cheese
bread
bacon
spaghetti
pasta
oil
yogurt
oat
flour
sugar
icing sugar
roll
cheese spread
milk
berry
blueberry
raspberry
chocolate
bread flour
custard
noodle
rice
sweet sour sauce
soy sauce",ketchup,,tofu,,False,True,0,,iterative,8833615838458137000,plum sauce,False
01JVAGGHDDQH6C30R7EJHKDA13-supermarket,33,meta-llama/Llama-3.3-70B-Instruct-Turbo,supermarket,"bean
orange
apple
eggplant
egg
strawberry
ham
cheese
bread
bacon
spaghetti
pasta
oil
yogurt
oat
flour
sugar
icing sugar
roll
cheese spread
milk
berry
blueberry
raspberry
chocolate
bread flour
custard
noodle
rice
sweet sour sauce
soy sauce
ketchup",mustard,,mayonnaise,,False,True,0,,iterative,6380462675575849000,mustard,True
01JVAGGHDDQH6C30R7EJHKDA13-supermarket,34,meta-llama/Llama-3.3-70B-Instruct-Turbo,supermarket,"bean
orange
apple
eggplant
egg
strawberry
ham
cheese
bread
bacon
spaghetti
pasta
oil
yogurt
oat
flour
sugar
icing sugar
roll
cheese spread
milk
berry
blueberry
raspberry
chocolate
bread flour
custard
noodle
rice
sweet sour sauce
soy sauce
ketchup
mustard",mayonnaise,,mayonnaise,,True,True,0,,iterative,14421969794766100000,relish,False
01JVAGGHDDQH6C30R7EJHKDA13-supermarket,35,meta-llama/Llama-3.3-70B-Instruct-Turbo,supermarket,"bean
orange
apple
eggplant
egg
strawberry
ham
cheese
bread
bacon
spaghetti
pasta
oil
yogurt
oat
flour
sugar
icing sugar
roll
cheese spread
milk
berry
blueberry
raspberry
chocolate
bread flour
custard
noodle
rice
sweet sour sauce
soy sauce
ketchup
mustard
mayonnaise",saladcream,,relish,,False,True,0,,iterative,492876589515357250,relish,False
01JVAGGHDDQH6C30R7EJHKDA13-supermarket,36,meta-llama/Llama-3.3-70B-Instruct-Turbo,supermarket,"bean
orange
apple
eggplant
egg
strawberry
ham
cheese
bread
bacon
spaghetti
pasta
oil
yogurt
oat
flour
sugar
icing sugar
roll
cheese spread
milk
berry
blueberry
raspberry
chocolate
bread flour
custard
noodle
rice
sweet sour sauce
soy sauce
ketchup
mustard
mayonnaise
salad cream",brownsauce,,tomatosauce,,False,True,0,,iterative,12044864149331208000,lettuce,False
01JVAGGHDDQH6C30R7EJHKDA13-supermarket,37,meta-llama/Llama-3.3-70B-Instruct-Turbo,supermarket,"bean
orange
apple
eggplant
egg
strawberry
ham
cheese
bread
bacon
spaghetti
pasta
oil
yogurt
oat
flour
sugar
icing sugar
roll
cheese spread
milk
berry
blueberry
raspberry
chocolate
bread flour
custard
noodle
rice
sweet sour sauce
soy sauce
ketchup
mustard
mayonnaise
salad cream
brown sauce",caramel,,tomatosauce,,False,True,0,,iterative,521915986424782660,relish,False
01JVAGGHDDQH6C30R7EJHKDA13-supermarket,38,meta-llama/Llama-3.3-70B-Instruct-Turbo,supermarket,"bean
orange
apple
eggplant
egg
strawberry
ham
cheese
bread
bacon
spaghetti
pasta
oil
yogurt
oat
flour
sugar
icing sugar
roll
cheese spread
milk
berry
blueberry
raspberry
chocolate
bread flour
custard
noodle
rice
sweet sour sauce
soy sauce
ketchup
mustard
mayonnaise
salad cream
brown sauce
caramel",butter,,honey,,False,True,0,,iterative,12409534891054160000,chocolate sauce,False
01JVAGGHDDQH6C30R7EJHKDA13-supermarket,39,meta-llama/Llama-3.3-70B-Instruct-Turbo,supermarket,"bean
orange
apple
eggplant
egg
strawberry
ham
cheese
bread
bacon
spaghetti
pasta
oil
yogurt
oat
flour
sugar
icing sugar
roll
cheese spread
milk
berry
blueberry
raspberry
chocolate
bread flour
custard
noodle
rice
sweet sour sauce
soy sauce
ketchup
mustard
mayonnaise
salad cream
brown sauce
caramel
butter",lard,,margarine,,False,True,0,,iterative,270874780159513120,margarine,False
01JVAGGHDDQH6C30R7EJHKDA13-supermarket,40,meta-llama/Llama-3.3-70B-Instruct-Turbo,supermarket,"bean
orange
apple
eggplant
egg
strawberry
ham
cheese
bread
bacon
spaghetti
pasta
oil
yogurt
oat
flour
sugar
icing sugar
roll
cheese spread
milk
berry
blueberry
raspberry
chocolate
bread flour
custard
noodle
rice
sweet sour sauce
soy sauce
ketchup
mustard
mayonnaise
salad cream
brown sauce
caramel
butter
lard",bakingspread,,margarine,,False,True,0,,iterative,10080667547727864000,olive oil,False
01JVAGGHDDQH6C30R7EJHKDA13-supermarket,41,meta-llama/Llama-3.3-70B-Instruct-Turbo,supermarket,"bean
orange
apple
eggplant
egg
strawberry
ham
cheese
bread
bacon
spaghetti
pasta
oil
yogurt
oat
flour
sugar
icing sugar
roll
cheese spread
milk
berry
blueberry
raspberry
chocolate
bread flour
custard
noodle
rice
sweet sour sauce
soy sauce
ketchup
mustard
mayonnaise
salad cream
brown sauce
caramel
butter
lard
baking spread",laundryliquid,,margarine,,False,True,0,,iterative,10162158677992020000,olive oil,False
01JVAGQTWAG7Q6DT6STFW97QH1-supermarket,2,meta-llama/Llama-3.3-70B-Instruct-Turbo,supermarket,cheddar cheese,pepperjackcheese,,butter,,False,True,0,,iterative,4829608192362453000,bread,False
01JVAGQTWAG7Q6DT6STFW97QH1-supermarket,3,meta-llama/Llama-3.3-70B-Instruct-Turbo,supermarket,"cheddar cheese
pepper jack cheese",swisscheese,,mozzarellacheese,,False,True,0,,iterative,17080775231903926000,mozzarella cheese,False
01JVAGQTWAG7Q6DT6STFW97QH1-supermarket,4,meta-llama/Llama-3.3-70B-Instruct-Turbo,supermarket,"cheddar cheese
pepper jack cheese
swiss cheese",provolone,,mozzarellacheese,,False,True,0,,iterative,5406258506412162000,monterey jack cheese,False
01JVAGQTWAG7Q6DT6STFW97QH1-supermarket,5,meta-llama/Llama-3.3-70B-Instruct-Turbo,supermarket,"cheddar cheese
pepper jack cheese
swiss cheese
provolone",icecream,,mozzarella,,False,True,0,,iterative,3860153574698307600,edam,False
01JVAGQTWAG7Q6DT6STFW97QH1-supermarket,6,meta-llama/Llama-3.3-70B-Instruct-Turbo,supermarket,"cheddar cheese
pepper jack cheese
swiss cheese
provolone
ice cream",popsicle,,whippedcream,,False,True,0,,iterative,2546793749480601600,lolly,False
01JVAGQTWAG7Q6DT6STFW97QH1-supermarket,7,meta-llama/Llama-3.3-70B-Instruct-Turbo,supermarket,"cheddar cheese
pepper jack cheese
swiss cheese
provolone
ice cream
popsicle",snickersicecreambar,,whippedcream,,False,True,0,,iterative,16598457447733113000,wafer,False
01JVAGQTWAG7Q6DT6STFW97QH1-supermarket,8,meta-llama/Llama-3.3-70B-Instruct-Turbo,supermarket,"cheddar cheese
pepper jack cheese
swiss cheese
provolone
ice cream
popsicle
snickers ice cream bar",milk,,milk,,True,True,0,,iterative,14309555169155250000,cornetto,False
01JVAGQTWAG7Q6DT6STFW97QH1-supermarket,9,meta-llama/Llama-3.3-70B-Instruct-Turbo,supermarket,"cheddar cheese
pepper jack cheese
swiss cheese
provolone
ice cream
popsicle
snickers ice cream bar
milk",egg,,cereal,,False,True,0,,iterative,7870809935555087000,butter,False
01JVAGQTWAG7Q6DT6STFW97QH1-supermarket,10,meta-llama/Llama-3.3-70B-Instruct-Turbo,supermarket,"cheddar cheese
pepper jack cheese
swiss cheese
provolone
ice cream
popsicle
snickers ice cream bar
milk
egg",yogurt,,yogurt,,True,True,0,,iterative,9130321758097308000,butter,False
01JVAGQTWAG7Q6DT6STFW97QH1-supermarket,11,meta-llama/Llama-3.3-70B-Instruct-Turbo,supermarket,"cheddar cheese
pepper jack cheese
swiss cheese
provolone
ice cream
popsicle
snickers ice cream bar
milk
egg
yogurt",butter,,butter,,True,True,0,,iterative,8436810247557115000,ham,False
01JVAGQTWAG7Q6DT6STFW97QH1-supermarket,12,meta-llama/Llama-3.3-70B-Instruct-Turbo,supermarket,"cheddar cheese
pepper jack cheese
swiss cheese
provolone
ice cream
popsicle
snickers ice cream bar
milk
egg
yogurt
butter",flour,,cereal,,False,True,0,,iterative,17190641357995991000,custard,False
01JVAGQTWAG7Q6DT6STFW97QH1-supermarket,13,meta-llama/Llama-3.3-70B-Instruct-Turbo,supermarket,"cheddar cheese
pepper jack cheese
swiss cheese
provolone
ice cream
popsicle
snickers ice cream bar
milk
egg
yogurt
butter
flour",sugar,,sugar,,True,True,0,,iterative,8654072512391157000,sugar,True
01JVAGQTWAG7Q6DT6STFW97QH1-supermarket,14,meta-llama/Llama-3.3-70B-Instruct-Turbo,supermarket,"cheddar cheese
pepper jack cheese
swiss cheese
provolone
ice cream
popsicle
snickers ice cream bar
milk
egg
yogurt
butter
flour
sugar",salt,,bakingpowder,,False,True,0,,iterative,14505841975337306000,chocolate,False
01JVAGQTWAG7Q6DT6STFW97QH1-supermarket,15,meta-llama/Llama-3.3-70B-Instruct-Turbo,supermarket,"cheddar cheese
pepper jack cheese
swiss cheese
provolone
ice cream
popsicle
snickers ice cream bar
milk
egg
yogurt
butter
flour
sugar
salt",pepper,,bakingpowder,,False,True,0,,iterative,10259183337850225000,pasta,False
01JVAGQTWAG7Q6DT6STFW97QH1-supermarket,16,meta-llama/Llama-3.3-70B-Instruct-Turbo,supermarket,"cheddar cheese
pepper jack cheese
swiss cheese
provolone
ice cream
popsicle
snickers ice cream bar
milk
egg
yogurt
butter
flour
sugar
salt
pepper",vinegar,,cinnamon,,False,True,0,,iterative,7979620927208140000,chilli,False
01JVAGQTWAG7Q6DT6STFW97QH1-supermarket,17,meta-llama/Llama-3.3-70B-Instruct-Turbo,supermarket,"cheddar cheese
pepper jack cheese
swiss cheese
provolone
ice cream
popsicle
snickers ice cream bar
milk
egg
yogurt
butter
flour
sugar
salt
pepper
vinegar",oil,,bakingpowder,,False,True,0,,iterative,5398024733931567000,mayonnaise,False
01JVAGQTWAG7Q6DT6STFW97QH1-supermarket,18,meta-llama/Llama-3.3-70B-Instruct-Turbo,supermarket,"cheddar cheese
pepper jack cheese
swiss cheese
provolone
ice cream
popsicle
snickers ice cream bar
milk
egg
yogurt
butter
flour
sugar
salt
pepper
vinegar
oil",oliveoil,,bakingpowder,,False,True,0,,iterative,17906490433183711000,ketchup,False
01JVAGQTWAG7Q6DT6STFW97QH1-supermarket,19,meta-llama/Llama-3.3-70B-Instruct-Turbo,supermarket,"cheddar cheese
pepper jack cheese
swiss cheese
provolone
ice cream
popsicle
snickers ice cream bar
milk
egg
yogurt
butter
flour
sugar
salt
pepper
vinegar
oil
olive oil",basil,,balsamicvinegar,,False,True,0,,iterative,11943603928829778000,vegetable oil,False
01JVAGQTWAG7Q6DT6STFW97QH1-supermarket,20,meta-llama/Llama-3.3-70B-Instruct-Turbo,supermarket,"cheddar cheese
pepper jack cheese
swiss cheese
provolone
ice cream
popsicle
snickers ice cream bar
milk
egg
yogurt
butter
flour
sugar
salt
pepper
vinegar
oil
olive oil
basil",rosemary,,oregano,,False,True,0,,iterative,9303053264270014000,thyme,False
01JVAGQTWAG7Q6DT6STFW97QH1-supermarket,21,meta-llama/Llama-3.3-70B-Instruct-Turbo,supermarket,"cheddar cheese
pepper jack cheese
swiss cheese
provolone
ice cream
popsicle
snickers ice cream bar
milk
egg
yogurt
butter
flour
sugar
salt
pepper
vinegar
oil
olive oil
basil
rosemary",turmeric,,thyme,,False,True,0,,iterative,5612344305091037000,thyme,False
01JVAGQTWAG7Q6DT6STFW97QH1-supermarket,22,meta-llama/Llama-3.3-70B-Instruct-Turbo,supermarket,"cheddar cheese
pepper jack cheese
swiss cheese
provolone
ice cream
popsicle
snickers ice cream bar
milk
egg
yogurt
butter
flour
sugar
salt
pepper
vinegar
oil
olive oil
basil
rosemary
turmeric",redpepperflake,,cumin,,False,True,0,,iterative,18184951127918684000,cumin,False
01JVAGQTWAG7Q6DT6STFW97QH1-supermarket,23,meta-llama/Llama-3.3-70B-Instruct-Turbo,supermarket,"cheddar cheese
pepper jack cheese
swiss cheese
provolone
ice cream
popsicle
snickers ice cream bar
milk
egg
yogurt
butter
flour
sugar
salt
pepper
vinegar
oil
olive oil
basil
rosemary
turmeric
red pepper flake",greenpepper,,cumin,,False,True,0,,iterative,7655147102091544000,paprika,False
01JVAGQTWAG7Q6DT6STFW97QH1-supermarket,24,meta-llama/Llama-3.3-70B-Instruct-Turbo,supermarket,"cheddar cheese
pepper jack cheese
swiss cheese
provolone
ice cream
popsicle
snickers ice cream bar
milk
egg
yogurt
butter
flour
sugar
salt
pepper
vinegar
oil
olive oil
basil
rosemary
turmeric
red pepper flake
green pepper",redpepper,,cayennepepper,,False,True,0,,iterative,17886658357403280000,paprika,False
01JVAGQTWAG7Q6DT6STFW97QH1-supermarket,25,meta-llama/Llama-3.3-70B-Instruct-Turbo,supermarket,"cheddar cheese
pepper jack cheese
swiss cheese
provolone
ice cream
popsicle
snickers ice cream bar
milk
egg
yogurt
butter
flour
sugar
salt
pepper
vinegar
oil
olive oil
basil
rosemary
turmeric
red pepper flake
green pepper
red pepper",yellowpepper,,onion,,False,True,0,,iterative,9531996053986620000,hot pepper,False
01JVAGQTWAG7Q6DT6STFW97QH1-supermarket,26,meta-llama/Llama-3.3-70B-Instruct-Turbo,supermarket,"cheddar cheese
pepper jack cheese
swiss cheese
provolone
ice cream
popsicle
snickers ice cream bar
milk
egg
yogurt
butter
flour
sugar
salt
pepper
vinegar
oil
olive oil
basil
rosemary
turmeric
red pepper flake
green pepper
red pepper
yellow pepper",dill,,onion,,False,True,0,,iterative,13859036328869157000,carrot,False
01JVAGQTWAG7Q6DT6STFW97QH1-supermarket,27,meta-llama/Llama-3.3-70B-Instruct-Turbo,supermarket,"cheddar cheese
pepper jack cheese
swiss cheese
provolone
ice cream
popsicle
snickers ice cream bar
milk
egg
yogurt
butter
flour
sugar
salt
pepper
vinegar
oil
olive oil
basil
rosemary
turmeric
red pepper flake
green pepper
red pepper
yellow pepper
dill",caesarsalad,,cucumber,,False,True,0,,iterative,8877834031533950000,chive,False
01JVAGQTWAG7Q6DT6STFW97QH1-supermarket,28,meta-llama/Llama-3.3-70B-Instruct-Turbo,supermarket,"cheddar cheese
pepper jack cheese
swiss cheese
provolone
ice cream
popsicle
snickers ice cream bar
milk
egg
yogurt
butter
flour
sugar
salt
pepper
vinegar
oil
olive oil
basil
rosemary
turmeric
red pepper flake
green pepper
red pepper
yellow pepper
dill
caesar salad",mixedgreens,,croutons,,False,True,0,,iterative,12568273855009440000,cucumber,False
01JVAGQTWAG7Q6DT6STFW97QH1-supermarket,29,meta-llama/Llama-3.3-70B-Instruct-Turbo,supermarket,"cheddar cheese
pepper jack cheese
swiss cheese
provolone
ice cream
popsicle
snickers ice cream bar
milk
egg
yogurt
butter
flour
sugar
salt
pepper
vinegar
oil
olive oil
basil
rosemary
turmeric
red pepper flake
green pepper
red pepper
yellow pepper
dill
caesar salad
mixed greens",ranch,,croutons,,False,True,0,,iterative,1065879171518675800,lettuce,False
01JVAGQTWAG7Q6DT6STFW97QH1-supermarket,30,meta-llama/Llama-3.3-70B-Instruct-Turbo,supermarket,"cheddar cheese
pepper jack cheese
swiss cheese
provolone
ice cream
popsicle
snickers ice cream bar
milk
egg
yogurt
butter
flour
sugar
salt
pepper
vinegar
oil
olive oil
basil
rosemary
turmeric
red pepper flake
green pepper
red pepper
yellow pepper
dill
caesar salad
mixed greens
ranch",bluecheese,,croutons,,False,True,0,,iterative,11804534209308563000,mayonnaise,False
01JVAGQTWAG7Q6DT6STFW97QH1-supermarket,31,meta-llama/Llama-3.3-70B-Instruct-Turbo,supermarket,"cheddar cheese
pepper jack cheese
swiss cheese
provolone
ice cream
popsicle
snickers ice cream bar
milk
egg
yogurt
butter
flour
sugar
salt
pepper
vinegar
oil
olive oil
basil
rosemary
turmeric
red pepper flake
green pepper
red pepper
yellow pepper
dill
caesar salad
mixed greens
ranch
blue cheese",frenchdressing,,croutons,,False,True,0,,iterative,2642227745395950600,coleslaw,False
01JVAGQTWAG7Q6DT6STFW97QH1-supermarket,32,meta-llama/Llama-3.3-70B-Instruct-Turbo,supermarket,"cheddar cheese
pepper jack cheese
swiss cheese
provolone
ice cream
popsicle
snickers ice cream bar
milk
egg
yogurt
butter
flour
sugar
salt
pepper
vinegar
oil
olive oil
basil
rosemary
turmeric
red pepper flake
green pepper
red pepper
yellow pepper
dill
caesar salad
mixed greens
ranch
blue cheese
french dressing",caesardressing,,croutons,,False,True,0,,iterative,11270248537517566000,ketchup,False
01JVAGQTWAG7Q6DT6STFW97QH1-supermarket,33,meta-llama/Llama-3.3-70B-Instruct-Turbo,supermarket,"cheddar cheese
pepper jack cheese
swiss cheese
provolone
ice cream
popsicle
snickers ice cream bar
milk
egg
yogurt
butter
flour
sugar
salt
pepper
vinegar
oil
olive oil
basil
rosemary
turmeric
red pepper flake
green pepper
red pepper
yellow pepper
dill
caesar salad
mixed greens
ranch
blue cheese
french dressing
caesar dressing",frank'shotsauce,,croutons,,False,True,0,,iterative,14024201478944788000,crouton,False
01JVAGQTWAG7Q6DT6STFW97QH1-supermarket,34,meta-llama/Llama-3.3-70B-Instruct-Turbo,supermarket,"cheddar cheese
pepper jack cheese
swiss cheese
provolone
ice cream
popsicle
snickers ice cream bar
milk
egg
yogurt
butter
flour
sugar
salt
pepper
vinegar
oil
olive oil
basil
rosemary
turmeric
red pepper flake
green pepper
red pepper
yellow pepper
dill
caesar salad
mixed greens
ranch
blue cheese
french dressing
caesar dressing
frank's hot sauce",coke,,ketchup,,False,True,0,,iterative,1942683062718096100,tabasco sauce,False
01JVAGQTWAG7Q6DT6STFW97QH1-supermarket,35,meta-llama/Llama-3.3-70B-Instruct-Turbo,supermarket,"cheddar cheese
pepper jack cheese
swiss cheese
provolone
ice cream
popsicle
snickers ice cream bar
milk
egg
yogurt
butter
flour
sugar
salt
pepper
vinegar
oil
olive oil
basil
rosemary
turmeric
red pepper flake
green pepper
red pepper
yellow pepper
dill
caesar salad
mixed greens
ranch
blue cheese
french dressing
caesar dressing
frank's hot sauce
coke",pepsi,,sprite,,False,True,0,,iterative,3737788323486812000,lemonade,False
01JVAGQTWAG7Q6DT6STFW97QH1-supermarket,36,meta-llama/Llama-3.3-70B-Instruct-Turbo,supermarket,"cheddar cheese
pepper jack cheese
swiss cheese
provolone
ice cream
popsicle
snickers ice cream bar
milk
egg
yogurt
butter
flour
sugar
salt
pepper
vinegar
oil
olive oil
basil
rosemary
turmeric
red pepper flake
green pepper
red pepper
yellow pepper
dill
caesar salad
mixed greens
ranch
blue cheese
french dressing
caesar dressing
frank's hot sauce
coke
pepsi",mountaindew,,drpepper,,False,True,0,,iterative,96307513951979940,dr pepper,False
01JVAGQTWAG7Q6DT6STFW97QH1-supermarket,37,meta-llama/Llama-3.3-70B-Instruct-Turbo,supermarket,"cheddar cheese
pepper jack cheese
swiss cheese
provolone
ice cream
popsicle
snickers ice cream bar
milk
egg
yogurt
butter
flour
sugar
salt
pepper
vinegar
oil
olive oil
basil
rosemary
turmeric
red pepper flake
green pepper
red pepper
yellow pepper
dill
caesar salad
mixed greens
ranch
blue cheese
french dressing
caesar dressing
frank's hot sauce
coke
pepsi
mountain dew",drpepper,,drpepper,,True,True,0,,iterative,7546195248420199000,sprite,False
01JVAGQTWAG7Q6DT6STFW97QH1-supermarket,38,meta-llama/Llama-3.3-70B-Instruct-Turbo,supermarket,"cheddar cheese
pepper jack cheese
swiss cheese
provolone
ice cream
popsicle
snickers ice cream bar
milk
egg
yogurt
butter
flour
sugar
salt
pepper
vinegar
oil
olive oil
basil
rosemary
turmeric
red pepper flake
green pepper
red pepper
yellow pepper
dill
caesar salad
mixed greens
ranch
blue cheese
french dressing
caesar dressing
frank's hot sauce
coke
pepsi
mountain dew
dr pepper",sprite,,gingerale,,False,True,0,,iterative,2423137438165538000,sprite,True
01JVAGQTWAG7Q6DT6STFW97QH1-supermarket,39,meta-llama/Llama-3.3-70B-Instruct-Turbo,supermarket,"cheddar cheese
pepper jack cheese
swiss cheese
provolone
ice cream
popsicle
snickers ice cream bar
milk
egg
yogurt
butter
flour
sugar
salt
pepper
vinegar
oil
olive oil
basil
rosemary
turmeric
red pepper flake
green pepper
red pepper
yellow pepper
dill
caesar salad
mixed greens
ranch
blue cheese
french dressing
caesar dressing
frank's hot sauce
coke
pepsi
mountain dew
dr pepper
sprite",7up,,lemonade,,False,True,0,,iterative,10742293259541215000,7up,True
01JVAGQTWAG7Q6DT6STFW97QH1-supermarket,40,meta-llama/Llama-3.3-70B-Instruct-Turbo,supermarket,"cheddar cheese
pepper jack cheese
swiss cheese
provolone
ice cream
popsicle
snickers ice cream bar
milk
egg
yogurt
butter
flour
sugar
salt
pepper
vinegar
oil
olive oil
basil
rosemary
turmeric
red pepper flake
green pepper
red pepper
yellow pepper
dill
caesar salad
mixed greens
ranch
blue cheese
french dressing
caesar dressing
frank's hot sauce
coke
pepsi
mountain dew
dr pepper
sprite
7 up",cherrycoke,,lemonade,,False,True,0,,iterative,4284009823034894000,tango,False
01JVAGQTWAG7Q6DT6STFW97QH1-supermarket,41,meta-llama/Llama-3.3-70B-Instruct-Turbo,supermarket,"cheddar cheese
pepper jack cheese
swiss cheese
provolone
ice cream
popsicle
snickers ice cream bar
milk
egg
yogurt
butter
flour
sugar
salt
pepper
vinegar
oil
olive oil
basil
rosemary
turmeric
red pepper flake
green pepper
red pepper
yellow pepper
dill
caesar salad
mixed greens
ranch
blue cheese
french dressing
caesar dressing
frank's hot sauce
coke
pepsi
mountain dew
dr pepper
sprite
7 up
cherry coke",cherrypepsi,,lemonlimesoda,,False,True,0,,iterative,16223033733768755000,fanta,False
01JVAGQTWAG7Q6DT6STFW97QH1-supermarket,42,meta-llama/Llama-3.3-70B-Instruct-Turbo,supermarket,"cheddar cheese
pepper jack cheese
swiss cheese
provolone
ice cream
popsicle
snickers ice cream bar
milk
egg
yogurt
butter
flour
sugar
salt
pepper
vinegar
oil
olive oil
basil
rosemary
turmeric
red pepper flake
green pepper
red pepper
yellow pepper
dill
caesar salad
mixed greens
ranch
blue cheese
french dressing
caesar dressing
frank's hot sauce
coke
pepsi
mountain dew
dr pepper
sprite
7 up
cherry coke
cherry pepsi",dietcoke,,lemonade,,False,True,0,,iterative,8002820732919057000,red bull,False
01JVAGQTWAG7Q6DT6STFW97QH1-supermarket,43,meta-llama/Llama-3.3-70B-Instruct-Turbo,supermarket,"cheddar cheese
pepper jack cheese
swiss cheese
provolone
ice cream
popsicle
snickers ice cream bar
milk
egg
yogurt
butter
flour
sugar
salt
pepper
vinegar
oil
olive oil
basil
rosemary
turmeric
red pepper flake
green pepper
red pepper
yellow pepper
dill
caesar salad
mixed greens
ranch
blue cheese
french dressing
caesar dressing
frank's hot sauce
coke
pepsi
mountain dew
dr pepper
sprite
7 up
cherry coke
cherry pepsi
diet coke",dietpepsi,,lemonlimesoda,,False,True,0,,iterative,14352553887518327000,coca-cola,False
01JVAGQTWAG7Q6DT6STFW97QH1-supermarket,44,meta-llama/Llama-3.3-70B-Instruct-Turbo,supermarket,"cheddar cheese
pepper jack cheese
swiss cheese
provolone
ice cream
popsicle
snickers ice cream bar
milk
egg
yogurt
butter
flour
sugar
salt
pepper
vinegar
oil
olive oil
basil
rosemary
turmeric
red pepper flake
green pepper
red pepper
yellow pepper
dill
caesar salad
mixed greens
ranch
blue cheese
french dressing
caesar dressing
frank's hot sauce
coke
pepsi
mountain dew
dr pepper
sprite
7 up
cherry coke
cherry pepsi
diet coke
diet pepsi",gingerale,,lemonlimesoda,,False,True,0,,iterative,13089721001764530000,pepsi max,False
01JVAGQTWAG7Q6DT6STFW97QH1-supermarket,45,meta-llama/Llama-3.3-70B-Instruct-Turbo,supermarket,"cheddar cheese
pepper jack cheese
swiss cheese
provolone
ice cream
popsicle
snickers ice cream bar
milk
egg
yogurt
butter
flour
sugar
salt
pepper
vinegar
oil
olive oil
basil
rosemary
turmeric
red pepper flake
green pepper
red pepper
yellow pepper
dill
caesar salad
mixed greens
ranch
blue cheese
french dressing
caesar dressing
frank's hot sauce
coke
pepsi
mountain dew
dr pepper
sprite
7 up
cherry coke
cherry pepsi
diet coke
diet pepsi
ginger ale",a&wrootbeer,,lemonlimesoda,,False,True,0,,iterative,10955737601544765000,lemonade,False
01JVAGQTWAG7Q6DT6STFW97QH1-supermarket,46,meta-llama/Llama-3.3-70B-Instruct-Turbo,supermarket,"cheddar cheese
pepper jack cheese
swiss cheese
provolone
ice cream
popsicle
snickers ice cream bar
milk
egg
yogurt
butter
flour
sugar
salt
pepper
vinegar
oil
olive oil
basil
rosemary
turmeric
red pepper flake
green pepper
red pepper
yellow pepper
dill
caesar salad
mixed greens
ranch
blue cheese
french dressing
caesar dressing
frank's hot sauce
coke
pepsi
mountain dew
dr pepper
sprite
7 up
cherry coke
cherry pepsi
diet coke
diet pepsi
ginger ale
a&w root beer",barq'srootbeer,,orangecrush,,False,True,0,,iterative,2801651790493166600,arrowroot,False
01K4DT05H6EFD0P9TWFMRN6BH0-supermarket,2,meta-llama/Llama-3.3-70B-Instruct-Turbo,supermarket,fruit,milk,1.0,apples,,False,True,0,,iterative,7416130590725371000,banana,False
01K4DT05H6EFD0P9TWFMRN6BH0-supermarket,3,meta-llama/Llama-3.3-70B-Instruct-Turbo,supermarket,"fruit
milk",beef,1.0,cereal,,False,True,0,,iterative,9866889988934790000,white,False
01K4DT05H6EFD0P9TWFMRN6BH0-supermarket,4,meta-llama/Llama-3.3-70B-Instruct-Turbo,supermarket,"fruit
milk
beef",chicken,0.0,butter,,False,True,0,,iterative,11640641083513350000,chicken,True
01K4DT05H6EFD0P9TWFMRN6BH0-supermarket,5,meta-llama/Llama-3.3-70B-Instruct-Turbo,supermarket,"fruit
milk
beef
chicken",chocolate,1.0,pork,,False,True,0,,iterative,898859726479936600,cheese,False
01K4DT05H6EFD0P9TWFMRN6BH0-supermarket,6,meta-llama/Llama-3.3-70B-Instruct-Turbo,supermarket,"fruit
milk
beef
chicken
chocolate",peanut,0.0,icecream,,False,True,0,,iterative,17792033949995840000,chip,False
01K4DT05H6EFD0P9TWFMRN6BH0-supermarket,7,meta-llama/Llama-3.3-70B-Instruct-Turbo,supermarket,"fruit
milk
beef
chicken
chocolate
peanut",toiletpaper,1.0,butter,,False,True,0,,iterative,8715405993598562000,candy,False
01K4DT05H6EFD0P9TWFMRN6BH0-supermarket,8,meta-llama/Llama-3.3-70B-Instruct-Turbo,supermarket,"fruit
milk
beef
chicken
chocolate
peanut
toilet paper",chip,1.0,papertowels,,False,True,0,,iterative,6807150656005197000,soap,False
01K4DT05H6EFD0P9TWFMRN6BH0-supermarket,9,meta-llama/Llama-3.3-70B-Instruct-Turbo,supermarket,"fruit
milk
beef
chicken
chocolate
peanut
toilet paper
chip",egg,1.0,dip,,False,True,0,,iterative,9789509904650312000,cheese,False
01K4DT05H6EFD0P9TWFMRN6BH0-supermarket,10,meta-llama/Llama-3.3-70B-Instruct-Turbo,supermarket,"fruit
milk
beef
chicken
chocolate
peanut
toilet paper
chip
egg",soap,1.0,bread,,False,True,0,,iterative,4051736126948974000,butter,False
01K4DT05H6EFD0P9TWFMRN6BH0-supermarket,11,meta-llama/Llama-3.3-70B-Instruct-Turbo,supermarket,"fruit
milk
beef
chicken
chocolate
peanut
toilet paper
chip
egg
soap",deodorant,0.0,shampoo,,False,True,0,,iterative,5877434047732262000,butter,False
01K4DT05H6EFD0P9TWFMRN6BH0-supermarket,12,meta-llama/Llama-3.3-70B-Instruct-Turbo,supermarket,"fruit
milk
beef
chicken
chocolate
peanut
toilet paper
chip
egg
soap
deodorant",lotion,0.0,shampoo,,False,True,0,,iterative,16173640441506054000,toothpaste,False
01K4DT05H6EFD0P9TWFMRN6BH0-supermarket,13,meta-llama/Llama-3.3-70B-Instruct-Turbo,supermarket,"fruit
milk
beef
chicken
chocolate
peanut
toilet paper
chip
egg
soap
deodorant
lotion",bread,1.0,shampoo,,False,True,0,,iterative,7967938640365653000,toothbrush,False
01K4DT05H6EFD0P9TWFMRN6BH0-supermarket,14,meta-llama/Llama-3.3-70B-Instruct-Turbo,supermarket,"fruit
milk
beef
chicken
chocolate
peanut
toilet paper
chip
egg
soap
deodorant
lotion
bread",popcorn,1.0,butter,,False,True,0,,iterative,16160508546626509000,mayonnaise,False
01K4DT05H6EFD0P9TWFMRN6BH0-supermarket,15,meta-llama/Llama-3.3-70B-Instruct-Turbo,supermarket,"fruit
milk
beef
chicken
chocolate
peanut
toilet paper
chip
egg
soap
deodorant
lotion
bread
popcorn",water,1.0,butter,,False,True,0,,iterative,18156072943714908000,soda,False
01K4DT05H6EFD0P9TWFMRN6BH0-supermarket,16,meta-llama/Llama-3.3-70B-Instruct-Turbo,supermarket,"fruit
milk
beef
chicken
chocolate
peanut
toilet paper
chip
egg
soap
deodorant
lotion
bread
popcorn
water",juice,0.0,butter,,False,True,0,,iterative,16553410534800075000,soda,False
01K4DT05H6EFD0P9TWFMRN6BH0-supermarket,17,meta-llama/Llama-3.3-70B-Instruct-Turbo,supermarket,"fruit
milk
beef
chicken
chocolate
peanut
toilet paper
chip
egg
soap
deodorant
lotion
bread
popcorn
water
juice",plate,1.0,soda,,False,True,0,,iterative,5835346625015469000,soda,False
01K4DT05H6EFD0P9TWFMRN6BH0-supermarket,18,meta-llama/Llama-3.3-70B-Instruct-Turbo,supermarket,"fruit
milk
beef
chicken
chocolate
peanut
toilet paper
chip
egg
soap
deodorant
lotion
bread
popcorn
water
juice
plate",cup,0.0,cup,,True,True,0,,iterative,10156855312896457000,utensil,False
01K4DT05H6EFD0P9TWFMRN6BH0-supermarket,19,meta-llama/Llama-3.3-70B-Instruct-Turbo,supermarket,"fruit
milk
beef
chicken
chocolate
peanut
toilet paper
chip
egg
soap
deodorant
lotion
bread
popcorn
water
juice
plate
cup",coffee,1.0,bowl,,False,True,0,,iterative,2388993049450527000,utensil,False
01K4DT05H6EFD0P9TWFMRN6BH0-supermarket,20,meta-llama/Llama-3.3-70B-Instruct-Turbo,supermarket,"fruit
milk
beef
chicken
chocolate
peanut
toilet paper
chip
egg
soap
deodorant
lotion
bread
popcorn
water
juice
plate
cup
coffee",tea,0.0,sugar,,False,True,0,,iterative,970029502916453600,sugar,False
01K4DT05H6EFD0P9TWFMRN6BH0-supermarket,21,meta-llama/Llama-3.3-70B-Instruct-Turbo,supermarket,"fruit
milk
beef
chicken
chocolate
peanut
toilet paper
chip
egg
soap
deodorant
lotion
bread
popcorn
water
juice
plate
cup
coffee
tea",sugar,0.0,sugar,,True,True,0,,iterative,13578472246246300000,butter,False
01K4DT05H6EFD0P9TWFMRN6BH0-supermarket,22,meta-llama/Llama-3.3-70B-Instruct-Turbo,supermarket,"fruit
milk
beef
chicken
chocolate
peanut
toilet paper
chip
egg
soap
deodorant
lotion
bread
popcorn
water
juice
plate
cup
coffee
tea
sugar",cake,1.0,cream,,False,True,0,,iterative,18360145612242760000,salt,False
01K4DT05H6EFD0P9TWFMRN6BH0-supermarket,23,meta-llama/Llama-3.3-70B-Instruct-Turbo,supermarket,"fruit
milk
beef
chicken
chocolate
peanut
toilet paper
chip
egg
soap
deodorant
lotion
bread
popcorn
water
juice
plate
cup
coffee
tea
sugar
cake",scone,0.0,butter,,False,True,0,,iterative,17939390857050237000,cookie,False
01K4DT05H6EFD0P9TWFMRN6BH0-supermarket,24,meta-llama/Llama-3.3-70B-Instruct-Turbo,supermarket,"fruit
milk
beef
chicken
chocolate
peanut
toilet paper
chip
egg
soap
deodorant
lotion
bread
popcorn
water
juice
plate
cup
coffee
tea
sugar
cake
scone",muffin,0.0,butter,,False,True,0,,iterative,14395526173397301000,cookie,False
01K4DT05H6EFD0P9TWFMRN6BH0-supermarket,25,meta-llama/Llama-3.3-70B-Instruct-Turbo,supermarket,"fruit
milk
beef
chicken
chocolate
peanut
toilet paper
chip
egg
soap
deodorant
lotion
bread
popcorn
water
juice
plate
cup
coffee
tea
sugar
cake
scone
muffin",magazine,1.0,butter,,False,True,0,,iterative,2028799398783635700,cupcake,False
01K4DT05H6EFD0P9TWFMRN6BH0-supermarket,26,meta-llama/Llama-3.3-70B-Instruct-Turbo,supermarket,"fruit
milk
beef
chicken
chocolate
peanut
toilet paper
chip
egg
soap
deodorant
lotion
bread
popcorn
water
juice
plate
cup
coffee
tea
sugar
cake
scone
muffin
magazine",newspaper,0.0,newspaper,,True,True,0,,iterative,6478965512327098000,book,False
01K4DT62PEQ123RVEXESD7QTMM-supermarket,2,meta-llama/Llama-3.3-70B-Instruct-Turbo,supermarket,trolley,basket,0.0,checkout,,False,True,0,,iterative,18003237604527927000,food,False
01K4DT62PEQ123RVEXESD7QTMM-supermarket,3,meta-llama/Llama-3.3-70B-Instruct-Turbo,supermarket,"trolley
basket",aisle,0.0,checkout,,False,True,0,,iterative,11706379073893829000,checkout,False
01K4DT62PEQ123RVEXESD7QTMM-supermarket,4,meta-llama/Llama-3.3-70B-Instruct-Turbo,supermarket,"trolley
basket
aisle",till,0.0,shelves,,False,True,0,,iterative,9173948997153180000,shelf,False
01K4DT62PEQ123RVEXESD7QTMM-supermarket,5,meta-llama/Llama-3.3-70B-Instruct-Turbo,supermarket,"trolley
basket
aisle
till",checkout,0.0,checkout,,True,True,0,,iterative,17821830401296670000,staff,False
01K4DT62PEQ123RVEXESD7QTMM-supermarket,6,meta-llama/Llama-3.3-70B-Instruct-Turbo,supermarket,"trolley
basket
aisle
till
checkout",display,0.0,cashier,,False,True,0,,iterative,6708024601039496000,vegetable,False
01K4DT62PEQ123RVEXESD7QTMM-supermarket,7,meta-llama/Llama-3.3-70B-Instruct-Turbo,supermarket,"trolley
basket
aisle
till
checkout
display",shelf,0.0,shelf,,True,True,0,,iterative,12395940781390025000,shelf,True
01K4DT62PEQ123RVEXESD7QTMM-supermarket,8,meta-llama/Llama-3.3-70B-Instruct-Turbo,supermarket,"trolley
basket
aisle
till
checkout
display
shelf",cart,0.0,product,,False,True,0,,iterative,15494588098743149000,coffee,False
01K4DT62PEQ123RVEXESD7QTMM-supermarket,9,meta-llama/Llama-3.3-70B-Instruct-Turbo,supermarket,"trolley
basket
aisle
till
checkout
display
shelf
cart",staff,0.0,products,,False,True,0,,iterative,3483119443080384000,staff,True
01K4DT62PEQ123RVEXESD7QTMM-supermarket,10,meta-llama/Llama-3.3-70B-Instruct-Turbo,supermarket,"trolley
basket
aisle
till
checkout
display
shelf
cart
staff",manager,0.0,assistant,,False,True,0,,iterative,12278034402295000000,uniform,False
01K4DT62PEQ123RVEXESD7QTMM-supermarket,11,meta-llama/Llama-3.3-70B-Instruct-Turbo,supermarket,"trolley
basket
aisle
till
checkout
display
shelf
cart
staff
manager",grocery,1.0,assistant,,False,True,0,,iterative,14147997233527593000,stacker,False
01K4DT62PEQ123RVEXESD7QTMM-supermarket,12,meta-llama/Llama-3.3-70B-Instruct-Turbo,supermarket,"trolley
basket
aisle
till
checkout
display
shelf
cart
staff
manager
grocery",flower,0.0,shopper,,False,True,0,,iterative,4678836890633941000,vegetable,False
01K4DT62PEQ123RVEXESD7QTMM-supermarket,13,meta-llama/Llama-3.3-70B-Instruct-Turbo,supermarket,"trolley
basket
aisle
till
checkout
display
shelf
cart
staff
manager
grocery
flower",drink,0.0,bouquet,,False,True,0,,iterative,16270194807535215000,fruit,False
01K4DT62PEQ123RVEXESD7QTMM-supermarket,14,meta-llama/Llama-3.3-70B-Instruct-Turbo,supermarket,"trolley
basket
aisle
till
checkout
display
shelf
cart
staff
manager
grocery
flower
drink",produce,0.0,water,,False,True,0,,iterative,17822712941899071000,can,False
01K4DT62PEQ123RVEXESD7QTMM-supermarket,15,meta-llama/Llama-3.3-70B-Instruct-Turbo,supermarket,"trolley
basket
aisle
till
checkout
display
shelf
cart
staff
manager
grocery
flower
drink
produce",food,0.0,fruit,,False,True,0,,iterative,11322208277838920000,magazine,False
01K4DT62PEQ123RVEXESD7QTMM-supermarket,16,meta-llama/Llama-3.3-70B-Instruct-Turbo,supermarket,"trolley
basket
aisle
till
checkout
display
shelf
cart
staff
manager
grocery
flower
drink
produce
food",cloth,0.0,vegetables,,False,True,0,,iterative,12160796322136090000,fruit,False
01K4DT62PEQ123RVEXESD7QTMM-supermarket,17,meta-llama/Llama-3.3-70B-Instruct-Turbo,supermarket,"trolley
basket
aisle
till
checkout
display
shelf
cart
staff
manager
grocery
flower
drink
produce
food
cloth",shoe,0.0,towel,,False,True,0,,iterative,3123316047013231000,clothes,False
01K4DT62PEQ123RVEXESD7QTMM-supermarket,18,meta-llama/Llama-3.3-70B-Instruct-Turbo,supermarket,"trolley
basket
aisle
till
checkout
display
shelf
cart
staff
manager
grocery
flower
drink
produce
food
cloth
shoe",magazine,0.0,toiletpaper,,False,True,0,,iterative,14219358751656665000,clothes,False
01K4DT62PEQ123RVEXESD7QTMM-supermarket,19,meta-llama/Llama-3.3-70B-Instruct-Turbo,supermarket,"trolley
basket
aisle
till
checkout
display
shelf
cart
staff
manager
grocery
flower
drink
produce
food
cloth
shoe
magazine",battery,0.0,newspaper,,False,True,0,,iterative,9392147506483663000,newspaper,False
01K4DT62PEQ123RVEXESD7QTMM-supermarket,20,meta-llama/Llama-3.3-70B-Instruct-Turbo,supermarket,"trolley
basket
aisle
till
checkout
display
shelf
cart
staff
manager
grocery
flower
drink
produce
food
cloth
shoe
magazine
battery",candy,1.0,newspaper,,False,True,0,,iterative,8533132630113075000,toy,False
01K4DT62PEQ123RVEXESD7QTMM-supermarket,21,meta-llama/Llama-3.3-70B-Instruct-Turbo,supermarket,"trolley
basket
aisle
till
checkout
display
shelf
cart
staff
manager
grocery
flower
drink
produce
food
cloth
shoe
magazine
battery
candy",sweet,0.0,chocolate,,False,True,0,,iterative,4293684836164488700,chocolate,False
01K4DT62PEQ123RVEXESD7QTMM-supermarket,22,meta-llama/Llama-3.3-70B-Instruct-Turbo,supermarket,"trolley
basket
aisle
till
checkout
display
shelf
cart
staff
manager
grocery
flower
drink
produce
food
cloth
shoe
magazine
battery
candy
sweet",gum,0.0,chocolate,,False,True,0,,iterative,1827755155407771400,chocolate,False
01K4DT62PEQ123RVEXESD7QTMM-supermarket,23,meta-llama/Llama-3.3-70B-Instruct-Turbo,supermarket,"trolley
basket
aisle
till
checkout
display
shelf
cart
staff
manager
grocery
flower
drink
produce
food
cloth
shoe
magazine
battery
candy
sweet
gum",ambient,0.0,chocolate,,False,True,0,,iterative,10141111894880367000,chocolate,False
01K4DT62PEQ123RVEXESD7QTMM-supermarket,24,meta-llama/Llama-3.3-70B-Instruct-Turbo,supermarket,"trolley
basket
aisle
till
checkout
display
shelf
cart
staff
manager
grocery
flower
drink
produce
food
cloth
shoe
magazine
battery
candy
sweet
gum
ambient",frozen,0.0,music,,False,True,0,,iterative,7550914257040007000,light,False
01K4DT62PEQ123RVEXESD7QTMM-supermarket,25,meta-llama/Llama-3.3-70B-Instruct-Turbo,supermarket,"trolley
basket
aisle
till
checkout
display
shelf
cart
staff
manager
grocery
flower
drink
produce
food
cloth
shoe
magazine
battery
candy
sweet
gum
ambient
frozen",chilled,0.0,chocolate,,False,True,0,,iterative,9846571757042024000,ice,False
01K4DT62PEQ123RVEXESD7QTMM-supermarket,26,meta-llama/Llama-3.3-70B-Instruct-Turbo,supermarket,"trolley
basket
aisle
till
checkout
display
shelf
cart
staff
manager
grocery
flower
drink
produce
food
cloth
shoe
magazine
battery
candy
sweet
gum
ambient
frozen
chilled",meat,1.0,dairy,,False,True,0,,iterative,5652543655902259000,soup,False
01K4DT62PEQ123RVEXESD7QTMM-supermarket,27,meta-llama/Llama-3.3-70B-Instruct-Turbo,supermarket,"trolley
basket
aisle
till
checkout
display
shelf
cart
staff
manager
grocery
flower
drink
produce
food
cloth
shoe
magazine
battery
candy
sweet
gum
ambient
frozen
chilled
meat",fish,0.0,poultry,,False,True,0,,iterative,3318095705156606500,fish,True
01K4DT62PEQ123RVEXESD7QTMM-supermarket,28,meta-llama/Llama-3.3-70B-Instruct-Turbo,supermarket,"trolley
basket
aisle
till
checkout
display
shelf
cart
staff
manager
grocery
flower
drink
produce
food
cloth
shoe
magazine
battery
candy
sweet
gum
ambient
frozen
chilled
meat
fish",egg,0.0,poultry,,False,True,0,,iterative,18232044552920320000,vegetable,False
01K4DT62PEQ123RVEXESD7QTMM-supermarket,29,meta-llama/Llama-3.3-70B-Instruct-Turbo,supermarket,"trolley
basket
aisle
till
checkout
display
shelf
cart
staff
manager
grocery
flower
drink
produce
food
cloth
shoe
magazine
battery
candy
sweet
gum
ambient
frozen
chilled
meat
fish
egg",vegetable,0.0,dairy,,False,True,0,,iterative,9096933273876982000,pasta,False
01K4DT62PEQ123RVEXESD7QTMM-supermarket,30,meta-llama/Llama-3.3-70B-Instruct-Turbo,supermarket,"trolley
basket
aisle
till
checkout
display
shelf
cart
staff
manager
grocery
flower
drink
produce
food
cloth
shoe
magazine
battery
candy
sweet
gum
ambient
frozen
chilled
meat
fish
egg
vegetable",pasta,0.0,fruit,,False,True,0,,iterative,8795481939112452000,fruit,False
01K4DT62PEQ123RVEXESD7QTMM-supermarket,31,meta-llama/Llama-3.3-70B-Instruct-Turbo,supermarket,"trolley
basket
aisle
till
checkout
display
shelf
cart
staff
manager
grocery
flower
drink
produce
food
cloth
shoe
magazine
battery
candy
sweet
gum
ambient
frozen
chilled
meat
fish
egg
vegetable
pasta",bread,0.0,rice,,False,True,0,,iterative,14448268901324780000,sauce,False
01K4DT62PEQ123RVEXESD7QTMM-supermarket,32,meta-llama/Llama-3.3-70B-Instruct-Turbo,supermarket,"trolley
basket
aisle
till
checkout
display
shelf
cart
staff
manager
grocery
flower
drink
produce
food
cloth
shoe
magazine
battery
candy
sweet
gum
ambient
frozen
chilled
meat
fish
egg
vegetable
pasta
bread",cookie,0.0,butter,,False,True,0,,iterative,5577442773231814000,roll,False
01K4DT62PEQ123RVEXESD7QTMM-supermarket,33,meta-llama/Llama-3.3-70B-Instruct-Turbo,supermarket,"trolley
basket
aisle
till
checkout
display
shelf
cart
staff
manager
grocery
flower
drink
produce
food
cloth
shoe
magazine
battery
candy
sweet
gum
ambient
frozen
chilled
meat
fish
egg
vegetable
pasta
bread
cookie",pastry,0.0,butter,,False,True,0,,iterative,16638546257097812000,cake,False
01K4DT62PEQ123RVEXESD7QTMM-supermarket,34,meta-llama/Llama-3.3-70B-Instruct-Turbo,supermarket,"trolley
basket
aisle
till
checkout
display
shelf
cart
staff
manager
grocery
flower
drink
produce
food
cloth
shoe
magazine
battery
candy
sweet
gum
ambient
frozen
chilled
meat
fish
egg
vegetable
pasta
bread
cookie
pastry",oil,0.0,cake,,False,True,0,,iterative,9404564387689165000,cake,False
01K4DT62PEQ123RVEXESD7QTMM-supermarket,35,meta-llama/Llama-3.3-70B-Instruct-Turbo,supermarket,"trolley
basket
aisle
till
checkout
display
shelf
cart
staff
manager
grocery
flower
drink
produce
food
cloth
shoe
magazine
battery
candy
sweet
gum
ambient
frozen
chilled
meat
fish
egg
vegetable
pasta
bread
cookie
pastry
oil",tinned,0.0,butter,,False,True,0,,iterative,3768798543428109300,vinegar,False
01K4DT62PEQ123RVEXESD7QTMM-supermarket,36,meta-llama/Llama-3.3-70B-Instruct-Turbo,supermarket,"trolley
basket
aisle
till
checkout
display
shelf
cart
staff
manager
grocery
flower
drink
produce
food
cloth
shoe
magazine
battery
candy
sweet
gum
ambient
frozen
chilled
meat
fish
egg
vegetable
pasta
bread
cookie
pastry
oil
tinned",canned,0.0,canned,,True,True,0,,iterative,14387811402729116000,soup,False
01K4DT62PEQ123RVEXESD7QTMM-supermarket,37,meta-llama/Llama-3.3-70B-Instruct-Turbo,supermarket,"trolley
basket
aisle
till
checkout
display
shelf
cart
staff
manager
grocery
flower
drink
produce
food
cloth
shoe
magazine
battery
candy
sweet
gum
ambient
frozen
chilled
meat
fish
egg
vegetable
pasta
bread
cookie
pastry
oil
tinned
canned",lolly,0.0,butter,,False,True,0,,iterative,3813077306365904400,package,False
01K4DT62PEQ123RVEXESD7QTMM-supermarket,38,meta-llama/Llama-3.3-70B-Instruct-Turbo,supermarket,"trolley
basket
aisle
till
checkout
display
shelf
cart
staff
manager
grocery
flower
drink
produce
food
cloth
shoe
magazine
battery
candy
sweet
gum
ambient
frozen
chilled
meat
fish
egg
vegetable
pasta
bread
cookie
pastry
oil
tinned
canned
lolly",grape,0.0,biscuit,,False,True,0,,iterative,16176034123535470000,ice cream,False
01K4DT62PEQ123RVEXESD7QTMM-supermarket,39,meta-llama/Llama-3.3-70B-Instruct-Turbo,supermarket,"trolley
basket
aisle
till
checkout
display
shelf
cart
staff
manager
grocery
flower
drink
produce
food
cloth
shoe
magazine
battery
candy
sweet
gum
ambient
frozen
chilled
meat
fish
egg
vegetable
pasta
bread
cookie
pastry
oil
tinned
canned
lolly
grape",apple,0.0,wine,,False,True,0,,iterative,8390328567941591000,banana,False
01K4DT62PEQ123RVEXESD7QTMM-supermarket,40,meta-llama/Llama-3.3-70B-Instruct-Turbo,supermarket,"trolley
basket
aisle
till
checkout
display
shelf
cart
staff
manager
grocery
flower
drink
produce
food
cloth
shoe
magazine
battery
candy
sweet
gum
ambient
frozen
chilled
meat
fish
egg
vegetable
pasta
bread
cookie
pastry
oil
tinned
canned
lolly
grape
apple",pear,0.0,pear,,True,True,0,,iterative,13808582750781741000,banana,False
01K4DT62PEQ123RVEXESD7QTMM-supermarket,41,meta-llama/Llama-3.3-70B-Instruct-Turbo,supermarket,"trolley
basket
aisle
till
checkout
display
shelf
cart
staff
manager
grocery
flower
drink
produce
food
cloth
shoe
magazine
battery
candy
sweet
gum
ambient
frozen
chilled
meat
fish
egg
vegetable
pasta
bread
cookie
pastry
oil
tinned
canned
lolly
grape
apple
pear",pineapple,0.0,peach,,False,True,0,,iterative,17415951983924580000,banana,False
01K4DT62PEQ123RVEXESD7QTMM-supermarket,42,meta-llama/Llama-3.3-70B-Instruct-Turbo,supermarket,"trolley
basket
aisle
till
checkout
display
shelf
cart
staff
manager
grocery
flower
drink
produce
food
cloth
shoe
magazine
battery
candy
sweet
gum
ambient
frozen
chilled
meat
fish
egg
vegetable
pasta
bread
cookie
pastry
oil
tinned
canned
lolly
grape
apple
pear
pineapple",prepackaged,1.0,orange,,False,True,0,,iterative,12713703024641210000,banana,False
01K4DT62PEQ123RVEXESD7QTMM-supermarket,43,meta-llama/Llama-3.3-70B-Instruct-Turbo,supermarket,"trolley
basket
aisle
till
checkout
display
shelf
cart
staff
manager
grocery
flower
drink
produce
food
cloth
shoe
magazine
battery
candy
sweet
gum
ambient
frozen
chilled
meat
fish
egg
vegetable
pasta
bread
cookie
pastry
oil
tinned
canned
lolly
grape
apple
pear
pineapple
prepackaged",pomegranate,0.0,orange,,False,True,0,,iterative,10243109132702951000,vegetable,False
01K4DT62PEQ123RVEXESD7QTMM-supermarket,44,meta-llama/Llama-3.3-70B-Instruct-Turbo,supermarket,"trolley
basket
aisle
till
checkout
display
shelf
cart
staff
manager
grocery
flower
drink
produce
food
cloth
shoe
magazine
battery
candy
sweet
gum
ambient
frozen
chilled
meat
fish
egg
vegetable
pasta
bread
cookie
pastry
oil
tinned
canned
lolly
grape
apple
pear
pineapple
prepackaged
pomegranate",melon,0.0,orange,,False,True,0,,iterative,12639779341394682000,banana,False
01K4DT62PEQ123RVEXESD7QTMM-supermarket,45,meta-llama/Llama-3.3-70B-Instruct-Turbo,supermarket,"trolley
basket
aisle
till
checkout
display
shelf
cart
staff
manager
grocery
flower
drink
produce
food
cloth
shoe
magazine
battery
candy
sweet
gum
ambient
frozen
chilled
meat
fish
egg
vegetable
pasta
bread
cookie
pastry
oil
tinned
canned
lolly
grape
apple
pear
pineapple
prepackaged
pomegranate
melon",lemon,0.0,watermelon,,False,True,0,,iterative,5780574871108273000,banana,False
01K4DT62PEQ123RVEXESD7QTMM-supermarket,46,meta-llama/Llama-3.3-70B-Instruct-Turbo,supermarket,"trolley
basket
aisle
till
checkout
display
shelf
cart
staff
manager
grocery
flower
drink
produce
food
cloth
shoe
magazine
battery
candy
sweet
gum
ambient
frozen
chilled
meat
fish
egg
vegetable
pasta
bread
cookie
pastry
oil
tinned
canned
lolly
grape
apple
pear
pineapple
prepackaged
pomegranate
melon
lemon",pomelo,0.0,orange,,False,True,0,,iterative,6282064857647885000,lime,False
01K4DT62PEQ123RVEXESD7QTMM-supermarket,47,meta-llama/Llama-3.3-70B-Instruct-Turbo,supermarket,"trolley
basket
aisle
till
checkout
display
shelf
cart
staff
manager
grocery
flower
drink
produce
food
cloth
shoe
magazine
battery
candy
sweet
gum
ambient
frozen
chilled
meat
fish
egg
vegetable
pasta
bread
cookie
pastry
oil
tinned
canned
lolly
grape
apple
pear
pineapple
prepackaged
pomegranate
melon
lemon
pomelo",onion,0.0,orange,,False,True,0,,iterative,11714077470061787000,banana,False
01K4DT62PEQ123RVEXESD7QTMM-supermarket,48,meta-llama/Llama-3.3-70B-Instruct-Turbo,supermarket,"trolley
basket
aisle
till
checkout
display
shelf
cart
staff
manager
grocery
flower
drink
produce
food
cloth
shoe
magazine
battery
candy
sweet
gum
ambient
frozen
chilled
meat
fish
egg
vegetable
pasta
bread
cookie
pastry
oil
tinned
canned
lolly
grape
apple
pear
pineapple
prepackaged
pomegranate
melon
lemon
pomelo
onion",carrot,0.0,garlic,,False,True,0,,iterative,14372252934659963000,carrot,True
01K4DT62PEQ123RVEXESD7QTMM-supermarket,49,meta-llama/Llama-3.3-70B-Instruct-Turbo,supermarket,"trolley
basket
aisle
till
checkout
display
shelf
cart
staff
manager
grocery
flower
drink
produce
food
cloth
shoe
magazine
battery
candy
sweet
gum
ambient
frozen
chilled
meat
fish
egg
vegetable
pasta
bread
cookie
pastry
oil
tinned
canned
lolly
grape
apple
pear
pineapple
prepackaged
pomegranate
melon
lemon
pomelo
onion
carrot",tomato,0.0,potato,,False,True,0,,iterative,4780862258208307000,cabbage,False
01K4DT62PEQ123RVEXESD7QTMM-supermarket,50,meta-llama/Llama-3.3-70B-Instruct-Turbo,supermarket,"trolley
basket
aisle
till
checkout
display
shelf
cart
staff
manager
grocery
flower
drink
produce
food
cloth
shoe
magazine
battery
candy
sweet
gum
ambient
frozen
chilled
meat
fish
egg
vegetable
pasta
bread
cookie
pastry
oil
tinned
canned
lolly
grape
apple
pear
pineapple
prepackaged
pomegranate
melon
lemon
pomelo
onion
carrot
tomato",potato,0.0,potato,,True,True,0,,iterative,16655410492472984000,pepper,False
01K4DT62PEQ123RVEXESD7QTMM-supermarket,51,meta-llama/Llama-3.3-70B-Instruct-Turbo,supermarket,"trolley
basket
aisle
till
checkout
display
shelf
cart
staff
manager
grocery
flower
drink
produce
food
cloth
shoe
magazine
battery
candy
sweet
gum
ambient
frozen
chilled
meat
fish
egg
vegetable
pasta
bread
cookie
pastry
oil
tinned
canned
lolly
grape
apple
pear
pineapple
prepackaged
pomegranate
melon
lemon
pomelo
onion
carrot
tomato
potato",kale,0.0,pepper,,False,True,0,,iterative,5078246944011381000,swede,False
01K4DT62PEQ123RVEXESD7QTMM-supermarket,52,meta-llama/Llama-3.3-70B-Instruct-Turbo,supermarket,"trolley
basket
aisle
till
checkout
display
shelf
cart
staff
manager
grocery
flower
drink
produce
food
cloth
shoe
magazine
battery
candy
sweet
gum
ambient
frozen
chilled
meat
fish
egg
vegetable
pasta
bread
cookie
pastry
oil
tinned
canned
lolly
grape
apple
pear
pineapple
prepackaged
pomegranate
melon
lemon
pomelo
onion
carrot
tomato
potato
kale",spinach,0.0,broccoli,,False,True,0,,iterative,11181693810710807000,cabbage,False
01K4DT62PEQ123RVEXESD7QTMM-supermarket,53,meta-llama/Llama-3.3-70B-Instruct-Turbo,supermarket,"trolley
basket
aisle
till
checkout
display
shelf
cart
staff
manager
grocery
flower
drink
produce
food
cloth
shoe
magazine
battery
candy
sweet
gum
ambient
frozen
chilled
meat
fish
egg
vegetable
pasta
bread
cookie
pastry
oil
tinned
canned
lolly
grape
apple
pear
pineapple
prepackaged
pomegranate
melon
lemon
pomelo
onion
carrot
tomato
potato
kale
spinach",beansprout,0.0,broccoli,,False,True,0,,iterative,3766488909755136500,cabbage,False
01K4DT62PEQ123RVEXESD7QTMM-supermarket,54,meta-llama/Llama-3.3-70B-Instruct-Turbo,supermarket,"trolley
basket
aisle
till
checkout
display
shelf
cart
staff
manager
grocery
flower
drink
produce
food
cloth
shoe
magazine
battery
candy
sweet
gum
ambient
frozen
chilled
meat
fish
egg
vegetable
pasta
bread
cookie
pastry
oil
tinned
canned
lolly
grape
apple
pear
pineapple
prepackaged
pomegranate
melon
lemon
pomelo
onion
carrot
tomato
potato
kale
spinach
bean sprout",cauliflower,0.0,broccoli,,False,True,0,,iterative,12522189398097015000,lettuce,False
01K4DT62PEQ123RVEXESD7QTMM-supermarket,55,meta-llama/Llama-3.3-70B-Instruct-Turbo,supermarket,"trolley
basket
aisle
till
checkout
display
shelf
cart
staff
manager
grocery
flower
drink
produce
food
cloth
shoe
magazine
battery
candy
sweet
gum
ambient
frozen
chilled
meat
fish
egg
vegetable
pasta
bread
cookie
pastry
oil
tinned
canned
lolly
grape
apple
pear
pineapple
prepackaged
pomegranate
melon
lemon
pomelo
onion
carrot
tomato
potato
kale
spinach
bean sprout
cauliflower",celeriac,0.0,broccoli,,False,True,0,,iterative,6569811856065911000,broccoli,False
01K4DT62PEQ123RVEXESD7QTMM-supermarket,56,meta-llama/Llama-3.3-70B-Instruct-Turbo,supermarket,"trolley
basket
aisle
till
checkout
display
shelf
cart
staff
manager
grocery
flower
drink
produce
food
cloth
shoe
magazine
battery
candy
sweet
gum
ambient
frozen
chilled
meat
fish
egg
vegetable
pasta
bread
cookie
pastry
oil
tinned
canned
lolly
grape
apple
pear
pineapple
prepackaged
pomegranate
melon
lemon
pomelo
onion
carrot
tomato
potato
kale
spinach
bean sprout
cauliflower
celeriac",rice,0.0,broccoli,,False,True,0,,iterative,9730088317679976000,broccoli,False
01K4DT62PEQ123RVEXESD7QTMM-supermarket,57,meta-llama/Llama-3.3-70B-Instruct-Turbo,supermarket,"trolley
basket
aisle
till
checkout
display
shelf
cart
staff
manager
grocery
flower
drink
produce
food
cloth
shoe
magazine
battery
candy
sweet
gum
ambient
frozen
chilled
meat
fish
egg
vegetable
pasta
bread
cookie
pastry
oil
tinned
canned
lolly
grape
apple
pear
pineapple
prepackaged
pomegranate
melon
lemon
pomelo
onion
carrot
tomato
potato
kale
spinach
bean sprout
cauliflower
celeriac
rice",flour,0.0,broccoli,,False,True,0,,iterative,3306701313831344000,pasta,False
01K4DT62PEQ123RVEXESD7QTMM-supermarket,58,meta-llama/Llama-3.3-70B-Instruct-Turbo,supermarket,"trolley
basket
aisle
till
checkout
display
shelf
cart
staff
manager
grocery
flower
drink
produce
food
cloth
shoe
magazine
battery
candy
sweet
gum
ambient
frozen
chilled
meat
fish
egg
vegetable
pasta
bread
cookie
pastry
oil
tinned
canned
lolly
grape
apple
pear
pineapple
prepackaged
pomegranate
melon
lemon
pomelo
onion
carrot
tomato
potato
kale
spinach
bean sprout
cauliflower
celeriac
rice
flour",sugar,0.0,sugar,,True,True,0,,iterative,8170824026784321000,sugar,True
01K4DT62PEQ123RVEXESD7QTMM-supermarket,59,meta-llama/Llama-3.3-70B-Instruct-Turbo,supermarket,"trolley
basket
aisle
till
checkout
display
shelf
cart
staff
manager
grocery
flower
drink
produce
food
cloth
shoe
magazine
battery
candy
sweet
gum
ambient
frozen
chilled
meat
fish
egg
vegetable
pasta
bread
cookie
pastry
oil
tinned
canned
lolly
grape
apple
pear
pineapple
prepackaged
pomegranate
melon
lemon
pomelo
onion
carrot
tomato
potato
kale
spinach
bean sprout
cauliflower
celeriac
rice
flour
sugar",butter,0.0,butter,,True,True,0,,iterative,7245414771188309000,jam,False
01K4DT62PEQ123RVEXESD7QTMM-supermarket,60,meta-llama/Llama-3.3-70B-Instruct-Turbo,supermarket,"trolley
basket
aisle
till
checkout
display
shelf
cart
staff
manager
grocery
flower
drink
produce
food
cloth
shoe
magazine
battery
candy
sweet
gum
ambient
frozen
chilled
meat
fish
egg
vegetable
pasta
bread
cookie
pastry
oil
tinned
canned
lolly
grape
apple
pear
pineapple
prepackaged
pomegranate
melon
lemon
pomelo
onion
carrot
tomato
potato
kale
spinach
bean sprout
cauliflower
celeriac
rice
flour
sugar
butter",nut,0.0,milk,,False,True,0,,iterative,2339639849685581300,margarine,False
01K4DT62PEQ123RVEXESD7QTMM-supermarket,61,meta-llama/Llama-3.3-70B-Instruct-Turbo,supermarket,"trolley
basket
aisle
till
checkout
display
shelf
cart
staff
manager
grocery
flower
drink
produce
food
cloth
shoe
magazine
battery
candy
sweet
gum
ambient
frozen
chilled
meat
fish
egg
vegetable
pasta
bread
cookie
pastry
oil
tinned
canned
lolly
grape
apple
pear
pineapple
prepackaged
pomegranate
melon
lemon
pomelo
onion
carrot
tomato
potato
kale
spinach
bean sprout
cauliflower
celeriac
rice
flour
sugar
butter
nut",seed,0.0,peanut,,False,True,0,,iterative,17665208077597704000,crisp,False
01K4DT62PEQ123RVEXESD7QTMM-supermarket,62,meta-llama/Llama-3.3-70B-Instruct-Turbo,supermarket,"trolley
basket
aisle
till
checkout
display
shelf
cart
staff
manager
grocery
flower
drink
produce
food
cloth
shoe
magazine
battery
candy
sweet
gum
ambient
frozen
chilled
meat
fish
egg
vegetable
pasta
bread
cookie
pastry
oil
tinned
canned
lolly
grape
apple
pear
pineapple
prepackaged
pomegranate
melon
lemon
pomelo
onion
carrot
tomato
potato
kale
spinach
bean sprout
cauliflower
celeriac
rice
flour
sugar
butter
nut
seed",desiccated,0.0,almond,,False,True,0,,iterative,17112705913657702000,cracker,False
01K4DT62PEQ123RVEXESD7QTMM-supermarket,63,meta-llama/Llama-3.3-70B-Instruct-Turbo,supermarket,"trolley
basket
aisle
till
checkout
display
shelf
cart
staff
manager
grocery
flower
drink
produce
food
cloth
shoe
magazine
battery
candy
sweet
gum
ambient
frozen
chilled
meat
fish
egg
vegetable
pasta
bread
cookie
pastry
oil
tinned
canned
lolly
grape
apple
pear
pineapple
prepackaged
pomegranate
melon
lemon
pomelo
onion
carrot
tomato
potato
kale
spinach
bean sprout
cauliflower
celeriac
rice
flour
sugar
butter
nut
seed
desiccated",shaver,1.0,driedfruit,,False,True,0,,iterative,15211783340592790000,coconut,False
01K4DT62PEQ123RVEXESD7QTMM-supermarket,64,meta-llama/Llama-3.3-70B-Instruct-Turbo,supermarket,"trolley
basket
aisle
till
checkout
display
shelf
cart
staff
manager
grocery
flower
drink
produce
food
cloth
shoe
magazine
battery
candy
sweet
gum
ambient
frozen
chilled
meat
fish
egg
vegetable
pasta
bread
cookie
pastry
oil
tinned
canned
lolly
grape
apple
pear
pineapple
prepackaged
pomegranate
melon
lemon
pomelo
onion
carrot
tomato
potato
kale
spinach
bean sprout
cauliflower
celeriac
rice
flour
sugar
butter
nut
seed
desiccated
shaver",gel,0.0,razor,,False,True,0,,iterative,7635959495551115000,toilet roll,False
01K4DT62PEQ123RVEXESD7QTMM-supermarket,65,meta-llama/Llama-3.3-70B-Instruct-Turbo,supermarket,"trolley
basket
aisle
till
checkout
display
shelf
cart
staff
manager
grocery
flower
drink
produce
food
cloth
shoe
magazine
battery
candy
sweet
gum
ambient
frozen
chilled
meat
fish
egg
vegetable
pasta
bread
cookie
pastry
oil
tinned
canned
lolly
grape
apple
pear
pineapple
prepackaged
pomegranate
melon
lemon
pomelo
onion
carrot
tomato
potato
kale
spinach
bean sprout
cauliflower
celeriac
rice
flour
sugar
butter
nut
seed
desiccated
shaver
gel",bodywash,0.0,toothpaste,,False,True,0,,iterative,13009428304390476000,shampoo,False
01K4DT62PEQ123RVEXESD7QTMM-supermarket,66,meta-llama/Llama-3.3-70B-Instruct-Turbo,supermarket,"trolley
basket
aisle
till
checkout
display
shelf
cart
staff
manager
grocery
flower
drink
produce
food
cloth
shoe
magazine
battery
candy
sweet
gum
ambient
frozen
chilled
meat
fish
egg
vegetable
pasta
bread
cookie
pastry
oil
tinned
canned
lolly
grape
apple
pear
pineapple
prepackaged
pomegranate
melon
lemon
pomelo
onion
carrot
tomato
potato
kale
spinach
bean sprout
cauliflower
celeriac
rice
flour
sugar
butter
nut
seed
desiccated
shaver
gel
body wash",toy,0.0,toothpaste,,False,True,0,,iterative,10160639343227306000,shampoo,False
01K4DT62PEQ123RVEXESD7QTMM-supermarket,67,meta-llama/Llama-3.3-70B-Instruct-Turbo,supermarket,"trolley
basket
aisle
till
checkout
display
shelf
cart
staff
manager
grocery
flower
drink
produce
food
cloth
shoe
magazine
battery
candy
sweet
gum
ambient
frozen
chilled
meat
fish
egg
vegetable
pasta
bread
cookie
pastry
oil
tinned
canned
lolly
grape
apple
pear
pineapple
prepackaged
pomegranate
melon
lemon
pomelo
onion
carrot
tomato
potato
kale
spinach
bean sprout
cauliflower
celeriac
rice
flour
sugar
butter
nut
seed
desiccated
shaver
gel
body wash
toy",furniture,0.0,soap,,False,True,0,,iterative,16860728483747664000,newspaper,False
01K4DT62PEQ123RVEXESD7QTMM-supermarket,68,meta-llama/Llama-3.3-70B-Instruct-Turbo,supermarket,"trolley
basket
aisle
till
checkout
display
shelf
cart
staff
manager
grocery
flower
drink
produce
food
cloth
shoe
magazine
battery
candy
sweet
gum
ambient
frozen
chilled
meat
fish
egg
vegetable
pasta
bread
cookie
pastry
oil
tinned
canned
lolly
grape
apple
pear
pineapple
prepackaged
pomegranate
melon
lemon
pomelo
onion
carrot
tomato
potato
kale
spinach
bean sprout
cauliflower
celeriac
rice
flour
sugar
butter
nut
seed
desiccated
shaver
gel
body wash
toy
furniture",flatpack,0.0,milk,,False,True,0,,iterative,18029205508991775000,electrical,False
01K4DT62PEQ123RVEXESD7QTMM-supermarket,69,meta-llama/Llama-3.3-70B-Instruct-Turbo,supermarket,"trolley
basket
aisle
till
checkout
display
shelf
cart
staff
manager
grocery
flower
drink
produce
food
cloth
shoe
magazine
battery
candy
sweet
gum
ambient
frozen
chilled
meat
fish
egg
vegetable
pasta
bread
cookie
pastry
oil
tinned
canned
lolly
grape
apple
pear
pineapple
prepackaged
pomegranate
melon
lemon
pomelo
onion
carrot
tomato
potato
kale
spinach
bean sprout
cauliflower
celeriac
rice
flour
sugar
butter
nut
seed
desiccated
shaver
gel
body wash
toy
furniture
flat pack",pop,0.0,toiletpaper,,False,True,0,,iterative,13461222270478387000,television,False
01K4DTCSNT3M7E3JV6D5RWWJVD-supermarket,2,meta-llama/Llama-3.3-70B-Instruct-Turbo,supermarket,broccoli,milk,,carrots,,False,True,0,,iterative,339634371818608830,egg,False
01K4DTCSNT3M7E3JV6D5RWWJVD-supermarket,3,meta-llama/Llama-3.3-70B-Instruct-Turbo,supermarket,"broccoli
milk",egg,,cheese,,False,True,0,,iterative,8242037931584845000,egg,True
01K4DTCSNT3M7E3JV6D5RWWJVD-supermarket,4,meta-llama/Llama-3.3-70B-Instruct-Turbo,supermarket,"broccoli
milk
egg",bread,,cheese,,False,True,0,,iterative,17014931995992820000,bread,True
01K4DTCSNT3M7E3JV6D5RWWJVD-supermarket,5,meta-llama/Llama-3.3-70B-Instruct-Turbo,supermarket,"broccoli
milk
egg
bread",butter,,butter,,True,True,0,,iterative,12145114722077075000,chicken,False
01K4DTCSNT3M7E3JV6D5RWWJVD-supermarket,6,meta-llama/Llama-3.3-70B-Instruct-Turbo,supermarket,"broccoli
milk
egg
bread
butter",cheese,,jam,,False,True,0,,iterative,15352311508500349000,meat,False
01K4DTCSNT3M7E3JV6D5RWWJVD-supermarket,7,meta-llama/Llama-3.3-70B-Instruct-Turbo,supermarket,"broccoli
milk
egg
bread
butter
cheese",chicken,,yogurt,,False,True,0,,iterative,16802708209902105000,yogurt,False
01K4DTCSNT3M7E3JV6D5RWWJVD-supermarket,8,meta-llama/Llama-3.3-70B-Instruct-Turbo,supermarket,"broccoli
milk
egg
bread
butter
cheese
chicken",apple,,bacon,,False,True,0,,iterative,12785477254646614000,beef,False
01K4DTCSNT3M7E3JV6D5RWWJVD-supermarket,9,meta-llama/Llama-3.3-70B-Instruct-Turbo,supermarket,"broccoli
milk
egg
bread
butter
cheese
chicken
apple",banana,,bacon,,False,True,0,,iterative,13255360716767402000,corn,False
01K4DTCSNT3M7E3JV6D5RWWJVD-supermarket,10,meta-llama/Llama-3.3-70B-Instruct-Turbo,supermarket,"broccoli
milk
egg
bread
butter
cheese
chicken
apple
banana",rice,,orange,,False,True,0,,iterative,12889592472201239000,orange,False
01K4DTCSNT3M7E3JV6D5RWWJVD-supermarket,11,meta-llama/Llama-3.3-70B-Instruct-Turbo,supermarket,"broccoli
milk
egg
bread
butter
cheese
chicken
apple
banana
rice",pasta,,orange,,False,True,0,,iterative,8559828169332779000,pasta,True
01K4DTCSNT3M7E3JV6D5RWWJVD-supermarket,12,meta-llama/Llama-3.3-70B-Instruct-Turbo,supermarket,"broccoli
milk
egg
bread
butter
cheese
chicken
apple
banana
rice
pasta",cereal,,sauce,,False,True,0,,iterative,12475763040897927000,beef,False
01K4DTCSNT3M7E3JV6D5RWWJVD-supermarket,13,meta-llama/Llama-3.3-70B-Instruct-Turbo,supermarket,"broccoli
milk
egg
bread
butter
cheese
chicken
apple
banana
rice
pasta
cereal",orange,,orange,,True,True,0,,iterative,12588402661319668000,pancake,False
01K4DTCSNT3M7E3JV6D5RWWJVD-supermarket,14,meta-llama/Llama-3.3-70B-Instruct-Turbo,supermarket,"broccoli
milk
egg
bread
butter
cheese
chicken
apple
banana
rice
pasta
cereal
orange",toiletpaper,,grapes,,False,True,0,,iterative,6521358102991669000,strawberry,False
01K4DTCSNT3M7E3JV6D5RWWJVD-supermarket,15,meta-llama/Llama-3.3-70B-Instruct-Turbo,supermarket,"broccoli
milk
egg
bread
butter
cheese
chicken
apple
banana
rice
pasta
cereal
orange
toilet paper",shampoo,,shampoo,,True,True,0,,iterative,8699110842827160000,paper towel,False
01K4DTCSNT3M7E3JV6D5RWWJVD-supermarket,16,meta-llama/Llama-3.3-70B-Instruct-Turbo,supermarket,"broccoli
milk
egg
bread
butter
cheese
chicken
apple
banana
rice
pasta
cereal
orange
toilet paper
shampoo",laundrydetergent,,conditioner,,False,True,0,,iterative,1651918976772830000,soap,False
01K4DTCSNT3M7E3JV6D5RWWJVD-supermarket,17,meta-llama/Llama-3.3-70B-Instruct-Turbo,supermarket,"broccoli
milk
egg
bread
butter
cheese
chicken
apple
banana
rice
pasta
cereal
orange
toilet paper
shampoo
laundry detergent",soap,,conditioner,,False,True,0,,iterative,5405917716533220000,soap,True
01K4DTCSNT3M7E3JV6D5RWWJVD-supermarket,18,meta-llama/Llama-3.3-70B-Instruct-Turbo,supermarket,"broccoli
milk
egg
bread
butter
cheese
chicken
apple
banana
rice
pasta
cereal
orange
toilet paper
shampoo
laundry detergent
soap",yogurt,,toothpaste,,False,True,0,,iterative,16421837099951802000,napkin,False
01K4DTCSNT3M7E3JV6D5RWWJVD-supermarket,19,meta-llama/Llama-3.3-70B-Instruct-Turbo,supermarket,"broccoli
milk
egg
bread
butter
cheese
chicken
apple
banana
rice
pasta
cereal
orange
toilet paper
shampoo
laundry detergent
soap
yogurt",lettuce,,milk,,False,True,0,,iterative,10005965933042588000,ice cream,False
01K4DTCSNT3M7E3JV6D5RWWJVD-supermarket,20,meta-llama/Llama-3.3-70B-Instruct-Turbo,supermarket,"broccoli
milk
egg
bread
butter
cheese
chicken
apple
banana
rice
pasta
cereal
orange
toilet paper
shampoo
laundry detergent
soap
yogurt
lettuce",tomato,,tomato,,True,True,0,,iterative,7580988669038957000,tomato,True
01K4DTCSNT3M7E3JV6D5RWWJVD-supermarket,21,meta-llama/Llama-3.3-70B-Instruct-Turbo,supermarket,"broccoli
milk
egg
bread
butter
cheese
chicken
apple
banana
rice
pasta
cereal
orange
toilet paper
shampoo
laundry detergent
soap
yogurt
lettuce
tomato",cracker,,carrots,,False,True,0,,iterative,8949845941515384000,cucumber,False
01K4DTCSNT3M7E3JV6D5RWWJVD-supermarket,22,meta-llama/Llama-3.3-70B-Instruct-Turbo,supermarket,"broccoli
milk
egg
bread
butter
cheese
chicken
apple
banana
rice
pasta
cereal
orange
toilet paper
shampoo
laundry detergent
soap
yogurt
lettuce
tomato
cracker",peanut,,peanutbutter,,False,True,0,,iterative,6514950965100321000,cookie,False
01K4DTCSNT3M7E3JV6D5RWWJVD-supermarket,23,meta-llama/Llama-3.3-70B-Instruct-Turbo,supermarket,"broccoli
milk
egg
bread
butter
cheese
chicken
apple
banana
rice
pasta
cereal
orange
toilet paper
shampoo
laundry detergent
soap
yogurt
lettuce
tomato
cracker
peanut",peanutbutter,,butter,,False,True,0,,iterative,17887618127755907000,chip,False
01K4DTCSNT3M7E3JV6D5RWWJVD-supermarket,24,meta-llama/Llama-3.3-70B-Instruct-Turbo,supermarket,"broccoli
milk
egg
bread
butter
cheese
chicken
apple
banana
rice
pasta
cereal
orange
toilet paper
shampoo
laundry detergent
soap
yogurt
lettuce
tomato
cracker
peanut
peanut butter",jam,,jelly,,False,True,0,,iterative,12206458189114702000,jelly,False
01K4DTCSNT3M7E3JV6D5RWWJVD-supermarket,25,meta-llama/Llama-3.3-70B-Instruct-Turbo,supermarket,"broccoli
milk
egg
bread
butter
cheese
chicken
apple
banana
rice
pasta
cereal
orange
toilet paper
shampoo
laundry detergent
soap
yogurt
lettuce
tomato
cracker
peanut
peanut butter
jam",frozenpizza,,toast,,False,True,0,,iterative,3912784929211050000,cookie,False
01K4DTCSNT3M7E3JV6D5RWWJVD-supermarket,26,meta-llama/Llama-3.3-70B-Instruct-Turbo,supermarket,"broccoli
milk
egg
bread
butter
cheese
chicken
apple
banana
rice
pasta
cereal
orange
toilet paper
shampoo
laundry detergent
soap
yogurt
lettuce
tomato
cracker
peanut
peanut butter
jam
frozen pizza",icecream,,soda,,False,True,0,,iterative,10611320455618420000,pasta,False
01K4DTCSNT3M7E3JV6D5RWWJVD-supermarket,27,meta-llama/Llama-3.3-70B-Instruct-Turbo,supermarket,"broccoli
milk
egg
bread
butter
cheese
chicken
apple
banana
rice
pasta
cereal
orange
toilet paper
shampoo
laundry detergent
soap
yogurt
lettuce
tomato
cracker
peanut
peanut butter
jam
frozen pizza
ice cream",papertowel,,cookies,,False,True,0,,iterative,1820004671558191600,pancake,False
01K4DTCSNT3M7E3JV6D5RWWJVD-supermarket,28,meta-llama/Llama-3.3-70B-Instruct-Turbo,supermarket,"broccoli
milk
egg
bread
butter
cheese
chicken
apple
banana
rice
pasta
cereal
orange
toilet paper
shampoo
laundry detergent
soap
yogurt
lettuce
tomato
cracker
peanut
peanut butter
jam
frozen pizza
ice cream
paper towel",coffee,,ketchup,,False,True,0,,iterative,17073835744062525000,napkin,False
01K4DTCSNT3M7E3JV6D5RWWJVD-supermarket,29,meta-llama/Llama-3.3-70B-Instruct-Turbo,supermarket,"broccoli
milk
egg
bread
butter
cheese
chicken
apple
banana
rice
pasta
cereal
orange
toilet paper
shampoo
laundry detergent
soap
yogurt
lettuce
tomato
cracker
peanut
peanut butter
jam
frozen pizza
ice cream
paper towel
coffee",tea,,sugar,,False,True,0,,iterative,4990759791409842000,tea,True
01K4DTCSNT3M7E3JV6D5RWWJVD-supermarket,30,meta-llama/Llama-3.3-70B-Instruct-Turbo,supermarket,"broccoli
milk
egg
bread
butter
cheese
chicken
apple
banana
rice
pasta
cereal
orange
toilet paper
shampoo
laundry detergent
soap
yogurt
lettuce
tomato
cracker
peanut
peanut butter
jam
frozen pizza
ice cream
paper towel
coffee
tea",cannedbean,,sugar,,False,True,0,,iterative,12360095984454873000,biscuit,False
01K4DTCSNT3M7E3JV6D5RWWJVD-supermarket,31,meta-llama/Llama-3.3-70B-Instruct-Turbo,supermarket,"broccoli
milk
egg
bread
butter
cheese
chicken
apple
banana
rice
pasta
cereal
orange
toilet paper
shampoo
laundry detergent
soap
yogurt
lettuce
tomato
cracker
peanut
peanut butter
jam
frozen pizza
ice cream
paper towel
coffee
tea
canned bean",groundbeef,,sugar,,False,True,0,,iterative,13680763145967774000,canned vegetable,False
01K4DTCSNT3M7E3JV6D5RWWJVD-supermarket,32,meta-llama/Llama-3.3-70B-Instruct-Turbo,supermarket,"broccoli
milk
egg
bread
butter
cheese
chicken
apple
banana
rice
pasta
cereal
orange
toilet paper
shampoo
laundry detergent
soap
yogurt
lettuce
tomato
cracker
peanut
peanut butter
jam
frozen pizza
ice cream
paper towel
coffee
tea
canned bean
ground beef",pencil,,sugar,,False,True,0,,iterative,16109247571663219000,steak,False
01K4DTDYA00QEQQ3KF1XYFQMEQ-supermarket,2,meta-llama/Llama-3.3-70B-Instruct-Turbo,supermarket,coca cola,apple,1.0,pepsi,,False,True,0,,iterative,4503396457519821300,soda,False
01K4DTDYA00QEQQ3KF1XYFQMEQ-supermarket,3,meta-llama/Llama-3.3-70B-Instruct-Turbo,supermarket,"coca cola
apple",pear,0.0,banana,,False,True,0,,iterative,10479190834028988000,snack,False
01K4DTDYA00QEQQ3KF1XYFQMEQ-supermarket,4,meta-llama/Llama-3.3-70B-Instruct-Turbo,supermarket,"coca cola
apple
pear",bean,1.0,grapes,,False,True,0,,iterative,9788842891721120000,orange,False
01K4DTDYA00QEQQ3KF1XYFQMEQ-supermarket,5,meta-llama/Llama-3.3-70B-Instruct-Turbo,supermarket,"coca cola
apple
pear
bean",laundrypowder,1.0,carrot,,False,True,0,,iterative,435055025319517250,rice,False
01K4DTDYA00QEQQ3KF1XYFQMEQ-supermarket,6,meta-llama/Llama-3.3-70B-Instruct-Turbo,supermarket,"coca cola
apple
pear
bean
laundry powder",chickennugget,0.0,toiletpaper,,False,True,0,,iterative,3613164320778802000,soap,False
01K4DTDYA00QEQQ3KF1XYFQMEQ-supermarket,7,meta-llama/Llama-3.3-70B-Instruct-Turbo,supermarket,"coca cola
apple
pear
bean
laundry powder
chicken nugget",frozenpea,1.0,frozenpeas,,False,True,0,,iterative,6801315053755824000,fry,False
01K4DTDYA00QEQQ3KF1XYFQMEQ-supermarket,8,meta-llama/Llama-3.3-70B-Instruct-Turbo,supermarket,"coca cola
apple
pear
bean
laundry powder
chicken nugget
frozen pea",mango,0.0,carrot,,False,True,0,,iterative,11367802001709025000,fruit,False
01K4DTDYA00QEQQ3KF1XYFQMEQ-supermarket,9,meta-llama/Llama-3.3-70B-Instruct-Turbo,supermarket,"coca cola
apple
pear
bean
laundry powder
chicken nugget
frozen pea
mango",lemon,0.0,pineapple,,False,True,0,,iterative,3472913728976076300,apple,False
01K4DTDYA00QEQQ3KF1XYFQMEQ-supermarket,10,meta-llama/Llama-3.3-70B-Instruct-Turbo,supermarket,"coca cola
apple
pear
bean
laundry powder
chicken nugget
frozen pea
mango
lemon",steakpie,1.0,orange,,False,True,0,,iterative,5650655978968859000,lime,False
01K4DTDYA00QEQQ3KF1XYFQMEQ-supermarket,11,meta-llama/Llama-3.3-70B-Instruct-Turbo,supermarket,"coca cola
apple
pear
bean
laundry powder
chicken nugget
frozen pea
mango
lemon
steak pie",washingupliquid,0.0,onion,,False,True,0,,iterative,18190738546398288000,roast,False
01K4DTDYA00QEQQ3KF1XYFQMEQ-supermarket,12,meta-llama/Llama-3.3-70B-Instruct-Turbo,supermarket,"coca cola
apple
pear
bean
laundry powder
chicken nugget
frozen pea
mango
lemon
steak pie
washing up liquid",bedsheet,0.0,ketchup,,False,True,0,,iterative,15346479422284431000,laundry detergent,False
01K4DTDYA00QEQQ3KF1XYFQMEQ-supermarket,13,meta-llama/Llama-3.3-70B-Instruct-Turbo,supermarket,"coca cola
apple
pear
bean
laundry powder
chicken nugget
frozen pea
mango
lemon
steak pie
washing up liquid
bed sheet",orange,1.0,toiletpaper,,False,True,0,,iterative,11636256213483141000,hair product,False
01K4DTDYA00QEQQ3KF1XYFQMEQ-supermarket,14,meta-llama/Llama-3.3-70B-Instruct-Turbo,supermarket,"coca cola
apple
pear
bean
laundry powder
chicken nugget
frozen pea
mango
lemon
steak pie
washing up liquid
bed sheet
orange",bread,0.0,grapefruit,,False,True,0,,iterative,3754514918966429000,peach,False
01K4DTDYA00QEQQ3KF1XYFQMEQ-supermarket,15,meta-llama/Llama-3.3-70B-Instruct-Turbo,supermarket,"coca cola
apple
pear
bean
laundry powder
chicken nugget
frozen pea
mango
lemon
steak pie
washing up liquid
bed sheet
orange
bread",milk,0.0,butter,,False,True,0,,iterative,14997777116172319000,cheese,False
01K4DTDYA00QEQQ3KF1XYFQMEQ-supermarket,16,meta-llama/Llama-3.3-70B-Instruct-Turbo,supermarket,"coca cola
apple
pear
bean
laundry powder
chicken nugget
frozen pea
mango
lemon
steak pie
washing up liquid
bed sheet
orange
bread
milk",cheese,0.0,butter,,False,True,0,,iterative,5090124616876155000,lunch meat,False
01K4DTDYA00QEQQ3KF1XYFQMEQ-supermarket,17,meta-llama/Llama-3.3-70B-Instruct-Turbo,supermarket,"coca cola
apple
pear
bean
laundry powder
chicken nugget
frozen pea
mango
lemon
steak pie
washing up liquid
bed sheet
orange
bread
milk
cheese",yoghurt,0.0,butter,,False,True,0,,iterative,2317951303430174000,cracker,False
01K4DTDYA00QEQQ3KF1XYFQMEQ-supermarket,18,meta-llama/Llama-3.3-70B-Instruct-Turbo,supermarket,"coca cola
apple
pear
bean
laundry powder
chicken nugget
frozen pea
mango
lemon
steak pie
washing up liquid
bed sheet
orange
bread
milk
cheese
yoghurt",egg,1.0,butter,,False,True,0,,iterative,1178528735199201800,pudding,False
01K4DTDYA00QEQQ3KF1XYFQMEQ-supermarket,19,meta-llama/Llama-3.3-70B-Instruct-Turbo,supermarket,"coca cola
apple
pear
bean
laundry powder
chicken nugget
frozen pea
mango
lemon
steak pie
washing up liquid
bed sheet
orange
bread
milk
cheese
yoghurt
egg",sausage,0.0,butter,,False,True,0,,iterative,1664221845908717300,ham,False
01K4DTDYA00QEQQ3KF1XYFQMEQ-supermarket,20,meta-llama/Llama-3.3-70B-Instruct-Turbo,supermarket,"coca cola
apple
pear
bean
laundry powder
chicken nugget
frozen pea
mango
lemon
steak pie
washing up liquid
bed sheet
orange
bread
milk
cheese
yoghurt
egg
sausage",chicken,0.0,bacon,,False,True,0,,iterative,15487651742879816000,hash brown,False
01K4DTDYA00QEQQ3KF1XYFQMEQ-supermarket,21,meta-llama/Llama-3.3-70B-Instruct-Turbo,supermarket,"coca cola
apple
pear
bean
laundry powder
chicken nugget
frozen pea
mango
lemon
steak pie
washing up liquid
bed sheet
orange
bread
milk
cheese
yoghurt
egg
sausage
chicken",beef,0.0,bacon,,False,True,0,,iterative,9217935477523463000,steak,False
01K4DTDYA00QEQQ3KF1XYFQMEQ-supermarket,22,meta-llama/Llama-3.3-70B-Instruct-Turbo,supermarket,"coca cola
apple
pear
bean
laundry powder
chicken nugget
frozen pea
mango
lemon
steak pie
washing up liquid
bed sheet
orange
bread
milk
cheese
yoghurt
egg
sausage
chicken
beef",pork,0.0,pork,,True,True,0,,iterative,10742996075122704000,brisket,False
01K4DTDYA00QEQQ3KF1XYFQMEQ-supermarket,23,meta-llama/Llama-3.3-70B-Instruct-Turbo,supermarket,"coca cola
apple
pear
bean
laundry powder
chicken nugget
frozen pea
mango
lemon
steak pie
washing up liquid
bed sheet
orange
bread
milk
cheese
yoghurt
egg
sausage
chicken
beef
pork",cheeseandonionroll,1.0,lamb,,False,True,0,,iterative,16526707062289551000,ground beef,False
01K4DTDYA00QEQQ3KF1XYFQMEQ-supermarket,24,meta-llama/Llama-3.3-70B-Instruct-Turbo,supermarket,"coca cola
apple
pear
bean
laundry powder
chicken nugget
frozen pea
mango
lemon
steak pie
washing up liquid
bed sheet
orange
bread
milk
cheese
yoghurt
egg
sausage
chicken
beef
pork
cheese and onion roll",salt,1.0,sandwichham,,False,True,0,,iterative,10298599234021822000,onion,False
01K4DTDYA00QEQQ3KF1XYFQMEQ-supermarket,25,meta-llama/Llama-3.3-70B-Instruct-Turbo,supermarket,"coca cola
apple
pear
bean
laundry powder
chicken nugget
frozen pea
mango
lemon
steak pie
washing up liquid
bed sheet
orange
bread
milk
cheese
yoghurt
egg
sausage
chicken
beef
pork
cheese and onion roll
salt",pepper,0.0,pepper,,True,True,0,,iterative,2457828884486487600,sugar,False
01K4DTDYA00QEQQ3KF1XYFQMEQ-supermarket,26,meta-llama/Llama-3.3-70B-Instruct-Turbo,supermarket,"coca cola
apple
pear
bean
laundry powder
chicken nugget
frozen pea
mango
lemon
steak pie
washing up liquid
bed sheet
orange
bread
milk
cheese
yoghurt
egg
sausage
chicken
beef
pork
cheese and onion roll
salt
pepper",ginger,0.0,mustard,,False,True,0,,iterative,9233112391497312000,salt,False
01K4DTDYA00QEQQ3KF1XYFQMEQ-supermarket,27,meta-llama/Llama-3.3-70B-Instruct-Turbo,supermarket,"coca cola
apple
pear
bean
laundry powder
chicken nugget
frozen pea
mango
lemon
steak pie
washing up liquid
bed sheet
orange
bread
milk
cheese
yoghurt
egg
sausage
chicken
beef
pork
cheese and onion roll
salt
pepper
ginger",tortillawrap,0.0,turmeric,,False,True,0,,iterative,13651061192766600000,turmeric,False
01K4DTDYA00QEQQ3KF1XYFQMEQ-supermarket,28,meta-llama/Llama-3.3-70B-Instruct-Turbo,supermarket,"coca cola
apple
pear
bean
laundry powder
chicken nugget
frozen pea
mango
lemon
steak pie
washing up liquid
bed sheet
orange
bread
milk
cheese
yoghurt
egg
sausage
chicken
beef
pork
cheese and onion roll
salt
pepper
ginger
tortilla wrap",salsa,0.0,salsa,,True,True,0,,iterative,15236275796093110000,soup,False
01K4DTDYA00QEQQ3KF1XYFQMEQ-supermarket,29,meta-llama/Llama-3.3-70B-Instruct-Turbo,supermarket,"coca cola
apple
pear
bean
laundry powder
chicken nugget
frozen pea
mango
lemon
steak pie
washing up liquid
bed sheet
orange
bread
milk
cheese
yoghurt
egg
sausage
chicken
beef
pork
cheese and onion roll
salt
pepper
ginger
tortilla wrap
salsa",crisp,0.0,guacamole,,False,True,0,,iterative,14380347101158982000,tortilla chip,False
01K4DTDYA00QEQQ3KF1XYFQMEQ-supermarket,30,meta-llama/Llama-3.3-70B-Instruct-Turbo,supermarket,"coca cola
apple
pear
bean
laundry powder
chicken nugget
frozen pea
mango
lemon
steak pie
washing up liquid
bed sheet
orange
bread
milk
cheese
yoghurt
egg
sausage
chicken
beef
pork
cheese and onion roll
salt
pepper
ginger
tortilla wrap
salsa
crisp",frozenchip,1.0,dip,,False,True,0,,iterative,16513431045715740000,chocolate,False
01K4DTDYA00QEQQ3KF1XYFQMEQ-supermarket,31,meta-llama/Llama-3.3-70B-Instruct-Turbo,supermarket,"coca cola
apple
pear
bean
laundry powder
chicken nugget
frozen pea
mango
lemon
steak pie
washing up liquid
bed sheet
orange
bread
milk
cheese
yoghurt
egg
sausage
chicken
beef
pork
cheese and onion roll
salt
pepper
ginger
tortilla wrap
salsa
crisp
frozen chip",ravioli,0.0,tacoseasoning,,False,True,0,,iterative,8143651856776113000,snack,False
01K4DTDYA00QEQQ3KF1XYFQMEQ-supermarket,32,meta-llama/Llama-3.3-70B-Instruct-Turbo,supermarket,"coca cola
apple
pear
bean
laundry powder
chicken nugget
frozen pea
mango
lemon
steak pie
washing up liquid
bed sheet
orange
bread
milk
cheese
yoghurt
egg
sausage
chicken
beef
pork
cheese and onion roll
salt
pepper
ginger
tortilla wrap
salsa
crisp
frozen chip
ravioli",spaghetti,0.0,pastasauce,,False,True,0,,iterative,7737806549965574000,pasta,False
01K4DTDYA00QEQQ3KF1XYFQMEQ-supermarket,33,meta-llama/Llama-3.3-70B-Instruct-Turbo,supermarket,"coca cola
apple
pear
bean
laundry powder
chicken nugget
frozen pea
mango
lemon
steak pie
washing up liquid
bed sheet
orange
bread
milk
cheese
yoghurt
egg
sausage
chicken
beef
pork
cheese and onion roll
salt
pepper
ginger
tortilla wrap
salsa
crisp
frozen chip
ravioli
spaghetti",ketchup,0.0,meatball,,False,True,0,,iterative,543771824100069950,alfredo,False
01K4DTDYA00QEQQ3KF1XYFQMEQ-supermarket,34,meta-llama/Llama-3.3-70B-Instruct-Turbo,supermarket,"coca cola
apple
pear
bean
laundry powder
chicken nugget
frozen pea
mango
lemon
steak pie
washing up liquid
bed sheet
orange
bread
milk
cheese
yoghurt
egg
sausage
chicken
beef
pork
cheese and onion roll
salt
pepper
ginger
tortilla wrap
salsa
crisp
frozen chip
ravioli
spaghetti
ketchup",mayo,0.0,meatball,,False,True,0,,iterative,4856264697630093000,mustard,False
01K4DTEFDGN7WBBTC9SSG9XG02-supermarket,2,meta-llama/Llama-3.3-70B-Instruct-Turbo,supermarket,butter,milk,0.0,bread,,False,True,0,,iterative,2922482515659687400,egg,False
01K4DTEFDGN7WBBTC9SSG9XG02-supermarket,3,meta-llama/Llama-3.3-70B-Instruct-Turbo,supermarket,"butter
milk",egg,0.0,eggs,,False,True,0,,iterative,9165782832613061000,bread,False
01K4DTEFDGN7WBBTC9SSG9XG02-supermarket,4,meta-llama/Llama-3.3-70B-Instruct-Turbo,supermarket,"butter
milk
egg",carrot,1.0,cheese,,False,True,0,,iterative,18003621680248357000,bread,False
01K4DTEFDGN7WBBTC9SSG9XG02-supermarket,5,meta-llama/Llama-3.3-70B-Instruct-Turbo,supermarket,"butter
milk
egg
carrot",bean,0.0,onion,,False,True,0,,iterative,8018772663041668000,apple,False
01K4DTEFDGN7WBBTC9SSG9XG02-supermarket,6,meta-llama/Llama-3.3-70B-Instruct-Turbo,supermarket,"butter
milk
egg
carrot
bean",jam,1.0,potato,,False,True,0,,iterative,500826550691547460,tomato,False
01K4DTEFDGN7WBBTC9SSG9XG02-supermarket,7,meta-llama/Llama-3.3-70B-Instruct-Turbo,supermarket,"butter
milk
egg
carrot
bean
jam",cream,0.0,bread,,False,True,0,,iterative,2086899896577287700,bread,False
01K4DTEFDGN7WBBTC9SSG9XG02-supermarket,8,meta-llama/Llama-3.3-70B-Instruct-Turbo,supermarket,"butter
milk
egg
carrot
bean
jam
cream",drink,1.0,bread,,False,True,0,,iterative,14745253431655387000,coffee,False
01K4DTEFDGN7WBBTC9SSG9XG02-supermarket,9,meta-llama/Llama-3.3-70B-Instruct-Turbo,supermarket,"butter
milk
egg
carrot
bean
jam
cream
drink",cereal,1.0,yogurt,,False,True,0,,iterative,3659323458888807400,peanut butter,False
01K4DTEFDGN7WBBTC9SSG9XG02-supermarket,10,meta-llama/Llama-3.3-70B-Instruct-Turbo,supermarket,"butter
milk
egg
carrot
bean
jam
cream
drink
cereal",flour,1.0,sugar,,False,True,0,,iterative,16310821364852790000,milk,False
01K4DTEFDGN7WBBTC9SSG9XG02-supermarket,11,meta-llama/Llama-3.3-70B-Instruct-Turbo,supermarket,"butter
milk
egg
carrot
bean
jam
cream
drink
cereal
flour",sugar,0.0,sugar,,True,True,0,,iterative,6365074050628478000,salt,False
01K4DTEFDGN7WBBTC9SSG9XG02-supermarket,12,meta-llama/Llama-3.3-70B-Instruct-Turbo,supermarket,"butter
milk
egg
carrot
bean
jam
cream
drink
cereal
flour
sugar",flavouring,0.0,biscuit,,False,True,0,,iterative,15454354850356822000,salt,False
01K4DTEFDGN7WBBTC9SSG9XG02-supermarket,13,meta-llama/Llama-3.3-70B-Instruct-Turbo,supermarket,"butter
milk
egg
carrot
bean
jam
cream
drink
cereal
flour
sugar
flavouring",bread,1.0,bakingpowder,,False,True,0,,iterative,7022901992816824000,vanilla,False
01K4DTEFDGN7WBBTC9SSG9XG02-supermarket,14,meta-llama/Llama-3.3-70B-Instruct-Turbo,supermarket,"butter
milk
egg
carrot
bean
jam
cream
drink
cereal
flour
sugar
flavouring
bread",cake,0.0,cake,,True,True,0,,iterative,13774474327174214000,wine,False
01K4DTEFDGN7WBBTC9SSG9XG02-supermarket,15,meta-llama/Llama-3.3-70B-Instruct-Turbo,supermarket,"butter
milk
egg
carrot
bean
jam
cream
drink
cereal
flour
sugar
flavouring
bread
cake",chip,1.0,pastry,,False,True,0,,iterative,2750461217150729000,apple,False
01K4DTEFDGN7WBBTC9SSG9XG02-supermarket,16,meta-llama/Llama-3.3-70B-Instruct-Turbo,supermarket,"butter
milk
egg
carrot
bean
jam
cream
drink
cereal
flour
sugar
flavouring
bread
cake
chip",fish,1.0,cookie,,False,True,0,,iterative,2789796969118132000,apple,False
01K4DTEFDGN7WBBTC9SSG9XG02-supermarket,17,meta-llama/Llama-3.3-70B-Instruct-Turbo,supermarket,"butter
milk
egg
carrot
bean
jam
cream
drink
cereal
flour
sugar
flavouring
bread
cake
chip
fish",ham,1.0,oil,,False,True,0,,iterative,11056051057255797000,tartar sauce,False
01K4DTEFDGN7WBBTC9SSG9XG02-supermarket,18,meta-llama/Llama-3.3-70B-Instruct-Turbo,supermarket,"butter
milk
egg
carrot
bean
jam
cream
drink
cereal
flour
sugar
flavouring
bread
cake
chip
fish
ham",beef,1.0,cheese,,False,True,0,,iterative,10541600570512794000,lemon,False
01K4DTEFDGN7WBBTC9SSG9XG02-supermarket,19,meta-llama/Llama-3.3-70B-Instruct-Turbo,supermarket,"butter
milk
egg
carrot
bean
jam
cream
drink
cereal
flour
sugar
flavouring
bread
cake
chip
fish
ham
beef",chicken,0.0,pork,,False,True,0,,iterative,3437729327691515400,chicken,True
01K4DTEFDGN7WBBTC9SSG9XG02-supermarket,20,meta-llama/Llama-3.3-70B-Instruct-Turbo,supermarket,"butter
milk
egg
carrot
bean
jam
cream
drink
cereal
flour
sugar
flavouring
bread
cake
chip
fish
ham
beef
chicken",pasta,1.0,pork,,False,True,0,,iterative,14460027911842875000,pork,False
01K4DTEFDGN7WBBTC9SSG9XG02-supermarket,21,meta-llama/Llama-3.3-70B-Instruct-Turbo,supermarket,"butter
milk
egg
carrot
bean
jam
cream
drink
cereal
flour
sugar
flavouring
bread
cake
chip
fish
ham
beef
chicken
pasta",gravy,1.0,tomatosauce,,False,True,0,,iterative,4890148456772365000,tomato sauce,False
01K4DTEFDGN7WBBTC9SSG9XG02-supermarket,22,meta-llama/Llama-3.3-70B-Instruct-Turbo,supermarket,"butter
milk
egg
carrot
bean
jam
cream
drink
cereal
flour
sugar
flavouring
bread
cake
chip
fish
ham
beef
chicken
pasta
gravy",soup,0.0,sauce,,False,True,0,,iterative,1222728628852237600,mushroom,False
01K4DTEFDGN7WBBTC9SSG9XG02-supermarket,23,meta-llama/Llama-3.3-70B-Instruct-Turbo,supermarket,"butter
milk
egg
carrot
bean
jam
cream
drink
cereal
flour
sugar
flavouring
bread
cake
chip
fish
ham
beef
chicken
pasta
gravy
soup",pasty,1.0,noodle,,False,True,0,,iterative,7626357319485383000,peanut butter,False
01K4DTEFDGN7WBBTC9SSG9XG02-supermarket,24,meta-llama/Llama-3.3-70B-Instruct-Turbo,supermarket,"butter
milk
egg
carrot
bean
jam
cream
drink
cereal
flour
sugar
flavouring
bread
cake
chip
fish
ham
beef
chicken
pasta
gravy
soup
pasty",catfood,1.0,pie,,False,True,0,,iterative,17091576643121416000,pork,False
01K4DTEFDGN7WBBTC9SSG9XG02-supermarket,25,meta-llama/Llama-3.3-70B-Instruct-Turbo,supermarket,"butter
milk
egg
carrot
bean
jam
cream
drink
cereal
flour
sugar
flavouring
bread
cake
chip
fish
ham
beef
chicken
pasta
gravy
soup
pasty
cat food",dogfood,0.0,dogfood,,True,True,0,,iterative,1881337405323035000,cat litter,False
01K4DTEFDGN7WBBTC9SSG9XG02-supermarket,26,meta-llama/Llama-3.3-70B-Instruct-Turbo,supermarket,"butter
milk
egg
carrot
bean
jam
cream
drink
cereal
flour
sugar
flavouring
bread
cake
chip
fish
ham
beef
chicken
pasta
gravy
soup
pasty
cat food
dog food",icecream,1.0,biscuit,,False,True,0,,iterative,15114163611817943000,bird food,False
01K4DTEFDGN7WBBTC9SSG9XG02-supermarket,27,meta-llama/Llama-3.3-70B-Instruct-Turbo,supermarket,"butter
milk
egg
carrot
bean
jam
cream
drink
cereal
flour
sugar
flavouring
bread
cake
chip
fish
ham
beef
chicken
pasta
gravy
soup
pasty
cat food
dog food
ice cream",apple,1.0,yogurt,,False,True,0,,iterative,4089636161927879700,whipped cream,False
01K4DTEFDGN7WBBTC9SSG9XG02-supermarket,28,meta-llama/Llama-3.3-70B-Instruct-Turbo,supermarket,"butter
milk
egg
carrot
bean
jam
cream
drink
cereal
flour
sugar
flavouring
bread
cake
chip
fish
ham
beef
chicken
pasta
gravy
soup
pasty
cat food
dog food
ice cream
apple",orange,0.0,banana,,False,True,0,,iterative,14802619406136758000,orange,True
01K4DTEFDGN7WBBTC9SSG9XG02-supermarket,29,meta-llama/Llama-3.3-70B-Instruct-Turbo,supermarket,"butter
milk
egg
carrot
bean
jam
cream
drink
cereal
flour
sugar
flavouring
bread
cake
chip
fish
ham
beef
chicken
pasta
gravy
soup
pasty
cat food
dog food
ice cream
apple
orange",banana,0.0,banana,,True,True,0,,iterative,18202301407215553000,banana,True
01K4DTEFDGN7WBBTC9SSG9XG02-supermarket,30,meta-llama/Llama-3.3-70B-Instruct-Turbo,supermarket,"butter
milk
egg
carrot
bean
jam
cream
drink
cereal
flour
sugar
flavouring
bread
cake
chip
fish
ham
beef
chicken
pasta
gravy
soup
pasty
cat food
dog food
ice cream
apple
orange
banana",grape,0.0,grapes,,False,True,0,,iterative,4247710581090838000,peach,False
01K4DTEFDGN7WBBTC9SSG9XG02-supermarket,31,meta-llama/Llama-3.3-70B-Instruct-Turbo,supermarket,"butter
milk
egg
carrot
bean
jam
cream
drink
cereal
flour
sugar
flavouring
bread
cake
chip
fish
ham
beef
chicken
pasta
gravy
soup
pasty
cat food
dog food
ice cream
apple
orange
banana
grape",plum,0.0,pear,,False,True,0,,iterative,3156797589776077300,tomato,False
01K4DTEFDGN7WBBTC9SSG9XG02-supermarket,32,meta-llama/Llama-3.3-70B-Instruct-Turbo,supermarket,"butter
milk
egg
carrot
bean
jam
cream
drink
cereal
flour
sugar
flavouring
bread
cake
chip
fish
ham
beef
chicken
pasta
gravy
soup
pasty
cat food
dog food
ice cream
apple
orange
banana
grape
plum",pear,0.0,pear,,True,True,0,,iterative,744535572549787400,onion,False
01K4DTEFDGN7WBBTC9SSG9XG02-supermarket,33,meta-llama/Llama-3.3-70B-Instruct-Turbo,supermarket,"butter
milk
egg
carrot
bean
jam
cream
drink
cereal
flour
sugar
flavouring
bread
cake
chip
fish
ham
beef
chicken
pasta
gravy
soup
pasty
cat food
dog food
ice cream
apple
orange
banana
grape
plum
pear",noodle,0.0,peach,,False,True,0,,iterative,12941306304019522000,peach,False
01K4DTEFDGN7WBBTC9SSG9XG02-supermarket,34,meta-llama/Llama-3.3-70B-Instruct-Turbo,supermarket,"butter
milk
egg
carrot
bean
jam
cream
drink
cereal
flour
sugar
flavouring
bread
cake
chip
fish
ham
beef
chicken
pasta
gravy
soup
pasty
cat food
dog food
ice cream
apple
orange
banana
grape
plum
pear
noodle",sauce,1.0,peach,,False,True,0,,iterative,2610989626095226000,salt,False
01K4DTEFDGN7WBBTC9SSG9XG02-supermarket,35,meta-llama/Llama-3.3-70B-Instruct-Turbo,supermarket,"butter
milk
egg
carrot
bean
jam
cream
drink
cereal
flour
sugar
flavouring
bread
cake
chip
fish
ham
beef
chicken
pasta
gravy
soup
pasty
cat food
dog food
ice cream
apple
orange
banana
grape
plum
pear
noodle
sauce",biscuit,1.0,rice,,False,True,0,,iterative,17086238479937659000,dish soap,False
01K4DTEFDGN7WBBTC9SSG9XG02-supermarket,36,meta-llama/Llama-3.3-70B-Instruct-Turbo,supermarket,"butter
milk
egg
carrot
bean
jam
cream
drink
cereal
flour
sugar
flavouring
bread
cake
chip
fish
ham
beef
chicken
pasta
gravy
soup
pasty
cat food
dog food
ice cream
apple
orange
banana
grape
plum
pear
noodle
sauce
biscuit",papertowel,1.0,cookie,,False,True,0,,iterative,17398668305129902000,bread,False
01K4DTEFDGN7WBBTC9SSG9XG02-supermarket,37,meta-llama/Llama-3.3-70B-Instruct-Turbo,supermarket,"butter
milk
egg
carrot
bean
jam
cream
drink
cereal
flour
sugar
flavouring
bread
cake
chip
fish
ham
beef
chicken
pasta
gravy
soup
pasty
cat food
dog food
ice cream
apple
orange
banana
grape
plum
pear
noodle
sauce
biscuit
paper towel",soap,1.0,toiletpaper,,False,True,0,,iterative,17476020380531255000,toilet paper,False
01K4DTEFDGN7WBBTC9SSG9XG02-supermarket,38,meta-llama/Llama-3.3-70B-Instruct-Turbo,supermarket,"butter
milk
egg
carrot
bean
jam
cream
drink
cereal
flour
sugar
flavouring
bread
cake
chip
fish
ham
beef
chicken
pasta
gravy
soup
pasty
cat food
dog food
ice cream
apple
orange
banana
grape
plum
pear
noodle
sauce
biscuit
paper towel
soap",toothpaste,0.0,toiletpaper,,False,True,0,,iterative,12333047318201465000,napkin,False
01K4DTEFDGN7WBBTC9SSG9XG02-supermarket,39,meta-llama/Llama-3.3-70B-Instruct-Turbo,supermarket,"butter
milk
egg
carrot
bean
jam
cream
drink
cereal
flour
sugar
flavouring
bread
cake
chip
fish
ham
beef
chicken
pasta
gravy
soup
pasty
cat food
dog food
ice cream
apple
orange
banana
grape
plum
pear
noodle
sauce
biscuit
paper towel
soap
toothpaste",toothbrush,0.0,toiletpaper,,False,True,0,,iterative,13206804910169598000,shampoo,False
01K4DTEFDGN7WBBTC9SSG9XG02-supermarket,40,meta-llama/Llama-3.3-70B-Instruct-Turbo,supermarket,"butter
milk
egg
carrot
bean
jam
cream
drink
cereal
flour
sugar
flavouring
bread
cake
chip
fish
ham
beef
chicken
pasta
gravy
soup
pasty
cat food
dog food
ice cream
apple
orange
banana
grape
plum
pear
noodle
sauce
biscuit
paper towel
soap
toothpaste
toothbrush",mouthwash,0.0,shampoo,,False,True,0,,iterative,488809074998970240,shampoo,False
01K4DTEFDGN7WBBTC9SSG9XG02-supermarket,41,meta-llama/Llama-3.3-70B-Instruct-Turbo,supermarket,"butter
milk
egg
carrot
bean
jam
cream
drink
cereal
flour
sugar
flavouring
bread
cake
chip
fish
ham
beef
chicken
pasta
gravy
soup
pasty
cat food
dog food
ice cream
apple
orange
banana
grape
plum
pear
noodle
sauce
biscuit
paper towel
soap
toothpaste
toothbrush
mouthwash",paracetamol,1.0,shampoo,,False,True,0,,iterative,5528605820708062000,shampoo,False
01K4DTEFDGN7WBBTC9SSG9XG02-supermarket,42,meta-llama/Llama-3.3-70B-Instruct-Turbo,supermarket,"butter
milk
egg
carrot
bean
jam
cream
drink
cereal
flour
sugar
flavouring
bread
cake
chip
fish
ham
beef
chicken
pasta
gravy
soup
pasty
cat food
dog food
ice cream
apple
orange
banana
grape
plum
pear
noodle
sauce
biscuit
paper towel
soap
toothpaste
toothbrush
mouthwash
paracetamol",plaster,0.0,ibuprofen,,False,True,0,,iterative,406887136326685250,dental floss,False
01K4DTEFDGN7WBBTC9SSG9XG02-supermarket,43,meta-llama/Llama-3.3-70B-Instruct-Turbo,supermarket,"butter
milk
egg
carrot
bean
jam
cream
drink
cereal
flour
sugar
flavouring
bread
cake
chip
fish
ham
beef
chicken
pasta
gravy
soup
pasty
cat food
dog food
ice cream
apple
orange
banana
grape
plum
pear
noodle
sauce
biscuit
paper towel
soap
toothpaste
toothbrush
mouthwash
paracetamol
plaster",antisepticcream,0.0,bandage,,False,True,0,,iterative,15794953496708155000,comb,False
01K4DTEFDGN7WBBTC9SSG9XG02-supermarket,44,meta-llama/Llama-3.3-70B-Instruct-Turbo,supermarket,"butter
milk
egg
carrot
bean
jam
cream
drink
cereal
flour
sugar
flavouring
bread
cake
chip
fish
ham
beef
chicken
pasta
gravy
soup
pasty
cat food
dog food
ice cream
apple
orange
banana
grape
plum
pear
noodle
sauce
biscuit
paper towel
soap
toothpaste
toothbrush
mouthwash
paracetamol
plaster
antiseptic cream",bandage,0.0,bandage,,True,True,0,,iterative,10145331684232501000,band aid,False
01K4DTEFDGN7WBBTC9SSG9XG02-supermarket,45,meta-llama/Llama-3.3-70B-Instruct-Turbo,supermarket,"butter
milk
egg
carrot
bean
jam
cream
drink
cereal
flour
sugar
flavouring
bread
cake
chip
fish
ham
beef
chicken
pasta
gravy
soup
pasty
cat food
dog food
ice cream
apple
orange
banana
grape
plum
pear
noodle
sauce
biscuit
paper towel
soap
toothpaste
toothbrush
mouthwash
paracetamol
plaster
antiseptic cream
bandage",vitamin,1.0,disinfectant,,False,True,0,,iterative,3429280781513881000,alcohol,False
01K4DTGJ3AWEPFTTFAKJDMR1AB-supermarket,2,meta-llama/Llama-3.3-70B-Instruct-Turbo,supermarket,cheese,milk,1.0,milk,,True,True,0,,iterative,5416015870841314000,bread,False
01K4DTGJ3AWEPFTTFAKJDMR1AB-supermarket,3,meta-llama/Llama-3.3-70B-Instruct-Turbo,supermarket,"cheese
milk",egg,0.0,yogurt,,False,True,0,,iterative,12993138593616712000,coffee,False
01K4DTGJ3AWEPFTTFAKJDMR1AB-supermarket,4,meta-llama/Llama-3.3-70B-Instruct-Turbo,supermarket,"cheese
milk
egg",cereal,0.0,butter,,False,True,0,,iterative,10964590360217403000,bread,False
01K4DTGJ3AWEPFTTFAKJDMR1AB-supermarket,5,meta-llama/Llama-3.3-70B-Instruct-Turbo,supermarket,"cheese
milk
egg
cereal",bread,0.0,bread,,True,True,0,,iterative,16464843583218397000,bread,True
01K4DTGJ3AWEPFTTFAKJDMR1AB-supermarket,6,meta-llama/Llama-3.3-70B-Instruct-Turbo,supermarket,"cheese
milk
egg
cereal
bread",meat,0.0,butter,,False,True,0,,iterative,5631817917077150000,jam,False
01K4DTGJ3AWEPFTTFAKJDMR1AB-supermarket,7,meta-llama/Llama-3.3-70B-Instruct-Turbo,supermarket,"cheese
milk
egg
cereal
bread
meat",syrup,0.0,butter,,False,True,0,,iterative,8090248870347325000,fish,False
01K4DTGJ3AWEPFTTFAKJDMR1AB-supermarket,8,meta-llama/Llama-3.3-70B-Instruct-Turbo,supermarket,"cheese
milk
egg
cereal
bread
meat
syrup",tomato,0.0,pancakes,,False,True,0,,iterative,5115128623599876000,jam,False
01K4DTGJ3AWEPFTTFAKJDMR1AB-supermarket,9,meta-llama/Llama-3.3-70B-Instruct-Turbo,supermarket,"cheese
milk
egg
cereal
bread
meat
syrup
tomato",jam,0.0,pancakes,,False,True,0,,iterative,10337318031411069000,cucumber,False
01K4DTGJ3AWEPFTTFAKJDMR1AB-supermarket,10,meta-llama/Llama-3.3-70B-Instruct-Turbo,supermarket,"cheese
milk
egg
cereal
bread
meat
syrup
tomato
jam",peanutbutter,1.0,butter,,False,True,0,,iterative,16281343688375958000,coffee,False
01K4DTGJ3AWEPFTTFAKJDMR1AB-supermarket,11,meta-llama/Llama-3.3-70B-Instruct-Turbo,supermarket,"cheese
milk
egg
cereal
bread
meat
syrup
tomato
jam
peanut butter",juice,0.0,banana,,False,True,0,,iterative,11729766189523147000,margarine,False
01K4DTGJ3AWEPFTTFAKJDMR1AB-supermarket,12,meta-llama/Llama-3.3-70B-Instruct-Turbo,supermarket,"cheese
milk
egg
cereal
bread
meat
syrup
tomato
jam
peanut butter
juice",grape,0.0,bananas,,False,True,0,,iterative,4692350818797151000,ketchup,False
01K4DTGJ3AWEPFTTFAKJDMR1AB-supermarket,13,meta-llama/Llama-3.3-70B-Instruct-Turbo,supermarket,"cheese
milk
egg
cereal
bread
meat
syrup
tomato
jam
peanut butter
juice
grape",apple,1.0,crackers,,False,True,0,,iterative,8794535088028046000,apple,True
01K4DTGJ3AWEPFTTFAKJDMR1AB-supermarket,14,meta-llama/Llama-3.3-70B-Instruct-Turbo,supermarket,"cheese
milk
egg
cereal
bread
meat
syrup
tomato
jam
peanut butter
juice
grape
apple",pear,0.0,banana,,False,True,0,,iterative,13672211905287195000,banana,False
01K4DTGJ3AWEPFTTFAKJDMR1AB-supermarket,15,meta-llama/Llama-3.3-70B-Instruct-Turbo,supermarket,"cheese
milk
egg
cereal
bread
meat
syrup
tomato
jam
peanut butter
juice
grape
apple
pear",lettuce,0.0,banana,,False,True,0,,iterative,3091202633076919000,banana,False
01K4DTGJ3AWEPFTTFAKJDMR1AB-supermarket,16,meta-llama/Llama-3.3-70B-Instruct-Turbo,supermarket,"cheese
milk
egg
cereal
bread
meat
syrup
tomato
jam
peanut butter
juice
grape
apple
pear
lettuce",cabbage,0.0,carrot,,False,True,0,,iterative,13685065605023890000,cucumber,False
01K4DTGJ3AWEPFTTFAKJDMR1AB-supermarket,17,meta-llama/Llama-3.3-70B-Instruct-Turbo,supermarket,"cheese
milk
egg
cereal
bread
meat
syrup
tomato
jam
peanut butter
juice
grape
apple
pear
lettuce
cabbage",yogurt,0.0,carrots,,False,True,0,,iterative,9931466767179694000,cucumber,False
01K4DTGJ3AWEPFTTFAKJDMR1AB-supermarket,18,meta-llama/Llama-3.3-70B-Instruct-Turbo,supermarket,"cheese
milk
egg
cereal
bread
meat
syrup
tomato
jam
peanut butter
juice
grape
apple
pear
lettuce
cabbage
yogurt",ketchup,0.0,carrots,,False,True,0,,iterative,4247570192743469000,cream,False
01K4DTGJ3AWEPFTTFAKJDMR1AB-supermarket,19,meta-llama/Llama-3.3-70B-Instruct-Turbo,supermarket,"cheese
milk
egg
cereal
bread
meat
syrup
tomato
jam
peanut butter
juice
grape
apple
pear
lettuce
cabbage
yogurt
ketchup",mustard,0.0,mustard,,True,True,0,,iterative,93009415168749310,mustard,True
01K4DTGJ3AWEPFTTFAKJDMR1AB-supermarket,20,meta-llama/Llama-3.3-70B-Instruct-Turbo,supermarket,"cheese
milk
egg
cereal
bread
meat
syrup
tomato
jam
peanut butter
juice
grape
apple
pear
lettuce
cabbage
yogurt
ketchup
mustard",mayo,0.0,mayonnaise,,False,True,0,,iterative,4449710905570773500,salad cream,False
01K4DTGJ3AWEPFTTFAKJDMR1AB-supermarket,21,meta-llama/Llama-3.3-70B-Instruct-Turbo,supermarket,"cheese
milk
egg
cereal
bread
meat
syrup
tomato
jam
peanut butter
juice
grape
apple
pear
lettuce
cabbage
yogurt
ketchup
mustard
mayo",pickle,0.0,relish,,False,True,0,,iterative,13859208337794875000,salad cream,False
01K4DTGJ3AWEPFTTFAKJDMR1AB-supermarket,22,meta-llama/Llama-3.3-70B-Instruct-Turbo,supermarket,"cheese
milk
egg
cereal
bread
meat
syrup
tomato
jam
peanut butter
juice
grape
apple
pear
lettuce
cabbage
yogurt
ketchup
mustard
mayo
pickle",tuna,0.0,onion,,False,True,0,,iterative,16175290686619083000,onion,False
01K4DTGX917JGYZGWCPY8M7TNW-supermarket,2,meta-llama/Llama-3.3-70B-Instruct-Turbo,supermarket,shopping cart,bacon,1.0,apples,,False,True,0,,iterative,17542606823973556000,shop,False
01K4DTGX917JGYZGWCPY8M7TNW-supermarket,3,meta-llama/Llama-3.3-70B-Instruct-Turbo,supermarket,"shopping cart
bacon",papertowel,1.0,eggs,,False,True,0,,iterative,2299941015086602800,pig,False
01K4DTGX917JGYZGWCPY8M7TNW-supermarket,4,meta-llama/Llama-3.3-70B-Instruct-Turbo,supermarket,"shopping cart
bacon
paper towel",trashbag,0.0,eggs,,False,True,0,,iterative,8361849661521903000,ice cream,False
01K4DTGX917JGYZGWCPY8M7TNW-supermarket,5,meta-llama/Llama-3.3-70B-Instruct-Turbo,supermarket,"shopping cart
bacon
paper towel
trash bag",waterbottle,1.0,dishsoap,,False,True,0,,iterative,15976358339463401000,fish,False
01K4DTGX917JGYZGWCPY8M7TNW-supermarket,6,meta-llama/Llama-3.3-70B-Instruct-Turbo,supermarket,"shopping cart
bacon
paper towel
trash bag
water bottle",self-checkout,0.0,dishsoap,,False,True,0,,iterative,6128077399693038000,cola,False
01K4DTGX917JGYZGWCPY8M7TNW-supermarket,7,meta-llama/Llama-3.3-70B-Instruct-Turbo,supermarket,"shopping cart
bacon
paper towel
trash bag
water bottle
self-checkout",apple,1.0,creditcard,,False,True,0,,iterative,11864484831800797000,pay,False
01K4DTGX917JGYZGWCPY8M7TNW-supermarket,8,meta-llama/Llama-3.3-70B-Instruct-Turbo,supermarket,"shopping cart
bacon
paper towel
trash bag
water bottle
self-checkout
apple",carrot,0.0,banana,,False,True,0,,iterative,5023543174330946000,banana,False
01K4DTGX917JGYZGWCPY8M7TNW-supermarket,9,meta-llama/Llama-3.3-70B-Instruct-Turbo,supermarket,"shopping cart
bacon
paper towel
trash bag
water bottle
self-checkout
apple
carrot",banana,0.0,banana,,True,True,0,,iterative,9607010784553400000,banana,True
01K4DTGX917JGYZGWCPY8M7TNW-supermarket,10,meta-llama/Llama-3.3-70B-Instruct-Turbo,supermarket,"shopping cart
bacon
paper towel
trash bag
water bottle
self-checkout
apple
carrot
banana",lettuce,0.0,orange,,False,True,0,,iterative,1971332794784307500,fish,False
01K4DTGX917JGYZGWCPY8M7TNW-supermarket,11,meta-llama/Llama-3.3-70B-Instruct-Turbo,supermarket,"shopping cart
bacon
paper towel
trash bag
water bottle
self-checkout
apple
carrot
banana
lettuce",cabbage,0.0,orange,,False,True,0,,iterative,6896398165679687000,tomato,False
01K4DTGX917JGYZGWCPY8M7TNW-supermarket,12,meta-llama/Llama-3.3-70B-Instruct-Turbo,supermarket,"shopping cart
bacon
paper towel
trash bag
water bottle
self-checkout
apple
carrot
banana
lettuce
cabbage",grapefruit,0.0,broccoli,,False,True,0,,iterative,667990330097525000,tomato,False
01K4DTGX917JGYZGWCPY8M7TNW-supermarket,13,meta-llama/Llama-3.3-70B-Instruct-Turbo,supermarket,"shopping cart
bacon
paper towel
trash bag
water bottle
self-checkout
apple
carrot
banana
lettuce
cabbage
grapefruit",bread,1.0,orange,,False,True,0,,iterative,4811088855384176000,tomato,False
01K4DTGX917JGYZGWCPY8M7TNW-supermarket,14,meta-llama/Llama-3.3-70B-Instruct-Turbo,supermarket,"shopping cart
bacon
paper towel
trash bag
water bottle
self-checkout
apple
carrot
banana
lettuce
cabbage
grapefruit
bread",burger,1.0,butter,,False,True,0,,iterative,3849321764869747700,tomato,False
01K4DTGX917JGYZGWCPY8M7TNW-supermarket,15,meta-llama/Llama-3.3-70B-Instruct-Turbo,supermarket,"shopping cart
bacon
paper towel
trash bag
water bottle
self-checkout
apple
carrot
banana
lettuce
cabbage
grapefruit
bread
burger",butter,1.0,cheese,,False,True,0,,iterative,3499830653733188000,pickle,False
01K4DTGX917JGYZGWCPY8M7TNW-supermarket,16,meta-llama/Llama-3.3-70B-Instruct-Turbo,supermarket,"shopping cart
bacon
paper towel
trash bag
water bottle
self-checkout
apple
carrot
banana
lettuce
cabbage
grapefruit
bread
burger
butter",milk,0.0,mayonnaise,,False,True,0,,iterative,202500696953542430,tomato,False
01K4DTGX917JGYZGWCPY8M7TNW-supermarket,17,meta-llama/Llama-3.3-70B-Instruct-Turbo,supermarket,"shopping cart
bacon
paper towel
trash bag
water bottle
self-checkout
apple
carrot
banana
lettuce
cabbage
grapefruit
bread
burger
butter
milk",cheese,0.0,cheese,,True,True,0,,iterative,3165517260498479600,coffee,False
01K4DTGX917JGYZGWCPY8M7TNW-supermarket,18,meta-llama/Llama-3.3-70B-Instruct-Turbo,supermarket,"shopping cart
bacon
paper towel
trash bag
water bottle
self-checkout
apple
carrot
banana
lettuce
cabbage
grapefruit
bread
burger
butter
milk
cheese",egg,1.0,yogurt,,False,True,0,,iterative,5988750129787066000,coffee,False
01K4DTGX917JGYZGWCPY8M7TNW-supermarket,19,meta-llama/Llama-3.3-70B-Instruct-Turbo,supermarket,"shopping cart
bacon
paper towel
trash bag
water bottle
self-checkout
apple
carrot
banana
lettuce
cabbage
grapefruit
bread
burger
butter
milk
cheese
egg",beef,1.0,yogurt,,False,True,0,,iterative,6095731983681041000,coffee,False
01K4DTGX917JGYZGWCPY8M7TNW-supermarket,20,meta-llama/Llama-3.3-70B-Instruct-Turbo,supermarket,"shopping cart
bacon
paper towel
trash bag
water bottle
self-checkout
apple
carrot
banana
lettuce
cabbage
grapefruit
bread
burger
butter
milk
cheese
egg
beef",chicken,0.0,chicken,,True,True,0,,iterative,16587108359770495000,coffee,False
01K4DTGX917JGYZGWCPY8M7TNW-supermarket,21,meta-llama/Llama-3.3-70B-Instruct-Turbo,supermarket,"shopping cart
bacon
paper towel
trash bag
water bottle
self-checkout
apple
carrot
banana
lettuce
cabbage
grapefruit
bread
burger
butter
milk
cheese
egg
beef
chicken",fish,0.0,pork,,False,True,0,,iterative,11312143181537063000,coffee,False
01K4DTGX917JGYZGWCPY8M7TNW-supermarket,22,meta-llama/Llama-3.3-70B-Instruct-Turbo,supermarket,"shopping cart
bacon
paper towel
trash bag
water bottle
self-checkout
apple
carrot
banana
lettuce
cabbage
grapefruit
bread
burger
butter
milk
cheese
egg
beef
chicken
fish",rice,1.0,shrimp,,False,True,0,,iterative,15708282070622292000,coffee,False
01K4DTGX917JGYZGWCPY8M7TNW-supermarket,23,meta-llama/Llama-3.3-70B-Instruct-Turbo,supermarket,"shopping cart
bacon
paper towel
trash bag
water bottle
self-checkout
apple
carrot
banana
lettuce
cabbage
grapefruit
bread
burger
butter
milk
cheese
egg
beef
chicken
fish
rice",pasta,0.0,shrimp,,False,True,0,,iterative,5246477338565132000,coffee,False
01K4DTGX917JGYZGWCPY8M7TNW-supermarket,24,meta-llama/Llama-3.3-70B-Instruct-Turbo,supermarket,"shopping cart
bacon
paper towel
trash bag
water bottle
self-checkout
apple
carrot
banana
lettuce
cabbage
grapefruit
bread
burger
butter
milk
cheese
egg
beef
chicken
fish
rice
pasta",salt,1.0,tomatosauce,,False,True,0,,iterative,11093483635763857000,coffee,False
01K4DTGX917JGYZGWCPY8M7TNW-supermarket,25,meta-llama/Llama-3.3-70B-Instruct-Turbo,supermarket,"shopping cart
bacon
paper towel
trash bag
water bottle
self-checkout
apple
carrot
banana
lettuce
cabbage
grapefruit
bread
burger
butter
milk
cheese
egg
beef
chicken
fish
rice
pasta
salt",pepper,0.0,pepper,,True,True,0,,iterative,12289519364275003000,coffee,False
01K4DTGX917JGYZGWCPY8M7TNW-supermarket,26,meta-llama/Llama-3.3-70B-Instruct-Turbo,supermarket,"shopping cart
bacon
paper towel
trash bag
water bottle
self-checkout
apple
carrot
banana
lettuce
cabbage
grapefruit
bread
burger
butter
milk
cheese
egg
beef
chicken
fish
rice
pasta
salt
pepper",mustard,0.0,sugar,,False,True,0,,iterative,9170258288807800000,coffee,False
01K4DTGX917JGYZGWCPY8M7TNW-supermarket,27,meta-llama/Llama-3.3-70B-Instruct-Turbo,supermarket,"shopping cart
bacon
paper towel
trash bag
water bottle
self-checkout
apple
carrot
banana
lettuce
cabbage
grapefruit
bread
burger
butter
milk
cheese
egg
beef
chicken
fish
rice
pasta
salt
pepper
mustard",peach,1.0,ketchup,,False,True,0,,iterative,7048472028206616000,coffee,False
01K4DTGX917JGYZGWCPY8M7TNW-supermarket,28,meta-llama/Llama-3.3-70B-Instruct-Turbo,supermarket,"shopping cart
bacon
paper towel
trash bag
water bottle
self-checkout
apple
carrot
banana
lettuce
cabbage
grapefruit
bread
burger
butter
milk
cheese
egg
beef
chicken
fish
rice
pasta
salt
pepper
mustard
peach",coffee,1.0,pear,,False,True,0,,iterative,17145736290356180000,coffee,True
01K4DTGX917JGYZGWCPY8M7TNW-supermarket,29,meta-llama/Llama-3.3-70B-Instruct-Turbo,supermarket,"shopping cart
bacon
paper towel
trash bag
water bottle
self-checkout
apple
carrot
banana
lettuce
cabbage
grapefruit
bread
burger
butter
milk
cheese
egg
beef
chicken
fish
rice
pasta
salt
pepper
mustard
peach
coffee",tea,0.0,sugar,,False,True,0,,iterative,2849975337663013000,tea,True
01K4DTGX917JGYZGWCPY8M7TNW-supermarket,30,meta-llama/Llama-3.3-70B-Instruct-Turbo,supermarket,"shopping cart
bacon
paper towel
trash bag
water bottle
self-checkout
apple
carrot
banana
lettuce
cabbage
grapefruit
bread
burger
butter
milk
cheese
egg
beef
chicken
fish
rice
pasta
salt
pepper
mustard
peach
coffee
tea",soda,0.0,sugar,,False,True,0,,iterative,996456955230741400,beef,False
01K4DTGX917JGYZGWCPY8M7TNW-supermarket,31,meta-llama/Llama-3.3-70B-Instruct-Turbo,supermarket,"shopping cart
bacon
paper towel
trash bag
water bottle
self-checkout
apple
carrot
banana
lettuce
cabbage
grapefruit
bread
burger
butter
milk
cheese
egg
beef
chicken
fish
rice
pasta
salt
pepper
mustard
peach
coffee
tea
soda",dishsoap,1.0,sugar,,False,True,0,,iterative,8185232229995307000,beef,False
01K4DTHHQQM0WBVJWD6YH3VE24-supermarket,2,meta-llama/Llama-3.3-70B-Instruct-Turbo,supermarket,chip,milk,0.0,dip,,False,True,0,,iterative,9522582012424063000,fish,False
01K4DTHHQQM0WBVJWD6YH3VE24-supermarket,3,meta-llama/Llama-3.3-70B-Instruct-Turbo,supermarket,"chip
milk",cookie,0.0,cookies,,False,True,0,,iterative,493349294259549600,bread,False
01K4DTHHQQM0WBVJWD6YH3VE24-supermarket,4,meta-llama/Llama-3.3-70B-Instruct-Turbo,supermarket,"chip
milk
cookie",cheese,0.0,cereal,,False,True,0,,iterative,9034838855273675000,biscuit,False
01K4DTHHQQM0WBVJWD6YH3VE24-supermarket,5,meta-llama/Llama-3.3-70B-Instruct-Turbo,supermarket,"chip
milk
cookie
cheese",bread,0.0,cracker,,False,True,0,,iterative,13517363152514630000,bacon,False
01K4DTHHQQM0WBVJWD6YH3VE24-supermarket,6,meta-llama/Llama-3.3-70B-Instruct-Turbo,supermarket,"chip
milk
cookie
cheese
bread",beef,1.0,butter,,False,True,0,,iterative,18128981459544926000,jam,False
01K4DTHHQQM0WBVJWD6YH3VE24-supermarket,7,meta-llama/Llama-3.3-70B-Instruct-Turbo,supermarket,"chip
milk
cookie
cheese
bread
beef",chicken,1.0,butter,,False,True,0,,iterative,5048608167699310000,chicken,True
01K4DTHHQQM0WBVJWD6YH3VE24-supermarket,8,meta-llama/Llama-3.3-70B-Instruct-Turbo,supermarket,"chip
milk
cookie
cheese
bread
beef
chicken",shampoo,0.0,pork,,False,True,0,,iterative,8160710698153460000,egg,False
01K4DTHHQQM0WBVJWD6YH3VE24-supermarket,9,meta-llama/Llama-3.3-70B-Instruct-Turbo,supermarket,"chip
milk
cookie
cheese
bread
beef
chicken
shampoo",pork,1.0,conditioner,,False,True,0,,iterative,15726055974249650000,shower gel,False
01K4DTHHQQM0WBVJWD6YH3VE24-supermarket,10,meta-llama/Llama-3.3-70B-Instruct-Turbo,supermarket,"chip
milk
cookie
cheese
bread
beef
chicken
shampoo
pork",butter,0.0,toiletpaper,,False,True,0,,iterative,14443929081601896000,beef,False
01K4DTHHQQM0WBVJWD6YH3VE24-supermarket,11,meta-llama/Llama-3.3-70B-Instruct-Turbo,supermarket,"chip
milk
cookie
cheese
bread
beef
chicken
shampoo
pork
butter",oil,0.0,eggs,,False,True,0,,iterative,6297921268193242000,ham,False
01K4DTHHQQM0WBVJWD6YH3VE24-supermarket,12,meta-llama/Llama-3.3-70B-Instruct-Turbo,supermarket,"chip
milk
cookie
cheese
bread
beef
chicken
shampoo
pork
butter
oil",cereal,0.0,eggs,,False,True,0,,iterative,9653962926305255000,pasta,False
01K4DTHHQQM0WBVJWD6YH3VE24-supermarket,13,meta-llama/Llama-3.3-70B-Instruct-Turbo,supermarket,"chip
milk
cookie
cheese
bread
beef
chicken
shampoo
pork
butter
oil
cereal",nut,0.0,milk,,False,True,0,,iterative,319926455684200300,crisp,False
01K4DTHHQQM0WBVJWD6YH3VE24-supermarket,14,meta-llama/Llama-3.3-70B-Instruct-Turbo,supermarket,"chip
milk
cookie
cheese
bread
beef
chicken
shampoo
pork
butter
oil
cereal
nut",gum,0.0,peanutbutter,,False,True,0,,iterative,16141169499659770000,chocolate,False
01K4DTHHQQM0WBVJWD6YH3VE24-supermarket,15,meta-llama/Llama-3.3-70B-Instruct-Turbo,supermarket,"chip
milk
cookie
cheese
bread
beef
chicken
shampoo
pork
butter
oil
cereal
nut
gum",frozenmeal,0.0,peanut,,False,True,0,,iterative,11781989191454044000,chocolate,False
01K4DTHHQQM0WBVJWD6YH3VE24-supermarket,16,meta-llama/Llama-3.3-70B-Instruct-Turbo,supermarket,"chip
milk
cookie
cheese
bread
beef
chicken
shampoo
pork
butter
oil
cereal
nut
gum
frozen meal",potato,0.0,orange,,False,True,0,,iterative,8927514263578373000,ice cream,False
01K4DTHHQQM0WBVJWD6YH3VE24-supermarket,17,meta-llama/Llama-3.3-70B-Instruct-Turbo,supermarket,"chip
milk
cookie
cheese
bread
beef
chicken
shampoo
pork
butter
oil
cereal
nut
gum
frozen meal
potato",ice,0.0,onion,,False,True,0,,iterative,13385265328221034000,apple,False
01K4DTHHQQM0WBVJWD6YH3VE24-supermarket,18,meta-llama/Llama-3.3-70B-Instruct-Turbo,supermarket,"chip
milk
cookie
cheese
bread
beef
chicken
shampoo
pork
butter
oil
cereal
nut
gum
frozen meal
potato
ice",punch,0.0,peas,,False,True,0,,iterative,1612487752645067300,cream,False
01K4DTHHQQM0WBVJWD6YH3VE24-supermarket,19,meta-llama/Llama-3.3-70B-Instruct-Turbo,supermarket,"chip
milk
cookie
cheese
bread
beef
chicken
shampoo
pork
butter
oil
cereal
nut
gum
frozen meal
potato
ice
punch",soda,0.0,orange,,False,True,0,,iterative,11397610562712357000,wine,False
01K4DTHHQQM0WBVJWD6YH3VE24-supermarket,20,meta-llama/Llama-3.3-70B-Instruct-Turbo,supermarket,"chip
milk
cookie
cheese
bread
beef
chicken
shampoo
pork
butter
oil
cereal
nut
gum
frozen meal
potato
ice
punch
soda",water,0.0,water,,True,True,0,,iterative,11604305574324530000,water,True
01K4DTHHQQM0WBVJWD6YH3VE24-supermarket,21,meta-llama/Llama-3.3-70B-Instruct-Turbo,supermarket,"chip
milk
cookie
cheese
bread
beef
chicken
shampoo
pork
butter
oil
cereal
nut
gum
frozen meal
potato
ice
punch
soda
water",creamer,0.0,juice,,False,True,0,,iterative,6447144029521499000,vinegar,False
01K4DTHHQQM0WBVJWD6YH3VE24-supermarket,22,meta-llama/Llama-3.3-70B-Instruct-Turbo,supermarket,"chip
milk
cookie
cheese
bread
beef
chicken
shampoo
pork
butter
oil
cereal
nut
gum
frozen meal
potato
ice
punch
soda
water
creamer",coffee,0.0,sugar,,False,True,0,,iterative,7455631559825666000,pudding,False
01K4DTHHQQM0WBVJWD6YH3VE24-supermarket,23,meta-llama/Llama-3.3-70B-Instruct-Turbo,supermarket,"chip
milk
cookie
cheese
bread
beef
chicken
shampoo
pork
butter
oil
cereal
nut
gum
frozen meal
potato
ice
punch
soda
water
creamer
coffee",bun,0.0,sugar,,False,True,0,,iterative,17782840282522505000,tea,False
01K4DTHHQQM0WBVJWD6YH3VE24-supermarket,24,meta-llama/Llama-3.3-70B-Instruct-Turbo,supermarket,"chip
milk
cookie
cheese
bread
beef
chicken
shampoo
pork
butter
oil
cereal
nut
gum
frozen meal
potato
ice
punch
soda
water
creamer
coffee
bun",hotdog,0.0,donut,,False,True,0,,iterative,17213298002186560000,tea,False
01K4DTHHQQM0WBVJWD6YH3VE24-supermarket,25,meta-llama/Llama-3.3-70B-Instruct-Turbo,supermarket,"chip
milk
cookie
cheese
bread
beef
chicken
shampoo
pork
butter
oil
cereal
nut
gum
frozen meal
potato
ice
punch
soda
water
creamer
coffee
bun
hot dog",fruit,0.0,ketchup,,False,True,0,,iterative,4569977316661530600,beef burger,False
01K4DTHHQQM0WBVJWD6YH3VE24-supermarket,26,meta-llama/Llama-3.3-70B-Instruct-Turbo,supermarket,"chip
milk
cookie
cheese
bread
beef
chicken
shampoo
pork
butter
oil
cereal
nut
gum
frozen meal
potato
ice
punch
soda
water
creamer
coffee
bun
hot dog
fruit",bean,0.0,donut,,False,True,0,,iterative,14911098973593436000,vegetable,False
01K4DTHHQQM0WBVJWD6YH3VE24-supermarket,27,meta-llama/Llama-3.3-70B-Instruct-Turbo,supermarket,"chip
milk
cookie
cheese
bread
beef
chicken
shampoo
pork
butter
oil
cereal
nut
gum
frozen meal
potato
ice
punch
soda
water
creamer
coffee
bun
hot dog
fruit
bean",vegetable,1.0,rice,,False,True,0,,iterative,14306585767122586000,spaghetti,False
01K4DTHHQQM0WBVJWD6YH3VE24-supermarket,28,meta-llama/Llama-3.3-70B-Instruct-Turbo,supermarket,"chip
milk
cookie
cheese
bread
beef
chicken
shampoo
pork
butter
oil
cereal
nut
gum
frozen meal
potato
ice
punch
soda
water
creamer
coffee
bun
hot dog
fruit
bean
vegetable",granola,0.0,saladdressing,,False,True,0,,iterative,11598638063262245000,potato,False
01K4DTHHQQM0WBVJWD6YH3VE24-supermarket,29,meta-llama/Llama-3.3-70B-Instruct-Turbo,supermarket,"chip
milk
cookie
cheese
bread
beef
chicken
shampoo
pork
butter
oil
cereal
nut
gum
frozen meal
potato
ice
punch
soda
water
creamer
coffee
bun
hot dog
fruit
bean
vegetable
granola",kale,1.0,yogurt,,False,True,0,,iterative,8899487606961952000,pasta,False
01K4DTHHQQM0WBVJWD6YH3VE24-supermarket,30,meta-llama/Llama-3.3-70B-Instruct-Turbo,supermarket,"chip
milk
cookie
cheese
bread
beef
chicken
shampoo
pork
butter
oil
cereal
nut
gum
frozen meal
potato
ice
punch
soda
water
creamer
coffee
bun
hot dog
fruit
bean
vegetable
granola
kale",spinach,1.0,saladdressing,,False,True,0,,iterative,12055431039321006000,potato,False
01K4DTHHQQM0WBVJWD6YH3VE24-supermarket,31,meta-llama/Llama-3.3-70B-Instruct-Turbo,supermarket,"chip
milk
cookie
cheese
bread
beef
chicken
shampoo
pork
butter
oil
cereal
nut
gum
frozen meal
potato
ice
punch
soda
water
creamer
coffee
bun
hot dog
fruit
bean
vegetable
granola
kale
spinach",donut,0.0,broccoli,,False,True,0,,iterative,8781888773976624000,cauliflower,False
01K4DTHHQQM0WBVJWD6YH3VE24-supermarket,32,meta-llama/Llama-3.3-70B-Instruct-Turbo,supermarket,"chip
milk
cookie
cheese
bread
beef
chicken
shampoo
pork
butter
oil
cereal
nut
gum
frozen meal
potato
ice
punch
soda
water
creamer
coffee
bun
hot dog
fruit
bean
vegetable
granola
kale
spinach
donut",beer,1.0,muffin,,False,True,0,,iterative,8177741819371834000,biscuit,False
01K4DTHHQQM0WBVJWD6YH3VE24-supermarket,33,meta-llama/Llama-3.3-70B-Instruct-Turbo,supermarket,"chip
milk
cookie
cheese
bread
beef
chicken
shampoo
pork
butter
oil
cereal
nut
gum
frozen meal
potato
ice
punch
soda
water
creamer
coffee
bun
hot dog
fruit
bean
vegetable
granola
kale
spinach
donut
beer",liquor,1.0,eggs,,False,True,0,,iterative,5497405042189369000,wine,False
01K4DTHHQQM0WBVJWD6YH3VE24-supermarket,34,meta-llama/Llama-3.3-70B-Instruct-Turbo,supermarket,"chip
milk
cookie
cheese
bread
beef
chicken
shampoo
pork
butter
oil
cereal
nut
gum
frozen meal
potato
ice
punch
soda
water
creamer
coffee
bun
hot dog
fruit
bean
vegetable
granola
kale
spinach
donut
beer
liquor",foil,0.0,wine,,False,True,0,,iterative,12511841565291586000,wine,False
01K4DTHKV5ZBQG797DM0GY0V4D-supermarket,2,meta-llama/Llama-3.3-70B-Instruct-Turbo,supermarket,bread,egg,1.0,butter,,False,True,0,,iterative,11670766572754524000,butter,False
01K4DTHKV5ZBQG797DM0GY0V4D-supermarket,3,meta-llama/Llama-3.3-70B-Instruct-Turbo,supermarket,"bread
egg",milk,1.0,milk,,True,True,0,,iterative,1974317907333788700,milk,True
01K4DTHKV5ZBQG797DM0GY0V4D-supermarket,4,meta-llama/Llama-3.3-70B-Instruct-Turbo,supermarket,"bread
egg
milk",cannedfruit,0.0,butter,,False,True,0,,iterative,18062099689011620000,tea,False
01K4DTHKV5ZBQG797DM0GY0V4D-supermarket,5,meta-llama/Llama-3.3-70B-Instruct-Turbo,supermarket,"bread
egg
milk
canned fruit",meat,0.0,cereal,,False,True,0,,iterative,14632250906720215000,rice,False
01K4DTHKV5ZBQG797DM0GY0V4D-supermarket,6,meta-llama/Llama-3.3-70B-Instruct-Turbo,supermarket,"bread
egg
milk
canned fruit
meat",ice,0.0,cheese,,False,True,0,,iterative,1666872109563146800,chicken,False
01K4DTHKV5ZBQG797DM0GY0V4D-supermarket,7,meta-llama/Llama-3.3-70B-Instruct-Turbo,supermarket,"bread
egg
milk
canned fruit
meat
ice",icecream,0.0,chicken,,False,True,0,,iterative,9484719455952046000,banana,False
01K4DTHKV5ZBQG797DM0GY0V4D-supermarket,8,meta-llama/Llama-3.3-70B-Instruct-Turbo,supermarket,"bread
egg
milk
canned fruit
meat
ice
ice cream",carrot,1.0,whippedcream,,False,True,0,,iterative,4224638670966214700,potato,False
01K4DTHKV5ZBQG797DM0GY0V4D-supermarket,9,meta-llama/Llama-3.3-70B-Instruct-Turbo,supermarket,"bread
egg
milk
canned fruit
meat
ice
ice cream
carrot",lettuce,0.0,broccoli,,False,True,0,,iterative,6916055849885370000,potato,False
01K4DTHKV5ZBQG797DM0GY0V4D-supermarket,10,meta-llama/Llama-3.3-70B-Instruct-Turbo,supermarket,"bread
egg
milk
canned fruit
meat
ice
ice cream
carrot
lettuce",apple,0.0,tomato,,False,True,0,,iterative,3730495018294508500,tomato,False
01K4DTHKV5ZBQG797DM0GY0V4D-supermarket,11,meta-llama/Llama-3.3-70B-Instruct-Turbo,supermarket,"bread
egg
milk
canned fruit
meat
ice
ice cream
carrot
lettuce
apple",orange,1.0,banana,,False,True,0,,iterative,9278097290450210000,banana,False
01K4DTHKV5ZBQG797DM0GY0V4D-supermarket,12,meta-llama/Llama-3.3-70B-Instruct-Turbo,supermarket,"bread
egg
milk
canned fruit
meat
ice
ice cream
carrot
lettuce
apple
orange",banana,1.0,banana,,True,True,0,,iterative,7234620165744776000,banana,True
01K4DTHKV5ZBQG797DM0GY0V4D-supermarket,13,meta-llama/Llama-3.3-70B-Instruct-Turbo,supermarket,"bread
egg
milk
canned fruit
meat
ice
ice cream
carrot
lettuce
apple
orange
banana",soup,0.0,grapes,,False,True,0,,iterative,12742720970782870000,cucumber,False
01K4DTHKV5ZBQG797DM0GY0V4D-supermarket,14,meta-llama/Llama-3.3-70B-Instruct-Turbo,supermarket,"bread
egg
milk
canned fruit
meat
ice
ice cream
carrot
lettuce
apple
orange
banana
soup",cantaloupe,1.0,peanutbutter,,False,True,0,,iterative,4439585754692831000,chicken,False
01K4DTHKV5ZBQG797DM0GY0V4D-supermarket,15,meta-llama/Llama-3.3-70B-Instruct-Turbo,supermarket,"bread
egg
milk
canned fruit
meat
ice
ice cream
carrot
lettuce
apple
orange
banana
soup
cantaloupe",pepper,0.0,grapes,,False,True,0,,iterative,2560238093882773000,plum,False
01K4DTHKV5ZBQG797DM0GY0V4D-supermarket,16,meta-llama/Llama-3.3-70B-Instruct-Turbo,supermarket,"bread
egg
milk
canned fruit
meat
ice
ice cream
carrot
lettuce
apple
orange
banana
soup
cantaloupe
pepper",salt,0.0,onion,,False,True,0,,iterative,8813380222665901000,spinach,False
01K4DTHKV5ZBQG797DM0GY0V4D-supermarket,17,meta-llama/Llama-3.3-70B-Instruct-Turbo,supermarket,"bread
egg
milk
canned fruit
meat
ice
ice cream
carrot
lettuce
apple
orange
banana
soup
cantaloupe
pepper
salt",coffee,0.0,pepperoni,,False,True,0,,iterative,24453454451310936,pepper,False
01K4DTHKV5ZBQG797DM0GY0V4D-supermarket,18,meta-llama/Llama-3.3-70B-Instruct-Turbo,supermarket,"bread
egg
milk
canned fruit
meat
ice
ice cream
carrot
lettuce
apple
orange
banana
soup
cantaloupe
pepper
salt
coffee",sugar,0.0,sugar,,True,True,0,,iterative,12867510920602243000,tea,False
01K4DTHKV5ZBQG797DM0GY0V4D-supermarket,19,meta-llama/Llama-3.3-70B-Instruct-Turbo,supermarket,"bread
egg
milk
canned fruit
meat
ice
ice cream
carrot
lettuce
apple
orange
banana
soup
cantaloupe
pepper
salt
coffee
sugar",cream,0.0,cream,,True,True,0,,iterative,481488104183218600,flour,False
01K4DTHKV5ZBQG797DM0GY0V4D-supermarket,20,meta-llama/Llama-3.3-70B-Instruct-Turbo,supermarket,"bread
egg
milk
canned fruit
meat
ice
ice cream
carrot
lettuce
apple
orange
banana
soup
cantaloupe
pepper
salt
coffee
sugar
cream",roll,1.0,tea,,False,True,0,,iterative,10569138519999844000,flour,False
01K4DTHKV5ZBQG797DM0GY0V4D-supermarket,21,meta-llama/Llama-3.3-70B-Instruct-Turbo,supermarket,"bread
egg
milk
canned fruit
meat
ice
ice cream
carrot
lettuce
apple
orange
banana
soup
cantaloupe
pepper
salt
coffee
sugar
cream
roll",hotdog,0.0,butter,,False,True,0,,iterative,9818988502743849000,butter,False
01K4DTHKV5ZBQG797DM0GY0V4D-supermarket,22,meta-llama/Llama-3.3-70B-Instruct-Turbo,supermarket,"bread
egg
milk
canned fruit
meat
ice
ice cream
carrot
lettuce
apple
orange
banana
soup
cantaloupe
pepper
salt
coffee
sugar
cream
roll
hot dog",sausage,0.0,bun,,False,True,0,,iterative,13333463090637545000,bun,False
01K4DTHKV5ZBQG797DM0GY0V4D-supermarket,23,meta-llama/Llama-3.3-70B-Instruct-Turbo,supermarket,"bread
egg
milk
canned fruit
meat
ice
ice cream
carrot
lettuce
apple
orange
banana
soup
cantaloupe
pepper
salt
coffee
sugar
cream
roll
hot dog
sausage",bacon,0.0,bun,,False,True,0,,iterative,6322064896649390000,onion,False
01K4DTHKV5ZBQG797DM0GY0V4D-supermarket,24,meta-llama/Llama-3.3-70B-Instruct-Turbo,supermarket,"bread
egg
milk
canned fruit
meat
ice
ice cream
carrot
lettuce
apple
orange
banana
soup
cantaloupe
pepper
salt
coffee
sugar
cream
roll
hot dog
sausage
bacon",popsicle,1.0,eggs,,False,True,0,,iterative,10522298913677664000,hash brown,False
01K4DTHKV5ZBQG797DM0GY0V4D-supermarket,25,meta-llama/Llama-3.3-70B-Instruct-Turbo,supermarket,"bread
egg
milk
canned fruit
meat
ice
ice cream
carrot
lettuce
apple
orange
banana
soup
cantaloupe
pepper
salt
coffee
sugar
cream
roll
hot dog
sausage
bacon
popsicle",bun,1.0,pancakes,,False,True,0,,iterative,16059423854462423000,ice cream,False
01K4DTHKV5ZBQG797DM0GY0V4D-supermarket,26,meta-llama/Llama-3.3-70B-Instruct-Turbo,supermarket,"bread
egg
milk
canned fruit
meat
ice
ice cream
carrot
lettuce
apple
orange
banana
soup
cantaloupe
pepper
salt
coffee
sugar
cream
roll
hot dog
sausage
bacon
popsicle
bun",donut,1.0,ketchup,,False,True,0,,iterative,5261537547752669000,mustard,False
01K4DTHKV5ZBQG797DM0GY0V4D-supermarket,27,meta-llama/Llama-3.3-70B-Instruct-Turbo,supermarket,"bread
egg
milk
canned fruit
meat
ice
ice cream
carrot
lettuce
apple
orange
banana
soup
cantaloupe
pepper
salt
coffee
sugar
cream
roll
hot dog
sausage
bacon
popsicle
bun
donut",cake,1.0,muffin,,False,True,0,,iterative,1935881942157252900,bagel,False
01K4DTHKV5ZBQG797DM0GY0V4D-supermarket,28,meta-llama/Llama-3.3-70B-Instruct-Turbo,supermarket,"bread
egg
milk
canned fruit
meat
ice
ice cream
carrot
lettuce
apple
orange
banana
soup
cantaloupe
pepper
salt
coffee
sugar
cream
roll
hot dog
sausage
bacon
popsicle
bun
donut
cake",cupcake,1.0,muffin,,False,True,0,,iterative,16104410164302522000,biscuit,False
01K4DTHKV5ZBQG797DM0GY0V4D-supermarket,29,meta-llama/Llama-3.3-70B-Instruct-Turbo,supermarket,"bread
egg
milk
canned fruit
meat
ice
ice cream
carrot
lettuce
apple
orange
banana
soup
cantaloupe
pepper
salt
coffee
sugar
cream
roll
hot dog
sausage
bacon
popsicle
bun
donut
cake
cupcake",chip,1.0,frosting,,False,True,0,,iterative,6430168659487465000,biscuit,False
01K4DTHKV5ZBQG797DM0GY0V4D-supermarket,30,meta-llama/Llama-3.3-70B-Instruct-Turbo,supermarket,"bread
egg
milk
canned fruit
meat
ice
ice cream
carrot
lettuce
apple
orange
banana
soup
cantaloupe
pepper
salt
coffee
sugar
cream
roll
hot dog
sausage
bacon
popsicle
bun
donut
cake
cupcake
chip",pretzel,1.0,cookie,,False,True,0,,iterative,14774145116650822000,candy,False
01K4DTHKV5ZBQG797DM0GY0V4D-supermarket,31,meta-llama/Llama-3.3-70B-Instruct-Turbo,supermarket,"bread
egg
milk
canned fruit
meat
ice
ice cream
carrot
lettuce
apple
orange
banana
soup
cantaloupe
pepper
salt
coffee
sugar
cream
roll
hot dog
sausage
bacon
popsicle
bun
donut
cake
cupcake
chip
pretzel",chicken,1.0,dip,,False,True,0,,iterative,2757663288667429000,bagel,False
01K4DTHKV5ZBQG797DM0GY0V4D-supermarket,32,meta-llama/Llama-3.3-70B-Instruct-Turbo,supermarket,"bread
egg
milk
canned fruit
meat
ice
ice cream
carrot
lettuce
apple
orange
banana
soup
cantaloupe
pepper
salt
coffee
sugar
cream
roll
hot dog
sausage
bacon
popsicle
bun
donut
cake
cupcake
chip
pretzel
chicken",steak,1.0,turkey,,False,True,0,,iterative,14796453782608900000,pork,False
01K4DTHKV5ZBQG797DM0GY0V4D-supermarket,33,meta-llama/Llama-3.3-70B-Instruct-Turbo,supermarket,"bread
egg
milk
canned fruit
meat
ice
ice cream
carrot
lettuce
apple
orange
banana
soup
cantaloupe
pepper
salt
coffee
sugar
cream
roll
hot dog
sausage
bacon
popsicle
bun
donut
cake
cupcake
chip
pretzel
chicken
steak",bologna,1.0,ribs,,False,True,0,,iterative,10285561671258663000,pork,False
01K4DTHKV5ZBQG797DM0GY0V4D-supermarket,34,meta-llama/Llama-3.3-70B-Instruct-Turbo,supermarket,"bread
egg
milk
canned fruit
meat
ice
ice cream
carrot
lettuce
apple
orange
banana
soup
cantaloupe
pepper
salt
coffee
sugar
cream
roll
hot dog
sausage
bacon
popsicle
bun
donut
cake
cupcake
chip
pretzel
chicken
steak
bologna",peach,1.0,cheese,,False,True,0,,iterative,2727480019720697000,salami,False
01K4DTHKV5ZBQG797DM0GY0V4D-supermarket,35,meta-llama/Llama-3.3-70B-Instruct-Turbo,supermarket,"bread
egg
milk
canned fruit
meat
ice
ice cream
carrot
lettuce
apple
orange
banana
soup
cantaloupe
pepper
salt
coffee
sugar
cream
roll
hot dog
sausage
bacon
popsicle
bun
donut
cake
cupcake
chip
pretzel
chicken
steak
bologna
peach",watermelon,1.0,pear,,False,True,0,,iterative,3791298531634827000,plum,False
01K4DTHKV5ZBQG797DM0GY0V4D-supermarket,36,meta-llama/Llama-3.3-70B-Instruct-Turbo,supermarket,"bread
egg
milk
canned fruit
meat
ice
ice cream
carrot
lettuce
apple
orange
banana
soup
cantaloupe
pepper
salt
coffee
sugar
cream
roll
hot dog
sausage
bacon
popsicle
bun
donut
cake
cupcake
chip
pretzel
chicken
steak
bologna
peach
watermelon",honeydew,1.0,grapes,,False,True,0,,iterative,7528152231140723000,plum,False
01K4DTHKV5ZBQG797DM0GY0V4D-supermarket,37,meta-llama/Llama-3.3-70B-Instruct-Turbo,supermarket,"bread
egg
milk
canned fruit
meat
ice
ice cream
carrot
lettuce
apple
orange
banana
soup
cantaloupe
pepper
salt
coffee
sugar
cream
roll
hot dog
sausage
bacon
popsicle
bun
donut
cake
cupcake
chip
pretzel
chicken
steak
bologna
peach
watermelon
honeydew",fig,1.0,pineapple,,False,True,0,,iterative,13135675742853250000,plum,False
01K4DTHKV5ZBQG797DM0GY0V4D-supermarket,38,meta-llama/Llama-3.3-70B-Instruct-Turbo,supermarket,"bread
egg
milk
canned fruit
meat
ice
ice cream
carrot
lettuce
apple
orange
banana
soup
cantaloupe
pepper
salt
coffee
sugar
cream
roll
hot dog
sausage
bacon
popsicle
bun
donut
cake
cupcake
chip
pretzel
chicken
steak
bologna
peach
watermelon
honeydew
fig",tuna,1.0,grape,,False,True,0,,iterative,5789965880227962000,nectarine,False
01K4DTHKV5ZBQG797DM0GY0V4D-supermarket,39,meta-llama/Llama-3.3-70B-Instruct-Turbo,supermarket,"bread
egg
milk
canned fruit
meat
ice
ice cream
carrot
lettuce
apple
orange
banana
soup
cantaloupe
pepper
salt
coffee
sugar
cream
roll
hot dog
sausage
bacon
popsicle
bun
donut
cake
cupcake
chip
pretzel
chicken
steak
bologna
peach
watermelon
honeydew
fig
tuna",water,0.0,salmon,,False,True,0,,iterative,11729040935739611000,scampi,False
01K4DTMC2V0WAAQ35YHW3WW9ND-supermarket,2,meta-llama/Llama-3.3-70B-Instruct-Turbo,supermarket,pasta,cereal,0.0,marinarasauce,,False,True,0,,iterative,9271052535370373000,sauce,False
01K4DTMC2V0WAAQ35YHW3WW9ND-supermarket,3,meta-llama/Llama-3.3-70B-Instruct-Turbo,supermarket,"pasta
cereal",bread,0.0,milk,,False,True,0,,iterative,18207451806781008000,milk,False
01K4DTMC2V0WAAQ35YHW3WW9ND-supermarket,4,meta-llama/Llama-3.3-70B-Instruct-Turbo,supermarket,"pasta
cereal
bread",egg,1.0,milk,,False,True,0,,iterative,15646173188342716000,egg,True
01K4DTMC2V0WAAQ35YHW3WW9ND-supermarket,5,meta-llama/Llama-3.3-70B-Instruct-Turbo,supermarket,"pasta
cereal
bread
egg",milk,0.0,milk,,True,True,0,,iterative,4642732993320712000,milk,True
01K4DTMC2V0WAAQ35YHW3WW9ND-supermarket,6,meta-llama/Llama-3.3-70B-Instruct-Turbo,supermarket,"pasta
cereal
bread
egg
milk",cheese,0.0,butter,,False,True,0,,iterative,198394697906991360,butter,False
01K4DTMC2V0WAAQ35YHW3WW9ND-supermarket,7,meta-llama/Llama-3.3-70B-Instruct-Turbo,supermarket,"pasta
cereal
bread
egg
milk
cheese",flour,1.0,butter,,False,True,0,,iterative,2618159363519278000,butter,False
01K4DTMC2V0WAAQ35YHW3WW9ND-supermarket,8,meta-llama/Llama-3.3-70B-Instruct-Turbo,supermarket,"pasta
cereal
bread
egg
milk
cheese
flour",grape,1.0,butter,,False,True,0,,iterative,15230636786012760000,butter,False
01K4DTMC2V0WAAQ35YHW3WW9ND-supermarket,9,meta-llama/Llama-3.3-70B-Instruct-Turbo,supermarket,"pasta
cereal
bread
egg
milk
cheese
flour
grape",banana,0.0,wine,,False,True,0,,iterative,14407884212472025000,tomato,False
01K4DTMC2V0WAAQ35YHW3WW9ND-supermarket,10,meta-llama/Llama-3.3-70B-Instruct-Turbo,supermarket,"pasta
cereal
bread
egg
milk
cheese
flour
grape
banana",lettuce,0.0,apple,,False,True,0,,iterative,1155368991946839000,butter,False
01K4DTMC2V0WAAQ35YHW3WW9ND-supermarket,11,meta-llama/Llama-3.3-70B-Instruct-Turbo,supermarket,"pasta
cereal
bread
egg
milk
cheese
flour
grape
banana
lettuce",celery,0.0,tomato,,False,True,0,,iterative,11129023349776640000,carrot,False
01K4DTMC2V0WAAQ35YHW3WW9ND-supermarket,12,meta-llama/Llama-3.3-70B-Instruct-Turbo,supermarket,"pasta
cereal
bread
egg
milk
cheese
flour
grape
banana
lettuce
celery",avocado,0.0,carrot,,False,True,0,,iterative,14502049563320060000,carrot,False
01K4DTMC2V0WAAQ35YHW3WW9ND-supermarket,13,meta-llama/Llama-3.3-70B-Instruct-Turbo,supermarket,"pasta
cereal
bread
egg
milk
cheese
flour
grape
banana
lettuce
celery
avocado",rice,1.0,tomato,,False,True,0,,iterative,11962158451703276000,egg,False
01K4DTMC2V0WAAQ35YHW3WW9ND-supermarket,14,meta-llama/Llama-3.3-70B-Instruct-Turbo,supermarket,"pasta
cereal
bread
egg
milk
cheese
flour
grape
banana
lettuce
celery
avocado
rice",tortilla,1.0,tomato,,False,True,0,,iterative,8641113850904196000,butter,False
01K4DTMC2V0WAAQ35YHW3WW9ND-supermarket,15,meta-llama/Llama-3.3-70B-Instruct-Turbo,supermarket,"pasta
cereal
bread
egg
milk
cheese
flour
grape
banana
lettuce
celery
avocado
rice
tortilla",sauce,1.0,salsa,,False,True,0,,iterative,15392817814173213000,carrot,False
01K4DTMC2V0WAAQ35YHW3WW9ND-supermarket,16,meta-llama/Llama-3.3-70B-Instruct-Turbo,supermarket,"pasta
cereal
bread
egg
milk
cheese
flour
grape
banana
lettuce
celery
avocado
rice
tortilla
sauce",butter,0.0,beans,,False,True,0,,iterative,7490847687455573000,chip,False
01K4DTMC2V0WAAQ35YHW3WW9ND-supermarket,17,meta-llama/Llama-3.3-70B-Instruct-Turbo,supermarket,"pasta
cereal
bread
egg
milk
cheese
flour
grape
banana
lettuce
celery
avocado
rice
tortilla
sauce
butter",yogurt,0.0,chicken,,False,True,0,,iterative,9850176132934662000,salt,False
01K4DTMC2V0WAAQ35YHW3WW9ND-supermarket,18,meta-llama/Llama-3.3-70B-Instruct-Turbo,supermarket,"pasta
cereal
bread
egg
milk
cheese
flour
grape
banana
lettuce
celery
avocado
rice
tortilla
sauce
butter
yogurt",bean,1.0,honey,,False,True,0,,iterative,11958642746218854000,pepper,False
01K4DTMC2V0WAAQ35YHW3WW9ND-supermarket,19,meta-llama/Llama-3.3-70B-Instruct-Turbo,supermarket,"pasta
cereal
bread
egg
milk
cheese
flour
grape
banana
lettuce
celery
avocado
rice
tortilla
sauce
butter
yogurt
bean",pea,0.0,chicken,,False,True,0,,iterative,3376646909278968000,bean,False
01K4DTMC2V0WAAQ35YHW3WW9ND-supermarket,20,meta-llama/Llama-3.3-70B-Instruct-Turbo,supermarket,"pasta
cereal
bread
egg
milk
cheese
flour
grape
banana
lettuce
celery
avocado
rice
tortilla
sauce
butter
yogurt
bean
pea",lentil,0.0,carrot,,False,True,0,,iterative,13546465291657972000,carrot,False
01K4DTMC2V0WAAQ35YHW3WW9ND-supermarket,21,meta-llama/Llama-3.3-70B-Instruct-Turbo,supermarket,"pasta
cereal
bread
egg
milk
cheese
flour
grape
banana
lettuce
celery
avocado
rice
tortilla
sauce
butter
yogurt
bean
pea
lentil",pastry,1.0,chicken,,False,True,0,,iterative,17278653969955924000,gravy,False
01K4DTMC2V0WAAQ35YHW3WW9ND-supermarket,22,meta-llama/Llama-3.3-70B-Instruct-Turbo,supermarket,"pasta
cereal
bread
egg
milk
cheese
flour
grape
banana
lettuce
celery
avocado
rice
tortilla
sauce
butter
yogurt
bean
pea
lentil
pastry",cake,0.0,chicken,,False,True,0,,iterative,3968984815769781000,gravy,False
01K4DTMC2V0WAAQ35YHW3WW9ND-supermarket,23,meta-llama/Llama-3.3-70B-Instruct-Turbo,supermarket,"pasta
cereal
bread
egg
milk
cheese
flour
grape
banana
lettuce
celery
avocado
rice
tortilla
sauce
butter
yogurt
bean
pea
lentil
pastry
cake",pie,0.0,muffin,,False,True,0,,iterative,14749818968323023000,frosting,False
01K4DTMC2V0WAAQ35YHW3WW9ND-supermarket,24,meta-llama/Llama-3.3-70B-Instruct-Turbo,supermarket,"pasta
cereal
bread
egg
milk
cheese
flour
grape
banana
lettuce
celery
avocado
rice
tortilla
sauce
butter
yogurt
bean
pea
lentil
pastry
cake
pie",beef,1.0,cream,,False,True,0,,iterative,3539053865744419000,cookie,False
01K4DTMC2V0WAAQ35YHW3WW9ND-supermarket,25,meta-llama/Llama-3.3-70B-Instruct-Turbo,supermarket,"pasta
cereal
bread
egg
milk
cheese
flour
grape
banana
lettuce
celery
avocado
rice
tortilla
sauce
butter
yogurt
bean
pea
lentil
pastry
cake
pie
beef",salmon,0.0,chicken,,False,True,0,,iterative,8178378661604710000,chicken,False
01K4DTMC2V0WAAQ35YHW3WW9ND-supermarket,26,meta-llama/Llama-3.3-70B-Instruct-Turbo,supermarket,"pasta
cereal
bread
egg
milk
cheese
flour
grape
banana
lettuce
celery
avocado
rice
tortilla
sauce
butter
yogurt
bean
pea
lentil
pastry
cake
pie
beef
salmon",shrimp,0.0,chicken,,False,True,0,,iterative,7811601915535995000,chicken,False
01K4DTMC2V0WAAQ35YHW3WW9ND-supermarket,27,meta-llama/Llama-3.3-70B-Instruct-Turbo,supermarket,"pasta
cereal
bread
egg
milk
cheese
flour
grape
banana
lettuce
celery
avocado
rice
tortilla
sauce
butter
yogurt
bean
pea
lentil
pastry
cake
pie
beef
salmon
shrimp",lamb,0.0,chicken,,False,True,0,,iterative,2927909663577296400,chicken,False
01K4DTMC2V0WAAQ35YHW3WW9ND-supermarket,28,meta-llama/Llama-3.3-70B-Instruct-Turbo,supermarket,"pasta
cereal
bread
egg
milk
cheese
flour
grape
banana
lettuce
celery
avocado
rice
tortilla
sauce
butter
yogurt
bean
pea
lentil
pastry
cake
pie
beef
salmon
shrimp
lamb",sauerkraut,1.0,chicken,,False,True,0,,iterative,13309247603116210000,chicken,False
01K4DTMC2V0WAAQ35YHW3WW9ND-supermarket,29,meta-llama/Llama-3.3-70B-Instruct-Turbo,supermarket,"pasta
cereal
bread
egg
milk
cheese
flour
grape
banana
lettuce
celery
avocado
rice
tortilla
sauce
butter
yogurt
bean
pea
lentil
pastry
cake
pie
beef
salmon
shrimp
lamb
sauerkraut",hotdog,1.0,cabbage,,False,True,0,,iterative,2316018752523421000,tofu,False
01K4DTMC2V0WAAQ35YHW3WW9ND-supermarket,30,meta-llama/Llama-3.3-70B-Instruct-Turbo,supermarket,"pasta
cereal
bread
egg
milk
cheese
flour
grape
banana
lettuce
celery
avocado
rice
tortilla
sauce
butter
yogurt
bean
pea
lentil
pastry
cake
pie
beef
salmon
shrimp
lamb
sauerkraut
hot dog",turkey,0.0,bun,,False,True,0,,iterative,7955510971887501000,chicken,False
01K4DTMC2V0WAAQ35YHW3WW9ND-supermarket,31,meta-llama/Llama-3.3-70B-Instruct-Turbo,supermarket,"pasta
cereal
bread
egg
milk
cheese
flour
grape
banana
lettuce
celery
avocado
rice
tortilla
sauce
butter
yogurt
bean
pea
lentil
pastry
cake
pie
beef
salmon
shrimp
lamb
sauerkraut
hot dog
turkey",ham,0.0,chicken,,False,True,0,,iterative,11903326450296406000,chicken,False
01K4DTMC2V0WAAQ35YHW3WW9ND-supermarket,32,meta-llama/Llama-3.3-70B-Instruct-Turbo,supermarket,"pasta
cereal
bread
egg
milk
cheese
flour
grape
banana
lettuce
celery
avocado
rice
tortilla
sauce
butter
yogurt
bean
pea
lentil
pastry
cake
pie
beef
salmon
shrimp
lamb
sauerkraut
hot dog
turkey
ham",mayo,1.0,chicken,,False,True,0,,iterative,17335918171692886000,chicken,False
01K4DTMC2V0WAAQ35YHW3WW9ND-supermarket,33,meta-llama/Llama-3.3-70B-Instruct-Turbo,supermarket,"pasta
cereal
bread
egg
milk
cheese
flour
grape
banana
lettuce
celery
avocado
rice
tortilla
sauce
butter
yogurt
bean
pea
lentil
pastry
cake
pie
beef
salmon
shrimp
lamb
sauerkraut
hot dog
turkey
ham
mayo",corn,0.0,mustard,,False,True,0,,iterative,6076977357645087000,ketchup,False
01K4DTMC2V0WAAQ35YHW3WW9ND-supermarket,34,meta-llama/Llama-3.3-70B-Instruct-Turbo,supermarket,"pasta
cereal
bread
egg
milk
cheese
flour
grape
banana
lettuce
celery
avocado
rice
tortilla
sauce
butter
yogurt
bean
pea
lentil
pastry
cake
pie
beef
salmon
shrimp
lamb
sauerkraut
hot dog
turkey
ham
mayo
corn",dairy,1.0,ketchup,,False,True,0,,iterative,7931513133570002000,chowder,False
01K4DTMC2V0WAAQ35YHW3WW9ND-supermarket,35,meta-llama/Llama-3.3-70B-Instruct-Turbo,supermarket,"pasta
cereal
bread
egg
milk
cheese
flour
grape
banana
lettuce
celery
avocado
rice
tortilla
sauce
butter
yogurt
bean
pea
lentil
pastry
cake
pie
beef
salmon
shrimp
lamb
sauerkraut
hot dog
turkey
ham
mayo
corn
dairy",sourcream,0.0,chicken,,False,True,0,,iterative,6797387261458062000,chicken,False
01K4DTMC2V0WAAQ35YHW3WW9ND-supermarket,36,meta-llama/Llama-3.3-70B-Instruct-Turbo,supermarket,"pasta
cereal
bread
egg
milk
cheese
flour
grape
banana
lettuce
celery
avocado
rice
tortilla
sauce
butter
yogurt
bean
pea
lentil
pastry
cake
pie
beef
salmon
shrimp
lamb
sauerkraut
hot dog
turkey
ham
mayo
corn
dairy
sour cream",wine,1.0,chicken,,False,True,0,,iterative,11611805689228083000,cheese,False
01K4DTMC2V0WAAQ35YHW3WW9ND-supermarket,37,meta-llama/Llama-3.3-70B-Instruct-Turbo,supermarket,"pasta
cereal
bread
egg
milk
cheese
flour
grape
banana
lettuce
celery
avocado
rice
tortilla
sauce
butter
yogurt
bean
pea
lentil
pastry
cake
pie
beef
salmon
shrimp
lamb
sauerkraut
hot dog
turkey
ham
mayo
corn
dairy
sour cream
wine",beer,0.0,chicken,,False,True,0,,iterative,1272476729894115300,beer,True
01K4DTMC2V0WAAQ35YHW3WW9ND-supermarket,38,meta-llama/Llama-3.3-70B-Instruct-Turbo,supermarket,"pasta
cereal
bread
egg
milk
cheese
flour
grape
banana
lettuce
celery
avocado
rice
tortilla
sauce
butter
yogurt
bean
pea
lentil
pastry
cake
pie
beef
salmon
shrimp
lamb
sauerkraut
hot dog
turkey
ham
mayo
corn
dairy
sour cream
wine
beer",macaroni,1.0,chicken,,False,True,0,,iterative,2330998292249752000,soda,False
01K4DTMC2V0WAAQ35YHW3WW9ND-supermarket,39,meta-llama/Llama-3.3-70B-Instruct-Turbo,supermarket,"pasta
cereal
bread
egg
milk
cheese
flour
grape
banana
lettuce
celery
avocado
rice
tortilla
sauce
butter
yogurt
bean
pea
lentil
pastry
cake
pie
beef
salmon
shrimp
lamb
sauerkraut
hot dog
turkey
ham
mayo
corn
dairy
sour cream
wine
beer
macaroni",spaghetti,0.0,chicken,,False,True,0,,iterative,5449101335834098000,cheese,False
01K4DTMC2V0WAAQ35YHW3WW9ND-supermarket,40,meta-llama/Llama-3.3-70B-Instruct-Turbo,supermarket,"pasta
cereal
bread
egg
milk
cheese
flour
grape
banana
lettuce
celery
avocado
rice
tortilla
sauce
butter
yogurt
bean
pea
lentil
pastry
cake
pie
beef
salmon
shrimp
lamb
sauerkraut
hot dog
turkey
ham
mayo
corn
dairy
sour cream
wine
beer
macaroni
spaghetti",squash,1.0,meatball,,False,True,0,,iterative,3614569465362649600,cheese,False
01K4DTMC2V0WAAQ35YHW3WW9ND-supermarket,41,meta-llama/Llama-3.3-70B-Instruct-Turbo,supermarket,"pasta
cereal
bread
egg
milk
cheese
flour
grape
banana
lettuce
celery
avocado
rice
tortilla
sauce
butter
yogurt
bean
pea
lentil
pastry
cake
pie
beef
salmon
shrimp
lamb
sauerkraut
hot dog
turkey
ham
mayo
corn
dairy
sour cream
wine
beer
macaroni
spaghetti
squash",eggplant,0.0,tomato,,False,True,0,,iterative,2105207663978495000,cucumber,False
01K4DTMC2V0WAAQ35YHW3WW9ND-supermarket,42,meta-llama/Llama-3.3-70B-Instruct-Turbo,supermarket,"pasta
cereal
bread
egg
milk
cheese
flour
grape
banana
lettuce
celery
avocado
rice
tortilla
sauce
butter
yogurt
bean
pea
lentil
pastry
cake
pie
beef
salmon
shrimp
lamb
sauerkraut
hot dog
turkey
ham
mayo
corn
dairy
sour cream
wine
beer
macaroni
spaghetti
squash
eggplant",cabbage,0.0,tomato,,False,True,0,,iterative,13188378020737896000,cucumber,False
01K4DTMC2V0WAAQ35YHW3WW9ND-supermarket,43,meta-llama/Llama-3.3-70B-Instruct-Turbo,supermarket,"pasta
cereal
bread
egg
milk
cheese
flour
grape
banana
lettuce
celery
avocado
rice
tortilla
sauce
butter
yogurt
bean
pea
lentil
pastry
cake
pie
beef
salmon
shrimp
lamb
sauerkraut
hot dog
turkey
ham
mayo
corn
dairy
sour cream
wine
beer
macaroni
spaghetti
squash
eggplant
cabbage",salad,0.0,carrot,,False,True,0,,iterative,6532852934247906000,lettuce,False
01K4DTMC2V0WAAQ35YHW3WW9ND-supermarket,44,meta-llama/Llama-3.3-70B-Instruct-Turbo,supermarket,"pasta
cereal
bread
egg
milk
cheese
flour
grape
banana
lettuce
celery
avocado
rice
tortilla
sauce
butter
yogurt
bean
pea
lentil
pastry
cake
pie
beef
salmon
shrimp
lamb
sauerkraut
hot dog
turkey
ham
mayo
corn
dairy
sour cream
wine
beer
macaroni
spaghetti
squash
eggplant
cabbage
salad",carrot,0.0,tomato,,False,True,0,,iterative,4266049716627744300,dressing,False
01K4DTMC2V0WAAQ35YHW3WW9ND-supermarket,45,meta-llama/Llama-3.3-70B-Instruct-Turbo,supermarket,"pasta
cereal
bread
egg
milk
cheese
flour
grape
banana
lettuce
celery
avocado
rice
tortilla
sauce
butter
yogurt
bean
pea
lentil
pastry
cake
pie
beef
salmon
shrimp
lamb
sauerkraut
hot dog
turkey
ham
mayo
corn
dairy
sour cream
wine
beer
macaroni
spaghetti
squash
eggplant
cabbage
salad
carrot",zucchini,0.0,broccoli,,False,True,0,,iterative,13853954276452070000,lettuce,False
01K4DTMC2V0WAAQ35YHW3WW9ND-supermarket,46,meta-llama/Llama-3.3-70B-Instruct-Turbo,supermarket,"pasta
cereal
bread
egg
milk
cheese
flour
grape
banana
lettuce
celery
avocado
rice
tortilla
sauce
butter
yogurt
bean
pea
lentil
pastry
cake
pie
beef
salmon
shrimp
lamb
sauerkraut
hot dog
turkey
ham
mayo
corn
dairy
sour cream
wine
beer
macaroni
spaghetti
squash
eggplant
cabbage
salad
carrot
zucchini",apple,0.0,broccoli,,False,True,0,,iterative,8832388830925885000,cucumber,False
01K4DTV0XBHFZFS1RQEEAKV1XM-supermarket,2,meta-llama/Llama-3.3-70B-Instruct-Turbo,supermarket,milk,bread,0.0,cereal,,False,True,0,,iterative,10902228338468325000,bread,True
01K4DTV0XBHFZFS1RQEEAKV1XM-supermarket,3,meta-llama/Llama-3.3-70B-Instruct-Turbo,supermarket,"milk
bread",cheese,0.0,butter,,False,True,0,,iterative,7344282692150754000,butter,False
01K4DTV0XBHFZFS1RQEEAKV1XM-supermarket,4,meta-llama/Llama-3.3-70B-Instruct-Turbo,supermarket,"milk
bread
cheese",sourcream,0.0,butter,,False,True,0,,iterative,11800379359987560000,cracker,False
01K4DTV0XBHFZFS1RQEEAKV1XM-supermarket,5,meta-llama/Llama-3.3-70B-Instruct-Turbo,supermarket,"milk
bread
cheese
sour cream",creamcheese,0.0,butter,,False,True,0,,iterative,12017223835399555000,cream,False
01K4DTV0XBHFZFS1RQEEAKV1XM-supermarket,6,meta-llama/Llama-3.3-70B-Instruct-Turbo,supermarket,"milk
bread
cheese
sour cream
cream cheese",water,1.0,butter,,False,True,0,,iterative,11521659013608251000,cheddar cheese,False
01K4DTV0XBHFZFS1RQEEAKV1XM-supermarket,7,meta-llama/Llama-3.3-70B-Instruct-Turbo,supermarket,"milk
bread
cheese
sour cream
cream cheese
water",soda,0.0,yogurt,,False,True,0,,iterative,4766763316210001000,soda,True
01K4DTV0XBHFZFS1RQEEAKV1XM-supermarket,8,meta-llama/Llama-3.3-70B-Instruct-Turbo,supermarket,"milk
bread
cheese
sour cream
cream cheese
water
soda",coffee,0.0,juice,,False,True,0,,iterative,1016193911943087700,juice,False
01K4DTV0XBHFZFS1RQEEAKV1XM-supermarket,9,meta-llama/Llama-3.3-70B-Instruct-Turbo,supermarket,"milk
bread
cheese
sour cream
cream cheese
water
soda
coffee",tea,0.0,sugar,,False,True,0,,iterative,7193826087979372000,tea,True
01K4DTV0XBHFZFS1RQEEAKV1XM-supermarket,10,meta-llama/Llama-3.3-70B-Instruct-Turbo,supermarket,"milk
bread
cheese
sour cream
cream cheese
water
soda
coffee
tea",juice,0.0,sugar,,False,True,0,,iterative,17760923572704655000,biscuit,False
01K4DTV0XBHFZFS1RQEEAKV1XM-supermarket,11,meta-llama/Llama-3.3-70B-Instruct-Turbo,supermarket,"milk
bread
cheese
sour cream
cream cheese
water
soda
coffee
tea
juice",wine,0.0,milkshakemix,,False,True,0,,iterative,3698756968991878000,orange,False
01K4DTV0XBHFZFS1RQEEAKV1XM-supermarket,12,meta-llama/Llama-3.3-70B-Instruct-Turbo,supermarket,"milk
bread
cheese
sour cream
cream cheese
water
soda
coffee
tea
juice
wine",beer,0.0,beer,,True,True,0,,iterative,13755301385635723000,whisky,False
01K4DTV0XBHFZFS1RQEEAKV1XM-supermarket,13,meta-llama/Llama-3.3-70B-Instruct-Turbo,supermarket,"milk
bread
cheese
sour cream
cream cheese
water
soda
coffee
tea
juice
wine
beer",cracker,1.0,chocolate,,False,True,0,,iterative,1706275561779464200,pretzel,False
01K4DTV0XBHFZFS1RQEEAKV1XM-supermarket,14,meta-llama/Llama-3.3-70B-Instruct-Turbo,supermarket,"milk
bread
cheese
sour cream
cream cheese
water
soda
coffee
tea
juice
wine
beer
cracker",chip,0.0,chips,,False,True,0,,iterative,16513925850521455000,cheese,False
01K4DTV0XBHFZFS1RQEEAKV1XM-supermarket,15,meta-llama/Llama-3.3-70B-Instruct-Turbo,supermarket,"milk
bread
cheese
sour cream
cream cheese
water
soda
coffee
tea
juice
wine
beer
cracker
chip",guacamole,0.0,popcorn,,False,True,0,,iterative,2555699519995096000,dip,False
01K4DTV0XBHFZFS1RQEEAKV1XM-supermarket,16,meta-llama/Llama-3.3-70B-Instruct-Turbo,supermarket,"milk
bread
cheese
sour cream
cream cheese
water
soda
coffee
tea
juice
wine
beer
cracker
chip
guacamole",brownie,0.0,tortillachips,,False,True,0,,iterative,394318599413916300,taco,False
01K4DTV0XBHFZFS1RQEEAKV1XM-supermarket,17,meta-llama/Llama-3.3-70B-Instruct-Turbo,supermarket,"milk
bread
cheese
sour cream
cream cheese
water
soda
coffee
tea
juice
wine
beer
cracker
chip
guacamole
brownie",cookie,0.0,cookies,,False,True,0,,iterative,18238013701065497000,cookie,True
01K4DTV0XBHFZFS1RQEEAKV1XM-supermarket,18,meta-llama/Llama-3.3-70B-Instruct-Turbo,supermarket,"milk
bread
cheese
sour cream
cream cheese
water
soda
coffee
tea
juice
wine
beer
cracker
chip
guacamole
brownie
cookie",cupcake,0.0,icecream,,False,True,0,,iterative,11231107867226761000,cake,False
01K4DTV0XBHFZFS1RQEEAKV1XM-supermarket,19,meta-llama/Llama-3.3-70B-Instruct-Turbo,supermarket,"milk
bread
cheese
sour cream
cream cheese
water
soda
coffee
tea
juice
wine
beer
cracker
chip
guacamole
brownie
cookie
cupcake",cake,0.0,muffin,,False,True,0,,iterative,12727319058972156000,icing,False
01K4DTV0XBHFZFS1RQEEAKV1XM-supermarket,20,meta-llama/Llama-3.3-70B-Instruct-Turbo,supermarket,"milk
bread
cheese
sour cream
cream cheese
water
soda
coffee
tea
juice
wine
beer
cracker
chip
guacamole
brownie
cookie
cupcake
cake",cloth,1.0,icecream,,False,True,0,,iterative,9612184384019352000,frosting,False
01K4DTV0XBHFZFS1RQEEAKV1XM-supermarket,21,meta-llama/Llama-3.3-70B-Instruct-Turbo,supermarket,"milk
bread
cheese
sour cream
cream cheese
water
soda
coffee
tea
juice
wine
beer
cracker
chip
guacamole
brownie
cookie
cupcake
cake
cloth",book,0.0,papertowels,,False,True,0,,iterative,7722095822807018000,shoe,False
01K4DTV0XBHFZFS1RQEEAKV1XM-supermarket,22,meta-llama/Llama-3.3-70B-Instruct-Turbo,supermarket,"milk
bread
cheese
sour cream
cream cheese
water
soda
coffee
tea
juice
wine
beer
cracker
chip
guacamole
brownie
cookie
cupcake
cake
cloth
book",magazine,0.0,papertowels,,False,True,0,,iterative,3702747458004931600,newspaper,False
01K4DTV0XBHFZFS1RQEEAKV1XM-supermarket,23,meta-llama/Llama-3.3-70B-Instruct-Turbo,supermarket,"milk
bread
cheese
sour cream
cream cheese
water
soda
coffee
tea
juice
wine
beer
cracker
chip
guacamole
brownie
cookie
cupcake
cake
cloth
book
magazine",newspaper,0.0,newspaper,,True,True,0,,iterative,9577864509574644000,newspaper,True
01K4DTV0XBHFZFS1RQEEAKV1XM-supermarket,24,meta-llama/Llama-3.3-70B-Instruct-Turbo,supermarket,"milk
bread
cheese
sour cream
cream cheese
water
soda
coffee
tea
juice
wine
beer
cracker
chip
guacamole
brownie
cookie
cupcake
cake
cloth
book
magazine
newspaper",ice,1.0,papertowels,,False,True,0,,iterative,13944304840868180000,editorial,False
01K4DTV0XBHFZFS1RQEEAKV1XM-supermarket,25,meta-llama/Llama-3.3-70B-Instruct-Turbo,supermarket,"milk
bread
cheese
sour cream
cream cheese
water
soda
coffee
tea
juice
wine
beer
cracker
chip
guacamole
brownie
cookie
cupcake
cake
cloth
book
magazine
newspaper
ice",icetray,0.0,icecream,,False,True,0,,iterative,8947819231767112000,iced tea,False
01K4DTV0XBHFZFS1RQEEAKV1XM-supermarket,26,meta-llama/Llama-3.3-70B-Instruct-Turbo,supermarket,"milk
bread
cheese
sour cream
cream cheese
water
soda
coffee
tea
juice
wine
beer
cracker
chip
guacamole
brownie
cookie
cupcake
cake
cloth
book
magazine
newspaper
ice
ice tray",paper,0.0,freezerbag,,False,True,0,,iterative,1486745347036461300,ice crusher,False
01K4DTV0XBHFZFS1RQEEAKV1XM-supermarket,27,meta-llama/Llama-3.3-70B-Instruct-Turbo,supermarket,"milk
bread
cheese
sour cream
cream cheese
water
soda
coffee
tea
juice
wine
beer
cracker
chip
guacamole
brownie
cookie
cupcake
cake
cloth
book
magazine
newspaper
ice
ice tray
paper",paperplate,0.0,plasticbag,,False,True,0,,iterative,2200396313448688600,ink,False
01K4DTV0XBHFZFS1RQEEAKV1XM-supermarket,28,meta-llama/Llama-3.3-70B-Instruct-Turbo,supermarket,"milk
bread
cheese
sour cream
cream cheese
water
soda
coffee
tea
juice
wine
beer
cracker
chip
guacamole
brownie
cookie
cupcake
cake
cloth
book
magazine
newspaper
ice
ice tray
paper
paper plate",paperbowl,0.0,plasticcup,,False,True,0,,iterative,13545939735954166000,paper cup,False
01K4DTV0XBHFZFS1RQEEAKV1XM-supermarket,29,meta-llama/Llama-3.3-70B-Instruct-Turbo,supermarket,"milk
bread
cheese
sour cream
cream cheese
water
soda
coffee
tea
juice
wine
beer
cracker
chip
guacamole
brownie
cookie
cupcake
cake
cloth
book
magazine
newspaper
ice
ice tray
paper
paper plate
paper bowl",papercup,0.0,plasticwrap,,False,True,0,,iterative,13449365596218976000,paper cup,True
01K4DTV0XBHFZFS1RQEEAKV1XM-supermarket,30,meta-llama/Llama-3.3-70B-Instruct-Turbo,supermarket,"milk
bread
cheese
sour cream
cream cheese
water
soda
coffee
tea
juice
wine
beer
cracker
chip
guacamole
brownie
cookie
cupcake
cake
cloth
book
magazine
newspaper
ice
ice tray
paper
paper plate
paper bowl
paper cup",cup,0.0,plasticutensils,,False,True,0,,iterative,3122317855846952400,plastic glass,False
01K4DTV0XBHFZFS1RQEEAKV1XM-supermarket,31,meta-llama/Llama-3.3-70B-Instruct-Turbo,supermarket,"milk
bread
cheese
sour cream
cream cheese
water
soda
coffee
tea
juice
wine
beer
cracker
chip
guacamole
brownie
cookie
cupcake
cake
cloth
book
magazine
newspaper
ice
ice tray
paper
paper plate
paper bowl
paper cup
cup",backpack,1.0,straw,,False,True,0,,iterative,17565252792400415000,saucer,False
01K4DTV0XBHFZFS1RQEEAKV1XM-supermarket,32,meta-llama/Llama-3.3-70B-Instruct-Turbo,supermarket,"milk
bread
cheese
sour cream
cream cheese
water
soda
coffee
tea
juice
wine
beer
cracker
chip
guacamole
brownie
cookie
cupcake
cake
cloth
book
magazine
newspaper
ice
ice tray
paper
paper plate
paper bowl
paper cup
cup
backpack",necklace,0.0,lunchbox,,False,True,0,,iterative,15683519391188048000,pencil,False
01K4DTV0XBHFZFS1RQEEAKV1XM-supermarket,33,meta-llama/Llama-3.3-70B-Instruct-Turbo,supermarket,"milk
bread
cheese
sour cream
cream cheese
water
soda
coffee
tea
juice
wine
beer
cracker
chip
guacamole
brownie
cookie
cupcake
cake
cloth
book
magazine
newspaper
ice
ice tray
paper
paper plate
paper bowl
paper cup
cup
backpack
necklace",bracelet,0.0,towel,,False,True,0,,iterative,1652975428580107800,earring,False
01K4DTV0XBHFZFS1RQEEAKV1XM-supermarket,34,meta-llama/Llama-3.3-70B-Instruct-Turbo,supermarket,"milk
bread
cheese
sour cream
cream cheese
water
soda
coffee
tea
juice
wine
beer
cracker
chip
guacamole
brownie
cookie
cupcake
cake
cloth
book
magazine
newspaper
ice
ice tray
paper
paper plate
paper bowl
paper cup
cup
backpack
necklace
bracelet",chair,1.0,ring,,False,True,0,,iterative,3237478894021564000,earring,False
01K4DTV0XBHFZFS1RQEEAKV1XM-supermarket,35,meta-llama/Llama-3.3-70B-Instruct-Turbo,supermarket,"milk
bread
cheese
sour cream
cream cheese
water
soda
coffee
tea
juice
wine
beer
cracker
chip
guacamole
brownie
cookie
cupcake
cake
cloth
book
magazine
newspaper
ice
ice tray
paper
paper plate
paper bowl
paper cup
cup
backpack
necklace
bracelet
chair",television,1.0,table,,False,True,0,,iterative,8537911953292662000,table,False
01K4DTV0XBHFZFS1RQEEAKV1XM-supermarket,36,meta-llama/Llama-3.3-70B-Instruct-Turbo,supermarket,"milk
bread
cheese
sour cream
cream cheese
water
soda
coffee
tea
juice
wine
beer
cracker
chip
guacamole
brownie
cookie
cupcake
cake
cloth
book
magazine
newspaper
ice
ice tray
paper
paper plate
paper bowl
paper cup
cup
backpack
necklace
bracelet
chair
television",charger,0.0,table,,False,True,0,,iterative,14817273059515728000,stereo,False
01K4DTV0XBHFZFS1RQEEAKV1XM-supermarket,37,meta-llama/Llama-3.3-70B-Instruct-Turbo,supermarket,"milk
bread
cheese
sour cream
cream cheese
water
soda
coffee
tea
juice
wine
beer
cracker
chip
guacamole
brownie
cookie
cupcake
cake
cloth
book
magazine
newspaper
ice
ice tray
paper
paper plate
paper bowl
paper cup
cup
backpack
necklace
bracelet
chair
television
charger",battery,0.0,phone,,False,True,0,,iterative,15015952598939630000,cellphone,False
01K4DTV0XBHFZFS1RQEEAKV1XM-supermarket,38,meta-llama/Llama-3.3-70B-Instruct-Turbo,supermarket,"milk
bread
cheese
sour cream
cream cheese
water
soda
coffee
tea
juice
wine
beer
cracker
chip
guacamole
brownie
cookie
cupcake
cake
cloth
book
magazine
newspaper
ice
ice tray
paper
paper plate
paper bowl
paper cup
cup
backpack
necklace
bracelet
chair
television
charger
battery",headphone,0.0,phone,,False,True,0,,iterative,667872039181536000,cellphone,False
01K4DTV0XBHFZFS1RQEEAKV1XM-supermarket,39,meta-llama/Llama-3.3-70B-Instruct-Turbo,supermarket,"milk
bread
cheese
sour cream
cream cheese
water
soda
coffee
tea
juice
wine
beer
cracker
chip
guacamole
brownie
cookie
cupcake
cake
cloth
book
magazine
newspaper
ice
ice tray
paper
paper plate
paper bowl
paper cup
cup
backpack
necklace
bracelet
chair
television
charger
battery
headphone",movie,0.0,speaker,,False,True,0,,iterative,3959166943389416400,speaker,False
01K4DTV0XBHFZFS1RQEEAKV1XM-supermarket,40,meta-llama/Llama-3.3-70B-Instruct-Turbo,supermarket,"milk
bread
cheese
sour cream
cream cheese
water
soda
coffee
tea
juice
wine
beer
cracker
chip
guacamole
brownie
cookie
cupcake
cake
cloth
book
magazine
newspaper
ice
ice tray
paper
paper plate
paper bowl
paper cup
cup
backpack
necklace
bracelet
chair
television
charger
battery
headphone
movie",game,0.0,popcorn,,False,True,0,,iterative,14462935746419427000,tv show,False
01K4DTV0XBHFZFS1RQEEAKV1XM-supermarket,41,meta-llama/Llama-3.3-70B-Instruct-Turbo,supermarket,"milk
bread
cheese
sour cream
cream cheese
water
soda
coffee
tea
juice
wine
beer
cracker
chip
guacamole
brownie
cookie
cupcake
cake
cloth
book
magazine
newspaper
ice
ice tray
paper
paper plate
paper bowl
paper cup
cup
backpack
necklace
bracelet
chair
television
charger
battery
headphone
movie
game",toy,0.0,controller,,False,True,0,,iterative,3982467410675026000,puzzle,False
01K4DTV0XBHFZFS1RQEEAKV1XM-supermarket,42,meta-llama/Llama-3.3-70B-Instruct-Turbo,supermarket,"milk
bread
cheese
sour cream
cream cheese
water
soda
coffee
tea
juice
wine
beer
cracker
chip
guacamole
brownie
cookie
cupcake
cake
cloth
book
magazine
newspaper
ice
ice tray
paper
paper plate
paper bowl
paper cup
cup
backpack
necklace
bracelet
chair
television
charger
battery
headphone
movie
game
toy",food,1.0,puzzle,,False,True,0,,iterative,7325605386230967000,doll,False
01K4DTV0XBHFZFS1RQEEAKV1XM-supermarket,43,meta-llama/Llama-3.3-70B-Instruct-Turbo,supermarket,"milk
bread
cheese
sour cream
cream cheese
water
soda
coffee
tea
juice
wine
beer
cracker
chip
guacamole
brownie
cookie
cupcake
cake
cloth
book
magazine
newspaper
ice
ice tray
paper
paper plate
paper bowl
paper cup
cup
backpack
necklace
bracelet
chair
television
charger
battery
headphone
movie
game
toy
food",watermelon,1.0,candy,,False,True,0,,iterative,9164910834634413000,steak,False
01K4DTV0XBHFZFS1RQEEAKV1XM-supermarket,44,meta-llama/Llama-3.3-70B-Instruct-Turbo,supermarket,"milk
bread
cheese
sour cream
cream cheese
water
soda
coffee
tea
juice
wine
beer
cracker
chip
guacamole
brownie
cookie
cupcake
cake
cloth
book
magazine
newspaper
ice
ice tray
paper
paper plate
paper bowl
paper cup
cup
backpack
necklace
bracelet
chair
television
charger
battery
headphone
movie
game
toy
food
watermelon",apple,0.0,grapes,,False,True,0,,iterative,6462224249217097000,lemonade,False
01K4DTV0XBHFZFS1RQEEAKV1XM-supermarket,45,meta-llama/Llama-3.3-70B-Instruct-Turbo,supermarket,"milk
bread
cheese
sour cream
cream cheese
water
soda
coffee
tea
juice
wine
beer
cracker
chip
guacamole
brownie
cookie
cupcake
cake
cloth
book
magazine
newspaper
ice
ice tray
paper
paper plate
paper bowl
paper cup
cup
backpack
necklace
bracelet
chair
television
charger
battery
headphone
movie
game
toy
food
watermelon
apple",deli,1.0,banana,,False,True,0,,iterative,13559901514921910000,orange,False
01K4DTV0XBHFZFS1RQEEAKV1XM-supermarket,46,meta-llama/Llama-3.3-70B-Instruct-Turbo,supermarket,"milk
bread
cheese
sour cream
cream cheese
water
soda
coffee
tea
juice
wine
beer
cracker
chip
guacamole
brownie
cookie
cupcake
cake
cloth
book
magazine
newspaper
ice
ice tray
paper
paper plate
paper bowl
paper cup
cup
backpack
necklace
bracelet
chair
television
charger
battery
headphone
movie
game
toy
food
watermelon
apple
deli",meat,0.0,turkey,,False,True,0,,iterative,13673584026948230000,meat,True
01K4DTV0XBHFZFS1RQEEAKV1XM-supermarket,47,meta-llama/Llama-3.3-70B-Instruct-Turbo,supermarket,"milk
bread
cheese
sour cream
cream cheese
water
soda
coffee
tea
juice
wine
beer
cracker
chip
guacamole
brownie
cookie
cupcake
cake
cloth
book
magazine
newspaper
ice
ice tray
paper
paper plate
paper bowl
paper cup
cup
backpack
necklace
bracelet
chair
television
charger
battery
headphone
movie
game
toy
food
watermelon
apple
deli
meat",pasta,1.0,chicken,,False,True,0,,iterative,11996648882573986000,ham,False
01K4DTV0XBHFZFS1RQEEAKV1XM-supermarket,48,meta-llama/Llama-3.3-70B-Instruct-Turbo,supermarket,"milk
bread
cheese
sour cream
cream cheese
water
soda
coffee
tea
juice
wine
beer
cracker
chip
guacamole
brownie
cookie
cupcake
cake
cloth
book
magazine
newspaper
ice
ice tray
paper
paper plate
paper bowl
paper cup
cup
backpack
necklace
bracelet
chair
television
charger
battery
headphone
movie
game
toy
food
watermelon
apple
deli
meat
pasta",noodle,0.0,spaghettisauce,,False,True,0,,iterative,5938876102275635000,sauce,False
01K4DTV0XBHFZFS1RQEEAKV1XM-supermarket,49,meta-llama/Llama-3.3-70B-Instruct-Turbo,supermarket,"milk
bread
cheese
sour cream
cream cheese
water
soda
coffee
tea
juice
wine
beer
cracker
chip
guacamole
brownie
cookie
cupcake
cake
cloth
book
magazine
newspaper
ice
ice tray
paper
paper plate
paper bowl
paper cup
cup
backpack
necklace
bracelet
chair
television
charger
battery
headphone
movie
game
toy
food
watermelon
apple
deli
meat
pasta
noodle",bean,1.0,sauce,,False,True,0,,iterative,1608622702873376000,sauce,False
01K4DTV0XBHFZFS1RQEEAKV1XM-supermarket,50,meta-llama/Llama-3.3-70B-Instruct-Turbo,supermarket,"milk
bread
cheese
sour cream
cream cheese
water
soda
coffee
tea
juice
wine
beer
cracker
chip
guacamole
brownie
cookie
cupcake
cake
cloth
book
magazine
newspaper
ice
ice tray
paper
paper plate
paper bowl
paper cup
cup
backpack
necklace
bracelet
chair
television
charger
battery
headphone
movie
game
toy
food
watermelon
apple
deli
meat
pasta
noodle
bean",beef,1.0,rice,,False,True,0,,iterative,7473283637035283000,salad,False
01K4DTV0XBHFZFS1RQEEAKV1XM-supermarket,51,meta-llama/Llama-3.3-70B-Instruct-Turbo,supermarket,"milk
bread
cheese
sour cream
cream cheese
water
soda
coffee
tea
juice
wine
beer
cracker
chip
guacamole
brownie
cookie
cupcake
cake
cloth
book
magazine
newspaper
ice
ice tray
paper
paper plate
paper bowl
paper cup
cup
backpack
necklace
bracelet
chair
television
charger
battery
headphone
movie
game
toy
food
watermelon
apple
deli
meat
pasta
noodle
bean
beef",cannedfood,1.0,chicken,,False,True,0,,iterative,9033905325254691000,steak,False
01K4DTV0XBHFZFS1RQEEAKV1XM-supermarket,52,meta-llama/Llama-3.3-70B-Instruct-Turbo,supermarket,"milk
bread
cheese
sour cream
cream cheese
water
soda
coffee
tea
juice
wine
beer
cracker
chip
guacamole
brownie
cookie
cupcake
cake
cloth
book
magazine
newspaper
ice
ice tray
paper
paper plate
paper bowl
paper cup
cup
backpack
necklace
bracelet
chair
television
charger
battery
headphone
movie
game
toy
food
watermelon
apple
deli
meat
pasta
noodle
bean
beef
canned food",greenbean,1.0,tomatosauce,,False,True,0,,iterative,9893477107168406000,chili,False
01K4DTV0XBHFZFS1RQEEAKV1XM-supermarket,53,meta-llama/Llama-3.3-70B-Instruct-Turbo,supermarket,"milk
bread
cheese
sour cream
cream cheese
water
soda
coffee
tea
juice
wine
beer
cracker
chip
guacamole
brownie
cookie
cupcake
cake
cloth
book
magazine
newspaper
ice
ice tray
paper
paper plate
paper bowl
paper cup
cup
backpack
necklace
bracelet
chair
television
charger
battery
headphone
movie
game
toy
food
watermelon
apple
deli
meat
pasta
noodle
bean
beef
canned food
green bean",asparagus,0.0,carrot,,False,True,0,,iterative,13120655697970868000,broccoli,False
01K4DTV0XBHFZFS1RQEEAKV1XM-supermarket,54,meta-llama/Llama-3.3-70B-Instruct-Turbo,supermarket,"milk
bread
cheese
sour cream
cream cheese
water
soda
coffee
tea
juice
wine
beer
cracker
chip
guacamole
brownie
cookie
cupcake
cake
cloth
book
magazine
newspaper
ice
ice tray
paper
paper plate
paper bowl
paper cup
cup
backpack
necklace
bracelet
chair
television
charger
battery
headphone
movie
game
toy
food
watermelon
apple
deli
meat
pasta
noodle
bean
beef
canned food
green bean
asparagus",carrot,0.0,broccoli,,False,True,0,,iterative,17280449439646100000,broccoli,False
01K4DTV0XBHFZFS1RQEEAKV1XM-supermarket,55,meta-llama/Llama-3.3-70B-Instruct-Turbo,supermarket,"milk
bread
cheese
sour cream
cream cheese
water
soda
coffee
tea
juice
wine
beer
cracker
chip
guacamole
brownie
cookie
cupcake
cake
cloth
book
magazine
newspaper
ice
ice tray
paper
paper plate
paper bowl
paper cup
cup
backpack
necklace
bracelet
chair
television
charger
battery
headphone
movie
game
toy
food
watermelon
apple
deli
meat
pasta
noodle
bean
beef
canned food
green bean
asparagus
carrot",chocolate,1.0,broccoli,,False,True,0,,iterative,3342635168403356000,potato,False
01K4DTV0XBHFZFS1RQEEAKV1XM-supermarket,56,meta-llama/Llama-3.3-70B-Instruct-Turbo,supermarket,"milk
bread
cheese
sour cream
cream cheese
water
soda
coffee
tea
juice
wine
beer
cracker
chip
guacamole
brownie
cookie
cupcake
cake
cloth
book
magazine
newspaper
ice
ice tray
paper
paper plate
paper bowl
paper cup
cup
backpack
necklace
bracelet
chair
television
charger
battery
headphone
movie
game
toy
food
watermelon
apple
deli
meat
pasta
noodle
bean
beef
canned food
green bean
asparagus
carrot
chocolate",candy,0.0,candy,,True,True,0,,iterative,12162748239327588000,candy bar,False
01K4DTV0XBHFZFS1RQEEAKV1XM-supermarket,57,meta-llama/Llama-3.3-70B-Instruct-Turbo,supermarket,"milk
bread
cheese
sour cream
cream cheese
water
soda
coffee
tea
juice
wine
beer
cracker
chip
guacamole
brownie
cookie
cupcake
cake
cloth
book
magazine
newspaper
ice
ice tray
paper
paper plate
paper bowl
paper cup
cup
backpack
necklace
bracelet
chair
television
charger
battery
headphone
movie
game
toy
food
watermelon
apple
deli
meat
pasta
noodle
bean
beef
canned food
green bean
asparagus
carrot
chocolate
candy",lollipop,0.0,caramel,,False,True,0,,iterative,336080553707740350,candy bar,False
01K4DTV0XBHFZFS1RQEEAKV1XM-supermarket,58,meta-llama/Llama-3.3-70B-Instruct-Turbo,supermarket,"milk
bread
cheese
sour cream
cream cheese
water
soda
coffee
tea
juice
wine
beer
cracker
chip
guacamole
brownie
cookie
cupcake
cake
cloth
book
magazine
newspaper
ice
ice tray
paper
paper plate
paper bowl
paper cup
cup
backpack
necklace
bracelet
chair
television
charger
battery
headphone
movie
game
toy
food
watermelon
apple
deli
meat
pasta
noodle
bean
beef
canned food
green bean
asparagus
carrot
chocolate
candy
lollipop",flower,1.0,gum,,False,True,0,,iterative,14128817531807554000,sucker,False
01K4DTV0XBHFZFS1RQEEAKV1XM-supermarket,59,meta-llama/Llama-3.3-70B-Instruct-Turbo,supermarket,"milk
bread
cheese
sour cream
cream cheese
water
soda
coffee
tea
juice
wine
beer
cracker
chip
guacamole
brownie
cookie
cupcake
cake
cloth
book
magazine
newspaper
ice
ice tray
paper
paper plate
paper bowl
paper cup
cup
backpack
necklace
bracelet
chair
television
charger
battery
headphone
movie
game
toy
food
watermelon
apple
deli
meat
pasta
noodle
bean
beef
canned food
green bean
asparagus
carrot
chocolate
candy
lollipop
flower",stuffedanimal,1.0,balloon,,False,True,0,,iterative,9477288301348035000,plant,False
01K4DTV0XBHFZFS1RQEEAKV1XM-supermarket,60,meta-llama/Llama-3.3-70B-Instruct-Turbo,supermarket,"milk
bread
cheese
sour cream
cream cheese
water
soda
coffee
tea
juice
wine
beer
cracker
chip
guacamole
brownie
cookie
cupcake
cake
cloth
book
magazine
newspaper
ice
ice tray
paper
paper plate
paper bowl
paper cup
cup
backpack
necklace
bracelet
chair
television
charger
battery
headphone
movie
game
toy
food
watermelon
apple
deli
meat
pasta
noodle
bean
beef
canned food
green bean
asparagus
carrot
chocolate
candy
lollipop
flower
stuffed animal",salad,1.0,teddybear,,False,True,0,,iterative,18189296625535220000,teddy bear,False
01K4DTV0XBHFZFS1RQEEAKV1XM-supermarket,61,meta-llama/Llama-3.3-70B-Instruct-Turbo,supermarket,"milk
bread
cheese
sour cream
cream cheese
water
soda
coffee
tea
juice
wine
beer
cracker
chip
guacamole
brownie
cookie
cupcake
cake
cloth
book
magazine
newspaper
ice
ice tray
paper
paper plate
paper bowl
paper cup
cup
backpack
necklace
bracelet
chair
television
charger
battery
headphone
movie
game
toy
food
watermelon
apple
deli
meat
pasta
noodle
bean
beef
canned food
green bean
asparagus
carrot
chocolate
candy
lollipop
flower
stuffed animal
salad",whippedcream,0.0,dressing,,False,True,0,,iterative,5602952770895233000,lettuce,False
01K4DTV0XBHFZFS1RQEEAKV1XM-supermarket,62,meta-llama/Llama-3.3-70B-Instruct-Turbo,supermarket,"milk
bread
cheese
sour cream
cream cheese
water
soda
coffee
tea
juice
wine
beer
cracker
chip
guacamole
brownie
cookie
cupcake
cake
cloth
book
magazine
newspaper
ice
ice tray
paper
paper plate
paper bowl
paper cup
cup
backpack
necklace
bracelet
chair
television
charger
battery
headphone
movie
game
toy
food
watermelon
apple
deli
meat
pasta
noodle
bean
beef
canned food
green bean
asparagus
carrot
chocolate
candy
lollipop
flower
stuffed animal
salad
whipped cream",chicken,0.0,strawberry,,False,True,0,,iterative,11873549038074500000,strawberry,False
01K4DTV0XBHFZFS1RQEEAKV1XM-supermarket,63,meta-llama/Llama-3.3-70B-Instruct-Turbo,supermarket,"milk
bread
cheese
sour cream
cream cheese
water
soda
coffee
tea
juice
wine
beer
cracker
chip
guacamole
brownie
cookie
cupcake
cake
cloth
book
magazine
newspaper
ice
ice tray
paper
paper plate
paper bowl
paper cup
cup
backpack
necklace
bracelet
chair
television
charger
battery
headphone
movie
game
toy
food
watermelon
apple
deli
meat
pasta
noodle
bean
beef
canned food
green bean
asparagus
carrot
chocolate
candy
lollipop
flower
stuffed animal
salad
whipped cream
chicken",pan,1.0,turkey,,False,True,0,,iterative,18232151413949694000,duck,False
01K4DTVJ4K6HVQ4RBT7J6Z12MC-supermarket,2,meta-llama/Llama-3.3-70B-Instruct-Turbo,supermarket,bean,banana,1.0,rice,,False,True,0,,iterative,14982519369825230000,rice,False
01K4DTVJ4K6HVQ4RBT7J6Z12MC-supermarket,3,meta-llama/Llama-3.3-70B-Instruct-Turbo,supermarket,"bean
banana",egg,1.0,apple,,False,True,0,,iterative,361914572977962300,bread,False
01K4DTVJ4K6HVQ4RBT7J6Z12MC-supermarket,4,meta-llama/Llama-3.3-70B-Instruct-Turbo,supermarket,"bean
banana
egg",bread,0.0,orange,,False,True,0,,iterative,11299137109279275000,milk,False
01K4DTVJ4K6HVQ4RBT7J6Z12MC-supermarket,5,meta-llama/Llama-3.3-70B-Instruct-Turbo,supermarket,"bean
banana
egg
bread",milk,0.0,butter,,False,True,0,,iterative,4539652226092018700,milk,True
01K4DTVJ4K6HVQ4RBT7J6Z12MC-supermarket,6,meta-llama/Llama-3.3-70B-Instruct-Turbo,supermarket,"bean
banana
egg
bread
milk",sausage,1.0,butter,,False,True,0,,iterative,17321280633969504000,cereal,False
01K4DTVJ4K6HVQ4RBT7J6Z12MC-supermarket,7,meta-llama/Llama-3.3-70B-Instruct-Turbo,supermarket,"bean
banana
egg
bread
milk
sausage",grape,1.0,cheese,,False,True,0,,iterative,3045232068611915000,potato,False
01K4DTVJ4K6HVQ4RBT7J6Z12MC-supermarket,8,meta-llama/Llama-3.3-70B-Instruct-Turbo,supermarket,"bean
banana
egg
bread
milk
sausage
grape",chicken,1.0,cheese,,False,True,0,,iterative,2509961742236107000,bun,False
01K4DTVJ4K6HVQ4RBT7J6Z12MC-supermarket,9,meta-llama/Llama-3.3-70B-Instruct-Turbo,supermarket,"bean
banana
egg
bread
milk
sausage
grape
chicken",beef,0.0,cheese,,False,True,0,,iterative,7606734274844576000,spice,False
01K4DTVJ4K6HVQ4RBT7J6Z12MC-supermarket,10,meta-llama/Llama-3.3-70B-Instruct-Turbo,supermarket,"bean
banana
egg
bread
milk
sausage
grape
chicken
beef",mince,0.0,pork,,False,True,0,,iterative,17791752662242000000,pork,False
01K4DTVJ4K6HVQ4RBT7J6Z12MC-supermarket,11,meta-llama/Llama-3.3-70B-Instruct-Turbo,supermarket,"bean
banana
egg
bread
milk
sausage
grape
chicken
beef
mince",lamb,0.0,pork,,False,True,0,,iterative,15909034360560796000,pork,False
01K4DTVJ4K6HVQ4RBT7J6Z12MC-supermarket,12,meta-llama/Llama-3.3-70B-Instruct-Turbo,supermarket,"bean
banana
egg
bread
milk
sausage
grape
chicken
beef
mince
lamb",rice,1.0,pork,,False,True,0,,iterative,2233052287991639300,pork,False
01K4DTVJ4K6HVQ4RBT7J6Z12MC-supermarket,13,meta-llama/Llama-3.3-70B-Instruct-Turbo,supermarket,"bean
banana
egg
bread
milk
sausage
grape
chicken
beef
mince
lamb
rice",pasta,0.0,pork,,False,True,0,,iterative,9769204605052324000,cheese,False
01K4DTVJ4K6HVQ4RBT7J6Z12MC-supermarket,14,meta-llama/Llama-3.3-70B-Instruct-Turbo,supermarket,"bean
banana
egg
bread
milk
sausage
grape
chicken
beef
mince
lamb
rice
pasta",pastasauce,0.0,tomatosauce,,False,True,0,,iterative,17241349301666310000,sauce,False
01K4DTVJ4K6HVQ4RBT7J6Z12MC-supermarket,15,meta-llama/Llama-3.3-70B-Instruct-Turbo,supermarket,"bean
banana
egg
bread
milk
sausage
grape
chicken
beef
mince
lamb
rice
pasta
pasta sauce",noodle,0.0,parmesancheese,,False,True,0,,iterative,11272313478687291000,french bread,False
01K4DTVJ4K6HVQ4RBT7J6Z12MC-supermarket,16,meta-llama/Llama-3.3-70B-Instruct-Turbo,supermarket,"bean
banana
egg
bread
milk
sausage
grape
chicken
beef
mince
lamb
rice
pasta
pasta sauce
noodle",cracker,1.0,cheese,,False,True,0,,iterative,956410378726994700,butter,False
01K4DTVJ4K6HVQ4RBT7J6Z12MC-supermarket,17,meta-llama/Llama-3.3-70B-Instruct-Turbo,supermarket,"bean
banana
egg
bread
milk
sausage
grape
chicken
beef
mince
lamb
rice
pasta
pasta sauce
noodle
cracker",potato,1.0,cheese,,False,True,0,,iterative,16609074425605954000,cheese,False
01K4DTVJ4K6HVQ4RBT7J6Z12MC-supermarket,18,meta-llama/Llama-3.3-70B-Instruct-Turbo,supermarket,"bean
banana
egg
bread
milk
sausage
grape
chicken
beef
mince
lamb
rice
pasta
pasta sauce
noodle
cracker
potato",chickennugget,1.0,onion,,False,True,0,,iterative,6011865968233159000,cheese,False
01K4DTVJ4K6HVQ4RBT7J6Z12MC-supermarket,19,meta-llama/Llama-3.3-70B-Instruct-Turbo,supermarket,"bean
banana
egg
bread
milk
sausage
grape
chicken
beef
mince
lamb
rice
pasta
pasta sauce
noodle
cracker
potato
chicken nugget",pineapple,1.0,fries,,False,True,0,,iterative,17526595653493015000,cheese,False
01K4DTVJ4K6HVQ4RBT7J6Z12MC-supermarket,20,meta-llama/Llama-3.3-70B-Instruct-Turbo,supermarket,"bean
banana
egg
bread
milk
sausage
grape
chicken
beef
mince
lamb
rice
pasta
pasta sauce
noodle
cracker
potato
chicken nugget
pineapple",carrot,0.0,orange,,False,True,0,,iterative,14622872494314496000,cheese,False
01K4DTVJ4K6HVQ4RBT7J6Z12MC-supermarket,21,meta-llama/Llama-3.3-70B-Instruct-Turbo,supermarket,"bean
banana
egg
bread
milk
sausage
grape
chicken
beef
mince
lamb
rice
pasta
pasta sauce
noodle
cracker
potato
chicken nugget
pineapple
carrot",pea,0.0,broccoli,,False,True,0,,iterative,2177946745780765200,bean,False
01K4DTVJ4K6HVQ4RBT7J6Z12MC-supermarket,22,meta-llama/Llama-3.3-70B-Instruct-Turbo,supermarket,"bean
banana
egg
bread
milk
sausage
grape
chicken
beef
mince
lamb
rice
pasta
pasta sauce
noodle
cracker
potato
chicken nugget
pineapple
carrot
pea",corn,0.0,broccoli,,False,True,0,,iterative,1564731973195614700,bean,False
01K4DTVJ4K6HVQ4RBT7J6Z12MC-supermarket,23,meta-llama/Llama-3.3-70B-Instruct-Turbo,supermarket,"bean
banana
egg
bread
milk
sausage
grape
chicken
beef
mince
lamb
rice
pasta
pasta sauce
noodle
cracker
potato
chicken nugget
pineapple
carrot
pea
corn",leek,0.0,broccoli,,False,True,0,,iterative,13820406440218186000,bean,False
01K4DTVJ4K6HVQ4RBT7J6Z12MC-supermarket,24,meta-llama/Llama-3.3-70B-Instruct-Turbo,supermarket,"bean
banana
egg
bread
milk
sausage
grape
chicken
beef
mince
lamb
rice
pasta
pasta sauce
noodle
cracker
potato
chicken nugget
pineapple
carrot
pea
corn
leek",burger,1.0,onion,,False,True,0,,iterative,5622092576125211000,squash,False
01K4DTVJ4K6HVQ4RBT7J6Z12MC-supermarket,25,meta-llama/Llama-3.3-70B-Instruct-Turbo,supermarket,"bean
banana
egg
bread
milk
sausage
grape
chicken
beef
mince
lamb
rice
pasta
pasta sauce
noodle
cracker
potato
chicken nugget
pineapple
carrot
pea
corn
leek
burger",tomato,1.0,onion,,False,True,0,,iterative,3967745823033904600,bun,False
01K4DTVJ4K6HVQ4RBT7J6Z12MC-supermarket,26,meta-llama/Llama-3.3-70B-Instruct-Turbo,supermarket,"bean
banana
egg
bread
milk
sausage
grape
chicken
beef
mince
lamb
rice
pasta
pasta sauce
noodle
cracker
potato
chicken nugget
pineapple
carrot
pea
corn
leek
burger
tomato",butter,1.0,onion,,False,True,0,,iterative,13195709599339900000,lettuce,False
01K4DTVJ4K6HVQ4RBT7J6Z12MC-supermarket,27,meta-llama/Llama-3.3-70B-Instruct-Turbo,supermarket,"bean
banana
egg
bread
milk
sausage
grape
chicken
beef
mince
lamb
rice
pasta
pasta sauce
noodle
cracker
potato
chicken nugget
pineapple
carrot
pea
corn
leek
burger
tomato
butter",cheese,0.0,cheese,,True,True,0,,iterative,10585428625867794000,cheese,True
01K4DTVJ4K6HVQ4RBT7J6Z12MC-supermarket,28,meta-llama/Llama-3.3-70B-Instruct-Turbo,supermarket,"bean
banana
egg
bread
milk
sausage
grape
chicken
beef
mince
lamb
rice
pasta
pasta sauce
noodle
cracker
potato
chicken nugget
pineapple
carrot
pea
corn
leek
burger
tomato
butter
cheese",orangejuice,1.0,onion,,False,True,0,,iterative,12512212120231148000,ketchup,False
01K4DTVJ4K6HVQ4RBT7J6Z12MC-supermarket,29,meta-llama/Llama-3.3-70B-Instruct-Turbo,supermarket,"bean
banana
egg
bread
milk
sausage
grape
chicken
beef
mince
lamb
rice
pasta
pasta sauce
noodle
cracker
potato
chicken nugget
pineapple
carrot
pea
corn
leek
burger
tomato
butter
cheese
orange juice",bagel,1.0,yogurt,,False,True,0,,iterative,13996795642722589000,ice cream,False
01K4DTW4FZ8ECHPXPNH0NAQX0C-supermarket,2,meta-llama/Llama-3.3-70B-Instruct-Turbo,supermarket,cornflake,bread,1.0,milk,,False,True,0,,iterative,1323919543541657000,cereal,False
01K4DTW4FZ8ECHPXPNH0NAQX0C-supermarket,3,meta-llama/Llama-3.3-70B-Instruct-Turbo,supermarket,"cornflake
bread",toiletroll,1.0,milk,,False,True,0,,iterative,17963801537410044000,sandwich,False
01K4DTW4FZ8ECHPXPNH0NAQX0C-supermarket,4,meta-llama/Llama-3.3-70B-Instruct-Turbo,supermarket,"cornflake
bread
toilet roll",milk,1.0,milk,,True,True,0,,iterative,207257649504846400,paper towel,False
01K4DTW4FZ8ECHPXPNH0NAQX0C-supermarket,5,meta-llama/Llama-3.3-70B-Instruct-Turbo,supermarket,"cornflake
bread
toilet roll
milk",egg,0.0,butter,,False,True,0,,iterative,18160765433464652000,yogurt,False
01K4DTW4FZ8ECHPXPNH0NAQX0C-supermarket,6,meta-llama/Llama-3.3-70B-Instruct-Turbo,supermarket,"cornflake
bread
toilet roll
milk
egg",bakedbean,1.0,butter,,False,True,0,,iterative,5237684588697090000,cheese,False
01K4DTW4FZ8ECHPXPNH0NAQX0C-supermarket,7,meta-llama/Llama-3.3-70B-Instruct-Turbo,supermarket,"cornflake
bread
toilet roll
milk
egg
baked bean",yoghurt,1.0,sausage,,False,True,0,,iterative,8570031630034374000,cracker,False
01K4DTW4FZ8ECHPXPNH0NAQX0C-supermarket,8,meta-llama/Llama-3.3-70B-Instruct-Turbo,supermarket,"cornflake
bread
toilet roll
milk
egg
baked bean
yoghurt",butter,0.0,cheese,,False,True,0,,iterative,6643105056363628000,banana,False
01K4DTW4FZ8ECHPXPNH0NAQX0C-supermarket,9,meta-llama/Llama-3.3-70B-Instruct-Turbo,supermarket,"cornflake
bread
toilet roll
milk
egg
baked bean
yoghurt
butter",cheese,0.0,cheese,,True,True,0,,iterative,3614394329037589000,cooking oil,False
01K4DTW4FZ8ECHPXPNH0NAQX0C-supermarket,10,meta-llama/Llama-3.3-70B-Instruct-Turbo,supermarket,"cornflake
bread
toilet roll
milk
egg
baked bean
yoghurt
butter
cheese",beef,1.0,ham,,False,True,0,,iterative,17098960394895108000,onion,False
01K4DTW4FZ8ECHPXPNH0NAQX0C-supermarket,11,meta-llama/Llama-3.3-70B-Instruct-Turbo,supermarket,"cornflake
bread
toilet roll
milk
egg
baked bean
yoghurt
butter
cheese
beef",chicken,0.0,chicken,,True,True,0,,iterative,9965487871068625000,chicken,True
01K4DTW4FZ8ECHPXPNH0NAQX0C-supermarket,12,meta-llama/Llama-3.3-70B-Instruct-Turbo,supermarket,"cornflake
bread
toilet roll
milk
egg
baked bean
yoghurt
butter
cheese
beef
chicken",salmon,1.0,pork,,False,True,0,,iterative,12026718042740079000,steak,False
01K4DTW4FZ8ECHPXPNH0NAQX0C-supermarket,13,meta-llama/Llama-3.3-70B-Instruct-Turbo,supermarket,"cornflake
bread
toilet roll
milk
egg
baked bean
yoghurt
butter
cheese
beef
chicken
salmon",trout,0.0,shrimp,,False,True,0,,iterative,6155391407858731000,shrimp,False
01K4DTW4FZ8ECHPXPNH0NAQX0C-supermarket,14,meta-llama/Llama-3.3-70B-Instruct-Turbo,supermarket,"cornflake
bread
toilet roll
milk
egg
baked bean
yoghurt
butter
cheese
beef
chicken
salmon
trout",kipper,0.0,shrimp,,False,True,0,,iterative,12036365145873530000,shrimp,False
01K4DTW4FZ8ECHPXPNH0NAQX0C-supermarket,15,meta-llama/Llama-3.3-70B-Instruct-Turbo,supermarket,"cornflake
bread
toilet roll
milk
egg
baked bean
yoghurt
butter
cheese
beef
chicken
salmon
trout
kipper",mackerel,0.0,herring,,False,True,0,,iterative,4406400623841063000,tuna,False
01K4DTW4FZ8ECHPXPNH0NAQX0C-supermarket,16,meta-llama/Llama-3.3-70B-Instruct-Turbo,supermarket,"cornflake
bread
toilet roll
milk
egg
baked bean
yoghurt
butter
cheese
beef
chicken
salmon
trout
kipper
mackerel",biscuit,1.0,herring,,False,True,0,,iterative,4839052794753621000,shrimp,False
01K4DTW4FZ8ECHPXPNH0NAQX0C-supermarket,17,meta-llama/Llama-3.3-70B-Instruct-Turbo,supermarket,"cornflake
bread
toilet roll
milk
egg
baked bean
yoghurt
butter
cheese
beef
chicken
salmon
trout
kipper
mackerel
biscuit",oat,0.0,scone,,False,True,0,,iterative,2741314784931529700,bread,False
01K4DTW4FZ8ECHPXPNH0NAQX0C-supermarket,18,meta-llama/Llama-3.3-70B-Instruct-Turbo,supermarket,"cornflake
bread
toilet roll
milk
egg
baked bean
yoghurt
butter
cheese
beef
chicken
salmon
trout
kipper
mackerel
biscuit
oat",flour,0.0,porridge,,False,True,0,,iterative,9085440115450171000,wheat,False
01K4DTW4FZ8ECHPXPNH0NAQX0C-supermarket,19,meta-llama/Llama-3.3-70B-Instruct-Turbo,supermarket,"cornflake
bread
toilet roll
milk
egg
baked bean
yoghurt
butter
cheese
beef
chicken
salmon
trout
kipper
mackerel
biscuit
oat
flour",celery,1.0,sugar,,False,True,0,,iterative,4278636376606866400,sugar,False
01K4DTW4FZ8ECHPXPNH0NAQX0C-supermarket,20,meta-llama/Llama-3.3-70B-Instruct-Turbo,supermarket,"cornflake
bread
toilet roll
milk
egg
baked bean
yoghurt
butter
cheese
beef
chicken
salmon
trout
kipper
mackerel
biscuit
oat
flour
celery",cabbage,0.0,carrot,,False,True,0,,iterative,12349501196159283000,lettuce,False
01K4DTW4FZ8ECHPXPNH0NAQX0C-supermarket,21,meta-llama/Llama-3.3-70B-Instruct-Turbo,supermarket,"cornflake
bread
toilet roll
milk
egg
baked bean
yoghurt
butter
cheese
beef
chicken
salmon
trout
kipper
mackerel
biscuit
oat
flour
celery
cabbage",artichoke,0.0,carrot,,False,True,0,,iterative,14915465117770396000,lettuce,False
01K4DTW4FZ8ECHPXPNH0NAQX0C-supermarket,22,meta-llama/Llama-3.3-70B-Instruct-Turbo,supermarket,"cornflake
bread
toilet roll
milk
egg
baked bean
yoghurt
butter
cheese
beef
chicken
salmon
trout
kipper
mackerel
biscuit
oat
flour
celery
cabbage
artichoke",banana,1.0,asparagus,,False,True,0,,iterative,16299960465104833000,beet,False
01K4DTW4FZ8ECHPXPNH0NAQX0C-supermarket,23,meta-llama/Llama-3.3-70B-Instruct-Turbo,supermarket,"cornflake
bread
toilet roll
milk
egg
baked bean
yoghurt
butter
cheese
beef
chicken
salmon
trout
kipper
mackerel
biscuit
oat
flour
celery
cabbage
artichoke
banana",apple,0.0,apple,,True,True,0,,iterative,6658169543658513000,apple,True
01K4DTW4FZ8ECHPXPNH0NAQX0C-supermarket,24,meta-llama/Llama-3.3-70B-Instruct-Turbo,supermarket,"cornflake
bread
toilet roll
milk
egg
baked bean
yoghurt
butter
cheese
beef
chicken
salmon
trout
kipper
mackerel
biscuit
oat
flour
celery
cabbage
artichoke
banana
apple",cucumber,1.0,orange,,False,True,0,,iterative,14261010067486657000,orange,False
01K4DTW4FZ8ECHPXPNH0NAQX0C-supermarket,25,meta-llama/Llama-3.3-70B-Instruct-Turbo,supermarket,"cornflake
bread
toilet roll
milk
egg
baked bean
yoghurt
butter
cheese
beef
chicken
salmon
trout
kipper
mackerel
biscuit
oat
flour
celery
cabbage
artichoke
banana
apple
cucumber",tomato,0.0,pear,,False,True,0,,iterative,5582314567003618000,lemon,False
01K4DTW4FZ8ECHPXPNH0NAQX0C-supermarket,26,meta-llama/Llama-3.3-70B-Instruct-Turbo,supermarket,"cornflake
bread
toilet roll
milk
egg
baked bean
yoghurt
butter
cheese
beef
chicken
salmon
trout
kipper
mackerel
biscuit
oat
flour
celery
cabbage
artichoke
banana
apple
cucumber
tomato",bean,0.0,onion,,False,True,0,,iterative,3286772414763790300,onion,False
01K4DTW4FZ8ECHPXPNH0NAQX0C-supermarket,27,meta-llama/Llama-3.3-70B-Instruct-Turbo,supermarket,"cornflake
bread
toilet roll
milk
egg
baked bean
yoghurt
butter
cheese
beef
chicken
salmon
trout
kipper
mackerel
biscuit
oat
flour
celery
cabbage
artichoke
banana
apple
cucumber
tomato
bean",grape,1.0,pepper,,False,True,0,,iterative,5624020757020048000,tortilla,False
01K4DTW4FZ8ECHPXPNH0NAQX0C-supermarket,28,meta-llama/Llama-3.3-70B-Instruct-Turbo,supermarket,"cornflake
bread
toilet roll
milk
egg
baked bean
yoghurt
butter
cheese
beef
chicken
salmon
trout
kipper
mackerel
biscuit
oat
flour
celery
cabbage
artichoke
banana
apple
cucumber
tomato
bean
grape",satsuma,0.0,pear,,False,True,0,,iterative,18189902321307089000,strawberry,False
01K4DTW4FZ8ECHPXPNH0NAQX0C-supermarket,29,meta-llama/Llama-3.3-70B-Instruct-Turbo,supermarket,"cornflake
bread
toilet roll
milk
egg
baked bean
yoghurt
butter
cheese
beef
chicken
salmon
trout
kipper
mackerel
biscuit
oat
flour
celery
cabbage
artichoke
banana
apple
cucumber
tomato
bean
grape
satsuma",orange,0.0,orange,,True,True,0,,iterative,4686702825769359000,mango,False
01K4DTW4FZ8ECHPXPNH0NAQX0C-supermarket,30,meta-llama/Llama-3.3-70B-Instruct-Turbo,supermarket,"cornflake
bread
toilet roll
milk
egg
baked bean
yoghurt
butter
cheese
beef
chicken
salmon
trout
kipper
mackerel
biscuit
oat
flour
celery
cabbage
artichoke
banana
apple
cucumber
tomato
bean
grape
satsuma
orange",melon,0.0,lemon,,False,True,0,,iterative,3445857230756145700,apple,False
01K4DTW4FZ8ECHPXPNH0NAQX0C-supermarket,31,meta-llama/Llama-3.3-70B-Instruct-Turbo,supermarket,"cornflake
bread
toilet roll
milk
egg
baked bean
yoghurt
butter
cheese
beef
chicken
salmon
trout
kipper
mackerel
biscuit
oat
flour
celery
cabbage
artichoke
banana
apple
cucumber
tomato
bean
grape
satsuma
orange
melon",lemon,0.0,pear,,False,True,0,,iterative,12359853198496883000,grapefruit,False
01K4DTW4FZ8ECHPXPNH0NAQX0C-supermarket,32,meta-llama/Llama-3.3-70B-Instruct-Turbo,supermarket,"cornflake
bread
toilet roll
milk
egg
baked bean
yoghurt
butter
cheese
beef
chicken
salmon
trout
kipper
mackerel
biscuit
oat
flour
celery
cabbage
artichoke
banana
apple
cucumber
tomato
bean
grape
satsuma
orange
melon
lemon",lime,0.0,lime,,True,True,0,,iterative,13712837239173984000,lime,True
01K4DTW4FZ8ECHPXPNH0NAQX0C-supermarket,33,meta-llama/Llama-3.3-70B-Instruct-Turbo,supermarket,"cornflake
bread
toilet roll
milk
egg
baked bean
yoghurt
butter
cheese
beef
chicken
salmon
trout
kipper
mackerel
biscuit
oat
flour
celery
cabbage
artichoke
banana
apple
cucumber
tomato
bean
grape
satsuma
orange
melon
lemon
lime",fishfinger,1.0,peach,,False,True,0,,iterative,9405302288329302000,onion,False
01K4DTW4FZ8ECHPXPNH0NAQX0C-supermarket,34,meta-llama/Llama-3.3-70B-Instruct-Turbo,supermarket,"cornflake
bread
toilet roll
milk
egg
baked bean
yoghurt
butter
cheese
beef
chicken
salmon
trout
kipper
mackerel
biscuit
oat
flour
celery
cabbage
artichoke
banana
apple
cucumber
tomato
bean
grape
satsuma
orange
melon
lemon
lime
fish finger",newspaper,1.0,peas,,False,True,0,,iterative,16837494068694344000,chicken finger,False
01K4DTW4FZ8ECHPXPNH0NAQX0C-supermarket,35,meta-llama/Llama-3.3-70B-Instruct-Turbo,supermarket,"cornflake
bread
toilet roll
milk
egg
baked bean
yoghurt
butter
cheese
beef
chicken
salmon
trout
kipper
mackerel
biscuit
oat
flour
celery
cabbage
artichoke
banana
apple
cucumber
tomato
bean
grape
satsuma
orange
melon
lemon
lime
fish finger
newspaper",tissue,1.0,mushroom,,False,True,0,,iterative,16454203269926120000,magazine,False
01K4DTW4FZ8ECHPXPNH0NAQX0C-supermarket,36,meta-llama/Llama-3.3-70B-Instruct-Turbo,supermarket,"cornflake
bread
toilet roll
milk
egg
baked bean
yoghurt
butter
cheese
beef
chicken
salmon
trout
kipper
mackerel
biscuit
oat
flour
celery
cabbage
artichoke
banana
apple
cucumber
tomato
bean
grape
satsuma
orange
melon
lemon
lime
fish finger
newspaper
tissue",bleach,1.0,shampoo,,False,True,0,,iterative,16595945281923246000,paper towel,False
01K4DTW4FZ8ECHPXPNH0NAQX0C-supermarket,37,meta-llama/Llama-3.3-70B-Instruct-Turbo,supermarket,"cornflake
bread
toilet roll
milk
egg
baked bean
yoghurt
butter
cheese
beef
chicken
salmon
trout
kipper
mackerel
biscuit
oat
flour
celery
cabbage
artichoke
banana
apple
cucumber
tomato
bean
grape
satsuma
orange
melon
lemon
lime
fish finger
newspaper
tissue
bleach",aspirin,1.0,dishwashertablets,,False,True,0,,iterative,5801542893523302000,dish soap,False
01K4DTW4FZ8ECHPXPNH0NAQX0C-supermarket,38,meta-llama/Llama-3.3-70B-Instruct-Turbo,supermarket,"cornflake
bread
toilet roll
milk
egg
baked bean
yoghurt
butter
cheese
beef
chicken
salmon
trout
kipper
mackerel
biscuit
oat
flour
celery
cabbage
artichoke
banana
apple
cucumber
tomato
bean
grape
satsuma
orange
melon
lemon
lime
fish finger
newspaper
tissue
bleach
aspirin",clementine,1.0,paracetamol,,False,True,0,,iterative,14876699846458840000,water,False
01K4DTW4FZ8ECHPXPNH0NAQX0C-supermarket,39,meta-llama/Llama-3.3-70B-Instruct-Turbo,supermarket,"cornflake
bread
toilet roll
milk
egg
baked bean
yoghurt
butter
cheese
beef
chicken
salmon
trout
kipper
mackerel
biscuit
oat
flour
celery
cabbage
artichoke
banana
apple
cucumber
tomato
bean
grape
satsuma
orange
melon
lemon
lime
fish finger
newspaper
tissue
bleach
aspirin
clementine",courgette,1.0,toothpaste,,False,True,0,,iterative,17385916914563275000,tea,False
01K4DTW4FZ8ECHPXPNH0NAQX0C-supermarket,40,meta-llama/Llama-3.3-70B-Instruct-Turbo,supermarket,"cornflake
bread
toilet roll
milk
egg
baked bean
yoghurt
butter
cheese
beef
chicken
salmon
trout
kipper
mackerel
biscuit
oat
flour
celery
cabbage
artichoke
banana
apple
cucumber
tomato
bean
grape
satsuma
orange
melon
lemon
lime
fish finger
newspaper
tissue
bleach
aspirin
clementine
courgette",chili,1.0,carrot,,False,True,0,,iterative,9504991703450372000,turmeric,False
01K4DTW4FZ8ECHPXPNH0NAQX0C-supermarket,41,meta-llama/Llama-3.3-70B-Instruct-Turbo,supermarket,"cornflake
bread
toilet roll
milk
egg
baked bean
yoghurt
butter
cheese
beef
chicken
salmon
trout
kipper
mackerel
biscuit
oat
flour
celery
cabbage
artichoke
banana
apple
cucumber
tomato
bean
grape
satsuma
orange
melon
lemon
lime
fish finger
newspaper
tissue
bleach
aspirin
clementine
courgette
chili",garlic,0.0,pepper,,False,True,0,,iterative,4038985859746946000,herb,False
01K4DTW4FZ8ECHPXPNH0NAQX0C-supermarket,42,meta-llama/Llama-3.3-70B-Instruct-Turbo,supermarket,"cornflake
bread
toilet roll
milk
egg
baked bean
yoghurt
butter
cheese
beef
chicken
salmon
trout
kipper
mackerel
biscuit
oat
flour
celery
cabbage
artichoke
banana
apple
cucumber
tomato
bean
grape
satsuma
orange
melon
lemon
lime
fish finger
newspaper
tissue
bleach
aspirin
clementine
courgette
chili
garlic",coriander,0.0,onion,,False,True,0,,iterative,6908291592218134000,pepper,False
01K4DTW4FZ8ECHPXPNH0NAQX0C-supermarket,43,meta-llama/Llama-3.3-70B-Instruct-Turbo,supermarket,"cornflake
bread
toilet roll
milk
egg
baked bean
yoghurt
butter
cheese
beef
chicken
salmon
trout
kipper
mackerel
biscuit
oat
flour
celery
cabbage
artichoke
banana
apple
cucumber
tomato
bean
grape
satsuma
orange
melon
lemon
lime
fish finger
newspaper
tissue
bleach
aspirin
clementine
courgette
chili
garlic
coriander",cumin,0.0,turmeric,,False,True,0,,iterative,5728345479592907000,pepper,False
01K4DTW4FZ8ECHPXPNH0NAQX0C-supermarket,44,meta-llama/Llama-3.3-70B-Instruct-Turbo,supermarket,"cornflake
bread
toilet roll
milk
egg
baked bean
yoghurt
butter
cheese
beef
chicken
salmon
trout
kipper
mackerel
biscuit
oat
flour
celery
cabbage
artichoke
banana
apple
cucumber
tomato
bean
grape
satsuma
orange
melon
lemon
lime
fish finger
newspaper
tissue
bleach
aspirin
clementine
courgette
chili
garlic
coriander
cumin",salt,0.0,turmeric,,False,True,0,,iterative,14333846516517675000,salt,True
01K4DTW4FZ8ECHPXPNH0NAQX0C-supermarket,45,meta-llama/Llama-3.3-70B-Instruct-Turbo,supermarket,"cornflake
bread
toilet roll
milk
egg
baked bean
yoghurt
butter
cheese
beef
chicken
salmon
trout
kipper
mackerel
biscuit
oat
flour
celery
cabbage
artichoke
banana
apple
cucumber
tomato
bean
grape
satsuma
orange
melon
lemon
lime
fish finger
newspaper
tissue
bleach
aspirin
clementine
courgette
chili
garlic
coriander
cumin
salt",pepper,0.0,pepper,,True,True,0,,iterative,12190680068808899000,pepper,True
01K4DTW4FZ8ECHPXPNH0NAQX0C-supermarket,46,meta-llama/Llama-3.3-70B-Instruct-Turbo,supermarket,"cornflake
bread
toilet roll
milk
egg
baked bean
yoghurt
butter
cheese
beef
chicken
salmon
trout
kipper
mackerel
biscuit
oat
flour
celery
cabbage
artichoke
banana
apple
cucumber
tomato
bean
grape
satsuma
orange
melon
lemon
lime
fish finger
newspaper
tissue
bleach
aspirin
clementine
courgette
chili
garlic
coriander
cumin
salt
pepper",bovril,1.0,paprika,,False,True,0,,iterative,11742954774250473000,rosemary,False
01K4DTW4FZ8ECHPXPNH0NAQX0C-supermarket,47,meta-llama/Llama-3.3-70B-Instruct-Turbo,supermarket,"cornflake
bread
toilet roll
milk
egg
baked bean
yoghurt
butter
cheese
beef
chicken
salmon
trout
kipper
mackerel
biscuit
oat
flour
celery
cabbage
artichoke
banana
apple
cucumber
tomato
bean
grape
satsuma
orange
melon
lemon
lime
fish finger
newspaper
tissue
bleach
aspirin
clementine
courgette
chili
garlic
coriander
cumin
salt
pepper
bovril",marmite,0.0,marmite,,True,True,0,,iterative,13148122118460455000,herb,False
01K4DTW4FZ8ECHPXPNH0NAQX0C-supermarket,48,meta-llama/Llama-3.3-70B-Instruct-Turbo,supermarket,"cornflake
bread
toilet roll
milk
egg
baked bean
yoghurt
butter
cheese
beef
chicken
salmon
trout
kipper
mackerel
biscuit
oat
flour
celery
cabbage
artichoke
banana
apple
cucumber
tomato
bean
grape
satsuma
orange
melon
lemon
lime
fish finger
newspaper
tissue
bleach
aspirin
clementine
courgette
chili
garlic
coriander
cumin
salt
pepper
bovril
marmite",peanutbutter,0.0,tea,,False,True,0,,iterative,4485692312500555300,nutmeg,False
01K4DTW4FZ8ECHPXPNH0NAQX0C-supermarket,49,meta-llama/Llama-3.3-70B-Instruct-Turbo,supermarket,"cornflake
bread
toilet roll
milk
egg
baked bean
yoghurt
butter
cheese
beef
chicken
salmon
trout
kipper
mackerel
biscuit
oat
flour
celery
cabbage
artichoke
banana
apple
cucumber
tomato
bean
grape
satsuma
orange
melon
lemon
lime
fish finger
newspaper
tissue
bleach
aspirin
clementine
courgette
chili
garlic
coriander
cumin
salt
pepper
bovril
marmite
peanut butter",binbag,1.0,jam,,False,True,0,,iterative,8123854338412177000,jelly,False
01K4DTW4FZ8ECHPXPNH0NAQX0C-supermarket,50,meta-llama/Llama-3.3-70B-Instruct-Turbo,supermarket,"cornflake
bread
toilet roll
milk
egg
baked bean
yoghurt
butter
cheese
beef
chicken
salmon
trout
kipper
mackerel
biscuit
oat
flour
celery
cabbage
artichoke
banana
apple
cucumber
tomato
bean
grape
satsuma
orange
melon
lemon
lime
fish finger
newspaper
tissue
bleach
aspirin
clementine
courgette
chili
garlic
coriander
cumin
salt
pepper
bovril
marmite
peanut butter
bin bag",washingupliquid,0.0,jam,,False,True,0,,iterative,12470179100278321000,plastic bag,False
01K4DTW4FZ8ECHPXPNH0NAQX0C-supermarket,51,meta-llama/Llama-3.3-70B-Instruct-Turbo,supermarket,"cornflake
bread
toilet roll
milk
egg
baked bean
yoghurt
butter
cheese
beef
chicken
salmon
trout
kipper
mackerel
biscuit
oat
flour
celery
cabbage
artichoke
banana
apple
cucumber
tomato
bean
grape
satsuma
orange
melon
lemon
lime
fish finger
newspaper
tissue
bleach
aspirin
clementine
courgette
chili
garlic
coriander
cumin
salt
pepper
bovril
marmite
peanut butter
bin bag
washing up liquid",sponge,0.0,dishwashertablet,,False,True,0,,iterative,15546084992256823000,dish soap,False
01K4DTW4FZ8ECHPXPNH0NAQX0C-supermarket,52,meta-llama/Llama-3.3-70B-Instruct-Turbo,supermarket,"cornflake
bread
toilet roll
milk
egg
baked bean
yoghurt
butter
cheese
beef
chicken
salmon
trout
kipper
mackerel
biscuit
oat
flour
celery
cabbage
artichoke
banana
apple
cucumber
tomato
bean
grape
satsuma
orange
melon
lemon
lime
fish finger
newspaper
tissue
bleach
aspirin
clementine
courgette
chili
garlic
coriander
cumin
salt
pepper
bovril
marmite
peanut butter
bin bag
washing up liquid
sponge",wipe,0.0,dishwashertablet,,False,True,0,,iterative,18207898861449820000,dish soap,False
01K4DVHFH5QJJHDQYYGYT9EV88-supermarket,21,meta-llama/Llama-3.3-70B-Instruct-Turbo,supermarket,strawberry,breadroll,0.0,blueberry,,False,True,0,,iterative,14865209941608320000,lemon,False
01K4DVHFH5QJJHDQYYGYT9EV88-supermarket,22,meta-llama/Llama-3.3-70B-Instruct-Turbo,supermarket,"strawberry
bread roll",blueberry,0.0,butter,,False,True,0,,iterative,6773266566576484000,juice,False
01K4DVHFH5QJJHDQYYGYT9EV88-supermarket,23,meta-llama/Llama-3.3-70B-Instruct-Turbo,supermarket,"strawberry
bread roll
blueberry",chicken,0.0,butter,,False,True,0,,iterative,17787118129341067000,apple,False
01K4DVHFH5QJJHDQYYGYT9EV88-supermarket,24,meta-llama/Llama-3.3-70B-Instruct-Turbo,supermarket,"strawberry
bread roll
blueberry
chicken",bacon,0.0,butter,,False,True,0,,iterative,1816664697250087400,beef,False
01K4DVHFH5QJJHDQYYGYT9EV88-supermarket,25,meta-llama/Llama-3.3-70B-Instruct-Turbo,supermarket,"strawberry
bread roll
blueberry
chicken
bacon",steak,0.0,eggs,,False,True,0,,iterative,4953425931440841000,sausage,False
01K4DVHFH5QJJHDQYYGYT9EV88-supermarket,26,meta-llama/Llama-3.3-70B-Instruct-Turbo,supermarket,"strawberry
bread roll
blueberry
chicken
bacon
steak",fish,0.0,sausages,,False,True,0,,iterative,2021285073414917400,pork chop,False
01K4DVHFH5QJJHDQYYGYT9EV88-supermarket,27,meta-llama/Llama-3.3-70B-Instruct-Turbo,supermarket,"strawberry
bread roll
blueberry
chicken
bacon
steak
fish",fishfinger,0.0,shrimp,,False,True,0,,iterative,14885725979397417000,lemon,False
01K4DVHFH5QJJHDQYYGYT9EV88-supermarket,28,meta-llama/Llama-3.3-70B-Instruct-Turbo,supermarket,"strawberry
bread roll
blueberry
chicken
bacon
steak
fish
fish finger",chip,0.0,mushroom,,False,True,0,,iterative,1816538931859091000,mayo,False
01K4DVHFH5QJJHDQYYGYT9EV88-supermarket,29,meta-llama/Llama-3.3-70B-Instruct-Turbo,supermarket,"strawberry
bread roll
blueberry
chicken
bacon
steak
fish
fish finger
chip",doughnut,0.0,mushypeas,,False,True,0,,iterative,10793155953635135000,ketchup,False
01K4DVHFH5QJJHDQYYGYT9EV88-supermarket,30,meta-llama/Llama-3.3-70B-Instruct-Turbo,supermarket,"strawberry
bread roll
blueberry
chicken
bacon
steak
fish
fish finger
chip
doughnut",crisp,0.0,mushypeas,,False,True,0,,iterative,29619018605479096,cereal,False
01K4DVHFH5QJJHDQYYGYT9EV88-supermarket,31,meta-llama/Llama-3.3-70B-Instruct-Turbo,supermarket,"strawberry
bread roll
blueberry
chicken
bacon
steak
fish
fish finger
chip
doughnut
crisp",wrap,0.0,biscuit,,False,True,0,,iterative,18423969922573580000,coffee,False
01K4DVHFH5QJJHDQYYGYT9EV88-supermarket,32,meta-llama/Llama-3.3-70B-Instruct-Turbo,supermarket,"strawberry
bread roll
blueberry
chicken
bacon
steak
fish
fish finger
chip
doughnut
crisp
wrap",tortilla,0.0,sandwich,,False,True,0,,iterative,6885164172553553000,lettuce,False
01K4DVHFH5QJJHDQYYGYT9EV88-supermarket,33,meta-llama/Llama-3.3-70B-Instruct-Turbo,supermarket,"strawberry
bread roll
blueberry
chicken
bacon
steak
fish
fish finger
chip
doughnut
crisp
wrap
tortilla",biscuit,0.0,salsa,,False,True,0,,iterative,12136046564226968000,lettuce,False
01K4DVHFH5QJJHDQYYGYT9EV88-supermarket,34,meta-llama/Llama-3.3-70B-Instruct-Turbo,supermarket,"strawberry
bread roll
blueberry
chicken
bacon
steak
fish
fish finger
chip
doughnut
crisp
wrap
tortilla
biscuit",icecream,0.0,salsa,,False,True,0,,iterative,17615894875525364000,gravy,False
01K4DVHFH5QJJHDQYYGYT9EV88-supermarket,35,meta-llama/Llama-3.3-70B-Instruct-Turbo,supermarket,"strawberry
bread roll
blueberry
chicken
bacon
steak
fish
fish finger
chip
doughnut
crisp
wrap
tortilla
biscuit
ice cream",easteregg,0.0,cookie,,False,True,0,,iterative,9324625849999830000,cake,False
01K4DVHFH5QJJHDQYYGYT9EV88-supermarket,36,meta-llama/Llama-3.3-70B-Instruct-Turbo,supermarket,"strawberry
bread roll
blueberry
chicken
bacon
steak
fish
fish finger
chip
doughnut
crisp
wrap
tortilla
biscuit
ice cream
easter egg",egg,0.0,hotcrossbun,,False,True,0,,iterative,7378809557096149000,chocolate,False
01K4DVHFH5QJJHDQYYGYT9EV88-supermarket,37,meta-llama/Llama-3.3-70B-Instruct-Turbo,supermarket,"strawberry
bread roll
blueberry
chicken
bacon
steak
fish
fish finger
chip
doughnut
crisp
wrap
tortilla
biscuit
ice cream
easter egg
egg",sugar,0.0,milk,,False,True,0,,iterative,7765932708173152000,chocolate milk,False
01K4DVHFH5QJJHDQYYGYT9EV88-supermarket,38,meta-llama/Llama-3.3-70B-Instruct-Turbo,supermarket,"strawberry
bread roll
blueberry
chicken
bacon
steak
fish
fish finger
chip
doughnut
crisp
wrap
tortilla
biscuit
ice cream
easter egg
egg
sugar",flour,0.0,flour,,True,True,0,,iterative,3445733653319786000,vanilla,False
01K4DVHFH5QJJHDQYYGYT9EV88-supermarket,39,meta-llama/Llama-3.3-70B-Instruct-Turbo,supermarket,"strawberry
bread roll
blueberry
chicken
bacon
steak
fish
fish finger
chip
doughnut
crisp
wrap
tortilla
biscuit
ice cream
easter egg
egg
sugar
flour",pastry,0.0,butter,,False,True,0,,iterative,5003023642102654000,vanilla,False
01K4DVHFH5QJJHDQYYGYT9EV88-supermarket,40,meta-llama/Llama-3.3-70B-Instruct-Turbo,supermarket,"strawberry
bread roll
blueberry
chicken
bacon
steak
fish
fish finger
chip
doughnut
crisp
wrap
tortilla
biscuit
ice cream
easter egg
egg
sugar
flour
pastry",cream,0.0,butter,,False,True,0,,iterative,75477206039269230,paprika,False
01K4DVHFH5QJJHDQYYGYT9EV88-supermarket,41,meta-llama/Llama-3.3-70B-Instruct-Turbo,supermarket,"strawberry
bread roll
blueberry
chicken
bacon
steak
fish
fish finger
chip
doughnut
crisp
wrap
tortilla
biscuit
ice cream
easter egg
egg
sugar
flour
pastry
cream",milkshake,0.0,butter,,False,True,0,,iterative,12870656872137738000,turkey,False
01K4DVHFH5QJJHDQYYGYT9EV88-supermarket,42,meta-llama/Llama-3.3-70B-Instruct-Turbo,supermarket,"strawberry
bread roll
blueberry
chicken
bacon
steak
fish
fish finger
chip
doughnut
crisp
wrap
tortilla
biscuit
ice cream
easter egg
egg
sugar
flour
pastry
cream
milkshake",pop,0.0,milk,,False,True,0,,iterative,8650317191872956000,energy drink,False
01K4DVHFH5QJJHDQYYGYT9EV88-supermarket,43,meta-llama/Llama-3.3-70B-Instruct-Turbo,supermarket,"strawberry
bread roll
blueberry
chicken
bacon
steak
fish
fish finger
chip
doughnut
crisp
wrap
tortilla
biscuit
ice cream
easter egg
egg
sugar
flour
pastry
cream
milkshake
pop",cocacola,0.0,lollipop,,False,True,0,,iterative,18088417482624406000,energy drink,False
01K4DVHFH5QJJHDQYYGYT9EV88-supermarket,44,meta-llama/Llama-3.3-70B-Instruct-Turbo,supermarket,"strawberry
bread roll
blueberry
chicken
bacon
steak
fish
fish finger
chip
doughnut
crisp
wrap
tortilla
biscuit
ice cream
easter egg
egg
sugar
flour
pastry
cream
milkshake
pop
coca cola",cornflake,0.0,fanta,,False,True,0,,iterative,13215074544748423000,juice,False
01K4DVHFH5QJJHDQYYGYT9EV88-supermarket,45,meta-llama/Llama-3.3-70B-Instruct-Turbo,supermarket,"strawberry
bread roll
blueberry
chicken
bacon
steak
fish
fish finger
chip
doughnut
crisp
wrap
tortilla
biscuit
ice cream
easter egg
egg
sugar
flour
pastry
cream
milkshake
pop
coca cola
corn flake",ricekrispy,0.0,toast,,False,True,0,,iterative,2879234030125538000,juice,False
01K4DVHFH5QJJHDQYYGYT9EV88-supermarket,46,meta-llama/Llama-3.3-70B-Instruct-Turbo,supermarket,"strawberry
bread roll
blueberry
chicken
bacon
steak
fish
fish finger
chip
doughnut
crisp
wrap
tortilla
biscuit
ice cream
easter egg
egg
sugar
flour
pastry
cream
milkshake
pop
coca cola
corn flake
rice krispy",cocopop,0.0,toast,,False,True,0,,iterative,1565212841051871500,cookie,False
01K4DVHFH5QJJHDQYYGYT9EV88-supermarket,47,meta-llama/Llama-3.3-70B-Instruct-Turbo,supermarket,"strawberry
bread roll
blueberry
chicken
bacon
steak
fish
fish finger
chip
doughnut
crisp
wrap
tortilla
biscuit
ice cream
easter egg
egg
sugar
flour
pastry
cream
milkshake
pop
coca cola
corn flake
rice krispy
coco pop",cleaningspray,0.0,toast,,False,True,0,,iterative,11222234217918160000,brownie,False
01K4DVHFH5QJJHDQYYGYT9EV88-supermarket,48,meta-llama/Llama-3.3-70B-Instruct-Turbo,supermarket,"strawberry
bread roll
blueberry
chicken
bacon
steak
fish
fish finger
chip
doughnut
crisp
wrap
tortilla
biscuit
ice cream
easter egg
egg
sugar
flour
pastry
cream
milkshake
pop
coca cola
corn flake
rice krispy
coco pop
cleaning spray",toiletroll,0.0,toiletpaper,,False,True,0,,iterative,3960716239028105000,windex,False
01K4DVHFH5QJJHDQYYGYT9EV88-supermarket,49,meta-llama/Llama-3.3-70B-Instruct-Turbo,supermarket,"strawberry
bread roll
blueberry
chicken
bacon
steak
fish
fish finger
chip
doughnut
crisp
wrap
tortilla
biscuit
ice cream
easter egg
egg
sugar
flour
pastry
cream
milkshake
pop
coca cola
corn flake
rice krispy
coco pop
cleaning spray
toilet roll",kitchenroll,0.0,shampoo,,False,True,0,,iterative,182691297810510050,paper towel,False
01K4DVHFH5QJJHDQYYGYT9EV88-supermarket,50,meta-llama/Llama-3.3-70B-Instruct-Turbo,supermarket,"strawberry
bread roll
blueberry
chicken
bacon
steak
fish
fish finger
chip
doughnut
crisp
wrap
tortilla
biscuit
ice cream
easter egg
egg
sugar
flour
pastry
cream
milkshake
pop
coca cola
corn flake
rice krispy
coco pop
cleaning spray
toilet roll
kitchen roll",wipe,0.0,binbag,,False,True,0,,iterative,9084241288691289000,cilantro,False
01K4DVHFH5QJJHDQYYGYT9EV88-supermarket,51,meta-llama/Llama-3.3-70B-Instruct-Turbo,supermarket,"strawberry
bread roll
blueberry
chicken
bacon
steak
fish
fish finger
chip
doughnut
crisp
wrap
tortilla
biscuit
ice cream
easter egg
egg
sugar
flour
pastry
cream
milkshake
pop
coca cola
corn flake
rice krispy
coco pop
cleaning spray
toilet roll
kitchen roll
wipe",match,0.0,binbag,,False,True,0,,iterative,7414794026249843000,towel,False
01K4DW0Q0JWSMGCBZCFZ9GRX74-supermarket,2,meta-llama/Llama-3.3-70B-Instruct-Turbo,supermarket,soap,perfume,0.0,toothpaste,,False,True,0,,iterative,1854692087317040000,paper towel,False
01K4DW0Q0JWSMGCBZCFZ9GRX74-supermarket,3,meta-llama/Llama-3.3-70B-Instruct-Turbo,supermarket,"soap
perfume",bodylotion,0.0,shampoo,,False,True,0,,iterative,12015281738616447000,sponge,False
01K4DW0Q0JWSMGCBZCFZ9GRX74-supermarket,4,meta-llama/Llama-3.3-70B-Instruct-Turbo,supermarket,"soap
perfume
body lotion",slipper,0.0,shampoo,,False,True,0,,iterative,12787722527171742000,toothpaste,False
01K4DW0Q0JWSMGCBZCFZ9GRX74-supermarket,5,meta-llama/Llama-3.3-70B-Instruct-Turbo,supermarket,"soap
perfume
body lotion
slipper",haircream,0.0,toothbrush,,False,True,0,,iterative,15278156622644437000,dressing gown,False
01K4DW0Q0JWSMGCBZCFZ9GRX74-supermarket,6,meta-llama/Llama-3.3-70B-Instruct-Turbo,supermarket,"soap
perfume
body lotion
slipper
hair cream",milk,1.0,shampoo,,False,True,0,,iterative,964620051123205000,shampoo,False
01K4DW0Q0JWSMGCBZCFZ9GRX74-supermarket,7,meta-llama/Llama-3.3-70B-Instruct-Turbo,supermarket,"soap
perfume
body lotion
slipper
hair cream
milk",sugar,0.0,cereal,,False,True,0,,iterative,4420209666567227400,egg,False
01K4DW0Q0JWSMGCBZCFZ9GRX74-supermarket,8,meta-llama/Llama-3.3-70B-Instruct-Turbo,supermarket,"soap
perfume
body lotion
slipper
hair cream
milk
sugar",sweet,0.0,cereal,,False,True,0,,iterative,5373125422732519000,egg,False
01K4DW0Q0JWSMGCBZCFZ9GRX74-supermarket,9,meta-llama/Llama-3.3-70B-Instruct-Turbo,supermarket,"soap
perfume
body lotion
slipper
hair cream
milk
sugar
sweet",honey,0.0,honey,,True,True,0,,iterative,1752503121294392800,salt,False
01K4DW0Q0JWSMGCBZCFZ9GRX74-supermarket,10,meta-llama/Llama-3.3-70B-Instruct-Turbo,supermarket,"soap
perfume
body lotion
slipper
hair cream
milk
sugar
sweet
honey",icecream,1.0,butter,,False,True,0,,iterative,7621149213481999000,syrup,False
01K4DW0Q0JWSMGCBZCFZ9GRX74-supermarket,11,meta-llama/Llama-3.3-70B-Instruct-Turbo,supermarket,"soap
perfume
body lotion
slipper
hair cream
milk
sugar
sweet
honey
ice cream",gum,1.0,cake,,False,True,0,,iterative,12213419179357878000,chocolate,False
01K4DW0Q0JWSMGCBZCFZ9GRX74-supermarket,12,meta-llama/Llama-3.3-70B-Instruct-Turbo,supermarket,"soap
perfume
body lotion
slipper
hair cream
milk
sugar
sweet
honey
ice cream
gum",tissue,1.0,candy,,False,True,0,,iterative,2133401928701385000,candy,False
01K4DW0Q0JWSMGCBZCFZ9GRX74-supermarket,13,meta-llama/Llama-3.3-70B-Instruct-Turbo,supermarket,"soap
perfume
body lotion
slipper
hair cream
milk
sugar
sweet
honey
ice cream
gum
tissue",paper,0.0,toothpaste,,False,True,0,,iterative,7550969198231576000,cleaner,False
01K4DW0Q0JWSMGCBZCFZ9GRX74-supermarket,14,meta-llama/Llama-3.3-70B-Instruct-Turbo,supermarket,"soap
perfume
body lotion
slipper
hair cream
milk
sugar
sweet
honey
ice cream
gum
tissue
paper",soda,1.0,toothpaste,,False,True,0,,iterative,17575460256383554000,bleach,False
01K4DW0Q0JWSMGCBZCFZ9GRX74-supermarket,15,meta-llama/Llama-3.3-70B-Instruct-Turbo,supermarket,"soap
perfume
body lotion
slipper
hair cream
milk
sugar
sweet
honey
ice cream
gum
tissue
paper
soda",chocolate,0.0,water,,False,True,0,,iterative,17060256237276262000,alcohol,False
01K4DW0Q0JWSMGCBZCFZ9GRX74-supermarket,16,meta-llama/Llama-3.3-70B-Instruct-Turbo,supermarket,"soap
perfume
body lotion
slipper
hair cream
milk
sugar
sweet
honey
ice cream
gum
tissue
paper
soda
chocolate",wipe,1.0,cake,,False,True,0,,iterative,6144654041141244000,candy,False
01K4DW0Q0JWSMGCBZCFZ9GRX74-supermarket,17,meta-llama/Llama-3.3-70B-Instruct-Turbo,supermarket,"soap
perfume
body lotion
slipper
hair cream
milk
sugar
sweet
honey
ice cream
gum
tissue
paper
soda
chocolate
wipe",bowl,1.0,candy,,False,True,0,,iterative,17571764935396899000,toilet paper,False
01K4DW0Q0JWSMGCBZCFZ9GRX74-supermarket,18,meta-llama/Llama-3.3-70B-Instruct-Turbo,supermarket,"soap
perfume
body lotion
slipper
hair cream
milk
sugar
sweet
honey
ice cream
gum
tissue
paper
soda
chocolate
wipe
bowl",water,0.0,plate,,False,True,0,,iterative,6627870973261707000,plate,False
01K4DW0Q0JWSMGCBZCFZ9GRX74-supermarket,19,meta-llama/Llama-3.3-70B-Instruct-Turbo,supermarket,"soap
perfume
body lotion
slipper
hair cream
milk
sugar
sweet
honey
ice cream
gum
tissue
paper
soda
chocolate
wipe
bowl
water",snack,0.0,cup,,False,True,0,,iterative,17104488962078044000,cup,False
01K4DW0Q0JWSMGCBZCFZ9GRX74-supermarket,20,meta-llama/Llama-3.3-70B-Instruct-Turbo,supermarket,"soap
perfume
body lotion
slipper
hair cream
milk
sugar
sweet
honey
ice cream
gum
tissue
paper
soda
chocolate
wipe
bowl
water
snack",egg,0.0,crackers,,False,True,0,,iterative,11095427647535038000,potato,False
01K4DW0Q0JWSMGCBZCFZ9GRX74-supermarket,21,meta-llama/Llama-3.3-70B-Instruct-Turbo,supermarket,"soap
perfume
body lotion
slipper
hair cream
milk
sugar
sweet
honey
ice cream
gum
tissue
paper
soda
chocolate
wipe
bowl
water
snack
egg",cake,0.0,crackers,,False,True,0,,iterative,18008767224765516000,jelly,False
01K4DW0Q0JWSMGCBZCFZ9GRX74-supermarket,22,meta-llama/Llama-3.3-70B-Instruct-Turbo,supermarket,"soap
perfume
body lotion
slipper
hair cream
milk
sugar
sweet
honey
ice cream
gum
tissue
paper
soda
chocolate
wipe
bowl
water
snack
egg
cake",brook,1.0,flour,,False,True,0,,iterative,17241916462987510000,bread,False
01K4DW0Q0JWSMGCBZCFZ9GRX74-supermarket,23,meta-llama/Llama-3.3-70B-Instruct-Turbo,supermarket,"soap
perfume
body lotion
slipper
hair cream
milk
sugar
sweet
honey
ice cream
gum
tissue
paper
soda
chocolate
wipe
bowl
water
snack
egg
cake
brook",shirt,1.0,fish,,False,True,0,,iterative,1311606433138321200,bread,False
01K4DW0Q0JWSMGCBZCFZ9GRX74-supermarket,24,meta-llama/Llama-3.3-70B-Instruct-Turbo,supermarket,"soap
perfume
body lotion
slipper
hair cream
milk
sugar
sweet
honey
ice cream
gum
tissue
paper
soda
chocolate
wipe
bowl
water
snack
egg
cake
brook
shirt",food,0.0,flour,,False,True,0,,iterative,9828592234073640000,d,False
01K4DW0Q0JWSMGCBZCFZ9GRX74-supermarket,25,meta-llama/Llama-3.3-70B-Instruct-Turbo,supermarket,"soap
perfume
body lotion
slipper
hair cream
milk
sugar
sweet
honey
ice cream
gum
tissue
paper
soda
chocolate
wipe
bowl
water
snack
egg
cake
brook
shirt
food",cable,1.0,pancakemix,,False,True,0,,iterative,14657016424076956000,bread,False
01K4DW0Q0JWSMGCBZCFZ9GRX74-supermarket,26,meta-llama/Llama-3.3-70B-Instruct-Turbo,supermarket,"soap
perfume
body lotion
slipper
hair cream
milk
sugar
sweet
honey
ice cream
gum
tissue
paper
soda
chocolate
wipe
bowl
water
snack
egg
cake
brook
shirt
food
cable",toy,1.0,pancakemix,,False,True,0,,iterative,1042036918684837400,bread,False
01K4DW0Q0JWSMGCBZCFZ9GRX74-supermarket,27,meta-llama/Llama-3.3-70B-Instruct-Turbo,supermarket,"soap
perfume
body lotion
slipper
hair cream
milk
sugar
sweet
honey
ice cream
gum
tissue
paper
soda
chocolate
wipe
bowl
water
snack
egg
cake
brook
shirt
food
cable
toy",makeup,1.0,pancakemix,,False,True,0,,iterative,705969515744944400,bread,False
01K4DW0Q0JWSMGCBZCFZ9GRX74-supermarket,28,meta-llama/Llama-3.3-70B-Instruct-Turbo,supermarket,"soap
perfume
body lotion
slipper
hair cream
milk
sugar
sweet
honey
ice cream
gum
tissue
paper
soda
chocolate
wipe
bowl
water
snack
egg
cake
brook
shirt
food
cable
toy
makeup",spray,1.0,lipstick,,False,True,0,,iterative,948834238225402100,bread,False
01K4DW1PN2FTF3JTD2W3SKKYFN-supermarket,2,meta-llama/Llama-3.3-70B-Instruct-Turbo,supermarket,bread,milk,1.0,butter,,False,True,0,,iterative,9741211403760220000,bakery,False
01K4DW1PN2FTF3JTD2W3SKKYFN-supermarket,3,meta-llama/Llama-3.3-70B-Instruct-Turbo,supermarket,"bread
milk",juice,0.0,butter,,False,True,0,,iterative,7384527526441706000,cereal,False
01K4DW1PN2FTF3JTD2W3SKKYFN-supermarket,4,meta-llama/Llama-3.3-70B-Instruct-Turbo,supermarket,"bread
milk
juice",soda,0.0,eggs,,False,True,0,,iterative,1084322574748818700,orange,False
01K4DW1PN2FTF3JTD2W3SKKYFN-supermarket,5,meta-llama/Llama-3.3-70B-Instruct-Turbo,supermarket,"bread
milk
juice
soda",coffee,0.0,eggs,,False,True,0,,iterative,9695346517045207000,water,False
01K4DW1PN2FTF3JTD2W3SKKYFN-supermarket,6,meta-llama/Llama-3.3-70B-Instruct-Turbo,supermarket,"bread
milk
juice
soda
coffee",water,0.0,cream,,False,True,0,,iterative,15672380861785352000,tea,False
01K4DW1PN2FTF3JTD2W3SKKYFN-supermarket,7,meta-llama/Llama-3.3-70B-Instruct-Turbo,supermarket,"bread
milk
juice
soda
coffee
water",tea,0.0,tea,,True,True,0,,iterative,11061186572678302000,bean,False
01K4DW1PN2FTF3JTD2W3SKKYFN-supermarket,8,meta-llama/Llama-3.3-70B-Instruct-Turbo,supermarket,"bread
milk
juice
soda
coffee
water
tea",chip,1.0,sugar,,False,True,0,,iterative,14296753765838560000,biscuit,False
01K4DW1PN2FTF3JTD2W3SKKYFN-supermarket,9,meta-llama/Llama-3.3-70B-Instruct-Turbo,supermarket,"bread
milk
juice
soda
coffee
water
tea
chip",cracker,0.0,cookies,,False,True,0,,iterative,3351593601390275600,sweet,False
01K4DW1PN2FTF3JTD2W3SKKYFN-supermarket,10,meta-llama/Llama-3.3-70B-Instruct-Turbo,supermarket,"bread
milk
juice
soda
coffee
water
tea
chip
cracker",cookie,1.0,cookie,,True,True,0,,iterative,8203078977102861000,chocolate,False
01K4DW1PN2FTF3JTD2W3SKKYFN-supermarket,11,meta-llama/Llama-3.3-70B-Instruct-Turbo,supermarket,"bread
milk
juice
soda
coffee
water
tea
chip
cracker
cookie",brownie,0.0,donut,,False,True,0,,iterative,12125498804479551000,candy,False
01K4DW1PN2FTF3JTD2W3SKKYFN-supermarket,12,meta-llama/Llama-3.3-70B-Instruct-Turbo,supermarket,"bread
milk
juice
soda
coffee
water
tea
chip
cracker
cookie
brownie",cake,0.0,cake,,True,True,0,,iterative,14187451784573577000,cake,True
01K4DW1PN2FTF3JTD2W3SKKYFN-supermarket,13,meta-llama/Llama-3.3-70B-Instruct-Turbo,supermarket,"bread
milk
juice
soda
coffee
water
tea
chip
cracker
cookie
brownie
cake",batter,1.0,donut,,False,True,0,,iterative,8435186006010311000,donut,False
01K4DW1PN2FTF3JTD2W3SKKYFN-supermarket,14,meta-llama/Llama-3.3-70B-Instruct-Turbo,supermarket,"bread
milk
juice
soda
coffee
water
tea
chip
cracker
cookie
brownie
cake
batter",flour,0.0,muffin,,False,True,0,,iterative,16513061711009104000,syrup,False
01K4DW1PN2FTF3JTD2W3SKKYFN-supermarket,15,meta-llama/Llama-3.3-70B-Instruct-Turbo,supermarket,"bread
milk
juice
soda
coffee
water
tea
chip
cracker
cookie
brownie
cake
batter
flour",sugar,0.0,sugar,,True,True,0,,iterative,16572138996543800000,rice,False
01K4DW1PN2FTF3JTD2W3SKKYFN-supermarket,16,meta-llama/Llama-3.3-70B-Instruct-Turbo,supermarket,"bread
milk
juice
soda
coffee
water
tea
chip
cracker
cookie
brownie
cake
batter
flour
sugar",salt,1.0,butter,,False,True,0,,iterative,15759978586017966000,salt,True
01K4DW1PN2FTF3JTD2W3SKKYFN-supermarket,17,meta-llama/Llama-3.3-70B-Instruct-Turbo,supermarket,"bread
milk
juice
soda
coffee
water
tea
chip
cracker
cookie
brownie
cake
batter
flour
sugar
salt",pepper,0.0,bakingpowder,,False,True,0,,iterative,1902419121248666400,pepper,True
01K4DW1PN2FTF3JTD2W3SKKYFN-supermarket,18,meta-llama/Llama-3.3-70B-Instruct-Turbo,supermarket,"bread
milk
juice
soda
coffee
water
tea
chip
cracker
cookie
brownie
cake
batter
flour
sugar
salt
pepper",dressing,1.0,bakingpowder,,False,True,0,,iterative,765302191941303600,ketchup,False
01K4DW1PN2FTF3JTD2W3SKKYFN-supermarket,19,meta-llama/Llama-3.3-70B-Instruct-Turbo,supermarket,"bread
milk
juice
soda
coffee
water
tea
chip
cracker
cookie
brownie
cake
batter
flour
sugar
salt
pepper
dressing",fruit,1.0,oil,,False,True,0,,iterative,13796044258606440000,mayonnaise,False
01K4DW1PN2FTF3JTD2W3SKKYFN-supermarket,20,meta-llama/Llama-3.3-70B-Instruct-Turbo,supermarket,"bread
milk
juice
soda
coffee
water
tea
chip
cracker
cookie
brownie
cake
batter
flour
sugar
salt
pepper
dressing
fruit",vegetable,0.0,vegetable,,True,True,0,,iterative,10426087298691033000,vegetable,True
01K4DW1PN2FTF3JTD2W3SKKYFN-supermarket,21,meta-llama/Llama-3.3-70B-Instruct-Turbo,supermarket,"bread
milk
juice
soda
coffee
water
tea
chip
cracker
cookie
brownie
cake
batter
flour
sugar
salt
pepper
dressing
fruit
vegetable",toiletpaper,1.0,meat,,False,True,0,,iterative,3862468535937423400,carrot,False
01K4DW1PN2FTF3JTD2W3SKKYFN-supermarket,22,meta-llama/Llama-3.3-70B-Instruct-Turbo,supermarket,"bread
milk
juice
soda
coffee
water
tea
chip
cracker
cookie
brownie
cake
batter
flour
sugar
salt
pepper
dressing
fruit
vegetable
toilet paper",papertowel,0.0,papertowels,,False,True,0,,iterative,15877729296013840000,kitchen paper,False
01K4DW1PN2FTF3JTD2W3SKKYFN-supermarket,23,meta-llama/Llama-3.3-70B-Instruct-Turbo,supermarket,"bread
milk
juice
soda
coffee
water
tea
chip
cracker
cookie
brownie
cake
batter
flour
sugar
salt
pepper
dressing
fruit
vegetable
toilet paper
paper towel",toothpaste,0.0,tissue,,False,True,0,,iterative,5430524703190068000,soap,False
01K4DW1PN2FTF3JTD2W3SKKYFN-supermarket,24,meta-llama/Llama-3.3-70B-Instruct-Turbo,supermarket,"bread
milk
juice
soda
coffee
water
tea
chip
cracker
cookie
brownie
cake
batter
flour
sugar
salt
pepper
dressing
fruit
vegetable
toilet paper
paper towel
toothpaste",candy,1.0,toothbrush,,False,True,0,,iterative,12248169104455900000,soap,False
01K4DW1PN2FTF3JTD2W3SKKYFN-supermarket,25,meta-llama/Llama-3.3-70B-Instruct-Turbo,supermarket,"bread
milk
juice
soda
coffee
water
tea
chip
cracker
cookie
brownie
cake
batter
flour
sugar
salt
pepper
dressing
fruit
vegetable
toilet paper
paper towel
toothpaste
candy",apple,1.0,gum,,False,True,0,,iterative,7875558273210817000,donut,False
01K4DW1PN2FTF3JTD2W3SKKYFN-supermarket,26,meta-llama/Llama-3.3-70B-Instruct-Turbo,supermarket,"bread
milk
juice
soda
coffee
water
tea
chip
cracker
cookie
brownie
cake
batter
flour
sugar
salt
pepper
dressing
fruit
vegetable
toilet paper
paper towel
toothpaste
candy
apple",banana,0.0,banana,,True,True,0,,iterative,7606002618951808000,banana,True
01K4DW1PN2FTF3JTD2W3SKKYFN-supermarket,27,meta-llama/Llama-3.3-70B-Instruct-Turbo,supermarket,"bread
milk
juice
soda
coffee
water
tea
chip
cracker
cookie
brownie
cake
batter
flour
sugar
salt
pepper
dressing
fruit
vegetable
toilet paper
paper towel
toothpaste
candy
apple
banana",kiwi,0.0,orange,,False,True,0,,iterative,16214636795309797000,orange,False
01K4DW1PN2FTF3JTD2W3SKKYFN-supermarket,28,meta-llama/Llama-3.3-70B-Instruct-Turbo,supermarket,"bread
milk
juice
soda
coffee
water
tea
chip
cracker
cookie
brownie
cake
batter
flour
sugar
salt
pepper
dressing
fruit
vegetable
toilet paper
paper towel
toothpaste
candy
apple
banana
kiwi",mango,0.0,orange,,False,True,0,,iterative,17615600401793591000,strawberry,False
01K4DW1PN2FTF3JTD2W3SKKYFN-supermarket,29,meta-llama/Llama-3.3-70B-Instruct-Turbo,supermarket,"bread
milk
juice
soda
coffee
water
tea
chip
cracker
cookie
brownie
cake
batter
flour
sugar
salt
pepper
dressing
fruit
vegetable
toilet paper
paper towel
toothpaste
candy
apple
banana
kiwi
mango",watermelon,0.0,pineapple,,False,True,0,,iterative,9966933586847390000,orange,False
01K4DW1PN2FTF3JTD2W3SKKYFN-supermarket,30,meta-llama/Llama-3.3-70B-Instruct-Turbo,supermarket,"bread
milk
juice
soda
coffee
water
tea
chip
cracker
cookie
brownie
cake
batter
flour
sugar
salt
pepper
dressing
fruit
vegetable
toilet paper
paper towel
toothpaste
candy
apple
banana
kiwi
mango
watermelon",grape,0.0,pineapple,,False,True,0,,iterative,14822051820300337000,orange,False
01K4DW1PN2FTF3JTD2W3SKKYFN-supermarket,31,meta-llama/Llama-3.3-70B-Instruct-Turbo,supermarket,"bread
milk
juice
soda
coffee
water
tea
chip
cracker
cookie
brownie
cake
batter
flour
sugar
salt
pepper
dressing
fruit
vegetable
toilet paper
paper towel
toothpaste
candy
apple
banana
kiwi
mango
watermelon
grape",raspberry,0.0,pear,,False,True,0,,iterative,17489446513208066000,orange,False
01K4DW1PN2FTF3JTD2W3SKKYFN-supermarket,32,meta-llama/Llama-3.3-70B-Instruct-Turbo,supermarket,"bread
milk
juice
soda
coffee
water
tea
chip
cracker
cookie
brownie
cake
batter
flour
sugar
salt
pepper
dressing
fruit
vegetable
toilet paper
paper towel
toothpaste
candy
apple
banana
kiwi
mango
watermelon
grape
raspberry",strawberry,0.0,blueberry,,False,True,0,,iterative,6393462135504572000,strawberry,True
01K4DW1PN2FTF3JTD2W3SKKYFN-supermarket,33,meta-llama/Llama-3.3-70B-Instruct-Turbo,supermarket,"bread
milk
juice
soda
coffee
water
tea
chip
cracker
cookie
brownie
cake
batter
flour
sugar
salt
pepper
dressing
fruit
vegetable
toilet paper
paper towel
toothpaste
candy
apple
banana
kiwi
mango
watermelon
grape
raspberry
strawberry",blueberry,0.0,blueberry,,True,True,0,,iterative,12416496406182765000,blueberry,True
01K4DW1PN2FTF3JTD2W3SKKYFN-supermarket,34,meta-llama/Llama-3.3-70B-Instruct-Turbo,supermarket,"bread
milk
juice
soda
coffee
water
tea
chip
cracker
cookie
brownie
cake
batter
flour
sugar
salt
pepper
dressing
fruit
vegetable
toilet paper
paper towel
toothpaste
candy
apple
banana
kiwi
mango
watermelon
grape
raspberry
strawberry
blueberry",pineapple,0.0,blackberry,,False,True,0,,iterative,4265281677455499300,blackberry,False
01K4DW1PN2FTF3JTD2W3SKKYFN-supermarket,35,meta-llama/Llama-3.3-70B-Instruct-Turbo,supermarket,"bread
milk
juice
soda
coffee
water
tea
chip
cracker
cookie
brownie
cake
batter
flour
sugar
salt
pepper
dressing
fruit
vegetable
toilet paper
paper towel
toothpaste
candy
apple
banana
kiwi
mango
watermelon
grape
raspberry
strawberry
blueberry
pineapple",ham,1.0,orange,,False,True,0,,iterative,10985577488601182000,lemon,False
01K4DW1PN2FTF3JTD2W3SKKYFN-supermarket,36,meta-llama/Llama-3.3-70B-Instruct-Turbo,supermarket,"bread
milk
juice
soda
coffee
water
tea
chip
cracker
cookie
brownie
cake
batter
flour
sugar
salt
pepper
dressing
fruit
vegetable
toilet paper
paper towel
toothpaste
candy
apple
banana
kiwi
mango
watermelon
grape
raspberry
strawberry
blueberry
pineapple
ham",turkey,0.0,cheese,,False,True,0,,iterative,7414719213668030000,chicken,False
01K4DW1PN2FTF3JTD2W3SKKYFN-supermarket,37,meta-llama/Llama-3.3-70B-Instruct-Turbo,supermarket,"bread
milk
juice
soda
coffee
water
tea
chip
cracker
cookie
brownie
cake
batter
flour
sugar
salt
pepper
dressing
fruit
vegetable
toilet paper
paper towel
toothpaste
candy
apple
banana
kiwi
mango
watermelon
grape
raspberry
strawberry
blueberry
pineapple
ham
turkey",beef,0.0,cheese,,False,True,0,,iterative,15120465425131182000,chicken,False
01K4DW1PN2FTF3JTD2W3SKKYFN-supermarket,38,meta-llama/Llama-3.3-70B-Instruct-Turbo,supermarket,"bread
milk
juice
soda
coffee
water
tea
chip
cracker
cookie
brownie
cake
batter
flour
sugar
salt
pepper
dressing
fruit
vegetable
toilet paper
paper towel
toothpaste
candy
apple
banana
kiwi
mango
watermelon
grape
raspberry
strawberry
blueberry
pineapple
ham
turkey
beef",steak,0.0,chicken,,False,True,0,,iterative,17146568163154268000,chicken,False
01K4DW1PN2FTF3JTD2W3SKKYFN-supermarket,39,meta-llama/Llama-3.3-70B-Instruct-Turbo,supermarket,"bread
milk
juice
soda
coffee
water
tea
chip
cracker
cookie
brownie
cake
batter
flour
sugar
salt
pepper
dressing
fruit
vegetable
toilet paper
paper towel
toothpaste
candy
apple
banana
kiwi
mango
watermelon
grape
raspberry
strawberry
blueberry
pineapple
ham
turkey
beef
steak",chicken,0.0,chicken,,True,True,0,,iterative,7389788437237933000,chicken,True
01K4DW1PN2FTF3JTD2W3SKKYFN-supermarket,40,meta-llama/Llama-3.3-70B-Instruct-Turbo,supermarket,"bread
milk
juice
soda
coffee
water
tea
chip
cracker
cookie
brownie
cake
batter
flour
sugar
salt
pepper
dressing
fruit
vegetable
toilet paper
paper towel
toothpaste
candy
apple
banana
kiwi
mango
watermelon
grape
raspberry
strawberry
blueberry
pineapple
ham
turkey
beef
steak
chicken",salami,0.0,pork,,False,True,0,,iterative,11861609089356937000,sausage,False
01K4DW1PN2FTF3JTD2W3SKKYFN-supermarket,41,meta-llama/Llama-3.3-70B-Instruct-Turbo,supermarket,"bread
milk
juice
soda
coffee
water
tea
chip
cracker
cookie
brownie
cake
batter
flour
sugar
salt
pepper
dressing
fruit
vegetable
toilet paper
paper towel
toothpaste
candy
apple
banana
kiwi
mango
watermelon
grape
raspberry
strawberry
blueberry
pineapple
ham
turkey
beef
steak
chicken
salami",cheese,1.0,sausage,,False,True,0,,iterative,7186211145820928000,sausage,False
01K4DW1PN2FTF3JTD2W3SKKYFN-supermarket,42,meta-llama/Llama-3.3-70B-Instruct-Turbo,supermarket,"bread
milk
juice
soda
coffee
water
tea
chip
cracker
cookie
brownie
cake
batter
flour
sugar
salt
pepper
dressing
fruit
vegetable
toilet paper
paper towel
toothpaste
candy
apple
banana
kiwi
mango
watermelon
grape
raspberry
strawberry
blueberry
pineapple
ham
turkey
beef
steak
chicken
salami
cheese",butter,0.0,butter,,True,True,0,,iterative,4703533396409429000,yogurt,False
01K4DW1PN2FTF3JTD2W3SKKYFN-supermarket,43,meta-llama/Llama-3.3-70B-Instruct-Turbo,supermarket,"bread
milk
juice
soda
coffee
water
tea
chip
cracker
cookie
brownie
cake
batter
flour
sugar
salt
pepper
dressing
fruit
vegetable
toilet paper
paper towel
toothpaste
candy
apple
banana
kiwi
mango
watermelon
grape
raspberry
strawberry
blueberry
pineapple
ham
turkey
beef
steak
chicken
salami
cheese
butter",yogurt,0.0,eggs,,False,True,0,,iterative,16896486803655942000,cream,False
01K4DW1PN2FTF3JTD2W3SKKYFN-supermarket,44,meta-llama/Llama-3.3-70B-Instruct-Turbo,supermarket,"bread
milk
juice
soda
coffee
water
tea
chip
cracker
cookie
brownie
cake
batter
flour
sugar
salt
pepper
dressing
fruit
vegetable
toilet paper
paper towel
toothpaste
candy
apple
banana
kiwi
mango
watermelon
grape
raspberry
strawberry
blueberry
pineapple
ham
turkey
beef
steak
chicken
salami
cheese
butter
yogurt",creamcheese,0.0,milk,,False,True,0,,iterative,10117447229047450000,cream,False
01K4DWXETBNRFEVHYV9FT2HPS9-supermarket,2,meta-llama/Llama-3.3-70B-Instruct-Turbo,supermarket,apple,banana,0.0,banana,,True,True,0,,iterative,10369224280719176000,pear,False
01K4DWXETBNRFEVHYV9FT2HPS9-supermarket,3,meta-llama/Llama-3.3-70B-Instruct-Turbo,supermarket,"apple
banana",carrot,1.0,orange,,False,True,0,,iterative,14687969372773798000,pear,False
01K4DWXETBNRFEVHYV9FT2HPS9-supermarket,4,meta-llama/Llama-3.3-70B-Instruct-Turbo,supermarket,"apple
banana
carrot",deodorant,0.0,orange,,False,True,0,,iterative,4285089914622412300,squash,False
01K4DWXETBNRFEVHYV9FT2HPS9-supermarket,5,meta-llama/Llama-3.3-70B-Instruct-Turbo,supermarket,"apple
banana
carrot
deodorant",egg,0.0,toothpaste,,False,True,0,,iterative,17604156929279440000,toilet paper,False
01K4DWXETBNRFEVHYV9FT2HPS9-supermarket,6,meta-llama/Llama-3.3-70B-Instruct-Turbo,supermarket,"apple
banana
carrot
deodorant
egg",fish,0.0,toothpaste,,False,True,0,,iterative,15680808688588368000,milk,False
01K4DWXETBNRFEVHYV9FT2HPS9-supermarket,7,meta-llama/Llama-3.3-70B-Instruct-Turbo,supermarket,"apple
banana
carrot
deodorant
egg
fish",gel,0.0,flour,,False,True,0,,iterative,7909459907945794000,grape,False
01K4DWXETBNRFEVHYV9FT2HPS9-supermarket,8,meta-llama/Llama-3.3-70B-Instruct-Turbo,supermarket,"apple
banana
carrot
deodorant
egg
fish
gel",ham,0.0,honey,,False,True,0,,iterative,9264372148103780000,hairpin,False
01K4DWXETBNRFEVHYV9FT2HPS9-supermarket,9,meta-llama/Llama-3.3-70B-Instruct-Turbo,supermarket,"apple
banana
carrot
deodorant
egg
fish
gel
ham",jam,0.0,icecream,,False,True,0,,iterative,11818245902991321000,ice cream,False
01K4DWXETBNRFEVHYV9FT2HPS9-supermarket,10,meta-llama/Llama-3.3-70B-Instruct-Turbo,supermarket,"apple
banana
carrot
deodorant
egg
fish
gel
ham
jam",lemon,0.0,ketchup,,False,True,0,,iterative,1231998405323212500,candy corn,False
01K4DWXETBNRFEVHYV9FT2HPS9-supermarket,11,meta-llama/Llama-3.3-70B-Instruct-Turbo,supermarket,"apple
banana
carrot
deodorant
egg
fish
gel
ham
jam
lemon",nut,0.0,milk,,False,True,0,,iterative,16655182222565972000,milk,False
01K4DWXETBNRFEVHYV9FT2HPS9-supermarket,12,meta-llama/Llama-3.3-70B-Instruct-Turbo,supermarket,"apple
banana
carrot
deodorant
egg
fish
gel
ham
jam
lemon
nut",olive,0.0,oatmeal,,False,True,0,,iterative,1549099139580287700,pear,False
01K4DWXETBNRFEVHYV9FT2HPS9-supermarket,13,meta-llama/Llama-3.3-70B-Instruct-Turbo,supermarket,"apple
banana
carrot
deodorant
egg
fish
gel
ham
jam
lemon
nut
olive",pineapple,1.0,orange,,False,True,0,,iterative,17232113314411198000,pear,False
01K4DWXETBNRFEVHYV9FT2HPS9-supermarket,14,meta-llama/Llama-3.3-70B-Instruct-Turbo,supermarket,"apple
banana
carrot
deodorant
egg
fish
gel
ham
jam
lemon
nut
olive
pineapple",sandwichspread,0.0,quail,,False,True,0,,iterative,8807646488807121000,quick oat,False
01K4DWXETBNRFEVHYV9FT2HPS9-supermarket,15,meta-llama/Llama-3.3-70B-Instruct-Turbo,supermarket,"apple
banana
carrot
deodorant
egg
fish
gel
ham
jam
lemon
nut
olive
pineapple
sandwich spread",tuna,0.0,quince,,False,True,0,,iterative,15121807744392063000,tuna fish,False
01K4DWXETBNRFEVHYV9FT2HPS9-supermarket,16,meta-llama/Llama-3.3-70B-Instruct-Turbo,supermarket,"apple
banana
carrot
deodorant
egg
fish
gel
ham
jam
lemon
nut
olive
pineapple
sandwich spread
tuna",windowcleaner,0.0,mayonnaise,,False,True,0,,iterative,5033700671782042000,water bottle,False
01K4DWXETBNRFEVHYV9FT2HPS9-supermarket,17,meta-llama/Llama-3.3-70B-Instruct-Turbo,supermarket,"apple
banana
carrot
deodorant
egg
fish
gel
ham
jam
lemon
nut
olive
pineapple
sandwich spread
tuna
window cleaner",avocado,0.0,yogurt,,False,True,0,,iterative,13228622329998300000,yam,False
01K4DWXETBNRFEVHYV9FT2HPS9-supermarket,18,meta-llama/Llama-3.3-70B-Instruct-Turbo,supermarket,"apple
banana
carrot
deodorant
egg
fish
gel
ham
jam
lemon
nut
olive
pineapple
sandwich spread
tuna
window cleaner
avocado",bread,0.0,tomato,,False,True,0,,iterative,16393698970245296000,broccoli,False
01K4DWXETBNRFEVHYV9FT2HPS9-supermarket,19,meta-llama/Llama-3.3-70B-Instruct-Turbo,supermarket,"apple
banana
carrot
deodorant
egg
fish
gel
ham
jam
lemon
nut
olive
pineapple
sandwich spread
tuna
window cleaner
avocado
bread",cucumber,0.0,butter,,False,True,0,,iterative,18040785595575458000,canned fish,False
01K4DWXETBNRFEVHYV9FT2HPS9-supermarket,20,meta-llama/Llama-3.3-70B-Instruct-Turbo,supermarket,"apple
banana
carrot
deodorant
egg
fish
gel
ham
jam
lemon
nut
olive
pineapple
sandwich spread
tuna
window cleaner
avocado
bread
cucumber",frozenpea,0.0,tomato,,False,True,0,,iterative,9145115499760932000,dill pickle,False
01K4DWXETBNRFEVHYV9FT2HPS9-supermarket,21,meta-llama/Llama-3.3-70B-Instruct-Turbo,supermarket,"apple
banana
carrot
deodorant
egg
fish
gel
ham
jam
lemon
nut
olive
pineapple
sandwich spread
tuna
window cleaner
avocado
bread
cucumber
frozen pea",jelly,0.0,yogurt,,False,True,0,,iterative,11000129550389110000,grape,False
01K4DWXETBNRFEVHYV9FT2HPS9-supermarket,22,meta-llama/Llama-3.3-70B-Instruct-Turbo,supermarket,"apple
banana
carrot
deodorant
egg
fish
gel
ham
jam
lemon
nut
olive
pineapple
sandwich spread
tuna
window cleaner
avocado
bread
cucumber
frozen pea
jelly",lamb,0.0,milk,,False,True,0,,iterative,18388587078673037000,ice cream,False
01K4DWXETBNRFEVHYV9FT2HPS9-supermarket,23,meta-llama/Llama-3.3-70B-Instruct-Turbo,supermarket,"apple
banana
carrot
deodorant
egg
fish
gel
ham
jam
lemon
nut
olive
pineapple
sandwich spread
tuna
window cleaner
avocado
bread
cucumber
frozen pea
jelly
lamb",melon,0.0,milk,,False,True,0,,iterative,14910853073426385000,mayo,False
01K4DWXETBNRFEVHYV9FT2HPS9-supermarket,24,meta-llama/Llama-3.3-70B-Instruct-Turbo,supermarket,"apple
banana
carrot
deodorant
egg
fish
gel
ham
jam
lemon
nut
olive
pineapple
sandwich spread
tuna
window cleaner
avocado
bread
cucumber
frozen pea
jelly
lamb
melon",nutella,0.0,milk,,False,True,0,,iterative,9662136241207204000,nut,False
01K4DWXETBNRFEVHYV9FT2HPS9-supermarket,25,meta-llama/Llama-3.3-70B-Instruct-Turbo,supermarket,"apple
banana
carrot
deodorant
egg
fish
gel
ham
jam
lemon
nut
olive
pineapple
sandwich spread
tuna
window cleaner
avocado
bread
cucumber
frozen pea
jelly
lamb
melon
nutella",ovenchip,0.0,yogurt,,False,True,0,,iterative,7307457897939591000,pear,False
01K4DWXETBNRFEVHYV9FT2HPS9-supermarket,26,meta-llama/Llama-3.3-70B-Instruct-Turbo,supermarket,"apple
banana
carrot
deodorant
egg
fish
gel
ham
jam
lemon
nut
olive
pineapple
sandwich spread
tuna
window cleaner
avocado
bread
cucumber
frozen pea
jelly
lamb
melon
nutella
oven chip",potato,0.0,mayonnaise,,False,True,0,,iterative,13733725747884261000,pear,False
01K4DWXETBNRFEVHYV9FT2HPS9-supermarket,27,meta-llama/Llama-3.3-70B-Instruct-Turbo,supermarket,"apple
banana
carrot
deodorant
egg
fish
gel
ham
jam
lemon
nut
olive
pineapple
sandwich spread
tuna
window cleaner
avocado
bread
cucumber
frozen pea
jelly
lamb
melon
nutella
oven chip
potato",roastedpeanut,0.0,onion,,False,True,0,,iterative,5893694409808230000,radish,False
01K4DWXETBNRFEVHYV9FT2HPS9-supermarket,28,meta-llama/Llama-3.3-70B-Instruct-Turbo,supermarket,"apple
banana
carrot
deodorant
egg
fish
gel
ham
jam
lemon
nut
olive
pineapple
sandwich spread
tuna
window cleaner
avocado
bread
cucumber
frozen pea
jelly
lamb
melon
nutella
oven chip
potato
roasted peanut",sausage,0.0,salt,,False,True,0,,iterative,15654153630456818000,steak,False
01K4DWXETBNRFEVHYV9FT2HPS9-supermarket,29,meta-llama/Llama-3.3-70B-Instruct-Turbo,supermarket,"apple
banana
carrot
deodorant
egg
fish
gel
ham
jam
lemon
nut
olive
pineapple
sandwich spread
tuna
window cleaner
avocado
bread
cucumber
frozen pea
jelly
lamb
melon
nutella
oven chip
potato
roasted peanut
sausage",tinnedfruit,0.0,tomato,,False,True,0,,iterative,10070792676019220000,taco shell,False
01K4DWXETBNRFEVHYV9FT2HPS9-supermarket,30,meta-llama/Llama-3.3-70B-Instruct-Turbo,supermarket,"apple
banana
carrot
deodorant
egg
fish
gel
ham
jam
lemon
nut
olive
pineapple
sandwich spread
tuna
window cleaner
avocado
bread
cucumber
frozen pea
jelly
lamb
melon
nutella
oven chip
potato
roasted peanut
sausage
tinned fruit",cereal,0.0,tomato,,False,True,0,,iterative,7875141993226776000,water,False
01K4DWXETBNRFEVHYV9FT2HPS9-supermarket,31,meta-llama/Llama-3.3-70B-Instruct-Turbo,supermarket,"apple
banana
carrot
deodorant
egg
fish
gel
ham
jam
lemon
nut
olive
pineapple
sandwich spread
tuna
window cleaner
avocado
bread
cucumber
frozen pea
jelly
lamb
melon
nutella
oven chip
potato
roasted peanut
sausage
tinned fruit
cereal",salad,0.0,milk,,False,True,0,,iterative,12969774155774720000,date,False
01KEYTZE68025SSCGRBBSCG3YR,2,meta-llama/Llama-3.3-70B-Instruct-Turbo,supermarket,aisle,shelf,1.0,cereal,,False,True,0,,iterative,9030612211743306000,sea,False
01KEYTZE68025SSCGRBBSCG3YR,3,meta-llama/Llama-3.3-70B-Instruct-Turbo,supermarket,"aisle
shelf",cart,0.0,cereal,,False,True,0,,iterative,1337106629075725800,chair,False
01KEYTZE68025SSCGRBBSCG3YR,4,meta-llama/Llama-3.3-70B-Instruct-Turbo,supermarket,"aisle
shelf
cart",trolley,0.0,checkout,,False,True,0,,iterative,10403820316014696000,car,False
01KEYTZE68025SSCGRBBSCG3YR,5,meta-llama/Llama-3.3-70B-Instruct-Turbo,supermarket,"aisle
shelf
cart
trolley",checkout,0.0,checkout,,True,True,0,,iterative,13752792473571320000,basket,False
01KEYTZE68025SSCGRBBSCG3YR,6,meta-llama/Llama-3.3-70B-Instruct-Turbo,supermarket,"aisle
shelf
cart
trolley
checkout",camera,0.0,cashier,,False,True,0,,iterative,3184385027947682300,till,False
01KEYTZE68025SSCGRBBSCG3YR,7,meta-llama/Llama-3.3-70B-Instruct-Turbo,supermarket,"aisle
shelf
cart
trolley
checkout
camera",worker,0.0,security,,False,True,0,,iterative,7816053571526151000,phone,False
01KEYTZE68025SSCGRBBSCG3YR,8,meta-llama/Llama-3.3-70B-Instruct-Turbo,supermarket,"aisle
shelf
cart
trolley
checkout
camera
worker",shopper,0.0,uniform,,False,True,0,,iterative,15654396462174325000,uniform,False
01KEYTZE68025SSCGRBBSCG3YR,9,meta-llama/Llama-3.3-70B-Instruct-Turbo,supermarket,"aisle
shelf
cart
trolley
checkout
camera
worker
shopper",freezer,1.0,cashier,,False,True,0,,iterative,11092971037068726000,grocery,False
01KEYTZE68025SSCGRBBSCG3YR,10,meta-llama/Llama-3.3-70B-Instruct-Turbo,supermarket,"aisle
shelf
cart
trolley
checkout
camera
worker
shopper
freezer",fridge,1.0,refrigerator,,False,True,0,,iterative,6616317554936086000,fridge,True
01KEYTZE68025SSCGRBBSCG3YR,11,meta-llama/Llama-3.3-70B-Instruct-Turbo,supermarket,"aisle
shelf
cart
trolley
checkout
camera
worker
shopper
freezer
fridge",escalator,0.0,microwave,,False,True,0,,iterative,11839150169276058000,milk,False
01KEYTZE68025SSCGRBBSCG3YR,12,meta-llama/Llama-3.3-70B-Instruct-Turbo,supermarket,"aisle
shelf
cart
trolley
checkout
camera
worker
shopper
freezer
fridge
escalator",manager,0.0,elevator,,False,True,0,,iterative,9508229668914268000,stair,False
01KEYTZE68025SSCGRBBSCG3YR,13,meta-llama/Llama-3.3-70B-Instruct-Turbo,supermarket,"aisle
shelf
cart
trolley
checkout
camera
worker
shopper
freezer
fridge
escalator
manager",shiftleader,0.0,employee,,False,True,0,,iterative,1984780859469673000,supervisor,False
01KEYTZE68025SSCGRBBSCG3YR,14,meta-llama/Llama-3.3-70B-Instruct-Turbo,supermarket,"aisle
shelf
cart
trolley
checkout
camera
worker
shopper
freezer
fridge
escalator
manager
shift leader",pallet,0.0,employee,,False,True,0,,iterative,3484611660633997300,employee,False
01KEYTZE68025SSCGRBBSCG3YR,15,meta-llama/Llama-3.3-70B-Instruct-Turbo,supermarket,"aisle
shelf
cart
trolley
checkout
camera
worker
shopper
freezer
fridge
escalator
manager
shift leader
pallet",cereal,0.0,forlift,,False,True,0,,iterative,12905221613228370000,wood,False
01KEYTZE68025SSCGRBBSCG3YR,16,meta-llama/Llama-3.3-70B-Instruct-Turbo,supermarket,"aisle
shelf
cart
trolley
checkout
camera
worker
shopper
freezer
fridge
escalator
manager
shift leader
pallet
cereal",chocolate,0.0,milk,,False,True,0,,iterative,1040844349150694700,milk,False
01KEYTZE68025SSCGRBBSCG3YR,17,meta-llama/Llama-3.3-70B-Instruct-Turbo,supermarket,"aisle
shelf
cart
trolley
checkout
camera
worker
shopper
freezer
fridge
escalator
manager
shift leader
pallet
cereal
chocolate",toiletroll,0.0,milk,,False,True,0,,iterative,16241224337743704000,crisp,False
01KEYTZE68025SSCGRBBSCG3YR,18,meta-llama/Llama-3.3-70B-Instruct-Turbo,supermarket,"aisle
shelf
cart
trolley
checkout
camera
worker
shopper
freezer
fridge
escalator
manager
shift leader
pallet
cereal
chocolate
toilet roll",securityguard,0.0,tissues,,False,True,0,,iterative,8288399902830102000,bathroom,False
01KEYTZE68025SSCGRBBSCG3YR,19,meta-llama/Llama-3.3-70B-Instruct-Turbo,supermarket,"aisle
shelf
cart
trolley
checkout
camera
worker
shopper
freezer
fridge
escalator
manager
shift leader
pallet
cereal
chocolate
toilet roll
security guard",wheelchair,0.0,toothpaste,,False,True,0,,iterative,3058318580166868000,radio,False
01KEYTZE68025SSCGRBBSCG3YR,20,meta-llama/Llama-3.3-70B-Instruct-Turbo,supermarket,"aisle
shelf
cart
trolley
checkout
camera
worker
shopper
freezer
fridge
escalator
manager
shift leader
pallet
cereal
chocolate
toilet roll
security guard
wheelchair",toilet,0.0,toiletpaper,,False,True,0,,iterative,10979275279511316000,crutch,False
01KEYTZE68025SSCGRBBSCG3YR,21,meta-llama/Llama-3.3-70B-Instruct-Turbo,supermarket,"aisle
shelf
cart
trolley
checkout
camera
worker
shopper
freezer
fridge
escalator
manager
shift leader
pallet
cereal
chocolate
toilet roll
security guard
wheelchair
toilet",scanner,0.0,soap,,False,True,0,,iterative,8256045665932038000,sink,False
01KEYTZE68025SSCGRBBSCG3YR,22,meta-llama/Llama-3.3-70B-Instruct-Turbo,supermarket,"aisle
shelf
cart
trolley
checkout
camera
worker
shopper
freezer
fridge
escalator
manager
shift leader
pallet
cereal
chocolate
toilet roll
security guard
wheelchair
toilet
scanner",donationbox,0.0,tissues,,False,True,0,,iterative,716689632791808100,till,False
01KEYTZE68025SSCGRBBSCG3YR,23,meta-llama/Llama-3.3-70B-Instruct-Turbo,supermarket,"aisle
shelf
cart
trolley
checkout
camera
worker
shopper
freezer
fridge
escalator
manager
shift leader
pallet
cereal
chocolate
toilet roll
security guard
wheelchair
toilet
scanner
donation box",fruit,0.0,charitybin,,False,True,0,,iterative,3200071807633969700,charity,False
01KEYTZE68025SSCGRBBSCG3YR,24,meta-llama/Llama-3.3-70B-Instruct-Turbo,supermarket,"aisle
shelf
cart
trolley
checkout
camera
worker
shopper
freezer
fridge
escalator
manager
shift leader
pallet
cereal
chocolate
toilet roll
security guard
wheelchair
toilet
scanner
donation box
fruit",vegetable,0.0,apple,,False,True,0,,iterative,14915595800762448000,vegetable,True
01KEYTZE68025SSCGRBBSCG3YR,25,meta-llama/Llama-3.3-70B-Instruct-Turbo,supermarket,"aisle
shelf
cart
trolley
checkout
camera
worker
shopper
freezer
fridge
escalator
manager
shift leader
pallet
cereal
chocolate
toilet roll
security guard
wheelchair
toilet
scanner
donation box
fruit
vegetable",meat,0.0,apple,,False,True,0,,iterative,10472480891562506000,chip,False
01KEYTZE68025SSCGRBBSCG3YR,26,meta-llama/Llama-3.3-70B-Instruct-Turbo,supermarket,"aisle
shelf
cart
trolley
checkout
camera
worker
shopper
freezer
fridge
escalator
manager
shift leader
pallet
cereal
chocolate
toilet roll
security guard
wheelchair
toilet
scanner
donation box
fruit
vegetable
meat",cheese,0.0,fish,,False,True,0,,iterative,12360231009959543000,fish,False
01KEYTZE68025SSCGRBBSCG3YR,27,meta-llama/Llama-3.3-70B-Instruct-Turbo,supermarket,"aisle
shelf
cart
trolley
checkout
camera
worker
shopper
freezer
fridge
escalator
manager
shift leader
pallet
cereal
chocolate
toilet roll
security guard
wheelchair
toilet
scanner
donation box
fruit
vegetable
meat
cheese",yoghurt,0.0,milk,,False,True,0,,iterative,9070532281812187000,milk,False
01KEYTZE68025SSCGRBBSCG3YR,28,meta-llama/Llama-3.3-70B-Instruct-Turbo,supermarket,"aisle
shelf
cart
trolley
checkout
camera
worker
shopper
freezer
fridge
escalator
manager
shift leader
pallet
cereal
chocolate
toilet roll
security guard
wheelchair
toilet
scanner
donation box
fruit
vegetable
meat
cheese
yoghurt",milk,0.0,milk,,True,True,0,,iterative,7881791993919689000,milk,True
01KEYTZE68025SSCGRBBSCG3YR,29,meta-llama/Llama-3.3-70B-Instruct-Turbo,supermarket,"aisle
shelf
cart
trolley
checkout
camera
worker
shopper
freezer
fridge
escalator
manager
shift leader
pallet
cereal
chocolate
toilet roll
security guard
wheelchair
toilet
scanner
donation box
fruit
vegetable
meat
cheese
yoghurt
milk",customer,0.0,butter,,False,True,0,,iterative,4011429935873535500,dessert,False
01KEYTZE68025SSCGRBBSCG3YR,30,meta-llama/Llama-3.3-70B-Instruct-Turbo,supermarket,"aisle
shelf
cart
trolley
checkout
camera
worker
shopper
freezer
fridge
escalator
manager
shift leader
pallet
cereal
chocolate
toilet roll
security guard
wheelchair
toilet
scanner
donation box
fruit
vegetable
meat
cheese
yoghurt
milk
customer",speaker,0.0,bread,,False,True,0,,iterative,13538881000006298000,person,False
01KEYTZE68025SSCGRBBSCG3YR,31,meta-llama/Llama-3.3-70B-Instruct-Turbo,supermarket,"aisle
shelf
cart
trolley
checkout
camera
worker
shopper
freezer
fridge
escalator
manager
shift leader
pallet
cereal
chocolate
toilet roll
security guard
wheelchair
toilet
scanner
donation box
fruit
vegetable
meat
cheese
yoghurt
milk
customer
speaker",tannoysystem,0.0,microphone,,False,True,0,,iterative,13816776288109597000,microphone,False
01KEYTZE68025SSCGRBBSCG3YR,32,meta-llama/Llama-3.3-70B-Instruct-Turbo,supermarket,"aisle
shelf
cart
trolley
checkout
camera
worker
shopper
freezer
fridge
escalator
manager
shift leader
pallet
cereal
chocolate
toilet roll
security guard
wheelchair
toilet
scanner
donation box
fruit
vegetable
meat
cheese
yoghurt
milk
customer
speaker
tannoy system",vape,0.0,microphone,,False,True,0,,iterative,4296168981165592600,speaker,False
01KEYTZE68025SSCGRBBSCG3YR,33,meta-llama/Llama-3.3-70B-Instruct-Turbo,supermarket,"aisle
shelf
cart
trolley
checkout
camera
worker
shopper
freezer
fridge
escalator
manager
shift leader
pallet
cereal
chocolate
toilet roll
security guard
wheelchair
toilet
scanner
donation box
fruit
vegetable
meat
cheese
yoghurt
milk
customer
speaker
tannoy system
vape",beer,0.0,e-cigarette,,False,True,0,,iterative,4424901516823830000,zyn,False
01KEYTZE68025SSCGRBBSCG3YR,34,meta-llama/Llama-3.3-70B-Instruct-Turbo,supermarket,"aisle
shelf
cart
trolley
checkout
camera
worker
shopper
freezer
fridge
escalator
manager
shift leader
pallet
cereal
chocolate
toilet roll
security guard
wheelchair
toilet
scanner
donation box
fruit
vegetable
meat
cheese
yoghurt
milk
customer
speaker
tannoy system
vape
beer",wine,0.0,wine,,True,True,0,,iterative,49058965739696560,wine,True
01KEYTZE68025SSCGRBBSCG3YR,35,meta-llama/Llama-3.3-70B-Instruct-Turbo,supermarket,"aisle
shelf
cart
trolley
checkout
camera
worker
shopper
freezer
fridge
escalator
manager
shift leader
pallet
cereal
chocolate
toilet roll
security guard
wheelchair
toilet
scanner
donation box
fruit
vegetable
meat
cheese
yoghurt
milk
customer
speaker
tannoy system
vape
beer
wine",vodka,0.0,alcohol,,False,True,0,,iterative,2073663541369980700,vodka,True
01KEYTZE68025SSCGRBBSCG3YR,36,meta-llama/Llama-3.3-70B-Instruct-Turbo,supermarket,"aisle
shelf
cart
trolley
checkout
camera
worker
shopper
freezer
fridge
escalator
manager
shift leader
pallet
cereal
chocolate
toilet roll
security guard
wheelchair
toilet
scanner
donation box
fruit
vegetable
meat
cheese
yoghurt
milk
customer
speaker
tannoy system
vape
beer
wine
vodka",spirit,0.0,whiskey,,False,True,0,,iterative,9190401161393548000,whisky,False
01KEYTZE68025SSCGRBBSCG3YR,37,meta-llama/Llama-3.3-70B-Instruct-Turbo,supermarket,"aisle
shelf
cart
trolley
checkout
camera
worker
shopper
freezer
fridge
escalator
manager
shift leader
pallet
cereal
chocolate
toilet roll
security guard
wheelchair
toilet
scanner
donation box
fruit
vegetable
meat
cheese
yoghurt
milk
customer
speaker
tannoy system
vape
beer
wine
vodka
spirit",cider,0.0,softdrink,,False,True,0,,iterative,3851391406874263600,rum,False
01KEYTZE68025SSCGRBBSCG3YR,38,meta-llama/Llama-3.3-70B-Instruct-Turbo,supermarket,"aisle
shelf
cart
trolley
checkout
camera
worker
shopper
freezer
fridge
escalator
manager
shift leader
pallet
cereal
chocolate
toilet roll
security guard
wheelchair
toilet
scanner
donation box
fruit
vegetable
meat
cheese
yoghurt
milk
customer
speaker
tannoy system
vape
beer
wine
vodka
spirit
cider",nappy,0.0,softdrink,,False,True,0,,iterative,12149321026443033000,jack daniels,False
01KEYTZE68025SSCGRBBSCG3YR,39,meta-llama/Llama-3.3-70B-Instruct-Turbo,supermarket,"aisle
shelf
cart
trolley
checkout
camera
worker
shopper
freezer
fridge
escalator
manager
shift leader
pallet
cereal
chocolate
toilet roll
security guard
wheelchair
toilet
scanner
donation box
fruit
vegetable
meat
cheese
yoghurt
milk
customer
speaker
tannoy system
vape
beer
wine
vodka
spirit
cider
nappy",sweet,0.0,babyfood,,False,True,0,,iterative,16606530712095588000,powder,False
01KEYTZE68025SSCGRBBSCG3YR,40,meta-llama/Llama-3.3-70B-Instruct-Turbo,supermarket,"aisle
shelf
cart
trolley
checkout
camera
worker
shopper
freezer
fridge
escalator
manager
shift leader
pallet
cereal
chocolate
toilet roll
security guard
wheelchair
toilet
scanner
donation box
fruit
vegetable
meat
cheese
yoghurt
milk
customer
speaker
tannoy system
vape
beer
wine
vodka
spirit
cider
nappy
sweet",confectionery,0.0,biscuit,,False,True,0,,iterative,2725685913823299000,sour,False
01KEYV1BM6M9HJCFKV0JCKYV2G,2,meta-llama/Llama-3.3-70B-Instruct-Turbo,supermarket,cereal,pancakemix,0.0,milk,,False,True,0,,iterative,16495104426052004000,corn flake,False
01KEYV1BM6M9HJCFKV0JCKYV2G,3,meta-llama/Llama-3.3-70B-Instruct-Turbo,supermarket,"cereal
pancake mix",canofsoup,0.0,syrup,,False,True,0,,iterative,1983569109218142700,cooking,False
01KEYV1BM6M9HJCFKV0JCKYV2G,4,meta-llama/Llama-3.3-70B-Instruct-Turbo,supermarket,"cereal
pancake mix
can of soup",meat,1.0,oatmeal,,False,True,0,,iterative,4523066826525831700,packet,False
01KEYV1BM6M9HJCFKV0JCKYV2G,5,meta-llama/Llama-3.3-70B-Instruct-Turbo,supermarket,"cereal
pancake mix
can of soup
meat",vegetable,0.0,chicken,,False,True,0,,iterative,9668593842015156000,ham,False
01KEYV1BM6M9HJCFKV0JCKYV2G,6,meta-llama/Llama-3.3-70B-Instruct-Turbo,supermarket,"cereal
pancake mix
can of soup
meat
vegetable",fish,0.0,fruit,,False,True,0,,iterative,16672814158127575000,fruit,False
01KEYV1BM6M9HJCFKV0JCKYV2G,7,meta-llama/Llama-3.3-70B-Instruct-Turbo,supermarket,"cereal
pancake mix
can of soup
meat
vegetable
fish",maplesyrup,1.0,shrimp,,False,True,0,,iterative,15120435682185302000,bone,False
01KEYV1BM6M9HJCFKV0JCKYV2G,8,meta-llama/Llama-3.3-70B-Instruct-Turbo,supermarket,"cereal
pancake mix
can of soup
meat
vegetable
fish
maple syrup",bean,1.0,butter,,False,True,0,,iterative,8676502272312552000,pickle,False
01KEYV1BM6M9HJCFKV0JCKYV2G,9,meta-llama/Llama-3.3-70B-Instruct-Turbo,supermarket,"cereal
pancake mix
can of soup
meat
vegetable
fish
maple syrup
bean",carrot,0.0,rice,,False,True,0,,iterative,15391913446253365000,nut,False
01KEYV1BM6M9HJCFKV0JCKYV2G,10,meta-llama/Llama-3.3-70B-Instruct-Turbo,supermarket,"cereal
pancake mix
can of soup
meat
vegetable
fish
maple syrup
bean
carrot",milk,1.0,broccoli,,False,True,0,,iterative,17761086602310453000,diced carrot,False
01KEYV1BM6M9HJCFKV0JCKYV2G,11,meta-llama/Llama-3.3-70B-Instruct-Turbo,supermarket,"cereal
pancake mix
can of soup
meat
vegetable
fish
maple syrup
bean
carrot
milk",egg,0.0,butter,,False,True,0,,iterative,7337198297269164000,drink,False
01KEYV1BM6M9HJCFKV0JCKYV2G,12,meta-llama/Llama-3.3-70B-Instruct-Turbo,supermarket,"cereal
pancake mix
can of soup
meat
vegetable
fish
maple syrup
bean
carrot
milk
egg",bread,0.0,butter,,False,True,0,,iterative,4743107978933426000,omelette,False
01KEYV1BM6M9HJCFKV0JCKYV2G,13,meta-llama/Llama-3.3-70B-Instruct-Turbo,supermarket,"cereal
pancake mix
can of soup
meat
vegetable
fish
maple syrup
bean
carrot
milk
egg
bread",waffle,0.0,butter,,False,True,0,,iterative,2560287199039899600,jam,False
01KEYV1BM6M9HJCFKV0JCKYV2G,14,meta-llama/Llama-3.3-70B-Instruct-Turbo,supermarket,"cereal
pancake mix
can of soup
meat
vegetable
fish
maple syrup
bean
carrot
milk
egg
bread
waffle",icecream,1.0,butter,,False,True,0,,iterative,2334981686876064300,toaster,False
01KEYV1BM6M9HJCFKV0JCKYV2G,15,meta-llama/Llama-3.3-70B-Instruct-Turbo,supermarket,"cereal
pancake mix
can of soup
meat
vegetable
fish
maple syrup
bean
carrot
milk
egg
bread
waffle
ice cream",orangejuice,0.0,butter,,False,True,0,,iterative,12592622554286397000,chocolate,False
01KEYV1BM6M9HJCFKV0JCKYV2G,16,meta-llama/Llama-3.3-70B-Instruct-Turbo,supermarket,"cereal
pancake mix
can of soup
meat
vegetable
fish
maple syrup
bean
carrot
milk
egg
bread
waffle
ice cream
orange juice",strawberry,1.0,butter,,False,True,0,,iterative,9788491313588089000,apple,False
01KEYV1BM6M9HJCFKV0JCKYV2G,17,meta-llama/Llama-3.3-70B-Instruct-Turbo,supermarket,"cereal
pancake mix
can of soup
meat
vegetable
fish
maple syrup
bean
carrot
milk
egg
bread
waffle
ice cream
orange juice
strawberry",basket,0.0,yogurt,,False,True,0,,iterative,12195352174280497000,apple,False
01KEYV1BM6M9HJCFKV0JCKYV2G,18,meta-llama/Llama-3.3-70B-Instruct-Turbo,supermarket,"cereal
pancake mix
can of soup
meat
vegetable
fish
maple syrup
bean
carrot
milk
egg
bread
waffle
ice cream
orange juice
strawberry
basket",cart,0.0,apple,,False,True,0,,iterative,11054236199897592000,roll,False
01KEYV1BM6M9HJCFKV0JCKYV2G,19,meta-llama/Llama-3.3-70B-Instruct-Turbo,supermarket,"cereal
pancake mix
can of soup
meat
vegetable
fish
maple syrup
bean
carrot
milk
egg
bread
waffle
ice cream
orange juice
strawberry
basket
cart",soda,0.0,yogurt,,False,True,0,,iterative,7154733948471633000,trolley,False
01KEYV1BM6M9HJCFKV0JCKYV2G,20,meta-llama/Llama-3.3-70B-Instruct-Turbo,supermarket,"cereal
pancake mix
can of soup
meat
vegetable
fish
maple syrup
bean
carrot
milk
egg
bread
waffle
ice cream
orange juice
strawberry
basket
cart
soda",sandwich,0.0,water,,False,True,0,,iterative,3608863861956040000,water,False
01KEYV1BM6M9HJCFKV0JCKYV2G,21,meta-llama/Llama-3.3-70B-Instruct-Turbo,supermarket,"cereal
pancake mix
can of soup
meat
vegetable
fish
maple syrup
bean
carrot
milk
egg
bread
waffle
ice cream
orange juice
strawberry
basket
cart
soda
sandwich",frozendinner,1.0,cheese,,False,True,0,,iterative,6215975461075761000,pickle,False
01KEYV1BM6M9HJCFKV0JCKYV2G,22,meta-llama/Llama-3.3-70B-Instruct-Turbo,supermarket,"cereal
pancake mix
can of soup
meat
vegetable
fish
maple syrup
bean
carrot
milk
egg
bread
waffle
ice cream
orange juice
strawberry
basket
cart
soda
sandwich
frozen dinner",yogurt,0.0,pizza,,False,True,0,,iterative,3260482829122763300,microwave,False
01KEYV1BM6M9HJCFKV0JCKYV2G,23,meta-llama/Llama-3.3-70B-Instruct-Turbo,supermarket,"cereal
pancake mix
can of soup
meat
vegetable
fish
maple syrup
bean
carrot
milk
egg
bread
waffle
ice cream
orange juice
strawberry
basket
cart
soda
sandwich
frozen dinner
yogurt",cranberryjuice,0.0,cheese,,False,True,0,,iterative,7806396455657186000,fruit,False
01KEYV1BM6M9HJCFKV0JCKYV2G,24,meta-llama/Llama-3.3-70B-Instruct-Turbo,supermarket,"cereal
pancake mix
can of soup
meat
vegetable
fish
maple syrup
bean
carrot
milk
egg
bread
waffle
ice cream
orange juice
strawberry
basket
cart
soda
sandwich
frozen dinner
yogurt
cranberry juice",peanutbutter,0.0,cheese,,False,True,0,,iterative,3948479524778754600,apple,False
01KEYV1BM6M9HJCFKV0JCKYV2G,25,meta-llama/Llama-3.3-70B-Instruct-Turbo,supermarket,"cereal
pancake mix
can of soup
meat
vegetable
fish
maple syrup
bean
carrot
milk
egg
bread
waffle
ice cream
orange juice
strawberry
basket
cart
soda
sandwich
frozen dinner
yogurt
cranberry juice
peanut butter",nutella,0.0,jelly,,False,True,0,,iterative,5659300765484813000,jam,False
01KEYV1QZ7Q48N67DP4TAB3KB8,2,meta-llama/Llama-3.3-70B-Instruct-Turbo,supermarket,egg,bean,1.0,bacon,,False,True,0,,iterative,1179969965167177000,milk,False
01KEYV1QZ7Q48N67DP4TAB3KB8,3,meta-llama/Llama-3.3-70B-Instruct-Turbo,supermarket,"egg
bean",sausage,1.0,rice,,False,True,0,,iterative,2359848601319047700,vegetable,False
01KEYV1QZ7Q48N67DP4TAB3KB8,4,meta-llama/Llama-3.3-70B-Instruct-Turbo,supermarket,"egg
bean
sausage",beefburger,0.0,bacon,,False,True,0,,iterative,16681807978843607000,egg,False
01KEYV1QZ7Q48N67DP4TAB3KB8,5,meta-llama/Llama-3.3-70B-Instruct-Turbo,supermarket,"egg
bean
sausage
beefburger",pizza,1.0,bacon,,False,True,0,,iterative,10293277343177972000,bun,False
01KEYV1QZ7Q48N67DP4TAB3KB8,6,meta-llama/Llama-3.3-70B-Instruct-Turbo,supermarket,"egg
bean
sausage
beefburger
pizza",orange,1.0,frozenchips,,False,True,0,,iterative,15573503827660964000,pasta,False
01KEYV1QZ7Q48N67DP4TAB3KB8,7,meta-llama/Llama-3.3-70B-Instruct-Turbo,supermarket,"egg
bean
sausage
beefburger
pizza
orange",pear,0.0,apple,,False,True,0,,iterative,9896480152052460000,celery,False
01KEYV1QZ7Q48N67DP4TAB3KB8,8,meta-llama/Llama-3.3-70B-Instruct-Turbo,supermarket,"egg
bean
sausage
beefburger
pizza
orange
pear",apple,0.0,apple,,True,True,0,,iterative,13631825677587430000,apple,True
01KEYV1QZ7Q48N67DP4TAB3KB8,9,meta-llama/Llama-3.3-70B-Instruct-Turbo,supermarket,"egg
bean
sausage
beefburger
pizza
orange
pear
apple",radish,1.0,grape,,False,True,0,,iterative,9787784774769650000,grape,False
01KEYV1QZ7Q48N67DP4TAB3KB8,10,meta-llama/Llama-3.3-70B-Instruct-Turbo,supermarket,"egg
bean
sausage
beefburger
pizza
orange
pear
apple
radish",pomegranate,0.0,carrot,,False,True,0,,iterative,8643254163159563000,onion,False
01KEYV1QZ7Q48N67DP4TAB3KB8,11,meta-llama/Llama-3.3-70B-Instruct-Turbo,supermarket,"egg
bean
sausage
beefburger
pizza
orange
pear
apple
radish
pomegranate",fishfinger,1.0,grape,,False,True,0,,iterative,9785229320423710000,banana,False
01KEYV1QZ7Q48N67DP4TAB3KB8,12,meta-llama/Llama-3.3-70B-Instruct-Turbo,supermarket,"egg
bean
sausage
beefburger
pizza
orange
pear
apple
radish
pomegranate
fish finger",icing,1.0,mushroom,,False,True,0,,iterative,8247843239365476000,chicken nugget,False
01KEYV1QZ7Q48N67DP4TAB3KB8,13,meta-llama/Llama-3.3-70B-Instruct-Turbo,supermarket,"egg
bean
sausage
beefburger
pizza
orange
pear
apple
radish
pomegranate
fish finger
icing",cake,1.0,cake,,True,True,0,,iterative,17343799886445234000,cake,True
01KEYV1QZ7Q48N67DP4TAB3KB8,14,meta-llama/Llama-3.3-70B-Instruct-Turbo,supermarket,"egg
bean
sausage
beefburger
pizza
orange
pear
apple
radish
pomegranate
fish finger
icing
cake",bread,1.0,biscuit,,False,True,0,,iterative,6242678157226002000,strawberry,False
01KEYV1QZ7Q48N67DP4TAB3KB8,15,meta-llama/Llama-3.3-70B-Instruct-Turbo,supermarket,"egg
bean
sausage
beefburger
pizza
orange
pear
apple
radish
pomegranate
fish finger
icing
cake
bread",pastry,0.0,butter,,False,True,0,,iterative,10230522352227330000,butter,False
01KEYV1QZ7Q48N67DP4TAB3KB8,16,meta-llama/Llama-3.3-70B-Instruct-Turbo,supermarket,"egg
bean
sausage
beefburger
pizza
orange
pear
apple
radish
pomegranate
fish finger
icing
cake
bread
pastry",bacon,1.0,butter,,False,True,0,,iterative,15387203098106444000,donut,False
01KEYV1QZ7Q48N67DP4TAB3KB8,17,meta-llama/Llama-3.3-70B-Instruct-Turbo,supermarket,"egg
bean
sausage
beefburger
pizza
orange
pear
apple
radish
pomegranate
fish finger
icing
cake
bread
pastry
bacon",lemon,0.0,sausageroll,,False,True,0,,iterative,11950154804050220000,egg,False
01KEYV1QZ7Q48N67DP4TAB3KB8,18,meta-llama/Llama-3.3-70B-Instruct-Turbo,supermarket,"egg
bean
sausage
beefburger
pizza
orange
pear
apple
radish
pomegranate
fish finger
icing
cake
bread
pastry
bacon
lemon",lime,0.0,butter,,False,True,0,,iterative,18445491983903013000,strawberry,False
01KEYV1QZ7Q48N67DP4TAB3KB8,19,meta-llama/Llama-3.3-70B-Instruct-Turbo,supermarket,"egg
bean
sausage
beefburger
pizza
orange
pear
apple
radish
pomegranate
fish finger
icing
cake
bread
pastry
bacon
lemon
lime",pea,0.0,cheese,,False,True,0,,iterative,8244543132689597000,kiwi,False
01KEYV1QZ7Q48N67DP4TAB3KB8,20,meta-llama/Llama-3.3-70B-Instruct-Turbo,supermarket,"egg
bean
sausage
beefburger
pizza
orange
pear
apple
radish
pomegranate
fish finger
icing
cake
bread
pastry
bacon
lemon
lime
pea",chip,1.0,carrot,,False,True,0,,iterative,9102519529617785000,string bean,False
01KEYV1QZ7Q48N67DP4TAB3KB8,21,meta-llama/Llama-3.3-70B-Instruct-Turbo,supermarket,"egg
bean
sausage
beefburger
pizza
orange
pear
apple
radish
pomegranate
fish finger
icing
cake
bread
pastry
bacon
lemon
lime
pea
chip",kiwi,0.0,mushroom,,False,True,0,,iterative,5962193101416795000,salsa,False
01KEYV1QZ7Q48N67DP4TAB3KB8,22,meta-llama/Llama-3.3-70B-Instruct-Turbo,supermarket,"egg
bean
sausage
beefburger
pizza
orange
pear
apple
radish
pomegranate
fish finger
icing
cake
bread
pastry
bacon
lemon
lime
pea
chip
kiwi",breakfastbar,1.0,mushroom,,False,True,0,,iterative,18318232379436526000,strawberry,False
01KEYV1QZ7Q48N67DP4TAB3KB8,23,meta-llama/Llama-3.3-70B-Instruct-Turbo,supermarket,"egg
bean
sausage
beefburger
pizza
orange
pear
apple
radish
pomegranate
fish finger
icing
cake
bread
pastry
bacon
lemon
lime
pea
chip
kiwi
breakfast bar",porridge,1.0,muffin,,False,True,0,,iterative,9020765727653592000,muffin,False
01KEYV1QZ7Q48N67DP4TAB3KB8,24,meta-llama/Llama-3.3-70B-Instruct-Turbo,supermarket,"egg
bean
sausage
beefburger
pizza
orange
pear
apple
radish
pomegranate
fish finger
icing
cake
bread
pastry
bacon
lemon
lime
pea
chip
kiwi
breakfast bar
porridge",butter,1.0,milk,,False,True,0,,iterative,15283291421897572000,oatmeal,False
01KEYV1QZ7Q48N67DP4TAB3KB8,25,meta-llama/Llama-3.3-70B-Instruct-Turbo,supermarket,"egg
bean
sausage
beefburger
pizza
orange
pear
apple
radish
pomegranate
fish finger
icing
cake
bread
pastry
bacon
lemon
lime
pea
chip
kiwi
breakfast bar
porridge
butter",yoghurt,0.0,milk,,False,True,0,,iterative,12560630202190217000,salt,False
01KEYV1QZ7Q48N67DP4TAB3KB8,26,meta-llama/Llama-3.3-70B-Instruct-Turbo,supermarket,"egg
bean
sausage
beefburger
pizza
orange
pear
apple
radish
pomegranate
fish finger
icing
cake
bread
pastry
bacon
lemon
lime
pea
chip
kiwi
breakfast bar
porridge
butter
yoghurt",blueberry,0.0,milk,,False,True,0,,iterative,5537803812303013000,strawberry,False
01KEYV1QZ7Q48N67DP4TAB3KB8,27,meta-llama/Llama-3.3-70B-Instruct-Turbo,supermarket,"egg
bean
sausage
beefburger
pizza
orange
pear
apple
radish
pomegranate
fish finger
icing
cake
bread
pastry
bacon
lemon
lime
pea
chip
kiwi
breakfast bar
porridge
butter
yoghurt
blueberry",strawberry,0.0,milk,,False,True,0,,iterative,14554652612978680000,raspberry,False
01KEYV1QZ7Q48N67DP4TAB3KB8,28,meta-llama/Llama-3.3-70B-Instruct-Turbo,supermarket,"egg
bean
sausage
beefburger
pizza
orange
pear
apple
radish
pomegranate
fish finger
icing
cake
bread
pastry
bacon
lemon
lime
pea
chip
kiwi
breakfast bar
porridge
butter
yoghurt
blueberry
strawberry",nut,0.0,milk,,False,True,0,,iterative,17200760637342198000,raspberry,False
01KEYV1QZ7Q48N67DP4TAB3KB8,29,meta-llama/Llama-3.3-70B-Instruct-Turbo,supermarket,"egg
bean
sausage
beefburger
pizza
orange
pear
apple
radish
pomegranate
fish finger
icing
cake
bread
pastry
bacon
lemon
lime
pea
chip
kiwi
breakfast bar
porridge
butter
yoghurt
blueberry
strawberry
nut",bagel,1.0,milk,,False,True,0,,iterative,8516789588832205000,pecan,False
01KEYV1QZ7Q48N67DP4TAB3KB8,30,meta-llama/Llama-3.3-70B-Instruct-Turbo,supermarket,"egg
bean
sausage
beefburger
pizza
orange
pear
apple
radish
pomegranate
fish finger
icing
cake
bread
pastry
bacon
lemon
lime
pea
chip
kiwi
breakfast bar
porridge
butter
yoghurt
blueberry
strawberry
nut
bagel",frenchstick,0.0,cream,,False,True,0,,iterative,3662250153734061600,cream cheese,False
01KEYV1QZ7Q48N67DP4TAB3KB8,31,meta-llama/Llama-3.3-70B-Instruct-Turbo,supermarket,"egg
bean
sausage
beefburger
pizza
orange
pear
apple
radish
pomegranate
fish finger
icing
cake
bread
pastry
bacon
lemon
lime
pea
chip
kiwi
breakfast bar
porridge
butter
yoghurt
blueberry
strawberry
nut
bagel
french stick",marmite,0.0,croissant,,False,True,0,,iterative,2623292173731480000,cheese,False
01KEYV1QZ7Q48N67DP4TAB3KB8,32,meta-llama/Llama-3.3-70B-Instruct-Turbo,supermarket,"egg
bean
sausage
beefburger
pizza
orange
pear
apple
radish
pomegranate
fish finger
icing
cake
bread
pastry
bacon
lemon
lime
pea
chip
kiwi
breakfast bar
porridge
butter
yoghurt
blueberry
strawberry
nut
bagel
french stick
marmite",ham,1.0,toast,,False,True,0,,iterative,15999473753426332000,cheese,False
01KEYV1QZ7Q48N67DP4TAB3KB8,33,meta-llama/Llama-3.3-70B-Instruct-Turbo,supermarket,"egg
bean
sausage
beefburger
pizza
orange
pear
apple
radish
pomegranate
fish finger
icing
cake
bread
pastry
bacon
lemon
lime
pea
chip
kiwi
breakfast bar
porridge
butter
yoghurt
blueberry
strawberry
nut
bagel
french stick
marmite
ham",salami,0.0,cheese,,False,True,0,,iterative,8581176789810359000,cheese,False
01KEYV1QZ7Q48N67DP4TAB3KB8,34,meta-llama/Llama-3.3-70B-Instruct-Turbo,supermarket,"egg
bean
sausage
beefburger
pizza
orange
pear
apple
radish
pomegranate
fish finger
icing
cake
bread
pastry
bacon
lemon
lime
pea
chip
kiwi
breakfast bar
porridge
butter
yoghurt
blueberry
strawberry
nut
bagel
french stick
marmite
ham
salami",potato,0.0,cheese,,False,True,0,,iterative,9652217411518750000,pepperoni,False
01KEYV1QZ7Q48N67DP4TAB3KB8,35,meta-llama/Llama-3.3-70B-Instruct-Turbo,supermarket,"egg
bean
sausage
beefburger
pizza
orange
pear
apple
radish
pomegranate
fish finger
icing
cake
bread
pastry
bacon
lemon
lime
pea
chip
kiwi
breakfast bar
porridge
butter
yoghurt
blueberry
strawberry
nut
bagel
french stick
marmite
ham
salami
potato",cucumber,1.0,onion,,False,True,0,,iterative,11324742161745940000,pancake,False
01KEYV1QZ7Q48N67DP4TAB3KB8,36,meta-llama/Llama-3.3-70B-Instruct-Turbo,supermarket,"egg
bean
sausage
beefburger
pizza
orange
pear
apple
radish
pomegranate
fish finger
icing
cake
bread
pastry
bacon
lemon
lime
pea
chip
kiwi
breakfast bar
porridge
butter
yoghurt
blueberry
strawberry
nut
bagel
french stick
marmite
ham
salami
potato
cucumber",tomato,0.0,tomato,,True,True,0,,iterative,4912789583113166000,raspberry,False
01KEYV1QZ7Q48N67DP4TAB3KB8,37,meta-llama/Llama-3.3-70B-Instruct-Turbo,supermarket,"egg
bean
sausage
beefburger
pizza
orange
pear
apple
radish
pomegranate
fish finger
icing
cake
bread
pastry
bacon
lemon
lime
pea
chip
kiwi
breakfast bar
porridge
butter
yoghurt
blueberry
strawberry
nut
bagel
french stick
marmite
ham
salami
potato
cucumber
tomato",lettuce,0.0,onion,,False,True,0,,iterative,7840690186930753000,onion,False
01KEYV1QZ7Q48N67DP4TAB3KB8,38,meta-llama/Llama-3.3-70B-Instruct-Turbo,supermarket,"egg
bean
sausage
beefburger
pizza
orange
pear
apple
radish
pomegranate
fish finger
icing
cake
bread
pastry
bacon
lemon
lime
pea
chip
kiwi
breakfast bar
porridge
butter
yoghurt
blueberry
strawberry
nut
bagel
french stick
marmite
ham
salami
potato
cucumber
tomato
lettuce",icingsugar,1.0,onion,,False,True,0,,iterative,28685744220642624,spinach,False
01KEYV1QZ7Q48N67DP4TAB3KB8,39,meta-llama/Llama-3.3-70B-Instruct-Turbo,supermarket,"egg
bean
sausage
beefburger
pizza
orange
pear
apple
radish
pomegranate
fish finger
icing
cake
bread
pastry
bacon
lemon
lime
pea
chip
kiwi
breakfast bar
porridge
butter
yoghurt
blueberry
strawberry
nut
bagel
french stick
marmite
ham
salami
potato
cucumber
tomato
lettuce
icing sugar",flour,0.0,carrot,,False,True,0,,iterative,11791677692722762000,strawberry,False
01KEYV1QZ7Q48N67DP4TAB3KB8,40,meta-llama/Llama-3.3-70B-Instruct-Turbo,supermarket,"egg
bean
sausage
beefburger
pizza
orange
pear
apple
radish
pomegranate
fish finger
icing
cake
bread
pastry
bacon
lemon
lime
pea
chip
kiwi
breakfast bar
porridge
butter
yoghurt
blueberry
strawberry
nut
bagel
french stick
marmite
ham
salami
potato
cucumber
tomato
lettuce
icing sugar
flour",noodle,1.0,carrot,,False,True,0,,iterative,9981636093661782000,milk,False
01KEYV1QZ7Q48N67DP4TAB3KB8,41,meta-llama/Llama-3.3-70B-Instruct-Turbo,supermarket,"egg
bean
sausage
beefburger
pizza
orange
pear
apple
radish
pomegranate
fish finger
icing
cake
bread
pastry
bacon
lemon
lime
pea
chip
kiwi
breakfast bar
porridge
butter
yoghurt
blueberry
strawberry
nut
bagel
french stick
marmite
ham
salami
potato
cucumber
tomato
lettuce
icing sugar
flour
noodle",rice,0.0,rice,,True,True,0,,iterative,17109028102020340000,tomato sauce,False
01KEYV1QZ7Q48N67DP4TAB3KB8,42,meta-llama/Llama-3.3-70B-Instruct-Turbo,supermarket,"egg
bean
sausage
beefburger
pizza
orange
pear
apple
radish
pomegranate
fish finger
icing
cake
bread
pastry
bacon
lemon
lime
pea
chip
kiwi
breakfast bar
porridge
butter
yoghurt
blueberry
strawberry
nut
bagel
french stick
marmite
ham
salami
potato
cucumber
tomato
lettuce
icing sugar
flour
noodle
rice",pasta,0.0,pepper,,False,True,0,,iterative,9640150565651340000,bean,False
01KEYV1QZ7Q48N67DP4TAB3KB8,43,meta-llama/Llama-3.3-70B-Instruct-Turbo,supermarket,"egg
bean
sausage
beefburger
pizza
orange
pear
apple
radish
pomegranate
fish finger
icing
cake
bread
pastry
bacon
lemon
lime
pea
chip
kiwi
breakfast bar
porridge
butter
yoghurt
blueberry
strawberry
nut
bagel
french stick
marmite
ham
salami
potato
cucumber
tomato
lettuce
icing sugar
flour
noodle
rice
pasta",sauce,0.0,sauce,,True,True,0,,iterative,11101188235230024000,sauce,True
01KEYV1QZ7Q48N67DP4TAB3KB8,44,meta-llama/Llama-3.3-70B-Instruct-Turbo,supermarket,"egg
bean
sausage
beefburger
pizza
orange
pear
apple
radish
pomegranate
fish finger
icing
cake
bread
pastry
bacon
lemon
lime
pea
chip
kiwi
breakfast bar
porridge
butter
yoghurt
blueberry
strawberry
nut
bagel
french stick
marmite
ham
salami
potato
cucumber
tomato
lettuce
icing sugar
flour
noodle
rice
pasta
sauce",papadum,0.0,meatball,,False,True,0,,iterative,11303642098749430000,banana,False
01KEYV1QZ7Q48N67DP4TAB3KB8,45,meta-llama/Llama-3.3-70B-Instruct-Turbo,supermarket,"egg
bean
sausage
beefburger
pizza
orange
pear
apple
radish
pomegranate
fish finger
icing
cake
bread
pastry
bacon
lemon
lime
pea
chip
kiwi
breakfast bar
porridge
butter
yoghurt
blueberry
strawberry
nut
bagel
french stick
marmite
ham
salami
potato
cucumber
tomato
lettuce
icing sugar
flour
noodle
rice
pasta
sauce
papadum",ready-madecurry,0.0,chicken,,False,True,0,,iterative,1329022127272273400,soup,False
01KEYV1QZ7Q48N67DP4TAB3KB8,46,meta-llama/Llama-3.3-70B-Instruct-Turbo,supermarket,"egg
bean
sausage
beefburger
pizza
orange
pear
apple
radish
pomegranate
fish finger
icing
cake
bread
pastry
bacon
lemon
lime
pea
chip
kiwi
breakfast bar
porridge
butter
yoghurt
blueberry
strawberry
nut
bagel
french stick
marmite
ham
salami
potato
cucumber
tomato
lettuce
icing sugar
flour
noodle
rice
pasta
sauce
papadum
ready-made curry",naanbread,0.0,naanbread,,True,True,0,,iterative,4812713898196611000,beef,False
01KEYV1QZ7Q48N67DP4TAB3KB8,47,meta-llama/Llama-3.3-70B-Instruct-Turbo,supermarket,"egg
bean
sausage
beefburger
pizza
orange
pear
apple
radish
pomegranate
fish finger
icing
cake
bread
pastry
bacon
lemon
lime
pea
chip
kiwi
breakfast bar
porridge
butter
yoghurt
blueberry
strawberry
nut
bagel
french stick
marmite
ham
salami
potato
cucumber
tomato
lettuce
icing sugar
flour
noodle
rice
pasta
sauce
papadum
ready-made curry
naan bread",soap,0.0,basmati,,False,True,0,,iterative,4375618931124868000,chicken,False
01KEYV1QZ7Q48N67DP4TAB3KB8,48,meta-llama/Llama-3.3-70B-Instruct-Turbo,supermarket,"egg
bean
sausage
beefburger
pizza
orange
pear
apple
radish
pomegranate
fish finger
icing
cake
bread
pastry
bacon
lemon
lime
pea
chip
kiwi
breakfast bar
porridge
butter
yoghurt
blueberry
strawberry
nut
bagel
french stick
marmite
ham
salami
potato
cucumber
tomato
lettuce
icing sugar
flour
noodle
rice
pasta
sauce
papadum
ready-made curry
naan bread
soap",washingupliquid,0.0,toiletpaper,,False,True,0,,iterative,9629765983539767000,detergent,False
01KEYV1QZ7Q48N67DP4TAB3KB8,49,meta-llama/Llama-3.3-70B-Instruct-Turbo,supermarket,"egg
bean
sausage
beefburger
pizza
orange
pear
apple
radish
pomegranate
fish finger
icing
cake
bread
pastry
bacon
lemon
lime
pea
chip
kiwi
breakfast bar
porridge
butter
yoghurt
blueberry
strawberry
nut
bagel
french stick
marmite
ham
salami
potato
cucumber
tomato
lettuce
icing sugar
flour
noodle
rice
pasta
sauce
papadum
ready-made curry
naan bread
soap
washing up liquid",peach,0.0,toiletpaper,,False,True,0,,iterative,16398178236615846000,washcloth,False
01KEYV1QZ7Q48N67DP4TAB3KB8,50,meta-llama/Llama-3.3-70B-Instruct-Turbo,supermarket,"egg
bean
sausage
beefburger
pizza
orange
pear
apple
radish
pomegranate
fish finger
icing
cake
bread
pastry
bacon
lemon
lime
pea
chip
kiwi
breakfast bar
porridge
butter
yoghurt
blueberry
strawberry
nut
bagel
french stick
marmite
ham
salami
potato
cucumber
tomato
lettuce
icing sugar
flour
noodle
rice
pasta
sauce
papadum
ready-made curry
naan bread
soap
washing up liquid
peach",onion,0.0,plum,,False,True,0,,iterative,15826597467613444000,banana,False
01KEYVAN9GPZXMSE0362HBVJK2,2,meta-llama/Llama-3.3-70B-Instruct-Turbo,supermarket,tea,coffee,0.0,milk,,False,True,0,,iterative,3776607455075352000,cup,False
01KEYVAN9GPZXMSE0362HBVJK2,3,meta-llama/Llama-3.3-70B-Instruct-Turbo,supermarket,"tea
coffee",coke,1.0,sugar,,False,True,0,,iterative,13035092831476656000,shop,False
01KEYVAN9GPZXMSE0362HBVJK2,4,meta-llama/Llama-3.3-70B-Instruct-Turbo,supermarket,"tea
coffee
coke",lemonade,0.0,milk,,False,True,0,,iterative,7780168467193679000,dr pepper,False
01KEYVAN9GPZXMSE0362HBVJK2,5,meta-llama/Llama-3.3-70B-Instruct-Turbo,supermarket,"tea
coffee
coke
lemonade",gingerale,0.0,water,,False,True,0,,iterative,3454567483383431700,water,False
01KEYVAN9GPZXMSE0362HBVJK2,6,meta-llama/Llama-3.3-70B-Instruct-Turbo,supermarket,"tea
coffee
coke
lemonade
ginger ale",sugar,1.0,rootbeer,,False,True,0,,iterative,8618230611963275000,sprite,False
01KEYVAN9GPZXMSE0362HBVJK2,7,meta-llama/Llama-3.3-70B-Instruct-Turbo,supermarket,"tea
coffee
coke
lemonade
ginger ale
sugar",stevia,0.0,honey,,False,True,0,,iterative,9803492812016589000,caffeine,False
01KEYVAN9GPZXMSE0362HBVJK2,8,meta-llama/Llama-3.3-70B-Instruct-Turbo,supermarket,"tea
coffee
coke
lemonade
ginger ale
sugar
stevia",honey,0.0,honey,,True,True,0,,iterative,8617206977832672000,sweet and low,False
01KEYVAN9GPZXMSE0362HBVJK2,9,meta-llama/Llama-3.3-70B-Instruct-Turbo,supermarket,"tea
coffee
coke
lemonade
ginger ale
sugar
stevia
honey",water,1.0,cream,,False,True,0,,iterative,6479414365692592000,agave,False
01KEYVAN9GPZXMSE0362HBVJK2,10,meta-llama/Llama-3.3-70B-Instruct-Turbo,supermarket,"tea
coffee
coke
lemonade
ginger ale
sugar
stevia
honey
water",lentil,1.0,milk,,False,True,0,,iterative,14596343670594451000,ice,False
01KEYVAN9GPZXMSE0362HBVJK2,11,meta-llama/Llama-3.3-70B-Instruct-Turbo,supermarket,"tea
coffee
coke
lemonade
ginger ale
sugar
stevia
honey
water
lentil",pea,0.0,rice,,False,True,0,,iterative,12527968440797635000,pea,True
01KEYVAN9GPZXMSE0362HBVJK2,12,meta-llama/Llama-3.3-70B-Instruct-Turbo,supermarket,"tea
coffee
coke
lemonade
ginger ale
sugar
stevia
honey
water
lentil
pea",bean,0.0,bean,,True,True,0,,iterative,13579342607563920000,rice,False
01KEYVAN9GPZXMSE0362HBVJK2,13,meta-llama/Llama-3.3-70B-Instruct-Turbo,supermarket,"tea
coffee
coke
lemonade
ginger ale
sugar
stevia
honey
water
lentil
pea
bean",chickpea,0.0,rice,,False,True,0,,iterative,1405687173293322500,cucumber,False
01KEYVAN9GPZXMSE0362HBVJK2,14,meta-llama/Llama-3.3-70B-Instruct-Turbo,supermarket,"tea
coffee
coke
lemonade
ginger ale
sugar
stevia
honey
water
lentil
pea
bean
chickpea",carrot,1.0,rice,,False,True,0,,iterative,3133361711794940400,black bean,False
01KEYVAN9GPZXMSE0362HBVJK2,15,meta-llama/Llama-3.3-70B-Instruct-Turbo,supermarket,"tea
coffee
coke
lemonade
ginger ale
sugar
stevia
honey
water
lentil
pea
bean
chickpea
carrot",cucumber,0.0,broccoli,,False,True,0,,iterative,14301835506279390000,radish,False
01KEYVAN9GPZXMSE0362HBVJK2,16,meta-llama/Llama-3.3-70B-Instruct-Turbo,supermarket,"tea
coffee
coke
lemonade
ginger ale
sugar
stevia
honey
water
lentil
pea
bean
chickpea
carrot
cucumber",tomato,0.0,broccoli,,False,True,0,,iterative,8080964014537984000,tomato,True
01KEYVAN9GPZXMSE0362HBVJK2,17,meta-llama/Llama-3.3-70B-Instruct-Turbo,supermarket,"tea
coffee
coke
lemonade
ginger ale
sugar
stevia
honey
water
lentil
pea
bean
chickpea
carrot
cucumber
tomato",lettuce,0.0,onion,,False,True,0,,iterative,498509239958886700,corn,False
01KEYVAN9GPZXMSE0362HBVJK2,18,meta-llama/Llama-3.3-70B-Instruct-Turbo,supermarket,"tea
coffee
coke
lemonade
ginger ale
sugar
stevia
honey
water
lentil
pea
bean
chickpea
carrot
cucumber
tomato
lettuce",cabbage,0.0,onion,,False,True,0,,iterative,11615450853008675000,cabbage,True
01KEYVAN9GPZXMSE0362HBVJK2,19,meta-llama/Llama-3.3-70B-Instruct-Turbo,supermarket,"tea
coffee
coke
lemonade
ginger ale
sugar
stevia
honey
water
lentil
pea
bean
chickpea
carrot
cucumber
tomato
lettuce
cabbage",cauliflower,0.0,broccoli,,False,True,0,,iterative,13529581100776745000,broccoli,False
01KEYVAN9GPZXMSE0362HBVJK2,20,meta-llama/Llama-3.3-70B-Instruct-Turbo,supermarket,"tea
coffee
coke
lemonade
ginger ale
sugar
stevia
honey
water
lentil
pea
bean
chickpea
carrot
cucumber
tomato
lettuce
cabbage
cauliflower",melon,1.0,broccoli,,False,True,0,,iterative,14454962479259386000,broccoli,False
01KEYVAN9GPZXMSE0362HBVJK2,21,meta-llama/Llama-3.3-70B-Instruct-Turbo,supermarket,"tea
coffee
coke
lemonade
ginger ale
sugar
stevia
honey
water
lentil
pea
bean
chickpea
carrot
cucumber
tomato
lettuce
cabbage
cauliflower
melon",apple,0.0,broccoli,,False,True,0,,iterative,3922774097139237000,pumpkin,False
01KEYVAN9GPZXMSE0362HBVJK2,22,meta-llama/Llama-3.3-70B-Instruct-Turbo,supermarket,"tea
coffee
coke
lemonade
ginger ale
sugar
stevia
honey
water
lentil
pea
bean
chickpea
carrot
cucumber
tomato
lettuce
cabbage
cauliflower
melon
apple",orange,0.0,pear,,False,True,0,,iterative,7573753028136482000,peach,False
01KEYVAN9GPZXMSE0362HBVJK2,23,meta-llama/Llama-3.3-70B-Instruct-Turbo,supermarket,"tea
coffee
coke
lemonade
ginger ale
sugar
stevia
honey
water
lentil
pea
bean
chickpea
carrot
cucumber
tomato
lettuce
cabbage
cauliflower
melon
apple
orange",grape,0.0,grapes,,False,True,0,,iterative,13005824656595050000,grape,True
01KEYVAN9GPZXMSE0362HBVJK2,24,meta-llama/Llama-3.3-70B-Instruct-Turbo,supermarket,"tea
coffee
coke
lemonade
ginger ale
sugar
stevia
honey
water
lentil
pea
bean
chickpea
carrot
cucumber
tomato
lettuce
cabbage
cauliflower
melon
apple
orange
grape",lemon,0.0,pear,,False,True,0,,iterative,9875063554290545000,blueberry,False
01KEYVAN9GPZXMSE0362HBVJK2,25,meta-llama/Llama-3.3-70B-Instruct-Turbo,supermarket,"tea
coffee
coke
lemonade
ginger ale
sugar
stevia
honey
water
lentil
pea
bean
chickpea
carrot
cucumber
tomato
lettuce
cabbage
cauliflower
melon
apple
orange
grape
lemon",grapefruit,0.0,lime,,False,True,0,,iterative,12450331583117760000,grapefruit,True
01KEYVAN9GPZXMSE0362HBVJK2,26,meta-llama/Llama-3.3-70B-Instruct-Turbo,supermarket,"tea
coffee
coke
lemonade
ginger ale
sugar
stevia
honey
water
lentil
pea
bean
chickpea
carrot
cucumber
tomato
lettuce
cabbage
cauliflower
melon
apple
orange
grape
lemon
grapefruit",avocado,0.0,pineapple,,False,True,0,,iterative,1402308809263752700,lime,False
01KEYVAN9GPZXMSE0362HBVJK2,27,meta-llama/Llama-3.3-70B-Instruct-Turbo,supermarket,"tea
coffee
coke
lemonade
ginger ale
sugar
stevia
honey
water
lentil
pea
bean
chickpea
carrot
cucumber
tomato
lettuce
cabbage
cauliflower
melon
apple
orange
grape
lemon
grapefruit
avocado",date,0.0,banana,,False,True,0,,iterative,9747740794782783000,onion,False
01KEYVAN9GPZXMSE0362HBVJK2,28,meta-llama/Llama-3.3-70B-Instruct-Turbo,supermarket,"tea
coffee
coke
lemonade
ginger ale
sugar
stevia
honey
water
lentil
pea
bean
chickpea
carrot
cucumber
tomato
lettuce
cabbage
cauliflower
melon
apple
orange
grape
lemon
grapefruit
avocado
date",biscuit,1.0,fig,,False,True,0,,iterative,16343787142548287000,fig,False
01KEYVAN9GPZXMSE0362HBVJK2,29,meta-llama/Llama-3.3-70B-Instruct-Turbo,supermarket,"tea
coffee
coke
lemonade
ginger ale
sugar
stevia
honey
water
lentil
pea
bean
chickpea
carrot
cucumber
tomato
lettuce
cabbage
cauliflower
melon
apple
orange
grape
lemon
grapefruit
avocado
date
biscuit",cake,0.0,jam,,False,True,0,,iterative,12815817001660424000,cookie,False
01KEYVAN9GPZXMSE0362HBVJK2,30,meta-llama/Llama-3.3-70B-Instruct-Turbo,supermarket,"tea
coffee
coke
lemonade
ginger ale
sugar
stevia
honey
water
lentil
pea
bean
chickpea
carrot
cucumber
tomato
lettuce
cabbage
cauliflower
melon
apple
orange
grape
lemon
grapefruit
avocado
date
biscuit
cake",scone,1.0,muffin,,False,True,0,,iterative,6099524518708780000,pie,False
01KEYVAN9GPZXMSE0362HBVJK2,31,meta-llama/Llama-3.3-70B-Instruct-Turbo,supermarket,"tea
coffee
coke
lemonade
ginger ale
sugar
stevia
honey
water
lentil
pea
bean
chickpea
carrot
cucumber
tomato
lettuce
cabbage
cauliflower
melon
apple
orange
grape
lemon
grapefruit
avocado
date
biscuit
cake
scone",bread,0.0,muffin,,False,True,0,,iterative,16490345834154742000,cobbler,False
01KEYVAN9GPZXMSE0362HBVJK2,32,meta-llama/Llama-3.3-70B-Instruct-Turbo,supermarket,"tea
coffee
coke
lemonade
ginger ale
sugar
stevia
honey
water
lentil
pea
bean
chickpea
carrot
cucumber
tomato
lettuce
cabbage
cauliflower
melon
apple
orange
grape
lemon
grapefruit
avocado
date
biscuit
cake
scone
bread",shortbread,0.0,butter,,False,True,0,,iterative,12476110598498458000,muffin,False
01KEYVAN9GPZXMSE0362HBVJK2,33,meta-llama/Llama-3.3-70B-Instruct-Turbo,supermarket,"tea
coffee
coke
lemonade
ginger ale
sugar
stevia
honey
water
lentil
pea
bean
chickpea
carrot
cucumber
tomato
lettuce
cabbage
cauliflower
melon
apple
orange
grape
lemon
grapefruit
avocado
date
biscuit
cake
scone
bread
shortbread",bun,0.0,butter,,False,True,0,,iterative,15250464027182604000,cookie,False
01KEYVAN9GPZXMSE0362HBVJK2,34,meta-llama/Llama-3.3-70B-Instruct-Turbo,supermarket,"tea
coffee
coke
lemonade
ginger ale
sugar
stevia
honey
water
lentil
pea
bean
chickpea
carrot
cucumber
tomato
lettuce
cabbage
cauliflower
melon
apple
orange
grape
lemon
grapefruit
avocado
date
biscuit
cake
scone
bread
shortbread
bun",croissant,0.0,muffin,,False,True,0,,iterative,14280220100669110000,hot dog,False
01KEYVAN9GPZXMSE0362HBVJK2,35,meta-llama/Llama-3.3-70B-Instruct-Turbo,supermarket,"tea
coffee
coke
lemonade
ginger ale
sugar
stevia
honey
water
lentil
pea
bean
chickpea
carrot
cucumber
tomato
lettuce
cabbage
cauliflower
melon
apple
orange
grape
lemon
grapefruit
avocado
date
biscuit
cake
scone
bread
shortbread
bun
croissant",lemontart,0.0,muffin,,False,True,0,,iterative,221020169818909980,butter,False
01KEYVAN9GPZXMSE0362HBVJK2,36,meta-llama/Llama-3.3-70B-Instruct-Turbo,supermarket,"tea
coffee
coke
lemonade
ginger ale
sugar
stevia
honey
water
lentil
pea
bean
chickpea
carrot
cucumber
tomato
lettuce
cabbage
cauliflower
melon
apple
orange
grape
lemon
grapefruit
avocado
date
biscuit
cake
scone
bread
shortbread
bun
croissant
lemon tart",cheesecake,0.0,muffin,,False,True,0,,iterative,3558746303587648500,trifle,False
01KEYVAN9GPZXMSE0362HBVJK2,37,meta-llama/Llama-3.3-70B-Instruct-Turbo,supermarket,"tea
coffee
coke
lemonade
ginger ale
sugar
stevia
honey
water
lentil
pea
bean
chickpea
carrot
cucumber
tomato
lettuce
cabbage
cauliflower
melon
apple
orange
grape
lemon
grapefruit
avocado
date
biscuit
cake
scone
bread
shortbread
bun
croissant
lemon tart
cheesecake",jam,1.0,muffin,,False,True,0,,iterative,11941943943477875000,chocolate,False
01KEYVAN9GPZXMSE0362HBVJK2,38,meta-llama/Llama-3.3-70B-Instruct-Turbo,supermarket,"tea
coffee
coke
lemonade
ginger ale
sugar
stevia
honey
water
lentil
pea
bean
chickpea
carrot
cucumber
tomato
lettuce
cabbage
cauliflower
melon
apple
orange
grape
lemon
grapefruit
avocado
date
biscuit
cake
scone
bread
shortbread
bun
croissant
lemon tart
cheesecake
jam",marmalade,0.0,butter,,False,True,0,,iterative,15215544901697274000,preserve,False
01KEYVD7RTT8VTHFJAHAHXA2Z3,2,meta-llama/Llama-3.3-70B-Instruct-Turbo,supermarket,mop,yogurt,1.0,broom,,False,True,0,,iterative,11209299040284123000,bucket,False
01KEYVD7RTT8VTHFJAHAHXA2Z3,3,meta-llama/Llama-3.3-70B-Instruct-Turbo,supermarket,"mop
yogurt",fruit,1.0,butter,,False,True,0,,iterative,4015620004587475500,cheese,False
01KEYVD7RTT8VTHFJAHAHXA2Z3,4,meta-llama/Llama-3.3-70B-Instruct-Turbo,supermarket,"mop
yogurt
fruit",meat,1.0,granola,,False,True,0,,iterative,8765896511854424000,vegetable,False
01KEYVD7RTT8VTHFJAHAHXA2Z3,5,meta-llama/Llama-3.3-70B-Instruct-Turbo,supermarket,"mop
yogurt
fruit
meat",beverage,1.0,bread,,False,True,0,,iterative,11436104586712111000,cheese,False
01KEYVD7RTT8VTHFJAHAHXA2Z3,6,meta-llama/Llama-3.3-70B-Instruct-Turbo,supermarket,"mop
yogurt
fruit
meat
beverage",cake,1.0,bread,,False,True,0,,iterative,12046591920932854000,juice,False
01KEYVD7RTT8VTHFJAHAHXA2Z3,7,meta-llama/Llama-3.3-70B-Instruct-Turbo,supermarket,"mop
yogurt
fruit
meat
beverage
cake",bread,1.0,icecream,,False,True,0,,iterative,335638070015090240,biscuit,False
01KEYVD7RTT8VTHFJAHAHXA2Z3,8,meta-llama/Llama-3.3-70B-Instruct-Turbo,supermarket,"mop
yogurt
fruit
meat
beverage
cake
bread",candrink,1.0,butter,,False,True,0,,iterative,120280033680143040,butter,False
01KEYVD7RTT8VTHFJAHAHXA2Z3,9,meta-llama/Llama-3.3-70B-Instruct-Turbo,supermarket,"mop
yogurt
fruit
meat
beverage
cake
bread
can drink",beer,1.0,butter,,False,True,0,,iterative,7055026467717265000,coffee,False
01KEYVD7RTT8VTHFJAHAHXA2Z3,10,meta-llama/Llama-3.3-70B-Instruct-Turbo,supermarket,"mop
yogurt
fruit
meat
beverage
cake
bread
can drink
beer",pasta,1.0,cheese,,False,True,0,,iterative,3296326274915864000,wine,False
01KEYVD7RTT8VTHFJAHAHXA2Z3,11,meta-llama/Llama-3.3-70B-Instruct-Turbo,supermarket,"mop
yogurt
fruit
meat
beverage
cake
bread
can drink
beer
pasta",flour,1.0,sauce,,False,True,0,,iterative,5853064087365924000,sauce,False
01KEYVD7RTT8VTHFJAHAHXA2Z3,12,meta-llama/Llama-3.3-70B-Instruct-Turbo,supermarket,"mop
yogurt
fruit
meat
beverage
cake
bread
can drink
beer
pasta
flour",toy,0.0,sauce,,False,True,0,,iterative,16388745963318444000,sugar,False
01KEYVS73A42FYDVDZH54PGGDA,2,meta-llama/Llama-3.3-70B-Instruct-Turbo,supermarket,bread,cheese,0.0,butter,,False,True,0,,iterative,16877080419808156000,milk,False
01KEYVS73A42FYDVDZH54PGGDA,3,meta-llama/Llama-3.3-70B-Instruct-Turbo,supermarket,"bread
cheese",potato,1.0,butter,,False,True,0,,iterative,981480421662355800,egg,False
01KEYVS73A42FYDVDZH54PGGDA,4,meta-llama/Llama-3.3-70B-Instruct-Turbo,supermarket,"bread
cheese
potato",carrot,0.0,butter,,False,True,0,,iterative,13520350293873275000,carrot,True
01KEYVS73A42FYDVDZH54PGGDA,5,meta-llama/Llama-3.3-70B-Instruct-Turbo,supermarket,"bread
cheese
potato
carrot",onion,0.0,onion,,True,True,0,,iterative,1252235749912744400,onion,True
01KEYVS73A42FYDVDZH54PGGDA,6,meta-llama/Llama-3.3-70B-Instruct-Turbo,supermarket,"bread
cheese
potato
carrot
onion",lettuce,0.0,milk,,False,True,0,,iterative,9046337473045231000,tomato,False
01KEYVS73A42FYDVDZH54PGGDA,7,meta-llama/Llama-3.3-70B-Instruct-Turbo,supermarket,"bread
cheese
potato
carrot
onion
lettuce",tomato,1.0,tomato,,True,True,0,,iterative,3341410979643937300,tomato,True
01KEYVS73A42FYDVDZH54PGGDA,8,meta-llama/Llama-3.3-70B-Instruct-Turbo,supermarket,"bread
cheese
potato
carrot
onion
lettuce
tomato",grape,0.0,cucumber,,False,True,0,,iterative,313612445172881800,grape,True
01KEYVS73A42FYDVDZH54PGGDA,9,meta-llama/Llama-3.3-70B-Instruct-Turbo,supermarket,"bread
cheese
potato
carrot
onion
lettuce
tomato
grape",sausage,0.0,apple,,False,True,0,,iterative,7571055706913751000,sausage,True
01KEYVS73A42FYDVDZH54PGGDA,10,meta-llama/Llama-3.3-70B-Instruct-Turbo,supermarket,"bread
cheese
potato
carrot
onion
lettuce
tomato
grape
sausage",egg,0.0,pepper,,False,True,0,,iterative,16264915669956120000,bread,False
01KEYVS73A42FYDVDZH54PGGDA,11,meta-llama/Llama-3.3-70B-Instruct-Turbo,supermarket,"bread
cheese
potato
carrot
onion
lettuce
tomato
grape
sausage
egg",bread,0.0,milk,,False,True,0,,iterative,15881942268389159000,cheese,False
01KEYVS73A42FYDVDZH54PGGDA,12,meta-llama/Llama-3.3-70B-Instruct-Turbo,supermarket,"bread
cheese
potato
carrot
onion
lettuce
tomato
grape
sausage
egg
bread",broccoli,0.0,milk,,False,True,0,,iterative,3503275137812440600,butter,False
01KEYVS73A42FYDVDZH54PGGDA,13,meta-llama/Llama-3.3-70B-Instruct-Turbo,supermarket,"bread
cheese
potato
carrot
onion
lettuce
tomato
grape
sausage
egg
bread
broccoli",cabbage,0.0,milk,,False,True,0,,iterative,8058311640267694000,cabbage,True
01KEYVS73A42FYDVDZH54PGGDA,14,meta-llama/Llama-3.3-70B-Instruct-Turbo,supermarket,"bread
cheese
potato
carrot
onion
lettuce
tomato
grape
sausage
egg
bread
broccoli
cabbage",lentil,0.0,cauliflower,,False,True,0,,iterative,4893929746838414000,onion,False
01KEYVS73A42FYDVDZH54PGGDA,15,meta-llama/Llama-3.3-70B-Instruct-Turbo,supermarket,"bread
cheese
potato
carrot
onion
lettuce
tomato
grape
sausage
egg
bread
broccoli
cabbage
lentil",noodle,0.0,rice,,False,True,0,,iterative,9940282189138730000,soup,False
01KEYVS73A42FYDVDZH54PGGDA,16,meta-llama/Llama-3.3-70B-Instruct-Turbo,supermarket,"bread
cheese
potato
carrot
onion
lettuce
tomato
grape
sausage
egg
bread
broccoli
cabbage
lentil
noodle",rice,0.0,rice,,True,True,0,,iterative,3752672074936648000,rice,True
01KEYVS73A42FYDVDZH54PGGDA,17,meta-llama/Llama-3.3-70B-Instruct-Turbo,supermarket,"bread
cheese
potato
carrot
onion
lettuce
tomato
grape
sausage
egg
bread
broccoli
cabbage
lentil
noodle
rice",sauce,0.0,chicken,,False,True,0,,iterative,14822467617596901000,chickpea,False
01KEYVS73A42FYDVDZH54PGGDA,18,meta-llama/Llama-3.3-70B-Instruct-Turbo,supermarket,"bread
cheese
potato
carrot
onion
lettuce
tomato
grape
sausage
egg
bread
broccoli
cabbage
lentil
noodle
rice
sauce",pasta,0.0,chicken,,False,True,0,,iterative,4991642961354116000,mustard,False
01KEYVS73A42FYDVDZH54PGGDA,19,meta-llama/Llama-3.3-70B-Instruct-Turbo,supermarket,"bread
cheese
potato
carrot
onion
lettuce
tomato
grape
sausage
egg
bread
broccoli
cabbage
lentil
noodle
rice
sauce
pasta",tomatosauce,0.0,meatball,,False,True,0,,iterative,11925919336648798000,bacon,False
01KEYVS73A42FYDVDZH54PGGDA,20,meta-llama/Llama-3.3-70B-Instruct-Turbo,supermarket,"bread
cheese
potato
carrot
onion
lettuce
tomato
grape
sausage
egg
bread
broccoli
cabbage
lentil
noodle
rice
sauce
pasta
tomato sauce",ketchup,0.0,meatball,,False,True,0,,iterative,9243928107908760000,mayonnaise,False
01KEYVS73A42FYDVDZH54PGGDA,21,meta-llama/Llama-3.3-70B-Instruct-Turbo,supermarket,"bread
cheese
potato
carrot
onion
lettuce
tomato
grape
sausage
egg
bread
broccoli
cabbage
lentil
noodle
rice
sauce
pasta
tomato sauce
ketchup",mayonnaise,0.0,meatball,,False,True,0,,iterative,17768674806697169000,salad dressing,False
01KEYVS73A42FYDVDZH54PGGDA,22,meta-llama/Llama-3.3-70B-Instruct-Turbo,supermarket,"bread
cheese
potato
carrot
onion
lettuce
tomato
grape
sausage
egg
bread
broccoli
cabbage
lentil
noodle
rice
sauce
pasta
tomato sauce
ketchup
mayonnaise",salt,0.0,mustard,,False,True,0,,iterative,6938410971343569000,salad dressing,False
01KEYVS73A42FYDVDZH54PGGDA,23,meta-llama/Llama-3.3-70B-Instruct-Turbo,supermarket,"bread
cheese
potato
carrot
onion
lettuce
tomato
grape
sausage
egg
bread
broccoli
cabbage
lentil
noodle
rice
sauce
pasta
tomato sauce
ketchup
mayonnaise
salt",pepper,0.0,pepper,,True,True,0,,iterative,7177375580940570000,pepper,True
01KEYVS73A42FYDVDZH54PGGDA,24,meta-llama/Llama-3.3-70B-Instruct-Turbo,supermarket,"bread
cheese
potato
carrot
onion
lettuce
tomato
grape
sausage
egg
bread
broccoli
cabbage
lentil
noodle
rice
sauce
pasta
tomato sauce
ketchup
mayonnaise
salt
pepper",chocolate,0.0,basil,,False,True,0,,iterative,17183514295131300000,mustard,False
01KEYVS73A42FYDVDZH54PGGDA,25,meta-llama/Llama-3.3-70B-Instruct-Turbo,supermarket,"bread
cheese
potato
carrot
onion
lettuce
tomato
grape
sausage
egg
bread
broccoli
cabbage
lentil
noodle
rice
sauce
pasta
tomato sauce
ketchup
mayonnaise
salt
pepper
chocolate",biscuit,0.0,cake,,False,True,0,,iterative,4678226852252185000,biscuit,True
01KEYVS73A42FYDVDZH54PGGDA,26,meta-llama/Llama-3.3-70B-Instruct-Turbo,supermarket,"bread
cheese
potato
carrot
onion
lettuce
tomato
grape
sausage
egg
bread
broccoli
cabbage
lentil
noodle
rice
sauce
pasta
tomato sauce
ketchup
mayonnaise
salt
pepper
chocolate
biscuit",fish,0.0,cake,,False,True,0,,iterative,2228522961067261200,cake,False
01KEYVS73A42FYDVDZH54PGGDA,27,meta-llama/Llama-3.3-70B-Instruct-Turbo,supermarket,"bread
cheese
potato
carrot
onion
lettuce
tomato
grape
sausage
egg
bread
broccoli
cabbage
lentil
noodle
rice
sauce
pasta
tomato sauce
ketchup
mayonnaise
salt
pepper
chocolate
biscuit
fish",mince,0.0,chips,,False,True,0,,iterative,349764821814925060,chip,False
01KEYVS73A42FYDVDZH54PGGDA,28,meta-llama/Llama-3.3-70B-Instruct-Turbo,supermarket,"bread
cheese
potato
carrot
onion
lettuce
tomato
grape
sausage
egg
bread
broccoli
cabbage
lentil
noodle
rice
sauce
pasta
tomato sauce
ketchup
mayonnaise
salt
pepper
chocolate
biscuit
fish
mince",kiev,0.0,beef,,False,True,0,,iterative,14499691284090016000,beef,False
01KEYVS73A42FYDVDZH54PGGDA,29,meta-llama/Llama-3.3-70B-Instruct-Turbo,supermarket,"bread
cheese
potato
carrot
onion
lettuce
tomato
grape
sausage
egg
bread
broccoli
cabbage
lentil
noodle
rice
sauce
pasta
tomato sauce
ketchup
mayonnaise
salt
pepper
chocolate
biscuit
fish
mince
kiev",oil,0.0,chicken,,False,True,0,,iterative,17577797689923467000,garlic,False
01KEYVS73A42FYDVDZH54PGGDA,30,meta-llama/Llama-3.3-70B-Instruct-Turbo,supermarket,"bread
cheese
potato
carrot
onion
lettuce
tomato
grape
sausage
egg
bread
broccoli
cabbage
lentil
noodle
rice
sauce
pasta
tomato sauce
ketchup
mayonnaise
salt
pepper
chocolate
biscuit
fish
mince
kiev
oil",cucumber,0.0,butter,,False,True,0,,iterative,5393316275817825000,chicken,False
01KEYVS73A42FYDVDZH54PGGDA,31,meta-llama/Llama-3.3-70B-Instruct-Turbo,supermarket,"bread
cheese
potato
carrot
onion
lettuce
tomato
grape
sausage
egg
bread
broccoli
cabbage
lentil
noodle
rice
sauce
pasta
tomato sauce
ketchup
mayonnaise
salt
pepper
chocolate
biscuit
fish
mince
kiev
oil
cucumber",aubergine,0.0,pepper,,False,True,0,,iterative,4137318551735552000,avocado,False
01KEYVS73A42FYDVDZH54PGGDA,32,meta-llama/Llama-3.3-70B-Instruct-Turbo,supermarket,"bread
cheese
potato
carrot
onion
lettuce
tomato
grape
sausage
egg
bread
broccoli
cabbage
lentil
noodle
rice
sauce
pasta
tomato sauce
ketchup
mayonnaise
salt
pepper
chocolate
biscuit
fish
mince
kiev
oil
cucumber
aubergine",croissant,0.0,pepper,,False,True,0,,iterative,3130001633799507500,milk,False
01KEYVS73A42FYDVDZH54PGGDA,33,meta-llama/Llama-3.3-70B-Instruct-Turbo,supermarket,"bread
cheese
potato
carrot
onion
lettuce
tomato
grape
sausage
egg
bread
broccoli
cabbage
lentil
noodle
rice
sauce
pasta
tomato sauce
ketchup
mayonnaise
salt
pepper
chocolate
biscuit
fish
mince
kiev
oil
cucumber
aubergine
croissant",dill,0.0,mushroom,,False,True,0,,iterative,10532762686333766000,milk,False
01KEYVS73A42FYDVDZH54PGGDA,34,meta-llama/Llama-3.3-70B-Instruct-Turbo,supermarket,"bread
cheese
potato
carrot
onion
lettuce
tomato
grape
sausage
egg
bread
broccoli
cabbage
lentil
noodle
rice
sauce
pasta
tomato sauce
ketchup
mayonnaise
salt
pepper
chocolate
biscuit
fish
mince
kiev
oil
cucumber
aubergine
croissant
dill",pickle,0.0,pickles,,False,True,0,,iterative,3127615517044055000,milk,False
01KEYVS73A42FYDVDZH54PGGDA,35,meta-llama/Llama-3.3-70B-Instruct-Turbo,supermarket,"bread
cheese
potato
carrot
onion
lettuce
tomato
grape
sausage
egg
bread
broccoli
cabbage
lentil
noodle
rice
sauce
pasta
tomato sauce
ketchup
mayonnaise
salt
pepper
chocolate
biscuit
fish
mince
kiev
oil
cucumber
aubergine
croissant
dill
pickle",burger,0.0,mustard,,False,True,0,,iterative,16542448623140708000,milk,False
01KEYW9NC088ADQQE1P7Z4JQ09,2,meta-llama/Llama-3.3-70B-Instruct-Turbo,supermarket,sugar,bean,0.0,flour,,False,True,0,,iterative,13629726166238982000,flour,False
01KEYW9NC088ADQQE1P7Z4JQ09,3,meta-llama/Llama-3.3-70B-Instruct-Turbo,supermarket,"sugar
bean",bread,0.0,rice,,False,True,0,,iterative,5485028203599906000,seed,False
01KEYW9NC088ADQQE1P7Z4JQ09,4,meta-llama/Llama-3.3-70B-Instruct-Turbo,supermarket,"sugar
bean
bread",rice,0.0,butter,,False,True,0,,iterative,5853288753305780000,milk,False
01KEYW9NC088ADQQE1P7Z4JQ09,5,meta-llama/Llama-3.3-70B-Instruct-Turbo,supermarket,"sugar
bean
bread
rice",cereal,0.0,butter,,False,True,0,,iterative,12984085896493904000,meat,False
01KEYW9NC088ADQQE1P7Z4JQ09,6,meta-llama/Llama-3.3-70B-Instruct-Turbo,supermarket,"sugar
bean
bread
rice
cereal",dishwashingliquid,0.0,milk,,False,True,0,,iterative,14351050188309025000,milk,False
01KEYW9NC088ADQQE1P7Z4JQ09,7,meta-llama/Llama-3.3-70B-Instruct-Turbo,supermarket,"sugar
bean
bread
rice
cereal
dishwashing liquid",maizemeal,0.0,milk,,False,True,0,,iterative,7684911317978059000,towel,False
01KEYW9NC088ADQQE1P7Z4JQ09,8,meta-llama/Llama-3.3-70B-Instruct-Turbo,supermarket,"sugar
bean
bread
rice
cereal
dishwashing liquid
maize meal",pie,0.0,oats,,False,True,0,,iterative,11903199355522707000,meat,False
01KEYW9NC088ADQQE1P7Z4JQ09,9,meta-llama/Llama-3.3-70B-Instruct-Turbo,supermarket,"sugar
bean
bread
rice
cereal
dishwashing liquid
maize meal
pie",egg,0.0,flour,,False,True,0,,iterative,14997833539513756000,donut,False
01KEYW9NC088ADQQE1P7Z4JQ09,10,meta-llama/Llama-3.3-70B-Instruct-Turbo,supermarket,"sugar
bean
bread
rice
cereal
dishwashing liquid
maize meal
pie
egg",muffin,0.0,flour,,False,True,0,,iterative,11580070267511257000,oil,False
01KEYW9NC088ADQQE1P7Z4JQ09,11,meta-llama/Llama-3.3-70B-Instruct-Turbo,supermarket,"sugar
bean
bread
rice
cereal
dishwashing liquid
maize meal
pie
egg
muffin",powderedsoup,0.0,butter,,False,True,0,,iterative,2132259298451264300,meat,False
01KEYW9NC088ADQQE1P7Z4JQ09,12,meta-llama/Llama-3.3-70B-Instruct-Turbo,supermarket,"sugar
bean
bread
rice
cereal
dishwashing liquid
maize meal
pie
egg
muffin
powdered soup",coffee,1.0,noodles,,False,True,0,,iterative,12048648012088437000,meat,False
01KEYW9NC088ADQQE1P7Z4JQ09,13,meta-llama/Llama-3.3-70B-Instruct-Turbo,supermarket,"sugar
bean
bread
rice
cereal
dishwashing liquid
maize meal
pie
egg
muffin
powdered soup
coffee",tea,1.0,milk,,False,True,0,,iterative,3218377420260095000,juice,False
01KEYW9NC088ADQQE1P7Z4JQ09,14,meta-llama/Llama-3.3-70B-Instruct-Turbo,supermarket,"sugar
bean
bread
rice
cereal
dishwashing liquid
maize meal
pie
egg
muffin
powdered soup
coffee
tea",soap,0.0,milk,,False,True,0,,iterative,2198675245964249600,juice,False
01KEYW9NC088ADQQE1P7Z4JQ09,15,meta-llama/Llama-3.3-70B-Instruct-Turbo,supermarket,"sugar
bean
bread
rice
cereal
dishwashing liquid
maize meal
pie
egg
muffin
powdered soup
coffee
tea
soap",earbud,0.0,milk,,False,True,0,,iterative,10989659768095687000,meat,False
01KEYW9NC088ADQQE1P7Z4JQ09,16,meta-llama/Llama-3.3-70B-Instruct-Turbo,supermarket,"sugar
bean
bread
rice
cereal
dishwashing liquid
maize meal
pie
egg
muffin
powdered soup
coffee
tea
soap
earbud",towel,0.0,milk,,False,True,0,,iterative,9243111888762096000,coffee,False
01KEYW9NC088ADQQE1P7Z4JQ09,17,meta-llama/Llama-3.3-70B-Instruct-Turbo,supermarket,"sugar
bean
bread
rice
cereal
dishwashing liquid
maize meal
pie
egg
muffin
powdered soup
coffee
tea
soap
earbud
towel",microwave,0.0,milk,,False,True,0,,iterative,7295317113221148000,paper,False
01KEYW9NC088ADQQE1P7Z4JQ09,18,meta-llama/Llama-3.3-70B-Instruct-Turbo,supermarket,"sugar
bean
bread
rice
cereal
dishwashing liquid
maize meal
pie
egg
muffin
powdered soup
coffee
tea
soap
earbud
towel
microwave",stove,0.0,papertowels,,False,True,0,,iterative,9650351467708180000,pan,False
01KEYW9NC088ADQQE1P7Z4JQ09,19,meta-llama/Llama-3.3-70B-Instruct-Turbo,supermarket,"sugar
bean
bread
rice
cereal
dishwashing liquid
maize meal
pie
egg
muffin
powdered soup
coffee
tea
soap
earbud
towel
microwave
stove",spoon,1.0,toaster,,False,True,0,,iterative,14991947288084769000,toaster,False
01KEYW9NC088ADQQE1P7Z4JQ09,20,meta-llama/Llama-3.3-70B-Instruct-Turbo,supermarket,"sugar
bean
bread
rice
cereal
dishwashing liquid
maize meal
pie
egg
muffin
powdered soup
coffee
tea
soap
earbud
towel
microwave
stove
spoon",fork,0.0,fork,,True,True,0,,iterative,8773913366266311000,fork,True
01KEYW9NC088ADQQE1P7Z4JQ09,21,meta-llama/Llama-3.3-70B-Instruct-Turbo,supermarket,"sugar
bean
bread
rice
cereal
dishwashing liquid
maize meal
pie
egg
muffin
powdered soup
coffee
tea
soap
earbud
towel
microwave
stove
spoon
fork",knife,0.0,knife,,True,True,0,,iterative,1795580961924319700,plate,False
01KEYW9NC088ADQQE1P7Z4JQ09,22,meta-llama/Llama-3.3-70B-Instruct-Turbo,supermarket,"sugar
bean
bread
rice
cereal
dishwashing liquid
maize meal
pie
egg
muffin
powdered soup
coffee
tea
soap
earbud
towel
microwave
stove
spoon
fork
knife",dish,0.0,plate,,False,True,0,,iterative,3613478912128229400,spatula,False
01KEYW9NC088ADQQE1P7Z4JQ09,23,meta-llama/Llama-3.3-70B-Instruct-Turbo,supermarket,"sugar
bean
bread
rice
cereal
dishwashing liquid
maize meal
pie
egg
muffin
powdered soup
coffee
tea
soap
earbud
towel
microwave
stove
spoon
fork
knife
dish",cloth,0.0,plate,,False,True,0,,iterative,13130766717513656000,plate,False
01KEYXCBKQXZ7Z985H2TSXSGZ1,2,meta-llama/Llama-3.3-70B-Instruct-Turbo,supermarket,apple,orange,1.0,banana,,False,True,0,,iterative,6546049454027596000,carrot,False
01KEYXCBKQXZ7Z985H2TSXSGZ1,3,meta-llama/Llama-3.3-70B-Instruct-Turbo,supermarket,"apple
orange",lettuce,0.0,banana,,False,True,0,,iterative,72496670317434640,banana,False
01KEYXCBKQXZ7Z985H2TSXSGZ1,4,meta-llama/Llama-3.3-70B-Instruct-Turbo,supermarket,"apple
orange
lettuce",bread,0.0,carrots,,False,True,0,,iterative,611789634760860500,tomato,False
01KEYXCBKQXZ7Z985H2TSXSGZ1,5,meta-llama/Llama-3.3-70B-Instruct-Turbo,supermarket,"apple
orange
lettuce
bread",milk,0.0,butter,,False,True,0,,iterative,9888600243083321000,egg,False
01KEYXCBKQXZ7Z985H2TSXSGZ1,6,meta-llama/Llama-3.3-70B-Instruct-Turbo,supermarket,"apple
orange
lettuce
bread
milk",egg,0.0,butter,,False,True,0,,iterative,701921092032974100,egg,True
01KEYXCBKQXZ7Z985H2TSXSGZ1,7,meta-llama/Llama-3.3-70B-Instruct-Turbo,supermarket,"apple
orange
lettuce
bread
milk
egg",saladdressing,0.0,cheese,,False,True,0,,iterative,7406922637137664000,cheese,False
01KEYXCBKQXZ7Z985H2TSXSGZ1,8,meta-llama/Llama-3.3-70B-Instruct-Turbo,supermarket,"apple
orange
lettuce
bread
milk
egg
salad dressing",strawberry,1.0,cheese,,False,True,0,,iterative,5135923073567512000,cheese,False
01KEYXCBKQXZ7Z985H2TSXSGZ1,9,meta-llama/Llama-3.3-70B-Instruct-Turbo,supermarket,"apple
orange
lettuce
bread
milk
egg
salad dressing
strawberry",cherry,1.0,yogurt,,False,True,0,,iterative,13467159379524157000,banana,False
01KEYXCBKQXZ7Z985H2TSXSGZ1,10,meta-llama/Llama-3.3-70B-Instruct-Turbo,supermarket,"apple
orange
lettuce
bread
milk
egg
salad dressing
strawberry
cherry",cucumber,0.0,yogurt,,False,True,0,,iterative,3714213389422658000,banana,False
01KEYXCBKQXZ7Z985H2TSXSGZ1,11,meta-llama/Llama-3.3-70B-Instruct-Turbo,supermarket,"apple
orange
lettuce
bread
milk
egg
salad dressing
strawberry
cherry
cucumber",avocado,0.0,tomato,,False,True,0,,iterative,2219208981272193500,carrot,False
01KEYXCBKQXZ7Z985H2TSXSGZ1,12,meta-llama/Llama-3.3-70B-Instruct-Turbo,supermarket,"apple
orange
lettuce
bread
milk
egg
salad dressing
strawberry
cherry
cucumber
avocado",onion,0.0,tomato,,False,True,0,,iterative,1643128959210319400,carrot,False
01KEYXCBKQXZ7Z985H2TSXSGZ1,13,meta-llama/Llama-3.3-70B-Instruct-Turbo,supermarket,"apple
orange
lettuce
bread
milk
egg
salad dressing
strawberry
cherry
cucumber
avocado
onion",garlic,0.0,tomato,,False,True,0,,iterative,13282049792614173000,carrot,False
01KEYXCBKQXZ7Z985H2TSXSGZ1,14,meta-llama/Llama-3.3-70B-Instruct-Turbo,supermarket,"apple
orange
lettuce
bread
milk
egg
salad dressing
strawberry
cherry
cucumber
avocado
onion
garlic",rosemary,0.0,tomato,,False,True,0,,iterative,15678937441020836000,carrot,False
01KEYXCBKQXZ7Z985H2TSXSGZ1,15,meta-llama/Llama-3.3-70B-Instruct-Turbo,supermarket,"apple
orange
lettuce
bread
milk
egg
salad dressing
strawberry
cherry
cucumber
avocado
onion
garlic
rosemary",dill,0.0,thyme,,False,True,0,,iterative,8131792637217361000,basil,False
01KEYXCBKQXZ7Z985H2TSXSGZ1,16,meta-llama/Llama-3.3-70B-Instruct-Turbo,supermarket,"apple
orange
lettuce
bread
milk
egg
salad dressing
strawberry
cherry
cucumber
avocado
onion
garlic
rosemary
dill",carrot,0.0,thyme,,False,True,0,,iterative,10162548168010461000,basil,False
01KEYXCBKQXZ7Z985H2TSXSGZ1,17,meta-llama/Llama-3.3-70B-Instruct-Turbo,supermarket,"apple
orange
lettuce
bread
milk
egg
salad dressing
strawberry
cherry
cucumber
avocado
onion
garlic
rosemary
dill
carrot",banana,1.0,potato,,False,True,0,,iterative,3667776609866529000,celery,False
01KEYXCBKQXZ7Z985H2TSXSGZ1,18,meta-llama/Llama-3.3-70B-Instruct-Turbo,supermarket,"apple
orange
lettuce
bread
milk
egg
salad dressing
strawberry
cherry
cucumber
avocado
onion
garlic
rosemary
dill
carrot
banana",chip,0.0,potato,,False,True,0,,iterative,17788752219014734000,pasta,False
01KEYXCBKQXZ7Z985H2TSXSGZ1,19,meta-llama/Llama-3.3-70B-Instruct-Turbo,supermarket,"apple
orange
lettuce
bread
milk
egg
salad dressing
strawberry
cherry
cucumber
avocado
onion
garlic
rosemary
dill
carrot
banana
chip",cracker,0.0,potatochips,,False,True,0,,iterative,3612330241642752000,pasta,False
01KEYXCBKQXZ7Z985H2TSXSGZ1,20,meta-llama/Llama-3.3-70B-Instruct-Turbo,supermarket,"apple
orange
lettuce
bread
milk
egg
salad dressing
strawberry
cherry
cucumber
avocado
onion
garlic
rosemary
dill
carrot
banana
chip
cracker",cheese,0.0,cheese,,True,True,0,,iterative,12948351930360506000,cookie,False
01KEYXCBKQXZ7Z985H2TSXSGZ1,21,meta-llama/Llama-3.3-70B-Instruct-Turbo,supermarket,"apple
orange
lettuce
bread
milk
egg
salad dressing
strawberry
cherry
cucumber
avocado
onion
garlic
rosemary
dill
carrot
banana
chip
cracker
cheese",ham,0.0,crackers,,False,True,0,,iterative,269922493505847330,yogurt,False
01KEYXCBKQXZ7Z985H2TSXSGZ1,22,meta-llama/Llama-3.3-70B-Instruct-Turbo,supermarket,"apple
orange
lettuce
bread
milk
egg
salad dressing
strawberry
cherry
cucumber
avocado
onion
garlic
rosemary
dill
carrot
banana
chip
cracker
cheese
ham",salami,0.0,turkey,,False,True,0,,iterative,388201350491346750,chicken,False
01KEYXCBKQXZ7Z985H2TSXSGZ1,23,meta-llama/Llama-3.3-70B-Instruct-Turbo,supermarket,"apple
orange
lettuce
bread
milk
egg
salad dressing
strawberry
cherry
cucumber
avocado
onion
garlic
rosemary
dill
carrot
banana
chip
cracker
cheese
ham
salami",popsicle,0.0,pepperoni,,False,True,0,,iterative,6958049897047308000,turkey,False
01KEYXCBKQXZ7Z985H2TSXSGZ1,24,meta-llama/Llama-3.3-70B-Instruct-Turbo,supermarket,"apple
orange
lettuce
bread
milk
egg
salad dressing
strawberry
cherry
cucumber
avocado
onion
garlic
rosemary
dill
carrot
banana
chip
cracker
cheese
ham
salami
popsicle",icecream,0.0,icecream,,True,True,0,,iterative,1730066208200057000,ice cream,True
01KEYXCBKQXZ7Z985H2TSXSGZ1,25,meta-llama/Llama-3.3-70B-Instruct-Turbo,supermarket,"apple
orange
lettuce
bread
milk
egg
salad dressing
strawberry
cherry
cucumber
avocado
onion
garlic
rosemary
dill
carrot
banana
chip
cracker
cheese
ham
salami
popsicle
ice cream",cupcake,0.0,cookie,,False,True,0,,iterative,15714115185133617000,pizza,False
01KEYXCBKQXZ7Z985H2TSXSGZ1,26,meta-llama/Llama-3.3-70B-Instruct-Turbo,supermarket,"apple
orange
lettuce
bread
milk
egg
salad dressing
strawberry
cherry
cucumber
avocado
onion
garlic
rosemary
dill
carrot
banana
chip
cracker
cheese
ham
salami
popsicle
ice cream
cupcake",cake,0.0,cookie,,False,True,0,,iterative,36734183482003340,brownie,False
01KEYXCBKQXZ7Z985H2TSXSGZ1,27,meta-llama/Llama-3.3-70B-Instruct-Turbo,supermarket,"apple
orange
lettuce
bread
milk
egg
salad dressing
strawberry
cherry
cucumber
avocado
onion
garlic
rosemary
dill
carrot
banana
chip
cracker
cheese
ham
salami
popsicle
ice cream
cupcake
cake",soda,0.0,frosting,,False,True,0,,iterative,18281360632045603000,brownie,False
01KEYXCBKQXZ7Z985H2TSXSGZ1,28,meta-llama/Llama-3.3-70B-Instruct-Turbo,supermarket,"apple
orange
lettuce
bread
milk
egg
salad dressing
strawberry
cherry
cucumber
avocado
onion
garlic
rosemary
dill
carrot
banana
chip
cracker
cheese
ham
salami
popsicle
ice cream
cupcake
cake
soda",water,0.0,water,,True,True,0,,iterative,2527655351257564700,juice,False
01KEYXCBKQXZ7Z985H2TSXSGZ1,29,meta-llama/Llama-3.3-70B-Instruct-Turbo,supermarket,"apple
orange
lettuce
bread
milk
egg
salad dressing
strawberry
cherry
cucumber
avocado
onion
garlic
rosemary
dill
carrot
banana
chip
cracker
cheese
ham
salami
popsicle
ice cream
cupcake
cake
soda
water",coffee,0.0,juice,,False,True,0,,iterative,2561379186881390600,juice,False
01KEYXCBKQXZ7Z985H2TSXSGZ1,30,meta-llama/Llama-3.3-70B-Instruct-Turbo,supermarket,"apple
orange
lettuce
bread
milk
egg
salad dressing
strawberry
cherry
cucumber
avocado
onion
garlic
rosemary
dill
carrot
banana
chip
cracker
cheese
ham
salami
popsicle
ice cream
cupcake
cake
soda
water
coffee",tea,0.0,sugar,,False,True,0,,iterative,7327400860567306000,juice,False
01KEYXCBKQXZ7Z985H2TSXSGZ1,31,meta-llama/Llama-3.3-70B-Instruct-Turbo,supermarket,"apple
orange
lettuce
bread
milk
egg
salad dressing
strawberry
cherry
cucumber
avocado
onion
garlic
rosemary
dill
carrot
banana
chip
cracker
cheese
ham
salami
popsicle
ice cream
cupcake
cake
soda
water
coffee
tea",cream,0.0,sugar,,False,True,0,,iterative,5294369618925256000,juice,False
01KEYXCBKQXZ7Z985H2TSXSGZ1,32,meta-llama/Llama-3.3-70B-Instruct-Turbo,supermarket,"apple
orange
lettuce
bread
milk
egg
salad dressing
strawberry
cherry
cucumber
avocado
onion
garlic
rosemary
dill
carrot
banana
chip
cracker
cheese
ham
salami
popsicle
ice cream
cupcake
cake
soda
water
coffee
tea
cream",yogurt,0.0,sugar,,False,True,0,,iterative,13934598825892530000,sugar,False
01KEYXCBKQXZ7Z985H2TSXSGZ1,33,meta-llama/Llama-3.3-70B-Instruct-Turbo,supermarket,"apple
orange
lettuce
bread
milk
egg
salad dressing
strawberry
cherry
cucumber
avocado
onion
garlic
rosemary
dill
carrot
banana
chip
cracker
cheese
ham
salami
popsicle
ice cream
cupcake
cake
soda
water
coffee
tea
cream
yogurt",sourcream,0.0,honey,,False,True,0,,iterative,15493118678004177000,sugar,False
01KEYXCBKQXZ7Z985H2TSXSGZ1,34,meta-llama/Llama-3.3-70B-Instruct-Turbo,supermarket,"apple
orange
lettuce
bread
milk
egg
salad dressing
strawberry
cherry
cucumber
avocado
onion
garlic
rosemary
dill
carrot
banana
chip
cracker
cheese
ham
salami
popsicle
ice cream
cupcake
cake
soda
water
coffee
tea
cream
yogurt
sour cream",creamcheese,0.0,butter,,False,True,0,,iterative,7715210212054128000,sugar,False
01KEYXCBKQXZ7Z985H2TSXSGZ1,35,meta-llama/Llama-3.3-70B-Instruct-Turbo,supermarket,"apple
orange
lettuce
bread
milk
egg
salad dressing
strawberry
cherry
cucumber
avocado
onion
garlic
rosemary
dill
carrot
banana
chip
cracker
cheese
ham
salami
popsicle
ice cream
cupcake
cake
soda
water
coffee
tea
cream
yogurt
sour cream
cream cheese",beer,0.0,butter,,False,True,0,,iterative,8962142443056941000,sugar,False
01KEYXCBKQXZ7Z985H2TSXSGZ1,36,meta-llama/Llama-3.3-70B-Instruct-Turbo,supermarket,"apple
orange
lettuce
bread
milk
egg
salad dressing
strawberry
cherry
cucumber
avocado
onion
garlic
rosemary
dill
carrot
banana
chip
cracker
cheese
ham
salami
popsicle
ice cream
cupcake
cake
soda
water
coffee
tea
cream
yogurt
sour cream
cream cheese
beer",wine,0.0,wine,,True,True,0,,iterative,18200289936733534000,wine,True
01KEYXCBKQXZ7Z985H2TSXSGZ1,37,meta-llama/Llama-3.3-70B-Instruct-Turbo,supermarket,"apple
orange
lettuce
bread
milk
egg
salad dressing
strawberry
cherry
cucumber
avocado
onion
garlic
rosemary
dill
carrot
banana
chip
cracker
cheese
ham
salami
popsicle
ice cream
cupcake
cake
soda
water
coffee
tea
cream
yogurt
sour cream
cream cheese
beer
wine",chocolate,0.0,champagne,,False,True,0,,iterative,4393161256997389000,juice,False
01KEYXCBKQXZ7Z985H2TSXSGZ1,38,meta-llama/Llama-3.3-70B-Instruct-Turbo,supermarket,"apple
orange
lettuce
bread
milk
egg
salad dressing
strawberry
cherry
cucumber
avocado
onion
garlic
rosemary
dill
carrot
banana
chip
cracker
cheese
ham
salami
popsicle
ice cream
cupcake
cake
soda
water
coffee
tea
cream
yogurt
sour cream
cream cheese
beer
wine
chocolate",candy,0.0,candy,,True,True,0,,iterative,17523437036555588000,candy,True
01KEYXCBKQXZ7Z985H2TSXSGZ1,39,meta-llama/Llama-3.3-70B-Instruct-Turbo,supermarket,"apple
orange
lettuce
bread
milk
egg
salad dressing
strawberry
cherry
cucumber
avocado
onion
garlic
rosemary
dill
carrot
banana
chip
cracker
cheese
ham
salami
popsicle
ice cream
cupcake
cake
soda
water
coffee
tea
cream
yogurt
sour cream
cream cheese
beer
wine
chocolate
candy",soysauce,0.0,cookie,,False,True,0,,iterative,7504004744988178000,cookie,False
01KEYXCBKQXZ7Z985H2TSXSGZ1,40,meta-llama/Llama-3.3-70B-Instruct-Turbo,supermarket,"apple
orange
lettuce
bread
milk
egg
salad dressing
strawberry
cherry
cucumber
avocado
onion
garlic
rosemary
dill
carrot
banana
chip
cracker
cheese
ham
salami
popsicle
ice cream
cupcake
cake
soda
water
coffee
tea
cream
yogurt
sour cream
cream cheese
beer
wine
chocolate
candy
soy sauce",ranch,0.0,noodle,,False,True,0,,iterative,8530620629686789000,pasta sauce,False
01KEYXCBKQXZ7Z985H2TSXSGZ1,41,meta-llama/Llama-3.3-70B-Instruct-Turbo,supermarket,"apple
orange
lettuce
bread
milk
egg
salad dressing
strawberry
cherry
cucumber
avocado
onion
garlic
rosemary
dill
carrot
banana
chip
cracker
cheese
ham
salami
popsicle
ice cream
cupcake
cake
soda
water
coffee
tea
cream
yogurt
sour cream
cream cheese
beer
wine
chocolate
candy
soy sauce
ranch",hotsauce,0.0,bbqsauce,,False,True,0,,iterative,2977969298792865300,italian dressing,False
01KEYXCBKQXZ7Z985H2TSXSGZ1,42,meta-llama/Llama-3.3-70B-Instruct-Turbo,supermarket,"apple
orange
lettuce
bread
milk
egg
salad dressing
strawberry
cherry
cucumber
avocado
onion
garlic
rosemary
dill
carrot
banana
chip
cracker
cheese
ham
salami
popsicle
ice cream
cupcake
cake
soda
water
coffee
tea
cream
yogurt
sour cream
cream cheese
beer
wine
chocolate
candy
soy sauce
ranch
hot sauce",pasta,0.0,ketchup,,False,True,0,,iterative,480155779923627300,ketchup,False
01KEYXCBKQXZ7Z985H2TSXSGZ1,43,meta-llama/Llama-3.3-70B-Instruct-Turbo,supermarket,"apple
orange
lettuce
bread
milk
egg
salad dressing
strawberry
cherry
cucumber
avocado
onion
garlic
rosemary
dill
carrot
banana
chip
cracker
cheese
ham
salami
popsicle
ice cream
cupcake
cake
soda
water
coffee
tea
cream
yogurt
sour cream
cream cheese
beer
wine
chocolate
candy
soy sauce
ranch
hot sauce
pasta",oliveoil,0.0,marinara,,False,True,0,,iterative,10535122225117300000,rice,False
01KEYXCBKQXZ7Z985H2TSXSGZ1,44,meta-llama/Llama-3.3-70B-Instruct-Turbo,supermarket,"apple
orange
lettuce
bread
milk
egg
salad dressing
strawberry
cherry
cucumber
avocado
onion
garlic
rosemary
dill
carrot
banana
chip
cracker
cheese
ham
salami
popsicle
ice cream
cupcake
cake
soda
water
coffee
tea
cream
yogurt
sour cream
cream cheese
beer
wine
chocolate
candy
soy sauce
ranch
hot sauce
pasta
olive oil",sunfloweroil,0.0,basil,,False,True,0,,iterative,2086322994303870700,rice,False
01KEYXCBKQXZ7Z985H2TSXSGZ1,45,meta-llama/Llama-3.3-70B-Instruct-Turbo,supermarket,"apple
orange
lettuce
bread
milk
egg
salad dressing
strawberry
cherry
cucumber
avocado
onion
garlic
rosemary
dill
carrot
banana
chip
cracker
cheese
ham
salami
popsicle
ice cream
cupcake
cake
soda
water
coffee
tea
cream
yogurt
sour cream
cream cheese
beer
wine
chocolate
candy
soy sauce
ranch
hot sauce
pasta
olive oil
sunflower oil",vegetableoil,0.0,butter,,False,True,0,,iterative,10986260568283752000,rice,False
01KEYXCBKQXZ7Z985H2TSXSGZ1,46,meta-llama/Llama-3.3-70B-Instruct-Turbo,supermarket,"apple
orange
lettuce
bread
milk
egg
salad dressing
strawberry
cherry
cucumber
avocado
onion
garlic
rosemary
dill
carrot
banana
chip
cracker
cheese
ham
salami
popsicle
ice cream
cupcake
cake
soda
water
coffee
tea
cream
yogurt
sour cream
cream cheese
beer
wine
chocolate
candy
soy sauce
ranch
hot sauce
pasta
olive oil
sunflower oil
vegetable oil",pineapple,1.0,butter,,False,True,0,,iterative,13968205752657117000,rice,False
01KEYXCBKQXZ7Z985H2TSXSGZ1,47,meta-llama/Llama-3.3-70B-Instruct-Turbo,supermarket,"apple
orange
lettuce
bread
milk
egg
salad dressing
strawberry
cherry
cucumber
avocado
onion
garlic
rosemary
dill
carrot
banana
chip
cracker
cheese
ham
salami
popsicle
ice cream
cupcake
cake
soda
water
coffee
tea
cream
yogurt
sour cream
cream cheese
beer
wine
chocolate
candy
soy sauce
ranch
hot sauce
pasta
olive oil
sunflower oil
vegetable oil
pineapple",biscuit,0.0,coconut,,False,True,0,,iterative,10338100243347548000,coconut,False
01KEYXCBKQXZ7Z985H2TSXSGZ1,48,meta-llama/Llama-3.3-70B-Instruct-Turbo,supermarket,"apple
orange
lettuce
bread
milk
egg
salad dressing
strawberry
cherry
cucumber
avocado
onion
garlic
rosemary
dill
carrot
banana
chip
cracker
cheese
ham
salami
popsicle
ice cream
cupcake
cake
soda
water
coffee
tea
cream
yogurt
sour cream
cream cheese
beer
wine
chocolate
candy
soy sauce
ranch
hot sauce
pasta
olive oil
sunflower oil
vegetable oil
pineapple
biscuit",cookie,0.0,butter,,False,True,0,,iterative,5112323645128079000,cinnamon roll,False
01KEYXCBKQXZ7Z985H2TSXSGZ1,49,meta-llama/Llama-3.3-70B-Instruct-Turbo,supermarket,"apple
orange
lettuce
bread
milk
egg
salad dressing
strawberry
cherry
cucumber
avocado
onion
garlic
rosemary
dill
carrot
banana
chip
cracker
cheese
ham
salami
popsicle
ice cream
cupcake
cake
soda
water
coffee
tea
cream
yogurt
sour cream
cream cheese
beer
wine
chocolate
candy
soy sauce
ranch
hot sauce
pasta
olive oil
sunflower oil
vegetable oil
pineapple
biscuit
cookie",date,0.0,brownie,,False,True,0,,iterative,12744363427752659000,cinnamon roll,False
01KEYXCBKQXZ7Z985H2TSXSGZ1,50,meta-llama/Llama-3.3-70B-Instruct-Turbo,supermarket,"apple
orange
lettuce
bread
milk
egg
salad dressing
strawberry
cherry
cucumber
avocado
onion
garlic
rosemary
dill
carrot
banana
chip
cracker
cheese
ham
salami
popsicle
ice cream
cupcake
cake
soda
water
coffee
tea
cream
yogurt
sour cream
cream cheese
beer
wine
chocolate
candy
soy sauce
ranch
hot sauce
pasta
olive oil
sunflower oil
vegetable oil
pineapple
biscuit
cookie
date",fig,0.0,honey,,False,True,0,,iterative,4177241952202337300,bean,False
01KEYXCBKQXZ7Z985H2TSXSGZ1,51,meta-llama/Llama-3.3-70B-Instruct-Turbo,supermarket,"apple
orange
lettuce
bread
milk
egg
salad dressing
strawberry
cherry
cucumber
avocado
onion
garlic
rosemary
dill
carrot
banana
chip
cracker
cheese
ham
salami
popsicle
ice cream
cupcake
cake
soda
water
coffee
tea
cream
yogurt
sour cream
cream cheese
beer
wine
chocolate
candy
soy sauce
ranch
hot sauce
pasta
olive oil
sunflower oil
vegetable oil
pineapple
biscuit
cookie
date
fig",asparagus,0.0,honey,,False,True,0,,iterative,697078154845980500,bean,False
01KEYXCBKQXZ7Z985H2TSXSGZ1,52,meta-llama/Llama-3.3-70B-Instruct-Turbo,supermarket,"apple
orange
lettuce
bread
milk
egg
salad dressing
strawberry
cherry
cucumber
avocado
onion
garlic
rosemary
dill
carrot
banana
chip
cracker
cheese
ham
salami
popsicle
ice cream
cupcake
cake
soda
water
coffee
tea
cream
yogurt
sour cream
cream cheese
beer
wine
chocolate
candy
soy sauce
ranch
hot sauce
pasta
olive oil
sunflower oil
vegetable oil
pineapple
biscuit
cookie
date
fig
asparagus",parsnip,0.0,grapes,,False,True,0,,iterative,5372459846565487000,squash,False
01KEYXCBKQXZ7Z985H2TSXSGZ1,53,meta-llama/Llama-3.3-70B-Instruct-Turbo,supermarket,"apple
orange
lettuce
bread
milk
egg
salad dressing
strawberry
cherry
cucumber
avocado
onion
garlic
rosemary
dill
carrot
banana
chip
cracker
cheese
ham
salami
popsicle
ice cream
cupcake
cake
soda
water
coffee
tea
cream
yogurt
sour cream
cream cheese
beer
wine
chocolate
candy
soy sauce
ranch
hot sauce
pasta
olive oil
sunflower oil
vegetable oil
pineapple
biscuit
cookie
date
fig
asparagus
parsnip",flour,0.0,potato,,False,True,0,,iterative,9689176807097330000,turnip,False
01KEYXCBKQXZ7Z985H2TSXSGZ1,54,meta-llama/Llama-3.3-70B-Instruct-Turbo,supermarket,"apple
orange
lettuce
bread
milk
egg
salad dressing
strawberry
cherry
cucumber
avocado
onion
garlic
rosemary
dill
carrot
banana
chip
cracker
cheese
ham
salami
popsicle
ice cream
cupcake
cake
soda
water
coffee
tea
cream
yogurt
sour cream
cream cheese
beer
wine
chocolate
candy
soy sauce
ranch
hot sauce
pasta
olive oil
sunflower oil
vegetable oil
pineapple
biscuit
cookie
date
fig
asparagus
parsnip
flour",sugar,0.0,sugar,,True,True,0,,iterative,10891309863119518000,sugar,True
01KEYXCBKQXZ7Z985H2TSXSGZ1,55,meta-llama/Llama-3.3-70B-Instruct-Turbo,supermarket,"apple
orange
lettuce
bread
milk
egg
salad dressing
strawberry
cherry
cucumber
avocado
onion
garlic
rosemary
dill
carrot
banana
chip
cracker
cheese
ham
salami
popsicle
ice cream
cupcake
cake
soda
water
coffee
tea
cream
yogurt
sour cream
cream cheese
beer
wine
chocolate
candy
soy sauce
ranch
hot sauce
pasta
olive oil
sunflower oil
vegetable oil
pineapple
biscuit
cookie
date
fig
asparagus
parsnip
flour
sugar",pizza,0.0,honey,,False,True,0,,iterative,11247358968866003000,baking soda,False
01KEYXCBKQXZ7Z985H2TSXSGZ1,56,meta-llama/Llama-3.3-70B-Instruct-Turbo,supermarket,"apple
orange
lettuce
bread
milk
egg
salad dressing
strawberry
cherry
cucumber
avocado
onion
garlic
rosemary
dill
carrot
banana
chip
cracker
cheese
ham
salami
popsicle
ice cream
cupcake
cake
soda
water
coffee
tea
cream
yogurt
sour cream
cream cheese
beer
wine
chocolate
candy
soy sauce
ranch
hot sauce
pasta
olive oil
sunflower oil
vegetable oil
pineapple
biscuit
cookie
date
fig
asparagus
parsnip
flour
sugar
pizza",fish,0.0,tomato,,False,True,0,,iterative,12210521516094587000,pizza sauce,False
01KEYXCBKQXZ7Z985H2TSXSGZ1,57,meta-llama/Llama-3.3-70B-Instruct-Turbo,supermarket,"apple
orange
lettuce
bread
milk
egg
salad dressing
strawberry
cherry
cucumber
avocado
onion
garlic
rosemary
dill
carrot
banana
chip
cracker
cheese
ham
salami
popsicle
ice cream
cupcake
cake
soda
water
coffee
tea
cream
yogurt
sour cream
cream cheese
beer
wine
chocolate
candy
soy sauce
ranch
hot sauce
pasta
olive oil
sunflower oil
vegetable oil
pineapple
biscuit
cookie
date
fig
asparagus
parsnip
flour
sugar
pizza
fish",beef,0.0,shrimp,,False,True,0,,iterative,2861858765917709000,chicken,False
01KEYXJ0R5V4TBJQVJ2T33JKMC,2,meta-llama/Llama-3.3-70B-Instruct-Turbo,supermarket,burger,egg,0.0,buns,,False,True,0,,iterative,15772242860705665000,bun,False
01KEYXJ0R5V4TBJQVJ2T33JKMC,3,meta-llama/Llama-3.3-70B-Instruct-Turbo,supermarket,"burger
egg",olive,0.0,cheese,,False,True,0,,iterative,17012362107940580000,yolk,False
01KEYXJ0R5V4TBJQVJ2T33JKMC,4,meta-llama/Llama-3.3-70B-Instruct-Turbo,supermarket,"burger
egg
olive",banana,1.0,pickle,,False,True,0,,iterative,8994186140958509000,oil,False
01KEYXJ0R5V4TBJQVJ2T33JKMC,5,meta-llama/Llama-3.3-70B-Instruct-Turbo,supermarket,"burger
egg
olive
banana",milk,0.0,tomato,,False,True,0,,iterative,2233834289733074700,orange,False
01KEYXJ0R5V4TBJQVJ2T33JKMC,6,meta-llama/Llama-3.3-70B-Instruct-Turbo,supermarket,"burger
egg
olive
banana
milk",orange,1.0,cereal,,False,True,0,,iterative,121238877596781180,juice,False
01KEYXJ0R5V4TBJQVJ2T33JKMC,7,meta-llama/Llama-3.3-70B-Instruct-Turbo,supermarket,"burger
egg
olive
banana
milk
orange",berry,1.0,cereal,,False,True,0,,iterative,1572468712560160800,potato,False
01KEYXJ0R5V4TBJQVJ2T33JKMC,8,meta-llama/Llama-3.3-70B-Instruct-Turbo,supermarket,"burger
egg
olive
banana
milk
orange
berry",butter,0.0,yogurt,,False,True,0,,iterative,5546611781896245000,lettuce,False
01KEYXJ0R5V4TBJQVJ2T33JKMC,9,meta-llama/Llama-3.3-70B-Instruct-Turbo,supermarket,"burger
egg
olive
banana
milk
orange
berry
butter",bread,0.0,bread,,True,True,0,,iterative,5617647762898031000,cheese,False
01KEYXJ0R5V4TBJQVJ2T33JKMC,10,meta-llama/Llama-3.3-70B-Instruct-Turbo,supermarket,"burger
egg
olive
banana
milk
orange
berry
butter
bread",sweet,0.0,jam,,False,True,0,,iterative,8535335083455542000,jam,False
01KEYXJ0R5V4TBJQVJ2T33JKMC,11,meta-llama/Llama-3.3-70B-Instruct-Turbo,supermarket,"burger
egg
olive
banana
milk
orange
berry
butter
bread
sweet",pie,0.0,honey,,False,True,0,,iterative,14887682664381383000,pickle,False
01KEYXJ0R5V4TBJQVJ2T33JKMC,12,meta-llama/Llama-3.3-70B-Instruct-Turbo,supermarket,"burger
egg
olive
banana
milk
orange
berry
butter
bread
sweet
pie",wine,0.0,cream,,False,True,0,,iterative,17225154380536035000,ice cream,False
01KEYXJ0R5V4TBJQVJ2T33JKMC,13,meta-llama/Llama-3.3-70B-Instruct-Turbo,supermarket,"burger
egg
olive
banana
milk
orange
berry
butter
bread
sweet
pie
wine",water,0.0,cheese,,False,True,0,,iterative,15407784013167882000,beer,False
01KEYXJ0R5V4TBJQVJ2T33JKMC,14,meta-llama/Llama-3.3-70B-Instruct-Turbo,supermarket,"burger
egg
olive
banana
milk
orange
berry
butter
bread
sweet
pie
wine
water",salad,0.0,cheese,,False,True,0,,iterative,16160055532608436000,soda,False
01KEYXJ0R5V4TBJQVJ2T33JKMC,15,meta-llama/Llama-3.3-70B-Instruct-Turbo,supermarket,"burger
egg
olive
banana
milk
orange
berry
butter
bread
sweet
pie
wine
water
salad",chicken,0.0,cheese,,False,True,0,,iterative,2208449066917704000,dressing,False
01KEYXJ0R5V4TBJQVJ2T33JKMC,16,meta-llama/Llama-3.3-70B-Instruct-Turbo,supermarket,"burger
egg
olive
banana
milk
orange
berry
butter
bread
sweet
pie
wine
water
salad
chicken",beef,0.0,cheese,,False,True,0,,iterative,1335803653796595500,ham,False
01KEYXJ0R5V4TBJQVJ2T33JKMC,17,meta-llama/Llama-3.3-70B-Instruct-Turbo,supermarket,"burger
egg
olive
banana
milk
orange
berry
butter
bread
sweet
pie
wine
water
salad
chicken
beef",potato,0.0,turkey,,False,True,0,,iterative,16897770285969699000,broccoli,False
01KEYXJ0R5V4TBJQVJ2T33JKMC,18,meta-llama/Llama-3.3-70B-Instruct-Turbo,supermarket,"burger
egg
olive
banana
milk
orange
berry
butter
bread
sweet
pie
wine
water
salad
chicken
beef
potato",chocolate,0.0,carrot,,False,True,0,,iterative,9709982447722210000,corn,False
01KEYXJ0R5V4TBJQVJ2T33JKMC,19,meta-llama/Llama-3.3-70B-Instruct-Turbo,supermarket,"burger
egg
olive
banana
milk
orange
berry
butter
bread
sweet
pie
wine
water
salad
chicken
beef
potato
chocolate",sugar,0.0,carrot,,False,True,0,,iterative,12392262775465388000,cookie,False
01KEYXJ0R5V4TBJQVJ2T33JKMC,20,meta-llama/Llama-3.3-70B-Instruct-Turbo,supermarket,"burger
egg
olive
banana
milk
orange
berry
butter
bread
sweet
pie
wine
water
salad
chicken
beef
potato
chocolate
sugar",salt,0.0,cake,,False,True,0,,iterative,17162612645979877000,flour,False
01KEYXJ0R5V4TBJQVJ2T33JKMC,21,meta-llama/Llama-3.3-70B-Instruct-Turbo,supermarket,"burger
egg
olive
banana
milk
orange
berry
butter
bread
sweet
pie
wine
water
salad
chicken
beef
potato
chocolate
sugar
salt",apple,1.0,pepper,,False,True,0,,iterative,12162250083981530000,spice,False
01KEYXJ0R5V4TBJQVJ2T33JKMC,22,meta-llama/Llama-3.3-70B-Instruct-Turbo,supermarket,"burger
egg
olive
banana
milk
orange
berry
butter
bread
sweet
pie
wine
water
salad
chicken
beef
potato
chocolate
sugar
salt
apple",strawberry,1.0,pepper,,False,True,0,,iterative,15073700593108169000,pear,False
01KEYXJ0R5V4TBJQVJ2T33JKMC,23,meta-llama/Llama-3.3-70B-Instruct-Turbo,supermarket,"burger
egg
olive
banana
milk
orange
berry
butter
bread
sweet
pie
wine
water
salad
chicken
beef
potato
chocolate
sugar
salt
apple
strawberry",candy,0.0,grapes,,False,True,0,,iterative,12379772074696798000,grape,False
01KEYXJ0R5V4TBJQVJ2T33JKMC,24,meta-llama/Llama-3.3-70B-Instruct-Turbo,supermarket,"burger
egg
olive
banana
milk
orange
berry
butter
bread
sweet
pie
wine
water
salad
chicken
beef
potato
chocolate
sugar
salt
apple
strawberry
candy",cabbage,0.0,cake,,False,True,0,,iterative,11802762954330128000,bean,False
01KEYXJ0R5V4TBJQVJ2T33JKMC,25,meta-llama/Llama-3.3-70B-Instruct-Turbo,supermarket,"burger
egg
olive
banana
milk
orange
berry
butter
bread
sweet
pie
wine
water
salad
chicken
beef
potato
chocolate
sugar
salt
apple
strawberry
candy
cabbage",biscuit,0.0,carrot,,False,True,0,,iterative,9970359549181985000,leek,False
01KEYXJ0R5V4TBJQVJ2T33JKMC,26,meta-llama/Llama-3.3-70B-Instruct-Turbo,supermarket,"burger
egg
olive
banana
milk
orange
berry
butter
bread
sweet
pie
wine
water
salad
chicken
beef
potato
chocolate
sugar
salt
apple
strawberry
candy
cabbage
biscuit",crisp,0.0,carrot,,False,True,0,,iterative,6509777667315229000,gravy,False
01KEYXJ0R5V4TBJQVJ2T33JKMC,27,meta-llama/Llama-3.3-70B-Instruct-Turbo,supermarket,"burger
egg
olive
banana
milk
orange
berry
butter
bread
sweet
pie
wine
water
salad
chicken
beef
potato
chocolate
sugar
salt
apple
strawberry
candy
cabbage
biscuit
crisp",drink,0.0,cookie,,False,True,0,,iterative,8155017238604306000,chip,False
01KEYXJ0R5V4TBJQVJ2T33JKMC,28,meta-llama/Llama-3.3-70B-Instruct-Turbo,supermarket,"burger
egg
olive
banana
milk
orange
berry
butter
bread
sweet
pie
wine
water
salad
chicken
beef
potato
chocolate
sugar
salt
apple
strawberry
candy
cabbage
biscuit
crisp
drink",syrup,0.0,cookie,,False,True,0,,iterative,6811691195867446000,yogurt,False
01KEYXJ0R5V4TBJQVJ2T33JKMC,29,meta-llama/Llama-3.3-70B-Instruct-Turbo,supermarket,"burger
egg
olive
banana
milk
orange
berry
butter
bread
sweet
pie
wine
water
salad
chicken
beef
potato
chocolate
sugar
salt
apple
strawberry
candy
cabbage
biscuit
crisp
drink
syrup",frozenfood,1.0,honey,,False,True,0,,iterative,13461764624873284000,pancake mix,False
01KEYXJ0R5V4TBJQVJ2T33JKMC,30,meta-llama/Llama-3.3-70B-Instruct-Turbo,supermarket,"burger
egg
olive
banana
milk
orange
berry
butter
bread
sweet
pie
wine
water
salad
chicken
beef
potato
chocolate
sugar
salt
apple
strawberry
candy
cabbage
biscuit
crisp
drink
syrup
frozen food",frozenberry,1.0,yogurt,,False,True,0,,iterative,2024512021143574500,pizza,False
01KEYXJ0R5V4TBJQVJ2T33JKMC,31,meta-llama/Llama-3.3-70B-Instruct-Turbo,supermarket,"burger
egg
olive
banana
milk
orange
berry
butter
bread
sweet
pie
wine
water
salad
chicken
beef
potato
chocolate
sugar
salt
apple
strawberry
candy
cabbage
biscuit
crisp
drink
syrup
frozen food
frozen berry",peanutbutter,0.0,yogurt,,False,True,0,,iterative,156056412127846500,frozen vegetable,False
01KEYXJ0R5V4TBJQVJ2T33JKMC,32,meta-llama/Llama-3.3-70B-Instruct-Turbo,supermarket,"burger
egg
olive
banana
milk
orange
berry
butter
bread
sweet
pie
wine
water
salad
chicken
beef
potato
chocolate
sugar
salt
apple
strawberry
candy
cabbage
biscuit
crisp
drink
syrup
frozen food
frozen berry
peanut butter",pepper,0.0,jam,,False,True,0,,iterative,10463780752975250000,jelly,False
01KEYXJ0R5V4TBJQVJ2T33JKMC,33,meta-llama/Llama-3.3-70B-Instruct-Turbo,supermarket,"burger
egg
olive
banana
milk
orange
berry
butter
bread
sweet
pie
wine
water
salad
chicken
beef
potato
chocolate
sugar
salt
apple
strawberry
candy
cabbage
biscuit
crisp
drink
syrup
frozen food
frozen berry
peanut butter
pepper",cucumber,0.0,cheese,,False,True,0,,iterative,2574584372603510000,salt,False
01KEYZCZHH47JNRWFXVNF9VSZN,2,meta-llama/Llama-3.3-70B-Instruct-Turbo,supermarket,egg,milk,1.0,bacon,,False,True,0,,iterative,6693989324292153000,milk,True
01KEYZCZHH47JNRWFXVNF9VSZN,3,meta-llama/Llama-3.3-70B-Instruct-Turbo,supermarket,"egg
milk",bread,1.0,cheese,,False,True,0,,iterative,9443080956836980000,butter,False
01KEYZCZHH47JNRWFXVNF9VSZN,4,meta-llama/Llama-3.3-70B-Instruct-Turbo,supermarket,"egg
milk
bread",bun,1.0,butter,,False,True,0,,iterative,15393062928006853000,toilet roll,False
01KEYZCZHH47JNRWFXVNF9VSZN,5,meta-llama/Llama-3.3-70B-Instruct-Turbo,supermarket,"egg
milk
bread
bun",hotdog,0.0,butter,,False,True,0,,iterative,10488377472887685000,cake,False
01KEYZCZHH47JNRWFXVNF9VSZN,6,meta-llama/Llama-3.3-70B-Instruct-Turbo,supermarket,"egg
milk
bread
bun
hot dog",brat,0.0,ketchup,,False,True,0,,iterative,13551423225488419000,bean,False
01KEYZCZHH47JNRWFXVNF9VSZN,7,meta-llama/Llama-3.3-70B-Instruct-Turbo,supermarket,"egg
milk
bread
bun
hot dog
brat",ham,0.0,ketchup,,False,True,0,,iterative,7736859443016285000,barbie,False
01KEYZCZHH47JNRWFXVNF9VSZN,8,meta-llama/Llama-3.3-70B-Instruct-Turbo,supermarket,"egg
milk
bread
bun
hot dog
brat
ham",turkey,0.0,cheese,,False,True,0,,iterative,15996167431818625000,yoghurt,False
01KEYZCZHH47JNRWFXVNF9VSZN,9,meta-llama/Llama-3.3-70B-Instruct-Turbo,supermarket,"egg
milk
bread
bun
hot dog
brat
ham
turkey",chicken,0.0,cheese,,False,True,0,,iterative,455029562970201200,chicken,True
01KEYZCZHH47JNRWFXVNF9VSZN,10,meta-llama/Llama-3.3-70B-Instruct-Turbo,supermarket,"egg
milk
bread
bun
hot dog
brat
ham
turkey
chicken",potato,1.0,bacon,,False,True,0,,iterative,86957134547809010,beef,False
01KEYZCZHH47JNRWFXVNF9VSZN,11,meta-llama/Llama-3.3-70B-Instruct-Turbo,supermarket,"egg
milk
bread
bun
hot dog
brat
ham
turkey
chicken
potato",frenchfry,0.0,onion,,False,True,0,,iterative,9738835732610597000,onion,False
01KEYZCZHH47JNRWFXVNF9VSZN,12,meta-llama/Llama-3.3-70B-Instruct-Turbo,supermarket,"egg
milk
bread
bun
hot dog
brat
ham
turkey
chicken
potato
french fry",tatertot,0.0,ketchup,,False,True,0,,iterative,237252781222882980,pizza,False
01KEYZCZHH47JNRWFXVNF9VSZN,13,meta-llama/Llama-3.3-70B-Instruct-Turbo,supermarket,"egg
milk
bread
bun
hot dog
brat
ham
turkey
chicken
potato
french fry
tater tot",potatowedge,0.0,ketchup,,False,True,0,,iterative,13280840199685052000,roast potato,False
01KEYZCZHH47JNRWFXVNF9VSZN,14,meta-llama/Llama-3.3-70B-Instruct-Turbo,supermarket,"egg
milk
bread
bun
hot dog
brat
ham
turkey
chicken
potato
french fry
tater tot
potato wedge",hashbrown,0.0,ketchup,,False,True,0,,iterative,1040125072446277800,fry,False
01KEYZCZHH47JNRWFXVNF9VSZN,15,meta-llama/Llama-3.3-70B-Instruct-Turbo,supermarket,"egg
milk
bread
bun
hot dog
brat
ham
turkey
chicken
potato
french fry
tater tot
potato wedge
hash brown",pizza,1.0,onionrings,,False,True,0,,iterative,17086796513044126000,mashed potato,False
01KEYZCZHH47JNRWFXVNF9VSZN,16,meta-llama/Llama-3.3-70B-Instruct-Turbo,supermarket,"egg
milk
bread
bun
hot dog
brat
ham
turkey
chicken
potato
french fry
tater tot
potato wedge
hash brown
pizza",hotpocket,0.0,onionrings,,False,True,0,,iterative,17129774085915417000,nugget,False
01KEYZCZHH47JNRWFXVNF9VSZN,17,meta-llama/Llama-3.3-70B-Instruct-Turbo,supermarket,"egg
milk
bread
bun
hot dog
brat
ham
turkey
chicken
potato
french fry
tater tot
potato wedge
hash brown
pizza
hot pocket",jam,0.0,onionrings,,False,True,0,,iterative,4521726957537706500,pizza pocket,False
01KEYZCZHH47JNRWFXVNF9VSZN,18,meta-llama/Llama-3.3-70B-Instruct-Turbo,supermarket,"egg
milk
bread
bun
hot dog
brat
ham
turkey
chicken
potato
french fry
tater tot
potato wedge
hash brown
pizza
hot pocket
jam",peanutbutter,0.0,peanutbutter,,True,True,0,,iterative,2090654710919560700,coffee,False
01KEYZCZHH47JNRWFXVNF9VSZN,19,meta-llama/Llama-3.3-70B-Instruct-Turbo,supermarket,"egg
milk
bread
bun
hot dog
brat
ham
turkey
chicken
potato
french fry
tater tot
potato wedge
hash brown
pizza
hot pocket
jam
peanut butter",butter,1.0,jelly,,False,True,0,,iterative,11274520934110250000,syrup,False
01KEYZCZHH47JNRWFXVNF9VSZN,20,meta-llama/Llama-3.3-70B-Instruct-Turbo,supermarket,"egg
milk
bread
bun
hot dog
brat
ham
turkey
chicken
potato
french fry
tater tot
potato wedge
hash brown
pizza
hot pocket
jam
peanut butter
butter",yogurt,1.0,jelly,,False,True,0,,iterative,9638365257118120000,butter,False
01KEYZCZHH47JNRWFXVNF9VSZN,21,meta-llama/Llama-3.3-70B-Instruct-Turbo,supermarket,"egg
milk
bread
bun
hot dog
brat
ham
turkey
chicken
potato
french fry
tater tot
potato wedge
hash brown
pizza
hot pocket
jam
peanut butter
butter
yogurt",pudding,0.0,cheese,,False,True,0,,iterative,16928601808441297000,cheese,False
01KEYZCZHH47JNRWFXVNF9VSZN,22,meta-llama/Llama-3.3-70B-Instruct-Turbo,supermarket,"egg
milk
bread
bun
hot dog
brat
ham
turkey
chicken
potato
french fry
tater tot
potato wedge
hash brown
pizza
hot pocket
jam
peanut butter
butter
yogurt
pudding",icecream,1.0,cereal,,False,True,0,,iterative,7833956175977291000,custard,False
01KEYZCZHH47JNRWFXVNF9VSZN,23,meta-llama/Llama-3.3-70B-Instruct-Turbo,supermarket,"egg
milk
bread
bun
hot dog
brat
ham
turkey
chicken
potato
french fry
tater tot
potato wedge
hash brown
pizza
hot pocket
jam
peanut butter
butter
yogurt
pudding
ice cream",popsicle,0.0,cake,,False,True,0,,iterative,13087808193690788000,ice lolly,False
01KEYZCZHH47JNRWFXVNF9VSZN,24,meta-llama/Llama-3.3-70B-Instruct-Turbo,supermarket,"egg
milk
bread
bun
hot dog
brat
ham
turkey
chicken
potato
french fry
tater tot
potato wedge
hash brown
pizza
hot pocket
jam
peanut butter
butter
yogurt
pudding
ice cream
popsicle",ramen,1.0,cake,,False,True,0,,iterative,17093499130097734000,ice,False
01KEYZCZHH47JNRWFXVNF9VSZN,25,meta-llama/Llama-3.3-70B-Instruct-Turbo,supermarket,"egg
milk
bread
bun
hot dog
brat
ham
turkey
chicken
potato
french fry
tater tot
potato wedge
hash brown
pizza
hot pocket
jam
peanut butter
butter
yogurt
pudding
ice cream
popsicle
ramen",soysauce,1.0,noodle,,False,True,0,,iterative,16816387235554611000,noodle,False
01KEYZCZHH47JNRWFXVNF9VSZN,26,meta-llama/Llama-3.3-70B-Instruct-Turbo,supermarket,"egg
milk
bread
bun
hot dog
brat
ham
turkey
chicken
potato
french fry
tater tot
potato wedge
hash brown
pizza
hot pocket
jam
peanut butter
butter
yogurt
pudding
ice cream
popsicle
ramen
soy sauce",ranchdressing,0.0,noodles,,False,True,0,,iterative,12516753695005493000,fish sauce,False
01KEYZCZHH47JNRWFXVNF9VSZN,27,meta-llama/Llama-3.3-70B-Instruct-Turbo,supermarket,"egg
milk
bread
bun
hot dog
brat
ham
turkey
chicken
potato
french fry
tater tot
potato wedge
hash brown
pizza
hot pocket
jam
peanut butter
butter
yogurt
pudding
ice cream
popsicle
ramen
soy sauce
ranch dressing",cheese,1.0,noodles,,False,True,0,,iterative,6037356253376303000,mayonnaise,False
01KEYZCZHH47JNRWFXVNF9VSZN,28,meta-llama/Llama-3.3-70B-Instruct-Turbo,supermarket,"egg
milk
bread
bun
hot dog
brat
ham
turkey
chicken
potato
french fry
tater tot
potato wedge
hash brown
pizza
hot pocket
jam
peanut butter
butter
yogurt
pudding
ice cream
popsicle
ramen
soy sauce
ranch dressing
cheese",apple,0.0,noodles,,False,True,0,,iterative,13062529631086176000,grated cheese,False
01KEYZCZHH47JNRWFXVNF9VSZN,29,meta-llama/Llama-3.3-70B-Instruct-Turbo,supermarket,"egg
milk
bread
bun
hot dog
brat
ham
turkey
chicken
potato
french fry
tater tot
potato wedge
hash brown
pizza
hot pocket
jam
peanut butter
butter
yogurt
pudding
ice cream
popsicle
ramen
soy sauce
ranch dressing
cheese
apple",orange,0.0,pear,,False,True,0,,iterative,6733542479726655000,banana,False
01KEYZCZHH47JNRWFXVNF9VSZN,30,meta-llama/Llama-3.3-70B-Instruct-Turbo,supermarket,"egg
milk
bread
bun
hot dog
brat
ham
turkey
chicken
potato
french fry
tater tot
potato wedge
hash brown
pizza
hot pocket
jam
peanut butter
butter
yogurt
pudding
ice cream
popsicle
ramen
soy sauce
ranch dressing
cheese
apple
orange",watermelon,0.0,banana,,False,True,0,,iterative,16686326792036704000,strawberry,False
01KEYZCZHH47JNRWFXVNF9VSZN,31,meta-llama/Llama-3.3-70B-Instruct-Turbo,supermarket,"egg
milk
bread
bun
hot dog
brat
ham
turkey
chicken
potato
french fry
tater tot
potato wedge
hash brown
pizza
hot pocket
jam
peanut butter
butter
yogurt
pudding
ice cream
popsicle
ramen
soy sauce
ranch dressing
cheese
apple
orange
watermelon",lemon,1.0,grapes,,False,True,0,,iterative,13828761129009412000,strawberry,False
01KEYZCZHH47JNRWFXVNF9VSZN,32,meta-llama/Llama-3.3-70B-Instruct-Turbo,supermarket,"egg
milk
bread
bun
hot dog
brat
ham
turkey
chicken
potato
french fry
tater tot
potato wedge
hash brown
pizza
hot pocket
jam
peanut butter
butter
yogurt
pudding
ice cream
popsicle
ramen
soy sauce
ranch dressing
cheese
apple
orange
watermelon
lemon",onion,0.0,lime,,False,True,0,,iterative,13381676104558360000,banana,False
01KEYZCZHH47JNRWFXVNF9VSZN,33,meta-llama/Llama-3.3-70B-Instruct-Turbo,supermarket,"egg
milk
bread
bun
hot dog
brat
ham
turkey
chicken
potato
french fry
tater tot
potato wedge
hash brown
pizza
hot pocket
jam
peanut butter
butter
yogurt
pudding
ice cream
popsicle
ramen
soy sauce
ranch dressing
cheese
apple
orange
watermelon
lemon
onion",carrot,0.0,garlic,,False,True,0,,iterative,2096782037493015600,pepper,False
01KEYZCZHH47JNRWFXVNF9VSZN,34,meta-llama/Llama-3.3-70B-Instruct-Turbo,supermarket,"egg
milk
bread
bun
hot dog
brat
ham
turkey
chicken
potato
french fry
tater tot
potato wedge
hash brown
pizza
hot pocket
jam
peanut butter
butter
yogurt
pudding
ice cream
popsicle
ramen
soy sauce
ranch dressing
cheese
apple
orange
watermelon
lemon
onion
carrot",lettuce,1.0,broccoli,,False,True,0,,iterative,771798487882509000,pepper,False
01KEYZCZHH47JNRWFXVNF9VSZN,35,meta-llama/Llama-3.3-70B-Instruct-Turbo,supermarket,"egg
milk
bread
bun
hot dog
brat
ham
turkey
chicken
potato
french fry
tater tot
potato wedge
hash brown
pizza
hot pocket
jam
peanut butter
butter
yogurt
pudding
ice cream
popsicle
ramen
soy sauce
ranch dressing
cheese
apple
orange
watermelon
lemon
onion
carrot
lettuce",salad,0.0,tomato,,False,True,0,,iterative,10662580171457817000,pepper,False
01KEYZCZHH47JNRWFXVNF9VSZN,36,meta-llama/Llama-3.3-70B-Instruct-Turbo,supermarket,"egg
milk
bread
bun
hot dog
brat
ham
turkey
chicken
potato
french fry
tater tot
potato wedge
hash brown
pizza
hot pocket
jam
peanut butter
butter
yogurt
pudding
ice cream
popsicle
ramen
soy sauce
ranch dressing
cheese
apple
orange
watermelon
lemon
onion
carrot
lettuce
salad",chickennugget,1.0,tomato,,False,True,0,,iterative,4139692018382095000,pepper,False
01KEYZCZHH47JNRWFXVNF9VSZN,37,meta-llama/Llama-3.3-70B-Instruct-Turbo,supermarket,"egg
milk
bread
bun
hot dog
brat
ham
turkey
chicken
potato
french fry
tater tot
potato wedge
hash brown
pizza
hot pocket
jam
peanut butter
butter
yogurt
pudding
ice cream
popsicle
ramen
soy sauce
ranch dressing
cheese
apple
orange
watermelon
lemon
onion
carrot
lettuce
salad
chicken nugget",bonelesswing,0.0,fries,,False,True,0,,iterative,4962880743967887000,chicken dipper,False
01KEYZCZHH47JNRWFXVNF9VSZN,38,meta-llama/Llama-3.3-70B-Instruct-Turbo,supermarket,"egg
milk
bread
bun
hot dog
brat
ham
turkey
chicken
potato
french fry
tater tot
potato wedge
hash brown
pizza
hot pocket
jam
peanut butter
butter
yogurt
pudding
ice cream
popsicle
ramen
soy sauce
ranch dressing
cheese
apple
orange
watermelon
lemon
onion
carrot
lettuce
salad
chicken nugget
boneless wing",hamburgerhelper,0.0,bbqsauce,,False,True,0,,iterative,4449673390855225300,drumstick,False
01KEYZCZHH47JNRWFXVNF9VSZN,39,meta-llama/Llama-3.3-70B-Instruct-Turbo,supermarket,"egg
milk
bread
bun
hot dog
brat
ham
turkey
chicken
potato
french fry
tater tot
potato wedge
hash brown
pizza
hot pocket
jam
peanut butter
butter
yogurt
pudding
ice cream
popsicle
ramen
soy sauce
ranch dressing
cheese
apple
orange
watermelon
lemon
onion
carrot
lettuce
salad
chicken nugget
boneless wing
hamburger helper",hamburgerbun,0.0,meatball,,False,True,0,,iterative,13093542308657287000,chicken burger,False
01KEYZCZHH47JNRWFXVNF9VSZN,40,meta-llama/Llama-3.3-70B-Instruct-Turbo,supermarket,"egg
milk
bread
bun
hot dog
brat
ham
turkey
chicken
potato
french fry
tater tot
potato wedge
hash brown
pizza
hot pocket
jam
peanut butter
butter
yogurt
pudding
ice cream
popsicle
ramen
soy sauce
ranch dressing
cheese
apple
orange
watermelon
lemon
onion
carrot
lettuce
salad
chicken nugget
boneless wing
hamburger helper
hamburger bun",hamburger,1.0,groundbeef,,False,True,0,,iterative,17252655470183385000,tomato sauce,False
01KEYZCZHH47JNRWFXVNF9VSZN,41,meta-llama/Llama-3.3-70B-Instruct-Turbo,supermarket,"egg
milk
bread
bun
hot dog
brat
ham
turkey
chicken
potato
french fry
tater tot
potato wedge
hash brown
pizza
hot pocket
jam
peanut butter
butter
yogurt
pudding
ice cream
popsicle
ramen
soy sauce
ranch dressing
cheese
apple
orange
watermelon
lemon
onion
carrot
lettuce
salad
chicken nugget
boneless wing
hamburger helper
hamburger bun
hamburger",roastbeef,0.0,beef,,False,True,0,,iterative,6348502002192621000,mustard,False
01KEYZH16KTR82V9J5ME7KG965,2,meta-llama/Llama-3.3-70B-Instruct-Turbo,supermarket,shopping cart,fruit,0.0,apples,,False,True,0,,iterative,4754908837986984000,vegetable,False
01KEYZH16KTR82V9J5ME7KG965,3,meta-llama/Llama-3.3-70B-Instruct-Turbo,supermarket,"shopping cart
fruit",vegetable,1.0,apples,,False,True,0,,iterative,14297261077670294000,vegetable,True
01KEYZH16KTR82V9J5ME7KG965,4,meta-llama/Llama-3.3-70B-Instruct-Turbo,supermarket,"shopping cart
fruit
vegetable",candy,0.0,apple,,False,True,0,,iterative,6373951108936078000,milk,False
01KEYZH16KTR82V9J5ME7KG965,5,meta-llama/Llama-3.3-70B-Instruct-Turbo,supermarket,"shopping cart
fruit
vegetable
candy",meat,0.0,chocolate,,False,True,0,,iterative,14053582251662117000,chip,False
01KEYZH16KTR82V9J5ME7KG965,6,meta-llama/Llama-3.3-70B-Instruct-Turbo,supermarket,"shopping cart
fruit
vegetable
candy
meat",steak,0.0,bread,,False,True,0,,iterative,15054648121030430000,milk,False
01KEYZH16KTR82V9J5ME7KG965,7,meta-llama/Llama-3.3-70B-Instruct-Turbo,supermarket,"shopping cart
fruit
vegetable
candy
meat
steak",bread,0.0,chicken,,False,True,0,,iterative,16696989275176272000,chicken,False
01KEYZH16KTR82V9J5ME7KG965,8,meta-llama/Llama-3.3-70B-Instruct-Turbo,supermarket,"shopping cart
fruit
vegetable
candy
meat
steak
bread",beer,0.0,butter,,False,True,0,,iterative,16531679079777985000,cookie,False
01KEYZH16KTR82V9J5ME7KG965,9,meta-llama/Llama-3.3-70B-Instruct-Turbo,supermarket,"shopping cart
fruit
vegetable
candy
meat
steak
bread
beer",soda,0.0,cheese,,False,True,0,,iterative,5561050602897050000,water,False
01KEYZH16KTR82V9J5ME7KG965,10,meta-llama/Llama-3.3-70B-Instruct-Turbo,supermarket,"shopping cart
fruit
vegetable
candy
meat
steak
bread
beer
soda",wine,0.0,chips,,False,True,0,,iterative,580928192304967800,chip,False
01KEYZH16KTR82V9J5ME7KG965,11,meta-llama/Llama-3.3-70B-Instruct-Turbo,supermarket,"shopping cart
fruit
vegetable
candy
meat
steak
bread
beer
soda
wine",cracker,0.0,cheese,,False,True,0,,iterative,6441060503199449000,chip,False
01KEYZH16KTR82V9J5ME7KG965,12,meta-llama/Llama-3.3-70B-Instruct-Turbo,supermarket,"shopping cart
fruit
vegetable
candy
meat
steak
bread
beer
soda
wine
cracker",chip,0.0,cheese,,False,True,0,,iterative,13057836846089000000,chip,True
01KEYZH16KTR82V9J5ME7KG965,13,meta-llama/Llama-3.3-70B-Instruct-Turbo,supermarket,"shopping cart
fruit
vegetable
candy
meat
steak
bread
beer
soda
wine
cracker
chip",cereal,0.0,cheese,,False,True,0,,iterative,6034780776583355000,dip,False
01KEYZH16KTR82V9J5ME7KG965,14,meta-llama/Llama-3.3-70B-Instruct-Turbo,supermarket,"shopping cart
fruit
vegetable
candy
meat
steak
bread
beer
soda
wine
cracker
chip
cereal",cleaner,0.0,milk,,False,True,0,,iterative,15108072278307496000,milk,False
01KEYZH16KTR82V9J5ME7KG965,15,meta-llama/Llama-3.3-70B-Instruct-Turbo,supermarket,"shopping cart
fruit
vegetable
candy
meat
steak
bread
beer
soda
wine
cracker
chip
cereal
cleaner",bleach,0.0,milk,,False,True,0,,iterative,1406918859191335200,sponge,False
01KEYZH16KTR82V9J5ME7KG965,16,meta-llama/Llama-3.3-70B-Instruct-Turbo,supermarket,"shopping cart
fruit
vegetable
candy
meat
steak
bread
beer
soda
wine
cracker
chip
cereal
cleaner
bleach",windex,0.0,mop,,False,True,0,,iterative,11026816006301102000,cloth,False
01KEYZH16KTR82V9J5ME7KG965,17,meta-llama/Llama-3.3-70B-Instruct-Turbo,supermarket,"shopping cart
fruit
vegetable
candy
meat
steak
bread
beer
soda
wine
cracker
chip
cereal
cleaner
bleach
windex",dustingspray,0.0,mop,,False,True,0,,iterative,383341720625820200,sponge,False
01KEYZH16KTR82V9J5ME7KG965,18,meta-llama/Llama-3.3-70B-Instruct-Turbo,supermarket,"shopping cart
fruit
vegetable
candy
meat
steak
bread
beer
soda
wine
cracker
chip
cereal
cleaner
bleach
windex
dusting spray",rice,0.0,mop,,False,True,0,,iterative,3863476784879912000,cloth,False
01KEYZH16KTR82V9J5ME7KG965,19,meta-llama/Llama-3.3-70B-Instruct-Turbo,supermarket,"shopping cart
fruit
vegetable
candy
meat
steak
bread
beer
soda
wine
cracker
chip
cereal
cleaner
bleach
windex
dusting spray
rice",potato,0.0,pasta,,False,True,0,,iterative,13555606677247123000,pasta,False
01KEYZH16KTR82V9J5ME7KG965,20,meta-llama/Llama-3.3-70B-Instruct-Turbo,supermarket,"shopping cart
fruit
vegetable
candy
meat
steak
bread
beer
soda
wine
cracker
chip
cereal
cleaner
bleach
windex
dusting spray
rice
potato",tomato,0.0,onion,,False,True,0,,iterative,6257309579724452000,bread,False
01KEYZH16KTR82V9J5ME7KG965,21,meta-llama/Llama-3.3-70B-Instruct-Turbo,supermarket,"shopping cart
fruit
vegetable
candy
meat
steak
bread
beer
soda
wine
cracker
chip
cereal
cleaner
bleach
windex
dusting spray
rice
potato
tomato",broccoli,1.0,onion,,False,True,0,,iterative,2414986081082993700,cucumber,False
01KEYZH16KTR82V9J5ME7KG965,22,meta-llama/Llama-3.3-70B-Instruct-Turbo,supermarket,"shopping cart
fruit
vegetable
candy
meat
steak
bread
beer
soda
wine
cracker
chip
cereal
cleaner
bleach
windex
dusting spray
rice
potato
tomato
broccoli",greenbean,1.0,carrot,,False,True,0,,iterative,13194936097945870000,pepper,False
01KEYZH16KTR82V9J5ME7KG965,23,meta-llama/Llama-3.3-70B-Instruct-Turbo,supermarket,"shopping cart
fruit
vegetable
candy
meat
steak
bread
beer
soda
wine
cracker
chip
cereal
cleaner
bleach
windex
dusting spray
rice
potato
tomato
broccoli
green bean",cauliflower,1.0,carrot,,False,True,0,,iterative,15458865038853590000,corn,False
01KEYZH16KTR82V9J5ME7KG965,24,meta-llama/Llama-3.3-70B-Instruct-Turbo,supermarket,"shopping cart
fruit
vegetable
candy
meat
steak
bread
beer
soda
wine
cracker
chip
cereal
cleaner
bleach
windex
dusting spray
rice
potato
tomato
broccoli
green bean
cauliflower",salad,1.0,carrot,,False,True,0,,iterative,5223552694048342000,broccoli,False
01KEYZH16KTR82V9J5ME7KG965,25,meta-llama/Llama-3.3-70B-Instruct-Turbo,supermarket,"shopping cart
fruit
vegetable
candy
meat
steak
bread
beer
soda
wine
cracker
chip
cereal
cleaner
bleach
windex
dusting spray
rice
potato
tomato
broccoli
green bean
cauliflower
salad",pizzacrust,0.0,dressing,,False,True,0,,iterative,14542263627429280000,salad dressing,False
01KEYZH16KTR82V9J5ME7KG965,26,meta-llama/Llama-3.3-70B-Instruct-Turbo,supermarket,"shopping cart
fruit
vegetable
candy
meat
steak
bread
beer
soda
wine
cracker
chip
cereal
cleaner
bleach
windex
dusting spray
rice
potato
tomato
broccoli
green bean
cauliflower
salad
pizza crust",lunchmeat,0.0,cheese,,False,True,0,,iterative,12612596950559828000,cheese,False
01KEYZH16KTR82V9J5ME7KG965,27,meta-llama/Llama-3.3-70B-Instruct-Turbo,supermarket,"shopping cart
fruit
vegetable
candy
meat
steak
bread
beer
soda
wine
cracker
chip
cereal
cleaner
bleach
windex
dusting spray
rice
potato
tomato
broccoli
green bean
cauliflower
salad
pizza crust
lunch meat",cheese,0.0,cheese,,True,True,0,,iterative,13336967112794106000,ham,False
01KEYZH16KTR82V9J5ME7KG965,28,meta-llama/Llama-3.3-70B-Instruct-Turbo,supermarket,"shopping cart
fruit
vegetable
candy
meat
steak
bread
beer
soda
wine
cracker
chip
cereal
cleaner
bleach
windex
dusting spray
rice
potato
tomato
broccoli
green bean
cauliflower
salad
pizza crust
lunch meat
cheese",hotpocket,0.0,milk,,False,True,0,,iterative,11403932216035037000,ketchup,False
01KEYZH16KTR82V9J5ME7KG965,29,meta-llama/Llama-3.3-70B-Instruct-Turbo,supermarket,"shopping cart
fruit
vegetable
candy
meat
steak
bread
beer
soda
wine
cracker
chip
cereal
cleaner
bleach
windex
dusting spray
rice
potato
tomato
broccoli
green bean
cauliflower
salad
pizza crust
lunch meat
cheese
hot pocket",burrito,0.0,pepperoni,,False,True,0,,iterative,1310550502192859400,fry,False
01KEYZH16KTR82V9J5ME7KG965,30,meta-llama/Llama-3.3-70B-Instruct-Turbo,supermarket,"shopping cart
fruit
vegetable
candy
meat
steak
bread
beer
soda
wine
cracker
chip
cereal
cleaner
bleach
windex
dusting spray
rice
potato
tomato
broccoli
green bean
cauliflower
salad
pizza crust
lunch meat
cheese
hot pocket
burrito",egg,0.0,taco,,False,True,0,,iterative,4112150391910703000,tortilla,False
01KEYZH16KTR82V9J5ME7KG965,31,meta-llama/Llama-3.3-70B-Instruct-Turbo,supermarket,"shopping cart
fruit
vegetable
candy
meat
steak
bread
beer
soda
wine
cracker
chip
cereal
cleaner
bleach
windex
dusting spray
rice
potato
tomato
broccoli
green bean
cauliflower
salad
pizza crust
lunch meat
cheese
hot pocket
burrito
egg",bacon,0.0,milk,,False,True,0,,iterative,7440514111310468000,milk,False
01KEYZH16KTR82V9J5ME7KG965,32,meta-llama/Llama-3.3-70B-Instruct-Turbo,supermarket,"shopping cart
fruit
vegetable
candy
meat
steak
bread
beer
soda
wine
cracker
chip
cereal
cleaner
bleach
windex
dusting spray
rice
potato
tomato
broccoli
green bean
cauliflower
salad
pizza crust
lunch meat
cheese
hot pocket
burrito
egg
bacon",sausage,0.0,sausage,,True,True,0,,iterative,2705707079397087700,chicken,False
01KEYZH16KTR82V9J5ME7KG965,33,meta-llama/Llama-3.3-70B-Instruct-Turbo,supermarket,"shopping cart
fruit
vegetable
candy
meat
steak
bread
beer
soda
wine
cracker
chip
cereal
cleaner
bleach
windex
dusting spray
rice
potato
tomato
broccoli
green bean
cauliflower
salad
pizza crust
lunch meat
cheese
hot pocket
burrito
egg
bacon
sausage",porkchop,0.0,pancakemix,,False,True,0,,iterative,3447871736611519500,ham,False
01KEYZH7BSTB592TT103VYHRE1,2,meta-llama/Llama-3.3-70B-Instruct-Turbo,supermarket,cap,beef,0.0,bottle,,False,True,0,,iterative,4031963141729871000,bottle,False
01KEYZH7BSTB592TT103VYHRE1,3,meta-llama/Llama-3.3-70B-Instruct-Turbo,supermarket,"cap
beef",goat,0.0,steaksauce,,False,True,0,,iterative,8288676440389138000,steak,False
01KEYZH7BSTB592TT103VYHRE1,4,meta-llama/Llama-3.3-70B-Instruct-Turbo,supermarket,"cap
beef
goat",water,0.0,lamb,,False,True,0,,iterative,510069248216200900,meat,False
01KEYZH7BSTB592TT103VYHRE1,5,meta-llama/Llama-3.3-70B-Instruct-Turbo,supermarket,"cap
beef
goat
water",juice,0.0,milk,,False,True,0,,iterative,1978972356962486500,butter,False
01KEYZH7BSTB592TT103VYHRE1,6,meta-llama/Llama-3.3-70B-Instruct-Turbo,supermarket,"cap
beef
goat
water
juice",wine,0.0,milk,,False,True,0,,iterative,10707130717081588000,apple,False
01KEYZH7BSTB592TT103VYHRE1,7,meta-llama/Llama-3.3-70B-Instruct-Turbo,supermarket,"cap
beef
goat
water
juice
wine",glass,0.0,beer,,False,True,0,,iterative,2097962371779431400,beer,False
01KEYZH7BSTB592TT103VYHRE1,8,meta-llama/Llama-3.3-70B-Instruct-Turbo,supermarket,"cap
beef
goat
water
juice
wine
glass",toy,0.0,bottle,,False,True,0,,iterative,14103476987096517000,milk,False
01KEYZH7BSTB592TT103VYHRE1,9,meta-llama/Llama-3.3-70B-Instruct-Turbo,supermarket,"cap
beef
goat
water
juice
wine
glass
toy",bag,1.0,bottle,,False,True,0,,iterative,9807796686003378000,ball,False
01KEYZJWHXDN30STGCHJFED663,2,meta-llama/Llama-3.3-70B-Instruct-Turbo,supermarket,trolley,pear,1.0,checkout,,False,True,0,,iterative,1704654399987210800,car,False
01KEYZJWHXDN30STGCHJFED663,3,meta-llama/Llama-3.3-70B-Instruct-Turbo,supermarket,"trolley
pear",apple,1.0,apple,,True,True,0,,iterative,6149613406342475000,cobbler,False
01KEYZJWHXDN30STGCHJFED663,4,meta-llama/Llama-3.3-70B-Instruct-Turbo,supermarket,"trolley
pear
apple",till,1.0,banana,,False,True,0,,iterative,4256493267767857000,pie,False
01KEYZJWHXDN30STGCHJFED663,5,meta-llama/Llama-3.3-70B-Instruct-Turbo,supermarket,"trolley
pear
apple
till",checkout,0.0,cashier,,False,True,0,,iterative,6505722856737367000,money,False
01KEYZJWHXDN30STGCHJFED663,6,meta-llama/Llama-3.3-70B-Instruct-Turbo,supermarket,"trolley
pear
apple
till
checkout",basket,0.0,cashier,,False,True,0,,iterative,9735182544523719000,grocery,False
01KEYZJWHXDN30STGCHJFED663,7,meta-llama/Llama-3.3-70B-Instruct-Turbo,supermarket,"trolley
pear
apple
till
checkout
basket",meat,1.0,cashier,,False,True,0,,iterative,893531689343460600,food,False
01KEYZJWHXDN30STGCHJFED663,8,meta-llama/Llama-3.3-70B-Instruct-Turbo,supermarket,"trolley
pear
apple
till
checkout
basket
meat",money,1.0,chicken,,False,True,0,,iterative,3798926992730334700,animal,False
01KEYZJWHXDN30STGCHJFED663,9,meta-llama/Llama-3.3-70B-Instruct-Turbo,supermarket,"trolley
pear
apple
till
checkout
basket
meat
money",chicken,1.0,chicken,,True,True,0,,iterative,9375934606752637000,cash,False
01KEYZJWHXDN30STGCHJFED663,10,meta-llama/Llama-3.3-70B-Instruct-Turbo,supermarket,"trolley
pear
apple
till
checkout
basket
meat
money
chicken",pork,0.0,sausages,,False,True,0,,iterative,9405512051771757000,leg,False
01KEYZJWHXDN30STGCHJFED663,11,meta-llama/Llama-3.3-70B-Instruct-Turbo,supermarket,"trolley
pear
apple
till
checkout
basket
meat
money
chicken
pork",bacon,0.0,sausages,,False,True,0,,iterative,8679015750653535000,fish,False
01KEYZJWHXDN30STGCHJFED663,12,meta-llama/Llama-3.3-70B-Instruct-Turbo,supermarket,"trolley
pear
apple
till
checkout
basket
meat
money
chicken
pork
bacon",rum,1.0,sausages,,False,True,0,,iterative,4569354261362737700,sausage,False
01KEYZJWHXDN30STGCHJFED663,13,meta-llama/Llama-3.3-70B-Instruct-Turbo,supermarket,"trolley
pear
apple
till
checkout
basket
meat
money
chicken
pork
bacon
rum",whiskey,0.0,vodka,,False,True,0,,iterative,16414902251990331000,vodka,False
01KEYZJWHXDN30STGCHJFED663,14,meta-llama/Llama-3.3-70B-Instruct-Turbo,supermarket,"trolley
pear
apple
till
checkout
basket
meat
money
chicken
pork
bacon
rum
whiskey",vodka,0.0,vodka,,True,True,0,,iterative,5496534470115452000,vodka,True
01KEYZJWHXDN30STGCHJFED663,15,meta-llama/Llama-3.3-70B-Instruct-Turbo,supermarket,"trolley
pear
apple
till
checkout
basket
meat
money
chicken
pork
bacon
rum
whiskey
vodka",yoghurt,1.0,gin,,False,True,0,,iterative,304194912620731900,gin,False
01KEYZJWHXDN30STGCHJFED663,16,meta-llama/Llama-3.3-70B-Instruct-Turbo,supermarket,"trolley
pear
apple
till
checkout
basket
meat
money
chicken
pork
bacon
rum
whiskey
vodka
yoghurt",milk,0.0,milk,,True,True,0,,iterative,13490318798983338000,milk,True
01KEYZJWHXDN30STGCHJFED663,17,meta-llama/Llama-3.3-70B-Instruct-Turbo,supermarket,"trolley
pear
apple
till
checkout
basket
meat
money
chicken
pork
bacon
rum
whiskey
vodka
yoghurt
milk",cheese,0.0,cheese,,True,True,0,,iterative,17998821657784328000,cheese,True
01KEYZJWHXDN30STGCHJFED663,18,meta-llama/Llama-3.3-70B-Instruct-Turbo,supermarket,"trolley
pear
apple
till
checkout
basket
meat
money
chicken
pork
bacon
rum
whiskey
vodka
yoghurt
milk
cheese",water,1.0,butter,,False,True,0,,iterative,10817165983771195000,bread,False
01KEYZJWHXDN30STGCHJFED663,19,meta-llama/Llama-3.3-70B-Instruct-Turbo,supermarket,"trolley
pear
apple
till
checkout
basket
meat
money
chicken
pork
bacon
rum
whiskey
vodka
yoghurt
milk
cheese
water",butter,1.0,bread,,False,True,0,,iterative,10221076733539588000,soda,False
01KEYZJWHXDN30STGCHJFED663,20,meta-llama/Llama-3.3-70B-Instruct-Turbo,supermarket,"trolley
pear
apple
till
checkout
basket
meat
money
chicken
pork
bacon
rum
whiskey
vodka
yoghurt
milk
cheese
water
butter",cucumber,1.0,bread,,False,True,0,,iterative,4982351783981577000,jam,False
01KEYZJWHXDN30STGCHJFED663,21,meta-llama/Llama-3.3-70B-Instruct-Turbo,supermarket,"trolley
pear
apple
till
checkout
basket
meat
money
chicken
pork
bacon
rum
whiskey
vodka
yoghurt
milk
cheese
water
butter
cucumber",carrot,0.0,tomato,,False,True,0,,iterative,14534405395187032000,tomato,False
01KEYZJWHXDN30STGCHJFED663,22,meta-llama/Llama-3.3-70B-Instruct-Turbo,supermarket,"trolley
pear
apple
till
checkout
basket
meat
money
chicken
pork
bacon
rum
whiskey
vodka
yoghurt
milk
cheese
water
butter
cucumber
carrot",cabbage,0.0,broccoli,,False,True,0,,iterative,608806318439979400,tomato,False
01KEYZJWHXDN30STGCHJFED663,23,meta-llama/Llama-3.3-70B-Instruct-Turbo,supermarket,"trolley
pear
apple
till
checkout
basket
meat
money
chicken
pork
bacon
rum
whiskey
vodka
yoghurt
milk
cheese
water
butter
cucumber
carrot
cabbage",lettuce,0.0,broccoli,,False,True,0,,iterative,18346858949855830000,lettuce,True
01KEYZJWHXDN30STGCHJFED663,24,meta-llama/Llama-3.3-70B-Instruct-Turbo,supermarket,"trolley
pear
apple
till
checkout
basket
meat
money
chicken
pork
bacon
rum
whiskey
vodka
yoghurt
milk
cheese
water
butter
cucumber
carrot
cabbage
lettuce",dishwashersalt,1.0,tomato,,False,True,0,,iterative,10417159486639247000,tomato,False
01KEYZJWHXDN30STGCHJFED663,25,meta-llama/Llama-3.3-70B-Instruct-Turbo,supermarket,"trolley
pear
apple
till
checkout
basket
meat
money
chicken
pork
bacon
rum
whiskey
vodka
yoghurt
milk
cheese
water
butter
cucumber
carrot
cabbage
lettuce
dishwasher salt",antibacterial,0.0,potatoes,,False,True,0,,iterative,3938348032964813000,pepper,False
01KEYZJWHXDN30STGCHJFED663,26,meta-llama/Llama-3.3-70B-Instruct-Turbo,supermarket,"trolley
pear
apple
till
checkout
basket
meat
money
chicken
pork
bacon
rum
whiskey
vodka
yoghurt
milk
cheese
water
butter
cucumber
carrot
cabbage
lettuce
dishwasher salt
antibacterial",nappy,1.0,soap,,False,True,0,,iterative,11433306234525913000,detergent,False
01KEYZJWHXDN30STGCHJFED663,27,meta-llama/Llama-3.3-70B-Instruct-Turbo,supermarket,"trolley
pear
apple
till
checkout
basket
meat
money
chicken
pork
bacon
rum
whiskey
vodka
yoghurt
milk
cheese
water
butter
cucumber
carrot
cabbage
lettuce
dishwasher salt
antibacterial
nappy",wipe,0.0,toiletpaper,,False,True,0,,iterative,7849031530499483000,formula,False
01KEYZJWHXDN30STGCHJFED663,28,meta-llama/Llama-3.3-70B-Instruct-Turbo,supermarket,"trolley
pear
apple
till
checkout
basket
meat
money
chicken
pork
bacon
rum
whiskey
vodka
yoghurt
milk
cheese
water
butter
cucumber
carrot
cabbage
lettuce
dishwasher salt
antibacterial
nappy
wipe",oatbar,1.0,toiletpaper,,False,True,0,,iterative,11535624710763332000,formula,False
01KEYZJWHXDN30STGCHJFED663,29,meta-llama/Llama-3.3-70B-Instruct-Turbo,supermarket,"trolley
pear
apple
till
checkout
basket
meat
money
chicken
pork
bacon
rum
whiskey
vodka
yoghurt
milk
cheese
water
butter
cucumber
carrot
cabbage
lettuce
dishwasher salt
antibacterial
nappy
wipe
oat bar",flapjack,0.0,toiletpaper,,False,True,0,,iterative,808389998453041900,granola,False
01KEYZJWHXDN30STGCHJFED663,30,meta-llama/Llama-3.3-70B-Instruct-Turbo,supermarket,"trolley
pear
apple
till
checkout
basket
meat
money
chicken
pork
bacon
rum
whiskey
vodka
yoghurt
milk
cheese
water
butter
cucumber
carrot
cabbage
lettuce
dishwasher salt
antibacterial
nappy
wipe
oat bar
flapjack",bread,1.0,crisps,,False,True,0,,iterative,2220163826419060700,syrup,False
01KEYZJWHXDN30STGCHJFED663,31,meta-llama/Llama-3.3-70B-Instruct-Turbo,supermarket,"trolley
pear
apple
till
checkout
basket
meat
money
chicken
pork
bacon
rum
whiskey
vodka
yoghurt
milk
cheese
water
butter
cucumber
carrot
cabbage
lettuce
dishwasher salt
antibacterial
nappy
wipe
oat bar
flapjack
bread",tomato,1.0,jam,,False,True,0,,iterative,12067896623810834000,jam,False
01KEYZJWHXDN30STGCHJFED663,32,meta-llama/Llama-3.3-70B-Instruct-Turbo,supermarket,"trolley
pear
apple
till
checkout
basket
meat
money
chicken
pork
bacon
rum
whiskey
vodka
yoghurt
milk
cheese
water
butter
cucumber
carrot
cabbage
lettuce
dishwasher salt
antibacterial
nappy
wipe
oat bar
flapjack
bread
tomato",parsnip,0.0,sandwich,,False,True,0,,iterative,17860414137337162000,soup,False
01KEYZJWHXDN30STGCHJFED663,33,meta-llama/Llama-3.3-70B-Instruct-Turbo,supermarket,"trolley
pear
apple
till
checkout
basket
meat
money
chicken
pork
bacon
rum
whiskey
vodka
yoghurt
milk
cheese
water
butter
cucumber
carrot
cabbage
lettuce
dishwasher salt
antibacterial
nappy
wipe
oat bar
flapjack
bread
tomato
parsnip",butternutsquash,0.0,potato,,False,True,0,,iterative,15622311426854890000,turnip,False
01KEYZJWHXDN30STGCHJFED663,34,meta-llama/Llama-3.3-70B-Instruct-Turbo,supermarket,"trolley
pear
apple
till
checkout
basket
meat
money
chicken
pork
bacon
rum
whiskey
vodka
yoghurt
milk
cheese
water
butter
cucumber
carrot
cabbage
lettuce
dishwasher salt
antibacterial
nappy
wipe
oat bar
flapjack
bread
tomato
parsnip
butternut squash",pumpkin,0.0,potato,,False,True,0,,iterative,17257067850705095000,turnip,False
01KEYZJWHXDN30STGCHJFED663,35,meta-llama/Llama-3.3-70B-Instruct-Turbo,supermarket,"trolley
pear
apple
till
checkout
basket
meat
money
chicken
pork
bacon
rum
whiskey
vodka
yoghurt
milk
cheese
water
butter
cucumber
carrot
cabbage
lettuce
dishwasher salt
antibacterial
nappy
wipe
oat bar
flapjack
bread
tomato
parsnip
butternut squash
pumpkin",goat'scheese,1.0,sweetpotato,,False,True,0,,iterative,16343590504171854000,squash,False
01KEYZJWHXDN30STGCHJFED663,36,meta-llama/Llama-3.3-70B-Instruct-Turbo,supermarket,"trolley
pear
apple
till
checkout
basket
meat
money
chicken
pork
bacon
rum
whiskey
vodka
yoghurt
milk
cheese
water
butter
cucumber
carrot
cabbage
lettuce
dishwasher salt
antibacterial
nappy
wipe
oat bar
flapjack
bread
tomato
parsnip
butternut squash
pumpkin
goat's cheese",cheddar,0.0,onion,,False,True,0,,iterative,15746100205117633000,sour cream,False
01KEYZJWHXDN30STGCHJFED663,37,meta-llama/Llama-3.3-70B-Instruct-Turbo,supermarket,"trolley
pear
apple
till
checkout
basket
meat
money
chicken
pork
bacon
rum
whiskey
vodka
yoghurt
milk
cheese
water
butter
cucumber
carrot
cabbage
lettuce
dishwasher salt
antibacterial
nappy
wipe
oat bar
flapjack
bread
tomato
parsnip
butternut squash
pumpkin
goat's cheese
cheddar",wensleydalecheese,0.0,crackers,,False,True,0,,iterative,9978603319268714000,swiss,False
01KEYZJWHXDN30STGCHJFED663,38,meta-llama/Llama-3.3-70B-Instruct-Turbo,supermarket,"trolley
pear
apple
till
checkout
basket
meat
money
chicken
pork
bacon
rum
whiskey
vodka
yoghurt
milk
cheese
water
butter
cucumber
carrot
cabbage
lettuce
dishwasher salt
antibacterial
nappy
wipe
oat bar
flapjack
bread
tomato
parsnip
butternut squash
pumpkin
goat's cheese
cheddar
wensleydale cheese",babyfood,1.0,crackers,,False,True,0,,iterative,11885332556400697000,swiss,False
01KEYZJWHXDN30STGCHJFED663,39,meta-llama/Llama-3.3-70B-Instruct-Turbo,supermarket,"trolley
pear
apple
till
checkout
basket
meat
money
chicken
pork
bacon
rum
whiskey
vodka
yoghurt
milk
cheese
water
butter
cucumber
carrot
cabbage
lettuce
dishwasher salt
antibacterial
nappy
wipe
oat bar
flapjack
bread
tomato
parsnip
butternut squash
pumpkin
goat's cheese
cheddar
wensleydale cheese
baby food",formula,0.0,formula,,True,True,0,,iterative,4943154792340449000,formula,True
01KEYZJWHXDN30STGCHJFED663,40,meta-llama/Llama-3.3-70B-Instruct-Turbo,supermarket,"trolley
pear
apple
till
checkout
basket
meat
money
chicken
pork
bacon
rum
whiskey
vodka
yoghurt
milk
cheese
water
butter
cucumber
carrot
cabbage
lettuce
dishwasher salt
antibacterial
nappy
wipe
oat bar
flapjack
bread
tomato
parsnip
butternut squash
pumpkin
goat's cheese
cheddar
wensleydale cheese
baby food
formula",oatmilk,1.0,diapers,,False,True,0,,iterative,3552537603892442600,cracker,False
01KEYZJWHXDN30STGCHJFED663,41,meta-llama/Llama-3.3-70B-Instruct-Turbo,supermarket,"trolley
pear
apple
till
checkout
basket
meat
money
chicken
pork
bacon
rum
whiskey
vodka
yoghurt
milk
cheese
water
butter
cucumber
carrot
cabbage
lettuce
dishwasher salt
antibacterial
nappy
wipe
oat bar
flapjack
bread
tomato
parsnip
butternut squash
pumpkin
goat's cheese
cheddar
wensleydale cheese
baby food
formula
oat milk",tomatopuree,1.0,almondmilk,,False,True,0,,iterative,11883560302443680000,soy milk,False
01KEYZJWHXDN30STGCHJFED663,42,meta-llama/Llama-3.3-70B-Instruct-Turbo,supermarket,"trolley
pear
apple
till
checkout
basket
meat
money
chicken
pork
bacon
rum
whiskey
vodka
yoghurt
milk
cheese
water
butter
cucumber
carrot
cabbage
lettuce
dishwasher salt
antibacterial
nappy
wipe
oat bar
flapjack
bread
tomato
parsnip
butternut squash
pumpkin
goat's cheese
cheddar
wensleydale cheese
baby food
formula
oat milk
tomato puree",tinnedtomato,0.0,broccoli,,False,True,0,,iterative,7260963991350030000,soup,False
01KEYZWZE98JBMR21JJTEE5RYF,2,meta-llama/Llama-3.3-70B-Instruct-Turbo,supermarket,milk,bread,0.0,cereal,,False,True,0,,iterative,16061926719669813000,bread,True
01KEYZWZE98JBMR21JJTEE5RYF,3,meta-llama/Llama-3.3-70B-Instruct-Turbo,supermarket,"milk
bread",butter,0.0,butter,,True,True,0,,iterative,11667395932067807000,juice,False
01KEYZWZE98JBMR21JJTEE5RYF,4,meta-llama/Llama-3.3-70B-Instruct-Turbo,supermarket,"milk
bread
butter",orange,1.0,eggs,,False,True,0,,iterative,5733017291760885000,fruit,False
01KEYZWZE98JBMR21JJTEE5RYF,5,meta-llama/Llama-3.3-70B-Instruct-Turbo,supermarket,"milk
bread
butter
orange",strawberry,0.0,apple,,False,True,0,,iterative,2721987818434463000,apple,False
01KEYZWZE98JBMR21JJTEE5RYF,6,meta-llama/Llama-3.3-70B-Instruct-Turbo,supermarket,"milk
bread
butter
orange
strawberry",grape,0.0,grapes,,False,True,0,,iterative,14777400447679097000,avocado,False
01KEYZWZE98JBMR21JJTEE5RYF,7,meta-llama/Llama-3.3-70B-Instruct-Turbo,supermarket,"milk
bread
butter
orange
strawberry
grape",bun,1.0,banana,,False,True,0,,iterative,1543863183112383500,banana,False
01KEYZWZE98JBMR21JJTEE5RYF,8,meta-llama/Llama-3.3-70B-Instruct-Turbo,supermarket,"milk
bread
butter
orange
strawberry
grape
bun",chickenbreast,1.0,hotdog,,False,True,0,,iterative,6326829530621653000,hamburger,False
01KEYZWZE98JBMR21JJTEE5RYF,9,meta-llama/Llama-3.3-70B-Instruct-Turbo,supermarket,"milk
bread
butter
orange
strawberry
grape
bun
chicken breast",beef,0.0,mayonnaise,,False,True,0,,iterative,12276853183038000000,hot dog,False
01KEYZWZE98JBMR21JJTEE5RYF,10,meta-llama/Llama-3.3-70B-Instruct-Turbo,supermarket,"milk
bread
butter
orange
strawberry
grape
bun
chicken breast
beef",pork,0.0,porkchops,,False,True,0,,iterative,12683877582330182000,pork,True
01KEYZWZE98JBMR21JJTEE5RYF,11,meta-llama/Llama-3.3-70B-Instruct-Turbo,supermarket,"milk
bread
butter
orange
strawberry
grape
bun
chicken breast
beef
pork",banana,1.0,sausages,,False,True,0,,iterative,11760163457867930000,egg,False
01KEYZWZE98JBMR21JJTEE5RYF,12,meta-llama/Llama-3.3-70B-Instruct-Turbo,supermarket,"milk
bread
butter
orange
strawberry
grape
bun
chicken breast
beef
pork
banana",kiwi,0.0,apple,,False,True,0,,iterative,17717900499586126000,onion,False
01KEYZWZE98JBMR21JJTEE5RYF,13,meta-llama/Llama-3.3-70B-Instruct-Turbo,supermarket,"milk
bread
butter
orange
strawberry
grape
bun
chicken breast
beef
pork
banana
kiwi",lettuce,1.0,apple,,False,True,0,,iterative,4736180781987355000,mango,False
01KEYZWZE98JBMR21JJTEE5RYF,14,meta-llama/Llama-3.3-70B-Instruct-Turbo,supermarket,"milk
bread
butter
orange
strawberry
grape
bun
chicken breast
beef
pork
banana
kiwi
lettuce",carrot,0.0,tomato,,False,True,0,,iterative,7887324245144949000,tomato,False
01KEYZWZE98JBMR21JJTEE5RYF,15,meta-llama/Llama-3.3-70B-Instruct-Turbo,supermarket,"milk
bread
butter
orange
strawberry
grape
bun
chicken breast
beef
pork
banana
kiwi
lettuce
carrot",raspberry,1.0,broccoli,,False,True,0,,iterative,5392942608299834000,potato,False
01KEYZWZE98JBMR21JJTEE5RYF,16,meta-llama/Llama-3.3-70B-Instruct-Turbo,supermarket,"milk
bread
butter
orange
strawberry
grape
bun
chicken breast
beef
pork
banana
kiwi
lettuce
carrot
raspberry",lemon,0.0,apple,,False,True,0,,iterative,5695201005371020000,blueberry,False
01KEYZWZE98JBMR21JJTEE5RYF,17,meta-llama/Llama-3.3-70B-Instruct-Turbo,supermarket,"milk
bread
butter
orange
strawberry
grape
bun
chicken breast
beef
pork
banana
kiwi
lettuce
carrot
raspberry
lemon",lime,0.0,apple,,False,True,0,,iterative,9538093323289870000,lime,True
01KEYZWZE98JBMR21JJTEE5RYF,18,meta-llama/Llama-3.3-70B-Instruct-Turbo,supermarket,"milk
bread
butter
orange
strawberry
grape
bun
chicken breast
beef
pork
banana
kiwi
lettuce
carrot
raspberry
lemon
lime",cereal,1.0,orangejuice,,False,True,0,,iterative,10713886129035730000,garlic,False
01KEYZWZE98JBMR21JJTEE5RYF,19,meta-llama/Llama-3.3-70B-Instruct-Turbo,supermarket,"milk
bread
butter
orange
strawberry
grape
bun
chicken breast
beef
pork
banana
kiwi
lettuce
carrot
raspberry
lemon
lime
cereal",oatmeal,0.0,milk,,False,True,0,,iterative,10220705626477410000,pizza,False
01KEYZWZE98JBMR21JJTEE5RYF,20,meta-llama/Llama-3.3-70B-Instruct-Turbo,supermarket,"milk
bread
butter
orange
strawberry
grape
bun
chicken breast
beef
pork
banana
kiwi
lettuce
carrot
raspberry
lemon
lime
cereal
oatmeal",lasagna,0.0,honey,,False,True,0,,iterative,2616397150572875000,syrup,False
01KEYZWZE98JBMR21JJTEE5RYF,21,meta-llama/Llama-3.3-70B-Instruct-Turbo,supermarket,"milk
bread
butter
orange
strawberry
grape
bun
chicken breast
beef
pork
banana
kiwi
lettuce
carrot
raspberry
lemon
lime
cereal
oatmeal
lasagna",noodle,1.0,garlic,,False,True,0,,iterative,6266974301137391000,spaghetti,False
01KEYZWZE98JBMR21JJTEE5RYF,22,meta-llama/Llama-3.3-70B-Instruct-Turbo,supermarket,"milk
bread
butter
orange
strawberry
grape
bun
chicken breast
beef
pork
banana
kiwi
lettuce
carrot
raspberry
lemon
lime
cereal
oatmeal
lasagna
noodle",soup,1.0,sauce,,False,True,0,,iterative,9583268840526836000,sauce,False
01KEYZWZE98JBMR21JJTEE5RYF,23,meta-llama/Llama-3.3-70B-Instruct-Turbo,supermarket,"milk
bread
butter
orange
strawberry
grape
bun
chicken breast
beef
pork
banana
kiwi
lettuce
carrot
raspberry
lemon
lime
cereal
oatmeal
lasagna
noodle
soup",sodapop,1.0,tomatosauce,,False,True,0,,iterative,14888438280460235000,bean,False
01KEYZWZE98JBMR21JJTEE5RYF,24,meta-llama/Llama-3.3-70B-Instruct-Turbo,supermarket,"milk
bread
butter
orange
strawberry
grape
bun
chicken breast
beef
pork
banana
kiwi
lettuce
carrot
raspberry
lemon
lime
cereal
oatmeal
lasagna
noodle
soup
soda pop",chip,0.0,water,,False,True,0,,iterative,11534138545122388000,water,False
01KEYZWZE98JBMR21JJTEE5RYF,25,meta-llama/Llama-3.3-70B-Instruct-Turbo,supermarket,"milk
bread
butter
orange
strawberry
grape
bun
chicken breast
beef
pork
banana
kiwi
lettuce
carrot
raspberry
lemon
lime
cereal
oatmeal
lasagna
noodle
soup
soda pop
chip",salsa,0.0,dip,,False,True,0,,iterative,11684451042770526000,popcorn,False
01KEYZWZE98JBMR21JJTEE5RYF,26,meta-llama/Llama-3.3-70B-Instruct-Turbo,supermarket,"milk
bread
butter
orange
strawberry
grape
bun
chicken breast
beef
pork
banana
kiwi
lettuce
carrot
raspberry
lemon
lime
cereal
oatmeal
lasagna
noodle
soup
soda pop
chip
salsa",juice,0.0,tortillachips,,False,True,0,,iterative,11816906455666809000,cheese,False
01KEYZWZE98JBMR21JJTEE5RYF,27,meta-llama/Llama-3.3-70B-Instruct-Turbo,supermarket,"milk
bread
butter
orange
strawberry
grape
bun
chicken breast
beef
pork
banana
kiwi
lettuce
carrot
raspberry
lemon
lime
cereal
oatmeal
lasagna
noodle
soup
soda pop
chip
salsa
juice",hummus,1.0,tortilla,,False,True,0,,iterative,5824358294874071000,chocolate,False
01KEYZWZE98JBMR21JJTEE5RYF,28,meta-llama/Llama-3.3-70B-Instruct-Turbo,supermarket,"milk
bread
butter
orange
strawberry
grape
bun
chicken breast
beef
pork
banana
kiwi
lettuce
carrot
raspberry
lemon
lime
cereal
oatmeal
lasagna
noodle
soup
soda pop
chip
salsa
juice
hummus",lunchmeat,1.0,guacamole,,False,True,0,,iterative,11625048224270301000,pita,False
01KEYZWZE98JBMR21JJTEE5RYF,29,meta-llama/Llama-3.3-70B-Instruct-Turbo,supermarket,"milk
bread
butter
orange
strawberry
grape
bun
chicken breast
beef
pork
banana
kiwi
lettuce
carrot
raspberry
lemon
lime
cereal
oatmeal
lasagna
noodle
soup
soda pop
chip
salsa
juice
hummus
lunch meat",water,1.0,cheese,,False,True,0,,iterative,6588948604885608000,cheese,False
01KEYZWZE98JBMR21JJTEE5RYF,30,meta-llama/Llama-3.3-70B-Instruct-Turbo,supermarket,"milk
bread
butter
orange
strawberry
grape
bun
chicken breast
beef
pork
banana
kiwi
lettuce
carrot
raspberry
lemon
lime
cereal
oatmeal
lasagna
noodle
soup
soda pop
chip
salsa
juice
hummus
lunch meat
water",cart,1.0,crackers,,False,True,0,,iterative,9611845299937910000,mayonnaise,False
01KEYZWZE98JBMR21JJTEE5RYF,31,meta-llama/Llama-3.3-70B-Instruct-Turbo,supermarket,"milk
bread
butter
orange
strawberry
grape
bun
chicken breast
beef
pork
banana
kiwi
lettuce
carrot
raspberry
lemon
lime
cereal
oatmeal
lasagna
noodle
soup
soda pop
chip
salsa
juice
hummus
lunch meat
water
cart",cashier,1.0,egg,,False,True,0,,iterative,3588009514665685000,cash register,False
01KEYZWZE98JBMR21JJTEE5RYF,32,meta-llama/Llama-3.3-70B-Instruct-Turbo,supermarket,"milk
bread
butter
orange
strawberry
grape
bun
chicken breast
beef
pork
banana
kiwi
lettuce
carrot
raspberry
lemon
lime
cereal
oatmeal
lasagna
noodle
soup
soda pop
chip
salsa
juice
hummus
lunch meat
water
cart
cashier",cookie,0.0,creditcard,,False,True,0,,iterative,11980323771330843000,cash register,False
01KEYZWZE98JBMR21JJTEE5RYF,33,meta-llama/Llama-3.3-70B-Instruct-Turbo,supermarket,"milk
bread
butter
orange
strawberry
grape
bun
chicken breast
beef
pork
banana
kiwi
lettuce
carrot
raspberry
lemon
lime
cereal
oatmeal
lasagna
noodle
soup
soda pop
chip
salsa
juice
hummus
lunch meat
water
cart
cashier
cookie",cracker,0.0,cracker,,True,True,0,,iterative,2058539922746793000,cracker,True
01KEYZWZE98JBMR21JJTEE5RYF,34,meta-llama/Llama-3.3-70B-Instruct-Turbo,supermarket,"milk
bread
butter
orange
strawberry
grape
bun
chicken breast
beef
pork
banana
kiwi
lettuce
carrot
raspberry
lemon
lime
cereal
oatmeal
lasagna
noodle
soup
soda pop
chip
salsa
juice
hummus
lunch meat
water
cart
cashier
cookie
cracker",juicebox,1.0,cheese,,False,True,0,,iterative,5492517558503227000,biscuit,False
01KEYZWZE98JBMR21JJTEE5RYF,35,meta-llama/Llama-3.3-70B-Instruct-Turbo,supermarket,"milk
bread
butter
orange
strawberry
grape
bun
chicken breast
beef
pork
banana
kiwi
lettuce
carrot
raspberry
lemon
lime
cereal
oatmeal
lasagna
noodle
soup
soda pop
chip
salsa
juice
hummus
lunch meat
water
cart
cashier
cookie
cracker
juice box",margarine,0.0,muffin,,False,True,0,,iterative,7506183636691412000,granola bar,False
01KEYZWZE98JBMR21JJTEE5RYF,36,meta-llama/Llama-3.3-70B-Instruct-Turbo,supermarket,"milk
bread
butter
orange
strawberry
grape
bun
chicken breast
beef
pork
banana
kiwi
lettuce
carrot
raspberry
lemon
lime
cereal
oatmeal
lasagna
noodle
soup
soda pop
chip
salsa
juice
hummus
lunch meat
water
cart
cashier
cookie
cracker
juice box
margarine",yogurt,0.0,peanutbutter,,False,True,0,,iterative,14476800722477988000,mayonnaise,False
01KEYZWZE98JBMR21JJTEE5RYF,37,meta-llama/Llama-3.3-70B-Instruct-Turbo,supermarket,"milk
bread
butter
orange
strawberry
grape
bun
chicken breast
beef
pork
banana
kiwi
lettuce
carrot
raspberry
lemon
lime
cereal
oatmeal
lasagna
noodle
soup
soda pop
chip
salsa
juice
hummus
lunch meat
water
cart
cashier
cookie
cracker
juice box
margarine
yogurt",cheese,0.0,cheese,,True,True,0,,iterative,2839606527206450700,applesauce,False
01KEYZWZE98JBMR21JJTEE5RYF,38,meta-llama/Llama-3.3-70B-Instruct-Turbo,supermarket,"milk
bread
butter
orange
strawberry
grape
bun
chicken breast
beef
pork
banana
kiwi
lettuce
carrot
raspberry
lemon
lime
cereal
oatmeal
lasagna
noodle
soup
soda pop
chip
salsa
juice
hummus
lunch meat
water
cart
cashier
cookie
cracker
juice box
margarine
yogurt
cheese",cottagecheese,1.0,eggs,,False,True,0,,iterative,12698310851067843000,wrap,False
01KEYZWZE98JBMR21JJTEE5RYF,39,meta-llama/Llama-3.3-70B-Instruct-Turbo,supermarket,"milk
bread
butter
orange
strawberry
grape
bun
chicken breast
beef
pork
banana
kiwi
lettuce
carrot
raspberry
lemon
lime
cereal
oatmeal
lasagna
noodle
soup
soda pop
chip
salsa
juice
hummus
lunch meat
water
cart
cashier
cookie
cracker
juice box
margarine
yogurt
cheese
cottage cheese",frozenvegetable,0.0,eggs,,False,True,0,,iterative,11248735534725456000,cream cheese,False
01KEYZWZE98JBMR21JJTEE5RYF,40,meta-llama/Llama-3.3-70B-Instruct-Turbo,supermarket,"milk
bread
butter
orange
strawberry
grape
bun
chicken breast
beef
pork
banana
kiwi
lettuce
carrot
raspberry
lemon
lime
cereal
oatmeal
lasagna
noodle
soup
soda pop
chip
salsa
juice
hummus
lunch meat
water
cart
cashier
cookie
cracker
juice box
margarine
yogurt
cheese
cottage cheese
frozen vegetable",frozenfruit,1.0,broccoli,,False,True,0,,iterative,1621662790347532300,frozen fruit,True
01KEYZWZE98JBMR21JJTEE5RYF,41,meta-llama/Llama-3.3-70B-Instruct-Turbo,supermarket,"milk
bread
butter
orange
strawberry
grape
bun
chicken breast
beef
pork
banana
kiwi
lettuce
carrot
raspberry
lemon
lime
cereal
oatmeal
lasagna
noodle
soup
soda pop
chip
salsa
juice
hummus
lunch meat
water
cart
cashier
cookie
cracker
juice box
margarine
yogurt
cheese
cottage cheese
frozen vegetable
frozen fruit",saladdressing,1.0,icecream,,False,True,0,,iterative,15934361468597290000,frozen pizza,False
01KEZ005TMJH4E8DFFYKWDTG2V,2,meta-llama/Llama-3.3-70B-Instruct-Turbo,supermarket,ketchup,mustard,0.0,mayonnaise,,False,True,0,,iterative,4370177283367281700,mayo,False
01KEZ005TMJH4E8DFFYKWDTG2V,3,meta-llama/Llama-3.3-70B-Instruct-Turbo,supermarket,"ketchup
mustard",grape,1.0,mayonnaise,,False,True,0,,iterative,16680776774100347000,jam,False
01KEZ005TMJH4E8DFFYKWDTG2V,4,meta-llama/Llama-3.3-70B-Instruct-Turbo,supermarket,"ketchup
mustard
grape",strawberry,0.0,jam,,False,True,0,,iterative,14296941889406620000,wine,False
01KEZ005TMJH4E8DFFYKWDTG2V,5,meta-llama/Llama-3.3-70B-Instruct-Turbo,supermarket,"ketchup
mustard
grape
strawberry",yogurt,1.0,jam,,False,True,0,,iterative,4655354708210708000,raspberry,False
01KEZ005TMJH4E8DFFYKWDTG2V,6,meta-llama/Llama-3.3-70B-Instruct-Turbo,supermarket,"ketchup
mustard
grape
strawberry
yogurt",milk,0.0,honey,,False,True,0,,iterative,8290975953149588000,cereal,False
01KEZ005TMJH4E8DFFYKWDTG2V,7,meta-llama/Llama-3.3-70B-Instruct-Turbo,supermarket,"ketchup
mustard
grape
strawberry
yogurt
milk",creamcheese,0.0,cereal,,False,True,0,,iterative,14092822367611042000,egg,False
01KEZ005TMJH4E8DFFYKWDTG2V,8,meta-llama/Llama-3.3-70B-Instruct-Turbo,supermarket,"ketchup
mustard
grape
strawberry
yogurt
milk
cream cheese",cheese,1.0,bagels,,False,True,0,,iterative,1088912441120175100,bagel,False
01KEZ005TMJH4E8DFFYKWDTG2V,9,meta-llama/Llama-3.3-70B-Instruct-Turbo,supermarket,"ketchup
mustard
grape
strawberry
yogurt
milk
cream cheese
cheese",blueberry,0.0,butter,,False,True,0,,iterative,7335096365115109000,butter,False
01KEZ005TMJH4E8DFFYKWDTG2V,10,meta-llama/Llama-3.3-70B-Instruct-Turbo,supermarket,"ketchup
mustard
grape
strawberry
yogurt
milk
cream cheese
cheese
blueberry",raspberry,1.0,butter,,False,True,0,,iterative,8135153657982321000,jam,False
01KEZ005TMJH4E8DFFYKWDTG2V,11,meta-llama/Llama-3.3-70B-Instruct-Turbo,supermarket,"ketchup
mustard
grape
strawberry
yogurt
milk
cream cheese
cheese
blueberry
raspberry",coffee,0.0,blackberry,,False,True,0,,iterative,5297729708131288000,blueberry,False
01KEZ005TMJH4E8DFFYKWDTG2V,12,meta-llama/Llama-3.3-70B-Instruct-Turbo,supermarket,"ketchup
mustard
grape
strawberry
yogurt
milk
cream cheese
cheese
blueberry
raspberry
coffee",coffeecreamer,1.0,sugar,,False,True,0,,iterative,8691011006262975000,sugar,False
01KEZ005TMJH4E8DFFYKWDTG2V,13,meta-llama/Llama-3.3-70B-Instruct-Turbo,supermarket,"ketchup
mustard
grape
strawberry
yogurt
milk
cream cheese
cheese
blueberry
raspberry
coffee
coffee creamer",marblecheese,0.0,sugar,,False,True,0,,iterative,11829798481953954000,syrup,False
01KEZ005TMJH4E8DFFYKWDTG2V,14,meta-llama/Llama-3.3-70B-Instruct-Turbo,supermarket,"ketchup
mustard
grape
strawberry
yogurt
milk
cream cheese
cheese
blueberry
raspberry
coffee
coffee creamer
marble cheese",goudacheese,1.0,butter,,False,True,0,,iterative,8515057999349473000,bread,False
01KEZ005TMJH4E8DFFYKWDTG2V,15,meta-llama/Llama-3.3-70B-Instruct-Turbo,supermarket,"ketchup
mustard
grape
strawberry
yogurt
milk
cream cheese
cheese
blueberry
raspberry
coffee
coffee creamer
marble cheese
gouda cheese",relish,0.0,butter,,False,True,0,,iterative,15124636332265495000,edam cheese,False
01KEZ005TMJH4E8DFFYKWDTG2V,16,meta-llama/Llama-3.3-70B-Instruct-Turbo,supermarket,"ketchup
mustard
grape
strawberry
yogurt
milk
cream cheese
cheese
blueberry
raspberry
coffee
coffee creamer
marble cheese
gouda cheese
relish",mayonnaise,0.0,pickles,,False,True,0,,iterative,6659609006828487000,salad,False
01KEZ005TMJH4E8DFFYKWDTG2V,17,meta-llama/Llama-3.3-70B-Instruct-Turbo,supermarket,"ketchup
mustard
grape
strawberry
yogurt
milk
cream cheese
cheese
blueberry
raspberry
coffee
coffee creamer
marble cheese
gouda cheese
relish
mayonnaise",hotsauce,1.0,barbecuesauce,,False,True,0,,iterative,11254979694906948000,bread,False
01KEZ005TMJH4E8DFFYKWDTG2V,18,meta-llama/Llama-3.3-70B-Instruct-Turbo,supermarket,"ketchup
mustard
grape
strawberry
yogurt
milk
cream cheese
cheese
blueberry
raspberry
coffee
coffee creamer
marble cheese
gouda cheese
relish
mayonnaise
hot sauce",chip,0.0,barbecuesauce,,False,True,0,,iterative,1254683548878879000,cheese,False
01KEZ005TMJH4E8DFFYKWDTG2V,19,meta-llama/Llama-3.3-70B-Instruct-Turbo,supermarket,"ketchup
mustard
grape
strawberry
yogurt
milk
cream cheese
cheese
blueberry
raspberry
coffee
coffee creamer
marble cheese
gouda cheese
relish
mayonnaise
hot sauce
chip",cracker,0.0,salsa,,False,True,0,,iterative,7054038591929299000,dip,False
01KEZ005TMJH4E8DFFYKWDTG2V,20,meta-llama/Llama-3.3-70B-Instruct-Turbo,supermarket,"ketchup
mustard
grape
strawberry
yogurt
milk
cream cheese
cheese
blueberry
raspberry
coffee
coffee creamer
marble cheese
gouda cheese
relish
mayonnaise
hot sauce
chip
cracker",ramennoodle,0.0,dip,,False,True,0,,iterative,6099833869300454000,cheese,False
01KEZ005TMJH4E8DFFYKWDTG2V,21,meta-llama/Llama-3.3-70B-Instruct-Turbo,supermarket,"ketchup
mustard
grape
strawberry
yogurt
milk
cream cheese
cheese
blueberry
raspberry
coffee
coffee creamer
marble cheese
gouda cheese
relish
mayonnaise
hot sauce
chip
cracker
ramen noodle",candy,1.0,soysauce,,False,True,0,,iterative,1775655194213592000,dorito,False
01KEZ005TMJH4E8DFFYKWDTG2V,22,meta-llama/Llama-3.3-70B-Instruct-Turbo,supermarket,"ketchup
mustard
grape
strawberry
yogurt
milk
cream cheese
cheese
blueberry
raspberry
coffee
coffee creamer
marble cheese
gouda cheese
relish
mayonnaise
hot sauce
chip
cracker
ramen noodle
candy",hummus,1.0,chocolate,,False,True,0,,iterative,12922188130541113000,reese's,False
01KEZ005TMJH4E8DFFYKWDTG2V,23,meta-llama/Llama-3.3-70B-Instruct-Turbo,supermarket,"ketchup
mustard
grape
strawberry
yogurt
milk
cream cheese
cheese
blueberry
raspberry
coffee
coffee creamer
marble cheese
gouda cheese
relish
mayonnaise
hot sauce
chip
cracker
ramen noodle
candy
hummus",sausage,0.0,guacamole,,False,True,0,,iterative,5614240280628565000,celery,False
01KEZ005TMJH4E8DFFYKWDTG2V,24,meta-llama/Llama-3.3-70B-Instruct-Turbo,supermarket,"ketchup
mustard
grape
strawberry
yogurt
milk
cream cheese
cheese
blueberry
raspberry
coffee
coffee creamer
marble cheese
gouda cheese
relish
mayonnaise
hot sauce
chip
cracker
ramen noodle
candy
hummus
sausage",hamburger,0.0,bacon,,False,True,0,,iterative,17119080692303630000,bacon,False
01KEZ005TMJH4E8DFFYKWDTG2V,25,meta-llama/Llama-3.3-70B-Instruct-Turbo,supermarket,"ketchup
mustard
grape
strawberry
yogurt
milk
cream cheese
cheese
blueberry
raspberry
coffee
coffee creamer
marble cheese
gouda cheese
relish
mayonnaise
hot sauce
chip
cracker
ramen noodle
candy
hummus
sausage
hamburger",hotdog,0.0,bun,,False,True,0,,iterative,3697312335589468700,hot dog,True
01KEZ005TMJH4E8DFFYKWDTG2V,26,meta-llama/Llama-3.3-70B-Instruct-Turbo,supermarket,"ketchup
mustard
grape
strawberry
yogurt
milk
cream cheese
cheese
blueberry
raspberry
coffee
coffee creamer
marble cheese
gouda cheese
relish
mayonnaise
hot sauce
chip
cracker
ramen noodle
candy
hummus
sausage
hamburger
hot dog",hotdogbun,0.0,bun,,False,True,0,,iterative,16533511471633627000,bun,False
01KEZ005TMJH4E8DFFYKWDTG2V,27,meta-llama/Llama-3.3-70B-Instruct-Turbo,supermarket,"ketchup
mustard
grape
strawberry
yogurt
milk
cream cheese
cheese
blueberry
raspberry
coffee
coffee creamer
marble cheese
gouda cheese
relish
mayonnaise
hot sauce
chip
cracker
ramen noodle
candy
hummus
sausage
hamburger
hot dog
hot dog bun",hamburgerbun,1.0,ketchup,,False,True,0,,iterative,1061720470884780700,onion,False
01KEZ005TMJH4E8DFFYKWDTG2V,28,meta-llama/Llama-3.3-70B-Instruct-Turbo,supermarket,"ketchup
mustard
grape
strawberry
yogurt
milk
cream cheese
cheese
blueberry
raspberry
coffee
coffee creamer
marble cheese
gouda cheese
relish
mayonnaise
hot sauce
chip
cracker
ramen noodle
candy
hummus
sausage
hamburger
hot dog
hot dog bun
hamburger bun",celery,0.0,ketchup,,False,True,0,,iterative,2996346542404866000,sauce,False
01KEZ005TMJH4E8DFFYKWDTG2V,29,meta-llama/Llama-3.3-70B-Instruct-Turbo,supermarket,"ketchup
mustard
grape
strawberry
yogurt
milk
cream cheese
cheese
blueberry
raspberry
coffee
coffee creamer
marble cheese
gouda cheese
relish
mayonnaise
hot sauce
chip
cracker
ramen noodle
candy
hummus
sausage
hamburger
hot dog
hot dog bun
hamburger bun
celery",carrot,0.0,carrot,,True,True,0,,iterative,18417061083883913000,lettuce,False
01KEZ005TMJH4E8DFFYKWDTG2V,30,meta-llama/Llama-3.3-70B-Instruct-Turbo,supermarket,"ketchup
mustard
grape
strawberry
yogurt
milk
cream cheese
cheese
blueberry
raspberry
coffee
coffee creamer
marble cheese
gouda cheese
relish
mayonnaise
hot sauce
chip
cracker
ramen noodle
candy
hummus
sausage
hamburger
hot dog
hot dog bun
hamburger bun
celery
carrot",tomato,0.0,ranchdressing,,False,True,0,,iterative,13679617315378323000,lettuce,False
01KEZ005TMJH4E8DFFYKWDTG2V,31,meta-llama/Llama-3.3-70B-Instruct-Turbo,supermarket,"ketchup
mustard
grape
strawberry
yogurt
milk
cream cheese
cheese
blueberry
raspberry
coffee
coffee creamer
marble cheese
gouda cheese
relish
mayonnaise
hot sauce
chip
cracker
ramen noodle
candy
hummus
sausage
hamburger
hot dog
hot dog bun
hamburger bun
celery
carrot
tomato",potato,0.0,lettuce,,False,True,0,,iterative,6407761468835126000,lettuce,False
01KEZ005TMJH4E8DFFYKWDTG2V,32,meta-llama/Llama-3.3-70B-Instruct-Turbo,supermarket,"ketchup
mustard
grape
strawberry
yogurt
milk
cream cheese
cheese
blueberry
raspberry
coffee
coffee creamer
marble cheese
gouda cheese
relish
mayonnaise
hot sauce
chip
cracker
ramen noodle
candy
hummus
sausage
hamburger
hot dog
hot dog bun
hamburger bun
celery
carrot
tomato
potato",greenonion,0.0,onion,,False,True,0,,iterative,5225544521265981000,lettuce,False
01KEZ005TMJH4E8DFFYKWDTG2V,33,meta-llama/Llama-3.3-70B-Instruct-Turbo,supermarket,"ketchup
mustard
grape
strawberry
yogurt
milk
cream cheese
cheese
blueberry
raspberry
coffee
coffee creamer
marble cheese
gouda cheese
relish
mayonnaise
hot sauce
chip
cracker
ramen noodle
candy
hummus
sausage
hamburger
hot dog
hot dog bun
hamburger bun
celery
carrot
tomato
potato
green onion",onion,0.0,onion,,True,True,0,,iterative,3285016744473998000,lettuce,False
01KEZ005TMJH4E8DFFYKWDTG2V,34,meta-llama/Llama-3.3-70B-Instruct-Turbo,supermarket,"ketchup
mustard
grape
strawberry
yogurt
milk
cream cheese
cheese
blueberry
raspberry
coffee
coffee creamer
marble cheese
gouda cheese
relish
mayonnaise
hot sauce
chip
cracker
ramen noodle
candy
hummus
sausage
hamburger
hot dog
hot dog bun
hamburger bun
celery
carrot
tomato
potato
green onion
onion",salad,1.0,garlic,,False,True,0,,iterative,15915037836948857000,lettuce,False
01KEZ005TMJH4E8DFFYKWDTG2V,35,meta-llama/Llama-3.3-70B-Instruct-Turbo,supermarket,"ketchup
mustard
grape
strawberry
yogurt
milk
cream cheese
cheese
blueberry
raspberry
coffee
coffee creamer
marble cheese
gouda cheese
relish
mayonnaise
hot sauce
chip
cracker
ramen noodle
candy
hummus
sausage
hamburger
hot dog
hot dog bun
hamburger bun
celery
carrot
tomato
potato
green onion
onion
salad",sourcream,1.0,cucumber,,False,True,0,,iterative,7196821123860855000,lettuce,False
01KEZ005TMJH4E8DFFYKWDTG2V,36,meta-llama/Llama-3.3-70B-Instruct-Turbo,supermarket,"ketchup
mustard
grape
strawberry
yogurt
milk
cream cheese
cheese
blueberry
raspberry
coffee
coffee creamer
marble cheese
gouda cheese
relish
mayonnaise
hot sauce
chip
cracker
ramen noodle
candy
hummus
sausage
hamburger
hot dog
hot dog bun
hamburger bun
celery
carrot
tomato
potato
green onion
onion
salad
sour cream",pop,0.0,ranchdressing,,False,True,0,,iterative,16246938766583722000,beef,False
01KEZ005TMJH4E8DFFYKWDTG2V,37,meta-llama/Llama-3.3-70B-Instruct-Turbo,supermarket,"ketchup
mustard
grape
strawberry
yogurt
milk
cream cheese
cheese
blueberry
raspberry
coffee
coffee creamer
marble cheese
gouda cheese
relish
mayonnaise
hot sauce
chip
cracker
ramen noodle
candy
hummus
sausage
hamburger
hot dog
hot dog bun
hamburger bun
celery
carrot
tomato
potato
green onion
onion
salad
sour cream
pop",energydrink,1.0,soda,,False,True,0,,iterative,13645326518559435000,soda,False
01KEZ03WT3GKW133G5MAH3226F,2,meta-llama/Llama-3.3-70B-Instruct-Turbo,supermarket,fruit,watermelon,1.0,apples,,False,True,0,,iterative,4658412504511408000,fruit,False
01KEZ03WT3GKW133G5MAH3226F,3,meta-llama/Llama-3.3-70B-Instruct-Turbo,supermarket,"fruit
watermelon",banana,1.0,cantaloupe,,False,True,0,,iterative,6209063473255661000,banana,True
01KEZ03WT3GKW133G5MAH3226F,4,meta-llama/Llama-3.3-70B-Instruct-Turbo,supermarket,"fruit
watermelon
banana",cornflake,1.0,apple,,False,True,0,,iterative,16850059931459238000,apple,False
01KEZ03WT3GKW133G5MAH3226F,5,meta-llama/Llama-3.3-70B-Instruct-Turbo,supermarket,"fruit
watermelon
banana
corn flake",clothing,0.0,milk,,False,True,0,,iterative,2903294480155432400,milk,False
01KEZ03WT3GKW133G5MAH3226F,6,meta-llama/Llama-3.3-70B-Instruct-Turbo,supermarket,"fruit
watermelon
banana
corn flake
clothing",toy,0.0,milk,,False,True,0,,iterative,7712136263682395000,house,False
01KEZ03WT3GKW133G5MAH3226F,7,meta-llama/Llama-3.3-70B-Instruct-Turbo,supermarket,"fruit
watermelon
banana
corn flake
clothing
toy",kitchenware,0.0,milk,,False,True,0,,iterative,13874770406466021000,milk,False
01KEZ03WT3GKW133G5MAH3226F,8,meta-llama/Llama-3.3-70B-Instruct-Turbo,supermarket,"fruit
watermelon
banana
corn flake
clothing
toy
kitchenware",utensil,0.0,plate,,False,True,0,,iterative,4759974529023855000,towel,False
01KEZ03WT3GKW133G5MAH3226F,9,meta-llama/Llama-3.3-70B-Instruct-Turbo,supermarket,"fruit
watermelon
banana
corn flake
clothing
toy
kitchenware
utensil",shoe,0.0,plate,,False,True,0,,iterative,664145747144105200,ice,False
01KEZ03WT3GKW133G5MAH3226F,10,meta-llama/Llama-3.3-70B-Instruct-Turbo,supermarket,"fruit
watermelon
banana
corn flake
clothing
toy
kitchenware
utensil
shoe",snack,0.0,sock,,False,True,0,,iterative,9215243355816815000,pan,False
01KEZ03WT3GKW133G5MAH3226F,11,meta-llama/Llama-3.3-70B-Instruct-Turbo,supermarket,"fruit
watermelon
banana
corn flake
clothing
toy
kitchenware
utensil
shoe
snack",cosmetic,1.0,chips,,False,True,0,,iterative,18332825374590523000,food,False
01KEZ03WT3GKW133G5MAH3226F,12,meta-llama/Llama-3.3-70B-Instruct-Turbo,supermarket,"fruit
watermelon
banana
corn flake
clothing
toy
kitchenware
utensil
shoe
snack
cosmetic",foodstuff,1.0,chips,,False,True,0,,iterative,4182298948945715700,medicine,False
01KEZ03WT3GKW133G5MAH3226F,13,meta-llama/Llama-3.3-70B-Instruct-Turbo,supermarket,"fruit
watermelon
banana
corn flake
clothing
toy
kitchenware
utensil
shoe
snack
cosmetic
foodstuff",drink,1.0,cereal,,False,True,0,,iterative,11430410188951431000,box,False
01KEZ03WT3GKW133G5MAH3226F,14,meta-llama/Llama-3.3-70B-Instruct-Turbo,supermarket,"fruit
watermelon
banana
corn flake
clothing
toy
kitchenware
utensil
shoe
snack
cosmetic
foodstuff
drink",appliance,1.0,soda,,False,True,0,,iterative,12612631528339157000,water,False
01KEZ03WT3GKW133G5MAH3226F,15,meta-llama/Llama-3.3-70B-Instruct-Turbo,supermarket,"fruit
watermelon
banana
corn flake
clothing
toy
kitchenware
utensil
shoe
snack
cosmetic
foodstuff
drink
appliance",soda,1.0,refrigerator,,False,True,0,,iterative,6007618307996423000,spoon,False
01KEZ03WT3GKW133G5MAH3226F,16,meta-llama/Llama-3.3-70B-Instruct-Turbo,supermarket,"fruit
watermelon
banana
corn flake
clothing
toy
kitchenware
utensil
shoe
snack
cosmetic
foodstuff
drink
appliance
soda",icecream,0.0,coke,,False,True,0,,iterative,14726332220574440000,hat,False
01KEZ03WT3GKW133G5MAH3226F,17,meta-llama/Llama-3.3-70B-Instruct-Turbo,supermarket,"fruit
watermelon
banana
corn flake
clothing
toy
kitchenware
utensil
shoe
snack
cosmetic
foodstuff
drink
appliance
soda
ice cream",fridge,0.0,cake,,False,True,0,,iterative,17279011271688070000,movie,False
01KEZ03WT3GKW133G5MAH3226F,18,meta-llama/Llama-3.3-70B-Instruct-Turbo,supermarket,"fruit
watermelon
banana
corn flake
clothing
toy
kitchenware
utensil
shoe
snack
cosmetic
foodstuff
drink
appliance
soda
ice cream
fridge",bread,1.0,freezer,,False,True,0,,iterative,16625100019901520000,man,False
01KEZ03WT3GKW133G5MAH3226F,19,meta-llama/Llama-3.3-70B-Instruct-Turbo,supermarket,"fruit
watermelon
banana
corn flake
clothing
toy
kitchenware
utensil
shoe
snack
cosmetic
foodstuff
drink
appliance
soda
ice cream
fridge
bread",coke,0.0,butter,,False,True,0,,iterative,9981041750842628000,soda,False
01KEZ03WT3GKW133G5MAH3226F,20,meta-llama/Llama-3.3-70B-Instruct-Turbo,supermarket,"fruit
watermelon
banana
corn flake
clothing
toy
kitchenware
utensil
shoe
snack
cosmetic
foodstuff
drink
appliance
soda
ice cream
fridge
bread
coke",perfume,0.0,butter,,False,True,0,,iterative,12304083290907509000,red,False
01KEZ03WT3GKW133G5MAH3226F,21,meta-llama/Llama-3.3-70B-Instruct-Turbo,supermarket,"fruit
watermelon
banana
corn flake
clothing
toy
kitchenware
utensil
shoe
snack
cosmetic
foodstuff
drink
appliance
soda
ice cream
fridge
bread
coke
perfume",bodyspray,0.0,butter,,False,True,0,,iterative,913775049898081800,hot,False
01KEZ03WT3GKW133G5MAH3226F,22,meta-llama/Llama-3.3-70B-Instruct-Turbo,supermarket,"fruit
watermelon
banana
corn flake
clothing
toy
kitchenware
utensil
shoe
snack
cosmetic
foodstuff
drink
appliance
soda
ice cream
fridge
bread
coke
perfume
body spray",clock,0.0,milk,,False,True,0,,iterative,1220526338852963300,news,False
01KEZ03WT3GKW133G5MAH3226F,23,meta-llama/Llama-3.3-70B-Instruct-Turbo,supermarket,"fruit
watermelon
banana
corn flake
clothing
toy
kitchenware
utensil
shoe
snack
cosmetic
foodstuff
drink
appliance
soda
ice cream
fridge
bread
coke
perfume
body spray
clock",detergent,0.0,milk,,False,True,0,,iterative,8621162240251138000,woman,False
01KEZ0AFNZW3VWT4D3K9S78FET,2,meta-llama/Llama-3.3-70B-Instruct-Turbo,supermarket,canned food item,banana,1.0,beans,,False,True,0,,iterative,3426309889867500000,bean,False
01KEZ0AFNZW3VWT4D3K9S78FET,3,meta-llama/Llama-3.3-70B-Instruct-Turbo,supermarket,"canned food item
banana",milk,1.0,apple,,False,True,0,,iterative,8699261026346617000,apple,False
01KEZ0AFNZW3VWT4D3K9S78FET,4,meta-llama/Llama-3.3-70B-Instruct-Turbo,supermarket,"canned food item
banana
milk",egg,1.0,cereal,,False,True,0,,iterative,16655619644947968000,tea,False
01KEZ0AFNZW3VWT4D3K9S78FET,5,meta-llama/Llama-3.3-70B-Instruct-Turbo,supermarket,"canned food item
banana
milk
egg",coffee,1.0,cereal,,False,True,0,,iterative,9927246031781558000,cress,False
01KEZ0AFNZW3VWT4D3K9S78FET,6,meta-llama/Llama-3.3-70B-Instruct-Turbo,supermarket,"canned food item
banana
milk
egg
coffee",soda,1.0,sugar,,False,True,0,,iterative,2470891249274720000,milk,False
01KEZ0AFNZW3VWT4D3K9S78FET,7,meta-llama/Llama-3.3-70B-Instruct-Turbo,supermarket,"canned food item
banana
milk
egg
coffee
soda",bread,1.0,donut,,False,True,0,,iterative,9424413512806095000,coke,False
01KEZ0AFNZW3VWT4D3K9S78FET,8,meta-llama/Llama-3.3-70B-Instruct-Turbo,supermarket,"canned food item
banana
milk
egg
coffee
soda
bread",cake,1.0,butter,,False,True,0,,iterative,11131493023041910000,butter,False
01KEZ0AFNZW3VWT4D3K9S78FET,9,meta-llama/Llama-3.3-70B-Instruct-Turbo,supermarket,"canned food item
banana
milk
egg
coffee
soda
bread
cake",pie,1.0,butter,,False,True,0,,iterative,4779574745699708000,biscuit,False
01KEZ0AFNZW3VWT4D3K9S78FET,10,meta-llama/Llama-3.3-70B-Instruct-Turbo,supermarket,"canned food item
banana
milk
egg
coffee
soda
bread
cake
pie",potatochip,1.0,icecream,,False,True,0,,iterative,13176077711221256000,steak,False
01KEZ0AFNZW3VWT4D3K9S78FET,11,meta-llama/Llama-3.3-70B-Instruct-Turbo,supermarket,"canned food item
banana
milk
egg
coffee
soda
bread
cake
pie
potato chip",cantaloupe,0.0,dip,,False,True,0,,iterative,5147143266572809000,waffle,False
01KEZ0AFNZW3VWT4D3K9S78FET,12,meta-llama/Llama-3.3-70B-Instruct-Turbo,supermarket,"canned food item
banana
milk
egg
coffee
soda
bread
cake
pie
potato chip
cantaloupe",coffeecreamer,1.0,watermelon,,False,True,0,,iterative,2145447498555029800,melon,False
01KEZ0AFNZW3VWT4D3K9S78FET,13,meta-llama/Llama-3.3-70B-Instruct-Turbo,supermarket,"canned food item
banana
milk
egg
coffee
soda
bread
cake
pie
potato chip
cantaloupe
coffee creamer",icecream,1.0,donut,,False,True,0,,iterative,12041782398006286000,cream,False
01KEZ0AFNZW3VWT4D3K9S78FET,14,meta-llama/Llama-3.3-70B-Instruct-Turbo,supermarket,"canned food item
banana
milk
egg
coffee
soda
bread
cake
pie
potato chip
cantaloupe
coffee creamer
ice cream",bicycle,0.0,whippedcream,,False,True,0,,iterative,446578845676965100,lolly,False
01KEZ0AFNZW3VWT4D3K9S78FET,15,meta-llama/Llama-3.3-70B-Instruct-Turbo,supermarket,"canned food item
banana
milk
egg
coffee
soda
bread
cake
pie
potato chip
cantaloupe
coffee creamer
ice cream
bicycle",candy,1.0,water,,False,True,0,,iterative,10029076460325511000,tyre,False
01KEZ0AFNZW3VWT4D3K9S78FET,16,meta-llama/Llama-3.3-70B-Instruct-Turbo,supermarket,"canned food item
banana
milk
egg
coffee
soda
bread
cake
pie
potato chip
cantaloupe
coffee creamer
ice cream
bicycle
candy",toiletpaper,1.0,chocolate,,False,True,0,,iterative,12277213331691977000,mint,False
01KEZ0AFNZW3VWT4D3K9S78FET,17,meta-llama/Llama-3.3-70B-Instruct-Turbo,supermarket,"canned food item
banana
milk
egg
coffee
soda
bread
cake
pie
potato chip
cantaloupe
coffee creamer
ice cream
bicycle
candy
toilet paper",hamburger,1.0,chocolate,,False,True,0,,iterative,10127589219898390000,kitchen roll,False
01KEZ0AFNZW3VWT4D3K9S78FET,18,meta-llama/Llama-3.3-70B-Instruct-Turbo,supermarket,"canned food item
banana
milk
egg
coffee
soda
bread
cake
pie
potato chip
cantaloupe
coffee creamer
ice cream
bicycle
candy
toilet paper
hamburger",frozenpizza,1.0,hotdog,,False,True,0,,iterative,9118160741273826000,beef,False
01KEZ0AFNZW3VWT4D3K9S78FET,19,meta-llama/Llama-3.3-70B-Instruct-Turbo,supermarket,"canned food item
banana
milk
egg
coffee
soda
bread
cake
pie
potato chip
cantaloupe
coffee creamer
ice cream
bicycle
candy
toilet paper
hamburger
frozen pizza",chicken,1.0,ketchup,,False,True,0,,iterative,1457462587196033800,pea,False
01KEZ0AFNZW3VWT4D3K9S78FET,20,meta-llama/Llama-3.3-70B-Instruct-Turbo,supermarket,"canned food item
banana
milk
egg
coffee
soda
bread
cake
pie
potato chip
cantaloupe
coffee creamer
ice cream
bicycle
candy
toilet paper
hamburger
frozen pizza
chicken",potatosalad,1.0,shrimp,,False,True,0,,iterative,8454129606458462000,fish,False
01KEZ0AFNZW3VWT4D3K9S78FET,21,meta-llama/Llama-3.3-70B-Instruct-Turbo,supermarket,"canned food item
banana
milk
egg
coffee
soda
bread
cake
pie
potato chip
cantaloupe
coffee creamer
ice cream
bicycle
candy
toilet paper
hamburger
frozen pizza
chicken
potato salad",cookie,1.0,coleslaw,,False,True,0,,iterative,10948196734834420000,coleslaw,False
01KEZ0AFNZW3VWT4D3K9S78FET,22,meta-llama/Llama-3.3-70B-Instruct-Turbo,supermarket,"canned food item
banana
milk
egg
coffee
soda
bread
cake
pie
potato chip
cantaloupe
coffee creamer
ice cream
bicycle
candy
toilet paper
hamburger
frozen pizza
chicken
potato salad
cookie",croissant,0.0,donut,,False,True,0,,iterative,637395145395040900,biscuit,False
01KEZ0AFNZW3VWT4D3K9S78FET,23,meta-llama/Llama-3.3-70B-Instruct-Turbo,supermarket,"canned food item
banana
milk
egg
coffee
soda
bread
cake
pie
potato chip
cantaloupe
coffee creamer
ice cream
bicycle
candy
toilet paper
hamburger
frozen pizza
chicken
potato salad
cookie
croissant",roll,0.0,donut,,False,True,0,,iterative,3693191703971980300,brioche,False
01KEZ0AFNZW3VWT4D3K9S78FET,24,meta-llama/Llama-3.3-70B-Instruct-Turbo,supermarket,"canned food item
banana
milk
egg
coffee
soda
bread
cake
pie
potato chip
cantaloupe
coffee creamer
ice cream
bicycle
candy
toilet paper
hamburger
frozen pizza
chicken
potato salad
cookie
croissant
roll",coffeemaker,1.0,butter,,False,True,0,,iterative,13411318510716383000,bread,False
01KEZ0AFNZW3VWT4D3K9S78FET,25,meta-llama/Llama-3.3-70B-Instruct-Turbo,supermarket,"canned food item
banana
milk
egg
coffee
soda
bread
cake
pie
potato chip
cantaloupe
coffee creamer
ice cream
bicycle
candy
toilet paper
hamburger
frozen pizza
chicken
potato salad
cookie
croissant
roll
coffee maker",coffeefilter,1.0,donut,,False,True,0,,iterative,15166561432220037000,toaster,False
01KEZ0AFNZW3VWT4D3K9S78FET,26,meta-llama/Llama-3.3-70B-Instruct-Turbo,supermarket,"canned food item
banana
milk
egg
coffee
soda
bread
cake
pie
potato chip
cantaloupe
coffee creamer
ice cream
bicycle
candy
toilet paper
hamburger
frozen pizza
chicken
potato salad
cookie
croissant
roll
coffee maker
coffee filter",napkin,1.0,sugar,,False,True,0,,iterative,12747099101038140000,coffee,False
01KEZ0AFNZW3VWT4D3K9S78FET,27,meta-llama/Llama-3.3-70B-Instruct-Turbo,supermarket,"canned food item
banana
milk
egg
coffee
soda
bread
cake
pie
potato chip
cantaloupe
coffee creamer
ice cream
bicycle
candy
toilet paper
hamburger
frozen pizza
chicken
potato salad
cookie
croissant
roll
coffee maker
coffee filter
napkin",water,1.0,papertowel,,False,True,0,,iterative,12678230685339030000,serviette,False
01KEZ0AFNZW3VWT4D3K9S78FET,28,meta-llama/Llama-3.3-70B-Instruct-Turbo,supermarket,"canned food item
banana
milk
egg
coffee
soda
bread
cake
pie
potato chip
cantaloupe
coffee creamer
ice cream
bicycle
candy
toilet paper
hamburger
frozen pizza
chicken
potato salad
cookie
croissant
roll
coffee maker
coffee filter
napkin
water",fruitjuice,1.0,orangejuice,,False,True,0,,iterative,9809188376047280000,juice,False
01KEZ0AFNZW3VWT4D3K9S78FET,29,meta-llama/Llama-3.3-70B-Instruct-Turbo,supermarket,"canned food item
banana
milk
egg
coffee
soda
bread
cake
pie
potato chip
cantaloupe
coffee creamer
ice cream
bicycle
candy
toilet paper
hamburger
frozen pizza
chicken
potato salad
cookie
croissant
roll
coffee maker
coffee filter
napkin
water
fruit juice",vegetablejuice,0.0,orange,,False,True,0,,iterative,11632727765319074000,orange,False
01KEZ0AFNZW3VWT4D3K9S78FET,30,meta-llama/Llama-3.3-70B-Instruct-Turbo,supermarket,"canned food item
banana
milk
egg
coffee
soda
bread
cake
pie
potato chip
cantaloupe
coffee creamer
ice cream
bicycle
candy
toilet paper
hamburger
frozen pizza
chicken
potato salad
cookie
croissant
roll
coffee maker
coffee filter
napkin
water
fruit juice
vegetable juice",pumpkinseed,0.0,orange,,False,True,0,,iterative,8835669106763571000,celery,False
01KEZ0AFNZW3VWT4D3K9S78FET,31,meta-llama/Llama-3.3-70B-Instruct-Turbo,supermarket,"canned food item
banana
milk
egg
coffee
soda
bread
cake
pie
potato chip
cantaloupe
coffee creamer
ice cream
bicycle
candy
toilet paper
hamburger
frozen pizza
chicken
potato salad
cookie
croissant
roll
coffee maker
coffee filter
napkin
water
fruit juice
vegetable juice
pumpkin seed",walnut,1.0,sunflowerseed,,False,True,0,,iterative,16411372368645687000,sunflower seed,False
01KEZ0AFNZW3VWT4D3K9S78FET,32,meta-llama/Llama-3.3-70B-Instruct-Turbo,supermarket,"canned food item
banana
milk
egg
coffee
soda
bread
cake
pie
potato chip
cantaloupe
coffee creamer
ice cream
bicycle
candy
toilet paper
hamburger
frozen pizza
chicken
potato salad
cookie
croissant
roll
coffee maker
coffee filter
napkin
water
fruit juice
vegetable juice
pumpkin seed
walnut",almond,0.0,almond,,True,True,0,,iterative,12994192077842565000,nut,False
01KEZ0AFNZW3VWT4D3K9S78FET,33,meta-llama/Llama-3.3-70B-Instruct-Turbo,supermarket,"canned food item
banana
milk
egg
coffee
soda
bread
cake
pie
potato chip
cantaloupe
coffee creamer
ice cream
bicycle
candy
toilet paper
hamburger
frozen pizza
chicken
potato salad
cookie
croissant
roll
coffee maker
coffee filter
napkin
water
fruit juice
vegetable juice
pumpkin seed
walnut
almond",cereal,1.0,pecan,,False,True,0,,iterative,16057724274064770000,pecan,False
01KEZ0AFNZW3VWT4D3K9S78FET,34,meta-llama/Llama-3.3-70B-Instruct-Turbo,supermarket,"canned food item
banana
milk
egg
coffee
soda
bread
cake
pie
potato chip
cantaloupe
coffee creamer
ice cream
bicycle
candy
toilet paper
hamburger
frozen pizza
chicken
potato salad
cookie
croissant
roll
coffee maker
coffee filter
napkin
water
fruit juice
vegetable juice
pumpkin seed
walnut
almond
cereal",snack,0.0,milk,,False,True,0,,iterative,2805059831456276500,weetabix,False
01KEZ0AFNZW3VWT4D3K9S78FET,35,meta-llama/Llama-3.3-70B-Instruct-Turbo,supermarket,"canned food item
banana
milk
egg
coffee
soda
bread
cake
pie
potato chip
cantaloupe
coffee creamer
ice cream
bicycle
candy
toilet paper
hamburger
frozen pizza
chicken
potato salad
cookie
croissant
roll
coffee maker
coffee filter
napkin
water
fruit juice
vegetable juice
pumpkin seed
walnut
almond
cereal
snack",applesauce,1.0,granola,,False,True,0,,iterative,4696672038957148000,crisp,False
01KEZ0AFNZW3VWT4D3K9S78FET,36,meta-llama/Llama-3.3-70B-Instruct-Turbo,supermarket,"canned food item
banana
milk
egg
coffee
soda
bread
cake
pie
potato chip
cantaloupe
coffee creamer
ice cream
bicycle
candy
toilet paper
hamburger
frozen pizza
chicken
potato salad
cookie
croissant
roll
coffee maker
coffee filter
napkin
water
fruit juice
vegetable juice
pumpkin seed
walnut
almond
cereal
snack
apple sauce",sausage,1.0,oatmeal,,False,True,0,,iterative,10833814737739784,pork,False
01KEZ0AFNZW3VWT4D3K9S78FET,37,meta-llama/Llama-3.3-70B-Instruct-Turbo,supermarket,"canned food item
banana
milk
egg
coffee
soda
bread
cake
pie
potato chip
cantaloupe
coffee creamer
ice cream
bicycle
candy
toilet paper
hamburger
frozen pizza
chicken
potato salad
cookie
croissant
roll
coffee maker
coffee filter
napkin
water
fruit juice
vegetable juice
pumpkin seed
walnut
almond
cereal
snack
apple sauce
sausage",frozendinner,1.0,bacon,,False,True,0,,iterative,4450593048545795000,egg,False
01KEZ0D22XHBY81TBXBJ4B4F8M,2,meta-llama/Llama-3.3-70B-Instruct-Turbo,supermarket,bean,celery,0.0,rice,,False,True,0,,iterative,8340010850811378000,coffee,False
01KEZ0D22XHBY81TBXBJ4B4F8M,3,meta-llama/Llama-3.3-70B-Instruct-Turbo,supermarket,"bean
celery",washingliquid,1.0,onion,,False,True,0,,iterative,7742453252112109000,carrot,False
01KEZ0D22XHBY81TBXBJ4B4F8M,4,meta-llama/Llama-3.3-70B-Instruct-Turbo,supermarket,"bean
celery
washing liquid",soap,0.0,carrots,,False,True,0,,iterative,16947289618646930000,soap,True
01KEZ0D22XHBY81TBXBJ4B4F8M,5,meta-llama/Llama-3.3-70B-Instruct-Turbo,supermarket,"bean
celery
washing liquid
soap",apple,1.0,toiletpaper,,False,True,0,,iterative,8740453131007666000,shampoo,False
01KEZ0D22XHBY81TBXBJ4B4F8M,6,meta-llama/Llama-3.3-70B-Instruct-Turbo,supermarket,"bean
celery
washing liquid
soap
apple",pear,0.0,toothpaste,,False,True,0,,iterative,6883942281848668000,orange,False
01KEZ0D22XHBY81TBXBJ4B4F8M,7,meta-llama/Llama-3.3-70B-Instruct-Turbo,supermarket,"bean
celery
washing liquid
soap
apple
pear",soup,1.0,grapes,,False,True,0,,iterative,18375237232418441000,orange,False
01KEZ0D22XHBY81TBXBJ4B4F8M,8,meta-llama/Llama-3.3-70B-Instruct-Turbo,supermarket,"bean
celery
washing liquid
soap
apple
pear
soup",bacon,1.0,cracker,,False,True,0,,iterative,872586755675729500,cracker,False
01KEZ0D22XHBY81TBXBJ4B4F8M,9,meta-llama/Llama-3.3-70B-Instruct-Turbo,supermarket,"bean
celery
washing liquid
soap
apple
pear
soup
bacon",beef,0.0,sausages,,False,True,0,,iterative,7887835610734859000,egg,False
01KEZ0D22XHBY81TBXBJ4B4F8M,10,meta-llama/Llama-3.3-70B-Instruct-Turbo,supermarket,"bean
celery
washing liquid
soap
apple
pear
soup
bacon
beef",pork,0.0,chicken,,False,True,0,,iterative,12152057515884229000,bun,False
01KEZ0D22XHBY81TBXBJ4B4F8M,11,meta-llama/Llama-3.3-70B-Instruct-Turbo,supermarket,"bean
celery
washing liquid
soap
apple
pear
soup
bacon
beef
pork",cereal,1.0,chicken,,False,True,0,,iterative,5663245831369787000,chicken,False
01KEZ0D22XHBY81TBXBJ4B4F8M,12,meta-llama/Llama-3.3-70B-Instruct-Turbo,supermarket,"bean
celery
washing liquid
soap
apple
pear
soup
bacon
beef
pork
cereal",milk,0.0,milk,,True,True,0,,iterative,17409891290143156000,milk,True
01KEZ0D22XHBY81TBXBJ4B4F8M,13,meta-llama/Llama-3.3-70B-Instruct-Turbo,supermarket,"bean
celery
washing liquid
soap
apple
pear
soup
bacon
beef
pork
cereal
milk",fruitjuice,0.0,eggs,,False,True,0,,iterative,15332258312785594000,juice,False
01KEZ0D22XHBY81TBXBJ4B4F8M,14,meta-llama/Llama-3.3-70B-Instruct-Turbo,supermarket,"bean
celery
washing liquid
soap
apple
pear
soup
bacon
beef
pork
cereal
milk
fruit juice",soda,0.0,yogurt,,False,True,0,,iterative,5822169183289666000,egg,False
01KEZ0D22XHBY81TBXBJ4B4F8M,15,meta-llama/Llama-3.3-70B-Instruct-Turbo,supermarket,"bean
celery
washing liquid
soap
apple
pear
soup
bacon
beef
pork
cereal
milk
fruit juice
soda",beer,1.0,eggs,,False,True,0,,iterative,4903361026441453000,chip,False
01KEZ0D22XHBY81TBXBJ4B4F8M,16,meta-llama/Llama-3.3-70B-Instruct-Turbo,supermarket,"bean
celery
washing liquid
soap
apple
pear
soup
bacon
beef
pork
cereal
milk
fruit juice
soda
beer",wine,0.0,chips,,False,True,0,,iterative,13935910252946070000,wine,True
01KEZ0D22XHBY81TBXBJ4B4F8M,17,meta-llama/Llama-3.3-70B-Instruct-Turbo,supermarket,"bean
celery
washing liquid
soap
apple
pear
soup
bacon
beef
pork
cereal
milk
fruit juice
soda
beer
wine",vodka,0.0,chips,,False,True,0,,iterative,10602084930057447000,vodka,True
01KEZ0D22XHBY81TBXBJ4B4F8M,18,meta-llama/Llama-3.3-70B-Instruct-Turbo,supermarket,"bean
celery
washing liquid
soap
apple
pear
soup
bacon
beef
pork
cereal
milk
fruit juice
soda
beer
wine
vodka",whiskey,0.0,whiskey,,True,True,0,,iterative,16516711754365299000,rum,False
01KEZ0D22XHBY81TBXBJ4B4F8M,19,meta-llama/Llama-3.3-70B-Instruct-Turbo,supermarket,"bean
celery
washing liquid
soap
apple
pear
soup
bacon
beef
pork
cereal
milk
fruit juice
soda
beer
wine
vodka
whiskey",potato,1.0,rum,,False,True,0,,iterative,2759986125164695600,rum,False
01KEZ0D22XHBY81TBXBJ4B4F8M,20,meta-llama/Llama-3.3-70B-Instruct-Turbo,supermarket,"bean
celery
washing liquid
soap
apple
pear
soup
bacon
beef
pork
cereal
milk
fruit juice
soda
beer
wine
vodka
whiskey
potato",pasta,0.0,carrot,,False,True,0,,iterative,4292889899392086500,chip,False
01KEZ0D22XHBY81TBXBJ4B4F8M,21,meta-llama/Llama-3.3-70B-Instruct-Turbo,supermarket,"bean
celery
washing liquid
soap
apple
pear
soup
bacon
beef
pork
cereal
milk
fruit juice
soda
beer
wine
vodka
whiskey
potato
pasta",rice,0.0,tomatosauce,,False,True,0,,iterative,9497538794116137000,sauce,False
01KEZ0D22XHBY81TBXBJ4B4F8M,22,meta-llama/Llama-3.3-70B-Instruct-Turbo,supermarket,"bean
celery
washing liquid
soap
apple
pear
soup
bacon
beef
pork
cereal
milk
fruit juice
soda
beer
wine
vodka
whiskey
potato
pasta
rice",bread,0.0,noodles,,False,True,0,,iterative,8953134071186530000,sauce,False
01KEZ0D22XHBY81TBXBJ4B4F8M,23,meta-llama/Llama-3.3-70B-Instruct-Turbo,supermarket,"bean
celery
washing liquid
soap
apple
pear
soup
bacon
beef
pork
cereal
milk
fruit juice
soda
beer
wine
vodka
whiskey
potato
pasta
rice
bread",roll,0.0,butter,,False,True,0,,iterative,8844431751566018000,jelly,False
01KEZ0D22XHBY81TBXBJ4B4F8M,24,meta-llama/Llama-3.3-70B-Instruct-Turbo,supermarket,"bean
celery
washing liquid
soap
apple
pear
soup
bacon
beef
pork
cereal
milk
fruit juice
soda
beer
wine
vodka
whiskey
potato
pasta
rice
bread
roll",pancake,0.0,butter,,False,True,0,,iterative,7584805414202497000,bun,False
01KEZ0D22XHBY81TBXBJ4B4F8M,25,meta-llama/Llama-3.3-70B-Instruct-Turbo,supermarket,"bean
celery
washing liquid
soap
apple
pear
soup
bacon
beef
pork
cereal
milk
fruit juice
soda
beer
wine
vodka
whiskey
potato
pasta
rice
bread
roll
pancake",spongecake,0.0,butter,,False,True,0,,iterative,9280369060540385000,butter,False
01KEZ0D22XHBY81TBXBJ4B4F8M,26,meta-llama/Llama-3.3-70B-Instruct-Turbo,supermarket,"bean
celery
washing liquid
soap
apple
pear
soup
bacon
beef
pork
cereal
milk
fruit juice
soda
beer
wine
vodka
whiskey
potato
pasta
rice
bread
roll
pancake
sponge cake",bleach,1.0,butter,,False,True,0,,iterative,10965515113636663000,brownie,False
01KEZ0D22XHBY81TBXBJ4B4F8M,27,meta-llama/Llama-3.3-70B-Instruct-Turbo,supermarket,"bean
celery
washing liquid
soap
apple
pear
soup
bacon
beef
pork
cereal
milk
fruit juice
soda
beer
wine
vodka
whiskey
potato
pasta
rice
bread
roll
pancake
sponge cake
bleach",windscreenwiper,0.0,toiletpaper,,False,True,0,,iterative,2853373459073584000,detergent,False
01KEZ0D22XHBY81TBXBJ4B4F8M,28,meta-llama/Llama-3.3-70B-Instruct-Turbo,supermarket,"bean
celery
washing liquid
soap
apple
pear
soup
bacon
beef
pork
cereal
milk
fruit juice
soda
beer
wine
vodka
whiskey
potato
pasta
rice
bread
roll
pancake
sponge cake
bleach
windscreen wiper",kiwi,1.0,toiletpaper,,False,True,0,,iterative,1724732339737126700,glass cleaner,False
01KEZ0D22XHBY81TBXBJ4B4F8M,29,meta-llama/Llama-3.3-70B-Instruct-Turbo,supermarket,"bean
celery
washing liquid
soap
apple
pear
soup
bacon
beef
pork
cereal
milk
fruit juice
soda
beer
wine
vodka
whiskey
potato
pasta
rice
bread
roll
pancake
sponge cake
bleach
windscreen wiper
kiwi",avocado,0.0,strawberry,,False,True,0,,iterative,5176215592842201000,orange,False
01KEZ0D22XHBY81TBXBJ4B4F8M,30,meta-llama/Llama-3.3-70B-Instruct-Turbo,supermarket,"bean
celery
washing liquid
soap
apple
pear
soup
bacon
beef
pork
cereal
milk
fruit juice
soda
beer
wine
vodka
whiskey
potato
pasta
rice
bread
roll
pancake
sponge cake
bleach
windscreen wiper
kiwi
avocado",lemon,0.0,mango,,False,True,0,,iterative,2412468916781437000,salsa,False
01KEZ0D22XHBY81TBXBJ4B4F8M,31,meta-llama/Llama-3.3-70B-Instruct-Turbo,supermarket,"bean
celery
washing liquid
soap
apple
pear
soup
bacon
beef
pork
cereal
milk
fruit juice
soda
beer
wine
vodka
whiskey
potato
pasta
rice
bread
roll
pancake
sponge cake
bleach
windscreen wiper
kiwi
avocado
lemon",lime,0.0,orange,,False,True,0,,iterative,165042603205587700,lime,True
01KEZ0D22XHBY81TBXBJ4B4F8M,32,meta-llama/Llama-3.3-70B-Instruct-Turbo,supermarket,"bean
celery
washing liquid
soap
apple
pear
soup
bacon
beef
pork
cereal
milk
fruit juice
soda
beer
wine
vodka
whiskey
potato
pasta
rice
bread
roll
pancake
sponge cake
bleach
windscreen wiper
kiwi
avocado
lemon
lime",lemonade,1.0,orange,,False,True,0,,iterative,6943637889587865000,pineapple,False
01KEZ0D22XHBY81TBXBJ4B4F8M,33,meta-llama/Llama-3.3-70B-Instruct-Turbo,supermarket,"bean
celery
washing liquid
soap
apple
pear
soup
bacon
beef
pork
cereal
milk
fruit juice
soda
beer
wine
vodka
whiskey
potato
pasta
rice
bread
roll
pancake
sponge cake
bleach
windscreen wiper
kiwi
avocado
lemon
lime
lemonade",yoghurt,1.0,orange,,False,True,0,,iterative,11646246208009236000,iced tea,False
01KEZ0D22XHBY81TBXBJ4B4F8M,34,meta-llama/Llama-3.3-70B-Instruct-Turbo,supermarket,"bean
celery
washing liquid
soap
apple
pear
soup
bacon
beef
pork
cereal
milk
fruit juice
soda
beer
wine
vodka
whiskey
potato
pasta
rice
bread
roll
pancake
sponge cake
bleach
windscreen wiper
kiwi
avocado
lemon
lime
lemonade
yoghurt",icecream,0.0,honey,,False,True,0,,iterative,291925897070949950,banana,False
01KEZ0D22XHBY81TBXBJ4B4F8M,35,meta-llama/Llama-3.3-70B-Instruct-Turbo,supermarket,"bean
celery
washing liquid
soap
apple
pear
soup
bacon
beef
pork
cereal
milk
fruit juice
soda
beer
wine
vodka
whiskey
potato
pasta
rice
bread
roll
pancake
sponge cake
bleach
windscreen wiper
kiwi
avocado
lemon
lime
lemonade
yoghurt
ice cream",sausage,1.0,honey,,False,True,0,,iterative,7846426191523960000,cake,False
01KEZ0D22XHBY81TBXBJ4B4F8M,36,meta-llama/Llama-3.3-70B-Instruct-Turbo,supermarket,"bean
celery
washing liquid
soap
apple
pear
soup
bacon
beef
pork
cereal
milk
fruit juice
soda
beer
wine
vodka
whiskey
potato
pasta
rice
bread
roll
pancake
sponge cake
bleach
windscreen wiper
kiwi
avocado
lemon
lime
lemonade
yoghurt
ice cream
sausage",turkey,0.0,eggs,,False,True,0,,iterative,9716179229349690000,bacon,False
01KEZ0D22XHBY81TBXBJ4B4F8M,37,meta-llama/Llama-3.3-70B-Instruct-Turbo,supermarket,"bean
celery
washing liquid
soap
apple
pear
soup
bacon
beef
pork
cereal
milk
fruit juice
soda
beer
wine
vodka
whiskey
potato
pasta
rice
bread
roll
pancake
sponge cake
bleach
windscreen wiper
kiwi
avocado
lemon
lime
lemonade
yoghurt
ice cream
sausage
turkey",chicken,0.0,chicken,,True,True,0,,iterative,14483057620796944000,bacon,False
01KEZ0D22XHBY81TBXBJ4B4F8M,38,meta-llama/Llama-3.3-70B-Instruct-Turbo,supermarket,"bean
celery
washing liquid
soap
apple
pear
soup
bacon
beef
pork
cereal
milk
fruit juice
soda
beer
wine
vodka
whiskey
potato
pasta
rice
bread
roll
pancake
sponge cake
bleach
windscreen wiper
kiwi
avocado
lemon
lime
lemonade
yoghurt
ice cream
sausage
turkey
chicken",cheese,1.0,duck,,False,True,0,,iterative,3686415588853141000,ketchup,False
01KEZ0D22XHBY81TBXBJ4B4F8M,39,meta-llama/Llama-3.3-70B-Instruct-Turbo,supermarket,"bean
celery
washing liquid
soap
apple
pear
soup
bacon
beef
pork
cereal
milk
fruit juice
soda
beer
wine
vodka
whiskey
potato
pasta
rice
bread
roll
pancake
sponge cake
bleach
windscreen wiper
kiwi
avocado
lemon
lime
lemonade
yoghurt
ice cream
sausage
turkey
chicken
cheese",ham,0.0,eggs,,False,True,0,,iterative,10654343229368347000,tomato,False
01KEZ0D22XHBY81TBXBJ4B4F8M,40,meta-llama/Llama-3.3-70B-Instruct-Turbo,supermarket,"bean
celery
washing liquid
soap
apple
pear
soup
bacon
beef
pork
cereal
milk
fruit juice
soda
beer
wine
vodka
whiskey
potato
pasta
rice
bread
roll
pancake
sponge cake
bleach
windscreen wiper
kiwi
avocado
lemon
lime
lemonade
yoghurt
ice cream
sausage
turkey
chicken
cheese
ham",butter,0.0,eggs,,False,True,0,,iterative,10323445663715516000,pork,False
01KEZ0D22XHBY81TBXBJ4B4F8M,41,meta-llama/Llama-3.3-70B-Instruct-Turbo,supermarket,"bean
celery
washing liquid
soap
apple
pear
soup
bacon
beef
pork
cereal
milk
fruit juice
soda
beer
wine
vodka
whiskey
potato
pasta
rice
bread
roll
pancake
sponge cake
bleach
windscreen wiper
kiwi
avocado
lemon
lime
lemonade
yoghurt
ice cream
sausage
turkey
chicken
cheese
ham
butter",jam,0.0,eggs,,False,True,0,,iterative,5475463167326320000,bun,False
01KEZ0D22XHBY81TBXBJ4B4F8M,42,meta-llama/Llama-3.3-70B-Instruct-Turbo,supermarket,"bean
celery
washing liquid
soap
apple
pear
soup
bacon
beef
pork
cereal
milk
fruit juice
soda
beer
wine
vodka
whiskey
potato
pasta
rice
bread
roll
pancake
sponge cake
bleach
windscreen wiper
kiwi
avocado
lemon
lime
lemonade
yoghurt
ice cream
sausage
turkey
chicken
cheese
ham
butter
jam",chocolatespread,0.0,toast,,False,True,0,,iterative,6284956473347850000,peanut butter,False
01KEZ0D22XHBY81TBXBJ4B4F8M,43,meta-llama/Llama-3.3-70B-Instruct-Turbo,supermarket,"bean
celery
washing liquid
soap
apple
pear
soup
bacon
beef
pork
cereal
milk
fruit juice
soda
beer
wine
vodka
whiskey
potato
pasta
rice
bread
roll
pancake
sponge cake
bleach
windscreen wiper
kiwi
avocado
lemon
lime
lemonade
yoghurt
ice cream
sausage
turkey
chicken
cheese
ham
butter
jam
chocolate spread",candy,1.0,peanutbutter,,False,True,0,,iterative,6877627813830827000,peanut butter,False
01KEZ0D22XHBY81TBXBJ4B4F8M,44,meta-llama/Llama-3.3-70B-Instruct-Turbo,supermarket,"bean
celery
washing liquid
soap
apple
pear
soup
bacon
beef
pork
cereal
milk
fruit juice
soda
beer
wine
vodka
whiskey
potato
pasta
rice
bread
roll
pancake
sponge cake
bleach
windscreen wiper
kiwi
avocado
lemon
lime
lemonade
yoghurt
ice cream
sausage
turkey
chicken
cheese
ham
butter
jam
chocolate spread
candy",biscuit,0.0,peanuts,,False,True,0,,iterative,9483869641903823000,cereal,False
01KEZ0D22XHBY81TBXBJ4B4F8M,45,meta-llama/Llama-3.3-70B-Instruct-Turbo,supermarket,"bean
celery
washing liquid
soap
apple
pear
soup
bacon
beef
pork
cereal
milk
fruit juice
soda
beer
wine
vodka
whiskey
potato
pasta
rice
bread
roll
pancake
sponge cake
bleach
windscreen wiper
kiwi
avocado
lemon
lime
lemonade
yoghurt
ice cream
sausage
turkey
chicken
cheese
ham
butter
jam
chocolate spread
candy
biscuit",crisp,0.0,cookie,,False,True,0,,iterative,13785539455494312000,bun,False
01KEZ0D22XHBY81TBXBJ4B4F8M,46,meta-llama/Llama-3.3-70B-Instruct-Turbo,supermarket,"bean
celery
washing liquid
soap
apple
pear
soup
bacon
beef
pork
cereal
milk
fruit juice
soda
beer
wine
vodka
whiskey
potato
pasta
rice
bread
roll
pancake
sponge cake
bleach
windscreen wiper
kiwi
avocado
lemon
lime
lemonade
yoghurt
ice cream
sausage
turkey
chicken
cheese
ham
butter
jam
chocolate spread
candy
biscuit
crisp",fry,0.0,popcorn,,False,True,0,,iterative,7539928882239313000,oil,False
01KEZ0D22XHBY81TBXBJ4B4F8M,47,meta-llama/Llama-3.3-70B-Instruct-Turbo,supermarket,"bean
celery
washing liquid
soap
apple
pear
soup
bacon
beef
pork
cereal
milk
fruit juice
soda
beer
wine
vodka
whiskey
potato
pasta
rice
bread
roll
pancake
sponge cake
bleach
windscreen wiper
kiwi
avocado
lemon
lime
lemonade
yoghurt
ice cream
sausage
turkey
chicken
cheese
ham
butter
jam
chocolate spread
candy
biscuit
crisp
fry",waffle,0.0,chips,,False,True,0,,iterative,12953698280583879000,oil,False
01KEZ0D22XHBY81TBXBJ4B4F8M,48,meta-llama/Llama-3.3-70B-Instruct-Turbo,supermarket,"bean
celery
washing liquid
soap
apple
pear
soup
bacon
beef
pork
cereal
milk
fruit juice
soda
beer
wine
vodka
whiskey
potato
pasta
rice
bread
roll
pancake
sponge cake
bleach
windscreen wiper
kiwi
avocado
lemon
lime
lemonade
yoghurt
ice cream
sausage
turkey
chicken
cheese
ham
butter
jam
chocolate spread
candy
biscuit
crisp
fry
waffle",pen,1.0,pancakesyrup,,False,True,0,,iterative,11042540555436964000,butter,False
01KEZ0D22XHBY81TBXBJ4B4F8M,49,meta-llama/Llama-3.3-70B-Instruct-Turbo,supermarket,"bean
celery
washing liquid
soap
apple
pear
soup
bacon
beef
pork
cereal
milk
fruit juice
soda
beer
wine
vodka
whiskey
potato
pasta
rice
bread
roll
pancake
sponge cake
bleach
windscreen wiper
kiwi
avocado
lemon
lime
lemonade
yoghurt
ice cream
sausage
turkey
chicken
cheese
ham
butter
jam
chocolate spread
candy
biscuit
crisp
fry
waffle
pen",book,0.0,paper,,False,True,0,,iterative,12845530763648322000,pencil,False
01KEZ0D22XHBY81TBXBJ4B4F8M,50,meta-llama/Llama-3.3-70B-Instruct-Turbo,supermarket,"bean
celery
washing liquid
soap
apple
pear
soup
bacon
beef
pork
cereal
milk
fruit juice
soda
beer
wine
vodka
whiskey
potato
pasta
rice
bread
roll
pancake
sponge cake
bleach
windscreen wiper
kiwi
avocado
lemon
lime
lemonade
yoghurt
ice cream
sausage
turkey
chicken
cheese
ham
butter
jam
chocolate spread
candy
biscuit
crisp
fry
waffle
pen
book",plate,0.0,orange,,False,True,0,,iterative,13930478123343307000,pencil,False
01KEZ0EA1HNXFNDQQ2QSS4J84T,2,meta-llama/Llama-3.3-70B-Instruct-Turbo,supermarket,tomato,bean,0.0,basil,,False,True,0,,iterative,12995473280069480000,lettuce,False
01KEZ0EA1HNXFNDQQ2QSS4J84T,3,meta-llama/Llama-3.3-70B-Instruct-Turbo,supermarket,"tomato
bean",chicken,1.0,corn,,False,True,0,,iterative,14728542185541159000,apple,False
01KEZ0EA1HNXFNDQQ2QSS4J84T,4,meta-llama/Llama-3.3-70B-Instruct-Turbo,supermarket,"tomato
bean
chicken",steak,1.0,rice,,False,True,0,,iterative,14791279767134489000,rice,False
01KEZ0EA1HNXFNDQQ2QSS4J84T,5,meta-llama/Llama-3.3-70B-Instruct-Turbo,supermarket,"tomato
bean
chicken
steak",groundbeef,1.0,pork,,False,True,0,,iterative,9853751217828577000,milk,False
01KEZ0EA1HNXFNDQQ2QSS4J84T,6,meta-llama/Llama-3.3-70B-Instruct-Turbo,supermarket,"tomato
bean
chicken
steak
ground beef",hotdog,1.0,porkchops,,False,True,0,,iterative,16772532684648060000,milk,False
01KEZ0EA1HNXFNDQQ2QSS4J84T,7,meta-llama/Llama-3.3-70B-Instruct-Turbo,supermarket,"tomato
bean
chicken
steak
ground beef
hot dog",hamburger,1.0,bacon,,False,True,0,,iterative,10900213428223764000,bread,False
01KEZ0EA1HNXFNDQQ2QSS4J84T,8,meta-llama/Llama-3.3-70B-Instruct-Turbo,supermarket,"tomato
bean
chicken
steak
ground beef
hot dog
hamburger",hamburgerbun,1.0,bacon,,False,True,0,,iterative,16271179654608853000,bun,False
01KEZ0EA1HNXFNDQQ2QSS4J84T,9,meta-llama/Llama-3.3-70B-Instruct-Turbo,supermarket,"tomato
bean
chicken
steak
ground beef
hot dog
hamburger
hamburger bun",hotdogbun,1.0,ketchup,,False,True,0,,iterative,8794593807804867000,hot dog bun,True
01KEZ0EA1HNXFNDQQ2QSS4J84T,10,meta-llama/Llama-3.3-70B-Instruct-Turbo,supermarket,"tomato
bean
chicken
steak
ground beef
hot dog
hamburger
hamburger bun
hot dog bun",cheese,0.0,ketchup,,False,True,0,,iterative,7296917912169977000,ketchup,False
01KEZ0EA1HNXFNDQQ2QSS4J84T,11,meta-llama/Llama-3.3-70B-Instruct-Turbo,supermarket,"tomato
bean
chicken
steak
ground beef
hot dog
hamburger
hamburger bun
hot dog bun
cheese",bologna,0.0,ketchup,,False,True,0,,iterative,940583119345557000,mustard,False
01KEZ0EA1HNXFNDQQ2QSS4J84T,12,meta-llama/Llama-3.3-70B-Instruct-Turbo,supermarket,"tomato
bean
chicken
steak
ground beef
hot dog
hamburger
hamburger bun
hot dog bun
cheese
bologna",turkey,0.0,mayonnaise,,False,True,0,,iterative,2477352486365537000,mayo,False
01KEZ0EA1HNXFNDQQ2QSS4J84T,13,meta-llama/Llama-3.3-70B-Instruct-Turbo,supermarket,"tomato
bean
chicken
steak
ground beef
hot dog
hamburger
hamburger bun
hot dog bun
cheese
bologna
turkey",salami,0.0,ham,,False,True,0,,iterative,10602275063596200000,ham,False
01KEZ0EA1HNXFNDQQ2QSS4J84T,14,meta-llama/Llama-3.3-70B-Instruct-Turbo,supermarket,"tomato
bean
chicken
steak
ground beef
hot dog
hamburger
hamburger bun
hot dog bun
cheese
bologna
turkey
salami",broccoli,0.0,ham,,False,True,0,,iterative,13632547224327234000,ham,False
01KEZ0EA1HNXFNDQQ2QSS4J84T,15,meta-llama/Llama-3.3-70B-Instruct-Turbo,supermarket,"tomato
bean
chicken
steak
ground beef
hot dog
hamburger
hamburger bun
hot dog bun
cheese
bologna
turkey
salami
broccoli",avocado,0.0,carrots,,False,True,0,,iterative,17033927594062440000,cauliflower,False
01KEZ0EA1HNXFNDQQ2QSS4J84T,16,meta-llama/Llama-3.3-70B-Instruct-Turbo,supermarket,"tomato
bean
chicken
steak
ground beef
hot dog
hamburger
hamburger bun
hot dog bun
cheese
bologna
turkey
salami
broccoli
avocado",cauliflower,0.0,carrots,,False,True,0,,iterative,15475045188213854000,lettuce,False
01KEZ0EA1HNXFNDQQ2QSS4J84T,17,meta-llama/Llama-3.3-70B-Instruct-Turbo,supermarket,"tomato
bean
chicken
steak
ground beef
hot dog
hamburger
hamburger bun
hot dog bun
cheese
bologna
turkey
salami
broccoli
avocado
cauliflower",frenchfry,0.0,carrots,,False,True,0,,iterative,8098643080087618000,lettuce,False
01KEZ0EA1HNXFNDQQ2QSS4J84T,18,meta-llama/Llama-3.3-70B-Instruct-Turbo,supermarket,"tomato
bean
chicken
steak
ground beef
hot dog
hamburger
hamburger bun
hot dog bun
cheese
bologna
turkey
salami
broccoli
avocado
cauliflower
french fry",salmon,0.0,ketchup,,False,True,0,,iterative,2949917724030899700,potato,False
01KEZ0EA1HNXFNDQQ2QSS4J84T,19,meta-llama/Llama-3.3-70B-Instruct-Turbo,supermarket,"tomato
bean
chicken
steak
ground beef
hot dog
hamburger
hamburger bun
hot dog bun
cheese
bologna
turkey
salami
broccoli
avocado
cauliflower
french fry
salmon",sausage,0.0,shrimp,,False,True,0,,iterative,14034657323906079000,lemon,False
01KEZ0EA1HNXFNDQQ2QSS4J84T,20,meta-llama/Llama-3.3-70B-Instruct-Turbo,supermarket,"tomato
bean
chicken
steak
ground beef
hot dog
hamburger
hamburger bun
hot dog bun
cheese
bologna
turkey
salami
broccoli
avocado
cauliflower
french fry
salmon
sausage",toiletpaper,0.0,onion,,False,True,0,,iterative,13293399738597425000,egg,False
01KEZ0EA1HNXFNDQQ2QSS4J84T,21,meta-llama/Llama-3.3-70B-Instruct-Turbo,supermarket,"tomato
bean
chicken
steak
ground beef
hot dog
hamburger
hamburger bun
hot dog bun
cheese
bologna
turkey
salami
broccoli
avocado
cauliflower
french fry
salmon
sausage
toilet paper",papertowel,0.0,papertowels,,False,True,0,,iterative,3979728367832952000,napkin,False
01KEZ0EA1HNXFNDQQ2QSS4J84T,22,meta-llama/Llama-3.3-70B-Instruct-Turbo,supermarket,"tomato
bean
chicken
steak
ground beef
hot dog
hamburger
hamburger bun
hot dog bun
cheese
bologna
turkey
salami
broccoli
avocado
cauliflower
french fry
salmon
sausage
toilet paper
paper towel",chip,1.0,tissues,,False,True,0,,iterative,14339363201919494000,tissue,False
01KEZ0EA1HNXFNDQQ2QSS4J84T,23,meta-llama/Llama-3.3-70B-Instruct-Turbo,supermarket,"tomato
bean
chicken
steak
ground beef
hot dog
hamburger
hamburger bun
hot dog bun
cheese
bologna
turkey
salami
broccoli
avocado
cauliflower
french fry
salmon
sausage
toilet paper
paper towel
chip",salsa,1.0,dip,,False,True,0,,iterative,6250159764612735000,dip,False
01KEZ0EA1HNXFNDQQ2QSS4J84T,24,meta-llama/Llama-3.3-70B-Instruct-Turbo,supermarket,"tomato
bean
chicken
steak
ground beef
hot dog
hamburger
hamburger bun
hot dog bun
cheese
bologna
turkey
salami
broccoli
avocado
cauliflower
french fry
salmon
sausage
toilet paper
paper towel
chip
salsa",dip,0.0,tortillachips,,False,True,0,,iterative,8982584122507716000,ice cream,False
01KEZ0EA1HNXFNDQQ2QSS4J84T,25,meta-llama/Llama-3.3-70B-Instruct-Turbo,supermarket,"tomato
bean
chicken
steak
ground beef
hot dog
hamburger
hamburger bun
hot dog bun
cheese
bologna
turkey
salami
broccoli
avocado
cauliflower
french fry
salmon
sausage
toilet paper
paper towel
chip
salsa
dip",cannedtuna,1.0,tortillachips,,False,True,0,,iterative,3828163749641474600,ice cream,False
01KEZ0EA1HNXFNDQQ2QSS4J84T,26,meta-llama/Llama-3.3-70B-Instruct-Turbo,supermarket,"tomato
bean
chicken
steak
ground beef
hot dog
hamburger
hamburger bun
hot dog bun
cheese
bologna
turkey
salami
broccoli
avocado
cauliflower
french fry
salmon
sausage
toilet paper
paper towel
chip
salsa
dip
canned tuna",spice,0.0,crackers,,False,True,0,,iterative,7144387057424566000,mayo,False
01KEZ0EA1HNXFNDQQ2QSS4J84T,27,meta-llama/Llama-3.3-70B-Instruct-Turbo,supermarket,"tomato
bean
chicken
steak
ground beef
hot dog
hamburger
hamburger bun
hot dog bun
cheese
bologna
turkey
salami
broccoli
avocado
cauliflower
french fry
salmon
sausage
toilet paper
paper towel
chip
salsa
dip
canned tuna
spice",icecream,0.0,seasoning,,False,True,0,,iterative,8931741040960914000,salt,False
01KEZ0EA1HNXFNDQQ2QSS4J84T,28,meta-llama/Llama-3.3-70B-Instruct-Turbo,supermarket,"tomato
bean
chicken
steak
ground beef
hot dog
hamburger
hamburger bun
hot dog bun
cheese
bologna
turkey
salami
broccoli
avocado
cauliflower
french fry
salmon
sausage
toilet paper
paper towel
chip
salsa
dip
canned tuna
spice
ice cream",pickle,0.0,whippedcream,,False,True,0,,iterative,7908496347403147000,ice cream cone,False
01KEZ0EA1HNXFNDQQ2QSS4J84T,29,meta-llama/Llama-3.3-70B-Instruct-Turbo,supermarket,"tomato
bean
chicken
steak
ground beef
hot dog
hamburger
hamburger bun
hot dog bun
cheese
bologna
turkey
salami
broccoli
avocado
cauliflower
french fry
salmon
sausage
toilet paper
paper towel
chip
salsa
dip
canned tuna
spice
ice cream
pickle",fruitjuice,0.0,onion,,False,True,0,,iterative,6208845172719214000,mustard,False
01KEZ0EA1HNXFNDQQ2QSS4J84T,30,meta-llama/Llama-3.3-70B-Instruct-Turbo,supermarket,"tomato
bean
chicken
steak
ground beef
hot dog
hamburger
hamburger bun
hot dog bun
cheese
bologna
turkey
salami
broccoli
avocado
cauliflower
french fry
salmon
sausage
toilet paper
paper towel
chip
salsa
dip
canned tuna
spice
ice cream
pickle
fruit juice",asparagus,1.0,milk,,False,True,0,,iterative,1975262671729205500,milk,False
01KEZ0EA1HNXFNDQQ2QSS4J84T,31,meta-llama/Llama-3.3-70B-Instruct-Turbo,supermarket,"tomato
bean
chicken
steak
ground beef
hot dog
hamburger
hamburger bun
hot dog bun
cheese
bologna
turkey
salami
broccoli
avocado
cauliflower
french fry
salmon
sausage
toilet paper
paper towel
chip
salsa
dip
canned tuna
spice
ice cream
pickle
fruit juice
asparagus",greenpepper,1.0,carrot,,False,True,0,,iterative,10745832816270828000,brussels sprout,False
01KEZ0EA1HNXFNDQQ2QSS4J84T,32,meta-llama/Llama-3.3-70B-Instruct-Turbo,supermarket,"tomato
bean
chicken
steak
ground beef
hot dog
hamburger
hamburger bun
hot dog bun
cheese
bologna
turkey
salami
broccoli
avocado
cauliflower
french fry
salmon
sausage
toilet paper
paper towel
chip
salsa
dip
canned tuna
spice
ice cream
pickle
fruit juice
asparagus
green pepper",onion,1.0,carrot,,False,True,0,,iterative,8238877184110017000,carrot,False
01KEZ0EA1HNXFNDQQ2QSS4J84T,33,meta-llama/Llama-3.3-70B-Instruct-Turbo,supermarket,"tomato
bean
chicken
steak
ground beef
hot dog
hamburger
hamburger bun
hot dog bun
cheese
bologna
turkey
salami
broccoli
avocado
cauliflower
french fry
salmon
sausage
toilet paper
paper towel
chip
salsa
dip
canned tuna
spice
ice cream
pickle
fruit juice
asparagus
green pepper
onion",salad,0.0,mushroom,,False,True,0,,iterative,10868315242021458000,carrot,False
01KFVANCWX4PEQ8MJS01CX9048,2,meta-llama/Llama-3.3-70B-Instruct-Turbo,supermarket,food,toiletroll,0.0,water,,False,True,0,,iterative,8031060903095590000,drink,False
01KFVANCWX4PEQ8MJS01CX9048,3,meta-llama/Llama-3.3-70B-Instruct-Turbo,supermarket,"food
toilet roll",bread,0.0,toothpaste,,False,True,0,,iterative,16181682118202730000,tube,False
01KFVANCWX4PEQ8MJS01CX9048,4,meta-llama/Llama-3.3-70B-Instruct-Turbo,supermarket,"food
toilet roll
bread",milk,0.0,butter,,False,True,0,,iterative,2539026998680514000,roll,False
01KFVANCWX4PEQ8MJS01CX9048,5,meta-llama/Llama-3.3-70B-Instruct-Turbo,supermarket,"food
toilet roll
bread
milk",sugar,0.0,butter,,False,True,0,,iterative,13675491548005878000,butter,False
01KFVANCWX4PEQ8MJS01CX9048,6,meta-llama/Llama-3.3-70B-Instruct-Turbo,supermarket,"food
toilet roll
bread
milk
sugar",tea,0.0,butter,,False,True,0,,iterative,7332018826406306000,butter,False
01KFVANCWX4PEQ8MJS01CX9048,7,meta-llama/Llama-3.3-70B-Instruct-Turbo,supermarket,"food
toilet roll
bread
milk
sugar
tea",fish,0.0,biscuits,,False,True,0,,iterative,1405480794836090000,coffee,False
01KFVANCWX4PEQ8MJS01CX9048,8,meta-llama/Llama-3.3-70B-Instruct-Turbo,supermarket,"food
toilet roll
bread
milk
sugar
tea
fish",meat,1.0,chips,,False,True,0,,iterative,6550578213228268000,meat,True
01KFVANCWX4PEQ8MJS01CX9048,9,meta-llama/Llama-3.3-70B-Instruct-Turbo,supermarket,"food
toilet roll
bread
milk
sugar
tea
fish
meat",beef,0.0,chicken,,False,True,0,,iterative,8205352370241257000,vegetable,False
01KFVANCWX4PEQ8MJS01CX9048,10,meta-llama/Llama-3.3-70B-Instruct-Turbo,supermarket,"food
toilet roll
bread
milk
sugar
tea
fish
meat
beef",sausage,0.0,chicken,,False,True,0,,iterative,13794335481319778000,lamb,False
01KFVANCWX4PEQ8MJS01CX9048,11,meta-llama/Llama-3.3-70B-Instruct-Turbo,supermarket,"food
toilet roll
bread
milk
sugar
tea
fish
meat
beef
sausage",till,0.0,bacon,,False,True,0,,iterative,3140371168164521000,pork,False
01KFVANCWX4PEQ8MJS01CX9048,12,meta-llama/Llama-3.3-70B-Instruct-Turbo,supermarket,"food
toilet roll
bread
milk
sugar
tea
fish
meat
beef
sausage
till",basket,0.0,cashier,,False,True,0,,iterative,8052801230147757000,pay,False
01KFVANCWX4PEQ8MJS01CX9048,13,meta-llama/Llama-3.3-70B-Instruct-Turbo,supermarket,"food
toilet roll
bread
milk
sugar
tea
fish
meat
beef
sausage
till
basket",trolley,0.0,chicken,,False,True,0,,iterative,11328154583640984000,trolley,True
01KFVANCWX4PEQ8MJS01CX9048,14,meta-llama/Llama-3.3-70B-Instruct-Turbo,supermarket,"food
toilet roll
bread
milk
sugar
tea
fish
meat
beef
sausage
till
basket
trolley",cloth,1.0,checkout,,False,True,0,,iterative,11110274283493358000,shopping,False
01KFVANCWX4PEQ8MJS01CX9048,15,meta-llama/Llama-3.3-70B-Instruct-Turbo,supermarket,"food
toilet roll
bread
milk
sugar
tea
fish
meat
beef
sausage
till
basket
trolley
cloth",nappy,0.0,detergent,,False,True,0,,iterative,15641402753227786000,soap,False
01KFVANCWX4PEQ8MJS01CX9048,16,meta-llama/Llama-3.3-70B-Instruct-Turbo,supermarket,"food
toilet roll
bread
milk
sugar
tea
fish
meat
beef
sausage
till
basket
trolley
cloth
nappy",shoe,0.0,wipes,,False,True,0,,iterative,14916557159472925000,powder,False
01KFVANCWX4PEQ8MJS01CX9048,17,meta-llama/Llama-3.3-70B-Instruct-Turbo,supermarket,"food
toilet roll
bread
milk
sugar
tea
fish
meat
beef
sausage
till
basket
trolley
cloth
nappy
shoe",fruit,1.0,socks,,False,True,0,,iterative,9448511182780805000,sock,False
01KFVANCWX4PEQ8MJS01CX9048,18,meta-llama/Llama-3.3-70B-Instruct-Turbo,supermarket,"food
toilet roll
bread
milk
sugar
tea
fish
meat
beef
sausage
till
basket
trolley
cloth
nappy
shoe
fruit",vegetable,1.0,apple,,False,True,0,,iterative,15542694999499403000,apple,False
01KFVANCWX4PEQ8MJS01CX9048,19,meta-llama/Llama-3.3-70B-Instruct-Turbo,supermarket,"food
toilet roll
bread
milk
sugar
tea
fish
meat
beef
sausage
till
basket
trolley
cloth
nappy
shoe
fruit
vegetable",juice,0.0,carrot,,False,True,0,,iterative,8889556631825282000,carrot,False
01KFVANCWX4PEQ8MJS01CX9048,20,meta-llama/Llama-3.3-70B-Instruct-Turbo,supermarket,"food
toilet roll
bread
milk
sugar
tea
fish
meat
beef
sausage
till
basket
trolley
cloth
nappy
shoe
fruit
vegetable
juice",coffee,1.0,orange,,False,True,0,,iterative,12226272047587086000,lemon,False
01KFVANCWX4PEQ8MJS01CX9048,21,meta-llama/Llama-3.3-70B-Instruct-Turbo,supermarket,"food
toilet roll
bread
milk
sugar
tea
fish
meat
beef
sausage
till
basket
trolley
cloth
nappy
shoe
fruit
vegetable
juice
coffee",pea,0.0,biscuits,,False,True,0,,iterative,12526497990406746000,honey,False
01KFVANCWX4PEQ8MJS01CX9048,22,meta-llama/Llama-3.3-70B-Instruct-Turbo,supermarket,"food
toilet roll
bread
milk
sugar
tea
fish
meat
beef
sausage
till
basket
trolley
cloth
nappy
shoe
fruit
vegetable
juice
coffee
pea",bean,0.0,carrot,,False,True,0,,iterative,2307076710870893600,carrot,False
01KFVANCWX4PEQ8MJS01CX9048,23,meta-llama/Llama-3.3-70B-Instruct-Turbo,supermarket,"food
toilet roll
bread
milk
sugar
tea
fish
meat
beef
sausage
till
basket
trolley
cloth
nappy
shoe
fruit
vegetable
juice
coffee
pea
bean",pizza,1.0,carrot,,False,True,0,,iterative,17590119857083003000,carrot,False
01KFVANCWX4PEQ8MJS01CX9048,24,meta-llama/Llama-3.3-70B-Instruct-Turbo,supermarket,"food
toilet roll
bread
milk
sugar
tea
fish
meat
beef
sausage
till
basket
trolley
cloth
nappy
shoe
fruit
vegetable
juice
coffee
pea
bean
pizza",chip,0.0,cheese,,False,True,0,,iterative,15901294421059125000,delivery,False
01KFVANCWX4PEQ8MJS01CX9048,25,meta-llama/Llama-3.3-70B-Instruct-Turbo,supermarket,"food
toilet roll
bread
milk
sugar
tea
fish
meat
beef
sausage
till
basket
trolley
cloth
nappy
shoe
fruit
vegetable
juice
coffee
pea
bean
pizza
chip",chocolate,1.0,fries,,False,True,0,,iterative,2533887001683709400,sauce,False
01KFVANCWX4PEQ8MJS01CX9048,26,meta-llama/Llama-3.3-70B-Instruct-Turbo,supermarket,"food
toilet roll
bread
milk
sugar
tea
fish
meat
beef
sausage
till
basket
trolley
cloth
nappy
shoe
fruit
vegetable
juice
coffee
pea
bean
pizza
chip
chocolate",biscuit,0.0,biscuit,,True,True,0,,iterative,14048440875943313000,biscuit,True
01KFVANCWX4PEQ8MJS01CX9048,27,meta-llama/Llama-3.3-70B-Instruct-Turbo,supermarket,"food
toilet roll
bread
milk
sugar
tea
fish
meat
beef
sausage
till
basket
trolley
cloth
nappy
shoe
fruit
vegetable
juice
coffee
pea
bean
pizza
chip
chocolate
biscuit",cookie,1.0,cake,,False,True,0,,iterative,14721360705157250000,cake,False
01KFVANCWX4PEQ8MJS01CX9048,28,meta-llama/Llama-3.3-70B-Instruct-Turbo,supermarket,"food
toilet roll
bread
milk
sugar
tea
fish
meat
beef
sausage
till
basket
trolley
cloth
nappy
shoe
fruit
vegetable
juice
coffee
pea
bean
pizza
chip
chocolate
biscuit
cookie",cheese,0.0,cake,,False,True,0,,iterative,4577325508353524700,cake,False
01KFVANCWX4PEQ8MJS01CX9048,29,meta-llama/Llama-3.3-70B-Instruct-Turbo,supermarket,"food
toilet roll
bread
milk
sugar
tea
fish
meat
beef
sausage
till
basket
trolley
cloth
nappy
shoe
fruit
vegetable
juice
coffee
pea
bean
pizza
chip
chocolate
biscuit
cookie
cheese",chicken,0.0,butter,,False,True,0,,iterative,135013318360875900,cracker,False
01KFVANCWX4PEQ8MJS01CX9048,30,meta-llama/Llama-3.3-70B-Instruct-Turbo,supermarket,"food
toilet roll
bread
milk
sugar
tea
fish
meat
beef
sausage
till
basket
trolley
cloth
nappy
shoe
fruit
vegetable
juice
coffee
pea
bean
pizza
chip
chocolate
biscuit
cookie
cheese
chicken",pork,0.0,egg,,False,True,0,,iterative,14317566210271940000,stuffing,False
01KFVANCWX4PEQ8MJS01CX9048,31,meta-llama/Llama-3.3-70B-Instruct-Turbo,supermarket,"food
toilet roll
bread
milk
sugar
tea
fish
meat
beef
sausage
till
basket
trolley
cloth
nappy
shoe
fruit
vegetable
juice
coffee
pea
bean
pizza
chip
chocolate
biscuit
cookie
cheese
chicken
pork",yoghurt,0.0,lamb,,False,True,0,,iterative,3544524538426091000,roll,False
01KFVANCWX4PEQ8MJS01CX9048,32,meta-llama/Llama-3.3-70B-Instruct-Turbo,supermarket,"food
toilet roll
bread
milk
sugar
tea
fish
meat
beef
sausage
till
basket
trolley
cloth
nappy
shoe
fruit
vegetable
juice
coffee
pea
bean
pizza
chip
chocolate
biscuit
cookie
cheese
chicken
pork
yoghurt",pie,0.0,eggs,,False,True,0,,iterative,6105301094701301000,cream,False
01KFVANCWX4PEQ8MJS01CX9048,33,meta-llama/Llama-3.3-70B-Instruct-Turbo,supermarket,"food
toilet roll
bread
milk
sugar
tea
fish
meat
beef
sausage
till
basket
trolley
cloth
nappy
shoe
fruit
vegetable
juice
coffee
pea
bean
pizza
chip
chocolate
biscuit
cookie
cheese
chicken
pork
yoghurt
pie",babyfood,0.0,cake,,False,True,0,,iterative,8686044901281962000,crust,False
01KFVANCWX4PEQ8MJS01CX9048,34,meta-llama/Llama-3.3-70B-Instruct-Turbo,supermarket,"food
toilet roll
bread
milk
sugar
tea
fish
meat
beef
sausage
till
basket
trolley
cloth
nappy
shoe
fruit
vegetable
juice
coffee
pea
bean
pizza
chip
chocolate
biscuit
cookie
cheese
chicken
pork
yoghurt
pie
baby food",custard,0.0,formula,,False,True,0,,iterative,576121246518376960,bib,False
01KFVANCWX4PEQ8MJS01CX9048,35,meta-llama/Llama-3.3-70B-Instruct-Turbo,supermarket,"food
toilet roll
bread
milk
sugar
tea
fish
meat
beef
sausage
till
basket
trolley
cloth
nappy
shoe
fruit
vegetable
juice
coffee
pea
bean
pizza
chip
chocolate
biscuit
cookie
cheese
chicken
pork
yoghurt
pie
baby food
custard",jelly,0.0,cake,,False,True,0,,iterative,1703863074191730000,tart,False
01KFVANCWX4PEQ8MJS01CX9048,36,meta-llama/Llama-3.3-70B-Instruct-Turbo,supermarket,"food
toilet roll
bread
milk
sugar
tea
fish
meat
beef
sausage
till
basket
trolley
cloth
nappy
shoe
fruit
vegetable
juice
coffee
pea
bean
pizza
chip
chocolate
biscuit
cookie
cheese
chicken
pork
yoghurt
pie
baby food
custard
jelly",strawberry,1.0,icecream,,False,True,0,,iterative,8246042764584434000,tar,False
01KFVANCWX4PEQ8MJS01CX9048,37,meta-llama/Llama-3.3-70B-Instruct-Turbo,supermarket,"food
toilet roll
bread
milk
sugar
tea
fish
meat
beef
sausage
till
basket
trolley
cloth
nappy
shoe
fruit
vegetable
juice
coffee
pea
bean
pizza
chip
chocolate
biscuit
cookie
cheese
chicken
pork
yoghurt
pie
baby food
custard
jelly
strawberry",bag,0.0,cream,,False,True,0,,iterative,14081506609284810000,jam,False
01KFVANCWX4PEQ8MJS01CX9048,38,meta-llama/Llama-3.3-70B-Instruct-Turbo,supermarket,"food
toilet roll
bread
milk
sugar
tea
fish
meat
beef
sausage
till
basket
trolley
cloth
nappy
shoe
fruit
vegetable
juice
coffee
pea
bean
pizza
chip
chocolate
biscuit
cookie
cheese
chicken
pork
yoghurt
pie
baby food
custard
jelly
strawberry
bag",lemon,1.0,apple,,False,True,0,,iterative,4687865576914476000,sack,False
01KFVANCWX4PEQ8MJS01CX9048,39,meta-llama/Llama-3.3-70B-Instruct-Turbo,supermarket,"food
toilet roll
bread
milk
sugar
tea
fish
meat
beef
sausage
till
basket
trolley
cloth
nappy
shoe
fruit
vegetable
juice
coffee
pea
bean
pizza
chip
chocolate
biscuit
cookie
cheese
chicken
pork
yoghurt
pie
baby food
custard
jelly
strawberry
bag
lemon",melon,0.0,orange,,False,True,0,,iterative,3106755787277627400,lime,False
01KFVANCWX4PEQ8MJS01CX9048,40,meta-llama/Llama-3.3-70B-Instruct-Turbo,supermarket,"food
toilet roll
bread
milk
sugar
tea
fish
meat
beef
sausage
till
basket
trolley
cloth
nappy
shoe
fruit
vegetable
juice
coffee
pea
bean
pizza
chip
chocolate
biscuit
cookie
cheese
chicken
pork
yoghurt
pie
baby food
custard
jelly
strawberry
bag
lemon
melon",carrot,1.0,water,,False,True,0,,iterative,4020978172097499000,grapefruit,False
01KFVANCWX4PEQ8MJS01CX9048,41,meta-llama/Llama-3.3-70B-Instruct-Turbo,supermarket,"food
toilet roll
bread
milk
sugar
tea
fish
meat
beef
sausage
till
basket
trolley
cloth
nappy
shoe
fruit
vegetable
juice
coffee
pea
bean
pizza
chip
chocolate
biscuit
cookie
cheese
chicken
pork
yoghurt
pie
baby food
custard
jelly
strawberry
bag
lemon
melon
carrot",potato,1.0,orange,,False,True,0,,iterative,14848553243576232000,potato,True
01KFVANCWX4PEQ8MJS01CX9048,42,meta-llama/Llama-3.3-70B-Instruct-Turbo,supermarket,"food
toilet roll
bread
milk
sugar
tea
fish
meat
beef
sausage
till
basket
trolley
cloth
nappy
shoe
fruit
vegetable
juice
coffee
pea
bean
pizza
chip
chocolate
biscuit
cookie
cheese
chicken
pork
yoghurt
pie
baby food
custard
jelly
strawberry
bag
lemon
melon
carrot
potato",broccoli,1.0,onion,,False,True,0,,iterative,11341746446006534000,carrot,False
01KFVANCWX4PEQ8MJS01CX9048,43,meta-llama/Llama-3.3-70B-Instruct-Turbo,supermarket,"food
toilet roll
bread
milk
sugar
tea
fish
meat
beef
sausage
till
basket
trolley
cloth
nappy
shoe
fruit
vegetable
juice
coffee
pea
bean
pizza
chip
chocolate
biscuit
cookie
cheese
chicken
pork
yoghurt
pie
baby food
custard
jelly
strawberry
bag
lemon
melon
carrot
potato
broccoli",mushroom,0.0,onion,,False,True,0,,iterative,11999741597368302000,cabbage,False
01KFVANCWX4PEQ8MJS01CX9048,44,meta-llama/Llama-3.3-70B-Instruct-Turbo,supermarket,"food
toilet roll
bread
milk
sugar
tea
fish
meat
beef
sausage
till
basket
trolley
cloth
nappy
shoe
fruit
vegetable
juice
coffee
pea
bean
pizza
chip
chocolate
biscuit
cookie
cheese
chicken
pork
yoghurt
pie
baby food
custard
jelly
strawberry
bag
lemon
melon
carrot
potato
broccoli
mushroom",onion,0.0,onion,,True,True,0,,iterative,1579513036512714800,cabbage,False
01KFVANCWX4PEQ8MJS01CX9048,45,meta-llama/Llama-3.3-70B-Instruct-Turbo,supermarket,"food
toilet roll
bread
milk
sugar
tea
fish
meat
beef
sausage
till
basket
trolley
cloth
nappy
shoe
fruit
vegetable
juice
coffee
pea
bean
pizza
chip
chocolate
biscuit
cookie
cheese
chicken
pork
yoghurt
pie
baby food
custard
jelly
strawberry
bag
lemon
melon
carrot
potato
broccoli
mushroom
onion",banana,0.0,garlic,,False,True,0,,iterative,6286345513629430000,shallot,False
01KFVANCWX4PEQ8MJS01CX9048,46,meta-llama/Llama-3.3-70B-Instruct-Turbo,supermarket,"food
toilet roll
bread
milk
sugar
tea
fish
meat
beef
sausage
till
basket
trolley
cloth
nappy
shoe
fruit
vegetable
juice
coffee
pea
bean
pizza
chip
chocolate
biscuit
cookie
cheese
chicken
pork
yoghurt
pie
baby food
custard
jelly
strawberry
bag
lemon
melon
carrot
potato
broccoli
mushroom
onion
banana",pear,0.0,apple,,False,True,0,,iterative,4264748700364827000,pear,True
01KFVANCWX4PEQ8MJS01CX9048,47,meta-llama/Llama-3.3-70B-Instruct-Turbo,supermarket,"food
toilet roll
bread
milk
sugar
tea
fish
meat
beef
sausage
till
basket
trolley
cloth
nappy
shoe
fruit
vegetable
juice
coffee
pea
bean
pizza
chip
chocolate
biscuit
cookie
cheese
chicken
pork
yoghurt
pie
baby food
custard
jelly
strawberry
bag
lemon
melon
carrot
potato
broccoli
mushroom
onion
banana
pear",ham,1.0,apple,,False,True,0,,iterative,7018132120050983000,lime,False
01KFVANCWX4PEQ8MJS01CX9048,48,meta-llama/Llama-3.3-70B-Instruct-Turbo,supermarket,"food
toilet roll
bread
milk
sugar
tea
fish
meat
beef
sausage
till
basket
trolley
cloth
nappy
shoe
fruit
vegetable
juice
coffee
pea
bean
pizza
chip
chocolate
biscuit
cookie
cheese
chicken
pork
yoghurt
pie
baby food
custard
jelly
strawberry
bag
lemon
melon
carrot
potato
broccoli
mushroom
onion
banana
pear
ham",pepper,0.0,apple,,False,True,0,,iterative,3120782241319682000,corn,False
01KFVANCWX4PEQ8MJS01CX9048,49,meta-llama/Llama-3.3-70B-Instruct-Turbo,supermarket,"food
toilet roll
bread
milk
sugar
tea
fish
meat
beef
sausage
till
basket
trolley
cloth
nappy
shoe
fruit
vegetable
juice
coffee
pea
bean
pizza
chip
chocolate
biscuit
cookie
cheese
chicken
pork
yoghurt
pie
baby food
custard
jelly
strawberry
bag
lemon
melon
carrot
potato
broccoli
mushroom
onion
banana
pear
ham
pepper",salt,0.0,tomato,,False,True,0,,iterative,18425944028324522000,salt,True
01KFVANCWX4PEQ8MJS01CX9048,50,meta-llama/Llama-3.3-70B-Instruct-Turbo,supermarket,"food
toilet roll
bread
milk
sugar
tea
fish
meat
beef
sausage
till
basket
trolley
cloth
nappy
shoe
fruit
vegetable
juice
coffee
pea
bean
pizza
chip
chocolate
biscuit
cookie
cheese
chicken
pork
yoghurt
pie
baby food
custard
jelly
strawberry
bag
lemon
melon
carrot
potato
broccoli
mushroom
onion
banana
pear
ham
pepper
salt",butter,0.0,pepperoni,,False,True,0,,iterative,11232081419729627000,water,False
01KFVANCWX4PEQ8MJS01CX9048,51,meta-llama/Llama-3.3-70B-Instruct-Turbo,supermarket,"food
toilet roll
bread
milk
sugar
tea
fish
meat
beef
sausage
till
basket
trolley
cloth
nappy
shoe
fruit
vegetable
juice
coffee
pea
bean
pizza
chip
chocolate
biscuit
cookie
cheese
chicken
pork
yoghurt
pie
baby food
custard
jelly
strawberry
bag
lemon
melon
carrot
potato
broccoli
mushroom
onion
banana
pear
ham
pepper
salt
butter",slipper,0.0,eggs,,False,True,0,,iterative,7580885727097596000,margarine,False
01KFVANCWX4PEQ8MJS01CX9048,52,meta-llama/Llama-3.3-70B-Instruct-Turbo,supermarket,"food
toilet roll
bread
milk
sugar
tea
fish
meat
beef
sausage
till
basket
trolley
cloth
nappy
shoe
fruit
vegetable
juice
coffee
pea
bean
pizza
chip
chocolate
biscuit
cookie
cheese
chicken
pork
yoghurt
pie
baby food
custard
jelly
strawberry
bag
lemon
melon
carrot
potato
broccoli
mushroom
onion
banana
pear
ham
pepper
salt
butter
slipper",spread,0.0,egg,,False,True,0,,iterative,3260066827185237500,cake,False
01KFVANCWX4PEQ8MJS01CX9048,53,meta-llama/Llama-3.3-70B-Instruct-Turbo,supermarket,"food
toilet roll
bread
milk
sugar
tea
fish
meat
beef
sausage
till
basket
trolley
cloth
nappy
shoe
fruit
vegetable
juice
coffee
pea
bean
pizza
chip
chocolate
biscuit
cookie
cheese
chicken
pork
yoghurt
pie
baby food
custard
jelly
strawberry
bag
lemon
melon
carrot
potato
broccoli
mushroom
onion
banana
pear
ham
pepper
salt
butter
slipper
spread",crockery,1.0,jam,,False,True,0,,iterative,15585989795782064000,margarine,False
01KFVANCWX4PEQ8MJS01CX9048,54,meta-llama/Llama-3.3-70B-Instruct-Turbo,supermarket,"food
toilet roll
bread
milk
sugar
tea
fish
meat
beef
sausage
till
basket
trolley
cloth
nappy
shoe
fruit
vegetable
juice
coffee
pea
bean
pizza
chip
chocolate
biscuit
cookie
cheese
chicken
pork
yoghurt
pie
baby food
custard
jelly
strawberry
bag
lemon
melon
carrot
potato
broccoli
mushroom
onion
banana
pear
ham
pepper
salt
butter
slipper
spread
crockery",cheesestring,0.0,jam,,False,True,0,,iterative,3241268913094208000,knife,False
01KFVANCWX4PEQ8MJS01CX9048,55,meta-llama/Llama-3.3-70B-Instruct-Turbo,supermarket,"food
toilet roll
bread
milk
sugar
tea
fish
meat
beef
sausage
till
basket
trolley
cloth
nappy
shoe
fruit
vegetable
juice
coffee
pea
bean
pizza
chip
chocolate
biscuit
cookie
cheese
chicken
pork
yoghurt
pie
baby food
custard
jelly
strawberry
bag
lemon
melon
carrot
potato
broccoli
mushroom
onion
banana
pear
ham
pepper
salt
butter
slipper
spread
crockery
cheese string",milkshake,1.0,cracker,,False,True,0,,iterative,7648226551337453000,dip,False
01KFVANCWX4PEQ8MJS01CX9048,56,meta-llama/Llama-3.3-70B-Instruct-Turbo,supermarket,"food
toilet roll
bread
milk
sugar
tea
fish
meat
beef
sausage
till
basket
trolley
cloth
nappy
shoe
fruit
vegetable
juice
coffee
pea
bean
pizza
chip
chocolate
biscuit
cookie
cheese
chicken
pork
yoghurt
pie
baby food
custard
jelly
strawberry
bag
lemon
melon
carrot
potato
broccoli
mushroom
onion
banana
pear
ham
pepper
salt
butter
slipper
spread
crockery
cheese string
milkshake",kefir,0.0,icecream,,False,True,0,,iterative,15150127453363028000,dip,False
01KFVAQ15QJ0N3KDWANS6941BF,2,meta-llama/Llama-3.3-70B-Instruct-Turbo,supermarket,meat,fruit,1.0,chicken,,False,True,0,,iterative,5013655727244760000,cow,False
01KFVAQ15QJ0N3KDWANS6941BF,3,meta-llama/Llama-3.3-70B-Instruct-Turbo,supermarket,"meat
fruit",vegetable,1.0,cheese,,False,True,0,,iterative,11291418547685310000,veg,False
01KFVAQ15QJ0N3KDWANS6941BF,4,meta-llama/Llama-3.3-70B-Instruct-Turbo,supermarket,"meat
fruit
vegetable",milk,1.0,cheese,,False,True,0,,iterative,15899501974839226000,carrot,False
01KFVAQ15QJ0N3KDWANS6941BF,5,meta-llama/Llama-3.3-70B-Instruct-Turbo,supermarket,"meat
fruit
vegetable
milk",dairy,1.0,cereal,,False,True,0,,iterative,15175310995347150000,cow,False
01KFVAQ15QJ0N3KDWANS6941BF,6,meta-llama/Llama-3.3-70B-Instruct-Turbo,supermarket,"meat
fruit
vegetable
milk
dairy",cheese,0.0,cheese,,True,True,0,,iterative,15045058223995826000,cow,False
01KFVAQ15QJ0N3KDWANS6941BF,7,meta-llama/Llama-3.3-70B-Instruct-Turbo,supermarket,"meat
fruit
vegetable
milk
dairy
cheese",yogurt,1.0,yogurt,,True,True,0,,iterative,12395689777914364000,cake,False
01KFVAQ15QJ0N3KDWANS6941BF,8,meta-llama/Llama-3.3-70B-Instruct-Turbo,supermarket,"meat
fruit
vegetable
milk
dairy
cheese
yogurt",detergent,1.0,butter,,False,True,0,,iterative,4671771427975323000,ice cream,False
01KFVAQ15QJ0N3KDWANS6941BF,9,meta-llama/Llama-3.3-70B-Instruct-Turbo,supermarket,"meat
fruit
vegetable
milk
dairy
cheese
yogurt
detergent",dishsoap,0.0,toiletpaper,,False,True,0,,iterative,10197001803860451000,washing,False
01KFVAQ15QJ0N3KDWANS6941BF,10,meta-llama/Llama-3.3-70B-Instruct-Turbo,supermarket,"meat
fruit
vegetable
milk
dairy
cheese
yogurt
detergent
dish soap",apple,0.0,toiletpaper,,False,True,0,,iterative,12978722103154432000,sink,False
01KFVAQ15QJ0N3KDWANS6941BF,11,meta-llama/Llama-3.3-70B-Instruct-Turbo,supermarket,"meat
fruit
vegetable
milk
dairy
cheese
yogurt
detergent
dish soap
apple",lettuce,0.0,banana,,False,True,0,,iterative,5403712279338747000,phone,False
01KFVAQ15QJ0N3KDWANS6941BF,12,meta-llama/Llama-3.3-70B-Instruct-Turbo,supermarket,"meat
fruit
vegetable
milk
dairy
cheese
yogurt
detergent
dish soap
apple
lettuce",carrot,0.0,carrots,,False,True,0,,iterative,14931389021958756000,cucumber,False
01KFVAQ15QJ0N3KDWANS6941BF,13,meta-llama/Llama-3.3-70B-Instruct-Turbo,supermarket,"meat
fruit
vegetable
milk
dairy
cheese
yogurt
detergent
dish soap
apple
lettuce
carrot",potato,0.0,broccoli,,False,True,0,,iterative,17595264068169419000,orange,False
01KFVAQ15QJ0N3KDWANS6941BF,14,meta-llama/Llama-3.3-70B-Instruct-Turbo,supermarket,"meat
fruit
vegetable
milk
dairy
cheese
yogurt
detergent
dish soap
apple
lettuce
carrot
potato",fish,0.0,onion,,False,True,0,,iterative,1460579002001108000,yellow,False
01KFVAQ15QJ0N3KDWANS6941BF,15,meta-llama/Llama-3.3-70B-Instruct-Turbo,supermarket,"meat
fruit
vegetable
milk
dairy
cheese
yogurt
detergent
dish soap
apple
lettuce
carrot
potato
fish",steak,0.0,onion,,False,True,0,,iterative,15681979737853475000,meat,False
01KFVAQ15QJ0N3KDWANS6941BF,16,meta-llama/Llama-3.3-70B-Instruct-Turbo,supermarket,"meat
fruit
vegetable
milk
dairy
cheese
yogurt
detergent
dish soap
apple
lettuce
carrot
potato
fish
steak",beef,0.0,chicken,,False,True,0,,iterative,18156552362955407000,cow,False
01KFVAQ15QJ0N3KDWANS6941BF,17,meta-llama/Llama-3.3-70B-Instruct-Turbo,supermarket,"meat
fruit
vegetable
milk
dairy
cheese
yogurt
detergent
dish soap
apple
lettuce
carrot
potato
fish
steak
beef",pork,0.0,chicken,,False,True,0,,iterative,5484760021988925000,lamb,False
01KFVAQ15QJ0N3KDWANS6941BF,18,meta-llama/Llama-3.3-70B-Instruct-Turbo,supermarket,"meat
fruit
vegetable
milk
dairy
cheese
yogurt
detergent
dish soap
apple
lettuce
carrot
potato
fish
steak
beef
pork",strawberry,0.0,chicken,,False,True,0,,iterative,13077921442860577000,lamb,False
01KFVAQ15QJ0N3KDWANS6941BF,19,meta-llama/Llama-3.3-70B-Instruct-Turbo,supermarket,"meat
fruit
vegetable
milk
dairy
cheese
yogurt
detergent
dish soap
apple
lettuce
carrot
potato
fish
steak
beef
pork
strawberry",blackberry,0.0,chicken,,False,True,0,,iterative,10971773055528650000,raspberry,False
01KFVAQ15QJ0N3KDWANS6941BF,20,meta-llama/Llama-3.3-70B-Instruct-Turbo,supermarket,"meat
fruit
vegetable
milk
dairy
cheese
yogurt
detergent
dish soap
apple
lettuce
carrot
potato
fish
steak
beef
pork
strawberry
blackberry",raspberry,0.0,blueberry,,False,True,0,,iterative,14105599386072200000,blueberry,False
01KFVAQ15QJ0N3KDWANS6941BF,21,meta-llama/Llama-3.3-70B-Instruct-Turbo,supermarket,"meat
fruit
vegetable
milk
dairy
cheese
yogurt
detergent
dish soap
apple
lettuce
carrot
potato
fish
steak
beef
pork
strawberry
blackberry
raspberry",water,0.0,blueberry,,False,True,0,,iterative,10169634695651572000,blueberry,False
01KFVAQ15QJ0N3KDWANS6941BF,22,meta-llama/Llama-3.3-70B-Instruct-Turbo,supermarket,"meat
fruit
vegetable
milk
dairy
cheese
yogurt
detergent
dish soap
apple
lettuce
carrot
potato
fish
steak
beef
pork
strawberry
blackberry
raspberry
water",frozenpizza,0.0,juice,,False,True,0,,iterative,17556737301361048000,wrap,False
01KFVAQ15QJ0N3KDWANS6941BF,23,meta-llama/Llama-3.3-70B-Instruct-Turbo,supermarket,"meat
fruit
vegetable
milk
dairy
cheese
yogurt
detergent
dish soap
apple
lettuce
carrot
potato
fish
steak
beef
pork
strawberry
blackberry
raspberry
water
frozen pizza",chickennugget,0.0,pepperoni,,False,True,0,,iterative,6515117137682547000,freezer,False
01KFVAQ15QJ0N3KDWANS6941BF,24,meta-llama/Llama-3.3-70B-Instruct-Turbo,supermarket,"meat
fruit
vegetable
milk
dairy
cheese
yogurt
detergent
dish soap
apple
lettuce
carrot
potato
fish
steak
beef
pork
strawberry
blackberry
raspberry
water
frozen pizza
chicken nugget",greekyogurt,0.0,frenchfries,,False,True,0,,iterative,18296890527609487000,ketchup,False
01KFVAQ15QJ0N3KDWANS6941BF,25,meta-llama/Llama-3.3-70B-Instruct-Turbo,supermarket,"meat
fruit
vegetable
milk
dairy
cheese
yogurt
detergent
dish soap
apple
lettuce
carrot
potato
fish
steak
beef
pork
strawberry
blackberry
raspberry
water
frozen pizza
chicken nugget
greek yogurt",granola,0.0,honey,,False,True,0,,iterative,13373655057419800000,grease,False
01KFVAQ15QJ0N3KDWANS6941BF,26,meta-llama/Llama-3.3-70B-Instruct-Turbo,supermarket,"meat
fruit
vegetable
milk
dairy
cheese
yogurt
detergent
dish soap
apple
lettuce
carrot
potato
fish
steak
beef
pork
strawberry
blackberry
raspberry
water
frozen pizza
chicken nugget
greek yogurt
granola",peanutbutter,0.0,honey,,False,True,0,,iterative,3633429168623525400,honey,False
01KFVAQ15QJ0N3KDWANS6941BF,27,meta-llama/Llama-3.3-70B-Instruct-Turbo,supermarket,"meat
fruit
vegetable
milk
dairy
cheese
yogurt
detergent
dish soap
apple
lettuce
carrot
potato
fish
steak
beef
pork
strawberry
blackberry
raspberry
water
frozen pizza
chicken nugget
greek yogurt
granola
peanut butter",cart,0.0,jelly,,False,True,0,,iterative,928071338124355300,jar,False
01KFVAQ15QJ0N3KDWANS6941BF,28,meta-llama/Llama-3.3-70B-Instruct-Turbo,supermarket,"meat
fruit
vegetable
milk
dairy
cheese
yogurt
detergent
dish soap
apple
lettuce
carrot
potato
fish
steak
beef
pork
strawberry
blackberry
raspberry
water
frozen pizza
chicken nugget
greek yogurt
granola
peanut butter
cart",tuna,0.0,cereal,,False,True,0,,iterative,2473612873275042300,till,False
01KFVAQ15QJ0N3KDWANS6941BF,29,meta-llama/Llama-3.3-70B-Instruct-Turbo,supermarket,"meat
fruit
vegetable
milk
dairy
cheese
yogurt
detergent
dish soap
apple
lettuce
carrot
potato
fish
steak
beef
pork
strawberry
blackberry
raspberry
water
frozen pizza
chicken nugget
greek yogurt
granola
peanut butter
cart
tuna",breakfastbar,0.0,salmon,,False,True,0,,iterative,6853238925069219000,sweetcorn,False
01KFVAQ15QJ0N3KDWANS6941BF,30,meta-llama/Llama-3.3-70B-Instruct-Turbo,supermarket,"meat
fruit
vegetable
milk
dairy
cheese
yogurt
detergent
dish soap
apple
lettuce
carrot
potato
fish
steak
beef
pork
strawberry
blackberry
raspberry
water
frozen pizza
chicken nugget
greek yogurt
granola
peanut butter
cart
tuna
breakfast bar",proteinbar,0.0,orange,,False,True,0,,iterative,16856045449601681000,crisp,False
01KFVAR8TNN46V348WQ3FPAZB9,2,meta-llama/Llama-3.3-70B-Instruct-Turbo,supermarket,banana,apple,0.0,apple,,True,True,0,,iterative,1292801244124458200,apple,True
01KFVAR8TNN46V348WQ3FPAZB9,3,meta-llama/Llama-3.3-70B-Instruct-Turbo,supermarket,"banana
apple",fruit,0.0,orange,,False,True,0,,iterative,15586790586210867000,orange,False
01KFVAR8TNN46V348WQ3FPAZB9,4,meta-llama/Llama-3.3-70B-Instruct-Turbo,supermarket,"banana
apple
fruit",vegetable,0.0,orange,,False,True,0,,iterative,7584360295691689000,vegetable,True
01KFVAR8TNN46V348WQ3FPAZB9,5,meta-llama/Llama-3.3-70B-Instruct-Turbo,supermarket,"banana
apple
fruit
vegetable",radish,0.0,carrot,,False,True,0,,iterative,15218900771514583000,butter,False
01KFVAR8TNN46V348WQ3FPAZB9,6,meta-llama/Llama-3.3-70B-Instruct-Turbo,supermarket,"banana
apple
fruit
vegetable
radish",cucumber,0.0,carrot,,False,True,0,,iterative,8693086778577270000,carrot,False
01KFVAR8TNN46V348WQ3FPAZB9,7,meta-llama/Llama-3.3-70B-Instruct-Turbo,supermarket,"banana
apple
fruit
vegetable
radish
cucumber",lettuce,0.0,carrot,,False,True,0,,iterative,5538088181200894000,salad,False
01KFVAR8TNN46V348WQ3FPAZB9,8,meta-llama/Llama-3.3-70B-Instruct-Turbo,supermarket,"banana
apple
fruit
vegetable
radish
cucumber
lettuce",parsley,0.0,carrot,,False,True,0,,iterative,6906009249939760000,tomato,False
01KFVAR8TNN46V348WQ3FPAZB9,9,meta-llama/Llama-3.3-70B-Instruct-Turbo,supermarket,"banana
apple
fruit
vegetable
radish
cucumber
lettuce
parsley",dill,0.0,carrot,,False,True,0,,iterative,18200600670828624000,herb,False
01KFVAR8TNN46V348WQ3FPAZB9,10,meta-llama/Llama-3.3-70B-Instruct-Turbo,supermarket,"banana
apple
fruit
vegetable
radish
cucumber
lettuce
parsley
dill",oregano,0.0,basil,,False,True,0,,iterative,3365916070588502000,thyme,False
01KFVAR8TNN46V348WQ3FPAZB9,11,meta-llama/Llama-3.3-70B-Instruct-Turbo,supermarket,"banana
apple
fruit
vegetable
radish
cucumber
lettuce
parsley
dill
oregano",pepper,0.0,basil,,False,True,0,,iterative,6846924539052633000,sage,False
01KFVAR8TNN46V348WQ3FPAZB9,12,meta-llama/Llama-3.3-70B-Instruct-Turbo,supermarket,"banana
apple
fruit
vegetable
radish
cucumber
lettuce
parsley
dill
oregano
pepper",redpepper,0.0,basil,,False,True,0,,iterative,1162641511701108500,salt,False
01KFVAR8TNN46V348WQ3FPAZB9,13,meta-llama/Llama-3.3-70B-Instruct-Turbo,supermarket,"banana
apple
fruit
vegetable
radish
cucumber
lettuce
parsley
dill
oregano
pepper
red pepper",almond,0.0,basil,,False,True,0,,iterative,7518164335730512000,chilli,False
01KFVAR8TNN46V348WQ3FPAZB9,14,meta-llama/Llama-3.3-70B-Instruct-Turbo,supermarket,"banana
apple
fruit
vegetable
radish
cucumber
lettuce
parsley
dill
oregano
pepper
red pepper
almond",condiment,0.0,walnut,,False,True,0,,iterative,5693641722028534000,peanut,False
01KFVAR8TNN46V348WQ3FPAZB9,15,meta-llama/Llama-3.3-70B-Instruct-Turbo,supermarket,"banana
apple
fruit
vegetable
radish
cucumber
lettuce
parsley
dill
oregano
pepper
red pepper
almond
condiment",trolley,0.0,mustard,,False,True,0,,iterative,6660094530260311000,ketchup,False
01KFVAR8TNN46V348WQ3FPAZB9,16,meta-llama/Llama-3.3-70B-Instruct-Turbo,supermarket,"banana
apple
fruit
vegetable
radish
cucumber
lettuce
parsley
dill
oregano
pepper
red pepper
almond
condiment
trolley",bag,0.0,carton,,False,True,0,,iterative,3995581108201577000,basket,False
01KFVAR8TNN46V348WQ3FPAZB9,17,meta-llama/Llama-3.3-70B-Instruct-Turbo,supermarket,"banana
apple
fruit
vegetable
radish
cucumber
lettuce
parsley
dill
oregano
pepper
red pepper
almond
condiment
trolley
bag",flour,0.0,cashew,,False,True,0,,iterative,17734554431127437000,box,False
01KFVAR8TNN46V348WQ3FPAZB9,18,meta-llama/Llama-3.3-70B-Instruct-Turbo,supermarket,"banana
apple
fruit
vegetable
radish
cucumber
lettuce
parsley
dill
oregano
pepper
red pepper
almond
condiment
trolley
bag
flour",ice,0.0,sugar,,False,True,0,,iterative,18370033900544932000,sugar,False
01KFVAR8TNN46V348WQ3FPAZB9,19,meta-llama/Llama-3.3-70B-Instruct-Turbo,supermarket,"banana
apple
fruit
vegetable
radish
cucumber
lettuce
parsley
dill
oregano
pepper
red pepper
almond
condiment
trolley
bag
flour
ice",rice,0.0,cream,,False,True,0,,iterative,10817790942022382000,ice cream,False
01KFVAR8TNN46V348WQ3FPAZB9,20,meta-llama/Llama-3.3-70B-Instruct-Turbo,supermarket,"banana
apple
fruit
vegetable
radish
cucumber
lettuce
parsley
dill
oregano
pepper
red pepper
almond
condiment
trolley
bag
flour
ice
rice",water,0.0,pasta,,False,True,0,,iterative,15322385857804184000,pasta,False
01KFVAR8TNN46V348WQ3FPAZB9,21,meta-llama/Llama-3.3-70B-Instruct-Turbo,supermarket,"banana
apple
fruit
vegetable
radish
cucumber
lettuce
parsley
dill
oregano
pepper
red pepper
almond
condiment
trolley
bag
flour
ice
rice
water",juice,0.0,sugar,,False,True,0,,iterative,16437240298487177000,squash,False
01KFVAR8TNN46V348WQ3FPAZB9,22,meta-llama/Llama-3.3-70B-Instruct-Turbo,supermarket,"banana
apple
fruit
vegetable
radish
cucumber
lettuce
parsley
dill
oregano
pepper
red pepper
almond
condiment
trolley
bag
flour
ice
rice
water
juice",vodka,0.0,milk,,False,True,0,,iterative,11041891538853669000,squash,False
01KFVAR8TNN46V348WQ3FPAZB9,23,meta-llama/Llama-3.3-70B-Instruct-Turbo,supermarket,"banana
apple
fruit
vegetable
radish
cucumber
lettuce
parsley
dill
oregano
pepper
red pepper
almond
condiment
trolley
bag
flour
ice
rice
water
juice
vodka",orange,1.0,gin,,False,True,0,,iterative,9072908375495217000,gin,False
01KFVAR8TNN46V348WQ3FPAZB9,24,meta-llama/Llama-3.3-70B-Instruct-Turbo,supermarket,"banana
apple
fruit
vegetable
radish
cucumber
lettuce
parsley
dill
oregano
pepper
red pepper
almond
condiment
trolley
bag
flour
ice
rice
water
juice
vodka
orange",lemon,0.0,lemon,,True,True,0,,iterative,7743267216560607000,lemon,True
01KFVAR8TNN46V348WQ3FPAZB9,25,meta-llama/Llama-3.3-70B-Instruct-Turbo,supermarket,"banana
apple
fruit
vegetable
radish
cucumber
lettuce
parsley
dill
oregano
pepper
red pepper
almond
condiment
trolley
bag
flour
ice
rice
water
juice
vodka
orange
lemon",strawberry,0.0,lime,,False,True,0,,iterative,2983113765614404600,lime,False
01KFVAR8TNN46V348WQ3FPAZB9,26,meta-llama/Llama-3.3-70B-Instruct-Turbo,supermarket,"banana
apple
fruit
vegetable
radish
cucumber
lettuce
parsley
dill
oregano
pepper
red pepper
almond
condiment
trolley
bag
flour
ice
rice
water
juice
vodka
orange
lemon
strawberry",gin,0.0,grapes,,False,True,0,,iterative,4021455051099061000,raspberry,False
01KFVAR8TNN46V348WQ3FPAZB9,27,meta-llama/Llama-3.3-70B-Instruct-Turbo,supermarket,"banana
apple
fruit
vegetable
radish
cucumber
lettuce
parsley
dill
oregano
pepper
red pepper
almond
condiment
trolley
bag
flour
ice
rice
water
juice
vodka
orange
lemon
strawberry
gin",beer,0.0,tonic,,False,True,0,,iterative,6482637081297680000,whisky,False
01KFVAR8TNN46V348WQ3FPAZB9,28,meta-llama/Llama-3.3-70B-Instruct-Turbo,supermarket,"banana
apple
fruit
vegetable
radish
cucumber
lettuce
parsley
dill
oregano
pepper
red pepper
almond
condiment
trolley
bag
flour
ice
rice
water
juice
vodka
orange
lemon
strawberry
gin
beer",rum,0.0,wine,,False,True,0,,iterative,4265258820565253000,wine,False
01KFVAR8TNN46V348WQ3FPAZB9,29,meta-llama/Llama-3.3-70B-Instruct-Turbo,supermarket,"banana
apple
fruit
vegetable
radish
cucumber
lettuce
parsley
dill
oregano
pepper
red pepper
almond
condiment
trolley
bag
flour
ice
rice
water
juice
vodka
orange
lemon
strawberry
gin
beer
rum",bread,0.0,tequila,,False,True,0,,iterative,11915492567188722000,whisky,False
01KFVAR8TNN46V348WQ3FPAZB9,30,meta-llama/Llama-3.3-70B-Instruct-Turbo,supermarket,"banana
apple
fruit
vegetable
radish
cucumber
lettuce
parsley
dill
oregano
pepper
red pepper
almond
condiment
trolley
bag
flour
ice
rice
water
juice
vodka
orange
lemon
strawberry
gin
beer
rum
bread",cake,0.0,butter,,False,True,0,,iterative,1400354777287092000,cake,True
01KFVAR8TNN46V348WQ3FPAZB9,31,meta-llama/Llama-3.3-70B-Instruct-Turbo,supermarket,"banana
apple
fruit
vegetable
radish
cucumber
lettuce
parsley
dill
oregano
pepper
red pepper
almond
condiment
trolley
bag
flour
ice
rice
water
juice
vodka
orange
lemon
strawberry
gin
beer
rum
bread
cake",cookie,0.0,pastry,,False,True,0,,iterative,8149713776502620000,biscuit,False
01KFVAR8TNN46V348WQ3FPAZB9,32,meta-llama/Llama-3.3-70B-Instruct-Turbo,supermarket,"banana
apple
fruit
vegetable
radish
cucumber
lettuce
parsley
dill
oregano
pepper
red pepper
almond
condiment
trolley
bag
flour
ice
rice
water
juice
vodka
orange
lemon
strawberry
gin
beer
rum
bread
cake
cookie",gum,1.0,milk,,False,True,0,,iterative,15522921215308830000,doughnut,False
01KFVAR8TNN46V348WQ3FPAZB9,33,meta-llama/Llama-3.3-70B-Instruct-Turbo,supermarket,"banana
apple
fruit
vegetable
radish
cucumber
lettuce
parsley
dill
oregano
pepper
red pepper
almond
condiment
trolley
bag
flour
ice
rice
water
juice
vodka
orange
lemon
strawberry
gin
beer
rum
bread
cake
cookie
gum",lollipop,0.0,candy,,False,True,0,,iterative,8116287501652279000,candy,False
01KFVAR8TNN46V348WQ3FPAZB9,34,meta-llama/Llama-3.3-70B-Instruct-Turbo,supermarket,"banana
apple
fruit
vegetable
radish
cucumber
lettuce
parsley
dill
oregano
pepper
red pepper
almond
condiment
trolley
bag
flour
ice
rice
water
juice
vodka
orange
lemon
strawberry
gin
beer
rum
bread
cake
cookie
gum
lollipop",jelly,0.0,candy,,False,True,0,,iterative,5600121288067243000,candy,False
01KFVAR8TNN46V348WQ3FPAZB9,35,meta-llama/Llama-3.3-70B-Instruct-Turbo,supermarket,"banana
apple
fruit
vegetable
radish
cucumber
lettuce
parsley
dill
oregano
pepper
red pepper
almond
condiment
trolley
bag
flour
ice
rice
water
juice
vodka
orange
lemon
strawberry
gin
beer
rum
bread
cake
cookie
gum
lollipop
jelly",jam,0.0,candy,,False,True,0,,iterative,12842604736585193000,cream,False
01KFVAR8TNN46V348WQ3FPAZB9,36,meta-llama/Llama-3.3-70B-Instruct-Turbo,supermarket,"banana
apple
fruit
vegetable
radish
cucumber
lettuce
parsley
dill
oregano
pepper
red pepper
almond
condiment
trolley
bag
flour
ice
rice
water
juice
vodka
orange
lemon
strawberry
gin
beer
rum
bread
cake
cookie
gum
lollipop
jelly
jam",icecream,1.0,honey,,False,True,0,,iterative,12569821045081463000,marmalade,False
01KFVAR8TNN46V348WQ3FPAZB9,37,meta-llama/Llama-3.3-70B-Instruct-Turbo,supermarket,"banana
apple
fruit
vegetable
radish
cucumber
lettuce
parsley
dill
oregano
pepper
red pepper
almond
condiment
trolley
bag
flour
ice
rice
water
juice
vodka
orange
lemon
strawberry
gin
beer
rum
bread
cake
cookie
gum
lollipop
jelly
jam
ice cream",cream,0.0,cream,,True,True,0,,iterative,11557967060972464000,choc ice,False
01KFVAR8TNN46V348WQ3FPAZB9,38,meta-llama/Llama-3.3-70B-Instruct-Turbo,supermarket,"banana
apple
fruit
vegetable
radish
cucumber
lettuce
parsley
dill
oregano
pepper
red pepper
almond
condiment
trolley
bag
flour
ice
rice
water
juice
vodka
orange
lemon
strawberry
gin
beer
rum
bread
cake
cookie
gum
lollipop
jelly
jam
ice cream
cream",frosting,0.0,sugar,,False,True,0,,iterative,16394830533809226000,sauce,False
01KFVAR8TNN46V348WQ3FPAZB9,39,meta-llama/Llama-3.3-70B-Instruct-Turbo,supermarket,"banana
apple
fruit
vegetable
radish
cucumber
lettuce
parsley
dill
oregano
pepper
red pepper
almond
condiment
trolley
bag
flour
ice
rice
water
juice
vodka
orange
lemon
strawberry
gin
beer
rum
bread
cake
cookie
gum
lollipop
jelly
jam
ice cream
cream
frosting",cloth,1.0,sprinkles,,False,True,0,,iterative,15973977744602468000,sugar,False
01KFVAR8TNN46V348WQ3FPAZB9,40,meta-llama/Llama-3.3-70B-Instruct-Turbo,supermarket,"banana
apple
fruit
vegetable
radish
cucumber
lettuce
parsley
dill
oregano
pepper
red pepper
almond
condiment
trolley
bag
flour
ice
rice
water
juice
vodka
orange
lemon
strawberry
gin
beer
rum
bread
cake
cookie
gum
lollipop
jelly
jam
ice cream
cream
frosting
cloth",t-shirt,0.0,sugar,,False,True,0,,iterative,3462814136343846400,cheese,False
01KFVAR8TNN46V348WQ3FPAZB9,41,meta-llama/Llama-3.3-70B-Instruct-Turbo,supermarket,"banana
apple
fruit
vegetable
radish
cucumber
lettuce
parsley
dill
oregano
pepper
red pepper
almond
condiment
trolley
bag
flour
ice
rice
water
juice
vodka
orange
lemon
strawberry
gin
beer
rum
bread
cake
cookie
gum
lollipop
jelly
jam
ice cream
cream
frosting
cloth
t-shirt",pajamas,0.0,milk,,False,True,0,,iterative,11134104900109926000,jeans,False
01KFVAR8TNN46V348WQ3FPAZB9,42,meta-llama/Llama-3.3-70B-Instruct-Turbo,supermarket,"banana
apple
fruit
vegetable
radish
cucumber
lettuce
parsley
dill
oregano
pepper
red pepper
almond
condiment
trolley
bag
flour
ice
rice
water
juice
vodka
orange
lemon
strawberry
gin
beer
rum
bread
cake
cookie
gum
lollipop
jelly
jam
ice cream
cream
frosting
cloth
t-shirt
pajamas",oil,0.0,milk,,False,True,0,,iterative,10653296536582558000,dressing gown,False
01KFVAR8TNN46V348WQ3FPAZB9,43,meta-llama/Llama-3.3-70B-Instruct-Turbo,supermarket,"banana
apple
fruit
vegetable
radish
cucumber
lettuce
parsley
dill
oregano
pepper
red pepper
almond
condiment
trolley
bag
flour
ice
rice
water
juice
vodka
orange
lemon
strawberry
gin
beer
rum
bread
cake
cookie
gum
lollipop
jelly
jam
ice cream
cream
frosting
cloth
t-shirt
pajamas
oil",avocado,0.0,vinegar,,False,True,0,,iterative,17508266323130524000,butter,False
01KFVAR8TNN46V348WQ3FPAZB9,44,meta-llama/Llama-3.3-70B-Instruct-Turbo,supermarket,"banana
apple
fruit
vegetable
radish
cucumber
lettuce
parsley
dill
oregano
pepper
red pepper
almond
condiment
trolley
bag
flour
ice
rice
water
juice
vodka
orange
lemon
strawberry
gin
beer
rum
bread
cake
cookie
gum
lollipop
jelly
jam
ice cream
cream
frosting
cloth
t-shirt
pajamas
oil
avocado",seed,0.0,guacamole,,False,True,0,,iterative,15167987271855276000,gherkin,False
01KFVAR8TNN46V348WQ3FPAZB9,45,meta-llama/Llama-3.3-70B-Instruct-Turbo,supermarket,"banana
apple
fruit
vegetable
radish
cucumber
lettuce
parsley
dill
oregano
pepper
red pepper
almond
condiment
trolley
bag
flour
ice
rice
water
juice
vodka
orange
lemon
strawberry
gin
beer
rum
bread
cake
cookie
gum
lollipop
jelly
jam
ice cream
cream
frosting
cloth
t-shirt
pajamas
oil
avocado
seed",pumpkin,0.0,nutmeg,,False,True,0,,iterative,2696384574769407500,nut,False
01KFVAR8TNN46V348WQ3FPAZB9,46,meta-llama/Llama-3.3-70B-Instruct-Turbo,supermarket,"banana
apple
fruit
vegetable
radish
cucumber
lettuce
parsley
dill
oregano
pepper
red pepper
almond
condiment
trolley
bag
flour
ice
rice
water
juice
vodka
orange
lemon
strawberry
gin
beer
rum
bread
cake
cookie
gum
lollipop
jelly
jam
ice cream
cream
frosting
cloth
t-shirt
pajamas
oil
avocado
seed
pumpkin",soda,0.0,squash,,False,True,0,,iterative,3396377109031824000,eggplant,False
01KFVAR8TNN46V348WQ3FPAZB9,47,meta-llama/Llama-3.3-70B-Instruct-Turbo,supermarket,"banana
apple
fruit
vegetable
radish
cucumber
lettuce
parsley
dill
oregano
pepper
red pepper
almond
condiment
trolley
bag
flour
ice
rice
water
juice
vodka
orange
lemon
strawberry
gin
beer
rum
bread
cake
cookie
gum
lollipop
jelly
jam
ice cream
cream
frosting
cloth
t-shirt
pajamas
oil
avocado
seed
pumpkin
soda",bun,0.0,popcorn,,False,True,0,,iterative,351006062480933300,squash,False
01KFVAR8TNN46V348WQ3FPAZB9,48,meta-llama/Llama-3.3-70B-Instruct-Turbo,supermarket,"banana
apple
fruit
vegetable
radish
cucumber
lettuce
parsley
dill
oregano
pepper
red pepper
almond
condiment
trolley
bag
flour
ice
rice
water
juice
vodka
orange
lemon
strawberry
gin
beer
rum
bread
cake
cookie
gum
lollipop
jelly
jam
ice cream
cream
frosting
cloth
t-shirt
pajamas
oil
avocado
seed
pumpkin
soda
bun",carrot,0.0,hotdog,,False,True,0,,iterative,234994737764557340,doughnut,False
01KFVAYAM064FQQDRW3ZBFFE8Q,2,meta-llama/Llama-3.3-70B-Instruct-Turbo,supermarket,trolley,cart,1.0,checkout,,False,True,0,,iterative,13010878882327548000,shopping,False
01KFVAYAM064FQQDRW3ZBFFE8Q,3,meta-llama/Llama-3.3-70B-Instruct-Turbo,supermarket,"trolley
cart",basket,1.0,basket,,True,True,0,,iterative,8000358165072677000,shopping,False
01KFVAYAM064FQQDRW3ZBFFE8Q,4,meta-llama/Llama-3.3-70B-Instruct-Turbo,supermarket,"trolley
cart
basket",till,1.0,checkout,,False,True,0,,iterative,14840382863827171000,handle,False
01KFVAYAM064FQQDRW3ZBFFE8Q,5,meta-llama/Llama-3.3-70B-Instruct-Turbo,supermarket,"trolley
cart
basket
till",scale,1.0,checkout,,False,True,0,,iterative,5257818467100969000,cashier,False
01KFVAYAM064FQQDRW3ZBFFE8Q,6,meta-llama/Llama-3.3-70B-Instruct-Turbo,supermarket,"trolley
cart
basket
till
scale",cardmachine,1.0,cashier,,False,True,0,,iterative,14619021106061246000,weight,False
01KFVAYAM064FQQDRW3ZBFFE8Q,7,meta-llama/Llama-3.3-70B-Instruct-Turbo,supermarket,"trolley
cart
basket
till
scale
card machine",food,0.0,receipt,,False,True,0,,iterative,16404566250076207000,shelf,False
01KFVAYAM064FQQDRW3ZBFFE8Q,8,meta-llama/Llama-3.3-70B-Instruct-Turbo,supermarket,"trolley
cart
basket
till
scale
card machine
food",freshproduceaisle,0.0,shelves,,False,True,0,,iterative,540674557925152200,freezer,False
01KFVAYAM064FQQDRW3ZBFFE8Q,9,meta-llama/Llama-3.3-70B-Instruct-Turbo,supermarket,"trolley
cart
basket
till
scale
card machine
food
fresh produce aisle",bakery,1.0,apples,,False,True,0,,iterative,12665514987946598000,,False
01KFVAYAM064FQQDRW3ZBFFE8Q,10,meta-llama/Llama-3.3-70B-Instruct-Turbo,supermarket,"trolley
cart
basket
till
scale
card machine
food
fresh produce aisle
bakery",toiletpaper,0.0,bread,,False,True,0,,iterative,10395083291432294000,meat counter,False
01KFVAYAM064FQQDRW3ZBFFE8Q,11,meta-llama/Llama-3.3-70B-Instruct-Turbo,supermarket,"trolley
cart
basket
till
scale
card machine
food
fresh produce aisle
bakery
toilet paper",freezer,1.0,toothpaste,,False,True,0,,iterative,14976937465066482000,cereal,False
01KFVAYAM064FQQDRW3ZBFFE8Q,12,meta-llama/Llama-3.3-70B-Instruct-Turbo,supermarket,"trolley
cart
basket
till
scale
card machine
food
fresh produce aisle
bakery
toilet paper
freezer",chillaisle,1.0,refrigeratedsection,,False,True,0,,iterative,15524663194819766000,list,False
01KFVAYAM064FQQDRW3ZBFFE8Q,13,meta-llama/Llama-3.3-70B-Instruct-Turbo,supermarket,"trolley
cart
basket
till
scale
card machine
food
fresh produce aisle
bakery
toilet paper
freezer
chill aisle",checkout,1.0,milk,,False,True,0,,iterative,10996300156852630000,fruit and vegetable,False
01KFVAYAM064FQQDRW3ZBFFE8Q,14,meta-llama/Llama-3.3-70B-Instruct-Turbo,supermarket,"trolley
cart
basket
till
scale
card machine
food
fresh produce aisle
bakery
toilet paper
freezer
chill aisle
checkout",automaticdoor,1.0,cashier,,False,True,0,,iterative,9537883403964420000,debit card,False
01KFVAYAM064FQQDRW3ZBFFE8Q,15,meta-llama/Llama-3.3-70B-Instruct-Turbo,supermarket,"trolley
cart
basket
till
scale
card machine
food
fresh produce aisle
bakery
toilet paper
freezer
chill aisle
checkout
automatic door",cheeseaisle,0.0,shelves,,False,True,0,,iterative,3766504809887318000,shopping bag,False
01KFVAYAM064FQQDRW3ZBFFE8Q,16,meta-llama/Llama-3.3-70B-Instruct-Turbo,supermarket,"trolley
cart
basket
till
scale
card machine
food
fresh produce aisle
bakery
toilet paper
freezer
chill aisle
checkout
automatic door
cheese aisle",condiment,0.0,dairyproducts,,False,True,0,,iterative,11964236397502902,fruit and vegetable,False
01KFVAYAM064FQQDRW3ZBFFE8Q,17,meta-llama/Llama-3.3-70B-Instruct-Turbo,supermarket,"trolley
cart
basket
till
scale
card machine
food
fresh produce aisle
bakery
toilet paper
freezer
chill aisle
checkout
automatic door
cheese aisle
condiment",toiletry,0.0,ketchup,,False,True,0,,iterative,847925323239482100,sauce,False
01KFVAYAM064FQQDRW3ZBFFE8Q,18,meta-llama/Llama-3.3-70B-Instruct-Turbo,supermarket,"trolley
cart
basket
till
scale
card machine
food
fresh produce aisle
bakery
toilet paper
freezer
chill aisle
checkout
automatic door
cheese aisle
condiment
toiletry",hairdye,0.0,shampoo,,False,True,0,,iterative,6809698081665439000,dried good,False
01KFVAYAM064FQQDRW3ZBFFE8Q,19,meta-llama/Llama-3.3-70B-Instruct-Turbo,supermarket,"trolley
cart
basket
till
scale
card machine
food
fresh produce aisle
bakery
toilet paper
freezer
chill aisle
checkout
automatic door
cheese aisle
condiment
toiletry
hair dye",crisp,0.0,shampoo,,False,True,0,,iterative,12727373991562574000,vegetable,False
01KFVAYAM064FQQDRW3ZBFFE8Q,20,meta-llama/Llama-3.3-70B-Instruct-Turbo,supermarket,"trolley
cart
basket
till
scale
card machine
food
fresh produce aisle
bakery
toilet paper
freezer
chill aisle
checkout
automatic door
cheese aisle
condiment
toiletry
hair dye
crisp",chocolate,0.0,potatochips,,False,True,0,,iterative,11386705957335792000,flower,False
01KFVAYRA2VJ54ZSNMY62M8A2T,2,meta-llama/Llama-3.3-70B-Instruct-Turbo,supermarket,soap,sugar,0.0,toothpaste,,False,True,0,,iterative,12344309128062925000,clean,False
01KFVAYRA2VJ54ZSNMY62M8A2T,3,meta-llama/Llama-3.3-70B-Instruct-Turbo,supermarket,"soap
sugar",salt,0.0,flour,,False,True,0,,iterative,11713820084701340000,sand,False
01KFVAYRA2VJ54ZSNMY62M8A2T,4,meta-llama/Llama-3.3-70B-Instruct-Turbo,supermarket,"soap
sugar
salt",soda,0.0,pepper,,False,True,0,,iterative,3372829914241788000,sand,False
01KFVAYRA2VJ54ZSNMY62M8A2T,5,meta-llama/Llama-3.3-70B-Instruct-Turbo,supermarket,"soap
sugar
salt
soda",oil,0.0,shampoo,,False,True,0,,iterative,17025703885085805000,soil,False
01KFVAYRA2VJ54ZSNMY62M8A2T,6,meta-llama/Llama-3.3-70B-Instruct-Turbo,supermarket,"soap
sugar
salt
soda
oil",tissue,0.0,pepper,,False,True,0,,iterative,14495044970121058000,ale,False
01KFVAYRA2VJ54ZSNMY62M8A2T,7,meta-llama/Llama-3.3-70B-Instruct-Turbo,supermarket,"soap
sugar
salt
soda
oil
tissue",egg,0.0,toiletpaper,,False,True,0,,iterative,12158906253715786000,water,False
01KFVAYRA2VJ54ZSNMY62M8A2T,8,meta-llama/Llama-3.3-70B-Instruct-Turbo,supermarket,"soap
sugar
salt
soda
oil
tissue
egg",toothpaste,0.0,flour,,False,True,0,,iterative,10909223902345069000,flour,False
01KFVAYRA2VJ54ZSNMY62M8A2T,9,meta-llama/Llama-3.3-70B-Instruct-Turbo,supermarket,"soap
sugar
salt
soda
oil
tissue
egg
toothpaste",chocolate,0.0,shampoo,,False,True,0,,iterative,1124226852667852000,soda,False
01KFVAYRA2VJ54ZSNMY62M8A2T,10,meta-llama/Llama-3.3-70B-Instruct-Turbo,supermarket,"soap
sugar
salt
soda
oil
tissue
egg
toothpaste
chocolate",bread,0.0,milk,,False,True,0,,iterative,5343269414059093000,cereal,False
01KFVAYRA2VJ54ZSNMY62M8A2T,11,meta-llama/Llama-3.3-70B-Instruct-Turbo,supermarket,"soap
sugar
salt
soda
oil
tissue
egg
toothpaste
chocolate
bread",milk,0.0,butter,,False,True,0,,iterative,17938263751349484000,meat,False
01KFVAYRA2VJ54ZSNMY62M8A2T,12,meta-llama/Llama-3.3-70B-Instruct-Turbo,supermarket,"soap
sugar
salt
soda
oil
tissue
egg
toothpaste
chocolate
bread
milk",flour,0.0,butter,,False,True,0,,iterative,17766574763573744000,cheese,False
01KFVAYRA2VJ54ZSNMY62M8A2T,13,meta-llama/Llama-3.3-70B-Instruct-Turbo,supermarket,"soap
sugar
salt
soda
oil
tissue
egg
toothpaste
chocolate
bread
milk
flour",crisp,0.0,butter,,False,True,0,,iterative,2711596521228417000,yogurt,False
01KFVAYRA2VJ54ZSNMY62M8A2T,14,meta-llama/Llama-3.3-70B-Instruct-Turbo,supermarket,"soap
sugar
salt
soda
oil
tissue
egg
toothpaste
chocolate
bread
milk
flour
crisp",biscuit,0.0,butter,,False,True,0,,iterative,15764904822166274000,lotion,False
01KFVAYRA2VJ54ZSNMY62M8A2T,15,meta-llama/Llama-3.3-70B-Instruct-Turbo,supermarket,"soap
sugar
salt
soda
oil
tissue
egg
toothpaste
chocolate
bread
milk
flour
crisp
biscuit",apple,0.0,butter,,False,True,0,,iterative,8035547692190174000,tissue,False
01KFVAYRA2VJ54ZSNMY62M8A2T,16,meta-llama/Llama-3.3-70B-Instruct-Turbo,supermarket,"soap
sugar
salt
soda
oil
tissue
egg
toothpaste
chocolate
bread
milk
flour
crisp
biscuit
apple",meat,1.0,butter,,False,True,0,,iterative,13847998915385120000,orange,False
01KFVAYRA2VJ54ZSNMY62M8A2T,17,meta-llama/Llama-3.3-70B-Instruct-Turbo,supermarket,"soap
sugar
salt
soda
oil
tissue
egg
toothpaste
chocolate
bread
milk
flour
crisp
biscuit
apple
meat",chicken,1.0,potato,,False,True,0,,iterative,6020272270927410000,ice cream,False
01KFVAYRA2VJ54ZSNMY62M8A2T,18,meta-llama/Llama-3.3-70B-Instruct-Turbo,supermarket,"soap
sugar
salt
soda
oil
tissue
egg
toothpaste
chocolate
bread
milk
flour
crisp
biscuit
apple
meat
chicken",fish,1.0,beef,,False,True,0,,iterative,1043705263163035000,hamburger,False
01KFVAYRA2VJ54ZSNMY62M8A2T,19,meta-llama/Llama-3.3-70B-Instruct-Turbo,supermarket,"soap
sugar
salt
soda
oil
tissue
egg
toothpaste
chocolate
bread
milk
flour
crisp
biscuit
apple
meat
chicken
fish",sausage,1.0,shrimp,,False,True,0,,iterative,1296674411357564200,beef,False
01KFVAYRA2VJ54ZSNMY62M8A2T,20,meta-llama/Llama-3.3-70B-Instruct-Turbo,supermarket,"soap
sugar
salt
soda
oil
tissue
egg
toothpaste
chocolate
bread
milk
flour
crisp
biscuit
apple
meat
chicken
fish
sausage",perfume,0.0,bacon,,False,True,0,,iterative,6731036737792106000,pork,False
01KFVAYRA2VJ54ZSNMY62M8A2T,21,meta-llama/Llama-3.3-70B-Instruct-Turbo,supermarket,"soap
sugar
salt
soda
oil
tissue
egg
toothpaste
chocolate
bread
milk
flour
crisp
biscuit
apple
meat
chicken
fish
sausage
perfume",tomatosauce,0.0,shampoo,,False,True,0,,iterative,9748651053057858000,deodorant,False
01KFVB98S8J1VF7BFMWW3X5TF1,2,meta-llama/Llama-3.3-70B-Instruct-Turbo,supermarket,orange,bread,0.0,apple,,False,True,0,,iterative,10832193034667719000,apple,False
01KFVB98S8J1VF7BFMWW3X5TF1,3,meta-llama/Llama-3.3-70B-Instruct-Turbo,supermarket,"orange
bread",cart,0.0,butter,,False,True,0,,iterative,10403865184218345000,milk,False
01KFVB98S8J1VF7BFMWW3X5TF1,4,meta-llama/Llama-3.3-70B-Instruct-Turbo,supermarket,"orange
bread
cart",mango,1.0,milk,,False,True,0,,iterative,1281248900995487500,meat,False
01KFVB98S8J1VF7BFMWW3X5TF1,5,meta-llama/Llama-3.3-70B-Instruct-Turbo,supermarket,"orange
bread
cart
mango",cereal,0.0,banana,,False,True,0,,iterative,14527974371549936000,peach,False
01KFVB98S8J1VF7BFMWW3X5TF1,6,meta-llama/Llama-3.3-70B-Instruct-Turbo,supermarket,"orange
bread
cart
mango
cereal",rice,0.0,milk,,False,True,0,,iterative,15736255044575445000,milk,False
01KFVB98S8J1VF7BFMWW3X5TF1,7,meta-llama/Llama-3.3-70B-Instruct-Turbo,supermarket,"orange
bread
cart
mango
cereal
rice",milk,1.0,milk,,True,True,0,,iterative,9579710672435673000,pasta,False
01KFVB98S8J1VF7BFMWW3X5TF1,8,meta-llama/Llama-3.3-70B-Instruct-Turbo,supermarket,"orange
bread
cart
mango
cereal
rice
milk",tea,1.0,eggs,,False,True,0,,iterative,5165825208927165000,tuna,False
01KFVB98S8J1VF7BFMWW3X5TF1,9,meta-llama/Llama-3.3-70B-Instruct-Turbo,supermarket,"orange
bread
cart
mango
cereal
rice
milk
tea",coffee,1.0,sugar,,False,True,0,,iterative,12728422997522938000,coffee,True
01KFVB98S8J1VF7BFMWW3X5TF1,10,meta-llama/Llama-3.3-70B-Instruct-Turbo,supermarket,"orange
bread
cart
mango
cereal
rice
milk
tea
coffee",candy,1.0,sugar,,False,True,0,,iterative,535529520989343300,creamer,False
01KFVB98S8J1VF7BFMWW3X5TF1,11,meta-llama/Llama-3.3-70B-Instruct-Turbo,supermarket,"orange
bread
cart
mango
cereal
rice
milk
tea
coffee
candy",chocolate,1.0,sugar,,False,True,0,,iterative,8347098610943191000,chip,False
01KFVB98S8J1VF7BFMWW3X5TF1,12,meta-llama/Llama-3.3-70B-Instruct-Turbo,supermarket,"orange
bread
cart
mango
cereal
rice
milk
tea
coffee
candy
chocolate",fruit,1.0,sugar,,False,True,0,,iterative,9352387147669310000,yogurt,False
01KFVB98S8J1VF7BFMWW3X5TF1,13,meta-llama/Llama-3.3-70B-Instruct-Turbo,supermarket,"orange
bread
cart
mango
cereal
rice
milk
tea
coffee
candy
chocolate
fruit",cake,0.0,apple,,False,True,0,,iterative,4766699365661611000,cheese,False
01KFVB98S8J1VF7BFMWW3X5TF1,14,meta-llama/Llama-3.3-70B-Instruct-Turbo,supermarket,"orange
bread
cart
mango
cereal
rice
milk
tea
coffee
candy
chocolate
fruit
cake",spinach,1.0,icecream,,False,True,0,,iterative,6589427509785431000,frosting,False
01KFVB98S8J1VF7BFMWW3X5TF1,15,meta-llama/Llama-3.3-70B-Instruct-Turbo,supermarket,"orange
bread
cart
mango
cereal
rice
milk
tea
coffee
candy
chocolate
fruit
cake
spinach",carrot,1.0,whippedcream,,False,True,0,,iterative,13813792357982767000,corn,False
01KFVB98S8J1VF7BFMWW3X5TF1,16,meta-llama/Llama-3.3-70B-Instruct-Turbo,supermarket,"orange
bread
cart
mango
cereal
rice
milk
tea
coffee
candy
chocolate
fruit
cake
spinach
carrot",potato,1.0,broccoli,,False,True,0,,iterative,11830151216576735000,broccoli,False
01KFVB98S8J1VF7BFMWW3X5TF1,17,meta-llama/Llama-3.3-70B-Instruct-Turbo,supermarket,"orange
bread
cart
mango
cereal
rice
milk
tea
coffee
candy
chocolate
fruit
cake
spinach
carrot
potato",apple,1.0,onion,,False,True,0,,iterative,6376793169191613000,chip,False
01KFVB98S8J1VF7BFMWW3X5TF1,18,meta-llama/Llama-3.3-70B-Instruct-Turbo,supermarket,"orange
bread
cart
mango
cereal
rice
milk
tea
coffee
candy
chocolate
fruit
cake
spinach
carrot
potato
apple",lettuce,0.0,pear,,False,True,0,,iterative,6069583110606190000,caramel,False
01KFVB98S8J1VF7BFMWW3X5TF1,19,meta-llama/Llama-3.3-70B-Instruct-Turbo,supermarket,"orange
bread
cart
mango
cereal
rice
milk
tea
coffee
candy
chocolate
fruit
cake
spinach
carrot
potato
apple
lettuce",salad,0.0,tomato,,False,True,0,,iterative,8521925682694636000,dressing,False
01KFVB98S8J1VF7BFMWW3X5TF1,20,meta-llama/Llama-3.3-70B-Instruct-Turbo,supermarket,"orange
bread
cart
mango
cereal
rice
milk
tea
coffee
candy
chocolate
fruit
cake
spinach
carrot
potato
apple
lettuce
salad",fish,1.0,tomato,,False,True,0,,iterative,1867855058133699600,dressing,False
01KFVB98S8J1VF7BFMWW3X5TF1,21,meta-llama/Llama-3.3-70B-Instruct-Turbo,supermarket,"orange
bread
cart
mango
cereal
rice
milk
tea
coffee
candy
chocolate
fruit
cake
spinach
carrot
potato
apple
lettuce
salad
fish",salmon,1.0,shrimp,,False,True,0,,iterative,3230209721269978000,beef,False
01KFVB98S8J1VF7BFMWW3X5TF1,22,meta-llama/Llama-3.3-70B-Instruct-Turbo,supermarket,"orange
bread
cart
mango
cereal
rice
milk
tea
coffee
candy
chocolate
fruit
cake
spinach
carrot
potato
apple
lettuce
salad
fish
salmon",crab,1.0,shrimp,,False,True,0,,iterative,2063683304238052000,beef,False
01KFVB98S8J1VF7BFMWW3X5TF1,23,meta-llama/Llama-3.3-70B-Instruct-Turbo,supermarket,"orange
bread
cart
mango
cereal
rice
milk
tea
coffee
candy
chocolate
fruit
cake
spinach
carrot
potato
apple
lettuce
salad
fish
salmon
crab",catfish,1.0,shrimp,,False,True,0,,iterative,3894911416946859500,lobster,False
01KFVB98S8J1VF7BFMWW3X5TF1,24,meta-llama/Llama-3.3-70B-Instruct-Turbo,supermarket,"orange
bread
cart
mango
cereal
rice
milk
tea
coffee
candy
chocolate
fruit
cake
spinach
carrot
potato
apple
lettuce
salad
fish
salmon
crab
catfish",meat,1.0,shrimp,,False,True,0,,iterative,4092302524732575000,lobster,False
01KFVB98S8J1VF7BFMWW3X5TF1,25,meta-llama/Llama-3.3-70B-Instruct-Turbo,supermarket,"orange
bread
cart
mango
cereal
rice
milk
tea
coffee
candy
chocolate
fruit
cake
spinach
carrot
potato
apple
lettuce
salad
fish
salmon
crab
catfish
meat",pork,1.0,chicken,,False,True,0,,iterative,15933974139209951000,cheese,False
01KFVB98S8J1VF7BFMWW3X5TF1,26,meta-llama/Llama-3.3-70B-Instruct-Turbo,supermarket,"orange
bread
cart
mango
cereal
rice
milk
tea
coffee
candy
chocolate
fruit
cake
spinach
carrot
potato
apple
lettuce
salad
fish
salmon
crab
catfish
meat
pork",hamburger,1.0,chicken,,False,True,0,,iterative,11766084869833409000,chicken,False
01KFVB98S8J1VF7BFMWW3X5TF1,27,meta-llama/Llama-3.3-70B-Instruct-Turbo,supermarket,"orange
bread
cart
mango
cereal
rice
milk
tea
coffee
candy
chocolate
fruit
cake
spinach
carrot
potato
apple
lettuce
salad
fish
salmon
crab
catfish
meat
pork
hamburger",chicken,1.0,steak,,False,True,0,,iterative,191117188190351260,chicken,True
01KFVB98S8J1VF7BFMWW3X5TF1,28,meta-llama/Llama-3.3-70B-Instruct-Turbo,supermarket,"orange
bread
cart
mango
cereal
rice
milk
tea
coffee
candy
chocolate
fruit
cake
spinach
carrot
potato
apple
lettuce
salad
fish
salmon
crab
catfish
meat
pork
hamburger
chicken",tofu,1.0,turkey,,False,True,0,,iterative,16027817242368640000,pasta,False
01KFVB98S8J1VF7BFMWW3X5TF1,29,meta-llama/Llama-3.3-70B-Instruct-Turbo,supermarket,"orange
bread
cart
mango
cereal
rice
milk
tea
coffee
candy
chocolate
fruit
cake
spinach
carrot
potato
apple
lettuce
salad
fish
salmon
crab
catfish
meat
pork
hamburger
chicken
tofu",cheese,1.0,turkey,,False,True,0,,iterative,13189305142777100000,cheese,True
01KFVB98S8J1VF7BFMWW3X5TF1,30,meta-llama/Llama-3.3-70B-Instruct-Turbo,supermarket,"orange
bread
cart
mango
cereal
rice
milk
tea
coffee
candy
chocolate
fruit
cake
spinach
carrot
potato
apple
lettuce
salad
fish
salmon
crab
catfish
meat
pork
hamburger
chicken
tofu
cheese",cheddar,1.0,yogurt,,False,True,0,,iterative,13184063047638280000,yogurt,False
01KFVB98S8J1VF7BFMWW3X5TF1,31,meta-llama/Llama-3.3-70B-Instruct-Turbo,supermarket,"orange
bread
cart
mango
cereal
rice
milk
tea
coffee
candy
chocolate
fruit
cake
spinach
carrot
potato
apple
lettuce
salad
fish
salmon
crab
catfish
meat
pork
hamburger
chicken
tofu
cheese
cheddar",feta,1.0,yogurt,,False,True,0,,iterative,11276204367406948000,american,False
01KFVB98S8J1VF7BFMWW3X5TF1,32,meta-llama/Llama-3.3-70B-Instruct-Turbo,supermarket,"orange
bread
cart
mango
cereal
rice
milk
tea
coffee
candy
chocolate
fruit
cake
spinach
carrot
potato
apple
lettuce
salad
fish
salmon
crab
catfish
meat
pork
hamburger
chicken
tofu
cheese
cheddar
feta",sugar,1.0,yogurt,,False,True,0,,iterative,6221242767322584000,blue cheese,False
01KFVB98S8J1VF7BFMWW3X5TF1,33,meta-llama/Llama-3.3-70B-Instruct-Turbo,supermarket,"orange
bread
cart
mango
cereal
rice
milk
tea
coffee
candy
chocolate
fruit
cake
spinach
carrot
potato
apple
lettuce
salad
fish
salmon
crab
catfish
meat
pork
hamburger
chicken
tofu
cheese
cheddar
feta
sugar",salt,1.0,butter,,False,True,0,,iterative,15242914182800070000,flour,False
01KFVB98S8J1VF7BFMWW3X5TF1,34,meta-llama/Llama-3.3-70B-Instruct-Turbo,supermarket,"orange
bread
cart
mango
cereal
rice
milk
tea
coffee
candy
chocolate
fruit
cake
spinach
carrot
potato
apple
lettuce
salad
fish
salmon
crab
catfish
meat
pork
hamburger
chicken
tofu
cheese
cheddar
feta
sugar
salt",pepper,1.0,pepper,,True,True,0,,iterative,16044090734079334000,pepper,True
01KFVBA15AJGRVB3YSXB6A8YVR,2,meta-llama/Llama-3.3-70B-Instruct-Turbo,supermarket,cart,grocery,0.0,wheels,,False,True,0,,iterative,14427495824773308000,wheel,False
01KFVBA15AJGRVB3YSXB6A8YVR,3,meta-llama/Llama-3.3-70B-Instruct-Turbo,supermarket,"cart
grocery",ice,0.0,bag,,False,True,0,,iterative,12487169351563950000,store,False
01KFVBA15AJGRVB3YSXB6A8YVR,4,meta-llama/Llama-3.3-70B-Instruct-Turbo,supermarket,"cart
grocery
ice",drink,0.0,cream,,False,True,0,,iterative,16699592620422238000,cold,False
01KFVBA15AJGRVB3YSXB6A8YVR,5,meta-llama/Llama-3.3-70B-Instruct-Turbo,supermarket,"cart
grocery
ice
drink",milk,0.0,water,,False,True,0,,iterative,5778919086380826000,water,False
01KFVBA15AJGRVB3YSXB6A8YVR,6,meta-llama/Llama-3.3-70B-Instruct-Turbo,supermarket,"cart
grocery
ice
drink
milk",doughnut,1.0,cereal,,False,True,0,,iterative,6906450817597719000,cow,False
01KFVBA15AJGRVB3YSXB6A8YVR,7,meta-llama/Llama-3.3-70B-Instruct-Turbo,supermarket,"cart
grocery
ice
drink
milk
doughnut",candy,0.0,coffee,,False,True,0,,iterative,16512412651646945000,snack,False
01KFVBA15AJGRVB3YSXB6A8YVR,8,meta-llama/Llama-3.3-70B-Instruct-Turbo,supermarket,"cart
grocery
ice
drink
milk
doughnut
candy",coffee,1.0,cookie,,False,True,0,,iterative,771900968025627300,treat,False
01KFVBA15AJGRVB3YSXB6A8YVR,9,meta-llama/Llama-3.3-70B-Instruct-Turbo,supermarket,"cart
grocery
ice
drink
milk
doughnut
candy
coffee",alcohol,0.0,sugar,,False,True,0,,iterative,12781464946650356000,drink,False
01KFVBA15AJGRVB3YSXB6A8YVR,10,meta-llama/Llama-3.3-70B-Instruct-Turbo,supermarket,"cart
grocery
ice
drink
milk
doughnut
candy
coffee
alcohol",fruit,1.0,beer,,False,True,0,,iterative,9353907983292041000,drink,False
01KFVBA15AJGRVB3YSXB6A8YVR,11,meta-llama/Llama-3.3-70B-Instruct-Turbo,supermarket,"cart
grocery
ice
drink
milk
doughnut
candy
coffee
alcohol
fruit",cereal,1.0,orange,,False,True,0,,iterative,12106507130462090000,vegetable,False
01KFVBA15AJGRVB3YSXB6A8YVR,12,meta-llama/Llama-3.3-70B-Instruct-Turbo,supermarket,"cart
grocery
ice
drink
milk
doughnut
candy
coffee
alcohol
fruit
cereal",tomato,1.0,banana,,False,True,0,,iterative,5509362317811810000,milk,False
01KFVBA15AJGRVB3YSXB6A8YVR,13,meta-llama/Llama-3.3-70B-Instruct-Turbo,supermarket,"cart
grocery
ice
drink
milk
doughnut
candy
coffee
alcohol
fruit
cereal
tomato",apple,0.0,lettuce,,False,True,0,,iterative,5244418570598173000,banana,False
01KFVBA15AJGRVB3YSXB6A8YVR,14,meta-llama/Llama-3.3-70B-Instruct-Turbo,supermarket,"cart
grocery
ice
drink
milk
doughnut
candy
coffee
alcohol
fruit
cereal
tomato
apple",carrot,0.0,banana,,False,True,0,,iterative,5020585848650019000,juice,False
01KFVBA15AJGRVB3YSXB6A8YVR,15,meta-llama/Llama-3.3-70B-Instruct-Turbo,supermarket,"cart
grocery
ice
drink
milk
doughnut
candy
coffee
alcohol
fruit
cereal
tomato
apple
carrot",banana,0.0,broccoli,,False,True,0,,iterative,4350079946806318000,lettuce,False
01KFVBA15AJGRVB3YSXB6A8YVR,16,meta-llama/Llama-3.3-70B-Instruct-Turbo,supermarket,"cart
grocery
ice
drink
milk
doughnut
candy
coffee
alcohol
fruit
cereal
tomato
apple
carrot
banana",orange,0.0,orange,,True,True,0,,iterative,13951373787876237000,apple,False
01KFVBA15AJGRVB3YSXB6A8YVR,17,meta-llama/Llama-3.3-70B-Instruct-Turbo,supermarket,"cart
grocery
ice
drink
milk
doughnut
candy
coffee
alcohol
fruit
cereal
tomato
apple
carrot
banana
orange",cake,1.0,grapes,,False,True,0,,iterative,11721142254106780000,lemon,False
01KFVBA15AJGRVB3YSXB6A8YVR,18,meta-llama/Llama-3.3-70B-Instruct-Turbo,supermarket,"cart
grocery
ice
drink
milk
doughnut
candy
coffee
alcohol
fruit
cereal
tomato
apple
carrot
banana
orange
cake",yogurt,1.0,grapes,,False,True,0,,iterative,11982928281480310000,doughnut,False
01KFVBA15AJGRVB3YSXB6A8YVR,19,meta-llama/Llama-3.3-70B-Instruct-Turbo,supermarket,"cart
grocery
ice
drink
milk
doughnut
candy
coffee
alcohol
fruit
cereal
tomato
apple
carrot
banana
orange
cake
yogurt",dairy,0.0,cheese,,False,True,0,,iterative,8464249138242663000,egg,False
01KFVBA15AJGRVB3YSXB6A8YVR,20,meta-llama/Llama-3.3-70B-Instruct-Turbo,supermarket,"cart
grocery
ice
drink
milk
doughnut
candy
coffee
alcohol
fruit
cereal
tomato
apple
carrot
banana
orange
cake
yogurt
dairy",cheese,0.0,cheese,,True,True,0,,iterative,8635472672177753000,juice,False
01KFVBA15AJGRVB3YSXB6A8YVR,21,meta-llama/Llama-3.3-70B-Instruct-Turbo,supermarket,"cart
grocery
ice
drink
milk
doughnut
candy
coffee
alcohol
fruit
cereal
tomato
apple
carrot
banana
orange
cake
yogurt
dairy
cheese",cookie,1.0,butter,,False,True,0,,iterative,5555224469037452000,cake,False
01KFVBA15AJGRVB3YSXB6A8YVR,22,meta-llama/Llama-3.3-70B-Instruct-Turbo,supermarket,"cart
grocery
ice
drink
milk
doughnut
candy
coffee
alcohol
fruit
cereal
tomato
apple
carrot
banana
orange
cake
yogurt
dairy
cheese
cookie",pizza,1.0,butter,,False,True,0,,iterative,6546124920928202000,chip,False
01KFVBA15AJGRVB3YSXB6A8YVR,23,meta-llama/Llama-3.3-70B-Instruct-Turbo,supermarket,"cart
grocery
ice
drink
milk
doughnut
candy
coffee
alcohol
fruit
cereal
tomato
apple
carrot
banana
orange
cake
yogurt
dairy
cheese
cookie
pizza",frozenpizza,0.0,bread,,False,True,0,,iterative,14848386974451948000,pretzel,False
01KFVBA15AJGRVB3YSXB6A8YVR,24,meta-llama/Llama-3.3-70B-Instruct-Turbo,supermarket,"cart
grocery
ice
drink
milk
doughnut
candy
coffee
alcohol
fruit
cereal
tomato
apple
carrot
banana
orange
cake
yogurt
dairy
cheese
cookie
pizza
frozen pizza",chicken,1.0,pepperoni,,False,True,0,,iterative,17423930536223572000,frozen vegetable,False
01KFVBA15AJGRVB3YSXB6A8YVR,25,meta-llama/Llama-3.3-70B-Instruct-Turbo,supermarket,"cart
grocery
ice
drink
milk
doughnut
candy
coffee
alcohol
fruit
cereal
tomato
apple
carrot
banana
orange
cake
yogurt
dairy
cheese
cookie
pizza
frozen pizza
chicken",roastedvegetable,1.0,wings,,False,True,0,,iterative,10207476163543730000,turkey,False
01KFVBA15AJGRVB3YSXB6A8YVR,26,meta-llama/Llama-3.3-70B-Instruct-Turbo,supermarket,"cart
grocery
ice
drink
milk
doughnut
candy
coffee
alcohol
fruit
cereal
tomato
apple
carrot
banana
orange
cake
yogurt
dairy
cheese
cookie
pizza
frozen pizza
chicken
roasted vegetable",sushi,1.0,potato,,False,True,0,,iterative,10756163581861026000,zucchini,False
01KFVBA15AJGRVB3YSXB6A8YVR,27,meta-llama/Llama-3.3-70B-Instruct-Turbo,supermarket,"cart
grocery
ice
drink
milk
doughnut
candy
coffee
alcohol
fruit
cereal
tomato
apple
carrot
banana
orange
cake
yogurt
dairy
cheese
cookie
pizza
frozen pizza
chicken
roasted vegetable
sushi",icecream,1.0,rice,,False,True,0,,iterative,12469147695017943000,rice,False
01KFVBA15AJGRVB3YSXB6A8YVR,28,meta-llama/Llama-3.3-70B-Instruct-Turbo,supermarket,"cart
grocery
ice
drink
milk
doughnut
candy
coffee
alcohol
fruit
cereal
tomato
apple
carrot
banana
orange
cake
yogurt
dairy
cheese
cookie
pizza
frozen pizza
chicken
roasted vegetable
sushi
ice cream",chocolate,0.0,noodles,,False,True,0,,iterative,18460689504100380,sandwich,False
01KFVBA15AJGRVB3YSXB6A8YVR,29,meta-llama/Llama-3.3-70B-Instruct-Turbo,supermarket,"cart
grocery
ice
drink
milk
doughnut
candy
coffee
alcohol
fruit
cereal
tomato
apple
carrot
banana
orange
cake
yogurt
dairy
cheese
cookie
pizza
frozen pizza
chicken
roasted vegetable
sushi
ice cream
chocolate",biscuit,0.0,brownies,,False,True,0,,iterative,10748382386100400000,chip,False
01KFVBA15AJGRVB3YSXB6A8YVR,30,meta-llama/Llama-3.3-70B-Instruct-Turbo,supermarket,"cart
grocery
ice
drink
milk
doughnut
candy
coffee
alcohol
fruit
cereal
tomato
apple
carrot
banana
orange
cake
yogurt
dairy
cheese
cookie
pizza
frozen pizza
chicken
roasted vegetable
sushi
ice cream
chocolate
biscuit",tea,0.0,muffin,,False,True,0,,iterative,12360268609256688000,chicken,False
01KFVBA15AJGRVB3YSXB6A8YVR,31,meta-llama/Llama-3.3-70B-Instruct-Turbo,supermarket,"cart
grocery
ice
drink
milk
doughnut
candy
coffee
alcohol
fruit
cereal
tomato
apple
carrot
banana
orange
cake
yogurt
dairy
cheese
cookie
pizza
frozen pizza
chicken
roasted vegetable
sushi
ice cream
chocolate
biscuit
tea",bean,1.0,honey,,False,True,0,,iterative,17392026837078893000,ice,False
01KFVBA15AJGRVB3YSXB6A8YVR,32,meta-llama/Llama-3.3-70B-Instruct-Turbo,supermarket,"cart
grocery
ice
drink
milk
doughnut
candy
coffee
alcohol
fruit
cereal
tomato
apple
carrot
banana
orange
cake
yogurt
dairy
cheese
cookie
pizza
frozen pizza
chicken
roasted vegetable
sushi
ice cream
chocolate
biscuit
tea
bean",cannedgood,0.0,rice,,False,True,0,,iterative,4702941057914728000,vanilla,False
01KFVBA15AJGRVB3YSXB6A8YVR,33,meta-llama/Llama-3.3-70B-Instruct-Turbo,supermarket,"cart
grocery
ice
drink
milk
doughnut
candy
coffee
alcohol
fruit
cereal
tomato
apple
carrot
banana
orange
cake
yogurt
dairy
cheese
cookie
pizza
frozen pizza
chicken
roasted vegetable
sushi
ice cream
chocolate
biscuit
tea
bean
canned good",lemon,1.0,rice,,False,True,0,,iterative,9277658078322440000,juice,False
01KFVBA15AJGRVB3YSXB6A8YVR,34,meta-llama/Llama-3.3-70B-Instruct-Turbo,supermarket,"cart
grocery
ice
drink
milk
doughnut
candy
coffee
alcohol
fruit
cereal
tomato
apple
carrot
banana
orange
cake
yogurt
dairy
cheese
cookie
pizza
frozen pizza
chicken
roasted vegetable
sushi
ice cream
chocolate
biscuit
tea
bean
canned good
lemon",nut,1.0,water,,False,True,0,,iterative,13658205159490728000,lime,False
01KFVBA15AJGRVB3YSXB6A8YVR,35,meta-llama/Llama-3.3-70B-Instruct-Turbo,supermarket,"cart
grocery
ice
drink
milk
doughnut
candy
coffee
alcohol
fruit
cereal
tomato
apple
carrot
banana
orange
cake
yogurt
dairy
cheese
cookie
pizza
frozen pizza
chicken
roasted vegetable
sushi
ice cream
chocolate
biscuit
tea
bean
canned good
lemon
nut",fish,1.0,peanut,,False,True,0,,iterative,6617596470639654000,coffee,False
01KFVBA15AJGRVB3YSXB6A8YVR,36,meta-llama/Llama-3.3-70B-Instruct-Turbo,supermarket,"cart
grocery
ice
drink
milk
doughnut
candy
coffee
alcohol
fruit
cereal
tomato
apple
carrot
banana
orange
cake
yogurt
dairy
cheese
cookie
pizza
frozen pizza
chicken
roasted vegetable
sushi
ice cream
chocolate
biscuit
tea
bean
canned good
lemon
nut
fish",dough,1.0,salmon,,False,True,0,,iterative,17871005221617290000,clam,False
01KFVBA15AJGRVB3YSXB6A8YVR,37,meta-llama/Llama-3.3-70B-Instruct-Turbo,supermarket,"cart
grocery
ice
drink
milk
doughnut
candy
coffee
alcohol
fruit
cereal
tomato
apple
carrot
banana
orange
cake
yogurt
dairy
cheese
cookie
pizza
frozen pizza
chicken
roasted vegetable
sushi
ice cream
chocolate
biscuit
tea
bean
canned good
lemon
nut
fish
dough",strawberry,0.0,flour,,False,True,0,,iterative,8674906749071899000,nut,False
01KFVBA15AJGRVB3YSXB6A8YVR,38,meta-llama/Llama-3.3-70B-Instruct-Turbo,supermarket,"cart
grocery
ice
drink
milk
doughnut
candy
coffee
alcohol
fruit
cereal
tomato
apple
carrot
banana
orange
cake
yogurt
dairy
cheese
cookie
pizza
frozen pizza
chicken
roasted vegetable
sushi
ice cream
chocolate
biscuit
tea
bean
canned good
lemon
nut
fish
dough
strawberry",cucumber,0.0,blueberry,,False,True,0,,iterative,2557314566136971000,cherry,False
01KFVBA15AJGRVB3YSXB6A8YVR,39,meta-llama/Llama-3.3-70B-Instruct-Turbo,supermarket,"cart
grocery
ice
drink
milk
doughnut
candy
coffee
alcohol
fruit
cereal
tomato
apple
carrot
banana
orange
cake
yogurt
dairy
cheese
cookie
pizza
frozen pizza
chicken
roasted vegetable
sushi
ice cream
chocolate
biscuit
tea
bean
canned good
lemon
nut
fish
dough
strawberry
cucumber",plantain,0.0,water,,False,True,0,,iterative,8093009733406722000,squash,False
01KFVBA15AJGRVB3YSXB6A8YVR,40,meta-llama/Llama-3.3-70B-Instruct-Turbo,supermarket,"cart
grocery
ice
drink
milk
doughnut
candy
coffee
alcohol
fruit
cereal
tomato
apple
carrot
banana
orange
cake
yogurt
dairy
cheese
cookie
pizza
frozen pizza
chicken
roasted vegetable
sushi
ice cream
chocolate
biscuit
tea
bean
canned good
lemon
nut
fish
dough
strawberry
cucumber
plantain",ramen,1.0,pear,,False,True,0,,iterative,2637530492952865000,banana,False
01KFVBA15AJGRVB3YSXB6A8YVR,41,meta-llama/Llama-3.3-70B-Instruct-Turbo,supermarket,"cart
grocery
ice
drink
milk
doughnut
candy
coffee
alcohol
fruit
cereal
tomato
apple
carrot
banana
orange
cake
yogurt
dairy
cheese
cookie
pizza
frozen pizza
chicken
roasted vegetable
sushi
ice cream
chocolate
biscuit
tea
bean
canned good
lemon
nut
fish
dough
strawberry
cucumber
plantain
ramen",noodle,0.0,noodle,,True,True,0,,iterative,14140745797677642000,spaghetti,False
01KFVBA15AJGRVB3YSXB6A8YVR,42,meta-llama/Llama-3.3-70B-Instruct-Turbo,supermarket,"cart
grocery
ice
drink
milk
doughnut
candy
coffee
alcohol
fruit
cereal
tomato
apple
carrot
banana
orange
cake
yogurt
dairy
cheese
cookie
pizza
frozen pizza
chicken
roasted vegetable
sushi
ice cream
chocolate
biscuit
tea
bean
canned good
lemon
nut
fish
dough
strawberry
cucumber
plantain
ramen
noodle",cigarette,1.0,rice,,False,True,0,,iterative,17531815441721637000,spaghetti,False
01KFVBA15AJGRVB3YSXB6A8YVR,43,meta-llama/Llama-3.3-70B-Instruct-Turbo,supermarket,"cart
grocery
ice
drink
milk
doughnut
candy
coffee
alcohol
fruit
cereal
tomato
apple
carrot
banana
orange
cake
yogurt
dairy
cheese
cookie
pizza
frozen pizza
chicken
roasted vegetable
sushi
ice cream
chocolate
biscuit
tea
bean
canned good
lemon
nut
fish
dough
strawberry
cucumber
plantain
ramen
noodle
cigarette",orangejuice,1.0,lighter,,False,True,0,,iterative,15339238788293882000,lighter,False
01KFVBA15AJGRVB3YSXB6A8YVR,44,meta-llama/Llama-3.3-70B-Instruct-Turbo,supermarket,"cart
grocery
ice
drink
milk
doughnut
candy
coffee
alcohol
fruit
cereal
tomato
apple
carrot
banana
orange
cake
yogurt
dairy
cheese
cookie
pizza
frozen pizza
chicken
roasted vegetable
sushi
ice cream
chocolate
biscuit
tea
bean
canned good
lemon
nut
fish
dough
strawberry
cucumber
plantain
ramen
noodle
cigarette
orange juice",applejuice,0.0,water,,False,True,0,,iterative,2345467111018339300,milk,False
01KFVBAP4E3HVGRTK10C4BX6C3,2,meta-llama/Llama-3.3-70B-Instruct-Turbo,supermarket,cart,cookie,1.0,wheels,,False,True,0,,iterative,10124764283381244000,horse cart,False
01KFVBAP4E3HVGRTK10C4BX6C3,3,meta-llama/Llama-3.3-70B-Instruct-Turbo,supermarket,"cart
cookie",salad,0.0,milk,,False,True,0,,iterative,17247495906153925000,biscuit cake chocolate chip,False
01KFVBAP4E3HVGRTK10C4BX6C3,4,meta-llama/Llama-3.3-70B-Instruct-Turbo,supermarket,"cart
cookie
salad",apple,1.0,dressing,,False,True,0,,iterative,4366598320893622300,fish chicken meat potato egg,False
01KFVBAP4E3HVGRTK10C4BX6C3,5,meta-llama/Llama-3.3-70B-Instruct-Turbo,supermarket,"cart
cookie
salad
apple",banana,0.0,banana,,True,True,0,,iterative,15376262295554360000,pea carrot fish chicken tomato egg beetroot lettuce,False
01KFVBAP4E3HVGRTK10C4BX6C3,6,meta-llama/Llama-3.3-70B-Instruct-Turbo,supermarket,"cart
cookie
salad
apple
banana",orange,0.0,orange,,True,True,0,,iterative,7387728578967387000,pear orange cranberry walnut cashew nut avocado bread roll crusty bread brown bread wholemeal bread butter oil,False
01KFVBAP4E3HVGRTK10C4BX6C3,7,meta-llama/Llama-3.3-70B-Instruct-Turbo,supermarket,"cart
cookie
salad
apple
banana
orange",tomato,0.0,grapes,,False,True,0,,iterative,9882660882414068000,pear cranberry grape red grape green grape avocado nut walnut cashew nut roll soda scone scone,False
01KFVBAP4E3HVGRTK10C4BX6C3,8,meta-llama/Llama-3.3-70B-Instruct-Turbo,supermarket,"cart
cookie
salad
apple
banana
orange
tomato",carrot,0.0,grapes,,False,True,0,,iterative,6009532252607401000,lettuce spring onion salad cream mayonnaise beetroot egg bread roll cracker seed avocado date raisin sultana crisp cracker,False
01KFVBAP4E3HVGRTK10C4BX6C3,9,meta-llama/Llama-3.3-70B-Instruct-Turbo,supermarket,"cart
cookie
salad
apple
banana
orange
tomato
carrot",blueberry,0.0,broccoli,,False,True,0,,iterative,7075102793742648000,lettuce spring onion pear grape egg nut salad cream mayonnaise turnip potato peach cherry radish cracker bread roll,False
01KFVBAP4E3HVGRTK10C4BX6C3,10,meta-llama/Llama-3.3-70B-Instruct-Turbo,supermarket,"cart
cookie
salad
apple
banana
orange
tomato
carrot
blueberry",strawberry,0.0,grapes,,False,True,0,,iterative,13875767228546430000,,False
01KFVBAP4E3HVGRTK10C4BX6C3,11,meta-llama/Llama-3.3-70B-Instruct-Turbo,supermarket,"cart
cookie
salad
apple
banana
orange
tomato
carrot
blueberry
strawberry",onion,0.0,grapes,,False,True,0,,iterative,16251673222994920000,,False
01KFVBAP4E3HVGRTK10C4BX6C3,12,meta-llama/Llama-3.3-70B-Instruct-Turbo,supermarket,"cart
cookie
salad
apple
banana
orange
tomato
carrot
blueberry
strawberry
onion",potato,0.0,mushroom,,False,True,0,,iterative,7641043686495679000,,False
01KFVBAP4E3HVGRTK10C4BX6C3,13,meta-llama/Llama-3.3-70B-Instruct-Turbo,supermarket,"cart
cookie
salad
apple
banana
orange
tomato
carrot
blueberry
strawberry
onion
potato",milk,0.0,mushroom,,False,True,0,,iterative,5252965971293721000,,False
01KFVBAP4E3HVGRTK10C4BX6C3,14,meta-llama/Llama-3.3-70B-Instruct-Turbo,supermarket,"cart
cookie
salad
apple
banana
orange
tomato
carrot
blueberry
strawberry
onion
potato
milk",egg,0.0,cheese,,False,True,0,,iterative,15189001497195657000,,False
01KFVBAP4E3HVGRTK10C4BX6C3,15,meta-llama/Llama-3.3-70B-Instruct-Turbo,supermarket,"cart
cookie
salad
apple
banana
orange
tomato
carrot
blueberry
strawberry
onion
potato
milk
egg",butter,0.0,cheese,,False,True,0,,iterative,5094396958849223000,,False
01KFVBAP4E3HVGRTK10C4BX6C3,16,meta-llama/Llama-3.3-70B-Instruct-Turbo,supermarket,"cart
cookie
salad
apple
banana
orange
tomato
carrot
blueberry
strawberry
onion
potato
milk
egg
butter",pasta,1.0,cheese,,False,True,0,,iterative,2178344257191086800,,False
01KFVBAP4E3HVGRTK10C4BX6C3,17,meta-llama/Llama-3.3-70B-Instruct-Turbo,supermarket,"cart
cookie
salad
apple
banana
orange
tomato
carrot
blueberry
strawberry
onion
potato
milk
egg
butter
pasta",pizza,0.0,cheese,,False,True,0,,iterative,15881500180284215000,,False
01KFVBAP4E3HVGRTK10C4BX6C3,18,meta-llama/Llama-3.3-70B-Instruct-Turbo,supermarket,"cart
cookie
salad
apple
banana
orange
tomato
carrot
blueberry
strawberry
onion
potato
milk
egg
butter
pasta
pizza",cheese,0.0,cheese,,True,True,0,,iterative,2267713425899504000,,False
01KFVBAP4E3HVGRTK10C4BX6C3,19,meta-llama/Llama-3.3-70B-Instruct-Turbo,supermarket,"cart
cookie
salad
apple
banana
orange
tomato
carrot
blueberry
strawberry
onion
potato
milk
egg
butter
pasta
pizza
cheese",wine,0.0,sausage,,False,True,0,,iterative,7659192049704403000,,False
01KFVBAP4E3HVGRTK10C4BX6C3,20,meta-llama/Llama-3.3-70B-Instruct-Turbo,supermarket,"cart
cookie
salad
apple
banana
orange
tomato
carrot
blueberry
strawberry
onion
potato
milk
egg
butter
pasta
pizza
cheese
wine",yogurt,0.0,bread,,False,True,0,,iterative,4900503321120244000,,False
01KFVBAP4E3HVGRTK10C4BX6C3,21,meta-llama/Llama-3.3-70B-Instruct-Turbo,supermarket,"cart
cookie
salad
apple
banana
orange
tomato
carrot
blueberry
strawberry
onion
potato
milk
egg
butter
pasta
pizza
cheese
wine
yogurt",proteinpowder,0.0,bread,,False,True,0,,iterative,14453303924515030000,,False
01KFVBAP4E3HVGRTK10C4BX6C3,22,meta-llama/Llama-3.3-70B-Instruct-Turbo,supermarket,"cart
cookie
salad
apple
banana
orange
tomato
carrot
blueberry
strawberry
onion
potato
milk
egg
butter
pasta
pizza
cheese
wine
yogurt
protein powder",salt,0.0,granola,,False,True,0,,iterative,2497835501703064600,,False
01KFVBAP4E3HVGRTK10C4BX6C3,23,meta-llama/Llama-3.3-70B-Instruct-Turbo,supermarket,"cart
cookie
salad
apple
banana
orange
tomato
carrot
blueberry
strawberry
onion
potato
milk
egg
butter
pasta
pizza
cheese
wine
yogurt
protein powder
salt",pepper,0.0,pepper,,True,True,0,,iterative,6933557846916742000,,False
01KFVBAP4E3HVGRTK10C4BX6C3,24,meta-llama/Llama-3.3-70B-Instruct-Turbo,supermarket,"cart
cookie
salad
apple
banana
orange
tomato
carrot
blueberry
strawberry
onion
potato
milk
egg
butter
pasta
pizza
cheese
wine
yogurt
protein powder
salt
pepper",bacon,0.0,sugar,,False,True,0,,iterative,8617799288226227000,,False
01KFVBAP4E3HVGRTK10C4BX6C3,25,meta-llama/Llama-3.3-70B-Instruct-Turbo,supermarket,"cart
cookie
salad
apple
banana
orange
tomato
carrot
blueberry
strawberry
onion
potato
milk
egg
butter
pasta
pizza
cheese
wine
yogurt
protein powder
salt
pepper
bacon",fish,0.0,sausage,,False,True,0,,iterative,8795156113317138000,,False
01KFVBAP4E3HVGRTK10C4BX6C3,26,meta-llama/Llama-3.3-70B-Instruct-Turbo,supermarket,"cart
cookie
salad
apple
banana
orange
tomato
carrot
blueberry
strawberry
onion
potato
milk
egg
butter
pasta
pizza
cheese
wine
yogurt
protein powder
salt
pepper
bacon
fish",beef,0.0,chicken,,False,True,0,,iterative,15897943848317788000,,False
01KFVBAP4E3HVGRTK10C4BX6C3,27,meta-llama/Llama-3.3-70B-Instruct-Turbo,supermarket,"cart
cookie
salad
apple
banana
orange
tomato
carrot
blueberry
strawberry
onion
potato
milk
egg
butter
pasta
pizza
cheese
wine
yogurt
protein powder
salt
pepper
bacon
fish
beef",icecream,0.0,chicken,,False,True,0,,iterative,14406199341961355000,,False
01KFVBAP4E3HVGRTK10C4BX6C3,28,meta-llama/Llama-3.3-70B-Instruct-Turbo,supermarket,"cart
cookie
salad
apple
banana
orange
tomato
carrot
blueberry
strawberry
onion
potato
milk
egg
butter
pasta
pizza
cheese
wine
yogurt
protein powder
salt
pepper
bacon
fish
beef
ice cream",flour,0.0,chicken,,False,True,0,,iterative,12563498242113386000,,False
01KFVBAP4E3HVGRTK10C4BX6C3,29,meta-llama/Llama-3.3-70B-Instruct-Turbo,supermarket,"cart
cookie
salad
apple
banana
orange
tomato
carrot
blueberry
strawberry
onion
potato
milk
egg
butter
pasta
pizza
cheese
wine
yogurt
protein powder
salt
pepper
bacon
fish
beef
ice cream
flour",sugar,0.0,sugar,,True,True,0,,iterative,4831583837566370000,,False
01KFVBAP4E3HVGRTK10C4BX6C3,30,meta-llama/Llama-3.3-70B-Instruct-Turbo,supermarket,"cart
cookie
salad
apple
banana
orange
tomato
carrot
blueberry
strawberry
onion
potato
milk
egg
butter
pasta
pizza
cheese
wine
yogurt
protein powder
salt
pepper
bacon
fish
beef
ice cream
flour
sugar",oliveoil,1.0,honey,,False,True,0,,iterative,16207436188009961000,,False
01KFVBAP4E3HVGRTK10C4BX6C3,31,meta-llama/Llama-3.3-70B-Instruct-Turbo,supermarket,"cart
cookie
salad
apple
banana
orange
tomato
carrot
blueberry
strawberry
onion
potato
milk
egg
butter
pasta
pizza
cheese
wine
yogurt
protein powder
salt
pepper
bacon
fish
beef
ice cream
flour
sugar
olive oil",popcorn,0.0,bakingpowder,,False,True,0,,iterative,13772372446688078000,,False
01KFVBAP4E3HVGRTK10C4BX6C3,32,meta-llama/Llama-3.3-70B-Instruct-Turbo,supermarket,"cart
cookie
salad
apple
banana
orange
tomato
carrot
blueberry
strawberry
onion
potato
milk
egg
butter
pasta
pizza
cheese
wine
yogurt
protein powder
salt
pepper
bacon
fish
beef
ice cream
flour
sugar
olive oil
popcorn",candy,0.0,chocolate,,False,True,0,,iterative,17241841747035615000,,False
01KFVBAP4E3HVGRTK10C4BX6C3,33,meta-llama/Llama-3.3-70B-Instruct-Turbo,supermarket,"cart
cookie
salad
apple
banana
orange
tomato
carrot
blueberry
strawberry
onion
potato
milk
egg
butter
pasta
pizza
cheese
wine
yogurt
protein powder
salt
pepper
bacon
fish
beef
ice cream
flour
sugar
olive oil
popcorn
candy",bagel,0.0,chocolate,,False,True,0,,iterative,3680355441639846000,,False
01KFVBAP4E3HVGRTK10C4BX6C3,34,meta-llama/Llama-3.3-70B-Instruct-Turbo,supermarket,"cart
cookie
salad
apple
banana
orange
tomato
carrot
blueberry
strawberry
onion
potato
milk
egg
butter
pasta
pizza
cheese
wine
yogurt
protein powder
salt
pepper
bacon
fish
beef
ice cream
flour
sugar
olive oil
popcorn
candy
bagel",muffin,0.0,creamcheese,,False,True,0,,iterative,1305696571371629600,,False
01KFVBAP4E3HVGRTK10C4BX6C3,35,meta-llama/Llama-3.3-70B-Instruct-Turbo,supermarket,"cart
cookie
salad
apple
banana
orange
tomato
carrot
blueberry
strawberry
onion
potato
milk
egg
butter
pasta
pizza
cheese
wine
yogurt
protein powder
salt
pepper
bacon
fish
beef
ice cream
flour
sugar
olive oil
popcorn
candy
bagel
muffin",cake,0.0,coffee,,False,True,0,,iterative,8933816099064007000,,False
01KFVBAP4E3HVGRTK10C4BX6C3,36,meta-llama/Llama-3.3-70B-Instruct-Turbo,supermarket,"cart
cookie
salad
apple
banana
orange
tomato
carrot
blueberry
strawberry
onion
potato
milk
egg
butter
pasta
pizza
cheese
wine
yogurt
protein powder
salt
pepper
bacon
fish
beef
ice cream
flour
sugar
olive oil
popcorn
candy
bagel
muffin
cake",jam,0.0,donut,,False,True,0,,iterative,16390945448449389000,,False
01KFVBAP4E3HVGRTK10C4BX6C3,37,meta-llama/Llama-3.3-70B-Instruct-Turbo,supermarket,"cart
cookie
salad
apple
banana
orange
tomato
carrot
blueberry
strawberry
onion
potato
milk
egg
butter
pasta
pizza
cheese
wine
yogurt
protein powder
salt
pepper
bacon
fish
beef
ice cream
flour
sugar
olive oil
popcorn
candy
bagel
muffin
cake
jam",peanutbutter,0.0,honey,,False,True,0,,iterative,11359826112833518000,,False
01KFVBAP4E3HVGRTK10C4BX6C3,38,meta-llama/Llama-3.3-70B-Instruct-Turbo,supermarket,"cart
cookie
salad
apple
banana
orange
tomato
carrot
blueberry
strawberry
onion
potato
milk
egg
butter
pasta
pizza
cheese
wine
yogurt
protein powder
salt
pepper
bacon
fish
beef
ice cream
flour
sugar
olive oil
popcorn
candy
bagel
muffin
cake
jam
peanut butter",coffee,0.0,jelly,,False,True,0,,iterative,13812308608439112000,,False
01KFVBAP4E3HVGRTK10C4BX6C3,39,meta-llama/Llama-3.3-70B-Instruct-Turbo,supermarket,"cart
cookie
salad
apple
banana
orange
tomato
carrot
blueberry
strawberry
onion
potato
milk
egg
butter
pasta
pizza
cheese
wine
yogurt
protein powder
salt
pepper
bacon
fish
beef
ice cream
flour
sugar
olive oil
popcorn
candy
bagel
muffin
cake
jam
peanut butter
coffee",beer,0.0,cream,,False,True,0,,iterative,2897125792938794500,,False
01KFVBAP4E3HVGRTK10C4BX6C3,40,meta-llama/Llama-3.3-70B-Instruct-Turbo,supermarket,"cart
cookie
salad
apple
banana
orange
tomato
carrot
blueberry
strawberry
onion
potato
milk
egg
butter
pasta
pizza
cheese
wine
yogurt
protein powder
salt
pepper
bacon
fish
beef
ice cream
flour
sugar
olive oil
popcorn
candy
bagel
muffin
cake
jam
peanut butter
coffee
beer",almondmilk,0.0,donut,,False,True,0,,iterative,17560758613590256000,,False
01KFVBAP4E3HVGRTK10C4BX6C3,41,meta-llama/Llama-3.3-70B-Instruct-Turbo,supermarket,"cart
cookie
salad
apple
banana
orange
tomato
carrot
blueberry
strawberry
onion
potato
milk
egg
butter
pasta
pizza
cheese
wine
yogurt
protein powder
salt
pepper
bacon
fish
beef
ice cream
flour
sugar
olive oil
popcorn
candy
bagel
muffin
cake
jam
peanut butter
coffee
beer
almond milk",coke,0.0,cream,,False,True,0,,iterative,4280150751157329400,,False
01KFVBAP4E3HVGRTK10C4BX6C3,42,meta-llama/Llama-3.3-70B-Instruct-Turbo,supermarket,"cart
cookie
salad
apple
banana
orange
tomato
carrot
blueberry
strawberry
onion
potato
milk
egg
butter
pasta
pizza
cheese
wine
yogurt
protein powder
salt
pepper
bacon
fish
beef
ice cream
flour
sugar
olive oil
popcorn
candy
bagel
muffin
cake
jam
peanut butter
coffee
beer
almond milk
coke",pepsi,0.0,donut,,False,True,0,,iterative,401560136999755500,,False
01KFVBAP4E3HVGRTK10C4BX6C3,43,meta-llama/Llama-3.3-70B-Instruct-Turbo,supermarket,"cart
cookie
salad
apple
banana
orange
tomato
carrot
blueberry
strawberry
onion
potato
milk
egg
butter
pasta
pizza
cheese
wine
yogurt
protein powder
salt
pepper
bacon
fish
beef
ice cream
flour
sugar
olive oil
popcorn
candy
bagel
muffin
cake
jam
peanut butter
coffee
beer
almond milk
coke
pepsi",papertowel,0.0,water,,False,True,0,,iterative,7598776311870366000,,False
01KFVBAP4E3HVGRTK10C4BX6C3,44,meta-llama/Llama-3.3-70B-Instruct-Turbo,supermarket,"cart
cookie
salad
apple
banana
orange
tomato
carrot
blueberry
strawberry
onion
potato
milk
egg
butter
pasta
pizza
cheese
wine
yogurt
protein powder
salt
pepper
bacon
fish
beef
ice cream
flour
sugar
olive oil
popcorn
candy
bagel
muffin
cake
jam
peanut butter
coffee
beer
almond milk
coke
pepsi
paper towel",detergent,0.0,toiletpaper,,False,True,0,,iterative,10311778246549895000,,False
01KFVBAP4E3HVGRTK10C4BX6C3,45,meta-llama/Llama-3.3-70B-Instruct-Turbo,supermarket,"cart
cookie
salad
apple
banana
orange
tomato
carrot
blueberry
strawberry
onion
potato
milk
egg
butter
pasta
pizza
cheese
wine
yogurt
protein powder
salt
pepper
bacon
fish
beef
ice cream
flour
sugar
olive oil
popcorn
candy
bagel
muffin
cake
jam
peanut butter
coffee
beer
almond milk
coke
pepsi
paper towel
detergent",tupperware,0.0,toiletpaper,,False,True,0,,iterative,1179790212539722000,,False
01KFVBAP4E3HVGRTK10C4BX6C3,46,meta-llama/Llama-3.3-70B-Instruct-Turbo,supermarket,"cart
cookie
salad
apple
banana
orange
tomato
carrot
blueberry
strawberry
onion
potato
milk
egg
butter
pasta
pizza
cheese
wine
yogurt
protein powder
salt
pepper
bacon
fish
beef
ice cream
flour
sugar
olive oil
popcorn
candy
bagel
muffin
cake
jam
peanut butter
coffee
beer
almond milk
coke
pepsi
paper towel
detergent
tupperware",candle,0.0,water,,False,True,0,,iterative,1931563938253361400,,False
01KFVBGFS0WCNGTKQDZQVXAD0Y,2,meta-llama/Llama-3.3-70B-Instruct-Turbo,supermarket,bread,milk,0.0,butter,,False,True,0,,iterative,5696048538448501000,butter,False
01KFVBGFS0WCNGTKQDZQVXAD0Y,3,meta-llama/Llama-3.3-70B-Instruct-Turbo,supermarket,"bread
milk",egg,0.0,eggs,,False,True,0,,iterative,9148863174112081000,egg,True
01KFVBGFS0WCNGTKQDZQVXAD0Y,4,meta-llama/Llama-3.3-70B-Instruct-Turbo,supermarket,"bread
milk
egg",bean,0.0,butter,,False,True,0,,iterative,5740836756384178000,cheese,False
01KFVBGFS0WCNGTKQDZQVXAD0Y,5,meta-llama/Llama-3.3-70B-Instruct-Turbo,supermarket,"bread
milk
egg
bean",rice,0.0,cheese,,False,True,0,,iterative,12536070569499847000,rice,True
01KFVBGFS0WCNGTKQDZQVXAD0Y,6,meta-llama/Llama-3.3-70B-Instruct-Turbo,supermarket,"bread
milk
egg
bean
rice",meat,0.0,chicken,,False,True,0,,iterative,10927689901082704000,chicken,False
01KFVBGFS0WCNGTKQDZQVXAD0Y,7,meta-llama/Llama-3.3-70B-Instruct-Turbo,supermarket,"bread
milk
egg
bean
rice
meat",beef,0.0,chicken,,False,True,0,,iterative,9822652976582238000,cheese,False
01KFVBGFS0WCNGTKQDZQVXAD0Y,8,meta-llama/Llama-3.3-70B-Instruct-Turbo,supermarket,"bread
milk
egg
bean
rice
meat
beef",pork,0.0,chicken,,False,True,0,,iterative,3846963355238576000,broccoli,False
01KFVBGFS0WCNGTKQDZQVXAD0Y,9,meta-llama/Llama-3.3-70B-Instruct-Turbo,supermarket,"bread
milk
egg
bean
rice
meat
beef
pork",chicken,0.0,chicken,,True,True,0,,iterative,14875916893199750000,sausage,False
01KFVBGFS0WCNGTKQDZQVXAD0Y,10,meta-llama/Llama-3.3-70B-Instruct-Turbo,supermarket,"bread
milk
egg
bean
rice
meat
beef
pork
chicken",turkey,1.0,turkey,,True,True,0,,iterative,9729811183492958000,fish,False
01KFVBGFS0WCNGTKQDZQVXAD0Y,11,meta-llama/Llama-3.3-70B-Instruct-Turbo,supermarket,"bread
milk
egg
bean
rice
meat
beef
pork
chicken
turkey",ham,1.0,lamb,,False,True,0,,iterative,3884284490541700600,ham,True
01KFVBGFS0WCNGTKQDZQVXAD0Y,12,meta-llama/Llama-3.3-70B-Instruct-Turbo,supermarket,"bread
milk
egg
bean
rice
meat
beef
pork
chicken
turkey
ham",lettuce,1.0,sausage,,False,True,0,,iterative,13713013101286630000,cheese,False
01KFVBGFS0WCNGTKQDZQVXAD0Y,13,meta-llama/Llama-3.3-70B-Instruct-Turbo,supermarket,"bread
milk
egg
bean
rice
meat
beef
pork
chicken
turkey
ham
lettuce",onion,1.0,tomato,,False,True,0,,iterative,2398338051209864000,tomato,False
01KFVBGFS0WCNGTKQDZQVXAD0Y,14,meta-llama/Llama-3.3-70B-Instruct-Turbo,supermarket,"bread
milk
egg
bean
rice
meat
beef
pork
chicken
turkey
ham
lettuce
onion",tomato,1.0,tomato,,True,True,0,,iterative,8646518311978927000,carrot,False
01KFVBGFS0WCNGTKQDZQVXAD0Y,15,meta-llama/Llama-3.3-70B-Instruct-Turbo,supermarket,"bread
milk
egg
bean
rice
meat
beef
pork
chicken
turkey
ham
lettuce
onion
tomato",eggplant,0.0,cucumber,,False,True,0,,iterative,10253666374518739000,carrot,False
01KFVBGFS0WCNGTKQDZQVXAD0Y,16,meta-llama/Llama-3.3-70B-Instruct-Turbo,supermarket,"bread
milk
egg
bean
rice
meat
beef
pork
chicken
turkey
ham
lettuce
onion
tomato
eggplant",cookie,0.0,pepper,,False,True,0,,iterative,6159322795194444000,banana,False
01KFVBGFS0WCNGTKQDZQVXAD0Y,17,meta-llama/Llama-3.3-70B-Instruct-Turbo,supermarket,"bread
milk
egg
bean
rice
meat
beef
pork
chicken
turkey
ham
lettuce
onion
tomato
eggplant
cookie",peanutbutter,1.0,cucumber,,False,True,0,,iterative,15306254549052094000,cake,False
01KFVBGFS0WCNGTKQDZQVXAD0Y,18,meta-llama/Llama-3.3-70B-Instruct-Turbo,supermarket,"bread
milk
egg
bean
rice
meat
beef
pork
chicken
turkey
ham
lettuce
onion
tomato
eggplant
cookie
peanut butter",jam,1.0,jelly,,False,True,0,,iterative,15040741433989898000,jelly,False
01KFVBGFS0WCNGTKQDZQVXAD0Y,19,meta-llama/Llama-3.3-70B-Instruct-Turbo,supermarket,"bread
milk
egg
bean
rice
meat
beef
pork
chicken
turkey
ham
lettuce
onion
tomato
eggplant
cookie
peanut butter
jam",cracker,0.0,butter,,False,True,0,,iterative,3603907732111302000,jelly,False
01KFVBGFS0WCNGTKQDZQVXAD0Y,20,meta-llama/Llama-3.3-70B-Instruct-Turbo,supermarket,"bread
milk
egg
bean
rice
meat
beef
pork
chicken
turkey
ham
lettuce
onion
tomato
eggplant
cookie
peanut butter
jam
cracker",chip,0.0,butter,,False,True,0,,iterative,4293076396772457500,cheese,False
01KFVBGFS0WCNGTKQDZQVXAD0Y,21,meta-llama/Llama-3.3-70B-Instruct-Turbo,supermarket,"bread
milk
egg
bean
rice
meat
beef
pork
chicken
turkey
ham
lettuce
onion
tomato
eggplant
cookie
peanut butter
jam
cracker
chip",popcorn,0.0,dip,,False,True,0,,iterative,14073747181722230000,dip,False
01KFVBGFS0WCNGTKQDZQVXAD0Y,22,meta-llama/Llama-3.3-70B-Instruct-Turbo,supermarket,"bread
milk
egg
bean
rice
meat
beef
pork
chicken
turkey
ham
lettuce
onion
tomato
eggplant
cookie
peanut butter
jam
cracker
chip
popcorn",soda,0.0,soda,,True,True,0,,iterative,16218915655685960000,butter,False
01KFVBGFS0WCNGTKQDZQVXAD0Y,23,meta-llama/Llama-3.3-70B-Instruct-Turbo,supermarket,"bread
milk
egg
bean
rice
meat
beef
pork
chicken
turkey
ham
lettuce
onion
tomato
eggplant
cookie
peanut butter
jam
cracker
chip
popcorn
soda",water,0.0,candy,,False,True,0,,iterative,4459668141631316500,juice,False
01KFVBGFS0WCNGTKQDZQVXAD0Y,24,meta-llama/Llama-3.3-70B-Instruct-Turbo,supermarket,"bread
milk
egg
bean
rice
meat
beef
pork
chicken
turkey
ham
lettuce
onion
tomato
eggplant
cookie
peanut butter
jam
cracker
chip
popcorn
soda
water",applejuice,0.0,juice,,False,True,0,,iterative,15997439102346777000,juice,False
01KFVBGFS0WCNGTKQDZQVXAD0Y,25,meta-llama/Llama-3.3-70B-Instruct-Turbo,supermarket,"bread
milk
egg
bean
rice
meat
beef
pork
chicken
turkey
ham
lettuce
onion
tomato
eggplant
cookie
peanut butter
jam
cracker
chip
popcorn
soda
water
apple juice",orangejuice,0.0,orangejuice,,True,True,0,,iterative,17079561117945938000,orange,False
01KFVBGFS0WCNGTKQDZQVXAD0Y,26,meta-llama/Llama-3.3-70B-Instruct-Turbo,supermarket,"bread
milk
egg
bean
rice
meat
beef
pork
chicken
turkey
ham
lettuce
onion
tomato
eggplant
cookie
peanut butter
jam
cracker
chip
popcorn
soda
water
apple juice
orange juice",tuna,0.0,grapes,,False,True,0,,iterative,2522841753047544000,pickle,False
01KFVBGFS0WCNGTKQDZQVXAD0Y,27,meta-llama/Llama-3.3-70B-Instruct-Turbo,supermarket,"bread
milk
egg
bean
rice
meat
beef
pork
chicken
turkey
ham
lettuce
onion
tomato
eggplant
cookie
peanut butter
jam
cracker
chip
popcorn
soda
water
apple juice
orange juice
tuna",orange,0.0,salmon,,False,True,0,,iterative,16174165352745930000,shrimp,False
01KFVBGFS0WCNGTKQDZQVXAD0Y,28,meta-llama/Llama-3.3-70B-Instruct-Turbo,supermarket,"bread
milk
egg
bean
rice
meat
beef
pork
chicken
turkey
ham
lettuce
onion
tomato
eggplant
cookie
peanut butter
jam
cracker
chip
popcorn
soda
water
apple juice
orange juice
tuna
orange",apple,0.0,grapefruit,,False,True,0,,iterative,5539843746187404000,soda,False
01KFVBGFS0WCNGTKQDZQVXAD0Y,29,meta-llama/Llama-3.3-70B-Instruct-Turbo,supermarket,"bread
milk
egg
bean
rice
meat
beef
pork
chicken
turkey
ham
lettuce
onion
tomato
eggplant
cookie
peanut butter
jam
cracker
chip
popcorn
soda
water
apple juice
orange juice
tuna
orange
apple",lemon,0.0,banana,,False,True,0,,iterative,3428885501770921500,pineapple,False
01KFVBGFS0WCNGTKQDZQVXAD0Y,30,meta-llama/Llama-3.3-70B-Instruct-Turbo,supermarket,"bread
milk
egg
bean
rice
meat
beef
pork
chicken
turkey
ham
lettuce
onion
tomato
eggplant
cookie
peanut butter
jam
cracker
chip
popcorn
soda
water
apple juice
orange juice
tuna
orange
apple
lemon",lime,0.0,grapefruit,,False,True,0,,iterative,11782702466351649000,lime,True
01KFVBGFS0WCNGTKQDZQVXAD0Y,31,meta-llama/Llama-3.3-70B-Instruct-Turbo,supermarket,"bread
milk
egg
bean
rice
meat
beef
pork
chicken
turkey
ham
lettuce
onion
tomato
eggplant
cookie
peanut butter
jam
cracker
chip
popcorn
soda
water
apple juice
orange juice
tuna
orange
apple
lemon
lime",potato,0.0,grapefruit,,False,True,0,,iterative,17960195102088206000,pie,False
01KFVBGFS0WCNGTKQDZQVXAD0Y,32,meta-llama/Llama-3.3-70B-Instruct-Turbo,supermarket,"bread
milk
egg
bean
rice
meat
beef
pork
chicken
turkey
ham
lettuce
onion
tomato
eggplant
cookie
peanut butter
jam
cracker
chip
popcorn
soda
water
apple juice
orange juice
tuna
orange
apple
lemon
lime
potato",beer,0.0,carrot,,False,True,0,,iterative,12837371447475583000,onion,False
01KFVBGFS0WCNGTKQDZQVXAD0Y,33,meta-llama/Llama-3.3-70B-Instruct-Turbo,supermarket,"bread
milk
egg
bean
rice
meat
beef
pork
chicken
turkey
ham
lettuce
onion
tomato
eggplant
cookie
peanut butter
jam
cracker
chip
popcorn
soda
water
apple juice
orange juice
tuna
orange
apple
lemon
lime
potato
beer",wine,0.0,carrot,,False,True,0,,iterative,160396380951141380,wine,True
01KFVBGFS0WCNGTKQDZQVXAD0Y,34,meta-llama/Llama-3.3-70B-Instruct-Turbo,supermarket,"bread
milk
egg
bean
rice
meat
beef
pork
chicken
turkey
ham
lettuce
onion
tomato
eggplant
cookie
peanut butter
jam
cracker
chip
popcorn
soda
water
apple juice
orange juice
tuna
orange
apple
lemon
lime
potato
beer
wine",liquor,0.0,cheese,,False,True,0,,iterative,7340676851251629000,cheese,False
01KFVBGFS0WCNGTKQDZQVXAD0Y,35,meta-llama/Llama-3.3-70B-Instruct-Turbo,supermarket,"bread
milk
egg
bean
rice
meat
beef
pork
chicken
turkey
ham
lettuce
onion
tomato
eggplant
cookie
peanut butter
jam
cracker
chip
popcorn
soda
water
apple juice
orange juice
tuna
orange
apple
lemon
lime
potato
beer
wine
liquor",diaper,0.0,cheese,,False,True,0,,iterative,14876021524381776000,soda,False
01KFVBGFS0WCNGTKQDZQVXAD0Y,36,meta-llama/Llama-3.3-70B-Instruct-Turbo,supermarket,"bread
milk
egg
bean
rice
meat
beef
pork
chicken
turkey
ham
lettuce
onion
tomato
eggplant
cookie
peanut butter
jam
cracker
chip
popcorn
soda
water
apple juice
orange juice
tuna
orange
apple
lemon
lime
potato
beer
wine
liquor
diaper",babywipe,0.0,formula,,False,True,0,,iterative,12008161173258148000,wipe,False
01KFVBGFS0WCNGTKQDZQVXAD0Y,37,meta-llama/Llama-3.3-70B-Instruct-Turbo,supermarket,"bread
milk
egg
bean
rice
meat
beef
pork
chicken
turkey
ham
lettuce
onion
tomato
eggplant
cookie
peanut butter
jam
cracker
chip
popcorn
soda
water
apple juice
orange juice
tuna
orange
apple
lemon
lime
potato
beer
wine
liquor
diaper
baby wipe",toiletpaper,0.0,formula,,False,True,0,,iterative,282258228128022980,formula,False
01KFVBGFS0WCNGTKQDZQVXAD0Y,38,meta-llama/Llama-3.3-70B-Instruct-Turbo,supermarket,"bread
milk
egg
bean
rice
meat
beef
pork
chicken
turkey
ham
lettuce
onion
tomato
eggplant
cookie
peanut butter
jam
cracker
chip
popcorn
soda
water
apple juice
orange juice
tuna
orange
apple
lemon
lime
potato
beer
wine
liquor
diaper
baby wipe
toilet paper",cheese,0.0,papertowel,,False,True,0,,iterative,9356421924236003000,paper towel,False
01KFVBGFS0WCNGTKQDZQVXAD0Y,39,meta-llama/Llama-3.3-70B-Instruct-Turbo,supermarket,"bread
milk
egg
bean
rice
meat
beef
pork
chicken
turkey
ham
lettuce
onion
tomato
eggplant
cookie
peanut butter
jam
cracker
chip
popcorn
soda
water
apple juice
orange juice
tuna
orange
apple
lemon
lime
potato
beer
wine
liquor
diaper
baby wipe
toilet paper
cheese",salami,0.0,butter,,False,True,0,,iterative,4554335913767342600,butter,False
01KFVBGFS0WCNGTKQDZQVXAD0Y,40,meta-llama/Llama-3.3-70B-Instruct-Turbo,supermarket,"bread
milk
egg
bean
rice
meat
beef
pork
chicken
turkey
ham
lettuce
onion
tomato
eggplant
cookie
peanut butter
jam
cracker
chip
popcorn
soda
water
apple juice
orange juice
tuna
orange
apple
lemon
lime
potato
beer
wine
liquor
diaper
baby wipe
toilet paper
cheese
salami",pickle,0.0,provolone,,False,True,0,,iterative,10940159693885825000,ham,False
01KFVBGFS0WCNGTKQDZQVXAD0Y,41,meta-llama/Llama-3.3-70B-Instruct-Turbo,supermarket,"bread
milk
egg
bean
rice
meat
beef
pork
chicken
turkey
ham
lettuce
onion
tomato
eggplant
cookie
peanut butter
jam
cracker
chip
popcorn
soda
water
apple juice
orange juice
tuna
orange
apple
lemon
lime
potato
beer
wine
liquor
diaper
baby wipe
toilet paper
cheese
salami
pickle",olive,0.0,olive,,True,True,0,,iterative,15765998715039758000,pepperoni,False
01KFVBGFS0WCNGTKQDZQVXAD0Y,42,meta-llama/Llama-3.3-70B-Instruct-Turbo,supermarket,"bread
milk
egg
bean
rice
meat
beef
pork
chicken
turkey
ham
lettuce
onion
tomato
eggplant
cookie
peanut butter
jam
cracker
chip
popcorn
soda
water
apple juice
orange juice
tuna
orange
apple
lemon
lime
potato
beer
wine
liquor
diaper
baby wipe
toilet paper
cheese
salami
pickle
olive",peach,0.0,pepper,,False,True,0,,iterative,5545945134663105000,oil,False
01KFVBGFS0WCNGTKQDZQVXAD0Y,43,meta-llama/Llama-3.3-70B-Instruct-Turbo,supermarket,"bread
milk
egg
bean
rice
meat
beef
pork
chicken
turkey
ham
lettuce
onion
tomato
eggplant
cookie
peanut butter
jam
cracker
chip
popcorn
soda
water
apple juice
orange juice
tuna
orange
apple
lemon
lime
potato
beer
wine
liquor
diaper
baby wipe
toilet paper
cheese
salami
pickle
olive
peach",pineapple,0.0,pear,,False,True,0,,iterative,11523770496713837000,plum,False
01KFVBGFS0WCNGTKQDZQVXAD0Y,44,meta-llama/Llama-3.3-70B-Instruct-Turbo,supermarket,"bread
milk
egg
bean
rice
meat
beef
pork
chicken
turkey
ham
lettuce
onion
tomato
eggplant
cookie
peanut butter
jam
cracker
chip
popcorn
soda
water
apple juice
orange juice
tuna
orange
apple
lemon
lime
potato
beer
wine
liquor
diaper
baby wipe
toilet paper
cheese
salami
pickle
olive
peach
pineapple",cherry,0.0,grapes,,False,True,0,,iterative,9272951288028633000,strawberry,False
01KFVBGFS0WCNGTKQDZQVXAD0Y,45,meta-llama/Llama-3.3-70B-Instruct-Turbo,supermarket,"bread
milk
egg
bean
rice
meat
beef
pork
chicken
turkey
ham
lettuce
onion
tomato
eggplant
cookie
peanut butter
jam
cracker
chip
popcorn
soda
water
apple juice
orange juice
tuna
orange
apple
lemon
lime
potato
beer
wine
liquor
diaper
baby wipe
toilet paper
cheese
salami
pickle
olive
peach
pineapple
cherry",blueberry,0.0,grapes,,False,True,0,,iterative,15665990319868482000,strawberry,False
01KFVBKPWAM1FPX5A7F5TYB5G0,2,meta-llama/Llama-3.3-70B-Instruct-Turbo,supermarket,milk,egg,0.0,cereal,,False,True,0,,iterative,8875482656759520000,cow,False
01KFVBKPWAM1FPX5A7F5TYB5G0,3,meta-llama/Llama-3.3-70B-Instruct-Turbo,supermarket,"milk
egg",bacon,1.0,cheese,,False,True,0,,iterative,10097351751646872000,bread,False
01KFVBKPWAM1FPX5A7F5TYB5G0,4,meta-llama/Llama-3.3-70B-Instruct-Turbo,supermarket,"milk
egg
bacon",soda,1.0,pancakes,,False,True,0,,iterative,14122951704209107000,sausage,False
01KFVBKPWAM1FPX5A7F5TYB5G0,5,meta-llama/Llama-3.3-70B-Instruct-Turbo,supermarket,"milk
egg
bacon
soda",water,0.0,pancakes,,False,True,0,,iterative,16669856423673560000,fizzy,False
01KFVBKPWAM1FPX5A7F5TYB5G0,6,meta-llama/Llama-3.3-70B-Instruct-Turbo,supermarket,"milk
egg
bacon
soda
water",steak,1.0,orangejuice,,False,True,0,,iterative,10511055438582182000,coffee,False
01KFVBKPWAM1FPX5A7F5TYB5G0,7,meta-llama/Llama-3.3-70B-Instruct-Turbo,supermarket,"milk
egg
bacon
soda
water
steak",pork,0.0,potatoes,,False,True,0,,iterative,3708963147601762000,meat,False
01KFVBKPWAM1FPX5A7F5TYB5G0,8,meta-llama/Llama-3.3-70B-Instruct-Turbo,supermarket,"milk
egg
bacon
soda
water
steak
pork",chicken,0.0,chicken,,True,True,0,,iterative,18325159008738306000,chop,False
01KFVBKPWAM1FPX5A7F5TYB5G0,9,meta-llama/Llama-3.3-70B-Instruct-Turbo,supermarket,"milk
egg
bacon
soda
water
steak
pork
chicken",cheese,1.0,turkey,,False,True,0,,iterative,17491023657433137000,beef,False
01KFVBKPWAM1FPX5A7F5TYB5G0,10,meta-llama/Llama-3.3-70B-Instruct-Turbo,supermarket,"milk
egg
bacon
soda
water
steak
pork
chicken
cheese",pepperoni,0.0,yogurt,,False,True,0,,iterative,8064878008515552000,butter,False
01KFVBKPWAM1FPX5A7F5TYB5G0,11,meta-llama/Llama-3.3-70B-Instruct-Turbo,supermarket,"milk
egg
bacon
soda
water
steak
pork
chicken
cheese
pepperoni",lasagna,0.0,sausage,,False,True,0,,iterative,11889554452758590000,tomato,False
01KFVBKPWAM1FPX5A7F5TYB5G0,12,meta-llama/Llama-3.3-70B-Instruct-Turbo,supermarket,"milk
egg
bacon
soda
water
steak
pork
chicken
cheese
pepperoni
lasagna",orange,1.0,garlic,,False,True,0,,iterative,17039906634470902000,garlic bread,False
01KFVBKPWAM1FPX5A7F5TYB5G0,13,meta-llama/Llama-3.3-70B-Instruct-Turbo,supermarket,"milk
egg
bacon
soda
water
steak
pork
chicken
cheese
pepperoni
lasagna
orange",grape,0.0,apples,,False,True,0,,iterative,4575898609234860000,apple,False
01KFVBKPWAM1FPX5A7F5TYB5G0,14,meta-llama/Llama-3.3-70B-Instruct-Turbo,supermarket,"milk
egg
bacon
soda
water
steak
pork
chicken
cheese
pepperoni
lasagna
orange
grape",berry,0.0,apple,,False,True,0,,iterative,1219853283824750800,orange,False
01KFVBKPWAM1FPX5A7F5TYB5G0,15,meta-llama/Llama-3.3-70B-Instruct-Turbo,supermarket,"milk
egg
bacon
soda
water
steak
pork
chicken
cheese
pepperoni
lasagna
orange
grape
berry",apple,0.0,apple,,True,True,0,,iterative,13548438947201706000,fruit,False
01KFVBKPWAM1FPX5A7F5TYB5G0,16,meta-llama/Llama-3.3-70B-Instruct-Turbo,supermarket,"milk
egg
bacon
soda
water
steak
pork
chicken
cheese
pepperoni
lasagna
orange
grape
berry
apple",pear,0.0,pear,,True,True,0,,iterative,5349855303438261000,banana,False
01KFVBKPWAM1FPX5A7F5TYB5G0,17,meta-llama/Llama-3.3-70B-Instruct-Turbo,supermarket,"milk
egg
bacon
soda
water
steak
pork
chicken
cheese
pepperoni
lasagna
orange
grape
berry
apple
pear",pea,1.0,banana,,False,True,0,,iterative,15867213648639120000,banana,False
01KFVBKPWAM1FPX5A7F5TYB5G0,18,meta-llama/Llama-3.3-70B-Instruct-Turbo,supermarket,"milk
egg
bacon
soda
water
steak
pork
chicken
cheese
pepperoni
lasagna
orange
grape
berry
apple
pear
pea",carrot,0.0,carrot,,True,True,0,,iterative,9896172945657295000,sweetcorn,False
01KFVBKPWAM1FPX5A7F5TYB5G0,19,meta-llama/Llama-3.3-70B-Instruct-Turbo,supermarket,"milk
egg
bacon
soda
water
steak
pork
chicken
cheese
pepperoni
lasagna
orange
grape
berry
apple
pear
pea
carrot",lettuce,0.0,broccoli,,False,True,0,,iterative,5958929675898772000,potato,False
01KFVBKPWAM1FPX5A7F5TYB5G0,20,meta-llama/Llama-3.3-70B-Instruct-Turbo,supermarket,"milk
egg
bacon
soda
water
steak
pork
chicken
cheese
pepperoni
lasagna
orange
grape
berry
apple
pear
pea
carrot
lettuce",spinach,0.0,tomato,,False,True,0,,iterative,18004134457189997000,tomato,False
01KFVBKPWAM1FPX5A7F5TYB5G0,21,meta-llama/Llama-3.3-70B-Instruct-Turbo,supermarket,"milk
egg
bacon
soda
water
steak
pork
chicken
cheese
pepperoni
lasagna
orange
grape
berry
apple
pear
pea
carrot
lettuce
spinach",juice,1.0,broccoli,,False,True,0,,iterative,11804811959764492000,kale,False
01KFVBKPWAM1FPX5A7F5TYB5G0,22,meta-llama/Llama-3.3-70B-Instruct-Turbo,supermarket,"milk
egg
bacon
soda
water
steak
pork
chicken
cheese
pepperoni
lasagna
orange
grape
berry
apple
pear
pea
carrot
lettuce
spinach
juice",tea,0.0,broccoli,,False,True,0,,iterative,4031112370123402000,water,False
01KFVBKPWAM1FPX5A7F5TYB5G0,23,meta-llama/Llama-3.3-70B-Instruct-Turbo,supermarket,"milk
egg
bacon
soda
water
steak
pork
chicken
cheese
pepperoni
lasagna
orange
grape
berry
apple
pear
pea
carrot
lettuce
spinach
juice
tea",coffee,0.0,coffee,,True,True,0,,iterative,10288292218467025000,coffee,True
01KFVBKPWAM1FPX5A7F5TYB5G0,24,meta-llama/Llama-3.3-70B-Instruct-Turbo,supermarket,"milk
egg
bacon
soda
water
steak
pork
chicken
cheese
pepperoni
lasagna
orange
grape
berry
apple
pear
pea
carrot
lettuce
spinach
juice
tea
coffee",soap,1.0,sugar,,False,True,0,,iterative,8211389576618744000,cocoa,False
01KFVBKPWAM1FPX5A7F5TYB5G0,25,meta-llama/Llama-3.3-70B-Instruct-Turbo,supermarket,"milk
egg
bacon
soda
water
steak
pork
chicken
cheese
pepperoni
lasagna
orange
grape
berry
apple
pear
pea
carrot
lettuce
spinach
juice
tea
coffee
soap",catlitter,1.0,toothpaste,,False,True,0,,iterative,6898852323957079000,shower gel,False
01KFVBKPWAM1FPX5A7F5TYB5G0,26,meta-llama/Llama-3.3-70B-Instruct-Turbo,supermarket,"milk
egg
bacon
soda
water
steak
pork
chicken
cheese
pepperoni
lasagna
orange
grape
berry
apple
pear
pea
carrot
lettuce
spinach
juice
tea
coffee
soap
cat litter",bread,1.0,toiletpaper,,False,True,0,,iterative,12294664023903158000,cat food,False
01KFVBKPWAM1FPX5A7F5TYB5G0,27,meta-llama/Llama-3.3-70B-Instruct-Turbo,supermarket,"milk
egg
bacon
soda
water
steak
pork
chicken
cheese
pepperoni
lasagna
orange
grape
berry
apple
pear
pea
carrot
lettuce
spinach
juice
tea
coffee
soap
cat litter
bread",biscuit,0.0,butter,,False,True,0,,iterative,13907958399149996000,butter,False
01KFVBKPWAM1FPX5A7F5TYB5G0,28,meta-llama/Llama-3.3-70B-Instruct-Turbo,supermarket,"milk
egg
bacon
soda
water
steak
pork
chicken
cheese
pepperoni
lasagna
orange
grape
berry
apple
pear
pea
carrot
lettuce
spinach
juice
tea
coffee
soap
cat litter
bread
biscuit",seed,1.0,butter,,False,True,0,,iterative,9373895272627010000,crisp,False
01KFVBKPWAM1FPX5A7F5TYB5G0,29,meta-llama/Llama-3.3-70B-Instruct-Turbo,supermarket,"milk
egg
bacon
soda
water
steak
pork
chicken
cheese
pepperoni
lasagna
orange
grape
berry
apple
pear
pea
carrot
lettuce
spinach
juice
tea
coffee
soap
cat litter
bread
biscuit
seed",nut,0.0,flour,,False,True,0,,iterative,16646915447781570000,nut,True
01KFVBKPWAM1FPX5A7F5TYB5G0,30,meta-llama/Llama-3.3-70B-Instruct-Turbo,supermarket,"milk
egg
bacon
soda
water
steak
pork
chicken
cheese
pepperoni
lasagna
orange
grape
berry
apple
pear
pea
carrot
lettuce
spinach
juice
tea
coffee
soap
cat litter
bread
biscuit
seed
nut",peanut,0.0,flour,,False,True,0,,iterative,4725993749946598000,granola,False
01KFVBKPWAM1FPX5A7F5TYB5G0,31,meta-llama/Llama-3.3-70B-Instruct-Turbo,supermarket,"milk
egg
bacon
soda
water
steak
pork
chicken
cheese
pepperoni
lasagna
orange
grape
berry
apple
pear
pea
carrot
lettuce
spinach
juice
tea
coffee
soap
cat litter
bread
biscuit
seed
nut
peanut",toothbrush,1.0,butter,,False,True,0,,iterative,15972355073003028000,walnut,False
01KFVBKPWAM1FPX5A7F5TYB5G0,32,meta-llama/Llama-3.3-70B-Instruct-Turbo,supermarket,"milk
egg
bacon
soda
water
steak
pork
chicken
cheese
pepperoni
lasagna
orange
grape
berry
apple
pear
pea
carrot
lettuce
spinach
juice
tea
coffee
soap
cat litter
bread
biscuit
seed
nut
peanut
toothbrush",toothpaste,0.0,toothpaste,,True,True,0,,iterative,2369745326624273000,toothpaste,True
01KFVBKPWAM1FPX5A7F5TYB5G0,33,meta-llama/Llama-3.3-70B-Instruct-Turbo,supermarket,"milk
egg
bacon
soda
water
steak
pork
chicken
cheese
pepperoni
lasagna
orange
grape
berry
apple
pear
pea
carrot
lettuce
spinach
juice
tea
coffee
soap
cat litter
bread
biscuit
seed
nut
peanut
toothbrush
toothpaste",mouthwash,0.0,shampoo,,False,True,0,,iterative,10774768706449023000,floss,False
01KFVBKPWAM1FPX5A7F5TYB5G0,34,meta-llama/Llama-3.3-70B-Instruct-Turbo,supermarket,"milk
egg
bacon
soda
water
steak
pork
chicken
cheese
pepperoni
lasagna
orange
grape
berry
apple
pear
pea
carrot
lettuce
spinach
juice
tea
coffee
soap
cat litter
bread
biscuit
seed
nut
peanut
toothbrush
toothpaste
mouthwash",dentalfloss,0.0,floss,,False,True,0,,iterative,11414911340802218000,floss,False
01KFVBKPWAM1FPX5A7F5TYB5G0,35,meta-llama/Llama-3.3-70B-Instruct-Turbo,supermarket,"milk
egg
bacon
soda
water
steak
pork
chicken
cheese
pepperoni
lasagna
orange
grape
berry
apple
pear
pea
carrot
lettuce
spinach
juice
tea
coffee
soap
cat litter
bread
biscuit
seed
nut
peanut
toothbrush
toothpaste
mouthwash
dental floss",coffeecreamer,1.0,shampoo,,False,True,0,,iterative,7475198007464893000,bubble bath,False
01KFVBKPWAM1FPX5A7F5TYB5G0,36,meta-llama/Llama-3.3-70B-Instruct-Turbo,supermarket,"milk
egg
bacon
soda
water
steak
pork
chicken
cheese
pepperoni
lasagna
orange
grape
berry
apple
pear
pea
carrot
lettuce
spinach
juice
tea
coffee
soap
cat litter
bread
biscuit
seed
nut
peanut
toothbrush
toothpaste
mouthwash
dental floss
coffee creamer",spam,1.0,sugar,,False,True,0,,iterative,6148784208963626000,sugar,False
01KFVBKPWAM1FPX5A7F5TYB5G0,37,meta-llama/Llama-3.3-70B-Instruct-Turbo,supermarket,"milk
egg
bacon
soda
water
steak
pork
chicken
cheese
pepperoni
lasagna
orange
grape
berry
apple
pear
pea
carrot
lettuce
spinach
juice
tea
coffee
soap
cat litter
bread
biscuit
seed
nut
peanut
toothbrush
toothpaste
mouthwash
dental floss
coffee creamer
spam",chocolate,1.0,cereal,,False,True,0,,iterative,3936197684604673000,ham,False
01KFVBKPWAM1FPX5A7F5TYB5G0,38,meta-llama/Llama-3.3-70B-Instruct-Turbo,supermarket,"milk
egg
bacon
soda
water
steak
pork
chicken
cheese
pepperoni
lasagna
orange
grape
berry
apple
pear
pea
carrot
lettuce
spinach
juice
tea
coffee
soap
cat litter
bread
biscuit
seed
nut
peanut
toothbrush
toothpaste
mouthwash
dental floss
coffee creamer
spam
chocolate",candy,0.0,donut,,False,True,0,,iterative,6610226490303660000,crisp,False
01KFVBKPWAM1FPX5A7F5TYB5G0,39,meta-llama/Llama-3.3-70B-Instruct-Turbo,supermarket,"milk
egg
bacon
soda
water
steak
pork
chicken
cheese
pepperoni
lasagna
orange
grape
berry
apple
pear
pea
carrot
lettuce
spinach
juice
tea
coffee
soap
cat litter
bread
biscuit
seed
nut
peanut
toothbrush
toothpaste
mouthwash
dental floss
coffee creamer
spam
chocolate
candy",muffin,1.0,donut,,False,True,0,,iterative,18218041012442974000,chip,False
01KFVBKPWAM1FPX5A7F5TYB5G0,40,meta-llama/Llama-3.3-70B-Instruct-Turbo,supermarket,"milk
egg
bacon
soda
water
steak
pork
chicken
cheese
pepperoni
lasagna
orange
grape
berry
apple
pear
pea
carrot
lettuce
spinach
juice
tea
coffee
soap
cat litter
bread
biscuit
seed
nut
peanut
toothbrush
toothpaste
mouthwash
dental floss
coffee creamer
spam
chocolate
candy
muffin",doughnut,0.0,donut,,False,True,0,,iterative,16392911205343052000,cake,False
01KFVBKPWAM1FPX5A7F5TYB5G0,41,meta-llama/Llama-3.3-70B-Instruct-Turbo,supermarket,"milk
egg
bacon
soda
water
steak
pork
chicken
cheese
pepperoni
lasagna
orange
grape
berry
apple
pear
pea
carrot
lettuce
spinach
juice
tea
coffee
soap
cat litter
bread
biscuit
seed
nut
peanut
toothbrush
toothpaste
mouthwash
dental floss
coffee creamer
spam
chocolate
candy
muffin
doughnut",bagel,0.0,cake,,False,True,0,,iterative,5510156648918147000,cake,False
01KFVBKPWAM1FPX5A7F5TYB5G0,42,meta-llama/Llama-3.3-70B-Instruct-Turbo,supermarket,"milk
egg
bacon
soda
water
steak
pork
chicken
cheese
pepperoni
lasagna
orange
grape
berry
apple
pear
pea
carrot
lettuce
spinach
juice
tea
coffee
soap
cat litter
bread
biscuit
seed
nut
peanut
toothbrush
toothpaste
mouthwash
dental floss
coffee creamer
spam
chocolate
candy
muffin
doughnut
bagel",cake,0.0,croissant,,False,True,0,,iterative,12359446255576869000,roll,False
01KFVBKPWAM1FPX5A7F5TYB5G0,43,meta-llama/Llama-3.3-70B-Instruct-Turbo,supermarket,"milk
egg
bacon
soda
water
steak
pork
chicken
cheese
pepperoni
lasagna
orange
grape
berry
apple
pear
pea
carrot
lettuce
spinach
juice
tea
coffee
soap
cat litter
bread
biscuit
seed
nut
peanut
toothbrush
toothpaste
mouthwash
dental floss
coffee creamer
spam
chocolate
candy
muffin
doughnut
bagel
cake",icecream,0.0,cookie,,False,True,0,,iterative,15817313819478411000,biscuit,False
01KFVBKPWAM1FPX5A7F5TYB5G0,44,meta-llama/Llama-3.3-70B-Instruct-Turbo,supermarket,"milk
egg
bacon
soda
water
steak
pork
chicken
cheese
pepperoni
lasagna
orange
grape
berry
apple
pear
pea
carrot
lettuce
spinach
juice
tea
coffee
soap
cat litter
bread
biscuit
seed
nut
peanut
toothbrush
toothpaste
mouthwash
dental floss
coffee creamer
spam
chocolate
candy
muffin
doughnut
bagel
cake
ice cream",sourcream,1.0,whippedcream,,False,True,0,,iterative,2884533076853264000,ice lolly,False
01KFVBKPWAM1FPX5A7F5TYB5G0,45,meta-llama/Llama-3.3-70B-Instruct-Turbo,supermarket,"milk
egg
bacon
soda
water
steak
pork
chicken
cheese
pepperoni
lasagna
orange
grape
berry
apple
pear
pea
carrot
lettuce
spinach
juice
tea
coffee
soap
cat litter
bread
biscuit
seed
nut
peanut
toothbrush
toothpaste
mouthwash
dental floss
coffee creamer
spam
chocolate
candy
muffin
doughnut
bagel
cake
ice cream
sour cream",yogurt,0.0,yogurt,,True,True,0,,iterative,11943102418493049000,salsa,False
01KFVBKPWAM1FPX5A7F5TYB5G0,46,meta-llama/Llama-3.3-70B-Instruct-Turbo,supermarket,"milk
egg
bacon
soda
water
steak
pork
chicken
cheese
pepperoni
lasagna
orange
grape
berry
apple
pear
pea
carrot
lettuce
spinach
juice
tea
coffee
soap
cat litter
bread
biscuit
seed
nut
peanut
toothbrush
toothpaste
mouthwash
dental floss
coffee creamer
spam
chocolate
candy
muffin
doughnut
bagel
cake
ice cream
sour cream
yogurt",ham,1.0,honey,,False,True,0,,iterative,13957140414751371000,salsa,False
01KFVBKPWAM1FPX5A7F5TYB5G0,47,meta-llama/Llama-3.3-70B-Instruct-Turbo,supermarket,"milk
egg
bacon
soda
water
steak
pork
chicken
cheese
pepperoni
lasagna
orange
grape
berry
apple
pear
pea
carrot
lettuce
spinach
juice
tea
coffee
soap
cat litter
bread
biscuit
seed
nut
peanut
toothbrush
toothpaste
mouthwash
dental floss
coffee creamer
spam
chocolate
candy
muffin
doughnut
bagel
cake
ice cream
sour cream
yogurt
ham",fish,0.0,turkey,,False,True,0,,iterative,15360793311156462000,butter,False
01KFVBKPWAM1FPX5A7F5TYB5G0,48,meta-llama/Llama-3.3-70B-Instruct-Turbo,supermarket,"milk
egg
bacon
soda
water
steak
pork
chicken
cheese
pepperoni
lasagna
orange
grape
berry
apple
pear
pea
carrot
lettuce
spinach
juice
tea
coffee
soap
cat litter
bread
biscuit
seed
nut
peanut
toothbrush
toothpaste
mouthwash
dental floss
coffee creamer
spam
chocolate
candy
muffin
doughnut
bagel
cake
ice cream
sour cream
yogurt
ham
fish",shrimp,0.0,turkey,,False,True,0,,iterative,10946651409844548000,fry,False
01KFVBKPWAM1FPX5A7F5TYB5G0,49,meta-llama/Llama-3.3-70B-Instruct-Turbo,supermarket,"milk
egg
bacon
soda
water
steak
pork
chicken
cheese
pepperoni
lasagna
orange
grape
berry
apple
pear
pea
carrot
lettuce
spinach
juice
tea
coffee
soap
cat litter
bread
biscuit
seed
nut
peanut
toothbrush
toothpaste
mouthwash
dental floss
coffee creamer
spam
chocolate
candy
muffin
doughnut
bagel
cake
ice cream
sour cream
yogurt
ham
fish
shrimp",lobster,0.0,lobster,,True,True,0,,iterative,18385923824648569000,salmon,False
01KFVBKPWAM1FPX5A7F5TYB5G0,50,meta-llama/Llama-3.3-70B-Instruct-Turbo,supermarket,"milk
egg
bacon
soda
water
steak
pork
chicken
cheese
pepperoni
lasagna
orange
grape
berry
apple
pear
pea
carrot
lettuce
spinach
juice
tea
coffee
soap
cat litter
bread
biscuit
seed
nut
peanut
toothbrush
toothpaste
mouthwash
dental floss
coffee creamer
spam
chocolate
candy
muffin
doughnut
bagel
cake
ice cream
sour cream
yogurt
ham
fish
shrimp
lobster",crab,0.0,crab,,True,True,0,,iterative,11387231016686162000,crab,True
01KFVBKPWAM1FPX5A7F5TYB5G0,51,meta-llama/Llama-3.3-70B-Instruct-Turbo,supermarket,"milk
egg
bacon
soda
water
steak
pork
chicken
cheese
pepperoni
lasagna
orange
grape
berry
apple
pear
pea
carrot
lettuce
spinach
juice
tea
coffee
soap
cat litter
bread
biscuit
seed
nut
peanut
toothbrush
toothpaste
mouthwash
dental floss
coffee creamer
spam
chocolate
candy
muffin
doughnut
bagel
cake
ice cream
sour cream
yogurt
ham
fish
shrimp
lobster
crab",crouton,1.0,clams,,False,True,0,,iterative,9969274118230300000,oyster,False
01KFVBM22SHD2BFRWYEJW8J41R,2,meta-llama/Llama-3.3-70B-Instruct-Turbo,supermarket,bean,lettuce,1.0,rice,,False,True,0,,iterative,11382264203607292000,bread,False
01KFVBM22SHD2BFRWYEJW8J41R,3,meta-llama/Llama-3.3-70B-Instruct-Turbo,supermarket,"bean
lettuce",fruit,1.0,tomato,,False,True,0,,iterative,6102218600442153000,tomato,False
01KFVBM22SHD2BFRWYEJW8J41R,4,meta-llama/Llama-3.3-70B-Instruct-Turbo,supermarket,"bean
lettuce
fruit",salami,0.0,tomato,,False,True,0,,iterative,312482800679086400,bread,False
01KFVBM22SHD2BFRWYEJW8J41R,5,meta-llama/Llama-3.3-70B-Instruct-Turbo,supermarket,"bean
lettuce
fruit
salami",fish,0.0,cheese,,False,True,0,,iterative,4993411782442799000,cheese,False
01KFVBM22SHD2BFRWYEJW8J41R,6,meta-llama/Llama-3.3-70B-Instruct-Turbo,supermarket,"bean
lettuce
fruit
salami
fish",meat,0.0,cheese,,False,True,0,,iterative,2136369989329952500,chip,False
01KFVBM22SHD2BFRWYEJW8J41R,7,meta-llama/Llama-3.3-70B-Instruct-Turbo,supermarket,"bean
lettuce
fruit
salami
fish
meat",beef,0.0,chicken,,False,True,0,,iterative,5869041109944488000,milk,False
01KFVBM22SHD2BFRWYEJW8J41R,8,meta-llama/Llama-3.3-70B-Instruct-Turbo,supermarket,"bean
lettuce
fruit
salami
fish
meat
beef",chicken,0.0,chicken,,True,True,0,,iterative,14484545130860870000,chicken,True
01KFVBM22SHD2BFRWYEJW8J41R,9,meta-llama/Llama-3.3-70B-Instruct-Turbo,supermarket,"bean
lettuce
fruit
salami
fish
meat
beef
chicken",icecream,0.0,turkey,,False,True,0,,iterative,5477379338386253000,pork,False
01KFVBM22SHD2BFRWYEJW8J41R,10,meta-llama/Llama-3.3-70B-Instruct-Turbo,supermarket,"bean
lettuce
fruit
salami
fish
meat
beef
chicken
ice cream",broccoli,1.0,cake,,False,True,0,,iterative,5131830358329755000,ice lolly,False
01KFVBM22SHD2BFRWYEJW8J41R,11,meta-llama/Llama-3.3-70B-Instruct-Turbo,supermarket,"bean
lettuce
fruit
salami
fish
meat
beef
chicken
ice cream
broccoli",bread,0.0,carrots,,False,True,0,,iterative,14694665760069605000,carrot,False
01KFVBM22SHD2BFRWYEJW8J41R,12,meta-llama/Llama-3.3-70B-Instruct-Turbo,supermarket,"bean
lettuce
fruit
salami
fish
meat
beef
chicken
ice cream
broccoli
bread",rice,0.0,butter,,False,True,0,,iterative,14622746546624537000,milk,False
01KFVBM22SHD2BFRWYEJW8J41R,13,meta-llama/Llama-3.3-70B-Instruct-Turbo,supermarket,"bean
lettuce
fruit
salami
fish
meat
beef
chicken
ice cream
broccoli
bread
rice",potato,0.0,pasta,,False,True,0,,iterative,6598797868865948000,biscuit,False
01KFVBM22SHD2BFRWYEJW8J41R,14,meta-llama/Llama-3.3-70B-Instruct-Turbo,supermarket,"bean
lettuce
fruit
salami
fish
meat
beef
chicken
ice cream
broccoli
bread
rice
potato",frenchfry,0.0,carrots,,False,True,0,,iterative,18393605900849842000,pasta,False
01KFVBM22SHD2BFRWYEJW8J41R,15,meta-llama/Llama-3.3-70B-Instruct-Turbo,supermarket,"bean
lettuce
fruit
salami
fish
meat
beef
chicken
ice cream
broccoli
bread
rice
potato
french fry",yogurt,0.0,ketchup,,False,True,0,,iterative,12086201625880566000,chip,False
01KFVBM22SHD2BFRWYEJW8J41R,16,meta-llama/Llama-3.3-70B-Instruct-Turbo,supermarket,"bean
lettuce
fruit
salami
fish
meat
beef
chicken
ice cream
broccoli
bread
rice
potato
french fry
yogurt",milk,0.0,milk,,True,True,0,,iterative,15070187012538567000,milk,True
01KFVBM22SHD2BFRWYEJW8J41R,17,meta-llama/Llama-3.3-70B-Instruct-Turbo,supermarket,"bean
lettuce
fruit
salami
fish
meat
beef
chicken
ice cream
broccoli
bread
rice
potato
french fry
yogurt
milk",cream,0.0,cheese,,False,True,0,,iterative,8892286435816594000,cheese,False
01KFVBM22SHD2BFRWYEJW8J41R,18,meta-llama/Llama-3.3-70B-Instruct-Turbo,supermarket,"bean
lettuce
fruit
salami
fish
meat
beef
chicken
ice cream
broccoli
bread
rice
potato
french fry
yogurt
milk
cream",sugar,0.0,butter,,False,True,0,,iterative,12667394331526865000,butter,False
01KFVBM22SHD2BFRWYEJW8J41R,19,meta-llama/Llama-3.3-70B-Instruct-Turbo,supermarket,"bean
lettuce
fruit
salami
fish
meat
beef
chicken
ice cream
broccoli
bread
rice
potato
french fry
yogurt
milk
cream
sugar",egg,0.0,cookies,,False,True,0,,iterative,14248112227231042000,chocolate,False
01KFVBM22SHD2BFRWYEJW8J41R,20,meta-llama/Llama-3.3-70B-Instruct-Turbo,supermarket,"bean
lettuce
fruit
salami
fish
meat
beef
chicken
ice cream
broccoli
bread
rice
potato
french fry
yogurt
milk
cream
sugar
egg",candy,0.0,flour,,False,True,0,,iterative,17122370366263255000,butter,False
01KFVBM22SHD2BFRWYEJW8J41R,21,meta-llama/Llama-3.3-70B-Instruct-Turbo,supermarket,"bean
lettuce
fruit
salami
fish
meat
beef
chicken
ice cream
broccoli
bread
rice
potato
french fry
yogurt
milk
cream
sugar
egg
candy",chocolate,0.0,cake,,False,True,0,,iterative,4232145844328326000,chocolate,True
01KFVBM22SHD2BFRWYEJW8J41R,22,meta-llama/Llama-3.3-70B-Instruct-Turbo,supermarket,"bean
lettuce
fruit
salami
fish
meat
beef
chicken
ice cream
broccoli
bread
rice
potato
french fry
yogurt
milk
cream
sugar
egg
candy
chocolate",gummybear,0.0,cake,,False,True,0,,iterative,1952557896250361900,cake,False
01KFVBM22SHD2BFRWYEJW8J41R,23,meta-llama/Llama-3.3-70B-Instruct-Turbo,supermarket,"bean
lettuce
fruit
salami
fish
meat
beef
chicken
ice cream
broccoli
bread
rice
potato
french fry
yogurt
milk
cream
sugar
egg
candy
chocolate
gummy bear",tuna,0.0,lollipop,,False,True,0,,iterative,17917963604651790000,cake,False
01KFVBM22SHD2BFRWYEJW8J41R,24,meta-llama/Llama-3.3-70B-Instruct-Turbo,supermarket,"bean
lettuce
fruit
salami
fish
meat
beef
chicken
ice cream
broccoli
bread
rice
potato
french fry
yogurt
milk
cream
sugar
egg
candy
chocolate
gummy bear
tuna",greenbean,1.0,saladdressing,,False,True,0,,iterative,5350379672078307000,sardine,False
01KFVBM22SHD2BFRWYEJW8J41R,25,meta-llama/Llama-3.3-70B-Instruct-Turbo,supermarket,"bean
lettuce
fruit
salami
fish
meat
beef
chicken
ice cream
broccoli
bread
rice
potato
french fry
yogurt
milk
cream
sugar
egg
candy
chocolate
gummy bear
tuna
green bean",dogfood,0.0,carrot,,False,True,0,,iterative,4966254782817055000,pea,False
01KFVBM22SHD2BFRWYEJW8J41R,26,meta-llama/Llama-3.3-70B-Instruct-Turbo,supermarket,"bean
lettuce
fruit
salami
fish
meat
beef
chicken
ice cream
broccoli
bread
rice
potato
french fry
yogurt
milk
cream
sugar
egg
candy
chocolate
gummy bear
tuna
green bean
dog food",cleaner,0.0,catfood,,False,True,0,,iterative,13087590870122252000,cat food,False
01KFVBM22SHD2BFRWYEJW8J41R,27,meta-llama/Llama-3.3-70B-Instruct-Turbo,supermarket,"bean
lettuce
fruit
salami
fish
meat
beef
chicken
ice cream
broccoli
bread
rice
potato
french fry
yogurt
milk
cream
sugar
egg
candy
chocolate
gummy bear
tuna
green bean
dog food
cleaner",windex,0.0,toiletpaper,,False,True,0,,iterative,13599154201314497000,bleach,False
01KFVBM22SHD2BFRWYEJW8J41R,28,meta-llama/Llama-3.3-70B-Instruct-Turbo,supermarket,"bean
lettuce
fruit
salami
fish
meat
beef
chicken
ice cream
broccoli
bread
rice
potato
french fry
yogurt
milk
cream
sugar
egg
candy
chocolate
gummy bear
tuna
green bean
dog food
cleaner
windex",tea,0.0,papertowel,,False,True,0,,iterative,10847760975235226000,bleach,False
01KFVBM22SHD2BFRWYEJW8J41R,29,meta-llama/Llama-3.3-70B-Instruct-Turbo,supermarket,"bean
lettuce
fruit
salami
fish
meat
beef
chicken
ice cream
broccoli
bread
rice
potato
french fry
yogurt
milk
cream
sugar
egg
candy
chocolate
gummy bear
tuna
green bean
dog food
cleaner
windex
tea",pickle,0.0,coffee,,False,True,0,,iterative,3305276709260278300,coffee,False
01KFVBM22SHD2BFRWYEJW8J41R,30,meta-llama/Llama-3.3-70B-Instruct-Turbo,supermarket,"bean
lettuce
fruit
salami
fish
meat
beef
chicken
ice cream
broccoli
bread
rice
potato
french fry
yogurt
milk
cream
sugar
egg
candy
chocolate
gummy bear
tuna
green bean
dog food
cleaner
windex
tea
pickle",soup,0.0,coffee,,False,True,0,,iterative,2684432546634435600,gherkin,False
01KFVBM22SHD2BFRWYEJW8J41R,31,meta-llama/Llama-3.3-70B-Instruct-Turbo,supermarket,"bean
lettuce
fruit
salami
fish
meat
beef
chicken
ice cream
broccoli
bread
rice
potato
french fry
yogurt
milk
cream
sugar
egg
candy
chocolate
gummy bear
tuna
green bean
dog food
cleaner
windex
tea
pickle
soup",cheese,0.0,cracker,,False,True,0,,iterative,3219740197203377000,mushroom,False
01KFVBM22SHD2BFRWYEJW8J41R,32,meta-llama/Llama-3.3-70B-Instruct-Turbo,supermarket,"bean
lettuce
fruit
salami
fish
meat
beef
chicken
ice cream
broccoli
bread
rice
potato
french fry
yogurt
milk
cream
sugar
egg
candy
chocolate
gummy bear
tuna
green bean
dog food
cleaner
windex
tea
pickle
soup
cheese",bacon,0.0,cracker,,False,True,0,,iterative,1609875971032806700,herb,False
01KFVBM22SHD2BFRWYEJW8J41R,33,meta-llama/Llama-3.3-70B-Instruct-Turbo,supermarket,"bean
lettuce
fruit
salami
fish
meat
beef
chicken
ice cream
broccoli
bread
rice
potato
french fry
yogurt
milk
cream
sugar
egg
candy
chocolate
gummy bear
tuna
green bean
dog food
cleaner
windex
tea
pickle
soup
cheese
bacon",ham,0.0,sausage,,False,True,0,,iterative,17511218721066844000,ham,True
01KFVBM22SHD2BFRWYEJW8J41R,34,meta-llama/Llama-3.3-70B-Instruct-Turbo,supermarket,"bean
lettuce
fruit
salami
fish
meat
beef
chicken
ice cream
broccoli
bread
rice
potato
french fry
yogurt
milk
cream
sugar
egg
candy
chocolate
gummy bear
tuna
green bean
dog food
cleaner
windex
tea
pickle
soup
cheese
bacon
ham",pork,0.0,turkey,,False,True,0,,iterative,17108366011491664000,sandwich filler,False
01KFVBM22SHD2BFRWYEJW8J41R,35,meta-llama/Llama-3.3-70B-Instruct-Turbo,supermarket,"bean
lettuce
fruit
salami
fish
meat
beef
chicken
ice cream
broccoli
bread
rice
potato
french fry
yogurt
milk
cream
sugar
egg
candy
chocolate
gummy bear
tuna
green bean
dog food
cleaner
windex
tea
pickle
soup
cheese
bacon
ham
pork",cherry,0.0,sausage,,False,True,0,,iterative,5801744353445819000,pie,False
01KFVBM22SHD2BFRWYEJW8J41R,36,meta-llama/Llama-3.3-70B-Instruct-Turbo,supermarket,"bean
lettuce
fruit
salami
fish
meat
beef
chicken
ice cream
broccoli
bread
rice
potato
french fry
yogurt
milk
cream
sugar
egg
candy
chocolate
gummy bear
tuna
green bean
dog food
cleaner
windex
tea
pickle
soup
cheese
bacon
ham
pork
cherry",orange,1.0,pear,,False,True,0,,iterative,478356270424819000,pie,False
01KFVBM22SHD2BFRWYEJW8J41R,37,meta-llama/Llama-3.3-70B-Instruct-Turbo,supermarket,"bean
lettuce
fruit
salami
fish
meat
beef
chicken
ice cream
broccoli
bread
rice
potato
french fry
yogurt
milk
cream
sugar
egg
candy
chocolate
gummy bear
tuna
green bean
dog food
cleaner
windex
tea
pickle
soup
cheese
bacon
ham
pork
cherry
orange",pear,1.0,apple,,False,True,0,,iterative,13189913093367153000,banana,False
01KFVBM22SHD2BFRWYEJW8J41R,38,meta-llama/Llama-3.3-70B-Instruct-Turbo,supermarket,"bean
lettuce
fruit
salami
fish
meat
beef
chicken
ice cream
broccoli
bread
rice
potato
french fry
yogurt
milk
cream
sugar
egg
candy
chocolate
gummy bear
tuna
green bean
dog food
cleaner
windex
tea
pickle
soup
cheese
bacon
ham
pork
cherry
orange
pear",apple,1.0,apple,,True,True,0,,iterative,15186118275827943000,apple,True
01KFVBM22SHD2BFRWYEJW8J41R,39,meta-llama/Llama-3.3-70B-Instruct-Turbo,supermarket,"bean
lettuce
fruit
salami
fish
meat
beef
chicken
ice cream
broccoli
bread
rice
potato
french fry
yogurt
milk
cream
sugar
egg
candy
chocolate
gummy bear
tuna
green bean
dog food
cleaner
windex
tea
pickle
soup
cheese
bacon
ham
pork
cherry
orange
pear
apple",grape,1.0,grapes,,False,True,0,,iterative,16399199311226706000,banana,False
01KFVCFA1DKTRBC7T4V99JNVHZ,2,meta-llama/Llama-3.3-70B-Instruct-Turbo,supermarket,cheese,egg,0.0,milk,,False,True,0,,iterative,15491348059107560000,chocolate nut milk yoghurt,False
01KFVCFA1DKTRBC7T4V99JNVHZ,3,meta-llama/Llama-3.3-70B-Instruct-Turbo,supermarket,"cheese
egg",bread,0.0,bacon,,False,True,0,,iterative,7793629061649031000,milk,False
01KFVCFA1DKTRBC7T4V99JNVHZ,4,meta-llama/Llama-3.3-70B-Instruct-Turbo,supermarket,"cheese
egg
bread",lemon,1.0,butter,,False,True,0,,iterative,11359850033890884000,milk,False
01KFVCFA1DKTRBC7T4V99JNVHZ,5,meta-llama/Llama-3.3-70B-Instruct-Turbo,supermarket,"cheese
egg
bread
lemon",apple,1.0,butter,,False,True,0,,iterative,10701091736767715000,juice,False
01KFVCFA1DKTRBC7T4V99JNVHZ,6,meta-llama/Llama-3.3-70B-Instruct-Turbo,supermarket,"cheese
egg
bread
lemon
apple",grape,1.0,butter,,False,True,0,,iterative,15282599373156004000,soda,False
01KFVCFA1DKTRBC7T4V99JNVHZ,7,meta-llama/Llama-3.3-70B-Instruct-Turbo,supermarket,"cheese
egg
bread
lemon
apple
grape",watermelon,1.0,pear,,False,True,0,,iterative,5864805051207863000,orange,False
01KFVCFA1DKTRBC7T4V99JNVHZ,8,meta-llama/Llama-3.3-70B-Instruct-Turbo,supermarket,"cheese
egg
bread
lemon
apple
grape
watermelon",melon,1.0,honey,,False,True,0,,iterative,17500035289577691000,banana,False
01KFVCFA1DKTRBC7T4V99JNVHZ,9,meta-llama/Llama-3.3-70B-Instruct-Turbo,supermarket,"cheese
egg
bread
lemon
apple
grape
watermelon
melon",avocado,1.0,honeydew,,False,True,0,,iterative,9908218805740046000,mango,False
01KFVCFA1DKTRBC7T4V99JNVHZ,10,meta-llama/Llama-3.3-70B-Instruct-Turbo,supermarket,"cheese
egg
bread
lemon
apple
grape
watermelon
melon
avocado",pear,1.0,banana,,False,True,0,,iterative,16148023649568745000,pineapple,False
01KFVCFA1DKTRBC7T4V99JNVHZ,11,meta-llama/Llama-3.3-70B-Instruct-Turbo,supermarket,"cheese
egg
bread
lemon
apple
grape
watermelon
melon
avocado
pear",starfruit,1.0,banana,,False,True,0,,iterative,12943434713749045000,banana,False
01KFVCFA1DKTRBC7T4V99JNVHZ,12,meta-llama/Llama-3.3-70B-Instruct-Turbo,supermarket,"cheese
egg
bread
lemon
apple
grape
watermelon
melon
avocado
pear
starfruit",yoghurt,0.0,mango,,False,True,0,,iterative,6405013471535673000,pasta,False
01KFVCFA1DKTRBC7T4V99JNVHZ,13,meta-llama/Llama-3.3-70B-Instruct-Turbo,supermarket,"cheese
egg
bread
lemon
apple
grape
watermelon
melon
avocado
pear
starfruit
yoghurt",cereal,0.0,honey,,False,True,0,,iterative,1612010517758875400,butter,False
01KFVCFA1DKTRBC7T4V99JNVHZ,14,meta-llama/Llama-3.3-70B-Instruct-Turbo,supermarket,"cheese
egg
bread
lemon
apple
grape
watermelon
melon
avocado
pear
starfruit
yoghurt
cereal",granola,1.0,milk,,False,True,0,,iterative,15729437254367834000,bean,False
01KFVCFA1DKTRBC7T4V99JNVHZ,15,meta-llama/Llama-3.3-70B-Instruct-Turbo,supermarket,"cheese
egg
bread
lemon
apple
grape
watermelon
melon
avocado
pear
starfruit
yoghurt
cereal
granola",oatmeal,1.0,milk,,False,True,0,,iterative,4659255552503369000,grain,False
01KFVCFA1DKTRBC7T4V99JNVHZ,16,meta-llama/Llama-3.3-70B-Instruct-Turbo,supermarket,"cheese
egg
bread
lemon
apple
grape
watermelon
melon
avocado
pear
starfruit
yoghurt
cereal
granola
oatmeal",flour,1.0,milk,,False,True,0,,iterative,8263150998896177000,pepper,False
01KFVCFA1DKTRBC7T4V99JNVHZ,17,meta-llama/Llama-3.3-70B-Instruct-Turbo,supermarket,"cheese
egg
bread
lemon
apple
grape
watermelon
melon
avocado
pear
starfruit
yoghurt
cereal
granola
oatmeal
flour",sugar,1.0,sugar,,True,True,0,,iterative,7827411173293432000,salt,False
01KFVCFA1DKTRBC7T4V99JNVHZ,18,meta-llama/Llama-3.3-70B-Instruct-Turbo,supermarket,"cheese
egg
bread
lemon
apple
grape
watermelon
melon
avocado
pear
starfruit
yoghurt
cereal
granola
oatmeal
flour
sugar",bakingsoda,1.0,butter,,False,True,0,,iterative,2593578371866472000,milk,False
01KFVCFA1DKTRBC7T4V99JNVHZ,19,meta-llama/Llama-3.3-70B-Instruct-Turbo,supermarket,"cheese
egg
bread
lemon
apple
grape
watermelon
melon
avocado
pear
starfruit
yoghurt
cereal
granola
oatmeal
flour
sugar
baking soda",bakingpowder,1.0,butter,,False,True,0,,iterative,8515987035615585000,oil,False
01KFVCFA1DKTRBC7T4V99JNVHZ,20,meta-llama/Llama-3.3-70B-Instruct-Turbo,supermarket,"cheese
egg
bread
lemon
apple
grape
watermelon
melon
avocado
pear
starfruit
yoghurt
cereal
granola
oatmeal
flour
sugar
baking soda
baking powder",icing,0.0,butter,,False,True,0,,iterative,8004327658986468000,salt,False
01KFVCFA1DKTRBC7T4V99JNVHZ,21,meta-llama/Llama-3.3-70B-Instruct-Turbo,supermarket,"cheese
egg
bread
lemon
apple
grape
watermelon
melon
avocado
pear
starfruit
yoghurt
cereal
granola
oatmeal
flour
sugar
baking soda
baking powder
icing",maplesyrup,0.0,cakemix,,False,True,0,,iterative,6104897622466476000,icing sugar,False
01KFVCFA1DKTRBC7T4V99JNVHZ,22,meta-llama/Llama-3.3-70B-Instruct-Turbo,supermarket,"cheese
egg
bread
lemon
apple
grape
watermelon
melon
avocado
pear
starfruit
yoghurt
cereal
granola
oatmeal
flour
sugar
baking soda
baking powder
icing
maple syrup",pizza,0.0,honey,,False,True,0,,iterative,3202476155589042000,cake,False
01KFVCFA1DKTRBC7T4V99JNVHZ,23,meta-llama/Llama-3.3-70B-Instruct-Turbo,supermarket,"cheese
egg
bread
lemon
apple
grape
watermelon
melon
avocado
pear
starfruit
yoghurt
cereal
granola
oatmeal
flour
sugar
baking soda
baking powder
icing
maple syrup
pizza",chickenthigh,0.0,dough,,False,True,0,,iterative,15948712019893453000,rice,False
01KFVCFA1DKTRBC7T4V99JNVHZ,24,meta-llama/Llama-3.3-70B-Instruct-Turbo,supermarket,"cheese
egg
bread
lemon
apple
grape
watermelon
melon
avocado
pear
starfruit
yoghurt
cereal
granola
oatmeal
flour
sugar
baking soda
baking powder
icing
maple syrup
pizza
chicken thigh",turkey,0.0,pepperoni,,False,True,0,,iterative,16253099723357598000,tomato sauce,False
01KFVCFA1DKTRBC7T4V99JNVHZ,25,meta-llama/Llama-3.3-70B-Instruct-Turbo,supermarket,"cheese
egg
bread
lemon
apple
grape
watermelon
melon
avocado
pear
starfruit
yoghurt
cereal
granola
oatmeal
flour
sugar
baking soda
baking powder
icing
maple syrup
pizza
chicken thigh
turkey",fish,1.0,ham,,False,True,0,,iterative,1434171267145571000,duck,False
01KFVCFA1DKTRBC7T4V99JNVHZ,26,meta-llama/Llama-3.3-70B-Instruct-Turbo,supermarket,"cheese
egg
bread
lemon
apple
grape
watermelon
melon
avocado
pear
starfruit
yoghurt
cereal
granola
oatmeal
flour
sugar
baking soda
baking powder
icing
maple syrup
pizza
chicken thigh
turkey
fish",salmon,1.0,shrimp,,False,True,0,,iterative,10262407839675070000,salad,False
01KFVCFA1DKTRBC7T4V99JNVHZ,27,meta-llama/Llama-3.3-70B-Instruct-Turbo,supermarket,"cheese
egg
bread
lemon
apple
grape
watermelon
melon
avocado
pear
starfruit
yoghurt
cereal
granola
oatmeal
flour
sugar
baking soda
baking powder
icing
maple syrup
pizza
chicken thigh
turkey
fish
salmon",trout,1.0,shrimp,,False,True,0,,iterative,5991965441013051000,stew,False
01KFVCFA1DKTRBC7T4V99JNVHZ,28,meta-llama/Llama-3.3-70B-Instruct-Turbo,supermarket,"cheese
egg
bread
lemon
apple
grape
watermelon
melon
avocado
pear
starfruit
yoghurt
cereal
granola
oatmeal
flour
sugar
baking soda
baking powder
icing
maple syrup
pizza
chicken thigh
turkey
fish
salmon
trout",beef,0.0,shrimp,,False,True,0,,iterative,16167181234166080000,onion,False
01KFVCFA1DKTRBC7T4V99JNVHZ,29,meta-llama/Llama-3.3-70B-Instruct-Turbo,supermarket,"cheese
egg
bread
lemon
apple
grape
watermelon
melon
avocado
pear
starfruit
yoghurt
cereal
granola
oatmeal
flour
sugar
baking soda
baking powder
icing
maple syrup
pizza
chicken thigh
turkey
fish
salmon
trout
beef",hotdog,0.0,pork,,False,True,0,,iterative,14994023522441232000,meat,False
01KFVCFA1DKTRBC7T4V99JNVHZ,30,meta-llama/Llama-3.3-70B-Instruct-Turbo,supermarket,"cheese
egg
bread
lemon
apple
grape
watermelon
melon
avocado
pear
starfruit
yoghurt
cereal
granola
oatmeal
flour
sugar
baking soda
baking powder
icing
maple syrup
pizza
chicken thigh
turkey
fish
salmon
trout
beef
hot dog",soda,1.0,sausages,,False,True,0,,iterative,10274838440191715000,sausage,False
01KFVCFA1DKTRBC7T4V99JNVHZ,31,meta-llama/Llama-3.3-70B-Instruct-Turbo,supermarket,"cheese
egg
bread
lemon
apple
grape
watermelon
melon
avocado
pear
starfruit
yoghurt
cereal
granola
oatmeal
flour
sugar
baking soda
baking powder
icing
maple syrup
pizza
chicken thigh
turkey
fish
salmon
trout
beef
hot dog
soda",beer,1.0,bun,,False,True,0,,iterative,3466188297802706000,wine,False
01KFVCFA1DKTRBC7T4V99JNVHZ,32,meta-llama/Llama-3.3-70B-Instruct-Turbo,supermarket,"cheese
egg
bread
lemon
apple
grape
watermelon
melon
avocado
pear
starfruit
yoghurt
cereal
granola
oatmeal
flour
sugar
baking soda
baking powder
icing
maple syrup
pizza
chicken thigh
turkey
fish
salmon
trout
beef
hot dog
soda
beer",seltzer,1.0,ketchup,,False,True,0,,iterative,14068933647637234000,quencher,False
01KFVCFA1DKTRBC7T4V99JNVHZ,33,meta-llama/Llama-3.3-70B-Instruct-Turbo,supermarket,"cheese
egg
bread
lemon
apple
grape
watermelon
melon
avocado
pear
starfruit
yoghurt
cereal
granola
oatmeal
flour
sugar
baking soda
baking powder
icing
maple syrup
pizza
chicken thigh
turkey
fish
salmon
trout
beef
hot dog
soda
beer
seltzer",flower,0.0,orange,,False,True,0,,iterative,8211066110542605000,,False
01KFVCFA1DKTRBC7T4V99JNVHZ,34,meta-llama/Llama-3.3-70B-Instruct-Turbo,supermarket,"cheese
egg
bread
lemon
apple
grape
watermelon
melon
avocado
pear
starfruit
yoghurt
cereal
granola
oatmeal
flour
sugar
baking soda
baking powder
icing
maple syrup
pizza
chicken thigh
turkey
fish
salmon
trout
beef
hot dog
soda
beer
seltzer
flower",toiletpaper,1.0,tree,,False,True,0,,iterative,17830007467606354000,,False
01KFVCFA1DKTRBC7T4V99JNVHZ,35,meta-llama/Llama-3.3-70B-Instruct-Turbo,supermarket,"cheese
egg
bread
lemon
apple
grape
watermelon
melon
avocado
pear
starfruit
yoghurt
cereal
granola
oatmeal
flour
sugar
baking soda
baking powder
icing
maple syrup
pizza
chicken thigh
turkey
fish
salmon
trout
beef
hot dog
soda
beer
seltzer
flower
toilet paper",tissue,1.0,papertowels,,False,True,0,,iterative,11231679991800107000,,False
01KFVCFA1DKTRBC7T4V99JNVHZ,36,meta-llama/Llama-3.3-70B-Instruct-Turbo,supermarket,"cheese
egg
bread
lemon
apple
grape
watermelon
melon
avocado
pear
starfruit
yoghurt
cereal
granola
oatmeal
flour
sugar
baking soda
baking powder
icing
maple syrup
pizza
chicken thigh
turkey
fish
salmon
trout
beef
hot dog
soda
beer
seltzer
flower
toilet paper
tissue",papertowel,1.0,papertowels,,False,True,0,,iterative,4844455797117953000,,False
01KFVCFA1DKTRBC7T4V99JNVHZ,37,meta-llama/Llama-3.3-70B-Instruct-Turbo,supermarket,"cheese
egg
bread
lemon
apple
grape
watermelon
melon
avocado
pear
starfruit
yoghurt
cereal
granola
oatmeal
flour
sugar
baking soda
baking powder
icing
maple syrup
pizza
chicken thigh
turkey
fish
salmon
trout
beef
hot dog
soda
beer
seltzer
flower
toilet paper
tissue
paper towel",lettuce,1.0,trashbags,,False,True,0,,iterative,9492714996344134000,,False
01KFVCFA1DKTRBC7T4V99JNVHZ,38,meta-llama/Llama-3.3-70B-Instruct-Turbo,supermarket,"cheese
egg
bread
lemon
apple
grape
watermelon
melon
avocado
pear
starfruit
yoghurt
cereal
granola
oatmeal
flour
sugar
baking soda
baking powder
icing
maple syrup
pizza
chicken thigh
turkey
fish
salmon
trout
beef
hot dog
soda
beer
seltzer
flower
toilet paper
tissue
paper towel
lettuce",broccoli,1.0,tomato,,False,True,0,,iterative,2764425438153499000,,False
01KFVCFA1DKTRBC7T4V99JNVHZ,39,meta-llama/Llama-3.3-70B-Instruct-Turbo,supermarket,"cheese
egg
bread
lemon
apple
grape
watermelon
melon
avocado
pear
starfruit
yoghurt
cereal
granola
oatmeal
flour
sugar
baking soda
baking powder
icing
maple syrup
pizza
chicken thigh
turkey
fish
salmon
trout
beef
hot dog
soda
beer
seltzer
flower
toilet paper
tissue
paper towel
lettuce
broccoli",caper,0.0,carrots,,False,True,0,,iterative,17356300471577098000,,False
01KFVCFA1DKTRBC7T4V99JNVHZ,40,meta-llama/Llama-3.3-70B-Instruct-Turbo,supermarket,"cheese
egg
bread
lemon
apple
grape
watermelon
melon
avocado
pear
starfruit
yoghurt
cereal
granola
oatmeal
flour
sugar
baking soda
baking powder
icing
maple syrup
pizza
chicken thigh
turkey
fish
salmon
trout
beef
hot dog
soda
beer
seltzer
flower
toilet paper
tissue
paper towel
lettuce
broccoli
caper",scallop,0.0,oliveoil,,False,True,0,,iterative,9047321062709133000,,False
